"","ID","count","camera","datetime","date","round","treatment","species","microcolony"
"2","620",1,"001f54431add",2023-09-25 09:59:04,2023-09-25,"10","imidacloprid","cucumber","10_imidacloprid"
"3","620",9,"001f54431add",2023-09-25 13:31:25,2023-09-25,"10","imidacloprid","cucumber","10_imidacloprid"
"333","620",46,"001f543e4abe",2023-09-25 11:01:10,2023-09-25,"10","imidacloprid","cucumber","10_imidacloprid"
"335","627",5,"001f543e4abe",2023-09-25 13:25:45,2023-09-25,"10","imidacloprid","cucumber","10_imidacloprid"
"336","638",1,"001f543e4abe",2023-09-25 13:28:17,2023-09-25,"10","imidacloprid","cucumber","10_imidacloprid"
"357","620",3,"001f54431a5d",2023-09-25 13:56:51,2023-09-25,"10","imidacloprid","borage","10_imidacloprid"
"358","620",1,"001f54431a5d",2023-09-25 13:57:38,2023-09-25,"10","imidacloprid","borage","10_imidacloprid"
"359","620",3,"001f54431a5d",2023-09-25 14:04:14,2023-09-25,"10","imidacloprid","borage","10_imidacloprid"
"385","638",3,"001f543e3aad",2023-09-25 13:33:02,2023-09-25,"10","imidacloprid","zinnia","10_imidacloprid"
"395","620",16,"001f5439f120",2023-09-25 15:10:50,2023-09-25,"10","imidacloprid","zinnia","10_imidacloprid"
"397","620",63,"001f5439f120",2023-09-25 15:11:06,2023-09-25,"10","imidacloprid","zinnia","10_imidacloprid"
"425","596",2,"001f543e38bf",2023-09-26 18:22:01,2023-09-26,"10","control","borage","10_control"
"505","638",1,"001f543cd376",2023-09-24 19:11:59,2023-09-24,"10","imidacloprid","zinnia","10_imidacloprid"
"625","638",4,"001f543cd376",2023-09-25 10:02:55,2023-09-25,"10","imidacloprid","zinnia","10_imidacloprid"
"807","638",4,"001f543cd376",2023-09-25 12:56:27,2023-09-25,"10","imidacloprid","zinnia","10_imidacloprid"
"972","637",2,"001f543cd376",2023-09-25 14:23:13,2023-09-25,"10","imidacloprid","zinnia","10_imidacloprid"
"1011","638",1,"001f543cd376",2023-09-25 14:44:49,2023-09-25,"10","imidacloprid","zinnia","10_imidacloprid"
"1016","638",5,"001f543cd376",2023-09-25 14:46:41,2023-09-25,"10","imidacloprid","zinnia","10_imidacloprid"
"1051","638",1,"001f543cd376",2023-09-25 15:11:18,2023-09-25,"10","imidacloprid","zinnia","10_imidacloprid"
"1108","638",5,"001f543cd376",2023-09-25 16:13:39,2023-09-25,"10","imidacloprid","zinnia","10_imidacloprid"
"1120","638",2,"001f543cd376",2023-09-25 16:33:10,2023-09-25,"10","imidacloprid","zinnia","10_imidacloprid"
"1129","638",1,"001f543cd376",2023-09-25 16:35:02,2023-09-25,"10","imidacloprid","zinnia","10_imidacloprid"
"1142","638",4,"001f543cd376",2023-09-25 16:52:23,2023-09-25,"10","imidacloprid","zinnia","10_imidacloprid"
"1148","638",4,"001f543cd376",2023-09-25 17:00:52,2023-09-25,"10","imidacloprid","zinnia","10_imidacloprid"
"1388","620",1,"001f543e49d5",2023-09-25 11:01:50,2023-09-25,"10","imidacloprid","zinnia","10_imidacloprid"
"1392","591",22,"001f543e49d5",2023-09-27 10:36:56,2023-09-27,"10","control","zinnia","10_control"
"1393","591",72,"001f543e49d5",2023-09-27 10:37:18,2023-09-27,"10","control","zinnia","10_control"
"1396","591",2,"001f543e49d5",2023-09-27 10:37:40,2023-09-27,"10","control","zinnia","10_control"
"1397","589",17,"001f543e49d5",2023-09-27 13:48:48,2023-09-27,"10","control","zinnia","10_control"
"1398","589",7,"001f543e49d5",2023-09-27 13:49:11,2023-09-27,"10","control","zinnia","10_control"
"1486","603",2,"001f543e3c1f",2023-09-25 16:33:32,2023-09-25,"10","flupyradifurone","cucumber","10_flupyradifurone"
"1506","620",69,"001f543e49e4",2023-09-25 07:50:39,2023-09-25,"10","imidacloprid","zinnia","10_imidacloprid"
"1507","620",81,"001f543e49e4",2023-09-25 07:51:06,2023-09-25,"10","imidacloprid","zinnia","10_imidacloprid"
"1509","620",89,"001f543e49e4",2023-09-25 07:51:36,2023-09-25,"10","imidacloprid","zinnia","10_imidacloprid"
"1510","620",88,"001f543e49e4",2023-09-25 07:52:05,2023-09-25,"10","imidacloprid","zinnia","10_imidacloprid"
"1511","620",64,"001f543e49e4",2023-09-25 07:52:34,2023-09-25,"10","imidacloprid","zinnia","10_imidacloprid"
"1512","620",87,"001f543e49e4",2023-09-25 07:53:03,2023-09-25,"10","imidacloprid","zinnia","10_imidacloprid"
"1513","620",95,"001f543e49e4",2023-09-25 07:53:32,2023-09-25,"10","imidacloprid","zinnia","10_imidacloprid"
"1515","620",99,"001f543e49e4",2023-09-25 07:54:01,2023-09-25,"10","imidacloprid","zinnia","10_imidacloprid"
"1517","620",67,"001f543e49e4",2023-09-25 07:54:31,2023-09-25,"10","imidacloprid","zinnia","10_imidacloprid"
"1519","620",85,"001f543e49e4",2023-09-25 07:54:53,2023-09-25,"10","imidacloprid","zinnia","10_imidacloprid"
"1521","620",92,"001f543e49e4",2023-09-25 07:55:23,2023-09-25,"10","imidacloprid","zinnia","10_imidacloprid"
"1522","620",60,"001f543e49e4",2023-09-25 07:55:46,2023-09-25,"10","imidacloprid","zinnia","10_imidacloprid"
"1523","620",84,"001f543e49e4",2023-09-25 07:56:00,2023-09-25,"10","imidacloprid","zinnia","10_imidacloprid"
"1524","620",93,"001f543e49e4",2023-09-25 07:56:26,2023-09-25,"10","imidacloprid","zinnia","10_imidacloprid"
"1525","620",104,"001f543e49e4",2023-09-25 07:56:47,2023-09-25,"10","imidacloprid","zinnia","10_imidacloprid"
"1528","620",125,"001f543e49e4",2023-09-25 07:57:17,2023-09-25,"10","imidacloprid","zinnia","10_imidacloprid"
"1529","620",85,"001f543e49e4",2023-09-25 07:57:44,2023-09-25,"10","imidacloprid","zinnia","10_imidacloprid"
"1531","620",130,"001f543e49e4",2023-09-25 07:58:06,2023-09-25,"10","imidacloprid","zinnia","10_imidacloprid"
"1533","620",95,"001f543e49e4",2023-09-25 07:58:37,2023-09-25,"10","imidacloprid","zinnia","10_imidacloprid"
"1534","620",100,"001f543e49e4",2023-09-25 07:59:00,2023-09-25,"10","imidacloprid","zinnia","10_imidacloprid"
"1535","620",100,"001f543e49e4",2023-09-25 07:59:22,2023-09-25,"10","imidacloprid","zinnia","10_imidacloprid"
"1536","620",95,"001f543e49e4",2023-09-25 07:59:52,2023-09-25,"10","imidacloprid","zinnia","10_imidacloprid"
"1537","620",99,"001f543e49e4",2023-09-25 08:00:20,2023-09-25,"10","imidacloprid","zinnia","10_imidacloprid"
"1538","620",95,"001f543e49e4",2023-09-25 08:00:50,2023-09-25,"10","imidacloprid","zinnia","10_imidacloprid"
"1539","620",94,"001f543e49e4",2023-09-25 08:01:18,2023-09-25,"10","imidacloprid","zinnia","10_imidacloprid"
"1540","620",100,"001f543e49e4",2023-09-25 08:01:47,2023-09-25,"10","imidacloprid","zinnia","10_imidacloprid"
"1542","620",99,"001f543e49e4",2023-09-25 08:02:17,2023-09-25,"10","imidacloprid","zinnia","10_imidacloprid"
"1543","620",100,"001f543e49e4",2023-09-25 08:02:47,2023-09-25,"10","imidacloprid","zinnia","10_imidacloprid"
"1544","620",95,"001f543e49e4",2023-09-25 08:03:17,2023-09-25,"10","imidacloprid","zinnia","10_imidacloprid"
"1545","620",94,"001f543e49e4",2023-09-25 08:03:41,2023-09-25,"10","imidacloprid","zinnia","10_imidacloprid"
"1546","620",94,"001f543e49e4",2023-09-25 08:04:10,2023-09-25,"10","imidacloprid","zinnia","10_imidacloprid"
"1548","620",99,"001f543e49e4",2023-09-25 08:04:39,2023-09-25,"10","imidacloprid","zinnia","10_imidacloprid"
"1549","620",94,"001f543e49e4",2023-09-25 08:05:09,2023-09-25,"10","imidacloprid","zinnia","10_imidacloprid"
"1551","620",100,"001f543e49e4",2023-09-25 08:05:38,2023-09-25,"10","imidacloprid","zinnia","10_imidacloprid"
"1552","620",94,"001f543e49e4",2023-09-25 08:06:08,2023-09-25,"10","imidacloprid","zinnia","10_imidacloprid"
"1554","620",100,"001f543e49e4",2023-09-25 08:06:37,2023-09-25,"10","imidacloprid","zinnia","10_imidacloprid"
"1555","620",94,"001f543e49e4",2023-09-25 08:07:07,2023-09-25,"10","imidacloprid","zinnia","10_imidacloprid"
"1556","620",99,"001f543e49e4",2023-09-25 08:07:36,2023-09-25,"10","imidacloprid","zinnia","10_imidacloprid"
"1557","620",95,"001f543e49e4",2023-09-25 08:08:06,2023-09-25,"10","imidacloprid","zinnia","10_imidacloprid"
"1558","620",95,"001f543e49e4",2023-09-25 08:08:35,2023-09-25,"10","imidacloprid","zinnia","10_imidacloprid"
"1560","620",100,"001f543e49e4",2023-09-25 08:09:04,2023-09-25,"10","imidacloprid","zinnia","10_imidacloprid"
"1561","620",95,"001f543e49e4",2023-09-25 08:09:34,2023-09-25,"10","imidacloprid","zinnia","10_imidacloprid"
"1562","620",100,"001f543e49e4",2023-09-25 08:10:03,2023-09-25,"10","imidacloprid","zinnia","10_imidacloprid"
"1564","620",95,"001f543e49e4",2023-09-25 08:10:33,2023-09-25,"10","imidacloprid","zinnia","10_imidacloprid"
"1565","620",100,"001f543e49e4",2023-09-25 08:11:02,2023-09-25,"10","imidacloprid","zinnia","10_imidacloprid"
"1566","620",99,"001f543e49e4",2023-09-25 08:11:24,2023-09-25,"10","imidacloprid","zinnia","10_imidacloprid"
"1567","620",95,"001f543e49e4",2023-09-25 08:11:54,2023-09-25,"10","imidacloprid","zinnia","10_imidacloprid"
"1568","620",99,"001f543e49e4",2023-09-25 08:12:15,2023-09-25,"10","imidacloprid","zinnia","10_imidacloprid"
"1569","620",99,"001f543e49e4",2023-09-25 08:12:45,2023-09-25,"10","imidacloprid","zinnia","10_imidacloprid"
"1570","620",99,"001f543e49e4",2023-09-25 08:13:15,2023-09-25,"10","imidacloprid","zinnia","10_imidacloprid"
"1571","620",100,"001f543e49e4",2023-09-25 08:13:45,2023-09-25,"10","imidacloprid","zinnia","10_imidacloprid"
"1573","620",97,"001f543e49e4",2023-09-25 08:14:15,2023-09-25,"10","imidacloprid","zinnia","10_imidacloprid"
"1574","620",95,"001f543e49e4",2023-09-25 08:14:43,2023-09-25,"10","imidacloprid","zinnia","10_imidacloprid"
"1575","620",100,"001f543e49e4",2023-09-25 08:15:12,2023-09-25,"10","imidacloprid","zinnia","10_imidacloprid"
"1576","620",101,"001f543e49e4",2023-09-25 08:15:42,2023-09-25,"10","imidacloprid","zinnia","10_imidacloprid"
"1577","620",101,"001f543e49e4",2023-09-25 08:16:12,2023-09-25,"10","imidacloprid","zinnia","10_imidacloprid"
"1578","620",96,"001f543e49e4",2023-09-25 08:16:42,2023-09-25,"10","imidacloprid","zinnia","10_imidacloprid"
"1579","620",100,"001f543e49e4",2023-09-25 08:17:11,2023-09-25,"10","imidacloprid","zinnia","10_imidacloprid"
"1581","620",95,"001f543e49e4",2023-09-25 08:17:41,2023-09-25,"10","imidacloprid","zinnia","10_imidacloprid"
"1582","620",101,"001f543e49e4",2023-09-25 08:18:10,2023-09-25,"10","imidacloprid","zinnia","10_imidacloprid"
"1583","620",101,"001f543e49e4",2023-09-25 08:18:40,2023-09-25,"10","imidacloprid","zinnia","10_imidacloprid"
"1584","620",101,"001f543e49e4",2023-09-25 08:19:10,2023-09-25,"10","imidacloprid","zinnia","10_imidacloprid"
"1586","620",101,"001f543e49e4",2023-09-25 08:19:40,2023-09-25,"10","imidacloprid","zinnia","10_imidacloprid"
"1587","620",100,"001f543e49e4",2023-09-25 08:20:10,2023-09-25,"10","imidacloprid","zinnia","10_imidacloprid"
"1588","620",101,"001f543e49e4",2023-09-25 08:20:40,2023-09-25,"10","imidacloprid","zinnia","10_imidacloprid"
"1589","620",97,"001f543e49e4",2023-09-25 08:21:10,2023-09-25,"10","imidacloprid","zinnia","10_imidacloprid"
"1590","620",101,"001f543e49e4",2023-09-25 08:21:39,2023-09-25,"10","imidacloprid","zinnia","10_imidacloprid"
"1591","620",95,"001f543e49e4",2023-09-25 08:22:09,2023-09-25,"10","imidacloprid","zinnia","10_imidacloprid"
"1592","620",96,"001f543e49e4",2023-09-25 08:22:38,2023-09-25,"10","imidacloprid","zinnia","10_imidacloprid"
"1593","620",97,"001f543e49e4",2023-09-25 08:23:07,2023-09-25,"10","imidacloprid","zinnia","10_imidacloprid"
"1594","620",101,"001f543e49e4",2023-09-25 08:23:36,2023-09-25,"10","imidacloprid","zinnia","10_imidacloprid"
"1596","620",96,"001f543e49e4",2023-09-25 08:24:06,2023-09-25,"10","imidacloprid","zinnia","10_imidacloprid"
"1597","620",96,"001f543e49e4",2023-09-25 08:24:35,2023-09-25,"10","imidacloprid","zinnia","10_imidacloprid"
"1598","620",96,"001f543e49e4",2023-09-25 08:25:04,2023-09-25,"10","imidacloprid","zinnia","10_imidacloprid"
"1599","620",96,"001f543e49e4",2023-09-25 08:25:33,2023-09-25,"10","imidacloprid","zinnia","10_imidacloprid"
"1600","620",96,"001f543e49e4",2023-09-25 08:25:56,2023-09-25,"10","imidacloprid","zinnia","10_imidacloprid"
"1601","620",106,"001f543e49e4",2023-09-25 08:26:25,2023-09-25,"10","imidacloprid","zinnia","10_imidacloprid"
"1602","620",96,"001f543e49e4",2023-09-25 08:26:56,2023-09-25,"10","imidacloprid","zinnia","10_imidacloprid"
"1603","620",96,"001f543e49e4",2023-09-25 08:27:25,2023-09-25,"10","imidacloprid","zinnia","10_imidacloprid"
"1604","620",101,"001f543e49e4",2023-09-25 08:27:54,2023-09-25,"10","imidacloprid","zinnia","10_imidacloprid"
"1606","620",95,"001f543e49e4",2023-09-25 08:28:24,2023-09-25,"10","imidacloprid","zinnia","10_imidacloprid"
"1607","620",95,"001f543e49e4",2023-09-25 08:28:53,2023-09-25,"10","imidacloprid","zinnia","10_imidacloprid"
"1608","620",95,"001f543e49e4",2023-09-25 08:29:22,2023-09-25,"10","imidacloprid","zinnia","10_imidacloprid"
"1610","620",96,"001f543e49e4",2023-09-25 08:29:51,2023-09-25,"10","imidacloprid","zinnia","10_imidacloprid"
"1611","620",96,"001f543e49e4",2023-09-25 08:30:20,2023-09-25,"10","imidacloprid","zinnia","10_imidacloprid"
"1613","620",96,"001f543e49e4",2023-09-25 08:30:49,2023-09-25,"10","imidacloprid","zinnia","10_imidacloprid"
"1614","620",101,"001f543e49e4",2023-09-25 08:31:18,2023-09-25,"10","imidacloprid","zinnia","10_imidacloprid"
"1615","620",101,"001f543e49e4",2023-09-25 08:31:48,2023-09-25,"10","imidacloprid","zinnia","10_imidacloprid"
"1616","620",96,"001f543e49e4",2023-09-25 08:32:18,2023-09-25,"10","imidacloprid","zinnia","10_imidacloprid"
"1617","620",101,"001f543e49e4",2023-09-25 08:32:47,2023-09-25,"10","imidacloprid","zinnia","10_imidacloprid"
"1619","620",101,"001f543e49e4",2023-09-25 08:33:17,2023-09-25,"10","imidacloprid","zinnia","10_imidacloprid"
"1620","620",95,"001f543e49e4",2023-09-25 08:33:47,2023-09-25,"10","imidacloprid","zinnia","10_imidacloprid"
"1622","620",97,"001f543e49e4",2023-09-25 08:34:16,2023-09-25,"10","imidacloprid","zinnia","10_imidacloprid"
"1623","620",102,"001f543e49e4",2023-09-25 08:34:45,2023-09-25,"10","imidacloprid","zinnia","10_imidacloprid"
"1625","620",103,"001f543e49e4",2023-09-25 08:35:15,2023-09-25,"10","imidacloprid","zinnia","10_imidacloprid"
"1626","620",102,"001f543e49e4",2023-09-25 08:35:45,2023-09-25,"10","imidacloprid","zinnia","10_imidacloprid"
"1627","620",101,"001f543e49e4",2023-09-25 08:36:15,2023-09-25,"10","imidacloprid","zinnia","10_imidacloprid"
"1628","620",102,"001f543e49e4",2023-09-25 08:36:45,2023-09-25,"10","imidacloprid","zinnia","10_imidacloprid"
"1629","620",102,"001f543e49e4",2023-09-25 08:37:15,2023-09-25,"10","imidacloprid","zinnia","10_imidacloprid"
"1630","620",101,"001f543e49e4",2023-09-25 08:37:45,2023-09-25,"10","imidacloprid","zinnia","10_imidacloprid"
"1632","620",102,"001f543e49e4",2023-09-25 08:38:15,2023-09-25,"10","imidacloprid","zinnia","10_imidacloprid"
"1633","620",102,"001f543e49e4",2023-09-25 08:38:45,2023-09-25,"10","imidacloprid","zinnia","10_imidacloprid"
"1634","620",96,"001f543e49e4",2023-09-25 08:39:15,2023-09-25,"10","imidacloprid","zinnia","10_imidacloprid"
"1635","620",102,"001f543e49e4",2023-09-25 08:39:44,2023-09-25,"10","imidacloprid","zinnia","10_imidacloprid"
"1636","620",102,"001f543e49e4",2023-09-25 08:40:14,2023-09-25,"10","imidacloprid","zinnia","10_imidacloprid"
"1639","620",102,"001f543e49e4",2023-09-25 08:40:44,2023-09-25,"10","imidacloprid","zinnia","10_imidacloprid"
"1641","620",103,"001f543e49e4",2023-09-25 08:41:14,2023-09-25,"10","imidacloprid","zinnia","10_imidacloprid"
"1642","620",102,"001f543e49e4",2023-09-25 08:41:44,2023-09-25,"10","imidacloprid","zinnia","10_imidacloprid"
"1644","620",101,"001f543e49e4",2023-09-25 08:42:14,2023-09-25,"10","imidacloprid","zinnia","10_imidacloprid"
"1648","620",102,"001f543e49e4",2023-09-25 08:42:44,2023-09-25,"10","imidacloprid","zinnia","10_imidacloprid"
"1650","620",102,"001f543e49e4",2023-09-25 08:43:14,2023-09-25,"10","imidacloprid","zinnia","10_imidacloprid"
"1651","620",101,"001f543e49e4",2023-09-25 08:43:44,2023-09-25,"10","imidacloprid","zinnia","10_imidacloprid"
"1653","620",102,"001f543e49e4",2023-09-25 08:44:14,2023-09-25,"10","imidacloprid","zinnia","10_imidacloprid"
"1656","620",102,"001f543e49e4",2023-09-25 08:44:44,2023-09-25,"10","imidacloprid","zinnia","10_imidacloprid"
"1657","620",97,"001f543e49e4",2023-09-25 08:45:14,2023-09-25,"10","imidacloprid","zinnia","10_imidacloprid"
"1659","620",98,"001f543e49e4",2023-09-25 08:45:43,2023-09-25,"10","imidacloprid","zinnia","10_imidacloprid"
"1660","620",103,"001f543e49e4",2023-09-25 08:46:12,2023-09-25,"10","imidacloprid","zinnia","10_imidacloprid"
"1661","620",98,"001f543e49e4",2023-09-25 08:46:42,2023-09-25,"10","imidacloprid","zinnia","10_imidacloprid"
"1663","620",96,"001f543e49e4",2023-09-25 08:47:11,2023-09-25,"10","imidacloprid","zinnia","10_imidacloprid"
"1665","620",98,"001f543e49e4",2023-09-25 08:47:40,2023-09-25,"10","imidacloprid","zinnia","10_imidacloprid"
"1667","620",98,"001f543e49e4",2023-09-25 08:48:09,2023-09-25,"10","imidacloprid","zinnia","10_imidacloprid"
"1671","620",102,"001f543e49e4",2023-09-25 08:48:38,2023-09-25,"10","imidacloprid","zinnia","10_imidacloprid"
"1674","620",102,"001f543e49e4",2023-09-25 08:49:08,2023-09-25,"10","imidacloprid","zinnia","10_imidacloprid"
"1675","620",98,"001f543e49e4",2023-09-25 08:49:38,2023-09-25,"10","imidacloprid","zinnia","10_imidacloprid"
"1676","620",102,"001f543e49e4",2023-09-25 08:50:07,2023-09-25,"10","imidacloprid","zinnia","10_imidacloprid"
"1677","620",103,"001f543e49e4",2023-09-25 08:50:37,2023-09-25,"10","imidacloprid","zinnia","10_imidacloprid"
"1678","620",103,"001f543e49e4",2023-09-25 08:51:07,2023-09-25,"10","imidacloprid","zinnia","10_imidacloprid"
"1680","620",98,"001f543e49e4",2023-09-25 08:51:37,2023-09-25,"10","imidacloprid","zinnia","10_imidacloprid"
"1681","620",97,"001f543e49e4",2023-09-25 08:52:06,2023-09-25,"10","imidacloprid","zinnia","10_imidacloprid"
"1682","620",99,"001f543e49e4",2023-09-25 08:52:35,2023-09-25,"10","imidacloprid","zinnia","10_imidacloprid"
"1683","620",103,"001f543e49e4",2023-09-25 08:53:05,2023-09-25,"10","imidacloprid","zinnia","10_imidacloprid"
"1685","620",99,"001f543e49e4",2023-09-25 08:53:35,2023-09-25,"10","imidacloprid","zinnia","10_imidacloprid"
"1688","620",104,"001f543e49e4",2023-09-25 08:54:04,2023-09-25,"10","imidacloprid","zinnia","10_imidacloprid"
"1689","620",97,"001f543e49e4",2023-09-25 08:54:34,2023-09-25,"10","imidacloprid","zinnia","10_imidacloprid"
"1691","620",98,"001f543e49e4",2023-09-25 08:55:03,2023-09-25,"10","imidacloprid","zinnia","10_imidacloprid"
"1693","620",102,"001f543e49e4",2023-09-25 08:55:32,2023-09-25,"10","imidacloprid","zinnia","10_imidacloprid"
"1695","620",104,"001f543e49e4",2023-09-25 08:56:02,2023-09-25,"10","imidacloprid","zinnia","10_imidacloprid"
"1696","620",99,"001f543e49e4",2023-09-25 08:56:32,2023-09-25,"10","imidacloprid","zinnia","10_imidacloprid"
"1697","620",97,"001f543e49e4",2023-09-25 08:57:01,2023-09-25,"10","imidacloprid","zinnia","10_imidacloprid"
"1698","620",98,"001f543e49e4",2023-09-25 08:57:30,2023-09-25,"10","imidacloprid","zinnia","10_imidacloprid"
"1700","620",104,"001f543e49e4",2023-09-25 08:57:59,2023-09-25,"10","imidacloprid","zinnia","10_imidacloprid"
"1701","620",99,"001f543e49e4",2023-09-25 08:58:29,2023-09-25,"10","imidacloprid","zinnia","10_imidacloprid"
"1702","620",104,"001f543e49e4",2023-09-25 08:58:58,2023-09-25,"10","imidacloprid","zinnia","10_imidacloprid"
"1703","620",98,"001f543e49e4",2023-09-25 08:59:28,2023-09-25,"10","imidacloprid","zinnia","10_imidacloprid"
"1704","620",98,"001f543e49e4",2023-09-25 08:59:57,2023-09-25,"10","imidacloprid","zinnia","10_imidacloprid"
"1705","620",99,"001f543e49e4",2023-09-25 09:00:26,2023-09-25,"10","imidacloprid","zinnia","10_imidacloprid"
"1706","620",99,"001f543e49e4",2023-09-25 09:00:55,2023-09-25,"10","imidacloprid","zinnia","10_imidacloprid"
"1707","620",98,"001f543e49e4",2023-09-25 09:01:24,2023-09-25,"10","imidacloprid","zinnia","10_imidacloprid"
"1708","620",99,"001f543e49e4",2023-09-25 09:01:53,2023-09-25,"10","imidacloprid","zinnia","10_imidacloprid"
"1710","620",98,"001f543e49e4",2023-09-25 09:02:22,2023-09-25,"10","imidacloprid","zinnia","10_imidacloprid"
"1711","620",98,"001f543e49e4",2023-09-25 09:02:51,2023-09-25,"10","imidacloprid","zinnia","10_imidacloprid"
"1712","620",102,"001f543e49e4",2023-09-25 09:03:20,2023-09-25,"10","imidacloprid","zinnia","10_imidacloprid"
"1714","620",102,"001f543e49e4",2023-09-25 09:03:50,2023-09-25,"10","imidacloprid","zinnia","10_imidacloprid"
"1716","620",103,"001f543e49e4",2023-09-25 09:04:20,2023-09-25,"10","imidacloprid","zinnia","10_imidacloprid"
"1717","620",102,"001f543e49e4",2023-09-25 09:04:50,2023-09-25,"10","imidacloprid","zinnia","10_imidacloprid"
"1718","620",97,"001f543e49e4",2023-09-25 09:05:20,2023-09-25,"10","imidacloprid","zinnia","10_imidacloprid"
"1719","620",98,"001f543e49e4",2023-09-25 09:05:49,2023-09-25,"10","imidacloprid","zinnia","10_imidacloprid"
"1720","620",97,"001f543e49e4",2023-09-25 09:06:18,2023-09-25,"10","imidacloprid","zinnia","10_imidacloprid"
"1721","620",99,"001f543e49e4",2023-09-25 09:06:47,2023-09-25,"10","imidacloprid","zinnia","10_imidacloprid"
"1723","620",103,"001f543e49e4",2023-09-25 09:07:16,2023-09-25,"10","imidacloprid","zinnia","10_imidacloprid"
"1724","620",103,"001f543e49e4",2023-09-25 09:07:46,2023-09-25,"10","imidacloprid","zinnia","10_imidacloprid"
"1725","620",104,"001f543e49e4",2023-09-25 09:08:16,2023-09-25,"10","imidacloprid","zinnia","10_imidacloprid"
"1726","620",104,"001f543e49e4",2023-09-25 09:08:46,2023-09-25,"10","imidacloprid","zinnia","10_imidacloprid"
"1727","620",103,"001f543e49e4",2023-09-25 09:09:16,2023-09-25,"10","imidacloprid","zinnia","10_imidacloprid"
"1728","620",103,"001f543e49e4",2023-09-25 09:09:46,2023-09-25,"10","imidacloprid","zinnia","10_imidacloprid"
"1729","620",102,"001f543e49e4",2023-09-25 09:10:16,2023-09-25,"10","imidacloprid","zinnia","10_imidacloprid"
"1730","620",104,"001f543e49e4",2023-09-25 09:10:46,2023-09-25,"10","imidacloprid","zinnia","10_imidacloprid"
"1731","620",103,"001f543e49e4",2023-09-25 09:11:16,2023-09-25,"10","imidacloprid","zinnia","10_imidacloprid"
"1732","620",103,"001f543e49e4",2023-09-25 09:11:46,2023-09-25,"10","imidacloprid","zinnia","10_imidacloprid"
"1733","620",104,"001f543e49e4",2023-09-25 09:12:16,2023-09-25,"10","imidacloprid","zinnia","10_imidacloprid"
"1734","620",104,"001f543e49e4",2023-09-25 09:12:46,2023-09-25,"10","imidacloprid","zinnia","10_imidacloprid"
"1735","620",103,"001f543e49e4",2023-09-25 09:13:16,2023-09-25,"10","imidacloprid","zinnia","10_imidacloprid"
"1736","620",104,"001f543e49e4",2023-09-25 09:13:46,2023-09-25,"10","imidacloprid","zinnia","10_imidacloprid"
"1737","620",103,"001f543e49e4",2023-09-25 09:14:16,2023-09-25,"10","imidacloprid","zinnia","10_imidacloprid"
"1738","620",104,"001f543e49e4",2023-09-25 09:14:38,2023-09-25,"10","imidacloprid","zinnia","10_imidacloprid"
"1739","620",99,"001f543e49e4",2023-09-25 09:15:08,2023-09-25,"10","imidacloprid","zinnia","10_imidacloprid"
"1741","620",98,"001f543e49e4",2023-09-25 09:15:29,2023-09-25,"10","imidacloprid","zinnia","10_imidacloprid"
"1742","620",98,"001f543e49e4",2023-09-25 09:15:55,2023-09-25,"10","imidacloprid","zinnia","10_imidacloprid"
"1743","620",98,"001f543e49e4",2023-09-25 09:16:24,2023-09-25,"10","imidacloprid","zinnia","10_imidacloprid"
"1744","620",102,"001f543e49e4",2023-09-25 09:16:53,2023-09-25,"10","imidacloprid","zinnia","10_imidacloprid"
"1746","620",98,"001f543e49e4",2023-09-25 09:17:23,2023-09-25,"10","imidacloprid","zinnia","10_imidacloprid"
"1747","620",98,"001f543e49e4",2023-09-25 09:17:52,2023-09-25,"10","imidacloprid","zinnia","10_imidacloprid"
"1748","620",98,"001f543e49e4",2023-09-25 09:18:21,2023-09-25,"10","imidacloprid","zinnia","10_imidacloprid"
"1750","620",97,"001f543e49e4",2023-09-25 09:18:50,2023-09-25,"10","imidacloprid","zinnia","10_imidacloprid"
"1751","620",103,"001f543e49e4",2023-09-25 09:19:19,2023-09-25,"10","imidacloprid","zinnia","10_imidacloprid"
"1752","620",99,"001f543e49e4",2023-09-25 09:19:49,2023-09-25,"10","imidacloprid","zinnia","10_imidacloprid"
"1754","620",103,"001f543e49e4",2023-09-25 09:20:18,2023-09-25,"10","imidacloprid","zinnia","10_imidacloprid"
"1755","620",104,"001f543e49e4",2023-09-25 09:20:48,2023-09-25,"10","imidacloprid","zinnia","10_imidacloprid"
"1756","620",99,"001f543e49e4",2023-09-25 09:21:18,2023-09-25,"10","imidacloprid","zinnia","10_imidacloprid"
"1757","620",99,"001f543e49e4",2023-09-25 09:21:47,2023-09-25,"10","imidacloprid","zinnia","10_imidacloprid"
"1758","620",103,"001f543e49e4",2023-09-25 09:22:17,2023-09-25,"10","imidacloprid","zinnia","10_imidacloprid"
"1759","620",104,"001f543e49e4",2023-09-25 09:22:47,2023-09-25,"10","imidacloprid","zinnia","10_imidacloprid"
"1760","620",99,"001f543e49e4",2023-09-25 09:23:17,2023-09-25,"10","imidacloprid","zinnia","10_imidacloprid"
"1762","620",99,"001f543e49e4",2023-09-25 09:23:39,2023-09-25,"10","imidacloprid","zinnia","10_imidacloprid"
"1763","620",95,"001f543e49e4",2023-09-25 09:24:08,2023-09-25,"10","imidacloprid","zinnia","10_imidacloprid"
"1764","620",98,"001f543e49e4",2023-09-25 09:24:37,2023-09-25,"10","imidacloprid","zinnia","10_imidacloprid"
"1767","620",98,"001f543e49e4",2023-09-25 09:25:00,2023-09-25,"10","imidacloprid","zinnia","10_imidacloprid"
"1768","620",109,"001f543e49e4",2023-09-25 09:25:21,2023-09-25,"10","imidacloprid","zinnia","10_imidacloprid"
"1769","620",99,"001f543e49e4",2023-09-25 09:25:52,2023-09-25,"10","imidacloprid","zinnia","10_imidacloprid"
"1770","620",103,"001f543e49e4",2023-09-25 09:26:21,2023-09-25,"10","imidacloprid","zinnia","10_imidacloprid"
"1771","620",99,"001f543e49e4",2023-09-25 09:26:51,2023-09-25,"10","imidacloprid","zinnia","10_imidacloprid"
"1773","620",104,"001f543e49e4",2023-09-25 09:27:16,2023-09-25,"10","imidacloprid","zinnia","10_imidacloprid"
"1774","620",104,"001f543e49e4",2023-09-25 09:27:46,2023-09-25,"10","imidacloprid","zinnia","10_imidacloprid"
"1775","620",104,"001f543e49e4",2023-09-25 09:28:13,2023-09-25,"10","imidacloprid","zinnia","10_imidacloprid"
"1776","620",104,"001f543e49e4",2023-09-25 09:28:38,2023-09-25,"10","imidacloprid","zinnia","10_imidacloprid"
"1777","620",99,"001f543e49e4",2023-09-25 09:29:01,2023-09-25,"10","imidacloprid","zinnia","10_imidacloprid"
"1778","620",104,"001f543e49e4",2023-09-25 09:29:24,2023-09-25,"10","imidacloprid","zinnia","10_imidacloprid"
"1779","620",104,"001f543e49e4",2023-09-25 09:29:53,2023-09-25,"10","imidacloprid","zinnia","10_imidacloprid"
"1780","620",99,"001f543e49e4",2023-09-25 09:30:19,2023-09-25,"10","imidacloprid","zinnia","10_imidacloprid"
"1783","620",99,"001f543e49e4",2023-09-25 09:30:48,2023-09-25,"10","imidacloprid","zinnia","10_imidacloprid"
"1784","620",98,"001f543e49e4",2023-09-25 09:31:17,2023-09-25,"10","imidacloprid","zinnia","10_imidacloprid"
"1786","620",104,"001f543e49e4",2023-09-25 09:31:46,2023-09-25,"10","imidacloprid","zinnia","10_imidacloprid"
"1789","620",104,"001f543e49e4",2023-09-25 09:32:16,2023-09-25,"10","imidacloprid","zinnia","10_imidacloprid"
"1790","620",104,"001f543e49e4",2023-09-25 09:32:46,2023-09-25,"10","imidacloprid","zinnia","10_imidacloprid"
"1791","620",104,"001f543e49e4",2023-09-25 09:33:16,2023-09-25,"10","imidacloprid","zinnia","10_imidacloprid"
"1794","620",104,"001f543e49e4",2023-09-25 09:33:46,2023-09-25,"10","imidacloprid","zinnia","10_imidacloprid"
"1795","620",104,"001f543e49e4",2023-09-25 09:34:16,2023-09-25,"10","imidacloprid","zinnia","10_imidacloprid"
"1796","620",95,"001f543e49e4",2023-09-25 09:34:46,2023-09-25,"10","imidacloprid","zinnia","10_imidacloprid"
"1797","620",100,"001f543e49e4",2023-09-25 09:35:15,2023-09-25,"10","imidacloprid","zinnia","10_imidacloprid"
"1798","620",99,"001f543e49e4",2023-09-25 09:35:45,2023-09-25,"10","imidacloprid","zinnia","10_imidacloprid"
"1799","620",96,"001f543e49e4",2023-09-25 09:36:15,2023-09-25,"10","imidacloprid","zinnia","10_imidacloprid"
"1801","620",95,"001f543e49e4",2023-09-25 09:36:44,2023-09-25,"10","imidacloprid","zinnia","10_imidacloprid"
"1803","620",96,"001f543e49e4",2023-09-25 09:37:13,2023-09-25,"10","imidacloprid","zinnia","10_imidacloprid"
"1804","620",101,"001f543e49e4",2023-09-25 09:37:42,2023-09-25,"10","imidacloprid","zinnia","10_imidacloprid"
"1805","620",96,"001f543e49e4",2023-09-25 09:38:12,2023-09-25,"10","imidacloprid","zinnia","10_imidacloprid"
"1806","620",95,"001f543e49e4",2023-09-25 09:38:41,2023-09-25,"10","imidacloprid","zinnia","10_imidacloprid"
"1807","620",97,"001f543e49e4",2023-09-25 09:39:09,2023-09-25,"10","imidacloprid","zinnia","10_imidacloprid"
"1808","620",98,"001f543e49e4",2023-09-25 09:39:38,2023-09-25,"10","imidacloprid","zinnia","10_imidacloprid"
"1810","620",97,"001f543e49e4",2023-09-25 09:40:07,2023-09-25,"10","imidacloprid","zinnia","10_imidacloprid"
"1812","620",97,"001f543e49e4",2023-09-25 09:40:36,2023-09-25,"10","imidacloprid","zinnia","10_imidacloprid"
"1813","620",97,"001f543e49e4",2023-09-25 09:41:05,2023-09-25,"10","imidacloprid","zinnia","10_imidacloprid"
"1815","620",102,"001f543e49e4",2023-09-25 09:41:35,2023-09-25,"10","imidacloprid","zinnia","10_imidacloprid"
"1816","620",96,"001f543e49e4",2023-09-25 09:42:05,2023-09-25,"10","imidacloprid","zinnia","10_imidacloprid"
"1818","620",103,"001f543e49e4",2023-09-25 09:42:34,2023-09-25,"10","imidacloprid","zinnia","10_imidacloprid"
"1820","620",96,"001f543e49e4",2023-09-25 09:43:04,2023-09-25,"10","imidacloprid","zinnia","10_imidacloprid"
"1821","638",1,"001f543e49e4",2023-09-25 09:43:04,2023-09-25,"10","imidacloprid","zinnia","10_imidacloprid"
"1823","620",99,"001f543e49e4",2023-09-25 09:43:33,2023-09-25,"10","imidacloprid","zinnia","10_imidacloprid"
"1826","620",98,"001f543e49e4",2023-09-25 09:44:02,2023-09-25,"10","imidacloprid","zinnia","10_imidacloprid"
"1828","620",98,"001f543e49e4",2023-09-25 09:44:31,2023-09-25,"10","imidacloprid","zinnia","10_imidacloprid"
"1829","620",103,"001f543e49e4",2023-09-25 09:45:00,2023-09-25,"10","imidacloprid","zinnia","10_imidacloprid"
"1830","620",103,"001f543e49e4",2023-09-25 09:45:30,2023-09-25,"10","imidacloprid","zinnia","10_imidacloprid"
"1831","620",103,"001f543e49e4",2023-09-25 09:45:57,2023-09-25,"10","imidacloprid","zinnia","10_imidacloprid"
"1832","620",102,"001f543e49e4",2023-09-25 09:46:27,2023-09-25,"10","imidacloprid","zinnia","10_imidacloprid"
"1833","620",112,"001f543e49e4",2023-09-25 09:46:57,2023-09-25,"10","imidacloprid","zinnia","10_imidacloprid"
"1834","620",98,"001f543e49e4",2023-09-25 09:47:23,2023-09-25,"10","imidacloprid","zinnia","10_imidacloprid"
"1836","620",103,"001f543e49e4",2023-09-25 09:47:52,2023-09-25,"10","imidacloprid","zinnia","10_imidacloprid"
"1837","620",103,"001f543e49e4",2023-09-25 09:48:22,2023-09-25,"10","imidacloprid","zinnia","10_imidacloprid"
"1838","620",102,"001f543e49e4",2023-09-25 09:48:52,2023-09-25,"10","imidacloprid","zinnia","10_imidacloprid"
"1839","620",103,"001f543e49e4",2023-09-25 09:49:22,2023-09-25,"10","imidacloprid","zinnia","10_imidacloprid"
"1840","620",98,"001f543e49e4",2023-09-25 09:49:52,2023-09-25,"10","imidacloprid","zinnia","10_imidacloprid"
"1841","620",103,"001f543e49e4",2023-09-25 09:50:20,2023-09-25,"10","imidacloprid","zinnia","10_imidacloprid"
"1842","620",109,"001f543e49e4",2023-09-25 09:50:50,2023-09-25,"10","imidacloprid","zinnia","10_imidacloprid"
"1843","620",103,"001f543e49e4",2023-09-25 09:51:21,2023-09-25,"10","imidacloprid","zinnia","10_imidacloprid"
"1844","620",103,"001f543e49e4",2023-09-25 09:51:43,2023-09-25,"10","imidacloprid","zinnia","10_imidacloprid"
"1845","620",98,"001f543e49e4",2023-09-25 09:52:13,2023-09-25,"10","imidacloprid","zinnia","10_imidacloprid"
"1848","620",97,"001f543e49e4",2023-09-25 09:52:37,2023-09-25,"10","imidacloprid","zinnia","10_imidacloprid"
"1851","620",103,"001f543e49e4",2023-09-25 09:53:01,2023-09-25,"10","imidacloprid","zinnia","10_imidacloprid"
"1852","620",97,"001f543e49e4",2023-09-25 09:53:31,2023-09-25,"10","imidacloprid","zinnia","10_imidacloprid"
"1854","620",103,"001f543e49e4",2023-09-25 09:53:53,2023-09-25,"10","imidacloprid","zinnia","10_imidacloprid"
"1855","620",97,"001f543e49e4",2023-09-25 09:54:17,2023-09-25,"10","imidacloprid","zinnia","10_imidacloprid"
"1856","620",103,"001f543e49e4",2023-09-25 09:54:39,2023-09-25,"10","imidacloprid","zinnia","10_imidacloprid"
"1857","620",97,"001f543e49e4",2023-09-25 09:55:09,2023-09-25,"10","imidacloprid","zinnia","10_imidacloprid"
"1858","620",102,"001f543e49e4",2023-09-25 09:55:38,2023-09-25,"10","imidacloprid","zinnia","10_imidacloprid"
"1859","620",75,"001f543e49e4",2023-09-25 09:56:49,2023-09-25,"10","imidacloprid","zinnia","10_imidacloprid"
"1861","620",18,"001f543e49e4",2023-09-25 09:57:15,2023-09-25,"10","imidacloprid","zinnia","10_imidacloprid"
"1863","620",81,"001f543e49e4",2023-09-25 09:57:41,2023-09-25,"10","imidacloprid","zinnia","10_imidacloprid"
"1864","620",1,"001f543e49e4",2023-09-25 09:58:09,2023-09-25,"10","imidacloprid","zinnia","10_imidacloprid"
"1865","627",4,"001f543e49e4",2023-09-25 13:33:36,2023-09-25,"10","imidacloprid","zinnia","10_imidacloprid"
"1866","627",87,"001f543e49e4",2023-09-25 13:39:44,2023-09-25,"10","imidacloprid","zinnia","10_imidacloprid"
"1867","627",18,"001f543e49e4",2023-09-25 13:40:05,2023-09-25,"10","imidacloprid","zinnia","10_imidacloprid"
"1869","627",60,"001f543e49e4",2023-09-25 13:40:23,2023-09-25,"10","imidacloprid","zinnia","10_imidacloprid"
"1870","627",31,"001f543e49e4",2023-09-25 13:40:51,2023-09-25,"10","imidacloprid","zinnia","10_imidacloprid"
"1871","627",19,"001f543e49e4",2023-09-25 13:41:02,2023-09-25,"10","imidacloprid","zinnia","10_imidacloprid"
"1901","628",79,"001f543e44c5",2023-09-25 15:05:34,2023-09-25,"10","imidacloprid","zinnia","10_imidacloprid"
"1903","628",59,"001f543e44c5",2023-09-25 15:06:05,2023-09-25,"10","imidacloprid","zinnia","10_imidacloprid"
"1923","628",6,"001f543e44c5",2023-09-25 16:38:38,2023-09-25,"10","imidacloprid","zinnia","10_imidacloprid"
"2154","620",16,"001f543e4afd",2023-09-25 12:03:22,2023-09-25,"10","imidacloprid","cucumber","10_imidacloprid"
"2156","624",10,"001f543e4afd",2023-09-25 12:51:15,2023-09-25,"10","imidacloprid","cucumber","10_imidacloprid"
"2160","620",3,"001f543e42b1",2023-09-25 17:04:13,2023-09-25,"10","imidacloprid","borage","10_imidacloprid"
"2161","620",3,"001f543e42b1",2023-09-25 17:05:09,2023-09-25,"10","imidacloprid","borage","10_imidacloprid"
"2164","589",6,"001f54431b3d",2023-09-27 13:05:09,2023-09-27,"10","control","cucumber","10_control"
"2166","620",13,"001f543e37bf",2023-09-25 13:11:24,2023-09-25,"10","imidacloprid","zinnia","10_imidacloprid"
"2168","638",17,"001f543e37bf",2023-09-25 13:35:00,2023-09-25,"10","imidacloprid","zinnia","10_imidacloprid"
"2170","638",6,"001f543e37bf",2023-09-25 13:35:32,2023-09-25,"10","imidacloprid","zinnia","10_imidacloprid"
"2172","620",8,"001f543e37bf",2023-09-25 17:02:25,2023-09-25,"10","imidacloprid","zinnia","10_imidacloprid"
"2182","620",23,"001f543e4335",2023-09-25 13:13:00,2023-09-25,"10","imidacloprid","zinnia","10_imidacloprid"
"2185","627",35,"001f543e4335",2023-09-25 14:05:24,2023-09-25,"10","imidacloprid","zinnia","10_imidacloprid"
"2186","627",7,"001f543e4335",2023-09-25 14:05:38,2023-09-25,"10","imidacloprid","zinnia","10_imidacloprid"
"2188","620",29,"001f543e42a5",2023-09-25 11:22:18,2023-09-25,"10","imidacloprid","cucumber","10_imidacloprid"
"2190","624",25,"001f543e42a5",2023-09-25 12:07:05,2023-09-25,"10","imidacloprid","cucumber","10_imidacloprid"
"2192","620",13,"001f543e42a5",2023-09-25 13:06:12,2023-09-25,"10","imidacloprid","cucumber","10_imidacloprid"
"2194","620",16,"001f543e42a5",2023-09-25 13:06:35,2023-09-25,"10","imidacloprid","cucumber","10_imidacloprid"
"2195","627",15,"001f543e42a5",2023-09-25 13:27:56,2023-09-25,"10","imidacloprid","cucumber","10_imidacloprid"
"2295","29",1,"001f543e38bf",2023-08-02 10:51:48,2023-08-02,"1","flupyradifurone","zinnia","1_flupyradifurone"
"2448","37",2,"001f543e38bf",2023-08-02 17:33:38,2023-08-02,"1","imidacloprid","zinnia","1_imidacloprid"
"2480","37",1,"001f543e38bf",2023-08-02 10:18:41,2023-08-02,"1","imidacloprid","zinnia","1_imidacloprid"
"2526","37",1,"001f543e38bf",2023-08-02 17:34:38,2023-08-02,"1","imidacloprid","zinnia","1_imidacloprid"
"2529","37",1,"001f543e38bf",2023-08-02 17:33:54,2023-08-02,"1","imidacloprid","zinnia","1_imidacloprid"
"2541","37",1,"001f543e38bf",2023-08-02 11:07:39,2023-08-02,"1","imidacloprid","zinnia","1_imidacloprid"
"2613","91",1,"001f543e38bf",2023-08-01 18:47:14,2023-08-01,"1","control","zinnia","1_control"
"2625","37",5,"001f543e38bf",2023-08-01 11:26:50,2023-08-01,"1","imidacloprid","zinnia","1_imidacloprid"
"2669","37",3,"001f543e38bf",2023-08-01 18:41:49,2023-08-01,"1","imidacloprid","zinnia","1_imidacloprid"
"2685","37",1,"001f543e38bf",2023-08-01 18:38:53,2023-08-01,"1","imidacloprid","zinnia","1_imidacloprid"
"2772","37",1,"001f543e38bf",2023-08-01 10:50:16,2023-08-01,"1","imidacloprid","zinnia","1_imidacloprid"
"2797","30",28,"001f543e44cc",2023-08-02 10:10:12,2023-08-02,"1","imidacloprid","zinnia","1_imidacloprid"
"2880","24",1,"001f543e4abe",2023-08-03 13:40:50,2023-08-03,"1","flupyradifurone","borage","1_flupyradifurone"
"2888","26",1,"001f543e4abe",2023-08-03 15:26:43,2023-08-03,"1","flupyradifurone","borage","1_flupyradifurone"
"2895","37",3,"001f543e4abe",2023-08-02 20:00:27,2023-08-02,"1","imidacloprid","borage","1_imidacloprid"
"2924","28",2,"001f543e4abe",2023-08-02 14:00:27,2023-08-02,"1","flupyradifurone","borage","1_flupyradifurone"
"2984","37",1,"001f543e4abe",2023-08-02 17:22:45,2023-08-02,"1","imidacloprid","borage","1_imidacloprid"
"3099","28",1,"001f543e4abe",2023-08-02 15:59:52,2023-08-02,"1","flupyradifurone","borage","1_flupyradifurone"
"3126","37",1,"001f543e4abe",2023-08-02 16:26:50,2023-08-02,"1","imidacloprid","borage","1_imidacloprid"
"3177","37",1,"001f543e4abe",2023-08-02 19:37:19,2023-08-02,"1","imidacloprid","borage","1_imidacloprid"
"3318","37",1,"001f543e4abe",2023-08-02 09:15:18,2023-08-02,"1","imidacloprid","borage","1_imidacloprid"
"3334","37",1,"001f543e4abe",2023-08-02 08:09:13,2023-08-02,"1","imidacloprid","borage","1_imidacloprid"
"3336","37",1,"001f543e4abe",2023-08-02 19:08:21,2023-08-02,"1","imidacloprid","borage","1_imidacloprid"
"3467","37",1,"001f543e4abe",2023-08-01 12:05:16,2023-08-01,"1","imidacloprid","borage","1_imidacloprid"
"3591","19",12,"001f543e42c0",2023-08-03 14:03:18,2023-08-03,"1","flupyradifurone","borage","1_flupyradifurone"
"3685","22",1,"001f543e42c0",2023-08-03 13:34:42,2023-08-03,"1","flupyradifurone","borage","1_flupyradifurone"
"3746","29",1,"001f543e42c0",2023-08-03 09:47:06,2023-08-03,"1","flupyradifurone","borage","1_flupyradifurone"
"3841","37",1,"001f543e42c0",2023-08-02 13:23:55,2023-08-02,"1","imidacloprid","borage","1_imidacloprid"
"3845","37",10,"001f543e42c0",2023-08-02 13:15:28,2023-08-02,"1","imidacloprid","borage","1_imidacloprid"
"3860","37",1,"001f543e42c0",2023-08-02 14:11:05,2023-08-02,"1","imidacloprid","borage","1_imidacloprid"
"3885","37",12,"001f543e42c0",2023-08-02 13:13:04,2023-08-02,"1","imidacloprid","borage","1_imidacloprid"
"3892","37",3,"001f543e42c0",2023-08-02 13:18:33,2023-08-02,"1","imidacloprid","borage","1_imidacloprid"
"3902","37",1,"001f543e42c0",2023-08-02 13:59:47,2023-08-02,"1","imidacloprid","borage","1_imidacloprid"
"3913","37",6,"001f543e42c0",2023-08-02 13:13:27,2023-08-02,"1","imidacloprid","borage","1_imidacloprid"
"3933","37",1,"001f543e42c0",2023-08-02 18:55:07,2023-08-02,"1","imidacloprid","borage","1_imidacloprid"
"3937","37",1,"001f543e42c0",2023-08-02 13:25:23,2023-08-02,"1","imidacloprid","borage","1_imidacloprid"
"3943","37",5,"001f543e42c0",2023-08-02 13:17:46,2023-08-02,"1","imidacloprid","borage","1_imidacloprid"
"3949","37",1,"001f543e42c0",2023-08-02 13:30:38,2023-08-02,"1","imidacloprid","borage","1_imidacloprid"
"3972","37",2,"001f543e42c0",2023-08-02 13:20:03,2023-08-02,"1","imidacloprid","borage","1_imidacloprid"
"3993","37",4,"001f543e42c0",2023-08-02 13:42:51,2023-08-02,"1","imidacloprid","borage","1_imidacloprid"
"3997","37",2,"001f543e42c0",2023-08-02 13:32:17,2023-08-02,"1","imidacloprid","borage","1_imidacloprid"
"4002","37",2,"001f543e42c0",2023-08-02 13:38:41,2023-08-02,"1","imidacloprid","borage","1_imidacloprid"
"4008","37",1,"001f543e42c0",2023-08-02 13:16:53,2023-08-02,"1","imidacloprid","borage","1_imidacloprid"
"4015","37",1,"001f543e42c0",2023-08-02 13:24:35,2023-08-02,"1","imidacloprid","borage","1_imidacloprid"
"4026","37",1,"001f543e42c0",2023-08-02 14:10:00,2023-08-02,"1","imidacloprid","borage","1_imidacloprid"
"4035","37",2,"001f543e42c0",2023-08-02 13:39:07,2023-08-02,"1","imidacloprid","borage","1_imidacloprid"
"4049","37",2,"001f543e42c0",2023-08-02 13:35:43,2023-08-02,"1","imidacloprid","borage","1_imidacloprid"
"4059","37",1,"001f543e42c0",2023-08-02 13:31:28,2023-08-02,"1","imidacloprid","borage","1_imidacloprid"
"4065","37",2,"001f543e42c0",2023-08-02 13:55:00,2023-08-02,"1","imidacloprid","borage","1_imidacloprid"
"4071","37",1,"001f543e42c0",2023-08-02 13:55:51,2023-08-02,"1","imidacloprid","borage","1_imidacloprid"
"4079","37",1,"001f543e42c0",2023-08-02 13:25:45,2023-08-02,"1","imidacloprid","borage","1_imidacloprid"
"4095","37",1,"001f543e42c0",2023-08-02 13:34:49,2023-08-02,"1","imidacloprid","borage","1_imidacloprid"
"4105","37",1,"001f543e42c0",2023-08-02 13:29:49,2023-08-02,"1","imidacloprid","borage","1_imidacloprid"
"4118","34",1,"001f543e42c0",2023-08-02 15:44:13,2023-08-02,"1","imidacloprid","borage","1_imidacloprid"
"4119","37",1,"001f543e42c0",2023-08-02 14:54:22,2023-08-02,"1","imidacloprid","borage","1_imidacloprid"
"4130","37",1,"001f543e42c0",2023-08-02 13:27:03,2023-08-02,"1","imidacloprid","borage","1_imidacloprid"
"4137","37",1,"001f543e42c0",2023-08-02 13:40:38,2023-08-02,"1","imidacloprid","borage","1_imidacloprid"
"4154","37",1,"001f543e42c0",2023-08-02 13:26:13,2023-08-02,"1","imidacloprid","borage","1_imidacloprid"
"4163","37",4,"001f543e42c0",2023-08-02 13:16:24,2023-08-02,"1","imidacloprid","borage","1_imidacloprid"
"4174","37",1,"001f543e42c0",2023-08-02 13:34:19,2023-08-02,"1","imidacloprid","borage","1_imidacloprid"
"4198","37",1,"001f543e42c0",2023-08-02 13:49:00,2023-08-02,"1","imidacloprid","borage","1_imidacloprid"
"4214","37",2,"001f543e42c0",2023-08-02 13:39:52,2023-08-02,"1","imidacloprid","borage","1_imidacloprid"
"4224","37",18,"001f543e42c0",2023-08-02 13:14:40,2023-08-02,"1","imidacloprid","borage","1_imidacloprid"
"4230","37",2,"001f543e42c0",2023-08-02 19:01:39,2023-08-02,"1","imidacloprid","borage","1_imidacloprid"
"4238","37",2,"001f543e42c0",2023-08-02 13:19:02,2023-08-02,"1","imidacloprid","borage","1_imidacloprid"
"4249","37",1,"001f543e42c0",2023-08-02 13:56:14,2023-08-02,"1","imidacloprid","borage","1_imidacloprid"
"4293","37",1,"001f543e42c0",2023-08-02 14:04:41,2023-08-02,"1","imidacloprid","borage","1_imidacloprid"
"4296","37",1,"001f543e42c0",2023-08-02 13:31:06,2023-08-02,"1","imidacloprid","borage","1_imidacloprid"
"4302","37",1,"001f543e42c0",2023-08-02 13:26:36,2023-08-02,"1","imidacloprid","borage","1_imidacloprid"
"4307","37",1,"001f543e42c0",2023-08-02 13:32:59,2023-08-02,"1","imidacloprid","borage","1_imidacloprid"
"4315","37",19,"001f543e42c0",2023-08-02 13:14:04,2023-08-02,"1","imidacloprid","borage","1_imidacloprid"
"4320","37",2,"001f543e42c0",2023-08-02 13:12:45,2023-08-02,"1","imidacloprid","borage","1_imidacloprid"
"4327","37",1,"001f543e42c0",2023-08-02 13:21:01,2023-08-02,"1","imidacloprid","borage","1_imidacloprid"
"4334","37",2,"001f543e42c0",2023-08-02 13:17:17,2023-08-02,"1","imidacloprid","borage","1_imidacloprid"
"4349","34",1,"001f543e42c0",2023-08-02 13:51:57,2023-08-02,"1","imidacloprid","borage","1_imidacloprid"
"4380","37",2,"001f543e42c0",2023-08-02 13:41:01,2023-08-02,"1","imidacloprid","borage","1_imidacloprid"
"4404","37",1,"001f543e42c0",2023-08-02 13:47:00,2023-08-02,"1","imidacloprid","borage","1_imidacloprid"
"4418","37",6,"001f543e42c0",2023-08-02 13:13:16,2023-08-02,"1","imidacloprid","borage","1_imidacloprid"
"4423","37",1,"001f543e42c0",2023-08-02 13:42:23,2023-08-02,"1","imidacloprid","borage","1_imidacloprid"
"4446","37",1,"001f543e42c0",2023-08-02 13:18:07,2023-08-02,"1","imidacloprid","borage","1_imidacloprid"
"4457","37",3,"001f543e42c0",2023-08-02 13:53:56,2023-08-02,"1","imidacloprid","borage","1_imidacloprid"
"4474","37",3,"001f543e42c0",2023-08-02 13:10:49,2023-08-02,"1","imidacloprid","borage","1_imidacloprid"
"4492","37",1,"001f543e42c0",2023-08-02 14:35:20,2023-08-02,"1","imidacloprid","borage","1_imidacloprid"
"4498","37",1,"001f543e42c0",2023-08-02 14:35:44,2023-08-02,"1","imidacloprid","borage","1_imidacloprid"
"4516","37",1,"001f543e42c0",2023-08-02 13:31:49,2023-08-02,"1","imidacloprid","borage","1_imidacloprid"
"4552","37",1,"001f543e42c0",2023-08-02 13:44:05,2023-08-02,"1","imidacloprid","borage","1_imidacloprid"
"4572","37",1,"001f543e42c0",2023-08-02 13:59:26,2023-08-02,"1","imidacloprid","borage","1_imidacloprid"
"4593","37",1,"001f543e42c0",2023-08-02 13:52:50,2023-08-02,"1","imidacloprid","borage","1_imidacloprid"
"4608","37",3,"001f543e42c0",2023-08-02 13:27:29,2023-08-02,"1","imidacloprid","borage","1_imidacloprid"
"4612","37",1,"001f543e42c0",2023-08-02 13:53:05,2023-08-02,"1","imidacloprid","borage","1_imidacloprid"
"4619","37",1,"001f543e42c0",2023-08-02 18:59:09,2023-08-02,"1","imidacloprid","borage","1_imidacloprid"
"4637","37",1,"001f543e42c0",2023-08-02 13:53:31,2023-08-02,"1","imidacloprid","borage","1_imidacloprid"
"4643","37",1,"001f543e42c0",2023-08-02 14:04:15,2023-08-02,"1","imidacloprid","borage","1_imidacloprid"
"4692","37",2,"001f543e42c0",2023-08-02 13:41:31,2023-08-02,"1","imidacloprid","borage","1_imidacloprid"
"4711","37",3,"001f543e42c0",2023-08-02 13:24:09,2023-08-02,"1","imidacloprid","borage","1_imidacloprid"
"4722","37",1,"001f543e42c0",2023-08-02 13:19:31,2023-08-02,"1","imidacloprid","borage","1_imidacloprid"
"4731","37",1,"001f543e42c0",2023-08-02 15:20:32,2023-08-02,"1","imidacloprid","borage","1_imidacloprid"
"4733","37",1,"001f543e42c0",2023-08-02 13:36:30,2023-08-02,"1","imidacloprid","borage","1_imidacloprid"
"4748","37",10,"001f543e42c0",2023-08-02 13:15:07,2023-08-02,"1","imidacloprid","borage","1_imidacloprid"
"4756","37",1,"001f543e42c0",2023-08-02 14:42:44,2023-08-02,"1","imidacloprid","borage","1_imidacloprid"
"4763","37",1,"001f543e42c0",2023-08-02 13:58:42,2023-08-02,"1","imidacloprid","borage","1_imidacloprid"
"4772","37",1,"001f543e42c0",2023-08-02 14:07:55,2023-08-02,"1","imidacloprid","borage","1_imidacloprid"
"4777","37",1,"001f543e42c0",2023-08-02 13:51:23,2023-08-02,"1","imidacloprid","borage","1_imidacloprid"
"4781","37",1,"001f543e42c0",2023-08-02 13:30:17,2023-08-02,"1","imidacloprid","borage","1_imidacloprid"
"4786","37",1,"001f543e42c0",2023-08-02 13:49:37,2023-08-02,"1","imidacloprid","borage","1_imidacloprid"
"4806","37",1,"001f543e42c0",2023-08-02 13:22:57,2023-08-02,"1","imidacloprid","borage","1_imidacloprid"
"4810","37",1,"001f543e42c0",2023-08-02 13:33:57,2023-08-02,"1","imidacloprid","borage","1_imidacloprid"
"4822","37",1,"001f543e42c0",2023-08-02 13:20:32,2023-08-02,"1","imidacloprid","borage","1_imidacloprid"
"4831","37",1,"001f543e42c0",2023-08-02 14:44:25,2023-08-02,"1","imidacloprid","borage","1_imidacloprid"
"4838","37",3,"001f543e42c0",2023-08-02 13:15:54,2023-08-02,"1","imidacloprid","borage","1_imidacloprid"
"4858","37",17,"001f543e42c0",2023-08-02 13:13:39,2023-08-02,"1","imidacloprid","borage","1_imidacloprid"
"4861","37",1,"001f543e42c0",2023-08-02 13:33:27,2023-08-02,"1","imidacloprid","borage","1_imidacloprid"
"4868","37",1,"001f543e42c0",2023-08-02 13:39:30,2023-08-02,"1","imidacloprid","borage","1_imidacloprid"
"4874","37",1,"001f543e42c0",2023-08-02 13:54:24,2023-08-02,"1","imidacloprid","borage","1_imidacloprid"
"4885","37",1,"001f543e42c0",2023-08-02 14:41:51,2023-08-02,"1","imidacloprid","borage","1_imidacloprid"
"4896","37",1,"001f543e42c0",2023-08-02 13:27:52,2023-08-02,"1","imidacloprid","borage","1_imidacloprid"
"4904","37",2,"001f543e42c0",2023-08-02 13:29:19,2023-08-02,"1","imidacloprid","borage","1_imidacloprid"
"4944","38",1,"001f543e42c0",2023-08-01 18:22:25,2023-08-01,"1","imidacloprid","borage","1_imidacloprid"
"4968","37",1,"001f543e42c0",2023-08-01 18:35:19,2023-08-01,"1","imidacloprid","borage","1_imidacloprid"
"4974","37",2,"001f543e42c0",2023-08-01 17:44:20,2023-08-01,"1","imidacloprid","borage","1_imidacloprid"
"5037","24",1,"001f543e49d5",2023-08-02 09:47:11,2023-08-02,"1","flupyradifurone","borage","1_flupyradifurone"
"5086","88",4,"001f543cd78f",2023-08-01 13:43:18,2023-08-01,"1","control","cucumber","1_control"
"5088","95",14,"001f543cd78f",2023-08-01 08:04:00,2023-08-01,"1","control","cucumber","1_control"
"5112","16",1,"001f543e3c1f",2023-08-03 13:32:10,2023-08-03,"1","flupyradifurone","cucumber","1_flupyradifurone"
"5114","16",5,"001f543e3c1f",2023-08-03 13:37:48,2023-08-03,"1","flupyradifurone","cucumber","1_flupyradifurone"
"5186","11",1,"001f543e3c1f",2023-08-03 11:49:21,2023-08-03,"1","flupyradifurone","cucumber","1_flupyradifurone"
"5202","16",2,"001f543e3c1f",2023-08-03 13:34:59,2023-08-03,"1","flupyradifurone","cucumber","1_flupyradifurone"
"5203","19",1,"001f543e3c1f",2023-08-03 15:30:31,2023-08-03,"1","flupyradifurone","cucumber","1_flupyradifurone"
"5225","16",27,"001f543e3c1f",2023-08-03 13:33:08,2023-08-03,"1","flupyradifurone","cucumber","1_flupyradifurone"
"5249","11",20,"001f543e3c1f",2023-08-03 11:45:25,2023-08-03,"1","flupyradifurone","cucumber","1_flupyradifurone"
"5282","38",1,"001f543e3c1f",2023-08-02 17:30:07,2023-08-02,"1","imidacloprid","cucumber","1_imidacloprid"
"5335","37",1,"001f543e3c1f",2023-08-02 14:36:40,2023-08-02,"1","imidacloprid","cucumber","1_imidacloprid"
"5345","34",1,"001f543e3c1f",2023-08-02 20:44:58,2023-08-02,"1","imidacloprid","cucumber","1_imidacloprid"
"5361","94",9,"001f543e3c1f",2023-08-01 16:30:06,2023-08-01,"1","control","cucumber","1_control"
"5371","95",36,"001f543e3c1f",2023-08-01 07:55:36,2023-08-01,"1","control","cucumber","1_control"
"5377","95",11,"001f543e3c1f",2023-08-01 08:07:54,2023-08-01,"1","control","cucumber","1_control"
"5381","92",28,"001f543e3c1f",2023-08-01 07:09:55,2023-08-01,"1","control","cucumber","1_control"
"5383","95",11,"001f543e3c1f",2023-08-01 16:15:09,2023-08-01,"1","control","cucumber","1_control"
"5384","37",1,"001f543e3c1f",2023-08-01 18:43:23,2023-08-01,"1","imidacloprid","cucumber","1_imidacloprid"
"5447","85",1,"001f54431b3d",2023-07-31 18:50:08,2023-07-31,"1","control","borage","1_control"
"5528","49",1,"001f54431b3d",2023-08-01 13:00:28,2023-08-01,"1","imidacloprid","borage","1_imidacloprid"
"5530","38",1,"001f54431b3d",2023-08-01 06:26:15,2023-08-01,"1","imidacloprid","borage","1_imidacloprid"
"5537","45",1,"001f54431b3d",2023-08-01 12:57:14,2023-08-01,"1","imidacloprid","borage","1_imidacloprid"
"5541","38",4,"001f54431b3d",2023-08-01 06:18:08,2023-08-01,"1","imidacloprid","borage","1_imidacloprid"
"5553","38",1,"001f54431b3d",2023-08-01 06:16:02,2023-08-01,"1","imidacloprid","borage","1_imidacloprid"
"5576","38",2,"001f54431b3d",2023-08-01 06:09:46,2023-08-01,"1","imidacloprid","borage","1_imidacloprid"
"5637","35",2,"001f543cdadb",2023-08-02 12:46:07,2023-08-02,"1","imidacloprid","zinnia","1_imidacloprid"
"5638","35",28,"001f543cdadb",2023-08-02 12:46:18,2023-08-02,"1","imidacloprid","zinnia","1_imidacloprid"
"5640","35",33,"001f543cdadb",2023-08-02 12:24:11,2023-08-02,"1","imidacloprid","zinnia","1_imidacloprid"
"5646","37",1,"001f543cdadb",2023-08-01 15:09:16,2023-08-01,"1","imidacloprid","zinnia","1_imidacloprid"
"5679","37",1,"001f543cd39b",2023-08-01 14:16:41,2023-08-01,"1","imidacloprid","zinnia","1_imidacloprid"
"5728","37",1,"001f543cd39b",2023-08-01 18:13:16,2023-08-01,"1","imidacloprid","zinnia","1_imidacloprid"
"5729","34",1,"001f543cd39b",2023-08-01 13:38:24,2023-08-01,"1","imidacloprid","zinnia","1_imidacloprid"
"5805","37",1,"001f543cd39b",2023-08-01 13:49:34,2023-08-01,"1","imidacloprid","zinnia","1_imidacloprid"
"5813","41",2,"001f543cd39b",2023-08-01 07:03:50,2023-08-01,"1","imidacloprid","zinnia","1_imidacloprid"
"5827","37",1,"001f543cd39b",2023-08-01 14:24:27,2023-08-01,"1","imidacloprid","zinnia","1_imidacloprid"
"5848","37",2,"001f543cd39b",2023-08-01 14:00:10,2023-08-01,"1","imidacloprid","zinnia","1_imidacloprid"
"5852","37",2,"001f543cd39b",2023-08-01 18:13:46,2023-08-01,"1","imidacloprid","zinnia","1_imidacloprid"
"5912","88",4,"001f543cd39b",2023-08-01 14:39:46,2023-08-01,"1","control","zinnia","1_control"
"5927","37",1,"001f543cd39b",2023-08-01 08:54:13,2023-08-01,"1","imidacloprid","zinnia","1_imidacloprid"
"5941","37",1,"001f543cd39b",2023-08-01 16:09:27,2023-08-01,"1","imidacloprid","zinnia","1_imidacloprid"
"5984","37",2,"001f543cd39b",2023-08-01 13:43:41,2023-08-01,"1","imidacloprid","zinnia","1_imidacloprid"
"5996","32",4,"001f543cd39b",2023-08-01 18:02:33,2023-08-01,"1","imidacloprid","zinnia","1_imidacloprid"
"6028","37",2,"001f543cd39b",2023-08-01 14:09:44,2023-08-01,"1","imidacloprid","zinnia","1_imidacloprid"
"6035","95",1,"001f543cd39b",2023-08-01 14:38:33,2023-08-01,"1","control","zinnia","1_control"
"6045","37",3,"001f543cd39b",2023-08-01 14:17:10,2023-08-01,"1","imidacloprid","zinnia","1_imidacloprid"
"6058","18",26,"001f543e4a87",2023-08-03 12:45:38,2023-08-03,"1","flupyradifurone","zinnia","1_flupyradifurone"
"6065","19",23,"001f543e42a5",2023-08-03 10:52:19,2023-08-03,"1","flupyradifurone","borage","1_flupyradifurone"
"6067","19",4,"001f543e42a5",2023-08-03 10:51:44,2023-08-03,"1","flupyradifurone","borage","1_flupyradifurone"
"6072","37",1,"001f543e42a5",2023-08-02 14:33:44,2023-08-02,"1","imidacloprid","borage","1_imidacloprid"
"6075","34",1,"001f543e42a5",2023-08-02 14:34:21,2023-08-02,"1","imidacloprid","borage","1_imidacloprid"
"6076","37",1,"001f543e42a5",2023-08-02 14:34:21,2023-08-02,"1","imidacloprid","borage","1_imidacloprid"
"6085","37",1,"001f543e42a5",2023-08-01 18:12:18,2023-08-01,"1","imidacloprid","borage","1_imidacloprid"
"6087","30",39,"001f54431a61",2023-08-02 11:09:20,2023-08-02,"1","imidacloprid","cucumber","1_imidacloprid"
"6088","35",25,"001f54431a61",2023-08-02 12:21:36,2023-08-02,"1","imidacloprid","cucumber","1_imidacloprid"
"6090","35",15,"001f54431a61",2023-08-02 12:21:50,2023-08-02,"1","imidacloprid","cucumber","1_imidacloprid"
"6091","30",22,"001f54431a61",2023-08-02 10:26:01,2023-08-02,"1","imidacloprid","cucumber","1_imidacloprid"
"6093","40",17,"001f54431a61",2023-08-02 08:59:46,2023-08-02,"1","imidacloprid","cucumber","1_imidacloprid"
"6095","30",18,"001f54431a61",2023-08-02 11:22:48,2023-08-02,"1","imidacloprid","cucumber","1_imidacloprid"
"6098","16",23,"001f543e4afd",2023-08-03 09:52:31,2023-08-03,"1","flupyradifurone","cucumber","1_flupyradifurone"
"6099","18",8,"001f543e4afd",2023-08-03 10:05:50,2023-08-03,"1","flupyradifurone","cucumber","1_flupyradifurone"
"6112","34",2,"001f543e4afd",2023-08-01 09:29:48,2023-08-01,"1","imidacloprid","cucumber","1_imidacloprid"
"6143","37",5,"001f543e4afd",2023-08-01 09:20:55,2023-08-01,"1","imidacloprid","cucumber","1_imidacloprid"
"6175","19",19,"001f5439f120",2023-08-03 10:29:24,2023-08-03,"1","flupyradifurone","zinnia","1_flupyradifurone"
"6228","34",1,"001f5439f120",2023-08-02 11:15:48,2023-08-02,"1","imidacloprid","zinnia","1_imidacloprid"
"6234","40",39,"001f5439f120",2023-08-02 06:37:05,2023-08-02,"1","imidacloprid","zinnia","1_imidacloprid"
"6237","37",1,"001f5439f120",2023-08-02 14:32:56,2023-08-02,"1","imidacloprid","zinnia","1_imidacloprid"
"6238","45",32,"001f5439f120",2023-08-02 14:52:03,2023-08-02,"1","imidacloprid","zinnia","1_imidacloprid"
"6260","34",1,"001f5439f120",2023-08-02 10:44:16,2023-08-02,"1","imidacloprid","zinnia","1_imidacloprid"
"6262","45",3,"001f5439f120",2023-08-02 14:48:20,2023-08-02,"1","imidacloprid","zinnia","1_imidacloprid"
"6273","45",13,"001f5439f120",2023-08-02 14:51:33,2023-08-02,"1","imidacloprid","zinnia","1_imidacloprid"
"6302","45",11,"001f5439f120",2023-08-02 14:52:33,2023-08-02,"1","imidacloprid","zinnia","1_imidacloprid"
"6331","34",1,"001f5439f120",2023-08-01 09:42:46,2023-08-01,"1","imidacloprid","zinnia","1_imidacloprid"
"6333","94",7,"001f5439f120",2023-08-01 16:13:00,2023-08-01,"1","control","zinnia","1_control"
"6369","37",2,"001f5439f120",2023-08-01 08:51:21,2023-08-01,"1","imidacloprid","zinnia","1_imidacloprid"
"6439","37",1,"001f5439f120",2023-08-01 15:28:50,2023-08-01,"1","imidacloprid","zinnia","1_imidacloprid"
"6460","37",1,"001f5439f120",2023-08-01 15:30:47,2023-08-01,"1","imidacloprid","zinnia","1_imidacloprid"
"6472","98",6,"001f543e3713",2023-07-31 19:48:30,2023-07-31,"1","control","cucumber","1_control"
"6491","16",11,"001f543e3713",2023-08-03 13:38:11,2023-08-03,"1","flupyradifurone","cucumber","1_flupyradifurone"
"6494","35",8,"001f543e3713",2023-08-02 10:37:20,2023-08-02,"1","imidacloprid","cucumber","1_imidacloprid"
"6495","44",1,"001f543e3713",2023-08-02 12:02:58,2023-08-02,"1","imidacloprid","cucumber","1_imidacloprid"
"6497","44",2,"001f543e3713",2023-08-02 12:46:18,2023-08-02,"1","imidacloprid","cucumber","1_imidacloprid"
"6498","30",27,"001f543e3713",2023-08-02 11:47:03,2023-08-02,"1","imidacloprid","cucumber","1_imidacloprid"
"6500","44",1,"001f543e3713",2023-08-02 12:08:54,2023-08-02,"1","imidacloprid","cucumber","1_imidacloprid"
"6505","44",3,"001f543e3713",2023-08-02 11:58:33,2023-08-02,"1","imidacloprid","cucumber","1_imidacloprid"
"6507","44",37,"001f543e3713",2023-08-02 12:02:34,2023-08-02,"1","imidacloprid","cucumber","1_imidacloprid"
"6514","44",59,"001f543e3713",2023-08-02 14:02:45,2023-08-02,"1","imidacloprid","cucumber","1_imidacloprid"
"6517","93",3,"001f543e3713",2023-08-01 09:38:58,2023-08-01,"1","control","cucumber","1_control"
"6522","93",12,"001f543e3713",2023-08-01 09:39:20,2023-08-01,"1","control","cucumber","1_control"
"6531","93",3,"001f543e3713",2023-08-01 09:21:34,2023-08-01,"1","control","cucumber","1_control"
"6561","39",17,"001f543e44e2",2023-08-02 10:47:16,2023-08-02,"1","imidacloprid","cucumber","1_imidacloprid"
"6562","44",4,"001f543e44e2",2023-08-02 14:01:53,2023-08-02,"1","imidacloprid","cucumber","1_imidacloprid"
"6564","39",30,"001f543e44e2",2023-08-01 18:02:52,2023-08-01,"1","imidacloprid","cucumber","1_imidacloprid"
"6565","39",30,"001f543e44e2",2023-08-01 18:46:57,2023-08-01,"1","imidacloprid","cucumber","1_imidacloprid"
"6574","37",4,"001f543e44c0",2023-08-01 09:06:57,2023-08-01,"1","imidacloprid","borage","1_imidacloprid"
"6623","37",1,"001f543e4335",2023-08-02 16:36:10,2023-08-02,"1","imidacloprid","borage","1_imidacloprid"
"6625","37",1,"001f543e4335",2023-08-02 16:40:27,2023-08-02,"1","imidacloprid","borage","1_imidacloprid"
"6675","37",3,"001f543e4335",2023-08-01 13:21:41,2023-08-01,"1","imidacloprid","borage","1_imidacloprid"
"6749","37",1,"001f54431b96",2023-08-02 10:08:05,2023-08-02,"1","imidacloprid","borage","1_imidacloprid"
"6750","37",5,"001f54431b96",2023-08-02 09:27:48,2023-08-02,"1","imidacloprid","borage","1_imidacloprid"
"6766","98",65,"001f543cd376",2023-07-31 20:02:19,2023-07-31,"1","control","cucumber","1_control"
"6769","98",8,"001f543cd376",2023-07-31 19:59:12,2023-07-31,"1","control","cucumber","1_control"
"6787","98",18,"001f543cd376",2023-07-31 20:02:48,2023-07-31,"1","control","cucumber","1_control"
"6802","39",83,"001f543cd376",2023-08-02 14:15:29,2023-08-02,"1","imidacloprid","cucumber","1_imidacloprid"
"6804","39",70,"001f543cd376",2023-08-02 14:14:00,2023-08-02,"1","imidacloprid","cucumber","1_imidacloprid"
"6805","39",18,"001f543cd376",2023-08-02 14:28:50,2023-08-02,"1","imidacloprid","cucumber","1_imidacloprid"
"6807","44",1,"001f543cd376",2023-08-02 15:03:46,2023-08-02,"1","imidacloprid","cucumber","1_imidacloprid"
"6809","44",72,"001f543cd376",2023-08-02 15:01:37,2023-08-02,"1","imidacloprid","cucumber","1_imidacloprid"
"6810","40",18,"001f543cd376",2023-08-02 10:27:41,2023-08-02,"1","imidacloprid","cucumber","1_imidacloprid"
"6811","40",29,"001f543cd376",2023-08-02 07:47:55,2023-08-02,"1","imidacloprid","cucumber","1_imidacloprid"
"6813","45",79,"001f543cd376",2023-08-02 12:50:45,2023-08-02,"1","imidacloprid","cucumber","1_imidacloprid"
"6817","44",89,"001f543cd376",2023-08-02 15:02:13,2023-08-02,"1","imidacloprid","cucumber","1_imidacloprid"
"6818","45",13,"001f543cd376",2023-08-02 13:01:00,2023-08-02,"1","imidacloprid","cucumber","1_imidacloprid"
"6819","44",5,"001f543cd376",2023-08-02 15:03:31,2023-08-02,"1","imidacloprid","cucumber","1_imidacloprid"
"6823","40",129,"001f543cd376",2023-08-02 10:26:49,2023-08-02,"1","imidacloprid","cucumber","1_imidacloprid"
"6824","45",51,"001f543cd376",2023-08-02 12:54:07,2023-08-02,"1","imidacloprid","cucumber","1_imidacloprid"
"6825","30",72,"001f543cd376",2023-08-02 13:29:24,2023-08-02,"1","imidacloprid","cucumber","1_imidacloprid"
"6827","35",49,"001f543cd376",2023-08-02 12:20:59,2023-08-02,"1","imidacloprid","cucumber","1_imidacloprid"
"6830","44",52,"001f543cd376",2023-08-02 14:50:50,2023-08-02,"1","imidacloprid","cucumber","1_imidacloprid"
"6831","44",1,"001f543cd376",2023-08-02 14:49:06,2023-08-02,"1","imidacloprid","cucumber","1_imidacloprid"
"6832","40",28,"001f543cd376",2023-08-02 10:35:18,2023-08-02,"1","imidacloprid","cucumber","1_imidacloprid"
"6840","45",12,"001f543cd376",2023-08-02 12:54:54,2023-08-02,"1","imidacloprid","cucumber","1_imidacloprid"
"6841","39",83,"001f543cd376",2023-08-02 14:15:52,2023-08-02,"1","imidacloprid","cucumber","1_imidacloprid"
"6842","45",21,"001f543cd376",2023-08-02 12:48:14,2023-08-02,"1","imidacloprid","cucumber","1_imidacloprid"
"6844","39",7,"001f543cd376",2023-08-02 14:21:23,2023-08-02,"1","imidacloprid","cucumber","1_imidacloprid"
"6846","44",15,"001f543cd376",2023-08-02 14:50:19,2023-08-02,"1","imidacloprid","cucumber","1_imidacloprid"
"6847","44",11,"001f543cd376",2023-08-02 14:52:19,2023-08-02,"1","imidacloprid","cucumber","1_imidacloprid"
"6848","39",90,"001f543cd376",2023-08-02 14:15:00,2023-08-02,"1","imidacloprid","cucumber","1_imidacloprid"
"6850","40",39,"001f543cd376",2023-08-02 07:48:08,2023-08-02,"1","imidacloprid","cucumber","1_imidacloprid"
"6851","39",31,"001f543cd376",2023-08-02 14:16:51,2023-08-02,"1","imidacloprid","cucumber","1_imidacloprid"
"6852","44",99,"001f543cd376",2023-08-02 14:56:51,2023-08-02,"1","imidacloprid","cucumber","1_imidacloprid"
"6853","37",2,"001f543cd376",2023-08-02 14:53:18,2023-08-02,"1","imidacloprid","cucumber","1_imidacloprid"
"6856","39",64,"001f543cd376",2023-08-02 14:14:31,2023-08-02,"1","imidacloprid","cucumber","1_imidacloprid"
"6858","44",85,"001f543cd376",2023-08-02 14:57:21,2023-08-02,"1","imidacloprid","cucumber","1_imidacloprid"
"6859","45",78,"001f543cd376",2023-08-02 13:10:20,2023-08-02,"1","imidacloprid","cucumber","1_imidacloprid"
"6861","35",1,"001f543cd376",2023-08-02 14:48:19,2023-08-02,"1","imidacloprid","cucumber","1_imidacloprid"
"6863","44",72,"001f543cd376",2023-08-02 14:55:54,2023-08-02,"1","imidacloprid","cucumber","1_imidacloprid"
"6865","44",63,"001f543cd376",2023-08-02 14:56:28,2023-08-02,"1","imidacloprid","cucumber","1_imidacloprid"
"6866","44",24,"001f543cd376",2023-08-02 14:53:50,2023-08-02,"1","imidacloprid","cucumber","1_imidacloprid"
"6868","44",3,"001f543cd376",2023-08-02 14:51:19,2023-08-02,"1","imidacloprid","cucumber","1_imidacloprid"
"6869","39",88,"001f543cd376",2023-08-02 14:16:21,2023-08-02,"1","imidacloprid","cucumber","1_imidacloprid"
"6871","30",20,"001f543cd376",2023-08-02 13:35:16,2023-08-02,"1","imidacloprid","cucumber","1_imidacloprid"
"6874","44",95,"001f543cd376",2023-08-02 14:49:45,2023-08-02,"1","imidacloprid","cucumber","1_imidacloprid"
"6876","45",40,"001f543cd376",2023-08-02 13:04:02,2023-08-02,"1","imidacloprid","cucumber","1_imidacloprid"
"6881","44",86,"001f543cd376",2023-08-02 14:51:46,2023-08-02,"1","imidacloprid","cucumber","1_imidacloprid"
"6882","40",20,"001f543cd376",2023-08-02 10:27:29,2023-08-02,"1","imidacloprid","cucumber","1_imidacloprid"
"6883","45",16,"001f543cd376",2023-08-02 13:09:58,2023-08-02,"1","imidacloprid","cucumber","1_imidacloprid"
"6888","95",4,"001f543cd376",2023-08-01 16:15:35,2023-08-01,"1","control","cucumber","1_control"
"6896","95",13,"001f543cd376",2023-08-01 16:22:11,2023-08-01,"1","control","cucumber","1_control"
"6900","95",24,"001f543cd376",2023-08-01 07:54:43,2023-08-01,"1","control","cucumber","1_control"
"6901","93",16,"001f543cd376",2023-08-01 15:39:09,2023-08-01,"1","control","cucumber","1_control"
"6926","34",1,"001f543cd376",2023-08-01 05:45:35,2023-08-01,"1","imidacloprid","cucumber","1_imidacloprid"
"6941","95",16,"001f543cd376",2023-08-01 07:57:59,2023-08-01,"1","control","cucumber","1_control"
"6943","86",11,"001f543cd376",2023-08-01 08:30:02,2023-08-01,"1","control","cucumber","1_control"
"6945","94",15,"001f543cd376",2023-08-01 16:31:01,2023-08-01,"1","control","cucumber","1_control"
"6954","94",1,"001f543cd376",2023-08-01 16:31:38,2023-08-01,"1","control","cucumber","1_control"
"7134","49",22,"001f543e49e4",2023-08-02 09:57:56,2023-08-02,"1","imidacloprid","cucumber","1_imidacloprid"
"7146","37",1,"001f543e49e4",2023-08-01 07:36:15,2023-08-01,"1","imidacloprid","cucumber","1_imidacloprid"
"7159","91",2,"001f543e49e4",2023-08-01 08:43:52,2023-08-01,"1","control","cucumber","1_control"
"7195","34",1,"001f543e49e4",2023-08-01 08:39:00,2023-08-01,"1","imidacloprid","cucumber","1_imidacloprid"
"7200","92",1,"001f543e49e4",2023-08-01 07:20:57,2023-08-01,"1","control","cucumber","1_control"
"7243","37",1,"001f543e49e4",2023-08-01 05:29:59,2023-08-01,"1","imidacloprid","cucumber","1_imidacloprid"
"7246","37",1,"001f543e49e4",2023-08-01 07:40:33,2023-08-01,"1","imidacloprid","cucumber","1_imidacloprid"
"7253","37",2,"001f543e49e4",2023-08-01 08:35:50,2023-08-01,"1","imidacloprid","cucumber","1_imidacloprid"
"7287","37",1,"001f543e49e4",2023-08-01 07:52:20,2023-08-01,"1","imidacloprid","cucumber","1_imidacloprid"
"7294","86",3,"001f543e49e4",2023-08-01 11:06:23,2023-08-01,"1","control","cucumber","1_control"
"7312","37",1,"001f543e49e4",2023-08-01 06:48:47,2023-08-01,"1","imidacloprid","cucumber","1_imidacloprid"
"7330","37",1,"001f543e49e4",2023-08-01 07:46:50,2023-08-01,"1","imidacloprid","cucumber","1_imidacloprid"
"7366","37",2,"001f543e49e4",2023-08-01 10:53:59,2023-08-01,"1","imidacloprid","cucumber","1_imidacloprid"
"7395","37",1,"001f543e49e4",2023-08-01 09:23:32,2023-08-01,"1","imidacloprid","cucumber","1_imidacloprid"
"7402","37",1,"001f543e49e4",2023-08-01 07:42:34,2023-08-01,"1","imidacloprid","cucumber","1_imidacloprid"
"7408","44",21,"001f543e37bf",2023-08-02 14:44:52,2023-08-02,"1","imidacloprid","zinnia","1_imidacloprid"
"7409","44",38,"001f543e37bf",2023-08-02 14:47:22,2023-08-02,"1","imidacloprid","zinnia","1_imidacloprid"
"7496","16",59,"001f543e3790",2023-08-03 15:11:18,2023-08-03,"1","flupyradifurone","zinnia","1_flupyradifurone"
"7736","16",12,"001f543e3790",2023-08-03 15:27:32,2023-08-03,"1","flupyradifurone","zinnia","1_flupyradifurone"
"7782","16",16,"001f543e3790",2023-08-03 15:27:10,2023-08-03,"1","flupyradifurone","zinnia","1_flupyradifurone"
"7895","16",100,"001f543e3790",2023-08-03 15:12:18,2023-08-03,"1","flupyradifurone","zinnia","1_flupyradifurone"
"7969","16",90,"001f543e3790",2023-08-03 15:11:48,2023-08-03,"1","flupyradifurone","zinnia","1_flupyradifurone"
"8098","16",4,"001f543e3790",2023-08-03 15:28:25,2023-08-03,"1","flupyradifurone","zinnia","1_flupyradifurone"
"8263","37",4,"001f543e3790",2023-08-01 17:36:42,2023-08-01,"1","imidacloprid","zinnia","1_imidacloprid"
"8280","37",1,"001f543e3790",2023-08-01 14:42:47,2023-08-01,"1","imidacloprid","zinnia","1_imidacloprid"
"8285","37",2,"001f543e3790",2023-08-01 20:13:04,2023-08-01,"1","imidacloprid","zinnia","1_imidacloprid"
"8317","37",1,"001f543e3790",2023-08-01 19:25:59,2023-08-01,"1","imidacloprid","zinnia","1_imidacloprid"
"8336","37",3,"001f543e3790",2023-08-01 20:21:42,2023-08-01,"1","imidacloprid","zinnia","1_imidacloprid"
"8356","37",1,"001f543e3790",2023-08-01 19:10:16,2023-08-01,"1","imidacloprid","zinnia","1_imidacloprid"
"8396","37",5,"001f543e3790",2023-08-01 19:34:41,2023-08-01,"1","imidacloprid","zinnia","1_imidacloprid"
"8398","37",4,"001f543e3790",2023-08-01 19:19:45,2023-08-01,"1","imidacloprid","zinnia","1_imidacloprid"
"8400","37",2,"001f543e3790",2023-08-01 20:16:42,2023-08-01,"1","imidacloprid","zinnia","1_imidacloprid"
"8406","37",10,"001f543e3790",2023-08-01 22:24:16,2023-08-01,"1","imidacloprid","zinnia","1_imidacloprid"
"8432","37",2,"001f543e3790",2023-08-01 22:13:26,2023-08-01,"1","imidacloprid","zinnia","1_imidacloprid"
"8443","37",3,"001f543e3790",2023-08-01 17:37:23,2023-08-01,"1","imidacloprid","zinnia","1_imidacloprid"
"8465","37",5,"001f543e3790",2023-08-01 22:15:14,2023-08-01,"1","imidacloprid","zinnia","1_imidacloprid"
"8476","37",5,"001f543e3790",2023-08-01 19:45:58,2023-08-01,"1","imidacloprid","zinnia","1_imidacloprid"
"8494","37",10,"001f543e3790",2023-08-01 18:15:34,2023-08-01,"1","imidacloprid","zinnia","1_imidacloprid"
"8528","37",8,"001f543e3790",2023-08-01 19:09:46,2023-08-01,"1","imidacloprid","zinnia","1_imidacloprid"
"8546","37",6,"001f543e3790",2023-08-01 19:11:43,2023-08-01,"1","imidacloprid","zinnia","1_imidacloprid"
"8554","37",5,"001f543e3790",2023-08-01 22:18:13,2023-08-01,"1","imidacloprid","zinnia","1_imidacloprid"
"8581","37",1,"001f543e3790",2023-08-01 19:45:08,2023-08-01,"1","imidacloprid","zinnia","1_imidacloprid"
"8594","37",1,"001f543e3790",2023-08-01 15:39:31,2023-08-01,"1","imidacloprid","zinnia","1_imidacloprid"
"8613","37",2,"001f543e3790",2023-08-01 23:25:20,2023-08-01,"1","imidacloprid","zinnia","1_imidacloprid"
"8623","37",5,"001f543e3790",2023-08-01 19:11:13,2023-08-01,"1","imidacloprid","zinnia","1_imidacloprid"
"8624","37",5,"001f543e3790",2023-08-01 21:25:04,2023-08-01,"1","imidacloprid","zinnia","1_imidacloprid"
"8635","37",2,"001f543e3790",2023-08-01 20:20:26,2023-08-01,"1","imidacloprid","zinnia","1_imidacloprid"
"8650","11",23,"001f54431a5d",2023-08-03 10:26:43,2023-08-03,"1","flupyradifurone","cucumber","1_flupyradifurone"
"8651","19",46,"001f54431a5d",2023-08-03 08:08:55,2023-08-03,"1","flupyradifurone","cucumber","1_flupyradifurone"
"8655","19",64,"001f54431a5d",2023-08-03 08:59:48,2023-08-03,"1","flupyradifurone","cucumber","1_flupyradifurone"
"8662","19",46,"001f54431a5d",2023-08-03 08:11:23,2023-08-03,"1","flupyradifurone","cucumber","1_flupyradifurone"
"8668","19",56,"001f54431a5d",2023-08-03 08:18:36,2023-08-03,"1","flupyradifurone","cucumber","1_flupyradifurone"
"8672","19",34,"001f54431a5d",2023-08-03 07:57:56,2023-08-03,"1","flupyradifurone","cucumber","1_flupyradifurone"
"8680","19",48,"001f54431a5d",2023-08-03 08:00:47,2023-08-03,"1","flupyradifurone","cucumber","1_flupyradifurone"
"8686","19",75,"001f54431a5d",2023-08-03 08:12:55,2023-08-03,"1","flupyradifurone","cucumber","1_flupyradifurone"
"8690","19",91,"001f54431a5d",2023-08-03 08:06:09,2023-08-03,"1","flupyradifurone","cucumber","1_flupyradifurone"
"8693","19",29,"001f54431a5d",2023-08-03 07:57:40,2023-08-03,"1","flupyradifurone","cucumber","1_flupyradifurone"
"8696","11",4,"001f54431a5d",2023-08-03 13:54:14,2023-08-03,"1","flupyradifurone","cucumber","1_flupyradifurone"
"8701","19",112,"001f54431a5d",2023-08-03 08:07:11,2023-08-03,"1","flupyradifurone","cucumber","1_flupyradifurone"
"8711","19",45,"001f54431a5d",2023-08-03 08:16:44,2023-08-03,"1","flupyradifurone","cucumber","1_flupyradifurone"
"8714","11",49,"001f54431a5d",2023-08-03 10:27:13,2023-08-03,"1","flupyradifurone","cucumber","1_flupyradifurone"
"8715","19",44,"001f54431a5d",2023-08-03 08:06:47,2023-08-03,"1","flupyradifurone","cucumber","1_flupyradifurone"
"8727","11",68,"001f54431a5d",2023-08-03 10:28:40,2023-08-03,"1","flupyradifurone","cucumber","1_flupyradifurone"
"8741","11",2,"001f54431a5d",2023-08-03 10:29:30,2023-08-03,"1","flupyradifurone","cucumber","1_flupyradifurone"
"8742","19",24,"001f54431a5d",2023-08-03 10:29:30,2023-08-03,"1","flupyradifurone","cucumber","1_flupyradifurone"
"8750","19",132,"001f54431a5d",2023-08-03 08:04:39,2023-08-03,"1","flupyradifurone","cucumber","1_flupyradifurone"
"8755","16",23,"001f54431a5d",2023-08-03 09:11:21,2023-08-03,"1","flupyradifurone","cucumber","1_flupyradifurone"
"8758","19",39,"001f54431a5d",2023-08-03 07:59:45,2023-08-03,"1","flupyradifurone","cucumber","1_flupyradifurone"
"8761","19",69,"001f54431a5d",2023-08-03 08:10:57,2023-08-03,"1","flupyradifurone","cucumber","1_flupyradifurone"
"8769","19",51,"001f54431a5d",2023-08-03 08:10:41,2023-08-03,"1","flupyradifurone","cucumber","1_flupyradifurone"
"8789","19",51,"001f54431a5d",2023-08-03 08:14:17,2023-08-03,"1","flupyradifurone","cucumber","1_flupyradifurone"
"8792","11",40,"001f54431a5d",2023-08-03 10:17:54,2023-08-03,"1","flupyradifurone","cucumber","1_flupyradifurone"
"8797","19",8,"001f54431a5d",2023-08-03 08:03:38,2023-08-03,"1","flupyradifurone","cucumber","1_flupyradifurone"
"8800","11",39,"001f54431a5d",2023-08-03 10:27:42,2023-08-03,"1","flupyradifurone","cucumber","1_flupyradifurone"
"8802","19",49,"001f54431a5d",2023-08-03 08:13:47,2023-08-03,"1","flupyradifurone","cucumber","1_flupyradifurone"
"8807","19",56,"001f54431a5d",2023-08-03 10:15:56,2023-08-03,"1","flupyradifurone","cucumber","1_flupyradifurone"
"8813","19",53,"001f54431a5d",2023-08-03 08:05:15,2023-08-03,"1","flupyradifurone","cucumber","1_flupyradifurone"
"8814","19",87,"001f54431a5d",2023-08-03 08:05:35,2023-08-03,"1","flupyradifurone","cucumber","1_flupyradifurone"
"8820","19",58,"001f54431a5d",2023-08-03 08:14:35,2023-08-03,"1","flupyradifurone","cucumber","1_flupyradifurone"
"8826","11",27,"001f54431a5d",2023-08-03 10:21:22,2023-08-03,"1","flupyradifurone","cucumber","1_flupyradifurone"
"8833","11",77,"001f54431a5d",2023-08-03 10:39:00,2023-08-03,"1","flupyradifurone","cucumber","1_flupyradifurone"
"8835","19",95,"001f54431a5d",2023-08-03 08:09:52,2023-08-03,"1","flupyradifurone","cucumber","1_flupyradifurone"
"8848","19",35,"001f54431a5d",2023-08-03 07:58:36,2023-08-03,"1","flupyradifurone","cucumber","1_flupyradifurone"
"8852","19",49,"001f54431a5d",2023-08-03 08:17:15,2023-08-03,"1","flupyradifurone","cucumber","1_flupyradifurone"
"8855","11",17,"001f54431a5d",2023-08-03 10:19:49,2023-08-03,"1","flupyradifurone","cucumber","1_flupyradifurone"
"8858","19",11,"001f54431a5d",2023-08-03 08:20:29,2023-08-03,"1","flupyradifurone","cucumber","1_flupyradifurone"
"8860","19",41,"001f54431a5d",2023-08-03 08:01:36,2023-08-03,"1","flupyradifurone","cucumber","1_flupyradifurone"
"8864","19",31,"001f54431a5d",2023-08-03 08:03:54,2023-08-03,"1","flupyradifurone","cucumber","1_flupyradifurone"
"8865","19",24,"001f54431a5d",2023-08-03 07:58:13,2023-08-03,"1","flupyradifurone","cucumber","1_flupyradifurone"
"8867","19",40,"001f54431a5d",2023-08-03 11:27:56,2023-08-03,"1","flupyradifurone","cucumber","1_flupyradifurone"
"8878","11",1,"001f54431a5d",2023-08-03 10:30:43,2023-08-03,"1","flupyradifurone","cucumber","1_flupyradifurone"
"8880","16",77,"001f54431a5d",2023-08-03 09:49:37,2023-08-03,"1","flupyradifurone","cucumber","1_flupyradifurone"
"8882","19",83,"001f54431a5d",2023-08-03 08:10:15,2023-08-03,"1","flupyradifurone","cucumber","1_flupyradifurone"
"8890","19",110,"001f54431a5d",2023-08-03 08:08:13,2023-08-03,"1","flupyradifurone","cucumber","1_flupyradifurone"
"8896","11",6,"001f54431a5d",2023-08-03 13:53:49,2023-08-03,"1","flupyradifurone","cucumber","1_flupyradifurone"
"8902","19",34,"001f54431a5d",2023-08-03 08:13:25,2023-08-03,"1","flupyradifurone","cucumber","1_flupyradifurone"
"8906","19",50,"001f54431a5d",2023-08-03 08:12:32,2023-08-03,"1","flupyradifurone","cucumber","1_flupyradifurone"
"8918","19",2,"001f54431a5d",2023-08-03 10:16:18,2023-08-03,"1","flupyradifurone","cucumber","1_flupyradifurone"
"8923","19",34,"001f54431a5d",2023-08-03 07:59:19,2023-08-03,"1","flupyradifurone","cucumber","1_flupyradifurone"
"8928","19",67,"001f54431a5d",2023-08-03 08:01:19,2023-08-03,"1","flupyradifurone","cucumber","1_flupyradifurone"
"8932","19",19,"001f54431a5d",2023-08-03 07:56:31,2023-08-03,"1","flupyradifurone","cucumber","1_flupyradifurone"
"8933","19",59,"001f54431a5d",2023-08-03 08:06:31,2023-08-03,"1","flupyradifurone","cucumber","1_flupyradifurone"
"8947","19",13,"001f54431a5d",2023-08-03 10:29:55,2023-08-03,"1","flupyradifurone","cucumber","1_flupyradifurone"
"8952","19",171,"001f54431a5d",2023-08-03 08:18:55,2023-08-03,"1","flupyradifurone","cucumber","1_flupyradifurone"
"8960","19",41,"001f54431a5d",2023-08-03 08:17:57,2023-08-03,"1","flupyradifurone","cucumber","1_flupyradifurone"
"8964","19",52,"001f54431a5d",2023-08-03 08:15:01,2023-08-03,"1","flupyradifurone","cucumber","1_flupyradifurone"
"8966","19",15,"001f54431a5d",2023-08-03 08:04:19,2023-08-03,"1","flupyradifurone","cucumber","1_flupyradifurone"
"8980","11",64,"001f54431a5d",2023-08-03 10:18:49,2023-08-03,"1","flupyradifurone","cucumber","1_flupyradifurone"
"8983","19",49,"001f54431a5d",2023-08-03 08:00:09,2023-08-03,"1","flupyradifurone","cucumber","1_flupyradifurone"
"8995","19",31,"001f54431a5d",2023-08-03 08:17:42,2023-08-03,"1","flupyradifurone","cucumber","1_flupyradifurone"
"8996","16",75,"001f54431a5d",2023-08-03 12:11:13,2023-08-03,"1","flupyradifurone","cucumber","1_flupyradifurone"
"9001","19",7,"001f54431a5d",2023-08-03 06:23:58,2023-08-03,"1","flupyradifurone","cucumber","1_flupyradifurone"
"9002","11",35,"001f54431a5d",2023-08-03 10:19:22,2023-08-03,"1","flupyradifurone","cucumber","1_flupyradifurone"
"9006","19",166,"001f54431a5d",2023-08-03 08:09:17,2023-08-03,"1","flupyradifurone","cucumber","1_flupyradifurone"
"9010","11",74,"001f54431a5d",2023-08-03 10:20:12,2023-08-03,"1","flupyradifurone","cucumber","1_flupyradifurone"
"9013","19",46,"001f54431a5d",2023-08-03 08:12:13,2023-08-03,"1","flupyradifurone","cucumber","1_flupyradifurone"
"9016","19",45,"001f54431a5d",2023-08-03 08:16:23,2023-08-03,"1","flupyradifurone","cucumber","1_flupyradifurone"
"9018","11",95,"001f54431a5d",2023-08-03 10:18:24,2023-08-03,"1","flupyradifurone","cucumber","1_flupyradifurone"
"9021","11",71,"001f54431a5d",2023-08-03 10:21:01,2023-08-03,"1","flupyradifurone","cucumber","1_flupyradifurone"
"9027","19",2,"001f54431a5d",2023-08-03 06:23:31,2023-08-03,"1","flupyradifurone","cucumber","1_flupyradifurone"
"9031","19",27,"001f54431a5d",2023-08-03 08:17:03,2023-08-03,"1","flupyradifurone","cucumber","1_flupyradifurone"
"9035","19",48,"001f54431a5d",2023-08-03 08:14:05,2023-08-03,"1","flupyradifurone","cucumber","1_flupyradifurone"
"9036","19",64,"001f54431a5d",2023-08-03 08:15:52,2023-08-03,"1","flupyradifurone","cucumber","1_flupyradifurone"
"9042","19",66,"001f54431a5d",2023-08-03 08:19:31,2023-08-03,"1","flupyradifurone","cucumber","1_flupyradifurone"
"9044","19",44,"001f54431a5d",2023-08-03 08:19:52,2023-08-03,"1","flupyradifurone","cucumber","1_flupyradifurone"
"9045","19",20,"001f54431a5d",2023-08-03 08:00:24,2023-08-03,"1","flupyradifurone","cucumber","1_flupyradifurone"
"9049","19",33,"001f54431a5d",2023-08-03 08:01:02,2023-08-03,"1","flupyradifurone","cucumber","1_flupyradifurone"
"9051","11",87,"001f54431a5d",2023-08-03 10:20:34,2023-08-03,"1","flupyradifurone","cucumber","1_flupyradifurone"
"9056","19",69,"001f54431a5d",2023-08-03 08:01:59,2023-08-03,"1","flupyradifurone","cucumber","1_flupyradifurone"
"9057","19",70,"001f54431a5d",2023-08-03 08:08:38,2023-08-03,"1","flupyradifurone","cucumber","1_flupyradifurone"
"9058","11",13,"001f54431a5d",2023-08-03 10:29:09,2023-08-03,"1","flupyradifurone","cucumber","1_flupyradifurone"
"9070","19",48,"001f54431a5d",2023-08-03 07:57:10,2023-08-03,"1","flupyradifurone","cucumber","1_flupyradifurone"
"9071","19",21,"001f54431a5d",2023-08-03 08:15:37,2023-08-03,"1","flupyradifurone","cucumber","1_flupyradifurone"
"9074","19",11,"001f54431a5d",2023-08-03 08:02:22,2023-08-03,"1","flupyradifurone","cucumber","1_flupyradifurone"
"9082","16",26,"001f54431a5d",2023-08-03 09:50:02,2023-08-03,"1","flupyradifurone","cucumber","1_flupyradifurone"
"9086","19",39,"001f54431a5d",2023-08-03 08:00:36,2023-08-03,"1","flupyradifurone","cucumber","1_flupyradifurone"
"9089","19",111,"001f54431a5d",2023-08-03 08:07:44,2023-08-03,"1","flupyradifurone","cucumber","1_flupyradifurone"
"9124","34",1,"001f54431a5d",2023-08-02 13:15:51,2023-08-02,"1","imidacloprid","cucumber","1_imidacloprid"
"9135","42",1,"001f54431a5d",2023-08-02 10:29:07,2023-08-02,"1","imidacloprid","cucumber","1_imidacloprid"
"9162","37",2,"001f54431a5d",2023-08-02 13:44:53,2023-08-02,"1","imidacloprid","cucumber","1_imidacloprid"
"9233","37",1,"001f54431a5d",2023-08-02 20:32:14,2023-08-02,"1","imidacloprid","cucumber","1_imidacloprid"
"9310","34",5,"001f54431a5d",2023-08-02 11:21:43,2023-08-02,"1","imidacloprid","cucumber","1_imidacloprid"
"9313","37",1,"001f54431a5d",2023-08-02 15:07:57,2023-08-02,"1","imidacloprid","cucumber","1_imidacloprid"
"9318","37",2,"001f54431a5d",2023-08-02 18:42:55,2023-08-02,"1","imidacloprid","cucumber","1_imidacloprid"
"9329","37",4,"001f54431a5d",2023-08-02 19:46:32,2023-08-02,"1","imidacloprid","cucumber","1_imidacloprid"
"9375","35",20,"001f54431a5d",2023-08-02 11:04:51,2023-08-02,"1","imidacloprid","cucumber","1_imidacloprid"
"9386","37",1,"001f54431a5d",2023-08-02 23:46:50,2023-08-02,"1","imidacloprid","cucumber","1_imidacloprid"
"9416","40",7,"001f543e42b1",2023-08-02 09:27:44,2023-08-02,"1","imidacloprid","cucumber","1_imidacloprid"
"9417","35",24,"001f543e42b1",2023-08-02 13:39:40,2023-08-02,"1","imidacloprid","cucumber","1_imidacloprid"
"9473","299",9,"001f543e44c5",2023-08-08 18:21:38,2023-08-08,"2","imidacloprid","zinnia","2_imidacloprid"
"9475","299",6,"001f543e44c5",2023-08-08 18:22:00,2023-08-08,"2","imidacloprid","zinnia","2_imidacloprid"
"9502","276",83,"001f543cd78f",2023-08-09 18:08:41,2023-08-09,"2","flupyradifurone","zinnia","2_flupyradifurone"
"9506","276",103,"001f543cd78f",2023-08-09 18:09:09,2023-08-09,"2","flupyradifurone","zinnia","2_flupyradifurone"
"9512","265",1,"001f543cd78f",2023-08-08 13:09:29,2023-08-08,"2","flupyradifurone","zinnia","2_flupyradifurone"
"9689","286",1,"001f54431b3d",2023-08-08 10:15:23,2023-08-08,"2","imidacloprid","zinnia","2_imidacloprid"
"9780","296",45,"001f54431b3d",2023-08-08 11:40:13,2023-08-08,"2","imidacloprid","zinnia","2_imidacloprid"
"9813","296",1,"001f54431b3d",2023-08-08 11:36:32,2023-08-08,"2","imidacloprid","zinnia","2_imidacloprid"
"9897","286",4,"001f54431b3d",2023-08-08 09:07:11,2023-08-08,"2","imidacloprid","zinnia","2_imidacloprid"
"9910","296",7,"001f54431b3d",2023-08-08 11:35:37,2023-08-08,"2","imidacloprid","zinnia","2_imidacloprid"
"9967","296",26,"001f54431b3d",2023-08-08 11:36:01,2023-08-08,"2","imidacloprid","zinnia","2_imidacloprid"
"10040","277",10,"001f543cd39b",2023-08-09 12:34:32,2023-08-09,"2","flupyradifurone","zinnia","2_flupyradifurone"
"10200","289",2,"001f543cd39b",2023-08-07 16:50:23,2023-08-07,"2","imidacloprid","zinnia","2_imidacloprid"
"10255","296",1,"001f543cd39b",2023-08-08 16:45:06,2023-08-08,"2","imidacloprid","zinnia","2_imidacloprid"
"10304","296",2,"001f543cd39b",2023-08-08 16:47:11,2023-08-08,"2","imidacloprid","zinnia","2_imidacloprid"
"10484","277",3,"001f543e42a5",2023-08-09 12:34:19,2023-08-09,"2","flupyradifurone","cucumber","2_flupyradifurone"
"10488","319",1,"001f543e42a5",2023-08-09 12:02:00,2023-08-09,"2","control","cucumber","2_control"
"10489","277",10,"001f543e42a5",2023-08-09 12:33:58,2023-08-09,"2","flupyradifurone","cucumber","2_flupyradifurone"
"10496","314",1,"001f543e42a5",2023-08-09 11:31:28,2023-08-09,"2","control","cucumber","2_control"
"10520","267",1,"001f543e42a5",2023-08-09 00:06:25,2023-08-09,"2","flupyradifurone","cucumber","2_flupyradifurone"
"10525","269",6,"001f543e42a5",2023-08-09 09:42:30,2023-08-09,"2","flupyradifurone","cucumber","2_flupyradifurone"
"10712","309",5,"001f54431a61",2023-08-10 14:09:31,2023-08-10,"2","control","cucumber","2_control"
"10762","276",36,"001f54431a61",2023-08-09 16:49:14,2023-08-09,"2","flupyradifurone","cucumber","2_flupyradifurone"
"10771","290",15,"001f54431a61",2023-08-08 09:10:19,2023-08-08,"2","imidacloprid","cucumber","2_imidacloprid"
"10775","290",16,"001f543e4afd",2023-08-08 09:12:18,2023-08-08,"2","imidacloprid","cucumber","2_imidacloprid"
"10776","296",42,"001f543e4afd",2023-08-08 09:33:25,2023-08-08,"2","imidacloprid","cucumber","2_imidacloprid"
"10778","296",34,"001f543e4afd",2023-08-08 10:13:29,2023-08-08,"2","imidacloprid","cucumber","2_imidacloprid"
"10830","290",1,"001f543e44e2",2023-08-08 16:37:35,2023-08-08,"2","imidacloprid","borage","2_imidacloprid"
"10838","290",6,"001f543e44e2",2023-08-08 16:36:36,2023-08-08,"2","imidacloprid","borage","2_imidacloprid"
"11226","314",1,"001f543e4335",2023-08-10 14:14:13,2023-08-10,"2","control","borage","2_control"
"11283","267",1,"001f543e4335",2023-08-09 16:00:22,2023-08-09,"2","flupyradifurone","borage","2_flupyradifurone"
"11303","272",1,"001f543e4335",2023-08-09 16:11:12,2023-08-09,"2","flupyradifurone","borage","2_flupyradifurone"
"11469","276",4,"001f54431b96",2023-08-09 16:16:19,2023-08-09,"2","flupyradifurone","cucumber","2_flupyradifurone"
"11491","276",40,"001f543e37bf",2023-08-09 16:15:09,2023-08-09,"2","flupyradifurone","zinnia","2_flupyradifurone"
"11493","276",29,"001f543e37bf",2023-08-09 16:15:29,2023-08-09,"2","flupyradifurone","zinnia","2_flupyradifurone"
"11498","276",7,"001f543e37bf",2023-08-09 18:08:05,2023-08-09,"2","flupyradifurone","zinnia","2_flupyradifurone"
"11499","319",1,"001f543e37bf",2023-08-09 18:08:05,2023-08-09,"2","control","zinnia","2_control"
"11500","276",21,"001f543e37bf",2023-08-09 16:50:35,2023-08-09,"2","flupyradifurone","zinnia","2_flupyradifurone"
"11502","276",17,"001f543e37bf",2023-08-09 16:50:59,2023-08-09,"2","flupyradifurone","zinnia","2_flupyradifurone"
"11503","276",38,"001f543e37bf",2023-08-09 16:14:55,2023-08-09,"2","flupyradifurone","zinnia","2_flupyradifurone"
"11597","104",33,"001f543e4afd",2023-08-17 13:42:45,2023-08-17,"3","imidacloprid","cucumber","3_imidacloprid"
"11598","104",12,"001f543e4afd",2023-08-17 13:42:58,2023-08-17,"3","imidacloprid","cucumber","3_imidacloprid"
"11600","106",12,"001f543e4afd",2023-08-17 17:48:18,2023-08-17,"3","imidacloprid","cucumber","3_imidacloprid"
"11609","129",7,"001f543e4a87",2023-08-16 11:40:50,2023-08-16,"3","control","zinnia","3_control"
"11613","109",1,"001f543e44c5",2023-08-17 11:44:45,2023-08-17,"3","imidacloprid","borage","3_imidacloprid"
"11615","137",7,"001f54431b3d",2023-08-16 11:10:16,2023-08-16,"3","control","cucumber","3_control"
"11616","106",1,"001f54431b3d",2023-08-16 11:15:06,2023-08-16,"3","imidacloprid","cucumber","3_imidacloprid"
"11617","137",15,"001f54431b3d",2023-08-16 11:15:06,2023-08-16,"3","control","cucumber","3_control"
"11621","106",23,"001f54431b3d",2023-08-17 14:44:35,2023-08-17,"3","imidacloprid","cucumber","3_imidacloprid"
"11624","127",1,"001f543e44c0",2023-08-16 16:41:29,2023-08-16,"3","control","borage","3_control"
"11639","106",1,"001f543e44c0",2023-08-17 16:26:01,2023-08-17,"3","imidacloprid","borage","3_imidacloprid"
"11678","109",1,"001f543cd78f",2023-08-16 15:04:04,2023-08-16,"3","imidacloprid","zinnia","3_imidacloprid"
"11689","131",1,"001f543cd78f",2023-08-16 16:04:42,2023-08-16,"3","control","zinnia","3_control"
"11706","109",1,"001f543cd78f",2023-08-16 16:51:15,2023-08-16,"3","imidacloprid","zinnia","3_imidacloprid"
"11737","109",1,"001f543cd78f",2023-08-16 18:33:19,2023-08-16,"3","imidacloprid","zinnia","3_imidacloprid"
"11738","126",1,"001f543cd78f",2023-08-16 18:33:33,2023-08-16,"3","control","zinnia","3_control"
"11741","109",1,"001f543cd78f",2023-08-16 18:38:32,2023-08-16,"3","imidacloprid","zinnia","3_imidacloprid"
"11748","109",1,"001f543cd78f",2023-08-16 19:54:46,2023-08-16,"3","imidacloprid","zinnia","3_imidacloprid"
"11756","109",1,"001f543cd78f",2023-08-17 07:25:05,2023-08-17,"3","imidacloprid","zinnia","3_imidacloprid"
"11778","106",1,"001f543cd78f",2023-08-17 08:38:17,2023-08-17,"3","imidacloprid","zinnia","3_imidacloprid"
"11782","110",1,"001f543cd78f",2023-08-17 08:43:21,2023-08-17,"3","imidacloprid","zinnia","3_imidacloprid"
"11810","109",2,"001f543cd78f",2023-08-17 10:05:15,2023-08-17,"3","imidacloprid","zinnia","3_imidacloprid"
"11811","109",1,"001f543cd78f",2023-08-17 10:07:51,2023-08-17,"3","imidacloprid","zinnia","3_imidacloprid"
"11814","109",2,"001f543cd78f",2023-08-17 10:10:30,2023-08-17,"3","imidacloprid","zinnia","3_imidacloprid"
"11816","109",1,"001f543cd78f",2023-08-17 10:11:45,2023-08-17,"3","imidacloprid","zinnia","3_imidacloprid"
"11830","109",1,"001f543cd78f",2023-08-17 12:26:48,2023-08-17,"3","imidacloprid","zinnia","3_imidacloprid"
"11841","110",1,"001f543cd78f",2023-08-17 12:52:45,2023-08-17,"3","imidacloprid","zinnia","3_imidacloprid"
"11852","104",8,"001f543cd78f",2023-08-17 13:44:33,2023-08-17,"3","imidacloprid","zinnia","3_imidacloprid"
"11854","110",1,"001f543cd78f",2023-08-17 14:03:56,2023-08-17,"3","imidacloprid","zinnia","3_imidacloprid"
"11867","109",1,"001f543cd78f",2023-08-17 16:05:49,2023-08-17,"3","imidacloprid","zinnia","3_imidacloprid"
"11878","109",1,"001f543cd78f",2023-08-17 16:57:39,2023-08-17,"3","imidacloprid","zinnia","3_imidacloprid"
"11880","109",1,"001f543cd78f",2023-08-17 16:58:53,2023-08-17,"3","imidacloprid","zinnia","3_imidacloprid"
"11882","140",1,"001f543cd78f",2023-08-17 17:06:08,2023-08-17,"3","flupyradifurone","zinnia","3_flupyradifurone"
"11883","110",1,"001f543cd78f",2023-08-17 17:06:25,2023-08-17,"3","imidacloprid","zinnia","3_imidacloprid"
"11895","140",1,"001f543cd78f",2023-08-17 17:43:55,2023-08-17,"3","flupyradifurone","zinnia","3_flupyradifurone"
"11905","109",1,"001f543cd78f",2023-08-17 18:44:19,2023-08-17,"3","imidacloprid","zinnia","3_imidacloprid"
"11926","152",82,"001f543cd78f",2023-08-18 11:57:09,2023-08-18,"3","flupyradifurone","zinnia","3_flupyradifurone"
"11931","137",16,"001f543e37bf",2023-08-16 12:31:42,2023-08-16,"3","control","zinnia","3_control"
"11932","137",21,"001f543e37bf",2023-08-16 12:33:07,2023-08-16,"3","control","zinnia","3_control"
"11933","137",39,"001f543e37bf",2023-08-16 12:33:54,2023-08-16,"3","control","zinnia","3_control"
"11934","137",14,"001f543e37bf",2023-08-16 12:34:35,2023-08-16,"3","control","zinnia","3_control"
"11937","106",10,"001f543e37bf",2023-08-17 18:37:17,2023-08-17,"3","imidacloprid","zinnia","3_imidacloprid"
"11938","152",52,"001f543e37bf",2023-08-18 10:10:49,2023-08-18,"3","flupyradifurone","zinnia","3_flupyradifurone"
"11958","137",2,"001f543e44e2",2023-08-15 19:04:10,2023-08-15,"3","control","cucumber","3_control"
"11961","104",24,"001f543e44e2",2023-08-17 13:41:13,2023-08-17,"3","imidacloprid","cucumber","3_imidacloprid"
"11971","106",2,"001f543cd39b",2023-08-16 05:57:43,2023-08-16,"3","imidacloprid","cucumber","3_imidacloprid"
"11983","111",3,"001f543cd39b",2023-08-16 06:06:00,2023-08-16,"3","imidacloprid","cucumber","3_imidacloprid"
"11990","127",3,"001f543cd39b",2023-08-16 06:28:37,2023-08-16,"3","control","cucumber","3_control"
"11992","107",3,"001f543cd39b",2023-08-16 06:31:27,2023-08-16,"3","imidacloprid","cucumber","3_imidacloprid"
"12000","109",5,"001f543cd39b",2023-08-16 06:38:07,2023-08-16,"3","imidacloprid","cucumber","3_imidacloprid"
"12017","106",1,"001f543cd39b",2023-08-16 10:45:11,2023-08-16,"3","imidacloprid","cucumber","3_imidacloprid"
"12024","106",1,"001f543cd39b",2023-08-16 15:02:48,2023-08-16,"3","imidacloprid","cucumber","3_imidacloprid"
"12044","106",1,"001f543cd39b",2023-08-16 19:06:14,2023-08-16,"3","imidacloprid","cucumber","3_imidacloprid"
"12050","110",1,"001f543cd39b",2023-08-17 01:58:35,2023-08-17,"3","imidacloprid","cucumber","3_imidacloprid"
"12059","110",2,"001f543cd39b",2023-08-17 02:47:00,2023-08-17,"3","imidacloprid","cucumber","3_imidacloprid"
"12060","110",1,"001f543cd39b",2023-08-17 02:47:38,2023-08-17,"3","imidacloprid","cucumber","3_imidacloprid"
"12061","110",1,"001f543cd39b",2023-08-17 02:56:49,2023-08-17,"3","imidacloprid","cucumber","3_imidacloprid"
"12069","109",1,"001f543cd39b",2023-08-17 04:59:23,2023-08-17,"3","imidacloprid","cucumber","3_imidacloprid"
"12072","106",1,"001f543cd39b",2023-08-17 07:21:30,2023-08-17,"3","imidacloprid","cucumber","3_imidacloprid"
"12078","107",1,"001f543cd39b",2023-08-17 07:29:06,2023-08-17,"3","imidacloprid","cucumber","3_imidacloprid"
"12097","109",1,"001f543cd39b",2023-08-17 07:40:47,2023-08-17,"3","imidacloprid","cucumber","3_imidacloprid"
"12102","106",5,"001f543cd39b",2023-08-17 08:03:11,2023-08-17,"3","imidacloprid","cucumber","3_imidacloprid"
"12103","106",4,"001f543cd39b",2023-08-17 08:19:08,2023-08-17,"3","imidacloprid","cucumber","3_imidacloprid"
"12108","145",1,"001f543cd39b",2023-08-17 08:39:19,2023-08-17,"3","flupyradifurone","cucumber","3_flupyradifurone"
"12109","110",1,"001f543cd39b",2023-08-17 08:40:15,2023-08-17,"3","imidacloprid","cucumber","3_imidacloprid"
"12113","158",1,"001f543cd39b",2023-08-17 08:40:41,2023-08-17,"3","flupyradifurone","cucumber","3_flupyradifurone"
"12129","109",1,"001f543cd39b",2023-08-17 13:15:47,2023-08-17,"3","imidacloprid","cucumber","3_imidacloprid"
"12133","152",44,"001f543cd39b",2023-08-17 18:08:43,2023-08-17,"3","flupyradifurone","cucumber","3_flupyradifurone"
"12134","152",35,"001f543cd39b",2023-08-17 18:08:55,2023-08-17,"3","flupyradifurone","cucumber","3_flupyradifurone"
"12184","109",5,"001f54431b96",2023-08-16 08:10:25,2023-08-16,"3","imidacloprid","borage","3_imidacloprid"
"12191","106",1,"001f54431b96",2023-08-16 12:04:38,2023-08-16,"3","imidacloprid","borage","3_imidacloprid"
"12210","145",1,"001f54431b96",2023-08-17 07:40:49,2023-08-17,"3","flupyradifurone","borage","3_flupyradifurone"
"12218","110",1,"001f54431b96",2023-08-17 07:44:59,2023-08-17,"3","imidacloprid","borage","3_imidacloprid"
"12234","114",1,"001f54431b96",2023-08-17 07:57:54,2023-08-17,"3","imidacloprid","borage","3_imidacloprid"
"12252","110",2,"001f54431b96",2023-08-17 09:40:22,2023-08-17,"3","imidacloprid","borage","3_imidacloprid"
"12254","145",1,"001f54431b96",2023-08-17 09:44:24,2023-08-17,"3","flupyradifurone","borage","3_flupyradifurone"
"12264","110",1,"001f54431b96",2023-08-17 09:51:15,2023-08-17,"3","imidacloprid","borage","3_imidacloprid"
"12267","109",1,"001f54431b96",2023-08-17 10:03:01,2023-08-17,"3","imidacloprid","borage","3_imidacloprid"
"12269","106",1,"001f54431b96",2023-08-17 10:04:15,2023-08-17,"3","imidacloprid","borage","3_imidacloprid"
"12270","145",1,"001f54431b96",2023-08-17 10:05:06,2023-08-17,"3","flupyradifurone","borage","3_flupyradifurone"
"12275","145",1,"001f54431b96",2023-08-17 10:09:17,2023-08-17,"3","flupyradifurone","borage","3_flupyradifurone"
"12282","106",1,"001f54431b96",2023-08-17 10:42:15,2023-08-17,"3","imidacloprid","borage","3_imidacloprid"
"12303","105",1,"001f543e42a5",2023-08-17 11:43:25,2023-08-17,"3","imidacloprid","borage","3_imidacloprid"
"12305","106",1,"001f543e42a5",2023-08-17 11:46:25,2023-08-17,"3","imidacloprid","borage","3_imidacloprid"
"12307","106",1,"001f543e42a5",2023-08-17 11:47:10,2023-08-17,"3","imidacloprid","borage","3_imidacloprid"
"12309","109",2,"001f543e42a5",2023-08-17 11:48:20,2023-08-17,"3","imidacloprid","borage","3_imidacloprid"
"12313","106",1,"001f543e42a5",2023-08-17 12:03:43,2023-08-17,"3","imidacloprid","borage","3_imidacloprid"
"12325","129",24,"001f543e42b1",2023-08-15 18:14:49,2023-08-15,"3","control","cucumber","3_control"
"12326","134",5,"001f543e42b1",2023-08-16 10:03:07,2023-08-16,"3","control","cucumber","3_control"
"12329","104",9,"001f543e42b1",2023-08-17 13:42:37,2023-08-17,"3","imidacloprid","cucumber","3_imidacloprid"
"12332","104",11,"001f543e42b1",2023-08-17 15:53:26,2023-08-17,"3","imidacloprid","cucumber","3_imidacloprid"
"12336","125",1,"001f543e3790",2023-08-15 16:37:52,2023-08-15,"3","control","borage","3_control"
"12371","136",4,"001f543e3790",2023-08-15 17:19:18,2023-08-15,"3","control","borage","3_control"
"12384","126",4,"001f543e3790",2023-08-15 17:29:30,2023-08-15,"3","control","borage","3_control"
"12410","109",4,"001f543e3790",2023-08-16 09:45:58,2023-08-16,"3","imidacloprid","borage","3_imidacloprid"
"12411","109",4,"001f543e3790",2023-08-16 10:13:23,2023-08-16,"3","imidacloprid","borage","3_imidacloprid"
"12414","109",2,"001f543e3790",2023-08-16 10:26:09,2023-08-16,"3","imidacloprid","borage","3_imidacloprid"
"12415","109",5,"001f543e3790",2023-08-16 10:27:57,2023-08-16,"3","imidacloprid","borage","3_imidacloprid"
"12417","134",2,"001f543e3790",2023-08-16 10:33:31,2023-08-16,"3","control","borage","3_control"
"12423","109",1,"001f543e3790",2023-08-16 11:22:24,2023-08-16,"3","imidacloprid","borage","3_imidacloprid"
"12424","109",1,"001f543e3790",2023-08-16 11:27:39,2023-08-16,"3","imidacloprid","borage","3_imidacloprid"
"12432","110",3,"001f543e3790",2023-08-16 12:57:04,2023-08-16,"3","imidacloprid","borage","3_imidacloprid"
"12485","127",4,"001f543e3790",2023-08-16 13:45:28,2023-08-16,"3","control","borage","3_control"
"12512","106",1,"001f543e3790",2023-08-16 13:54:42,2023-08-16,"3","imidacloprid","borage","3_imidacloprid"
"12516","109",3,"001f543e3790",2023-08-16 13:55:28,2023-08-16,"3","imidacloprid","borage","3_imidacloprid"
"12521","127",4,"001f543e3790",2023-08-16 13:58:32,2023-08-16,"3","control","borage","3_control"
"12524","127",5,"001f543e3790",2023-08-16 14:00:55,2023-08-16,"3","control","borage","3_control"
"12532","127",3,"001f543e3790",2023-08-16 15:52:00,2023-08-16,"3","control","borage","3_control"
"12538","109",1,"001f543e3790",2023-08-16 16:54:15,2023-08-16,"3","imidacloprid","borage","3_imidacloprid"
"12545","109",1,"001f543e3790",2023-08-16 17:05:17,2023-08-16,"3","imidacloprid","borage","3_imidacloprid"
"12551","112",1,"001f543e3790",2023-08-16 17:10:40,2023-08-16,"3","imidacloprid","borage","3_imidacloprid"
"12558","112",1,"001f543e3790",2023-08-16 17:16:01,2023-08-16,"3","imidacloprid","borage","3_imidacloprid"
"12560","109",1,"001f543e3790",2023-08-16 17:17:37,2023-08-16,"3","imidacloprid","borage","3_imidacloprid"
"12563","107",1,"001f543e3790",2023-08-16 17:19:27,2023-08-16,"3","imidacloprid","borage","3_imidacloprid"
"12580","110",3,"001f543e3790",2023-08-16 17:38:44,2023-08-16,"3","imidacloprid","borage","3_imidacloprid"
"12584","106",1,"001f543e3790",2023-08-16 17:46:28,2023-08-16,"3","imidacloprid","borage","3_imidacloprid"
"12588","112",5,"001f543e3790",2023-08-16 17:54:57,2023-08-16,"3","imidacloprid","borage","3_imidacloprid"
"12591","105",1,"001f543e3790",2023-08-16 17:57:31,2023-08-16,"3","imidacloprid","borage","3_imidacloprid"
"12597","128",1,"001f543e3790",2023-08-16 18:06:40,2023-08-16,"3","control","borage","3_control"
"12601","128",1,"001f543e3790",2023-08-16 18:11:38,2023-08-16,"3","control","borage","3_control"
"12603","106",1,"001f543e3790",2023-08-16 18:12:21,2023-08-16,"3","imidacloprid","borage","3_imidacloprid"
"12604","128",1,"001f543e3790",2023-08-16 18:12:50,2023-08-16,"3","control","borage","3_control"
"12605","106",1,"001f543e3790",2023-08-16 18:13:42,2023-08-16,"3","imidacloprid","borage","3_imidacloprid"
"12608","106",2,"001f543e3790",2023-08-16 18:14:58,2023-08-16,"3","imidacloprid","borage","3_imidacloprid"
"12609","128",1,"001f543e3790",2023-08-16 18:14:58,2023-08-16,"3","control","borage","3_control"
"12610","106",1,"001f543e3790",2023-08-16 18:15:22,2023-08-16,"3","imidacloprid","borage","3_imidacloprid"
"12611","128",1,"001f543e3790",2023-08-16 18:15:22,2023-08-16,"3","control","borage","3_control"
"12612","106",1,"001f543e3790",2023-08-16 18:15:56,2023-08-16,"3","imidacloprid","borage","3_imidacloprid"
"12613","109",1,"001f543e3790",2023-08-16 18:15:56,2023-08-16,"3","imidacloprid","borage","3_imidacloprid"
"12615","106",2,"001f543e3790",2023-08-16 18:17:19,2023-08-16,"3","imidacloprid","borage","3_imidacloprid"
"12617","106",1,"001f543e3790",2023-08-16 18:18:06,2023-08-16,"3","imidacloprid","borage","3_imidacloprid"
"12618","106",2,"001f543e3790",2023-08-16 18:18:27,2023-08-16,"3","imidacloprid","borage","3_imidacloprid"
"12619","106",2,"001f543e3790",2023-08-16 18:18:50,2023-08-16,"3","imidacloprid","borage","3_imidacloprid"
"12621","106",1,"001f543e3790",2023-08-16 18:19:24,2023-08-16,"3","imidacloprid","borage","3_imidacloprid"
"12622","106",1,"001f543e3790",2023-08-16 18:19:37,2023-08-16,"3","imidacloprid","borage","3_imidacloprid"
"12623","106",2,"001f543e3790",2023-08-16 18:20:00,2023-08-16,"3","imidacloprid","borage","3_imidacloprid"
"12624","106",1,"001f543e3790",2023-08-16 18:20:25,2023-08-16,"3","imidacloprid","borage","3_imidacloprid"
"12626","106",3,"001f543e3790",2023-08-16 18:21:26,2023-08-16,"3","imidacloprid","borage","3_imidacloprid"
"12627","106",2,"001f543e3790",2023-08-16 18:22:58,2023-08-16,"3","imidacloprid","borage","3_imidacloprid"
"12628","128",1,"001f543e3790",2023-08-16 18:22:58,2023-08-16,"3","control","borage","3_control"
"12630","106",1,"001f543e3790",2023-08-16 18:24:14,2023-08-16,"3","imidacloprid","borage","3_imidacloprid"
"12633","106",2,"001f543e3790",2023-08-16 18:25:05,2023-08-16,"3","imidacloprid","borage","3_imidacloprid"
"12634","106",1,"001f543e3790",2023-08-16 18:26:33,2023-08-16,"3","imidacloprid","borage","3_imidacloprid"
"12635","106",1,"001f543e3790",2023-08-16 18:26:56,2023-08-16,"3","imidacloprid","borage","3_imidacloprid"
"12637","106",1,"001f543e3790",2023-08-16 18:27:23,2023-08-16,"3","imidacloprid","borage","3_imidacloprid"
"12638","106",1,"001f543e3790",2023-08-16 18:28:12,2023-08-16,"3","imidacloprid","borage","3_imidacloprid"
"12639","110",1,"001f543e3790",2023-08-16 18:28:12,2023-08-16,"3","imidacloprid","borage","3_imidacloprid"
"12640","106",3,"001f543e3790",2023-08-16 18:29:16,2023-08-16,"3","imidacloprid","borage","3_imidacloprid"
"12642","106",1,"001f543e3790",2023-08-16 18:29:45,2023-08-16,"3","imidacloprid","borage","3_imidacloprid"
"12649","106",2,"001f543e3790",2023-08-16 18:33:03,2023-08-16,"3","imidacloprid","borage","3_imidacloprid"
"12650","106",1,"001f543e3790",2023-08-16 18:33:21,2023-08-16,"3","imidacloprid","borage","3_imidacloprid"
"12651","128",1,"001f543e3790",2023-08-16 18:33:48,2023-08-16,"3","control","borage","3_control"
"12653","106",1,"001f543e3790",2023-08-16 18:35:00,2023-08-16,"3","imidacloprid","borage","3_imidacloprid"
"12654","110",1,"001f543e3790",2023-08-16 18:35:00,2023-08-16,"3","imidacloprid","borage","3_imidacloprid"
"12657","106",1,"001f543e3790",2023-08-16 18:35:51,2023-08-16,"3","imidacloprid","borage","3_imidacloprid"
"12658","106",1,"001f543e3790",2023-08-16 18:36:12,2023-08-16,"3","imidacloprid","borage","3_imidacloprid"
"12659","106",2,"001f543e3790",2023-08-16 18:36:40,2023-08-16,"3","imidacloprid","borage","3_imidacloprid"
"12660","106",2,"001f543e3790",2023-08-16 18:37:42,2023-08-16,"3","imidacloprid","borage","3_imidacloprid"
"12661","105",1,"001f543e3790",2023-08-16 18:38:04,2023-08-16,"3","imidacloprid","borage","3_imidacloprid"
"12662","106",1,"001f543e3790",2023-08-16 18:38:04,2023-08-16,"3","imidacloprid","borage","3_imidacloprid"
"12664","106",2,"001f543e3790",2023-08-16 18:44:38,2023-08-16,"3","imidacloprid","borage","3_imidacloprid"
"12665","106",1,"001f543e3790",2023-08-16 19:00:10,2023-08-16,"3","imidacloprid","borage","3_imidacloprid"
"12672","128",1,"001f543e3790",2023-08-16 19:48:30,2023-08-16,"3","control","borage","3_control"
"12685","128",1,"001f543e3790",2023-08-16 19:54:36,2023-08-16,"3","control","borage","3_control"
"12694","128",1,"001f543e3790",2023-08-16 20:01:04,2023-08-16,"3","control","borage","3_control"
"12700","105",1,"001f543e3790",2023-08-16 20:02:45,2023-08-16,"3","imidacloprid","borage","3_imidacloprid"
"12706","110",1,"001f543e3790",2023-08-16 20:04:10,2023-08-16,"3","imidacloprid","borage","3_imidacloprid"
"12709","106",2,"001f543e3790",2023-08-16 20:05:13,2023-08-16,"3","imidacloprid","borage","3_imidacloprid"
"12712","121",1,"001f543e3790",2023-08-16 20:08:04,2023-08-16,"3","control","borage","3_control"
"12722","106",1,"001f543e3790",2023-08-16 20:14:33,2023-08-16,"3","imidacloprid","borage","3_imidacloprid"
"12724","107",1,"001f543e3790",2023-08-16 20:15:28,2023-08-16,"3","imidacloprid","borage","3_imidacloprid"
"12738","107",1,"001f543e3790",2023-08-16 20:22:54,2023-08-16,"3","imidacloprid","borage","3_imidacloprid"
"12742","106",2,"001f543e3790",2023-08-17 05:48:28,2023-08-17,"3","imidacloprid","borage","3_imidacloprid"
"12746","156",1,"001f543e3790",2023-08-17 06:12:39,2023-08-17,"3","flupyradifurone","borage","3_flupyradifurone"
"12748","106",1,"001f543e3790",2023-08-17 06:18:45,2023-08-17,"3","imidacloprid","borage","3_imidacloprid"
"12749","106",4,"001f543e3790",2023-08-17 06:19:49,2023-08-17,"3","imidacloprid","borage","3_imidacloprid"
"12770","106",4,"001f543e3790",2023-08-17 06:58:40,2023-08-17,"3","imidacloprid","borage","3_imidacloprid"
"12771","106",1,"001f543e3790",2023-08-17 06:59:59,2023-08-17,"3","imidacloprid","borage","3_imidacloprid"
"12777","106",2,"001f543e3790",2023-08-17 07:05:15,2023-08-17,"3","imidacloprid","borage","3_imidacloprid"
"12791","110",2,"001f543e3790",2023-08-17 07:15:42,2023-08-17,"3","imidacloprid","borage","3_imidacloprid"
"12798","105",2,"001f543e3790",2023-08-17 07:23:49,2023-08-17,"3","imidacloprid","borage","3_imidacloprid"
"12800","110",3,"001f543e3790",2023-08-17 07:24:34,2023-08-17,"3","imidacloprid","borage","3_imidacloprid"
"12813","105",2,"001f543e3790",2023-08-17 07:42:32,2023-08-17,"3","imidacloprid","borage","3_imidacloprid"
"12819","105",1,"001f543e3790",2023-08-17 07:46:23,2023-08-17,"3","imidacloprid","borage","3_imidacloprid"
"12822","105",1,"001f543e3790",2023-08-17 07:47:32,2023-08-17,"3","imidacloprid","borage","3_imidacloprid"
"12826","109",1,"001f543e3790",2023-08-17 07:48:13,2023-08-17,"3","imidacloprid","borage","3_imidacloprid"
"12829","109",1,"001f543e3790",2023-08-17 07:48:42,2023-08-17,"3","imidacloprid","borage","3_imidacloprid"
"12834","105",1,"001f543e3790",2023-08-17 07:50:27,2023-08-17,"3","imidacloprid","borage","3_imidacloprid"
"12837","105",4,"001f543e3790",2023-08-17 07:51:39,2023-08-17,"3","imidacloprid","borage","3_imidacloprid"
"12839","105",2,"001f543e3790",2023-08-17 07:52:07,2023-08-17,"3","imidacloprid","borage","3_imidacloprid"
"12843","105",1,"001f543e3790",2023-08-17 07:54:14,2023-08-17,"3","imidacloprid","borage","3_imidacloprid"
"12868","106",1,"001f543e3790",2023-08-17 08:07:54,2023-08-17,"3","imidacloprid","borage","3_imidacloprid"
"12869","110",1,"001f543e3790",2023-08-17 08:07:54,2023-08-17,"3","imidacloprid","borage","3_imidacloprid"
"12880","111",1,"001f543e3790",2023-08-17 08:11:40,2023-08-17,"3","imidacloprid","borage","3_imidacloprid"
"12900","110",1,"001f543e3790",2023-08-17 08:17:55,2023-08-17,"3","imidacloprid","borage","3_imidacloprid"
"12901","109",1,"001f543e3790",2023-08-17 08:19:16,2023-08-17,"3","imidacloprid","borage","3_imidacloprid"
"12935","106",1,"001f543e3790",2023-08-17 08:58:43,2023-08-17,"3","imidacloprid","borage","3_imidacloprid"
"12988","106",2,"001f543e3790",2023-08-17 09:33:11,2023-08-17,"3","imidacloprid","borage","3_imidacloprid"
"12990","106",1,"001f543e3790",2023-08-17 09:33:38,2023-08-17,"3","imidacloprid","borage","3_imidacloprid"
"13009","106",1,"001f543e3790",2023-08-17 09:39:27,2023-08-17,"3","imidacloprid","borage","3_imidacloprid"
"13022","110",1,"001f543e3790",2023-08-17 09:43:46,2023-08-17,"3","imidacloprid","borage","3_imidacloprid"
"13024","109",1,"001f543e3790",2023-08-17 09:44:49,2023-08-17,"3","imidacloprid","borage","3_imidacloprid"
"13042","106",1,"001f543e3790",2023-08-17 09:50:14,2023-08-17,"3","imidacloprid","borage","3_imidacloprid"
"13046","111",1,"001f543e3790",2023-08-17 09:52:00,2023-08-17,"3","imidacloprid","borage","3_imidacloprid"
"13153","111",1,"001f543e3790",2023-08-17 10:30:30,2023-08-17,"3","imidacloprid","borage","3_imidacloprid"
"13158","145",1,"001f543e3790",2023-08-17 10:46:56,2023-08-17,"3","flupyradifurone","borage","3_flupyradifurone"
"13162","109",2,"001f543e3790",2023-08-17 10:48:14,2023-08-17,"3","imidacloprid","borage","3_imidacloprid"
"13163","145",1,"001f543e3790",2023-08-17 10:48:14,2023-08-17,"3","flupyradifurone","borage","3_flupyradifurone"
"13180","104",1,"001f543e3790",2023-08-17 10:52:27,2023-08-17,"3","imidacloprid","borage","3_imidacloprid"
"13181","109",1,"001f543e3790",2023-08-17 10:52:27,2023-08-17,"3","imidacloprid","borage","3_imidacloprid"
"13192","109",7,"001f543e3790",2023-08-17 10:54:16,2023-08-17,"3","imidacloprid","borage","3_imidacloprid"
"13199","109",1,"001f543e3790",2023-08-17 10:55:15,2023-08-17,"3","imidacloprid","borage","3_imidacloprid"
"13201","109",1,"001f543e3790",2023-08-17 10:55:44,2023-08-17,"3","imidacloprid","borage","3_imidacloprid"
"13213","104",1,"001f543e3790",2023-08-17 10:58:33,2023-08-17,"3","imidacloprid","borage","3_imidacloprid"
"13214","145",1,"001f543e3790",2023-08-17 10:58:33,2023-08-17,"3","flupyradifurone","borage","3_flupyradifurone"
"13215","150",1,"001f543e3790",2023-08-17 10:58:33,2023-08-17,"3","flupyradifurone","borage","3_flupyradifurone"
"13217","109",1,"001f543e3790",2023-08-17 10:59:03,2023-08-17,"3","imidacloprid","borage","3_imidacloprid"
"13227","104",1,"001f543e3790",2023-08-17 11:01:51,2023-08-17,"3","imidacloprid","borage","3_imidacloprid"
"13230","109",1,"001f543e3790",2023-08-17 11:02:35,2023-08-17,"3","imidacloprid","borage","3_imidacloprid"
"13235","109",1,"001f543e3790",2023-08-17 11:03:07,2023-08-17,"3","imidacloprid","borage","3_imidacloprid"
"13244","107",2,"001f543e3790",2023-08-17 11:04:29,2023-08-17,"3","imidacloprid","borage","3_imidacloprid"
"13245","110",1,"001f543e3790",2023-08-17 11:04:29,2023-08-17,"3","imidacloprid","borage","3_imidacloprid"
"13248","106",1,"001f543e3790",2023-08-17 11:05:15,2023-08-17,"3","imidacloprid","borage","3_imidacloprid"
"13249","110",1,"001f543e3790",2023-08-17 11:05:15,2023-08-17,"3","imidacloprid","borage","3_imidacloprid"
"13257","109",1,"001f543e3790",2023-08-17 11:07:02,2023-08-17,"3","imidacloprid","borage","3_imidacloprid"
"13263","109",2,"001f543e3790",2023-08-17 11:08:06,2023-08-17,"3","imidacloprid","borage","3_imidacloprid"
"13266","105",1,"001f543e3790",2023-08-17 11:08:35,2023-08-17,"3","imidacloprid","borage","3_imidacloprid"
"13277","145",1,"001f543e3790",2023-08-17 11:11:28,2023-08-17,"3","flupyradifurone","borage","3_flupyradifurone"
"13292","106",1,"001f543e3790",2023-08-17 11:19:15,2023-08-17,"3","imidacloprid","borage","3_imidacloprid"
"13302","110",1,"001f543e3790",2023-08-17 12:27:03,2023-08-17,"3","imidacloprid","borage","3_imidacloprid"
"13315","145",1,"001f543e3790",2023-08-17 12:41:57,2023-08-17,"3","flupyradifurone","borage","3_flupyradifurone"
"13318","109",1,"001f543e3790",2023-08-17 13:28:54,2023-08-17,"3","imidacloprid","borage","3_imidacloprid"
"13675","137",8,"001f543e49d5",2023-08-15 18:25:49,2023-08-15,"3","control","cucumber","3_control"
"13676","137",1,"001f543e49d5",2023-08-15 18:26:35,2023-08-15,"3","control","cucumber","3_control"
"13693","124",5,"001f543e49d5",2023-08-16 13:37:27,2023-08-16,"3","control","cucumber","3_control"
"13706","105",1,"001f543e49d5",2023-08-16 15:16:03,2023-08-16,"3","imidacloprid","cucumber","3_imidacloprid"
"13712","110",1,"001f543e49d5",2023-08-16 15:42:12,2023-08-16,"3","imidacloprid","cucumber","3_imidacloprid"
"13894","130",2,"001f543e42c0",2023-08-16 05:57:53,2023-08-16,"3","control","zinnia","3_control"
"13902","109",2,"001f543e42c0",2023-08-16 06:06:17,2023-08-16,"3","imidacloprid","zinnia","3_imidacloprid"
"13906","109",4,"001f543e42c0",2023-08-16 06:11:23,2023-08-16,"3","imidacloprid","zinnia","3_imidacloprid"
"13915","128",1,"001f543e42c0",2023-08-16 06:31:55,2023-08-16,"3","control","zinnia","3_control"
"13916","109",5,"001f543e42c0",2023-08-16 06:38:35,2023-08-16,"3","imidacloprid","zinnia","3_imidacloprid"
"13927","109",1,"001f543e42c0",2023-08-16 07:00:06,2023-08-16,"3","imidacloprid","zinnia","3_imidacloprid"
"13931","106",1,"001f543e42c0",2023-08-16 09:56:34,2023-08-16,"3","imidacloprid","zinnia","3_imidacloprid"
"13941","109",2,"001f543e42c0",2023-08-16 12:16:40,2023-08-16,"3","imidacloprid","zinnia","3_imidacloprid"
"13944","128",4,"001f543e42c0",2023-08-16 12:20:42,2023-08-16,"3","control","zinnia","3_control"
"13960","128",1,"001f543e42c0",2023-08-16 12:35:44,2023-08-16,"3","control","zinnia","3_control"
"13970","109",1,"001f543e42c0",2023-08-16 12:40:57,2023-08-16,"3","imidacloprid","zinnia","3_imidacloprid"
"13973","109",1,"001f543e42c0",2023-08-16 12:42:27,2023-08-16,"3","imidacloprid","zinnia","3_imidacloprid"
"13979","128",3,"001f543e42c0",2023-08-16 12:53:37,2023-08-16,"3","control","zinnia","3_control"
"13990","127",1,"001f543e42c0",2023-08-16 13:11:19,2023-08-16,"3","control","zinnia","3_control"
"13994","109",3,"001f543e42c0",2023-08-16 13:23:13,2023-08-16,"3","imidacloprid","zinnia","3_imidacloprid"
"14013","130",5,"001f543e42c0",2023-08-16 14:01:42,2023-08-16,"3","control","zinnia","3_control"
"14014","127",5,"001f543e42c0",2023-08-16 14:02:10,2023-08-16,"3","control","zinnia","3_control"
"14030","127",1,"001f543e42c0",2023-08-16 14:42:55,2023-08-16,"3","control","zinnia","3_control"
"14033","109",1,"001f543e42c0",2023-08-16 14:48:41,2023-08-16,"3","imidacloprid","zinnia","3_imidacloprid"
"14034","127",1,"001f543e42c0",2023-08-16 14:49:45,2023-08-16,"3","control","zinnia","3_control"
"14042","127",5,"001f543e42c0",2023-08-16 15:03:36,2023-08-16,"3","control","zinnia","3_control"
"14050","127",5,"001f543e42c0",2023-08-16 15:31:29,2023-08-16,"3","control","zinnia","3_control"
"14067","110",1,"001f543e42c0",2023-08-16 16:30:56,2023-08-16,"3","imidacloprid","zinnia","3_imidacloprid"
"14073","128",1,"001f543e42c0",2023-08-16 17:47:42,2023-08-16,"3","control","zinnia","3_control"
"14076","110",1,"001f543e42c0",2023-08-16 18:03:44,2023-08-16,"3","imidacloprid","zinnia","3_imidacloprid"
"14086","106",1,"001f543e42c0",2023-08-16 19:16:03,2023-08-16,"3","imidacloprid","zinnia","3_imidacloprid"
"14094","106",1,"001f543e42c0",2023-08-16 19:57:18,2023-08-16,"3","imidacloprid","zinnia","3_imidacloprid"
"14098","106",1,"001f543e42c0",2023-08-16 20:06:07,2023-08-16,"3","imidacloprid","zinnia","3_imidacloprid"
"14108","145",1,"001f543e42c0",2023-08-17 06:08:25,2023-08-17,"3","flupyradifurone","zinnia","3_flupyradifurone"
"14113","106",4,"001f543e42c0",2023-08-17 06:15:34,2023-08-17,"3","imidacloprid","zinnia","3_imidacloprid"
"14124","112",1,"001f543e42c0",2023-08-17 06:21:31,2023-08-17,"3","imidacloprid","zinnia","3_imidacloprid"
"14149","106",1,"001f543e42c0",2023-08-17 06:35:03,2023-08-17,"3","imidacloprid","zinnia","3_imidacloprid"
"14163","106",4,"001f543e42c0",2023-08-17 06:46:26,2023-08-17,"3","imidacloprid","zinnia","3_imidacloprid"
"14185","140",2,"001f543e42c0",2023-08-17 10:07:23,2023-08-17,"3","flupyradifurone","zinnia","3_flupyradifurone"
"14190","110",1,"001f543e42c0",2023-08-17 10:54:52,2023-08-17,"3","imidacloprid","zinnia","3_imidacloprid"
"14197","107",3,"001f543e42c0",2023-08-17 12:30:21,2023-08-17,"3","imidacloprid","zinnia","3_imidacloprid"
"14199","158",1,"001f543e42c0",2023-08-17 12:38:08,2023-08-17,"3","flupyradifurone","zinnia","3_flupyradifurone"
"14239","278",1,"001f543e42c0",2023-08-08 09:18:49,2023-08-08,"2","flupyradifurone","cucumber","2_flupyradifurone"
"14279","131",1,"001f54431add",2023-08-15 16:39:47,2023-08-15,"3","control","cucumber","3_control"
"14291","131",2,"001f54431add",2023-08-15 16:46:31,2023-08-15,"3","control","cucumber","3_control"
"14294","131",1,"001f54431add",2023-08-15 16:48:55,2023-08-15,"3","control","cucumber","3_control"
"14300","131",1,"001f54431add",2023-08-15 16:51:32,2023-08-15,"3","control","cucumber","3_control"
"14303","127",1,"001f54431add",2023-08-15 16:54:33,2023-08-15,"3","control","cucumber","3_control"
"14325","121",1,"001f54431add",2023-08-15 17:21:40,2023-08-15,"3","control","cucumber","3_control"
"14346","134",3,"001f54431add",2023-08-16 10:16:51,2023-08-16,"3","control","cucumber","3_control"
"14349","109",5,"001f54431add",2023-08-16 12:35:14,2023-08-16,"3","imidacloprid","cucumber","3_imidacloprid"
"14393","127",1,"001f54431a5d",2023-08-15 16:29:55,2023-08-15,"3","control","zinnia","3_control"
"14442","128",1,"001f54431a5d",2023-08-15 16:49:34,2023-08-15,"3","control","zinnia","3_control"
"14460","109",1,"001f54431a5d",2023-08-16 05:49:42,2023-08-16,"3","imidacloprid","zinnia","3_imidacloprid"
"14461","109",1,"001f54431a5d",2023-08-16 05:52:00,2023-08-16,"3","imidacloprid","zinnia","3_imidacloprid"
"14463","106",1,"001f54431a5d",2023-08-16 06:41:54,2023-08-16,"3","imidacloprid","zinnia","3_imidacloprid"
"14482","110",3,"001f54431a5d",2023-08-16 07:23:51,2023-08-16,"3","imidacloprid","zinnia","3_imidacloprid"
"14485","109",2,"001f54431a5d",2023-08-16 07:31:42,2023-08-16,"3","imidacloprid","zinnia","3_imidacloprid"
"14488","111",4,"001f54431a5d",2023-08-16 07:41:28,2023-08-16,"3","imidacloprid","zinnia","3_imidacloprid"
"14494","109",1,"001f54431a5d",2023-08-16 08:21:43,2023-08-16,"3","imidacloprid","zinnia","3_imidacloprid"
"14495","109",5,"001f54431a5d",2023-08-16 08:23:11,2023-08-16,"3","imidacloprid","zinnia","3_imidacloprid"
"14496","127",3,"001f54431a5d",2023-08-16 08:25:38,2023-08-16,"3","control","zinnia","3_control"
"14497","109",1,"001f54431a5d",2023-08-16 08:28:04,2023-08-16,"3","imidacloprid","zinnia","3_imidacloprid"
"14502","106",1,"001f54431a5d",2023-08-16 08:35:53,2023-08-16,"3","imidacloprid","zinnia","3_imidacloprid"
"14532","111",2,"001f54431a5d",2023-08-16 09:12:10,2023-08-16,"3","imidacloprid","zinnia","3_imidacloprid"
"14550","110",1,"001f54431a5d",2023-08-16 10:23:22,2023-08-16,"3","imidacloprid","zinnia","3_imidacloprid"
"14558","110",1,"001f54431a5d",2023-08-16 10:51:45,2023-08-16,"3","imidacloprid","zinnia","3_imidacloprid"
"14561","109",1,"001f54431a5d",2023-08-16 11:02:00,2023-08-16,"3","imidacloprid","zinnia","3_imidacloprid"
"14566","106",1,"001f54431a5d",2023-08-16 11:14:26,2023-08-16,"3","imidacloprid","zinnia","3_imidacloprid"
"14579","109",1,"001f54431a5d",2023-08-16 11:31:36,2023-08-16,"3","imidacloprid","zinnia","3_imidacloprid"
"14582","127",1,"001f54431a5d",2023-08-16 11:40:29,2023-08-16,"3","control","zinnia","3_control"
"14611","109",5,"001f54431a5d",2023-08-16 11:55:07,2023-08-16,"3","imidacloprid","zinnia","3_imidacloprid"
"14634","109",1,"001f54431a5d",2023-08-16 12:21:14,2023-08-16,"3","imidacloprid","zinnia","3_imidacloprid"
"14636","109",1,"001f54431a5d",2023-08-16 12:24:16,2023-08-16,"3","imidacloprid","zinnia","3_imidacloprid"
"14647","109",1,"001f54431a5d",2023-08-16 12:45:01,2023-08-16,"3","imidacloprid","zinnia","3_imidacloprid"
"14650","110",1,"001f54431a5d",2023-08-16 12:57:37,2023-08-16,"3","imidacloprid","zinnia","3_imidacloprid"
"14651","110",1,"001f54431a5d",2023-08-16 12:58:07,2023-08-16,"3","imidacloprid","zinnia","3_imidacloprid"
"14653","109",1,"001f54431a5d",2023-08-16 13:02:57,2023-08-16,"3","imidacloprid","zinnia","3_imidacloprid"
"14655","127",3,"001f54431a5d",2023-08-16 13:04:03,2023-08-16,"3","control","zinnia","3_control"
"14656","127",2,"001f54431a5d",2023-08-16 13:04:26,2023-08-16,"3","control","zinnia","3_control"
"14668","109",5,"001f54431a5d",2023-08-16 13:20:10,2023-08-16,"3","imidacloprid","zinnia","3_imidacloprid"
"14689","105",1,"001f54431a5d",2023-08-16 13:53:35,2023-08-16,"3","imidacloprid","zinnia","3_imidacloprid"
"14692","109",1,"001f54431a5d",2023-08-16 13:58:23,2023-08-16,"3","imidacloprid","zinnia","3_imidacloprid"
"14709","127",1,"001f54431a5d",2023-08-16 14:22:45,2023-08-16,"3","control","zinnia","3_control"
"14712","127",1,"001f54431a5d",2023-08-16 14:28:06,2023-08-16,"3","control","zinnia","3_control"
"14742","110",1,"001f54431a5d",2023-08-16 14:53:56,2023-08-16,"3","imidacloprid","zinnia","3_imidacloprid"
"14745","110",1,"001f54431a5d",2023-08-16 14:56:51,2023-08-16,"3","imidacloprid","zinnia","3_imidacloprid"
"14770","109",1,"001f54431a5d",2023-08-16 18:27:12,2023-08-16,"3","imidacloprid","zinnia","3_imidacloprid"
"14772","105",30,"001f54431a5d",2023-08-17 10:05:46,2023-08-17,"3","imidacloprid","zinnia","3_imidacloprid"
"14774","105",47,"001f54431a5d",2023-08-17 10:06:05,2023-08-17,"3","imidacloprid","zinnia","3_imidacloprid"
"14776","105",43,"001f54431a5d",2023-08-17 10:06:27,2023-08-17,"3","imidacloprid","zinnia","3_imidacloprid"
"14778","105",21,"001f54431a5d",2023-08-17 10:06:53,2023-08-17,"3","imidacloprid","zinnia","3_imidacloprid"
"14780","105",45,"001f54431a5d",2023-08-17 10:07:22,2023-08-17,"3","imidacloprid","zinnia","3_imidacloprid"
"14781","105",20,"001f54431a5d",2023-08-17 10:07:51,2023-08-17,"3","imidacloprid","zinnia","3_imidacloprid"
"14782","105",64,"001f54431a5d",2023-08-17 10:08:20,2023-08-17,"3","imidacloprid","zinnia","3_imidacloprid"
"14783","105",14,"001f54431a5d",2023-08-17 10:08:50,2023-08-17,"3","imidacloprid","zinnia","3_imidacloprid"
"14784","105",2,"001f54431a5d",2023-08-17 10:09:24,2023-08-17,"3","imidacloprid","zinnia","3_imidacloprid"
"14785","105",10,"001f54431a5d",2023-08-17 10:09:48,2023-08-17,"3","imidacloprid","zinnia","3_imidacloprid"
"14788","105",24,"001f54431a5d",2023-08-17 10:10:23,2023-08-17,"3","imidacloprid","zinnia","3_imidacloprid"
"14789","105",15,"001f54431a5d",2023-08-17 10:12:11,2023-08-17,"3","imidacloprid","zinnia","3_imidacloprid"
"14790","105",10,"001f54431a5d",2023-08-17 10:57:56,2023-08-17,"3","imidacloprid","zinnia","3_imidacloprid"
"14791","106",23,"001f54431a5d",2023-08-17 13:16:45,2023-08-17,"3","imidacloprid","zinnia","3_imidacloprid"
"14795","286",2,"001f54431a5d",2023-08-07 20:36:33,2023-08-07,"2","imidacloprid","borage","2_imidacloprid"
"14905","137",30,"001f543cd376",2023-08-15 18:53:39,2023-08-15,"3","control","cucumber","3_control"
"14906","137",34,"001f543cd376",2023-08-16 08:51:01,2023-08-16,"3","control","cucumber","3_control"
"14907","137",3,"001f543cd376",2023-08-16 09:31:26,2023-08-16,"3","control","cucumber","3_control"
"14909","129",55,"001f543cd376",2023-08-16 11:31:55,2023-08-16,"3","control","cucumber","3_control"
"14910","124",13,"001f543cd376",2023-08-16 16:33:10,2023-08-16,"3","control","cucumber","3_control"
"15284","106",1,"001f543e3713",2023-08-16 16:11:53,2023-08-16,"3","imidacloprid","zinnia","3_imidacloprid"
"15298","109",1,"001f543e3713",2023-08-16 17:23:46,2023-08-16,"3","imidacloprid","zinnia","3_imidacloprid"
"15299","111",1,"001f543e3713",2023-08-16 17:27:04,2023-08-16,"3","imidacloprid","zinnia","3_imidacloprid"
"15308","109",1,"001f543e3713",2023-08-16 17:46:06,2023-08-16,"3","imidacloprid","zinnia","3_imidacloprid"
"15310","112",1,"001f543e3713",2023-08-16 17:55:42,2023-08-16,"3","imidacloprid","zinnia","3_imidacloprid"
"15316","107",1,"001f543e3713",2023-08-16 18:41:09,2023-08-16,"3","imidacloprid","zinnia","3_imidacloprid"
"15329","158",1,"001f543e3713",2023-08-17 10:30:59,2023-08-17,"3","flupyradifurone","zinnia","3_flupyradifurone"
"15332","109",3,"001f543e3713",2023-08-17 10:42:30,2023-08-17,"3","imidacloprid","zinnia","3_imidacloprid"
"15335","106",1,"001f543e3713",2023-08-17 10:48:11,2023-08-17,"3","imidacloprid","zinnia","3_imidacloprid"
"15340","110",1,"001f543e3713",2023-08-17 10:56:48,2023-08-17,"3","imidacloprid","zinnia","3_imidacloprid"
"15343","109",1,"001f543e3713",2023-08-17 10:58:51,2023-08-17,"3","imidacloprid","zinnia","3_imidacloprid"
"15344","109",1,"001f543e3713",2023-08-17 11:01:02,2023-08-17,"3","imidacloprid","zinnia","3_imidacloprid"
"15347","109",1,"001f543e3713",2023-08-17 11:01:32,2023-08-17,"3","imidacloprid","zinnia","3_imidacloprid"
"15350","109",5,"001f543e3713",2023-08-17 11:26:05,2023-08-17,"3","imidacloprid","zinnia","3_imidacloprid"
"15355","109",2,"001f543e3713",2023-08-17 11:43:01,2023-08-17,"3","imidacloprid","zinnia","3_imidacloprid"
"15356","109",1,"001f543e3713",2023-08-17 11:44:07,2023-08-17,"3","imidacloprid","zinnia","3_imidacloprid"
"15377","109",1,"001f543e4abe",2023-08-16 01:30:39,2023-08-16,"3","imidacloprid","cucumber","3_imidacloprid"
"15379","109",5,"001f543e4abe",2023-08-16 02:31:58,2023-08-16,"3","imidacloprid","cucumber","3_imidacloprid"
"15382","109",3,"001f543e4abe",2023-08-16 02:58:12,2023-08-16,"3","imidacloprid","cucumber","3_imidacloprid"
"15386","106",3,"001f543e4abe",2023-08-16 12:14:32,2023-08-16,"3","imidacloprid","cucumber","3_imidacloprid"
"15400","134",3,"001f543e4abe",2023-08-16 13:48:53,2023-08-16,"3","control","cucumber","3_control"
"15401","106",5,"001f543e4abe",2023-08-16 14:06:34,2023-08-16,"3","imidacloprid","cucumber","3_imidacloprid"
"15409","118",1,"001f543e4abe",2023-08-16 16:14:51,2023-08-16,"3","imidacloprid","cucumber","3_imidacloprid"
"15414","127",5,"001f543e4abe",2023-08-16 21:46:43,2023-08-16,"3","control","cucumber","3_control"
"15417","105",3,"001f543e4abe",2023-08-16 23:00:16,2023-08-16,"3","imidacloprid","cucumber","3_imidacloprid"
"15420","105",1,"001f543e4abe",2023-08-16 23:14:20,2023-08-16,"3","imidacloprid","cucumber","3_imidacloprid"
"15432","104",13,"001f543e4abe",2023-08-17 13:39:50,2023-08-17,"3","imidacloprid","cucumber","3_imidacloprid"
"15463","107",1,"001f5439f120",2023-08-16 00:30:03,2023-08-16,"3","imidacloprid","borage","3_imidacloprid"
"15464","105",2,"001f5439f120",2023-08-16 00:30:19,2023-08-16,"3","imidacloprid","borage","3_imidacloprid"
"15467","121",1,"001f5439f120",2023-08-16 01:03:30,2023-08-16,"3","control","borage","3_control"
"15474","109",1,"001f5439f120",2023-08-16 02:13:44,2023-08-16,"3","imidacloprid","borage","3_imidacloprid"
"15490","110",1,"001f5439f120",2023-08-16 09:23:45,2023-08-16,"3","imidacloprid","borage","3_imidacloprid"
"15501","110",1,"001f5439f120",2023-08-16 09:52:19,2023-08-16,"3","imidacloprid","borage","3_imidacloprid"
"15525","107",1,"001f5439f120",2023-08-16 10:19:13,2023-08-16,"3","imidacloprid","borage","3_imidacloprid"
"15527","110",1,"001f5439f120",2023-08-16 10:20:52,2023-08-16,"3","imidacloprid","borage","3_imidacloprid"
"15530","107",1,"001f5439f120",2023-08-16 10:23:31,2023-08-16,"3","imidacloprid","borage","3_imidacloprid"
"15532","110",1,"001f5439f120",2023-08-16 10:25:14,2023-08-16,"3","imidacloprid","borage","3_imidacloprid"
"15537","120",1,"001f5439f120",2023-08-16 10:51:16,2023-08-16,"3","control","borage","3_control"
"15551","110",1,"001f5439f120",2023-08-16 11:04:01,2023-08-16,"3","imidacloprid","borage","3_imidacloprid"
"15553","110",2,"001f5439f120",2023-08-16 11:05:05,2023-08-16,"3","imidacloprid","borage","3_imidacloprid"
"15555","105",1,"001f5439f120",2023-08-16 11:06:12,2023-08-16,"3","imidacloprid","borage","3_imidacloprid"
"15556","110",1,"001f5439f120",2023-08-16 11:06:35,2023-08-16,"3","imidacloprid","borage","3_imidacloprid"
"15557","110",1,"001f5439f120",2023-08-16 11:06:56,2023-08-16,"3","imidacloprid","borage","3_imidacloprid"
"15558","110",1,"001f5439f120",2023-08-16 11:07:22,2023-08-16,"3","imidacloprid","borage","3_imidacloprid"
"15561","109",1,"001f5439f120",2023-08-16 11:08:35,2023-08-16,"3","imidacloprid","borage","3_imidacloprid"
"15566","106",1,"001f5439f120",2023-08-16 11:10:53,2023-08-16,"3","imidacloprid","borage","3_imidacloprid"
"15576","109",1,"001f5439f120",2023-08-16 11:12:11,2023-08-16,"3","imidacloprid","borage","3_imidacloprid"
"15590","110",1,"001f5439f120",2023-08-16 11:14:55,2023-08-16,"3","imidacloprid","borage","3_imidacloprid"
"15627","105",1,"001f5439f120",2023-08-16 11:25:13,2023-08-16,"3","imidacloprid","borage","3_imidacloprid"
"15628","110",4,"001f5439f120",2023-08-16 11:25:43,2023-08-16,"3","imidacloprid","borage","3_imidacloprid"
"15632","109",1,"001f5439f120",2023-08-16 11:26:57,2023-08-16,"3","imidacloprid","borage","3_imidacloprid"
"15635","106",1,"001f5439f120",2023-08-16 11:29:22,2023-08-16,"3","imidacloprid","borage","3_imidacloprid"
"15645","106",1,"001f5439f120",2023-08-16 11:32:46,2023-08-16,"3","imidacloprid","borage","3_imidacloprid"
"15665","110",1,"001f5439f120",2023-08-16 11:43:19,2023-08-16,"3","imidacloprid","borage","3_imidacloprid"
"15667","111",1,"001f5439f120",2023-08-16 11:44:18,2023-08-16,"3","imidacloprid","borage","3_imidacloprid"
"15670","128",1,"001f5439f120",2023-08-16 11:45:17,2023-08-16,"3","control","borage","3_control"
"15685","112",1,"001f5439f120",2023-08-16 11:52:12,2023-08-16,"3","imidacloprid","borage","3_imidacloprid"
"15693","109",2,"001f5439f120",2023-08-16 11:54:10,2023-08-16,"3","imidacloprid","borage","3_imidacloprid"
"15698","109",1,"001f5439f120",2023-08-16 11:55:59,2023-08-16,"3","imidacloprid","borage","3_imidacloprid"
"15699","111",1,"001f5439f120",2023-08-16 11:55:59,2023-08-16,"3","imidacloprid","borage","3_imidacloprid"
"15707","110",1,"001f5439f120",2023-08-16 11:57:17,2023-08-16,"3","imidacloprid","borage","3_imidacloprid"
"15709","109",2,"001f5439f120",2023-08-16 11:58:09,2023-08-16,"3","imidacloprid","borage","3_imidacloprid"
"15716","109",2,"001f5439f120",2023-08-16 12:00:03,2023-08-16,"3","imidacloprid","borage","3_imidacloprid"
"15728","107",1,"001f5439f120",2023-08-16 12:02:38,2023-08-16,"3","imidacloprid","borage","3_imidacloprid"
"15756","106",1,"001f5439f120",2023-08-16 12:11:08,2023-08-16,"3","imidacloprid","borage","3_imidacloprid"
"15763","105",1,"001f5439f120",2023-08-16 12:12:43,2023-08-16,"3","imidacloprid","borage","3_imidacloprid"
"15788","109",1,"001f5439f120",2023-08-16 12:22:51,2023-08-16,"3","imidacloprid","borage","3_imidacloprid"
"15789","126",1,"001f5439f120",2023-08-16 12:24:14,2023-08-16,"3","control","borage","3_control"
"15791","111",1,"001f5439f120",2023-08-16 12:24:38,2023-08-16,"3","imidacloprid","borage","3_imidacloprid"
"15800","110",1,"001f5439f120",2023-08-16 12:26:52,2023-08-16,"3","imidacloprid","borage","3_imidacloprid"
"15806","109",1,"001f5439f120",2023-08-16 12:29:12,2023-08-16,"3","imidacloprid","borage","3_imidacloprid"
"15813","109",2,"001f5439f120",2023-08-16 12:33:54,2023-08-16,"3","imidacloprid","borage","3_imidacloprid"
"15817","109",1,"001f5439f120",2023-08-16 12:35:57,2023-08-16,"3","imidacloprid","borage","3_imidacloprid"
"15832","110",1,"001f5439f120",2023-08-16 12:43:33,2023-08-16,"3","imidacloprid","borage","3_imidacloprid"
"15835","128",1,"001f5439f120",2023-08-16 12:44:36,2023-08-16,"3","control","borage","3_control"
"15846","105",1,"001f5439f120",2023-08-16 12:57:54,2023-08-16,"3","imidacloprid","borage","3_imidacloprid"
"15848","110",1,"001f5439f120",2023-08-16 13:10:50,2023-08-16,"3","imidacloprid","borage","3_imidacloprid"
"15849","118",1,"001f5439f120",2023-08-16 13:13:36,2023-08-16,"3","imidacloprid","borage","3_imidacloprid"
"15853","105",1,"001f5439f120",2023-08-16 13:15:06,2023-08-16,"3","imidacloprid","borage","3_imidacloprid"
"15860","132",1,"001f5439f120",2023-08-16 17:49:37,2023-08-16,"3","control","borage","3_control"
"15862","110",1,"001f5439f120",2023-08-16 18:14:25,2023-08-16,"3","imidacloprid","borage","3_imidacloprid"
"15871","110",3,"001f5439f120",2023-08-17 06:08:48,2023-08-17,"3","imidacloprid","borage","3_imidacloprid"
"15875","145",1,"001f5439f120",2023-08-17 06:30:32,2023-08-17,"3","flupyradifurone","borage","3_flupyradifurone"
"15879","110",1,"001f5439f120",2023-08-17 06:34:13,2023-08-17,"3","imidacloprid","borage","3_imidacloprid"
"15883","110",4,"001f5439f120",2023-08-17 06:35:49,2023-08-17,"3","imidacloprid","borage","3_imidacloprid"
"15885","145",1,"001f5439f120",2023-08-17 06:37:20,2023-08-17,"3","flupyradifurone","borage","3_flupyradifurone"
"15887","110",3,"001f5439f120",2023-08-17 06:37:47,2023-08-17,"3","imidacloprid","borage","3_imidacloprid"
"15889","110",3,"001f5439f120",2023-08-17 06:38:37,2023-08-17,"3","imidacloprid","borage","3_imidacloprid"
"15892","110",1,"001f5439f120",2023-08-17 06:40:30,2023-08-17,"3","imidacloprid","borage","3_imidacloprid"
"15894","110",1,"001f5439f120",2023-08-17 06:42:04,2023-08-17,"3","imidacloprid","borage","3_imidacloprid"
"15897","110",5,"001f5439f120",2023-08-17 06:42:56,2023-08-17,"3","imidacloprid","borage","3_imidacloprid"
"15899","110",1,"001f5439f120",2023-08-17 06:43:38,2023-08-17,"3","imidacloprid","borage","3_imidacloprid"
"15900","110",1,"001f5439f120",2023-08-17 06:44:26,2023-08-17,"3","imidacloprid","borage","3_imidacloprid"
"15904","110",1,"001f5439f120",2023-08-17 06:45:17,2023-08-17,"3","imidacloprid","borage","3_imidacloprid"
"15905","110",5,"001f5439f120",2023-08-17 06:46:38,2023-08-17,"3","imidacloprid","borage","3_imidacloprid"
"15910","110",3,"001f5439f120",2023-08-17 06:48:43,2023-08-17,"3","imidacloprid","borage","3_imidacloprid"
"15911","110",1,"001f5439f120",2023-08-17 06:49:11,2023-08-17,"3","imidacloprid","borage","3_imidacloprid"
"15914","110",1,"001f5439f120",2023-08-17 06:52:15,2023-08-17,"3","imidacloprid","borage","3_imidacloprid"
"15915","110",1,"001f5439f120",2023-08-17 06:53:14,2023-08-17,"3","imidacloprid","borage","3_imidacloprid"
"15917","110",2,"001f5439f120",2023-08-17 06:54:14,2023-08-17,"3","imidacloprid","borage","3_imidacloprid"
"15920","110",1,"001f5439f120",2023-08-17 06:55:42,2023-08-17,"3","imidacloprid","borage","3_imidacloprid"
"15923","110",3,"001f5439f120",2023-08-17 06:56:35,2023-08-17,"3","imidacloprid","borage","3_imidacloprid"
"15925","110",2,"001f5439f120",2023-08-17 06:57:35,2023-08-17,"3","imidacloprid","borage","3_imidacloprid"
"15930","110",1,"001f5439f120",2023-08-17 07:01:30,2023-08-17,"3","imidacloprid","borage","3_imidacloprid"
"15932","110",3,"001f5439f120",2023-08-17 07:02:28,2023-08-17,"3","imidacloprid","borage","3_imidacloprid"
"15934","110",1,"001f5439f120",2023-08-17 07:02:57,2023-08-17,"3","imidacloprid","borage","3_imidacloprid"
"15936","110",3,"001f5439f120",2023-08-17 07:03:20,2023-08-17,"3","imidacloprid","borage","3_imidacloprid"
"15939","104",1,"001f5439f120",2023-08-17 07:04:18,2023-08-17,"3","imidacloprid","borage","3_imidacloprid"
"15940","110",2,"001f5439f120",2023-08-17 07:04:18,2023-08-17,"3","imidacloprid","borage","3_imidacloprid"
"15941","110",10,"001f5439f120",2023-08-17 07:04:48,2023-08-17,"3","imidacloprid","borage","3_imidacloprid"
"15942","110",4,"001f5439f120",2023-08-17 07:05:21,2023-08-17,"3","imidacloprid","borage","3_imidacloprid"
"15944","110",1,"001f5439f120",2023-08-17 07:05:51,2023-08-17,"3","imidacloprid","borage","3_imidacloprid"
"15946","110",4,"001f5439f120",2023-08-17 07:06:44,2023-08-17,"3","imidacloprid","borage","3_imidacloprid"
"15947","110",3,"001f5439f120",2023-08-17 07:07:14,2023-08-17,"3","imidacloprid","borage","3_imidacloprid"
"15949","110",1,"001f5439f120",2023-08-17 07:09:37,2023-08-17,"3","imidacloprid","borage","3_imidacloprid"
"15953","110",1,"001f5439f120",2023-08-17 07:11:23,2023-08-17,"3","imidacloprid","borage","3_imidacloprid"
"15982","110",1,"001f5439f120",2023-08-17 09:39:22,2023-08-17,"3","imidacloprid","borage","3_imidacloprid"
"15983","109",5,"001f5439f120",2023-08-17 09:39:46,2023-08-17,"3","imidacloprid","borage","3_imidacloprid"
"15987","109",1,"001f5439f120",2023-08-17 09:41:22,2023-08-17,"3","imidacloprid","borage","3_imidacloprid"
"15994","109",1,"001f5439f120",2023-08-17 09:46:17,2023-08-17,"3","imidacloprid","borage","3_imidacloprid"
"15996","109",1,"001f5439f120",2023-08-17 09:54:56,2023-08-17,"3","imidacloprid","borage","3_imidacloprid"
"15999","109",1,"001f5439f120",2023-08-17 09:59:42,2023-08-17,"3","imidacloprid","borage","3_imidacloprid"
"16003","158",1,"001f5439f120",2023-08-17 10:01:05,2023-08-17,"3","flupyradifurone","borage","3_flupyradifurone"
"16005","106",1,"001f5439f120",2023-08-17 10:12:54,2023-08-17,"3","imidacloprid","borage","3_imidacloprid"
"16016","145",1,"001f5439f120",2023-08-17 10:52:56,2023-08-17,"3","flupyradifurone","borage","3_flupyradifurone"
"16111","110",1,"001f543e49e4",2023-08-16 12:18:54,2023-08-16,"3","imidacloprid","borage","3_imidacloprid"
"16122","109",1,"001f543e49e4",2023-08-16 13:16:01,2023-08-16,"3","imidacloprid","borage","3_imidacloprid"
"16129","106",1,"001f543e49e4",2023-08-16 16:58:14,2023-08-16,"3","imidacloprid","borage","3_imidacloprid"
"16134","106",1,"001f543e49e4",2023-08-16 17:21:53,2023-08-16,"3","imidacloprid","borage","3_imidacloprid"
"16144","110",1,"001f543e49e4",2023-08-16 19:09:50,2023-08-16,"3","imidacloprid","borage","3_imidacloprid"
"16385","127",2,"001f543e3c1f",2023-08-15 17:31:11,2023-08-15,"3","control","zinnia","3_control"
"16393","109",3,"001f543e3c1f",2023-08-16 07:29:39,2023-08-16,"3","imidacloprid","zinnia","3_imidacloprid"
"16409","109",1,"001f543e3c1f",2023-08-16 07:40:17,2023-08-16,"3","imidacloprid","zinnia","3_imidacloprid"
"16414","109",4,"001f543e3c1f",2023-08-16 07:49:25,2023-08-16,"3","imidacloprid","zinnia","3_imidacloprid"
"16429","106",1,"001f543e3c1f",2023-08-16 08:49:50,2023-08-16,"3","imidacloprid","zinnia","3_imidacloprid"
"16432","106",1,"001f543e3c1f",2023-08-16 08:56:03,2023-08-16,"3","imidacloprid","zinnia","3_imidacloprid"
"16434","127",4,"001f543e3c1f",2023-08-16 10:02:03,2023-08-16,"3","control","zinnia","3_control"
"16445","137",1,"001f543e3c1f",2023-08-16 11:03:16,2023-08-16,"3","control","zinnia","3_control"
"16455","127",1,"001f543e3c1f",2023-08-16 11:17:57,2023-08-16,"3","control","zinnia","3_control"
"16456","127",4,"001f543e3c1f",2023-08-16 11:19:19,2023-08-16,"3","control","zinnia","3_control"
"16459","127",1,"001f543e3c1f",2023-08-16 11:24:11,2023-08-16,"3","control","zinnia","3_control"
"16461","127",5,"001f543e3c1f",2023-08-16 11:30:43,2023-08-16,"3","control","zinnia","3_control"
"16464","109",4,"001f543e3c1f",2023-08-16 11:35:28,2023-08-16,"3","imidacloprid","zinnia","3_imidacloprid"
"16468","127",5,"001f543e3c1f",2023-08-16 11:40:22,2023-08-16,"3","control","zinnia","3_control"
"16491","109",1,"001f543e3c1f",2023-08-16 12:39:26,2023-08-16,"3","imidacloprid","zinnia","3_imidacloprid"
"16495","109",1,"001f543e3c1f",2023-08-16 12:43:06,2023-08-16,"3","imidacloprid","zinnia","3_imidacloprid"
"16497","136",3,"001f543e3c1f",2023-08-16 12:50:15,2023-08-16,"3","control","zinnia","3_control"
"16512","127",2,"001f543e3c1f",2023-08-16 16:57:38,2023-08-16,"3","control","zinnia","3_control"
"16519","110",4,"001f543e3c1f",2023-08-16 17:26:04,2023-08-16,"3","imidacloprid","zinnia","3_imidacloprid"
"16522","105",65,"001f543e3c1f",2023-08-17 11:58:48,2023-08-17,"3","imidacloprid","zinnia","3_imidacloprid"
"16528","137",60,"001f543cdadb",2023-08-16 10:30:32,2023-08-16,"3","control","cucumber","3_control"
"16533","104",2,"001f543cdadb",2023-08-17 13:40:18,2023-08-17,"3","imidacloprid","cucumber","3_imidacloprid"
"16619","105",1,"001f543e38bf",2023-08-16 16:47:14,2023-08-16,"3","imidacloprid","borage","3_imidacloprid"
"16805","286",1,"001f543e38bf",2023-08-08 12:24:37,2023-08-08,"2","imidacloprid","cucumber","2_imidacloprid"
"17440","109",1,"001f54431af9",2023-08-16 16:36:31,2023-08-16,"3","imidacloprid","zinnia","3_imidacloprid"
"17479","232",78,"001f54431b3d",2023-09-02 09:59:17,2023-09-02,"5","imidacloprid","cucumber","5_imidacloprid"
"17481","232",49,"001f54431b3d",2023-09-02 09:59:38,2023-09-02,"5","imidacloprid","cucumber","5_imidacloprid"
"17484","220",21,"001f54431b3d",2023-09-02 11:46:49,2023-09-02,"5","imidacloprid","cucumber","5_imidacloprid"
"17487","232",78,"001f54431b3d",2023-09-02 12:46:30,2023-09-02,"5","imidacloprid","cucumber","5_imidacloprid"
"17489","230",31,"001f54431b3d",2023-09-02 13:23:40,2023-09-02,"5","imidacloprid","cucumber","5_imidacloprid"
"17491","228",22,"001f54431b3d",2023-09-02 18:06:37,2023-09-02,"5","imidacloprid","cucumber","5_imidacloprid"
"17492","228",28,"001f54431b3d",2023-09-02 18:06:56,2023-09-02,"5","imidacloprid","cucumber","5_imidacloprid"
"17503","244",9,"001f543e42b1",2023-09-01 11:08:15,2023-09-01,"5","control","cucumber","5_control"
"17505","244",4,"001f543e42b1",2023-09-01 11:20:40,2023-09-01,"5","control","cucumber","5_control"
"17508","250",1,"001f543e42b1",2023-09-01 11:25:39,2023-09-01,"5","control","cucumber","5_control"
"17515","244",1,"001f543e42b1",2023-09-01 11:37:17,2023-09-01,"5","control","cucumber","5_control"
"17518","244",1,"001f543e42b1",2023-09-01 12:53:05,2023-09-01,"5","control","cucumber","5_control"
"17574","225",3,"001f543e42b1",2023-09-02 12:46:38,2023-09-02,"5","imidacloprid","cucumber","5_imidacloprid"
"17575","228",9,"001f543e42b1",2023-09-02 17:43:22,2023-09-02,"5","imidacloprid","cucumber","5_imidacloprid"
"17576","228",5,"001f543e42b1",2023-09-02 17:43:48,2023-09-02,"5","imidacloprid","cucumber","5_imidacloprid"
"17684","232",2,"001f543e4afd",2023-09-02 10:21:15,2023-09-02,"5","imidacloprid","cucumber","5_imidacloprid"
"17686","229",1,"001f543e4afd",2023-09-02 10:36:27,2023-09-02,"5","imidacloprid","cucumber","5_imidacloprid"
"17687","239",9,"001f543e4afd",2023-09-02 10:52:25,2023-09-02,"5","imidacloprid","cucumber","5_imidacloprid"
"17688","220",24,"001f543e4afd",2023-09-02 11:03:47,2023-09-02,"5","imidacloprid","cucumber","5_imidacloprid"
"17689","230",3,"001f543e4afd",2023-09-02 17:43:46,2023-09-02,"5","imidacloprid","cucumber","5_imidacloprid"
"17701","226",4,"001f543cd39b",2023-09-01 08:03:14,2023-09-01,"5","imidacloprid","cucumber","5_imidacloprid"
"17702","246",1,"001f543cd39b",2023-09-01 08:04:02,2023-09-01,"5","control","cucumber","5_control"
"17722","226",2,"001f543cd39b",2023-09-01 08:25:15,2023-09-01,"5","imidacloprid","cucumber","5_imidacloprid"
"17724","226",1,"001f543cd39b",2023-09-01 08:25:36,2023-09-01,"5","imidacloprid","cucumber","5_imidacloprid"
"17812","225",1,"001f543cd39b",2023-09-02 13:08:34,2023-09-02,"5","imidacloprid","cucumber","5_imidacloprid"
"17827","258",11,"001f543e44e2",2023-09-01 17:25:32,2023-09-01,"5","control","cucumber","5_control"
"17828","258",13,"001f543e44e2",2023-09-01 17:25:46,2023-09-01,"5","control","cucumber","5_control"
"17999","232",10,"001f543e37bf",2023-09-02 10:46:18,2023-09-02,"5","imidacloprid","borage","5_imidacloprid"
"18084","226",1,"001f543e44c5",2023-09-02 11:19:03,2023-09-02,"5","imidacloprid","zinnia","5_imidacloprid"
"18182","250",1,"001f543e4335",2023-09-01 11:14:39,2023-09-01,"5","control","borage","5_control"
"18247","250",1,"001f543e4335",2023-09-01 11:34:08,2023-09-01,"5","control","borage","5_control"
"18617","236",1,"001f543e44cc",2023-09-01 07:36:40,2023-09-01,"5","imidacloprid","borage","5_imidacloprid"
"18999","250",4,"001f543e44cc",2023-09-01 11:10:40,2023-09-01,"5","control","borage","5_control"
"19083","250",1,"001f543e44cc",2023-09-01 13:27:58,2023-09-01,"5","control","borage","5_control"
"19149","232",4,"001f543e44cc",2023-09-02 12:47:20,2023-09-02,"5","imidacloprid","borage","5_imidacloprid"
"19150","232",8,"001f543e44cc",2023-09-02 17:32:25,2023-09-02,"5","imidacloprid","borage","5_imidacloprid"
"19151","232",9,"001f543e44cc",2023-09-02 17:32:42,2023-09-02,"5","imidacloprid","borage","5_imidacloprid"
"19210","229",1,"001f543e3c1f",2023-09-02 09:14:15,2023-09-02,"5","imidacloprid","cucumber","5_imidacloprid"
"19213","233",7,"001f543e3c1f",2023-09-02 11:39:11,2023-09-02,"5","imidacloprid","cucumber","5_imidacloprid"
"19215","233",7,"001f543e3c1f",2023-09-02 11:39:42,2023-09-02,"5","imidacloprid","cucumber","5_imidacloprid"
"19216","233",9,"001f543e3c1f",2023-09-02 11:40:41,2023-09-02,"5","imidacloprid","cucumber","5_imidacloprid"
"19217","233",2,"001f543e3c1f",2023-09-02 11:41:42,2023-09-02,"5","imidacloprid","cucumber","5_imidacloprid"
"19219","226",13,"001f543e3c1f",2023-09-02 12:17:13,2023-09-02,"5","imidacloprid","cucumber","5_imidacloprid"
"19222","233",10,"001f543e3c1f",2023-09-02 14:59:55,2023-09-02,"5","imidacloprid","cucumber","5_imidacloprid"
"19227","336",2,"001f543e3c1f",2023-09-03 01:22:27,2023-09-03,"5","flupyradifurone","cucumber","5_flupyradifurone"
"19412","229",26,"001f543e3713",2023-09-02 09:58:01,2023-09-02,"5","imidacloprid","cucumber","5_imidacloprid"
"19414","229",15,"001f543e3713",2023-09-02 09:58:22,2023-09-02,"5","imidacloprid","cucumber","5_imidacloprid"
"19415","226",40,"001f543e3713",2023-09-02 13:07:09,2023-09-02,"5","imidacloprid","cucumber","5_imidacloprid"
"19417","231",45,"001f543e3713",2023-09-02 15:16:59,2023-09-02,"5","imidacloprid","cucumber","5_imidacloprid"
"19419","231",9,"001f543e3713",2023-09-02 15:17:20,2023-09-02,"5","imidacloprid","cucumber","5_imidacloprid"
"19420","232",64,"001f543e3713",2023-09-02 15:17:20,2023-09-02,"5","imidacloprid","cucumber","5_imidacloprid"
"19422","232",2,"001f543e3713",2023-09-02 15:17:44,2023-09-02,"5","imidacloprid","cucumber","5_imidacloprid"
"19423","231",71,"001f543e3713",2023-09-02 15:27:51,2023-09-02,"5","imidacloprid","cucumber","5_imidacloprid"
"19426","231",32,"001f543e3713",2023-09-02 15:28:31,2023-09-02,"5","imidacloprid","cucumber","5_imidacloprid"
"19427","231",69,"001f543e3713",2023-09-02 15:29:16,2023-09-02,"5","imidacloprid","cucumber","5_imidacloprid"
"19428","231",79,"001f543e3713",2023-09-02 15:29:45,2023-09-02,"5","imidacloprid","cucumber","5_imidacloprid"
"19429","231",40,"001f543e3713",2023-09-02 15:30:14,2023-09-02,"5","imidacloprid","cucumber","5_imidacloprid"
"19430","231",15,"001f543e3713",2023-09-02 15:30:42,2023-09-02,"5","imidacloprid","cucumber","5_imidacloprid"
"19431","230",31,"001f543e3713",2023-09-02 16:46:24,2023-09-02,"5","imidacloprid","cucumber","5_imidacloprid"
"19434","230",17,"001f543e3713",2023-09-02 16:46:53,2023-09-02,"5","imidacloprid","cucumber","5_imidacloprid"
"19436","229",4,"001f543e3713",2023-09-02 16:51:00,2023-09-02,"5","imidacloprid","cucumber","5_imidacloprid"
"19437","232",11,"001f543e3713",2023-09-02 18:11:32,2023-09-02,"5","imidacloprid","cucumber","5_imidacloprid"
"19439","244",8,"001f543e42c0",2023-09-01 11:04:30,2023-09-01,"5","control","cucumber","5_control"
"19445","229",1,"001f543e42c0",2023-09-02 11:40:29,2023-09-02,"5","imidacloprid","cucumber","5_imidacloprid"
"19446","225",3,"001f543e42c0",2023-09-02 13:02:18,2023-09-02,"5","imidacloprid","cucumber","5_imidacloprid"
"19468","334",7,"001f543e42c0",2023-09-02 18:07:43,2023-09-02,"5","flupyradifurone","cucumber","5_flupyradifurone"
"19470","334",14,"001f543e42c0",2023-09-02 18:08:12,2023-09-02,"5","flupyradifurone","cucumber","5_flupyradifurone"
"19473","334",63,"001f543e42c0",2023-09-02 18:08:41,2023-09-02,"5","flupyradifurone","cucumber","5_flupyradifurone"
"19474","334",87,"001f543e42c0",2023-09-02 18:09:04,2023-09-02,"5","flupyradifurone","cucumber","5_flupyradifurone"
"19673","236",3,"001f543cd376",2023-09-01 10:06:58,2023-09-01,"5","imidacloprid","zinnia","5_imidacloprid"
"19701","236",1,"001f543cd376",2023-09-01 10:48:01,2023-09-01,"5","imidacloprid","zinnia","5_imidacloprid"
"19735","250",1,"001f543cd376",2023-09-01 11:49:17,2023-09-01,"5","control","zinnia","5_control"
"19827","236",1,"001f543cd376",2023-09-01 13:11:57,2023-09-01,"5","imidacloprid","zinnia","5_imidacloprid"
"19950","251",1,"001f543cd376",2023-09-01 14:55:52,2023-09-01,"5","control","zinnia","5_control"
"20009","250",1,"001f543cd376",2023-09-01 16:13:16,2023-09-01,"5","control","zinnia","5_control"
"20039","250",1,"001f543cd376",2023-09-01 16:55:54,2023-09-01,"5","control","zinnia","5_control"
"20063","250",1,"001f543cd376",2023-09-01 17:18:39,2023-09-01,"5","control","zinnia","5_control"
"20105","231",2,"001f543cd376",2023-09-01 18:32:39,2023-09-01,"5","imidacloprid","zinnia","5_imidacloprid"
"20154","236",1,"001f543cd376",2023-09-02 08:39:06,2023-09-02,"5","imidacloprid","zinnia","5_imidacloprid"
"20235","336",1,"001f543cd376",2023-09-02 09:45:43,2023-09-02,"5","flupyradifurone","zinnia","5_flupyradifurone"
"20247","336",4,"001f543cd376",2023-09-02 10:07:16,2023-09-02,"5","flupyradifurone","zinnia","5_flupyradifurone"
"20252","233",2,"001f543cd376",2023-09-02 10:22:22,2023-09-02,"5","imidacloprid","zinnia","5_imidacloprid"
"20453","336",1,"001f543cd376",2023-09-02 15:36:12,2023-09-02,"5","flupyradifurone","zinnia","5_flupyradifurone"
"20485","336",1,"001f543cd376",2023-09-02 15:54:50,2023-09-02,"5","flupyradifurone","zinnia","5_flupyradifurone"
"20582","336",1,"001f543cd376",2023-09-02 18:02:41,2023-09-02,"5","flupyradifurone","zinnia","5_flupyradifurone"
"20591","239",3,"001f543cd376",2023-09-02 18:19:03,2023-09-02,"5","imidacloprid","zinnia","5_imidacloprid"
"20623","228",1,"001f543cd376",2023-09-02 18:44:03,2023-09-02,"5","imidacloprid","zinnia","5_imidacloprid"
"20848","336",2,"001f543cd376",2023-09-03 13:00:45,2023-09-03,"5","flupyradifurone","zinnia","5_flupyradifurone"
"20912","322",1,"001f543cd376",2023-09-03 14:00:25,2023-09-03,"5","flupyradifurone","zinnia","5_flupyradifurone"
"20933","336",1,"001f543cd376",2023-09-03 14:09:35,2023-09-03,"5","flupyradifurone","zinnia","5_flupyradifurone"
"21040","244",18,"001f543e49e4",2023-09-01 14:44:31,2023-09-01,"5","control","borage","5_control"
"21041","244",19,"001f543e49e4",2023-09-01 15:01:34,2023-09-01,"5","control","borage","5_control"
"21046","223",1,"001f543e49e4",2023-09-01 15:20:11,2023-09-01,"5","imidacloprid","borage","5_imidacloprid"
"21180","336",1,"001f543e49e4",2023-09-02 08:52:24,2023-09-02,"5","flupyradifurone","borage","5_flupyradifurone"
"21253","334",2,"001f543e49e4",2023-09-03 10:09:15,2023-09-03,"5","flupyradifurone","borage","5_flupyradifurone"
"21679","336",4,"001f543e49e4",2023-09-03 13:43:48,2023-09-03,"5","flupyradifurone","borage","5_flupyradifurone"
"21809","250",1,"001f543e49d5",2023-09-01 06:56:13,2023-09-01,"5","control","zinnia","5_control"
"21899","230",1,"001f543e49d5",2023-09-01 09:17:30,2023-09-01,"5","imidacloprid","zinnia","5_imidacloprid"
"21981","258",5,"001f543e49d5",2023-09-01 16:56:20,2023-09-01,"5","control","zinnia","5_control"
"22071","232",103,"001f543e38bf",2023-09-02 18:13:49,2023-09-02,"5","imidacloprid","borage","5_imidacloprid"
"22088","250",1,"001f543e3790",2023-09-01 05:59:30,2023-09-01,"5","control","borage","5_control"
"22090","250",1,"001f543e3790",2023-09-01 06:00:49,2023-09-01,"5","control","borage","5_control"
"22102","250",2,"001f543e3790",2023-09-01 06:04:35,2023-09-01,"5","control","borage","5_control"
"22104","250",2,"001f543e3790",2023-09-01 06:04:49,2023-09-01,"5","control","borage","5_control"
"22107","250",1,"001f543e3790",2023-09-01 06:05:25,2023-09-01,"5","control","borage","5_control"
"22129","250",1,"001f543e3790",2023-09-01 06:08:43,2023-09-01,"5","control","borage","5_control"
"22199","250",1,"001f543e3790",2023-09-01 07:06:39,2023-09-01,"5","control","borage","5_control"
"22980","226",1,"001f543e3790",2023-09-02 13:34:25,2023-09-02,"5","imidacloprid","borage","5_imidacloprid"
"23102","229",38,"001f543e3790",2023-09-02 14:40:54,2023-09-02,"5","imidacloprid","borage","5_imidacloprid"
"23104","229",27,"001f543e3790",2023-09-02 14:41:17,2023-09-02,"5","imidacloprid","borage","5_imidacloprid"
"23106","229",54,"001f543e3790",2023-09-02 14:41:46,2023-09-02,"5","imidacloprid","borage","5_imidacloprid"
"23107","229",45,"001f543e3790",2023-09-02 14:42:15,2023-09-02,"5","imidacloprid","borage","5_imidacloprid"
"23129","232",15,"001f543e3790",2023-09-02 18:16:14,2023-09-02,"5","imidacloprid","borage","5_imidacloprid"
"23131","232",50,"001f543e3790",2023-09-02 18:16:36,2023-09-02,"5","imidacloprid","borage","5_imidacloprid"
"23144","334",39,"001f543e3790",2023-09-03 10:13:12,2023-09-03,"5","flupyradifurone","borage","5_flupyradifurone"
"23146","334",14,"001f543e3790",2023-09-03 10:13:39,2023-09-03,"5","flupyradifurone","borage","5_flupyradifurone"
"23278","250",1,"001f5439f120",2023-09-01 12:59:33,2023-09-01,"5","control","borage","5_control"
"23372","250",1,"001f5439f120",2023-09-01 13:54:14,2023-09-01,"5","control","borage","5_control"
"23481","244",1,"001f5439f120",2023-09-01 15:59:49,2023-09-01,"5","control","borage","5_control"
"23520","326",1,"001f5439f120",2023-09-02 17:50:20,2023-09-02,"5","flupyradifurone","borage","5_flupyradifurone"
"23642","336",2,"001f543e4abe",2023-09-03 10:22:11,2023-09-03,"5","flupyradifurone","zinnia","5_flupyradifurone"
"23708","229",24,"001f54431af9",2023-09-02 16:47:47,2023-09-02,"5","imidacloprid","cucumber","5_imidacloprid"
"23717","334",31,"001f54431af9",2023-09-03 10:17:39,2023-09-03,"5","flupyradifurone","cucumber","5_flupyradifurone"
"23718","334",39,"001f54431af9",2023-09-03 10:18:03,2023-09-03,"5","flupyradifurone","cucumber","5_flupyradifurone"
"23719","334",6,"001f54431af9",2023-09-03 10:18:25,2023-09-03,"5","flupyradifurone","cucumber","5_flupyradifurone"
"23720","334",48,"001f54431af9",2023-09-03 10:18:48,2023-09-03,"5","flupyradifurone","cucumber","5_flupyradifurone"
"23721","334",4,"001f54431af9",2023-09-03 10:19:18,2023-09-03,"5","flupyradifurone","cucumber","5_flupyradifurone"
"23745","244",4,"001f54431a5d",2023-09-01 12:04:58,2023-09-01,"5","control","cucumber","5_control"
"23746","244",3,"001f54431a5d",2023-09-01 13:31:49,2023-09-01,"5","control","cucumber","5_control"
"23754","250",1,"001f54431a5d",2023-09-01 15:54:50,2023-09-01,"5","control","cucumber","5_control"
"23766","231",8,"001f54431a5d",2023-09-01 18:32:07,2023-09-01,"5","imidacloprid","cucumber","5_imidacloprid"
"23806","336",1,"001f54431a5d",2023-09-02 13:20:18,2023-09-02,"5","flupyradifurone","cucumber","5_flupyradifurone"
"23852","227",3,"001f54431a5d",2023-09-02 15:10:22,2023-09-02,"5","imidacloprid","cucumber","5_imidacloprid"
"23856","227",2,"001f54431a5d",2023-09-02 15:13:18,2023-09-02,"5","imidacloprid","cucumber","5_imidacloprid"
"23862","228",46,"001f54431a5d",2023-09-02 17:06:38,2023-09-02,"5","imidacloprid","cucumber","5_imidacloprid"
"23864","228",41,"001f54431a5d",2023-09-02 17:07:00,2023-09-02,"5","imidacloprid","cucumber","5_imidacloprid"
"23865","334",5,"001f54431a5d",2023-09-02 17:35:25,2023-09-02,"5","flupyradifurone","cucumber","5_flupyradifurone"
"23866","334",2,"001f54431a5d",2023-09-02 17:35:37,2023-09-02,"5","flupyradifurone","cucumber","5_flupyradifurone"
"23867","334",42,"001f54431a5d",2023-09-02 17:35:50,2023-09-02,"5","flupyradifurone","cucumber","5_flupyradifurone"
"23887","336",4,"001f54431a5d",2023-09-03 09:36:11,2023-09-03,"5","flupyradifurone","cucumber","5_flupyradifurone"
"24148","241",1,"001f543e3aad",2023-09-01 15:47:08,2023-09-01,"5","control","zinnia","5_control"
"24167","349",9,"001f543e4abe",2023-09-08 09:38:47,2023-09-08,"6","control","cucumber","6_control"
"24168","344",10,"001f543e4abe",2023-09-08 11:02:17,2023-09-08,"6","control","cucumber","6_control"
"24170","389",1,"001f543e4abe",2023-09-09 09:35:48,2023-09-09,"6","imidacloprid","cucumber","6_imidacloprid"
"24171","389",13,"001f543e4abe",2023-09-09 09:36:02,2023-09-09,"6","imidacloprid","cucumber","6_imidacloprid"
"24172","384",5,"001f543e4abe",2023-09-09 10:43:25,2023-09-09,"6","imidacloprid","cucumber","6_imidacloprid"
"24173","384",4,"001f543e4abe",2023-09-09 11:16:23,2023-09-09,"6","imidacloprid","cucumber","6_imidacloprid"
"24174","388",1,"001f543e4abe",2023-09-09 13:15:01,2023-09-09,"6","imidacloprid","cucumber","6_imidacloprid"
"24175","383",3,"001f543e4abe",2023-09-09 13:39:07,2023-09-09,"6","imidacloprid","cucumber","6_imidacloprid"
"24178","393",1,"001f543e4abe",2023-09-09 13:45:58,2023-09-09,"6","imidacloprid","cucumber","6_imidacloprid"
"24181","381",6,"001f543e4abe",2023-09-09 15:07:08,2023-09-09,"6","imidacloprid","cucumber","6_imidacloprid"
"24182","381",27,"001f543e4abe",2023-09-09 15:07:22,2023-09-09,"6","imidacloprid","cucumber","6_imidacloprid"
"24184","381",43,"001f543e4abe",2023-09-09 15:07:40,2023-09-09,"6","imidacloprid","cucumber","6_imidacloprid"
"24185","381",53,"001f543e4abe",2023-09-09 15:07:56,2023-09-09,"6","imidacloprid","cucumber","6_imidacloprid"
"24186","381",47,"001f543e4abe",2023-09-09 15:08:14,2023-09-09,"6","imidacloprid","cucumber","6_imidacloprid"
"24187","381",92,"001f543e4abe",2023-09-09 15:08:36,2023-09-09,"6","imidacloprid","cucumber","6_imidacloprid"
"24188","381",83,"001f543e4abe",2023-09-09 15:09:00,2023-09-09,"6","imidacloprid","cucumber","6_imidacloprid"
"24189","381",43,"001f543e4abe",2023-09-09 15:09:24,2023-09-09,"6","imidacloprid","cucumber","6_imidacloprid"
"24190","381",81,"001f543e4abe",2023-09-09 15:09:37,2023-09-09,"6","imidacloprid","cucumber","6_imidacloprid"
"24191","381",75,"001f543e4abe",2023-09-09 15:09:58,2023-09-09,"6","imidacloprid","cucumber","6_imidacloprid"
"24192","381",87,"001f543e4abe",2023-09-09 15:10:18,2023-09-09,"6","imidacloprid","cucumber","6_imidacloprid"
"24193","381",58,"001f543e4abe",2023-09-09 15:10:42,2023-09-09,"6","imidacloprid","cucumber","6_imidacloprid"
"24194","381",81,"001f543e4abe",2023-09-09 15:10:58,2023-09-09,"6","imidacloprid","cucumber","6_imidacloprid"
"24195","381",100,"001f543e4abe",2023-09-09 15:11:22,2023-09-09,"6","imidacloprid","cucumber","6_imidacloprid"
"24196","381",88,"001f543e4abe",2023-09-09 15:11:50,2023-09-09,"6","imidacloprid","cucumber","6_imidacloprid"
"24197","381",45,"001f543e4abe",2023-09-09 15:12:20,2023-09-09,"6","imidacloprid","cucumber","6_imidacloprid"
"24198","381",40,"001f543e4abe",2023-09-09 15:12:35,2023-09-09,"6","imidacloprid","cucumber","6_imidacloprid"
"24199","381",47,"001f543e4abe",2023-09-09 15:12:52,2023-09-09,"6","imidacloprid","cucumber","6_imidacloprid"
"24200","381",21,"001f543e4abe",2023-09-09 15:13:12,2023-09-09,"6","imidacloprid","cucumber","6_imidacloprid"
"24201","381",20,"001f543e4abe",2023-09-09 15:13:24,2023-09-09,"6","imidacloprid","cucumber","6_imidacloprid"
"24202","381",27,"001f543e4abe",2023-09-09 15:13:40,2023-09-09,"6","imidacloprid","cucumber","6_imidacloprid"
"24203","381",46,"001f543e4abe",2023-09-09 15:14:06,2023-09-09,"6","imidacloprid","cucumber","6_imidacloprid"
"24204","381",36,"001f543e4abe",2023-09-09 15:15:33,2023-09-09,"6","imidacloprid","cucumber","6_imidacloprid"
"24205","381",34,"001f543e4abe",2023-09-09 15:15:58,2023-09-09,"6","imidacloprid","cucumber","6_imidacloprid"
"24206","381",38,"001f543e4abe",2023-09-09 15:16:12,2023-09-09,"6","imidacloprid","cucumber","6_imidacloprid"
"24207","381",21,"001f543e4abe",2023-09-09 15:16:36,2023-09-09,"6","imidacloprid","cucumber","6_imidacloprid"
"24208","381",39,"001f543e4abe",2023-09-09 15:16:53,2023-09-09,"6","imidacloprid","cucumber","6_imidacloprid"
"24209","381",51,"001f543e4abe",2023-09-09 15:17:42,2023-09-09,"6","imidacloprid","cucumber","6_imidacloprid"
"24210","381",59,"001f543e4abe",2023-09-09 15:17:56,2023-09-09,"6","imidacloprid","cucumber","6_imidacloprid"
"24211","381",49,"001f543e4abe",2023-09-09 15:18:36,2023-09-09,"6","imidacloprid","cucumber","6_imidacloprid"
"24212","381",48,"001f543e4abe",2023-09-09 15:19:10,2023-09-09,"6","imidacloprid","cucumber","6_imidacloprid"
"24213","381",45,"001f543e4abe",2023-09-09 15:24:26,2023-09-09,"6","imidacloprid","cucumber","6_imidacloprid"
"24214","381",33,"001f543e4abe",2023-09-09 15:24:48,2023-09-09,"6","imidacloprid","cucumber","6_imidacloprid"
"24215","381",63,"001f543e4abe",2023-09-09 15:26:07,2023-09-09,"6","imidacloprid","cucumber","6_imidacloprid"
"24216","389",1,"001f543e4abe",2023-09-09 15:28:49,2023-09-09,"6","imidacloprid","cucumber","6_imidacloprid"
"24219","396",6,"001f543e4abe",2023-09-09 17:03:12,2023-09-09,"6","imidacloprid","cucumber","6_imidacloprid"
"24222","366",23,"001f543e3aad",2023-09-07 16:40:17,2023-09-07,"6","flupyradifurone","borage","6_flupyradifurone"
"24225","353",2,"001f543e3aad",2023-09-08 09:55:59,2023-09-08,"6","control","borage","6_control"
"24226","354",7,"001f543e3aad",2023-09-08 11:51:21,2023-09-08,"6","control","borage","6_control"
"24227","340",4,"001f543e3aad",2023-09-08 12:15:20,2023-09-08,"6","control","borage","6_control"
"24228","340",2,"001f543e3aad",2023-09-08 12:16:19,2023-09-08,"6","control","borage","6_control"
"24229","340",1,"001f543e3aad",2023-09-08 12:17:47,2023-09-08,"6","control","borage","6_control"
"24230","349",2,"001f543e3aad",2023-09-08 13:10:26,2023-09-08,"6","control","borage","6_control"
"24232","349",1,"001f543e3aad",2023-09-08 13:16:05,2023-09-08,"6","control","borage","6_control"
"24233","349",15,"001f543e3aad",2023-09-08 14:57:43,2023-09-08,"6","control","borage","6_control"
"24234","349",4,"001f543e3aad",2023-09-08 15:03:56,2023-09-08,"6","control","borage","6_control"
"24235","353",13,"001f543e3aad",2023-09-08 15:33:47,2023-09-08,"6","control","borage","6_control"
"24260","396",1,"001f543e3aad",2023-09-09 14:58:28,2023-09-09,"6","imidacloprid","borage","6_imidacloprid"
"24292","362",1,"001f543e49e4",2023-09-07 13:09:06,2023-09-07,"6","flupyradifurone","cucumber","6_flupyradifurone"
"24294","344",7,"001f543e49e4",2023-09-08 14:16:05,2023-09-08,"6","control","cucumber","6_control"
"24295","383",9,"001f543e49e4",2023-09-09 10:57:39,2023-09-09,"6","imidacloprid","cucumber","6_imidacloprid"
"24296","399",1,"001f543e49e4",2023-09-09 13:28:05,2023-09-09,"6","imidacloprid","cucumber","6_imidacloprid"
"24298","381",7,"001f543e49e4",2023-09-09 14:11:34,2023-09-09,"6","imidacloprid","cucumber","6_imidacloprid"
"24299","398",4,"001f543e49e4",2023-09-09 16:25:41,2023-09-09,"6","imidacloprid","cucumber","6_imidacloprid"
"24313","396",5,"001f543e3713",2023-09-08 11:56:39,2023-09-08,"6","imidacloprid","zinnia","6_imidacloprid"
"24319","396",1,"001f543e3713",2023-09-08 12:25:29,2023-09-08,"6","imidacloprid","zinnia","6_imidacloprid"
"24321","396",4,"001f543e3713",2023-09-08 12:25:54,2023-09-08,"6","imidacloprid","zinnia","6_imidacloprid"
"24324","346",6,"001f543e3713",2023-09-08 18:02:45,2023-09-08,"6","control","zinnia","6_control"
"24336","349",3,"001f54431a5d",2023-09-08 11:48:53,2023-09-08,"6","control","zinnia","6_control"
"24353","398",1,"001f543e42c0",2023-09-08 13:21:34,2023-09-08,"6","imidacloprid","zinnia","6_imidacloprid"
"24367","353",4,"001f543cdadb",2023-09-08 10:45:37,2023-09-08,"6","control","borage","6_control"
"24368","353",1,"001f543cdadb",2023-09-08 11:31:58,2023-09-08,"6","control","borage","6_control"
"24369","349",1,"001f543cdadb",2023-09-08 11:43:53,2023-09-08,"6","control","borage","6_control"
"24370","344",1,"001f543cdadb",2023-09-08 12:35:50,2023-09-08,"6","control","borage","6_control"
"24371","354",1,"001f543cdadb",2023-09-08 13:42:19,2023-09-08,"6","control","borage","6_control"
"24372","353",1,"001f543cdadb",2023-09-08 14:05:32,2023-09-08,"6","control","borage","6_control"
"24373","353",3,"001f543cdadb",2023-09-08 16:13:10,2023-09-08,"6","control","borage","6_control"
"24374","353",3,"001f543cdadb",2023-09-08 16:28:27,2023-09-08,"6","control","borage","6_control"
"24375","340",2,"001f543cdadb",2023-09-08 17:17:14,2023-09-08,"6","control","borage","6_control"
"24487","378",1,"001f543e49d5",2023-09-07 09:44:21,2023-09-07,"6","flupyradifurone","borage","6_flupyradifurone"
"24579","379",2,"001f543e49d5",2023-09-07 10:34:57,2023-09-07,"6","flupyradifurone","borage","6_flupyradifurone"
"24642","349",11,"001f543e49d5",2023-09-08 09:38:06,2023-09-08,"6","control","borage","6_control"
"24643","349",1,"001f543e49d5",2023-09-08 09:40:32,2023-09-08,"6","control","borage","6_control"
"24644","349",2,"001f543e49d5",2023-09-08 09:42:38,2023-09-08,"6","control","borage","6_control"
"24645","344",2,"001f543e49d5",2023-09-08 11:03:24,2023-09-08,"6","control","borage","6_control"
"24648","340",2,"001f543e49d5",2023-09-08 15:21:56,2023-09-08,"6","control","borage","6_control"
"24710","379",1,"001f543cd376",2023-09-06 19:27:24,2023-09-06,"6","flupyradifurone","borage","6_flupyradifurone"
"24711","379",2,"001f543cd376",2023-09-06 19:27:51,2023-09-06,"6","flupyradifurone","borage","6_flupyradifurone"
"24721","379",1,"001f543cd376",2023-09-07 06:25:19,2023-09-07,"6","flupyradifurone","borage","6_flupyradifurone"
"24910","349",4,"001f543cd376",2023-09-07 08:56:23,2023-09-07,"6","control","borage","6_control"
"25036","378",2,"001f543cd376",2023-09-07 10:08:33,2023-09-07,"6","flupyradifurone","borage","6_flupyradifurone"
"25039","378",1,"001f543cd376",2023-09-07 10:08:55,2023-09-07,"6","flupyradifurone","borage","6_flupyradifurone"
"25046","378",1,"001f543cd376",2023-09-07 10:10:24,2023-09-07,"6","flupyradifurone","borage","6_flupyradifurone"
"25060","378",1,"001f543cd376",2023-09-07 10:12:47,2023-09-07,"6","flupyradifurone","borage","6_flupyradifurone"
"25066","378",2,"001f543cd376",2023-09-07 10:14:25,2023-09-07,"6","flupyradifurone","borage","6_flupyradifurone"
"25342","366",4,"001f543cd376",2023-09-07 13:38:52,2023-09-07,"6","flupyradifurone","borage","6_flupyradifurone"
"25535","379",4,"001f543cd376",2023-09-07 15:59:55,2023-09-07,"6","flupyradifurone","borage","6_flupyradifurone"
"25555","378",1,"001f543cd376",2023-09-07 16:18:47,2023-09-07,"6","flupyradifurone","borage","6_flupyradifurone"
"25596","379",4,"001f543cd376",2023-09-07 16:41:08,2023-09-07,"6","flupyradifurone","borage","6_flupyradifurone"
"25707","392",5,"001f543cd376",2023-09-08 07:37:16,2023-09-08,"6","imidacloprid","borage","6_imidacloprid"
"25917","349",35,"001f543cd376",2023-09-08 09:43:38,2023-09-08,"6","control","borage","6_control"
"25918","349",18,"001f543cd376",2023-09-08 09:44:01,2023-09-08,"6","control","borage","6_control"
"25920","349",2,"001f543cd376",2023-09-08 09:47:25,2023-09-08,"6","control","borage","6_control"
"25927","392",3,"001f543cd376",2023-09-08 10:06:33,2023-09-08,"6","imidacloprid","borage","6_imidacloprid"
"25929","353",16,"001f543cd376",2023-09-08 10:08:17,2023-09-08,"6","control","borage","6_control"
"25937","349",6,"001f543cd376",2023-09-08 10:28:08,2023-09-08,"6","control","borage","6_control"
"25941","349",8,"001f543cd376",2023-09-08 10:28:36,2023-09-08,"6","control","borage","6_control"
"25948","349",12,"001f543cd376",2023-09-08 10:30:32,2023-09-08,"6","control","borage","6_control"
"25953","340",5,"001f543cd376",2023-09-08 10:30:57,2023-09-08,"6","control","borage","6_control"
"25954","340",19,"001f543cd376",2023-09-08 10:31:21,2023-09-08,"6","control","borage","6_control"
"25956","340",4,"001f543cd376",2023-09-08 10:31:55,2023-09-08,"6","control","borage","6_control"
"25986","353",6,"001f543cd376",2023-09-08 10:42:17,2023-09-08,"6","control","borage","6_control"
"26053","382",3,"001f543cd376",2023-09-08 11:16:22,2023-09-08,"6","imidacloprid","borage","6_imidacloprid"
"26093","350",9,"001f543cd376",2023-09-08 11:35:11,2023-09-08,"6","control","borage","6_control"
"26132","340",4,"001f543cd376",2023-09-08 11:55:37,2023-09-08,"6","control","borage","6_control"
"26138","340",1,"001f543cd376",2023-09-08 11:56:36,2023-09-08,"6","control","borage","6_control"
"26139","340",8,"001f543cd376",2023-09-08 11:57:21,2023-09-08,"6","control","borage","6_control"
"26140","396",1,"001f543cd376",2023-09-08 11:58:40,2023-09-08,"6","imidacloprid","borage","6_imidacloprid"
"26189","341",2,"001f543cd376",2023-09-08 12:22:10,2023-09-08,"6","control","borage","6_control"
"26193","392",1,"001f543cd376",2023-09-08 12:22:39,2023-09-08,"6","imidacloprid","borage","6_imidacloprid"
"26243","349",4,"001f543cd376",2023-09-08 12:48:00,2023-09-08,"6","control","borage","6_control"
"26245","349",7,"001f543cd376",2023-09-08 12:48:21,2023-09-08,"6","control","borage","6_control"
"26249","349",7,"001f543cd376",2023-09-08 12:48:43,2023-09-08,"6","control","borage","6_control"
"26250","349",3,"001f543cd376",2023-09-08 12:49:14,2023-09-08,"6","control","borage","6_control"
"26251","349",1,"001f543cd376",2023-09-08 12:49:46,2023-09-08,"6","control","borage","6_control"
"26252","349",9,"001f543cd376",2023-09-08 12:50:12,2023-09-08,"6","control","borage","6_control"
"26270","349",4,"001f543cd376",2023-09-08 13:02:39,2023-09-08,"6","control","borage","6_control"
"26271","340",3,"001f543cd376",2023-09-08 13:03:11,2023-09-08,"6","control","borage","6_control"
"26272","349",1,"001f543cd376",2023-09-08 13:03:11,2023-09-08,"6","control","borage","6_control"
"26279","349",3,"001f543cd376",2023-09-08 13:13:45,2023-09-08,"6","control","borage","6_control"
"26283","344",1,"001f543cd376",2023-09-08 13:18:27,2023-09-08,"6","control","borage","6_control"
"26293","398",1,"001f543cd376",2023-09-08 13:22:21,2023-09-08,"6","imidacloprid","borage","6_imidacloprid"
"26309","340",5,"001f543cd376",2023-09-08 13:26:50,2023-09-08,"6","control","borage","6_control"
"26343","340",3,"001f543cd376",2023-09-08 13:36:40,2023-09-08,"6","control","borage","6_control"
"26370","392",1,"001f543cd376",2023-09-08 13:50:11,2023-09-08,"6","imidacloprid","borage","6_imidacloprid"
"26384","396",5,"001f543cd376",2023-09-08 14:08:48,2023-09-08,"6","imidacloprid","borage","6_imidacloprid"
"26422","344",19,"001f543cd376",2023-09-08 14:39:01,2023-09-08,"6","control","borage","6_control"
"26426","344",8,"001f543cd376",2023-09-08 14:39:23,2023-09-08,"6","control","borage","6_control"
"26437","344",11,"001f543cd376",2023-09-08 14:41:02,2023-09-08,"6","control","borage","6_control"
"26445","353",1,"001f543cd376",2023-09-08 14:45:36,2023-09-08,"6","control","borage","6_control"
"26467","349",1,"001f543cd376",2023-09-08 14:58:19,2023-09-08,"6","control","borage","6_control"
"26475","349",1,"001f543cd376",2023-09-08 15:04:26,2023-09-08,"6","control","borage","6_control"
"26487","344",8,"001f543cd376",2023-09-08 15:08:57,2023-09-08,"6","control","borage","6_control"
"26490","344",2,"001f543cd376",2023-09-08 15:09:27,2023-09-08,"6","control","borage","6_control"
"26611","387",4,"001f543cd376",2023-09-08 15:53:33,2023-09-08,"6","imidacloprid","borage","6_imidacloprid"
"26630","353",6,"001f543cd376",2023-09-08 16:00:26,2023-09-08,"6","control","borage","6_control"
"26708","393",4,"001f543cd376",2023-09-08 16:52:46,2023-09-08,"6","imidacloprid","borage","6_imidacloprid"
"26720","396",1,"001f543cd376",2023-09-08 17:13:10,2023-09-08,"6","imidacloprid","borage","6_imidacloprid"
"26724","340",16,"001f543cd376",2023-09-08 17:16:06,2023-09-08,"6","control","borage","6_control"
"26725","340",3,"001f543cd376",2023-09-08 17:16:36,2023-09-08,"6","control","borage","6_control"
"26735","344",8,"001f543cd376",2023-09-08 17:30:33,2023-09-08,"6","control","borage","6_control"
"26763","340",13,"001f543cd376",2023-09-08 17:50:54,2023-09-08,"6","control","borage","6_control"
"26778","340",2,"001f543cd376",2023-09-08 17:57:37,2023-09-08,"6","control","borage","6_control"
"26878","396",1,"001f543cd376",2023-09-08 19:38:18,2023-09-08,"6","imidacloprid","borage","6_imidacloprid"
"26904","392",5,"001f543cd376",2023-09-09 06:41:26,2023-09-09,"6","imidacloprid","borage","6_imidacloprid"
"26907","392",1,"001f543cd376",2023-09-09 06:53:31,2023-09-09,"6","imidacloprid","borage","6_imidacloprid"
"26956","392",4,"001f543cd376",2023-09-09 09:17:24,2023-09-09,"6","imidacloprid","borage","6_imidacloprid"
"26988","396",2,"001f543cd376",2023-09-09 09:48:01,2023-09-09,"6","imidacloprid","borage","6_imidacloprid"
"26990","392",1,"001f543cd376",2023-09-09 09:52:26,2023-09-09,"6","imidacloprid","borage","6_imidacloprid"
"27056","392",3,"001f543cd376",2023-09-09 10:45:18,2023-09-09,"6","imidacloprid","borage","6_imidacloprid"
"27074","392",1,"001f543cd376",2023-09-09 10:49:15,2023-09-09,"6","imidacloprid","borage","6_imidacloprid"
"27087","384",1,"001f543cd376",2023-09-09 10:52:42,2023-09-09,"6","imidacloprid","borage","6_imidacloprid"
"27224","393",3,"001f543cd376",2023-09-09 12:03:27,2023-09-09,"6","imidacloprid","borage","6_imidacloprid"
"27254","392",3,"001f543cd376",2023-09-09 12:19:36,2023-09-09,"6","imidacloprid","borage","6_imidacloprid"
"27259","392",1,"001f543cd376",2023-09-09 12:20:05,2023-09-09,"6","imidacloprid","borage","6_imidacloprid"
"27261","392",4,"001f543cd376",2023-09-09 12:20:35,2023-09-09,"6","imidacloprid","borage","6_imidacloprid"
"27266","392",3,"001f543cd376",2023-09-09 12:21:33,2023-09-09,"6","imidacloprid","borage","6_imidacloprid"
"27267","392",1,"001f543cd376",2023-09-09 12:22:03,2023-09-09,"6","imidacloprid","borage","6_imidacloprid"
"27271","392",3,"001f543cd376",2023-09-09 12:22:26,2023-09-09,"6","imidacloprid","borage","6_imidacloprid"
"27275","392",1,"001f543cd376",2023-09-09 12:24:19,2023-09-09,"6","imidacloprid","borage","6_imidacloprid"
"27279","392",5,"001f543cd376",2023-09-09 12:24:43,2023-09-09,"6","imidacloprid","borage","6_imidacloprid"
"27281","392",1,"001f543cd376",2023-09-09 12:25:42,2023-09-09,"6","imidacloprid","borage","6_imidacloprid"
"27285","392",3,"001f543cd376",2023-09-09 12:26:42,2023-09-09,"6","imidacloprid","borage","6_imidacloprid"
"27329","392",1,"001f543cd376",2023-09-09 12:38:01,2023-09-09,"6","imidacloprid","borage","6_imidacloprid"
"27356","396",1,"001f543cd376",2023-09-09 12:46:23,2023-09-09,"6","imidacloprid","borage","6_imidacloprid"
"27374","396",1,"001f543cd376",2023-09-09 12:54:49,2023-09-09,"6","imidacloprid","borage","6_imidacloprid"
"27393","392",5,"001f543cd376",2023-09-09 13:05:38,2023-09-09,"6","imidacloprid","borage","6_imidacloprid"
"27407","392",1,"001f543cd376",2023-09-09 13:09:19,2023-09-09,"6","imidacloprid","borage","6_imidacloprid"
"27408","392",3,"001f543cd376",2023-09-09 13:09:48,2023-09-09,"6","imidacloprid","borage","6_imidacloprid"
"27411","392",1,"001f543cd376",2023-09-09 13:10:18,2023-09-09,"6","imidacloprid","borage","6_imidacloprid"
"27471","392",1,"001f543cd376",2023-09-09 14:09:29,2023-09-09,"6","imidacloprid","borage","6_imidacloprid"
"27477","392",4,"001f543cd376",2023-09-09 14:10:58,2023-09-09,"6","imidacloprid","borage","6_imidacloprid"
"27481","392",2,"001f543cd376",2023-09-09 14:16:48,2023-09-09,"6","imidacloprid","borage","6_imidacloprid"
"27483","392",1,"001f543cd376",2023-09-09 14:18:45,2023-09-09,"6","imidacloprid","borage","6_imidacloprid"
"27485","392",3,"001f543cd376",2023-09-09 14:19:14,2023-09-09,"6","imidacloprid","borage","6_imidacloprid"
"27487","392",2,"001f543cd376",2023-09-09 14:19:44,2023-09-09,"6","imidacloprid","borage","6_imidacloprid"
"27493","392",1,"001f543cd376",2023-09-09 14:21:11,2023-09-09,"6","imidacloprid","borage","6_imidacloprid"
"27495","392",1,"001f543cd376",2023-09-09 14:22:11,2023-09-09,"6","imidacloprid","borage","6_imidacloprid"
"27496","392",2,"001f543cd376",2023-09-09 14:22:41,2023-09-09,"6","imidacloprid","borage","6_imidacloprid"
"27499","392",1,"001f543cd376",2023-09-09 14:23:11,2023-09-09,"6","imidacloprid","borage","6_imidacloprid"
"27502","392",1,"001f543cd376",2023-09-09 14:25:11,2023-09-09,"6","imidacloprid","borage","6_imidacloprid"
"27503","392",1,"001f543cd376",2023-09-09 14:25:41,2023-09-09,"6","imidacloprid","borage","6_imidacloprid"
"27504","392",2,"001f543cd376",2023-09-09 14:26:11,2023-09-09,"6","imidacloprid","borage","6_imidacloprid"
"27512","392",2,"001f543cd376",2023-09-09 14:29:59,2023-09-09,"6","imidacloprid","borage","6_imidacloprid"
"27514","392",1,"001f543cd376",2023-09-09 14:31:58,2023-09-09,"6","imidacloprid","borage","6_imidacloprid"
"27516","392",5,"001f543cd376",2023-09-09 14:33:57,2023-09-09,"6","imidacloprid","borage","6_imidacloprid"
"27521","392",2,"001f543cd376",2023-09-09 14:36:08,2023-09-09,"6","imidacloprid","borage","6_imidacloprid"
"27522","392",2,"001f543cd376",2023-09-09 14:36:36,2023-09-09,"6","imidacloprid","borage","6_imidacloprid"
"27541","392",2,"001f543cd376",2023-09-09 14:43:22,2023-09-09,"6","imidacloprid","borage","6_imidacloprid"
"27542","392",2,"001f543cd376",2023-09-09 14:43:45,2023-09-09,"6","imidacloprid","borage","6_imidacloprid"
"27547","392",5,"001f543cd376",2023-09-09 14:44:19,2023-09-09,"6","imidacloprid","borage","6_imidacloprid"
"27551","392",1,"001f543cd376",2023-09-09 14:45:32,2023-09-09,"6","imidacloprid","borage","6_imidacloprid"
"27554","392",1,"001f543cd376",2023-09-09 14:46:57,2023-09-09,"6","imidacloprid","borage","6_imidacloprid"
"27563","392",2,"001f543cd376",2023-09-09 14:54:46,2023-09-09,"6","imidacloprid","borage","6_imidacloprid"
"27612","392",1,"001f543cd376",2023-09-09 15:44:21,2023-09-09,"6","imidacloprid","borage","6_imidacloprid"
"27637","389",22,"001f543cd376",2023-09-09 16:03:28,2023-09-09,"6","imidacloprid","borage","6_imidacloprid"
"27639","392",1,"001f543cd376",2023-09-09 16:04:59,2023-09-09,"6","imidacloprid","borage","6_imidacloprid"
"27708","395",1,"001f543cd376",2023-09-09 16:54:04,2023-09-09,"6","imidacloprid","borage","6_imidacloprid"
"27711","393",1,"001f543cd376",2023-09-09 16:56:01,2023-09-09,"6","imidacloprid","borage","6_imidacloprid"
"27750","389",14,"001f543cd376",2023-09-09 17:27:37,2023-09-09,"6","imidacloprid","borage","6_imidacloprid"
"27759","372",2,"001f543e38bf",2023-09-07 13:33:14,2023-09-07,"6","flupyradifurone","cucumber","6_flupyradifurone"
"27760","368",1,"001f543e38bf",2023-09-07 14:55:42,2023-09-07,"6","flupyradifurone","cucumber","6_flupyradifurone"
"27767","353",7,"001f543e38bf",2023-09-08 08:40:57,2023-09-08,"6","control","cucumber","6_control"
"27769","350",4,"001f543e38bf",2023-09-08 13:20:57,2023-09-08,"6","control","cucumber","6_control"
"27770","344",5,"001f543e38bf",2023-09-08 14:38:42,2023-09-08,"6","control","cucumber","6_control"
"27771","353",1,"001f543e38bf",2023-09-08 14:44:26,2023-09-08,"6","control","cucumber","6_control"
"27773","353",6,"001f543e38bf",2023-09-08 14:44:39,2023-09-08,"6","control","cucumber","6_control"
"27775","353",1,"001f543e38bf",2023-09-08 14:44:51,2023-09-08,"6","control","cucumber","6_control"
"27776","384",3,"001f543e38bf",2023-09-09 10:42:16,2023-09-09,"6","imidacloprid","cucumber","6_imidacloprid"
"27778","384",12,"001f543e38bf",2023-09-09 10:42:28,2023-09-09,"6","imidacloprid","cucumber","6_imidacloprid"
"27779","393",20,"001f543e38bf",2023-09-09 13:46:25,2023-09-09,"6","imidacloprid","cucumber","6_imidacloprid"
"27781","340",42,"001f5439f120",2023-09-08 10:25:20,2023-09-08,"6","control","cucumber","6_control"
"27784","349",17,"001f5439f120",2023-09-08 11:28:48,2023-09-08,"6","control","cucumber","6_control"
"27785","349",19,"001f5439f120",2023-09-08 11:29:49,2023-09-08,"6","control","cucumber","6_control"
"27786","349",8,"001f5439f120",2023-09-08 11:44:32,2023-09-08,"6","control","cucumber","6_control"
"27788","353",10,"001f5439f120",2023-09-08 12:42:04,2023-09-08,"6","control","cucumber","6_control"
"27789","344",2,"001f5439f120",2023-09-08 13:00:29,2023-09-08,"6","control","cucumber","6_control"
"27790","396",1,"001f5439f120",2023-09-08 13:00:29,2023-09-08,"6","imidacloprid","cucumber","6_imidacloprid"
"27794","353",8,"001f5439f120",2023-09-08 14:04:33,2023-09-08,"6","control","cucumber","6_control"
"27795","355",6,"001f5439f120",2023-09-08 17:40:05,2023-09-08,"6","control","cucumber","6_control"
"27797","355",12,"001f5439f120",2023-09-08 17:40:19,2023-09-08,"6","control","cucumber","6_control"
"27799","386",22,"001f5439f120",2023-09-09 11:28:38,2023-09-09,"6","imidacloprid","cucumber","6_imidacloprid"
"27801","389",26,"001f5439f120",2023-09-09 16:29:11,2023-09-09,"6","imidacloprid","cucumber","6_imidacloprid"
"27802","399",19,"001f5439f120",2023-09-09 16:45:50,2023-09-09,"6","imidacloprid","cucumber","6_imidacloprid"
"27804","367",28,"001f54431add",2023-09-07 17:26:23,2023-09-07,"6","flupyradifurone","borage","6_flupyradifurone"
"27805","376",18,"001f54431add",2023-09-07 17:29:08,2023-09-07,"6","flupyradifurone","borage","6_flupyradifurone"
"27807","353",3,"001f54431add",2023-09-08 08:57:12,2023-09-08,"6","control","borage","6_control"
"27809","353",2,"001f54431add",2023-09-08 09:52:06,2023-09-08,"6","control","borage","6_control"
"27810","353",5,"001f54431add",2023-09-08 09:54:49,2023-09-08,"6","control","borage","6_control"
"27811","349",2,"001f54431add",2023-09-08 11:42:47,2023-09-08,"6","control","borage","6_control"
"27814","350",1,"001f54431add",2023-09-08 12:07:04,2023-09-08,"6","control","borage","6_control"
"27815","340",1,"001f54431add",2023-09-08 12:19:15,2023-09-08,"6","control","borage","6_control"
"27817","349",5,"001f54431add",2023-09-08 12:37:08,2023-09-08,"6","control","borage","6_control"
"27818","349",1,"001f54431add",2023-09-08 12:48:02,2023-09-08,"6","control","borage","6_control"
"27819","353",12,"001f54431add",2023-09-08 13:05:50,2023-09-08,"6","control","borage","6_control"
"27820","396",1,"001f54431add",2023-09-08 13:05:50,2023-09-08,"6","imidacloprid","borage","6_imidacloprid"
"27821","349",6,"001f54431add",2023-09-08 13:11:20,2023-09-08,"6","control","borage","6_control"
"27822","340",4,"001f54431add",2023-09-08 13:15:47,2023-09-08,"6","control","borage","6_control"
"27824","341",1,"001f54431add",2023-09-08 14:16:59,2023-09-08,"6","control","borage","6_control"
"27825","344",13,"001f54431add",2023-09-08 14:36:48,2023-09-08,"6","control","borage","6_control"
"27826","344",7,"001f54431add",2023-09-08 14:48:19,2023-09-08,"6","control","borage","6_control"
"27827","350",2,"001f54431add",2023-09-08 14:57:03,2023-09-08,"6","control","borage","6_control"
"27828","353",5,"001f54431add",2023-09-08 15:04:25,2023-09-08,"6","control","borage","6_control"
"27829","353",4,"001f54431add",2023-09-08 17:51:46,2023-09-08,"6","control","borage","6_control"
"27830","340",11,"001f54431add",2023-09-08 17:58:06,2023-09-08,"6","control","borage","6_control"
"27833","384",17,"001f54431add",2023-09-09 12:56:06,2023-09-09,"6","imidacloprid","borage","6_imidacloprid"
"27834","384",4,"001f54431add",2023-09-09 12:56:24,2023-09-09,"6","imidacloprid","borage","6_imidacloprid"
"27836","394",2,"001f54431add",2023-09-09 13:47:39,2023-09-09,"6","imidacloprid","borage","6_imidacloprid"
"27838","381",5,"001f54431add",2023-09-09 14:12:25,2023-09-09,"6","imidacloprid","borage","6_imidacloprid"
"27839","389",8,"001f54431add",2023-09-09 14:40:19,2023-09-09,"6","imidacloprid","borage","6_imidacloprid"
"27841","397",1,"001f54431add",2023-09-09 15:39:58,2023-09-09,"6","imidacloprid","borage","6_imidacloprid"
"27887","372",1,"001f543e3790",2023-09-07 13:09:44,2023-09-07,"6","flupyradifurone","cucumber","6_flupyradifurone"
"27888","362",3,"001f543e3790",2023-09-07 13:59:55,2023-09-07,"6","flupyradifurone","cucumber","6_flupyradifurone"
"27889","344",8,"001f543e3790",2023-09-08 14:41:51,2023-09-08,"6","control","cucumber","6_control"
"27892","391",4,"001f543e3790",2023-09-08 17:12:48,2023-09-08,"6","imidacloprid","cucumber","6_imidacloprid"
"27971","383",17,"001f543e3790",2023-09-09 11:13:58,2023-09-09,"6","imidacloprid","cucumber","6_imidacloprid"
"27973","384",2,"001f543e3790",2023-09-09 11:22:31,2023-09-09,"6","imidacloprid","cucumber","6_imidacloprid"
"27974","384",1,"001f543e3790",2023-09-09 12:18:29,2023-09-09,"6","imidacloprid","cucumber","6_imidacloprid"
"27976","388",25,"001f543e3790",2023-09-09 16:53:56,2023-09-09,"6","imidacloprid","cucumber","6_imidacloprid"
"27977","398",11,"001f543e37bf",2023-09-09 16:17:23,2023-09-09,"6","imidacloprid","cucumber","6_imidacloprid"
"27978","398",10,"001f543e37bf",2023-09-09 16:17:38,2023-09-09,"6","imidacloprid","cucumber","6_imidacloprid"
"27979","398",1,"001f543e37bf",2023-09-09 16:17:50,2023-09-09,"6","imidacloprid","cucumber","6_imidacloprid"
"27981","398",1,"001f543e37bf",2023-09-09 16:24:17,2023-09-09,"6","imidacloprid","cucumber","6_imidacloprid"
"27982","398",10,"001f543e37bf",2023-09-09 16:24:37,2023-09-09,"6","imidacloprid","cucumber","6_imidacloprid"
"27983","389",33,"001f543e37bf",2023-09-09 16:43:14,2023-09-09,"6","imidacloprid","cucumber","6_imidacloprid"
"28008","366",34,"001f543e4a87",2023-09-07 16:37:55,2023-09-07,"6","flupyradifurone","cucumber","6_flupyradifurone"
"28009","394",2,"001f543e4a87",2023-09-09 11:42:53,2023-09-09,"6","imidacloprid","cucumber","6_imidacloprid"
"28010","384",14,"001f543e4a87",2023-09-09 12:03:54,2023-09-09,"6","imidacloprid","cucumber","6_imidacloprid"
"28011","391",28,"001f543e4a87",2023-09-09 12:17:16,2023-09-09,"6","imidacloprid","cucumber","6_imidacloprid"
"28012","391",2,"001f543e4a87",2023-09-09 12:18:19,2023-09-09,"6","imidacloprid","cucumber","6_imidacloprid"
"28027","383",12,"001f543e4a87",2023-09-09 14:34:32,2023-09-09,"6","imidacloprid","cucumber","6_imidacloprid"
"28029","383",13,"001f543e4a87",2023-09-09 14:35:00,2023-09-09,"6","imidacloprid","cucumber","6_imidacloprid"
"28030","383",19,"001f543e4a87",2023-09-09 14:35:21,2023-09-09,"6","imidacloprid","cucumber","6_imidacloprid"
"28032","383",1,"001f543e4a87",2023-09-09 14:35:36,2023-09-09,"6","imidacloprid","cucumber","6_imidacloprid"
"28034","362",2,"001f543cd78f",2023-09-07 13:13:30,2023-09-07,"6","flupyradifurone","cucumber","6_flupyradifurone"
"28035","362",4,"001f543cd78f",2023-09-07 13:59:22,2023-09-07,"6","flupyradifurone","cucumber","6_flupyradifurone"
"28036","344",12,"001f543cd78f",2023-09-08 11:16:09,2023-09-08,"6","control","cucumber","6_control"
"28037","349",8,"001f543cd78f",2023-09-08 11:40:11,2023-09-08,"6","control","cucumber","6_control"
"28038","354",25,"001f543cd78f",2023-09-08 11:45:39,2023-09-08,"6","control","cucumber","6_control"
"28039","344",9,"001f543cd78f",2023-09-08 13:11:18,2023-09-08,"6","control","cucumber","6_control"
"28040","341",2,"001f543cd78f",2023-09-08 13:32:34,2023-09-08,"6","control","cucumber","6_control"
"28042","381",80,"001f543cd78f",2023-09-09 11:39:18,2023-09-09,"6","imidacloprid","cucumber","6_imidacloprid"
"28044","389",30,"001f543cd78f",2023-09-09 12:57:12,2023-09-09,"6","imidacloprid","cucumber","6_imidacloprid"
"28045","389",93,"001f543cd78f",2023-09-09 12:59:57,2023-09-09,"6","imidacloprid","cucumber","6_imidacloprid"
"28047","389",54,"001f543cd78f",2023-09-09 13:00:28,2023-09-09,"6","imidacloprid","cucumber","6_imidacloprid"
"28048","389",49,"001f543cd78f",2023-09-09 13:00:45,2023-09-09,"6","imidacloprid","cucumber","6_imidacloprid"
"28050","389",49,"001f543cd78f",2023-09-09 13:01:58,2023-09-09,"6","imidacloprid","cucumber","6_imidacloprid"
"28051","389",49,"001f543cd78f",2023-09-09 13:02:37,2023-09-09,"6","imidacloprid","cucumber","6_imidacloprid"
"28053","389",70,"001f543cd78f",2023-09-09 13:03:06,2023-09-09,"6","imidacloprid","cucumber","6_imidacloprid"
"28055","389",42,"001f543cd78f",2023-09-09 13:03:23,2023-09-09,"6","imidacloprid","cucumber","6_imidacloprid"
"28060","372",4,"001f543e4335",2023-09-07 13:29:28,2023-09-07,"6","flupyradifurone","cucumber","6_flupyradifurone"
"28061","340",7,"001f543e4335",2023-09-08 11:36:45,2023-09-08,"6","control","cucumber","6_control"
"28062","349",6,"001f543e4335",2023-09-08 11:37:33,2023-09-08,"6","control","cucumber","6_control"
"28064","349",1,"001f543e4335",2023-09-08 12:45:09,2023-09-08,"6","control","cucumber","6_control"
"28065","344",3,"001f543e4335",2023-09-08 14:25:54,2023-09-08,"6","control","cucumber","6_control"
"28066","399",4,"001f543e4335",2023-09-09 13:28:29,2023-09-09,"6","imidacloprid","cucumber","6_imidacloprid"
"28071","372",2,"001f543e42b1",2023-09-07 13:29:47,2023-09-07,"6","flupyradifurone","zinnia","6_flupyradifurone"
"28078","387",67,"001f543e42b1",2023-09-09 08:45:50,2023-09-09,"6","imidacloprid","zinnia","6_imidacloprid"
"28079","387",1,"001f543e42b1",2023-09-09 08:46:20,2023-09-09,"6","imidacloprid","zinnia","6_imidacloprid"
"28081","387",45,"001f543e42b1",2023-09-09 08:46:33,2023-09-09,"6","imidacloprid","zinnia","6_imidacloprid"
"28082","387",10,"001f543e42b1",2023-09-09 08:46:49,2023-09-09,"6","imidacloprid","zinnia","6_imidacloprid"
"28083","387",39,"001f543e42b1",2023-09-09 08:47:15,2023-09-09,"6","imidacloprid","zinnia","6_imidacloprid"
"28084","387",78,"001f543e42b1",2023-09-09 08:47:39,2023-09-09,"6","imidacloprid","zinnia","6_imidacloprid"
"28085","387",56,"001f543e42b1",2023-09-09 08:48:21,2023-09-09,"6","imidacloprid","zinnia","6_imidacloprid"
"28087","387",42,"001f543e42b1",2023-09-09 08:48:46,2023-09-09,"6","imidacloprid","zinnia","6_imidacloprid"
"28088","387",65,"001f543e42b1",2023-09-09 08:48:58,2023-09-09,"6","imidacloprid","zinnia","6_imidacloprid"
"28089","387",48,"001f543e42b1",2023-09-09 08:49:21,2023-09-09,"6","imidacloprid","zinnia","6_imidacloprid"
"28090","387",16,"001f543e42b1",2023-09-09 08:49:45,2023-09-09,"6","imidacloprid","zinnia","6_imidacloprid"
"28091","387",54,"001f543e42b1",2023-09-09 08:50:01,2023-09-09,"6","imidacloprid","zinnia","6_imidacloprid"
"28092","387",40,"001f543e42b1",2023-09-09 08:50:33,2023-09-09,"6","imidacloprid","zinnia","6_imidacloprid"
"28094","387",43,"001f543e42b1",2023-09-09 08:50:55,2023-09-09,"6","imidacloprid","zinnia","6_imidacloprid"
"28095","387",44,"001f543e42b1",2023-09-09 08:51:32,2023-09-09,"6","imidacloprid","zinnia","6_imidacloprid"
"28096","387",31,"001f543e42b1",2023-09-09 08:51:59,2023-09-09,"6","imidacloprid","zinnia","6_imidacloprid"
"28097","387",13,"001f543e42b1",2023-09-09 08:52:21,2023-09-09,"6","imidacloprid","zinnia","6_imidacloprid"
"28099","387",23,"001f543e42b1",2023-09-09 08:52:40,2023-09-09,"6","imidacloprid","zinnia","6_imidacloprid"
"28101","387",37,"001f543e42b1",2023-09-09 08:53:04,2023-09-09,"6","imidacloprid","zinnia","6_imidacloprid"
"28102","387",27,"001f543e42b1",2023-09-09 08:53:23,2023-09-09,"6","imidacloprid","zinnia","6_imidacloprid"
"28103","387",75,"001f543e42b1",2023-09-09 08:53:45,2023-09-09,"6","imidacloprid","zinnia","6_imidacloprid"
"28104","387",66,"001f543e42b1",2023-09-09 08:54:09,2023-09-09,"6","imidacloprid","zinnia","6_imidacloprid"
"28105","387",87,"001f543e42b1",2023-09-09 08:54:40,2023-09-09,"6","imidacloprid","zinnia","6_imidacloprid"
"28107","387",61,"001f543e42b1",2023-09-09 08:55:07,2023-09-09,"6","imidacloprid","zinnia","6_imidacloprid"
"28108","387",42,"001f543e42b1",2023-09-09 08:57:06,2023-09-09,"6","imidacloprid","zinnia","6_imidacloprid"
"28109","387",40,"001f543e42b1",2023-09-09 08:58:17,2023-09-09,"6","imidacloprid","zinnia","6_imidacloprid"
"28110","387",31,"001f543e42b1",2023-09-09 08:58:39,2023-09-09,"6","imidacloprid","zinnia","6_imidacloprid"
"28112","387",39,"001f543e42b1",2023-09-09 08:59:02,2023-09-09,"6","imidacloprid","zinnia","6_imidacloprid"
"28115","387",35,"001f543e42b1",2023-09-09 08:59:25,2023-09-09,"6","imidacloprid","zinnia","6_imidacloprid"
"28116","387",62,"001f543e42b1",2023-09-09 08:59:47,2023-09-09,"6","imidacloprid","zinnia","6_imidacloprid"
"28117","387",54,"001f543e42b1",2023-09-09 09:00:41,2023-09-09,"6","imidacloprid","zinnia","6_imidacloprid"
"28118","387",45,"001f543e42b1",2023-09-09 09:01:21,2023-09-09,"6","imidacloprid","zinnia","6_imidacloprid"
"28119","387",42,"001f543e42b1",2023-09-09 09:02:15,2023-09-09,"6","imidacloprid","zinnia","6_imidacloprid"
"28120","387",84,"001f543e42b1",2023-09-09 09:02:40,2023-09-09,"6","imidacloprid","zinnia","6_imidacloprid"
"28121","387",63,"001f543e42b1",2023-09-09 09:04:13,2023-09-09,"6","imidacloprid","zinnia","6_imidacloprid"
"28122","387",29,"001f543e42b1",2023-09-09 09:04:37,2023-09-09,"6","imidacloprid","zinnia","6_imidacloprid"
"28123","387",78,"001f543e42b1",2023-09-09 09:04:49,2023-09-09,"6","imidacloprid","zinnia","6_imidacloprid"
"28124","387",37,"001f543e42b1",2023-09-09 09:05:11,2023-09-09,"6","imidacloprid","zinnia","6_imidacloprid"
"28125","387",84,"001f543e42b1",2023-09-09 09:05:34,2023-09-09,"6","imidacloprid","zinnia","6_imidacloprid"
"28127","387",39,"001f543e42b1",2023-09-09 09:06:17,2023-09-09,"6","imidacloprid","zinnia","6_imidacloprid"
"28129","387",42,"001f543e42b1",2023-09-09 09:06:41,2023-09-09,"6","imidacloprid","zinnia","6_imidacloprid"
"28130","387",27,"001f543e42b1",2023-09-09 09:07:07,2023-09-09,"6","imidacloprid","zinnia","6_imidacloprid"
"28132","387",67,"001f543e42b1",2023-09-09 09:07:19,2023-09-09,"6","imidacloprid","zinnia","6_imidacloprid"
"28133","387",87,"001f543e42b1",2023-09-09 09:07:41,2023-09-09,"6","imidacloprid","zinnia","6_imidacloprid"
"28134","387",29,"001f543e42b1",2023-09-09 09:08:03,2023-09-09,"6","imidacloprid","zinnia","6_imidacloprid"
"28136","387",52,"001f543e42b1",2023-09-09 09:08:17,2023-09-09,"6","imidacloprid","zinnia","6_imidacloprid"
"28138","387",63,"001f543e42b1",2023-09-09 09:08:40,2023-09-09,"6","imidacloprid","zinnia","6_imidacloprid"
"28139","387",47,"001f543e42b1",2023-09-09 09:09:05,2023-09-09,"6","imidacloprid","zinnia","6_imidacloprid"
"28140","387",29,"001f543e42b1",2023-09-09 09:09:37,2023-09-09,"6","imidacloprid","zinnia","6_imidacloprid"
"28141","387",72,"001f543e42b1",2023-09-09 09:10:02,2023-09-09,"6","imidacloprid","zinnia","6_imidacloprid"
"28142","387",26,"001f543e42b1",2023-09-09 09:10:28,2023-09-09,"6","imidacloprid","zinnia","6_imidacloprid"
"28145","387",38,"001f543e42b1",2023-09-09 09:10:46,2023-09-09,"6","imidacloprid","zinnia","6_imidacloprid"
"28146","387",52,"001f543e42b1",2023-09-09 09:11:09,2023-09-09,"6","imidacloprid","zinnia","6_imidacloprid"
"28147","387",48,"001f543e42b1",2023-09-09 09:11:33,2023-09-09,"6","imidacloprid","zinnia","6_imidacloprid"
"28148","387",29,"001f543e42b1",2023-09-09 09:11:59,2023-09-09,"6","imidacloprid","zinnia","6_imidacloprid"
"28149","387",40,"001f543e42b1",2023-09-09 09:12:23,2023-09-09,"6","imidacloprid","zinnia","6_imidacloprid"
"28151","387",70,"001f543e42b1",2023-09-09 09:12:46,2023-09-09,"6","imidacloprid","zinnia","6_imidacloprid"
"28152","387",23,"001f543e42b1",2023-09-09 09:13:12,2023-09-09,"6","imidacloprid","zinnia","6_imidacloprid"
"28154","387",31,"001f543e42b1",2023-09-09 09:13:33,2023-09-09,"6","imidacloprid","zinnia","6_imidacloprid"
"28155","387",69,"001f543e42b1",2023-09-09 09:13:56,2023-09-09,"6","imidacloprid","zinnia","6_imidacloprid"
"28156","387",29,"001f543e42b1",2023-09-09 09:14:43,2023-09-09,"6","imidacloprid","zinnia","6_imidacloprid"
"28159","387",76,"001f543e42b1",2023-09-09 09:14:55,2023-09-09,"6","imidacloprid","zinnia","6_imidacloprid"
"28160","387",68,"001f543e42b1",2023-09-09 09:15:43,2023-09-09,"6","imidacloprid","zinnia","6_imidacloprid"
"28162","387",47,"001f543e42b1",2023-09-09 09:16:13,2023-09-09,"6","imidacloprid","zinnia","6_imidacloprid"
"28163","387",31,"001f543e42b1",2023-09-09 09:16:37,2023-09-09,"6","imidacloprid","zinnia","6_imidacloprid"
"28165","387",36,"001f543e42b1",2023-09-09 09:17:26,2023-09-09,"6","imidacloprid","zinnia","6_imidacloprid"
"28166","387",47,"001f543e42b1",2023-09-09 09:17:57,2023-09-09,"6","imidacloprid","zinnia","6_imidacloprid"
"28167","387",39,"001f543e42b1",2023-09-09 09:18:19,2023-09-09,"6","imidacloprid","zinnia","6_imidacloprid"
"28168","387",31,"001f543e42b1",2023-09-09 09:19:06,2023-09-09,"6","imidacloprid","zinnia","6_imidacloprid"
"28169","387",49,"001f543e42b1",2023-09-09 09:19:17,2023-09-09,"6","imidacloprid","zinnia","6_imidacloprid"
"28170","387",71,"001f543e42b1",2023-09-09 09:19:29,2023-09-09,"6","imidacloprid","zinnia","6_imidacloprid"
"28171","387",45,"001f543e42b1",2023-09-09 09:19:49,2023-09-09,"6","imidacloprid","zinnia","6_imidacloprid"
"28172","387",38,"001f543e42b1",2023-09-09 09:20:02,2023-09-09,"6","imidacloprid","zinnia","6_imidacloprid"
"28173","387",42,"001f543e42b1",2023-09-09 09:20:21,2023-09-09,"6","imidacloprid","zinnia","6_imidacloprid"
"28174","387",51,"001f543e42b1",2023-09-09 09:20:32,2023-09-09,"6","imidacloprid","zinnia","6_imidacloprid"
"28175","387",51,"001f543e42b1",2023-09-09 09:21:20,2023-09-09,"6","imidacloprid","zinnia","6_imidacloprid"
"28176","387",111,"001f543e42b1",2023-09-09 09:21:34,2023-09-09,"6","imidacloprid","zinnia","6_imidacloprid"
"28177","387",79,"001f543e42b1",2023-09-09 09:22:05,2023-09-09,"6","imidacloprid","zinnia","6_imidacloprid"
"28178","387",18,"001f543e42b1",2023-09-09 09:22:23,2023-09-09,"6","imidacloprid","zinnia","6_imidacloprid"
"28180","387",90,"001f543e42b1",2023-09-09 09:22:45,2023-09-09,"6","imidacloprid","zinnia","6_imidacloprid"
"28182","387",55,"001f543e42b1",2023-09-09 09:23:13,2023-09-09,"6","imidacloprid","zinnia","6_imidacloprid"
"28186","387",70,"001f543e42b1",2023-09-09 09:23:35,2023-09-09,"6","imidacloprid","zinnia","6_imidacloprid"
"28187","387",30,"001f543e42b1",2023-09-09 09:23:59,2023-09-09,"6","imidacloprid","zinnia","6_imidacloprid"
"28188","387",7,"001f543e42b1",2023-09-09 09:24:20,2023-09-09,"6","imidacloprid","zinnia","6_imidacloprid"
"28190","387",9,"001f543e42b1",2023-09-09 09:24:48,2023-09-09,"6","imidacloprid","zinnia","6_imidacloprid"
"28191","387",19,"001f543e42b1",2023-09-09 09:25:13,2023-09-09,"6","imidacloprid","zinnia","6_imidacloprid"
"28193","387",83,"001f543e42b1",2023-09-09 09:25:34,2023-09-09,"6","imidacloprid","zinnia","6_imidacloprid"
"28194","387",48,"001f543e42b1",2023-09-09 09:25:57,2023-09-09,"6","imidacloprid","zinnia","6_imidacloprid"
"28195","387",1,"001f543e42b1",2023-09-09 09:26:21,2023-09-09,"6","imidacloprid","zinnia","6_imidacloprid"
"28200","387",2,"001f543e42b1",2023-09-09 09:28:10,2023-09-09,"6","imidacloprid","zinnia","6_imidacloprid"
"28205","387",8,"001f543e42b1",2023-09-09 09:29:20,2023-09-09,"6","imidacloprid","zinnia","6_imidacloprid"
"28207","387",1,"001f543e42b1",2023-09-09 09:29:56,2023-09-09,"6","imidacloprid","zinnia","6_imidacloprid"
"28208","387",20,"001f543e42b1",2023-09-09 09:30:20,2023-09-09,"6","imidacloprid","zinnia","6_imidacloprid"
"28215","387",8,"001f543e42b1",2023-09-09 09:32:13,2023-09-09,"6","imidacloprid","zinnia","6_imidacloprid"
"28216","387",2,"001f543e42b1",2023-09-09 09:32:37,2023-09-09,"6","imidacloprid","zinnia","6_imidacloprid"
"28219","387",2,"001f543e42b1",2023-09-09 09:32:58,2023-09-09,"6","imidacloprid","zinnia","6_imidacloprid"
"28221","387",2,"001f543e42b1",2023-09-09 09:33:36,2023-09-09,"6","imidacloprid","zinnia","6_imidacloprid"
"28223","387",3,"001f543e42b1",2023-09-09 09:34:11,2023-09-09,"6","imidacloprid","zinnia","6_imidacloprid"
"28225","387",3,"001f543e42b1",2023-09-09 09:34:39,2023-09-09,"6","imidacloprid","zinnia","6_imidacloprid"
"28227","387",8,"001f543e42b1",2023-09-09 09:34:59,2023-09-09,"6","imidacloprid","zinnia","6_imidacloprid"
"28229","362",23,"001f54431a61",2023-09-07 17:09:33,2023-09-07,"6","flupyradifurone","borage","6_flupyradifurone"
"28230","349",2,"001f54431a61",2023-09-08 10:41:54,2023-09-08,"6","control","borage","6_control"
"28232","340",11,"001f54431a61",2023-09-08 10:44:45,2023-09-08,"6","control","borage","6_control"
"28233","340",21,"001f54431a61",2023-09-08 11:01:54,2023-09-08,"6","control","borage","6_control"
"28234","340",4,"001f54431a61",2023-09-08 11:02:34,2023-09-08,"6","control","borage","6_control"
"28235","354",61,"001f54431a61",2023-09-08 11:49:47,2023-09-08,"6","control","borage","6_control"
"28236","341",1,"001f54431a61",2023-09-08 12:16:21,2023-09-08,"6","control","borage","6_control"
"28237","349",6,"001f54431a61",2023-09-08 12:34:31,2023-09-08,"6","control","borage","6_control"
"28238","349",5,"001f54431a61",2023-09-08 12:47:14,2023-09-08,"6","control","borage","6_control"
"28239","341",6,"001f54431a61",2023-09-08 13:03:42,2023-09-08,"6","control","borage","6_control"
"28240","353",10,"001f54431a61",2023-09-08 13:08:09,2023-09-08,"6","control","borage","6_control"
"28241","341",4,"001f54431a61",2023-09-08 13:19:07,2023-09-08,"6","control","borage","6_control"
"28243","344",29,"001f54431a61",2023-09-08 14:24:20,2023-09-08,"6","control","borage","6_control"
"28244","341",1,"001f54431a61",2023-09-08 14:55:17,2023-09-08,"6","control","borage","6_control"
"28246","341",1,"001f54431a61",2023-09-08 15:11:39,2023-09-08,"6","control","borage","6_control"
"28248","341",2,"001f54431a61",2023-09-08 16:32:12,2023-09-08,"6","control","borage","6_control"
"28256","353",12,"001f54431a61",2023-09-08 17:44:14,2023-09-08,"6","control","borage","6_control"
"28360","388",38,"001f54431b3d",2023-09-09 16:13:56,2023-09-09,"6","imidacloprid","zinnia","6_imidacloprid"
"28366","349",1,"001f543e44c5",2023-09-08 10:03:26,2023-09-08,"6","control","borage","6_control"
"28368","349",12,"001f543e44c5",2023-09-08 11:46:42,2023-09-08,"6","control","borage","6_control"
"28389","389",2,"001f543e44c5",2023-09-08 14:12:20,2023-09-08,"6","imidacloprid","borage","6_imidacloprid"
"28405","397",1,"001f543e44c5",2023-09-08 14:26:43,2023-09-08,"6","imidacloprid","borage","6_imidacloprid"
"28428","353",29,"001f543e44c5",2023-09-08 14:58:23,2023-09-08,"6","control","borage","6_control"
"28429","341",2,"001f543e44c5",2023-09-08 15:08:52,2023-09-08,"6","control","borage","6_control"
"28431","341",1,"001f543e44c5",2023-09-08 16:32:01,2023-09-08,"6","control","borage","6_control"
"28432","341",2,"001f543e44c5",2023-09-08 16:53:49,2023-09-08,"6","control","borage","6_control"
"28433","353",21,"001f543e44c5",2023-09-08 18:12:38,2023-09-08,"6","control","borage","6_control"
"28478","396",2,"001f543e44c5",2023-09-09 08:35:23,2023-09-09,"6","imidacloprid","borage","6_imidacloprid"
"28489","396",1,"001f543e44c5",2023-09-09 08:38:12,2023-09-09,"6","imidacloprid","borage","6_imidacloprid"
"28500","393",1,"001f543e44c5",2023-09-09 08:43:21,2023-09-09,"6","imidacloprid","borage","6_imidacloprid"
"28543","396",1,"001f543e44c5",2023-09-09 09:06:00,2023-09-09,"6","imidacloprid","borage","6_imidacloprid"
"28586","353",1,"001f543e42a5",2023-09-08 09:13:58,2023-09-08,"6","control","borage","6_control"
"28587","350",1,"001f543e42a5",2023-09-08 10:02:40,2023-09-08,"6","control","borage","6_control"
"28588","349",1,"001f543e42a5",2023-09-08 10:25:58,2023-09-08,"6","control","borage","6_control"
"28609","362",16,"001f543e44cc",2023-09-07 13:58:26,2023-09-07,"6","flupyradifurone","cucumber","6_flupyradifurone"
"28610","349",4,"001f543e44cc",2023-09-08 15:12:51,2023-09-08,"6","control","cucumber","6_control"
"28628","350",1,"001f54431b96",2023-09-07 09:19:55,2023-09-07,"6","control","borage","6_control"
"28677","379",1,"001f54431b96",2023-09-07 11:41:28,2023-09-07,"6","flupyradifurone","borage","6_flupyradifurone"
"28684","350",1,"001f54431b96",2023-09-07 11:43:04,2023-09-07,"6","control","borage","6_control"
"28696","349",3,"001f54431b96",2023-09-08 10:01:38,2023-09-08,"6","control","borage","6_control"
"28697","349",3,"001f54431b96",2023-09-08 10:24:36,2023-09-08,"6","control","borage","6_control"
"28698","350",1,"001f54431b96",2023-09-08 11:10:41,2023-09-08,"6","control","borage","6_control"
"28699","341",1,"001f54431b96",2023-09-08 11:38:42,2023-09-08,"6","control","borage","6_control"
"28700","344",15,"001f54431b96",2023-09-08 12:32:30,2023-09-08,"6","control","borage","6_control"
"28701","353",6,"001f54431b96",2023-09-08 15:29:24,2023-09-08,"6","control","borage","6_control"
"28702","353",6,"001f54431b96",2023-09-08 15:51:09,2023-09-08,"6","control","borage","6_control"
"28704","344",7,"001f543e44c0",2023-09-08 14:20:27,2023-09-08,"6","control","borage","6_control"
"28709","344",17,"001f543e44c0",2023-09-08 14:34:32,2023-09-08,"6","control","borage","6_control"
"28792","485",2,"001f543e3aad",2023-09-18 08:06:24,2023-09-18,"8","control","borage","8_control"
"28834","485",5,"001f543e3aad",2023-09-18 08:41:40,2023-09-18,"8","control","borage","8_control"
"28885","485",1,"001f543e3aad",2023-09-18 15:53:13,2023-09-18,"8","control","borage","8_control"
"28886","485",6,"001f543e3aad",2023-09-18 15:53:45,2023-09-18,"8","control","borage","8_control"
"28887","485",1,"001f543e3aad",2023-09-18 15:55:03,2023-09-18,"8","control","borage","8_control"
"29010","513",6,"001f543e4abe",2023-09-16 09:24:39,2023-09-16,"8","flupyradifurone","cucumber","8_flupyradifurone"
"29011","513",11,"001f543e4abe",2023-09-16 09:34:09,2023-09-16,"8","flupyradifurone","cucumber","8_flupyradifurone"
"29012","507",4,"001f543e4abe",2023-09-16 10:20:23,2023-09-16,"8","flupyradifurone","cucumber","8_flupyradifurone"
"29013","515",22,"001f543e4abe",2023-09-16 12:18:43,2023-09-16,"8","flupyradifurone","cucumber","8_flupyradifurone"
"29014","515",3,"001f543e4abe",2023-09-16 12:19:07,2023-09-16,"8","flupyradifurone","cucumber","8_flupyradifurone"
"29015","515",11,"001f543e4abe",2023-09-16 12:39:52,2023-09-16,"8","flupyradifurone","cucumber","8_flupyradifurone"
"29018","515",3,"001f543e4abe",2023-09-16 13:16:11,2023-09-16,"8","flupyradifurone","cucumber","8_flupyradifurone"
"29049","470",5,"001f543e4abe",2023-09-17 19:54:50,2023-09-17,"8","imidacloprid","cucumber","8_imidacloprid"
"29050","470",4,"001f543e4abe",2023-09-17 19:55:48,2023-09-17,"8","imidacloprid","cucumber","8_imidacloprid"
"29063","491",9,"001f543e4abe",2023-09-18 14:30:35,2023-09-18,"8","control","cucumber","8_control"
"29066","483",2,"001f543e4abe",2023-09-18 15:32:49,2023-09-18,"8","control","cucumber","8_control"
"29069","513",42,"001f5439f120",2023-09-16 09:28:09,2023-09-16,"8","flupyradifurone","cucumber","8_flupyradifurone"
"29071","519",19,"001f5439f120",2023-09-16 11:12:20,2023-09-16,"8","flupyradifurone","cucumber","8_flupyradifurone"
"29072","507",2,"001f5439f120",2023-09-16 12:26:02,2023-09-16,"8","flupyradifurone","cucumber","8_flupyradifurone"
"29073","507",2,"001f5439f120",2023-09-16 12:41:02,2023-09-16,"8","flupyradifurone","cucumber","8_flupyradifurone"
"29074","516",29,"001f5439f120",2023-09-16 13:37:24,2023-09-16,"8","flupyradifurone","cucumber","8_flupyradifurone"
"29076","516",7,"001f5439f120",2023-09-16 13:41:04,2023-09-16,"8","flupyradifurone","cucumber","8_flupyradifurone"
"29078","474",8,"001f5439f120",2023-09-17 15:37:31,2023-09-17,"8","imidacloprid","cucumber","8_imidacloprid"
"29146","483",4,"001f5439f120",2023-09-18 15:49:00,2023-09-18,"8","control","cucumber","8_control"
"29173","501",6,"001f543e49d5",2023-09-16 11:44:06,2023-09-16,"8","flupyradifurone","borage","8_flupyradifurone"
"29174","507",6,"001f543e49d5",2023-09-16 12:36:14,2023-09-16,"8","flupyradifurone","borage","8_flupyradifurone"
"29176","501",25,"001f543e49d5",2023-09-16 14:21:10,2023-09-16,"8","flupyradifurone","borage","8_flupyradifurone"
"29177","519",16,"001f543e49d5",2023-09-16 14:23:30,2023-09-16,"8","flupyradifurone","borage","8_flupyradifurone"
"29178","501",14,"001f543e49d5",2023-09-16 14:40:21,2023-09-16,"8","flupyradifurone","borage","8_flupyradifurone"
"29186","470",3,"001f543e49d5",2023-09-17 15:32:00,2023-09-17,"8","imidacloprid","borage","8_imidacloprid"
"29189","469",17,"001f543e49d5",2023-09-17 16:00:46,2023-09-17,"8","imidacloprid","borage","8_imidacloprid"
"29193","495",3,"001f543e49d5",2023-09-17 19:02:38,2023-09-17,"8","control","borage","8_control"
"29209","502",1,"001f543cd376",2023-09-15 18:09:18,2023-09-15,"8","flupyradifurone","borage","8_flupyradifurone"
"29288","517",5,"001f543cd376",2023-09-16 09:24:27,2023-09-16,"8","flupyradifurone","borage","8_flupyradifurone"
"29309","476",1,"001f543cd376",2023-09-16 10:13:09,2023-09-16,"8","imidacloprid","borage","8_imidacloprid"
"29324","507",10,"001f543cd376",2023-09-16 10:43:37,2023-09-16,"8","flupyradifurone","borage","8_flupyradifurone"
"29326","507",26,"001f543cd376",2023-09-16 10:44:06,2023-09-16,"8","flupyradifurone","borage","8_flupyradifurone"
"29402","507",3,"001f543cd376",2023-09-16 12:34:11,2023-09-16,"8","flupyradifurone","borage","8_flupyradifurone"
"29431","466",3,"001f543cd376",2023-09-16 13:20:19,2023-09-16,"8","imidacloprid","borage","8_imidacloprid"
"29442","513",8,"001f543cd376",2023-09-16 13:32:24,2023-09-16,"8","flupyradifurone","borage","8_flupyradifurone"
"29459","513",17,"001f543cd376",2023-09-16 13:46:12,2023-09-16,"8","flupyradifurone","borage","8_flupyradifurone"
"29462","513",3,"001f543cd376",2023-09-16 13:47:41,2023-09-16,"8","flupyradifurone","borage","8_flupyradifurone"
"29464","470",1,"001f543cd376",2023-09-16 13:48:26,2023-09-16,"8","imidacloprid","borage","8_imidacloprid"
"29465","513",4,"001f543cd376",2023-09-16 13:48:47,2023-09-16,"8","flupyradifurone","borage","8_flupyradifurone"
"29467","513",2,"001f543cd376",2023-09-16 13:49:16,2023-09-16,"8","flupyradifurone","borage","8_flupyradifurone"
"29475","516",14,"001f543cd376",2023-09-16 13:59:40,2023-09-16,"8","flupyradifurone","borage","8_flupyradifurone"
"29494","519",7,"001f543cd376",2023-09-16 14:23:01,2023-09-16,"8","flupyradifurone","borage","8_flupyradifurone"
"29532","517",2,"001f543cd376",2023-09-16 15:19:26,2023-09-16,"8","flupyradifurone","borage","8_flupyradifurone"
"29548","472",1,"001f543cd376",2023-09-16 15:39:36,2023-09-16,"8","imidacloprid","borage","8_imidacloprid"
"29567","470",1,"001f543cd376",2023-09-16 17:19:14,2023-09-16,"8","imidacloprid","borage","8_imidacloprid"
"29606","460",1,"001f543cd376",2023-09-16 19:10:47,2023-09-16,"8","imidacloprid","borage","8_imidacloprid"
"29608","470",1,"001f543cd376",2023-09-16 19:11:17,2023-09-16,"8","imidacloprid","borage","8_imidacloprid"
"29642","470",1,"001f543cd376",2023-09-17 02:33:48,2023-09-17,"8","imidacloprid","borage","8_imidacloprid"
"29644","485",1,"001f543cd376",2023-09-17 02:51:05,2023-09-17,"8","control","borage","8_control"
"29774","470",1,"001f543cd376",2023-09-17 07:56:16,2023-09-17,"8","imidacloprid","borage","8_imidacloprid"
"29820","470",1,"001f543cd376",2023-09-17 08:21:55,2023-09-17,"8","imidacloprid","borage","8_imidacloprid"
"29849","470",1,"001f543cd376",2023-09-17 08:45:12,2023-09-17,"8","imidacloprid","borage","8_imidacloprid"
"29894","470",3,"001f543cd376",2023-09-17 09:09:00,2023-09-17,"8","imidacloprid","borage","8_imidacloprid"
"29917","485",2,"001f543cd376",2023-09-17 09:15:16,2023-09-17,"8","control","borage","8_control"
"29926","470",1,"001f543cd376",2023-09-17 09:20:04,2023-09-17,"8","imidacloprid","borage","8_imidacloprid"
"29952","470",4,"001f543cd376",2023-09-17 09:38:00,2023-09-17,"8","imidacloprid","borage","8_imidacloprid"
"29961","465",1,"001f543cd376",2023-09-17 09:39:18,2023-09-17,"8","imidacloprid","borage","8_imidacloprid"
"29969","470",2,"001f543cd376",2023-09-17 09:41:08,2023-09-17,"8","imidacloprid","borage","8_imidacloprid"
"30026","495",1,"001f543cd376",2023-09-17 09:56:10,2023-09-17,"8","control","borage","8_control"
"30037","470",1,"001f543cd376",2023-09-17 10:03:02,2023-09-17,"8","imidacloprid","borage","8_imidacloprid"
"30050","470",1,"001f543cd376",2023-09-17 10:08:37,2023-09-17,"8","imidacloprid","borage","8_imidacloprid"
"30051","466",2,"001f543cd376",2023-09-17 10:08:58,2023-09-17,"8","imidacloprid","borage","8_imidacloprid"
"30078","462",2,"001f543cd376",2023-09-17 10:20:34,2023-09-17,"8","imidacloprid","borage","8_imidacloprid"
"30112","462",1,"001f543cd376",2023-09-17 10:33:27,2023-09-17,"8","imidacloprid","borage","8_imidacloprid"
"30124","466",1,"001f543cd376",2023-09-17 10:37:28,2023-09-17,"8","imidacloprid","borage","8_imidacloprid"
"30130","494",1,"001f543cd376",2023-09-17 10:38:28,2023-09-17,"8","control","borage","8_control"
"30135","470",1,"001f543cd376",2023-09-17 10:39:46,2023-09-17,"8","imidacloprid","borage","8_imidacloprid"
"30178","470",1,"001f543cd376",2023-09-17 10:50:11,2023-09-17,"8","imidacloprid","borage","8_imidacloprid"
"30182","470",5,"001f543cd376",2023-09-17 10:52:06,2023-09-17,"8","imidacloprid","borage","8_imidacloprid"
"30183","476",1,"001f543cd376",2023-09-17 10:53:04,2023-09-17,"8","imidacloprid","borage","8_imidacloprid"
"30253","470",4,"001f543cd376",2023-09-17 11:03:51,2023-09-17,"8","imidacloprid","borage","8_imidacloprid"
"30260","470",1,"001f543cd376",2023-09-17 11:04:49,2023-09-17,"8","imidacloprid","borage","8_imidacloprid"
"30261","472",1,"001f543cd376",2023-09-17 11:04:49,2023-09-17,"8","imidacloprid","borage","8_imidacloprid"
"30271","476",1,"001f543cd376",2023-09-17 11:06:17,2023-09-17,"8","imidacloprid","borage","8_imidacloprid"
"30321","470",2,"001f543cd376",2023-09-17 11:17:33,2023-09-17,"8","imidacloprid","borage","8_imidacloprid"
"30322","485",3,"001f543cd376",2023-09-17 11:17:33,2023-09-17,"8","control","borage","8_control"
"30352","485",1,"001f543cd376",2023-09-17 11:24:25,2023-09-17,"8","control","borage","8_control"
"30361","470",2,"001f543cd376",2023-09-17 11:25:53,2023-09-17,"8","imidacloprid","borage","8_imidacloprid"
"30378","462",1,"001f543cd376",2023-09-17 11:29:47,2023-09-17,"8","imidacloprid","borage","8_imidacloprid"
"30430","470",4,"001f543cd376",2023-09-17 11:44:29,2023-09-17,"8","imidacloprid","borage","8_imidacloprid"
"30448","485",5,"001f543cd376",2023-09-17 11:49:50,2023-09-17,"8","control","borage","8_control"
"30532","472",1,"001f543cd376",2023-09-17 12:09:30,2023-09-17,"8","imidacloprid","borage","8_imidacloprid"
"30558","470",1,"001f543cd376",2023-09-17 12:22:15,2023-09-17,"8","imidacloprid","borage","8_imidacloprid"
"30568","470",1,"001f543cd376",2023-09-17 12:27:32,2023-09-17,"8","imidacloprid","borage","8_imidacloprid"
"30569","470",5,"001f543cd376",2023-09-17 12:28:31,2023-09-17,"8","imidacloprid","borage","8_imidacloprid"
"30584","479",1,"001f543cd376",2023-09-17 12:40:00,2023-09-17,"8","imidacloprid","borage","8_imidacloprid"
"30642","485",1,"001f543cd376",2023-09-17 13:10:23,2023-09-17,"8","control","borage","8_control"
"30709","470",1,"001f543cd376",2023-09-17 13:52:59,2023-09-17,"8","imidacloprid","borage","8_imidacloprid"
"30741","470",1,"001f543cd376",2023-09-17 14:05:02,2023-09-17,"8","imidacloprid","borage","8_imidacloprid"
"30781","485",1,"001f543cd376",2023-09-17 14:38:35,2023-09-17,"8","control","borage","8_control"
"30782","485",3,"001f543cd376",2023-09-17 14:40:00,2023-09-17,"8","control","borage","8_control"
"30791","485",1,"001f543cd376",2023-09-17 14:50:06,2023-09-17,"8","control","borage","8_control"
"30797","470",1,"001f543cd376",2023-09-17 15:01:04,2023-09-17,"8","imidacloprid","borage","8_imidacloprid"
"30807","485",1,"001f543cd376",2023-09-17 15:08:20,2023-09-17,"8","control","borage","8_control"
"30808","485",4,"001f543cd376",2023-09-17 15:08:49,2023-09-17,"8","control","borage","8_control"
"30837","470",1,"001f543cd376",2023-09-17 15:18:08,2023-09-17,"8","imidacloprid","borage","8_imidacloprid"
"30841","470",4,"001f543cd376",2023-09-17 15:19:24,2023-09-17,"8","imidacloprid","borage","8_imidacloprid"
"30848","470",2,"001f543cd376",2023-09-17 15:22:10,2023-09-17,"8","imidacloprid","borage","8_imidacloprid"
"30849","470",3,"001f543cd376",2023-09-17 15:22:39,2023-09-17,"8","imidacloprid","borage","8_imidacloprid"
"30851","470",4,"001f543cd376",2023-09-17 15:25:05,2023-09-17,"8","imidacloprid","borage","8_imidacloprid"
"30885","470",1,"001f543cd376",2023-09-17 16:01:11,2023-09-17,"8","imidacloprid","borage","8_imidacloprid"
"30903","470",1,"001f543cd376",2023-09-17 16:12:28,2023-09-17,"8","imidacloprid","borage","8_imidacloprid"
"30925","472",1,"001f543cd376",2023-09-17 16:29:48,2023-09-17,"8","imidacloprid","borage","8_imidacloprid"
"30961","470",1,"001f543cd376",2023-09-17 16:57:46,2023-09-17,"8","imidacloprid","borage","8_imidacloprid"
"31031","495",1,"001f543cd376",2023-09-18 09:49:22,2023-09-18,"8","control","borage","8_control"
"31058","519",3,"001f543e49e4",2023-09-16 11:09:37,2023-09-16,"8","flupyradifurone","cucumber","8_flupyradifurone"
"31059","519",11,"001f543e49e4",2023-09-16 11:10:06,2023-09-16,"8","flupyradifurone","cucumber","8_flupyradifurone"
"31062","509",18,"001f543e49e4",2023-09-16 11:29:14,2023-09-16,"8","flupyradifurone","cucumber","8_flupyradifurone"
"31066","501",2,"001f543e49e4",2023-09-16 12:38:15,2023-09-16,"8","flupyradifurone","cucumber","8_flupyradifurone"
"31067","507",3,"001f543e49e4",2023-09-16 12:41:32,2023-09-16,"8","flupyradifurone","cucumber","8_flupyradifurone"
"31068","507",8,"001f543e49e4",2023-09-16 12:41:44,2023-09-16,"8","flupyradifurone","cucumber","8_flupyradifurone"
"31074","468",4,"001f543e49e4",2023-09-17 12:03:49,2023-09-17,"8","imidacloprid","cucumber","8_imidacloprid"
"31077","468",7,"001f543e49e4",2023-09-17 12:09:52,2023-09-17,"8","imidacloprid","cucumber","8_imidacloprid"
"31092","470",1,"001f543e49e4",2023-09-17 15:18:00,2023-09-17,"8","imidacloprid","cucumber","8_imidacloprid"
"31095","472",1,"001f543e49e4",2023-09-17 15:23:51,2023-09-17,"8","imidacloprid","cucumber","8_imidacloprid"
"31098","462",1,"001f543e49e4",2023-09-17 15:27:39,2023-09-17,"8","imidacloprid","cucumber","8_imidacloprid"
"31122","470",5,"001f543e49e4",2023-09-17 15:58:24,2023-09-17,"8","imidacloprid","cucumber","8_imidacloprid"
"31123","470",1,"001f543e49e4",2023-09-17 15:59:16,2023-09-17,"8","imidacloprid","cucumber","8_imidacloprid"
"31125","470",4,"001f543e49e4",2023-09-17 16:00:30,2023-09-17,"8","imidacloprid","cucumber","8_imidacloprid"
"31130","470",1,"001f543e49e4",2023-09-17 16:04:00,2023-09-17,"8","imidacloprid","cucumber","8_imidacloprid"
"31144","485",1,"001f543e49e4",2023-09-17 16:55:59,2023-09-17,"8","control","cucumber","8_control"
"31155","513",14,"001f543e38bf",2023-09-16 09:25:33,2023-09-16,"8","flupyradifurone","cucumber","8_flupyradifurone"
"31156","513",21,"001f543e38bf",2023-09-16 09:27:45,2023-09-16,"8","flupyradifurone","cucumber","8_flupyradifurone"
"31157","507",5,"001f543e38bf",2023-09-16 09:49:25,2023-09-16,"8","flupyradifurone","cucumber","8_flupyradifurone"
"31158","513",23,"001f543e38bf",2023-09-16 09:50:57,2023-09-16,"8","flupyradifurone","cucumber","8_flupyradifurone"
"31159","519",19,"001f543e38bf",2023-09-16 11:11:10,2023-09-16,"8","flupyradifurone","cucumber","8_flupyradifurone"
"31160","507",2,"001f543e38bf",2023-09-16 12:35:13,2023-09-16,"8","flupyradifurone","cucumber","8_flupyradifurone"
"31161","519",10,"001f543e38bf",2023-09-16 13:26:17,2023-09-16,"8","flupyradifurone","cucumber","8_flupyradifurone"
"31165","508",24,"001f543e38bf",2023-09-16 13:30:26,2023-09-16,"8","flupyradifurone","cucumber","8_flupyradifurone"
"31167","513",11,"001f543e38bf",2023-09-16 13:33:51,2023-09-16,"8","flupyradifurone","cucumber","8_flupyradifurone"
"31169","516",23,"001f543e38bf",2023-09-16 13:42:32,2023-09-16,"8","flupyradifurone","cucumber","8_flupyradifurone"
"31172","516",8,"001f543e38bf",2023-09-16 14:22:31,2023-09-16,"8","flupyradifurone","cucumber","8_flupyradifurone"
"31188","470",1,"001f543e38bf",2023-09-17 09:25:41,2023-09-17,"8","imidacloprid","cucumber","8_imidacloprid"
"31192","470",5,"001f543e38bf",2023-09-17 09:36:12,2023-09-17,"8","imidacloprid","cucumber","8_imidacloprid"
"31204","495",5,"001f543e38bf",2023-09-17 09:52:22,2023-09-17,"8","control","cucumber","8_control"
"31215","470",1,"001f543e38bf",2023-09-17 10:04:30,2023-09-17,"8","imidacloprid","cucumber","8_imidacloprid"
"31220","485",1,"001f543e38bf",2023-09-17 10:08:39,2023-09-17,"8","control","cucumber","8_control"
"31252","470",1,"001f543e38bf",2023-09-17 10:57:02,2023-09-17,"8","imidacloprid","cucumber","8_imidacloprid"
"31285","470",5,"001f543e38bf",2023-09-17 11:53:01,2023-09-17,"8","imidacloprid","cucumber","8_imidacloprid"
"31312","470",3,"001f543e38bf",2023-09-17 12:08:08,2023-09-17,"8","imidacloprid","cucumber","8_imidacloprid"
"31351","472",5,"001f543e38bf",2023-09-17 12:50:48,2023-09-17,"8","imidacloprid","cucumber","8_imidacloprid"
"31353","470",1,"001f543e38bf",2023-09-17 12:58:47,2023-09-17,"8","imidacloprid","cucumber","8_imidacloprid"
"31400","470",2,"001f543e38bf",2023-09-17 13:38:33,2023-09-17,"8","imidacloprid","cucumber","8_imidacloprid"
"31404","470",1,"001f543e38bf",2023-09-17 13:47:10,2023-09-17,"8","imidacloprid","cucumber","8_imidacloprid"
"31408","470",1,"001f543e38bf",2023-09-17 13:49:29,2023-09-17,"8","imidacloprid","cucumber","8_imidacloprid"
"31409","470",6,"001f543e38bf",2023-09-17 13:50:09,2023-09-17,"8","imidacloprid","cucumber","8_imidacloprid"
"31415","470",1,"001f543e38bf",2023-09-17 13:53:05,2023-09-17,"8","imidacloprid","cucumber","8_imidacloprid"
"31430","485",1,"001f543e38bf",2023-09-17 14:04:15,2023-09-17,"8","control","cucumber","8_control"
"31518","513",17,"001f54431a5d",2023-09-16 09:30:50,2023-09-16,"8","flupyradifurone","zinnia","8_flupyradifurone"
"31522","470",1,"001f543e42c0",2023-09-17 12:00:25,2023-09-17,"8","imidacloprid","zinnia","8_imidacloprid"
"31523","495",1,"001f543e42c0",2023-09-17 12:00:25,2023-09-17,"8","control","zinnia","8_control"
"31542","513",2,"001f543e3790",2023-09-16 09:52:36,2023-09-16,"8","flupyradifurone","cucumber","8_flupyradifurone"
"31543","516",4,"001f543e3790",2023-09-16 14:03:24,2023-09-16,"8","flupyradifurone","cucumber","8_flupyradifurone"
"31569","470",3,"001f543e3790",2023-09-16 23:23:46,2023-09-16,"8","imidacloprid","cucumber","8_imidacloprid"
"31639","470",3,"001f543e3713",2023-09-16 11:52:06,2023-09-16,"8","imidacloprid","zinnia","8_imidacloprid"
"31671","470",1,"001f543e3713",2023-09-17 07:55:03,2023-09-17,"8","imidacloprid","zinnia","8_imidacloprid"
"31710","470",1,"001f543e3713",2023-09-17 09:49:22,2023-09-17,"8","imidacloprid","zinnia","8_imidacloprid"
"31711","485",4,"001f543e3713",2023-09-17 09:50:49,2023-09-17,"8","control","zinnia","8_control"
"31745","470",2,"001f543e3713",2023-09-17 11:59:01,2023-09-17,"8","imidacloprid","zinnia","8_imidacloprid"
"31755","465",26,"001f543e3713",2023-09-17 15:05:58,2023-09-17,"8","imidacloprid","zinnia","8_imidacloprid"
"31805","470",1,"001f54431b3d",2023-09-16 10:12:53,2023-09-16,"8","imidacloprid","zinnia","8_imidacloprid"
"31809","498",54,"001f54431b3d",2023-09-18 16:30:46,2023-09-18,"8","control","zinnia","8_control"
"31810","498",83,"001f54431b3d",2023-09-18 16:31:38,2023-09-18,"8","control","zinnia","8_control"
"31813","498",45,"001f54431b3d",2023-09-18 16:32:20,2023-09-18,"8","control","zinnia","8_control"
"31818","498",15,"001f54431b3d",2023-09-18 16:32:42,2023-09-18,"8","control","zinnia","8_control"
"31821","498",16,"001f54431b3d",2023-09-18 16:32:59,2023-09-18,"8","control","zinnia","8_control"
"31823","498",10,"001f54431b3d",2023-09-18 16:33:11,2023-09-18,"8","control","zinnia","8_control"
"31826","498",98,"001f54431b3d",2023-09-18 16:35:33,2023-09-18,"8","control","zinnia","8_control"
"31827","498",109,"001f54431b3d",2023-09-18 16:35:54,2023-09-18,"8","control","zinnia","8_control"
"31828","498",77,"001f54431b3d",2023-09-18 16:36:24,2023-09-18,"8","control","zinnia","8_control"
"31833","498",49,"001f54431b3d",2023-09-18 16:37:22,2023-09-18,"8","control","zinnia","8_control"
"31838","509",1,"001f543cd78f",2023-09-16 11:43:25,2023-09-16,"8","flupyradifurone","cucumber","8_flupyradifurone"
"31840","507",5,"001f543e44c5",2023-09-16 10:03:27,2023-09-16,"8","flupyradifurone","borage","8_flupyradifurone"
"31841","507",115,"001f543e44c5",2023-09-16 14:18:32,2023-09-16,"8","flupyradifurone","borage","8_flupyradifurone"
"31842","501",4,"001f543e44c5",2023-09-16 14:31:47,2023-09-16,"8","flupyradifurone","borage","8_flupyradifurone"
"31843","519",1,"001f543e44c5",2023-09-16 14:34:04,2023-09-16,"8","flupyradifurone","borage","8_flupyradifurone"
"31868","470",1,"001f543e44c5",2023-09-17 14:12:42,2023-09-17,"8","imidacloprid","borage","8_imidacloprid"
"31921","515",1,"001f543e44e2",2023-09-16 12:10:15,2023-09-16,"8","flupyradifurone","zinnia","8_flupyradifurone"
"31959","505",1,"001f54431b96",2023-09-15 17:16:43,2023-09-15,"8","flupyradifurone","borage","8_flupyradifurone"
"31965","507",11,"001f54431b96",2023-09-16 09:55:13,2023-09-16,"8","flupyradifurone","borage","8_flupyradifurone"
"31967","509",3,"001f543e4a87",2023-09-16 11:40:06,2023-09-16,"8","flupyradifurone","cucumber","8_flupyradifurone"
"31968","509",17,"001f543e4a87",2023-09-16 11:40:25,2023-09-16,"8","flupyradifurone","cucumber","8_flupyradifurone"
"31969","509",1,"001f543e4a87",2023-09-16 11:40:44,2023-09-16,"8","flupyradifurone","cucumber","8_flupyradifurone"
"31970","509",1,"001f543e4a87",2023-09-16 11:41:04,2023-09-16,"8","flupyradifurone","cucumber","8_flupyradifurone"
"31972","509",5,"001f543e4a87",2023-09-16 11:56:12,2023-09-16,"8","flupyradifurone","cucumber","8_flupyradifurone"
"31973","516",16,"001f543e4a87",2023-09-16 14:06:11,2023-09-16,"8","flupyradifurone","cucumber","8_flupyradifurone"
"31975","469",4,"001f543e4a87",2023-09-17 15:56:52,2023-09-17,"8","imidacloprid","cucumber","8_imidacloprid"
"31978","507",6,"001f543e4335",2023-09-16 09:58:12,2023-09-16,"8","flupyradifurone","cucumber","8_flupyradifurone"
"31979","507",5,"001f543e4335",2023-09-16 10:42:08,2023-09-16,"8","flupyradifurone","cucumber","8_flupyradifurone"
"31981","507",36,"001f543e4335",2023-09-16 13:20:12,2023-09-16,"8","flupyradifurone","cucumber","8_flupyradifurone"
"32005","497",1,"001f543e44c0",2023-09-17 10:42:05,2023-09-17,"8","control","borage","8_control"
"32034","501",22,"001f543e44cc",2023-09-16 11:43:37,2023-09-16,"8","flupyradifurone","cucumber","8_flupyradifurone"
"32075","571",10,"001f54431add",2023-09-22 09:25:34,2023-09-22,"9","flupyradifurone","cucumber","9_flupyradifurone"
"32089","571",10,"001f54431add",2023-09-22 14:31:38,2023-09-22,"9","flupyradifurone","cucumber","9_flupyradifurone"
"32093","561",14,"001f54431add",2023-09-22 14:39:26,2023-09-22,"9","flupyradifurone","cucumber","9_flupyradifurone"
"32095","571",19,"001f54431add",2023-09-22 14:50:52,2023-09-22,"9","flupyradifurone","cucumber","9_flupyradifurone"
"32096","579",1,"001f54431add",2023-09-22 16:51:14,2023-09-22,"9","flupyradifurone","cucumber","9_flupyradifurone"
"32100","547",5,"001f54431add",2023-09-23 11:16:56,2023-09-23,"9","control","cucumber","9_control"
"32101","547",11,"001f54431add",2023-09-23 11:39:51,2023-09-23,"9","control","cucumber","9_control"
"32102","545",4,"001f54431add",2023-09-23 11:52:24,2023-09-23,"9","control","cucumber","9_control"
"32105","545",2,"001f54431add",2023-09-23 12:02:39,2023-09-23,"9","control","cucumber","9_control"
"32106","545",11,"001f54431add",2023-09-23 12:09:04,2023-09-23,"9","control","cucumber","9_control"
"32107","542",6,"001f54431add",2023-09-23 13:09:13,2023-09-23,"9","control","cucumber","9_control"
"32108","555",11,"001f54431add",2023-09-23 14:11:47,2023-09-23,"9","control","cucumber","9_control"
"32109","545",2,"001f54431add",2023-09-23 14:49:52,2023-09-23,"9","control","cucumber","9_control"
"32116","521",5,"001f54431add",2023-09-24 11:53:48,2023-09-24,"9","imidacloprid","cucumber","9_imidacloprid"
"32190","542",2,"001f543e3790",2023-09-22 08:21:41,2023-09-22,"9","control","borage","9_control"
"32329","540",1,"001f543e3790",2023-09-22 15:02:21,2023-09-22,"9","control","borage","9_control"
"32355","571",1,"001f543e3790",2023-09-22 15:44:20,2023-09-22,"9","flupyradifurone","borage","9_flupyradifurone"
"32370","571",4,"001f543e3790",2023-09-22 16:07:52,2023-09-22,"9","flupyradifurone","borage","9_flupyradifurone"
"32526","542",3,"001f543e3790",2023-09-23 03:10:38,2023-09-23,"9","control","borage","9_control"
"32650","524",1,"001f543e3790",2023-09-23 10:24:02,2023-09-23,"9","imidacloprid","borage","9_imidacloprid"
"32719","525",4,"001f543e3790",2023-09-23 11:15:41,2023-09-23,"9","imidacloprid","borage","9_imidacloprid"
"32721","541",1,"001f543e3790",2023-09-23 11:18:50,2023-09-23,"9","control","borage","9_control"
"32741","553",3,"001f543e3790",2023-09-23 11:46:54,2023-09-23,"9","control","borage","9_control"
"32744","553",1,"001f543e3790",2023-09-23 12:10:07,2023-09-23,"9","control","borage","9_control"
"32765","524",1,"001f543e3790",2023-09-23 12:23:08,2023-09-23,"9","imidacloprid","borage","9_imidacloprid"
"32780","524",4,"001f543e3790",2023-09-23 12:32:25,2023-09-23,"9","imidacloprid","borage","9_imidacloprid"
"32842","524",1,"001f543e3790",2023-09-23 12:48:03,2023-09-23,"9","imidacloprid","borage","9_imidacloprid"
"32892","525",1,"001f543e3790",2023-09-23 12:55:38,2023-09-23,"9","imidacloprid","borage","9_imidacloprid"
"32908","524",1,"001f543e3790",2023-09-23 13:01:54,2023-09-23,"9","imidacloprid","borage","9_imidacloprid"
"32979","525",5,"001f543e3790",2023-09-23 13:29:11,2023-09-23,"9","imidacloprid","borage","9_imidacloprid"
"33009","525",1,"001f543e3790",2023-09-23 13:59:09,2023-09-23,"9","imidacloprid","borage","9_imidacloprid"
"33088","542",4,"001f543e3790",2023-09-23 14:39:26,2023-09-23,"9","control","borage","9_control"
"33101","542",3,"001f543e3790",2023-09-23 14:48:52,2023-09-23,"9","control","borage","9_control"
"33147","553",2,"001f543e3790",2023-09-23 15:54:53,2023-09-23,"9","control","borage","9_control"
"33168","553",4,"001f543e3790",2023-09-23 16:28:32,2023-09-23,"9","control","borage","9_control"
"33169","553",5,"001f543e3790",2023-09-23 16:32:37,2023-09-23,"9","control","borage","9_control"
"33170","545",7,"001f543e3790",2023-09-23 16:38:04,2023-09-23,"9","control","borage","9_control"
"33171","547",8,"001f543e3790",2023-09-23 16:47:01,2023-09-23,"9","control","borage","9_control"
"33172","553",3,"001f543e3790",2023-09-23 16:47:01,2023-09-23,"9","control","borage","9_control"
"33173","553",4,"001f543e3790",2023-09-23 16:50:49,2023-09-23,"9","control","borage","9_control"
"33175","553",3,"001f543e3790",2023-09-23 16:55:12,2023-09-23,"9","control","borage","9_control"
"33176","553",6,"001f543e3790",2023-09-23 16:56:43,2023-09-23,"9","control","borage","9_control"
"33178","540",11,"001f543e3790",2023-09-23 16:58:38,2023-09-23,"9","control","borage","9_control"
"33179","545",2,"001f543e3790",2023-09-23 17:02:23,2023-09-23,"9","control","borage","9_control"
"33181","555",15,"001f543e3790",2023-09-23 17:04:23,2023-09-23,"9","control","borage","9_control"
"33182","545",13,"001f543e3790",2023-09-23 17:10:39,2023-09-23,"9","control","borage","9_control"
"33184","553",5,"001f543e3790",2023-09-23 17:15:10,2023-09-23,"9","control","borage","9_control"
"33188","542",8,"001f543e3790",2023-09-23 17:18:16,2023-09-23,"9","control","borage","9_control"
"33190","545",9,"001f543e3790",2023-09-23 17:18:45,2023-09-23,"9","control","borage","9_control"
"33197","553",12,"001f543e3790",2023-09-23 17:28:52,2023-09-23,"9","control","borage","9_control"
"33200","553",2,"001f543e3790",2023-09-23 17:33:47,2023-09-23,"9","control","borage","9_control"
"33209","553",9,"001f543e3790",2023-09-23 17:47:16,2023-09-23,"9","control","borage","9_control"
"33221","561",1,"001f543e42c0",2023-09-21 19:02:47,2023-09-21,"9","flupyradifurone","borage","9_flupyradifurone"
"33223","578",7,"001f543e42c0",2023-09-22 15:59:36,2023-09-22,"9","flupyradifurone","borage","9_flupyradifurone"
"33301","525",1,"001f543e42c0",2023-09-23 06:41:40,2023-09-23,"9","imidacloprid","borage","9_imidacloprid"
"33348","549",1,"001f543e42c0",2023-09-23 07:39:25,2023-09-23,"9","control","borage","9_control"
"33368","525",1,"001f543e42c0",2023-09-23 07:48:41,2023-09-23,"9","imidacloprid","borage","9_imidacloprid"
"33378","541",1,"001f543e42c0",2023-09-23 07:56:56,2023-09-23,"9","control","borage","9_control"
"33385","524",3,"001f543e42c0",2023-09-23 08:00:38,2023-09-23,"9","imidacloprid","borage","9_imidacloprid"
"33386","524",4,"001f543e42c0",2023-09-23 08:01:07,2023-09-23,"9","imidacloprid","borage","9_imidacloprid"
"33455","525",1,"001f543e42c0",2023-09-23 08:33:53,2023-09-23,"9","imidacloprid","borage","9_imidacloprid"
"33474","542",1,"001f543e42c0",2023-09-23 08:42:44,2023-09-23,"9","control","borage","9_control"
"33557","524",1,"001f543e42c0",2023-09-23 10:16:47,2023-09-23,"9","imidacloprid","borage","9_imidacloprid"
"33559","524",1,"001f543e42c0",2023-09-23 10:18:18,2023-09-23,"9","imidacloprid","borage","9_imidacloprid"
"33589","542",1,"001f543e42c0",2023-09-23 10:30:36,2023-09-23,"9","control","borage","9_control"
"33634","553",25,"001f543e42c0",2023-09-23 11:10:04,2023-09-23,"9","control","borage","9_control"
"33636","553",1,"001f543e42c0",2023-09-23 11:11:29,2023-09-23,"9","control","borage","9_control"
"33637","533",1,"001f543e42c0",2023-09-23 11:12:28,2023-09-23,"9","imidacloprid","borage","9_imidacloprid"
"33660","525",1,"001f543e42c0",2023-09-23 11:21:51,2023-09-23,"9","imidacloprid","borage","9_imidacloprid"
"33693","542",1,"001f543e42c0",2023-09-23 11:34:46,2023-09-23,"9","control","borage","9_control"
"33698","542",1,"001f543e42c0",2023-09-23 11:36:12,2023-09-23,"9","control","borage","9_control"
"33739","545",4,"001f543e42c0",2023-09-23 12:00:43,2023-09-23,"9","control","borage","9_control"
"33754","525",1,"001f543e42c0",2023-09-23 12:05:10,2023-09-23,"9","imidacloprid","borage","9_imidacloprid"
"33768","545",1,"001f543e42c0",2023-09-23 12:10:54,2023-09-23,"9","control","borage","9_control"
"33852","549",43,"001f543e42c0",2023-09-23 13:08:26,2023-09-23,"9","control","borage","9_control"
"33853","549",4,"001f543e42c0",2023-09-23 13:08:47,2023-09-23,"9","control","borage","9_control"
"33858","549",26,"001f543e42c0",2023-09-23 13:10:28,2023-09-23,"9","control","borage","9_control"
"33959","544",2,"001f543e42c0",2023-09-23 13:58:41,2023-09-23,"9","control","borage","9_control"
"33969","525",1,"001f543e42c0",2023-09-23 14:02:52,2023-09-23,"9","imidacloprid","borage","9_imidacloprid"
"33976","542",6,"001f543e42c0",2023-09-23 14:08:00,2023-09-23,"9","control","borage","9_control"
"33979","525",1,"001f543e42c0",2023-09-23 14:09:22,2023-09-23,"9","imidacloprid","borage","9_imidacloprid"
"33988","549",1,"001f543e42c0",2023-09-23 14:12:08,2023-09-23,"9","control","borage","9_control"
"34052","553",2,"001f543e42c0",2023-09-23 14:46:53,2023-09-23,"9","control","borage","9_control"
"34054","553",4,"001f543e42c0",2023-09-23 14:47:17,2023-09-23,"9","control","borage","9_control"
"34056","540",3,"001f543e42c0",2023-09-23 14:49:13,2023-09-23,"9","control","borage","9_control"
"34057","545",28,"001f543e42c0",2023-09-23 14:49:34,2023-09-23,"9","control","borage","9_control"
"34073","553",6,"001f543e42c0",2023-09-23 14:59:29,2023-09-23,"9","control","borage","9_control"
"34094","553",10,"001f543e42c0",2023-09-23 15:11:52,2023-09-23,"9","control","borage","9_control"
"34095","542",5,"001f543e42c0",2023-09-23 15:12:42,2023-09-23,"9","control","borage","9_control"
"34098","542",1,"001f543e42c0",2023-09-23 15:14:33,2023-09-23,"9","control","borage","9_control"
"34101","540",9,"001f543e42c0",2023-09-23 15:15:53,2023-09-23,"9","control","borage","9_control"
"34107","542",1,"001f543e42c0",2023-09-23 15:21:38,2023-09-23,"9","control","borage","9_control"
"34108","540",1,"001f543e42c0",2023-09-23 15:22:00,2023-09-23,"9","control","borage","9_control"
"34110","545",15,"001f543e42c0",2023-09-23 15:22:58,2023-09-23,"9","control","borage","9_control"
"34118","542",7,"001f543e42c0",2023-09-23 15:39:36,2023-09-23,"9","control","borage","9_control"
"34127","542",9,"001f543e42c0",2023-09-23 15:47:20,2023-09-23,"9","control","borage","9_control"
"34142","547",7,"001f543e42c0",2023-09-23 15:57:50,2023-09-23,"9","control","borage","9_control"
"34143","547",3,"001f543e42c0",2023-09-23 15:58:13,2023-09-23,"9","control","borage","9_control"
"34148","542",1,"001f543e42c0",2023-09-23 16:00:11,2023-09-23,"9","control","borage","9_control"
"34158","547",4,"001f543e42c0",2023-09-23 16:05:51,2023-09-23,"9","control","borage","9_control"
"34159","547",1,"001f543e42c0",2023-09-23 16:06:16,2023-09-23,"9","control","borage","9_control"
"34180","545",24,"001f543e42c0",2023-09-23 16:30:14,2023-09-23,"9","control","borage","9_control"
"34182","555",5,"001f543e42c0",2023-09-23 16:32:58,2023-09-23,"9","control","borage","9_control"
"34183","540",13,"001f543e42c0",2023-09-23 16:38:22,2023-09-23,"9","control","borage","9_control"
"34184","540",8,"001f543e42c0",2023-09-23 16:40:26,2023-09-23,"9","control","borage","9_control"
"34185","540",15,"001f543e42c0",2023-09-23 16:45:40,2023-09-23,"9","control","borage","9_control"
"34186","542",17,"001f543e42c0",2023-09-23 16:54:44,2023-09-23,"9","control","borage","9_control"
"34187","542",6,"001f543e42c0",2023-09-23 16:56:38,2023-09-23,"9","control","borage","9_control"
"34188","545",18,"001f543e42c0",2023-09-23 17:01:13,2023-09-23,"9","control","borage","9_control"
"34189","547",10,"001f543e42c0",2023-09-23 17:05:17,2023-09-23,"9","control","borage","9_control"
"34190","545",23,"001f543e42c0",2023-09-23 17:10:23,2023-09-23,"9","control","borage","9_control"
"34192","545",28,"001f543e42c0",2023-09-23 17:14:01,2023-09-23,"9","control","borage","9_control"
"34193","542",16,"001f543e42c0",2023-09-23 17:23:40,2023-09-23,"9","control","borage","9_control"
"34195","542",12,"001f543e42c0",2023-09-23 17:32:54,2023-09-23,"9","control","borage","9_control"
"34196","542",9,"001f543e42c0",2023-09-23 17:35:58,2023-09-23,"9","control","borage","9_control"
"34199","525",1,"001f543e42c0",2023-09-24 08:45:58,2023-09-24,"9","imidacloprid","borage","9_imidacloprid"
"34239","524",1,"001f543e42c0",2023-09-24 13:15:39,2023-09-24,"9","imidacloprid","borage","9_imidacloprid"
"34252","525",3,"001f543e42c0",2023-09-24 14:37:38,2023-09-24,"9","imidacloprid","borage","9_imidacloprid"
"34276","524",1,"001f543e42c0",2023-09-24 15:02:24,2023-09-24,"9","imidacloprid","borage","9_imidacloprid"
"34287","524",1,"001f543e42c0",2023-09-24 15:07:47,2023-09-24,"9","imidacloprid","borage","9_imidacloprid"
"34296","524",1,"001f543e42c0",2023-09-24 15:10:48,2023-09-24,"9","imidacloprid","borage","9_imidacloprid"
"34322","524",1,"001f543e42c0",2023-09-24 15:24:10,2023-09-24,"9","imidacloprid","borage","9_imidacloprid"
"34341","524",1,"001f543e42c0",2023-09-24 15:28:04,2023-09-24,"9","imidacloprid","borage","9_imidacloprid"
"34427","579",1,"001f543e4abe",2023-09-22 16:41:08,2023-09-22,"9","flupyradifurone","cucumber","9_flupyradifurone"
"34429","540",14,"001f543e4abe",2023-09-23 17:00:01,2023-09-23,"9","control","cucumber","9_control"
"34437","538",3,"001f543e4abe",2023-09-24 13:19:10,2023-09-24,"9","imidacloprid","cucumber","9_imidacloprid"
"34438","538",2,"001f543e4abe",2023-09-24 13:35:46,2023-09-24,"9","imidacloprid","cucumber","9_imidacloprid"
"34439","526",1,"001f543e4abe",2023-09-24 14:41:20,2023-09-24,"9","imidacloprid","cucumber","9_imidacloprid"
"34440","526",5,"001f543e4abe",2023-09-24 14:41:48,2023-09-24,"9","imidacloprid","cucumber","9_imidacloprid"
"34441","526",4,"001f543e4abe",2023-09-24 14:42:13,2023-09-24,"9","imidacloprid","cucumber","9_imidacloprid"
"34442","532",6,"001f543e4abe",2023-09-24 16:40:13,2023-09-24,"9","imidacloprid","cucumber","9_imidacloprid"
"34443","532",1,"001f543e4abe",2023-09-24 16:41:07,2023-09-24,"9","imidacloprid","cucumber","9_imidacloprid"
"34488","571",7,"001f54431a5d",2023-09-22 15:23:07,2023-09-22,"9","flupyradifurone","borage","9_flupyradifurone"
"34489","571",15,"001f54431a5d",2023-09-22 15:37:05,2023-09-22,"9","flupyradifurone","borage","9_flupyradifurone"
"34490","571",58,"001f54431a5d",2023-09-22 15:37:20,2023-09-22,"9","flupyradifurone","borage","9_flupyradifurone"
"34491","571",14,"001f54431a5d",2023-09-22 15:59:22,2023-09-22,"9","flupyradifurone","borage","9_flupyradifurone"
"34493","571",13,"001f54431a5d",2023-09-22 15:59:34,2023-09-22,"9","flupyradifurone","borage","9_flupyradifurone"
"34496","561",4,"001f54431a5d",2023-09-22 16:35:59,2023-09-22,"9","flupyradifurone","borage","9_flupyradifurone"
"34574","524",1,"001f54431a5d",2023-09-23 10:14:27,2023-09-23,"9","imidacloprid","borage","9_imidacloprid"
"34639","549",3,"001f54431a5d",2023-09-23 12:21:20,2023-09-23,"9","control","borage","9_control"
"34640","549",21,"001f54431a5d",2023-09-23 12:21:43,2023-09-23,"9","control","borage","9_control"
"34641","549",9,"001f54431a5d",2023-09-23 12:22:05,2023-09-23,"9","control","borage","9_control"
"34673","553",1,"001f54431a5d",2023-09-23 12:39:44,2023-09-23,"9","control","borage","9_control"
"34730","530",1,"001f54431a5d",2023-09-23 14:02:42,2023-09-23,"9","imidacloprid","borage","9_imidacloprid"
"34734","542",1,"001f54431a5d",2023-09-23 14:43:23,2023-09-23,"9","control","borage","9_control"
"34742","545",5,"001f54431a5d",2023-09-23 16:28:02,2023-09-23,"9","control","borage","9_control"
"34754","553",1,"001f54431a5d",2023-09-23 16:13:08,2023-09-23,"9","control","borage","9_control"
"34764","524",1,"001f54431a5d",2023-09-23 16:18:29,2023-09-23,"9","imidacloprid","borage","9_imidacloprid"
"34778","553",1,"001f54431a5d",2023-09-23 16:30:17,2023-09-23,"9","control","borage","9_control"
"34783","524",1,"001f54431a5d",2023-09-23 16:32:10,2023-09-23,"9","imidacloprid","borage","9_imidacloprid"
"34797","540",24,"001f54431a5d",2023-09-23 16:39:50,2023-09-23,"9","control","borage","9_control"
"34800","545",13,"001f54431a5d",2023-09-23 16:47:06,2023-09-23,"9","control","borage","9_control"
"34801","553",2,"001f54431a5d",2023-09-23 16:48:39,2023-09-23,"9","control","borage","9_control"
"34803","545",12,"001f54431a5d",2023-09-23 16:55:16,2023-09-23,"9","control","borage","9_control"
"34805","545",12,"001f54431a5d",2023-09-23 17:12:12,2023-09-23,"9","control","borage","9_control"
"34807","545",14,"001f54431a5d",2023-09-23 17:19:52,2023-09-23,"9","control","borage","9_control"
"34808","544",15,"001f54431a5d",2023-09-23 17:29:20,2023-09-23,"9","control","borage","9_control"
"34810","542",18,"001f54431a5d",2023-09-23 17:35:03,2023-09-23,"9","control","borage","9_control"
"34811","553",3,"001f54431a5d",2023-09-23 17:44:50,2023-09-23,"9","control","borage","9_control"
"34812","638",1,"001f54431a5d",2023-09-24 10:58:57,2023-09-24,"10","imidacloprid","borage","10_imidacloprid"
"34819","524",1,"001f54431a5d",2023-09-24 11:03:56,2023-09-24,"9","imidacloprid","borage","9_imidacloprid"
"34830","524",1,"001f54431a5d",2023-09-24 11:18:15,2023-09-24,"9","imidacloprid","borage","9_imidacloprid"
"34880","524",1,"001f54431a5d",2023-09-24 12:10:01,2023-09-24,"9","imidacloprid","borage","9_imidacloprid"
"34916","524",3,"001f54431a5d",2023-09-24 12:25:03,2023-09-24,"9","imidacloprid","borage","9_imidacloprid"
"34975","524",1,"001f54431a5d",2023-09-24 12:52:11,2023-09-24,"9","imidacloprid","borage","9_imidacloprid"
"34993","525",1,"001f54431a5d",2023-09-24 13:32:42,2023-09-24,"9","imidacloprid","borage","9_imidacloprid"
"35020","638",1,"001f54431a5d",2023-09-24 13:46:59,2023-09-24,"10","imidacloprid","borage","10_imidacloprid"
"35078","638",4,"001f54431a5d",2023-09-24 14:26:53,2023-09-24,"10","imidacloprid","borage","10_imidacloprid"
"35085","525",2,"001f54431a5d",2023-09-24 14:30:21,2023-09-24,"9","imidacloprid","borage","9_imidacloprid"
"35148","526",1,"001f54431a5d",2023-09-24 15:05:06,2023-09-24,"9","imidacloprid","borage","9_imidacloprid"
"35171","535",4,"001f54431a5d",2023-09-24 15:14:35,2023-09-24,"9","imidacloprid","borage","9_imidacloprid"
"35174","524",1,"001f54431a5d",2023-09-24 15:16:31,2023-09-24,"9","imidacloprid","borage","9_imidacloprid"
"35175","524",1,"001f54431a5d",2023-09-24 15:17:01,2023-09-24,"9","imidacloprid","borage","9_imidacloprid"
"35180","524",1,"001f54431a5d",2023-09-24 15:17:23,2023-09-24,"9","imidacloprid","borage","9_imidacloprid"
"35184","524",2,"001f54431a5d",2023-09-24 15:19:32,2023-09-24,"9","imidacloprid","borage","9_imidacloprid"
"35188","524",1,"001f54431a5d",2023-09-24 15:20:54,2023-09-24,"9","imidacloprid","borage","9_imidacloprid"
"35190","524",2,"001f54431a5d",2023-09-24 15:21:19,2023-09-24,"9","imidacloprid","borage","9_imidacloprid"
"35223","521",1,"001f54431a5d",2023-09-24 15:36:40,2023-09-24,"9","imidacloprid","borage","9_imidacloprid"
"35324","548",1,"001f543e3713",2023-09-22 12:51:33,2023-09-22,"9","control","borage","9_control"
"35326","571",25,"001f543e3713",2023-09-22 14:30:09,2023-09-22,"9","flupyradifurone","borage","9_flupyradifurone"
"35327","571",16,"001f543e3713",2023-09-22 14:49:48,2023-09-22,"9","flupyradifurone","borage","9_flupyradifurone"
"35328","571",43,"001f543e3713",2023-09-22 14:50:08,2023-09-22,"9","flupyradifurone","borage","9_flupyradifurone"
"35330","579",11,"001f543e3713",2023-09-22 15:58:40,2023-09-22,"9","flupyradifurone","borage","9_flupyradifurone"
"35435","553",3,"001f543e3713",2023-09-23 11:29:01,2023-09-23,"9","control","borage","9_control"
"35438","544",14,"001f543e3713",2023-09-23 11:48:01,2023-09-23,"9","control","borage","9_control"
"35466","542",1,"001f543e3713",2023-09-23 12:39:50,2023-09-23,"9","control","borage","9_control"
"35468","542",1,"001f543e3713",2023-09-23 12:40:17,2023-09-23,"9","control","borage","9_control"
"35480","525",1,"001f543e3713",2023-09-23 12:43:30,2023-09-23,"9","imidacloprid","borage","9_imidacloprid"
"35487","542",1,"001f543e3713",2023-09-23 12:44:51,2023-09-23,"9","control","borage","9_control"
"35492","542",1,"001f543e3713",2023-09-23 12:47:22,2023-09-23,"9","control","borage","9_control"
"35495","542",3,"001f543e3713",2023-09-23 13:59:44,2023-09-23,"9","control","borage","9_control"
"35497","553",5,"001f543e3713",2023-09-23 16:21:13,2023-09-23,"9","control","borage","9_control"
"35512","540",1,"001f543e3713",2023-09-23 13:01:08,2023-09-23,"9","control","borage","9_control"
"35519","553",3,"001f543e3713",2023-09-23 13:34:33,2023-09-23,"9","control","borage","9_control"
"35521","553",5,"001f543e3713",2023-09-23 13:57:09,2023-09-23,"9","control","borage","9_control"
"35522","542",8,"001f543e3713",2023-09-23 14:11:23,2023-09-23,"9","control","borage","9_control"
"35524","542",1,"001f543e3713",2023-09-23 16:04:30,2023-09-23,"9","control","borage","9_control"
"35525","545",12,"001f543e3713",2023-09-23 16:27:03,2023-09-23,"9","control","borage","9_control"
"35526","545",2,"001f543e3713",2023-09-23 16:27:22,2023-09-23,"9","control","borage","9_control"
"35527","545",11,"001f543e3713",2023-09-23 16:29:04,2023-09-23,"9","control","borage","9_control"
"35528","555",19,"001f543e3713",2023-09-23 16:32:07,2023-09-23,"9","control","borage","9_control"
"35529","553",1,"001f543e3713",2023-09-23 16:49:58,2023-09-23,"9","control","borage","9_control"
"35530","540",21,"001f543e3713",2023-09-23 16:54:36,2023-09-23,"9","control","borage","9_control"
"35532","553",3,"001f543e3713",2023-09-23 16:56:34,2023-09-23,"9","control","borage","9_control"
"35533","553",2,"001f543e3713",2023-09-23 17:05:15,2023-09-23,"9","control","borage","9_control"
"35534","540",19,"001f543e3713",2023-09-23 17:08:24,2023-09-23,"9","control","borage","9_control"
"35535","542",5,"001f543e3713",2023-09-23 17:10:47,2023-09-23,"9","control","borage","9_control"
"35536","545",14,"001f543e3713",2023-09-23 17:13:17,2023-09-23,"9","control","borage","9_control"
"35538","542",6,"001f543e3713",2023-09-23 17:18:45,2023-09-23,"9","control","borage","9_control"
"35539","542",11,"001f543e3713",2023-09-23 17:33:08,2023-09-23,"9","control","borage","9_control"
"35540","542",5,"001f543e3713",2023-09-23 17:34:22,2023-09-23,"9","control","borage","9_control"
"35549","638",1,"001f543e3713",2023-09-24 10:27:54,2023-09-24,"10","imidacloprid","borage","10_imidacloprid"
"35557","544",3,"001f543e3aad",2023-09-23 10:15:15,2023-09-23,"9","control","zinnia","9_control"
"35560","545",4,"001f543e3aad",2023-09-23 14:16:23,2023-09-23,"9","control","zinnia","9_control"
"35561","545",13,"001f543e3aad",2023-09-23 15:28:47,2023-09-23,"9","control","zinnia","9_control"
"35563","545",51,"001f543e3aad",2023-09-23 15:41:36,2023-09-23,"9","control","zinnia","9_control"
"35565","545",13,"001f543e3aad",2023-09-23 15:47:40,2023-09-23,"9","control","zinnia","9_control"
"35568","545",1,"001f543e3aad",2023-09-23 16:06:21,2023-09-23,"9","control","zinnia","9_control"
"35569","545",28,"001f543e3aad",2023-09-23 16:14:05,2023-09-23,"9","control","zinnia","9_control"
"35572","545",37,"001f543e3aad",2023-09-23 16:38:24,2023-09-23,"9","control","zinnia","9_control"
"35578","545",13,"001f543e3aad",2023-09-23 16:56:49,2023-09-23,"9","control","zinnia","9_control"
"35580","545",30,"001f543e3aad",2023-09-23 17:02:51,2023-09-23,"9","control","zinnia","9_control"
"35581","547",36,"001f543e3aad",2023-09-23 17:19:07,2023-09-23,"9","control","zinnia","9_control"
"35583","547",38,"001f543e3aad",2023-09-23 17:19:36,2023-09-23,"9","control","zinnia","9_control"
"35585","545",10,"001f543e3aad",2023-09-23 17:34:16,2023-09-23,"9","control","zinnia","9_control"
"35589","521",31,"001f543e3aad",2023-09-24 11:42:32,2023-09-24,"9","imidacloprid","zinnia","9_imidacloprid"
"35633","521",22,"001f543e3aad",2023-09-24 14:23:50,2023-09-24,"9","imidacloprid","zinnia","9_imidacloprid"
"35668","553",1,"001f543cdadb",2023-09-22 18:22:11,2023-09-22,"9","control","cucumber","9_control"
"35679","542",1,"001f543cdadb",2023-09-23 00:02:18,2023-09-23,"9","control","cucumber","9_control"
"35737","555",7,"001f5439f120",2023-09-23 14:35:28,2023-09-23,"9","control","zinnia","9_control"
"35740","555",1,"001f5439f120",2023-09-23 14:35:50,2023-09-23,"9","control","zinnia","9_control"
"35742","555",2,"001f5439f120",2023-09-23 14:36:24,2023-09-23,"9","control","zinnia","9_control"
"35744","555",25,"001f5439f120",2023-09-23 14:37:21,2023-09-23,"9","control","zinnia","9_control"
"35746","545",1,"001f5439f120",2023-09-23 14:38:07,2023-09-23,"9","control","zinnia","9_control"
"35747","555",3,"001f5439f120",2023-09-23 14:38:34,2023-09-23,"9","control","zinnia","9_control"
"35749","555",39,"001f5439f120",2023-09-23 14:39:41,2023-09-23,"9","control","zinnia","9_control"
"35753","555",2,"001f5439f120",2023-09-23 14:53:34,2023-09-23,"9","control","zinnia","9_control"
"35755","545",1,"001f5439f120",2023-09-23 15:26:48,2023-09-23,"9","control","zinnia","9_control"
"35756","545",5,"001f5439f120",2023-09-23 16:12:04,2023-09-23,"9","control","zinnia","9_control"
"35757","545",2,"001f5439f120",2023-09-23 16:27:41,2023-09-23,"9","control","zinnia","9_control"
"35758","545",6,"001f5439f120",2023-09-23 17:13:11,2023-09-23,"9","control","zinnia","9_control"
"35761","526",7,"001f5439f120",2023-09-24 14:40:48,2023-09-24,"9","imidacloprid","zinnia","9_imidacloprid"
"35775","553",1,"001f543e38bf",2023-09-22 18:41:34,2023-09-22,"9","control","borage","9_control"
"35779","553",11,"001f543e38bf",2023-09-23 11:18:34,2023-09-23,"9","control","borage","9_control"
"35780","544",24,"001f543e38bf",2023-09-23 11:35:20,2023-09-23,"9","control","borage","9_control"
"35781","544",11,"001f543e38bf",2023-09-23 11:35:46,2023-09-23,"9","control","borage","9_control"
"35782","544",3,"001f543e38bf",2023-09-23 11:36:00,2023-09-23,"9","control","borage","9_control"
"35783","553",5,"001f543e38bf",2023-09-23 11:53:06,2023-09-23,"9","control","borage","9_control"
"35784","547",3,"001f543e38bf",2023-09-23 12:09:01,2023-09-23,"9","control","borage","9_control"
"35785","549",3,"001f543e38bf",2023-09-23 12:10:53,2023-09-23,"9","control","borage","9_control"
"35786","547",1,"001f543e38bf",2023-09-23 12:31:17,2023-09-23,"9","control","borage","9_control"
"35787","547",2,"001f543e38bf",2023-09-23 12:31:48,2023-09-23,"9","control","borage","9_control"
"35789","542",3,"001f543e38bf",2023-09-23 13:14:35,2023-09-23,"9","control","borage","9_control"
"35794","553",2,"001f543e38bf",2023-09-23 14:00:49,2023-09-23,"9","control","borage","9_control"
"35795","553",1,"001f543e38bf",2023-09-23 14:01:28,2023-09-23,"9","control","borage","9_control"
"35797","540",1,"001f543e38bf",2023-09-23 15:28:03,2023-09-23,"9","control","borage","9_control"
"35798","545",1,"001f543e38bf",2023-09-23 16:07:04,2023-09-23,"9","control","borage","9_control"
"35799","553",1,"001f543e38bf",2023-09-23 16:31:45,2023-09-23,"9","control","borage","9_control"
"35800","553",2,"001f543e38bf",2023-09-23 16:40:52,2023-09-23,"9","control","borage","9_control"
"35802","553",3,"001f543e38bf",2023-09-23 16:41:42,2023-09-23,"9","control","borage","9_control"
"35804","540",11,"001f543e38bf",2023-09-23 16:46:52,2023-09-23,"9","control","borage","9_control"
"35805","553",1,"001f543e38bf",2023-09-23 16:48:03,2023-09-23,"9","control","borage","9_control"
"35811","553",3,"001f543e38bf",2023-09-23 17:00:52,2023-09-23,"9","control","borage","9_control"
"35814","545",10,"001f543e38bf",2023-09-23 17:11:19,2023-09-23,"9","control","borage","9_control"
"35817","553",3,"001f543e38bf",2023-09-23 17:30:04,2023-09-23,"9","control","borage","9_control"
"35818","553",1,"001f543e38bf",2023-09-23 17:31:24,2023-09-23,"9","control","borage","9_control"
"35820","553",2,"001f543e38bf",2023-09-23 17:33:04,2023-09-23,"9","control","borage","9_control"
"35821","542",5,"001f543e38bf",2023-09-23 17:34:29,2023-09-23,"9","control","borage","9_control"
"35822","553",3,"001f543e38bf",2023-09-23 17:43:49,2023-09-23,"9","control","borage","9_control"
"35845","525",1,"001f543e38bf",2023-09-24 12:20:16,2023-09-24,"9","imidacloprid","borage","9_imidacloprid"
"36223","542",1,"001f543cd376",2023-09-22 10:00:29,2023-09-22,"9","control","zinnia","9_control"
"36328","542",1,"001f543cd376",2023-09-22 12:06:09,2023-09-22,"9","control","zinnia","9_control"
"36547","542",1,"001f543cd376",2023-09-22 15:42:18,2023-09-22,"9","control","zinnia","9_control"
"36740","542",1,"001f543cd376",2023-09-22 18:43:08,2023-09-22,"9","control","zinnia","9_control"
"36843","524",1,"001f543cd376",2023-09-23 06:59:15,2023-09-23,"9","imidacloprid","zinnia","9_imidacloprid"
"36861","542",1,"001f543cd376",2023-09-23 07:09:03,2023-09-23,"9","control","zinnia","9_control"
"37050","542",4,"001f543cd376",2023-09-23 08:53:59,2023-09-23,"9","control","zinnia","9_control"
"37115","541",2,"001f543cd376",2023-09-23 09:37:20,2023-09-23,"9","control","zinnia","9_control"
"37168","542",5,"001f543cd376",2023-09-23 09:48:51,2023-09-23,"9","control","zinnia","9_control"
"37230","525",4,"001f543cd376",2023-09-23 10:32:51,2023-09-23,"9","imidacloprid","zinnia","9_imidacloprid"
"37244","525",2,"001f543cd376",2023-09-23 10:36:48,2023-09-23,"9","imidacloprid","zinnia","9_imidacloprid"
"37270","525",3,"001f543cd376",2023-09-23 10:48:08,2023-09-23,"9","imidacloprid","zinnia","9_imidacloprid"
"37321","524",1,"001f543cd376",2023-09-23 11:17:20,2023-09-23,"9","imidacloprid","zinnia","9_imidacloprid"
"37344","525",1,"001f543cd376",2023-09-23 11:33:10,2023-09-23,"9","imidacloprid","zinnia","9_imidacloprid"
"37353","542",4,"001f543cd376",2023-09-23 11:40:22,2023-09-23,"9","control","zinnia","9_control"
"37359","542",5,"001f543cd376",2023-09-23 11:47:27,2023-09-23,"9","control","zinnia","9_control"
"37364","542",4,"001f543cd376",2023-09-23 11:49:33,2023-09-23,"9","control","zinnia","9_control"
"37387","542",1,"001f543cd376",2023-09-23 12:02:39,2023-09-23,"9","control","zinnia","9_control"
"37422","542",4,"001f543cd376",2023-09-23 12:33:45,2023-09-23,"9","control","zinnia","9_control"
"37463","526",5,"001f543cd376",2023-09-23 12:55:17,2023-09-23,"9","imidacloprid","zinnia","9_imidacloprid"
"37464","525",4,"001f543cd376",2023-09-23 12:56:44,2023-09-23,"9","imidacloprid","zinnia","9_imidacloprid"
"37500","525",5,"001f543cd376",2023-09-23 13:25:08,2023-09-23,"9","imidacloprid","zinnia","9_imidacloprid"
"37509","525",2,"001f543cd376",2023-09-23 13:33:27,2023-09-23,"9","imidacloprid","zinnia","9_imidacloprid"
"37531","524",1,"001f543cd376",2023-09-23 13:49:11,2023-09-23,"9","imidacloprid","zinnia","9_imidacloprid"
"37594","545",12,"001f543cd376",2023-09-23 14:16:47,2023-09-23,"9","control","zinnia","9_control"
"37737","531",1,"001f543cd376",2023-09-23 16:05:23,2023-09-23,"9","imidacloprid","zinnia","9_imidacloprid"
"37746","545",4,"001f543cd376",2023-09-23 16:46:32,2023-09-23,"9","control","zinnia","9_control"
"37747","555",3,"001f543cd376",2023-09-23 17:03:37,2023-09-23,"9","control","zinnia","9_control"
"37749","545",4,"001f543cd376",2023-09-23 17:11:10,2023-09-23,"9","control","zinnia","9_control"
"37751","545",1,"001f543cd376",2023-09-23 17:34:03,2023-09-23,"9","control","zinnia","9_control"
"37910","524",1,"001f543cd376",2023-09-23 18:51:10,2023-09-23,"9","imidacloprid","zinnia","9_imidacloprid"
"37920","524",1,"001f543cd376",2023-09-23 18:59:06,2023-09-23,"9","imidacloprid","zinnia","9_imidacloprid"
"37951","638",1,"001f543cd376",2023-09-24 06:42:09,2023-09-24,"10","imidacloprid","zinnia","10_imidacloprid"
"37993","638",3,"001f543cd376",2023-09-24 07:10:53,2023-09-24,"10","imidacloprid","zinnia","10_imidacloprid"
"38140","638",5,"001f543cd376",2023-09-24 09:14:09,2023-09-24,"10","imidacloprid","zinnia","10_imidacloprid"
"38152","638",5,"001f543cd376",2023-09-24 09:23:40,2023-09-24,"10","imidacloprid","zinnia","10_imidacloprid"
"38224","638",1,"001f543cd376",2023-09-24 11:03:28,2023-09-24,"10","imidacloprid","zinnia","10_imidacloprid"
"38288","638",2,"001f543cd376",2023-09-24 11:49:22,2023-09-24,"10","imidacloprid","zinnia","10_imidacloprid"
"38326","525",3,"001f543cd376",2023-09-24 12:22:27,2023-09-24,"9","imidacloprid","zinnia","9_imidacloprid"
"38330","525",4,"001f543cd376",2023-09-24 12:23:17,2023-09-24,"9","imidacloprid","zinnia","9_imidacloprid"
"38339","638",1,"001f543cd376",2023-09-24 12:29:32,2023-09-24,"10","imidacloprid","zinnia","10_imidacloprid"
"38375","525",4,"001f543cd376",2023-09-24 12:48:47,2023-09-24,"9","imidacloprid","zinnia","9_imidacloprid"
"38463","638",3,"001f543cd376",2023-09-24 13:40:12,2023-09-24,"10","imidacloprid","zinnia","10_imidacloprid"
"38491","638",3,"001f543cd376",2023-09-24 13:57:43,2023-09-24,"10","imidacloprid","zinnia","10_imidacloprid"
"38516","638",2,"001f543cd376",2023-09-24 14:14:33,2023-09-24,"10","imidacloprid","zinnia","10_imidacloprid"
"38652","638",5,"001f543cd376",2023-09-24 15:49:56,2023-09-24,"10","imidacloprid","zinnia","10_imidacloprid"
"38668","638",1,"001f543cd376",2023-09-24 15:55:58,2023-09-24,"10","imidacloprid","zinnia","10_imidacloprid"
"38733","545",4,"001f543e49d5",2023-09-23 12:54:27,2023-09-23,"9","control","zinnia","9_control"
"38749","545",26,"001f543e49d5",2023-09-23 15:27:21,2023-09-23,"9","control","zinnia","9_control"
"38756","545",7,"001f543e49d5",2023-09-23 15:43:31,2023-09-23,"9","control","zinnia","9_control"
"38757","545",27,"001f543e49d5",2023-09-23 15:44:00,2023-09-23,"9","control","zinnia","9_control"
"38765","545",41,"001f543e49d5",2023-09-23 16:07:22,2023-09-23,"9","control","zinnia","9_control"
"38767","555",50,"001f543e49d5",2023-09-23 16:20:12,2023-09-23,"9","control","zinnia","9_control"
"38771","545",19,"001f543e49d5",2023-09-23 16:56:23,2023-09-23,"9","control","zinnia","9_control"
"38772","531",1,"001f543e49d5",2023-09-23 17:03:15,2023-09-23,"9","imidacloprid","zinnia","9_imidacloprid"
"38777","556",30,"001f543e49d5",2023-09-23 17:07:58,2023-09-23,"9","control","zinnia","9_control"
"38779","556",41,"001f543e49d5",2023-09-23 17:08:28,2023-09-23,"9","control","zinnia","9_control"
"38780","556",4,"001f543e49d5",2023-09-23 17:08:59,2023-09-23,"9","control","zinnia","9_control"
"38782","545",6,"001f543e49d5",2023-09-23 17:11:41,2023-09-23,"9","control","zinnia","9_control"
"38783","545",8,"001f543e49d5",2023-09-23 17:19:10,2023-09-23,"9","control","zinnia","9_control"
"38784","545",4,"001f543e49d5",2023-09-23 17:26:30,2023-09-23,"9","control","zinnia","9_control"
"38786","544",7,"001f543e49d5",2023-09-23 17:32:55,2023-09-23,"9","control","zinnia","9_control"
"38787","521",3,"001f543e49d5",2023-09-24 11:41:37,2023-09-24,"9","imidacloprid","zinnia","9_imidacloprid"
"38789","521",5,"001f543e49d5",2023-09-24 11:56:11,2023-09-24,"9","imidacloprid","zinnia","9_imidacloprid"
"38823","571",10,"001f543e49e4",2023-09-22 09:25:16,2023-09-22,"9","flupyradifurone","zinnia","9_flupyradifurone"
"38824","561",6,"001f543e49e4",2023-09-22 14:39:26,2023-09-22,"9","flupyradifurone","zinnia","9_flupyradifurone"
"38825","553",25,"001f543e49e4",2023-09-22 18:36:46,2023-09-22,"9","control","zinnia","9_control"
"38826","553",3,"001f543e49e4",2023-09-22 18:37:18,2023-09-22,"9","control","zinnia","9_control"
"38827","553",1,"001f543e49e4",2023-09-22 18:37:42,2023-09-22,"9","control","zinnia","9_control"
"38829","553",1,"001f543e49e4",2023-09-22 18:38:12,2023-09-22,"9","control","zinnia","9_control"
"38831","545",76,"001f543e49e4",2023-09-23 14:50:00,2023-09-23,"9","control","zinnia","9_control"
"38832","545",79,"001f543e49e4",2023-09-23 14:50:29,2023-09-23,"9","control","zinnia","9_control"
"38833","545",12,"001f543e49e4",2023-09-23 14:50:51,2023-09-23,"9","control","zinnia","9_control"
"38834","545",12,"001f543e49e4",2023-09-23 14:51:47,2023-09-23,"9","control","zinnia","9_control"
"38835","545",34,"001f543e49e4",2023-09-23 15:41:18,2023-09-23,"9","control","zinnia","9_control"
"38838","545",101,"001f543e49e4",2023-09-23 16:24:41,2023-09-23,"9","control","zinnia","9_control"
"38839","545",23,"001f543e49e4",2023-09-23 16:37:56,2023-09-23,"9","control","zinnia","9_control"
"38842","545",29,"001f543e49e4",2023-09-23 16:54:16,2023-09-23,"9","control","zinnia","9_control"
"38847","526",93,"001f543e49e4",2023-09-24 14:31:55,2023-09-24,"9","imidacloprid","zinnia","9_imidacloprid"
"38848","526",105,"001f543e49e4",2023-09-24 14:32:23,2023-09-24,"9","imidacloprid","zinnia","9_imidacloprid"
"38849","526",49,"001f543e49e4",2023-09-24 14:32:46,2023-09-24,"9","imidacloprid","zinnia","9_imidacloprid"
"38852","526",72,"001f543e49e4",2023-09-24 14:33:08,2023-09-24,"9","imidacloprid","zinnia","9_imidacloprid"
"38853","526",75,"001f543e49e4",2023-09-24 14:33:28,2023-09-24,"9","imidacloprid","zinnia","9_imidacloprid"
"38855","526",105,"001f543e49e4",2023-09-24 14:33:53,2023-09-24,"9","imidacloprid","zinnia","9_imidacloprid"
"38857","526",58,"001f543e49e4",2023-09-24 14:34:17,2023-09-24,"9","imidacloprid","zinnia","9_imidacloprid"
"38858","526",58,"001f543e49e4",2023-09-24 14:34:38,2023-09-24,"9","imidacloprid","zinnia","9_imidacloprid"
"38862","526",92,"001f543e49e4",2023-09-24 16:57:50,2023-09-24,"9","imidacloprid","zinnia","9_imidacloprid"
"38863","526",93,"001f543e49e4",2023-09-24 16:58:16,2023-09-24,"9","imidacloprid","zinnia","9_imidacloprid"
"38865","526",65,"001f543e49e4",2023-09-24 16:58:45,2023-09-24,"9","imidacloprid","zinnia","9_imidacloprid"
"38866","532",20,"001f543e49e4",2023-09-24 17:24:00,2023-09-24,"9","imidacloprid","zinnia","9_imidacloprid"
"38884","547",2,"001f543e3c1f",2023-09-23 11:45:03,2023-09-23,"9","control","cucumber","9_control"
"38886","544",1,"001f543e3c1f",2023-09-23 12:17:24,2023-09-23,"9","control","cucumber","9_control"
"38890","544",2,"001f543e3c1f",2023-09-23 12:24:14,2023-09-23,"9","control","cucumber","9_control"
"38892","547",1,"001f543e3c1f",2023-09-23 12:25:20,2023-09-23,"9","control","cucumber","9_control"
"38894","544",1,"001f543e3c1f",2023-09-23 12:29:23,2023-09-23,"9","control","cucumber","9_control"
"38901","549",2,"001f543e3c1f",2023-09-23 13:43:11,2023-09-23,"9","control","cucumber","9_control"
"38906","542",3,"001f543e3c1f",2023-09-23 14:38:17,2023-09-23,"9","control","cucumber","9_control"
"38908","542",3,"001f543e3c1f",2023-09-23 14:59:39,2023-09-23,"9","control","cucumber","9_control"
"38909","542",1,"001f543e3c1f",2023-09-23 14:59:51,2023-09-23,"9","control","cucumber","9_control"
"38911","542",6,"001f543e3c1f",2023-09-23 16:23:51,2023-09-23,"9","control","cucumber","9_control"
"38912","542",7,"001f543e3c1f",2023-09-23 16:24:15,2023-09-23,"9","control","cucumber","9_control"
"39028","521",18,"001f543e3c1f",2023-09-24 11:47:34,2023-09-24,"9","imidacloprid","cucumber","9_imidacloprid"
"39047","521",16,"001f543e3c1f",2023-09-24 12:56:22,2023-09-24,"9","imidacloprid","cucumber","9_imidacloprid"
"39056","538",21,"001f543e3c1f",2023-09-24 14:24:22,2023-09-24,"9","imidacloprid","cucumber","9_imidacloprid"
"39073","532",4,"001f543e3c1f",2023-09-24 16:38:57,2023-09-24,"9","imidacloprid","cucumber","9_imidacloprid"
"39084","574",1,"001f543e44c5",2023-09-22 14:00:38,2023-09-22,"9","flupyradifurone","zinnia","9_flupyradifurone"
"39111","542",4,"001f543e44c5",2023-09-22 15:13:10,2023-09-22,"9","control","zinnia","9_control"
"39128","545",1,"001f543e44c5",2023-09-23 15:35:20,2023-09-23,"9","control","zinnia","9_control"
"39129","545",5,"001f543e44c5",2023-09-23 15:35:57,2023-09-23,"9","control","zinnia","9_control"
"39131","531",1,"001f543e44c5",2023-09-23 16:28:02,2023-09-23,"9","imidacloprid","zinnia","9_imidacloprid"
"39140","547",76,"001f543e44c5",2023-09-23 16:33:23,2023-09-23,"9","control","zinnia","9_control"
"39142","547",3,"001f543e44c5",2023-09-23 16:34:02,2023-09-23,"9","control","zinnia","9_control"
"39143","525",1,"001f543e44c5",2023-09-23 16:34:16,2023-09-23,"9","imidacloprid","zinnia","9_imidacloprid"
"39144","547",91,"001f543e44c5",2023-09-23 16:34:16,2023-09-23,"9","control","zinnia","9_control"
"39145","547",27,"001f543e44c5",2023-09-23 16:34:39,2023-09-23,"9","control","zinnia","9_control"
"39147","547",33,"001f543e44c5",2023-09-23 16:52:03,2023-09-23,"9","control","zinnia","9_control"
"39153","545",35,"001f543e44c5",2023-09-23 17:06:33,2023-09-23,"9","control","zinnia","9_control"
"39154","527",1,"001f543e44c5",2023-09-24 11:54:49,2023-09-24,"9","imidacloprid","zinnia","9_imidacloprid"
"39156","535",66,"001f543e44c5",2023-09-24 13:29:50,2023-09-24,"9","imidacloprid","zinnia","9_imidacloprid"
"39158","535",8,"001f543e44c5",2023-09-24 13:30:10,2023-09-24,"9","imidacloprid","zinnia","9_imidacloprid"
"39205","545",10,"001f54431a61",2023-09-23 14:15:00,2023-09-23,"9","control","zinnia","9_control"
"39206","545",5,"001f54431a61",2023-09-23 14:15:15,2023-09-23,"9","control","zinnia","9_control"
"39207","545",2,"001f54431a61",2023-09-23 14:15:28,2023-09-23,"9","control","zinnia","9_control"
"39226","545",71,"001f54431a61",2023-09-23 15:04:31,2023-09-23,"9","control","zinnia","9_control"
"39227","545",4,"001f54431a61",2023-09-23 15:04:59,2023-09-23,"9","control","zinnia","9_control"
"39231","545",11,"001f54431a61",2023-09-23 15:24:43,2023-09-23,"9","control","zinnia","9_control"
"39232","545",6,"001f54431a61",2023-09-23 15:32:55,2023-09-23,"9","control","zinnia","9_control"
"39238","545",3,"001f54431a61",2023-09-23 15:49:09,2023-09-23,"9","control","zinnia","9_control"
"39239","545",3,"001f54431a61",2023-09-23 15:54:45,2023-09-23,"9","control","zinnia","9_control"
"39240","545",3,"001f54431a61",2023-09-23 16:12:39,2023-09-23,"9","control","zinnia","9_control"
"39241","545",9,"001f54431a61",2023-09-23 16:17:19,2023-09-23,"9","control","zinnia","9_control"
"39243","555",8,"001f54431a61",2023-09-23 16:24:49,2023-09-23,"9","control","zinnia","9_control"
"39244","545",6,"001f54431a61",2023-09-23 16:40:28,2023-09-23,"9","control","zinnia","9_control"
"39245","547",22,"001f54431a61",2023-09-23 16:46:22,2023-09-23,"9","control","zinnia","9_control"
"39246","545",4,"001f54431a61",2023-09-23 17:19:14,2023-09-23,"9","control","zinnia","9_control"
"39247","547",6,"001f54431a61",2023-09-23 17:21:45,2023-09-23,"9","control","zinnia","9_control"
"39263","526",3,"001f54431a61",2023-09-24 15:18:12,2023-09-24,"9","imidacloprid","zinnia","9_imidacloprid"
"39266","545",7,"001f543e4afd",2023-09-23 12:00:01,2023-09-23,"9","control","cucumber","9_control"
"39272","521",2,"001f54431b3d",2023-09-24 11:12:18,2023-09-24,"9","imidacloprid","cucumber","9_imidacloprid"
"39278","544",15,"001f543e42b1",2023-09-23 10:41:01,2023-09-23,"9","control","borage","9_control"
"39279","544",35,"001f543e42b1",2023-09-23 10:41:12,2023-09-23,"9","control","borage","9_control"
"39280","544",7,"001f543e42b1",2023-09-23 10:41:29,2023-09-23,"9","control","borage","9_control"
"39284","542",7,"001f543e42b1",2023-09-23 12:46:14,2023-09-23,"9","control","borage","9_control"
"39286","542",2,"001f543e42b1",2023-09-23 13:07:16,2023-09-23,"9","control","borage","9_control"
"39287","542",1,"001f543e42b1",2023-09-23 13:35:23,2023-09-23,"9","control","borage","9_control"
"39289","542",5,"001f543e42b1",2023-09-23 13:50:31,2023-09-23,"9","control","borage","9_control"
"39291","542",4,"001f543e42b1",2023-09-23 14:14:32,2023-09-23,"9","control","borage","9_control"
"39292","542",5,"001f543e42b1",2023-09-23 14:24:44,2023-09-23,"9","control","borage","9_control"
"39294","553",1,"001f543e42b1",2023-09-23 14:35:42,2023-09-23,"9","control","borage","9_control"
"39295","545",14,"001f543e42b1",2023-09-23 14:40:51,2023-09-23,"9","control","borage","9_control"
"39296","545",11,"001f543e42b1",2023-09-23 15:10:34,2023-09-23,"9","control","borage","9_control"
"39297","553",5,"001f543e42b1",2023-09-23 15:22:44,2023-09-23,"9","control","borage","9_control"
"39298","542",2,"001f543e42b1",2023-09-23 15:43:50,2023-09-23,"9","control","borage","9_control"
"39299","540",15,"001f543e42b1",2023-09-23 15:46:03,2023-09-23,"9","control","borage","9_control"
"39300","547",15,"001f543e42b1",2023-09-23 16:00:35,2023-09-23,"9","control","borage","9_control"
"39301","553",6,"001f543e42b1",2023-09-23 16:04:06,2023-09-23,"9","control","borage","9_control"
"39302","542",3,"001f543e42b1",2023-09-23 16:04:42,2023-09-23,"9","control","borage","9_control"
"39304","545",18,"001f543e42b1",2023-09-23 16:24:11,2023-09-23,"9","control","borage","9_control"
"39305","540",9,"001f543e42b1",2023-09-23 16:33:20,2023-09-23,"9","control","borage","9_control"
"39308","542",6,"001f543e42b1",2023-09-23 16:50:20,2023-09-23,"9","control","borage","9_control"
"39310","545",6,"001f543e42b1",2023-09-23 16:50:47,2023-09-23,"9","control","borage","9_control"
"39312","545",11,"001f543e42b1",2023-09-23 16:54:18,2023-09-23,"9","control","borage","9_control"
"39314","542",5,"001f543e42b1",2023-09-23 16:59:08,2023-09-23,"9","control","borage","9_control"
"39316","542",8,"001f543e42b1",2023-09-23 17:15:26,2023-09-23,"9","control","borage","9_control"
"39318","542",10,"001f543e42b1",2023-09-23 17:27:58,2023-09-23,"9","control","borage","9_control"
"39319","542",10,"001f543e42b1",2023-09-23 17:32:25,2023-09-23,"9","control","borage","9_control"
"39320","542",10,"001f543e42b1",2023-09-23 17:40:24,2023-09-23,"9","control","borage","9_control"
"39336","571",29,"001f543e37bf",2023-09-22 11:06:32,2023-09-22,"9","flupyradifurone","zinnia","9_flupyradifurone"
"39338","571",4,"001f543e37bf",2023-09-22 11:06:57,2023-09-22,"9","flupyradifurone","zinnia","9_flupyradifurone"
"39340","571",10,"001f543e37bf",2023-09-22 11:07:13,2023-09-22,"9","flupyradifurone","zinnia","9_flupyradifurone"
"39350","555",16,"001f543e37bf",2023-09-23 15:48:20,2023-09-23,"9","control","zinnia","9_control"
"39352","555",8,"001f543e37bf",2023-09-23 15:48:48,2023-09-23,"9","control","zinnia","9_control"
"39353","555",19,"001f543e37bf",2023-09-23 15:50:47,2023-09-23,"9","control","zinnia","9_control"
"39354","545",2,"001f543e37bf",2023-09-23 16:23:16,2023-09-23,"9","control","zinnia","9_control"
"39356","547",1,"001f543e37bf",2023-09-23 16:40:50,2023-09-23,"9","control","zinnia","9_control"
"39358","555",11,"001f543e37bf",2023-09-23 16:44:50,2023-09-23,"9","control","zinnia","9_control"
"39361","527",5,"001f543e37bf",2023-09-24 11:36:52,2023-09-24,"9","imidacloprid","zinnia","9_imidacloprid"
"39364","553",1,"001f543e42a5",2023-09-22 18:25:42,2023-09-22,"9","control","cucumber","9_control"
"39365","540",1,"001f543e42a5",2023-09-23 16:44:35,2023-09-23,"9","control","cucumber","9_control"
"39366","542",1,"001f543e42a5",2023-09-23 17:50:36,2023-09-23,"9","control","cucumber","9_control"
"39371","545",38,"001f543e4335",2023-09-23 15:09:20,2023-09-23,"9","control","zinnia","9_control"
"39372","545",14,"001f543e4335",2023-09-23 15:26:06,2023-09-23,"9","control","zinnia","9_control"
"39373","545",7,"001f543e4335",2023-09-23 15:55:58,2023-09-23,"9","control","zinnia","9_control"
"39374","545",13,"001f543e4335",2023-09-23 16:24:53,2023-09-23,"9","control","zinnia","9_control"
"39376","545",6,"001f543e4335",2023-09-23 16:40:56,2023-09-23,"9","control","zinnia","9_control"
"39378","545",19,"001f543e4335",2023-09-23 16:50:09,2023-09-23,"9","control","zinnia","9_control"
"39381","545",6,"001f543e4335",2023-09-23 17:01:31,2023-09-23,"9","control","zinnia","9_control"
"39383","545",11,"001f543e4335",2023-09-23 17:10:36,2023-09-23,"9","control","zinnia","9_control"
"39384","542",1,"001f543e4335",2023-09-23 17:31:57,2023-09-23,"9","control","zinnia","9_control"
"39385","547",98,"001f543e4335",2023-09-23 17:31:57,2023-09-23,"9","control","zinnia","9_control"
"39417","525",1,"001f543e4335",2023-09-24 07:36:42,2023-09-24,"9","imidacloprid","zinnia","9_imidacloprid"
"39499","542",1,"001f543cd39b",2023-09-22 18:21:47,2023-09-22,"9","control","borage","9_control"
"39564","521",1,"001f543cd39b",2023-09-23 12:45:34,2023-09-23,"9","imidacloprid","borage","9_imidacloprid"
"39568","542",2,"001f543cd39b",2023-09-23 17:41:41,2023-09-23,"9","control","borage","9_control"
"39570","544",33,"001f543e44c0",2023-09-23 10:06:40,2023-09-23,"9","control","cucumber","9_control"
"39571","544",11,"001f543e44c0",2023-09-23 10:07:03,2023-09-23,"9","control","cucumber","9_control"
"39576","545",2,"001f543e4a87",2023-09-23 17:19:23,2023-09-23,"9","control","borage","9_control"
"39591","571",6,"001f543e44cc",2023-09-22 16:15:22,2023-09-22,"9","flupyradifurone","borage","9_flupyradifurone"
"39592","547",10,"001f543e44cc",2023-09-23 12:50:15,2023-09-23,"9","control","borage","9_control"
"39597","553",7,"001f543e44cc",2023-09-23 17:08:01,2023-09-23,"9","control","borage","9_control"
"39600","553",9,"001f543e44cc",2023-09-23 17:23:18,2023-09-23,"9","control","borage","9_control"
"39601","553",3,"001f543e44cc",2023-09-23 17:24:40,2023-09-23,"9","control","borage","9_control"
"39602","553",2,"001f543e44cc",2023-09-23 17:38:29,2023-09-23,"9","control","borage","9_control"
"39604","527",25,"001f543e44cc",2023-09-24 11:35:11,2023-09-24,"9","imidacloprid","borage","9_imidacloprid"
"39607","521",6,"001f543e44cc",2023-09-24 14:33:18,2023-09-24,"9","imidacloprid","borage","9_imidacloprid"
"39614","574",1,"001f54431b96",2023-09-22 10:12:46,2023-09-22,"9","flupyradifurone","cucumber","9_flupyradifurone"
"39644","540",1,"001f54431b96",2023-09-22 17:18:17,2023-09-22,"9","control","cucumber","9_control"
"39661","542",67,"001f54431b96",2023-09-23 12:27:39,2023-09-23,"9","control","cucumber","9_control"
"39662","542",15,"001f54431b96",2023-09-23 12:28:10,2023-09-23,"9","control","cucumber","9_control"
"39663","542",6,"001f54431b96",2023-09-23 12:28:52,2023-09-23,"9","control","cucumber","9_control"
"39665","545",3,"001f54431b96",2023-09-23 14:41:15,2023-09-23,"9","control","cucumber","9_control"
"39666","540",28,"001f54431b96",2023-09-23 14:51:05,2023-09-23,"9","control","cucumber","9_control"
"39667","547",8,"001f54431b96",2023-09-23 14:59:54,2023-09-23,"9","control","cucumber","9_control"
"39677","548",10,"001f54431b96",2023-09-23 16:58:11,2023-09-23,"9","control","cucumber","9_control"
"39678","548",3,"001f54431b96",2023-09-23 16:58:45,2023-09-23,"9","control","cucumber","9_control"
"39683","542",7,"001f54431b96",2023-09-23 17:15:47,2023-09-23,"9","control","cucumber","9_control"
"39695","524",1,"001f54431b96",2023-09-24 10:34:11,2023-09-24,"9","imidacloprid","cucumber","9_imidacloprid"
"39724","521",1,"001f54431b96",2023-09-24 11:47:19,2023-09-24,"9","imidacloprid","cucumber","9_imidacloprid"
"39725","526",12,"001f54431b96",2023-09-24 13:27:34,2023-09-24,"9","imidacloprid","cucumber","9_imidacloprid"
"39726","526",5,"001f54431b96",2023-09-24 13:28:10,2023-09-24,"9","imidacloprid","cucumber","9_imidacloprid"
"39727","526",2,"001f54431b96",2023-09-24 13:33:37,2023-09-24,"9","imidacloprid","cucumber","9_imidacloprid"
"39728","526",4,"001f54431b96",2023-09-24 13:34:02,2023-09-24,"9","imidacloprid","cucumber","9_imidacloprid"
"39730","535",39,"001f54431b96",2023-09-24 14:40:06,2023-09-24,"9","imidacloprid","cucumber","9_imidacloprid"
"39732","535",3,"001f54431b96",2023-09-24 14:40:32,2023-09-24,"9","imidacloprid","cucumber","9_imidacloprid"
"39766","545",8,"001f543e44e2",2023-09-23 16:25:13,2023-09-23,"9","control","borage","9_control"
"39768","542",12,"001f543e44e2",2023-09-23 16:49:40,2023-09-23,"9","control","borage","9_control"
"39769","542",3,"001f543e44e2",2023-09-23 16:58:27,2023-09-23,"9","control","borage","9_control"
"39770","542",10,"001f543e44e2",2023-09-23 17:02:49,2023-09-23,"9","control","borage","9_control"
"39771","542",5,"001f543e44e2",2023-09-23 17:08:27,2023-09-23,"9","control","borage","9_control"
"39772","542",9,"001f543e44e2",2023-09-23 17:13:49,2023-09-23,"9","control","borage","9_control"
"39773","545",14,"001f543e44e2",2023-09-23 17:15:24,2023-09-23,"9","control","borage","9_control"
"39774","547",5,"001f543e44e2",2023-09-23 17:31:06,2023-09-23,"9","control","borage","9_control"
"39776","542",7,"001f543e44e2",2023-09-23 17:33:01,2023-09-23,"9","control","borage","9_control"
"39777","542",5,"001f543e44e2",2023-09-23 17:39:10,2023-09-23,"9","control","borage","9_control"
"39778","542",9,"001f543e44e2",2023-09-23 17:45:15,2023-09-23,"9","control","borage","9_control"
