"bout.ID","x","time.num","direction","bee_ID","round","treatment","microcolony","datetime","deployed_at","day_or_night","total_deployment_time"
"1",NA,7.73168922084625,NA,283,"2","imidacloprid","2_imidacloprid",2023-08-07 17:33:37.948681,2023-08-07 17:35:01,"day",24.0833333333333
"2",NA,7.73413903078823,NA,283,"2","imidacloprid","2_imidacloprid",2023-08-07 17:37:09.61226,2023-08-07 17:35:01,"day",24.0833333333333
"3",-61.75,7.7424909578181,-1,283,"2","imidacloprid","2_imidacloprid",2023-08-07 17:49:11.218755,2023-08-07 17:35:01,"day",24.0833333333333
"1",-43.2857142857143,8.28197182695278,-1,299,"2","imidacloprid","2_imidacloprid",2023-08-08 06:46:02.365849,2023-08-07 17:35:01,"day",24.0833333333333
"1",NA,8.38582320910913,NA,286,"2","imidacloprid","2_imidacloprid",2023-08-08 09:15:35.125267,2023-08-07 17:35:01,"day",24.0833333333333
"2",-170,8.57158606396367,-1,286,"2","imidacloprid","2_imidacloprid",2023-08-08 13:43:05.035926,2023-08-07 17:35:01,"day",24.0833333333333
"3",65,8.57734955939311,1,286,"2","imidacloprid","2_imidacloprid",2023-08-08 13:51:23.001932,2023-08-07 17:35:01,"day",24.0833333333333
"4",-99,8.57936702333943,-1,286,"2","imidacloprid","2_imidacloprid",2023-08-08 13:54:17.310817,2023-08-07 17:35:01,"day",24.0833333333333
"1",-88,8.47240111855307,-1,285,"2","imidacloprid","2_imidacloprid",2023-08-08 11:20:15.456643,2023-08-07 17:35:01,"day",24.0833333333333
"2",-146,8.49273143374534,-1,285,"2","imidacloprid","2_imidacloprid",2023-08-08 11:49:31.995876,2023-08-07 17:35:01,"day",24.0833333333333
"3",144,8.52363856333825,1,285,"2","imidacloprid","2_imidacloprid",2023-08-08 12:34:02.371872,2023-08-07 17:35:01,"day",24.0833333333333
"1",-88,8.54809919286381,-1,284,"2","imidacloprid","2_imidacloprid",2023-08-08 13:09:15.770263,2023-08-07 17:35:01,"day",24.0833333333333
"2",-52,8.55273342051755,-1,284,"2","imidacloprid","2_imidacloprid",2023-08-08 13:15:56.167533,2023-08-07 17:35:01,"day",24.0833333333333
"3",-137.5,8.55522374182443,-1,284,"2","imidacloprid","2_imidacloprid",2023-08-08 13:19:31.331294,2023-08-07 17:35:01,"day",24.0833333333333
"4",9.5,8.5610455445467,1,284,"2","imidacloprid","2_imidacloprid",2023-08-08 13:27:54.335049,2023-08-07 17:35:01,"day",24.0833333333333
"1",-184,8.59767367523715,-1,292,"2","imidacloprid","2_imidacloprid",2023-08-08 14:20:39.00554,2023-08-07 17:35:01,"day",24.0833333333333
"2",-187,8.59913856256339,-1,292,"2","imidacloprid","2_imidacloprid",2023-08-08 14:22:45.571805,2023-08-07 17:35:01,"day",24.0833333333333
"3",-156,8.61422184258148,-1,292,"2","imidacloprid","2_imidacloprid",2023-08-08 14:44:28.767199,2023-08-07 17:35:01,"day",24.0833333333333
"4",-92.8,8.64752977799164,-1,292,"2","imidacloprid","2_imidacloprid",2023-08-08 15:32:26.572819,2023-08-07 17:35:01,"day",24.0833333333333
"5",-32.375,8.65029899008787,-1,292,"2","imidacloprid","2_imidacloprid",2023-08-08 15:36:25.832744,2023-08-07 17:35:01,"day",24.0833333333333
"6",-197,8.65443562229061,-1,292,"2","imidacloprid","2_imidacloprid",2023-08-08 15:42:23.237766,2023-08-07 17:35:01,"day",24.0833333333333
"7",-300.5,8.66326657583776,-1,292,"2","imidacloprid","2_imidacloprid",2023-08-08 15:55:06.232152,2023-08-07 17:35:01,"day",24.0833333333333
"1",-357,8.61277899366286,-1,295,"2","imidacloprid","2_imidacloprid",2023-08-08 14:42:24.105052,2023-08-07 17:35:01,"day",24.0833333333333
"2",-26,8.6234705049379,-1,295,"2","imidacloprid","2_imidacloprid",2023-08-08 14:57:47.851627,2023-08-07 17:35:01,"day",24.0833333333333
"1",-205,8.6378014612322,-1,298,"2","imidacloprid","2_imidacloprid",2023-08-08 15:18:26.04625,2023-08-07 17:35:01,"day",24.0833333333333
"1",126,8.71941127978725,1,291,"2","imidacloprid","2_imidacloprid",2023-08-08 17:15:57.134574,2023-08-07 17:35:01,"day",24.0833333333333
"2",-43.5,8.72900499088805,-1,291,"2","imidacloprid","2_imidacloprid",2023-08-08 17:29:46.031213,2023-08-07 17:35:01,"day",24.0833333333333
"1",57.9230769230769,8.74715456756334,1,274,"2","flupyradifurone","2_flupyradifurone",2023-08-08 17:55:54.154638,2023-08-08 17:55:01,"day",22.3333333333333
"2",-1.81081081081081,8.74805226574291,-1,274,"2","flupyradifurone","2_flupyradifurone",2023-08-08 17:57:11.71576,2023-08-08 17:55:01,"day",22.3333333333333
"3",-8.66666666666667,8.74908660214229,-1,274,"2","flupyradifurone","2_flupyradifurone",2023-08-08 17:58:41.082425,2023-08-08 17:55:01,"day",22.3333333333333
"4",3.88679245283019,8.75100974081971,1,274,"2","flupyradifurone","2_flupyradifurone",2023-08-08 18:01:27.241607,2023-08-08 17:55:01,"day",22.3333333333333
"5",-63.8571428571429,8.75398240862897,-1,274,"2","flupyradifurone","2_flupyradifurone",2023-08-08 18:05:44.080106,2023-08-08 17:55:01,"day",22.3333333333333
"6",341,9.49783203396394,1,274,"2","flupyradifurone","2_flupyradifurone",2023-08-09 11:56:52.687735,2023-08-08 17:55:01,"day",22.3333333333333
"1",60.5,8.74736551471085,1,264,"2","flupyradifurone","2_flupyradifurone",2023-08-08 17:56:12.380471,2023-08-08 17:55:01,"day",22.3333333333333
"2",-21.2222222222222,8.75034292739161,-1,264,"2","flupyradifurone","2_flupyradifurone",2023-08-08 18:00:29.628927,2023-08-08 17:55:01,"day",22.3333333333333
"3",370,8.78353194733875,1,264,"2","flupyradifurone","2_flupyradifurone",2023-08-08 18:48:17.16025,2023-08-08 17:55:01,"day",22.3333333333333
"4",49.3333333333333,8.81529682623291,1,264,"2","flupyradifurone","2_flupyradifurone",2023-08-08 19:34:01.645787,2023-08-08 17:55:01,"day",22.3333333333333
"5",178.5,9.02771338440036,1,264,"2","flupyradifurone","2_flupyradifurone",2023-08-09 00:39:54.436412,2023-08-08 17:55:01,"day",22.3333333333333
"6",20.7142857142857,9.24120049360691,1,264,"2","flupyradifurone","2_flupyradifurone",2023-08-09 05:47:19.722648,2023-08-08 17:55:01,"day",22.3333333333333
"7",20.3,9.40950065003326,1,264,"2","flupyradifurone","2_flupyradifurone",2023-08-09 09:49:40.856163,2023-08-08 17:55:01,"day",22.3333333333333
"8",NA,9.58674603518513,NA,264,"2","flupyradifurone","2_flupyradifurone",2023-08-09 14:04:54.85744,2023-08-08 17:55:01,"day",22.3333333333333
"9",NA,9.6018610780217,NA,264,"2","flupyradifurone","2_flupyradifurone",2023-08-09 14:26:40.797141,2023-08-08 17:55:01,"day",22.3333333333333
"10",-346,9.6629958989416,-1,264,"2","flupyradifurone","2_flupyradifurone",2023-08-09 15:54:42.845669,2023-08-08 17:55:01,"day",22.3333333333333
"11",NA,9.67561572474462,NA,264,"2","flupyradifurone","2_flupyradifurone",2023-08-09 16:12:53.198618,2023-08-08 17:55:01,"day",22.3333333333333
"12",-42.5,9.67858497399749,-1,264,"2","flupyradifurone","2_flupyradifurone",2023-08-09 16:17:09.741753,2023-08-08 17:55:01,"day",22.3333333333333
"1",-265,8.74873241411223,-1,265,"2","flupyradifurone","2_flupyradifurone",2023-08-08 17:58:10.480579,2023-08-08 17:55:01,"day",22.3333333333333
"2",-11,8.75013937249021,-1,265,"2","flupyradifurone","2_flupyradifurone",2023-08-08 18:00:12.041783,2023-08-08 17:55:01,"day",22.3333333333333
"1",38.8333333333333,8.74882723849011,1,272,"2","flupyradifurone","2_flupyradifurone",2023-08-08 17:58:18.673406,2023-08-08 17:55:01,"day",22.3333333333333
"2",-6.5,8.75030436965234,-1,272,"2","flupyradifurone","2_flupyradifurone",2023-08-08 18:00:26.297538,2023-08-08 17:55:01,"day",22.3333333333333
"3",-6.71428571428571,8.87724325522436,-1,272,"2","flupyradifurone","2_flupyradifurone",2023-08-08 21:03:13.817251,2023-08-08 17:55:01,"day",22.3333333333333
"4",18.0909090909091,8.97819971055551,1,272,"2","flupyradifurone","2_flupyradifurone",2023-08-08 23:28:36.454992,2023-08-08 17:55:01,"day",22.3333333333333
"5",2.33333333333333,9.08480524995655,1,272,"2","flupyradifurone","2_flupyradifurone",2023-08-09 02:02:07.173596,2023-08-08 17:55:01,"day",22.3333333333333
"6",27.75,9.14750579499757,1,272,"2","flupyradifurone","2_flupyradifurone",2023-08-09 03:32:24.500688,2023-08-08 17:55:01,"day",22.3333333333333
"7",0.682926829268293,9.46078126576501,1,272,"2","flupyradifurone","2_flupyradifurone",2023-08-09 11:03:31.501362,2023-08-08 17:55:01,"day",22.3333333333333
"8",13.8421052631579,9.46553472319783,1,272,"2","flupyradifurone","2_flupyradifurone",2023-08-09 11:10:22.200084,2023-08-08 17:55:01,"day",22.3333333333333
"9",29.9090909090909,9.47180363855536,1,272,"2","flupyradifurone","2_flupyradifurone",2023-08-09 11:19:23.834371,2023-08-08 17:55:01,"day",22.3333333333333
"10",-660,9.48388029170257,-1,272,"2","flupyradifurone","2_flupyradifurone",2023-08-09 11:36:47.257203,2023-08-08 17:55:01,"day",22.3333333333333
"11",NA,9.67928163768517,NA,272,"2","flupyradifurone","2_flupyradifurone",2023-08-09 16:18:09.933496,2023-08-08 17:55:01,"day",22.3333333333333
"1",43,8.75144855164888,1,271,"2","flupyradifurone","2_flupyradifurone",2023-08-08 18:02:05.154862,2023-08-08 17:55:01,"day",22.3333333333333
"2",139.4,8.79232061071574,1,271,"2","flupyradifurone","2_flupyradifurone",2023-08-08 19:00:56.500766,2023-08-08 17:55:01,"day",22.3333333333333
"3",76.4,9.54298164248291,1,271,"2","flupyradifurone","2_flupyradifurone",2023-08-09 13:01:53.61391,2023-08-08 17:55:01,"day",22.3333333333333
"4",NA,9.55562401392394,NA,271,"2","flupyradifurone","2_flupyradifurone",2023-08-09 13:20:05.914803,2023-08-08 17:55:01,"day",22.3333333333333
"1",535.5,8.75322416829474,1,270,"2","flupyradifurone","2_flupyradifurone",2023-08-08 18:04:38.568141,2023-08-08 17:55:01,"day",22.3333333333333
"1",18,8.75623820152425,1,269,"2","flupyradifurone","2_flupyradifurone",2023-08-08 18:08:58.980612,2023-08-08 17:55:01,"day",22.3333333333333
"2",-453,8.77048899627762,-1,269,"2","flupyradifurone","2_flupyradifurone",2023-08-08 18:29:30.249278,2023-08-08 17:55:01,"day",22.3333333333333
"3",214,8.78069617054087,1,269,"2","flupyradifurone","2_flupyradifurone",2023-08-08 18:44:12.149135,2023-08-08 17:55:01,"day",22.3333333333333
"1",232.75,8.76167720458518,1,273,"2","flupyradifurone","2_flupyradifurone",2023-08-08 18:16:48.910476,2023-08-08 17:55:01,"day",22.3333333333333
"2",NA,8.76981115683913,NA,273,"2","flupyradifurone","2_flupyradifurone",2023-08-08 18:28:31.683951,2023-08-08 17:55:01,"day",22.3333333333333
"3",-75,8.79542184285719,-1,273,"2","flupyradifurone","2_flupyradifurone",2023-08-08 19:05:24.447223,2023-08-08 17:55:01,"day",22.3333333333333
"4",1.78947368421053,8.80021906795739,1,273,"2","flupyradifurone","2_flupyradifurone",2023-08-08 19:12:18.927472,2023-08-08 17:55:01,"day",22.3333333333333
"5",-32.1,8.80506122749161,-1,273,"2","flupyradifurone","2_flupyradifurone",2023-08-08 19:19:17.290055,2023-08-08 17:55:01,"day",22.3333333333333
"6",16,8.82578490186805,1,273,"2","flupyradifurone","2_flupyradifurone",2023-08-08 19:49:07.815521,2023-08-08 17:55:01,"day",22.3333333333333
"7",269,8.83505634690968,1,273,"2","flupyradifurone","2_flupyradifurone",2023-08-08 20:02:28.868373,2023-08-08 17:55:01,"day",22.3333333333333
"8",46.5833333333333,8.83670938907525,1,273,"2","flupyradifurone","2_flupyradifurone",2023-08-08 20:04:51.691216,2023-08-08 17:55:01,"day",22.3333333333333
"9",-2,8.8492727007948,-1,273,"2","flupyradifurone","2_flupyradifurone",2023-08-08 20:22:57.161349,2023-08-08 17:55:01,"day",22.3333333333333
"10",208.333333333333,8.85283425480403,1,273,"2","flupyradifurone","2_flupyradifurone",2023-08-08 20:28:04.879615,2023-08-08 17:55:01,"day",22.3333333333333
"11",56.8888888888889,8.85837876644455,1,273,"2","flupyradifurone","2_flupyradifurone",2023-08-08 20:36:03.925421,2023-08-08 17:55:01,"day",22.3333333333333
"12",134.5,8.86295681442192,1,273,"2","flupyradifurone","2_flupyradifurone",2023-08-08 20:42:39.468766,2023-08-08 17:55:01,"day",22.3333333333333
"13",76,8.87845002557427,1,273,"2","flupyradifurone","2_flupyradifurone",2023-08-08 21:04:58.08221,2023-08-08 17:55:01,"day",22.3333333333333
"14",-4.33333333333333,9.47656412311147,-1,273,"2","flupyradifurone","2_flupyradifurone",2023-08-09 11:26:15.140237,2023-08-08 17:55:01,"day",22.3333333333333
"15",NA,9.50572069735991,NA,273,"2","flupyradifurone","2_flupyradifurone",2023-08-09 12:08:14.268252,2023-08-08 17:55:01,"day",22.3333333333333
"16",98,9.53952833574035,1,273,"2","flupyradifurone","2_flupyradifurone",2023-08-09 12:56:55.248208,2023-08-08 17:55:01,"day",22.3333333333333
"17",NA,9.55958371290454,NA,273,"2","flupyradifurone","2_flupyradifurone",2023-08-09 13:25:48.032795,2023-08-08 17:55:01,"day",22.3333333333333
"18",91.5,9.67916962168927,1,273,"2","flupyradifurone","2_flupyradifurone",2023-08-09 16:18:00.255314,2023-08-08 17:55:01,"day",22.3333333333333
"1",99,8.7761008389168,1,277,"2","flupyradifurone","2_flupyradifurone",2023-08-08 18:37:35.112482,2023-08-08 17:55:01,"day",22.3333333333333
"2",187.5,8.77894189548989,1,277,"2","flupyradifurone","2_flupyradifurone",2023-08-08 18:41:40.57977,2023-08-08 17:55:01,"day",22.3333333333333
"3",-68.2,8.8837806976306,-1,277,"2","flupyradifurone","2_flupyradifurone",2023-08-08 21:12:38.652275,2023-08-08 17:55:01,"day",22.3333333333333
"4",53.4,9.09347509449601,1,277,"2","flupyradifurone","2_flupyradifurone",2023-08-09 02:14:36.248164,2023-08-08 17:55:01,"day",22.3333333333333
"5",82.6,9.1631461798671,1,277,"2","flupyradifurone","2_flupyradifurone",2023-08-09 03:54:55.829941,2023-08-08 17:55:01,"day",22.3333333333333
"6",NA,9.238377748714,NA,277,"2","flupyradifurone","2_flupyradifurone",2023-08-09 05:43:15.837489,2023-08-08 17:55:01,"day",22.3333333333333
"7",107.333333333333,9.50261904479798,1,277,"2","flupyradifurone","2_flupyradifurone",2023-08-09 12:03:46.28547,2023-08-08 17:55:01,"day",22.3333333333333
"8",-22.875,9.50466910423964,-1,277,"2","flupyradifurone","2_flupyradifurone",2023-08-09 12:06:43.410606,2023-08-08 17:55:01,"day",22.3333333333333
"9",89.4,9.52580854651603,1,277,"2","flupyradifurone","2_flupyradifurone",2023-08-09 12:37:09.858419,2023-08-08 17:55:01,"day",22.3333333333333
"10",35.1428571428571,9.57406445149884,1,277,"2","flupyradifurone","2_flupyradifurone",2023-08-09 13:46:39.16861,2023-08-08 17:55:01,"day",22.3333333333333
"1",108.333333333333,8.78096383072919,1,279,"2","flupyradifurone","2_flupyradifurone",2023-08-08 18:44:35.274975,2023-08-08 17:55:01,"day",22.3333333333333
"2",48.25,9.55059431597922,1,279,"2","flupyradifurone","2_flupyradifurone",2023-08-09 13:12:51.348901,2023-08-08 17:55:01,"day",22.3333333333333
"3",-425,9.60616634327596,-1,279,"2","flupyradifurone","2_flupyradifurone",2023-08-09 14:32:52.772059,2023-08-08 17:55:01,"day",22.3333333333333
"1",21.2173913043478,8.81242776573984,1,275,"2","flupyradifurone","2_flupyradifurone",2023-08-08 19:29:53.75896,2023-08-08 17:55:01,"day",22.3333333333333
"2",4.23636363636364,8.81353467948927,1,275,"2","flupyradifurone","2_flupyradifurone",2023-08-08 19:31:29.396308,2023-08-08 17:55:01,"day",22.3333333333333
"3",-723,8.81498998329319,-1,275,"2","flupyradifurone","2_flupyradifurone",2023-08-08 19:33:35.134557,2023-08-08 17:55:01,"day",22.3333333333333
"4",11.0666666666667,8.81972178747688,1,275,"2","flupyradifurone","2_flupyradifurone",2023-08-08 19:40:23.962438,2023-08-08 17:55:01,"day",22.3333333333333
"5",5.6,9.49361681663378,1,275,"2","flupyradifurone","2_flupyradifurone",2023-08-09 11:50:48.492957,2023-08-08 17:55:01,"day",22.3333333333333
"6",-6.84375,9.5185570366505,-1,275,"2","flupyradifurone","2_flupyradifurone",2023-08-09 12:26:43.327967,2023-08-08 17:55:01,"day",22.3333333333333
"7",-17,9.51992419459999,-1,275,"2","flupyradifurone","2_flupyradifurone",2023-08-09 12:28:41.450413,2023-08-08 17:55:01,"day",22.3333333333333
"8",90.4545454545455,9.56603606815461,1,275,"2","flupyradifurone","2_flupyradifurone",2023-08-09 13:35:05.516289,2023-08-08 17:55:01,"day",22.3333333333333
"9",2.86206896551724,9.56796170186573,1,275,"2","flupyradifurone","2_flupyradifurone",2023-08-09 13:37:51.891041,2023-08-08 17:55:01,"day",22.3333333333333
"10",-39.0769230769231,9.57056138846057,-1,275,"2","flupyradifurone","2_flupyradifurone",2023-08-09 13:41:36.503963,2023-08-08 17:55:01,"day",22.3333333333333
"11",178.5,9.67925800713235,1,275,"2","flupyradifurone","2_flupyradifurone",2023-08-09 16:18:07.891816,2023-08-08 17:55:01,"day",22.3333333333333
"1",29,9.42539471973649,1,261,"2","flupyradifurone","2_flupyradifurone",2023-08-09 10:12:34.103785,2023-08-08 17:55:01,"day",22.3333333333333
"1",54.8571428571429,9.50640285217997,1,276,"2","flupyradifurone","2_flupyradifurone",2023-08-09 12:09:13.206428,2023-08-08 17:55:01,"day",22.3333333333333
"1",-11,9.57889179623548,-1,268,"2","flupyradifurone","2_flupyradifurone",2023-08-09 13:53:36.251195,2023-08-08 17:55:01,"day",22.3333333333333
"2",-78.3333333333333,9.58067093195711,-1,268,"2","flupyradifurone","2_flupyradifurone",2023-08-09 13:56:09.968521,2023-08-08 17:55:01,"day",22.3333333333333
"3",-5.33333333333333,9.58205098828922,-1,268,"2","flupyradifurone","2_flupyradifurone",2023-08-09 13:58:09.205388,2023-08-08 17:55:01,"day",22.3333333333333
"4",-589,9.59197313476768,-1,268,"2","flupyradifurone","2_flupyradifurone",2023-08-09 14:12:26.478844,2023-08-08 17:55:01,"day",22.3333333333333
"5",44.8181818181818,9.66288406089017,1,268,"2","flupyradifurone","2_flupyradifurone",2023-08-09 15:54:33.182861,2023-08-08 17:55:01,"day",22.3333333333333
"6",-14.1875,9.67901561500622,-1,268,"2","flupyradifurone","2_flupyradifurone",2023-08-09 16:17:46.949136,2023-08-08 17:55:01,"day",22.3333333333333
"1",59.7142857142857,9.68582833763315,1,309,"2","control","2_control",2023-08-09 16:27:35.568372,2023-08-09 16:30:01,"day",22.1666666666667
"2",38.4285714285714,9.80875072956016,1,309,"2","control","2_control",2023-08-09 19:24:36.063034,2023-08-09 16:30:01,"day",22.1666666666667
"3",-1.58333333333333,10.0843049010575,-1,309,"2","control","2_control",2023-08-10 02:01:23.943451,2023-08-09 16:30:01,"day",22.1666666666667
"4",10.7142857142857,10.1480663343622,1,309,"2","control","2_control",2023-08-10 03:33:12.931289,2023-08-09 16:30:01,"day",22.1666666666667
"5",-3.60606060606061,10.4371690202112,-1,309,"2","control","2_control",2023-08-10 10:29:31.403346,2023-08-09 16:30:01,"day",22.1666666666667
"6",3.85,10.4381890915759,1,309,"2","control","2_control",2023-08-10 10:30:59.537512,2023-08-09 16:30:01,"day",22.1666666666667
"7",-35,10.4393244067635,-1,309,"2","control","2_control",2023-08-10 10:32:37.628744,2023-08-09 16:30:01,"day",22.1666666666667
"8",-372.5,10.4528850046637,-1,309,"2","control","2_control",2023-08-10 10:52:09.264403,2023-08-09 16:30:01,"day",22.1666666666667
"9",21.8,10.4696871993475,1,309,"2","control","2_control",2023-08-10 11:16:20.974024,2023-08-09 16:30:01,"day",22.1666666666667
"10",229.5,10.5565520641754,1,309,"2","control","2_control",2023-08-10 13:21:26.098345,2023-08-09 16:30:01,"day",22.1666666666667
"1",4,9.68651712611007,1,316,"2","control","2_control",2023-08-09 16:28:35.079696,2023-08-09 16:30:01,"day",22.1666666666667
"2",-9,9.74743903339235,-1,316,"2","control","2_control",2023-08-09 17:56:18.732485,2023-08-09 16:30:01,"day",22.1666666666667
"3",16.25,9.75099982511053,1,316,"2","control","2_control",2023-08-09 18:01:26.38489,2023-08-09 16:30:01,"day",22.1666666666667
"4",5.28571428571429,9.76013785658715,1,316,"2","control","2_control",2023-08-09 18:14:35.910809,2023-08-09 16:30:01,"day",22.1666666666667
"5",5.61538461538461,9.76245167792317,1,316,"2","control","2_control",2023-08-09 18:17:55.824973,2023-08-09 16:30:01,"day",22.1666666666667
"6",6.5,9.76806894397667,1,316,"2","control","2_control",2023-08-09 18:26:01.15676,2023-08-09 16:30:01,"day",22.1666666666667
"7",47.7142857142857,9.76938132111983,1,316,"2","control","2_control",2023-08-09 18:27:54.546145,2023-08-09 16:30:01,"day",22.1666666666667
"8",14.5652173913043,9.77251329633166,1,316,"2","control","2_control",2023-08-09 18:32:25.148803,2023-08-09 16:30:01,"day",22.1666666666667
"9",15.8571428571429,9.7740922495847,1,316,"2","control","2_control",2023-08-09 18:34:41.570364,2023-08-09 16:30:01,"day",22.1666666666667
"10",11.2222222222222,9.77577115082879,1,316,"2","control","2_control",2023-08-09 18:37:06.627432,2023-08-09 16:30:01,"day",22.1666666666667
"11",7.84210526315789,9.77957653616852,1,316,"2","control","2_control",2023-08-09 18:42:35.412725,2023-08-09 16:30:01,"day",22.1666666666667
"12",4.92857142857143,9.8617156226153,1,316,"2","control","2_control",2023-08-09 20:40:52.229794,2023-08-09 16:30:01,"day",22.1666666666667
"13",30.6363636363636,9.93279768617594,1,316,"2","control","2_control",2023-08-09 22:23:13.720086,2023-08-09 16:30:01,"day",22.1666666666667
"14",40.2222222222222,9.97843392612233,1,316,"2","control","2_control",2023-08-09 23:28:56.691217,2023-08-09 16:30:01,"day",22.1666666666667
"15",24,10.0574912526905,1,316,"2","control","2_control",2023-08-10 01:22:47.244232,2023-08-09 16:30:01,"day",22.1666666666667
"16",4.7,10.1614778196824,1,316,"2","control","2_control",2023-08-10 03:52:31.68362,2023-08-09 16:30:01,"day",22.1666666666667
"17",49.2857142857143,10.248470124614,1,316,"2","control","2_control",2023-08-10 05:57:47.818767,2023-08-09 16:30:01,"day",22.1666666666667
"18",9.5,10.2501744496684,1,316,"2","control","2_control",2023-08-10 06:00:15.072451,2023-08-09 16:30:01,"day",22.1666666666667
"19",10.75,10.5273083385417,1,316,"2","control","2_control",2023-08-10 12:39:19.44045,2023-08-09 16:30:01,"day",22.1666666666667
"20",35.6,10.5362232876656,1,316,"2","control","2_control",2023-08-10 12:52:09.692054,2023-08-09 16:30:01,"day",22.1666666666667
"21",-6.28571428571429,10.5375719401378,-1,316,"2","control","2_control",2023-08-10 12:54:06.215628,2023-08-09 16:30:01,"day",22.1666666666667
"22",11.375,10.5492972603857,1,316,"2","control","2_control",2023-08-10 13:10:59.283297,2023-08-09 16:30:01,"day",22.1666666666667
"23",-93.5,10.5530856122617,-1,316,"2","control","2_control",2023-08-10 13:16:26.5969,2023-08-09 16:30:01,"day",22.1666666666667
"24",763,10.5571500917883,1,316,"2","control","2_control",2023-08-10 13:22:17.767931,2023-08-09 16:30:01,"day",22.1666666666667
"25",1.625,10.5596348235339,1,316,"2","control","2_control",2023-08-10 13:25:52.448753,2023-08-09 16:30:01,"day",22.1666666666667
"1",15,9.68723455717753,1,315,"2","control","2_control",2023-08-09 16:29:37.06574,2023-08-09 16:30:01,"day",22.1666666666667
"2",-0.6875,9.7705457503894,-1,315,"2","control","2_control",2023-08-09 18:29:35.152834,2023-08-09 16:30:01,"day",22.1666666666667
"3",32.4,9.77301119004662,1,315,"2","control","2_control",2023-08-09 18:33:08.16682,2023-08-09 16:30:01,"day",22.1666666666667
"4",37.1818181818182,9.79625005088135,1,315,"2","control","2_control",2023-08-09 19:06:36.004396,2023-08-09 16:30:01,"day",22.1666666666667
"5",-298,9.80395288687475,-1,315,"2","control","2_control",2023-08-09 19:17:41.529426,2023-08-09 16:30:01,"day",22.1666666666667
"6",60.1666666666667,10.040889971384,1,315,"2","control","2_control",2023-08-10 00:58:52.893528,2023-08-09 16:30:01,"day",22.1666666666667
"7",57.4285714285714,10.1808317128762,1,315,"2","control","2_control",2023-08-10 04:20:23.859993,2023-08-09 16:30:01,"day",22.1666666666667
"8",33.75,10.3114548317808,1,315,"2","control","2_control",2023-08-10 07:28:29.697466,2023-08-09 16:30:01,"day",22.1666666666667
"9",52.6315789473684,10.4000079147799,1,315,"2","control","2_control",2023-08-10 09:36:00.683837,2023-08-09 16:30:01,"day",22.1666666666667
"10",NA,10.4398555632763,NA,315,"2","control","2_control",2023-08-10 10:33:23.520667,2023-08-09 16:30:01,"day",22.1666666666667
"11",169,10.5650612607796,1,315,"2","control","2_control",2023-08-10 13:33:41.292931,2023-08-09 16:30:01,"day",22.1666666666667
"1",50.6428571428571,9.69160445107722,1,308,"2","control","2_control",2023-08-09 16:35:54.624573,2023-08-09 16:30:01,"day",22.1666666666667
"2",-134.6,9.69397495074634,-1,308,"2","control","2_control",2023-08-09 16:39:19.435745,2023-08-09 16:30:01,"day",22.1666666666667
"3",183.5,9.81371219452333,1,308,"2","control","2_control",2023-08-09 19:31:44.733607,2023-08-09 16:30:01,"day",22.1666666666667
"4",25,9.89760032765659,1,308,"2","control","2_control",2023-08-09 21:32:32.668309,2023-08-09 16:30:01,"day",22.1666666666667
"5",-7.6,9.96693621883698,-1,308,"2","control","2_control",2023-08-09 23:12:23.289308,2023-08-09 16:30:01,"day",22.1666666666667
"6",-33.5,10.0382866838015,-1,308,"2","control","2_control",2023-08-10 00:55:07.969481,2023-08-09 16:30:01,"day",22.1666666666667
"7",28.5,10.0657099960356,1,308,"2","control","2_control",2023-08-10 01:34:37.343657,2023-08-09 16:30:01,"day",22.1666666666667
"8",50.1428571428571,10.1281303283403,1,308,"2","control","2_control",2023-08-10 03:04:30.460369,2023-08-09 16:30:01,"day",22.1666666666667
"9",-18.25,10.180132175296,-1,308,"2","control","2_control",2023-08-10 04:19:23.419945,2023-08-09 16:30:01,"day",22.1666666666667
"10",12.8333333333333,10.2484582428208,1,308,"2","control","2_control",2023-08-10 05:57:46.79218,2023-08-09 16:30:01,"day",22.1666666666667
"11",137,10.3247238958949,1,308,"2","control","2_control",2023-08-10 07:47:36.144605,2023-08-09 16:30:01,"day",22.1666666666667
"12",15,10.4352713004534,1,308,"2","control","2_control",2023-08-10 10:26:47.440359,2023-08-09 16:30:01,"day",22.1666666666667
"13",19.2727272727273,10.4375298832465,1,308,"2","control","2_control",2023-08-10 10:30:02.581913,2023-08-09 16:30:01,"day",22.1666666666667
"14",21.8,10.4410421933445,1,308,"2","control","2_control",2023-08-10 10:35:06.045505,2023-08-09 16:30:01,"day",22.1666666666667
"15",18.5,10.5500542665955,1,308,"2","control","2_control",2023-08-10 13:12:04.688634,2023-08-09 16:30:01,"day",22.1666666666667
"16",12.125,10.5546435425228,1,308,"2","control","2_control",2023-08-10 13:18:41.202074,2023-08-09 16:30:01,"day",22.1666666666667
"17",-24.3333333333333,10.5624420842018,-1,308,"2","control","2_control",2023-08-10 13:29:54.996075,2023-08-09 16:30:01,"day",22.1666666666667
"18",11.4615384615385,10.5650018564951,1,308,"2","control","2_control",2023-08-10 13:33:36.160401,2023-08-09 16:30:01,"day",22.1666666666667
"19",39,10.5698174167452,1,308,"2","control","2_control",2023-08-10 13:40:32.224807,2023-08-09 16:30:01,"day",22.1666666666667
"20",19,10.5740698809553,1,308,"2","control","2_control",2023-08-10 13:46:39.637715,2023-08-09 16:30:01,"day",22.1666666666667
"21",25.5714285714286,10.5759014783331,1,308,"2","control","2_control",2023-08-10 13:49:17.887728,2023-08-09 16:30:01,"day",22.1666666666667
"22",-54.6666666666667,10.5785672794041,-1,308,"2","control","2_control",2023-08-10 13:53:08.21294,2023-08-09 16:30:01,"day",22.1666666666667
"23",-30,10.5819121444329,-1,308,"2","control","2_control",2023-08-10 13:57:57.209279,2023-08-09 16:30:01,"day",22.1666666666667
"1",141.714285714286,9.69143094662335,1,301,"2","control","2_control",2023-08-09 16:35:39.633788,2023-08-09 16:30:01,"day",22.1666666666667
"1",-37.6666666666667,9.69245305079898,-1,313,"2","control","2_control",2023-08-09 16:37:07.943589,2023-08-09 16:30:01,"day",22.1666666666667
"2",NA,9.69431286200329,NA,313,"2","control","2_control",2023-08-09 16:39:48.631277,2023-08-09 16:30:01,"day",22.1666666666667
"3",-74.5,9.81141230828692,-1,313,"2","control","2_control",2023-08-09 19:28:26.023436,2023-08-09 16:30:01,"day",22.1666666666667
"4",-25.6666666666667,9.82277259506403,-1,313,"2","control","2_control",2023-08-09 19:44:47.552213,2023-08-09 16:30:01,"day",22.1666666666667
"5",-160,9.92045743603949,-1,313,"2","control","2_control",2023-08-09 22:05:27.522474,2023-08-09 16:30:01,"day",22.1666666666667
"6",-165.666666666667,10.1723713486573,-1,313,"2","control","2_control",2023-08-10 04:08:12.884524,2023-08-09 16:30:01,"day",22.1666666666667
"7",-106,10.2372109793642,-1,313,"2","control","2_control",2023-08-10 05:41:35.028617,2023-08-09 16:30:01,"day",22.1666666666667
"1",11.5714285714286,9.70302143296744,1,312,"2","control","2_control",2023-08-09 16:52:21.051808,2023-08-09 16:30:01,"day",22.1666666666667
"2",-1.875,9.70545033984316,-1,312,"2","control","2_control",2023-08-09 16:55:50.909363,2023-08-09 16:30:01,"day",22.1666666666667
"3",25.4545454545455,9.71535498046213,1,312,"2","control","2_control",2023-08-09 17:10:06.670312,2023-08-09 16:30:01,"day",22.1666666666667
"4",-99.625,10.4297329140617,-1,312,"2","control","2_control",2023-08-10 10:18:48.923775,2023-08-09 16:30:01,"day",22.1666666666667
"5",121.5,10.5236702360102,1,312,"2","control","2_control",2023-08-10 12:34:05.108391,2023-08-09 16:30:01,"day",22.1666666666667
"6",-348.5,10.55483285723,-1,312,"2","control","2_control",2023-08-10 13:18:57.558865,2023-08-09 16:30:01,"day",22.1666666666667
"7",233.75,10.5609174171664,1,312,"2","control","2_control",2023-08-10 13:27:43.264843,2023-08-09 16:30:01,"day",22.1666666666667
"8",-273.333333333333,10.5751630737005,-1,312,"2","control","2_control",2023-08-10 13:48:14.089568,2023-08-09 16:30:01,"day",22.1666666666667
"9",198.4,10.5800062251969,1,312,"2","control","2_control",2023-08-10 13:55:12.537857,2023-08-09 16:30:01,"day",22.1666666666667
"1",53.1764705882353,9.71984574683333,1,319,"2","control","2_control",2023-08-09 17:16:34.672526,2023-08-09 16:30:01,"day",22.1666666666667
"2",-154.666666666667,9.72211863751134,-1,319,"2","control","2_control",2023-08-09 17:19:51.050281,2023-08-09 16:30:01,"day",22.1666666666667
"3",46.1666666666667,9.72510295098755,1,319,"2","control","2_control",2023-08-09 17:24:08.894965,2023-08-09 16:30:01,"day",22.1666666666667
"4",-363.5,9.72872282553602,-1,319,"2","control","2_control",2023-08-09 17:29:21.652126,2023-08-09 16:30:01,"day",22.1666666666667
"5",18.6666666666667,9.73194348593065,1,319,"2","control","2_control",2023-08-09 17:33:59.917184,2023-08-09 16:30:01,"day",22.1666666666667
"6",7.2258064516129,9.73371291894293,1,319,"2","control","2_control",2023-08-09 17:36:32.796197,2023-08-09 16:30:01,"day",22.1666666666667
"7",61.6666666666667,9.73525762075003,1,319,"2","control","2_control",2023-08-09 17:38:46.258433,2023-08-09 16:30:01,"day",22.1666666666667
"8",-380.5,9.73696727045524,-1,319,"2","control","2_control",2023-08-09 17:41:13.972167,2023-08-09 16:30:01,"day",22.1666666666667
"9",23.4285714285714,9.73988197278645,1,319,"2","control","2_control",2023-08-09 17:45:25.802449,2023-08-09 16:30:01,"day",22.1666666666667
"10",49.1428571428571,9.86590412337367,1,319,"2","control","2_control",2023-08-09 20:46:54.11626,2023-08-09 16:30:01,"day",22.1666666666667
"11",5.625,9.9809865136046,1,319,"2","control","2_control",2023-08-09 23:32:37.234776,2023-08-09 16:30:01,"day",22.1666666666667
"12",12.3125,10.0481689823711,1,319,"2","control","2_control",2023-08-10 01:09:21.800077,2023-08-09 16:30:01,"day",22.1666666666667
"13",-5.41666666666667,10.0607909538068,-1,319,"2","control","2_control",2023-08-10 01:27:32.338409,2023-08-09 16:30:01,"day",22.1666666666667
"14",38.5,10.1349326065908,1,319,"2","control","2_control",2023-08-10 03:14:18.177209,2023-08-09 16:30:01,"day",22.1666666666667
"15",14.7272727272727,10.1921980189544,1,319,"2","control","2_control",2023-08-10 04:36:45.908838,2023-08-09 16:30:01,"day",22.1666666666667
"16",17.4285714285714,10.455906672526,1,319,"2","control","2_control",2023-08-10 10:56:30.336506,2023-08-09 16:30:01,"day",22.1666666666667
"17",-16,10.4569997668866,-1,319,"2","control","2_control",2023-08-10 10:58:04.779859,2023-08-09 16:30:01,"day",22.1666666666667
"18",8.26086956521739,10.5494550469423,1,319,"2","control","2_control",2023-08-10 13:11:12.916056,2023-08-09 16:30:01,"day",22.1666666666667
"19",-9.25,10.5504445388723,-1,319,"2","control","2_control",2023-08-10 13:12:38.408159,2023-08-09 16:30:01,"day",22.1666666666667
"1",3.66666666666667,9.76929398924309,1,314,"2","control","2_control",2023-08-09 18:27:47.000671,2023-08-09 16:30:01,"night",22.1666666666667
"2",-6.375,9.84572838294054,-1,314,"2","control","2_control",2023-08-09 20:17:50.932286,2023-08-09 16:30:01,"night",22.1666666666667
"3",-9.54545454545454,9.92799485362192,-1,314,"2","control","2_control",2023-08-09 22:16:18.755353,2023-08-09 16:30:01,"night",22.1666666666667
"4",-1.34285714285714,9.9991797016919,-1,314,"2","control","2_control",2023-08-09 23:58:49.126226,2023-08-09 16:30:01,"night",22.1666666666667
"5",7,10.5955173274925,1,314,"2","control","2_control",2023-08-10 14:17:32.697095,2023-08-09 16:30:01,"night",22.1666666666667
"1",NA,9.78475440852896,NA,304,"2","control","2_control",2023-08-09 18:50:02.780897,2023-08-09 16:30:01,"day",22.1666666666667
"2",151.5,10.0552558581595,1,304,"2","control","2_control",2023-08-10 01:19:34.106145,2023-08-09 16:30:01,"day",22.1666666666667
"3",102,10.4080434972453,1,304,"2","control","2_control",2023-08-10 09:47:34.958162,2023-08-09 16:30:01,"day",22.1666666666667
"4",-300,10.524474822934,-1,304,"2","control","2_control",2023-08-10 12:35:14.624701,2023-08-09 16:30:01,"day",22.1666666666667
"1",11.5,9.78723072773999,1,317,"2","control","2_control",2023-08-09 18:53:36.734877,2023-08-09 16:30:01,"day",22.1666666666667
"2",14.2857142857143,9.86193410238424,1,317,"2","control","2_control",2023-08-09 20:41:11.106446,2023-08-09 16:30:01,"day",22.1666666666667
"3",54.8571428571429,9.92413606185949,1,317,"2","control","2_control",2023-08-09 22:10:45.355745,2023-08-09 16:30:01,"day",22.1666666666667
"4",3.41176470588235,9.97796879055538,1,317,"2","control","2_control",2023-08-09 23:28:16.503504,2023-08-09 16:30:01,"day",22.1666666666667
"5",106.5,10.0280817295258,1,317,"2","control","2_control",2023-08-10 00:40:26.261431,2023-08-09 16:30:01,"day",22.1666666666667
"6",-9.11111111111111,10.0298540412949,-1,317,"2","control","2_control",2023-08-10 00:42:59.389168,2023-08-09 16:30:01,"day",22.1666666666667
"7",43.7142857142857,10.1091636343635,1,317,"2","control","2_control",2023-08-10 02:37:11.738009,2023-08-09 16:30:01,"day",22.1666666666667
"8",17.7,10.1838007278387,1,317,"2","control","2_control",2023-08-10 04:24:40.382885,2023-08-09 16:30:01,"day",22.1666666666667
"9",5.5,10.2432951105276,1,317,"2","control","2_control",2023-08-10 05:50:20.69755,2023-08-09 16:30:01,"day",22.1666666666667
"10",5.08571428571429,10.4880992664275,1,317,"2","control","2_control",2023-08-10 11:42:51.776619,2023-08-09 16:30:01,"day",22.1666666666667
"11",-2.33333333333333,10.4906488688856,-1,317,"2","control","2_control",2023-08-10 11:46:32.062272,2023-08-09 16:30:01,"day",22.1666666666667
"12",-0.933333333333333,10.4960500165553,-1,317,"2","control","2_control",2023-08-10 11:54:18.72143,2023-08-09 16:30:01,"day",22.1666666666667
"13",-0.25,10.4971131422078,-1,317,"2","control","2_control",2023-08-10 11:55:50.575487,2023-08-09 16:30:01,"day",22.1666666666667
"14",28.0666666666667,10.5008470978174,1,317,"2","control","2_control",2023-08-10 12:01:13.189251,2023-08-09 16:30:01,"day",22.1666666666667
"15",66,10.5064129784607,1,317,"2","control","2_control",2023-08-10 12:09:14.081339,2023-08-09 16:30:01,"day",22.1666666666667
"16",-12.4,10.5170514282616,-1,317,"2","control","2_control",2023-08-10 12:24:33.243402,2023-08-09 16:30:01,"day",22.1666666666667
"17",26.5,10.5192828675044,1,317,"2","control","2_control",2023-08-10 12:27:46.039752,2023-08-09 16:30:01,"day",22.1666666666667
"18",41.3125,10.521214490959,1,317,"2","control","2_control",2023-08-10 12:30:32.932019,2023-08-09 16:30:01,"day",22.1666666666667
"19",NA,10.531426817256,NA,317,"2","control","2_control",2023-08-10 12:45:15.277011,2023-08-09 16:30:01,"day",22.1666666666667
"1",17,9.78885874031825,1,311,"2","control","2_control",2023-08-09 18:55:57.395164,2023-08-09 16:30:01,"day",22.1666666666667
"2",93.6,9.79037889839552,1,311,"2","control","2_control",2023-08-09 18:58:08.736821,2023-08-09 16:30:01,"day",22.1666666666667
"3",13.6923076923077,9.79326814344498,1,311,"2","control","2_control",2023-08-09 19:02:18.367594,2023-08-09 16:30:01,"day",22.1666666666667
"4",32.4444444444444,9.79472253442832,1,311,"2","control","2_control",2023-08-09 19:04:24.026975,2023-08-09 16:30:01,"day",22.1666666666667
"5",21.7142857142857,9.79643101999274,1,311,"2","control","2_control",2023-08-09 19:06:51.640127,2023-08-09 16:30:01,"day",22.1666666666667
"6",56,9.86946547572204,1,311,"2","control","2_control",2023-08-09 20:52:01.817102,2023-08-09 16:30:01,"day",22.1666666666667
"7",37.3333333333333,10.0915921701783,1,311,"2","control","2_control",2023-08-10 02:11:53.563504,2023-08-09 16:30:01,"day",22.1666666666667
"8",-29.3333333333333,10.569529086806,-1,311,"2","control","2_control",2023-08-10 13:40:07.3131,2023-08-09 16:30:01,"day",22.1666666666667
"9",-246.5,10.5710857955626,-1,311,"2","control","2_control",2023-08-10 13:42:21.812737,2023-08-09 16:30:01,"day",22.1666666666667
"10",-25.3,10.574788941957,-1,311,"2","control","2_control",2023-08-10 13:47:41.764585,2023-08-09 16:30:01,"day",22.1666666666667
"11",70.0909090909091,10.5771134089541,1,311,"2","control","2_control",2023-08-10 13:51:02.598534,2023-08-09 16:30:01,"day",22.1666666666667
"1",33.375,9.79453583704101,1,305,"2","control","2_control",2023-08-09 19:04:07.89632,2023-08-09 16:30:01,"night",22.1666666666667
"2",-5.66666666666667,10.0515358919052,-1,305,"2","control","2_control",2023-08-10 01:14:12.701061,2023-08-09 16:30:01,"night",22.1666666666667
"3",42.8888888888889,10.2178577079621,1,305,"2","control","2_control",2023-08-10 05:13:42.905968,2023-08-09 16:30:01,"night",22.1666666666667
"4",126,10.4723892685364,1,305,"2","control","2_control",2023-08-10 11:20:14.432801,2023-08-09 16:30:01,"night",22.1666666666667
"1",70.6363636363636,9.79738215662677,1,307,"2","control","2_control",2023-08-09 19:08:13.818333,2023-08-09 16:30:01,"day",22.1666666666667
"2",-325.666666666667,9.79941202233235,-1,307,"2","control","2_control",2023-08-09 19:11:09.19873,2023-08-09 16:30:01,"day",22.1666666666667
"3",-1.10526315789474,9.81084271190854,-1,307,"2","control","2_control",2023-08-09 19:27:36.810309,2023-08-09 16:30:01,"day",22.1666666666667
"4",-2.84615384615385,9.81231820337455,-1,307,"2","control","2_control",2023-08-09 19:29:44.292772,2023-08-09 16:30:01,"day",22.1666666666667
"5",2.42857142857143,10.0309327593626,1,307,"2","control","2_control",2023-08-10 00:44:32.590409,2023-08-09 16:30:01,"day",22.1666666666667
"6",5.39130434782609,10.1732058936018,1,307,"2","control","2_control",2023-08-10 04:09:24.989207,2023-08-09 16:30:01,"day",22.1666666666667
"7",3.09090909090909,10.2568157469799,1,307,"2","control","2_control",2023-08-10 06:09:48.880539,2023-08-09 16:30:01,"day",22.1666666666667
"8",-5.78947368421053,10.400176430665,-1,307,"2","control","2_control",2023-08-10 09:36:15.243609,2023-08-09 16:30:01,"day",22.1666666666667
"9",-7.16666666666667,10.4026510494686,-1,307,"2","control","2_control",2023-08-10 09:39:49.050674,2023-08-09 16:30:01,"day",22.1666666666667
"10",-55.3333333333333,10.4118265272022,-1,307,"2","control","2_control",2023-08-10 09:53:01.81195,2023-08-09 16:30:01,"day",22.1666666666667
"11",-15.25,10.417265961375,-1,307,"2","control","2_control",2023-08-10 10:00:51.779063,2023-08-09 16:30:01,"day",22.1666666666667
"12",265.333333333333,10.4202790471787,1,307,"2","control","2_control",2023-08-10 10:05:12.109676,2023-08-09 16:30:01,"day",22.1666666666667
"13",-134.571428571429,10.4263170883349,-1,307,"2","control","2_control",2023-08-10 10:13:53.796432,2023-08-09 16:30:01,"day",22.1666666666667
"14",1.22222222222222,10.4671500244044,1,307,"2","control","2_control",2023-08-10 11:12:41.762109,2023-08-09 16:30:01,"day",22.1666666666667
"15",-26.875,10.4683789701723,-1,307,"2","control","2_control",2023-08-10 11:14:27.943023,2023-08-09 16:30:01,"day",22.1666666666667
"16",0.75,10.4713037397544,1,307,"2","control","2_control",2023-08-10 11:18:40.643115,2023-08-09 16:30:01,"day",22.1666666666667
"17",NA,10.4752436105907,NA,307,"2","control","2_control",2023-08-10 11:24:21.047955,2023-08-09 16:30:01,"day",22.1666666666667
"18",22.5555555555556,10.4779193853982,1,307,"2","control","2_control",2023-08-10 11:28:12.234898,2023-08-09 16:30:01,"day",22.1666666666667
"19",-18,10.4798786869208,-1,307,"2","control","2_control",2023-08-10 11:31:01.51855,2023-08-09 16:30:01,"day",22.1666666666667
"20",12.4545454545455,10.5320053151388,1,307,"2","control","2_control",2023-08-10 12:46:05.259228,2023-08-09 16:30:01,"day",22.1666666666667
"21",11.7619047619048,10.5334236338791,1,307,"2","control","2_control",2023-08-10 12:48:07.801967,2023-08-09 16:30:01,"day",22.1666666666667
"22",-395,10.5378790833801,-1,307,"2","control","2_control",2023-08-10 12:54:32.752804,2023-08-09 16:30:01,"day",22.1666666666667
"1",-0.0714285714285714,10.0580379495014,-1,306,"2","control","2_control",2023-08-10 01:23:34.478837,2023-08-09 16:30:01,"day",22.1666666666667
"2",-0.214285714285714,10.4677550578666,-1,306,"2","control","2_control",2023-08-10 11:13:34.037,2023-08-09 16:30:01,"day",22.1666666666667
"3",97.375,10.6107124485354,1,306,"2","control","2_control",2023-08-10 14:39:25.555553,2023-08-09 16:30:01,"day",22.1666666666667
"1",21,15.66456425229,1,139,"3","control","3_control",2023-08-15 15:56:58.351398,2023-08-15 16:00:01,"day",25.25
"2",-17.1052631578947,15.6658870279649,-1,139,"3","control","3_control",2023-08-15 15:58:52.639216,2023-08-15 16:00:01,"day",25.25
"3",179.6,15.6830925243095,1,139,"3","control","3_control",2023-08-15 16:23:39.1941,2023-08-15 16:00:01,"day",25.25
"1",-12.2368421052632,15.6648672429113,-1,129,"3","control","3_control",2023-08-15 15:57:24.529788,2023-08-15 16:00:01,"day",25.25
"1",3.84615384615385,15.6651244556754,1,135,"3","control","3_control",2023-08-15 15:57:46.75297,2023-08-15 16:00:01,"day",25.25
"2",-17.25,15.667372031924,-1,135,"3","control","3_control",2023-08-15 16:01:00.943558,2023-08-15 16:00:01,"day",25.25
"1",-106.777777777778,15.6655480725848,-1,123,"3","control","3_control",2023-08-15 15:58:23.353471,2023-08-15 16:00:01,"day",25.25
"2",16.4,15.6723879008124,1,123,"3","control","3_control",2023-08-15 16:08:14.31463,2023-08-15 16:00:01,"day",25.25
"3",25.2972972972973,15.6734334980028,1,123,"3","control","3_control",2023-08-15 16:09:44.654227,2023-08-15 16:00:01,"day",25.25
"4",-30.3548387096774,15.674793998361,-1,123,"3","control","3_control",2023-08-15 16:11:42.201458,2023-08-15 16:00:01,"day",25.25
"1",4.05555555555556,15.6663572450626,1,128,"3","control","3_control",2023-08-15 15:59:33.265973,2023-08-15 16:00:01,"day",25.25
"2",90.7777777777778,15.675609033296,1,128,"3","control","3_control",2023-08-15 16:12:52.620477,2023-08-15 16:00:01,"day",25.25
"3",-3.18181818181818,15.6767412596521,-1,128,"3","control","3_control",2023-08-15 16:14:30.444834,2023-08-15 16:00:01,"day",25.25
"4",-10.7375,15.6788662603042,-1,128,"3","control","3_control",2023-08-15 16:17:34.04489,2023-08-15 16:00:01,"day",25.25
"1",25.6315789473684,15.6666645592719,1,120,"3","control","3_control",2023-08-15 15:59:59.817921,2023-08-15 16:00:01,"day",25.25
"2",-1,16.4882766388504,-1,120,"3","control","3_control",2023-08-16 11:43:07.101597,2023-08-15 16:00:01,"day",25.25
"3",-370.5,16.651747175089,-1,120,"3","control","3_control",2023-08-16 15:38:30.955928,2023-08-15 16:00:01,"day",25.25
"1",NA,15.6723670491328,NA,125,"3","control","3_control",2023-08-15 16:08:12.513045,2023-08-15 16:00:01,"day",25.25
"2",3.52941176470588,15.6756832496213,1,125,"3","control","3_control",2023-08-15 16:12:59.032767,2023-08-15 16:00:01,"day",25.25
"3",0.92,15.6821433411845,1,125,"3","control","3_control",2023-08-15 16:22:17.184678,2023-08-15 16:00:01,"day",25.25
"1",-19.7692307692308,15.6740460849735,-1,137,"3","control","3_control",2023-08-15 16:10:37.581742,2023-08-15 16:00:01,"day",25.25
"2",9.21428571428571,15.6766155979614,1,137,"3","control","3_control",2023-08-15 16:14:19.587664,2023-08-15 16:00:01,"day",25.25
"3",-1.09836065573771,15.6789905772414,-1,137,"3","control","3_control",2023-08-15 16:17:44.785874,2023-08-15 16:00:01,"day",25.25
"4",NA,16.4024722723497,NA,137,"3","control","3_control",2023-08-16 09:39:33.604331,2023-08-15 16:00:01,"day",25.25
"5",-49,16.4109444444792,-1,137,"3","control","3_control",2023-08-16 09:51:45.600003,2023-08-15 16:00:01,"day",25.25
"6",-87,16.4882190191042,-1,137,"3","control","3_control",2023-08-16 11:43:02.123251,2023-08-15 16:00:01,"day",25.25
"7",NA,16.4920334219574,NA,137,"3","control","3_control",2023-08-16 11:48:31.687657,2023-08-15 16:00:01,"day",25.25
"1",-9.92307692307692,15.6973769033984,-1,132,"3","control","3_control",2023-08-15 16:44:13.364454,2023-08-15 16:00:01,"day",25.25
"2",NA,16.4536071029526,NA,132,"3","control","3_control",2023-08-16 10:53:11.653695,2023-08-15 16:00:01,"day",25.25
"3",56,16.6517502574623,1,132,"3","control","3_control",2023-08-16 15:38:31.222245,2023-08-15 16:00:01,"day",25.25
"1",NA,16.4536071029526,NA,124,"3","control","3_control",2023-08-16 10:53:11.653695,2023-08-15 16:00:01,"day",25.25
"2",NA,16.6706105783444,NA,124,"3","control","3_control",2023-08-16 16:05:40.753969,2023-08-15 16:00:01,"day",25.25
"1",NA,16.4916788982517,NA,130,"3","control","3_control",2023-08-16 11:48:01.056809,2023-08-15 16:00:01,"day",25.25
"2",-420.5,16.4978502118597,-1,130,"3","control","3_control",2023-08-16 11:56:54.258305,2023-08-15 16:00:01,"day",25.25
"1",-23,16.4978489698608,-1,133,"3","control","3_control",2023-08-16 11:56:54.150996,2023-08-15 16:00:01,"day",25.25
"1",0,16.7341222879125,0,105,"3","imidacloprid","3_imidacloprid",2023-08-16 17:37:08.165676,2023-08-16 17:30:01,"day",22.5833333333333
"2",NA,16.7434160382742,NA,105,"3","imidacloprid","3_imidacloprid",2023-08-16 17:50:31.145707,2023-08-16 17:30:01,"day",22.5833333333333
"3",NA,16.7609887057984,NA,105,"3","imidacloprid","3_imidacloprid",2023-08-16 18:15:49.424181,2023-08-16 17:30:01,"day",22.5833333333333
"4",NA,16.7659388613894,NA,105,"3","imidacloprid","3_imidacloprid",2023-08-16 18:22:57.117624,2023-08-16 17:30:01,"day",22.5833333333333
"5",0,16.8008622615798,0,105,"3","imidacloprid","3_imidacloprid",2023-08-16 19:13:14.499401,2023-08-16 17:30:01,"day",22.5833333333333
"6",NA,16.8043812160635,NA,105,"3","imidacloprid","3_imidacloprid",2023-08-16 19:18:18.537068,2023-08-16 17:30:01,"day",22.5833333333333
"7",-0.5,16.8085718299421,-1,105,"3","imidacloprid","3_imidacloprid",2023-08-16 19:24:20.606107,2023-08-16 17:30:01,"day",22.5833333333333
"8",23.195652173913,17.3775779440115,1,105,"3","imidacloprid","3_imidacloprid",2023-08-17 09:03:42.734363,2023-08-16 17:30:01,"day",22.5833333333333
"1",12.3333333333333,17.4353828426552,1,104,"3","imidacloprid","3_imidacloprid",2023-08-17 10:26:57.077605,2023-08-16 17:30:01,"day",22.5833333333333
"2",386,17.479339530388,1,104,"3","imidacloprid","3_imidacloprid",2023-08-17 11:30:14.935426,2023-08-16 17:30:01,"day",22.5833333333333
"1",19.7333333333333,17.439771938301,1,111,"3","imidacloprid","3_imidacloprid",2023-08-17 10:33:16.295469,2023-08-16 17:30:01,"day",22.5833333333333
"2",5.57142857142857,17.4409413326734,1,111,"3","imidacloprid","3_imidacloprid",2023-08-17 10:34:57.331143,2023-08-16 17:30:01,"day",22.5833333333333
"1",-37.4,17.683466772037,-1,146,"3","flupyradifurone","3_flupyradifurone",2023-08-17 16:24:11.529104,2023-08-17 16:25:01,"day",22.25
"2",-16.3333333333333,17.8077839160357,-1,146,"3","flupyradifurone","3_flupyradifurone",2023-08-17 19:23:12.530345,2023-08-17 16:25:01,"day",22.25
"3",0.25,17.9238607629191,1,146,"3","flupyradifurone","3_flupyradifurone",2023-08-17 22:10:21.569916,2023-08-17 16:25:01,"day",22.25
"4",-3.09090909090909,17.9429529310459,-1,146,"3","flupyradifurone","3_flupyradifurone",2023-08-17 22:37:51.133242,2023-08-17 16:25:01,"day",22.25
"5",-0.923076923076923,18.480218776043,-1,146,"3","flupyradifurone","3_flupyradifurone",2023-08-18 11:31:30.90225,2023-08-17 16:25:01,"day",22.25
"6",-0.454545454545455,18.5876901589012,-1,146,"3","flupyradifurone","3_flupyradifurone",2023-08-18 14:06:16.429729,2023-08-17 16:25:01,"day",22.25
"7",10,18.5969960664337,1,146,"3","flupyradifurone","3_flupyradifurone",2023-08-18 14:19:40.46014,2023-08-17 16:25:01,"day",22.25
"8",11.2222222222222,18.6059150095905,1,146,"3","flupyradifurone","3_flupyradifurone",2023-08-18 14:32:31.056828,2023-08-17 16:25:01,"day",22.25
"1",-14.8,17.6841895226624,-1,155,"3","flupyradifurone","3_flupyradifurone",2023-08-17 16:25:13.974758,2023-08-17 16:25:01,"day",22.25
"2",6.6875,18.4734126574228,1,155,"3","flupyradifurone","3_flupyradifurone",2023-08-18 11:21:42.853601,2023-08-17 16:25:01,"day",22.25
"3",0.8,18.5817813397222,1,155,"3","flupyradifurone","3_flupyradifurone",2023-08-18 13:57:45.907752,2023-08-17 16:25:01,"day",22.25
"4",-99.75,18.5898350120303,-1,155,"3","flupyradifurone","3_flupyradifurone",2023-08-18 14:09:21.745039,2023-08-17 16:25:01,"day",22.25
"5",NA,18.6132387615382,NA,155,"3","flupyradifurone","3_flupyradifurone",2023-08-18 14:43:03.828997,2023-08-17 16:25:01,"day",22.25
"1",21.7777777777778,17.7042158840577,1,142,"3","flupyradifurone","3_flupyradifurone",2023-08-17 16:54:04.252383,2023-08-17 16:25:01,"day",22.25
"2",3.07692307692308,18.4722922976153,1,142,"3","flupyradifurone","3_flupyradifurone",2023-08-18 11:20:06.054514,2023-08-17 16:25:01,"day",22.25
"3",8.96875,18.5955709110152,1,142,"3","flupyradifurone","3_flupyradifurone",2023-08-18 14:17:37.326712,2023-08-17 16:25:01,"day",22.25
"4",296.333333333333,18.6121329519905,1,142,"3","flupyradifurone","3_flupyradifurone",2023-08-18 14:41:28.287052,2023-08-17 16:25:01,"day",22.25
"1",173,17.7084385134294,1,152,"3","flupyradifurone","3_flupyradifurone",2023-08-17 17:00:09.08756,2023-08-17 16:25:01,"day",22.25
"1",128.5,17.7433288494636,1,158,"3","flupyradifurone","3_flupyradifurone",2023-08-17 17:50:23.612594,2023-08-17 16:25:01,"day",22.25
"2",-5.7,18.4074341991617,-1,158,"3","flupyradifurone","3_flupyradifurone",2023-08-18 09:46:42.314808,2023-08-17 16:25:01,"day",22.25
"3",79.75,18.4927307209121,1,158,"3","flupyradifurone","3_flupyradifurone",2023-08-18 11:49:31.934287,2023-08-17 16:25:01,"day",22.25
"1",24.8571428571429,17.7493739146888,1,143,"3","flupyradifurone","3_flupyradifurone",2023-08-17 17:59:05.906229,2023-08-17 16:25:01,"day",22.25
"2",-3.31034482758621,18.3756993340226,-1,143,"3","flupyradifurone","3_flupyradifurone",2023-08-18 09:01:00.42246,2023-08-17 16:25:01,"day",22.25
"3",67,18.5197900603951,1,143,"3","flupyradifurone","3_flupyradifurone",2023-08-18 12:28:29.861218,2023-08-17 16:25:01,"day",22.25
"4",265,18.5331037960523,1,143,"3","flupyradifurone","3_flupyradifurone",2023-08-18 12:47:40.167979,2023-08-17 16:25:01,"day",22.25
"1",-2.17241379310345,18.3688717404244,-1,148,"3","flupyradifurone","3_flupyradifurone",2023-08-18 08:51:10.518373,2023-08-17 16:25:01,"day",22.25
"2",63.8666666666667,18.3822959227308,1,148,"3","flupyradifurone","3_flupyradifurone",2023-08-18 09:10:30.367724,2023-08-17 16:25:01,"day",22.25
"1",95,18.3891775243515,1,144,"3","flupyradifurone","3_flupyradifurone",2023-08-18 09:20:24.938104,2023-08-17 16:25:01,"day",22.25
"2",-493,18.4767607631948,-1,144,"3","flupyradifurone","3_flupyradifurone",2023-08-18 11:26:32.12994,2023-08-17 16:25:01,"day",22.25
"3",-46.25,18.6132668081158,-1,144,"3","flupyradifurone","3_flupyradifurone",2023-08-18 14:43:06.252221,2023-08-17 16:25:01,"day",22.25
"1",22.5,18.4926279532156,1,149,"3","flupyradifurone","3_flupyradifurone",2023-08-18 11:49:23.055158,2023-08-17 16:25:01,"day",22.25
"2",-16.3,18.4992578302768,-1,149,"3","flupyradifurone","3_flupyradifurone",2023-08-18 11:58:55.876536,2023-08-17 16:25:01,"day",22.25
"3",-3.64285714285714,18.5040031669795,-1,149,"3","flupyradifurone","3_flupyradifurone",2023-08-18 12:05:45.873627,2023-08-17 16:25:01,"day",22.25
"1",-15.047619047619,18.5995870271328,-1,154,"3","flupyradifurone","3_flupyradifurone",2023-08-18 14:23:24.319144,2023-08-17 16:25:01,"day",22.25
"2",86.5,18.6057182772121,1,154,"3","flupyradifurone","3_flupyradifurone",2023-08-18 14:32:14.059151,2023-08-17 16:25:01,"day",22.25
"1",1.03571428571429,25.7890009618902,1,194,"4","control","4_control",2023-08-25 18:56:09.683107,2023-08-25 17:55:01,"night",24.25
"2",-31.25,25.7902933062845,-1,194,"4","control","4_control",2023-08-25 18:58:01.341663,2023-08-25 17:55:01,"night",24.25
"3",0.54,25.8701269748006,1,194,"4","control","4_control",2023-08-25 20:52:58.970623,2023-08-25 17:55:01,"night",24.25
"4",204.5,26.5042258344088,1,194,"4","control","4_control",2023-08-26 12:06:05.112093,2023-08-25 17:55:01,"night",24.25
"1",-8.68181818181818,25.8072092648038,-1,197,"4","control","4_control",2023-08-25 19:22:22.880479,2023-08-25 17:55:01,"day",24.25
"2",20.3,25.8914798271957,1,197,"4","control","4_control",2023-08-25 21:23:43.85707,2023-08-25 17:55:01,"day",24.25
"3",-11.3333333333333,26.0022960785084,-1,197,"4","control","4_control",2023-08-26 00:03:18.381183,2023-08-25 17:55:01,"day",24.25
"4",-1.33333333333333,26.5269527417895,-1,197,"4","control","4_control",2023-08-26 12:38:48.716891,2023-08-25 17:55:01,"day",24.25
"5",11.7777777777778,26.6766419738876,1,197,"4","control","4_control",2023-08-26 16:14:21.866544,2023-08-25 17:55:01,"day",24.25
"1",20.9230769230769,25.821704880598,1,182,"4","control","4_control",2023-08-25 19:43:15.301684,2023-08-25 17:55:01,"night",24.25
"2",6.90625,25.9250140295235,1,182,"4","control","4_control",2023-08-25 22:12:01.212151,2023-08-25 17:55:01,"night",24.25
"3",6.92307692307692,26.1248996522908,1,182,"4","control","4_control",2023-08-26 02:59:51.329958,2023-08-25 17:55:01,"night",24.25
"4",-75.6363636363636,26.4846322683026,-1,182,"4","control","4_control",2023-08-26 11:37:52.227981,2023-08-25 17:55:01,"night",24.25
"5",0,26.5712692257062,0,182,"4","control","4_control",2023-08-26 13:42:37.661101,2023-08-25 17:55:01,"night",24.25
"1",-2.19512195121951,25.8245595821008,-1,192,"4","control","4_control",2023-08-25 19:47:21.947894,2023-08-25 17:55:01,"night",24.25
"2",-0.0625,25.8268706560542,-1,192,"4","control","4_control",2023-08-25 19:50:41.624683,2023-08-25 17:55:01,"night",24.25
"3",1.6,26.0425413875219,1,192,"4","control","4_control",2023-08-26 01:01:15.575882,2023-08-25 17:55:01,"night",24.25
"4",1.44897959183673,26.1655365292141,1,192,"4","control","4_control",2023-08-26 03:58:22.356124,2023-08-25 17:55:01,"night",24.25
"5",-4.29166666666667,26.1666166420897,-1,192,"4","control","4_control",2023-08-26 03:59:55.677876,2023-08-25 17:55:01,"night",24.25
"6",-5.5,26.305929019435,-1,192,"4","control","4_control",2023-08-26 07:20:32.267279,2023-08-25 17:55:01,"night",24.25
"7",0.307692307692308,26.4367949001199,1,192,"4","control","4_control",2023-08-26 10:28:59.07937,2023-08-25 17:55:01,"night",24.25
"8",-8.6,26.5377857583738,-1,192,"4","control","4_control",2023-08-26 12:54:24.689523,2023-08-25 17:55:01,"night",24.25
"9",-6.28571428571429,26.5406849005769,-1,192,"4","control","4_control",2023-08-26 12:58:35.17541,2023-08-25 17:55:01,"night",24.25
"10",8.25,26.6480763593013,1,192,"4","control","4_control",2023-08-26 15:33:13.797444,2023-08-25 17:55:01,"night",24.25
"11",-659,26.6653906153239,-1,192,"4","control","4_control",2023-08-26 15:58:09.749164,2023-08-25 17:55:01,"night",24.25
"12",364.333333333333,26.7582043437763,1,192,"4","control","4_control",2023-08-26 18:11:48.855302,2023-08-25 17:55:01,"night",24.25
"1",13.3,25.8555043024284,1,186,"4","control","4_control",2023-08-25 20:31:55.57173,2023-08-25 17:55:01,"day",24.25
"2",15.1,26.0252895896495,1,186,"4","control","4_control",2023-08-26 00:36:25.020546,2023-08-25 17:55:01,"day",24.25
"3",-0.878048780487805,26.1115457997135,-1,186,"4","control","4_control",2023-08-26 02:40:37.557095,2023-08-25 17:55:01,"day",24.25
"4",-0.75,26.3429045857357,-1,186,"4","control","4_control",2023-08-26 08:13:46.956208,2023-08-25 17:55:01,"day",24.25
"5",-2.78571428571429,26.4001034420146,-1,186,"4","control","4_control",2023-08-26 09:36:08.93739,2023-08-25 17:55:01,"day",24.25
"6",-0.666666666666667,26.4719100866737,-1,186,"4","control","4_control",2023-08-26 11:19:33.031489,2023-08-25 17:55:01,"day",24.25
"7",-0.976190476190476,26.5355027191761,-1,186,"4","control","4_control",2023-08-26 12:51:07.434937,2023-08-25 17:55:01,"day",24.25
"8",-2.33333333333333,26.5423828145102,-1,186,"4","control","4_control",2023-08-26 13:01:01.875174,2023-08-25 17:55:01,"day",24.25
"9",-4.16,26.5439552139216,-1,186,"4","control","4_control",2023-08-26 13:03:17.730483,2023-08-25 17:55:01,"day",24.25
"10",60.7058823529412,26.6945833688389,1,186,"4","control","4_control",2023-08-26 16:40:12.003068,2023-08-25 17:55:01,"day",24.25
"11",-416,26.7012030044833,-1,186,"4","control","4_control",2023-08-26 16:49:43.939587,2023-08-25 17:55:01,"day",24.25
"12",336.666666666667,26.7260317685414,1,186,"4","control","4_control",2023-08-26 17:25:29.144802,2023-08-25 17:55:01,"day",24.25
"13",-425.5,26.7306840937888,-1,186,"4","control","4_control",2023-08-26 17:32:11.105703,2023-08-25 17:55:01,"day",24.25
"14",20.1818181818182,26.7584971298861,1,186,"4","control","4_control",2023-08-26 18:12:14.152022,2023-08-25 17:55:01,"day",24.25
"1",8.625,25.8895690078873,1,188,"4","control","4_control",2023-08-25 21:20:58.762281,2023-08-25 17:55:01,"night",24.25
"2",-28.1785714285714,25.8907620912584,-1,188,"4","control","4_control",2023-08-25 21:22:41.844685,2023-08-25 17:55:01,"night",24.25
"3",-8.4,26.0199457763468,-1,188,"4","control","4_control",2023-08-26 00:28:43.315076,2023-08-25 17:55:01,"night",24.25
"4",4.72727272727273,26.6261287122069,1,188,"4","control","4_control",2023-08-26 15:01:37.520735,2023-08-25 17:55:01,"night",24.25
"5",-0.375,26.635821196301,-1,188,"4","control","4_control",2023-08-26 15:15:34.95136,2023-08-25 17:55:01,"night",24.25
"6",40.2272727272727,26.6432717336916,1,188,"4","control","4_control",2023-08-26 15:26:18.677791,2023-08-25 17:55:01,"night",24.25
"7",-338.5,26.6584887175188,-1,188,"4","control","4_control",2023-08-26 15:48:13.425194,2023-08-25 17:55:01,"night",24.25
"8",0.473684210526316,26.7002685166556,1,188,"4","control","4_control",2023-08-26 16:48:23.199839,2023-08-25 17:55:01,"night",24.25
"9",-2.78947368421053,26.7016159135065,-1,188,"4","control","4_control",2023-08-26 16:50:19.614927,2023-08-25 17:55:01,"night",24.25
"1",-7.25714285714286,25.9000311976653,-1,191,"4","control","4_control",2023-08-25 21:36:02.695478,2023-08-25 17:55:01,"day",24.25
"2",6.125,26.0379094193673,1,191,"4","control","4_control",2023-08-26 00:54:35.373833,2023-08-25 17:55:01,"day",24.25
"3",-13.0526315789474,26.2537657890146,-1,191,"4","control","4_control",2023-08-26 06:05:25.364171,2023-08-25 17:55:01,"day",24.25
"4",27.5238095238095,26.5248876143417,1,191,"4","control","4_control",2023-08-26 12:35:50.289879,2023-08-25 17:55:01,"day",24.25
"5",-25.974358974359,26.5260785750282,-1,191,"4","control","4_control",2023-08-26 12:37:33.188882,2023-08-25 17:55:01,"day",24.25
"6",-0.511627906976744,26.5331877619017,-1,191,"4","control","4_control",2023-08-26 12:47:47.422628,2023-08-25 17:55:01,"day",24.25
"7",221.25,26.6901125110929,1,191,"4","control","4_control",2023-08-26 16:33:45.720958,2023-08-25 17:55:01,"day",24.25
"8",-306.666666666667,26.7067501541751,-1,191,"4","control","4_control",2023-08-26 16:57:43.213321,2023-08-25 17:55:01,"day",24.25
"9",3.95,26.7437230629642,1,191,"4","control","4_control",2023-08-26 17:50:57.67264,2023-08-25 17:55:01,"day",24.25
"1",18.4166666666667,25.9109645166184,1,184,"4","control","4_control",2023-08-25 21:51:47.334236,2023-08-25 17:55:01,"day",24.25
"2",6.68421052631579,25.9248859068853,1,184,"4","control","4_control",2023-08-25 22:11:50.142355,2023-08-25 17:55:01,"day",24.25
"3",4.76470588235294,26.0913872942804,1,184,"4","control","4_control",2023-08-26 02:11:35.862226,2023-08-25 17:55:01,"day",24.25
"4",-2.4375,26.4226675615539,-1,184,"4","control","4_control",2023-08-26 10:08:38.477318,2023-08-25 17:55:01,"day",24.25
"5",-2.17647058823529,26.4916757740712,-1,184,"4","control","4_control",2023-08-26 11:48:00.78688,2023-08-25 17:55:01,"day",24.25
"6",41.2173913043478,26.5712344926835,1,184,"4","control","4_control",2023-08-26 13:42:34.660168,2023-08-25 17:55:01,"day",24.25
"7",-29.2413793103448,26.5727072193939,-1,184,"4","control","4_control",2023-08-26 13:44:41.903756,2023-08-25 17:55:01,"day",24.25
"8",-23,26.5758547832188,-1,184,"4","control","4_control",2023-08-26 13:49:13.85327,2023-08-25 17:55:01,"day",24.25
"9",-10.625,26.5778623712313,-1,184,"4","control","4_control",2023-08-26 13:52:07.308874,2023-08-25 17:55:01,"day",24.25
"10",145.375,26.6536683614573,1,184,"4","control","4_control",2023-08-26 15:41:16.94643,2023-08-25 17:55:01,"day",24.25
"11",-422.5,26.6624321840593,-1,184,"4","control","4_control",2023-08-26 15:53:54.140703,2023-08-25 17:55:01,"day",24.25
"12",3.56666666666667,26.7089866299519,1,184,"4","control","4_control",2023-08-26 17:00:56.444828,2023-08-25 17:55:01,"day",24.25
"1",NA,27.5084568947581,NA,211,"4","imidacloprid","4_imidacloprid",2023-08-27 12:12:10.675707,2023-08-26 18:49:28,"day",19.6
"2",-4.75,27.5477878725507,-1,211,"4","imidacloprid","4_imidacloprid",2023-08-27 13:08:48.872188,2023-08-26 18:49:28,"day",19.6
"1",4.83333333333333,27.5153693058598,1,209,"4","imidacloprid","4_imidacloprid",2023-08-27 12:22:07.908026,2023-08-26 18:49:28,"day",19.6
"2",NA,27.5484074284605,NA,209,"4","imidacloprid","4_imidacloprid",2023-08-27 13:09:42.401819,2023-08-26 18:49:28,"day",19.6
"1",898,28.4928131871063,1,177,"4","flupyradifurone","4_flupyradifurone",2023-08-28 11:49:39.059366,2023-08-27 16:30:01,"day",23.0833333333333
"2",-82.2222222222222,28.4961615804351,-1,177,"4","flupyradifurone","4_flupyradifurone",2023-08-28 11:54:28.36055,2023-08-27 16:30:01,"day",23.0833333333333
"3",-146,28.4973373653822,-1,177,"4","flupyradifurone","4_flupyradifurone",2023-08-28 11:56:09.948369,2023-08-27 16:30:01,"day",23.0833333333333
"4",NA,28.5006625337043,NA,177,"4","flupyradifurone","4_flupyradifurone",2023-08-28 12:00:57.242912,2023-08-27 16:30:01,"day",23.0833333333333
"5",NA,28.5922993633206,NA,177,"4","flupyradifurone","4_flupyradifurone",2023-08-28 14:12:54.664991,2023-08-27 16:30:01,"day",23.0833333333333
"1",NA,28.493496479955,NA,163,"4","flupyradifurone","4_flupyradifurone",2023-08-28 11:50:38.095868,2023-08-27 16:30:01,"day",23.0833333333333
"2",88.4444444444444,28.4962595708252,1,163,"4","flupyradifurone","4_flupyradifurone",2023-08-28 11:54:36.826919,2023-08-27 16:30:01,"day",23.0833333333333
"1",-1043,28.4941058274883,-1,166,"4","flupyradifurone","4_flupyradifurone",2023-08-28 11:51:30.743495,2023-08-27 16:30:01,"day",23.0833333333333
"1",NA,28.584540047847,NA,168,"4","flupyradifurone","4_flupyradifurone",2023-08-28 14:01:44.260134,2023-08-27 16:30:01,"day",23.0833333333333
"2",14.3333333333333,28.5879045355665,1,168,"4","flupyradifurone","4_flupyradifurone",2023-08-28 14:06:34.951873,2023-08-27 16:30:01,"day",23.0833333333333
"1",62.9473684210526,31.7554370849861,1,244,"5","control","5_control",2023-08-31 18:07:49.764143,2023-08-31 17:50:43,"day",0.321666666666667
"2",-0.444444444444444,31.7565695440486,-1,244,"5","control","5_control",2023-08-31 18:09:27.608606,2023-08-31 17:50:43,"day",0.321666666666667
"3",-4.62068965517241,31.7576100629326,-1,244,"5","control","5_control",2023-08-31 18:10:57.509437,2023-08-31 17:50:43,"day",0.321666666666667
"4",-189.8,31.7588113173999,-1,244,"5","control","5_control",2023-08-31 18:12:41.297823,2023-08-31 17:50:43,"day",0.321666666666667
"1",86.0833333333333,32.7196519616817,1,231,"5","imidacloprid","5_imidacloprid",2023-09-01 17:16:17.929489,2023-09-01 17:15:01,"day",23.25
"2",-18.25,32.7329500592174,-1,231,"5","imidacloprid","5_imidacloprid",2023-09-01 17:35:26.885116,2023-09-01 17:15:01,"day",23.25
"3",19.6,32.7370377108608,1,231,"5","imidacloprid","5_imidacloprid",2023-09-01 17:41:20.058218,2023-09-01 17:15:01,"day",23.25
"1",-182.8,32.7600055815684,-1,258,"5","control","5_control",2023-09-01 18:14:24.482248,2023-08-31 17:50:43,"day",0.321666666666667
"2",38.9,32.8474299676568,1,258,"5","control","5_control",2023-09-01 20:20:17.949206,2023-08-31 17:50:43,"day",0.321666666666667
"3",-2.79411764705882,32.891186955881,-1,258,"5","control","5_control",2023-09-01 21:23:18.552988,2023-08-31 17:50:43,"day",0.321666666666667
"1",360.666666666667,32.7835311965044,1,239,"5","imidacloprid","5_imidacloprid",2023-09-01 18:48:17.095378,2023-09-01 17:15:01,"day",23.25
"2",-2.22222222222222,32.7849358609432,-1,239,"5","imidacloprid","5_imidacloprid",2023-09-01 18:50:18.458385,2023-09-01 17:15:01,"day",23.25
"3",-49.4117647058824,32.7858401639289,-1,239,"5","imidacloprid","5_imidacloprid",2023-09-01 18:51:36.590163,2023-09-01 17:15:01,"day",23.25
"4",149,32.8226735014124,1,239,"5","imidacloprid","5_imidacloprid",2023-09-01 19:44:38.990522,2023-09-01 17:15:01,"day",23.25
"1",62.5,32.8356482928587,1,228,"5","imidacloprid","5_imidacloprid",2023-09-01 20:03:20.012503,2023-09-01 17:15:01,"night",23.25
"2",-20.3333333333333,32.8369510801796,-1,228,"5","imidacloprid","5_imidacloprid",2023-09-01 20:05:12.573328,2023-09-01 17:15:01,"night",23.25
"3",-154,32.8388761643462,-1,228,"5","imidacloprid","5_imidacloprid",2023-09-01 20:07:58.900599,2023-09-01 17:15:01,"night",23.25
"4",-26.625,33.6326032817722,-1,228,"5","imidacloprid","5_imidacloprid",2023-09-02 15:10:56.923545,2023-09-01 17:15:01,"night",23.25
"5",64.4,33.6413888785772,1,228,"5","imidacloprid","5_imidacloprid",2023-09-02 15:23:35.999109,2023-09-01 17:15:01,"night",23.25
"6",75.8333333333333,33.6507050540249,1,228,"5","imidacloprid","5_imidacloprid",2023-09-02 15:37:00.916668,2023-09-01 17:15:01,"night",23.25
"7",-54.6666666666667,33.6517069735949,-1,228,"5","imidacloprid","5_imidacloprid",2023-09-02 15:38:27.482519,2023-09-01 17:15:01,"night",23.25
"1",34.8,32.9696482343884,1,232,"5","imidacloprid","5_imidacloprid",2023-09-01 23:16:17.607451,2023-09-01 17:15:01,"night",23.25
"2",-25.7857142857143,32.9850049806594,-1,232,"5","imidacloprid","5_imidacloprid",2023-09-01 23:38:24.430329,2023-09-01 17:15:01,"night",23.25
"3",108.777777777778,32.9895488244036,1,232,"5","imidacloprid","5_imidacloprid",2023-09-01 23:44:57.018429,2023-09-01 17:15:01,"night",23.25
"1",16.3030303030303,33.2827738971481,1,229,"5","imidacloprid","5_imidacloprid",2023-09-02 06:47:11.664714,2023-09-01 17:15:01,"day",23.25
"1",212.2,33.3072782243347,1,226,"5","imidacloprid","5_imidacloprid",2023-09-02 07:22:28.838583,2023-09-01 17:15:01,"day",23.25
"2",-287.666666666667,33.5947196293926,-1,226,"5","imidacloprid","5_imidacloprid",2023-09-02 14:16:23.77598,2023-09-01 17:15:01,"day",23.25
"1",-201,33.3502545992589,-1,220,"5","imidacloprid","5_imidacloprid",2023-09-02 08:24:21.997376,2023-09-01 17:15:01,"day",23.25
"2",62.875,33.4298687506817,1,220,"5","imidacloprid","5_imidacloprid",2023-09-02 10:19:00.660059,2023-09-01 17:15:01,"day",23.25
"3",-218.25,33.5005868403912,-1,220,"5","imidacloprid","5_imidacloprid",2023-09-02 12:00:50.70301,2023-09-01 17:15:01,"day",23.25
"1",-7.7,33.4192226331513,-1,233,"5","imidacloprid","5_imidacloprid",2023-09-02 10:03:40.835504,2023-09-01 17:15:01,"day",23.25
"2",-4,33.4232601120909,-1,233,"5","imidacloprid","5_imidacloprid",2023-09-02 10:09:29.673685,2023-09-01 17:15:01,"day",23.25
"3",391.5,33.4274312283678,1,233,"5","imidacloprid","5_imidacloprid",2023-09-02 10:15:30.058131,2023-09-01 17:15:01,"day",23.25
"4",6.5,33.4291335914467,1,233,"5","imidacloprid","5_imidacloprid",2023-09-02 10:17:57.142301,2023-09-01 17:15:01,"day",23.25
"1",-8.64705882352941,33.4705205720366,-1,225,"5","imidacloprid","5_imidacloprid",2023-09-02 11:17:32.977424,2023-09-01 17:15:01,"day",23.25
"2",31.8214285714286,33.5264717965278,1,225,"5","imidacloprid","5_imidacloprid",2023-09-02 12:38:07.16322,2023-09-01 17:15:01,"day",23.25
"3",7.89189189189189,33.5273098165538,1,225,"5","imidacloprid","5_imidacloprid",2023-09-02 12:39:19.56815,2023-09-01 17:15:01,"day",23.25
"4",-176.5,33.5686628483473,-1,225,"5","imidacloprid","5_imidacloprid",2023-09-02 13:38:52.470097,2023-09-01 17:15:01,"day",23.25
"5",-11.5,33.661170640576,-1,225,"5","imidacloprid","5_imidacloprid",2023-09-02 15:52:05.143346,2023-09-01 17:15:01,"day",23.25
"6",42.5,33.6710508150326,1,225,"5","imidacloprid","5_imidacloprid",2023-09-02 16:06:18.790419,2023-09-01 17:15:01,"day",23.25
"1",17.6666666666667,33.487842373354,1,230,"5","imidacloprid","5_imidacloprid",2023-09-02 11:42:29.581058,2023-09-01 17:15:01,"day",23.25
"2",16.5,33.5092122160583,1,230,"5","imidacloprid","5_imidacloprid",2023-09-02 12:13:15.935467,2023-09-01 17:15:01,"day",23.25
"1",85.6,33.5601128804822,1,223,"5","imidacloprid","5_imidacloprid",2023-09-02 13:26:33.752874,2023-09-01 17:15:01,"day",23.25
"1",45.0526315789474,33.5653607729589,1,221,"5","imidacloprid","5_imidacloprid",2023-09-02 13:34:07.170784,2023-09-01 17:15:01,"day",23.25
"2",-16.2666666666667,33.5664169097518,-1,221,"5","imidacloprid","5_imidacloprid",2023-09-02 13:35:38.421003,2023-09-01 17:15:01,"day",23.25
"3",32.2058823529412,33.6127523328109,1,221,"5","imidacloprid","5_imidacloprid",2023-09-02 14:42:21.801555,2023-09-01 17:15:01,"day",23.25
"4",3.82142857142857,33.6137106263439,1,221,"5","imidacloprid","5_imidacloprid",2023-09-02 14:43:44.598116,2023-09-01 17:15:01,"day",23.25
"5",3.76744186046512,33.61479370323,1,221,"5","imidacloprid","5_imidacloprid",2023-09-02 14:45:18.175959,2023-09-01 17:15:01,"day",23.25
"1",45.5,33.5688107030127,1,227,"5","imidacloprid","5_imidacloprid",2023-09-02 13:39:05.24474,2023-09-01 17:15:01,"day",23.25
"2",5.54545454545455,33.570881769731,1,227,"5","imidacloprid","5_imidacloprid",2023-09-02 13:42:04.184905,2023-09-01 17:15:01,"day",23.25
"1",544,33.7277564923617,1,334,"5","flupyradifurone","5_flupyradifurone",2023-09-02 17:27:58.16094,2023-09-02 17:10:48,"day",21.9869444444444
"1",19.1,33.7390922719479,1,335,"5","flupyradifurone","5_flupyradifurone",2023-09-02 17:44:17.572296,2023-09-02 17:10:48,"night",21.9869444444444
"2",36,33.8756219841423,1,335,"5","flupyradifurone","5_flupyradifurone",2023-09-02 21:00:53.73943,2023-09-02 17:10:48,"night",21.9869444444444
"3",-27.44,33.8766813702548,-1,335,"5","flupyradifurone","5_flupyradifurone",2023-09-02 21:02:25.27039,2023-09-02 17:10:48,"night",21.9869444444444
"4",24.5789473684211,33.8791781673779,1,335,"5","flupyradifurone","5_flupyradifurone",2023-09-02 21:06:00.993661,2023-09-02 17:10:48,"night",21.9869444444444
"5",-335,33.8801615303746,-1,335,"5","flupyradifurone","5_flupyradifurone",2023-09-02 21:07:25.956224,2023-09-02 17:10:48,"night",21.9869444444444
"6",15,33.8974003293076,1,335,"5","flupyradifurone","5_flupyradifurone",2023-09-02 21:32:15.388452,2023-09-02 17:10:48,"night",21.9869444444444
"7",36.625,33.9891209855719,1,335,"5","flupyradifurone","5_flupyradifurone",2023-09-02 23:44:20.053154,2023-09-02 17:10:48,"night",21.9869444444444
"8",27.8125,34.0604944063501,1,335,"5","flupyradifurone","5_flupyradifurone",2023-09-03 01:27:06.716709,2023-09-02 17:10:48,"night",21.9869444444444
"9",-120.2,34.0618445115339,-1,335,"5","flupyradifurone","5_flupyradifurone",2023-09-03 01:29:03.365797,2023-09-02 17:10:48,"night",21.9869444444444
"10",23.6666666666667,34.1374500952128,1,335,"5","flupyradifurone","5_flupyradifurone",2023-09-03 03:17:55.688226,2023-09-02 17:10:48,"night",21.9869444444444
"11",127,34.199421028055,1,335,"5","flupyradifurone","5_flupyradifurone",2023-09-03 04:47:09.976824,2023-09-02 17:10:48,"night",21.9869444444444
"12",-0.125,34.2471675992711,-1,335,"5","flupyradifurone","5_flupyradifurone",2023-09-03 05:55:55.280577,2023-09-02 17:10:48,"night",21.9869444444444
"13",NA,34.4168499884147,NA,335,"5","flupyradifurone","5_flupyradifurone",2023-09-03 10:00:15.838999,2023-09-02 17:10:48,"night",21.9869444444444
"14",23.8888888888889,34.5512939834117,1,335,"5","flupyradifurone","5_flupyradifurone",2023-09-03 13:13:51.800167,2023-09-02 17:10:48,"night",21.9869444444444
"1",3.7906976744186,33.7576346296873,1,339,"5","flupyradifurone","5_flupyradifurone",2023-09-02 18:10:59.632005,2023-09-02 17:10:48,"day",21.9869444444444
"2",0.258064516129032,33.7605567082545,1,339,"5","flupyradifurone","5_flupyradifurone",2023-09-02 18:15:12.099593,2023-09-02 17:10:48,"day",21.9869444444444
"3",9.4,34.6223959917667,1,339,"5","flupyradifurone","5_flupyradifurone",2023-09-03 14:56:15.013689,2023-09-02 17:10:48,"day",21.9869444444444
"4",9.07407407407407,34.6300887271305,1,339,"5","flupyradifurone","5_flupyradifurone",2023-09-03 15:07:19.666024,2023-09-02 17:10:48,"day",21.9869444444444
"5",-18.875,34.6309948253465,-1,339,"5","flupyradifurone","5_flupyradifurone",2023-09-03 15:08:37.95291,2023-09-02 17:10:48,"day",21.9869444444444
"6",39.9166666666667,34.6316134490321,1,339,"5","flupyradifurone","5_flupyradifurone",2023-09-03 15:09:31.401996,2023-09-02 17:10:48,"day",21.9869444444444
"1",NA,33.7661447946644,NA,336,"5","flupyradifurone","5_flupyradifurone",2023-09-02 18:23:14.910259,2023-09-02 17:10:48,"day",21.9869444444444
"2",4.42857142857143,34.4588301228442,1,336,"5","flupyradifurone","5_flupyradifurone",2023-09-03 11:00:42.922614,2023-09-02 17:10:48,"day",21.9869444444444
"3",19,34.485323967092,1,336,"5","flupyradifurone","5_flupyradifurone",2023-09-03 11:38:51.990757,2023-09-02 17:10:48,"day",21.9869444444444
"4",110,34.5629581607864,1,336,"5","flupyradifurone","5_flupyradifurone",2023-09-03 13:30:39.585092,2023-09-02 17:10:48,"day",21.9869444444444
"1",65,33.7706922136226,1,330,"5","flupyradifurone","5_flupyradifurone",2023-09-02 18:29:47.807257,2023-09-02 17:10:48,"day",21.9869444444444
"2",9.52941176470588,33.7771054253458,1,330,"5","flupyradifurone","5_flupyradifurone",2023-09-02 18:39:01.90875,2023-09-02 17:10:48,"day",21.9869444444444
"3",2.58823529411765,34.1856266655898,1,330,"5","flupyradifurone","5_flupyradifurone",2023-09-03 04:27:18.143907,2023-09-02 17:10:48,"day",21.9869444444444
"4",6.38461538461539,34.1872091479875,1,330,"5","flupyradifurone","5_flupyradifurone",2023-09-03 04:29:34.870386,2023-09-02 17:10:48,"day",21.9869444444444
"5",16.6,34.2656057156018,1,330,"5","flupyradifurone","5_flupyradifurone",2023-09-03 06:22:28.333828,2023-09-02 17:10:48,"day",21.9869444444444
"6",3.18181818181818,34.5740135804401,1,330,"5","flupyradifurone","5_flupyradifurone",2023-09-03 13:46:34.77335,2023-09-02 17:10:48,"day",21.9869444444444
"7",216.25,34.5808716355397,1,330,"5","flupyradifurone","5_flupyradifurone",2023-09-03 13:56:27.309311,2023-09-02 17:10:48,"day",21.9869444444444
"8",-1.11764705882353,34.583004736525,-1,330,"5","flupyradifurone","5_flupyradifurone",2023-09-03 13:59:31.609236,2023-09-02 17:10:48,"day",21.9869444444444
"9",-8.35294117647059,34.5857699863009,-1,330,"5","flupyradifurone","5_flupyradifurone",2023-09-03 14:03:30.526816,2023-09-02 17:10:48,"day",21.9869444444444
"10",-23.6153846153846,34.5884682173235,-1,330,"5","flupyradifurone","5_flupyradifurone",2023-09-03 14:07:23.653977,2023-09-02 17:10:48,"day",21.9869444444444
"11",28.8571428571429,34.5902259048704,1,330,"5","flupyradifurone","5_flupyradifurone",2023-09-03 14:09:55.518181,2023-09-02 17:10:48,"day",21.9869444444444
"12",30.125,34.6258706248414,1,330,"5","flupyradifurone","5_flupyradifurone",2023-09-03 15:01:15.221986,2023-09-02 17:10:48,"day",21.9869444444444
"1",-7.17647058823529,33.8326853038177,-1,338,"5","flupyradifurone","5_flupyradifurone",2023-09-02 19:59:04.01025,2023-09-02 17:10:48,"day",21.9869444444444
"2",9.10526315789474,34.4119125504999,1,338,"5","flupyradifurone","5_flupyradifurone",2023-09-03 09:53:09.244363,2023-09-02 17:10:48,"day",21.9869444444444
"3",31.85,34.4442414865267,1,338,"5","flupyradifurone","5_flupyradifurone",2023-09-03 10:39:42.464436,2023-09-02 17:10:48,"day",21.9869444444444
"4",-18.9333333333333,34.4479520033232,-1,338,"5","flupyradifurone","5_flupyradifurone",2023-09-03 10:45:03.053087,2023-09-02 17:10:48,"day",21.9869444444444
"5",-63.6666666666667,34.5526351211184,-1,338,"5","flupyradifurone","5_flupyradifurone",2023-09-03 13:15:47.674465,2023-09-02 17:10:48,"day",21.9869444444444
"1",2.45161290322581,33.8808600937807,1,323,"5","flupyradifurone","5_flupyradifurone",2023-09-02 21:08:26.312103,2023-09-02 17:10:48,"night",21.9869444444444
"2",0.439024390243902,33.8840479175025,1,323,"5","flupyradifurone","5_flupyradifurone",2023-09-02 21:13:01.740072,2023-09-02 17:10:48,"night",21.9869444444444
"3",-6.33333333333333,33.8975182619255,-1,323,"5","flupyradifurone","5_flupyradifurone",2023-09-02 21:32:25.57783,2023-09-02 17:10:48,"night",21.9869444444444
"4",-0.346153846153846,33.9707852517484,-1,323,"5","flupyradifurone","5_flupyradifurone",2023-09-02 23:17:55.845751,2023-09-02 17:10:48,"night",21.9869444444444
"1",-6.59523809523809,34.4514433528397,-1,327,"5","flupyradifurone","5_flupyradifurone",2023-09-03 10:50:04.705685,2023-09-02 17:10:48,"day",21.9869444444444
"2",7.83018867924528,34.4545254790871,1,327,"5","flupyradifurone","5_flupyradifurone",2023-09-03 10:54:31.001393,2023-09-02 17:10:48,"day",21.9869444444444
"3",-22.5,34.4556924446949,-1,327,"5","flupyradifurone","5_flupyradifurone",2023-09-03 10:56:11.827222,2023-09-02 17:10:48,"day",21.9869444444444
"4",-3.1304347826087,34.4583935726758,-1,327,"5","flupyradifurone","5_flupyradifurone",2023-09-03 11:00:05.204679,2023-09-02 17:10:48,"day",21.9869444444444
"5",6.6,34.4602345107334,1,327,"5","flupyradifurone","5_flupyradifurone",2023-09-03 11:02:44.261727,2023-09-02 17:10:48,"day",21.9869444444444
"6",26.0357142857143,34.4628485398349,1,327,"5","flupyradifurone","5_flupyradifurone",2023-09-03 11:06:30.113842,2023-09-02 17:10:48,"day",21.9869444444444
"7",-30.9310344827586,34.4635754285534,-1,327,"5","flupyradifurone","5_flupyradifurone",2023-09-03 11:07:32.917027,2023-09-02 17:10:48,"day",21.9869444444444
"8",14.1666666666667,34.5000198866952,1,327,"5","flupyradifurone","5_flupyradifurone",2023-09-03 12:00:01.71821,2023-09-02 17:10:48,"day",21.9869444444444
"9",-35.2173913043478,34.5007896172116,-1,327,"5","flupyradifurone","5_flupyradifurone",2023-09-03 12:01:08.222927,2023-09-02 17:10:48,"day",21.9869444444444
"10",-10.5,34.503308934319,-1,327,"5","flupyradifurone","5_flupyradifurone",2023-09-03 12:04:45.891925,2023-09-02 17:10:48,"day",21.9869444444444
"11",0.393939393939394,34.5073438810775,1,327,"5","flupyradifurone","5_flupyradifurone",2023-09-03 12:10:34.511325,2023-09-02 17:10:48,"day",21.9869444444444
"12",2.04347826086957,34.510815410289,1,327,"5","flupyradifurone","5_flupyradifurone",2023-09-03 12:15:34.451449,2023-09-02 17:10:48,"day",21.9869444444444
"13",-74,34.5131020867369,-1,327,"5","flupyradifurone","5_flupyradifurone",2023-09-03 12:18:52.020294,2023-09-02 17:10:48,"day",21.9869444444444
"14",49.3,34.5259573722804,1,327,"5","flupyradifurone","5_flupyradifurone",2023-09-03 12:37:22.716965,2023-09-02 17:10:48,"day",21.9869444444444
"1",17.1666666666667,34.5794831457416,1,325,"5","flupyradifurone","5_flupyradifurone",2023-09-03 13:54:27.343792,2023-09-02 17:10:48,"day",21.9869444444444
"2",23.6666666666667,34.5820534167717,1,325,"5","flupyradifurone","5_flupyradifurone",2023-09-03 13:58:09.415209,2023-09-02 17:10:48,"day",21.9869444444444
"3",12.8888888888889,34.5849704433619,1,325,"5","flupyradifurone","5_flupyradifurone",2023-09-03 14:02:21.446306,2023-09-02 17:10:48,"day",21.9869444444444
"4",-1.95652173913043,34.5884517103848,-1,325,"5","flupyradifurone","5_flupyradifurone",2023-09-03 14:07:22.227777,2023-09-02 17:10:48,"day",21.9869444444444
"5",-54.6,34.596081106597,-1,325,"5","flupyradifurone","5_flupyradifurone",2023-09-03 14:18:21.40761,2023-09-02 17:10:48,"day",21.9869444444444
"6",130,34.6019961381628,1,325,"5","flupyradifurone","5_flupyradifurone",2023-09-03 14:26:52.466337,2023-09-02 17:10:48,"day",21.9869444444444
"7",-9.76666666666667,34.6071537991537,-1,325,"5","flupyradifurone","5_flupyradifurone",2023-09-03 14:34:18.088247,2023-09-02 17:10:48,"day",21.9869444444444
"8",-21.8695652173913,34.6100029314795,-1,325,"5","flupyradifurone","5_flupyradifurone",2023-09-03 14:38:24.25328,2023-09-02 17:10:48,"day",21.9869444444444
"9",315,34.6112177473265,1,325,"5","flupyradifurone","5_flupyradifurone",2023-09-03 14:40:09.213369,2023-09-02 17:10:48,"day",21.9869444444444
"10",47.6666666666667,34.6131170238049,1,325,"5","flupyradifurone","5_flupyradifurone",2023-09-03 14:42:53.310857,2023-09-02 17:10:48,"day",21.9869444444444
"1",21.6923076923077,34.5894064592535,1,328,"5","flupyradifurone","5_flupyradifurone",2023-09-03 14:08:44.71808,2023-09-02 17:10:48,"day",21.9869444444444
"1",682,0.739974426087682,1,92,"1","control","1_control",2023-07-31 17:45:33.790414,2023-07-31 17:05:19,"day",24.4116666666667
"2",-329,0.744319448299292,-1,92,"1","control","1_control",2023-07-31 17:51:49.200333,2023-07-31 17:05:19,"day",24.4116666666667
"3",-0.666666666666667,0.788657672538092,-1,92,"1","control","1_control",2023-07-31 18:55:40.022907,2023-07-31 17:05:19,"day",24.4116666666667
"4",53,0.789806043526562,1,92,"1","control","1_control",2023-07-31 18:57:19.242161,2023-07-31 17:05:19,"day",24.4116666666667
"5",-18.3333333333333,0.79091522137462,-1,92,"1","control","1_control",2023-07-31 18:58:55.075127,2023-07-31 17:05:19,"day",24.4116666666667
"6",-15.8571428571429,0.793215672967404,-1,92,"1","control","1_control",2023-07-31 19:02:13.834144,2023-07-31 17:05:19,"day",24.4116666666667
"7",-5.4,0.794460361847815,-1,92,"1","control","1_control",2023-07-31 19:04:01.375264,2023-07-31 17:05:19,"day",24.4116666666667
"8",-26,0.796214031637819,-1,92,"1","control","1_control",2023-07-31 19:06:32.892334,2023-07-31 17:05:19,"day",24.4116666666667
"9",-10.5,0.800489497199471,-1,92,"1","control","1_control",2023-07-31 19:12:42.292558,2023-07-31 17:05:19,"day",24.4116666666667
"10",186.5,0.802512620393877,1,92,"1","control","1_control",2023-07-31 19:15:37.090402,2023-07-31 17:05:19,"day",24.4116666666667
"11",41,0.804107595037117,1,92,"1","control","1_control",2023-07-31 19:17:54.896211,2023-07-31 17:05:19,"day",24.4116666666667
"12",NA,0.805309088530916,NA,92,"1","control","1_control",2023-07-31 19:19:38.705249,2023-07-31 17:05:19,"day",24.4116666666667
"13",NA,0.8067568673497,NA,92,"1","control","1_control",2023-07-31 19:21:43.793339,2023-07-31 17:05:19,"day",24.4116666666667
"14",-172.166666666667,0.808380113325264,-1,92,"1","control","1_control",2023-07-31 19:24:04.041791,2023-07-31 17:05:19,"day",24.4116666666667
"1",14.9230769230769,0.777194365695631,1,85,"1","control","1_control",2023-07-31 18:39:09.593196,2023-07-31 17:05:19,"day",24.4116666666667
"1",22.3333333333333,0.78922503211846,1,83,"1","control","1_control",2023-07-31 18:56:29.042775,2023-07-31 17:05:19,"day",24.4116666666667
"2",43,0.793519282645236,1,83,"1","control","1_control",2023-07-31 19:02:40.06602,2023-07-31 17:05:19,"day",24.4116666666667
"1",-20,0.790179821292375,-1,96,"1","control","1_control",2023-07-31 18:57:51.53656,2023-07-31 17:05:19,"day",24.4116666666667
"1",-35.75,0.820211036604312,-1,98,"1","control","1_control",2023-07-31 19:41:06.233563,2023-07-31 17:05:19,"day",24.4116666666667
"1",NA,0.868802434744106,NA,88,"1","control","1_control",2023-07-31 20:51:04.530362,2023-07-31 17:05:19,"night",24.4116666666667
"2",-47,0.935103815914488,-1,88,"1","control","1_control",2023-07-31 22:26:32.969695,2023-07-31 17:05:19,"night",24.4116666666667
"1",110,0.942931447302302,1,90,"1","control","1_control",2023-07-31 22:37:49.277047,2023-07-31 17:05:19,"night",24.4116666666667
"2",NA,0.947221193170106,NA,90,"1","control","1_control",2023-07-31 22:43:59.91109,2023-07-31 17:05:19,"night",24.4116666666667
"1",-238.25,1.81621318844623,-1,45,"1","imidacloprid","1_imidacloprid",2023-08-01 19:35:20.819482,2023-08-01 17:45:01,"night",23
"2",-5.05882352941176,2.05017367302574,-1,45,"1","imidacloprid","1_imidacloprid",2023-08-02 01:12:15.005349,2023-08-01 17:45:01,"night",23
"1",-33.2666666666667,1.8245604219329,-1,44,"1","imidacloprid","1_imidacloprid",2023-08-01 19:47:22.020455,2023-08-01 17:45:01,"day",23
"1",-63.4444444444444,1.8606170450311,-1,47,"1","imidacloprid","1_imidacloprid",2023-08-01 20:39:17.312691,2023-08-01 17:45:01,"night",23
"1",-54.75,1.88278346825866,-1,33,"1","imidacloprid","1_imidacloprid",2023-08-01 21:11:12.491657,2023-08-01 17:45:01,"night",23
"2",-28.1666666666667,1.90163889463656,-1,33,"1","imidacloprid","1_imidacloprid",2023-08-01 21:38:21.600497,2023-08-01 17:45:01,"night",23
"3",-30.2307692307692,1.91553167075569,-1,33,"1","imidacloprid","1_imidacloprid",2023-08-01 21:58:21.936353,2023-08-01 17:45:01,"night",23
"4",-25.6363636363636,1.9257839662423,-1,33,"1","imidacloprid","1_imidacloprid",2023-08-01 22:13:07.734683,2023-08-01 17:45:01,"night",23
"5",15.1818181818182,1.93276058148501,1,33,"1","imidacloprid","1_imidacloprid",2023-08-01 22:23:10.51424,2023-08-01 17:45:01,"night",23
"6",-0.266666666666667,1.95481510469195,-1,33,"1","imidacloprid","1_imidacloprid",2023-08-01 22:54:56.025045,2023-08-01 17:45:01,"night",23
"1",4,2.06078455873248,1,40,"1","imidacloprid","1_imidacloprid",2023-08-02 01:27:31.785874,2023-08-01 17:45:01,"night",23
"2",-15.8333333333333,2.06299898476556,-1,40,"1","imidacloprid","1_imidacloprid",2023-08-02 01:30:43.112284,2023-08-01 17:45:01,"night",23
"3",3.25,2.07096396881546,1,40,"1","imidacloprid","1_imidacloprid",2023-08-02 01:42:11.286906,2023-08-01 17:45:01,"night",23
"4",-18.5714285714286,2.07223037423325,-1,40,"1","imidacloprid","1_imidacloprid",2023-08-02 01:44:00.704334,2023-08-01 17:45:01,"night",23
"5",-31,2.27055994449045,-1,40,"1","imidacloprid","1_imidacloprid",2023-08-02 06:29:36.379204,2023-08-01 17:45:01,"night",23
"1",-124,2.31687736420904,-1,35,"1","imidacloprid","1_imidacloprid",2023-08-02 07:36:18.204268,2023-08-01 17:45:01,"day",23
"1",-213,2.38893335558336,-1,49,"1","imidacloprid","1_imidacloprid",2023-08-02 09:20:03.841922,2023-08-01 17:45:01,"day",23
"2",16.8,2.39533802752543,1,49,"1","imidacloprid","1_imidacloprid",2023-08-02 09:29:17.205578,2023-08-01 17:45:01,"day",23
"1",NA,2.44694981025601,NA,32,"1","imidacloprid","1_imidacloprid",2023-08-02 10:43:36.463606,2023-08-01 17:45:01,"day",23
"2",132,2.52263317551464,1,32,"1","imidacloprid","1_imidacloprid",2023-08-02 12:32:35.506364,2023-08-01 17:45:01,"day",23
"3",6.66666666666667,2.53298979480151,1,32,"1","imidacloprid","1_imidacloprid",2023-08-02 12:47:30.318271,2023-08-01 17:45:01,"day",23
"1",-69.1666666666667,2.53762071402458,-1,38,"1","imidacloprid","1_imidacloprid",2023-08-02 12:54:10.429692,2023-08-01 17:45:01,"day",23
"1",-10.2352941176471,2.99958563658574,-1,11,"1","flupyradifurone","1_flupyradifurone",2023-08-02 23:59:24.199001,2023-08-02 17:10:01,"night",22.5833333333333
"2",119.25,3.05994986742349,1,11,"1","flupyradifurone","1_flupyradifurone",2023-08-03 01:26:19.668545,2023-08-02 17:10:01,"night",22.5833333333333
"3",11,3.21016702378445,1,11,"1","flupyradifurone","1_flupyradifurone",2023-08-03 05:02:38.430855,2023-08-02 17:10:01,"night",22.5833333333333
"4",4.63157894736842,3.22393990508232,1,11,"1","flupyradifurone","1_flupyradifurone",2023-08-03 05:22:28.407799,2023-08-02 17:10:01,"night",22.5833333333333
"5",28.6,3.24066649932644,1,11,"1","flupyradifurone","1_flupyradifurone",2023-08-03 05:46:33.585542,2023-08-02 17:10:01,"night",22.5833333333333
"6",-0.307692307692308,3.24429262915932,-1,11,"1","flupyradifurone","1_flupyradifurone",2023-08-03 05:51:46.883159,2023-08-02 17:10:01,"night",22.5833333333333
"7",76.8571428571429,3.26557550382835,1,11,"1","flupyradifurone","1_flupyradifurone",2023-08-03 06:22:25.723531,2023-08-02 17:10:01,"night",22.5833333333333
"1",26.8333333333333,3.13782688897832,1,19,"1","flupyradifurone","1_flupyradifurone",2023-08-03 03:18:28.243208,2023-08-02 17:10:01,"day",22.5833333333333
"2",-28.6666666666667,3.13953332869188,-1,19,"1","flupyradifurone","1_flupyradifurone",2023-08-03 03:20:55.679599,2023-08-02 17:10:01,"day",22.5833333333333
"3",31.125,3.26475030624464,1,19,"1","flupyradifurone","1_flupyradifurone",2023-08-03 06:21:14.42646,2023-08-02 17:10:01,"day",22.5833333333333
"1",-4.33333333333333,3.24643101323555,-1,16,"1","flupyradifurone","1_flupyradifurone",2023-08-03 05:54:51.639544,2023-08-02 17:10:01,"day",22.5833333333333
"2",88.6,3.27618015263919,1,16,"1","flupyradifurone","1_flupyradifurone",2023-08-03 06:37:41.965188,2023-08-02 17:10:01,"day",22.5833333333333
"1",335,3.32036943027681,1,18,"1","flupyradifurone","1_flupyradifurone",2023-08-03 07:41:19.918776,2023-08-02 17:10:01,"day",22.5833333333333
"1",-3.75,41.7494655325616,-1,451,"7","imidacloprid","7_imidacloprid",2023-09-10 17:59:13.822013,2023-09-10 16:25:01,"day",25.75
"2",47,41.8076067114966,1,451,"7","imidacloprid","7_imidacloprid",2023-09-10 19:22:57.219873,2023-09-10 16:25:01,"day",25.75
"1",-7.5,42.5395570335927,-1,444,"7","imidacloprid","7_imidacloprid",2023-09-11 12:56:57.727702,2023-09-10 16:25:01,"day",25.75
"2",138,42.5425881953834,1,444,"7","imidacloprid","7_imidacloprid",2023-09-11 13:01:19.620081,2023-09-10 16:25:01,"day",25.75
"3",-271,42.5440738408543,-1,444,"7","imidacloprid","7_imidacloprid",2023-09-11 13:03:27.97985,2023-09-10 16:25:01,"day",25.75
"4",25.9,42.5712986172719,1,444,"7","imidacloprid","7_imidacloprid",2023-09-11 13:42:40.200532,2023-09-10 16:25:01,"day",25.75
"5",-297.333333333333,42.6351148160506,-1,444,"7","imidacloprid","7_imidacloprid",2023-09-11 15:14:33.920107,2023-09-10 16:25:01,"day",25.75
"6",54.05,42.6498787625662,1,444,"7","imidacloprid","7_imidacloprid",2023-09-11 15:35:49.525086,2023-09-10 16:25:01,"day",25.75
"7",-70.6153846153846,42.6596152414782,-1,444,"7","imidacloprid","7_imidacloprid",2023-09-11 15:49:50.756864,2023-09-10 16:25:01,"day",25.75
"8",75.4666666666667,42.6709829131826,1,444,"7","imidacloprid","7_imidacloprid",2023-09-11 16:06:12.923699,2023-09-10 16:25:01,"day",25.75
"9",-45.5714285714286,42.7007046872017,-1,444,"7","imidacloprid","7_imidacloprid",2023-09-11 16:49:00.884974,2023-09-10 16:25:01,"day",25.75
"10",210.2,42.7078657674656,1,444,"7","imidacloprid","7_imidacloprid",2023-09-11 16:59:19.602309,2023-09-10 16:25:01,"day",25.75
"11",70.7142857142857,42.7181860231011,1,444,"7","imidacloprid","7_imidacloprid",2023-09-11 17:14:11.272396,2023-09-10 16:25:01,"day",25.75
"12",-508,42.721064781944,-1,444,"7","imidacloprid","7_imidacloprid",2023-09-11 17:18:19.99716,2023-09-10 16:25:01,"day",25.75
"13",224.75,42.7299586183892,1,444,"7","imidacloprid","7_imidacloprid",2023-09-11 17:31:08.424629,2023-09-10 16:25:01,"day",25.75
"14",-266.25,42.7369569578822,-1,444,"7","imidacloprid","7_imidacloprid",2023-09-11 17:41:13.081161,2023-09-10 16:25:01,"day",25.75
"15",89.1,42.7450348688476,1,444,"7","imidacloprid","7_imidacloprid",2023-09-11 17:52:51.012668,2023-09-10 16:25:01,"day",25.75
"16",24,42.7534268061748,1,444,"7","imidacloprid","7_imidacloprid",2023-09-11 18:04:56.076054,2023-09-10 16:25:01,"day",25.75
"1",-35.1904761904762,42.6342651512957,-1,458,"7","imidacloprid","7_imidacloprid",2023-09-11 15:13:20.509072,2023-09-10 16:25:01,"day",25.75
"2",-3.68421052631579,42.6620191356305,-1,458,"7","imidacloprid","7_imidacloprid",2023-09-11 15:53:18.453319,2023-09-10 16:25:01,"day",25.75
"3",-233,42.6877600915487,-1,458,"7","imidacloprid","7_imidacloprid",2023-09-11 16:30:22.47191,2023-09-10 16:25:01,"day",25.75
"4",-80.25,42.6932246995971,-1,458,"7","imidacloprid","7_imidacloprid",2023-09-11 16:38:14.614045,2023-09-10 16:25:01,"day",25.75
"5",-4.5,42.7025058968166,-1,458,"7","imidacloprid","7_imidacloprid",2023-09-11 16:51:36.509485,2023-09-10 16:25:01,"day",25.75
"6",1.84,42.7035948317098,1,458,"7","imidacloprid","7_imidacloprid",2023-09-11 16:53:10.59346,2023-09-10 16:25:01,"day",25.75
"7",-2.76923076923077,42.7045912667401,-1,458,"7","imidacloprid","7_imidacloprid",2023-09-11 16:54:36.685446,2023-09-10 16:25:01,"day",25.75
"1",42.2,43.7881120287404,1,408,"7","control","7_control",2023-09-12 18:54:52.879283,2023-09-12 18:55:16,"day",23.5791666666667
"1",14.8461538461538,44.475076641823,1,400,"7","control","7_control",2023-09-13 11:24:06.621854,2023-09-12 18:55:16,"day",23.5791666666667
"1",4.9,44.5476465669911,1,410,"7","control","7_control",2023-09-13 13:08:36.663388,2023-09-12 18:55:16,"day",23.5791666666667
"2",18.8636363636364,44.6005724300456,1,410,"7","control","7_control",2023-09-13 14:24:49.457956,2023-09-12 18:55:16,"day",23.5791666666667
"3",11.7272727272727,44.6017648964497,1,410,"7","control","7_control",2023-09-13 14:26:32.487053,2023-09-12 18:55:16,"day",23.5791666666667
"4",97.1111111111111,44.6161107511548,1,410,"7","control","7_control",2023-09-13 14:47:11.9689,2023-09-12 18:55:16,"day",23.5791666666667
"5",-41.4,44.6260182899232,-1,410,"7","control","7_control",2023-09-13 15:01:27.980249,2023-09-12 18:55:16,"day",23.5791666666667
"6",87.125,44.6871862151155,1,410,"7","control","7_control",2023-09-13 16:29:32.888986,2023-09-12 18:55:16,"day",23.5791666666667
"7",-87.75,44.6948655999023,-1,410,"7","control","7_control",2023-09-13 16:40:36.387831,2023-09-12 18:55:16,"day",23.5791666666667
"8",18.6470588235294,44.7241090658651,1,410,"7","control","7_control",2023-09-13 17:22:43.023291,2023-09-12 18:55:16,"day",23.5791666666667
"9",-153.8,44.739493260546,-1,410,"7","control","7_control",2023-09-13 17:44:52.217711,2023-09-12 18:55:16,"day",23.5791666666667
"1",1.90625,44.5574518292554,1,414,"7","control","7_control",2023-09-13 13:22:43.838048,2023-09-12 18:55:16,"day",23.5791666666667
"2",26.0232558139535,44.6809299670128,1,414,"7","control","7_control",2023-09-13 16:20:32.34915,2023-09-12 18:55:16,"day",23.5791666666667
"3",-241.666666666667,44.7079462060795,-1,414,"7","control","7_control",2023-09-13 16:59:26.552205,2023-09-12 18:55:16,"day",23.5791666666667
"1",2.21311475409836,44.5951273765856,1,415,"7","control","7_control",2023-09-13 14:16:59.005337,2023-09-12 18:55:16,"day",23.5791666666667
"2",1.2,44.6438431163753,1,415,"7","control","7_control",2023-09-13 15:27:08.045255,2023-09-12 18:55:16,"day",23.5791666666667
"3",-3.86666666666667,44.6449840126007,-1,415,"7","control","7_control",2023-09-13 15:28:46.618689,2023-09-12 18:55:16,"day",23.5791666666667
"1",31.96,44.6185584958861,1,413,"7","control","7_control",2023-09-13 14:50:43.454045,2023-09-12 18:55:16,"day",23.5791666666667
"2",-311.666666666667,44.6327980073548,-1,413,"7","control","7_control",2023-09-13 15:11:13.747835,2023-09-12 18:55:16,"day",23.5791666666667
"3",62.2777777777778,44.6395206524141,1,413,"7","control","7_control",2023-09-13 15:20:54.584368,2023-09-12 18:55:16,"day",23.5791666666667
"4",-364,44.6802587604293,-1,413,"7","control","7_control",2023-09-13 16:19:34.356901,2023-09-12 18:55:16,"day",23.5791666666667
"5",74.0714285714286,44.6838547522771,1,413,"7","control","7_control",2023-09-13 16:24:45.050597,2023-09-12 18:55:16,"day",23.5791666666667
"6",-360,44.7339420144108,-1,413,"7","control","7_control",2023-09-13 17:36:52.590045,2023-09-12 18:55:16,"day",23.5791666666667
"7",219,44.7359570658524,1,413,"7","control","7_control",2023-09-13 17:39:46.69049,2023-09-12 18:55:16,"day",23.5791666666667
"8",-464,44.7477280796181,-1,413,"7","control","7_control",2023-09-13 17:56:43.706079,2023-09-12 18:55:16,"day",23.5791666666667
"9",186.5,44.7490908303404,1,413,"7","control","7_control",2023-09-13 17:58:41.447742,2023-09-12 18:55:16,"day",23.5791666666667
"10",-79,44.763752940496,-1,413,"7","control","7_control",2023-09-13 18:19:48.254059,2023-09-12 18:55:16,"day",23.5791666666667
"1",-1.32727272727273,44.6424735789447,-1,405,"7","control","7_control",2023-09-13 15:25:09.717221,2023-09-12 18:55:16,"day",23.5791666666667
"2",4.33333333333333,44.646123852701,1,405,"7","control","7_control",2023-09-13 15:30:25.100873,2023-09-12 18:55:16,"day",23.5791666666667
"3",37.6296296296296,44.6490842613982,1,405,"7","control","7_control",2023-09-13 15:34:40.880185,2023-09-12 18:55:16,"day",23.5791666666667
"4",-277,44.6628987607415,-1,405,"7","control","7_control",2023-09-13 15:54:34.452928,2023-09-12 18:55:16,"day",23.5791666666667
"1",-1,44.6516837510594,-1,416,"7","control","7_control",2023-09-13 15:38:25.476092,2023-09-12 18:55:16,"day",23.5791666666667
"2",-24.1875,44.7065144829262,-1,416,"7","control","7_control",2023-09-13 16:57:22.851325,2023-09-12 18:55:16,"day",23.5791666666667
"3",-63.4,44.7084884404471,-1,416,"7","control","7_control",2023-09-13 17:00:13.401255,2023-09-12 18:55:16,"day",23.5791666666667
"4",62.9166666666667,44.7141961360651,1,416,"7","control","7_control",2023-09-13 17:08:26.546156,2023-09-12 18:55:16,"day",23.5791666666667
"5",10.75,44.7155049142604,1,416,"7","control","7_control",2023-09-13 17:10:19.624592,2023-09-12 18:55:16,"day",23.5791666666667
"6",-4.17391304347826,44.7168440910268,-1,416,"7","control","7_control",2023-09-13 17:12:15.329465,2023-09-12 18:55:16,"day",23.5791666666667
"7",20.695652173913,44.7437749424006,1,416,"7","control","7_control",2023-09-13 17:51:02.155023,2023-09-12 18:55:16,"day",23.5791666666667
"8",-27.28125,44.7447604663658,-1,416,"7","control","7_control",2023-09-13 17:52:27.304294,2023-09-12 18:55:16,"day",23.5791666666667
"9",174.25,44.7530868457291,1,416,"7","control","7_control",2023-09-13 18:04:26.703471,2023-09-12 18:55:16,"day",23.5791666666667
"1",3.26315789473684,44.6697982280024,1,407,"7","control","7_control",2023-09-13 16:04:30.566899,2023-09-12 18:55:16,"day",23.5791666666667
"2",-8.83333333333333,44.7693467605784,-1,407,"7","control","7_control",2023-09-13 18:27:51.560114,2023-09-12 18:55:16,"day",23.5791666666667
"1",11.8125,44.7006498329414,1,409,"7","control","7_control",2023-09-13 16:48:56.145566,2023-09-12 18:55:16,"day",23.5791666666667
"1",0.157894736842105,46.7113590231218,1,513,"8","flupyradifurone","8_flupyradifurone",2023-09-15 17:04:21.419598,2023-09-15 17:00:01,"day",24
"2",-8,46.9204174853964,-1,513,"8","flupyradifurone","8_flupyradifurone",2023-09-15 22:05:24.070738,2023-09-15 17:00:01,"day",24
"3",19.3684210526316,46.9844117513075,1,513,"8","flupyradifurone","8_flupyradifurone",2023-09-15 23:37:33.175313,2023-09-15 17:00:01,"day",24
"4",44.3461538461538,47.38983952039,1,513,"8","flupyradifurone","8_flupyradifurone",2023-09-16 09:21:22.134562,2023-09-15 17:00:01,"day",24
"5",-89,47.4253563936772,-1,513,"8","flupyradifurone","8_flupyradifurone",2023-09-16 10:12:30.792414,2023-09-15 17:00:01,"day",24
"6",7.14285714285714,47.5111247031439,1,513,"8","flupyradifurone","8_flupyradifurone",2023-09-16 12:16:01.174352,2023-09-15 17:00:01,"day",24
"7",26,47.5539734209089,1,513,"8","flupyradifurone","8_flupyradifurone",2023-09-16 13:17:43.303566,2023-09-15 17:00:01,"day",24
"8",14.6666666666667,47.560324534585,1,513,"8","flupyradifurone","8_flupyradifurone",2023-09-16 13:26:52.039788,2023-09-15 17:00:01,"day",24
"9",-166.2,47.5808705776562,-1,513,"8","flupyradifurone","8_flupyradifurone",2023-09-16 13:56:27.21791,2023-09-15 17:00:01,"day",24
"10",27.2173913043478,47.6503231114557,1,513,"8","flupyradifurone","8_flupyradifurone",2023-09-16 15:36:27.91683,2023-09-15 17:00:01,"day",24
"1",17.7142857142857,46.7120148905391,1,516,"8","flupyradifurone","8_flupyradifurone",2023-09-15 17:05:18.086543,2023-09-15 17:00:01,"day",24
"2",3.25581395348837,47.5136542149361,1,516,"8","flupyradifurone","8_flupyradifurone",2023-09-16 12:19:39.72417,2023-09-15 17:00:01,"day",24
"3",25.2222222222222,47.5165908010356,1,516,"8","flupyradifurone","8_flupyradifurone",2023-09-16 12:23:53.44521,2023-09-15 17:00:01,"day",24
"4",20.25,47.5197284995016,1,516,"8","flupyradifurone","8_flupyradifurone",2023-09-16 12:28:24.542357,2023-09-15 17:00:01,"day",24
"5",48,47.5223421581381,1,516,"8","flupyradifurone","8_flupyradifurone",2023-09-16 12:32:10.362463,2023-09-15 17:00:01,"day",24
"6",7.27083333333333,47.5259446008583,1,516,"8","flupyradifurone","8_flupyradifurone",2023-09-16 12:37:21.613514,2023-09-15 17:00:01,"day",24
"7",56.8,47.5289173319448,1,516,"8","flupyradifurone","8_flupyradifurone",2023-09-16 12:41:38.45748,2023-09-15 17:00:01,"day",24
"8",41.25,47.5397461099122,1,516,"8","flupyradifurone","8_flupyradifurone",2023-09-16 12:57:14.063896,2023-09-15 17:00:01,"day",24
"9",188,47.5563733172192,1,516,"8","flupyradifurone","8_flupyradifurone",2023-09-16 13:21:10.654608,2023-09-15 17:00:01,"day",24
"10",-176.75,47.61658190653,-1,516,"8","flupyradifurone","8_flupyradifurone",2023-09-16 14:47:52.676724,2023-09-15 17:00:01,"day",24
"1",7.86363636363636,46.7503860523657,1,503,"8","flupyradifurone","8_flupyradifurone",2023-09-15 18:00:33.354924,2023-09-15 17:00:01,"day",24
"2",-0.0740740740740741,46.7535539837669,-1,503,"8","flupyradifurone","8_flupyradifurone",2023-09-15 18:05:07.064198,2023-09-15 17:00:01,"day",24
"1",-30.6,46.7508534020148,-1,501,"8","flupyradifurone","8_flupyradifurone",2023-09-15 18:01:13.733934,2023-09-15 17:00:01,"day",24
"2",28.4,46.7583887242948,1,501,"8","flupyradifurone","8_flupyradifurone",2023-09-15 18:12:04.785779,2023-09-15 17:00:01,"day",24
"3",-9.2,46.759280907996,-1,501,"8","flupyradifurone","8_flupyradifurone",2023-09-15 18:13:21.870451,2023-09-15 17:00:01,"day",24
"4",39.1428571428571,47.4623427834722,1,501,"8","flupyradifurone","8_flupyradifurone",2023-09-16 11:05:46.416492,2023-09-15 17:00:01,"day",24
"5",-20.0975609756098,47.4637211693553,-1,501,"8","flupyradifurone","8_flupyradifurone",2023-09-16 11:07:45.509032,2023-09-15 17:00:01,"day",24
"6",30.8333333333333,47.4655541284274,1,501,"8","flupyradifurone","8_flupyradifurone",2023-09-16 11:10:23.876696,2023-09-15 17:00:01,"day",24
"7",-21.4285714285714,47.4675046362787,-1,501,"8","flupyradifurone","8_flupyradifurone",2023-09-16 11:13:12.400574,2023-09-15 17:00:01,"day",24
"8",-11.695652173913,47.4699655418289,-1,501,"8","flupyradifurone","8_flupyradifurone",2023-09-16 11:16:45.022814,2023-09-15 17:00:01,"day",24
"9",-82.1428571428571,47.4716310483493,-1,501,"8","flupyradifurone","8_flupyradifurone",2023-09-16 11:19:08.922577,2023-09-15 17:00:01,"day",24
"10",-8.57142857142857,47.475118413219,-1,501,"8","flupyradifurone","8_flupyradifurone",2023-09-16 11:24:10.230902,2023-09-15 17:00:01,"day",24
"11",54.6,47.4776329676157,1,501,"8","flupyradifurone","8_flupyradifurone",2023-09-16 11:27:47.488402,2023-09-15 17:00:01,"day",24
"12",-56.6,47.4804030381598,-1,501,"8","flupyradifurone","8_flupyradifurone",2023-09-16 11:31:46.822497,2023-09-15 17:00:01,"day",24
"1",-8.68181818181818,46.758994686335,-1,509,"8","flupyradifurone","8_flupyradifurone",2023-09-15 18:12:57.140899,2023-09-15 17:00:01,"day",24
"2",80.8333333333333,46.7676841106628,1,509,"8","flupyradifurone","8_flupyradifurone",2023-09-15 18:25:27.907161,2023-09-15 17:00:01,"day",24
"3",-6.87234042553191,46.7689791556502,-1,509,"8","flupyradifurone","8_flupyradifurone",2023-09-15 18:27:19.799048,2023-09-15 17:00:01,"day",24
"4",-23.7777777777778,46.770249181291,-1,509,"8","flupyradifurone","8_flupyradifurone",2023-09-15 18:29:09.529263,2023-09-15 17:00:01,"day",24
"5",-5.61538461538461,46.7725033373145,-1,509,"8","flupyradifurone","8_flupyradifurone",2023-09-15 18:32:24.288344,2023-09-15 17:00:01,"day",24
"6",-3.925,46.7736686486997,-1,509,"8","flupyradifurone","8_flupyradifurone",2023-09-15 18:34:04.971248,2023-09-15 17:00:01,"day",24
"7",12.9166666666667,46.8673238829975,1,509,"8","flupyradifurone","8_flupyradifurone",2023-09-15 20:48:56.783491,2023-09-15 17:00:01,"day",24
"8",14.6451612903226,47.4352129274799,1,509,"8","flupyradifurone","8_flupyradifurone",2023-09-16 10:26:42.396934,2023-09-15 17:00:01,"day",24
"9",-439,47.4983100136811,-1,509,"8","flupyradifurone","8_flupyradifurone",2023-09-16 11:57:33.985182,2023-09-15 17:00:01,"day",24
"10",-7.11111111111111,47.5822809909216,-1,509,"8","flupyradifurone","8_flupyradifurone",2023-09-16 13:58:29.077616,2023-09-15 17:00:01,"day",24
"11",-131.333333333333,47.5905655349598,-1,509,"8","flupyradifurone","8_flupyradifurone",2023-09-16 14:10:24.862221,2023-09-15 17:00:01,"day",24
"12",21.125,47.6509553152761,1,509,"8","flupyradifurone","8_flupyradifurone",2023-09-16 15:37:22.53924,2023-09-15 17:00:01,"day",24
"13",-9.7,47.6529377300209,-1,509,"8","flupyradifurone","8_flupyradifurone",2023-09-16 15:40:13.819874,2023-09-15 17:00:01,"day",24
"14",-71.8,47.6541263366836,-1,509,"8","flupyradifurone","8_flupyradifurone",2023-09-16 15:41:56.51549,2023-09-15 17:00:01,"day",24
"15",-15.5555555555556,47.658399863646,-1,509,"8","flupyradifurone","8_flupyradifurone",2023-09-16 15:48:05.748219,2023-09-15 17:00:01,"day",24
"16",23.375,47.69296980135,1,509,"8","flupyradifurone","8_flupyradifurone",2023-09-16 16:37:52.590837,2023-09-15 17:00:01,"day",24
"17",-19.7857142857143,47.694355846349,-1,509,"8","flupyradifurone","8_flupyradifurone",2023-09-16 16:39:52.345124,2023-09-15 17:00:01,"day",24
"18",4.46666666666667,47.6954203233316,1,509,"8","flupyradifurone","8_flupyradifurone",2023-09-16 16:41:24.315936,2023-09-15 17:00:01,"day",24
"19",-97.2857142857143,47.6964939585156,-1,509,"8","flupyradifurone","8_flupyradifurone",2023-09-16 16:42:57.078016,2023-09-15 17:00:01,"day",24
"20",39.6666666666667,47.6993611070666,1,509,"8","flupyradifurone","8_flupyradifurone",2023-09-16 16:47:04.799651,2023-09-15 17:00:01,"day",24
"21",28.25,47.7016991227822,1,509,"8","flupyradifurone","8_flupyradifurone",2023-09-16 16:50:26.804208,2023-09-15 17:00:01,"day",24
"22",-47.7222222222222,47.7027623611697,-1,509,"8","flupyradifurone","8_flupyradifurone",2023-09-16 16:51:58.668005,2023-09-15 17:00:01,"day",24
"23",565,47.7048393594156,1,509,"8","flupyradifurone","8_flupyradifurone",2023-09-16 16:54:58.120654,2023-09-15 17:00:01,"day",24
"24",16.2727272727273,47.70616292763,1,509,"8","flupyradifurone","8_flupyradifurone",2023-09-16 16:56:52.476947,2023-09-15 17:00:01,"day",24
"25",-18.6666666666667,47.7075582276545,-1,509,"8","flupyradifurone","8_flupyradifurone",2023-09-16 16:58:53.030869,2023-09-15 17:00:01,"day",24
"26",-63,47.7084559360772,-1,509,"8","flupyradifurone","8_flupyradifurone",2023-09-16 17:00:10.592877,2023-09-15 17:00:01,"day",24
"27",-52.2,47.7094975504979,-1,509,"8","flupyradifurone","8_flupyradifurone",2023-09-16 17:01:40.588363,2023-09-15 17:00:01,"day",24
"1",6.71428571428571,47.3016253123713,1,518,"8","flupyradifurone","8_flupyradifurone",2023-09-16 07:14:20.426989,2023-09-15 17:00:01,"day",24
"1",21.2272727272727,47.3954070507115,1,507,"8","flupyradifurone","8_flupyradifurone",2023-09-16 09:29:23.169182,2023-09-15 17:00:01,"day",24
"2",-14.8620689655172,47.3963027888535,-1,507,"8","flupyradifurone","8_flupyradifurone",2023-09-16 09:30:40.560957,2023-09-15 17:00:01,"day",24
"3",-46.6428571428571,47.3977035439607,-1,507,"8","flupyradifurone","8_flupyradifurone",2023-09-16 09:32:41.586198,2023-09-15 17:00:01,"day",24
"4",4.14814814814815,47.40082298313,1,507,"8","flupyradifurone","8_flupyradifurone",2023-09-16 09:37:11.105742,2023-09-15 17:00:01,"day",24
"5",225.5,47.4030027328202,1,507,"8","flupyradifurone","8_flupyradifurone",2023-09-16 09:40:19.436116,2023-09-15 17:00:01,"day",24
"6",-111,47.4530376610243,-1,507,"8","flupyradifurone","8_flupyradifurone",2023-09-16 10:52:22.453912,2023-09-15 17:00:01,"day",24
"7",25.6666666666667,47.5093993258015,1,507,"8","flupyradifurone","8_flupyradifurone",2023-09-16 12:13:32.101749,2023-09-15 17:00:01,"day",24
"8",58.9285714285714,47.5145338184204,1,507,"8","flupyradifurone","8_flupyradifurone",2023-09-16 12:20:55.721911,2023-09-15 17:00:01,"day",24
"9",-172,47.5340305473635,-1,507,"8","flupyradifurone","8_flupyradifurone",2023-09-16 12:49:00.239292,2023-09-15 17:00:01,"day",24
"10",13.2307692307692,47.5428261532648,1,507,"8","flupyradifurone","8_flupyradifurone",2023-09-16 13:01:40.179642,2023-09-15 17:00:01,"day",24
"11",-83.5,47.5571072571881,-1,507,"8","flupyradifurone","8_flupyradifurone",2023-09-16 13:22:14.067021,2023-09-15 17:00:01,"day",24
"12",3.57142857142857,47.5633058665825,1,507,"8","flupyradifurone","8_flupyradifurone",2023-09-16 13:31:09.626873,2023-09-15 17:00:01,"day",24
"13",37.1666666666667,47.5808471373836,1,507,"8","flupyradifurone","8_flupyradifurone",2023-09-16 13:56:25.19267,2023-09-15 17:00:01,"day",24
"14",-100.5,47.599377881554,-1,507,"8","flupyradifurone","8_flupyradifurone",2023-09-16 14:23:06.248966,2023-09-15 17:00:01,"day",24
"1",18.0925925925926,47.4312061447176,1,519,"8","flupyradifurone","8_flupyradifurone",2023-09-16 10:20:56.210904,2023-09-15 17:00:01,"day",24
"2",-350,47.4696151556755,-1,519,"8","flupyradifurone","8_flupyradifurone",2023-09-16 11:16:14.74945,2023-09-15 17:00:01,"day",24
"3",3.88636363636364,47.5193234814713,1,519,"8","flupyradifurone","8_flupyradifurone",2023-09-16 12:27:49.548799,2023-09-15 17:00:01,"day",24
"4",14.1038961038961,47.5564415653209,1,519,"8","flupyradifurone","8_flupyradifurone",2023-09-16 13:21:16.551244,2023-09-15 17:00:01,"day",24
"5",-253.5,47.5683708431842,-1,519,"8","flupyradifurone","8_flupyradifurone",2023-09-16 13:38:27.240851,2023-09-15 17:00:01,"day",24
"6",76.8571428571429,47.582042859463,1,519,"8","flupyradifurone","8_flupyradifurone",2023-09-16 13:58:08.503058,2023-09-15 17:00:01,"day",24
"7",-73.625,47.5899405464009,-1,519,"8","flupyradifurone","8_flupyradifurone",2023-09-16 14:09:30.863209,2023-09-15 17:00:01,"day",24
"8",51.7727272727273,47.5973648618073,1,519,"8","flupyradifurone","8_flupyradifurone",2023-09-16 14:20:12.32406,2023-09-15 17:00:01,"day",24
"9",-305.5,47.6079581355276,-1,519,"8","flupyradifurone","8_flupyradifurone",2023-09-16 14:35:27.58291,2023-09-15 17:00:01,"day",24
"10",57.8888888888889,47.6735337615966,1,519,"8","flupyradifurone","8_flupyradifurone",2023-09-16 16:09:53.317002,2023-09-15 17:00:01,"day",24
"11",-15.2857142857143,47.6752163981921,-1,519,"8","flupyradifurone","8_flupyradifurone",2023-09-16 16:12:18.696804,2023-09-15 17:00:01,"day",24
"12",-0.0666666666666667,47.6769144270578,-1,519,"8","flupyradifurone","8_flupyradifurone",2023-09-16 16:14:45.406498,2023-09-15 17:00:01,"day",24
"1",21.8333333333333,47.4614216388863,1,515,"8","flupyradifurone","8_flupyradifurone",2023-09-16 11:04:26.8296,2023-09-15 17:00:01,"day",24
"2",-31.5161290322581,47.4623548729491,-1,515,"8","flupyradifurone","8_flupyradifurone",2023-09-16 11:05:47.461023,2023-09-15 17:00:01,"day",24
"3",11,47.4647462781069,1,515,"8","flupyradifurone","8_flupyradifurone",2023-09-16 11:09:14.078429,2023-09-15 17:00:01,"day",24
"4",-1.72727272727273,47.4711717792853,-1,515,"8","flupyradifurone","8_flupyradifurone",2023-09-16 11:18:29.24173,2023-09-15 17:00:01,"day",24
"5",194.666666666667,47.479244295616,1,515,"8","flupyradifurone","8_flupyradifurone",2023-09-16 11:30:06.707141,2023-09-15 17:00:01,"day",24
"6",NA,47.5142916722789,NA,515,"8","flupyradifurone","8_flupyradifurone",2023-09-16 12:20:34.800485,2023-09-15 17:00:01,"day",24
"7",-131.2,47.5872876206767,-1,515,"8","flupyradifurone","8_flupyradifurone",2023-09-16 14:05:41.650426,2023-09-15 17:00:01,"day",24
"1",21.4838709677419,47.5039940033134,1,508,"8","flupyradifurone","8_flupyradifurone",2023-09-16 12:05:45.081886,2023-09-15 17:00:01,"day",24
"2",-13.1186440677966,47.5051526321495,-1,508,"8","flupyradifurone","8_flupyradifurone",2023-09-16 12:07:25.187418,2023-09-15 17:00:01,"day",24
"3",17.1162790697674,47.5097414344724,1,508,"8","flupyradifurone","8_flupyradifurone",2023-09-16 12:14:01.659938,2023-09-15 17:00:01,"day",24
"4",-0.75609756097561,47.5105507671447,-1,508,"8","flupyradifurone","8_flupyradifurone",2023-09-16 12:15:11.586281,2023-09-15 17:00:01,"day",24
"5",-151.285714285714,47.5116744429922,-1,508,"8","flupyradifurone","8_flupyradifurone",2023-09-16 12:16:48.671875,2023-09-15 17:00:01,"day",24
"6",48.5625,47.5451040873665,1,508,"8","flupyradifurone","8_flupyradifurone",2023-09-16 13:04:56.993149,2023-09-15 17:00:01,"day",24
"7",-24.4615384615385,47.5461444254612,-1,508,"8","flupyradifurone","8_flupyradifurone",2023-09-16 13:06:26.87836,2023-09-15 17:00:01,"day",24
"8",1.47222222222222,47.5471264959045,1,508,"8","flupyradifurone","8_flupyradifurone",2023-09-16 13:07:51.729246,2023-09-15 17:00:01,"day",24
"9",232.666666666667,47.548777441577,1,508,"8","flupyradifurone","8_flupyradifurone",2023-09-16 13:10:14.370952,2023-09-15 17:00:01,"day",24
"10",-53.5,47.5809239629465,-1,508,"8","flupyradifurone","8_flupyradifurone",2023-09-16 13:56:31.830399,2023-09-15 17:00:01,"day",24
"11",5.83050847457627,47.5878852789913,1,508,"8","flupyradifurone","8_flupyradifurone",2023-09-16 14:06:33.288105,2023-09-15 17:00:01,"day",24
"12",-5,47.5902154424357,-1,508,"8","flupyradifurone","8_flupyradifurone",2023-09-16 14:09:54.614226,2023-09-15 17:00:01,"day",24
"13",-43.1666666666667,47.5915747267717,-1,508,"8","flupyradifurone","8_flupyradifurone",2023-09-16 14:11:52.056393,2023-09-15 17:00:01,"day",24
"14",10.1785714285714,47.6308891475047,1,508,"8","flupyradifurone","8_flupyradifurone",2023-09-16 15:08:28.822344,2023-09-15 17:00:01,"day",24
"15",108,47.6322469419676,1,508,"8","flupyradifurone","8_flupyradifurone",2023-09-16 15:10:26.135786,2023-09-15 17:00:01,"day",24
"16",1.42222222222222,47.6806798833117,1,508,"8","flupyradifurone","8_flupyradifurone",2023-09-16 16:20:10.741918,2023-09-15 17:00:01,"day",24
"17",70.75,47.6826065283131,1,508,"8","flupyradifurone","8_flupyradifurone",2023-09-16 16:22:57.204046,2023-09-15 17:00:01,"day",24
"1",NA,47.510831240915,NA,470,"8","imidacloprid","8_imidacloprid",2023-09-16 12:15:35.819215,2023-09-16 17:10:01,"day",23.8333333333333
"2",-92.3333333333333,48.6576340286116,-1,470,"8","imidacloprid","8_imidacloprid",2023-09-17 15:46:59.580072,2023-09-16 17:10:01,"day",23.8333333333333
"1",15.9333333333333,47.6020027592171,1,514,"8","flupyradifurone","8_flupyradifurone",2023-09-16 14:26:53.038396,2023-09-15 17:00:01,"day",24
"1",2.22413793103448,47.6206063248979,1,504,"8","flupyradifurone","8_flupyradifurone",2023-09-16 14:53:40.386471,2023-09-15 17:00:01,"day",24
"2",0.941176470588235,47.6251329542503,1,504,"8","flupyradifurone","8_flupyradifurone",2023-09-16 15:00:11.487247,2023-09-15 17:00:01,"day",24
"3",18.5,47.6495614775468,1,504,"8","flupyradifurone","8_flupyradifurone",2023-09-16 15:35:22.11166,2023-09-15 17:00:01,"day",24
"4",-35.1764705882353,47.6503949544622,-1,504,"8","flupyradifurone","8_flupyradifurone",2023-09-16 15:36:34.124066,2023-09-15 17:00:01,"day",24
"5",-1.75,47.662580804209,-1,504,"8","flupyradifurone","8_flupyradifurone",2023-09-16 15:54:06.981484,2023-09-15 17:00:01,"day",24
"6",0.705882352941177,47.6769593119695,1,504,"8","flupyradifurone","8_flupyradifurone",2023-09-16 16:14:49.284554,2023-09-15 17:00:01,"day",24
"7",18.8139534883721,47.682146904718,1,504,"8","flupyradifurone","8_flupyradifurone",2023-09-16 16:22:17.492568,2023-09-15 17:00:01,"day",24
"8",-23.1666666666667,47.6833557950202,-1,504,"8","flupyradifurone","8_flupyradifurone",2023-09-16 16:24:01.94069,2023-09-15 17:00:01,"day",24
"9",4.10294117647059,47.6923542406966,1,504,"8","flupyradifurone","8_flupyradifurone",2023-09-16 16:36:59.406396,2023-09-15 17:00:01,"day",24
"10",-0.754716981132076,47.6941887450697,-1,504,"8","flupyradifurone","8_flupyradifurone",2023-09-16 16:39:37.907574,2023-09-15 17:00:01,"day",24
"11",1.03225806451613,47.7012021544424,1,504,"8","flupyradifurone","8_flupyradifurone",2023-09-16 16:49:43.866144,2023-09-15 17:00:01,"day",24
"1",-20,47.6220658593866,-1,506,"8","flupyradifurone","8_flupyradifurone",2023-09-16 14:55:46.490251,2023-09-15 17:00:01,"day",24
"2",4.59259259259259,47.6291120385602,1,506,"8","flupyradifurone","8_flupyradifurone",2023-09-16 15:05:55.280132,2023-09-15 17:00:01,"day",24
"3",1.25,47.6399396216441,1,506,"8","flupyradifurone","8_flupyradifurone",2023-09-16 15:21:30.78331,2023-09-15 17:00:01,"day",24
"4",-1.05882352941176,47.6495687150594,-1,506,"8","flupyradifurone","8_flupyradifurone",2023-09-16 15:35:22.736981,2023-09-15 17:00:01,"day",24
"1",NA,48.00442147867,NA,461,"8","imidacloprid","8_imidacloprid",2023-09-17 00:06:22.015757,2023-09-16 17:10:01,"day",23.8333333333333
"2",-42,48.5250462513035,-1,461,"8","imidacloprid","8_imidacloprid",2023-09-17 12:36:03.996113,2023-09-16 17:10:01,"day",23.8333333333333
"3",-37.25,48.5339894075841,-1,461,"8","imidacloprid","8_imidacloprid",2023-09-17 12:48:56.684815,2023-09-16 17:10:01,"day",23.8333333333333
"4",-105,48.5367088928626,-1,461,"8","imidacloprid","8_imidacloprid",2023-09-17 12:52:51.648343,2023-09-16 17:10:01,"day",23.8333333333333
"5",-187,48.5561047388696,-1,461,"8","imidacloprid","8_imidacloprid",2023-09-17 13:20:47.449438,2023-09-16 17:10:01,"day",23.8333333333333
"6",50.7142857142857,48.5623911461117,1,461,"8","imidacloprid","8_imidacloprid",2023-09-17 13:29:50.595024,2023-09-16 17:10:01,"day",23.8333333333333
"7",-17.9166666666667,48.568175706064,-1,461,"8","imidacloprid","8_imidacloprid",2023-09-17 13:38:10.381004,2023-09-16 17:10:01,"day",23.8333333333333
"8",-92,48.6899805584715,-1,461,"8","imidacloprid","8_imidacloprid",2023-09-17 16:33:34.320252,2023-09-16 17:10:01,"day",23.8333333333333
"1",-180,48.33038267706,-1,467,"8","imidacloprid","8_imidacloprid",2023-09-17 07:55:45.063298,2023-09-16 17:10:01,"day",23.8333333333333
"2",21.32,48.6138972492233,1,467,"8","imidacloprid","8_imidacloprid",2023-09-17 14:44:00.722333,2023-09-16 17:10:01,"day",23.8333333333333
"3",NA,48.680384404513,NA,467,"8","imidacloprid","8_imidacloprid",2023-09-17 16:19:45.21255,2023-09-16 17:10:01,"day",23.8333333333333
"1",-23.3333333333333,48.4922094273698,-1,468,"8","imidacloprid","8_imidacloprid",2023-09-17 11:48:46.894525,2023-09-16 17:10:01,"day",23.8333333333333
"2",-166.5,48.4967921491896,-1,468,"8","imidacloprid","8_imidacloprid",2023-09-17 11:55:22.84169,2023-09-16 17:10:01,"day",23.8333333333333
"3",-199,48.6147883277952,-1,468,"8","imidacloprid","8_imidacloprid",2023-09-17 14:45:17.711522,2023-09-16 17:10:01,"day",23.8333333333333
"1",-20,48.505855861851,-1,474,"8","imidacloprid","8_imidacloprid",2023-09-17 12:08:25.946464,2023-09-16 17:10:01,"day",23.8333333333333
"1",-80,48.5107028229797,-1,469,"8","imidacloprid","8_imidacloprid",2023-09-17 12:15:24.723906,2023-09-16 17:10:01,"day",23.8333333333333
"2",-38.6666666666667,48.5481228008211,-1,469,"8","imidacloprid","8_imidacloprid",2023-09-17 13:09:17.809991,2023-09-16 17:10:01,"day",23.8333333333333
"1",1.9,48.5643439096235,1,476,"8","imidacloprid","8_imidacloprid",2023-09-17 13:32:39.313792,2023-09-16 17:10:01,"day",23.8333333333333
"2",149,48.5718974603644,1,476,"8","imidacloprid","8_imidacloprid",2023-09-17 13:43:31.940576,2023-09-16 17:10:01,"day",23.8333333333333
"3",43.75,48.6461311349444,1,476,"8","imidacloprid","8_imidacloprid",2023-09-17 15:30:25.730059,2023-09-16 17:10:01,"day",23.8333333333333
"1",NA,48.5654386432414,NA,471,"8","imidacloprid","8_imidacloprid",2023-09-17 13:34:13.898776,2023-09-16 17:10:01,"day",23.8333333333333
"2",-293,48.5786455753114,-1,471,"8","imidacloprid","8_imidacloprid",2023-09-17 13:53:14.977707,2023-09-16 17:10:01,"day",23.8333333333333
"1",-0.25,48.5905752152814,-1,465,"8","imidacloprid","8_imidacloprid",2023-09-17 14:10:25.6986,2023-09-16 17:10:01,"day",23.8333333333333
"2",-2.25,48.6230773824117,-1,465,"8","imidacloprid","8_imidacloprid",2023-09-17 14:57:13.88584,2023-09-16 17:10:01,"day",23.8333333333333
"1",16.1,48.6133690319697,1,464,"8","imidacloprid","8_imidacloprid",2023-09-17 14:43:15.084362,2023-09-16 17:10:01,"day",23.8333333333333
"1",-1.8125,48.71380175339,-1,497,"8","control","8_control",2023-09-17 17:07:52.471493,2023-09-17 17:10:01,"day",24.0833333333333
"1",48.2380952380952,48.7279587911493,1,493,"8","control","8_control",2023-09-17 17:28:15.639555,2023-09-17 17:10:01,"day",24.0833333333333
"2",-4.09090909090909,48.730440140898,-1,493,"8","control","8_control",2023-09-17 17:31:50.028174,2023-09-17 17:10:01,"day",24.0833333333333
"3",-5.53846153846154,48.7333608639363,-1,493,"8","control","8_control",2023-09-17 17:36:02.378644,2023-09-17 17:10:01,"day",24.0833333333333
"4",1.26923076923077,48.73608801319,1,493,"8","control","8_control",2023-09-17 17:39:58.00434,2023-09-17 17:10:01,"day",24.0833333333333
"5",4.85714285714286,48.7381594107799,1,493,"8","control","8_control",2023-09-17 17:42:56.973091,2023-09-17 17:10:01,"day",24.0833333333333
"6",-0.226415094339623,49.5028101531859,-1,493,"8","control","8_control",2023-09-18 12:04:02.797235,2023-09-17 17:10:01,"day",24.0833333333333
"7",87.0833333333333,49.503947311591,1,493,"8","control","8_control",2023-09-18 12:05:41.047721,2023-09-17 17:10:01,"day",24.0833333333333
"1",22.1538461538462,48.7370708546078,1,483,"8","control","8_control",2023-09-17 17:41:22.921838,2023-09-17 17:10:01,"day",24.0833333333333
"2",18.4444444444444,49.6373608250808,1,483,"8","control","8_control",2023-09-18 15:17:47.975287,2023-09-17 17:10:01,"day",24.0833333333333
"3",-36.5,49.6384910024629,-1,483,"8","control","8_control",2023-09-18 15:19:25.622613,2023-09-17 17:10:01,"day",24.0833333333333
"4",239.4,49.6408235505499,1,483,"8","control","8_control",2023-09-18 15:22:47.154768,2023-09-17 17:10:01,"day",24.0833333333333
"5",-222.25,49.6958170838268,-1,483,"8","control","8_control",2023-09-18 16:41:58.596043,2023-09-17 17:10:01,"day",24.0833333333333
"1",-19.8571428571429,48.8119904716883,-1,498,"8","control","8_control",2023-09-17 19:29:15.976754,2023-09-17 17:10:01,"day",24.0833333333333
"2",25,48.8793237938021,1,498,"8","control","8_control",2023-09-17 21:06:13.575784,2023-09-17 17:10:01,"day",24.0833333333333
"3",43.3125,49.6218470885856,1,498,"8","control","8_control",2023-09-18 14:55:27.588454,2023-09-17 17:10:01,"day",24.0833333333333
"4",-7.71428571428571,49.6227381527063,-1,498,"8","control","8_control",2023-09-18 14:56:44.576394,2023-09-17 17:10:01,"day",24.0833333333333
"5",14,49.630446140515,1,498,"8","control","8_control",2023-09-18 15:07:50.54654,2023-09-17 17:10:01,"day",24.0833333333333
"6",-9.76923076923077,49.6323719037746,-1,498,"8","control","8_control",2023-09-18 15:10:36.932486,2023-09-17 17:10:01,"day",24.0833333333333
"7",45.5333333333333,49.6344974335925,1,498,"8","control","8_control",2023-09-18 15:13:40.578262,2023-09-17 17:10:01,"day",24.0833333333333
"8",-1.91176470588235,49.6381731427951,-1,498,"8","control","8_control",2023-09-18 15:18:58.159538,2023-09-17 17:10:01,"day",24.0833333333333
"9",13.2105263157895,49.6391238999276,1,498,"8","control","8_control",2023-09-18 15:20:20.304954,2023-09-17 17:10:01,"day",24.0833333333333
"10",27.5,49.640586249626,1,498,"8","control","8_control",2023-09-18 15:22:26.651968,2023-09-17 17:10:01,"day",24.0833333333333
"11",-394.5,49.6418986796137,-1,498,"8","control","8_control",2023-09-18 15:24:20.045919,2023-09-17 17:10:01,"day",24.0833333333333
"12",-0.780487804878049,49.6497239308714,-1,498,"8","control","8_control",2023-09-18 15:35:36.147627,2023-09-17 17:10:01,"day",24.0833333333333
"13",106.090909090909,49.6568195209569,1,498,"8","control","8_control",2023-09-18 15:45:49.206611,2023-09-17 17:10:01,"day",24.0833333333333
"1",0.473684210526316,48.8416254899151,1,485,"8","control","8_control",2023-09-17 20:11:56.442329,2023-09-17 17:10:01,"day",24.0833333333333
"2",-6.91666666666667,48.8441001480201,-1,485,"8","control","8_control",2023-09-17 20:15:30.252789,2023-09-17 17:10:01,"day",24.0833333333333
"3",137,48.8475689425577,1,485,"8","control","8_control",2023-09-17 20:20:29.956637,2023-09-17 17:10:01,"day",24.0833333333333
"4",6.28571428571429,49.4567358790407,1,485,"8","control","8_control",2023-09-18 10:57:41.979949,2023-09-17 17:10:01,"day",24.0833333333333
"5",38.4814814814815,49.4580445954049,1,485,"8","control","8_control",2023-09-18 10:59:35.053043,2023-09-17 17:10:01,"day",24.0833333333333
"6",-31.46875,49.4594092236577,-1,485,"8","control","8_control",2023-09-18 11:01:32.956924,2023-09-17 17:10:01,"day",24.0833333333333
"7",287.25,49.4625290048823,1,485,"8","control","8_control",2023-09-18 11:06:02.506022,2023-09-17 17:10:01,"day",24.0833333333333
"1",-13,49.5180867064349,-1,491,"8","control","8_control",2023-09-18 12:26:02.691436,2023-09-17 17:10:01,"day",24.0833333333333
"2",91.3333333333333,49.5388323755031,1,491,"8","control","8_control",2023-09-18 12:55:55.117244,2023-09-17 17:10:01,"day",24.0833333333333
"3",-81.2,49.5459928350348,-1,491,"8","control","8_control",2023-09-18 13:06:13.780947,2023-09-17 17:10:01,"day",24.0833333333333
"4",40.7142857142857,49.5507522922409,1,491,"8","control","8_control",2023-09-18 13:13:04.99805,2023-09-17 17:10:01,"day",24.0833333333333
"5",-6.3,49.5553322883818,-1,491,"8","control","8_control",2023-09-18 13:19:40.709716,2023-09-17 17:10:01,"day",24.0833333333333
"6",-78,49.5586309395905,-1,491,"8","control","8_control",2023-09-18 13:24:25.713181,2023-09-17 17:10:01,"day",24.0833333333333
"7",-2.71428571428571,49.5685436279775,-1,491,"8","control","8_control",2023-09-18 13:38:42.169457,2023-09-17 17:10:01,"day",24.0833333333333
"8",40.7,49.5701619820264,1,491,"8","control","8_control",2023-09-18 13:41:01.995247,2023-09-17 17:10:01,"day",24.0833333333333
"9",25.3333333333333,49.6323650578831,1,491,"8","control","8_control",2023-09-18 15:10:36.341001,2023-09-17 17:10:01,"day",24.0833333333333
"10",-0.181818181818182,49.6926192826359,-1,491,"8","control","8_control",2023-09-18 16:37:22.30602,2023-09-17 17:10:01,"day",24.0833333333333
"11",258.333333333333,49.7148298622482,1,491,"8","control","8_control",2023-09-18 17:09:21.300098,2023-09-17 17:10:01,"day",24.0833333333333
"12",-28.5294117647059,49.7168604331742,-1,491,"8","control","8_control",2023-09-18 17:12:16.741426,2023-09-17 17:10:01,"day",24.0833333333333
"13",-141,49.7184318928934,-1,491,"8","control","8_control",2023-09-18 17:14:32.515546,2023-09-17 17:10:01,"day",24.0833333333333
"1",-9,49.5538802662306,-1,496,"8","control","8_control",2023-09-18 13:17:35.255002,2023-09-17 17:10:01,"day",24.0833333333333
"2",-415.5,49.5563822481174,-1,496,"8","control","8_control",2023-09-18 13:21:11.426237,2023-09-17 17:10:01,"day",24.0833333333333
"3",-16.4375,49.5576139396666,-1,496,"8","control","8_control",2023-09-18 13:22:57.844387,2023-09-17 17:10:01,"day",24.0833333333333
"4",187.333333333333,49.5606135390656,1,496,"8","control","8_control",2023-09-18 13:27:17.009775,2023-09-17 17:10:01,"day",24.0833333333333
"5",-0.19047619047619,49.5614345330101,-1,496,"8","control","8_control",2023-09-18 13:28:27.943652,2023-09-17 17:10:01,"day",24.0833333333333
"6",-29.4,49.562745940903,-1,496,"8","control","8_control",2023-09-18 13:30:21.249294,2023-09-17 17:10:01,"day",24.0833333333333
"7",-180.833333333333,49.5741671268074,-1,496,"8","control","8_control",2023-09-18 13:46:48.039756,2023-09-17 17:10:01,"day",24.0833333333333
"8",-3.34042553191489,49.6113073561531,-1,496,"8","control","8_control",2023-09-18 14:40:16.955572,2023-09-17 17:10:01,"day",24.0833333333333
"9",29.6315789473684,49.6484810817697,1,496,"8","control","8_control",2023-09-18 15:33:48.765465,2023-09-17 17:10:01,"day",24.0833333333333
"10",-191,49.6569069276212,-1,496,"8","control","8_control",2023-09-18 15:45:56.758546,2023-09-17 17:10:01,"day",24.0833333333333
"11",-2.83333333333333,49.6922471122045,-1,496,"8","control","8_control",2023-09-18 16:36:50.150495,2023-09-17 17:10:01,"day",24.0833333333333
"1",-4.27906976744186,49.6140285478322,-1,482,"8","control","8_control",2023-09-18 14:44:12.066533,2023-09-17 17:10:01,"day",24.0833333333333
"2",77.6666666666667,49.6663823412221,1,482,"8","control","8_control",2023-09-18 15:59:35.434282,2023-09-17 17:10:01,"day",24.0833333333333
"3",-22.1818181818182,49.6673968356008,-1,482,"8","control","8_control",2023-09-18 16:01:03.086596,2023-09-17 17:10:01,"day",24.0833333333333
"4",19.2391304347826,49.6889912976861,1,482,"8","control","8_control",2023-09-18 16:32:08.84812,2023-09-17 17:10:01,"day",24.0833333333333
"5",-33.1333333333333,49.6898340386408,-1,482,"8","control","8_control",2023-09-18 16:33:21.660939,2023-09-17 17:10:01,"day",24.0833333333333
"6",2.35714285714286,49.6912228505652,1,482,"8","control","8_control",2023-09-18 16:35:21.654289,2023-09-17 17:10:01,"day",24.0833333333333
"7",10.1515151515152,49.6925057505617,1,482,"8","control","8_control",2023-09-18 16:37:12.496849,2023-09-17 17:10:01,"day",24.0833333333333
"1",-4.16129032258065,49.6270934888693,-1,488,"8","control","8_control",2023-09-18 15:03:00.877438,2023-09-17 17:10:01,"day",24.0833333333333
"2",0.606060606060606,49.651452240018,1,488,"8","control","8_control",2023-09-18 15:38:05.473537,2023-09-17 17:10:01,"day",24.0833333333333
"1",-0.530612244897959,49.6666449071243,-1,486,"8","control","8_control",2023-09-18 15:59:58.119976,2023-09-17 17:10:01,"day",24.0833333333333
"2",7.90476190476191,49.6697088691044,1,486,"8","control","8_control",2023-09-18 16:04:22.846291,2023-09-17 17:10:01,"day",24.0833333333333
"3",27.4545454545455,49.6732913453836,1,486,"8","control","8_control",2023-09-18 16:09:32.372241,2023-09-17 17:10:01,"day",24.0833333333333
"4",-42.0555555555556,49.6744158297243,-1,486,"8","control","8_control",2023-09-18 16:11:09.527688,2023-09-17 17:10:01,"day",24.0833333333333
"1",31.6,52.7648987007868,1,562,"9","flupyradifurone","9_flupyradifurone",2023-09-21 18:21:27.247748,2023-09-21 18:25:01,"day",23.5833333333333
"2",-13.6666666666667,52.7666952738802,-1,562,"9","flupyradifurone","9_flupyradifurone",2023-09-21 18:24:02.471663,2023-09-21 18:25:01,"day",23.5833333333333
"3",6.3125,52.7687280635089,1,562,"9","flupyradifurone","9_flupyradifurone",2023-09-21 18:26:58.104687,2023-09-21 18:25:01,"day",23.5833333333333
"1",-187.25,52.7665722809859,-1,576,"9","flupyradifurone","9_flupyradifurone",2023-09-21 18:23:51.845077,2023-09-21 18:25:01,"night",23.5833333333333
"2",105.75,52.7829301990112,1,576,"9","flupyradifurone","9_flupyradifurone",2023-09-21 18:47:25.169194,2023-09-21 18:25:01,"night",23.5833333333333
"3",NA,52.8031636692473,NA,576,"9","flupyradifurone","9_flupyradifurone",2023-09-21 19:16:33.341023,2023-09-21 18:25:01,"night",23.5833333333333
"4",17.4285714285714,52.8051078704102,1,576,"9","flupyradifurone","9_flupyradifurone",2023-09-21 19:19:21.320004,2023-09-21 18:25:01,"night",23.5833333333333
"5",-3,52.8063259358217,-1,576,"9","flupyradifurone","9_flupyradifurone",2023-09-21 19:21:06.560855,2023-09-21 18:25:01,"night",23.5833333333333
"6",-53.3,52.8089365698641,-1,576,"9","flupyradifurone","9_flupyradifurone",2023-09-21 19:24:52.119636,2023-09-21 18:25:01,"night",23.5833333333333
"1",NA,52.7691726019565,NA,572,"9","flupyradifurone","9_flupyradifurone",2023-09-21 18:27:36.512809,2023-09-21 18:25:01,"day",23.5833333333333
"2",-53,53.5941788374342,-1,572,"9","flupyradifurone","9_flupyradifurone",2023-09-22 14:15:37.051554,2023-09-21 18:25:01,"day",23.5833333333333
"3",-147.5,53.6331312088972,-1,572,"9","flupyradifurone","9_flupyradifurone",2023-09-22 15:11:42.536449,2023-09-21 18:25:01,"day",23.5833333333333
"1",-338,53.5421087328193,-1,571,"9","flupyradifurone","9_flupyradifurone",2023-09-22 13:00:38.194516,2023-09-21 18:25:01,"day",23.5833333333333
"2",-90.5,53.600409502842,-1,571,"9","flupyradifurone","9_flupyradifurone",2023-09-22 14:24:35.381046,2023-09-21 18:25:01,"day",23.5833333333333
"3",NA,53.6144055649997,NA,571,"9","flupyradifurone","9_flupyradifurone",2023-09-22 14:44:44.640816,2023-09-21 18:25:01,"day",23.5833333333333
"4",306,53.6161868278806,1,571,"9","flupyradifurone","9_flupyradifurone",2023-09-22 14:47:18.541929,2023-09-21 18:25:01,"day",23.5833333333333
"5",-12.3333333333333,53.627371075818,-1,571,"9","flupyradifurone","9_flupyradifurone",2023-09-22 15:03:24.860951,2023-09-21 18:25:01,"day",23.5833333333333
"6",-80,53.6351083995692,-1,571,"9","flupyradifurone","9_flupyradifurone",2023-09-22 15:14:33.365723,2023-09-21 18:25:01,"day",23.5833333333333
"7",NA,53.6439882060306,NA,571,"9","flupyradifurone","9_flupyradifurone",2023-09-22 15:27:20.581001,2023-09-21 18:25:01,"day",23.5833333333333
"8",NA,53.6521537763074,NA,571,"9","flupyradifurone","9_flupyradifurone",2023-09-22 15:39:06.086273,2023-09-21 18:25:01,"day",23.5833333333333
"9",-55.25,53.6538433473021,-1,571,"9","flupyradifurone","9_flupyradifurone",2023-09-22 15:41:32.065207,2023-09-21 18:25:01,"day",23.5833333333333
"10",-305.5,53.6700311989972,-1,571,"9","flupyradifurone","9_flupyradifurone",2023-09-22 16:04:50.695593,2023-09-21 18:25:01,"day",23.5833333333333
"11",NA,53.6795448274773,NA,571,"9","flupyradifurone","9_flupyradifurone",2023-09-22 16:18:32.673094,2023-09-21 18:25:01,"day",23.5833333333333
"12",NA,53.6820069643414,NA,571,"9","flupyradifurone","9_flupyradifurone",2023-09-22 16:22:05.401719,2023-09-21 18:25:01,"day",23.5833333333333
"13",-464,53.6918530324253,-1,571,"9","flupyradifurone","9_flupyradifurone",2023-09-22 16:36:16.102002,2023-09-21 18:25:01,"day",23.5833333333333
"14",21.6666666666667,53.7064242710946,1,571,"9","flupyradifurone","9_flupyradifurone",2023-09-22 16:57:15.057023,2023-09-21 18:25:01,"day",23.5833333333333
"15",-135.333333333333,53.7152965528939,-1,571,"9","flupyradifurone","9_flupyradifurone",2023-09-22 17:10:01.62217,2023-09-21 18:25:01,"day",23.5833333333333
"1",53.9411764705882,53.5648061028687,1,575,"9","flupyradifurone","9_flupyradifurone",2023-09-22 13:33:19.247288,2023-09-21 18:25:01,"day",23.5833333333333
"2",-41.125,53.5662196614392,-1,575,"9","flupyradifurone","9_flupyradifurone",2023-09-22 13:35:21.378748,2023-09-21 18:25:01,"day",23.5833333333333
"3",148.714285714286,53.5685570287259,1,575,"9","flupyradifurone","9_flupyradifurone",2023-09-22 13:38:43.327282,2023-09-21 18:25:01,"day",23.5833333333333
"1",-209,53.594024814508,-1,561,"9","flupyradifurone","9_flupyradifurone",2023-09-22 14:15:23.743973,2023-09-21 18:25:01,"day",23.5833333333333
"2",218.666666666667,53.6005895747134,1,561,"9","flupyradifurone","9_flupyradifurone",2023-09-22 14:24:50.939255,2023-09-21 18:25:01,"day",23.5833333333333
"3",-351,53.6578252445649,-1,561,"9","flupyradifurone","9_flupyradifurone",2023-09-22 15:47:16.10113,2023-09-21 18:25:01,"day",23.5833333333333
"4",445,53.6634810934781,1,561,"9","flupyradifurone","9_flupyradifurone",2023-09-22 15:55:24.766477,2023-09-21 18:25:01,"day",23.5833333333333
"5",-542,53.6821436389756,-1,561,"9","flupyradifurone","9_flupyradifurone",2023-09-22 16:22:17.210407,2023-09-21 18:25:01,"day",23.5833333333333
"6",65.5,53.6863431214607,1,561,"9","flupyradifurone","9_flupyradifurone",2023-09-22 16:28:20.045694,2023-09-21 18:25:01,"day",23.5833333333333
"7",-471,53.694325011603,-1,561,"9","flupyradifurone","9_flupyradifurone",2023-09-22 16:39:49.681003,2023-09-21 18:25:01,"day",23.5833333333333
"8",77.7142857142857,53.6957110551289,1,561,"9","flupyradifurone","9_flupyradifurone",2023-09-22 16:41:49.435163,2023-09-21 18:25:01,"day",23.5833333333333
"9",-119,53.7065691832819,-1,561,"9","flupyradifurone","9_flupyradifurone",2023-09-22 16:57:27.577435,2023-09-21 18:25:01,"day",23.5833333333333
"10",287.5,53.7085914366628,1,561,"9","flupyradifurone","9_flupyradifurone",2023-09-22 17:00:22.300128,2023-09-21 18:25:01,"day",23.5833333333333
"11",-87.4285714285714,53.71999828661,-1,561,"9","flupyradifurone","9_flupyradifurone",2023-09-22 17:16:47.851963,2023-09-21 18:25:01,"day",23.5833333333333
"12",267.333333333333,53.7226900733994,1,561,"9","flupyradifurone","9_flupyradifurone",2023-09-22 17:20:40.422342,2023-09-21 18:25:01,"day",23.5833333333333
"1",3.4,53.6256359750767,1,574,"9","flupyradifurone","9_flupyradifurone",2023-09-22 15:00:54.948247,2023-09-21 18:25:01,"day",23.5833333333333
"2",14.8285714285714,53.6399408902101,1,574,"9","flupyradifurone","9_flupyradifurone",2023-09-22 15:21:30.892914,2023-09-21 18:25:01,"day",23.5833333333333
"1",120.5,53.6444753697964,1,569,"9","flupyradifurone","9_flupyradifurone",2023-09-22 15:28:02.67195,2023-09-21 18:25:01,"day",23.5833333333333
"2",-214.333333333333,53.6473934235334,-1,569,"9","flupyradifurone","9_flupyradifurone",2023-09-22 15:32:14.791793,2023-09-21 18:25:01,"day",23.5833333333333
"3",333.5,53.6532888011147,1,569,"9","flupyradifurone","9_flupyradifurone",2023-09-22 15:40:44.152416,2023-09-21 18:25:01,"day",23.5833333333333
"1",28.2857142857143,53.6472418484692,1,578,"9","flupyradifurone","9_flupyradifurone",2023-09-22 15:32:01.695708,2023-09-21 18:25:01,"day",23.5833333333333
"2",18,53.6559551464946,1,578,"9","flupyradifurone","9_flupyradifurone",2023-09-22 15:44:34.524657,2023-09-21 18:25:01,"day",23.5833333333333
"1",-95,53.7582967588554,-1,540,"9","control","9_control",2023-09-22 18:11:56.839965,2023-09-22 18:30:01,"day",21.9166666666667
"2",26.3333333333333,53.7954318787803,1,540,"9","control","9_control",2023-09-22 19:05:25.314327,2023-09-22 18:30:01,"day",21.9166666666667
"3",-2.07894736842105,54.5700334002129,-1,540,"9","control","9_control",2023-09-23 13:40:50.885778,2023-09-22 18:30:01,"day",21.9166666666667
"4",9.22222222222222,54.5740192515345,1,540,"9","control","9_control",2023-09-23 13:46:35.263333,2023-09-22 18:30:01,"day",21.9166666666667
"5",-3.92307692307692,54.5751908733542,-1,540,"9","control","9_control",2023-09-23 13:48:16.491458,2023-09-22 18:30:01,"day",21.9166666666667
"6",1.22727272727273,54.5765151877702,1,540,"9","control","9_control",2023-09-23 13:50:10.912223,2023-09-22 18:30:01,"day",21.9166666666667
"7",-1.04545454545455,54.5808537565193,-1,540,"9","control","9_control",2023-09-23 13:56:25.764563,2023-09-22 18:30:01,"day",21.9166666666667
"8",-9.36363636363636,54.5827464601915,-1,540,"9","control","9_control",2023-09-23 13:59:09.294161,2023-09-22 18:30:01,"day",21.9166666666667
"9",216.25,54.5873998344121,1,540,"9","control","9_control",2023-09-23 14:05:51.345693,2023-09-22 18:30:01,"day",21.9166666666667
"10",-163.8,54.6096013399306,-1,540,"9","control","9_control",2023-09-23 14:37:49.55577,2023-09-22 18:30:01,"day",21.9166666666667
"11",92.8333333333333,54.6126271113524,1,540,"9","control","9_control",2023-09-23 14:42:10.982421,2023-09-22 18:30:01,"day",21.9166666666667
"12",-170.2,54.6412218456987,-1,540,"9","control","9_control",2023-09-23 15:23:21.567468,2023-09-22 18:30:01,"day",21.9166666666667
"13",22.3142857142857,54.6427957320659,1,540,"9","control","9_control",2023-09-23 15:25:37.55125,2023-09-22 18:30:01,"day",21.9166666666667
"14",-58.3636363636364,54.7107307038311,-1,540,"9","control","9_control",2023-09-23 17:03:27.132811,2023-09-22 18:30:01,"day",21.9166666666667
"15",9.07142857142857,54.7124305404826,1,540,"9","control","9_control",2023-09-23 17:05:53.998698,2023-09-22 18:30:01,"day",21.9166666666667
"1",25.75,53.7603254894421,1,553,"9","control","9_control",2023-09-22 18:14:52.122288,2023-09-22 18:30:01,"day",21.9166666666667
"2",3.33333333333333,54.4589459467359,1,553,"9","control","9_control",2023-09-23 11:00:52.929798,2023-09-22 18:30:01,"day",21.9166666666667
"3",NA,54.473209240649,NA,553,"9","control","9_control",2023-09-23 11:21:25.278392,2023-09-22 18:30:01,"day",21.9166666666667
"4",-1,54.4770677255529,-1,553,"9","control","9_control",2023-09-23 11:26:58.651488,2023-09-22 18:30:01,"day",21.9166666666667
"5",NA,54.4902323826044,NA,553,"9","control","9_control",2023-09-23 11:45:56.077857,2023-09-22 18:30:01,"day",21.9166666666667
"6",159,54.5043044618724,1,553,"9","control","9_control",2023-09-23 12:06:11.905506,2023-09-22 18:30:01,"day",21.9166666666667
"7",315,54.5286773689754,1,553,"9","control","9_control",2023-09-23 12:41:17.724679,2023-09-22 18:30:01,"day",21.9166666666667
"8",43.6470588235294,54.5305674486883,1,553,"9","control","9_control",2023-09-23 12:44:01.027567,2023-09-22 18:30:01,"day",21.9166666666667
"9",46.4285714285714,54.5694865615335,1,553,"9","control","9_control",2023-09-23 13:40:03.638916,2023-09-22 18:30:01,"day",21.9166666666667
"10",180,54.5895242408132,1,553,"9","control","9_control",2023-09-23 14:08:54.894406,2023-09-22 18:30:01,"day",21.9166666666667
"11",-47.7142857142857,54.6134088728691,-1,553,"9","control","9_control",2023-09-23 14:43:18.526616,2023-09-22 18:30:01,"day",21.9166666666667
"12",49.8,54.6467562334129,1,553,"9","control","9_control",2023-09-23 15:31:19.738567,2023-09-22 18:30:01,"day",21.9166666666667
"13",-10.6666666666667,54.6767936728379,-1,553,"9","control","9_control",2023-09-23 16:14:34.973333,2023-09-22 18:30:01,"day",21.9166666666667
"14",-140.333333333333,54.7103763539089,-1,553,"9","control","9_control",2023-09-23 17:02:56.516978,2023-09-22 18:30:01,"day",21.9166666666667
"1",-24.21875,53.7606226095753,-1,554,"9","control","9_control",2023-09-22 18:15:17.793467,2023-09-22 18:30:01,"day",21.9166666666667
"1",75.3333333333333,53.763398143528,1,557,"9","control","9_control",2023-09-22 18:19:17.599601,2023-09-22 18:30:01,"day",21.9166666666667
"2",-40.2222222222222,53.7662600236116,-1,557,"9","control","9_control",2023-09-22 18:23:24.86604,2023-09-22 18:30:01,"day",21.9166666666667
"3",-1.66666666666667,53.7673838707926,-1,557,"9","control","9_control",2023-09-22 18:25:01.966436,2023-09-22 18:30:01,"day",21.9166666666667
"4",129.5,53.7687228680783,1,557,"9","control","9_control",2023-09-22 18:26:57.655802,2023-09-22 18:30:01,"day",21.9166666666667
"5",285.5,53.7711101012649,1,557,"9","control","9_control",2023-09-22 18:30:23.912749,2023-09-22 18:30:01,"day",21.9166666666667
"6",31.1666666666667,53.7741674054181,1,557,"9","control","9_control",2023-09-22 18:34:48.063828,2023-09-22 18:30:01,"day",21.9166666666667
"7",163,53.7790684353119,1,557,"9","control","9_control",2023-09-22 18:41:51.512811,2023-09-22 18:30:01,"day",21.9166666666667
"8",56.1428571428571,53.7820095832708,1,557,"9","control","9_control",2023-09-22 18:46:05.627995,2023-09-22 18:30:01,"day",21.9166666666667
"9",-1.66666666666667,53.78378780079,-1,557,"9","control","9_control",2023-09-22 18:48:39.265988,2023-09-22 18:30:01,"day",21.9166666666667
"10",263,54.4758630722568,1,557,"9","control","9_control",2023-09-23 11:25:14.569443,2023-09-22 18:30:01,"day",21.9166666666667
"11",-30.3684210526316,54.4773441496446,-1,557,"9","control","9_control",2023-09-23 11:27:22.534529,2023-09-22 18:30:01,"day",21.9166666666667
"1",5.8,53.7821122444959,1,547,"9","control","9_control",2023-09-22 18:46:14.497924,2023-09-22 18:30:01,"day",21.9166666666667
"2",12.1818181818182,54.1685718711459,1,547,"9","control","9_control",2023-09-23 04:02:44.609667,2023-09-22 18:30:01,"day",21.9166666666667
"3",4.76190476190476,54.4293708721793,1,547,"9","control","9_control",2023-09-23 10:18:17.643356,2023-09-22 18:30:01,"day",21.9166666666667
"4",4.93103448275862,54.4304051512035,1,547,"9","control","9_control",2023-09-23 10:19:47.005064,2023-09-22 18:30:01,"day",21.9166666666667
"5",-0.492753623188406,54.4448042852886,-1,547,"9","control","9_control",2023-09-23 10:40:31.090249,2023-09-22 18:30:01,"day",21.9166666666667
"6",12.3260869565217,54.4596518090633,1,547,"9","control","9_control",2023-09-23 11:01:53.916303,2023-09-22 18:30:01,"day",21.9166666666667
"7",-306.666666666667,54.5599500271788,-1,547,"9","control","9_control",2023-09-23 13:26:19.682348,2023-09-22 18:30:01,"day",21.9166666666667
"8",-1.11392405063291,54.5690082013077,-1,547,"9","control","9_control",2023-09-23 13:39:22.308593,2023-09-22 18:30:01,"day",21.9166666666667
"9",0.0666666666666667,54.5698129088359,1,547,"9","control","9_control",2023-09-23 13:40:31.835323,2023-09-22 18:30:01,"day",21.9166666666667
"10",23.1086956521739,54.570663511938,1,547,"9","control","9_control",2023-09-23 13:41:45.327431,2023-09-22 18:30:01,"day",21.9166666666667
"11",-647,54.7050651474476,-1,547,"9","control","9_control",2023-09-23 16:55:17.628739,2023-09-22 18:30:01,"day",21.9166666666667
"12",11.5696202531646,54.7084332089895,1,547,"9","control","9_control",2023-09-23 17:00:08.629257,2023-09-22 18:30:01,"day",21.9166666666667
"1",6.11688311688312,53.7838406673485,1,544,"9","control","9_control",2023-09-22 18:48:43.833659,2023-09-22 18:30:01,"night",21.9166666666667
"2",-12.8717948717949,53.8037582485323,-1,544,"9","control","9_control",2023-09-22 19:17:24.712673,2023-09-22 18:30:01,"night",21.9166666666667
"3",-2.86764705882353,53.8047219956206,-1,544,"9","control","9_control",2023-09-22 19:18:47.980422,2023-09-22 18:30:01,"night",21.9166666666667
"4",-58.3333333333333,53.8061245926315,-1,544,"9","control","9_control",2023-09-22 19:20:49.164803,2023-09-22 18:30:01,"night",21.9166666666667
"5",-113.5,53.8106403421914,-1,544,"9","control","9_control",2023-09-22 19:27:19.325565,2023-09-22 18:30:01,"night",21.9166666666667
"6",19.8205128205128,53.8166578891929,1,544,"9","control","9_control",2023-09-22 19:35:59.241626,2023-09-22 18:30:01,"night",21.9166666666667
"1",-65.3076923076923,53.8260350714517,-1,541,"9","control","9_control",2023-09-22 19:49:29.430173,2023-09-22 18:30:01,"day",21.9166666666667
"2",-69.25,53.8286192806324,-1,541,"9","control","9_control",2023-09-22 19:53:12.705847,2023-09-22 18:30:01,"day",21.9166666666667
"3",-161,53.8530848645129,-1,541,"9","control","9_control",2023-09-22 20:28:26.532294,2023-09-22 18:30:01,"day",21.9166666666667
"4",-13.6153846153846,53.8654059402306,-1,541,"9","control","9_control",2023-09-22 20:46:11.073236,2023-09-22 18:30:01,"day",21.9166666666667
"5",10,53.8690862271613,1,541,"9","control","9_control",2023-09-22 20:51:29.050027,2023-09-22 18:30:01,"day",21.9166666666667
"6",30.5,53.8702300475219,1,541,"9","control","9_control",2023-09-22 20:53:07.876106,2023-09-22 18:30:01,"day",21.9166666666667
"7",-45.5,53.8714865311937,-1,541,"9","control","9_control",2023-09-22 20:54:56.436295,2023-09-22 18:30:01,"day",21.9166666666667
"8",-24.5416666666667,53.8739965762497,-1,541,"9","control","9_control",2023-09-22 20:58:33.304188,2023-09-22 18:30:01,"day",21.9166666666667
"9",58.1,53.8749814294826,1,541,"9","control","9_control",2023-09-22 20:59:58.395507,2023-09-22 18:30:01,"day",21.9166666666667
"10",-19.5,53.967100990972,-1,541,"9","control","9_control",2023-09-22 23:12:37.52562,2023-09-22 18:30:01,"day",21.9166666666667
"11",82,53.9978405663951,1,541,"9","control","9_control",2023-09-22 23:56:53.424937,2023-09-22 18:30:01,"day",21.9166666666667
"12",-72.3333333333333,54.0660483779662,-1,541,"9","control","9_control",2023-09-23 01:35:06.579856,2023-09-22 18:30:01,"day",21.9166666666667
"13",-12.5,54.1592047155437,-1,541,"9","control","9_control",2023-09-23 03:49:15.287423,2023-09-22 18:30:01,"day",21.9166666666667
"14",34.6666666666667,54.1687943374488,1,541,"9","control","9_control",2023-09-23 04:03:03.830755,2023-09-22 18:30:01,"day",21.9166666666667
"15",-2,54.2015169409662,-1,541,"9","control","9_control",2023-09-23 04:50:11.063699,2023-09-22 18:30:01,"day",21.9166666666667
"16",16.0714285714286,54.2470956041335,1,541,"9","control","9_control",2023-09-23 05:55:49.060197,2023-09-22 18:30:01,"day",21.9166666666667
"17",NA,54.2900690346184,NA,541,"9","control","9_control",2023-09-23 06:57:41.964591,2023-09-22 18:30:01,"day",21.9166666666667
"18",-413,54.3391976243699,-1,541,"9","control","9_control",2023-09-23 08:08:26.674746,2023-09-22 18:30:01,"day",21.9166666666667
"19",38.9090909090909,54.4616208748759,1,541,"9","control","9_control",2023-09-23 11:04:44.043589,2023-09-22 18:30:01,"day",21.9166666666667
"20",-283,54.4809366358803,-1,541,"9","control","9_control",2023-09-23 11:32:32.92534,2023-09-22 18:30:01,"day",21.9166666666667
"21",29.9705882352941,54.5621365453548,1,541,"9","control","9_control",2023-09-23 13:29:28.597519,2023-09-22 18:30:01,"day",21.9166666666667
"22",NA,54.5941588393185,NA,541,"9","control","9_control",2023-09-23 14:15:35.323717,2023-09-22 18:30:01,"day",21.9166666666667
"23",16.75,54.7201043925777,1,541,"9","control","9_control",2023-09-23 17:16:57.019519,2023-09-22 18:30:01,"day",21.9166666666667
"24",-12.3793103448276,54.7303847489576,-1,541,"9","control","9_control",2023-09-23 17:31:45.24231,2023-09-22 18:30:01,"day",21.9166666666667
"25",22.7647058823529,54.7315521533205,1,541,"9","control","9_control",2023-09-23 17:33:26.106047,2023-09-22 18:30:01,"day",21.9166666666667
"26",7.88888888888889,54.7329064577131,1,541,"9","control","9_control",2023-09-23 17:35:23.117946,2023-09-22 18:30:01,"day",21.9166666666667
"27",-86,54.7362363810906,-1,541,"9","control","9_control",2023-09-23 17:40:10.823326,2023-09-22 18:30:01,"day",21.9166666666667
"28",31.25,54.7407813957874,1,541,"9","control","9_control",2023-09-23 17:46:43.512596,2023-09-22 18:30:01,"day",21.9166666666667
"29",-0.142857142857143,54.7420108288183,-1,541,"9","control","9_control",2023-09-23 17:48:29.73561,2023-09-22 18:30:01,"day",21.9166666666667
"30",NA,54.7454813629527,NA,541,"9","control","9_control",2023-09-23 17:53:29.589759,2023-09-22 18:30:01,"day",21.9166666666667
"31",2.7741935483871,54.7469005316991,1,541,"9","control","9_control",2023-09-23 17:55:32.205939,2023-09-22 18:30:01,"day",21.9166666666667
"32",80.1111111111111,54.7616890543694,1,541,"9","control","9_control",2023-09-23 18:16:49.934298,2023-09-22 18:30:01,"day",21.9166666666667
"1",-48,53.840907538149,-1,549,"9","control","9_control",2023-09-22 20:10:54.411296,2023-09-22 18:30:01,"day",21.9166666666667
"2",-19.4615384615385,53.8434215770658,-1,549,"9","control","9_control",2023-09-22 20:14:31.624259,2023-09-22 18:30:01,"day",21.9166666666667
"3",31.6666666666667,53.845236095934,1,549,"9","control","9_control",2023-09-22 20:17:08.398689,2023-09-22 18:30:01,"day",21.9166666666667
"4",-12.5909090909091,53.8462031855588,-1,549,"9","control","9_control",2023-09-22 20:18:31.955232,2023-09-22 18:30:01,"day",21.9166666666667
"5",39.7727272727273,53.8562548988198,1,549,"9","control","9_control",2023-09-22 20:33:00.423258,2023-09-22 18:30:01,"day",21.9166666666667
"6",-9,53.8584823675687,-1,549,"9","control","9_control",2023-09-22 20:36:12.876558,2023-09-22 18:30:01,"day",21.9166666666667
"7",17.2857142857143,53.8642501528173,1,549,"9","control","9_control",2023-09-22 20:44:31.213203,2023-09-22 18:30:01,"day",21.9166666666667
"8",-60.3076923076923,53.8656307815812,-1,549,"9","control","9_control",2023-09-22 20:46:30.499529,2023-09-22 18:30:01,"day",21.9166666666667
"9",26.3870967741935,53.8690103315019,1,549,"9","control","9_control",2023-09-22 20:51:22.492642,2023-09-22 18:30:01,"day",21.9166666666667
"10",-44.3333333333333,53.8700304400811,-1,549,"9","control","9_control",2023-09-22 20:52:50.630023,2023-09-22 18:30:01,"day",21.9166666666667
"11",5.84210526315789,53.8742811812762,1,549,"9","control","9_control",2023-09-22 20:58:57.894062,2023-09-22 18:30:01,"day",21.9166666666667
"12",-200,53.8762282269903,-1,549,"9","control","9_control",2023-09-22 21:01:46.118812,2023-09-22 18:30:01,"day",21.9166666666667
"13",-21.8571428571429,54.1592844338819,-1,549,"9","control","9_control",2023-09-23 03:49:22.175087,2023-09-22 18:30:01,"day",21.9166666666667
"14",-6.23076923076923,54.2015269718093,-1,549,"9","control","9_control",2023-09-23 04:50:11.930364,2023-09-22 18:30:01,"day",21.9166666666667
"15",6.60714285714286,54.2472251523056,1,549,"9","control","9_control",2023-09-23 05:56:00.253159,2023-09-22 18:30:01,"day",21.9166666666667
"16",-44.5,54.3721082501546,-1,549,"9","control","9_control",2023-09-23 08:55:50.152813,2023-09-22 18:30:01,"day",21.9166666666667
"17",-9.42857142857143,54.3734486529059,-1,549,"9","control","9_control",2023-09-23 08:57:45.963611,2023-09-22 18:30:01,"day",21.9166666666667
"18",9.65625,54.4923653114455,1,549,"9","control","9_control",2023-09-23 11:49:00.362909,2023-09-22 18:30:01,"day",21.9166666666667
"19",231.8,54.4953218916551,1,549,"9","control","9_control",2023-09-23 11:53:15.811439,2023-09-22 18:30:01,"day",21.9166666666667
"20",NA,54.5212055739236,NA,549,"9","control","9_control",2023-09-23 12:30:32.161587,2023-09-22 18:30:01,"day",21.9166666666667
"21",4.96491228070175,54.5279013327495,1,549,"9","control","9_control",2023-09-23 12:40:10.675149,2023-09-22 18:30:01,"day",21.9166666666667
"22",0.27906976744186,54.5294114323784,1,549,"9","control","9_control",2023-09-23 12:42:21.147758,2023-09-22 18:30:01,"day",21.9166666666667
"23",-1.41071428571429,54.5306892576813,-1,549,"9","control","9_control",2023-09-23 12:44:11.551864,2023-09-22 18:30:01,"day",21.9166666666667
"24",4.5,54.5315192306153,1,549,"9","control","9_control",2023-09-23 12:45:23.261525,2023-09-22 18:30:01,"day",21.9166666666667
"25",44.25,54.5327450079477,1,549,"9","control","9_control",2023-09-23 12:47:09.168687,2023-09-22 18:30:01,"day",21.9166666666667
"26",21.3170731707317,54.5339572998824,1,549,"9","control","9_control",2023-09-23 12:48:53.91071,2023-09-22 18:30:01,"day",21.9166666666667
"27",-321,54.5730080242639,-1,549,"9","control","9_control",2023-09-23 13:45:07.893296,2023-09-22 18:30:01,"day",21.9166666666667
"28",-4.76,54.6950878913966,-1,549,"9","control","9_control",2023-09-23 16:40:55.593817,2023-09-22 18:30:01,"day",21.9166666666667
"1",97.5,53.8421284003786,1,551,"9","control","9_control",2023-09-22 20:12:39.893793,2023-09-22 18:30:01,"day",21.9166666666667
"2",-40.5,54.577531133835,-1,551,"9","control","9_control",2023-09-23 13:51:38.689963,2023-09-22 18:30:01,"day",21.9166666666667
"3",-12.4615384615385,54.697263626975,-1,551,"9","control","9_control",2023-09-23 16:44:03.577371,2023-09-22 18:30:01,"day",21.9166666666667
"4",NA,54.7045435383557,NA,551,"9","control","9_control",2023-09-23 16:54:32.561714,2023-09-22 18:30:01,"day",21.9166666666667
"5",-0.357142857142857,54.7284371642002,-1,551,"9","control","9_control",2023-09-23 17:28:56.970987,2023-09-22 18:30:01,"day",21.9166666666667
"1",8.25641025641026,54.4895388895545,1,545,"9","control","9_control",2023-09-23 11:44:56.160058,2023-09-22 18:30:01,"day",21.9166666666667
"2",NA,54.4915090076736,NA,545,"9","control","9_control",2023-09-23 11:47:46.378263,2023-09-22 18:30:01,"day",21.9166666666667
"3",-246.25,54.6012609715324,-1,545,"9","control","9_control",2023-09-23 14:25:48.94794,2023-09-22 18:30:01,"day",21.9166666666667
"4",17.7843137254902,54.6038520146954,1,545,"9","control","9_control",2023-09-23 14:29:32.81407,2023-09-22 18:30:01,"day",21.9166666666667
"5",17.4117647058824,54.606272567338,1,545,"9","control","9_control",2023-09-23 14:33:01.949818,2023-09-22 18:30:01,"day",21.9166666666667
"6",-239,54.6210859653896,-1,545,"9","control","9_control",2023-09-23 14:54:21.82741,2023-09-22 18:30:01,"day",21.9166666666667
"7",68.75,54.6245371179929,1,545,"9","control","9_control",2023-09-23 14:59:20.006994,2023-09-22 18:30:01,"day",21.9166666666667
"8",-51.0769230769231,54.6374600905645,-1,545,"9","control","9_control",2023-09-23 15:17:56.551825,2023-09-22 18:30:01,"day",21.9166666666667
"9",31.8928571428571,54.6400104972862,1,545,"9","control","9_control",2023-09-23 15:21:36.906965,2023-09-22 18:30:01,"day",21.9166666666667
"10",-211,54.6502733149193,-1,545,"9","control","9_control",2023-09-23 15:36:23.614409,2023-09-22 18:30:01,"day",21.9166666666667
"11",201.25,54.6531744225881,1,545,"9","control","9_control",2023-09-23 15:40:34.270112,2023-09-22 18:30:01,"day",21.9166666666667
"12",59.75,54.6641570154235,1,545,"9","control","9_control",2023-09-23 15:56:23.166133,2023-09-22 18:30:01,"day",21.9166666666667
"13",0.509803921568627,54.6660963628201,1,545,"9","control","9_control",2023-09-23 15:59:10.725748,2023-09-22 18:30:01,"day",21.9166666666667
"14",182.833333333333,54.6674121756213,1,545,"9","control","9_control",2023-09-23 16:01:04.411974,2023-09-22 18:30:01,"day",21.9166666666667
"15",-192.75,54.69069901807,-1,545,"9","control","9_control",2023-09-23 16:34:36.395161,2023-09-22 18:30:01,"day",21.9166666666667
"16",35.3913043478261,54.6922534907674,1,545,"9","control","9_control",2023-09-23 16:36:50.701602,2023-09-22 18:30:01,"day",21.9166666666667
"1",109.571428571429,54.5068746950081,1,542,"9","control","9_control",2023-09-23 12:09:53.973649,2023-09-22 18:30:01,"day",21.9166666666667
"2",12.2941176470588,54.5085095978565,1,542,"9","control","9_control",2023-09-23 12:12:15.229255,2023-09-22 18:30:01,"day",21.9166666666667
"3",22,54.5097220565472,1,542,"9","control","9_control",2023-09-23 12:13:59.985686,2023-09-22 18:30:01,"day",21.9166666666667
"4",-259,54.5559824332714,-1,542,"9","control","9_control",2023-09-23 13:20:36.882235,2023-09-22 18:30:01,"day",21.9166666666667
"5",14.7659574468085,54.5587396108324,1,542,"9","control","9_control",2023-09-23 13:24:35.102376,2023-09-22 18:30:01,"day",21.9166666666667
"6",12.9375,54.5602265245751,1,542,"9","control","9_control",2023-09-23 13:26:43.571723,2023-09-22 18:30:01,"day",21.9166666666667
"7",8.43137254901961,54.5618025118439,1,542,"9","control","9_control",2023-09-23 13:28:59.737023,2023-09-22 18:30:01,"day",21.9166666666667
"8",255,54.5628833346124,1,542,"9","control","9_control",2023-09-23 13:30:33.120111,2023-09-22 18:30:01,"day",21.9166666666667
"9",-196.333333333333,54.6028157297777,-1,542,"9","control","9_control",2023-09-23 14:28:03.279053,2023-09-22 18:30:01,"day",21.9166666666667
"10",310,54.6067289611083,1,542,"9","control","9_control",2023-09-23 14:33:41.38224,2023-09-22 18:30:01,"day",21.9166666666667
"11",NA,54.6592292701398,NA,542,"9","control","9_control",2023-09-23 15:49:17.40894,2023-09-22 18:30:01,"day",21.9166666666667
"12",33.8965517241379,54.6610386700632,1,542,"9","control","9_control",2023-09-23 15:51:53.741093,2023-09-22 18:30:01,"day",21.9166666666667
"13",-1.76923076923077,54.6764570750535,-1,542,"9","control","9_control",2023-09-23 16:14:05.891285,2023-09-22 18:30:01,"day",21.9166666666667
"14",5,54.6872947528673,1,542,"9","control","9_control",2023-09-23 16:29:42.266648,2023-09-22 18:30:01,"day",21.9166666666667
"1",-7.28571428571429,54.5110951211993,-1,548,"9","control","9_control",2023-09-23 12:15:58.618472,2023-09-22 18:30:01,"day",21.9166666666667
"2",188,54.5646063175577,1,548,"9","control","9_control",2023-09-23 13:33:01.985837,2023-09-22 18:30:01,"day",21.9166666666667
"1",12.3888888888889,54.5520634692719,1,555,"9","control","9_control",2023-09-23 13:14:58.283745,2023-09-22 18:30:01,"day",21.9166666666667
"2",66.375,54.5563677071795,1,555,"9","control","9_control",2023-09-23 13:21:10.1699,2023-09-22 18:30:01,"day",21.9166666666667
"3",-197.25,54.626300995271,-1,555,"9","control","9_control",2023-09-23 15:01:52.405991,2023-09-22 18:30:01,"day",21.9166666666667
"4",-8.56666666666667,54.6366013299124,-1,555,"9","control","9_control",2023-09-23 15:16:42.354904,2023-09-22 18:30:01,"day",21.9166666666667
"5",-8.14814814814815,54.6374808312934,-1,555,"9","control","9_control",2023-09-23 15:17:58.343824,2023-09-22 18:30:01,"day",21.9166666666667
"6",-118,54.6692890235285,-1,555,"9","control","9_control",2023-09-23 16:03:46.571633,2023-09-22 18:30:01,"day",21.9166666666667
"7",32.1428571428571,54.6770469070443,1,555,"9","control","9_control",2023-09-23 16:14:56.852769,2023-09-22 18:30:01,"day",21.9166666666667
"8",26.5833333333333,54.6790888986949,1,555,"9","control","9_control",2023-09-23 16:17:53.280847,2023-09-22 18:30:01,"day",21.9166666666667
"1",-2.78947368421053,54.5811598862155,-1,558,"9","control","9_control",2023-09-23 13:56:52.214169,2023-09-22 18:30:01,"day",21.9166666666667
"2",-7.91891891891892,54.6131695967573,-1,558,"9","control","9_control",2023-09-23 14:42:57.85316,2023-09-22 18:30:01,"day",21.9166666666667
"3",8.01851851851852,54.6280399448392,1,558,"9","control","9_control",2023-09-23 15:04:22.651234,2023-09-22 18:30:01,"day",21.9166666666667
"4",36.1111111111111,54.730393642348,1,558,"9","control","9_control",2023-09-23 17:31:46.010699,2023-09-22 18:30:01,"day",21.9166666666667
"5",-73.3333333333333,54.7326454513007,-1,558,"9","control","9_control",2023-09-23 17:35:00.566992,2023-09-22 18:30:01,"day",21.9166666666667
"1",-415,54.6669833532928,-1,556,"9","control","9_control",2023-09-23 16:00:27.361724,2023-09-22 18:30:01,"day",21.9166666666667
"2",49,54.6698878535877,1,556,"9","control","9_control",2023-09-23 16:04:38.31055,2023-09-22 18:30:01,"day",21.9166666666667
"1",35.4285714285714,55.5118599859711,1,538,"9","imidacloprid","9_imidacloprid",2023-09-24 12:17:04.702788,2023-09-23 19:00:01,"day",22.6666666666667
"2",-190,55.6148621829503,-1,538,"9","imidacloprid","9_imidacloprid",2023-09-24 14:45:24.092607,2023-09-23 19:00:01,"day",22.6666666666667
"1",6.66666666666667,55.5561597984953,1,524,"9","imidacloprid","9_imidacloprid",2023-09-24 13:20:52.20659,2023-09-23 19:00:01,"day",22.6666666666667
"1",27.25,55.6591287559398,1,532,"9","imidacloprid","9_imidacloprid",2023-09-24 15:49:08.724513,2023-09-23 19:00:01,"day",22.6666666666667
"2",-42.6,55.6660162185937,-1,532,"9","imidacloprid","9_imidacloprid",2023-09-24 15:59:03.801286,2023-09-23 19:00:01,"day",22.6666666666667
"1",NA,55.8613928594799,NA,624,"10","imidacloprid","10_imidacloprid",2023-09-24 20:40:24.343059,2023-09-24 17:50:01,"night",23.8333333333333
"2",NA,55.8630172981598,NA,624,"10","imidacloprid","10_imidacloprid",2023-09-24 20:42:44.694561,2023-09-24 17:50:01,"night",23.8333333333333
"3",168.666666666667,55.8675906939494,1,624,"10","imidacloprid","10_imidacloprid",2023-09-24 20:49:19.835957,2023-09-24 17:50:01,"night",23.8333333333333
"1",-83.5,55.8804368325544,-1,622,"10","imidacloprid","10_imidacloprid",2023-09-24 21:07:49.742333,2023-09-24 17:50:01,"night",23.8333333333333
"1",40.5,55.916571944665,1,639,"10","imidacloprid","10_imidacloprid",2023-09-24 21:59:51.816019,2023-09-24 17:50:01,"night",23.8333333333333
"2",10,55.9281000394796,1,639,"10","imidacloprid","10_imidacloprid",2023-09-24 22:16:27.843411,2023-09-24 17:50:01,"night",23.8333333333333
"3",231.5,55.9329006006596,1,639,"10","imidacloprid","10_imidacloprid",2023-09-24 22:23:22.611897,2023-09-24 17:50:01,"night",23.8333333333333
"1",121.333333333333,57.6878531527638,1,594,"10","control","10_control",2023-09-26 16:30:30.512399,2023-09-26 16:20:01,"day",21.9166666666667
"2",-63.6923076923077,57.6920844413456,-1,594,"10","control","10_control",2023-09-26 16:36:36.095732,2023-09-26 16:20:01,"day",21.9166666666667
"3",160.142857142857,58.2750031905973,1,594,"10","control","10_control",2023-09-27 06:36:00.275668,2023-09-26 16:20:01,"day",21.9166666666667
"1",20.8148148148148,57.7154837506603,1,596,"10","control","10_control",2023-09-26 17:10:17.796057,2023-09-26 16:20:01,"day",21.9166666666667
"1",124.666666666667,57.7226311436751,1,593,"10","control","10_control",2023-09-26 17:20:35.330813,2023-09-26 16:20:01,"day",21.9166666666667
"1",217,57.7309773362428,1,591,"10","control","10_control",2023-09-26 17:32:36.441851,2023-09-26 16:20:01,"day",21.9166666666667
"2",-70,58.459029764798,-1,591,"10","control","10_control",2023-09-27 11:01:00.171679,2023-09-26 16:20:01,"day",21.9166666666667
"3",NA,58.5315956947235,NA,591,"10","control","10_control",2023-09-27 12:45:29.868024,2023-09-26 16:20:01,"day",21.9166666666667
"4",-505,58.5378313300414,-1,591,"10","control","10_control",2023-09-27 12:54:28.626915,2023-09-26 16:20:01,"day",21.9166666666667
"1",126.4,57.7468001999035,1,595,"10","control","10_control",2023-09-26 17:55:23.537272,2023-09-26 16:20:01,"day",21.9166666666667
"1",42.92,58.124484306379,1,592,"10","control","10_control",2023-09-27 02:59:15.444071,2023-09-26 16:20:01,"night",21.9166666666667
"1",218.8,58.4238874382659,1,589,"10","control","10_control",2023-09-27 10:10:23.874666,2023-09-26 16:20:01,"day",21.9166666666667
"1",1.32558139534884,58.5016091977383,1,587,"10","control","10_control",2023-09-27 12:02:19.034685,2023-09-26 16:20:01,"day",21.9166666666667
"1",-12,38.7954119270474,-1,344,"6","control","6_control",2023-09-07 19:05:23.590497,2023-09-07 18:40:02,"day",23.4997222222222
"2",NA,38.9293513024543,NA,344,"6","control","6_control",2023-09-07 22:18:15.952532,2023-09-07 18:40:02,"day",23.4997222222222
"3",NA,38.9315965833791,NA,344,"6","control","6_control",2023-09-07 22:21:29.944804,2023-09-07 18:40:02,"day",23.4997222222222
"4",NA,39.5827467898141,NA,344,"6","control","6_control",2023-09-08 13:59:09.32264,2023-09-07 18:40:02,"day",23.4997222222222
"1",NA,38.8311323873147,NA,341,"6","control","6_control",2023-09-07 19:56:49.838264,2023-09-07 18:40:02,"night",23.4997222222222
"2",194.75,38.8797887809398,1,341,"6","control","6_control",2023-09-07 21:06:53.750673,2023-09-07 18:40:02,"night",23.4997222222222
"3",9.6,39.0694915407238,1,341,"6","control","6_control",2023-09-08 01:40:04.069118,2023-09-07 18:40:02,"night",23.4997222222222
"1",NA,38.8581418093873,NA,350,"6","control","6_control",2023-09-07 20:35:43.452331,2023-09-07 18:40:02,"day",23.4997222222222
"2",NA,39.0090056587149,NA,350,"6","control","6_control",2023-09-08 00:12:58.088913,2023-09-07 18:40:02,"day",23.4997222222222
"3",NA,39.2609509909843,NA,350,"6","control","6_control",2023-09-08 06:15:46.165621,2023-09-07 18:40:02,"day",23.4997222222222
"4",NA,39.5083942011219,NA,350,"6","control","6_control",2023-09-08 12:12:05.258977,2023-09-07 18:40:02,"day",23.4997222222222
"5",14.6666666666667,39.6030321489406,1,350,"6","control","6_control",2023-09-08 14:28:21.977669,2023-09-07 18:40:02,"day",23.4997222222222
"6",NA,39.6384118406143,NA,350,"6","control","6_control",2023-09-08 15:19:18.783029,2023-09-07 18:40:02,"day",23.4997222222222
"1",NA,38.8814389853593,NA,352,"6","control","6_control",2023-09-07 21:09:16.328335,2023-09-07 18:40:02,"night",23.4997222222222
"2",-18.5714285714286,39.0696795308607,-1,352,"6","control","6_control",2023-09-08 01:40:20.311466,2023-09-07 18:40:02,"night",23.4997222222222
"3",-2.25,39.2565397131134,-1,352,"6","control","6_control",2023-09-08 06:09:25.031213,2023-09-07 18:40:02,"night",23.4997222222222
"4",NA,39.2591806605569,NA,352,"6","control","6_control",2023-09-08 06:13:13.209072,2023-09-07 18:40:02,"night",23.4997222222222
"1",-8,39.1301765411531,-1,354,"6","control","6_control",2023-09-08 03:07:27.253156,2023-09-07 18:40:02,"day",23.4997222222222
"2",NA,39.1318495299198,NA,354,"6","control","6_control",2023-09-08 03:09:51.799385,2023-09-07 18:40:02,"day",23.4997222222222
"3",NA,39.5590425727765,NA,354,"6","control","6_control",2023-09-08 13:25:01.278288,2023-09-07 18:40:02,"day",23.4997222222222
"4",NA,39.5838891781839,NA,354,"6","control","6_control",2023-09-08 14:00:48.024995,2023-09-07 18:40:02,"day",23.4997222222222
"5",NA,39.6573847364579,NA,354,"6","control","6_control",2023-09-08 15:46:38.04123,2023-09-07 18:40:02,"day",23.4997222222222
"6",NA,39.7404654152885,NA,354,"6","control","6_control",2023-09-08 17:46:16.211881,2023-09-07 18:40:02,"day",23.4997222222222
"1",NA,39.2592114084959,NA,358,"6","control","6_control",2023-09-08 06:13:15.865694,2023-09-07 18:40:02,"night",23.4997222222222
"2",-3,39.26094851364,-1,358,"6","control","6_control",2023-09-08 06:15:45.951578,2023-09-07 18:40:02,"night",23.4997222222222
"3",NA,39.3895081129284,NA,358,"6","control","6_control",2023-09-08 09:20:53.500957,2023-09-07 18:40:02,"night",23.4997222222222
"1",-62.6666666666667,39.3936201645779,-1,349,"6","control","6_control",2023-09-08 09:26:48.782219,2023-09-07 18:40:02,"day",23.4997222222222
"2",-752,39.4220900007517,-1,349,"6","control","6_control",2023-09-08 10:07:48.576065,2023-09-07 18:40:02,"day",23.4997222222222
"3",795,39.4261605551508,1,349,"6","control","6_control",2023-09-08 10:13:40.271965,2023-09-07 18:40:02,"day",23.4997222222222
"4",NA,39.4755494754403,NA,349,"6","control","6_control",2023-09-08 11:24:47.474678,2023-09-07 18:40:02,"day",23.4997222222222
"5",57,39.5106762705283,1,349,"6","control","6_control",2023-09-08 12:15:22.429774,2023-09-07 18:40:02,"day",23.4997222222222
"6",55,39.6209514735018,1,349,"6","control","6_control",2023-09-08 14:54:10.207311,2023-09-07 18:40:02,"day",23.4997222222222
"1",-190.75,39.42210174543,-1,340,"6","control","6_control",2023-09-08 10:07:49.590805,2023-09-07 18:40:02,"day",23.4997222222222
"2",204.666666666667,39.4261525526215,1,340,"6","control","6_control",2023-09-08 10:13:39.580546,2023-09-07 18:40:02,"day",23.4997222222222
"3",80.625,39.4811991633916,1,340,"6","control","6_control",2023-09-08 11:32:55.607717,2023-09-07 18:40:02,"day",23.4997222222222
"4",NA,39.5286267071521,NA,340,"6","control","6_control",2023-09-08 12:41:13.347498,2023-09-07 18:40:02,"day",23.4997222222222
"5",-223,39.6308069646759,-1,340,"6","control","6_control",2023-09-08 15:08:21.721748,2023-09-07 18:40:02,"day",23.4997222222222
"1",-165,39.5106257695774,-1,351,"6","control","6_control",2023-09-08 12:15:18.066492,2023-09-07 18:40:02,"day",23.4997222222222
"2",NA,39.5158359724311,NA,351,"6","control","6_control",2023-09-08 12:22:48.228018,2023-09-07 18:40:02,"day",23.4997222222222
"3",NA,39.6030949390845,NA,351,"6","control","6_control",2023-09-08 14:28:27.402737,2023-09-07 18:40:02,"day",23.4997222222222
"4",NA,39.6591550797445,NA,351,"6","control","6_control",2023-09-08 15:49:10.99889,2023-09-07 18:40:02,"day",23.4997222222222
"1",-49.3333333333333,39.6310491729321,-1,353,"6","control","6_control",2023-09-08 15:08:42.648541,2023-09-07 18:40:02,"day",23.4997222222222
"2",NA,39.6383884569202,NA,353,"6","control","6_control",2023-09-08 15:19:16.762678,2023-09-07 18:40:02,"day",23.4997222222222
"1",151.714285714286,39.7684536760549,1,398,"6","imidacloprid","6_imidacloprid",2023-09-08 18:26:34.397611,2023-09-08 18:25:01,"day",5.5
"1",277.5,39.7689528555903,1,387,"6","imidacloprid","6_imidacloprid",2023-09-08 18:27:17.526723,2023-09-08 18:25:01,"day",5.5
"1",67.4285714285714,39.7708676855007,1,384,"6","imidacloprid","6_imidacloprid",2023-09-08 18:30:02.968027,2023-09-08 18:25:01,"day",5.5
"1",264,39.7759721654359,1,394,"6","imidacloprid","6_imidacloprid",2023-09-08 18:37:23.995094,2023-09-08 18:25:01,"day",5.5
"1",158,39.7963420964345,1,399,"6","imidacloprid","6_imidacloprid",2023-09-08 19:06:43.957132,2023-09-08 18:25:01,"day",5.5
"1",227,39.8001879950226,1,388,"6","imidacloprid","6_imidacloprid",2023-09-08 19:12:16.24277,2023-09-08 18:25:01,"day",5.5
