Date,Time,Video,Tag IDs
2023-08-11,19:46:41.450711,/Users/anupreksha/Desktop/hoophouse2023/flowerPi/aug11backup/videos/001f543e44cc/230810/125135_665575_001f543e44cc.mp4,"[283, 283, 283, 283, 283, 283, 283, 283, 283, 283, 283, 283, 283, 283, 283, 283, 283, 283, 283, 283, 283]"
2023-08-11,19:46:41.435092,/Users/anupreksha/Desktop/hoophouse2023/flowerPi/aug11backup/videos/001f543e44cc/230810/094928_749087_001f543e44cc.mp4,"[283, 283, 283, 283, 283]"
2023-08-14,13:32:06.990714,/Users/anupreksha/Desktop/hoophouse2023/flowerPi/aug11backup/videos/001f543e44cc/230810/092345_732212_001f543e44cc.mp4,[821]
2023-08-11,19:46:41.402565,/Users/anupreksha/Desktop/hoophouse2023/flowerPi/aug11backup/videos/001f543e44cc/230810/092326_734100_001f543e44cc.mp4,"[283, 283, 283, 283, 283, 283, 283, 283, 283, 283, 283, 283, 283, 283, 283, 283, 283, 283, 283, 848, 283, 283, 283, 283, 848]"
2023-08-11,19:46:41.332576,/Users/anupreksha/Desktop/hoophouse2023/flowerPi/aug11backup/videos/001f543e44cc/230809/163825_999382_001f543e44cc.mp4,"[216, 296]"
2023-08-11,19:46:41.298106,/Users/anupreksha/Desktop/hoophouse2023/flowerPi/aug11backup/videos/001f543e44cc/230809/152031_349728_001f543e44cc.mp4,"[296, 296, 296, 296, 296, 296, 296, 296, 296, 296, 296, 296, 296, 296, 296, 296, 296, 296, 296, 296, 296, 296, 296, 296, 296, 296, 296, 296, 296, 296, 296, 296, 296, 296, 296, 296, 296, 110, 296]"
2023-08-11,19:46:41.313606,/Users/anupreksha/Desktop/hoophouse2023/flowerPi/aug11backup/videos/001f543e44cc/230809/161008_189679_001f543e44cc.mp4,"[283, 283, 283, 283, 283, 283, 283, 283, 283, 283, 283, 283, 283, 283, 283, 283, 283, 283, 283, 283, 283, 283, 283, 283]"
2023-08-11,19:46:41.275772,/Users/anupreksha/Desktop/hoophouse2023/flowerPi/aug11backup/videos/001f543e44cc/230809/151937_181001_001f543e44cc.mp4,"[296, 296, 296, 296, 296, 296, 296, 296, 296, 296, 296, 296, 296, 296, 296, 296, 296, 296, 296, 296, 296, 296, 296, 296, 296, 296, 296, 296, 296, 296, 296, 296, 296, 296, 296, 296, 296, 296, 296, 296, 296, 296, 296, 296, 190, 296, 296, 296, 296, 296, 296, 296, 296, 296]"
2023-08-11,19:46:41.349752,/Users/anupreksha/Desktop/hoophouse2023/flowerPi/aug11backup/videos/001f543e44cc/230809/171616_631200_001f543e44cc.mp4,"[299, 299, 299, 299, 299, 299, 299, 299, 299, 109, 109, 109, 109, 299, 109]"
2023-08-11,19:46:41.253965,/Users/anupreksha/Desktop/hoophouse2023/flowerPi/aug11backup/videos/001f543e44cc/230809/135741_102817_001f543e44cc.mp4,"[296, 296]"
2023-08-11,19:46:41.200107,/Users/anupreksha/Desktop/hoophouse2023/flowerPi/aug11backup/videos/001f543e44cc/230808/132333_890397_001f543e44cc.mp4,[379]
2023-08-11,19:46:40.932192,/Users/anupreksha/Desktop/hoophouse2023/flowerPi/aug11backup/videos/001f543e44c5/230810/134907_400008_001f543e44c5.mp4,[]
2023-08-11,19:46:41.145370,/Users/anupreksha/Desktop/hoophouse2023/flowerPi/aug11backup/videos/001f543e44c5/230810/140241_768666_001f543e44c5.mp4,[]
2023-08-11,19:46:40.756515,/Users/anupreksha/Desktop/hoophouse2023/flowerPi/aug11backup/videos/001f543e44c5/230810/123121_534455_001f543e44c5.mp4,"[276, 276]"
2023-08-11,19:46:40.726329,/Users/anupreksha/Desktop/hoophouse2023/flowerPi/aug11backup/videos/001f543e44c5/230810/114342_717687_001f543e44c5.mp4,"[296, 296, 296, 296, 296, 296]"
2023-08-11,19:46:41.000454,/Users/anupreksha/Desktop/hoophouse2023/flowerPi/aug11backup/videos/001f543e44c5/230810/135242_899693_001f543e44c5.mp4,"[190, 190]"
2023-08-11,19:46:40.712573,/Users/anupreksha/Desktop/hoophouse2023/flowerPi/aug11backup/videos/001f543e44c5/230810/114322_715517_001f543e44c5.mp4,[]
2023-08-11,19:46:40.743610,/Users/anupreksha/Desktop/hoophouse2023/flowerPi/aug11backup/videos/001f543e44c5/230810/122901_540859_001f543e44c5.mp4,[]
2023-08-11,19:46:40.688653,/Users/anupreksha/Desktop/hoophouse2023/flowerPi/aug11backup/videos/001f543e44c5/230810/094823_061879_001f543e44c5.mp4,"[283, 283]"
2023-08-11,19:46:40.814341,/Users/anupreksha/Desktop/hoophouse2023/flowerPi/aug11backup/videos/001f543e44c5/230810/133326_959408_001f543e44c5.mp4,"[296, 296, 296, 296, 296]"
2023-08-11,19:46:41.084349,/Users/anupreksha/Desktop/hoophouse2023/flowerPi/aug11backup/videos/001f543e44c5/230810/135945_566759_001f543e44c5.mp4,[]
2023-08-11,19:46:40.945199,/Users/anupreksha/Desktop/hoophouse2023/flowerPi/aug11backup/videos/001f543e44c5/230810/135038_899374_001f543e44c5.mp4,"[190, 190, 190]"
2023-08-11,19:46:41.132980,/Users/anupreksha/Desktop/hoophouse2023/flowerPi/aug11backup/videos/001f543e44c5/230810/140216_767843_001f543e44c5.mp4,[]
2023-08-11,19:46:41.093675,/Users/anupreksha/Desktop/hoophouse2023/flowerPi/aug11backup/videos/001f543e44c5/230810/140007_575790_001f543e44c5.mp4,[]
2023-08-11,19:46:40.658159,/Users/anupreksha/Desktop/hoophouse2023/flowerPi/aug11backup/videos/001f543e44c5/230810/080929_414400_001f543e44c5.mp4,"[283, 283, 283, 283]"
2023-08-11,19:46:40.895962,/Users/anupreksha/Desktop/hoophouse2023/flowerPi/aug11backup/videos/001f543e44c5/230810/134511_561905_001f543e44c5.mp4,[]
2023-08-11,19:46:40.911678,/Users/anupreksha/Desktop/hoophouse2023/flowerPi/aug11backup/videos/001f543e44c5/230810/134845_374968_001f543e44c5.mp4,[]
2023-08-11,19:46:40.859484,/Users/anupreksha/Desktop/hoophouse2023/flowerPi/aug11backup/videos/001f543e44c5/230810/133736_760842_001f543e44c5.mp4,[17]
2023-08-11,19:46:41.057901,/Users/anupreksha/Desktop/hoophouse2023/flowerPi/aug11backup/videos/001f543e44c5/230810/135916_569502_001f543e44c5.mp4,"[190, 190]"
2023-08-11,19:46:40.674960,/Users/anupreksha/Desktop/hoophouse2023/flowerPi/aug11backup/videos/001f543e44c5/230810/092656_051024_001f543e44c5.mp4,"[283, 276]"
2023-08-11,19:46:41.106400,/Users/anupreksha/Desktop/hoophouse2023/flowerPi/aug11backup/videos/001f543e44c5/230810/140111_766333_001f543e44c5.mp4,[]
2023-08-11,19:46:40.984902,/Users/anupreksha/Desktop/hoophouse2023/flowerPi/aug11backup/videos/001f543e44c5/230810/135055_164883_001f543e44c5.mp4,[]
2023-08-11,19:46:41.160426,/Users/anupreksha/Desktop/hoophouse2023/flowerPi/aug11backup/videos/001f543e44c5/230810/141740_586012_001f543e44c5.mp4,[276]
2023-08-11,19:46:41.045529,/Users/anupreksha/Desktop/hoophouse2023/flowerPi/aug11backup/videos/001f543e44c5/230810/135611_364998_001f543e44c5.mp4,"[190, 190, 190, 190, 17, 17, 17]"
2023-08-11,19:46:40.780200,/Users/anupreksha/Desktop/hoophouse2023/flowerPi/aug11backup/videos/001f543e44c5/230810/123631_333099_001f543e44c5.mp4,[17]
2023-08-11,19:46:40.766800,/Users/anupreksha/Desktop/hoophouse2023/flowerPi/aug11backup/videos/001f543e44c5/230810/123558_331662_001f543e44c5.mp4,[]
2023-08-11,19:46:40.876442,/Users/anupreksha/Desktop/hoophouse2023/flowerPi/aug11backup/videos/001f543e44c5/230810/134455_562787_001f543e44c5.mp4,"[190, 392]"
2023-08-11,19:46:40.703564,/Users/anupreksha/Desktop/hoophouse2023/flowerPi/aug11backup/videos/001f543e44c5/230810/103439_478311_001f543e44c5.mp4,[]
2023-08-11,19:46:40.800841,/Users/anupreksha/Desktop/hoophouse2023/flowerPi/aug11backup/videos/001f543e44c5/230810/123747_537460_001f543e44c5.mp4,[]
2023-08-11,19:46:40.846968,/Users/anupreksha/Desktop/hoophouse2023/flowerPi/aug11backup/videos/001f543e44c5/230810/133628_562016_001f543e44c5.mp4,[]
2023-08-11,19:46:41.073035,/Users/anupreksha/Desktop/hoophouse2023/flowerPi/aug11backup/videos/001f543e44c5/230810/135931_568459_001f543e44c5.mp4,[683]
2023-08-11,19:46:41.119309,/Users/anupreksha/Desktop/hoophouse2023/flowerPi/aug11backup/videos/001f543e44c5/230810/140148_768501_001f543e44c5.mp4,[]
2023-08-11,19:46:40.828392,/Users/anupreksha/Desktop/hoophouse2023/flowerPi/aug11backup/videos/001f543e44c5/230810/133417_095270_001f543e44c5.mp4,"[296, 296, 296, 296]"
2023-08-11,19:46:41.032693,/Users/anupreksha/Desktop/hoophouse2023/flowerPi/aug11backup/videos/001f543e44c5/230810/135301_963974_001f543e44c5.mp4,[]
2023-08-11,19:46:40.425877,/Users/anupreksha/Desktop/hoophouse2023/flowerPi/aug11backup/videos/001f543e44c5/230809/180153_059510_001f543e44c5.mp4,"[283, 283, 283, 283, 283, 283, 283, 283, 283, 283, 283, 283, 283, 283, 283, 283, 283, 283, 283, 283, 283, 283, 283, 283, 283, 283, 283, 283, 283]"
2023-08-11,19:46:40.376522,/Users/anupreksha/Desktop/hoophouse2023/flowerPi/aug11backup/videos/001f543e44c5/230809/051908_321413_001f543e44c5.mp4,[]
2023-08-11,19:46:40.370517,/Users/anupreksha/Desktop/hoophouse2023/flowerPi/aug11backup/videos/001f543e44c5/230809/051643_249942_001f543e44c5.mp4,[]
2023-08-11,19:46:40.411592,/Users/anupreksha/Desktop/hoophouse2023/flowerPi/aug11backup/videos/001f543e44c5/230809/164108_419309_001f543e44c5.mp4,"[296, 296, 296, 296, 296, 296, 296, 296, 296, 296, 296]"
2023-08-11,19:46:40.397888,/Users/anupreksha/Desktop/hoophouse2023/flowerPi/aug11backup/videos/001f543e44c5/230809/052131_323100_001f543e44c5.mp4,[]
2023-08-11,19:46:40.385285,/Users/anupreksha/Desktop/hoophouse2023/flowerPi/aug11backup/videos/001f543e44c5/230809/052045_329719_001f543e44c5.mp4,[]
2023-08-11,19:46:40.392215,/Users/anupreksha/Desktop/hoophouse2023/flowerPi/aug11backup/videos/001f543e44c5/230809/052110_318930_001f543e44c5.mp4,[]
2023-08-11,19:46:40.364647,/Users/anupreksha/Desktop/hoophouse2023/flowerPi/aug11backup/videos/001f543e44c5/230809/051629_244930_001f543e44c5.mp4,[]
2023-08-11,19:46:40.205365,/Users/anupreksha/Desktop/hoophouse2023/flowerPi/aug11backup/videos/001f543e44c5/230807/173710_742613_001f543e44c5.mp4,[]
2023-08-11,19:46:40.297879,/Users/anupreksha/Desktop/hoophouse2023/flowerPi/aug11backup/videos/001f543e44c5/230808/182138_834453_001f543e44c5.mp4,"[299, 431, 299, 299, 299, 299, 299, 299, 299, 299]"
2023-08-14,13:32:51.069416,/Users/anupreksha/Desktop/hoophouse2023/flowerPi/aug11backup/videos/001f543e44c5/230808/152313_961812_001f543e44c5.mp4,[]
2023-08-11,19:46:40.275761,/Users/anupreksha/Desktop/hoophouse2023/flowerPi/aug11backup/videos/001f543e44c5/230808/180442_425306_001f543e44c5.mp4,[]
2023-08-11,19:46:40.309936,/Users/anupreksha/Desktop/hoophouse2023/flowerPi/aug11backup/videos/001f543e44c5/230808/182200_833278_001f543e44c5.mp4,"[299, 299, 299, 299, 299, 299]"
2023-08-11,19:45:28.189264,/Users/anupreksha/Desktop/hoophouse2023/flowerPi/aug11backup/videos/001f543cd78f/230810/140931_090464_001f543cd78f.mp4,"[283, 283, 283, 283, 283, 283, 283, 283, 283, 283, 283, 283, 283, 283, 283, 283, 283, 283, 283, 283, 283, 283, 283, 283, 283, 283, 283, 283, 283, 283, 283, 283, 283, 283, 283, 283, 283, 283, 283, 283, 283]"
2023-08-11,19:45:28.156205,/Users/anupreksha/Desktop/hoophouse2023/flowerPi/aug11backup/videos/001f543cd78f/230810/140427_691142_001f543cd78f.mp4,[]
2023-08-11,19:45:27.865496,/Users/anupreksha/Desktop/hoophouse2023/flowerPi/aug11backup/videos/001f543cd78f/230810/094854_774977_001f543cd78f.mp4,"[283, 283, 283, 283, 283, 283, 283, 283, 283, 283, 283, 283, 283, 283, 283, 283, 283, 283, 283, 283, 283, 283, 283, 283, 283, 283, 283, 283, 283, 283, 283]"
2023-08-11,19:45:27.804246,/Users/anupreksha/Desktop/hoophouse2023/flowerPi/aug11backup/videos/001f543cd78f/230810/080218_722027_001f543cd78f.mp4,"[283, 283, 283, 283, 283, 283, 283, 283, 283, 283, 283, 283, 283, 283, 283, 283, 283, 283, 283, 283, 283, 283, 283, 283]"
2023-08-11,19:45:27.883782,/Users/anupreksha/Desktop/hoophouse2023/flowerPi/aug11backup/videos/001f543cd78f/230810/095825_784217_001f543cd78f.mp4,"[283, 283, 283, 283, 283, 283, 998, 283, 283, 283, 283, 283, 283, 283, 283, 283, 283, 283, 283, 283, 283, 283, 283]"
2023-08-11,19:45:28.131263,/Users/anupreksha/Desktop/hoophouse2023/flowerPi/aug11backup/videos/001f543cd78f/230810/135552_481235_001f543cd78f.mp4,[]
2023-08-11,19:45:27.926809,/Users/anupreksha/Desktop/hoophouse2023/flowerPi/aug11backup/videos/001f543cd78f/230810/104930_999737_001f543cd78f.mp4,"[283, 283, 283, 283, 283, 283, 283, 283, 283, 896, 283, 283, 283, 283, 283, 283, 283, 283, 283, 283, 283, 283, 283, 283, 283, 283, 283, 283, 283, 283, 283, 283, 283, 283, 283, 283, 283, 283, 283, 283, 283, 283, 283, 283, 283, 283, 283, 283, 283, 283, 283, 283, 283]"
2023-08-11,19:45:27.822053,/Users/anupreksha/Desktop/hoophouse2023/flowerPi/aug11backup/videos/001f543cd78f/230810/092706_758355_001f543cd78f.mp4,"[276, 276, 276, 276, 276, 276, 276, 276, 276, 276, 276, 276, 276, 276, 276, 276, 276, 276, 276, 276, 276, 276, 276]"
2023-08-11,19:45:28.097165,/Users/anupreksha/Desktop/hoophouse2023/flowerPi/aug11backup/videos/001f543cd78f/230810/133332_476264_001f543cd78f.mp4,"[296, 296, 296, 296, 296, 296, 296, 296, 296, 296, 296, 296, 296, 296, 296, 296, 296, 296, 296, 296, 296, 296, 296, 296, 296, 296, 296, 296, 296, 296, 296, 296, 296, 296, 296, 296, 296, 296, 296, 296, 296, 296, 296, 296, 296, 296, 296, 296, 296, 296, 296, 296, 296, 296, 296, 296, 296, 296, 296, 296, 296, 296, 296, 296, 296, 296, 296, 296, 296, 296, 296, 296]"
2023-08-11,19:45:28.030589,/Users/anupreksha/Desktop/hoophouse2023/flowerPi/aug11backup/videos/001f543cd78f/230810/122631_252020_001f543cd78f.mp4,"[283, 283, 283, 283, 283, 283, 283, 283, 283, 283, 283, 283, 283, 283, 283, 283, 283, 283, 283, 283, 283, 283, 283, 283, 283, 283, 283, 283, 283, 283, 283, 283, 283, 283, 283, 283, 283, 283, 17, 283, 283, 283, 283, 283, 283, 283, 283, 283, 283, 283, 283, 283, 283, 283, 283, 283, 283, 283, 283, 283, 283, 283, 283, 283, 283, 283, 283, 283, 283, 283, 283, 283, 283, 283, 283, 283, 283, 283, 283, 283, 283, 283, 283, 283, 283, 283, 283, 283, 283, 283]"
2023-08-14,13:35:48.828388,/Users/anupreksha/Desktop/hoophouse2023/flowerPi/aug11backup/videos/001f543cd78f/230810/111925_812660_001f543cd78f.mp4,"[283, 283, 283, 283, 283, 283, 283, 283, 283, 283, 283, 283, 283, 283, 283, 283, 283, 283, 283, 283, 283, 283, 283, 283, 283, 283, 283, 283, 283, 283, 283, 283, 283, 283, 283, 283, 283, 283, 283, 283, 283, 283, 283, 283, 283, 283, 283, 283, 283, 283, 283, 283, 283, 283, 283, 283, 283, 283, 283, 283, 283, 283, 283, 283]"
2023-08-11,19:45:28.170233,/Users/anupreksha/Desktop/hoophouse2023/flowerPi/aug11backup/videos/001f543cd78f/230810/140740_027715_001f543cd78f.mp4,[]
2023-08-11,19:45:28.070601,/Users/anupreksha/Desktop/hoophouse2023/flowerPi/aug11backup/videos/001f543cd78f/230810/122836_043990_001f543cd78f.mp4,"[276, 276, 276, 276, 276, 276, 276, 17, 276, 276, 276, 276, 276, 276, 276, 276, 276, 276, 276, 276, 276, 276, 276, 276, 276, 276, 276, 276, 276, 276, 276, 276, 276, 276, 276, 276, 276, 276, 276, 276, 276, 276, 276]"
2023-08-11,19:45:27.901035,/Users/anupreksha/Desktop/hoophouse2023/flowerPi/aug11backup/videos/001f543cd78f/230810/100854_787551_001f543cd78f.mp4,"[276, 276, 276, 276, 276, 276, 276, 276]"
2023-08-11,19:45:27.984987,/Users/anupreksha/Desktop/hoophouse2023/flowerPi/aug11backup/videos/001f543cd78f/230810/112218_014669_001f543cd78f.mp4,"[283, 283, 283, 283, 283, 283, 283, 283, 283, 283, 283, 283, 283, 283, 283, 283, 283, 283, 283, 283, 283, 283, 283, 283, 283, 283, 283, 283, 283, 283]"
2023-08-11,19:45:27.848083,/Users/anupreksha/Desktop/hoophouse2023/flowerPi/aug11backup/videos/001f543cd78f/230810/094832_776513_001f543cd78f.mp4,"[283, 283, 283, 283, 283, 283, 283, 283, 283, 283, 283, 283, 283, 283, 283, 283, 283, 283, 283, 283, 283, 283, 283, 283, 283, 283, 283, 283, 283, 283, 283, 283, 283, 283, 283, 283, 283, 283, 379, 283, 283, 283, 283, 283, 283, 283, 283, 283, 283, 283, 283, 283, 283, 283, 283, 283, 283, 283, 283, 283, 283, 283, 283, 283, 283]"
2023-08-11,19:45:28.115686,/Users/anupreksha/Desktop/hoophouse2023/flowerPi/aug11backup/videos/001f543cd78f/230810/134154_090278_001f543cd78f.mp4,"[276, 276, 276, 276, 276, 276, 276, 276, 276, 276, 276, 276, 276, 276, 276, 276, 276, 276, 276, 276, 276, 276]"
2023-08-11,19:45:28.208669,/Users/anupreksha/Desktop/hoophouse2023/flowerPi/aug11backup/videos/001f543cd78f/230810/141707_299526_001f543cd78f.mp4,"[276, 276, 276, 276, 276, 276, 276, 276, 276, 276, 276, 276, 276, 276, 276, 276, 276, 276, 276, 276, 276, 276, 276, 276, 276, 276]"
2023-08-14,13:34:53.126543,/Users/anupreksha/Desktop/hoophouse2023/flowerPi/aug11backup/videos/001f543cd78f/230809/154513_074175_001f543cd78f.mp4,[]
2023-08-11,19:45:27.615774,/Users/anupreksha/Desktop/hoophouse2023/flowerPi/aug11backup/videos/001f543cd78f/230809/165734_897348_001f543cd78f.mp4,"[283, 283, 283, 283, 283, 683, 283, 283, 283, 283, 283, 283, 283, 283, 283, 283, 283, 283, 283, 283, 283, 283, 283, 283, 283, 283, 283, 283, 283, 283, 283, 283, 283, 283, 283, 283, 283, 283, 283, 283, 283, 283, 336, 283, 283, 283, 283, 283, 283, 283, 283, 283, 283, 283, 892, 283, 892, 283, 892, 283, 892, 283, 892, 283, 283, 283, 283, 283, 283, 283, 283, 283, 283, 283, 283, 283, 283, 283, 283, 283, 283, 283]"
2023-08-11,19:45:27.577886,/Users/anupreksha/Desktop/hoophouse2023/flowerPi/aug11backup/videos/001f543cd78f/230809/154136_664446_001f543cd78f.mp4,[]
2023-08-11,19:45:27.498096,/Users/anupreksha/Desktop/hoophouse2023/flowerPi/aug11backup/videos/001f543cd78f/230809/152732_653650_001f543cd78f.mp4,[]
2023-08-11,19:45:27.484585,/Users/anupreksha/Desktop/hoophouse2023/flowerPi/aug11backup/videos/001f543cd78f/230809/125919_005842_001f543cd78f.mp4,"[299, 299, 299, 299, 299, 434, 299, 299, 299, 299, 299, 299, 299, 299, 299, 299, 299, 299, 299, 299, 299, 299, 299, 299, 299, 299, 299, 299, 299, 299, 299, 299, 299, 299, 299, 299, 299, 299, 299, 299, 299, 299, 299, 299, 299, 299, 299, 299, 299, 299, 299, 299, 299, 299, 299]"
2023-08-11,19:45:27.514101,/Users/anupreksha/Desktop/hoophouse2023/flowerPi/aug11backup/videos/001f543cd78f/230809/152838_665060_001f543cd78f.mp4,[]
2023-08-11,19:45:27.658579,/Users/anupreksha/Desktop/hoophouse2023/flowerPi/aug11backup/videos/001f543cd78f/230809/180841_731837_001f543cd78f.mp4,"[276, 276, 276, 276, 276, 276, 276, 276, 276, 276, 276, 276, 276, 276, 276, 276, 276, 276, 276, 276, 276, 276, 276, 276, 276, 276, 276, 276, 987, 276, 276, 276, 276, 276, 276, 276, 276, 276, 276, 276, 276, 276, 276, 276, 276, 276, 276, 276, 276, 276, 276, 276, 276, 276, 276, 276, 276, 276, 276, 276, 276, 276, 276, 276, 276, 276, 276, 276, 276, 276, 276, 276, 276, 276, 276, 276, 276, 276, 276, 276, 987, 276, 276, 276, 276]"
2023-08-14,13:34:45.019523,/Users/anupreksha/Desktop/hoophouse2023/flowerPi/aug11backup/videos/001f543cd78f/230809/165755_898931_001f543cd78f.mp4,"[283, 283, 283, 283, 283, 283, 283, 283, 283, 283, 283, 283, 283, 283, 283, 283, 283, 283, 283, 283]"
2023-08-11,19:45:27.684650,/Users/anupreksha/Desktop/hoophouse2023/flowerPi/aug11backup/videos/001f543cd78f/230809/180909_729562_001f543cd78f.mp4,"[276, 276, 276, 276, 276, 276, 276, 276, 276, 276, 276, 276, 276, 276, 276, 276, 276, 276, 276, 276, 276, 276, 276, 276, 276, 276, 276, 276, 276, 276, 276, 276, 276, 276, 276, 276, 276, 276, 276, 276, 276, 276, 276, 276, 276, 276, 276, 276, 276, 276, 276, 276, 276, 276, 276, 276, 276, 276, 276, 276, 276, 276, 276, 276, 276, 276, 276, 276, 276, 276, 276, 276, 276, 276, 276, 276, 276, 276, 276, 190, 276, 276, 276, 276, 276, 276, 276, 276, 276, 276, 276, 276, 276, 276, 276, 276, 276, 276, 276, 276, 276, 276, 276, 276]"
2023-08-11,19:45:26.330881,/Users/anupreksha/Desktop/hoophouse2023/flowerPi/aug11backup/videos/001f543cd78f/230807/193352_651205_001f543cd78f.mp4,[]
2023-08-11,19:45:26.320029,/Users/anupreksha/Desktop/hoophouse2023/flowerPi/aug11backup/videos/001f543cd78f/230807/191234_041374_001f543cd78f.mp4,[]
2023-08-11,19:45:26.871800,/Users/anupreksha/Desktop/hoophouse2023/flowerPi/aug11backup/videos/001f543cd78f/230808/123340_319164_001f543cd78f.mp4,[]
2023-08-11,19:45:26.766425,/Users/anupreksha/Desktop/hoophouse2023/flowerPi/aug11backup/videos/001f543cd78f/230808/115431_899811_001f543cd78f.mp4,[]
2023-08-11,19:45:27.069271,/Users/anupreksha/Desktop/hoophouse2023/flowerPi/aug11backup/videos/001f543cd78f/230808/151948_182640_001f543cd78f.mp4,[]
2023-08-11,19:45:27.009375,/Users/anupreksha/Desktop/hoophouse2023/flowerPi/aug11backup/videos/001f543cd78f/230808/151206_184726_001f543cd78f.mp4,[]
2023-08-11,19:45:27.401526,/Users/anupreksha/Desktop/hoophouse2023/flowerPi/aug11backup/videos/001f543cd78f/230808/203929_350544_001f543cd78f.mp4,[]
2023-08-11,19:45:27.331334,/Users/anupreksha/Desktop/hoophouse2023/flowerPi/aug11backup/videos/001f543cd78f/230808/203845_332183_001f543cd78f.mp4,[]
2023-08-11,19:45:26.796979,/Users/anupreksha/Desktop/hoophouse2023/flowerPi/aug11backup/videos/001f543cd78f/230808/122313_108576_001f543cd78f.mp4,[]
2023-08-14,13:35:11.060920,/Users/anupreksha/Desktop/hoophouse2023/flowerPi/aug11backup/videos/001f543cd78f/230808/124946_327569_001f543cd78f.mp4,[]
2023-08-11,19:45:26.638239,/Users/anupreksha/Desktop/hoophouse2023/flowerPi/aug11backup/videos/001f543cd78f/230808/114634_700329_001f543cd78f.mp4,"[127, 127, 462, 462, 462]"
2023-08-11,19:45:26.690513,/Users/anupreksha/Desktop/hoophouse2023/flowerPi/aug11backup/videos/001f543cd78f/230808/115024_900544_001f543cd78f.mp4,[462]
2023-08-11,19:45:26.977571,/Users/anupreksha/Desktop/hoophouse2023/flowerPi/aug11backup/videos/001f543cd78f/230808/130951_933257_001f543cd78f.mp4,[]
2023-08-14,13:35:30.552722,/Users/anupreksha/Desktop/hoophouse2023/flowerPi/aug11backup/videos/001f543cd78f/230808/152601_584732_001f543cd78f.mp4,[]
2023-08-11,19:45:27.291342,/Users/anupreksha/Desktop/hoophouse2023/flowerPi/aug11backup/videos/001f543cd78f/230808/203735_772625_001f543cd78f.mp4,[]
2023-08-11,19:45:26.752000,/Users/anupreksha/Desktop/hoophouse2023/flowerPi/aug11backup/videos/001f543cd78f/230808/115415_900837_001f543cd78f.mp4,[]
2023-08-11,19:45:26.707303,/Users/anupreksha/Desktop/hoophouse2023/flowerPi/aug11backup/videos/001f543cd78f/230808/115037_899178_001f543cd78f.mp4,[415]
2023-08-11,19:45:26.884245,/Users/anupreksha/Desktop/hoophouse2023/flowerPi/aug11backup/videos/001f543cd78f/230808/124140_322314_001f543cd78f.mp4,"[656, 656, 656]"
2023-08-14,13:35:19.253482,/Users/anupreksha/Desktop/hoophouse2023/flowerPi/aug11backup/videos/001f543cd78f/230808/130929_930518_001f543cd78f.mp4,[265]
2023-08-11,19:45:26.996608,/Users/anupreksha/Desktop/hoophouse2023/flowerPi/aug11backup/videos/001f543cd78f/230808/131014_940366_001f543cd78f.mp4,[]
2023-08-11,19:45:26.856166,/Users/anupreksha/Desktop/hoophouse2023/flowerPi/aug11backup/videos/001f543cd78f/230808/122616_110515_001f543cd78f.mp4,[]
2023-08-11,19:45:26.811871,/Users/anupreksha/Desktop/hoophouse2023/flowerPi/aug11backup/videos/001f543cd78f/230808/122327_109494_001f543cd78f.mp4,"[145, 145]"
2023-08-11,19:45:26.781056,/Users/anupreksha/Desktop/hoophouse2023/flowerPi/aug11backup/videos/001f543cd78f/230808/115517_107536_001f543cd78f.mp4,[]
2023-08-11,19:45:27.187718,/Users/anupreksha/Desktop/hoophouse2023/flowerPi/aug11backup/videos/001f543cd78f/230808/180549_270550_001f543cd78f.mp4,[414]
2023-08-11,19:45:26.940494,/Users/anupreksha/Desktop/hoophouse2023/flowerPi/aug11backup/videos/001f543cd78f/230808/130916_930541_001f543cd78f.mp4,[]
2023-08-11,19:45:26.722811,/Users/anupreksha/Desktop/hoophouse2023/flowerPi/aug11backup/videos/001f543cd78f/230808/115049_897610_001f543cd78f.mp4,[]
2023-08-11,19:45:27.148366,/Users/anupreksha/Desktop/hoophouse2023/flowerPi/aug11backup/videos/001f543cd78f/230808/170821_566849_001f543cd78f.mp4,[]
2023-08-11,19:45:26.926229,/Users/anupreksha/Desktop/hoophouse2023/flowerPi/aug11backup/videos/001f543cd78f/230808/125533_328174_001f543cd78f.mp4,[]
2023-08-11,19:45:27.131314,/Users/anupreksha/Desktop/hoophouse2023/flowerPi/aug11backup/videos/001f543cd78f/230808/170759_567257_001f543cd78f.mp4,[37]
2023-08-11,19:45:27.104503,/Users/anupreksha/Desktop/hoophouse2023/flowerPi/aug11backup/videos/001f543cd78f/230808/152334_184376_001f543cd78f.mp4,[]
2023-08-11,19:45:26.676646,/Users/anupreksha/Desktop/hoophouse2023/flowerPi/aug11backup/videos/001f543cd78f/230808/114946_697780_001f543cd78f.mp4,"[127, 127, 127, 127]"
2023-08-11,19:45:26.652931,/Users/anupreksha/Desktop/hoophouse2023/flowerPi/aug11backup/videos/001f543cd78f/230808/114925_703626_001f543cd78f.mp4,[]
2023-08-11,19:45:27.032592,/Users/anupreksha/Desktop/hoophouse2023/flowerPi/aug11backup/videos/001f543cd78f/230808/151235_181651_001f543cd78f.mp4,[17]
2023-08-14,13:35:38.854477,/Users/anupreksha/Desktop/hoophouse2023/flowerPi/aug11backup/videos/001f543cd78f/230808/203658_941642_001f543cd78f.mp4,[]
2023-08-11,19:45:27.370516,/Users/anupreksha/Desktop/hoophouse2023/flowerPi/aug11backup/videos/001f543cd78f/230808/203907_940454_001f543cd78f.mp4,[]
2023-08-11,19:45:26.826365,/Users/anupreksha/Desktop/hoophouse2023/flowerPi/aug11backup/videos/001f543cd78f/230808/122520_114228_001f543cd78f.mp4,[]
2023-08-11,19:45:27.048575,/Users/anupreksha/Desktop/hoophouse2023/flowerPi/aug11backup/videos/001f543cd78f/230808/151928_182462_001f543cd78f.mp4,[]
2023-08-11,19:45:27.222363,/Users/anupreksha/Desktop/hoophouse2023/flowerPi/aug11backup/videos/001f543cd78f/230808/203644_339075_001f543cd78f.mp4,[]
2023-08-11,19:45:27.089361,/Users/anupreksha/Desktop/hoophouse2023/flowerPi/aug11backup/videos/001f543cd78f/230808/152308_211624_001f543cd78f.mp4,[]
2023-08-11,19:45:26.738868,/Users/anupreksha/Desktop/hoophouse2023/flowerPi/aug11backup/videos/001f543cd78f/230808/115105_908045_001f543cd78f.mp4,[17]
2023-08-11,19:45:26.841863,/Users/anupreksha/Desktop/hoophouse2023/flowerPi/aug11backup/videos/001f543cd78f/230808/122532_110951_001f543cd78f.mp4,[216]
2023-08-11,19:45:26.911749,/Users/anupreksha/Desktop/hoophouse2023/flowerPi/aug11backup/videos/001f543cd78f/230808/125203_327912_001f543cd78f.mp4,[]
2023-08-11,19:48:30.573427,/Users/anupreksha/Desktop/hoophouse2023/flowerPi/aug11backup/videos/001f54431b3d/230810/123514_495107_001f54431b3d.mp4,[425]
2023-08-11,19:48:25.453501,/Users/anupreksha/Desktop/hoophouse2023/flowerPi/aug11backup/videos/001f54431b3d/230810/053956_598254_001f54431b3d.mp4,[]
2023-08-11,19:48:25.335770,/Users/anupreksha/Desktop/hoophouse2023/flowerPi/aug11backup/videos/001f54431b3d/230810/053738_400382_001f54431b3d.mp4,[]
2023-08-11,19:48:28.517002,/Users/anupreksha/Desktop/hoophouse2023/flowerPi/aug11backup/videos/001f54431b3d/230810/075839_098724_001f54431b3d.mp4,[]
2023-08-11,19:48:28.865099,/Users/anupreksha/Desktop/hoophouse2023/flowerPi/aug11backup/videos/001f54431b3d/230810/081116_308959_001f54431b3d.mp4,[]
2023-08-11,19:48:28.679552,/Users/anupreksha/Desktop/hoophouse2023/flowerPi/aug11backup/videos/001f54431b3d/230810/080355_301524_001f54431b3d.mp4,[]
2023-08-11,19:48:30.220603,/Users/anupreksha/Desktop/hoophouse2023/flowerPi/aug11backup/videos/001f54431b3d/230810/095208_975123_001f54431b3d.mp4,[]
2023-08-11,19:48:30.427644,/Users/anupreksha/Desktop/hoophouse2023/flowerPi/aug11backup/videos/001f54431b3d/230810/113743_448045_001f54431b3d.mp4,[]
2023-08-11,19:48:26.688329,/Users/anupreksha/Desktop/hoophouse2023/flowerPi/aug11backup/videos/001f54431b3d/230810/064507_061786_001f54431b3d.mp4,[]
2023-08-11,19:48:27.265163,/Users/anupreksha/Desktop/hoophouse2023/flowerPi/aug11backup/videos/001f54431b3d/230810/075212_103334_001f54431b3d.mp4,[]
2023-08-11,19:48:30.651971,/Users/anupreksha/Desktop/hoophouse2023/flowerPi/aug11backup/videos/001f54431b3d/230810/123647_223807_001f54431b3d.mp4,"[425, 425, 425, 425, 425]"
2023-08-11,19:48:25.860920,/Users/anupreksha/Desktop/hoophouse2023/flowerPi/aug11backup/videos/001f54431b3d/230810/063734_041774_001f54431b3d.mp4,[]
2023-08-11,19:48:28.798511,/Users/anupreksha/Desktop/hoophouse2023/flowerPi/aug11backup/videos/001f54431b3d/230810/080824_300296_001f54431b3d.mp4,[]
2023-08-11,19:48:27.373185,/Users/anupreksha/Desktop/hoophouse2023/flowerPi/aug11backup/videos/001f54431b3d/230810/075645_100656_001f54431b3d.mp4,[]
2023-08-11,19:48:27.256393,/Users/anupreksha/Desktop/hoophouse2023/flowerPi/aug11backup/videos/001f54431b3d/230810/075157_091040_001f54431b3d.mp4,[]
2023-08-11,19:48:28.757636,/Users/anupreksha/Desktop/hoophouse2023/flowerPi/aug11backup/videos/001f54431b3d/230810/080637_303273_001f54431b3d.mp4,[]
2023-08-11,19:48:27.248061,/Users/anupreksha/Desktop/hoophouse2023/flowerPi/aug11backup/videos/001f54431b3d/230810/075133_086526_001f54431b3d.mp4,[]
2023-08-11,19:48:28.597587,/Users/anupreksha/Desktop/hoophouse2023/flowerPi/aug11backup/videos/001f54431b3d/230810/080124_295620_001f54431b3d.mp4,[]
2023-08-11,19:48:31.003305,/Users/anupreksha/Desktop/hoophouse2023/flowerPi/aug11backup/videos/001f54431b3d/230810/131856_129770_001f54431b3d.mp4,[]
2023-08-11,19:48:31.094769,/Users/anupreksha/Desktop/hoophouse2023/flowerPi/aug11backup/videos/001f54431b3d/230810/141538_162060_001f54431b3d.mp4,[105]
2023-08-11,19:48:27.087139,/Users/anupreksha/Desktop/hoophouse2023/flowerPi/aug11backup/videos/001f54431b3d/230810/074152_083529_001f54431b3d.mp4,[]
2023-08-11,19:48:30.311311,/Users/anupreksha/Desktop/hoophouse2023/flowerPi/aug11backup/videos/001f54431b3d/230810/111951_846066_001f54431b3d.mp4,"[283, 283, 283, 283, 283, 283, 283, 283, 283, 283, 283, 283, 283, 283, 283]"
2023-08-11,19:48:28.554262,/Users/anupreksha/Desktop/hoophouse2023/flowerPi/aug11backup/videos/001f54431b3d/230810/080002_295556_001f54431b3d.mp4,[]
2023-08-11,19:48:25.347292,/Users/anupreksha/Desktop/hoophouse2023/flowerPi/aug11backup/videos/001f54431b3d/230810/053758_597549_001f54431b3d.mp4,[]
2023-08-11,19:48:30.974805,/Users/anupreksha/Desktop/hoophouse2023/flowerPi/aug11backup/videos/001f54431b3d/230810/131616_130000_001f54431b3d.mp4,[]
2023-08-11,19:48:30.085376,/Users/anupreksha/Desktop/hoophouse2023/flowerPi/aug11backup/videos/001f54431b3d/230810/093644_970705_001f54431b3d.mp4,[]
2023-08-11,19:48:27.333030,/Users/anupreksha/Desktop/hoophouse2023/flowerPi/aug11backup/videos/001f54431b3d/230810/075436_103426_001f54431b3d.mp4,[]
2023-08-11,19:48:26.844459,/Users/anupreksha/Desktop/hoophouse2023/flowerPi/aug11backup/videos/001f54431b3d/230810/071221_061897_001f54431b3d.mp4,[]
2023-08-11,19:48:30.762995,/Users/anupreksha/Desktop/hoophouse2023/flowerPi/aug11backup/videos/001f54431b3d/230810/124422_094405_001f54431b3d.mp4,"[283, 283, 283, 283, 283, 283, 283, 283, 283, 283, 283, 283, 283, 283, 283]"
2023-08-11,19:48:30.155206,/Users/anupreksha/Desktop/hoophouse2023/flowerPi/aug11backup/videos/001f54431b3d/230810/093918_965754_001f54431b3d.mp4,[]
2023-08-11,19:48:30.121862,/Users/anupreksha/Desktop/hoophouse2023/flowerPi/aug11backup/videos/001f54431b3d/230810/093758_968845_001f54431b3d.mp4,[]
2023-08-11,19:48:30.748211,/Users/anupreksha/Desktop/hoophouse2023/flowerPi/aug11backup/videos/001f54431b3d/230810/124310_094245_001f54431b3d.mp4,[]
2023-08-11,19:48:28.503930,/Users/anupreksha/Desktop/hoophouse2023/flowerPi/aug11backup/videos/001f54431b3d/230810/075822_100721_001f54431b3d.mp4,[]
2023-08-11,19:48:30.413535,/Users/anupreksha/Desktop/hoophouse2023/flowerPi/aug11backup/videos/001f54431b3d/230810/113731_449213_001f54431b3d.mp4,[]
2023-08-11,19:48:26.860706,/Users/anupreksha/Desktop/hoophouse2023/flowerPi/aug11backup/videos/001f54431b3d/230810/071857_066887_001f54431b3d.mp4,[]
2023-08-11,19:48:30.964780,/Users/anupreksha/Desktop/hoophouse2023/flowerPi/aug11backup/videos/001f54431b3d/230810/131604_124022_001f54431b3d.mp4,[]
2023-08-11,19:48:27.095629,/Users/anupreksha/Desktop/hoophouse2023/flowerPi/aug11backup/videos/001f54431b3d/230810/074229_091401_001f54431b3d.mp4,[]
2023-08-11,19:48:30.529527,/Users/anupreksha/Desktop/hoophouse2023/flowerPi/aug11backup/videos/001f54431b3d/230810/123109_485334_001f54431b3d.mp4,"[276, 276, 276, 276, 276, 276, 276, 276, 276, 276, 276, 276, 276, 276, 276, 276, 276, 276, 276, 276]"
2023-08-11,19:48:25.177483,/Users/anupreksha/Desktop/hoophouse2023/flowerPi/aug11backup/videos/001f54431b3d/230810/053358_995229_001f54431b3d.mp4,[]
2023-08-11,19:48:27.052593,/Users/anupreksha/Desktop/hoophouse2023/flowerPi/aug11backup/videos/001f54431b3d/230810/073135_074232_001f54431b3d.mp4,"[657, 657, 657, 657]"
2023-08-11,19:48:30.296853,/Users/anupreksha/Desktop/hoophouse2023/flowerPi/aug11backup/videos/001f54431b3d/230810/111909_838236_001f54431b3d.mp4,[]
2023-08-11,19:48:28.705959,/Users/anupreksha/Desktop/hoophouse2023/flowerPi/aug11backup/videos/001f54431b3d/230810/080450_306333_001f54431b3d.mp4,[]
2023-08-11,19:48:30.615908,/Users/anupreksha/Desktop/hoophouse2023/flowerPi/aug11backup/videos/001f54431b3d/230810/123608_905569_001f54431b3d.mp4,[]
2023-08-11,19:48:26.887192,/Users/anupreksha/Desktop/hoophouse2023/flowerPi/aug11backup/videos/001f54431b3d/230810/072148_067024_001f54431b3d.mp4,[]
2023-08-11,19:48:26.971035,/Users/anupreksha/Desktop/hoophouse2023/flowerPi/aug11backup/videos/001f54431b3d/230810/072630_070770_001f54431b3d.mp4,[]
2023-08-11,19:48:29.190612,/Users/anupreksha/Desktop/hoophouse2023/flowerPi/aug11backup/videos/001f54431b3d/230810/084945_933458_001f54431b3d.mp4,[]
2023-08-11,19:48:25.399257,/Users/anupreksha/Desktop/hoophouse2023/flowerPi/aug11backup/videos/001f54431b3d/230810/053900_598888_001f54431b3d.mp4,[]
2023-08-11,19:48:27.061246,/Users/anupreksha/Desktop/hoophouse2023/flowerPi/aug11backup/videos/001f54431b3d/230810/073238_083979_001f54431b3d.mp4,[]
2023-08-11,19:48:26.734296,/Users/anupreksha/Desktop/hoophouse2023/flowerPi/aug11backup/videos/001f54431b3d/230810/064834_051690_001f54431b3d.mp4,[]
2023-08-11,19:48:28.930873,/Users/anupreksha/Desktop/hoophouse2023/flowerPi/aug11backup/videos/001f54431b3d/230810/081321_302915_001f54431b3d.mp4,[]
2023-08-11,19:48:25.696557,/Users/anupreksha/Desktop/hoophouse2023/flowerPi/aug11backup/videos/001f54431b3d/230810/054411_000091_001f54431b3d.mp4,[]
2023-08-11,19:48:30.685918,/Users/anupreksha/Desktop/hoophouse2023/flowerPi/aug11backup/videos/001f54431b3d/230810/123733_292704_001f54431b3d.mp4,"[425, 425, 425]"
2023-08-11,19:48:28.857462,/Users/anupreksha/Desktop/hoophouse2023/flowerPi/aug11backup/videos/001f54431b3d/230810/081052_307400_001f54431b3d.mp4,[]
2023-08-11,19:48:30.347000,/Users/anupreksha/Desktop/hoophouse2023/flowerPi/aug11backup/videos/001f54431b3d/230810/112520_840577_001f54431b3d.mp4,[]
2023-08-11,19:48:25.741354,/Users/anupreksha/Desktop/hoophouse2023/flowerPi/aug11backup/videos/001f54431b3d/230810/054505_010772_001f54431b3d.mp4,[]
2023-08-11,19:48:30.260186,/Users/anupreksha/Desktop/hoophouse2023/flowerPi/aug11backup/videos/001f54431b3d/230810/103348_004945_001f54431b3d.mp4,"[283, 283, 283, 283, 283, 283, 283, 283, 283, 283, 283, 283, 283, 283, 283, 283, 283, 283, 283, 283, 283, 283, 283, 283, 283, 283, 283, 283, 283, 283, 283, 283, 283, 283, 283, 283, 283, 283, 283]"
2023-08-11,19:48:26.836487,/Users/anupreksha/Desktop/hoophouse2023/flowerPi/aug11backup/videos/001f54431b3d/230810/070805_059716_001f54431b3d.mp4,[]
2023-08-11,19:48:26.828655,/Users/anupreksha/Desktop/hoophouse2023/flowerPi/aug11backup/videos/001f54431b3d/230810/070139_053929_001f54431b3d.mp4,[]
2023-08-11,19:48:29.008468,/Users/anupreksha/Desktop/hoophouse2023/flowerPi/aug11backup/videos/001f54431b3d/230810/081742_309155_001f54431b3d.mp4,[]
2023-08-11,19:48:25.755160,/Users/anupreksha/Desktop/hoophouse2023/flowerPi/aug11backup/videos/001f54431b3d/230810/054517_004124_001f54431b3d.mp4,[]
2023-08-11,19:48:25.269690,/Users/anupreksha/Desktop/hoophouse2023/flowerPi/aug11backup/videos/001f54431b3d/230810/053537_198840_001f54431b3d.mp4,[]
2023-08-11,19:48:27.024693,/Users/anupreksha/Desktop/hoophouse2023/flowerPi/aug11backup/videos/001f54431b3d/230810/072827_071689_001f54431b3d.mp4,[]
2023-08-11,19:48:28.545670,/Users/anupreksha/Desktop/hoophouse2023/flowerPi/aug11backup/videos/001f54431b3d/230810/075936_225478_001f54431b3d.mp4,[]
2023-08-11,19:48:26.679694,/Users/anupreksha/Desktop/hoophouse2023/flowerPi/aug11backup/videos/001f54431b3d/230810/064354_047160_001f54431b3d.mp4,[]
2023-08-11,19:48:27.168299,/Users/anupreksha/Desktop/hoophouse2023/flowerPi/aug11backup/videos/001f54431b3d/230810/074745_085417_001f54431b3d.mp4,[]
2023-08-11,19:48:26.955006,/Users/anupreksha/Desktop/hoophouse2023/flowerPi/aug11backup/videos/001f54431b3d/230810/072534_069918_001f54431b3d.mp4,[]
2023-08-11,19:48:25.825158,/Users/anupreksha/Desktop/hoophouse2023/flowerPi/aug11backup/videos/001f54431b3d/230810/060905_022821_001f54431b3d.mp4,[]
2023-08-11,19:48:29.167942,/Users/anupreksha/Desktop/hoophouse2023/flowerPi/aug11backup/videos/001f54431b3d/230810/084230_727018_001f54431b3d.mp4,[17]
2023-08-11,19:48:29.319261,/Users/anupreksha/Desktop/hoophouse2023/flowerPi/aug11backup/videos/001f54431b3d/230810/093322_969270_001f54431b3d.mp4,[]
2023-08-11,19:48:30.779549,/Users/anupreksha/Desktop/hoophouse2023/flowerPi/aug11backup/videos/001f54431b3d/230810/124802_828475_001f54431b3d.mp4,[]
2023-08-11,19:48:26.801906,/Users/anupreksha/Desktop/hoophouse2023/flowerPi/aug11backup/videos/001f54431b3d/230810/065707_050266_001f54431b3d.mp4,[]
2023-08-11,19:48:28.536586,/Users/anupreksha/Desktop/hoophouse2023/flowerPi/aug11backup/videos/001f54431b3d/230810/075922_234973_001f54431b3d.mp4,[]
2023-08-11,19:48:29.158141,/Users/anupreksha/Desktop/hoophouse2023/flowerPi/aug11backup/videos/001f54431b3d/230810/084058_526139_001f54431b3d.mp4,[]
2023-08-11,19:48:30.401533,/Users/anupreksha/Desktop/hoophouse2023/flowerPi/aug11backup/videos/001f54431b3d/230810/113635_249622_001f54431b3d.mp4,[]
2023-08-11,19:48:28.834888,/Users/anupreksha/Desktop/hoophouse2023/flowerPi/aug11backup/videos/001f54431b3d/230810/080934_307630_001f54431b3d.mp4,[]
2023-08-11,19:48:30.106119,/Users/anupreksha/Desktop/hoophouse2023/flowerPi/aug11backup/videos/001f54431b3d/230810/093717_969093_001f54431b3d.mp4,[]
2023-08-11,19:48:28.640923,/Users/anupreksha/Desktop/hoophouse2023/flowerPi/aug11backup/videos/001f54431b3d/230810/080234_296265_001f54431b3d.mp4,[]
2023-08-11,19:48:29.242008,/Users/anupreksha/Desktop/hoophouse2023/flowerPi/aug11backup/videos/001f54431b3d/230810/085354_938003_001f54431b3d.mp4,[]
2023-08-11,19:48:28.880076,/Users/anupreksha/Desktop/hoophouse2023/flowerPi/aug11backup/videos/001f54431b3d/230810/081149_305074_001f54431b3d.mp4,"[17, 17, 17, 17, 17]"
2023-08-11,19:48:30.096200,/Users/anupreksha/Desktop/hoophouse2023/flowerPi/aug11backup/videos/001f54431b3d/230810/093656_967739_001f54431b3d.mp4,[]
2023-08-11,19:48:26.672427,/Users/anupreksha/Desktop/hoophouse2023/flowerPi/aug11backup/videos/001f54431b3d/230810/063809_072113_001f54431b3d.mp4,[]
2023-08-11,19:48:27.129678,/Users/anupreksha/Desktop/hoophouse2023/flowerPi/aug11backup/videos/001f54431b3d/230810/074621_095939_001f54431b3d.mp4,[]
2023-08-11,19:48:25.781088,/Users/anupreksha/Desktop/hoophouse2023/flowerPi/aug11backup/videos/001f54431b3d/230810/054642_008047_001f54431b3d.mp4,[]
2023-08-11,19:48:29.054305,/Users/anupreksha/Desktop/hoophouse2023/flowerPi/aug11backup/videos/001f54431b3d/230810/082733_318427_001f54431b3d.mp4,[]
2023-08-11,19:48:28.648904,/Users/anupreksha/Desktop/hoophouse2023/flowerPi/aug11backup/videos/001f54431b3d/230810/080254_296227_001f54431b3d.mp4,[]
2023-08-11,19:48:25.358162,/Users/anupreksha/Desktop/hoophouse2023/flowerPi/aug11backup/videos/001f54431b3d/230810/053817_595349_001f54431b3d.mp4,[]
2023-08-11,19:48:31.114954,/Users/anupreksha/Desktop/hoophouse2023/flowerPi/aug11backup/videos/001f54431b3d/230810/141716_364589_001f54431b3d.mp4,"[276, 276, 276, 276, 276, 276, 276, 276, 276, 276, 276, 276, 276, 276, 276, 276, 276, 276, 276]"
2023-08-11,19:48:28.780976,/Users/anupreksha/Desktop/hoophouse2023/flowerPi/aug11backup/videos/001f54431b3d/230810/080739_310641_001f54431b3d.mp4,[]
2023-08-11,19:48:27.138203,/Users/anupreksha/Desktop/hoophouse2023/flowerPi/aug11backup/videos/001f54431b3d/230810/074701_087371_001f54431b3d.mp4,[]
2023-08-11,19:48:27.195108,/Users/anupreksha/Desktop/hoophouse2023/flowerPi/aug11backup/videos/001f54431b3d/230810/074934_091680_001f54431b3d.mp4,[]
2023-08-11,19:48:25.841607,/Users/anupreksha/Desktop/hoophouse2023/flowerPi/aug11backup/videos/001f54431b3d/230810/063358_040626_001f54431b3d.mp4,[]
2023-08-11,19:48:27.112397,/Users/anupreksha/Desktop/hoophouse2023/flowerPi/aug11backup/videos/001f54431b3d/230810/074414_086277_001f54431b3d.mp4,[]
2023-08-11,19:48:28.988944,/Users/anupreksha/Desktop/hoophouse2023/flowerPi/aug11backup/videos/001f54431b3d/230810/081548_310344_001f54431b3d.mp4,[653]
2023-08-11,19:48:28.826078,/Users/anupreksha/Desktop/hoophouse2023/flowerPi/aug11backup/videos/001f54431b3d/230810/080909_310011_001f54431b3d.mp4,[]
2023-08-11,19:48:29.127980,/Users/anupreksha/Desktop/hoophouse2023/flowerPi/aug11backup/videos/001f54431b3d/230810/083351_324315_001f54431b3d.mp4,[]
2023-08-11,19:48:26.947413,/Users/anupreksha/Desktop/hoophouse2023/flowerPi/aug11backup/videos/001f54431b3d/230810/072451_068961_001f54431b3d.mp4,[]
2023-08-11,19:48:28.670225,/Users/anupreksha/Desktop/hoophouse2023/flowerPi/aug11backup/videos/001f54431b3d/230810/080343_296085_001f54431b3d.mp4,[]
2023-08-11,19:48:29.251230,/Users/anupreksha/Desktop/hoophouse2023/flowerPi/aug11backup/videos/001f54431b3d/230810/090145_941598_001f54431b3d.mp4,"[683, 683, 683]"
2023-08-11,19:48:30.698321,/Users/anupreksha/Desktop/hoophouse2023/flowerPi/aug11backup/videos/001f54431b3d/230810/123840_623300_001f54431b3d.mp4,[]
2023-08-11,19:48:25.380137,/Users/anupreksha/Desktop/hoophouse2023/flowerPi/aug11backup/videos/001f54431b3d/230810/053831_608289_001f54431b3d.mp4,[]
2023-08-11,19:48:25.799114,/Users/anupreksha/Desktop/hoophouse2023/flowerPi/aug11backup/videos/001f54431b3d/230810/054657_002227_001f54431b3d.mp4,[]
2023-08-11,19:48:25.833779,/Users/anupreksha/Desktop/hoophouse2023/flowerPi/aug11backup/videos/001f54431b3d/230810/063008_039900_001f54431b3d.mp4,[]
2023-08-11,19:48:30.243464,/Users/anupreksha/Desktop/hoophouse2023/flowerPi/aug11backup/videos/001f54431b3d/230810/101410_990491_001f54431b3d.mp4,[]
2023-08-11,19:48:27.287161,/Users/anupreksha/Desktop/hoophouse2023/flowerPi/aug11backup/videos/001f54431b3d/230810/075319_099986_001f54431b3d.mp4,[]
2023-08-11,19:48:25.516716,/Users/anupreksha/Desktop/hoophouse2023/flowerPi/aug11backup/videos/001f54431b3d/230810/054051_000267_001f54431b3d.mp4,[]
2023-08-11,19:48:30.357322,/Users/anupreksha/Desktop/hoophouse2023/flowerPi/aug11backup/videos/001f54431b3d/230810/112918_042945_001f54431b3d.mp4,[979]
2023-08-11,19:48:30.503239,/Users/anupreksha/Desktop/hoophouse2023/flowerPi/aug11backup/videos/001f54431b3d/230810/122818_286280_001f54431b3d.mp4,[]
2023-08-11,19:48:28.808063,/Users/anupreksha/Desktop/hoophouse2023/flowerPi/aug11backup/videos/001f54431b3d/230810/080837_310404_001f54431b3d.mp4,[]
2023-08-11,19:48:28.949265,/Users/anupreksha/Desktop/hoophouse2023/flowerPi/aug11backup/videos/001f54431b3d/230810/081410_311150_001f54431b3d.mp4,[]
2023-08-11,19:48:28.911628,/Users/anupreksha/Desktop/hoophouse2023/flowerPi/aug11backup/videos/001f54431b3d/230810/081249_308151_001f54431b3d.mp4,[]
2023-08-11,19:48:30.324594,/Users/anupreksha/Desktop/hoophouse2023/flowerPi/aug11backup/videos/001f54431b3d/230810/112215_844832_001f54431b3d.mp4,"[283, 283, 283, 283, 283, 283, 283, 283, 283, 283, 283, 283, 283, 283, 283, 283, 283, 283, 283, 283]"
2023-08-11,19:48:30.902509,/Users/anupreksha/Desktop/hoophouse2023/flowerPi/aug11backup/videos/001f54431b3d/230810/131006_441894_001f54431b3d.mp4,[]
2023-08-11,19:48:25.641713,/Users/anupreksha/Desktop/hoophouse2023/flowerPi/aug11backup/videos/001f54431b3d/230810/054314_002167_001f54431b3d.mp4,[]
2023-08-11,19:48:29.063437,/Users/anupreksha/Desktop/hoophouse2023/flowerPi/aug11backup/videos/001f54431b3d/230810/083005_316525_001f54431b3d.mp4,[]
2023-08-11,19:48:27.078758,/Users/anupreksha/Desktop/hoophouse2023/flowerPi/aug11backup/videos/001f54431b3d/230810/073642_079974_001f54431b3d.mp4,[]
2023-08-11,19:48:27.120483,/Users/anupreksha/Desktop/hoophouse2023/flowerPi/aug11backup/videos/001f54431b3d/230810/074553_087121_001f54431b3d.mp4,[]
2023-08-11,19:48:26.768986,/Users/anupreksha/Desktop/hoophouse2023/flowerPi/aug11backup/videos/001f54431b3d/230810/065256_051915_001f54431b3d.mp4,[]
2023-08-11,19:48:25.852385,/Users/anupreksha/Desktop/hoophouse2023/flowerPi/aug11backup/videos/001f54431b3d/230810/063551_037000_001f54431b3d.mp4,[]
2023-08-11,19:48:25.203684,/Users/anupreksha/Desktop/hoophouse2023/flowerPi/aug11backup/videos/001f54431b3d/230810/053414_994870_001f54431b3d.mp4,[]
2023-08-11,19:48:27.149001,/Users/anupreksha/Desktop/hoophouse2023/flowerPi/aug11backup/videos/001f54431b3d/230810/074717_084904_001f54431b3d.mp4,[]
2023-08-11,19:48:28.767028,/Users/anupreksha/Desktop/hoophouse2023/flowerPi/aug11backup/videos/001f54431b3d/230810/080703_311864_001f54431b3d.mp4,[]
2023-08-11,19:48:25.226152,/Users/anupreksha/Desktop/hoophouse2023/flowerPi/aug11backup/videos/001f54431b3d/230810/053426_995370_001f54431b3d.mp4,[]
2023-08-11,19:48:29.330320,/Users/anupreksha/Desktop/hoophouse2023/flowerPi/aug11backup/videos/001f54431b3d/230810/093531_963661_001f54431b3d.mp4,[]
2023-08-11,19:48:29.200832,/Users/anupreksha/Desktop/hoophouse2023/flowerPi/aug11backup/videos/001f54431b3d/230810/085149_934596_001f54431b3d.mp4,[17]
2023-08-11,19:48:27.320600,/Users/anupreksha/Desktop/hoophouse2023/flowerPi/aug11backup/videos/001f54431b3d/230810/075402_096792_001f54431b3d.mp4,[]
2023-08-11,19:48:30.206480,/Users/anupreksha/Desktop/hoophouse2023/flowerPi/aug11backup/videos/001f54431b3d/230810/095148_976077_001f54431b3d.mp4,[]
2023-08-11,19:48:31.015909,/Users/anupreksha/Desktop/hoophouse2023/flowerPi/aug11backup/videos/001f54431b3d/230810/131919_115357_001f54431b3d.mp4,[]
2023-08-11,19:48:28.890950,/Users/anupreksha/Desktop/hoophouse2023/flowerPi/aug11backup/videos/001f54431b3d/230810/081211_302934_001f54431b3d.mp4,[]
2023-08-11,19:48:27.003611,/Users/anupreksha/Desktop/hoophouse2023/flowerPi/aug11backup/videos/001f54431b3d/230810/072757_071308_001f54431b3d.mp4,[]
2023-08-11,19:48:29.119740,/Users/anupreksha/Desktop/hoophouse2023/flowerPi/aug11backup/videos/001f54431b3d/230810/083337_326707_001f54431b3d.mp4,[]
2023-08-11,19:48:26.987036,/Users/anupreksha/Desktop/hoophouse2023/flowerPi/aug11backup/videos/001f54431b3d/230810/072719_070703_001f54431b3d.mp4,[]
2023-08-11,19:48:25.614516,/Users/anupreksha/Desktop/hoophouse2023/flowerPi/aug11backup/videos/001f54431b3d/230810/054231_005288_001f54431b3d.mp4,[]
2023-08-11,19:48:29.087295,/Users/anupreksha/Desktop/hoophouse2023/flowerPi/aug11backup/videos/001f54431b3d/230810/083133_333480_001f54431b3d.mp4,[]
2023-08-11,19:48:30.847128,/Users/anupreksha/Desktop/hoophouse2023/flowerPi/aug11backup/videos/001f54431b3d/230810/130326_916426_001f54431b3d.mp4,[]
2023-08-11,19:48:26.760100,/Users/anupreksha/Desktop/hoophouse2023/flowerPi/aug11backup/videos/001f54431b3d/230810/065227_050786_001f54431b3d.mp4,[]
2023-08-11,19:48:30.285307,/Users/anupreksha/Desktop/hoophouse2023/flowerPi/aug11backup/videos/001f54431b3d/230810/111604_768418_001f54431b3d.mp4,"[683, 683, 683, 683, 683]"
2023-08-11,19:48:28.662085,/Users/anupreksha/Desktop/hoophouse2023/flowerPi/aug11backup/videos/001f54431b3d/230810/080319_308554_001f54431b3d.mp4,[]
2023-08-11,19:48:29.040426,/Users/anupreksha/Desktop/hoophouse2023/flowerPi/aug11backup/videos/001f54431b3d/230810/082513_319518_001f54431b3d.mp4,[]
2023-08-11,19:48:28.740706,/Users/anupreksha/Desktop/hoophouse2023/flowerPi/aug11backup/videos/001f54431b3d/230810/080540_305413_001f54431b3d.mp4,[]
2023-08-11,19:48:30.954624,/Users/anupreksha/Desktop/hoophouse2023/flowerPi/aug11backup/videos/001f54431b3d/230810/131445_119809_001f54431b3d.mp4,[]
2023-08-11,19:48:29.211288,/Users/anupreksha/Desktop/hoophouse2023/flowerPi/aug11backup/videos/001f54431b3d/230810/085225_932952_001f54431b3d.mp4,[17]
2023-08-11,19:48:26.742823,/Users/anupreksha/Desktop/hoophouse2023/flowerPi/aug11backup/videos/001f54431b3d/230810/065132_055853_001f54431b3d.mp4,[]
2023-08-11,19:48:30.490752,/Users/anupreksha/Desktop/hoophouse2023/flowerPi/aug11backup/videos/001f54431b3d/230810/122552_484843_001f54431b3d.mp4,"[283, 283, 283, 283, 283, 283, 283, 283, 283, 283, 283, 283, 283, 283, 283, 283, 283, 283, 283, 283, 283, 283, 283]"
2023-08-11,19:48:30.833317,/Users/anupreksha/Desktop/hoophouse2023/flowerPi/aug11backup/videos/001f54431b3d/230810/130256_838191_001f54431b3d.mp4,[]
2023-08-11,19:48:29.222497,/Users/anupreksha/Desktop/hoophouse2023/flowerPi/aug11backup/videos/001f54431b3d/230810/085241_935538_001f54431b3d.mp4,[]
2023-08-11,19:48:30.815248,/Users/anupreksha/Desktop/hoophouse2023/flowerPi/aug11backup/videos/001f54431b3d/230810/125902_503854_001f54431b3d.mp4,[]
2023-08-11,19:48:26.870407,/Users/anupreksha/Desktop/hoophouse2023/flowerPi/aug11backup/videos/001f54431b3d/230810/071951_065851_001f54431b3d.mp4,[]
2023-08-11,19:48:27.070570,/Users/anupreksha/Desktop/hoophouse2023/flowerPi/aug11backup/videos/001f54431b3d/230810/073543_077151_001f54431b3d.mp4,[]
2023-08-11,19:48:27.307522,/Users/anupreksha/Desktop/hoophouse2023/flowerPi/aug11backup/videos/001f54431b3d/230810/075350_092432_001f54431b3d.mp4,[]
2023-08-11,19:48:28.722847,/Users/anupreksha/Desktop/hoophouse2023/flowerPi/aug11backup/videos/001f54431b3d/230810/080527_306344_001f54431b3d.mp4,[]
2023-08-11,19:48:26.921118,/Users/anupreksha/Desktop/hoophouse2023/flowerPi/aug11backup/videos/001f54431b3d/230810/072314_072673_001f54431b3d.mp4,[]
2023-08-11,19:48:30.890775,/Users/anupreksha/Desktop/hoophouse2023/flowerPi/aug11backup/videos/001f54431b3d/230810/130855_113533_001f54431b3d.mp4,[]
2023-08-11,19:48:30.174734,/Users/anupreksha/Desktop/hoophouse2023/flowerPi/aug11backup/videos/001f54431b3d/230810/094842_978004_001f54431b3d.mp4,[]
2023-08-11,19:48:31.040803,/Users/anupreksha/Desktop/hoophouse2023/flowerPi/aug11backup/videos/001f54431b3d/230810/132418_722755_001f54431b3d.mp4,[]
2023-08-11,19:48:30.369815,/Users/anupreksha/Desktop/hoophouse2023/flowerPi/aug11backup/videos/001f54431b3d/230810/113118_049310_001f54431b3d.mp4,[]
2023-08-11,19:48:30.862142,/Users/anupreksha/Desktop/hoophouse2023/flowerPi/aug11backup/videos/001f54431b3d/230810/130354_039714_001f54431b3d.mp4,[]
2023-08-11,19:48:29.077619,/Users/anupreksha/Desktop/hoophouse2023/flowerPi/aug11backup/videos/001f54431b3d/230810/083023_320913_001f54431b3d.mp4,"[944, 944, 944, 944, 944]"
2023-08-11,19:48:30.384955,/Users/anupreksha/Desktop/hoophouse2023/flowerPi/aug11backup/videos/001f54431b3d/230810/113515_180167_001f54431b3d.mp4,[]
2023-08-11,19:48:26.903637,/Users/anupreksha/Desktop/hoophouse2023/flowerPi/aug11backup/videos/001f54431b3d/230810/072243_068696_001f54431b3d.mp4,[]
2023-08-11,19:48:26.794044,/Users/anupreksha/Desktop/hoophouse2023/flowerPi/aug11backup/videos/001f54431b3d/230810/065509_055152_001f54431b3d.mp4,[]
2023-08-11,19:48:25.817026,/Users/anupreksha/Desktop/hoophouse2023/flowerPi/aug11backup/videos/001f54431b3d/230810/060452_017908_001f54431b3d.mp4,[]
2023-08-11,19:48:29.278874,/Users/anupreksha/Desktop/hoophouse2023/flowerPi/aug11backup/videos/001f54431b3d/230810/092432_955023_001f54431b3d.mp4,[]
2023-08-11,19:48:25.683958,/Users/anupreksha/Desktop/hoophouse2023/flowerPi/aug11backup/videos/001f54431b3d/230810/054349_001162_001f54431b3d.mp4,[]
2023-08-11,19:48:30.592705,/Users/anupreksha/Desktop/hoophouse2023/flowerPi/aug11backup/videos/001f54431b3d/230810/123533_624086_001f54431b3d.mp4,[425]
2023-08-11,19:48:30.928584,/Users/anupreksha/Desktop/hoophouse2023/flowerPi/aug11backup/videos/001f54431b3d/230810/131215_523908_001f54431b3d.mp4,[683]
2023-08-11,19:48:30.672993,/Users/anupreksha/Desktop/hoophouse2023/flowerPi/aug11backup/videos/001f54431b3d/230810/123710_320403_001f54431b3d.mp4,[17]
2023-08-11,19:48:27.381968,/Users/anupreksha/Desktop/hoophouse2023/flowerPi/aug11backup/videos/001f54431b3d/230810/075713_092500_001f54431b3d.mp4,[]
2023-08-11,19:48:29.270708,/Users/anupreksha/Desktop/hoophouse2023/flowerPi/aug11backup/videos/001f54431b3d/230810/091831_952076_001f54431b3d.mp4,[]
2023-08-11,19:48:29.101384,/Users/anupreksha/Desktop/hoophouse2023/flowerPi/aug11backup/videos/001f54431b3d/230810/083232_322895_001f54431b3d.mp4,[]
2023-08-11,19:48:28.903006,/Users/anupreksha/Desktop/hoophouse2023/flowerPi/aug11backup/videos/001f54431b3d/230810/081231_305705_001f54431b3d.mp4,[]
2023-08-11,19:48:26.912567,/Users/anupreksha/Desktop/hoophouse2023/flowerPi/aug11backup/videos/001f54431b3d/230810/072255_067846_001f54431b3d.mp4,[]
2023-08-11,19:48:30.452427,/Users/anupreksha/Desktop/hoophouse2023/flowerPi/aug11backup/videos/001f54431b3d/230810/114225_455553_001f54431b3d.mp4,[]
2023-08-11,19:48:28.958292,/Users/anupreksha/Desktop/hoophouse2023/flowerPi/aug11backup/videos/001f54431b3d/230810/081430_309519_001f54431b3d.mp4,[]
2023-08-11,19:48:26.995268,/Users/anupreksha/Desktop/hoophouse2023/flowerPi/aug11backup/videos/001f54431b3d/230810/072743_071001_001f54431b3d.mp4,[]
2023-08-11,19:48:29.110596,/Users/anupreksha/Desktop/hoophouse2023/flowerPi/aug11backup/videos/001f54431b3d/230810/083250_321131_001f54431b3d.mp4,[109]
2023-08-11,19:48:25.768110,/Users/anupreksha/Desktop/hoophouse2023/flowerPi/aug11backup/videos/001f54431b3d/230810/054554_011040_001f54431b3d.mp4,[17]
2023-08-11,19:48:30.874727,/Users/anupreksha/Desktop/hoophouse2023/flowerPi/aug11backup/videos/001f54431b3d/230810/130409_050483_001f54431b3d.mp4,[]
2023-08-11,19:48:29.298220,/Users/anupreksha/Desktop/hoophouse2023/flowerPi/aug11backup/videos/001f54431b3d/230810/093021_966594_001f54431b3d.mp4,[]
2023-08-11,19:48:28.627666,/Users/anupreksha/Desktop/hoophouse2023/flowerPi/aug11backup/videos/001f54431b3d/230810/080207_297914_001f54431b3d.mp4,"[283, 283, 283, 283, 283, 283, 283, 283, 283, 283, 283, 283, 283, 283, 283, 283, 283, 283, 283, 283]"
2023-08-11,19:48:30.988142,/Users/anupreksha/Desktop/hoophouse2023/flowerPi/aug11backup/videos/001f54431b3d/230810/131809_136169_001f54431b3d.mp4,[]
2023-08-11,19:48:25.422828,/Users/anupreksha/Desktop/hoophouse2023/flowerPi/aug11backup/videos/001f54431b3d/230810/053926_596710_001f54431b3d.mp4,[]
2023-08-11,19:48:28.939213,/Users/anupreksha/Desktop/hoophouse2023/flowerPi/aug11backup/videos/001f54431b3d/230810/081349_307799_001f54431b3d.mp4,[]
2023-08-11,19:48:25.712358,/Users/anupreksha/Desktop/hoophouse2023/flowerPi/aug11backup/videos/001f54431b3d/230810/054437_001365_001f54431b3d.mp4,[]
2023-08-11,19:48:27.186124,/Users/anupreksha/Desktop/hoophouse2023/flowerPi/aug11backup/videos/001f54431b3d/230810/074907_085072_001f54431b3d.mp4,[]
2023-08-11,19:48:29.018727,/Users/anupreksha/Desktop/hoophouse2023/flowerPi/aug11backup/videos/001f54431b3d/230810/082053_313341_001f54431b3d.mp4,[]
2023-08-11,19:48:25.629906,/Users/anupreksha/Desktop/hoophouse2023/flowerPi/aug11backup/videos/001f54431b3d/230810/054253_015918_001f54431b3d.mp4,[]
2023-08-11,19:48:30.630069,/Users/anupreksha/Desktop/hoophouse2023/flowerPi/aug11backup/videos/001f54431b3d/230810/123632_903592_001f54431b3d.mp4,[]
2023-08-11,19:48:26.750928,/Users/anupreksha/Desktop/hoophouse2023/flowerPi/aug11backup/videos/001f54431b3d/230810/065153_049331_001f54431b3d.mp4,[]
2023-08-11,19:48:25.320179,/Users/anupreksha/Desktop/hoophouse2023/flowerPi/aug11backup/videos/001f54431b3d/230810/053646_396272_001f54431b3d.mp4,[]
2023-08-11,19:48:30.912959,/Users/anupreksha/Desktop/hoophouse2023/flowerPi/aug11backup/videos/001f54431b3d/230810/131152_513918_001f54431b3d.mp4,[]
2023-08-11,19:48:27.212406,/Users/anupreksha/Desktop/hoophouse2023/flowerPi/aug11backup/videos/001f54431b3d/230810/075011_097006_001f54431b3d.mp4,[]
2023-08-11,19:48:26.937883,/Users/anupreksha/Desktop/hoophouse2023/flowerPi/aug11backup/videos/001f54431b3d/230810/072427_068886_001f54431b3d.mp4,[]
2023-08-11,19:48:27.203802,/Users/anupreksha/Desktop/hoophouse2023/flowerPi/aug11backup/videos/001f54431b3d/230810/074953_085935_001f54431b3d.mp4,[]
2023-08-11,19:48:27.225873,/Users/anupreksha/Desktop/hoophouse2023/flowerPi/aug11backup/videos/001f54431b3d/230810/075047_088148_001f54431b3d.mp4,[]
2023-08-11,19:48:28.714470,/Users/anupreksha/Desktop/hoophouse2023/flowerPi/aug11backup/videos/001f54431b3d/230810/080502_303212_001f54431b3d.mp4,[]
2023-08-11,19:48:26.777481,/Users/anupreksha/Desktop/hoophouse2023/flowerPi/aug11backup/videos/001f54431b3d/230810/065324_053292_001f54431b3d.mp4,[]
2023-08-11,19:48:26.929276,/Users/anupreksha/Desktop/hoophouse2023/flowerPi/aug11backup/videos/001f54431b3d/230810/072416_070473_001f54431b3d.mp4,[]
2023-08-11,19:48:27.233812,/Users/anupreksha/Desktop/hoophouse2023/flowerPi/aug11backup/videos/001f54431b3d/230810/075107_088877_001f54431b3d.mp4,[]
2023-08-11,19:48:25.285639,/Users/anupreksha/Desktop/hoophouse2023/flowerPi/aug11backup/videos/001f54431b3d/230810/053610_398358_001f54431b3d.mp4,[]
2023-08-11,19:48:27.043436,/Users/anupreksha/Desktop/hoophouse2023/flowerPi/aug11backup/videos/001f54431b3d/230810/072945_073168_001f54431b3d.mp4,[]
2023-08-11,19:48:31.029730,/Users/anupreksha/Desktop/hoophouse2023/flowerPi/aug11backup/videos/001f54431b3d/230810/132218_520383_001f54431b3d.mp4,[]
2023-08-11,19:48:29.029679,/Users/anupreksha/Desktop/hoophouse2023/flowerPi/aug11backup/videos/001f54431b3d/230810/082402_316397_001f54431b3d.mp4,[]
2023-08-11,19:48:26.819929,/Users/anupreksha/Desktop/hoophouse2023/flowerPi/aug11backup/videos/001f54431b3d/230810/070021_056294_001f54431b3d.mp4,[]
2023-08-11,19:48:27.408092,/Users/anupreksha/Desktop/hoophouse2023/flowerPi/aug11backup/videos/001f54431b3d/230810/075755_101303_001f54431b3d.mp4,[]
2023-08-11,19:48:26.811045,/Users/anupreksha/Desktop/hoophouse2023/flowerPi/aug11backup/videos/001f54431b3d/230810/065930_055192_001f54431b3d.mp4,[]
2023-08-11,19:48:28.527737,/Users/anupreksha/Desktop/hoophouse2023/flowerPi/aug11backup/videos/001f54431b3d/230810/075902_227423_001f54431b3d.mp4,[]
2023-08-11,19:48:25.727449,/Users/anupreksha/Desktop/hoophouse2023/flowerPi/aug11backup/videos/001f54431b3d/230810/054452_002981_001f54431b3d.mp4,[]
2023-08-11,19:48:25.250568,/Users/anupreksha/Desktop/hoophouse2023/flowerPi/aug11backup/videos/001f54431b3d/230810/053506_994347_001f54431b3d.mp4,[397]
2023-08-11,19:48:30.145003,/Users/anupreksha/Desktop/hoophouse2023/flowerPi/aug11backup/videos/001f54431b3d/230810/093839_966303_001f54431b3d.mp4,[853]
2023-08-11,19:48:28.999115,/Users/anupreksha/Desktop/hoophouse2023/flowerPi/aug11backup/videos/001f54431b3d/230810/081609_314771_001f54431b3d.mp4,[]
2023-08-11,19:48:28.843446,/Users/anupreksha/Desktop/hoophouse2023/flowerPi/aug11backup/videos/001f54431b3d/230810/081017_309532_001f54431b3d.mp4,[]
2023-08-11,19:48:27.104038,/Users/anupreksha/Desktop/hoophouse2023/flowerPi/aug11backup/videos/001f54431b3d/230810/074330_092897_001f54431b3d.mp4,[]
2023-08-11,19:48:29.178984,/Users/anupreksha/Desktop/hoophouse2023/flowerPi/aug11backup/videos/001f54431b3d/230810/084346_859894_001f54431b3d.mp4,[]
2023-08-11,19:48:30.516425,/Users/anupreksha/Desktop/hoophouse2023/flowerPi/aug11backup/videos/001f54431b3d/230810/122954_304634_001f54431b3d.mp4,[17]
2023-08-11,19:48:27.277831,/Users/anupreksha/Desktop/hoophouse2023/flowerPi/aug11backup/videos/001f54431b3d/230810/075257_089490_001f54431b3d.mp4,[]
2023-08-11,19:48:31.077473,/Users/anupreksha/Desktop/hoophouse2023/flowerPi/aug11backup/videos/001f54431b3d/230810/133513_948802_001f54431b3d.mp4,[396]
2023-08-11,19:48:29.261312,/Users/anupreksha/Desktop/hoophouse2023/flowerPi/aug11backup/videos/001f54431b3d/230810/090425_944453_001f54431b3d.mp4,[]
2023-08-11,19:48:28.696912,/Users/anupreksha/Desktop/hoophouse2023/flowerPi/aug11backup/videos/001f54431b3d/230810/080433_307677_001f54431b3d.mp4,[]
2023-08-11,19:48:27.157229,/Users/anupreksha/Desktop/hoophouse2023/flowerPi/aug11backup/videos/001f54431b3d/230810/074733_089497_001f54431b3d.mp4,[]
2023-08-11,19:48:29.147010,/Users/anupreksha/Desktop/hoophouse2023/flowerPi/aug11backup/videos/001f54431b3d/230810/083618_321604_001f54431b3d.mp4,[]
2023-08-11,19:48:25.303530,/Users/anupreksha/Desktop/hoophouse2023/flowerPi/aug11backup/videos/001f54431b3d/230810/053625_396873_001f54431b3d.mp4,[]
2023-08-11,19:48:28.688033,/Users/anupreksha/Desktop/hoophouse2023/flowerPi/aug11backup/videos/001f54431b3d/230810/080421_297126_001f54431b3d.mp4,[]
2023-08-11,19:48:30.802360,/Users/anupreksha/Desktop/hoophouse2023/flowerPi/aug11backup/videos/001f54431b3d/230810/125617_510758_001f54431b3d.mp4,[]
2023-08-11,19:48:25.808035,/Users/anupreksha/Desktop/hoophouse2023/flowerPi/aug11backup/videos/001f54431b3d/230810/055043_008976_001f54431b3d.mp4,[]
2023-08-11,19:48:29.233005,/Users/anupreksha/Desktop/hoophouse2023/flowerPi/aug11backup/videos/001f54431b3d/230810/085314_937588_001f54431b3d.mp4,[]
2023-08-11,19:48:25.542808,/Users/anupreksha/Desktop/hoophouse2023/flowerPi/aug11backup/videos/001f54431b3d/230810/054121_009924_001f54431b3d.mp4,[]
2023-08-11,19:48:28.609968,/Users/anupreksha/Desktop/hoophouse2023/flowerPi/aug11backup/videos/001f54431b3d/230810/080147_306423_001f54431b3d.mp4,[]
2023-08-11,19:48:30.472765,/Users/anupreksha/Desktop/hoophouse2023/flowerPi/aug11backup/videos/001f54431b3d/230810/122400_295804_001f54431b3d.mp4,[]
2023-08-11,19:48:27.341812,/Users/anupreksha/Desktop/hoophouse2023/flowerPi/aug11backup/videos/001f54431b3d/230810/075525_091564_001f54431b3d.mp4,[]
2023-08-11,19:48:26.712715,/Users/anupreksha/Desktop/hoophouse2023/flowerPi/aug11backup/videos/001f54431b3d/230810/064702_045994_001f54431b3d.mp4,[]
2023-08-11,19:48:29.287555,/Users/anupreksha/Desktop/hoophouse2023/flowerPi/aug11backup/videos/001f54431b3d/230810/092448_954833_001f54431b3d.mp4,"[296, 296]"
2023-08-11,19:48:30.442294,/Users/anupreksha/Desktop/hoophouse2023/flowerPi/aug11backup/videos/001f54431b3d/230810/113810_453400_001f54431b3d.mp4,[17]
2023-08-11,19:48:26.696676,/Users/anupreksha/Desktop/hoophouse2023/flowerPi/aug11backup/videos/001f54431b3d/230810/064529_044265_001f54431b3d.mp4,[]
2023-08-11,19:48:28.816566,/Users/anupreksha/Desktop/hoophouse2023/flowerPi/aug11backup/videos/001f54431b3d/230810/080857_305775_001f54431b3d.mp4,[]
2023-08-11,19:48:30.545701,/Users/anupreksha/Desktop/hoophouse2023/flowerPi/aug11backup/videos/001f54431b3d/230810/123145_482527_001f54431b3d.mp4,[]
2023-08-11,19:48:28.789896,/Users/anupreksha/Desktop/hoophouse2023/flowerPi/aug11backup/videos/001f54431b3d/230810/080804_305323_001f54431b3d.mp4,[]
2023-08-11,19:48:28.586678,/Users/anupreksha/Desktop/hoophouse2023/flowerPi/aug11backup/videos/001f54431b3d/230810/080105_293900_001f54431b3d.mp4,[]
2023-08-11,19:48:30.164821,/Users/anupreksha/Desktop/hoophouse2023/flowerPi/aug11backup/videos/001f54431b3d/230810/094204_968618_001f54431b3d.mp4,[]
2023-08-11,19:48:29.136801,/Users/anupreksha/Desktop/hoophouse2023/flowerPi/aug11backup/videos/001f54431b3d/230810/083432_323583_001f54431b3d.mp4,[]
2023-08-11,19:48:30.272337,/Users/anupreksha/Desktop/hoophouse2023/flowerPi/aug11backup/videos/001f54431b3d/230810/105201_222567_001f54431b3d.mp4,[]
2023-08-11,19:48:30.232491,/Users/anupreksha/Desktop/hoophouse2023/flowerPi/aug11backup/videos/001f54431b3d/230810/100933_987301_001f54431b3d.mp4,[296]
2023-08-11,19:48:30.463078,/Users/anupreksha/Desktop/hoophouse2023/flowerPi/aug11backup/videos/001f54431b3d/230810/114423_459444_001f54431b3d.mp4,[]
2023-08-11,19:48:28.978970,/Users/anupreksha/Desktop/hoophouse2023/flowerPi/aug11backup/videos/001f54431b3d/230810/081527_306923_001f54431b3d.mp4,[]
2023-08-11,19:48:26.852501,/Users/anupreksha/Desktop/hoophouse2023/flowerPi/aug11backup/videos/001f54431b3d/230810/071711_064943_001f54431b3d.mp4,[]
2023-08-11,19:48:27.033293,/Users/anupreksha/Desktop/hoophouse2023/flowerPi/aug11backup/videos/001f54431b3d/230810/072853_072238_001f54431b3d.mp4,[]
2023-08-11,19:48:27.177363,/Users/anupreksha/Desktop/hoophouse2023/flowerPi/aug11backup/videos/001f54431b3d/230810/074805_087579_001f54431b3d.mp4,[]
2023-08-11,19:48:30.944734,/Users/anupreksha/Desktop/hoophouse2023/flowerPi/aug11backup/videos/001f54431b3d/230810/131325_515961_001f54431b3d.mp4,"[656, 656]"
2023-08-11,19:48:27.364533,/Users/anupreksha/Desktop/hoophouse2023/flowerPi/aug11backup/videos/001f54431b3d/230810/075613_100120_001f54431b3d.mp4,[]
2023-08-11,19:48:26.704741,/Users/anupreksha/Desktop/hoophouse2023/flowerPi/aug11backup/videos/001f54431b3d/230810/064559_050874_001f54431b3d.mp4,[]
2023-08-11,19:48:30.134142,/Users/anupreksha/Desktop/hoophouse2023/flowerPi/aug11backup/videos/001f54431b3d/230810/093815_965242_001f54431b3d.mp4,[404]
2023-08-11,19:48:25.567109,/Users/anupreksha/Desktop/hoophouse2023/flowerPi/aug11backup/videos/001f54431b3d/230810/054143_000299_001f54431b3d.mp4,[]
2023-08-11,19:48:26.963659,/Users/anupreksha/Desktop/hoophouse2023/flowerPi/aug11backup/videos/001f54431b3d/230810/072549_069204_001f54431b3d.mp4,[]
2023-08-11,19:48:30.557806,/Users/anupreksha/Desktop/hoophouse2023/flowerPi/aug11backup/videos/001f54431b3d/230810/123310_687315_001f54431b3d.mp4,[]
2023-08-11,19:48:30.184904,/Users/anupreksha/Desktop/hoophouse2023/flowerPi/aug11backup/videos/001f54431b3d/230810/094925_977386_001f54431b3d.mp4,[]
2023-08-11,19:48:31.059287,/Users/anupreksha/Desktop/hoophouse2023/flowerPi/aug11backup/videos/001f54431b3d/230810/132436_763944_001f54431b3d.mp4,[]
2023-08-11,19:48:28.967650,/Users/anupreksha/Desktop/hoophouse2023/flowerPi/aug11backup/videos/001f54431b3d/230810/081507_311270_001f54431b3d.mp4,[]
2023-08-11,19:48:30.728893,/Users/anupreksha/Desktop/hoophouse2023/flowerPi/aug11backup/videos/001f54431b3d/230810/124020_715344_001f54431b3d.mp4,[]
2023-08-11,19:48:28.748647,/Users/anupreksha/Desktop/hoophouse2023/flowerPi/aug11backup/videos/001f54431b3d/230810/080610_299304_001f54431b3d.mp4,[]
2023-08-11,19:48:26.785633,/Users/anupreksha/Desktop/hoophouse2023/flowerPi/aug11backup/videos/001f54431b3d/230810/065429_053065_001f54431b3d.mp4,[]
2023-08-11,19:48:30.195112,/Users/anupreksha/Desktop/hoophouse2023/flowerPi/aug11backup/videos/001f54431b3d/230810/095032_978487_001f54431b3d.mp4,[]
2023-08-11,19:48:25.663489,/Users/anupreksha/Desktop/hoophouse2023/flowerPi/aug11backup/videos/001f54431b3d/230810/054326_002965_001f54431b3d.mp4,[]
2023-08-11,19:48:25.593716,/Users/anupreksha/Desktop/hoophouse2023/flowerPi/aug11backup/videos/001f54431b3d/230810/054205_999941_001f54431b3d.mp4,[]
2023-08-11,19:48:30.715255,/Users/anupreksha/Desktop/hoophouse2023/flowerPi/aug11backup/videos/001f54431b3d/230810/123947_623383_001f54431b3d.mp4,[425]
2023-08-11,19:48:27.298600,/Users/anupreksha/Desktop/hoophouse2023/flowerPi/aug11backup/videos/001f54431b3d/230810/075333_097675_001f54431b3d.mp4,"[987, 987]"
2023-08-11,19:48:30.792316,/Users/anupreksha/Desktop/hoophouse2023/flowerPi/aug11backup/videos/001f54431b3d/230810/125542_514641_001f54431b3d.mp4,[]
2023-08-11,19:48:28.562561,/Users/anupreksha/Desktop/hoophouse2023/flowerPi/aug11backup/videos/001f54431b3d/230810/080019_293972_001f54431b3d.mp4,"[17, 17]"
2023-08-11,19:48:25.488075,/Users/anupreksha/Desktop/hoophouse2023/flowerPi/aug11backup/videos/001f54431b3d/230810/054017_728851_001f54431b3d.mp4,[]
2023-08-11,19:48:27.353893,/Users/anupreksha/Desktop/hoophouse2023/flowerPi/aug11backup/videos/001f54431b3d/230810/075537_102183_001f54431b3d.mp4,[]
2023-08-11,19:48:26.895599,/Users/anupreksha/Desktop/hoophouse2023/flowerPi/aug11backup/videos/001f54431b3d/230810/072227_068323_001f54431b3d.mp4,[]
2023-08-11,19:48:26.726362,/Users/anupreksha/Desktop/hoophouse2023/flowerPi/aug11backup/videos/001f54431b3d/230810/064801_045387_001f54431b3d.mp4,[]
2023-08-11,19:48:28.575481,/Users/anupreksha/Desktop/hoophouse2023/flowerPi/aug11backup/videos/001f54431b3d/230810/080044_301539_001f54431b3d.mp4,[]
2023-08-11,19:48:27.392308,/Users/anupreksha/Desktop/hoophouse2023/flowerPi/aug11backup/videos/001f54431b3d/230810/075739_107467_001f54431b3d.mp4,[]
2023-08-11,19:48:26.978927,/Users/anupreksha/Desktop/hoophouse2023/flowerPi/aug11backup/videos/001f54431b3d/230810/072651_071181_001f54431b3d.mp4,[]
2023-08-11,19:48:29.307804,/Users/anupreksha/Desktop/hoophouse2023/flowerPi/aug11backup/videos/001f54431b3d/230810/093214_960395_001f54431b3d.mp4,[]
2023-08-11,19:48:26.878821,/Users/anupreksha/Desktop/hoophouse2023/flowerPi/aug11backup/videos/001f54431b3d/230810/072017_068051_001f54431b3d.mp4,[]
2023-08-11,19:48:23.865493,/Users/anupreksha/Desktop/hoophouse2023/flowerPi/aug11backup/videos/001f54431b3d/230809/173656_700692_001f54431b3d.mp4,[]
2023-08-11,19:48:23.234361,/Users/anupreksha/Desktop/hoophouse2023/flowerPi/aug11backup/videos/001f54431b3d/230809/154043_826003_001f54431b3d.mp4,[]
2023-08-11,19:48:24.260020,/Users/anupreksha/Desktop/hoophouse2023/flowerPi/aug11backup/videos/001f54431b3d/230809/203503_849511_001f54431b3d.mp4,[]
2023-08-11,19:48:23.799663,/Users/anupreksha/Desktop/hoophouse2023/flowerPi/aug11backup/videos/001f54431b3d/230809/172137_697929_001f54431b3d.mp4,[]
2023-08-11,19:48:23.222750,/Users/anupreksha/Desktop/hoophouse2023/flowerPi/aug11backup/videos/001f54431b3d/230809/154031_817168_001f54431b3d.mp4,[]
2023-08-11,19:48:23.307789,/Users/anupreksha/Desktop/hoophouse2023/flowerPi/aug11backup/videos/001f54431b3d/230809/154258_836714_001f54431b3d.mp4,[]
2023-08-11,19:48:23.721833,/Users/anupreksha/Desktop/hoophouse2023/flowerPi/aug11backup/videos/001f54431b3d/230809/170745_680466_001f54431b3d.mp4,[]
2023-08-11,19:48:23.131369,/Users/anupreksha/Desktop/hoophouse2023/flowerPi/aug11backup/videos/001f54431b3d/230809/153649_144878_001f54431b3d.mp4,[]
2023-08-11,19:48:23.483879,/Users/anupreksha/Desktop/hoophouse2023/flowerPi/aug11backup/videos/001f54431b3d/230809/160441_647041_001f54431b3d.mp4,[]
2023-08-11,19:48:23.103242,/Users/anupreksha/Desktop/hoophouse2023/flowerPi/aug11backup/videos/001f54431b3d/230809/153532_223904_001f54431b3d.mp4,[]
2023-08-11,19:48:23.446745,/Users/anupreksha/Desktop/hoophouse2023/flowerPi/aug11backup/videos/001f54431b3d/230809/155810_636095_001f54431b3d.mp4,[]
2023-08-11,19:48:23.624152,/Users/anupreksha/Desktop/hoophouse2023/flowerPi/aug11backup/videos/001f54431b3d/230809/163202_183426_001f54431b3d.mp4,[]
2023-08-11,19:48:24.010557,/Users/anupreksha/Desktop/hoophouse2023/flowerPi/aug11backup/videos/001f54431b3d/230809/203216_017410_001f54431b3d.mp4,[]
2023-08-11,19:48:23.068087,/Users/anupreksha/Desktop/hoophouse2023/flowerPi/aug11backup/videos/001f54431b3d/230809/153308_418091_001f54431b3d.mp4,[]
2023-08-11,19:48:23.698408,/Users/anupreksha/Desktop/hoophouse2023/flowerPi/aug11backup/videos/001f54431b3d/230809/165814_476213_001f54431b3d.mp4,[]
2023-08-11,19:48:23.334581,/Users/anupreksha/Desktop/hoophouse2023/flowerPi/aug11backup/videos/001f54431b3d/230809/154330_816466_001f54431b3d.mp4,[17]
2023-08-11,19:48:23.820640,/Users/anupreksha/Desktop/hoophouse2023/flowerPi/aug11backup/videos/001f54431b3d/230809/172515_693915_001f54431b3d.mp4,[]
2023-08-11,19:48:23.420276,/Users/anupreksha/Desktop/hoophouse2023/flowerPi/aug11backup/videos/001f54431b3d/230809/155142_439507_001f54431b3d.mp4,[]
2023-08-11,19:48:23.899186,/Users/anupreksha/Desktop/hoophouse2023/flowerPi/aug11backup/videos/001f54431b3d/230809/180113_710202_001f54431b3d.mp4,"[283, 283, 283, 283, 283, 283, 283, 283, 283, 283, 283, 283, 283, 283]"
2023-08-11,19:48:23.677022,/Users/anupreksha/Desktop/hoophouse2023/flowerPi/aug11backup/videos/001f54431b3d/230809/164940_473989_001f54431b3d.mp4,[]
2023-08-11,19:48:23.142772,/Users/anupreksha/Desktop/hoophouse2023/flowerPi/aug11backup/videos/001f54431b3d/230809/153738_429571_001f54431b3d.mp4,[]
2023-08-11,19:48:23.584905,/Users/anupreksha/Desktop/hoophouse2023/flowerPi/aug11backup/videos/001f54431b3d/230809/160736_866828_001f54431b3d.mp4,[17]
2023-08-11,19:48:23.875223,/Users/anupreksha/Desktop/hoophouse2023/flowerPi/aug11backup/videos/001f54431b3d/230809/174000_695927_001f54431b3d.mp4,[]
2023-08-11,19:48:23.767523,/Users/anupreksha/Desktop/hoophouse2023/flowerPi/aug11backup/videos/001f54431b3d/230809/170926_683604_001f54431b3d.mp4,[]
2023-08-11,19:48:23.733216,/Users/anupreksha/Desktop/hoophouse2023/flowerPi/aug11backup/videos/001f54431b3d/230809/170827_678871_001f54431b3d.mp4,[]
2023-08-11,19:48:23.758651,/Users/anupreksha/Desktop/hoophouse2023/flowerPi/aug11backup/videos/001f54431b3d/230809/170909_685884_001f54431b3d.mp4,[]
2023-08-11,19:48:23.469045,/Users/anupreksha/Desktop/hoophouse2023/flowerPi/aug11backup/videos/001f54431b3d/230809/160017_630352_001f54431b3d.mp4,[]
2023-08-11,19:48:23.686748,/Users/anupreksha/Desktop/hoophouse2023/flowerPi/aug11backup/videos/001f54431b3d/230809/165010_469173_001f54431b3d.mp4,[]
2023-08-11,19:48:23.116862,/Users/anupreksha/Desktop/hoophouse2023/flowerPi/aug11backup/videos/001f54431b3d/230809/153600_226785_001f54431b3d.mp4,[]
2023-08-11,19:48:23.080327,/Users/anupreksha/Desktop/hoophouse2023/flowerPi/aug11backup/videos/001f54431b3d/230809/153400_816754_001f54431b3d.mp4,[404]
2023-08-11,19:48:23.888060,/Users/anupreksha/Desktop/hoophouse2023/flowerPi/aug11backup/videos/001f54431b3d/230809/175649_708190_001f54431b3d.mp4,"[283, 283, 283, 283, 283, 283, 283, 283, 283, 283, 283, 283, 283, 283, 283, 283, 283, 283, 283, 283, 283, 283, 283, 283, 283]"
2023-08-11,19:48:23.644717,/Users/anupreksha/Desktop/hoophouse2023/flowerPi/aug11backup/videos/001f54431b3d/230809/164718_462845_001f54431b3d.mp4,[]
2023-08-11,19:48:23.711652,/Users/anupreksha/Desktop/hoophouse2023/flowerPi/aug11backup/videos/001f54431b3d/230809/170012_483136_001f54431b3d.mp4,[]
2023-08-11,19:48:24.421512,/Users/anupreksha/Desktop/hoophouse2023/flowerPi/aug11backup/videos/001f54431b3d/230809/203704_773477_001f54431b3d.mp4,[]
2023-08-11,19:48:22.966205,/Users/anupreksha/Desktop/hoophouse2023/flowerPi/aug11backup/videos/001f54431b3d/230809/141056_152964_001f54431b3d.mp4,[]
2023-08-11,19:48:24.214442,/Users/anupreksha/Desktop/hoophouse2023/flowerPi/aug11backup/videos/001f54431b3d/230809/203433_153503_001f54431b3d.mp4,[]
2023-08-11,19:48:24.301954,/Users/anupreksha/Desktop/hoophouse2023/flowerPi/aug11backup/videos/001f54431b3d/230809/203550_836547_001f54431b3d.mp4,[853]
2023-08-11,19:48:23.014546,/Users/anupreksha/Desktop/hoophouse2023/flowerPi/aug11backup/videos/001f54431b3d/230809/153134_415973_001f54431b3d.mp4,[]
2023-08-11,19:48:23.273395,/Users/anupreksha/Desktop/hoophouse2023/flowerPi/aug11backup/videos/001f54431b3d/230809/154207_417665_001f54431b3d.mp4,[]
2023-08-11,19:48:24.383281,/Users/anupreksha/Desktop/hoophouse2023/flowerPi/aug11backup/videos/001f54431b3d/230809/203648_412955_001f54431b3d.mp4,[]
2023-08-11,19:48:24.091552,/Users/anupreksha/Desktop/hoophouse2023/flowerPi/aug11backup/videos/001f54431b3d/230809/203343_657645_001f54431b3d.mp4,[]
2023-08-11,19:48:23.376577,/Users/anupreksha/Desktop/hoophouse2023/flowerPi/aug11backup/videos/001f54431b3d/230809/154440_032789_001f54431b3d.mp4,[17]
2023-08-11,19:48:23.634251,/Users/anupreksha/Desktop/hoophouse2023/flowerPi/aug11backup/videos/001f54431b3d/230809/164520_464345_001f54431b3d.mp4,[]
2023-08-11,19:48:23.389929,/Users/anupreksha/Desktop/hoophouse2023/flowerPi/aug11backup/videos/001f54431b3d/230809/154452_018192_001f54431b3d.mp4,[17]
2023-08-11,19:48:23.743829,/Users/anupreksha/Desktop/hoophouse2023/flowerPi/aug11backup/videos/001f54431b3d/230809/170845_683878_001f54431b3d.mp4,[190]
2023-08-11,19:48:22.953076,/Users/anupreksha/Desktop/hoophouse2023/flowerPi/aug11backup/videos/001f54431b3d/230809/141018_090066_001f54431b3d.mp4,"[17, 17]"
2023-08-11,19:48:23.558812,/Users/anupreksha/Desktop/hoophouse2023/flowerPi/aug11backup/videos/001f54431b3d/230809/160457_632705_001f54431b3d.mp4,[]
2023-08-14,13:36:31.719532,/Users/anupreksha/Desktop/hoophouse2023/flowerPi/aug11backup/videos/001f54431b3d/230809/160854_043751_001f54431b3d.mp4,"[17, 283, 283, 283, 283, 283, 283, 283, 283, 283, 283, 283, 283, 283, 283, 283, 283, 283, 283, 283, 283, 283, 283, 283, 283, 283, 283, 283, 283, 283, 283, 283, 283, 283, 283, 283, 283, 283, 283, 283, 283, 283, 283, 283]"
2023-08-11,19:48:23.777464,/Users/anupreksha/Desktop/hoophouse2023/flowerPi/aug11backup/videos/001f54431b3d/230809/171520_688460_001f54431b3d.mp4,[]
2023-08-11,19:48:23.809742,/Users/anupreksha/Desktop/hoophouse2023/flowerPi/aug11backup/videos/001f54431b3d/230809/172450_692928_001f54431b3d.mp4,[]
2023-08-11,19:48:23.666468,/Users/anupreksha/Desktop/hoophouse2023/flowerPi/aug11backup/videos/001f54431b3d/230809/164916_472782_001f54431b3d.mp4,[]
2023-08-11,19:48:23.789283,/Users/anupreksha/Desktop/hoophouse2023/flowerPi/aug11backup/videos/001f54431b3d/230809/171914_683954_001f54431b3d.mp4,"[299, 299, 299, 299, 299, 299, 299, 299, 299, 299, 299, 299, 299, 299, 299, 299, 299, 299]"
2023-08-11,19:48:23.153976,/Users/anupreksha/Desktop/hoophouse2023/flowerPi/aug11backup/videos/001f54431b3d/230809/153825_746698_001f54431b3d.mp4,[]
2023-08-14,13:36:19.780542,/Users/anupreksha/Desktop/hoophouse2023/flowerPi/aug11backup/videos/001f54431b3d/230809/173016_693054_001f54431b3d.mp4,[973]
2023-08-11,19:48:23.318832,/Users/anupreksha/Desktop/hoophouse2023/flowerPi/aug11backup/videos/001f54431b3d/230809/154317_817804_001f54431b3d.mp4,[]
2023-08-11,19:48:23.403987,/Users/anupreksha/Desktop/hoophouse2023/flowerPi/aug11backup/videos/001f54431b3d/230809/154701_235372_001f54431b3d.mp4,[]
2023-08-11,19:48:23.570214,/Users/anupreksha/Desktop/hoophouse2023/flowerPi/aug11backup/videos/001f54431b3d/230809/160522_640337_001f54431b3d.mp4,[]
2023-08-11,19:48:22.926053,/Users/anupreksha/Desktop/hoophouse2023/flowerPi/aug11backup/videos/001f54431b3d/230809/135951_556537_001f54431b3d.mp4,[109]
2023-08-11,19:48:24.049437,/Users/anupreksha/Desktop/hoophouse2023/flowerPi/aug11backup/videos/001f54431b3d/230809/203325_644479_001f54431b3d.mp4,[]
2023-08-11,19:48:23.916818,/Users/anupreksha/Desktop/hoophouse2023/flowerPi/aug11backup/videos/001f54431b3d/230809/202937_232902_001f54431b3d.mp4,[]
2023-08-11,19:48:23.166563,/Users/anupreksha/Desktop/hoophouse2023/flowerPi/aug11backup/videos/001f54431b3d/230809/153839_745472_001f54431b3d.mp4,[]
2023-08-11,19:48:24.344317,/Users/anupreksha/Desktop/hoophouse2023/flowerPi/aug11backup/videos/001f54431b3d/230809/203617_315754_001f54431b3d.mp4,[]
2023-08-11,19:48:24.173642,/Users/anupreksha/Desktop/hoophouse2023/flowerPi/aug11backup/videos/001f54431b3d/230809/203420_984235_001f54431b3d.mp4,[]
2023-08-11,19:48:23.042944,/Users/anupreksha/Desktop/hoophouse2023/flowerPi/aug11backup/videos/001f54431b3d/230809/153200_408503_001f54431b3d.mp4,[]
2023-08-11,19:48:23.612736,/Users/anupreksha/Desktop/hoophouse2023/flowerPi/aug11backup/videos/001f54431b3d/230809/163052_183012_001f54431b3d.mp4,[]
2023-08-11,19:48:22.940851,/Users/anupreksha/Desktop/hoophouse2023/flowerPi/aug11backup/videos/001f54431b3d/230809/140620_968491_001f54431b3d.mp4,[]
2023-08-11,19:48:23.003485,/Users/anupreksha/Desktop/hoophouse2023/flowerPi/aug11backup/videos/001f54431b3d/230809/153024_215466_001f54431b3d.mp4,[]
2023-08-11,19:48:22.978363,/Users/anupreksha/Desktop/hoophouse2023/flowerPi/aug11backup/videos/001f54431b3d/230809/141149_508288_001f54431b3d.mp4,[683]
2023-08-11,19:48:23.350607,/Users/anupreksha/Desktop/hoophouse2023/flowerPi/aug11backup/videos/001f54431b3d/230809/154412_831495_001f54431b3d.mp4,[]
2023-08-11,19:48:23.177409,/Users/anupreksha/Desktop/hoophouse2023/flowerPi/aug11backup/videos/001f54431b3d/230809/153916_830476_001f54431b3d.mp4,[]
2023-08-11,19:48:23.940902,/Users/anupreksha/Desktop/hoophouse2023/flowerPi/aug11backup/videos/001f54431b3d/230809/203124_618558_001f54431b3d.mp4,[]
2023-08-11,19:48:23.092509,/Users/anupreksha/Desktop/hoophouse2023/flowerPi/aug11backup/videos/001f54431b3d/230809/153451_227791_001f54431b3d.mp4,[683]
2023-08-11,19:48:23.844627,/Users/anupreksha/Desktop/hoophouse2023/flowerPi/aug11backup/videos/001f54431b3d/230809/173038_698020_001f54431b3d.mp4,[]
2023-08-11,19:48:23.055759,/Users/anupreksha/Desktop/hoophouse2023/flowerPi/aug11backup/videos/001f54431b3d/230809/153215_413729_001f54431b3d.mp4,[]
2023-08-11,19:48:23.655819,/Users/anupreksha/Desktop/hoophouse2023/flowerPi/aug11backup/videos/001f54431b3d/230809/164747_463287_001f54431b3d.mp4,[]
2023-08-11,19:48:23.198143,/Users/anupreksha/Desktop/hoophouse2023/flowerPi/aug11backup/videos/001f54431b3d/230809/153932_816882_001f54431b3d.mp4,[]
2023-08-11,19:48:23.251524,/Users/anupreksha/Desktop/hoophouse2023/flowerPi/aug11backup/videos/001f54431b3d/230809/154152_348592_001f54431b3d.mp4,[]
2023-08-11,19:48:23.435218,/Users/anupreksha/Desktop/hoophouse2023/flowerPi/aug11backup/videos/001f54431b3d/230809/155650_625496_001f54431b3d.mp4,[]
2023-08-11,19:48:23.855625,/Users/anupreksha/Desktop/hoophouse2023/flowerPi/aug11backup/videos/001f54431b3d/230809/173624_699843_001f54431b3d.mp4,[]
2023-08-11,19:48:24.134346,/Users/anupreksha/Desktop/hoophouse2023/flowerPi/aug11backup/videos/001f54431b3d/230809/203403_839368_001f54431b3d.mp4,[]
2023-08-11,19:48:22.990825,/Users/anupreksha/Desktop/hoophouse2023/flowerPi/aug11backup/videos/001f54431b3d/230809/141312_561753_001f54431b3d.mp4,[653]
2023-08-11,19:48:23.027698,/Users/anupreksha/Desktop/hoophouse2023/flowerPi/aug11backup/videos/001f54431b3d/230809/153145_419079_001f54431b3d.mp4,[]
2023-08-11,19:48:23.209570,/Users/anupreksha/Desktop/hoophouse2023/flowerPi/aug11backup/videos/001f54431b3d/230809/153954_827627_001f54431b3d.mp4,[]
2023-08-11,19:48:23.295600,/Users/anupreksha/Desktop/hoophouse2023/flowerPi/aug11backup/videos/001f54431b3d/230809/154224_627829_001f54431b3d.mp4,[]
2023-08-11,19:47:11.841086,/Users/anupreksha/Desktop/hoophouse2023/flowerPi/aug11backup/videos/001f54431b3d/230807/195228_434110_001f54431b3d.mp4,[]
2023-08-11,19:47:10.006396,/Users/anupreksha/Desktop/hoophouse2023/flowerPi/aug11backup/videos/001f54431b3d/230807/190720_601678_001f54431b3d.mp4,[]
2023-08-11,19:47:05.959765,/Users/anupreksha/Desktop/hoophouse2023/flowerPi/aug11backup/videos/001f54431b3d/230807/175758_682423_001f54431b3d.mp4,[17]
2023-08-11,19:47:10.313083,/Users/anupreksha/Desktop/hoophouse2023/flowerPi/aug11backup/videos/001f54431b3d/230807/191753_620585_001f54431b3d.mp4,[]
2023-08-11,19:47:07.422326,/Users/anupreksha/Desktop/hoophouse2023/flowerPi/aug11backup/videos/001f54431b3d/230807/182814_702209_001f54431b3d.mp4,[]
2023-08-11,19:47:10.102163,/Users/anupreksha/Desktop/hoophouse2023/flowerPi/aug11backup/videos/001f54431b3d/230807/190953_608337_001f54431b3d.mp4,[]
2023-08-11,19:47:09.976672,/Users/anupreksha/Desktop/hoophouse2023/flowerPi/aug11backup/videos/001f54431b3d/230807/190636_605569_001f54431b3d.mp4,[]
2023-08-11,19:47:12.199252,/Users/anupreksha/Desktop/hoophouse2023/flowerPi/aug11backup/videos/001f54431b3d/230807/200246_444977_001f54431b3d.mp4,[]
2023-08-11,19:47:11.524562,/Users/anupreksha/Desktop/hoophouse2023/flowerPi/aug11backup/videos/001f54431b3d/230807/194422_232793_001f54431b3d.mp4,[]
2023-08-11,19:47:08.362447,/Users/anupreksha/Desktop/hoophouse2023/flowerPi/aug11backup/videos/001f54431b3d/230807/185013_589261_001f54431b3d.mp4,[]
2023-08-11,19:47:07.063492,/Users/anupreksha/Desktop/hoophouse2023/flowerPi/aug11backup/videos/001f54431b3d/230807/182106_371885_001f54431b3d.mp4,[]
2023-08-11,19:47:09.778931,/Users/anupreksha/Desktop/hoophouse2023/flowerPi/aug11backup/videos/001f54431b3d/230807/190212_399404_001f54431b3d.mp4,[]
2023-08-11,19:47:05.980181,/Users/anupreksha/Desktop/hoophouse2023/flowerPi/aug11backup/videos/001f54431b3d/230807/175846_083367_001f54431b3d.mp4,[]
2023-08-11,19:47:11.983320,/Users/anupreksha/Desktop/hoophouse2023/flowerPi/aug11backup/videos/001f54431b3d/230807/195632_435316_001f54431b3d.mp4,[]
2023-08-11,19:47:12.435235,/Users/anupreksha/Desktop/hoophouse2023/flowerPi/aug11backup/videos/001f54431b3d/230807/203007_012010_001f54431b3d.mp4,[106]
2023-08-11,19:47:06.117167,/Users/anupreksha/Desktop/hoophouse2023/flowerPi/aug11backup/videos/001f54431b3d/230807/180935_376809_001f54431b3d.mp4,[]
2023-08-11,19:47:11.963420,/Users/anupreksha/Desktop/hoophouse2023/flowerPi/aug11backup/videos/001f54431b3d/230807/195611_441517_001f54431b3d.mp4,[]
2023-08-11,19:47:12.552499,/Users/anupreksha/Desktop/hoophouse2023/flowerPi/aug11backup/videos/001f54431b3d/230807/203208_659851_001f54431b3d.mp4,[17]
2023-08-11,19:47:13.023258,/Users/anupreksha/Desktop/hoophouse2023/flowerPi/aug11backup/videos/001f54431b3d/230807/203547_056959_001f54431b3d.mp4,[]
2023-08-11,19:47:05.637130,/Users/anupreksha/Desktop/hoophouse2023/flowerPi/aug11backup/videos/001f54431b3d/230807/175007_967379_001f54431b3d.mp4,"[17, 17, 17, 17, 448]"
2023-08-11,19:47:09.621629,/Users/anupreksha/Desktop/hoophouse2023/flowerPi/aug11backup/videos/001f54431b3d/230807/185856_990397_001f54431b3d.mp4,[]
2023-08-11,19:47:09.734874,/Users/anupreksha/Desktop/hoophouse2023/flowerPi/aug11backup/videos/001f54431b3d/230807/190116_400583_001f54431b3d.mp4,[]
2023-08-11,19:47:11.790103,/Users/anupreksha/Desktop/hoophouse2023/flowerPi/aug11backup/videos/001f54431b3d/230807/195126_430996_001f54431b3d.mp4,[]
2023-08-11,19:47:07.020904,/Users/anupreksha/Desktop/hoophouse2023/flowerPi/aug11backup/videos/001f54431b3d/230807/182014_374192_001f54431b3d.mp4,[]
2023-08-11,19:47:08.500742,/Users/anupreksha/Desktop/hoophouse2023/flowerPi/aug11backup/videos/001f54431b3d/230807/185329_987500_001f54431b3d.mp4,[]
2023-08-11,19:47:08.622276,/Users/anupreksha/Desktop/hoophouse2023/flowerPi/aug11backup/videos/001f54431b3d/230807/185615_327559_001f54431b3d.mp4,[]
2023-08-11,19:47:12.110500,/Users/anupreksha/Desktop/hoophouse2023/flowerPi/aug11backup/videos/001f54431b3d/230807/200022_438688_001f54431b3d.mp4,[]
2023-08-11,19:47:07.997689,/Users/anupreksha/Desktop/hoophouse2023/flowerPi/aug11backup/videos/001f54431b3d/230807/184020_787737_001f54431b3d.mp4,"[470, 470, 470, 470]"
2023-08-11,19:47:10.693089,/Users/anupreksha/Desktop/hoophouse2023/flowerPi/aug11backup/videos/001f54431b3d/230807/193858_155722_001f54431b3d.mp4,[]
2023-08-11,19:47:10.752342,/Users/anupreksha/Desktop/hoophouse2023/flowerPi/aug11backup/videos/001f54431b3d/230807/194049_228369_001f54431b3d.mp4,[]
2023-08-11,19:47:10.167564,/Users/anupreksha/Desktop/hoophouse2023/flowerPi/aug11backup/videos/001f54431b3d/230807/191104_602632_001f54431b3d.mp4,[]
2023-08-11,19:47:10.244552,/Users/anupreksha/Desktop/hoophouse2023/flowerPi/aug11backup/videos/001f54431b3d/230807/191251_613607_001f54431b3d.mp4,[]
2023-08-11,19:47:10.423114,/Users/anupreksha/Desktop/hoophouse2023/flowerPi/aug11backup/videos/001f54431b3d/230807/193332_624369_001f54431b3d.mp4,[]
2023-08-11,19:47:07.400522,/Users/anupreksha/Desktop/hoophouse2023/flowerPi/aug11backup/videos/001f54431b3d/230807/182753_585548_001f54431b3d.mp4,[]
2023-08-11,19:47:10.054082,/Users/anupreksha/Desktop/hoophouse2023/flowerPi/aug11backup/videos/001f54431b3d/230807/190824_605577_001f54431b3d.mp4,[]
2023-08-11,19:47:11.619581,/Users/anupreksha/Desktop/hoophouse2023/flowerPi/aug11backup/videos/001f54431b3d/230807/194640_361020_001f54431b3d.mp4,[]
2023-08-11,19:47:07.106487,/Users/anupreksha/Desktop/hoophouse2023/flowerPi/aug11backup/videos/001f54431b3d/230807/182153_503577_001f54431b3d.mp4,[]
2023-08-11,19:47:07.484949,/Users/anupreksha/Desktop/hoophouse2023/flowerPi/aug11backup/videos/001f54431b3d/230807/183022_170910_001f54431b3d.mp4,[]
2023-08-11,19:47:05.791955,/Users/anupreksha/Desktop/hoophouse2023/flowerPi/aug11backup/videos/001f54431b3d/230807/175525_748190_001f54431b3d.mp4,"[18, 18, 18, 18, 18, 18, 18, 18, 18, 18, 18, 18, 18, 18, 18, 18, 18, 18, 18, 18, 18, 18, 18, 18, 18, 18, 18, 17, 18, 18, 18, 18, 18, 18, 18, 18, 18, 18, 18, 18, 18, 18]"
2023-08-11,19:47:08.103013,/Users/anupreksha/Desktop/hoophouse2023/flowerPi/aug11backup/videos/001f54431b3d/230807/184223_795311_001f54431b3d.mp4,[396]
2023-08-11,19:47:12.472956,/Users/anupreksha/Desktop/hoophouse2023/flowerPi/aug11backup/videos/001f54431b3d/230807/203058_588325_001f54431b3d.mp4,[]
2023-08-11,19:47:06.178991,/Users/anupreksha/Desktop/hoophouse2023/flowerPi/aug11backup/videos/001f54431b3d/230807/181541_364656_001f54431b3d.mp4,[]
2023-08-11,19:47:09.652513,/Users/anupreksha/Desktop/hoophouse2023/flowerPi/aug11backup/videos/001f54431b3d/230807/185934_132602_001f54431b3d.mp4,[]
2023-08-11,19:47:12.692977,/Users/anupreksha/Desktop/hoophouse2023/flowerPi/aug11backup/videos/001f54431b3d/230807/203316_660513_001f54431b3d.mp4,[]
2023-08-11,19:47:07.589702,/Users/anupreksha/Desktop/hoophouse2023/flowerPi/aug11backup/videos/001f54431b3d/230807/183226_172379_001f54431b3d.mp4,[]
2023-08-11,19:47:10.022126,/Users/anupreksha/Desktop/hoophouse2023/flowerPi/aug11backup/videos/001f54431b3d/230807/190733_609626_001f54431b3d.mp4,[]
2023-08-11,19:47:11.807725,/Users/anupreksha/Desktop/hoophouse2023/flowerPi/aug11backup/videos/001f54431b3d/230807/195146_433253_001f54431b3d.mp4,[]
2023-08-11,19:47:08.423253,/Users/anupreksha/Desktop/hoophouse2023/flowerPi/aug11backup/videos/001f54431b3d/230807/185122_720386_001f54431b3d.mp4,[]
2023-08-11,19:47:10.550589,/Users/anupreksha/Desktop/hoophouse2023/flowerPi/aug11backup/videos/001f54431b3d/230807/193604_618458_001f54431b3d.mp4,[]
2023-08-11,19:47:11.892781,/Users/anupreksha/Desktop/hoophouse2023/flowerPi/aug11backup/videos/001f54431b3d/230807/195442_435041_001f54431b3d.mp4,[]
2023-08-11,19:47:08.282651,/Users/anupreksha/Desktop/hoophouse2023/flowerPi/aug11backup/videos/001f54431b3d/230807/184844_382914_001f54431b3d.mp4,[]
2023-08-11,19:47:07.975503,/Users/anupreksha/Desktop/hoophouse2023/flowerPi/aug11backup/videos/001f54431b3d/230807/183956_717939_001f54431b3d.mp4,[]
2023-08-11,19:47:06.158009,/Users/anupreksha/Desktop/hoophouse2023/flowerPi/aug11backup/videos/001f54431b3d/230807/181517_363389_001f54431b3d.mp4,[]
2023-08-11,19:47:12.405622,/Users/anupreksha/Desktop/hoophouse2023/flowerPi/aug11backup/videos/001f54431b3d/230807/202601_860470_001f54431b3d.mp4,[]
2023-08-11,19:47:08.262564,/Users/anupreksha/Desktop/hoophouse2023/flowerPi/aug11backup/videos/001f54431b3d/230807/184804_384174_001f54431b3d.mp4,[]
2023-08-11,19:47:12.985882,/Users/anupreksha/Desktop/hoophouse2023/flowerPi/aug11backup/videos/001f54431b3d/230807/203511_632344_001f54431b3d.mp4,[]
2023-08-11,19:47:07.209147,/Users/anupreksha/Desktop/hoophouse2023/flowerPi/aug11backup/videos/001f54431b3d/230807/182350_574246_001f54431b3d.mp4,"[17, 17, 17, 17, 17]"
2023-08-11,19:47:10.817778,/Users/anupreksha/Desktop/hoophouse2023/flowerPi/aug11backup/videos/001f54431b3d/230807/194229_228804_001f54431b3d.mp4,[140]
2023-08-11,19:47:07.189461,/Users/anupreksha/Desktop/hoophouse2023/flowerPi/aug11backup/videos/001f54431b3d/230807/182326_566432_001f54431b3d.mp4,[]
2023-08-11,19:47:05.657613,/Users/anupreksha/Desktop/hoophouse2023/flowerPi/aug11backup/videos/001f54431b3d/230807/175036_949778_001f54431b3d.mp4,"[448, 448, 448, 448, 448]"
2023-08-11,19:47:12.145443,/Users/anupreksha/Desktop/hoophouse2023/flowerPi/aug11backup/videos/001f54431b3d/230807/200139_440545_001f54431b3d.mp4,[]
2023-08-11,19:47:07.357589,/Users/anupreksha/Desktop/hoophouse2023/flowerPi/aug11backup/videos/001f54431b3d/230807/182706_568375_001f54431b3d.mp4,"[54, 54, 54]"
2023-08-11,19:47:07.839807,/Users/anupreksha/Desktop/hoophouse2023/flowerPi/aug11backup/videos/001f54431b3d/230807/183722_584435_001f54431b3d.mp4,[]
2023-08-11,19:47:07.168229,/Users/anupreksha/Desktop/hoophouse2023/flowerPi/aug11backup/videos/001f54431b3d/230807/182306_565920_001f54431b3d.mp4,[]
2023-08-11,19:47:11.723381,/Users/anupreksha/Desktop/hoophouse2023/flowerPi/aug11backup/videos/001f54431b3d/230807/194922_430538_001f54431b3d.mp4,[]
2023-08-11,19:47:08.441568,/Users/anupreksha/Desktop/hoophouse2023/flowerPi/aug11backup/videos/001f54431b3d/230807/185146_794042_001f54431b3d.mp4,[]
2023-08-11,19:47:12.098765,/Users/anupreksha/Desktop/hoophouse2023/flowerPi/aug11backup/videos/001f54431b3d/230807/195951_444516_001f54431b3d.mp4,[]
2023-08-11,19:47:08.063091,/Users/anupreksha/Desktop/hoophouse2023/flowerPi/aug11backup/videos/001f54431b3d/230807/184132_782344_001f54431b3d.mp4,[]
2023-08-11,19:47:10.281112,/Users/anupreksha/Desktop/hoophouse2023/flowerPi/aug11backup/videos/001f54431b3d/230807/191545_615754_001f54431b3d.mp4,[]
2023-08-11,19:47:09.941173,/Users/anupreksha/Desktop/hoophouse2023/flowerPi/aug11backup/videos/001f54431b3d/230807/190556_601189_001f54431b3d.mp4,[]
2023-08-11,19:47:08.040966,/Users/anupreksha/Desktop/hoophouse2023/flowerPi/aug11backup/videos/001f54431b3d/230807/184108_784269_001f54431b3d.mp4,[]
2023-08-11,19:47:10.073230,/Users/anupreksha/Desktop/hoophouse2023/flowerPi/aug11backup/videos/001f54431b3d/230807/190837_605270_001f54431b3d.mp4,[]
2023-08-11,19:47:10.399939,/Users/anupreksha/Desktop/hoophouse2023/flowerPi/aug11backup/videos/001f54431b3d/230807/193232_624216_001f54431b3d.mp4,[]
2023-08-11,19:47:07.506536,/Users/anupreksha/Desktop/hoophouse2023/flowerPi/aug11backup/videos/001f54431b3d/230807/183046_171035_001f54431b3d.mp4,[]
2023-08-11,19:47:07.314639,/Users/anupreksha/Desktop/hoophouse2023/flowerPi/aug11backup/videos/001f54431b3d/230807/182606_567803_001f54431b3d.mp4,[]
2023-08-11,19:47:08.124635,/Users/anupreksha/Desktop/hoophouse2023/flowerPi/aug11backup/videos/001f54431b3d/230807/184248_779920_001f54431b3d.mp4,[]
2023-08-11,19:47:09.713757,/Users/anupreksha/Desktop/hoophouse2023/flowerPi/aug11backup/videos/001f54431b3d/230807/190056_327475_001f54431b3d.mp4,[]
2023-08-11,19:47:06.003773,/Users/anupreksha/Desktop/hoophouse2023/flowerPi/aug11backup/videos/001f54431b3d/230807/180236_977060_001f54431b3d.mp4,[]
2023-08-11,19:47:11.635895,/Users/anupreksha/Desktop/hoophouse2023/flowerPi/aug11backup/videos/001f54431b3d/230807/194717_432985_001f54431b3d.mp4,[]
2023-08-11,19:47:07.442841,/Users/anupreksha/Desktop/hoophouse2023/flowerPi/aug11backup/videos/001f54431b3d/230807/182852_908789_001f54431b3d.mp4,[]
2023-08-11,19:47:10.041921,/Users/anupreksha/Desktop/hoophouse2023/flowerPi/aug11backup/videos/001f54431b3d/230807/190758_610801_001f54431b3d.mp4,[]
2023-08-11,19:47:07.891122,/Users/anupreksha/Desktop/hoophouse2023/flowerPi/aug11backup/videos/001f54431b3d/230807/183818_582493_001f54431b3d.mp4,[]
2023-08-11,19:47:05.880352,/Users/anupreksha/Desktop/hoophouse2023/flowerPi/aug11backup/videos/001f54431b3d/230807/175644_163574_001f54431b3d.mp4,"[172, 18, 18, 18, 18, 821, 18, 18, 18, 18, 18, 18, 18, 18, 18, 18, 18, 18, 18, 18, 18, 18, 18, 18, 18, 18, 18, 18, 18, 18, 18]"
2023-08-11,19:47:10.360021,/Users/anupreksha/Desktop/hoophouse2023/flowerPi/aug11backup/videos/001f54431b3d/230807/193114_617756_001f54431b3d.mp4,[]
2023-08-11,19:47:11.489245,/Users/anupreksha/Desktop/hoophouse2023/flowerPi/aug11backup/videos/001f54431b3d/230807/194345_225541_001f54431b3d.mp4,[]
2023-08-11,19:47:12.079380,/Users/anupreksha/Desktop/hoophouse2023/flowerPi/aug11backup/videos/001f54431b3d/230807/195916_438015_001f54431b3d.mp4,[]
2023-08-11,19:47:12.031881,/Users/anupreksha/Desktop/hoophouse2023/flowerPi/aug11backup/videos/001f54431b3d/230807/195810_438962_001f54431b3d.mp4,[]
2023-08-11,19:47:12.313126,/Users/anupreksha/Desktop/hoophouse2023/flowerPi/aug11backup/videos/001f54431b3d/230807/201342_779751_001f54431b3d.mp4,[]
2023-08-11,19:47:10.296426,/Users/anupreksha/Desktop/hoophouse2023/flowerPi/aug11backup/videos/001f54431b3d/230807/191637_620337_001f54431b3d.mp4,[]
2023-08-11,19:47:07.130414,/Users/anupreksha/Desktop/hoophouse2023/flowerPi/aug11backup/videos/001f54431b3d/230807/182216_574098_001f54431b3d.mp4,[]
2023-08-11,19:47:10.373431,/Users/anupreksha/Desktop/hoophouse2023/flowerPi/aug11backup/videos/001f54431b3d/230807/193151_622089_001f54431b3d.mp4,"[127, 127]"
2023-08-11,19:47:07.043541,/Users/anupreksha/Desktop/hoophouse2023/flowerPi/aug11backup/videos/001f54431b3d/230807/182042_370514_001f54431b3d.mp4,[]
2023-08-11,19:47:10.709030,/Users/anupreksha/Desktop/hoophouse2023/flowerPi/aug11backup/videos/001f54431b3d/230807/193924_220886_001f54431b3d.mp4,[]
2023-08-11,19:47:12.279244,/Users/anupreksha/Desktop/hoophouse2023/flowerPi/aug11backup/videos/001f54431b3d/230807/200813_445668_001f54431b3d.mp4,"[110, 110]"
2023-08-11,19:47:07.953366,/Users/anupreksha/Desktop/hoophouse2023/flowerPi/aug11backup/videos/001f54431b3d/230807/183924_578161_001f54431b3d.mp4,"[17, 17, 17, 17, 106]"
2023-08-11,19:47:08.321017,/Users/anupreksha/Desktop/hoophouse2023/flowerPi/aug11backup/videos/001f54431b3d/230807/184928_583288_001f54431b3d.mp4,[]
2023-08-11,19:47:08.018329,/Users/anupreksha/Desktop/hoophouse2023/flowerPi/aug11backup/videos/001f54431b3d/230807/184045_787213_001f54431b3d.mp4,[]
2023-08-11,19:47:06.200039,/Users/anupreksha/Desktop/hoophouse2023/flowerPi/aug11backup/videos/001f54431b3d/230807/181641_371800_001f54431b3d.mp4,[]
2023-08-11,19:47:09.960737,/Users/anupreksha/Desktop/hoophouse2023/flowerPi/aug11backup/videos/001f54431b3d/230807/190612_610571_001f54431b3d.mp4,[]
2023-08-11,19:47:07.548534,/Users/anupreksha/Desktop/hoophouse2023/flowerPi/aug11backup/videos/001f54431b3d/230807/183136_184064_001f54431b3d.mp4,[]
2023-08-11,19:47:05.341936,/Users/anupreksha/Desktop/hoophouse2023/flowerPi/aug11backup/videos/001f54431b3d/230807/174604_745461_001f54431b3d.mp4,[]
2023-08-11,19:47:10.661796,/Users/anupreksha/Desktop/hoophouse2023/flowerPi/aug11backup/videos/001f54431b3d/230807/193809_157934_001f54431b3d.mp4,[]
2023-08-11,19:47:10.643801,/Users/anupreksha/Desktop/hoophouse2023/flowerPi/aug11backup/videos/001f54431b3d/230807/193753_018643_001f54431b3d.mp4,[]
2023-08-11,19:47:08.668855,/Users/anupreksha/Desktop/hoophouse2023/flowerPi/aug11backup/videos/001f54431b3d/230807/185712_790749_001f54431b3d.mp4,[]
2023-08-11,19:47:10.763317,/Users/anupreksha/Desktop/hoophouse2023/flowerPi/aug11backup/videos/001f54431b3d/230807/194126_231245_001f54431b3d.mp4,[]
2023-08-11,19:47:07.609264,/Users/anupreksha/Desktop/hoophouse2023/flowerPi/aug11backup/videos/001f54431b3d/230807/183254_313912_001f54431b3d.mp4,[]
2023-08-11,19:47:07.912341,/Users/anupreksha/Desktop/hoophouse2023/flowerPi/aug11backup/videos/001f54431b3d/230807/183840_576292_001f54431b3d.mp4,[]
2023-08-11,19:47:10.348124,/Users/anupreksha/Desktop/hoophouse2023/flowerPi/aug11backup/videos/001f54431b3d/230807/192956_625228_001f54431b3d.mp4,[]
2023-08-11,19:47:07.736808,/Users/anupreksha/Desktop/hoophouse2023/flowerPi/aug11backup/videos/001f54431b3d/230807/183522_509229_001f54431b3d.mp4,"[17, 17, 17]"
2023-08-11,19:47:06.262113,/Users/anupreksha/Desktop/hoophouse2023/flowerPi/aug11backup/videos/001f54431b3d/230807/181944_365788_001f54431b3d.mp4,[]
2023-08-11,19:47:11.703008,/Users/anupreksha/Desktop/hoophouse2023/flowerPi/aug11backup/videos/001f54431b3d/230807/194858_429463_001f54431b3d.mp4,[]
2023-08-11,19:47:11.683733,/Users/anupreksha/Desktop/hoophouse2023/flowerPi/aug11backup/videos/001f54431b3d/230807/194827_429151_001f54431b3d.mp4,[]
2023-08-11,19:47:08.167127,/Users/anupreksha/Desktop/hoophouse2023/flowerPi/aug11backup/videos/001f54431b3d/230807/184356_785368_001f54431b3d.mp4,"[17, 17, 17]"
2023-08-11,19:47:05.549306,/Users/anupreksha/Desktop/hoophouse2023/flowerPi/aug11backup/videos/001f54431b3d/230807/174818_347393_001f54431b3d.mp4,[]
2023-08-11,19:47:08.539549,/Users/anupreksha/Desktop/hoophouse2023/flowerPi/aug11backup/videos/001f54431b3d/230807/185428_201894_001f54431b3d.mp4,[]
2023-08-11,19:47:07.782614,/Users/anupreksha/Desktop/hoophouse2023/flowerPi/aug11backup/videos/001f54431b3d/230807/183612_578826_001f54431b3d.mp4,[]
2023-08-11,19:47:08.145734,/Users/anupreksha/Desktop/hoophouse2023/flowerPi/aug11backup/videos/001f54431b3d/230807/184321_790956_001f54431b3d.mp4,[]
2023-08-11,19:47:11.649579,/Users/anupreksha/Desktop/hoophouse2023/flowerPi/aug11backup/videos/001f54431b3d/230807/194742_433283_001f54431b3d.mp4,[]
2023-08-11,19:47:12.069173,/Users/anupreksha/Desktop/hoophouse2023/flowerPi/aug11backup/videos/001f54431b3d/230807/195856_438613_001f54431b3d.mp4,[]
2023-08-11,19:47:12.295262,/Users/anupreksha/Desktop/hoophouse2023/flowerPi/aug11backup/videos/001f54431b3d/230807/200936_440462_001f54431b3d.mp4,[]
2023-08-11,19:47:10.606566,/Users/anupreksha/Desktop/hoophouse2023/flowerPi/aug11backup/videos/001f54431b3d/230807/193704_018876_001f54431b3d.mp4,[]
2023-08-11,19:47:09.850263,/Users/anupreksha/Desktop/hoophouse2023/flowerPi/aug11backup/videos/001f54431b3d/230807/190351_607995_001f54431b3d.mp4,[]
2023-08-11,19:47:09.810848,/Users/anupreksha/Desktop/hoophouse2023/flowerPi/aug11backup/videos/001f54431b3d/230807/190254_529837_001f54431b3d.mp4,[]
2023-08-11,19:47:10.587387,/Users/anupreksha/Desktop/hoophouse2023/flowerPi/aug11backup/videos/001f54431b3d/230807/193635_698980_001f54431b3d.mp4,[]
2023-08-11,19:47:06.025506,/Users/anupreksha/Desktop/hoophouse2023/flowerPi/aug11backup/videos/001f54431b3d/230807/180311_956979_001f54431b3d.mp4,[]
2023-08-11,19:47:07.379754,/Users/anupreksha/Desktop/hoophouse2023/flowerPi/aug11backup/videos/001f54431b3d/230807/182730_576672_001f54431b3d.mp4,[]
2023-08-11,19:47:10.443846,/Users/anupreksha/Desktop/hoophouse2023/flowerPi/aug11backup/videos/001f54431b3d/230807/193348_625439_001f54431b3d.mp4,[]
2023-08-11,19:47:08.243407,/Users/anupreksha/Desktop/hoophouse2023/flowerPi/aug11backup/videos/001f54431b3d/230807/184716_189915_001f54431b3d.mp4,[]
2023-08-11,19:47:11.479012,/Users/anupreksha/Desktop/hoophouse2023/flowerPi/aug11backup/videos/001f54431b3d/230807/194323_231603_001f54431b3d.mp4,[]
2023-08-11,19:47:10.539824,/Users/anupreksha/Desktop/hoophouse2023/flowerPi/aug11backup/videos/001f54431b3d/230807/193544_620924_001f54431b3d.mp4,[]
2023-08-11,19:47:11.944837,/Users/anupreksha/Desktop/hoophouse2023/flowerPi/aug11backup/videos/001f54431b3d/230807/195558_436986_001f54431b3d.mp4,[]
2023-08-11,19:47:10.803531,/Users/anupreksha/Desktop/hoophouse2023/flowerPi/aug11backup/videos/001f54431b3d/230807/194216_229382_001f54431b3d.mp4,[]
2023-08-11,19:47:09.563266,/Users/anupreksha/Desktop/hoophouse2023/flowerPi/aug11backup/videos/001f54431b3d/230807/185742_790483_001f54431b3d.mp4,[]
2023-08-11,19:47:05.826162,/Users/anupreksha/Desktop/hoophouse2023/flowerPi/aug11backup/videos/001f54431b3d/230807/175548_750006_001f54431b3d.mp4,"[18, 18, 18, 18, 18, 18, 18, 18, 18, 18, 18, 18, 18, 422, 18, 18, 18, 18]"
2023-08-11,19:47:07.570270,/Users/anupreksha/Desktop/hoophouse2023/flowerPi/aug11backup/videos/001f54431b3d/230807/183200_193093_001f54431b3d.mp4,[]
2023-08-11,19:47:07.465018,/Users/anupreksha/Desktop/hoophouse2023/flowerPi/aug11backup/videos/001f54431b3d/230807/182927_910332_001f54431b3d.mp4,[]
2023-08-11,19:47:09.790829,/Users/anupreksha/Desktop/hoophouse2023/flowerPi/aug11backup/videos/001f54431b3d/230807/190236_404199_001f54431b3d.mp4,[]
2023-08-11,19:47:09.663459,/Users/anupreksha/Desktop/hoophouse2023/flowerPi/aug11backup/videos/001f54431b3d/230807/190003_202832_001f54431b3d.mp4,[]
2023-08-11,19:47:09.904620,/Users/anupreksha/Desktop/hoophouse2023/flowerPi/aug11backup/videos/001f54431b3d/230807/190512_594172_001f54431b3d.mp4,[]
2023-08-11,19:47:10.148451,/Users/anupreksha/Desktop/hoophouse2023/flowerPi/aug11backup/videos/001f54431b3d/230807/191036_618793_001f54431b3d.mp4,[]
2023-08-11,19:47:10.205694,/Users/anupreksha/Desktop/hoophouse2023/flowerPi/aug11backup/videos/001f54431b3d/230807/191157_610480_001f54431b3d.mp4,[]
2023-08-11,19:47:12.123877,/Users/anupreksha/Desktop/hoophouse2023/flowerPi/aug11backup/videos/001f54431b3d/230807/200044_441179_001f54431b3d.mp4,[]
2023-08-11,19:47:12.244045,/Users/anupreksha/Desktop/hoophouse2023/flowerPi/aug11backup/videos/001f54431b3d/230807/200354_435958_001f54431b3d.mp4,[]
2023-08-11,19:47:11.535175,/Users/anupreksha/Desktop/hoophouse2023/flowerPi/aug11backup/videos/001f54431b3d/230807/194446_232221_001f54431b3d.mp4,[]
2023-08-11,19:47:05.459420,/Users/anupreksha/Desktop/hoophouse2023/flowerPi/aug11backup/videos/001f54431b3d/230807/174703_944381_001f54431b3d.mp4,[448]
2023-08-11,19:47:07.672684,/Users/anupreksha/Desktop/hoophouse2023/flowerPi/aug11backup/videos/001f54431b3d/230807/183406_375844_001f54431b3d.mp4,[]
2023-08-11,19:47:08.519619,/Users/anupreksha/Desktop/hoophouse2023/flowerPi/aug11backup/videos/001f54431b3d/230807/185352_130383_001f54431b3d.mp4,[]
2023-08-11,19:47:06.137002,/Users/anupreksha/Desktop/hoophouse2023/flowerPi/aug11backup/videos/001f54431b3d/230807/181341_359423_001f54431b3d.mp4,[]
2023-08-11,19:47:06.095884,/Users/anupreksha/Desktop/hoophouse2023/flowerPi/aug11backup/videos/001f54431b3d/230807/180530_364933_001f54431b3d.mp4,[]
2023-08-11,19:47:07.251333,/Users/anupreksha/Desktop/hoophouse2023/flowerPi/aug11backup/videos/001f54431b3d/230807/182448_571154_001f54431b3d.mp4,[]
2023-08-11,19:47:06.050629,/Users/anupreksha/Desktop/hoophouse2023/flowerPi/aug11backup/videos/001f54431b3d/230807/180335_967152_001f54431b3d.mp4,"[18, 18, 18, 18, 18, 18, 18, 18, 18, 18, 18, 18, 18]"
2023-08-11,19:47:11.462254,/Users/anupreksha/Desktop/hoophouse2023/flowerPi/aug11backup/videos/001f54431b3d/230807/194309_226141_001f54431b3d.mp4,[]
2023-08-11,19:47:08.382674,/Users/anupreksha/Desktop/hoophouse2023/flowerPi/aug11backup/videos/001f54431b3d/230807/185036_724903_001f54431b3d.mp4,[]
2023-08-11,19:47:07.932549,/Users/anupreksha/Desktop/hoophouse2023/flowerPi/aug11backup/videos/001f54431b3d/230807/183902_576364_001f54431b3d.mp4,[]
2023-08-11,19:47:13.066424,/Users/anupreksha/Desktop/hoophouse2023/flowerPi/aug11backup/videos/001f54431b3d/230807/203623_494514_001f54431b3d.mp4,[]
2023-08-11,19:47:10.774374,/Users/anupreksha/Desktop/hoophouse2023/flowerPi/aug11backup/videos/001f54431b3d/230807/194140_231794_001f54431b3d.mp4,[]
2023-08-11,19:47:05.311382,/Users/anupreksha/Desktop/hoophouse2023/flowerPi/aug11backup/videos/001f54431b3d/230807/174539_744299_001f54431b3d.mp4,[]
2023-08-11,19:47:07.794685,/Users/anupreksha/Desktop/hoophouse2023/flowerPi/aug11backup/videos/001f54431b3d/230807/183642_590963_001f54431b3d.mp4,[]
2023-08-11,19:47:09.590012,/Users/anupreksha/Desktop/hoophouse2023/flowerPi/aug11backup/videos/001f54431b3d/230807/185808_788749_001f54431b3d.mp4,[853]
2023-08-11,19:47:05.237020,/Users/anupreksha/Desktop/hoophouse2023/flowerPi/aug11backup/videos/001f54431b3d/230807/174520_546054_001f54431b3d.mp4,[]
2023-08-11,19:47:10.619572,/Users/anupreksha/Desktop/hoophouse2023/flowerPi/aug11backup/videos/001f54431b3d/230807/193726_026982_001f54431b3d.mp4,[]
2023-08-11,19:47:10.193217,/Users/anupreksha/Desktop/hoophouse2023/flowerPi/aug11backup/videos/001f54431b3d/230807/191143_616213_001f54431b3d.mp4,[]
2023-08-11,19:47:07.712976,/Users/anupreksha/Desktop/hoophouse2023/flowerPi/aug11backup/videos/001f54431b3d/230807/183501_508086_001f54431b3d.mp4,[17]
2023-08-11,19:47:08.223947,/Users/anupreksha/Desktop/hoophouse2023/flowerPi/aug11backup/videos/001f54431b3d/230807/184632_181356_001f54431b3d.mp4,[]
2023-08-11,19:47:09.755832,/Users/anupreksha/Desktop/hoophouse2023/flowerPi/aug11backup/videos/001f54431b3d/230807/190141_399363_001f54431b3d.mp4,[]
2023-08-11,19:47:10.523296,/Users/anupreksha/Desktop/hoophouse2023/flowerPi/aug11backup/videos/001f54431b3d/230807/193525_624988_001f54431b3d.mp4,[]
2023-08-11,19:47:12.133983,/Users/anupreksha/Desktop/hoophouse2023/flowerPi/aug11backup/videos/001f54431b3d/230807/200100_439841_001f54431b3d.mp4,[]
2023-08-11,19:47:12.233426,/Users/anupreksha/Desktop/hoophouse2023/flowerPi/aug11backup/videos/001f54431b3d/230807/200333_447181_001f54431b3d.mp4,[]
2023-08-11,19:47:07.291856,/Users/anupreksha/Desktop/hoophouse2023/flowerPi/aug11backup/videos/001f54431b3d/230807/182534_568376_001f54431b3d.mp4,[]
2023-08-11,19:47:10.180188,/Users/anupreksha/Desktop/hoophouse2023/flowerPi/aug11backup/videos/001f54431b3d/230807/191127_605880_001f54431b3d.mp4,[]
2023-08-11,19:47:07.269989,/Users/anupreksha/Desktop/hoophouse2023/flowerPi/aug11backup/videos/001f54431b3d/230807/182510_570122_001f54431b3d.mp4,"[37, 37, 17, 17, 17, 17]"
2023-08-11,19:47:11.560619,/Users/anupreksha/Desktop/hoophouse2023/flowerPi/aug11backup/videos/001f54431b3d/230807/194538_237218_001f54431b3d.mp4,[]
2023-08-11,19:47:12.263602,/Users/anupreksha/Desktop/hoophouse2023/flowerPi/aug11backup/videos/001f54431b3d/230807/200406_439843_001f54431b3d.mp4,[]
2023-08-11,19:47:11.755386,/Users/anupreksha/Desktop/hoophouse2023/flowerPi/aug11backup/videos/001f54431b3d/230807/195028_428217_001f54431b3d.mp4,[]
2023-08-11,19:47:05.615184,/Users/anupreksha/Desktop/hoophouse2023/flowerPi/aug11backup/videos/001f54431b3d/230807/174944_748107_001f54431b3d.mp4,[]
2023-08-11,19:47:11.737787,/Users/anupreksha/Desktop/hoophouse2023/flowerPi/aug11backup/videos/001f54431b3d/230807/195004_434363_001f54431b3d.mp4,[]
2023-08-11,19:47:08.601901,/Users/anupreksha/Desktop/hoophouse2023/flowerPi/aug11backup/videos/001f54431b3d/230807/185549_206602_001f54431b3d.mp4,[]
2023-08-11,19:47:09.823614,/Users/anupreksha/Desktop/hoophouse2023/flowerPi/aug11backup/videos/001f54431b3d/230807/190324_606573_001f54431b3d.mp4,[]
2023-08-11,19:47:10.410519,/Users/anupreksha/Desktop/hoophouse2023/flowerPi/aug11backup/videos/001f54431b3d/230807/193253_628255_001f54431b3d.mp4,[]
2023-08-11,19:47:11.591887,/Users/anupreksha/Desktop/hoophouse2023/flowerPi/aug11backup/videos/001f54431b3d/230807/194608_362858_001f54431b3d.mp4,[]
2023-08-11,19:47:08.559956,/Users/anupreksha/Desktop/hoophouse2023/flowerPi/aug11backup/videos/001f54431b3d/230807/185455_200505_001f54431b3d.mp4,[]
2023-08-11,19:47:11.506311,/Users/anupreksha/Desktop/hoophouse2023/flowerPi/aug11backup/videos/001f54431b3d/230807/194358_232393_001f54431b3d.mp4,[]
2023-08-11,19:47:05.699182,/Users/anupreksha/Desktop/hoophouse2023/flowerPi/aug11backup/videos/001f54431b3d/230807/175318_551491_001f54431b3d.mp4,[]
2023-08-11,19:47:07.756057,/Users/anupreksha/Desktop/hoophouse2023/flowerPi/aug11backup/videos/001f54431b3d/230807/183549_582271_001f54431b3d.mp4,"[17, 17, 17, 17]"
2023-08-11,19:47:05.677743,/Users/anupreksha/Desktop/hoophouse2023/flowerPi/aug11backup/videos/001f54431b3d/230807/175119_278616_001f54431b3d.mp4,"[17, 17, 17]"
2023-08-11,19:47:10.256546,/Users/anupreksha/Desktop/hoophouse2023/flowerPi/aug11backup/videos/001f54431b3d/230807/191307_609277_001f54431b3d.mp4,[]
2023-08-11,19:47:06.220092,/Users/anupreksha/Desktop/hoophouse2023/flowerPi/aug11backup/videos/001f54431b3d/230807/181809_363521_001f54431b3d.mp4,[]
2023-08-11,19:47:05.495608,/Users/anupreksha/Desktop/hoophouse2023/flowerPi/aug11backup/videos/001f54431b3d/230807/174728_144315_001f54431b3d.mp4,[]
2023-08-11,19:47:11.821893,/Users/anupreksha/Desktop/hoophouse2023/flowerPi/aug11backup/videos/001f54431b3d/230807/195208_438546_001f54431b3d.mp4,[145]
2023-08-11,19:47:07.230741,/Users/anupreksha/Desktop/hoophouse2023/flowerPi/aug11backup/videos/001f54431b3d/230807/182426_568572_001f54431b3d.mp4,[]
2023-08-11,19:47:12.750680,/Users/anupreksha/Desktop/hoophouse2023/flowerPi/aug11backup/videos/001f54431b3d/230807/203334_675814_001f54431b3d.mp4,"[653, 653]"
2023-08-11,19:47:11.872775,/Users/anupreksha/Desktop/hoophouse2023/flowerPi/aug11backup/videos/001f54431b3d/230807/195326_434207_001f54431b3d.mp4,[]
2023-08-11,19:47:12.511127,/Users/anupreksha/Desktop/hoophouse2023/flowerPi/aug11backup/videos/001f54431b3d/230807/203142_871247_001f54431b3d.mp4,[]
2023-08-11,19:47:08.081857,/Users/anupreksha/Desktop/hoophouse2023/flowerPi/aug11backup/videos/001f54431b3d/230807/184156_778757_001f54431b3d.mp4,[]
2023-08-11,19:47:09.605783,/Users/anupreksha/Desktop/hoophouse2023/flowerPi/aug11backup/videos/001f54431b3d/230807/185836_930446_001f54431b3d.mp4,[448]
2023-08-11,19:47:07.870522,/Users/anupreksha/Desktop/hoophouse2023/flowerPi/aug11backup/videos/001f54431b3d/230807/183756_575488_001f54431b3d.mp4,"[128, 128, 128, 128]"
2023-08-11,19:47:11.910140,/Users/anupreksha/Desktop/hoophouse2023/flowerPi/aug11backup/videos/001f54431b3d/230807/195502_432962_001f54431b3d.mp4,[]
2023-08-11,19:47:11.857214,/Users/anupreksha/Desktop/hoophouse2023/flowerPi/aug11backup/videos/001f54431b3d/230807/195306_442801_001f54431b3d.mp4,[]
2023-08-11,19:47:10.677348,/Users/anupreksha/Desktop/hoophouse2023/flowerPi/aug11backup/videos/001f54431b3d/230807/193834_162231_001f54431b3d.mp4,[]
2023-08-11,19:47:10.719908,/Users/anupreksha/Desktop/hoophouse2023/flowerPi/aug11backup/videos/001f54431b3d/230807/193948_229152_001f54431b3d.mp4,[]
2023-08-11,19:47:07.528103,/Users/anupreksha/Desktop/hoophouse2023/flowerPi/aug11backup/videos/001f54431b3d/230807/183110_170806_001f54431b3d.mp4,[]
2023-08-11,19:47:10.739048,/Users/anupreksha/Desktop/hoophouse2023/flowerPi/aug11backup/videos/001f54431b3d/230807/194012_231835_001f54431b3d.mp4,[]
2023-08-11,19:47:10.567857,/Users/anupreksha/Desktop/hoophouse2023/flowerPi/aug11backup/videos/001f54431b3d/230807/193616_620594_001f54431b3d.mp4,[]
2023-08-11,19:47:07.152463,/Users/anupreksha/Desktop/hoophouse2023/flowerPi/aug11backup/videos/001f54431b3d/230807/182242_568837_001f54431b3d.mp4,[]
2023-08-11,19:47:07.692908,/Users/anupreksha/Desktop/hoophouse2023/flowerPi/aug11backup/videos/001f54431b3d/230807/183430_375418_001f54431b3d.mp4,"[17, 17]"
2023-08-11,19:47:08.301596,/Users/anupreksha/Desktop/hoophouse2023/flowerPi/aug11backup/videos/001f54431b3d/230807/184906_531610_001f54431b3d.mp4,[]
2023-08-11,19:47:11.934555,/Users/anupreksha/Desktop/hoophouse2023/flowerPi/aug11backup/videos/001f54431b3d/230807/195524_437871_001f54431b3d.mp4,[]
2023-08-11,19:47:10.792672,/Users/anupreksha/Desktop/hoophouse2023/flowerPi/aug11backup/videos/001f54431b3d/230807/194152_237987_001f54431b3d.mp4,[]
2023-08-11,19:47:09.927761,/Users/anupreksha/Desktop/hoophouse2023/flowerPi/aug11backup/videos/001f54431b3d/230807/190530_595422_001f54431b3d.mp4,[]
2023-08-11,19:47:08.644568,/Users/anupreksha/Desktop/hoophouse2023/flowerPi/aug11backup/videos/001f54431b3d/230807/185638_396717_001f54431b3d.mp4,[]
2023-08-11,19:47:12.042431,/Users/anupreksha/Desktop/hoophouse2023/flowerPi/aug11backup/videos/001f54431b3d/230807/195844_433307_001f54431b3d.mp4,[]
2023-08-11,19:47:12.000780,/Users/anupreksha/Desktop/hoophouse2023/flowerPi/aug11backup/videos/001f54431b3d/230807/195658_434459_001f54431b3d.mp4,[]
2023-08-11,19:47:07.085054,/Users/anupreksha/Desktop/hoophouse2023/flowerPi/aug11backup/videos/001f54431b3d/230807/182130_367752_001f54431b3d.mp4,[]
2023-08-11,19:47:10.218705,/Users/anupreksha/Desktop/hoophouse2023/flowerPi/aug11backup/videos/001f54431b3d/230807/191224_607574_001f54431b3d.mp4,[]
2023-08-11,19:47:12.216776,/Users/anupreksha/Desktop/hoophouse2023/flowerPi/aug11backup/videos/001f54431b3d/230807/200310_438128_001f54431b3d.mp4,[]
2023-08-11,19:47:10.325903,/Users/anupreksha/Desktop/hoophouse2023/flowerPi/aug11backup/videos/001f54431b3d/230807/191908_613897_001f54431b3d.mp4,[]
2023-08-11,19:47:05.570404,/Users/anupreksha/Desktop/hoophouse2023/flowerPi/aug11backup/videos/001f54431b3d/230807/174848_479027_001f54431b3d.mp4,[]
2023-08-11,19:47:05.854950,/Users/anupreksha/Desktop/hoophouse2023/flowerPi/aug11backup/videos/001f54431b3d/230807/175620_881797_001f54431b3d.mp4,"[18, 18, 18, 18, 18, 18, 18, 18, 18, 18, 18, 18, 18, 18, 18, 18, 18, 18, 18, 18, 18, 18, 18, 18, 18, 18, 18, 18]"
2023-08-11,19:47:07.651753,/Users/anupreksha/Desktop/hoophouse2023/flowerPi/aug11backup/videos/001f54431b3d/230807/183341_375128_001f54431b3d.mp4,[]
2023-08-11,19:47:10.507861,/Users/anupreksha/Desktop/hoophouse2023/flowerPi/aug11backup/videos/001f54431b3d/230807/193457_623825_001f54431b3d.mp4,[]
2023-08-11,19:47:08.186058,/Users/anupreksha/Desktop/hoophouse2023/flowerPi/aug11backup/videos/001f54431b3d/230807/184431_980663_001f54431b3d.mp4,"[485, 485, 485, 485]"
2023-08-11,19:47:10.384110,/Users/anupreksha/Desktop/hoophouse2023/flowerPi/aug11backup/videos/001f54431b3d/230807/193212_617496_001f54431b3d.mp4,[]
2023-08-11,19:47:12.659346,/Users/anupreksha/Desktop/hoophouse2023/flowerPi/aug11backup/videos/001f54431b3d/230807/203252_065318_001f54431b3d.mp4,[987]
2023-08-11,19:47:11.775544,/Users/anupreksha/Desktop/hoophouse2023/flowerPi/aug11backup/videos/001f54431b3d/230807/195109_436823_001f54431b3d.mp4,[]
2023-08-11,19:47:08.204601,/Users/anupreksha/Desktop/hoophouse2023/flowerPi/aug11backup/videos/001f54431b3d/230807/184505_981230_001f54431b3d.mp4,[]
2023-08-11,19:47:10.630808,/Users/anupreksha/Desktop/hoophouse2023/flowerPi/aug11backup/videos/001f54431b3d/230807/193740_034724_001f54431b3d.mp4,"[110, 110, 110, 110]"
2023-08-11,19:47:11.660733,/Users/anupreksha/Desktop/hoophouse2023/flowerPi/aug11backup/videos/001f54431b3d/230807/194800_431023_001f54431b3d.mp4,[]
2023-08-11,19:47:12.898545,/Users/anupreksha/Desktop/hoophouse2023/flowerPi/aug11backup/videos/001f54431b3d/230807/203432_322088_001f54431b3d.mp4,[]
2023-08-11,19:47:10.089741,/Users/anupreksha/Desktop/hoophouse2023/flowerPi/aug11backup/videos/001f54431b3d/230807/190936_605597_001f54431b3d.mp4,[]
2023-08-11,19:47:05.385396,/Users/anupreksha/Desktop/hoophouse2023/flowerPi/aug11backup/videos/001f54431b3d/230807/174621_742610_001f54431b3d.mp4,[]
2023-08-11,19:47:07.335587,/Users/anupreksha/Desktop/hoophouse2023/flowerPi/aug11backup/videos/001f54431b3d/230807/182637_576979_001f54431b3d.mp4,[987]
2023-08-11,19:47:07.817171,/Users/anupreksha/Desktop/hoophouse2023/flowerPi/aug11backup/videos/001f54431b3d/230807/183658_575125_001f54431b3d.mp4,[]
2023-08-11,19:47:08.580944,/Users/anupreksha/Desktop/hoophouse2023/flowerPi/aug11backup/videos/001f54431b3d/230807/185524_205309_001f54431b3d.mp4,[]
2023-08-11,19:47:12.830072,/Users/anupreksha/Desktop/hoophouse2023/flowerPi/aug11backup/videos/001f54431b3d/230807/203355_657924_001f54431b3d.mp4,[]
2023-08-11,19:47:09.694910,/Users/anupreksha/Desktop/hoophouse2023/flowerPi/aug11backup/videos/001f54431b3d/230807/190038_333335_001f54431b3d.mp4,"[651, 651]"
2023-08-11,19:47:12.860881,/Users/anupreksha/Desktop/hoophouse2023/flowerPi/aug11backup/videos/001f54431b3d/230807/203421_084101_001f54431b3d.mp4,[]
2023-08-11,19:47:05.763014,/Users/anupreksha/Desktop/hoophouse2023/flowerPi/aug11backup/videos/001f54431b3d/230807/175444_745785_001f54431b3d.mp4,[944]
2023-08-11,19:47:05.418332,/Users/anupreksha/Desktop/hoophouse2023/flowerPi/aug11backup/videos/001f54431b3d/230807/174639_874128_001f54431b3d.mp4,[]
2023-08-11,19:47:08.340934,/Users/anupreksha/Desktop/hoophouse2023/flowerPi/aug11backup/videos/001f54431b3d/230807/184950_583787_001f54431b3d.mp4,[]
2023-08-11,19:47:05.591562,/Users/anupreksha/Desktop/hoophouse2023/flowerPi/aug11backup/videos/001f54431b3d/230807/174915_558317_001f54431b3d.mp4,[]
2023-08-11,19:47:12.371158,/Users/anupreksha/Desktop/hoophouse2023/flowerPi/aug11backup/videos/001f54431b3d/230807/202154_850991_001f54431b3d.mp4,[]
2023-08-11,19:47:09.683004,/Users/anupreksha/Desktop/hoophouse2023/flowerPi/aug11backup/videos/001f54431b3d/230807/190016_330631_001f54431b3d.mp4,[]
2023-08-11,19:47:11.882622,/Users/anupreksha/Desktop/hoophouse2023/flowerPi/aug11backup/videos/001f54431b3d/230807/195355_430993_001f54431b3d.mp4,[]
2023-08-11,19:47:11.549942,/Users/anupreksha/Desktop/hoophouse2023/flowerPi/aug11backup/videos/001f54431b3d/230807/194501_231375_001f54431b3d.mp4,[]
2023-08-11,19:47:12.934808,/Users/anupreksha/Desktop/hoophouse2023/flowerPi/aug11backup/videos/001f54431b3d/230807/203459_000058_001f54431b3d.mp4,[]
2023-08-11,19:47:10.464161,/Users/anupreksha/Desktop/hoophouse2023/flowerPi/aug11backup/videos/001f54431b3d/230807/193410_624397_001f54431b3d.mp4,[]
2023-08-11,19:47:11.449224,/Users/anupreksha/Desktop/hoophouse2023/flowerPi/aug11backup/videos/001f54431b3d/230807/194246_223967_001f54431b3d.mp4,"[696, 696, 696, 696, 696]"
2023-08-11,19:47:12.022593,/Users/anupreksha/Desktop/hoophouse2023/flowerPi/aug11backup/videos/001f54431b3d/230807/195719_433831_001f54431b3d.mp4,[]
2023-08-11,19:47:05.936619,/Users/anupreksha/Desktop/hoophouse2023/flowerPi/aug11backup/videos/001f54431b3d/230807/175735_483039_001f54431b3d.mp4,[18]
2023-08-11,19:47:10.337182,/Users/anupreksha/Desktop/hoophouse2023/flowerPi/aug11backup/videos/001f54431b3d/230807/192850_620705_001f54431b3d.mp4,[]
2023-08-11,19:47:08.402641,/Users/anupreksha/Desktop/hoophouse2023/flowerPi/aug11backup/videos/001f54431b3d/230807/185058_721544_001f54431b3d.mp4,[]
2023-08-11,19:47:07.629512,/Users/anupreksha/Desktop/hoophouse2023/flowerPi/aug11backup/videos/001f54431b3d/230807/183319_310056_001f54431b3d.mp4,[]
2023-08-11,19:47:09.836409,/Users/anupreksha/Desktop/hoophouse2023/flowerPi/aug11backup/videos/001f54431b3d/230807/190336_602795_001f54431b3d.mp4,[]
2023-08-11,19:47:12.180181,/Users/anupreksha/Desktop/hoophouse2023/flowerPi/aug11backup/videos/001f54431b3d/230807/200224_437932_001f54431b3d.mp4,[]
2023-08-11,19:47:08.462181,/Users/anupreksha/Desktop/hoophouse2023/flowerPi/aug11backup/videos/001f54431b3d/230807/185220_785460_001f54431b3d.mp4,[]
2023-08-11,19:47:06.241049,/Users/anupreksha/Desktop/hoophouse2023/flowerPi/aug11backup/videos/001f54431b3d/230807/181906_379970_001f54431b3d.mp4,[]
2023-08-11,19:47:10.484503,/Users/anupreksha/Desktop/hoophouse2023/flowerPi/aug11backup/videos/001f54431b3d/230807/193434_624265_001f54431b3d.mp4,[]
2023-08-11,19:47:05.522676,/Users/anupreksha/Desktop/hoophouse2023/flowerPi/aug11backup/videos/001f54431b3d/230807/174752_281472_001f54431b3d.mp4,[]
2023-08-11,19:47:05.720788,/Users/anupreksha/Desktop/hoophouse2023/flowerPi/aug11backup/videos/001f54431b3d/230807/175349_679029_001f54431b3d.mp4,[]
2023-08-11,19:47:10.268341,/Users/anupreksha/Desktop/hoophouse2023/flowerPi/aug11backup/videos/001f54431b3d/230807/191504_610700_001f54431b3d.mp4,[]
2023-08-11,19:47:11.765094,/Users/anupreksha/Desktop/hoophouse2023/flowerPi/aug11backup/videos/001f54431b3d/230807/195057_434175_001f54431b3d.mp4,[]
2023-08-11,19:47:09.632480,/Users/anupreksha/Desktop/hoophouse2023/flowerPi/aug11backup/videos/001f54431b3d/230807/185921_128161_001f54431b3d.mp4,[]
2023-08-11,19:47:11.673366,/Users/anupreksha/Desktop/hoophouse2023/flowerPi/aug11backup/videos/001f54431b3d/230807/194812_431949_001f54431b3d.mp4,[]
2023-08-11,19:47:05.742050,/Users/anupreksha/Desktop/hoophouse2023/flowerPi/aug11backup/videos/001f54431b3d/230807/175411_749679_001f54431b3d.mp4,"[448, 448, 448, 448, 448]"
2023-08-11,19:47:08.481917,/Users/anupreksha/Desktop/hoophouse2023/flowerPi/aug11backup/videos/001f54431b3d/230807/185307_987828_001f54431b3d.mp4,[]
2023-08-11,19:47:09.888698,/Users/anupreksha/Desktop/hoophouse2023/flowerPi/aug11backup/videos/001f54431b3d/230807/190449_609516_001f54431b3d.mp4,[]
2023-08-11,19:47:12.337852,/Users/anupreksha/Desktop/hoophouse2023/flowerPi/aug11backup/videos/001f54431b3d/230807/201749_047170_001f54431b3d.mp4,[]
2023-08-11,19:47:12.601074,/Users/anupreksha/Desktop/hoophouse2023/flowerPi/aug11backup/videos/001f54431b3d/230807/203230_067434_001f54431b3d.mp4,"[394, 404]"
2023-08-11,19:47:06.076163,/Users/anupreksha/Desktop/hoophouse2023/flowerPi/aug11backup/videos/001f54431b3d/230807/180411_370940_001f54431b3d.mp4,[]
2023-08-11,19:47:05.913036,/Users/anupreksha/Desktop/hoophouse2023/flowerPi/aug11backup/videos/001f54431b3d/230807/175706_158641_001f54431b3d.mp4,"[18, 18, 18, 18, 18, 18, 18, 18, 18, 18, 18, 18, 18, 18, 18, 18, 18, 18, 18, 18, 18, 18, 18, 18, 18, 18, 18, 18, 18, 18, 18, 18, 18, 18, 18, 18, 18, 18, 18, 18, 17, 18, 18, 18, 18, 18, 18, 18]"
2023-08-11,19:47:12.163577,/Users/anupreksha/Desktop/hoophouse2023/flowerPi/aug11backup/videos/001f54431b3d/230807/200202_439208_001f54431b3d.mp4,[]
2023-08-11,19:47:09.994090,/Users/anupreksha/Desktop/hoophouse2023/flowerPi/aug11backup/videos/001f54431b3d/230807/190702_595458_001f54431b3d.mp4,[]
2023-08-11,19:47:09.865316,/Users/anupreksha/Desktop/hoophouse2023/flowerPi/aug11backup/videos/001f54431b3d/230807/190426_593686_001f54431b3d.mp4,[]
2023-08-11,19:47:10.124084,/Users/anupreksha/Desktop/hoophouse2023/flowerPi/aug11backup/videos/001f54431b3d/230807/191008_604007_001f54431b3d.mp4,[]
2023-08-11,19:47:11.576358,/Users/anupreksha/Desktop/hoophouse2023/flowerPi/aug11backup/videos/001f54431b3d/230807/194550_232357_001f54431b3d.mp4,[]
2023-08-11,19:47:31.084839,/Users/anupreksha/Desktop/hoophouse2023/flowerPi/aug11backup/videos/001f54431b3d/230808/090745_368756_001f54431b3d.mp4,[]
2023-08-11,19:48:14.455322,/Users/anupreksha/Desktop/hoophouse2023/flowerPi/aug11backup/videos/001f54431b3d/230808/185247_968062_001f54431b3d.mp4,[]
2023-08-11,19:47:43.672170,/Users/anupreksha/Desktop/hoophouse2023/flowerPi/aug11backup/videos/001f54431b3d/230808/111958_869084_001f54431b3d.mp4,[]
2023-08-11,19:47:35.644199,/Users/anupreksha/Desktop/hoophouse2023/flowerPi/aug11backup/videos/001f54431b3d/230808/101813_414996_001f54431b3d.mp4,[]
2023-08-11,19:47:18.570934,/Users/anupreksha/Desktop/hoophouse2023/flowerPi/aug11backup/videos/001f54431b3d/230808/064148_793750_001f54431b3d.mp4,[]
2023-08-11,19:48:20.208392,/Users/anupreksha/Desktop/hoophouse2023/flowerPi/aug11backup/videos/001f54431b3d/230808/193906_592673_001f54431b3d.mp4,[]
2023-08-11,19:47:18.738318,/Users/anupreksha/Desktop/hoophouse2023/flowerPi/aug11backup/videos/001f54431b3d/230808/064541_061361_001f54431b3d.mp4,[]
2023-08-11,19:47:18.884235,/Users/anupreksha/Desktop/hoophouse2023/flowerPi/aug11backup/videos/001f54431b3d/230808/064923_398137_001f54431b3d.mp4,[]
2023-08-11,19:48:20.475299,/Users/anupreksha/Desktop/hoophouse2023/flowerPi/aug11backup/videos/001f54431b3d/230808/194859_595370_001f54431b3d.mp4,[]
2023-08-11,19:48:05.668658,/Users/anupreksha/Desktop/hoophouse2023/flowerPi/aug11backup/videos/001f54431b3d/230808/171157_888106_001f54431b3d.mp4,[]
2023-08-11,19:47:51.478685,/Users/anupreksha/Desktop/hoophouse2023/flowerPi/aug11backup/videos/001f54431b3d/230808/122433_516689_001f54431b3d.mp4,[]
2023-08-11,19:47:42.883504,/Users/anupreksha/Desktop/hoophouse2023/flowerPi/aug11backup/videos/001f54431b3d/230808/110215_256457_001f54431b3d.mp4,[874]
2023-08-11,19:48:14.578022,/Users/anupreksha/Desktop/hoophouse2023/flowerPi/aug11backup/videos/001f54431b3d/230808/185757_966404_001f54431b3d.mp4,[]
2023-08-11,19:48:05.531245,/Users/anupreksha/Desktop/hoophouse2023/flowerPi/aug11backup/videos/001f54431b3d/230808/164936_474807_001f54431b3d.mp4,[944]
2023-08-11,19:48:05.656660,/Users/anupreksha/Desktop/hoophouse2023/flowerPi/aug11backup/videos/001f54431b3d/230808/170658_880821_001f54431b3d.mp4,[]
2023-08-11,19:47:18.533198,/Users/anupreksha/Desktop/hoophouse2023/flowerPi/aug11backup/videos/001f54431b3d/230808/064054_479221_001f54431b3d.mp4,[]
2023-08-11,19:47:56.225771,/Users/anupreksha/Desktop/hoophouse2023/flowerPi/aug11backup/videos/001f54431b3d/230808/134518_955473_001f54431b3d.mp4,[]
2023-08-11,19:47:27.730060,/Users/anupreksha/Desktop/hoophouse2023/flowerPi/aug11backup/videos/001f54431b3d/230808/082242_727616_001f54431b3d.mp4,"[17, 128, 128, 128, 128, 128]"
2023-08-11,19:47:43.957705,/Users/anupreksha/Desktop/hoophouse2023/flowerPi/aug11backup/videos/001f54431b3d/230808/112625_469766_001f54431b3d.mp4,[]
2023-08-11,19:47:30.854262,/Users/anupreksha/Desktop/hoophouse2023/flowerPi/aug11backup/videos/001f54431b3d/230808/085224_161445_001f54431b3d.mp4,[]
2023-08-11,19:47:50.446456,/Users/anupreksha/Desktop/hoophouse2023/flowerPi/aug11backup/videos/001f54431b3d/230808/120623_288042_001f54431b3d.mp4,[]
2023-08-11,19:47:51.832575,/Users/anupreksha/Desktop/hoophouse2023/flowerPi/aug11backup/videos/001f54431b3d/230808/123041_102626_001f54431b3d.mp4,[110]
2023-08-11,19:48:09.899754,/Users/anupreksha/Desktop/hoophouse2023/flowerPi/aug11backup/videos/001f54431b3d/230808/175228_312720_001f54431b3d.mp4,[]
2023-08-11,19:47:20.778085,/Users/anupreksha/Desktop/hoophouse2023/flowerPi/aug11backup/videos/001f54431b3d/230808/070252_687806_001f54431b3d.mp4,[]
2023-08-11,19:47:30.628194,/Users/anupreksha/Desktop/hoophouse2023/flowerPi/aug11backup/videos/001f54431b3d/230808/084310_163774_001f54431b3d.mp4,[]
2023-08-11,19:48:00.626682,/Users/anupreksha/Desktop/hoophouse2023/flowerPi/aug11backup/videos/001f54431b3d/230808/141004_773996_001f54431b3d.mp4,[17]
2023-08-11,19:47:24.600836,/Users/anupreksha/Desktop/hoophouse2023/flowerPi/aug11backup/videos/001f54431b3d/230808/075301_712346_001f54431b3d.mp4,[]
2023-08-11,19:48:14.268983,/Users/anupreksha/Desktop/hoophouse2023/flowerPi/aug11backup/videos/001f54431b3d/230808/184630_952168_001f54431b3d.mp4,[973]
2023-08-11,19:47:34.729864,/Users/anupreksha/Desktop/hoophouse2023/flowerPi/aug11backup/videos/001f54431b3d/230808/095328_794887_001f54431b3d.mp4,"[853, 853, 853]"
2023-08-11,19:47:16.635964,/Users/anupreksha/Desktop/hoophouse2023/flowerPi/aug11backup/videos/001f54431b3d/230808/062453_050915_001f54431b3d.mp4,[]
2023-08-11,19:48:05.556219,/Users/anupreksha/Desktop/hoophouse2023/flowerPi/aug11backup/videos/001f54431b3d/230808/165013_674514_001f54431b3d.mp4,[]
2023-08-11,19:47:15.598675,/Users/anupreksha/Desktop/hoophouse2023/flowerPi/aug11backup/videos/001f54431b3d/230808/055509_029796_001f54431b3d.mp4,[]
2023-08-11,19:47:47.382481,/Users/anupreksha/Desktop/hoophouse2023/flowerPi/aug11backup/videos/001f54431b3d/230808/115945_282527_001f54431b3d.mp4,[]
2023-08-11,19:47:15.805455,/Users/anupreksha/Desktop/hoophouse2023/flowerPi/aug11backup/videos/001f54431b3d/230808/060047_033933_001f54431b3d.mp4,[]
2023-08-11,19:47:14.380417,/Users/anupreksha/Desktop/hoophouse2023/flowerPi/aug11backup/videos/001f54431b3d/230808/054837_627809_001f54431b3d.mp4,"[151, 151]"
2023-08-11,19:47:16.231788,/Users/anupreksha/Desktop/hoophouse2023/flowerPi/aug11backup/videos/001f54431b3d/230808/061345_047954_001f54431b3d.mp4,[]
2023-08-11,19:48:05.838681,/Users/anupreksha/Desktop/hoophouse2023/flowerPi/aug11backup/videos/001f54431b3d/230808/173003_300099_001f54431b3d.mp4,[]
2023-08-11,19:47:14.456649,/Users/anupreksha/Desktop/hoophouse2023/flowerPi/aug11backup/videos/001f54431b3d/230808/055051_827470_001f54431b3d.mp4,[]
2023-08-11,19:47:47.074746,/Users/anupreksha/Desktop/hoophouse2023/flowerPi/aug11backup/videos/001f54431b3d/230808/114856_279243_001f54431b3d.mp4,[336]
2023-08-11,19:47:35.472977,/Users/anupreksha/Desktop/hoophouse2023/flowerPi/aug11backup/videos/001f54431b3d/230808/101223_407604_001f54431b3d.mp4,[17]
2023-08-11,19:47:44.298844,/Users/anupreksha/Desktop/hoophouse2023/flowerPi/aug11backup/videos/001f54431b3d/230808/113228_872423_001f54431b3d.mp4,"[110, 110, 110, 110]"
2023-08-11,19:47:51.727159,/Users/anupreksha/Desktop/hoophouse2023/flowerPi/aug11backup/videos/001f54431b3d/230808/122852_108381_001f54431b3d.mp4,"[17, 665]"
2023-08-11,19:48:00.703165,/Users/anupreksha/Desktop/hoophouse2023/flowerPi/aug11backup/videos/001f54431b3d/230808/141128_768033_001f54431b3d.mp4,[]
2023-08-11,19:47:31.586124,/Users/anupreksha/Desktop/hoophouse2023/flowerPi/aug11backup/videos/001f54431b3d/230808/093012_779975_001f54431b3d.mp4,"[109, 109, 109, 109]"
2023-08-11,19:47:47.334705,/Users/anupreksha/Desktop/hoophouse2023/flowerPi/aug11backup/videos/001f54431b3d/230808/115854_217247_001f54431b3d.mp4,[]
2023-08-11,19:47:18.263393,/Users/anupreksha/Desktop/hoophouse2023/flowerPi/aug11backup/videos/001f54431b3d/230808/063426_256038_001f54431b3d.mp4,[]
2023-08-11,19:47:31.507630,/Users/anupreksha/Desktop/hoophouse2023/flowerPi/aug11backup/videos/001f54431b3d/230808/092820_781764_001f54431b3d.mp4,[]
2023-08-11,19:48:21.885470,/Users/anupreksha/Desktop/hoophouse2023/flowerPi/aug11backup/videos/001f54431b3d/230808/203011_830702_001f54431b3d.mp4,[]
2023-08-11,19:47:27.884295,/Users/anupreksha/Desktop/hoophouse2023/flowerPi/aug11backup/videos/001f54431b3d/230808/082558_945672_001f54431b3d.mp4,[]
2023-08-11,19:47:35.259863,/Users/anupreksha/Desktop/hoophouse2023/flowerPi/aug11backup/videos/001f54431b3d/230808/100659_203546_001f54431b3d.mp4,[]
2023-08-11,19:48:10.350627,/Users/anupreksha/Desktop/hoophouse2023/flowerPi/aug11backup/videos/001f54431b3d/230808/181623_739936_001f54431b3d.mp4,[696]
2023-08-11,19:48:00.971814,/Users/anupreksha/Desktop/hoophouse2023/flowerPi/aug11backup/videos/001f54431b3d/230808/141542_172014_001f54431b3d.mp4,[]
2023-08-11,19:47:39.671614,/Users/anupreksha/Desktop/hoophouse2023/flowerPi/aug11backup/videos/001f54431b3d/230808/104410_032243_001f54431b3d.mp4,[]
2023-08-11,19:47:20.959147,/Users/anupreksha/Desktop/hoophouse2023/flowerPi/aug11backup/videos/001f54431b3d/230808/070927_703024_001f54431b3d.mp4,[]
2023-08-11,19:48:21.527541,/Users/anupreksha/Desktop/hoophouse2023/flowerPi/aug11backup/videos/001f54431b3d/230808/200137_604307_001f54431b3d.mp4,[]
2023-08-11,19:48:05.446609,/Users/anupreksha/Desktop/hoophouse2023/flowerPi/aug11backup/videos/001f54431b3d/230808/164440_266997_001f54431b3d.mp4,[]
2023-08-11,19:47:27.453944,/Users/anupreksha/Desktop/hoophouse2023/flowerPi/aug11backup/videos/001f54431b3d/230808/081700_729431_001f54431b3d.mp4,[]
2023-08-11,19:48:00.897927,/Users/anupreksha/Desktop/hoophouse2023/flowerPi/aug11backup/videos/001f54431b3d/230808/141434_769701_001f54431b3d.mp4,[]
2023-08-11,19:47:43.782627,/Users/anupreksha/Desktop/hoophouse2023/flowerPi/aug11backup/videos/001f54431b3d/230808/112256_054720_001f54431b3d.mp4,[17]
2023-08-11,19:47:19.226424,/Users/anupreksha/Desktop/hoophouse2023/flowerPi/aug11backup/videos/001f54431b3d/230808/065756_675611_001f54431b3d.mp4,[]
2023-08-11,19:48:20.388483,/Users/anupreksha/Desktop/hoophouse2023/flowerPi/aug11backup/videos/001f54431b3d/230808/194705_593887_001f54431b3d.mp4,[]
2023-08-11,19:48:15.123773,/Users/anupreksha/Desktop/hoophouse2023/flowerPi/aug11backup/videos/001f54431b3d/230808/191325_372121_001f54431b3d.mp4,[]
2023-08-11,19:47:24.776551,/Users/anupreksha/Desktop/hoophouse2023/flowerPi/aug11backup/videos/001f54431b3d/230808/075834_127440_001f54431b3d.mp4,[]
2023-08-11,19:48:21.722842,/Users/anupreksha/Desktop/hoophouse2023/flowerPi/aug11backup/videos/001f54431b3d/230808/202703_827866_001f54431b3d.mp4,[]
2023-08-11,19:47:24.144908,/Users/anupreksha/Desktop/hoophouse2023/flowerPi/aug11backup/videos/001f54431b3d/230808/074216_703177_001f54431b3d.mp4,[]
2023-08-11,19:48:05.521085,/Users/anupreksha/Desktop/hoophouse2023/flowerPi/aug11backup/videos/001f54431b3d/230808/164857_277850_001f54431b3d.mp4,[]
2023-08-11,19:47:18.952624,/Users/anupreksha/Desktop/hoophouse2023/flowerPi/aug11backup/videos/001f54431b3d/230808/065102_669435_001f54431b3d.mp4,[]
2023-08-11,19:48:05.148557,/Users/anupreksha/Desktop/hoophouse2023/flowerPi/aug11backup/videos/001f54431b3d/230808/144043_520055_001f54431b3d.mp4,[]
2023-08-11,19:48:14.722554,/Users/anupreksha/Desktop/hoophouse2023/flowerPi/aug11backup/videos/001f54431b3d/230808/190315_172611_001f54431b3d.mp4,"[931, 476]"
2023-08-11,19:47:23.899561,/Users/anupreksha/Desktop/hoophouse2023/flowerPi/aug11backup/videos/001f54431b3d/230808/073616_697115_001f54431b3d.mp4,[]
2023-08-11,19:47:30.929864,/Users/anupreksha/Desktop/hoophouse2023/flowerPi/aug11backup/videos/001f54431b3d/230808/085614_963198_001f54431b3d.mp4,[]
2023-08-11,19:47:28.150761,/Users/anupreksha/Desktop/hoophouse2023/flowerPi/aug11backup/videos/001f54431b3d/230808/083248_941900_001f54431b3d.mp4,[130]
2023-08-11,19:48:00.377648,/Users/anupreksha/Desktop/hoophouse2023/flowerPi/aug11backup/videos/001f54431b3d/230808/140613_565909_001f54431b3d.mp4,[]
2023-08-11,19:47:39.538048,/Users/anupreksha/Desktop/hoophouse2023/flowerPi/aug11backup/videos/001f54431b3d/230808/104101_032160_001f54431b3d.mp4,[]
2023-08-11,19:48:21.824704,/Users/anupreksha/Desktop/hoophouse2023/flowerPi/aug11backup/videos/001f54431b3d/230808/202949_625629_001f54431b3d.mp4,[]
2023-08-11,19:48:10.275919,/Users/anupreksha/Desktop/hoophouse2023/flowerPi/aug11backup/videos/001f54431b3d/230808/181023_535240_001f54431b3d.mp4,"[17, 17, 17, 17]"
2023-08-11,19:48:19.876513,/Users/anupreksha/Desktop/hoophouse2023/flowerPi/aug11backup/videos/001f54431b3d/230808/192853_381274_001f54431b3d.mp4,[]
2023-08-11,19:48:01.736069,/Users/anupreksha/Desktop/hoophouse2023/flowerPi/aug11backup/videos/001f54431b3d/230808/142957_108841_001f54431b3d.mp4,[]
2023-08-11,19:47:47.436679,/Users/anupreksha/Desktop/hoophouse2023/flowerPi/aug11backup/videos/001f54431b3d/230808/120050_686296_001f54431b3d.mp4,[]
2023-08-11,19:48:00.401261,/Users/anupreksha/Desktop/hoophouse2023/flowerPi/aug11backup/videos/001f54431b3d/230808/140633_566415_001f54431b3d.mp4,[17]
2023-08-11,19:47:39.760985,/Users/anupreksha/Desktop/hoophouse2023/flowerPi/aug11backup/videos/001f54431b3d/230808/104604_240189_001f54431b3d.mp4,"[34, 109]"
2023-08-11,19:47:27.915118,/Users/anupreksha/Desktop/hoophouse2023/flowerPi/aug11backup/videos/001f54431b3d/230808/082637_942329_001f54431b3d.mp4,[]
2023-08-11,19:48:10.574968,/Users/anupreksha/Desktop/hoophouse2023/flowerPi/aug11backup/videos/001f54431b3d/230808/184032_956429_001f54431b3d.mp4,[17]
2023-08-11,19:47:21.793360,/Users/anupreksha/Desktop/hoophouse2023/flowerPi/aug11backup/videos/001f54431b3d/230808/072928_696188_001f54431b3d.mp4,"[432, 432]"
2023-08-11,19:48:20.618993,/Users/anupreksha/Desktop/hoophouse2023/flowerPi/aug11backup/videos/001f54431b3d/230808/195315_597492_001f54431b3d.mp4,[]
2023-08-11,19:47:14.282187,/Users/anupreksha/Desktop/hoophouse2023/flowerPi/aug11backup/videos/001f54431b3d/230808/054623_626070_001f54431b3d.mp4,[]
2023-08-11,19:47:24.566635,/Users/anupreksha/Desktop/hoophouse2023/flowerPi/aug11backup/videos/001f54431b3d/230808/075202_706583_001f54431b3d.mp4,[]
2023-08-11,19:47:18.076970,/Users/anupreksha/Desktop/hoophouse2023/flowerPi/aug11backup/videos/001f54431b3d/230808/062937_054426_001f54431b3d.mp4,[]
2023-08-11,19:47:14.545158,/Users/anupreksha/Desktop/hoophouse2023/flowerPi/aug11backup/videos/001f54431b3d/230808/055315_831132_001f54431b3d.mp4,[]
2023-08-11,19:47:18.172695,/Users/anupreksha/Desktop/hoophouse2023/flowerPi/aug11backup/videos/001f54431b3d/230808/063155_055664_001f54431b3d.mp4,[]
2023-08-11,19:48:05.209078,/Users/anupreksha/Desktop/hoophouse2023/flowerPi/aug11backup/videos/001f54431b3d/230808/144633_785949_001f54431b3d.mp4,[]
2023-08-11,19:47:14.211999,/Users/anupreksha/Desktop/hoophouse2023/flowerPi/aug11backup/videos/001f54431b3d/230808/054516_623303_001f54431b3d.mp4,[]
2023-08-11,19:47:30.760633,/Users/anupreksha/Desktop/hoophouse2023/flowerPi/aug11backup/videos/001f54431b3d/230808/084908_563288_001f54431b3d.mp4,[]
2023-08-11,19:48:10.255968,/Users/anupreksha/Desktop/hoophouse2023/flowerPi/aug11backup/videos/001f54431b3d/230808/181004_531883_001f54431b3d.mp4,[]
2023-08-11,19:47:25.084296,/Users/anupreksha/Desktop/hoophouse2023/flowerPi/aug11backup/videos/001f54431b3d/230808/080543_120741_001f54431b3d.mp4,[]
2023-08-11,19:47:44.113747,/Users/anupreksha/Desktop/hoophouse2023/flowerPi/aug11backup/videos/001f54431b3d/230808/112915_472376_001f54431b3d.mp4,[]
2023-08-11,19:47:20.914989,/Users/anupreksha/Desktop/hoophouse2023/flowerPi/aug11backup/videos/001f54431b3d/230808/070800_683040_001f54431b3d.mp4,[]
2023-08-11,19:47:24.617876,/Users/anupreksha/Desktop/hoophouse2023/flowerPi/aug11backup/videos/001f54431b3d/230808/075348_709185_001f54431b3d.mp4,[]
2023-08-11,19:47:19.248224,/Users/anupreksha/Desktop/hoophouse2023/flowerPi/aug11backup/videos/001f54431b3d/230808/065842_678143_001f54431b3d.mp4,[]
2023-08-11,19:47:21.725680,/Users/anupreksha/Desktop/hoophouse2023/flowerPi/aug11backup/videos/001f54431b3d/230808/072747_700543_001f54431b3d.mp4,[]
2023-08-11,19:47:25.039369,/Users/anupreksha/Desktop/hoophouse2023/flowerPi/aug11backup/videos/001f54431b3d/230808/080445_115416_001f54431b3d.mp4,[]
2023-08-11,19:47:24.759165,/Users/anupreksha/Desktop/hoophouse2023/flowerPi/aug11backup/videos/001f54431b3d/230808/075809_113452_001f54431b3d.mp4,[853]
2023-08-11,19:47:31.689590,/Users/anupreksha/Desktop/hoophouse2023/flowerPi/aug11backup/videos/001f54431b3d/230808/093424_986015_001f54431b3d.mp4,[]
2023-08-11,19:47:34.861695,/Users/anupreksha/Desktop/hoophouse2023/flowerPi/aug11backup/videos/001f54431b3d/230808/095616_797438_001f54431b3d.mp4,[425]
2023-08-11,19:47:28.342145,/Users/anupreksha/Desktop/hoophouse2023/flowerPi/aug11backup/videos/001f54431b3d/230808/083702_951387_001f54431b3d.mp4,[110]
2023-08-11,19:48:00.648463,/Users/anupreksha/Desktop/hoophouse2023/flowerPi/aug11backup/videos/001f54431b3d/230808/141023_765427_001f54431b3d.mp4,"[485, 17]"
2023-08-11,19:48:09.753658,/Users/anupreksha/Desktop/hoophouse2023/flowerPi/aug11backup/videos/001f54431b3d/230808/174725_911321_001f54431b3d.mp4,[]
2023-08-11,19:47:19.062296,/Users/anupreksha/Desktop/hoophouse2023/flowerPi/aug11backup/videos/001f54431b3d/230808/065346_683390_001f54431b3d.mp4,[]
2023-08-11,19:47:24.449953,/Users/anupreksha/Desktop/hoophouse2023/flowerPi/aug11backup/videos/001f54431b3d/230808/074922_706142_001f54431b3d.mp4,[]
2023-08-11,19:47:21.515208,/Users/anupreksha/Desktop/hoophouse2023/flowerPi/aug11backup/videos/001f54431b3d/230808/072232_692998_001f54431b3d.mp4,[]
2023-08-11,19:48:10.539670,/Users/anupreksha/Desktop/hoophouse2023/flowerPi/aug11backup/videos/001f54431b3d/230808/182638_948432_001f54431b3d.mp4,[]
2023-08-11,19:47:51.159549,/Users/anupreksha/Desktop/hoophouse2023/flowerPi/aug11backup/videos/001f54431b3d/230808/121925_496324_001f54431b3d.mp4,"[109, 109, 109, 109]"
2023-08-11,19:48:00.836001,/Users/anupreksha/Desktop/hoophouse2023/flowerPi/aug11backup/videos/001f54431b3d/230808/141330_767513_001f54431b3d.mp4,[]
2023-08-11,19:47:44.153784,/Users/anupreksha/Desktop/hoophouse2023/flowerPi/aug11backup/videos/001f54431b3d/230808/112951_471275_001f54431b3d.mp4,[105]
2023-08-11,19:47:14.127601,/Users/anupreksha/Desktop/hoophouse2023/flowerPi/aug11backup/videos/001f54431b3d/230808/054212_624029_001f54431b3d.mp4,[]
2023-08-11,19:47:43.141705,/Users/anupreksha/Desktop/hoophouse2023/flowerPi/aug11backup/videos/001f54431b3d/230808/110845_245031_001f54431b3d.mp4,[]
2023-08-11,19:47:55.089374,/Users/anupreksha/Desktop/hoophouse2023/flowerPi/aug11backup/videos/001f54431b3d/230808/123850_707387_001f54431b3d.mp4,[]
2023-08-11,19:47:28.063447,/Users/anupreksha/Desktop/hoophouse2023/flowerPi/aug11backup/videos/001f54431b3d/230808/082956_954332_001f54431b3d.mp4,[]
2023-08-11,19:48:05.283992,/Users/anupreksha/Desktop/hoophouse2023/flowerPi/aug11backup/videos/001f54431b3d/230808/145546_793529_001f54431b3d.mp4,[]
2023-08-11,19:47:55.241314,/Users/anupreksha/Desktop/hoophouse2023/flowerPi/aug11backup/videos/001f54431b3d/230808/124145_109555_001f54431b3d.mp4,[216]
2023-08-11,19:47:44.020404,/Users/anupreksha/Desktop/hoophouse2023/flowerPi/aug11backup/videos/001f54431b3d/230808/112736_997709_001f54431b3d.mp4,[]
2023-08-11,19:47:40.163036,/Users/anupreksha/Desktop/hoophouse2023/flowerPi/aug11backup/videos/001f54431b3d/230808/105627_036348_001f54431b3d.mp4,"[17, 17]"
2023-08-11,19:47:40.033618,/Users/anupreksha/Desktop/hoophouse2023/flowerPi/aug11backup/videos/001f54431b3d/230808/105300_634133_001f54431b3d.mp4,[]
2023-08-11,19:47:39.207647,/Users/anupreksha/Desktop/hoophouse2023/flowerPi/aug11backup/videos/001f54431b3d/230808/103449_025489_001f54431b3d.mp4,[]
2023-08-11,19:47:50.804033,/Users/anupreksha/Desktop/hoophouse2023/flowerPi/aug11backup/videos/001f54431b3d/230808/121256_497243_001f54431b3d.mp4,[]
2023-08-11,19:47:15.930741,/Users/anupreksha/Desktop/hoophouse2023/flowerPi/aug11backup/videos/001f54431b3d/230808/060521_035644_001f54431b3d.mp4,[]
2023-08-11,19:48:05.939084,/Users/anupreksha/Desktop/hoophouse2023/flowerPi/aug11backup/videos/001f54431b3d/230808/173227_299231_001f54431b3d.mp4,[]
2023-08-11,19:47:35.302532,/Users/anupreksha/Desktop/hoophouse2023/flowerPi/aug11backup/videos/001f54431b3d/230808/100816_207108_001f54431b3d.mp4,[]
2023-08-11,19:48:00.360700,/Users/anupreksha/Desktop/hoophouse2023/flowerPi/aug11backup/videos/001f54431b3d/230808/140559_563054_001f54431b3d.mp4,[]
2023-08-11,19:47:43.331564,/Users/anupreksha/Desktop/hoophouse2023/flowerPi/aug11backup/videos/001f54431b3d/230808/111235_848577_001f54431b3d.mp4,[250]
2023-08-11,19:47:15.689941,/Users/anupreksha/Desktop/hoophouse2023/flowerPi/aug11backup/videos/001f54431b3d/230808/055715_036012_001f54431b3d.mp4,[]
2023-08-11,19:48:05.191597,/Users/anupreksha/Desktop/hoophouse2023/flowerPi/aug11backup/videos/001f54431b3d/230808/144341_787247_001f54431b3d.mp4,[]
2023-08-11,19:47:34.986320,/Users/anupreksha/Desktop/hoophouse2023/flowerPi/aug11backup/videos/001f54431b3d/230808/095852_801271_001f54431b3d.mp4,[]
2023-08-11,19:47:24.963414,/Users/anupreksha/Desktop/hoophouse2023/flowerPi/aug11backup/videos/001f54431b3d/230808/080303_113789_001f54431b3d.mp4,[]
2023-08-11,19:47:35.536385,/Users/anupreksha/Desktop/hoophouse2023/flowerPi/aug11backup/videos/001f54431b3d/230808/101417_615790_001f54431b3d.mp4,[961]
2023-08-11,19:47:25.123661,/Users/anupreksha/Desktop/hoophouse2023/flowerPi/aug11backup/videos/001f54431b3d/230808/080636_153633_001f54431b3d.mp4,[]
2023-08-11,19:48:21.577522,/Users/anupreksha/Desktop/hoophouse2023/flowerPi/aug11backup/videos/001f54431b3d/230808/200453_606096_001f54431b3d.mp4,[]
2023-08-11,19:47:16.620505,/Users/anupreksha/Desktop/hoophouse2023/flowerPi/aug11backup/videos/001f54431b3d/230808/062429_052846_001f54431b3d.mp4,[]
2023-08-11,19:48:20.332635,/Users/anupreksha/Desktop/hoophouse2023/flowerPi/aug11backup/videos/001f54431b3d/230808/194535_595444_001f54431b3d.mp4,[]
2023-08-11,19:47:14.066371,/Users/anupreksha/Desktop/hoophouse2023/flowerPi/aug11backup/videos/001f54431b3d/230808/054125_424914_001f54431b3d.mp4,[494]
2023-08-11,19:47:27.099880,/Users/anupreksha/Desktop/hoophouse2023/flowerPi/aug11backup/videos/001f54431b3d/230808/080906_326506_001f54431b3d.mp4,[]
2023-08-11,19:48:10.177610,/Users/anupreksha/Desktop/hoophouse2023/flowerPi/aug11backup/videos/001f54431b3d/230808/180729_331099_001f54431b3d.mp4,[]
2023-08-11,19:48:21.665739,/Users/anupreksha/Desktop/hoophouse2023/flowerPi/aug11backup/videos/001f54431b3d/230808/202054_618561_001f54431b3d.mp4,[]
2023-08-11,19:47:19.209646,/Users/anupreksha/Desktop/hoophouse2023/flowerPi/aug11backup/videos/001f54431b3d/230808/065724_675621_001f54431b3d.mp4,[]
2023-08-11,19:47:23.826449,/Users/anupreksha/Desktop/hoophouse2023/flowerPi/aug11backup/videos/001f54431b3d/230808/073430_698590_001f54431b3d.mp4,"[944, 944, 944, 944, 944, 17]"
2023-08-11,19:47:16.540486,/Users/anupreksha/Desktop/hoophouse2023/flowerPi/aug11backup/videos/001f54431b3d/230808/062225_052137_001f54431b3d.mp4,[]
2023-08-11,19:47:52.128624,/Users/anupreksha/Desktop/hoophouse2023/flowerPi/aug11backup/videos/001f54431b3d/230808/123538_517192_001f54431b3d.mp4,[17]
2023-08-11,19:48:06.086385,/Users/anupreksha/Desktop/hoophouse2023/flowerPi/aug11backup/videos/001f54431b3d/230808/173554_504301_001f54431b3d.mp4,[]
2023-08-11,19:47:15.985238,/Users/anupreksha/Desktop/hoophouse2023/flowerPi/aug11backup/videos/001f54431b3d/230808/060645_036397_001f54431b3d.mp4,[]
2023-08-11,19:48:09.764704,/Users/anupreksha/Desktop/hoophouse2023/flowerPi/aug11backup/videos/001f54431b3d/230808/174737_909245_001f54431b3d.mp4,[]
2023-08-11,19:47:21.672997,/Users/anupreksha/Desktop/hoophouse2023/flowerPi/aug11backup/videos/001f54431b3d/230808/072617_691360_001f54431b3d.mp4,[]
2023-08-11,19:47:15.995333,/Users/anupreksha/Desktop/hoophouse2023/flowerPi/aug11backup/videos/001f54431b3d/230808/060707_038345_001f54431b3d.mp4,[]
2023-08-11,19:47:18.551833,/Users/anupreksha/Desktop/hoophouse2023/flowerPi/aug11backup/videos/001f54431b3d/230808/064118_663743_001f54431b3d.mp4,"[106, 106]"
2023-08-11,19:47:24.828371,/Users/anupreksha/Desktop/hoophouse2023/flowerPi/aug11backup/videos/001f54431b3d/230808/075954_116708_001f54431b3d.mp4,"[17, 17, 17, 17]"
2023-08-11,19:48:14.444601,/Users/anupreksha/Desktop/hoophouse2023/flowerPi/aug11backup/videos/001f54431b3d/230808/185228_960683_001f54431b3d.mp4,[]
2023-08-11,19:48:05.898835,/Users/anupreksha/Desktop/hoophouse2023/flowerPi/aug11backup/videos/001f54431b3d/230808/173114_298431_001f54431b3d.mp4,[]
2023-08-11,19:48:21.692754,/Users/anupreksha/Desktop/hoophouse2023/flowerPi/aug11backup/videos/001f54431b3d/230808/202549_620258_001f54431b3d.mp4,[]
2023-08-11,19:47:50.894324,/Users/anupreksha/Desktop/hoophouse2023/flowerPi/aug11backup/videos/001f54431b3d/230808/121440_697355_001f54431b3d.mp4,[727]
2023-08-11,19:47:19.079900,/Users/anupreksha/Desktop/hoophouse2023/flowerPi/aug11backup/videos/001f54431b3d/230808/065418_671696_001f54431b3d.mp4,[]
2023-08-11,19:47:31.709807,/Users/anupreksha/Desktop/hoophouse2023/flowerPi/aug11backup/videos/001f54431b3d/230808/093446_184142_001f54431b3d.mp4,[]
2023-08-11,19:47:16.502989,/Users/anupreksha/Desktop/hoophouse2023/flowerPi/aug11backup/videos/001f54431b3d/230808/062135_053576_001f54431b3d.mp4,[]
2023-08-11,19:48:10.208817,/Users/anupreksha/Desktop/hoophouse2023/flowerPi/aug11backup/videos/001f54431b3d/230808/180824_531774_001f54431b3d.mp4,"[17, 17, 17, 17, 17]"
2023-08-11,19:47:15.734335,/Users/anupreksha/Desktop/hoophouse2023/flowerPi/aug11backup/videos/001f54431b3d/230808/055850_032860_001f54431b3d.mp4,[]
2023-08-11,19:48:19.781849,/Users/anupreksha/Desktop/hoophouse2023/flowerPi/aug11backup/videos/001f54431b3d/230808/192601_379141_001f54431b3d.mp4,[]
2023-08-11,19:47:15.838544,/Users/anupreksha/Desktop/hoophouse2023/flowerPi/aug11backup/videos/001f54431b3d/230808/060213_035300_001f54431b3d.mp4,[]
2023-08-11,19:48:14.303672,/Users/anupreksha/Desktop/hoophouse2023/flowerPi/aug11backup/videos/001f54431b3d/230808/184742_952411_001f54431b3d.mp4,[]
2023-08-11,19:47:51.058190,/Users/anupreksha/Desktop/hoophouse2023/flowerPi/aug11backup/videos/001f54431b3d/230808/121800_224663_001f54431b3d.mp4,[]
2023-08-11,19:48:20.704156,/Users/anupreksha/Desktop/hoophouse2023/flowerPi/aug11backup/videos/001f54431b3d/230808/195523_599742_001f54431b3d.mp4,[]
2023-08-11,19:47:44.321333,/Users/anupreksha/Desktop/hoophouse2023/flowerPi/aug11backup/videos/001f54431b3d/230808/113254_871332_001f54431b3d.mp4,[]
2023-08-11,19:47:47.486114,/Users/anupreksha/Desktop/hoophouse2023/flowerPi/aug11backup/videos/001f54431b3d/230808/120147_690551_001f54431b3d.mp4,[]
2023-08-11,19:48:05.614838,/Users/anupreksha/Desktop/hoophouse2023/flowerPi/aug11backup/videos/001f54431b3d/230808/165322_675649_001f54431b3d.mp4,[]
2023-08-11,19:48:20.291656,/Users/anupreksha/Desktop/hoophouse2023/flowerPi/aug11backup/videos/001f54431b3d/230808/194257_592073_001f54431b3d.mp4,[]
2023-08-11,19:47:50.526476,/Users/anupreksha/Desktop/hoophouse2023/flowerPi/aug11backup/videos/001f54431b3d/230808/120800_295930_001f54431b3d.mp4,[]
2023-08-11,19:48:09.852037,/Users/anupreksha/Desktop/hoophouse2023/flowerPi/aug11backup/videos/001f54431b3d/230808/175019_911245_001f54431b3d.mp4,[]
2023-08-11,19:47:21.089071,/Users/anupreksha/Desktop/hoophouse2023/flowerPi/aug11backup/videos/001f54431b3d/230808/071251_691255_001f54431b3d.mp4,[]
2023-08-11,19:48:01.803134,/Users/anupreksha/Desktop/hoophouse2023/flowerPi/aug11backup/videos/001f54431b3d/230808/143223_183793_001f54431b3d.mp4,[]
2023-08-11,19:47:47.103214,/Users/anupreksha/Desktop/hoophouse2023/flowerPi/aug11backup/videos/001f54431b3d/230808/114921_289674_001f54431b3d.mp4,[]
2023-08-11,19:47:31.122749,/Users/anupreksha/Desktop/hoophouse2023/flowerPi/aug11backup/videos/001f54431b3d/230808/091010_577225_001f54431b3d.mp4,[]
2023-08-11,19:47:55.619626,/Users/anupreksha/Desktop/hoophouse2023/flowerPi/aug11backup/videos/001f54431b3d/230808/131308_732877_001f54431b3d.mp4,[]
2023-08-11,19:47:19.136360,/Users/anupreksha/Desktop/hoophouse2023/flowerPi/aug11backup/videos/001f54431b3d/230808/065550_671629_001f54431b3d.mp4,[]
2023-08-11,19:48:20.243248,/Users/anupreksha/Desktop/hoophouse2023/flowerPi/aug11backup/videos/001f54431b3d/230808/193919_587537_001f54431b3d.mp4,[]
2023-08-11,19:47:15.814252,/Users/anupreksha/Desktop/hoophouse2023/flowerPi/aug11backup/videos/001f54431b3d/230808/060143_033799_001f54431b3d.mp4,[]
2023-08-11,19:47:31.935688,/Users/anupreksha/Desktop/hoophouse2023/flowerPi/aug11backup/videos/001f54431b3d/230808/094032_190257_001f54431b3d.mp4,[]
2023-08-11,19:48:09.575312,/Users/anupreksha/Desktop/hoophouse2023/flowerPi/aug11backup/videos/001f54431b3d/230808/174215_706235_001f54431b3d.mp4,[]
2023-08-11,19:48:14.999853,/Users/anupreksha/Desktop/hoophouse2023/flowerPi/aug11backup/videos/001f54431b3d/230808/191037_377849_001f54431b3d.mp4,[]
2023-08-11,19:47:32.018160,/Users/anupreksha/Desktop/hoophouse2023/flowerPi/aug11backup/videos/001f54431b3d/230808/094253_189387_001f54431b3d.mp4,"[392, 392]"
2023-08-11,19:47:13.939793,/Users/anupreksha/Desktop/hoophouse2023/flowerPi/aug11backup/videos/001f54431b3d/230808/053757_022408_001f54431b3d.mp4,[]
2023-08-11,19:47:56.051423,/Users/anupreksha/Desktop/hoophouse2023/flowerPi/aug11backup/videos/001f54431b3d/230808/134245_752332_001f54431b3d.mp4,[425]
2023-08-11,19:48:14.587470,/Users/anupreksha/Desktop/hoophouse2023/flowerPi/aug11backup/videos/001f54431b3d/230808/185922_965278_001f54431b3d.mp4,[]
2023-08-11,19:47:56.264422,/Users/anupreksha/Desktop/hoophouse2023/flowerPi/aug11backup/videos/001f54431b3d/230808/134604_360064_001f54431b3d.mp4,[]
2023-08-11,19:47:43.040377,/Users/anupreksha/Desktop/hoophouse2023/flowerPi/aug11backup/videos/001f54431b3d/230808/110620_843245_001f54431b3d.mp4,[]
2023-08-11,19:47:42.983981,/Users/anupreksha/Desktop/hoophouse2023/flowerPi/aug11backup/videos/001f54431b3d/230808/110423_641924_001f54431b3d.mp4,[]
2023-08-11,19:48:14.469076,/Users/anupreksha/Desktop/hoophouse2023/flowerPi/aug11backup/videos/001f54431b3d/230808/185308_964926_001f54431b3d.mp4,[]
2023-08-11,19:47:25.157912,/Users/anupreksha/Desktop/hoophouse2023/flowerPi/aug11backup/videos/001f54431b3d/230808/080713_249885_001f54431b3d.mp4,"[17, 17, 17, 17, 17]"
2023-08-11,19:48:14.332188,/Users/anupreksha/Desktop/hoophouse2023/flowerPi/aug11backup/videos/001f54431b3d/230808/184826_958707_001f54431b3d.mp4,[]
2023-08-11,19:47:42.749603,/Users/anupreksha/Desktop/hoophouse2023/flowerPi/aug11backup/videos/001f54431b3d/230808/105927_173290_001f54431b3d.mp4,[17]
2023-08-11,19:48:05.079378,/Users/anupreksha/Desktop/hoophouse2023/flowerPi/aug11backup/videos/001f54431b3d/230808/143823_382782_001f54431b3d.mp4,[]
2023-08-11,19:47:55.423992,/Users/anupreksha/Desktop/hoophouse2023/flowerPi/aug11backup/videos/001f54431b3d/230808/124840_721512_001f54431b3d.mp4,[17]
2023-08-11,19:47:24.845335,/Users/anupreksha/Desktop/hoophouse2023/flowerPi/aug11backup/videos/001f54431b3d/230808/080016_124600_001f54431b3d.mp4,[]
2023-08-11,19:47:27.227339,/Users/anupreksha/Desktop/hoophouse2023/flowerPi/aug11backup/videos/001f54431b3d/230808/081152_721940_001f54431b3d.mp4,[]
2023-08-11,19:47:55.471786,/Users/anupreksha/Desktop/hoophouse2023/flowerPi/aug11backup/videos/001f54431b3d/230808/125339_716617_001f54431b3d.mp4,[]
2023-08-11,19:47:47.423218,/Users/anupreksha/Desktop/hoophouse2023/flowerPi/aug11backup/videos/001f54431b3d/230808/120017_492450_001f54431b3d.mp4,[]
2023-08-11,19:47:31.141927,/Users/anupreksha/Desktop/hoophouse2023/flowerPi/aug11backup/videos/001f54431b3d/230808/091157_571466_001f54431b3d.mp4,[]
2023-08-11,19:47:16.425615,/Users/anupreksha/Desktop/hoophouse2023/flowerPi/aug11backup/videos/001f54431b3d/230808/061913_046128_001f54431b3d.mp4,[]
2023-08-11,19:47:24.319354,/Users/anupreksha/Desktop/hoophouse2023/flowerPi/aug11backup/videos/001f54431b3d/230808/074618_703500_001f54431b3d.mp4,[]
2023-08-11,19:47:54.933263,/Users/anupreksha/Desktop/hoophouse2023/flowerPi/aug11backup/videos/001f54431b3d/230808/123605_507314_001f54431b3d.mp4,[]
2023-08-11,19:47:31.235932,/Users/anupreksha/Desktop/hoophouse2023/flowerPi/aug11backup/videos/001f54431b3d/230808/092123_978034_001f54431b3d.mp4,[]
2023-08-11,19:47:39.353654,/Users/anupreksha/Desktop/hoophouse2023/flowerPi/aug11backup/videos/001f54431b3d/230808/103734_628222_001f54431b3d.mp4,[]
2023-08-11,19:47:23.916579,/Users/anupreksha/Desktop/hoophouse2023/flowerPi/aug11backup/videos/001f54431b3d/230808/073642_700425_001f54431b3d.mp4,[]
2023-08-11,19:47:21.397982,/Users/anupreksha/Desktop/hoophouse2023/flowerPi/aug11backup/videos/001f54431b3d/230808/071928_691948_001f54431b3d.mp4,[]
2023-08-11,19:47:47.180149,/Users/anupreksha/Desktop/hoophouse2023/flowerPi/aug11backup/videos/001f54431b3d/230808/115200_685130_001f54431b3d.mp4,[]
2023-08-11,19:47:27.243864,/Users/anupreksha/Desktop/hoophouse2023/flowerPi/aug11backup/videos/001f54431b3d/230808/081218_738077_001f54431b3d.mp4,[]
2023-08-11,19:47:16.220260,/Users/anupreksha/Desktop/hoophouse2023/flowerPi/aug11backup/videos/001f54431b3d/230808/061316_045658_001f54431b3d.mp4,[]
2023-08-11,19:47:43.004153,/Users/anupreksha/Desktop/hoophouse2023/flowerPi/aug11backup/videos/001f54431b3d/230808/110529_864717_001f54431b3d.mp4,[]
2023-08-11,19:48:20.197865,/Users/anupreksha/Desktop/hoophouse2023/flowerPi/aug11backup/videos/001f54431b3d/230808/193844_589812_001f54431b3d.mp4,[]
2023-08-11,19:48:20.148853,/Users/anupreksha/Desktop/hoophouse2023/flowerPi/aug11backup/videos/001f54431b3d/230808/193731_586771_001f54431b3d.mp4,[]
2023-08-11,19:47:15.698629,/Users/anupreksha/Desktop/hoophouse2023/flowerPi/aug11backup/videos/001f54431b3d/230808/055739_031393_001f54431b3d.mp4,[]
2023-08-11,19:48:05.759905,/Users/anupreksha/Desktop/hoophouse2023/flowerPi/aug11backup/videos/001f54431b3d/230808/172321_892677_001f54431b3d.mp4,"[944, 944]"
2023-08-11,19:47:50.613811,/Users/anupreksha/Desktop/hoophouse2023/flowerPi/aug11backup/videos/001f54431b3d/230808/121013_697188_001f54431b3d.mp4,[]
2023-08-11,19:47:55.868320,/Users/anupreksha/Desktop/hoophouse2023/flowerPi/aug11backup/videos/001f54431b3d/230808/133844_155865_001f54431b3d.mp4,"[130, 657]"
2023-08-11,19:47:47.593851,/Users/anupreksha/Desktop/hoophouse2023/flowerPi/aug11backup/videos/001f54431b3d/230808/120404_890561_001f54431b3d.mp4,[432]
2023-08-11,19:47:47.208283,/Users/anupreksha/Desktop/hoophouse2023/flowerPi/aug11backup/videos/001f54431b3d/230808/115318_680908_001f54431b3d.mp4,[118]
2023-08-11,19:47:18.703977,/Users/anupreksha/Desktop/hoophouse2023/flowerPi/aug11backup/videos/001f54431b3d/230808/064448_998013_001f54431b3d.mp4,[]
2023-08-11,19:47:31.331230,/Users/anupreksha/Desktop/hoophouse2023/flowerPi/aug11backup/videos/001f54431b3d/230808/092318_371863_001f54431b3d.mp4,[]
2023-08-11,19:47:14.468186,/Users/anupreksha/Desktop/hoophouse2023/flowerPi/aug11backup/videos/001f54431b3d/230808/055108_826839_001f54431b3d.mp4,[]
2023-08-11,19:47:18.867789,/Users/anupreksha/Desktop/hoophouse2023/flowerPi/aug11backup/videos/001f54431b3d/230808/064900_397750_001f54431b3d.mp4,[]
2023-08-11,19:47:18.202585,/Users/anupreksha/Desktop/hoophouse2023/flowerPi/aug11backup/videos/001f54431b3d/230808/063251_192058_001f54431b3d.mp4,[]
2023-08-11,19:47:20.855660,/Users/anupreksha/Desktop/hoophouse2023/flowerPi/aug11backup/videos/001f54431b3d/230808/070555_683454_001f54431b3d.mp4,[]
2023-08-11,19:47:27.866848,/Users/anupreksha/Desktop/hoophouse2023/flowerPi/aug11backup/videos/001f54431b3d/230808/082534_747883_001f54431b3d.mp4,[]
2023-08-11,19:47:51.024218,/Users/anupreksha/Desktop/hoophouse2023/flowerPi/aug11backup/videos/001f54431b3d/230808/121717_095073_001f54431b3d.mp4,[]
2023-08-11,19:47:31.311910,/Users/anupreksha/Desktop/hoophouse2023/flowerPi/aug11backup/videos/001f54431b3d/230808/092249_979027_001f54431b3d.mp4,[689]
2023-08-11,19:47:35.431144,/Users/anupreksha/Desktop/hoophouse2023/flowerPi/aug11backup/videos/001f54431b3d/230808/101125_339278_001f54431b3d.mp4,[]
2023-08-11,19:48:10.473048,/Users/anupreksha/Desktop/hoophouse2023/flowerPi/aug11backup/videos/001f54431b3d/230808/182250_936839_001f54431b3d.mp4,[]
2023-08-11,19:47:19.153857,/Users/anupreksha/Desktop/hoophouse2023/flowerPi/aug11backup/videos/001f54431b3d/230808/065604_673374_001f54431b3d.mp4,[]
2023-08-11,19:47:34.486367,/Users/anupreksha/Desktop/hoophouse2023/flowerPi/aug11backup/videos/001f54431b3d/230808/094834_591124_001f54431b3d.mp4,[]
2023-08-11,19:47:51.584638,/Users/anupreksha/Desktop/hoophouse2023/flowerPi/aug11backup/videos/001f54431b3d/230808/122639_709612_001f54431b3d.mp4,[434]
2023-08-11,19:47:24.895628,/Users/anupreksha/Desktop/hoophouse2023/flowerPi/aug11backup/videos/001f54431b3d/230808/080125_112517_001f54431b3d.mp4,[653]
2023-08-11,19:47:30.570960,/Users/anupreksha/Desktop/hoophouse2023/flowerPi/aug11backup/videos/001f54431b3d/230808/084145_080647_001f54431b3d.mp4,[]
2023-08-11,19:47:14.140802,/Users/anupreksha/Desktop/hoophouse2023/flowerPi/aug11backup/videos/001f54431b3d/230808/054239_626272_001f54431b3d.mp4,[]
2023-08-11,19:47:39.628244,/Users/anupreksha/Desktop/hoophouse2023/flowerPi/aug11backup/videos/001f54431b3d/230808/104242_029277_001f54431b3d.mp4,[109]
2023-08-11,19:47:20.948537,/Users/anupreksha/Desktop/hoophouse2023/flowerPi/aug11backup/videos/001f54431b3d/230808/070914_680798_001f54431b3d.mp4,"[17, 17, 17, 17]"
2023-08-11,19:47:23.868561,/Users/anupreksha/Desktop/hoophouse2023/flowerPi/aug11backup/videos/001f54431b3d/230808/073549_710693_001f54431b3d.mp4,[]
2023-08-11,19:47:27.491616,/Users/anupreksha/Desktop/hoophouse2023/flowerPi/aug11backup/videos/001f54431b3d/230808/081750_726507_001f54431b3d.mp4,[]
2023-08-11,19:48:05.466584,/Users/anupreksha/Desktop/hoophouse2023/flowerPi/aug11backup/videos/001f54431b3d/230808/164743_274088_001f54431b3d.mp4,[]
2023-08-11,19:47:16.112222,/Users/anupreksha/Desktop/hoophouse2023/flowerPi/aug11backup/videos/001f54431b3d/230808/061012_044785_001f54431b3d.mp4,[]
2023-08-11,19:47:15.825701,/Users/anupreksha/Desktop/hoophouse2023/flowerPi/aug11backup/videos/001f54431b3d/230808/060157_033323_001f54431b3d.mp4,[]
2023-08-11,19:47:18.970924,/Users/anupreksha/Desktop/hoophouse2023/flowerPi/aug11backup/videos/001f54431b3d/230808/065124_665823_001f54431b3d.mp4,[]
2023-08-11,19:47:38.739644,/Users/anupreksha/Desktop/hoophouse2023/flowerPi/aug11backup/videos/001f54431b3d/230808/102555_017983_001f54431b3d.mp4,[]
2023-08-11,19:47:35.578265,/Users/anupreksha/Desktop/hoophouse2023/flowerPi/aug11backup/videos/001f54431b3d/230808/101523_008128_001f54431b3d.mp4,"[17, 286, 17]"
2023-08-11,19:48:14.858729,/Users/anupreksha/Desktop/hoophouse2023/flowerPi/aug11backup/videos/001f54431b3d/230808/190700_171932_001f54431b3d.mp4,[]
2023-08-11,19:47:31.956379,/Users/anupreksha/Desktop/hoophouse2023/flowerPi/aug11backup/videos/001f54431b3d/230808/094102_190966_001f54431b3d.mp4,[]
2023-08-11,19:48:20.767213,/Users/anupreksha/Desktop/hoophouse2023/flowerPi/aug11backup/videos/001f54431b3d/230808/195657_600025_001f54431b3d.mp4,[]
2023-08-11,19:47:18.092534,/Users/anupreksha/Desktop/hoophouse2023/flowerPi/aug11backup/videos/001f54431b3d/230808/063005_053548_001f54431b3d.mp4,[]
2023-08-11,19:47:18.849759,/Users/anupreksha/Desktop/hoophouse2023/flowerPi/aug11backup/videos/001f54431b3d/230808/064837_264157_001f54431b3d.mp4,[]
2023-08-11,19:48:05.857111,/Users/anupreksha/Desktop/hoophouse2023/flowerPi/aug11backup/videos/001f54431b3d/230808/173019_297048_001f54431b3d.mp4,[17]
2023-08-11,19:48:09.597931,/Users/anupreksha/Desktop/hoophouse2023/flowerPi/aug11backup/videos/001f54431b3d/230808/174309_705928_001f54431b3d.mp4,"[425, 425]"
2023-08-11,19:48:10.005573,/Users/anupreksha/Desktop/hoophouse2023/flowerPi/aug11backup/videos/001f54431b3d/230808/175519_719175_001f54431b3d.mp4,[]
2023-08-11,19:48:20.636494,/Users/anupreksha/Desktop/hoophouse2023/flowerPi/aug11backup/videos/001f54431b3d/230808/195335_600990_001f54431b3d.mp4,[]
2023-08-11,19:47:27.829118,/Users/anupreksha/Desktop/hoophouse2023/flowerPi/aug11backup/videos/001f54431b3d/230808/082440_744892_001f54431b3d.mp4,"[17, 17, 17, 17]"
2023-08-11,19:47:16.304892,/Users/anupreksha/Desktop/hoophouse2023/flowerPi/aug11backup/videos/001f54431b3d/230808/061604_046718_001f54431b3d.mp4,[]
2023-08-11,19:47:16.587285,/Users/anupreksha/Desktop/hoophouse2023/flowerPi/aug11backup/videos/001f54431b3d/230808/062347_051950_001f54431b3d.mp4,[]
2023-08-11,19:47:21.026179,/Users/anupreksha/Desktop/hoophouse2023/flowerPi/aug11backup/videos/001f54431b3d/230808/071100_686666_001f54431b3d.mp4,[]
2023-08-11,19:48:00.609375,/Users/anupreksha/Desktop/hoophouse2023/flowerPi/aug11backup/videos/001f54431b3d/230808/140940_771436_001f54431b3d.mp4,[]
2023-08-11,19:47:17.971399,/Users/anupreksha/Desktop/hoophouse2023/flowerPi/aug11backup/videos/001f54431b3d/230808/062701_061892_001f54431b3d.mp4,"[17, 17, 17, 17, 17]"
2023-08-11,19:47:27.970857,/Users/anupreksha/Desktop/hoophouse2023/flowerPi/aug11backup/videos/001f54431b3d/230808/082800_947339_001f54431b3d.mp4,[]
2023-08-11,19:48:05.810120,/Users/anupreksha/Desktop/hoophouse2023/flowerPi/aug11backup/videos/001f54431b3d/230808/172905_096374_001f54431b3d.mp4,[]
2023-08-11,19:48:14.360043,/Users/anupreksha/Desktop/hoophouse2023/flowerPi/aug11backup/videos/001f54431b3d/230808/184923_953462_001f54431b3d.mp4,[]
2023-08-11,19:47:35.387760,/Users/anupreksha/Desktop/hoophouse2023/flowerPi/aug11backup/videos/001f54431b3d/230808/101013_206197_001f54431b3d.mp4,"[17, 17]"
2023-08-11,19:48:00.523868,/Users/anupreksha/Desktop/hoophouse2023/flowerPi/aug11backup/videos/001f54431b3d/230808/140819_766466_001f54431b3d.mp4,[190]
2023-08-11,19:47:47.140752,/Users/anupreksha/Desktop/hoophouse2023/flowerPi/aug11backup/videos/001f54431b3d/230808/115033_686906_001f54431b3d.mp4,"[485, 437]"
2023-08-11,19:48:20.610336,/Users/anupreksha/Desktop/hoophouse2023/flowerPi/aug11backup/videos/001f54431b3d/230808/195243_597124_001f54431b3d.mp4,[]
2023-08-11,19:47:56.614960,/Users/anupreksha/Desktop/hoophouse2023/flowerPi/aug11backup/videos/001f54431b3d/230808/135403_763472_001f54431b3d.mp4,[]
2023-08-11,19:47:40.219584,/Users/anupreksha/Desktop/hoophouse2023/flowerPi/aug11backup/videos/001f54431b3d/230808/105702_651819_001f54431b3d.mp4,"[653, 653]"
2023-08-11,19:48:20.424703,/Users/anupreksha/Desktop/hoophouse2023/flowerPi/aug11backup/videos/001f54431b3d/230808/194743_594998_001f54431b3d.mp4,[]
2023-08-11,19:48:20.165573,/Users/anupreksha/Desktop/hoophouse2023/flowerPi/aug11backup/videos/001f54431b3d/230808/193755_590118_001f54431b3d.mp4,[]
2023-08-11,19:47:42.944814,/Users/anupreksha/Desktop/hoophouse2023/flowerPi/aug11backup/videos/001f54431b3d/230808/110338_660949_001f54431b3d.mp4,[]
2023-08-11,19:47:15.717689,/Users/anupreksha/Desktop/hoophouse2023/flowerPi/aug11backup/videos/001f54431b3d/230808/055839_040765_001f54431b3d.mp4,[]
2023-08-11,19:48:14.654496,/Users/anupreksha/Desktop/hoophouse2023/flowerPi/aug11backup/videos/001f54431b3d/230808/190119_968157_001f54431b3d.mp4,[]
2023-08-11,19:47:28.209243,/Users/anupreksha/Desktop/hoophouse2023/flowerPi/aug11backup/videos/001f54431b3d/230808/083402_952771_001f54431b3d.mp4,[]
2023-08-11,19:47:21.239442,/Users/anupreksha/Desktop/hoophouse2023/flowerPi/aug11backup/videos/001f54431b3d/230808/071624_694909_001f54431b3d.mp4,[]
2023-08-11,19:47:24.467703,/Users/anupreksha/Desktop/hoophouse2023/flowerPi/aug11backup/videos/001f54431b3d/230808/074944_705780_001f54431b3d.mp4,[]
2023-08-11,19:48:09.673044,/Users/anupreksha/Desktop/hoophouse2023/flowerPi/aug11backup/videos/001f54431b3d/230808/174533_910782_001f54431b3d.mp4,"[425, 425, 425, 425]"
2023-08-11,19:48:14.702170,/Users/anupreksha/Desktop/hoophouse2023/flowerPi/aug11backup/videos/001f54431b3d/230808/190257_113920_001f54431b3d.mp4,[]
2023-08-11,19:47:21.451622,/Users/anupreksha/Desktop/hoophouse2023/flowerPi/aug11backup/videos/001f54431b3d/230808/072101_693036_001f54431b3d.mp4,[]
2023-08-11,19:47:50.581080,/Users/anupreksha/Desktop/hoophouse2023/flowerPi/aug11backup/videos/001f54431b3d/230808/120930_698557_001f54431b3d.mp4,[]
2023-08-11,19:47:44.357540,/Users/anupreksha/Desktop/hoophouse2023/flowerPi/aug11backup/videos/001f54431b3d/230808/113340_877112_001f54431b3d.mp4,[]
2023-08-11,19:48:19.941905,/Users/anupreksha/Desktop/hoophouse2023/flowerPi/aug11backup/videos/001f54431b3d/230808/193029_382271_001f54431b3d.mp4,[]
2023-08-11,19:47:21.549426,/Users/anupreksha/Desktop/hoophouse2023/flowerPi/aug11backup/videos/001f54431b3d/230808/072312_693662_001f54431b3d.mp4,[944]
2023-08-11,19:47:28.044558,/Users/anupreksha/Desktop/hoophouse2023/flowerPi/aug11backup/videos/001f54431b3d/230808/082933_939756_001f54431b3d.mp4,[]
2023-08-11,19:48:10.340046,/Users/anupreksha/Desktop/hoophouse2023/flowerPi/aug11backup/videos/001f54431b3d/230808/181550_741339_001f54431b3d.mp4,[]
2023-08-11,19:48:01.309801,/Users/anupreksha/Desktop/hoophouse2023/flowerPi/aug11backup/videos/001f54431b3d/230808/142152_773956_001f54431b3d.mp4,[]
2023-08-11,19:48:22.018112,/Users/anupreksha/Desktop/hoophouse2023/flowerPi/aug11backup/videos/001f54431b3d/230808/203113_959180_001f54431b3d.mp4,[]
2023-08-11,19:48:01.827163,/Users/anupreksha/Desktop/hoophouse2023/flowerPi/aug11backup/videos/001f54431b3d/230808/143310_179809_001f54431b3d.mp4,[]
2023-08-11,19:48:05.263198,/Users/anupreksha/Desktop/hoophouse2023/flowerPi/aug11backup/videos/001f54431b3d/230808/145120_792113_001f54431b3d.mp4,[]
2023-08-11,19:48:20.561441,/Users/anupreksha/Desktop/hoophouse2023/flowerPi/aug11backup/videos/001f54431b3d/230808/195113_597939_001f54431b3d.mp4,[]
2023-08-11,19:48:14.385412,/Users/anupreksha/Desktop/hoophouse2023/flowerPi/aug11backup/videos/001f54431b3d/230808/185028_954250_001f54431b3d.mp4,[]
2023-08-11,19:47:55.949050,/Users/anupreksha/Desktop/hoophouse2023/flowerPi/aug11backup/videos/001f54431b3d/230808/134046_753741_001f54431b3d.mp4,"[987, 987]"
2023-08-11,19:47:27.511519,/Users/anupreksha/Desktop/hoophouse2023/flowerPi/aug11backup/videos/001f54431b3d/230808/081806_730790_001f54431b3d.mp4,[]
2023-08-11,19:48:01.874463,/Users/anupreksha/Desktop/hoophouse2023/flowerPi/aug11backup/videos/001f54431b3d/230808/143420_179640_001f54431b3d.mp4,[]
2023-08-11,19:48:09.690228,/Users/anupreksha/Desktop/hoophouse2023/flowerPi/aug11backup/videos/001f54431b3d/230808/174548_909521_001f54431b3d.mp4,[]
2023-08-11,19:47:50.834972,/Users/anupreksha/Desktop/hoophouse2023/flowerPi/aug11backup/videos/001f54431b3d/230808/121343_700743_001f54431b3d.mp4,[]
2023-08-11,19:47:18.899776,/Users/anupreksha/Desktop/hoophouse2023/flowerPi/aug11backup/videos/001f54431b3d/230808/064945_467317_001f54431b3d.mp4,[]
2023-08-11,19:48:20.346110,/Users/anupreksha/Desktop/hoophouse2023/flowerPi/aug11backup/videos/001f54431b3d/230808/194559_594937_001f54431b3d.mp4,"[653, 653]"
2023-08-11,19:48:20.071250,/Users/anupreksha/Desktop/hoophouse2023/flowerPi/aug11backup/videos/001f54431b3d/230808/193529_587240_001f54431b3d.mp4,[]
2023-08-11,19:48:00.264498,/Users/anupreksha/Desktop/hoophouse2023/flowerPi/aug11backup/videos/001f54431b3d/230808/140409_367288_001f54431b3d.mp4,[]
2023-08-11,19:47:21.071677,/Users/anupreksha/Desktop/hoophouse2023/flowerPi/aug11backup/videos/001f54431b3d/230808/071218_694472_001f54431b3d.mp4,[]
2023-08-11,19:47:31.450363,/Users/anupreksha/Desktop/hoophouse2023/flowerPi/aug11backup/videos/001f54431b3d/230808/092636_576038_001f54431b3d.mp4,[]
2023-08-11,19:47:15.956882,/Users/anupreksha/Desktop/hoophouse2023/flowerPi/aug11backup/videos/001f54431b3d/230808/060557_035938_001f54431b3d.mp4,[]
2023-08-11,19:47:31.198345,/Users/anupreksha/Desktop/hoophouse2023/flowerPi/aug11backup/videos/001f54431b3d/230808/091836_010516_001f54431b3d.mp4,[]
2023-08-11,19:47:21.160336,/Users/anupreksha/Desktop/hoophouse2023/flowerPi/aug11backup/videos/001f54431b3d/230808/071426_695400_001f54431b3d.mp4,[]
2023-08-11,19:47:27.438755,/Users/anupreksha/Desktop/hoophouse2023/flowerPi/aug11backup/videos/001f54431b3d/230808/081637_737186_001f54431b3d.mp4,[]
2023-08-11,19:48:20.008739,/Users/anupreksha/Desktop/hoophouse2023/flowerPi/aug11backup/videos/001f54431b3d/230808/193221_583680_001f54431b3d.mp4,[]
2023-08-11,19:47:51.985852,/Users/anupreksha/Desktop/hoophouse2023/flowerPi/aug11backup/videos/001f54431b3d/230808/123320_310088_001f54431b3d.mp4,[]
2023-08-11,19:47:21.201732,/Users/anupreksha/Desktop/hoophouse2023/flowerPi/aug11backup/videos/001f54431b3d/230808/071521_690075_001f54431b3d.mp4,[]
2023-08-11,19:47:56.741761,/Users/anupreksha/Desktop/hoophouse2023/flowerPi/aug11backup/videos/001f54431b3d/230808/140032_368316_001f54431b3d.mp4,"[448, 110]"
2023-08-11,19:48:14.242966,/Users/anupreksha/Desktop/hoophouse2023/flowerPi/aug11backup/videos/001f54431b3d/230808/184549_961776_001f54431b3d.mp4,[]
2023-08-11,19:48:01.232789,/Users/anupreksha/Desktop/hoophouse2023/flowerPi/aug11backup/videos/001f54431b3d/230808/142014_574331_001f54431b3d.mp4,"[392, 17]"
2023-08-11,19:47:35.367286,/Users/anupreksha/Desktop/hoophouse2023/flowerPi/aug11backup/videos/001f54431b3d/230808/100944_209805_001f54431b3d.mp4,[]
2023-08-11,19:48:10.420278,/Users/anupreksha/Desktop/hoophouse2023/flowerPi/aug11backup/videos/001f54431b3d/230808/182147_868250_001f54431b3d.mp4,[]
2023-08-11,19:47:42.725621,/Users/anupreksha/Desktop/hoophouse2023/flowerPi/aug11backup/videos/001f54431b3d/230808/105846_976002_001f54431b3d.mp4,"[17, 17]"
2023-08-11,19:47:24.228046,/Users/anupreksha/Desktop/hoophouse2023/flowerPi/aug11backup/videos/001f54431b3d/230808/074406_707920_001f54431b3d.mp4,"[106, 106, 106, 106]"
2023-08-11,19:47:43.176211,/Users/anupreksha/Desktop/hoophouse2023/flowerPi/aug11backup/videos/001f54431b3d/230808/110936_531693_001f54431b3d.mp4,[]
2023-08-11,19:47:31.047148,/Users/anupreksha/Desktop/hoophouse2023/flowerPi/aug11backup/videos/001f54431b3d/230808/090608_374660_001f54431b3d.mp4,"[110, 110, 106]"
2023-08-11,19:47:56.419941,/Users/anupreksha/Desktop/hoophouse2023/flowerPi/aug11backup/videos/001f54431b3d/230808/134929_558787_001f54431b3d.mp4,[]
2023-08-11,19:47:18.635320,/Users/anupreksha/Desktop/hoophouse2023/flowerPi/aug11backup/videos/001f54431b3d/230808/064305_863022_001f54431b3d.mp4,"[17, 17]"
2023-08-11,19:48:05.319661,/Users/anupreksha/Desktop/hoophouse2023/flowerPi/aug11backup/videos/001f54431b3d/230808/145736_003913_001f54431b3d.mp4,[]
2023-08-11,19:48:19.651371,/Users/anupreksha/Desktop/hoophouse2023/flowerPi/aug11backup/videos/001f54431b3d/230808/192243_377744_001f54431b3d.mp4,[]
2023-08-11,19:47:24.415442,/Users/anupreksha/Desktop/hoophouse2023/flowerPi/aug11backup/videos/001f54431b3d/230808/074816_707266_001f54431b3d.mp4,"[17, 17, 17, 17]"
2023-08-11,19:47:32.066831,/Users/anupreksha/Desktop/hoophouse2023/flowerPi/aug11backup/videos/001f54431b3d/230808/094351_390107_001f54431b3d.mp4,[17]
2023-08-11,19:47:35.179820,/Users/anupreksha/Desktop/hoophouse2023/flowerPi/aug11backup/videos/001f54431b3d/230808/100447_003631_001f54431b3d.mp4,"[17, 17]"
2023-08-11,19:47:43.200232,/Users/anupreksha/Desktop/hoophouse2023/flowerPi/aug11backup/videos/001f54431b3d/230808/110947_652463_001f54431b3d.mp4,[]
2023-08-11,19:47:19.263369,/Users/anupreksha/Desktop/hoophouse2023/flowerPi/aug11backup/videos/001f54431b3d/230808/065917_686476_001f54431b3d.mp4,[]
2023-08-11,19:47:31.527674,/Users/anupreksha/Desktop/hoophouse2023/flowerPi/aug11backup/videos/001f54431b3d/230808/092845_781983_001f54431b3d.mp4,[]
2023-08-11,19:47:24.019815,/Users/anupreksha/Desktop/hoophouse2023/flowerPi/aug11backup/videos/001f54431b3d/230808/073916_706214_001f54431b3d.mp4,[]
2023-08-11,19:47:16.525998,/Users/anupreksha/Desktop/hoophouse2023/flowerPi/aug11backup/videos/001f54431b3d/230808/062151_053014_001f54431b3d.mp4,[]
2023-08-11,19:47:21.127413,/Users/anupreksha/Desktop/hoophouse2023/flowerPi/aug11backup/videos/001f54431b3d/230808/071344_690720_001f54431b3d.mp4,"[17, 17, 17, 17, 17]"
2023-08-11,19:47:18.670148,/Users/anupreksha/Desktop/hoophouse2023/flowerPi/aug11backup/videos/001f54431b3d/230808/064354_995411_001f54431b3d.mp4,[]
2023-08-11,19:48:09.622186,/Users/anupreksha/Desktop/hoophouse2023/flowerPi/aug11backup/videos/001f54431b3d/230808/174404_708003_001f54431b3d.mp4,[]
2023-08-11,19:48:10.443774,/Users/anupreksha/Desktop/hoophouse2023/flowerPi/aug11backup/videos/001f54431b3d/230808/182217_943795_001f54431b3d.mp4,[]
2023-08-11,19:47:27.989482,/Users/anupreksha/Desktop/hoophouse2023/flowerPi/aug11backup/videos/001f54431b3d/230808/082820_948208_001f54431b3d.mp4,[17]
2023-08-11,19:47:27.064285,/Users/anupreksha/Desktop/hoophouse2023/flowerPi/aug11backup/videos/001f54431b3d/230808/080810_330543_001f54431b3d.mp4,[17]
2023-08-11,19:47:42.962320,/Users/anupreksha/Desktop/hoophouse2023/flowerPi/aug11backup/videos/001f54431b3d/230808/110400_650484_001f54431b3d.mp4,[105]
2023-08-11,19:47:27.047787,/Users/anupreksha/Desktop/hoophouse2023/flowerPi/aug11backup/videos/001f54431b3d/230808/080741_323044_001f54431b3d.mp4,[]
2023-08-11,19:47:13.988528,/Users/anupreksha/Desktop/hoophouse2023/flowerPi/aug11backup/videos/001f54431b3d/230808/053929_023271_001f54431b3d.mp4,[]
2023-08-11,19:48:21.439349,/Users/anupreksha/Desktop/hoophouse2023/flowerPi/aug11backup/videos/001f54431b3d/230808/195900_603948_001f54431b3d.mp4,"[653, 653, 653]"
2023-08-11,19:47:35.555405,/Users/anupreksha/Desktop/hoophouse2023/flowerPi/aug11backup/videos/001f54431b3d/230808/101446_815410_001f54431b3d.mp4,[]
2023-08-11,19:48:10.122182,/Users/anupreksha/Desktop/hoophouse2023/flowerPi/aug11backup/videos/001f54431b3d/230808/180608_142335_001f54431b3d.mp4,[711]
2023-08-11,19:47:47.320811,/Users/anupreksha/Desktop/hoophouse2023/flowerPi/aug11backup/videos/001f54431b3d/230808/115807_090996_001f54431b3d.mp4,[]
2023-08-11,19:48:15.205484,/Users/anupreksha/Desktop/hoophouse2023/flowerPi/aug11backup/videos/001f54431b3d/230808/191620_374525_001f54431b3d.mp4,[]
2023-08-11,19:47:40.244744,/Users/anupreksha/Desktop/hoophouse2023/flowerPi/aug11backup/videos/001f54431b3d/230808/105726_660998_001f54431b3d.mp4,[]
2023-08-11,19:47:56.447781,/Users/anupreksha/Desktop/hoophouse2023/flowerPi/aug11backup/videos/001f54431b3d/230808/135008_564302_001f54431b3d.mp4,[]
2023-08-11,19:47:35.220261,/Users/anupreksha/Desktop/hoophouse2023/flowerPi/aug11backup/videos/001f54431b3d/230808/100603_203315_001f54431b3d.mp4,[655]
2023-08-11,19:47:27.673057,/Users/anupreksha/Desktop/hoophouse2023/flowerPi/aug11backup/videos/001f54431b3d/230808/082137_747460_001f54431b3d.mp4,[]
2023-08-11,19:48:21.608988,/Users/anupreksha/Desktop/hoophouse2023/flowerPi/aug11backup/videos/001f54431b3d/230808/200643_607136_001f54431b3d.mp4,[]
2023-08-11,19:47:31.216650,/Users/anupreksha/Desktop/hoophouse2023/flowerPi/aug11backup/videos/001f54431b3d/230808/091936_912318_001f54431b3d.mp4,[]
2023-08-11,19:48:05.790868,/Users/anupreksha/Desktop/hoophouse2023/flowerPi/aug11backup/videos/001f54431b3d/230808/172837_915174_001f54431b3d.mp4,[]
2023-08-11,19:48:21.558327,/Users/anupreksha/Desktop/hoophouse2023/flowerPi/aug11backup/videos/001f54431b3d/230808/200259_604943_001f54431b3d.mp4,[]
2023-08-11,19:47:25.050107,/Users/anupreksha/Desktop/hoophouse2023/flowerPi/aug11backup/videos/001f54431b3d/230808/080507_115962_001f54431b3d.mp4,[]
2023-08-11,19:47:55.397167,/Users/anupreksha/Desktop/hoophouse2023/flowerPi/aug11backup/videos/001f54431b3d/230808/124706_716073_001f54431b3d.mp4,[]
2023-08-11,19:47:14.517097,/Users/anupreksha/Desktop/hoophouse2023/flowerPi/aug11backup/videos/001f54431b3d/230808/055226_828644_001f54431b3d.mp4,[]
2023-08-11,19:47:18.833712,/Users/anupreksha/Desktop/hoophouse2023/flowerPi/aug11backup/videos/001f54431b3d/230808/064758_262731_001f54431b3d.mp4,[]
2023-08-11,19:47:24.211638,/Users/anupreksha/Desktop/hoophouse2023/flowerPi/aug11backup/videos/001f54431b3d/230808/074342_701672_001f54431b3d.mp4,[]
2023-08-11,19:48:15.239794,/Users/anupreksha/Desktop/hoophouse2023/flowerPi/aug11backup/videos/001f54431b3d/230808/192039_376111_001f54431b3d.mp4,[]
2023-08-11,19:47:51.794722,/Users/anupreksha/Desktop/hoophouse2023/flowerPi/aug11backup/videos/001f54431b3d/230808/123003_103272_001f54431b3d.mp4,[]
2023-08-11,19:47:21.688659,/Users/anupreksha/Desktop/hoophouse2023/flowerPi/aug11backup/videos/001f54431b3d/230808/072646_695842_001f54431b3d.mp4,[]
2023-08-11,19:48:09.774959,/Users/anupreksha/Desktop/hoophouse2023/flowerPi/aug11backup/videos/001f54431b3d/230808/174757_909896_001f54431b3d.mp4,[]
2023-08-11,19:48:01.890074,/Users/anupreksha/Desktop/hoophouse2023/flowerPi/aug11backup/videos/001f54431b3d/230808/143447_180755_001f54431b3d.mp4,[]
2023-08-11,19:47:14.594684,/Users/anupreksha/Desktop/hoophouse2023/flowerPi/aug11backup/videos/001f54431b3d/230808/055443_029527_001f54431b3d.mp4,[]
2023-08-11,19:47:56.360819,/Users/anupreksha/Desktop/hoophouse2023/flowerPi/aug11backup/videos/001f54431b3d/230808/134813_360405_001f54431b3d.mp4,[944]
2023-08-11,19:47:54.980764,/Users/anupreksha/Desktop/hoophouse2023/flowerPi/aug11backup/videos/001f54431b3d/230808/123658_705878_001f54431b3d.mp4,[17]
2023-08-11,19:48:20.580148,/Users/anupreksha/Desktop/hoophouse2023/flowerPi/aug11backup/videos/001f54431b3d/230808/195157_597176_001f54431b3d.mp4,[]
2023-08-11,19:47:38.804310,/Users/anupreksha/Desktop/hoophouse2023/flowerPi/aug11backup/videos/001f54431b3d/230808/102702_018424_001f54431b3d.mp4,[17]
2023-08-11,19:47:25.065655,/Users/anupreksha/Desktop/hoophouse2023/flowerPi/aug11backup/videos/001f54431b3d/230808/080524_126906_001f54431b3d.mp4,[]
2023-08-11,19:47:18.401196,/Users/anupreksha/Desktop/hoophouse2023/flowerPi/aug11backup/videos/001f54431b3d/230808/063746_464169_001f54431b3d.mp4,[]
2023-08-11,19:48:05.718781,/Users/anupreksha/Desktop/hoophouse2023/flowerPi/aug11backup/videos/001f54431b3d/230808/171535_886394_001f54431b3d.mp4,[]
2023-08-11,19:47:44.274332,/Users/anupreksha/Desktop/hoophouse2023/flowerPi/aug11backup/videos/001f54431b3d/230808/113204_868288_001f54431b3d.mp4,[]
2023-08-11,19:47:38.591635,/Users/anupreksha/Desktop/hoophouse2023/flowerPi/aug11backup/videos/001f54431b3d/230808/102251_018292_001f54431b3d.mp4,[657]
2023-08-11,19:48:01.605415,/Users/anupreksha/Desktop/hoophouse2023/flowerPi/aug11backup/videos/001f54431b3d/230808/142701_776461_001f54431b3d.mp4,[]
2023-08-11,19:47:25.133905,/Users/anupreksha/Desktop/hoophouse2023/flowerPi/aug11backup/videos/001f54431b3d/230808/080701_260221_001f54431b3d.mp4,[]
2023-08-11,19:48:21.587045,/Users/anupreksha/Desktop/hoophouse2023/flowerPi/aug11backup/videos/001f54431b3d/230808/200517_607502_001f54431b3d.mp4,[]
2023-08-11,19:47:47.397166,/Users/anupreksha/Desktop/hoophouse2023/flowerPi/aug11backup/videos/001f54431b3d/230808/120005_281185_001f54431b3d.mp4,[]
2023-08-11,19:47:51.649379,/Users/anupreksha/Desktop/hoophouse2023/flowerPi/aug11backup/videos/001f54431b3d/230808/122738_907026_001f54431b3d.mp4,[]
2023-08-11,19:48:09.564941,/Users/anupreksha/Desktop/hoophouse2023/flowerPi/aug11backup/videos/001f54431b3d/230808/174201_706506_001f54431b3d.mp4,[]
2023-08-11,19:47:24.742336,/Users/anupreksha/Desktop/hoophouse2023/flowerPi/aug11backup/videos/001f54431b3d/230808/075745_714979_001f54431b3d.mp4,[]
2023-08-11,19:48:20.101972,/Users/anupreksha/Desktop/hoophouse2023/flowerPi/aug11backup/videos/001f54431b3d/230808/193619_588628_001f54431b3d.mp4,"[37, 37, 37, 37]"
2023-08-11,19:47:18.619096,/Users/anupreksha/Desktop/hoophouse2023/flowerPi/aug11backup/videos/001f54431b3d/230808/064240_866007_001f54431b3d.mp4,[]
2023-08-11,19:47:31.007298,/Users/anupreksha/Desktop/hoophouse2023/flowerPi/aug11backup/videos/001f54431b3d/230808/090211_297608_001f54431b3d.mp4,[17]
2023-08-11,19:48:21.627476,/Users/anupreksha/Desktop/hoophouse2023/flowerPi/aug11backup/videos/001f54431b3d/230808/200903_608683_001f54431b3d.mp4,[]
2023-08-11,19:48:19.993807,/Users/anupreksha/Desktop/hoophouse2023/flowerPi/aug11backup/videos/001f54431b3d/230808/193151_586628_001f54431b3d.mp4,[]
2023-08-11,19:48:09.659356,/Users/anupreksha/Desktop/hoophouse2023/flowerPi/aug11backup/videos/001f54431b3d/230808/174510_907137_001f54431b3d.mp4,"[425, 425, 425, 425, 425, 425, 425]"
2023-08-11,19:47:21.776392,/Users/anupreksha/Desktop/hoophouse2023/flowerPi/aug11backup/videos/001f54431b3d/230808/072905_693866_001f54431b3d.mp4,[]
2023-08-11,19:47:34.809359,/Users/anupreksha/Desktop/hoophouse2023/flowerPi/aug11backup/videos/001f54431b3d/230808/095502_800529_001f54431b3d.mp4,[]
2023-08-11,19:47:39.493442,/Users/anupreksha/Desktop/hoophouse2023/flowerPi/aug11backup/videos/001f54431b3d/230808/104013_958997_001f54431b3d.mp4,[]
2023-08-11,19:47:30.741801,/Users/anupreksha/Desktop/hoophouse2023/flowerPi/aug11backup/videos/001f54431b3d/230808/084815_569594_001f54431b3d.mp4,[]
2023-08-11,19:48:05.749483,/Users/anupreksha/Desktop/hoophouse2023/flowerPi/aug11backup/videos/001f54431b3d/230808/172226_894923_001f54431b3d.mp4,[]
2023-08-11,19:47:40.196714,/Users/anupreksha/Desktop/hoophouse2023/flowerPi/aug11backup/videos/001f54431b3d/230808/105638_535756_001f54431b3d.mp4,[]
2023-08-11,19:48:01.281469,/Users/anupreksha/Desktop/hoophouse2023/flowerPi/aug11backup/videos/001f54431b3d/230808/142122_771789_001f54431b3d.mp4,[17]
2023-08-11,19:48:05.499099,/Users/anupreksha/Desktop/hoophouse2023/flowerPi/aug11backup/videos/001f54431b3d/230808/164835_271902_001f54431b3d.mp4,[17]
2023-08-11,19:47:51.922390,/Users/anupreksha/Desktop/hoophouse2023/flowerPi/aug11backup/videos/001f54431b3d/230808/123201_106694_001f54431b3d.mp4,"[250, 109]"
2023-08-11,19:48:01.582299,/Users/anupreksha/Desktop/hoophouse2023/flowerPi/aug11backup/videos/001f54431b3d/230808/142639_710800_001f54431b3d.mp4,[497]
2023-08-11,19:47:18.482525,/Users/anupreksha/Desktop/hoophouse2023/flowerPi/aug11backup/videos/001f54431b3d/230808/063940_458775_001f54431b3d.mp4,[]
2023-08-11,19:48:05.909423,/Users/anupreksha/Desktop/hoophouse2023/flowerPi/aug11backup/videos/001f54431b3d/230808/173148_299271_001f54431b3d.mp4,[]
2023-08-11,19:47:35.121846,/Users/anupreksha/Desktop/hoophouse2023/flowerPi/aug11backup/videos/001f54431b3d/230808/100318_001776_001f54431b3d.mp4,[]
2023-08-11,19:48:14.677216,/Users/anupreksha/Desktop/hoophouse2023/flowerPi/aug11backup/videos/001f54431b3d/230808/190219_963940_001f54431b3d.mp4,[]
2023-08-11,19:48:01.862350,/Users/anupreksha/Desktop/hoophouse2023/flowerPi/aug11backup/videos/001f54431b3d/230808/143405_179227_001f54431b3d.mp4,[]
2023-08-11,19:47:21.055757,/Users/anupreksha/Desktop/hoophouse2023/flowerPi/aug11backup/videos/001f54431b3d/230808/071152_689148_001f54431b3d.mp4,[]
2023-08-11,19:48:00.250895,/Users/anupreksha/Desktop/hoophouse2023/flowerPi/aug11backup/videos/001f54431b3d/230808/140346_368026_001f54431b3d.mp4,[17]
2023-08-11,19:47:43.477554,/Users/anupreksha/Desktop/hoophouse2023/flowerPi/aug11backup/videos/001f54431b3d/230808/111540_262917_001f54431b3d.mp4,[]
2023-08-11,19:47:31.834781,/Users/anupreksha/Desktop/hoophouse2023/flowerPi/aug11backup/videos/001f54431b3d/230808/093832_186477_001f54431b3d.mp4,"[17, 110]"
2023-08-11,19:47:15.941900,/Users/anupreksha/Desktop/hoophouse2023/flowerPi/aug11backup/videos/001f54431b3d/230808/060542_041564_001f54431b3d.mp4,[]
2023-08-11,19:47:15.869287,/Users/anupreksha/Desktop/hoophouse2023/flowerPi/aug11backup/videos/001f54431b3d/230808/060319_033978_001f54431b3d.mp4,[]
2023-08-11,19:48:01.183219,/Users/anupreksha/Desktop/hoophouse2023/flowerPi/aug11backup/videos/001f54431b3d/230808/141835_105252_001f54431b3d.mp4,"[470, 145]"
2023-08-11,19:47:15.784719,/Users/anupreksha/Desktop/hoophouse2023/flowerPi/aug11backup/videos/001f54431b3d/230808/060035_032615_001f54431b3d.mp4,[]
2023-08-11,19:47:21.415310,/Users/anupreksha/Desktop/hoophouse2023/flowerPi/aug11backup/videos/001f54431b3d/230808/072004_694799_001f54431b3d.mp4,[]
2023-08-11,19:47:16.120485,/Users/anupreksha/Desktop/hoophouse2023/flowerPi/aug11backup/videos/001f54431b3d/230808/061049_039734_001f54431b3d.mp4,[]
2023-08-11,19:47:35.494508,/Users/anupreksha/Desktop/hoophouse2023/flowerPi/aug11backup/videos/001f54431b3d/230808/101300_411243_001f54431b3d.mp4,[]
2023-08-11,19:47:18.060069,/Users/anupreksha/Desktop/hoophouse2023/flowerPi/aug11backup/videos/001f54431b3d/230808/062909_056143_001f54431b3d.mp4,[]
2023-08-11,19:47:31.668160,/Users/anupreksha/Desktop/hoophouse2023/flowerPi/aug11backup/videos/001f54431b3d/230808/093350_987826_001f54431b3d.mp4,[]
2023-08-11,19:47:17.934324,/Users/anupreksha/Desktop/hoophouse2023/flowerPi/aug11backup/videos/001f54431b3d/230808/062607_052787_001f54431b3d.mp4,[]
2023-08-11,19:47:39.514450,/Users/anupreksha/Desktop/hoophouse2023/flowerPi/aug11backup/videos/001f54431b3d/230808/104037_052910_001f54431b3d.mp4,[]
2023-08-11,19:47:35.081636,/Users/anupreksha/Desktop/hoophouse2023/flowerPi/aug11backup/videos/001f54431b3d/230808/100217_803306_001f54431b3d.mp4,"[987, 987]"
2023-08-11,19:47:28.478217,/Users/anupreksha/Desktop/hoophouse2023/flowerPi/aug11backup/videos/001f54431b3d/230808/083957_959805_001f54431b3d.mp4,[]
2023-08-11,19:47:55.902040,/Users/anupreksha/Desktop/hoophouse2023/flowerPi/aug11backup/videos/001f54431b3d/230808/133936_168749_001f54431b3d.mp4,[]
2023-08-11,19:47:39.700722,/Users/anupreksha/Desktop/hoophouse2023/flowerPi/aug11backup/videos/001f54431b3d/230808/104446_032996_001f54431b3d.mp4,[]
2023-08-11,19:48:10.055792,/Users/anupreksha/Desktop/hoophouse2023/flowerPi/aug11backup/videos/001f54431b3d/230808/180117_129214_001f54431b3d.mp4,[]
2023-08-11,19:47:56.203547,/Users/anupreksha/Desktop/hoophouse2023/flowerPi/aug11backup/videos/001f54431b3d/230808/134444_954975_001f54431b3d.mp4,[]
2023-08-11,19:47:56.387799,/Users/anupreksha/Desktop/hoophouse2023/flowerPi/aug11backup/videos/001f54431b3d/230808/134847_360199_001f54431b3d.mp4,[]
2023-08-11,19:47:50.676074,/Users/anupreksha/Desktop/hoophouse2023/flowerPi/aug11backup/videos/001f54431b3d/230808/121051_692109_001f54431b3d.mp4,[17]
2023-08-11,19:47:43.717640,/Users/anupreksha/Desktop/hoophouse2023/flowerPi/aug11backup/videos/001f54431b3d/230808/112121_066824_001f54431b3d.mp4,[]
2023-08-11,19:47:15.610136,/Users/anupreksha/Desktop/hoophouse2023/flowerPi/aug11backup/videos/001f54431b3d/230808/055527_029577_001f54431b3d.mp4,[]
2023-08-11,19:48:00.225950,/Users/anupreksha/Desktop/hoophouse2023/flowerPi/aug11backup/videos/001f54431b3d/230808/140320_365189_001f54431b3d.mp4,[]
2023-08-11,19:47:27.530933,/Users/anupreksha/Desktop/hoophouse2023/flowerPi/aug11backup/videos/001f54431b3d/230808/081832_740682_001f54431b3d.mp4,"[425, 425, 425]"
2023-08-11,19:47:51.748834,/Users/anupreksha/Desktop/hoophouse2023/flowerPi/aug11backup/videos/001f54431b3d/230808/122916_104015_001f54431b3d.mp4,[]
2023-08-11,19:47:31.392117,/Users/anupreksha/Desktop/hoophouse2023/flowerPi/aug11backup/videos/001f54431b3d/230808/092435_376215_001f54431b3d.mp4,[]
2023-08-11,19:47:38.691748,/Users/anupreksha/Desktop/hoophouse2023/flowerPi/aug11backup/videos/001f54431b3d/230808/102448_023550_001f54431b3d.mp4,[]
2023-08-11,19:47:43.104092,/Users/anupreksha/Desktop/hoophouse2023/flowerPi/aug11backup/videos/001f54431b3d/230808/110744_857338_001f54431b3d.mp4,[]
2023-08-11,19:47:51.323193,/Users/anupreksha/Desktop/hoophouse2023/flowerPi/aug11backup/videos/001f54431b3d/230808/122210_897665_001f54431b3d.mp4,[]
2023-08-11,19:47:14.369796,/Users/anupreksha/Desktop/hoophouse2023/flowerPi/aug11backup/videos/001f54431b3d/230808/054822_624739_001f54431b3d.mp4,[]
2023-08-11,19:47:50.908977,/Users/anupreksha/Desktop/hoophouse2023/flowerPi/aug11backup/videos/001f54431b3d/230808/121526_901171_001f54431b3d.mp4,[]
2023-08-11,19:48:05.690266,/Users/anupreksha/Desktop/hoophouse2023/flowerPi/aug11backup/videos/001f54431b3d/230808/171310_886128_001f54431b3d.mp4,"[944, 944, 944]"
2023-08-11,19:47:20.747298,/Users/anupreksha/Desktop/hoophouse2023/flowerPi/aug11backup/videos/001f54431b3d/230808/070026_677285_001f54431b3d.mp4,[]
2023-08-11,19:47:54.994473,/Users/anupreksha/Desktop/hoophouse2023/flowerPi/aug11backup/videos/001f54431b3d/230808/123722_704692_001f54431b3d.mp4,[]
2023-08-11,19:47:50.473270,/Users/anupreksha/Desktop/hoophouse2023/flowerPi/aug11backup/videos/001f54431b3d/230808/120648_294335_001f54431b3d.mp4,[944]
2023-08-11,19:47:39.008979,/Users/anupreksha/Desktop/hoophouse2023/flowerPi/aug11backup/videos/001f54431b3d/230808/103101_023038_001f54431b3d.mp4,[]
2023-08-11,19:47:39.560247,/Users/anupreksha/Desktop/hoophouse2023/flowerPi/aug11backup/videos/001f54431b3d/230808/104123_029008_001f54431b3d.mp4,[]
2023-08-11,19:47:27.304899,/Users/anupreksha/Desktop/hoophouse2023/flowerPi/aug11backup/videos/001f54431b3d/230808/081328_729941_001f54431b3d.mp4,[]
2023-08-11,19:47:34.919065,/Users/anupreksha/Desktop/hoophouse2023/flowerPi/aug11backup/videos/001f54431b3d/230808/095731_800674_001f54431b3d.mp4,[]
2023-08-11,19:48:20.511108,/Users/anupreksha/Desktop/hoophouse2023/flowerPi/aug11backup/videos/001f54431b3d/230808/195007_597498_001f54431b3d.mp4,"[17, 17, 17, 17, 17]"
2023-08-11,19:48:06.047980,/Users/anupreksha/Desktop/hoophouse2023/flowerPi/aug11backup/videos/001f54431b3d/230808/173456_436458_001f54431b3d.mp4,[]
2023-08-11,19:47:24.253267,/Users/anupreksha/Desktop/hoophouse2023/flowerPi/aug11backup/videos/001f54431b3d/230808/074442_702454_001f54431b3d.mp4,[]
2023-08-11,19:47:20.876811,/Users/anupreksha/Desktop/hoophouse2023/flowerPi/aug11backup/videos/001f54431b3d/230808/070632_680745_001f54431b3d.mp4,[]
2023-08-11,19:47:21.636734,/Users/anupreksha/Desktop/hoophouse2023/flowerPi/aug11backup/videos/001f54431b3d/230808/072518_697632_001f54431b3d.mp4,[]
2023-08-11,19:47:31.431465,/Users/anupreksha/Desktop/hoophouse2023/flowerPi/aug11backup/videos/001f54431b3d/230808/092537_510985_001f54431b3d.mp4,[]
2023-08-11,19:48:10.648417,/Users/anupreksha/Desktop/hoophouse2023/flowerPi/aug11backup/videos/001f54431b3d/230808/184322_948528_001f54431b3d.mp4,[]
2023-08-11,19:47:16.289877,/Users/anupreksha/Desktop/hoophouse2023/flowerPi/aug11backup/videos/001f54431b3d/230808/061540_046613_001f54431b3d.mp4,[]
2023-08-11,19:47:23.967762,/Users/anupreksha/Desktop/hoophouse2023/flowerPi/aug11backup/videos/001f54431b3d/230808/073756_704958_001f54431b3d.mp4,[]
2023-08-11,19:47:39.039577,/Users/anupreksha/Desktop/hoophouse2023/flowerPi/aug11backup/videos/001f54431b3d/230808/103149_026846_001f54431b3d.mp4,[]
2023-08-11,19:47:51.448281,/Users/anupreksha/Desktop/hoophouse2023/flowerPi/aug11backup/videos/001f54431b3d/230808/122421_505440_001f54431b3d.mp4,[]
2023-08-11,19:47:30.686886,/Users/anupreksha/Desktop/hoophouse2023/flowerPi/aug11backup/videos/001f54431b3d/230808/084514_568457_001f54431b3d.mp4,[]
2023-08-11,19:47:24.174124,/Users/anupreksha/Desktop/hoophouse2023/flowerPi/aug11backup/videos/001f54431b3d/230808/074256_706290_001f54431b3d.mp4,[]
2023-08-11,19:47:35.798828,/Users/anupreksha/Desktop/hoophouse2023/flowerPi/aug11backup/videos/001f54431b3d/230808/102127_014524_001f54431b3d.mp4,"[145, 145]"
2023-08-11,19:48:20.458536,/Users/anupreksha/Desktop/hoophouse2023/flowerPi/aug11backup/videos/001f54431b3d/230808/194834_596423_001f54431b3d.mp4,[683]
2023-08-11,19:47:52.101750,/Users/anupreksha/Desktop/hoophouse2023/flowerPi/aug11backup/videos/001f54431b3d/230808/123507_307469_001f54431b3d.mp4,[]
2023-08-11,19:47:47.465653,/Users/anupreksha/Desktop/hoophouse2023/flowerPi/aug11backup/videos/001f54431b3d/230808/120131_686228_001f54431b3d.mp4,[]
2023-08-11,19:47:24.690039,/Users/anupreksha/Desktop/hoophouse2023/flowerPi/aug11backup/videos/001f54431b3d/230808/075555_712903_001f54431b3d.mp4,[17]
2023-08-11,19:47:18.109858,/Users/anupreksha/Desktop/hoophouse2023/flowerPi/aug11backup/videos/001f54431b3d/230808/063027_054032_001f54431b3d.mp4,[]
2023-08-11,19:48:09.886809,/Users/anupreksha/Desktop/hoophouse2023/flowerPi/aug11backup/videos/001f54431b3d/230808/175148_914920_001f54431b3d.mp4,"[17, 17, 17, 17, 944]"
2023-08-11,19:48:20.527966,/Users/anupreksha/Desktop/hoophouse2023/flowerPi/aug11backup/videos/001f54431b3d/230808/195027_595413_001f54431b3d.mp4,[]
2023-08-11,19:48:20.281778,/Users/anupreksha/Desktop/hoophouse2023/flowerPi/aug11backup/videos/001f54431b3d/230808/194223_589825_001f54431b3d.mp4,[]
2023-08-11,19:47:39.389946,/Users/anupreksha/Desktop/hoophouse2023/flowerPi/aug11backup/videos/001f54431b3d/230808/103801_627044_001f54431b3d.mp4,[]
2023-08-11,19:47:14.584701,/Users/anupreksha/Desktop/hoophouse2023/flowerPi/aug11backup/videos/001f54431b3d/230808/055428_964518_001f54431b3d.mp4,[]
2023-08-11,19:47:27.953272,/Users/anupreksha/Desktop/hoophouse2023/flowerPi/aug11backup/videos/001f54431b3d/230808/082726_942220_001f54431b3d.mp4,[]
2023-08-11,19:47:18.804271,/Users/anupreksha/Desktop/hoophouse2023/flowerPi/aug11backup/videos/001f54431b3d/230808/064719_265555_001f54431b3d.mp4,[]
2023-08-11,19:47:27.615197,/Users/anupreksha/Desktop/hoophouse2023/flowerPi/aug11backup/videos/001f54431b3d/230808/082017_742895_001f54431b3d.mp4,[]
2023-08-11,19:47:44.382316,/Users/anupreksha/Desktop/hoophouse2023/flowerPi/aug11backup/videos/001f54431b3d/230808/113433_879444_001f54431b3d.mp4,[17]
2023-08-11,19:47:16.161660,/Users/anupreksha/Desktop/hoophouse2023/flowerPi/aug11backup/videos/001f54431b3d/230808/061148_044106_001f54431b3d.mp4,[]
2023-08-11,19:47:24.811703,/Users/anupreksha/Desktop/hoophouse2023/flowerPi/aug11backup/videos/001f54431b3d/230808/075923_122689_001f54431b3d.mp4,[]
2023-08-11,19:48:01.124928,/Users/anupreksha/Desktop/hoophouse2023/flowerPi/aug11backup/videos/001f54431b3d/230808/141748_905354_001f54431b3d.mp4,[]
2023-08-11,19:47:38.667845,/Users/anupreksha/Desktop/hoophouse2023/flowerPi/aug11backup/videos/001f54431b3d/230808/102407_027979_001f54431b3d.mp4,[]
2023-08-11,19:48:21.778539,/Users/anupreksha/Desktop/hoophouse2023/flowerPi/aug11backup/videos/001f54431b3d/230808/202845_955478_001f54431b3d.mp4,[]
2023-08-11,19:48:14.812031,/Users/anupreksha/Desktop/hoophouse2023/flowerPi/aug11backup/videos/001f54431b3d/230808/190548_171899_001f54431b3d.mp4,[]
2023-08-11,19:47:14.489845,/Users/anupreksha/Desktop/hoophouse2023/flowerPi/aug11backup/videos/001f54431b3d/230808/055151_827948_001f54431b3d.mp4,[]
2023-08-11,19:47:47.565895,/Users/anupreksha/Desktop/hoophouse2023/flowerPi/aug11backup/videos/001f54431b3d/230808/120326_693753_001f54431b3d.mp4,[]
2023-08-11,19:47:39.245671,/Users/anupreksha/Desktop/hoophouse2023/flowerPi/aug11backup/videos/001f54431b3d/230808/103545_025446_001f54431b3d.mp4,[]
2023-08-11,19:47:18.498631,/Users/anupreksha/Desktop/hoophouse2023/flowerPi/aug11backup/videos/001f54431b3d/230808/064002_459921_001f54431b3d.mp4,[]
2023-08-11,19:47:18.935215,/Users/anupreksha/Desktop/hoophouse2023/flowerPi/aug11backup/videos/001f54431b3d/230808/065036_483224_001f54431b3d.mp4,[]
2023-08-11,19:47:27.778622,/Users/anupreksha/Desktop/hoophouse2023/flowerPi/aug11backup/videos/001f54431b3d/230808/082336_766199_001f54431b3d.mp4,[]
2023-08-11,19:48:14.565142,/Users/anupreksha/Desktop/hoophouse2023/flowerPi/aug11backup/videos/001f54431b3d/230808/185728_963112_001f54431b3d.mp4,[683]
2023-08-11,19:47:19.004815,/Users/anupreksha/Desktop/hoophouse2023/flowerPi/aug11backup/videos/001f54431b3d/230808/065224_671875_001f54431b3d.mp4,[]
2023-08-11,19:47:21.294687,/Users/anupreksha/Desktop/hoophouse2023/flowerPi/aug11backup/videos/001f54431b3d/230808/071724_694373_001f54431b3d.mp4,[]
2023-08-11,19:47:14.414957,/Users/anupreksha/Desktop/hoophouse2023/flowerPi/aug11backup/videos/001f54431b3d/230808/054926_757648_001f54431b3d.mp4,[]
2023-08-11,19:47:43.870063,/Users/anupreksha/Desktop/hoophouse2023/flowerPi/aug11backup/videos/001f54431b3d/230808/112426_269631_001f54431b3d.mp4,[]
2023-08-11,19:48:19.925625,/Users/anupreksha/Desktop/hoophouse2023/flowerPi/aug11backup/videos/001f54431b3d/230808/193004_381483_001f54431b3d.mp4,[]
2023-08-11,19:47:35.280620,/Users/anupreksha/Desktop/hoophouse2023/flowerPi/aug11backup/videos/001f54431b3d/230808/100738_207719_001f54431b3d.mp4,[490]
2023-08-11,19:47:15.921427,/Users/anupreksha/Desktop/hoophouse2023/flowerPi/aug11backup/videos/001f54431b3d/230808/060507_039263_001f54431b3d.mp4,[]
2023-08-11,19:48:14.906169,/Users/anupreksha/Desktop/hoophouse2023/flowerPi/aug11backup/videos/001f54431b3d/230808/190817_170995_001f54431b3d.mp4,[]
2023-08-11,19:47:27.709542,/Users/anupreksha/Desktop/hoophouse2023/flowerPi/aug11backup/videos/001f54431b3d/230808/082221_745039_001f54431b3d.mp4,[]
2023-08-11,19:47:35.736416,/Users/anupreksha/Desktop/hoophouse2023/flowerPi/aug11backup/videos/001f54431b3d/230808/101951_013114_001f54431b3d.mp4,[17]
2023-08-11,19:47:20.788177,/Users/anupreksha/Desktop/hoophouse2023/flowerPi/aug11backup/videos/001f54431b3d/230808/070315_679334_001f54431b3d.mp4,"[17, 17, 17, 17, 17]"
2023-08-11,19:47:16.089912,/Users/anupreksha/Desktop/hoophouse2023/flowerPi/aug11backup/videos/001f54431b3d/230808/060943_038559_001f54431b3d.mp4,[]
2023-08-11,19:47:24.944619,/Users/anupreksha/Desktop/hoophouse2023/flowerPi/aug11backup/videos/001f54431b3d/230808/080243_113403_001f54431b3d.mp4,[]
2023-08-11,19:47:39.300356,/Users/anupreksha/Desktop/hoophouse2023/flowerPi/aug11backup/videos/001f54431b3d/230808/103645_426053_001f54431b3d.mp4,[]
2023-08-11,19:47:21.972142,/Users/anupreksha/Desktop/hoophouse2023/flowerPi/aug11backup/videos/001f54431b3d/230808/073348_698530_001f54431b3d.mp4,[]
2023-08-11,19:48:05.432885,/Users/anupreksha/Desktop/hoophouse2023/flowerPi/aug11backup/videos/001f54431b3d/230808/164426_272658_001f54431b3d.mp4,[]
2023-08-11,19:48:20.713860,/Users/anupreksha/Desktop/hoophouse2023/flowerPi/aug11backup/videos/001f54431b3d/230808/195542_601551_001f54431b3d.mp4,[]
2023-08-11,19:48:00.821378,/Users/anupreksha/Desktop/hoophouse2023/flowerPi/aug11backup/videos/001f54431b3d/230808/141315_708248_001f54431b3d.mp4,[]
2023-08-11,19:47:44.395977,/Users/anupreksha/Desktop/hoophouse2023/flowerPi/aug11backup/videos/001f54431b3d/230808/113456_874998_001f54431b3d.mp4,[]
2023-08-11,19:47:24.583986,/Users/anupreksha/Desktop/hoophouse2023/flowerPi/aug11backup/videos/001f54431b3d/230808/075230_707665_001f54431b3d.mp4,[17]
2023-08-11,19:47:15.878477,/Users/anupreksha/Desktop/hoophouse2023/flowerPi/aug11backup/videos/001f54431b3d/230808/060401_035477_001f54431b3d.mp4,[]
2023-08-11,19:47:34.462126,/Users/anupreksha/Desktop/hoophouse2023/flowerPi/aug11backup/videos/001f54431b3d/230808/094804_589550_001f54431b3d.mp4,[]
2023-08-11,19:47:44.334243,/Users/anupreksha/Desktop/hoophouse2023/flowerPi/aug11backup/videos/001f54431b3d/230808/113320_868782_001f54431b3d.mp4,[414]
2023-08-11,19:47:21.180187,/Users/anupreksha/Desktop/hoophouse2023/flowerPi/aug11backup/videos/001f54431b3d/230808/071454_689998_001f54431b3d.mp4,[]
2023-08-11,19:48:14.478559,/Users/anupreksha/Desktop/hoophouse2023/flowerPi/aug11backup/videos/001f54431b3d/230808/185340_963514_001f54431b3d.mp4,[]
2023-08-11,19:48:06.067210,/Users/anupreksha/Desktop/hoophouse2023/flowerPi/aug11backup/videos/001f54431b3d/230808/173521_438564_001f54431b3d.mp4,[]
2023-08-11,19:47:50.639621,/Users/anupreksha/Desktop/hoophouse2023/flowerPi/aug11backup/videos/001f54431b3d/230808/121027_696294_001f54431b3d.mp4,[]
2023-08-11,19:47:24.635523,/Users/anupreksha/Desktop/hoophouse2023/flowerPi/aug11backup/videos/001f54431b3d/230808/075424_709319_001f54431b3d.mp4,[]
2023-08-11,19:48:19.814423,/Users/anupreksha/Desktop/hoophouse2023/flowerPi/aug11backup/videos/001f54431b3d/230808/192703_379799_001f54431b3d.mp4,[]
2023-08-11,19:48:20.301474,/Users/anupreksha/Desktop/hoophouse2023/flowerPi/aug11backup/videos/001f54431b3d/230808/194347_592370_001f54431b3d.mp4,[]
2023-08-11,19:47:31.731330,/Users/anupreksha/Desktop/hoophouse2023/flowerPi/aug11backup/videos/001f54431b3d/230808/093529_182896_001f54431b3d.mp4,[961]
2023-08-11,19:48:01.392651,/Users/anupreksha/Desktop/hoophouse2023/flowerPi/aug11backup/videos/001f54431b3d/230808/142325_174124_001f54431b3d.mp4,[470]
2023-08-11,19:47:31.605130,/Users/anupreksha/Desktop/hoophouse2023/flowerPi/aug11backup/videos/001f54431b3d/230808/093124_780719_001f54431b3d.mp4,[]
2023-08-11,19:47:24.515555,/Users/anupreksha/Desktop/hoophouse2023/flowerPi/aug11backup/videos/001f54431b3d/230808/075032_705506_001f54431b3d.mp4,[]
2023-08-11,19:48:01.849803,/Users/anupreksha/Desktop/hoophouse2023/flowerPi/aug11backup/videos/001f54431b3d/230808/143343_179848_001f54431b3d.mp4,[892]
2023-08-11,19:47:21.743041,/Users/anupreksha/Desktop/hoophouse2023/flowerPi/aug11backup/videos/001f54431b3d/230808/072818_699199_001f54431b3d.mp4,[]
2023-08-11,19:48:21.504611,/Users/anupreksha/Desktop/hoophouse2023/flowerPi/aug11backup/videos/001f54431b3d/230808/200047_603013_001f54431b3d.mp4,[336]
2023-08-11,19:47:55.146980,/Users/anupreksha/Desktop/hoophouse2023/flowerPi/aug11backup/videos/001f54431b3d/230808/123950_915067_001f54431b3d.mp4,[]
2023-08-11,19:48:19.621238,/Users/anupreksha/Desktop/hoophouse2023/flowerPi/aug11backup/videos/001f54431b3d/230808/192151_376623_001f54431b3d.mp4,[]
2023-08-11,19:47:55.263613,/Users/anupreksha/Desktop/hoophouse2023/flowerPi/aug11backup/videos/001f54431b3d/230808/124213_119919_001f54431b3d.mp4,"[250, 250]"
2023-08-11,19:48:20.591145,/Users/anupreksha/Desktop/hoophouse2023/flowerPi/aug11backup/videos/001f54431b3d/230808/195225_596789_001f54431b3d.mp4,"[944, 944, 944, 944, 944, 431, 431]"
2023-08-11,19:47:44.409964,/Users/anupreksha/Desktop/hoophouse2023/flowerPi/aug11backup/videos/001f54431b3d/230808/113515_874933_001f54431b3d.mp4,[]
2023-08-11,19:47:27.631573,/Users/anupreksha/Desktop/hoophouse2023/flowerPi/aug11backup/videos/001f54431b3d/230808/082040_733736_001f54431b3d.mp4,"[657, 657, 657, 657]"
2023-08-11,19:48:15.057978,/Users/anupreksha/Desktop/hoophouse2023/flowerPi/aug11backup/videos/001f54431b3d/230808/191147_376609_001f54431b3d.mp4,[]
2023-08-11,19:47:18.586784,/Users/anupreksha/Desktop/hoophouse2023/flowerPi/aug11backup/videos/001f54431b3d/230808/064215_796867_001f54431b3d.mp4,[]
2023-08-11,19:47:24.061362,/Users/anupreksha/Desktop/hoophouse2023/flowerPi/aug11backup/videos/001f54431b3d/230808/074020_699491_001f54431b3d.mp4,[]
2023-08-11,19:47:40.149007,/Users/anupreksha/Desktop/hoophouse2023/flowerPi/aug11backup/videos/001f54431b3d/230808/105605_037965_001f54431b3d.mp4,"[121, 17]"
2023-08-11,19:47:51.623924,/Users/anupreksha/Desktop/hoophouse2023/flowerPi/aug11backup/videos/001f54431b3d/230808/122717_909644_001f54431b3d.mp4,[]
2023-08-11,19:47:55.969296,/Users/anupreksha/Desktop/hoophouse2023/flowerPi/aug11backup/videos/001f54431b3d/230808/134115_756060_001f54431b3d.mp4,[190]
2023-08-11,19:48:01.363860,/Users/anupreksha/Desktop/hoophouse2023/flowerPi/aug11backup/videos/001f54431b3d/230808/142258_105993_001f54431b3d.mp4,[]
2023-08-11,19:48:10.482844,/Users/anupreksha/Desktop/hoophouse2023/flowerPi/aug11backup/videos/001f54431b3d/230808/182350_937674_001f54431b3d.mp4,[]
2023-08-11,19:47:16.493591,/Users/anupreksha/Desktop/hoophouse2023/flowerPi/aug11backup/videos/001f54431b3d/230808/062059_050431_001f54431b3d.mp4,[]
2023-08-11,19:48:00.741348,/Users/anupreksha/Desktop/hoophouse2023/flowerPi/aug11backup/videos/001f54431b3d/230808/141215_570122_001f54431b3d.mp4,[]
2023-08-11,19:48:14.341363,/Users/anupreksha/Desktop/hoophouse2023/flowerPi/aug11backup/videos/001f54431b3d/230808/184851_953342_001f54431b3d.mp4,[]
2023-08-11,19:47:27.848638,/Users/anupreksha/Desktop/hoophouse2023/flowerPi/aug11backup/videos/001f54431b3d/230808/082510_737295_001f54431b3d.mp4,"[17, 17, 17]"
2023-08-11,19:48:05.949737,/Users/anupreksha/Desktop/hoophouse2023/flowerPi/aug11backup/videos/001f54431b3d/230808/173248_298717_001f54431b3d.mp4,[]
2023-08-11,19:47:19.106621,/Users/anupreksha/Desktop/hoophouse2023/flowerPi/aug11backup/videos/001f54431b3d/230808/065510_667858_001f54431b3d.mp4,[]
2023-08-11,19:47:50.924459,/Users/anupreksha/Desktop/hoophouse2023/flowerPi/aug11backup/videos/001f54431b3d/230808/121540_893880_001f54431b3d.mp4,[]
2023-08-11,19:48:21.959020,/Users/anupreksha/Desktop/hoophouse2023/flowerPi/aug11backup/videos/001f54431b3d/230808/203058_434945_001f54431b3d.mp4,[]
2023-08-11,19:48:05.601977,/Users/anupreksha/Desktop/hoophouse2023/flowerPi/aug11backup/videos/001f54431b3d/230808/165145_674259_001f54431b3d.mp4,[]
2023-08-11,19:47:50.377112,/Users/anupreksha/Desktop/hoophouse2023/flowerPi/aug11backup/videos/001f54431b3d/230808/120528_892238_001f54431b3d.mp4,[]
2023-08-11,19:47:16.456190,/Users/anupreksha/Desktop/hoophouse2023/flowerPi/aug11backup/videos/001f54431b3d/230808/062004_049768_001f54431b3d.mp4,[]
2023-08-11,19:47:27.894208,/Users/anupreksha/Desktop/hoophouse2023/flowerPi/aug11backup/videos/001f54431b3d/230808/082626_932673_001f54431b3d.mp4,[]
2023-08-11,19:47:56.077446,/Users/anupreksha/Desktop/hoophouse2023/flowerPi/aug11backup/videos/001f54431b3d/230808/134306_756232_001f54431b3d.mp4,[]
2023-08-11,19:47:16.134507,/Users/anupreksha/Desktop/hoophouse2023/flowerPi/aug11backup/videos/001f54431b3d/230808/061103_039192_001f54431b3d.mp4,[]
2023-08-11,19:47:18.042102,/Users/anupreksha/Desktop/hoophouse2023/flowerPi/aug11backup/videos/001f54431b3d/230808/062843_053370_001f54431b3d.mp4,[]
2023-08-11,19:47:47.122606,/Users/anupreksha/Desktop/hoophouse2023/flowerPi/aug11backup/videos/001f54431b3d/230808/115017_687346_001f54431b3d.mp4,[542]
2023-08-11,19:48:05.546979,/Users/anupreksha/Desktop/hoophouse2023/flowerPi/aug11backup/videos/001f54431b3d/230808/164949_605210_001f54431b3d.mp4,[]
2023-08-11,19:47:51.566818,/Users/anupreksha/Desktop/hoophouse2023/flowerPi/aug11backup/videos/001f54431b3d/230808/122614_705538_001f54431b3d.mp4,[]
2023-08-11,19:47:18.386043,/Users/anupreksha/Desktop/hoophouse2023/flowerPi/aug11backup/videos/001f54431b3d/230808/063716_459339_001f54431b3d.mp4,[]
2023-08-11,19:47:20.978358,/Users/anupreksha/Desktop/hoophouse2023/flowerPi/aug11backup/videos/001f54431b3d/230808/070941_691462_001f54431b3d.mp4,[]
2023-08-11,19:47:24.793162,/Users/anupreksha/Desktop/hoophouse2023/flowerPi/aug11backup/videos/001f54431b3d/230808/075901_116606_001f54431b3d.mp4,[]
2023-08-11,19:47:31.351383,/Users/anupreksha/Desktop/hoophouse2023/flowerPi/aug11backup/videos/001f54431b3d/230808/092339_392141_001f54431b3d.mp4,[]
2023-08-11,19:48:21.412936,/Users/anupreksha/Desktop/hoophouse2023/flowerPi/aug11backup/videos/001f54431b3d/230808/195733_601011_001f54431b3d.mp4,[]
2023-08-11,19:48:09.793145,/Users/anupreksha/Desktop/hoophouse2023/flowerPi/aug11backup/videos/001f54431b3d/230808/174816_909813_001f54431b3d.mp4,[]
2023-08-11,19:48:19.715533,/Users/anupreksha/Desktop/hoophouse2023/flowerPi/aug11backup/videos/001f54431b3d/230808/192427_378904_001f54431b3d.mp4,[37]
2023-08-11,19:47:27.280006,/Users/anupreksha/Desktop/hoophouse2023/flowerPi/aug11backup/videos/001f54431b3d/230808/081304_730984_001f54431b3d.mp4,[]
2023-08-11,19:47:56.141380,/Users/anupreksha/Desktop/hoophouse2023/flowerPi/aug11backup/videos/001f54431b3d/230808/134349_757290_001f54431b3d.mp4,[]
2023-08-11,19:47:43.538740,/Users/anupreksha/Desktop/hoophouse2023/flowerPi/aug11backup/videos/001f54431b3d/230808/111703_259288_001f54431b3d.mp4,[]
2023-08-11,19:47:15.895843,/Users/anupreksha/Desktop/hoophouse2023/flowerPi/aug11backup/videos/001f54431b3d/230808/060413_040266_001f54431b3d.mp4,[]
2023-08-11,19:47:34.881938,/Users/anupreksha/Desktop/hoophouse2023/flowerPi/aug11backup/videos/001f54431b3d/230808/095647_801028_001f54431b3d.mp4,[109]
2023-08-11,19:47:24.652270,/Users/anupreksha/Desktop/hoophouse2023/flowerPi/aug11backup/videos/001f54431b3d/230808/075450_710087_001f54431b3d.mp4,"[17, 17, 17, 17, 17]"
2023-08-11,19:48:00.864134,/Users/anupreksha/Desktop/hoophouse2023/flowerPi/aug11backup/videos/001f54431b3d/230808/141402_766714_001f54431b3d.mp4,[]
2023-08-11,19:47:31.624539,/Users/anupreksha/Desktop/hoophouse2023/flowerPi/aug11backup/videos/001f54431b3d/230808/093202_782461_001f54431b3d.mp4,"[17, 17]"
2023-08-11,19:48:14.350536,/Users/anupreksha/Desktop/hoophouse2023/flowerPi/aug11backup/videos/001f54431b3d/230808/184906_964319_001f54431b3d.mp4,[]
2023-08-11,19:47:16.254637,/Users/anupreksha/Desktop/hoophouse2023/flowerPi/aug11backup/videos/001f54431b3d/230808/061442_045626_001f54431b3d.mp4,[]
2023-08-11,19:47:39.079585,/Users/anupreksha/Desktop/hoophouse2023/flowerPi/aug11backup/videos/001f54431b3d/230808/103231_026309_001f54431b3d.mp4,[]
2023-08-11,19:47:34.638767,/Users/anupreksha/Desktop/hoophouse2023/flowerPi/aug11backup/videos/001f54431b3d/230808/095144_792271_001f54431b3d.mp4,[]
2023-08-11,19:47:15.651495,/Users/anupreksha/Desktop/hoophouse2023/flowerPi/aug11backup/videos/001f54431b3d/230808/055634_032525_001f54431b3d.mp4,[]
2023-08-11,19:48:21.596515,/Users/anupreksha/Desktop/hoophouse2023/flowerPi/aug11backup/videos/001f54431b3d/230808/200551_607190_001f54431b3d.mp4,[]
2023-08-11,19:48:20.659363,/Users/anupreksha/Desktop/hoophouse2023/flowerPi/aug11backup/videos/001f54431b3d/230808/195421_598227_001f54431b3d.mp4,[]
2023-08-11,19:47:56.469401,/Users/anupreksha/Desktop/hoophouse2023/flowerPi/aug11backup/videos/001f54431b3d/230808/135032_560536_001f54431b3d.mp4,[]
2023-08-11,19:47:16.557597,/Users/anupreksha/Desktop/hoophouse2023/flowerPi/aug11backup/videos/001f54431b3d/230808/062247_049611_001f54431b3d.mp4,[]
2023-08-11,19:47:46.979076,/Users/anupreksha/Desktop/hoophouse2023/flowerPi/aug11backup/videos/001f54431b3d/230808/113947_014298_001f54431b3d.mp4,[]
2023-08-11,19:47:16.204607,/Users/anupreksha/Desktop/hoophouse2023/flowerPi/aug11backup/videos/001f54431b3d/230808/061248_043496_001f54431b3d.mp4,[]
2023-08-11,19:48:19.907792,/Users/anupreksha/Desktop/hoophouse2023/flowerPi/aug11backup/videos/001f54431b3d/230808/192941_381059_001f54431b3d.mp4,"[638, 638, 638, 638, 638]"
2023-08-11,19:47:30.797442,/Users/anupreksha/Desktop/hoophouse2023/flowerPi/aug11backup/videos/001f54431b3d/230808/085002_771523_001f54431b3d.mp4,[]
2023-08-11,19:47:47.157149,/Users/anupreksha/Desktop/hoophouse2023/flowerPi/aug11backup/videos/001f54431b3d/230808/115147_688571_001f54431b3d.mp4,[]
2023-08-11,19:47:25.103012,/Users/anupreksha/Desktop/hoophouse2023/flowerPi/aug11backup/videos/001f54431b3d/230808/080606_121754_001f54431b3d.mp4,"[17, 17, 17, 17]"
2023-08-11,19:48:01.693534,/Users/anupreksha/Desktop/hoophouse2023/flowerPi/aug11backup/videos/001f54431b3d/230808/142901_977551_001f54431b3d.mp4,"[470, 470, 524, 425]"
2023-08-11,19:47:31.812830,/Users/anupreksha/Desktop/hoophouse2023/flowerPi/aug11backup/videos/001f54431b3d/230808/093809_184548_001f54431b3d.mp4,[]
2023-08-11,19:47:51.545446,/Users/anupreksha/Desktop/hoophouse2023/flowerPi/aug11backup/videos/001f54431b3d/230808/122548_704907_001f54431b3d.mp4,[]
2023-08-11,19:48:09.988278,/Users/anupreksha/Desktop/hoophouse2023/flowerPi/aug11backup/videos/001f54431b3d/230808/175447_514165_001f54431b3d.mp4,[]
2023-08-11,19:47:39.869279,/Users/anupreksha/Desktop/hoophouse2023/flowerPi/aug11backup/videos/001f54431b3d/230808/104900_250613_001f54431b3d.mp4,[]
2023-08-11,19:47:55.741318,/Users/anupreksha/Desktop/hoophouse2023/flowerPi/aug11backup/videos/001f54431b3d/230808/133032_751398_001f54431b3d.mp4,[462]
2023-08-11,19:47:47.018363,/Users/anupreksha/Desktop/hoophouse2023/flowerPi/aug11backup/videos/001f54431b3d/230808/114013_090591_001f54431b3d.mp4,"[296, 296, 296, 296, 296, 296, 296, 296, 296, 296, 296, 296, 296, 296, 296, 296, 296, 296, 296, 296, 296, 296, 296, 296, 296, 296, 296, 296, 296, 296, 296, 296, 296, 296, 296, 296, 296, 296, 296, 296, 296, 296, 296, 296, 296]"
2023-08-11,19:47:56.328440,/Users/anupreksha/Desktop/hoophouse2023/flowerPi/aug11backup/videos/001f54431b3d/230808/134723_363453_001f54431b3d.mp4,[683]
2023-08-11,19:47:24.049173,/Users/anupreksha/Desktop/hoophouse2023/flowerPi/aug11backup/videos/001f54431b3d/230808/073958_701208_001f54431b3d.mp4,[]
2023-08-11,19:47:51.265134,/Users/anupreksha/Desktop/hoophouse2023/flowerPi/aug11backup/videos/001f54431b3d/230808/122057_720003_001f54431b3d.mp4,[]
2023-08-11,19:47:34.508610,/Users/anupreksha/Desktop/hoophouse2023/flowerPi/aug11backup/videos/001f54431b3d/230808/094848_594727_001f54431b3d.mp4,[402]
2023-08-11,19:47:55.717843,/Users/anupreksha/Desktop/hoophouse2023/flowerPi/aug11backup/videos/001f54431b3d/230808/132626_351414_001f54431b3d.mp4,[821]
2023-08-11,19:48:05.826209,/Users/anupreksha/Desktop/hoophouse2023/flowerPi/aug11backup/videos/001f54431b3d/230808/172940_296629_001f54431b3d.mp4,[]
2023-08-11,19:47:28.170912,/Users/anupreksha/Desktop/hoophouse2023/flowerPi/aug11backup/videos/001f54431b3d/230808/083312_937631_001f54431b3d.mp4,[]
2023-08-11,19:47:38.849658,/Users/anupreksha/Desktop/hoophouse2023/flowerPi/aug11backup/videos/001f54431b3d/230808/102755_019955_001f54431b3d.mp4,"[17, 987]"
2023-08-11,19:47:56.374849,/Users/anupreksha/Desktop/hoophouse2023/flowerPi/aug11backup/videos/001f54431b3d/230808/134831_369274_001f54431b3d.mp4,[]
2023-08-11,19:47:24.239418,/Users/anupreksha/Desktop/hoophouse2023/flowerPi/aug11backup/videos/001f54431b3d/230808/074428_703792_001f54431b3d.mp4,[]
2023-08-11,19:47:55.494690,/Users/anupreksha/Desktop/hoophouse2023/flowerPi/aug11backup/videos/001f54431b3d/230808/125745_117008_001f54431b3d.mp4,"[470, 470, 470, 470]"
2023-08-11,19:47:28.419821,/Users/anupreksha/Desktop/hoophouse2023/flowerPi/aug11backup/videos/001f54431b3d/230808/083842_956784_001f54431b3d.mp4,[]
2023-08-11,19:47:51.525428,/Users/anupreksha/Desktop/hoophouse2023/flowerPi/aug11backup/videos/001f54431b3d/230808/122527_500744_001f54431b3d.mp4,[]
2023-08-11,19:48:14.506979,/Users/anupreksha/Desktop/hoophouse2023/flowerPi/aug11backup/videos/001f54431b3d/230808/185547_960724_001f54431b3d.mp4,[]
2023-08-11,19:47:24.377750,/Users/anupreksha/Desktop/hoophouse2023/flowerPi/aug11backup/videos/001f54431b3d/230808/074727_708184_001f54431b3d.mp4,[]
2023-08-11,19:47:47.194327,/Users/anupreksha/Desktop/hoophouse2023/flowerPi/aug11backup/videos/001f54431b3d/230808/115259_681635_001f54431b3d.mp4,"[691, 691]"
2023-08-11,19:48:19.830502,/Users/anupreksha/Desktop/hoophouse2023/flowerPi/aug11backup/videos/001f54431b3d/230808/192733_381670_001f54431b3d.mp4,[]
2023-08-11,19:48:19.891466,/Users/anupreksha/Desktop/hoophouse2023/flowerPi/aug11backup/videos/001f54431b3d/230808/192919_383373_001f54431b3d.mp4,[]
2023-08-11,19:48:05.591851,/Users/anupreksha/Desktop/hoophouse2023/flowerPi/aug11backup/videos/001f54431b3d/230808/165124_672630_001f54431b3d.mp4,[]
2023-08-11,19:47:56.573523,/Users/anupreksha/Desktop/hoophouse2023/flowerPi/aug11backup/videos/001f54431b3d/230808/135319_763951_001f54431b3d.mp4,[]
2023-08-11,19:47:20.807651,/Users/anupreksha/Desktop/hoophouse2023/flowerPi/aug11backup/videos/001f54431b3d/230808/070347_683378_001f54431b3d.mp4,[]
2023-08-11,19:47:16.656819,/Users/anupreksha/Desktop/hoophouse2023/flowerPi/aug11backup/videos/001f54431b3d/230808/062515_053425_001f54431b3d.mp4,[]
2023-08-11,19:48:14.312935,/Users/anupreksha/Desktop/hoophouse2023/flowerPi/aug11backup/videos/001f54431b3d/230808/184755_957224_001f54431b3d.mp4,[]
2023-08-11,19:48:05.337548,/Users/anupreksha/Desktop/hoophouse2023/flowerPi/aug11backup/videos/001f54431b3d/230808/145845_195497_001f54431b3d.mp4,[]
2023-08-11,19:47:55.037460,/Users/anupreksha/Desktop/hoophouse2023/flowerPi/aug11backup/videos/001f54431b3d/230808/123803_705743_001f54431b3d.mp4,[]
2023-08-11,19:48:06.103082,/Users/anupreksha/Desktop/hoophouse2023/flowerPi/aug11backup/videos/001f54431b3d/230808/173623_505191_001f54431b3d.mp4,[]
2023-08-11,19:48:10.502086,/Users/anupreksha/Desktop/hoophouse2023/flowerPi/aug11backup/videos/001f54431b3d/230808/182503_942926_001f54431b3d.mp4,[]
2023-08-11,19:47:40.125832,/Users/anupreksha/Desktop/hoophouse2023/flowerPi/aug11backup/videos/001f54431b3d/230808/105539_036003_001f54431b3d.mp4,[]
2023-08-11,19:47:50.964449,/Users/anupreksha/Desktop/hoophouse2023/flowerPi/aug11backup/videos/001f54431b3d/230808/121618_899693_001f54431b3d.mp4,[]
2023-08-11,19:48:01.786388,/Users/anupreksha/Desktop/hoophouse2023/flowerPi/aug11backup/videos/001f54431b3d/230808/143151_179173_001f54431b3d.mp4,[]
2023-08-11,19:47:47.271650,/Users/anupreksha/Desktop/hoophouse2023/flowerPi/aug11backup/videos/001f54431b3d/230808/115526_080858_001f54431b3d.mp4,[]
2023-08-11,19:47:31.370848,/Users/anupreksha/Desktop/hoophouse2023/flowerPi/aug11backup/videos/001f54431b3d/230808/092404_378161_001f54431b3d.mp4,"[653, 653, 653, 653]"
2023-08-11,19:47:31.792060,/Users/anupreksha/Desktop/hoophouse2023/flowerPi/aug11backup/videos/001f54431b3d/230808/093712_186313_001f54431b3d.mp4,[]
2023-08-11,19:47:31.645207,/Users/anupreksha/Desktop/hoophouse2023/flowerPi/aug11backup/videos/001f54431b3d/230808/093252_990036_001f54431b3d.mp4,[683]
2023-08-11,19:48:10.613523,/Users/anupreksha/Desktop/hoophouse2023/flowerPi/aug11backup/videos/001f54431b3d/230808/184209_954895_001f54431b3d.mp4,[]
2023-08-11,19:47:34.689082,/Users/anupreksha/Desktop/hoophouse2023/flowerPi/aug11backup/videos/001f54431b3d/230808/095232_803830_001f54431b3d.mp4,[]
2023-08-11,19:47:34.402124,/Users/anupreksha/Desktop/hoophouse2023/flowerPi/aug11backup/videos/001f54431b3d/230808/094658_589603_001f54431b3d.mp4,[]
2023-08-11,19:47:51.421638,/Users/anupreksha/Desktop/hoophouse2023/flowerPi/aug11backup/videos/001f54431b3d/230808/122347_105183_001f54431b3d.mp4,[]
2023-08-11,19:47:47.060932,/Users/anupreksha/Desktop/hoophouse2023/flowerPi/aug11backup/videos/001f54431b3d/230808/114718_073862_001f54431b3d.mp4,[]
2023-08-11,19:47:24.117372,/Users/anupreksha/Desktop/hoophouse2023/flowerPi/aug11backup/videos/001f54431b3d/230808/074130_701170_001f54431b3d.mp4,[]
2023-08-11,19:47:55.790521,/Users/anupreksha/Desktop/hoophouse2023/flowerPi/aug11backup/videos/001f54431b3d/230808/133636_277843_001f54431b3d.mp4,[]
2023-08-11,19:47:51.110233,/Users/anupreksha/Desktop/hoophouse2023/flowerPi/aug11backup/videos/001f54431b3d/230808/121841_294907_001f54431b3d.mp4,[]
2023-08-11,19:47:28.323141,/Users/anupreksha/Desktop/hoophouse2023/flowerPi/aug11backup/videos/001f54431b3d/230808/083631_941919_001f54431b3d.mp4,[]
2023-08-11,19:47:38.886206,/Users/anupreksha/Desktop/hoophouse2023/flowerPi/aug11backup/videos/001f54431b3d/230808/102841_022468_001f54431b3d.mp4,[434]
2023-08-11,19:47:39.648205,/Users/anupreksha/Desktop/hoophouse2023/flowerPi/aug11backup/videos/001f54431b3d/230808/104309_030827_001f54431b3d.mp4,[17]
2023-08-11,19:47:34.649402,/Users/anupreksha/Desktop/hoophouse2023/flowerPi/aug11backup/videos/001f54431b3d/230808/095157_791567_001f54431b3d.mp4,[]
2023-08-11,19:47:50.864683,/Users/anupreksha/Desktop/hoophouse2023/flowerPi/aug11backup/videos/001f54431b3d/230808/121356_693818_001f54431b3d.mp4,[]
2023-08-11,19:48:06.184090,/Users/anupreksha/Desktop/hoophouse2023/flowerPi/aug11backup/videos/001f54431b3d/230808/173828_703056_001f54431b3d.mp4,[]
2023-08-11,19:47:42.813724,/Users/anupreksha/Desktop/hoophouse2023/flowerPi/aug11backup/videos/001f54431b3d/230808/110052_839059_001f54431b3d.mp4,[]
2023-08-11,19:47:50.879265,/Users/anupreksha/Desktop/hoophouse2023/flowerPi/aug11backup/videos/001f54431b3d/230808/121424_695999_001f54431b3d.mp4,[]
2023-08-11,19:48:19.731757,/Users/anupreksha/Desktop/hoophouse2023/flowerPi/aug11backup/videos/001f54431b3d/230808/192450_378776_001f54431b3d.mp4,[]
2023-08-11,19:47:39.828855,/Users/anupreksha/Desktop/hoophouse2023/flowerPi/aug11backup/videos/001f54431b3d/230808/104744_031666_001f54431b3d.mp4,[]
2023-08-11,19:48:05.678124,/Users/anupreksha/Desktop/hoophouse2023/flowerPi/aug11backup/videos/001f54431b3d/230808/171251_885113_001f54431b3d.mp4,[]
2023-08-11,19:47:19.165639,/Users/anupreksha/Desktop/hoophouse2023/flowerPi/aug11backup/videos/001f54431b3d/230808/065626_675615_001f54431b3d.mp4,"[683, 683, 683, 683]"
2023-08-11,19:48:15.074925,/Users/anupreksha/Desktop/hoophouse2023/flowerPi/aug11backup/videos/001f54431b3d/230808/191209_371546_001f54431b3d.mp4,[485]
2023-08-11,19:47:21.361312,/Users/anupreksha/Desktop/hoophouse2023/flowerPi/aug11backup/videos/001f54431b3d/230808/071834_694376_001f54431b3d.mp4,[]
2023-08-11,19:47:44.008151,/Users/anupreksha/Desktop/hoophouse2023/flowerPi/aug11backup/videos/001f54431b3d/230808/112710_805314_001f54431b3d.mp4,[]
2023-08-11,19:47:24.268134,/Users/anupreksha/Desktop/hoophouse2023/flowerPi/aug11backup/videos/001f54431b3d/230808/074458_704389_001f54431b3d.mp4,"[105, 105]"
2023-08-11,19:48:10.598670,/Users/anupreksha/Desktop/hoophouse2023/flowerPi/aug11backup/videos/001f54431b3d/230808/184140_951569_001f54431b3d.mp4,[]
2023-08-11,19:48:15.171887,/Users/anupreksha/Desktop/hoophouse2023/flowerPi/aug11backup/videos/001f54431b3d/230808/191433_371524_001f54431b3d.mp4,[]
2023-08-11,19:47:19.185061,/Users/anupreksha/Desktop/hoophouse2023/flowerPi/aug11backup/videos/001f54431b3d/230808/065658_681113_001f54431b3d.mp4,[]
2023-08-11,19:48:14.625838,/Users/anupreksha/Desktop/hoophouse2023/flowerPi/aug11backup/videos/001f54431b3d/230808/190017_971071_001f54431b3d.mp4,"[944, 944, 944, 944]"
2023-08-11,19:47:50.538864,/Users/anupreksha/Desktop/hoophouse2023/flowerPi/aug11backup/videos/001f54431b3d/230808/120835_295869_001f54431b3d.mp4,[]
2023-08-11,19:47:21.654098,/Users/anupreksha/Desktop/hoophouse2023/flowerPi/aug11backup/videos/001f54431b3d/230808/072553_694487_001f54431b3d.mp4,[]
2023-08-11,19:48:15.216191,/Users/anupreksha/Desktop/hoophouse2023/flowerPi/aug11backup/videos/001f54431b3d/230808/191802_379183_001f54431b3d.mp4,[]
2023-08-11,19:47:15.743347,/Users/anupreksha/Desktop/hoophouse2023/flowerPi/aug11backup/videos/001f54431b3d/230808/055921_031950_001f54431b3d.mp4,[]
2023-08-11,19:48:05.226953,/Users/anupreksha/Desktop/hoophouse2023/flowerPi/aug11backup/videos/001f54431b3d/230808/144800_787334_001f54431b3d.mp4,[190]
2023-08-11,19:48:05.699946,/Users/anupreksha/Desktop/hoophouse2023/flowerPi/aug11backup/videos/001f54431b3d/230808/171445_885558_001f54431b3d.mp4,[]
2023-08-11,19:47:34.292381,/Users/anupreksha/Desktop/hoophouse2023/flowerPi/aug11backup/videos/001f54431b3d/230808/094416_586978_001f54431b3d.mp4,[422]
2023-08-11,19:48:01.773745,/Users/anupreksha/Desktop/hoophouse2023/flowerPi/aug11backup/videos/001f54431b3d/230808/143119_178995_001f54431b3d.mp4,"[188, 188]"
2023-08-11,19:47:31.896329,/Users/anupreksha/Desktop/hoophouse2023/flowerPi/aug11backup/videos/001f54431b3d/230808/093945_191432_001f54431b3d.mp4,[679]
2023-08-11,19:47:47.047968,/Users/anupreksha/Desktop/hoophouse2023/flowerPi/aug11backup/videos/001f54431b3d/230808/114146_075750_001f54431b3d.mp4,[]
2023-08-11,19:47:56.631663,/Users/anupreksha/Desktop/hoophouse2023/flowerPi/aug11backup/videos/001f54431b3d/230808/135415_759815_001f54431b3d.mp4,[]
2023-08-11,19:47:43.610909,/Users/anupreksha/Desktop/hoophouse2023/flowerPi/aug11backup/videos/001f54431b3d/230808/111821_660203_001f54431b3d.mp4,"[665, 359]"
2023-08-11,19:47:30.873298,/Users/anupreksha/Desktop/hoophouse2023/flowerPi/aug11backup/videos/001f54431b3d/230808/085344_568557_001f54431b3d.mp4,"[110, 110]"
2023-08-11,19:47:39.738845,/Users/anupreksha/Desktop/hoophouse2023/flowerPi/aug11backup/videos/001f54431b3d/230808/104551_232371_001f54431b3d.mp4,[]
2023-08-11,19:47:55.064158,/Users/anupreksha/Desktop/hoophouse2023/flowerPi/aug11backup/videos/001f54431b3d/230808/123825_713586_001f54431b3d.mp4,[17]
2023-08-11,19:47:27.691550,/Users/anupreksha/Desktop/hoophouse2023/flowerPi/aug11backup/videos/001f54431b3d/230808/082156_734560_001f54431b3d.mp4,[]
2023-08-11,19:47:56.759732,/Users/anupreksha/Desktop/hoophouse2023/flowerPi/aug11backup/videos/001f54431b3d/230808/140157_365467_001f54431b3d.mp4,[]
2023-08-11,19:48:19.683994,/Users/anupreksha/Desktop/hoophouse2023/flowerPi/aug11backup/videos/001f54431b3d/230808/192327_377685_001f54431b3d.mp4,[]
2023-08-11,19:47:31.751784,/Users/anupreksha/Desktop/hoophouse2023/flowerPi/aug11backup/videos/001f54431b3d/230808/093553_182412_001f54431b3d.mp4,[37]
2023-08-11,19:48:00.297977,/Users/anupreksha/Desktop/hoophouse2023/flowerPi/aug11backup/videos/001f54431b3d/230808/140459_363411_001f54431b3d.mp4,[]
2023-08-11,19:47:16.005853,/Users/anupreksha/Desktop/hoophouse2023/flowerPi/aug11backup/videos/001f54431b3d/230808/060729_037071_001f54431b3d.mp4,[]
2023-08-11,19:48:09.971596,/Users/anupreksha/Desktop/hoophouse2023/flowerPi/aug11backup/videos/001f54431b3d/230808/175401_315436_001f54431b3d.mp4,[]
2023-08-11,19:47:28.097640,/Users/anupreksha/Desktop/hoophouse2023/flowerPi/aug11backup/videos/001f54431b3d/230808/083052_941351_001f54431b3d.mp4,[]
2023-08-11,19:47:23.955400,/Users/anupreksha/Desktop/hoophouse2023/flowerPi/aug11backup/videos/001f54431b3d/230808/073734_697213_001f54431b3d.mp4,[]
2023-08-11,19:47:18.186146,/Users/anupreksha/Desktop/hoophouse2023/flowerPi/aug11backup/videos/001f54431b3d/230808/063227_055961_001f54431b3d.mp4,[]
2023-08-11,19:47:55.450569,/Users/anupreksha/Desktop/hoophouse2023/flowerPi/aug11backup/videos/001f54431b3d/230808/124933_729455_001f54431b3d.mp4,[17]
2023-08-11,19:48:21.922370,/Users/anupreksha/Desktop/hoophouse2023/flowerPi/aug11backup/videos/001f54431b3d/230808/203036_865720_001f54431b3d.mp4,[]
2023-08-11,19:47:30.723666,/Users/anupreksha/Desktop/hoophouse2023/flowerPi/aug11backup/videos/001f54431b3d/230808/084734_573057_001f54431b3d.mp4,[]
2023-08-11,19:47:56.493345,/Users/anupreksha/Desktop/hoophouse2023/flowerPi/aug11backup/videos/001f54431b3d/230808/135200_559699_001f54431b3d.mp4,[666]
2023-08-11,19:48:14.294708,/Users/anupreksha/Desktop/hoophouse2023/flowerPi/aug11backup/videos/001f54431b3d/230808/184721_964770_001f54431b3d.mp4,[]
2023-08-11,19:47:56.014709,/Users/anupreksha/Desktop/hoophouse2023/flowerPi/aug11backup/videos/001f54431b3d/230808/134211_760365_001f54431b3d.mp4,[]
2023-08-11,19:47:44.182160,/Users/anupreksha/Desktop/hoophouse2023/flowerPi/aug11backup/videos/001f54431b3d/230808/113016_601066_001f54431b3d.mp4,[]
2023-08-11,19:48:06.134808,/Users/anupreksha/Desktop/hoophouse2023/flowerPi/aug11backup/videos/001f54431b3d/230808/173715_702048_001f54431b3d.mp4,"[110, 110, 110, 110]"
2023-08-11,19:47:55.193107,/Users/anupreksha/Desktop/hoophouse2023/flowerPi/aug11backup/videos/001f54431b3d/230808/124058_108375_001f54431b3d.mp4,[]
2023-08-11,19:47:15.628558,/Users/anupreksha/Desktop/hoophouse2023/flowerPi/aug11backup/videos/001f54431b3d/230808/055558_034443_001f54431b3d.mp4,[]
2023-08-11,19:47:30.987391,/Users/anupreksha/Desktop/hoophouse2023/flowerPi/aug11backup/videos/001f54431b3d/230808/090110_966481_001f54431b3d.mp4,[]
2023-08-11,19:48:00.726443,/Users/anupreksha/Desktop/hoophouse2023/flowerPi/aug11backup/videos/001f54431b3d/230808/141152_171880_001f54431b3d.mp4,[]
2023-08-11,19:47:43.311043,/Users/anupreksha/Desktop/hoophouse2023/flowerPi/aug11backup/videos/001f54431b3d/230808/111158_671057_001f54431b3d.mp4,[]
2023-08-11,19:47:44.229308,/Users/anupreksha/Desktop/hoophouse2023/flowerPi/aug11backup/videos/001f54431b3d/230808/113105_903720_001f54431b3d.mp4,[653]
2023-08-11,19:47:21.277148,/Users/anupreksha/Desktop/hoophouse2023/flowerPi/aug11backup/videos/001f54431b3d/230808/071700_694494_001f54431b3d.mp4,[]
2023-08-11,19:47:34.348815,/Users/anupreksha/Desktop/hoophouse2023/flowerPi/aug11backup/videos/001f54431b3d/230808/094543_606824_001f54431b3d.mp4,[]
2023-08-11,19:47:51.400452,/Users/anupreksha/Desktop/hoophouse2023/flowerPi/aug11backup/videos/001f54431b3d/230808/122325_101283_001f54431b3d.mp4,[]
2023-08-11,19:47:51.088298,/Users/anupreksha/Desktop/hoophouse2023/flowerPi/aug11backup/videos/001f54431b3d/230808/121813_224725_001f54431b3d.mp4,[]
2023-08-11,19:48:20.398450,/Users/anupreksha/Desktop/hoophouse2023/flowerPi/aug11backup/videos/001f54431b3d/230808/194719_595559_001f54431b3d.mp4,[]
2023-08-11,19:48:21.636881,/Users/anupreksha/Desktop/hoophouse2023/flowerPi/aug11backup/videos/001f54431b3d/230808/201151_610683_001f54431b3d.mp4,[]
2023-08-11,19:47:31.161101,/Users/anupreksha/Desktop/hoophouse2023/flowerPi/aug11backup/videos/001f54431b3d/230808/091520_967059_001f54431b3d.mp4,[]
2023-08-11,19:47:28.188909,/Users/anupreksha/Desktop/hoophouse2023/flowerPi/aug11backup/videos/001f54431b3d/230808/083336_952023_001f54431b3d.mp4,[]
2023-08-11,19:47:15.752993,/Users/anupreksha/Desktop/hoophouse2023/flowerPi/aug11backup/videos/001f54431b3d/230808/055941_032130_001f54431b3d.mp4,[]
2023-08-11,19:48:20.649645,/Users/anupreksha/Desktop/hoophouse2023/flowerPi/aug11backup/videos/001f54431b3d/230808/195359_599883_001f54431b3d.mp4,[]
2023-08-11,19:48:05.919562,/Users/anupreksha/Desktop/hoophouse2023/flowerPi/aug11backup/videos/001f54431b3d/230808/173203_300876_001f54431b3d.mp4,[]
2023-08-11,19:47:55.552253,/Users/anupreksha/Desktop/hoophouse2023/flowerPi/aug11backup/videos/001f54431b3d/230808/130052_723768_001f54431b3d.mp4,[524]
2023-08-11,19:47:34.328982,/Users/anupreksha/Desktop/hoophouse2023/flowerPi/aug11backup/videos/001f54431b3d/230808/094512_591060_001f54431b3d.mp4,"[441, 441]"
2023-08-11,19:47:14.041039,/Users/anupreksha/Desktop/hoophouse2023/flowerPi/aug11backup/videos/001f54431b3d/230808/054054_221714_001f54431b3d.mp4,[638]
2023-08-11,19:47:18.253663,/Users/anupreksha/Desktop/hoophouse2023/flowerPi/aug11backup/videos/001f54431b3d/230808/063405_256192_001f54431b3d.mp4,[]
2023-08-11,19:48:14.376262,/Users/anupreksha/Desktop/hoophouse2023/flowerPi/aug11backup/videos/001f54431b3d/230808/184955_967263_001f54431b3d.mp4,[441]
2023-08-11,19:47:43.122926,/Users/anupreksha/Desktop/hoophouse2023/flowerPi/aug11backup/videos/001f54431b3d/230808/110810_843500_001f54431b3d.mp4,[]
2023-08-11,19:47:46.965954,/Users/anupreksha/Desktop/hoophouse2023/flowerPi/aug11backup/videos/001f54431b3d/230808/113632_874774_001f54431b3d.mp4,[296]
2023-08-11,19:47:18.153005,/Users/anupreksha/Desktop/hoophouse2023/flowerPi/aug11backup/videos/001f54431b3d/230808/063131_055476_001f54431b3d.mp4,[]
2023-08-11,19:47:39.170450,/Users/anupreksha/Desktop/hoophouse2023/flowerPi/aug11backup/videos/001f54431b3d/230808/103411_024514_001f54431b3d.mp4,[987]
2023-08-11,19:47:35.694126,/Users/anupreksha/Desktop/hoophouse2023/flowerPi/aug11backup/videos/001f54431b3d/230808/101906_747022_001f54431b3d.mp4,[17]
2023-08-11,19:48:15.185765,/Users/anupreksha/Desktop/hoophouse2023/flowerPi/aug11backup/videos/001f54431b3d/230808/191455_372964_001f54431b3d.mp4,"[425, 425, 425, 425]"
2023-08-11,19:47:39.100014,/Users/anupreksha/Desktop/hoophouse2023/flowerPi/aug11backup/videos/001f54431b3d/230808/103252_022307_001f54431b3d.mp4,[]
2023-08-11,19:47:39.724810,/Users/anupreksha/Desktop/hoophouse2023/flowerPi/aug11backup/videos/001f54431b3d/230808/104511_231313_001f54431b3d.mp4,[]
2023-08-11,19:48:14.201310,/Users/anupreksha/Desktop/hoophouse2023/flowerPi/aug11backup/videos/001f54431b3d/230808/184502_958374_001f54431b3d.mp4,[]
2023-08-11,19:47:27.659790,/Users/anupreksha/Desktop/hoophouse2023/flowerPi/aug11backup/videos/001f54431b3d/230808/082116_752065_001f54431b3d.mp4,[]
2023-08-11,19:47:39.263469,/Users/anupreksha/Desktop/hoophouse2023/flowerPi/aug11backup/videos/001f54431b3d/230808/103601_025167_001f54431b3d.mp4,[]
2023-08-11,19:48:01.678681,/Users/anupreksha/Desktop/hoophouse2023/flowerPi/aug11backup/videos/001f54431b3d/230808/142838_976273_001f54431b3d.mp4,[]
2023-08-11,19:48:06.119082,/Users/anupreksha/Desktop/hoophouse2023/flowerPi/aug11backup/videos/001f54431b3d/230808/173647_703448_001f54431b3d.mp4,[]
2023-08-11,19:48:01.945143,/Users/anupreksha/Desktop/hoophouse2023/flowerPi/aug11backup/videos/001f54431b3d/230808/143624_384720_001f54431b3d.mp4,[]
2023-08-11,19:47:35.324869,/Users/anupreksha/Desktop/hoophouse2023/flowerPi/aug11backup/videos/001f54431b3d/230808/100846_209352_001f54431b3d.mp4,[17]
2023-08-11,19:47:24.881969,/Users/anupreksha/Desktop/hoophouse2023/flowerPi/aug11backup/videos/001f54431b3d/230808/080102_118420_001f54431b3d.mp4,[17]
2023-08-11,19:47:43.892619,/Users/anupreksha/Desktop/hoophouse2023/flowerPi/aug11backup/videos/001f54431b3d/230808/112459_465262_001f54431b3d.mp4,[]
2023-08-11,19:47:31.915004,/Users/anupreksha/Desktop/hoophouse2023/flowerPi/aug11backup/videos/001f54431b3d/230808/094009_185593_001f54431b3d.mp4,[]
2023-08-11,19:47:16.363823,/Users/anupreksha/Desktop/hoophouse2023/flowerPi/aug11backup/videos/001f54431b3d/230808/061729_044860_001f54431b3d.mp4,"[17, 17, 17, 17, 17, 17, 17, 17, 17]"
2023-08-11,19:47:39.331071,/Users/anupreksha/Desktop/hoophouse2023/flowerPi/aug11backup/videos/001f54431b3d/230808/103714_626889_001f54431b3d.mp4,[]
2023-08-11,19:47:50.562255,/Users/anupreksha/Desktop/hoophouse2023/flowerPi/aug11backup/videos/001f54431b3d/230808/120851_493951_001f54431b3d.mp4,[110]
2023-08-11,19:48:10.222981,/Users/anupreksha/Desktop/hoophouse2023/flowerPi/aug11backup/videos/001f54431b3d/230808/180909_531234_001f54431b3d.mp4,[]
2023-08-11,19:47:14.171201,/Users/anupreksha/Desktop/hoophouse2023/flowerPi/aug11backup/videos/001f54431b3d/230808/054417_624044_001f54431b3d.mp4,[]
2023-08-11,19:48:14.732140,/Users/anupreksha/Desktop/hoophouse2023/flowerPi/aug11backup/videos/001f54431b3d/230808/190345_174492_001f54431b3d.mp4,"[433, 433, 433]"
2023-08-11,19:47:56.646992,/Users/anupreksha/Desktop/hoophouse2023/flowerPi/aug11backup/videos/001f54431b3d/230808/135429_757484_001f54431b3d.mp4,[]
2023-08-11,19:47:27.161897,/Users/anupreksha/Desktop/hoophouse2023/flowerPi/aug11backup/videos/001f54431b3d/230808/081041_545592_001f54431b3d.mp4,[]
2023-08-11,19:48:19.699430,/Users/anupreksha/Desktop/hoophouse2023/flowerPi/aug11backup/videos/001f54431b3d/230808/192401_379407_001f54431b3d.mp4,[]
2023-08-11,19:47:38.826227,/Users/anupreksha/Desktop/hoophouse2023/flowerPi/aug11backup/videos/001f54431b3d/230808/102723_020720_001f54431b3d.mp4,[]
2023-08-11,19:48:20.039658,/Users/anupreksha/Desktop/hoophouse2023/flowerPi/aug11backup/videos/001f54431b3d/230808/193427_585605_001f54431b3d.mp4,"[653, 17]"
2023-08-11,19:48:09.743609,/Users/anupreksha/Desktop/hoophouse2023/flowerPi/aug11backup/videos/001f54431b3d/230808/174655_908945_001f54431b3d.mp4,[]
2023-08-11,19:47:18.687269,/Users/anupreksha/Desktop/hoophouse2023/flowerPi/aug11backup/videos/001f54431b3d/230808/064423_995638_001f54431b3d.mp4,[]
2023-08-11,19:48:05.162290,/Users/anupreksha/Desktop/hoophouse2023/flowerPi/aug11backup/videos/001f54431b3d/230808/144109_583289_001f54431b3d.mp4,[]
2023-08-11,19:47:14.479459,/Users/anupreksha/Desktop/hoophouse2023/flowerPi/aug11backup/videos/001f54431b3d/230808/055126_827212_001f54431b3d.mp4,[]
2023-08-11,19:47:23.878891,/Users/anupreksha/Desktop/hoophouse2023/flowerPi/aug11backup/videos/001f54431b3d/230808/073602_700505_001f54431b3d.mp4,"[17, 17, 17, 17, 17]"
2023-08-11,19:47:50.753726,/Users/anupreksha/Desktop/hoophouse2023/flowerPi/aug11backup/videos/001f54431b3d/230808/121221_496962_001f54431b3d.mp4,[]
2023-08-11,19:47:30.514598,/Users/anupreksha/Desktop/hoophouse2023/flowerPi/aug11backup/videos/001f54431b3d/230808/084023_944931_001f54431b3d.mp4,[]
2023-08-11,19:47:20.832230,/Users/anupreksha/Desktop/hoophouse2023/flowerPi/aug11backup/videos/001f54431b3d/230808/070458_687706_001f54431b3d.mp4,[]
2023-08-11,19:47:43.221332,/Users/anupreksha/Desktop/hoophouse2023/flowerPi/aug11backup/videos/001f54431b3d/230808/111020_645873_001f54431b3d.mp4,[]
2023-08-11,19:47:21.468355,/Users/anupreksha/Desktop/hoophouse2023/flowerPi/aug11backup/videos/001f54431b3d/230808/072124_692805_001f54431b3d.mp4,"[485, 485, 485]"
2023-08-11,19:47:16.378360,/Users/anupreksha/Desktop/hoophouse2023/flowerPi/aug11backup/videos/001f54431b3d/230808/061757_046108_001f54431b3d.mp4,[]
2023-08-11,19:48:14.424889,/Users/anupreksha/Desktop/hoophouse2023/flowerPi/aug11backup/videos/001f54431b3d/230808/185140_955605_001f54431b3d.mp4,[]
2023-08-11,19:48:06.018154,/Users/anupreksha/Desktop/hoophouse2023/flowerPi/aug11backup/videos/001f54431b3d/230808/173416_301312_001f54431b3d.mp4,[]
2023-08-11,19:47:16.052307,/Users/anupreksha/Desktop/hoophouse2023/flowerPi/aug11backup/videos/001f54431b3d/230808/060905_038303_001f54431b3d.mp4,[]
2023-08-11,19:47:50.695170,/Users/anupreksha/Desktop/hoophouse2023/flowerPi/aug11backup/videos/001f54431b3d/230808/121119_287180_001f54431b3d.mp4,[]
2023-08-11,19:47:56.682320,/Users/anupreksha/Desktop/hoophouse2023/flowerPi/aug11backup/videos/001f54431b3d/230808/135627_367071_001f54431b3d.mp4,[]
2023-08-11,19:47:43.426193,/Users/anupreksha/Desktop/hoophouse2023/flowerPi/aug11backup/videos/001f54431b3d/230808/111436_070688_001f54431b3d.mp4,[17]
2023-08-11,19:47:16.347195,/Users/anupreksha/Desktop/hoophouse2023/flowerPi/aug11backup/videos/001f54431b3d/230808/061708_046943_001f54431b3d.mp4,"[578, 578, 578, 578, 17, 17, 17, 17, 17]"
2023-08-11,19:47:21.584890,/Users/anupreksha/Desktop/hoophouse2023/flowerPi/aug11backup/videos/001f54431b3d/230808/072411_699473_001f54431b3d.mp4,[]
2023-08-11,19:48:05.580394,/Users/anupreksha/Desktop/hoophouse2023/flowerPi/aug11backup/videos/001f54431b3d/230808/165112_673543_001f54431b3d.mp4,[]
2023-08-11,19:48:01.554941,/Users/anupreksha/Desktop/hoophouse2023/flowerPi/aug11backup/videos/001f54431b3d/230808/142603_574675_001f54431b3d.mp4,[393]
2023-08-11,19:47:38.762493,/Users/anupreksha/Desktop/hoophouse2023/flowerPi/aug11backup/videos/001f54431b3d/230808/102618_018294_001f54431b3d.mp4,"[17, 17, 17]"
2023-08-11,19:47:56.434253,/Users/anupreksha/Desktop/hoophouse2023/flowerPi/aug11backup/videos/001f54431b3d/230808/134950_557937_001f54431b3d.mp4,[]
2023-08-11,19:48:20.271630,/Users/anupreksha/Desktop/hoophouse2023/flowerPi/aug11backup/videos/001f54431b3d/230808/194055_588997_001f54431b3d.mp4,[]
2023-08-11,19:48:09.552590,/Users/anupreksha/Desktop/hoophouse2023/flowerPi/aug11backup/videos/001f54431b3d/230808/174119_704997_001f54431b3d.mp4,[]
2023-08-11,19:48:20.132066,/Users/anupreksha/Desktop/hoophouse2023/flowerPi/aug11backup/videos/001f54431b3d/230808/193707_588968_001f54431b3d.mp4,[]
2023-08-11,19:47:15.640978,/Users/anupreksha/Desktop/hoophouse2023/flowerPi/aug11backup/videos/001f54431b3d/230808/055617_030290_001f54431b3d.mp4,[]
2023-08-11,19:48:00.925068,/Users/anupreksha/Desktop/hoophouse2023/flowerPi/aug11backup/videos/001f54431b3d/230808/141456_768127_001f54431b3d.mp4,[]
2023-08-11,19:47:28.437315,/Users/anupreksha/Desktop/hoophouse2023/flowerPi/aug11backup/videos/001f54431b3d/230808/083910_949609_001f54431b3d.mp4,[]
2023-08-11,19:47:16.041930,/Users/anupreksha/Desktop/hoophouse2023/flowerPi/aug11backup/videos/001f54431b3d/230808/060831_040364_001f54431b3d.mp4,[17]
2023-08-11,19:47:21.941816,/Users/anupreksha/Desktop/hoophouse2023/flowerPi/aug11backup/videos/001f54431b3d/230808/073250_702279_001f54431b3d.mp4,[]
2023-08-11,19:47:14.316359,/Users/anupreksha/Desktop/hoophouse2023/flowerPi/aug11backup/videos/001f54431b3d/230808/054716_624864_001f54431b3d.mp4,[]
2023-08-11,19:47:55.216175,/Users/anupreksha/Desktop/hoophouse2023/flowerPi/aug11backup/videos/001f54431b3d/230808/124119_110798_001f54431b3d.mp4,"[17, 930]"
2023-08-11,19:47:24.193309,/Users/anupreksha/Desktop/hoophouse2023/flowerPi/aug11backup/videos/001f54431b3d/230808/074315_701604_001f54431b3d.mp4,"[128, 128, 128, 128, 128]"
2023-08-11,19:48:10.430427,/Users/anupreksha/Desktop/hoophouse2023/flowerPi/aug11backup/videos/001f54431b3d/230808/182204_867941_001f54431b3d.mp4,[]
2023-08-11,19:47:30.779148,/Users/anupreksha/Desktop/hoophouse2023/flowerPi/aug11backup/videos/001f54431b3d/230808/084936_576634_001f54431b3d.mp4,[]
2023-08-11,19:47:20.767249,/Users/anupreksha/Desktop/hoophouse2023/flowerPi/aug11backup/videos/001f54431b3d/230808/070127_677602_001f54431b3d.mp4,[]
2023-08-11,19:48:20.757127,/Users/anupreksha/Desktop/hoophouse2023/flowerPi/aug11backup/videos/001f54431b3d/230808/195643_600390_001f54431b3d.mp4,[]
2023-08-11,19:47:34.527388,/Users/anupreksha/Desktop/hoophouse2023/flowerPi/aug11backup/videos/001f54431b3d/230808/094914_595805_001f54431b3d.mp4,"[145, 145, 145]"
2023-08-11,19:48:14.322675,/Users/anupreksha/Desktop/hoophouse2023/flowerPi/aug11backup/videos/001f54431b3d/230808/184808_953275_001f54431b3d.mp4,"[432, 432, 432, 432, 432]"
2023-08-11,19:47:16.263671,/Users/anupreksha/Desktop/hoophouse2023/flowerPi/aug11backup/videos/001f54431b3d/230808/061455_047610_001f54431b3d.mp4,[]
2023-08-11,19:48:10.639250,/Users/anupreksha/Desktop/hoophouse2023/flowerPi/aug11backup/videos/001f54431b3d/230808/184311_948003_001f54431b3d.mp4,[]
2023-08-11,19:47:18.330950,/Users/anupreksha/Desktop/hoophouse2023/flowerPi/aug11backup/videos/001f54431b3d/230808/063603_393936_001f54431b3d.mp4,[]
2023-08-11,19:47:55.763641,/Users/anupreksha/Desktop/hoophouse2023/flowerPi/aug11backup/videos/001f54431b3d/230808/133230_956129_001f54431b3d.mp4,[]
2023-08-11,19:47:55.310955,/Users/anupreksha/Desktop/hoophouse2023/flowerPi/aug11backup/videos/001f54431b3d/230808/124314_242124_001f54431b3d.mp4,[]
2023-08-11,19:48:10.329723,/Users/anupreksha/Desktop/hoophouse2023/flowerPi/aug11backup/videos/001f54431b3d/230808/181254_750284_001f54431b3d.mp4,[]
2023-08-11,19:47:16.152547,/Users/anupreksha/Desktop/hoophouse2023/flowerPi/aug11backup/videos/001f54431b3d/230808/061121_042572_001f54431b3d.mp4,[]
2023-08-11,19:47:55.171580,/Users/anupreksha/Desktop/hoophouse2023/flowerPi/aug11backup/videos/001f54431b3d/230808/124025_105591_001f54431b3d.mp4,[]
2023-08-11,19:47:44.042993,/Users/anupreksha/Desktop/hoophouse2023/flowerPi/aug11backup/videos/001f54431b3d/230808/112800_066757_001f54431b3d.mp4,[]
2023-08-11,19:47:51.504490,/Users/anupreksha/Desktop/hoophouse2023/flowerPi/aug11backup/videos/001f54431b3d/230808/122459_513802_001f54431b3d.mp4,[422]
2023-08-11,19:48:14.990212,/Users/anupreksha/Desktop/hoophouse2023/flowerPi/aug11backup/videos/001f54431b3d/230808/191021_370032_001f54431b3d.mp4,[]
2023-08-11,19:48:14.415670,/Users/anupreksha/Desktop/hoophouse2023/flowerPi/aug11backup/videos/001f54431b3d/230808/185103_956840_001f54431b3d.mp4,[]
2023-08-11,19:47:51.435040,/Users/anupreksha/Desktop/hoophouse2023/flowerPi/aug11backup/videos/001f54431b3d/230808/122408_429651_001f54431b3d.mp4,[17]
2023-08-11,19:48:00.665490,/Users/anupreksha/Desktop/hoophouse2023/flowerPi/aug11backup/videos/001f54431b3d/230808/141053_766335_001f54431b3d.mp4,[]
2023-08-11,19:47:43.914170,/Users/anupreksha/Desktop/hoophouse2023/flowerPi/aug11backup/videos/001f54431b3d/230808/112535_457643_001f54431b3d.mp4,[]
2023-08-11,19:47:55.667697,/Users/anupreksha/Desktop/hoophouse2023/flowerPi/aug11backup/videos/001f54431b3d/230808/131814_947247_001f54431b3d.mp4,[]
2023-08-11,19:48:01.206188,/Users/anupreksha/Desktop/hoophouse2023/flowerPi/aug11backup/videos/001f54431b3d/230808/141930_172422_001f54431b3d.mp4,[]
2023-08-11,19:47:51.221098,/Users/anupreksha/Desktop/hoophouse2023/flowerPi/aug11backup/videos/001f54431b3d/230808/122021_497793_001f54431b3d.mp4,[]
2023-08-11,19:47:55.363479,/Users/anupreksha/Desktop/hoophouse2023/flowerPi/aug11backup/videos/001f54431b3d/230808/124413_323081_001f54431b3d.mp4,[396]
2023-08-11,19:47:35.452583,/Users/anupreksha/Desktop/hoophouse2023/flowerPi/aug11backup/videos/001f54431b3d/230808/101153_341469_001f54431b3d.mp4,[]
2023-08-11,19:47:27.760904,/Users/anupreksha/Desktop/hoophouse2023/flowerPi/aug11backup/videos/001f54431b3d/230808/082308_729277_001f54431b3d.mp4,[]
2023-08-11,19:47:47.307766,/Users/anupreksha/Desktop/hoophouse2023/flowerPi/aug11backup/videos/001f54431b3d/230808/115741_095499_001f54431b3d.mp4,[]
2023-08-11,19:47:23.939617,/Users/anupreksha/Desktop/hoophouse2023/flowerPi/aug11backup/videos/001f54431b3d/230808/073705_706557_001f54431b3d.mp4,[]
2023-08-11,19:47:56.292222,/Users/anupreksha/Desktop/hoophouse2023/flowerPi/aug11backup/videos/001f54431b3d/230808/134624_363886_001f54431b3d.mp4,[896]
2023-08-11,19:48:00.473138,/Users/anupreksha/Desktop/hoophouse2023/flowerPi/aug11backup/videos/001f54431b3d/230808/140735_777449_001f54431b3d.mp4,[]
2023-08-11,19:47:34.449797,/Users/anupreksha/Desktop/hoophouse2023/flowerPi/aug11backup/videos/001f54431b3d/230808/094747_594812_001f54431b3d.mp4,[]
2023-08-11,19:47:18.347606,/Users/anupreksha/Desktop/hoophouse2023/flowerPi/aug11backup/videos/001f54431b3d/230808/063627_394085_001f54431b3d.mp4,[]
2023-08-11,19:47:47.031403,/Users/anupreksha/Desktop/hoophouse2023/flowerPi/aug11backup/videos/001f54431b3d/230808/114102_084932_001f54431b3d.mp4,[]
2023-08-11,19:48:09.633363,/Users/anupreksha/Desktop/hoophouse2023/flowerPi/aug11backup/videos/001f54431b3d/230808/174427_842127_001f54431b3d.mp4,[]
2023-08-11,19:47:21.826513,/Users/anupreksha/Desktop/hoophouse2023/flowerPi/aug11backup/videos/001f54431b3d/230808/073014_698747_001f54431b3d.mp4,[]
2023-08-11,19:47:38.647343,/Users/anupreksha/Desktop/hoophouse2023/flowerPi/aug11backup/videos/001f54431b3d/230808/102333_020973_001f54431b3d.mp4,[17]
2023-08-11,19:47:27.322133,/Users/anupreksha/Desktop/hoophouse2023/flowerPi/aug11backup/videos/001f54431b3d/230808/081400_738849_001f54431b3d.mp4,[]
2023-08-11,19:47:19.236109,/Users/anupreksha/Desktop/hoophouse2023/flowerPi/aug11backup/videos/001f54431b3d/230808/065821_676360_001f54431b3d.mp4,[]
2023-08-11,19:48:21.680335,/Users/anupreksha/Desktop/hoophouse2023/flowerPi/aug11backup/videos/001f54431b3d/230808/202133_617842_001f54431b3d.mp4,[]
2023-08-11,19:47:27.478378,/Users/anupreksha/Desktop/hoophouse2023/flowerPi/aug11backup/videos/001f54431b3d/230808/081718_735340_001f54431b3d.mp4,[]
2023-08-11,19:48:09.831145,/Users/anupreksha/Desktop/hoophouse2023/flowerPi/aug11backup/videos/001f54431b3d/230808/174910_910015_001f54431b3d.mp4,[]
2023-08-11,19:47:27.083713,/Users/anupreksha/Desktop/hoophouse2023/flowerPi/aug11backup/videos/001f54431b3d/230808/080835_338994_001f54431b3d.mp4,[]
2023-08-11,19:48:09.609116,/Users/anupreksha/Desktop/hoophouse2023/flowerPi/aug11backup/videos/001f54431b3d/230808/174347_708020_001f54431b3d.mp4,[]
2023-08-11,19:48:14.644384,/Users/anupreksha/Desktop/hoophouse2023/flowerPi/aug11backup/videos/001f54431b3d/230808/190105_974975_001f54431b3d.mp4,[]
2023-08-11,19:47:21.432768,/Users/anupreksha/Desktop/hoophouse2023/flowerPi/aug11backup/videos/001f54431b3d/230808/072034_695349_001f54431b3d.mp4,[]
2023-08-11,19:48:21.517947,/Users/anupreksha/Desktop/hoophouse2023/flowerPi/aug11backup/videos/001f54431b3d/230808/200113_604914_001f54431b3d.mp4,[]
2023-08-11,19:48:14.780222,/Users/anupreksha/Desktop/hoophouse2023/flowerPi/aug11backup/videos/001f54431b3d/230808/190500_170019_001f54431b3d.mp4,"[973, 973]"
2023-08-11,19:47:15.858510,/Users/anupreksha/Desktop/hoophouse2023/flowerPi/aug11backup/videos/001f54431b3d/230808/060304_036531_001f54431b3d.mp4,[]
2023-08-11,19:48:14.921885,/Users/anupreksha/Desktop/hoophouse2023/flowerPi/aug11backup/videos/001f54431b3d/230808/190839_179460_001f54431b3d.mp4,[]
2023-08-11,19:47:39.914385,/Users/anupreksha/Desktop/hoophouse2023/flowerPi/aug11backup/videos/001f54431b3d/230808/104955_433272_001f54431b3d.mp4,"[110, 110, 110]"
2023-08-11,19:47:24.032941,/Users/anupreksha/Desktop/hoophouse2023/flowerPi/aug11backup/videos/001f54431b3d/230808/073943_698333_001f54431b3d.mp4,[]
2023-08-11,19:47:21.810110,/Users/anupreksha/Desktop/hoophouse2023/flowerPi/aug11backup/videos/001f54431b3d/230808/072949_701252_001f54431b3d.mp4,[]
2023-08-11,19:47:34.844433,/Users/anupreksha/Desktop/hoophouse2023/flowerPi/aug11backup/videos/001f54431b3d/230808/095554_794240_001f54431b3d.mp4,[]
2023-08-11,19:47:20.992095,/Users/anupreksha/Desktop/hoophouse2023/flowerPi/aug11backup/videos/001f54431b3d/230808/071006_692929_001f54431b3d.mp4,[]
2023-08-11,19:47:56.543677,/Users/anupreksha/Desktop/hoophouse2023/flowerPi/aug11backup/videos/001f54431b3d/230808/135251_687133_001f54431b3d.mp4,[]
2023-08-11,19:47:47.259212,/Users/anupreksha/Desktop/hoophouse2023/flowerPi/aug11backup/videos/001f54431b3d/230808/115458_691775_001f54431b3d.mp4,[727]
2023-08-11,19:48:21.568039,/Users/anupreksha/Desktop/hoophouse2023/flowerPi/aug11backup/videos/001f54431b3d/230808/200418_607372_001f54431b3d.mp4,[]
2023-08-11,19:47:24.973139,/Users/anupreksha/Desktop/hoophouse2023/flowerPi/aug11backup/videos/001f54431b3d/230808/080331_114723_001f54431b3d.mp4,[]
2023-08-11,19:47:21.260134,/Users/anupreksha/Desktop/hoophouse2023/flowerPi/aug11backup/videos/001f54431b3d/230808/071635_703014_001f54431b3d.mp4,[17]
2023-08-11,19:47:24.929392,/Users/anupreksha/Desktop/hoophouse2023/flowerPi/aug11backup/videos/001f54431b3d/230808/080215_113978_001f54431b3d.mp4,[]
2023-08-11,19:47:55.595307,/Users/anupreksha/Desktop/hoophouse2023/flowerPi/aug11backup/videos/001f54431b3d/230808/130903_328624_001f54431b3d.mp4,"[236, 236]"
2023-08-11,19:48:15.156742,/Users/anupreksha/Desktop/hoophouse2023/flowerPi/aug11backup/videos/001f54431b3d/230808/191411_372559_001f54431b3d.mp4,[]
2023-08-11,19:47:43.590550,/Users/anupreksha/Desktop/hoophouse2023/flowerPi/aug11backup/videos/001f54431b3d/230808/111800_657883_001f54431b3d.mp4,[145]
2023-08-11,19:47:40.080318,/Users/anupreksha/Desktop/hoophouse2023/flowerPi/aug11backup/videos/001f54431b3d/230808/105446_035707_001f54431b3d.mp4,"[17, 17]"
2023-08-11,19:47:44.068052,/Users/anupreksha/Desktop/hoophouse2023/flowerPi/aug11backup/videos/001f54431b3d/230808/112821_075278_001f54431b3d.mp4,[17]
2023-08-11,19:47:40.101360,/Users/anupreksha/Desktop/hoophouse2023/flowerPi/aug11backup/videos/001f54431b3d/230808/105516_042947_001f54431b3d.mp4,[]
2023-08-11,19:48:00.809621,/Users/anupreksha/Desktop/hoophouse2023/flowerPi/aug11backup/videos/001f54431b3d/230808/141244_571991_001f54431b3d.mp4,"[17, 17]"
2023-08-11,19:47:34.310188,/Users/anupreksha/Desktop/hoophouse2023/flowerPi/aug11backup/videos/001f54431b3d/230808/094451_594649_001f54431b3d.mp4,[]
2023-08-11,19:47:51.859464,/Users/anupreksha/Desktop/hoophouse2023/flowerPi/aug11backup/videos/001f54431b3d/230808/123107_106025_001f54431b3d.mp4,[]
2023-08-11,19:47:24.340917,/Users/anupreksha/Desktop/hoophouse2023/flowerPi/aug11backup/videos/001f54431b3d/230808/074638_704477_001f54431b3d.mp4,[653]
2023-08-11,19:48:10.304303,/Users/anupreksha/Desktop/hoophouse2023/flowerPi/aug11backup/videos/001f54431b3d/230808/181116_742247_001f54431b3d.mp4,[]
2023-08-11,19:47:55.839001,/Users/anupreksha/Desktop/hoophouse2023/flowerPi/aug11backup/videos/001f54431b3d/230808/133754_751792_001f54431b3d.mp4,[458]
2023-08-11,19:47:34.538957,/Users/anupreksha/Desktop/hoophouse2023/flowerPi/aug11backup/videos/001f54431b3d/230808/094938_789829_001f54431b3d.mp4,[]
2023-08-11,19:47:20.937723,/Users/anupreksha/Desktop/hoophouse2023/flowerPi/aug11backup/videos/001f54431b3d/230808/070851_690388_001f54431b3d.mp4,[]
2023-08-11,19:48:00.200871,/Users/anupreksha/Desktop/hoophouse2023/flowerPi/aug11backup/videos/001f54431b3d/230808/140245_359583_001f54431b3d.mp4,[]
2023-08-11,19:48:21.799618,/Users/anupreksha/Desktop/hoophouse2023/flowerPi/aug11backup/videos/001f54431b3d/230808/202908_033431_001f54431b3d.mp4,[]
2023-08-11,19:47:23.837167,/Users/anupreksha/Desktop/hoophouse2023/flowerPi/aug11backup/videos/001f54431b3d/230808/073450_698261_001f54431b3d.mp4,[]
2023-08-11,19:48:10.564999,/Users/anupreksha/Desktop/hoophouse2023/flowerPi/aug11backup/videos/001f54431b3d/230808/184016_955699_001f54431b3d.mp4,[]
2023-08-11,19:47:43.447640,/Users/anupreksha/Desktop/hoophouse2023/flowerPi/aug11backup/videos/001f54431b3d/230808/111509_256009_001f54431b3d.mp4,[587]
2023-08-11,19:48:01.456807,/Users/anupreksha/Desktop/hoophouse2023/flowerPi/aug11backup/videos/001f54431b3d/230808/142415_175859_001f54431b3d.mp4,[437]
2023-08-11,19:48:20.407974,/Users/anupreksha/Desktop/hoophouse2023/flowerPi/aug11backup/videos/001f54431b3d/230808/194731_594064_001f54431b3d.mp4,[]
2023-08-11,19:47:28.026717,/Users/anupreksha/Desktop/hoophouse2023/flowerPi/aug11backup/videos/001f54431b3d/230808/082912_946108_001f54431b3d.mp4,"[17, 17, 17, 17]"
2023-08-11,19:47:31.469305,/Users/anupreksha/Desktop/hoophouse2023/flowerPi/aug11backup/videos/001f54431b3d/230808/092726_777151_001f54431b3d.mp4,[]
2023-08-11,19:47:55.813516,/Users/anupreksha/Desktop/hoophouse2023/flowerPi/aug11backup/videos/001f54431b3d/230808/133657_553443_001f54431b3d.mp4,[656]
2023-08-11,19:48:15.091630,/Users/anupreksha/Desktop/hoophouse2023/flowerPi/aug11backup/videos/001f54431b3d/230808/191231_370022_001f54431b3d.mp4,[]
2023-08-11,19:48:05.104430,/Users/anupreksha/Desktop/hoophouse2023/flowerPi/aug11backup/videos/001f54431b3d/230808/143948_386565_001f54431b3d.mp4,[]
2023-08-11,19:48:10.373657,/Users/anupreksha/Desktop/hoophouse2023/flowerPi/aug11backup/videos/001f54431b3d/230808/181908_750081_001f54431b3d.mp4,[17]
2023-08-11,19:47:51.889989,/Users/anupreksha/Desktop/hoophouse2023/flowerPi/aug11backup/videos/001f54431b3d/230808/123130_106878_001f54431b3d.mp4,[441]
2023-08-11,19:47:16.170686,/Users/anupreksha/Desktop/hoophouse2023/flowerPi/aug11backup/videos/001f54431b3d/230808/061211_044316_001f54431b3d.mp4,[]
2023-08-11,19:47:16.476120,/Users/anupreksha/Desktop/hoophouse2023/flowerPi/aug11backup/videos/001f54431b3d/230808/062029_048455_001f54431b3d.mp4,[]
2023-08-11,19:48:09.954604,/Users/anupreksha/Desktop/hoophouse2023/flowerPi/aug11backup/videos/001f54431b3d/230808/175336_335833_001f54431b3d.mp4,[]
2023-08-11,19:47:38.865220,/Users/anupreksha/Desktop/hoophouse2023/flowerPi/aug11backup/videos/001f54431b3d/230808/102823_022724_001f54431b3d.mp4,[]
2023-08-11,19:47:43.739117,/Users/anupreksha/Desktop/hoophouse2023/flowerPi/aug11backup/videos/001f54431b3d/230808/112209_057103_001f54431b3d.mp4,[17]
2023-08-11,19:48:06.202860,/Users/anupreksha/Desktop/hoophouse2023/flowerPi/aug11backup/videos/001f54431b3d/230808/173901_704839_001f54431b3d.mp4,[]
2023-08-11,19:47:18.281088,/Users/anupreksha/Desktop/hoophouse2023/flowerPi/aug11backup/videos/001f54431b3d/230808/063437_256741_001f54431b3d.mp4,[]
2023-08-11,19:48:14.977556,/Users/anupreksha/Desktop/hoophouse2023/flowerPi/aug11backup/videos/001f54431b3d/230808/191007_313791_001f54431b3d.mp4,[]
2023-08-11,19:48:05.966243,/Users/anupreksha/Desktop/hoophouse2023/flowerPi/aug11backup/videos/001f54431b3d/230808/173300_299065_001f54431b3d.mp4,"[17, 17, 17, 17]"
2023-08-11,19:47:55.992113,/Users/anupreksha/Desktop/hoophouse2023/flowerPi/aug11backup/videos/001f54431b3d/230808/134136_748433_001f54431b3d.mp4,[]
2023-08-11,19:47:35.345931,/Users/anupreksha/Desktop/hoophouse2023/flowerPi/aug11backup/videos/001f54431b3d/230808/100907_208384_001f54431b3d.mp4,[]
2023-08-11,19:48:05.301271,/Users/anupreksha/Desktop/hoophouse2023/flowerPi/aug11backup/videos/001f54431b3d/230808/145620_993080_001f54431b3d.mp4,[190]
2023-08-11,19:47:21.852697,/Users/anupreksha/Desktop/hoophouse2023/flowerPi/aug11backup/videos/001f54431b3d/230808/073100_700084_001f54431b3d.mp4,[]
2023-08-11,19:47:28.266596,/Users/anupreksha/Desktop/hoophouse2023/flowerPi/aug11backup/videos/001f54431b3d/230808/083516_957155_001f54431b3d.mp4,"[17, 17, 17, 17]"
2023-08-11,19:47:55.695068,/Users/anupreksha/Desktop/hoophouse2023/flowerPi/aug11backup/videos/001f54431b3d/230808/132221_136426_001f54431b3d.mp4,[17]
2023-08-11,19:48:20.692133,/Users/anupreksha/Desktop/hoophouse2023/flowerPi/aug11backup/videos/001f54431b3d/230808/195506_601974_001f54431b3d.mp4,[]
2023-08-11,19:48:20.364074,/Users/anupreksha/Desktop/hoophouse2023/flowerPi/aug11backup/videos/001f54431b3d/230808/194618_595230_001f54431b3d.mp4,[]
2023-08-11,19:47:35.239584,/Users/anupreksha/Desktop/hoophouse2023/flowerPi/aug11backup/videos/001f54431b3d/230808/100631_202856_001f54431b3d.mp4,[1]
2023-08-11,19:48:15.195096,/Users/anupreksha/Desktop/hoophouse2023/flowerPi/aug11backup/videos/001f54431b3d/230808/191529_371982_001f54431b3d.mp4,[]
2023-08-11,19:47:27.131285,/Users/anupreksha/Desktop/hoophouse2023/flowerPi/aug11backup/videos/001f54431b3d/230808/080954_521608_001f54431b3d.mp4,[]
2023-08-11,19:47:28.080373,/Users/anupreksha/Desktop/hoophouse2023/flowerPi/aug11backup/videos/001f54431b3d/230808/083030_937902_001f54431b3d.mp4,"[17, 17, 17, 17, 17]"
2023-08-11,19:47:20.897788,/Users/anupreksha/Desktop/hoophouse2023/flowerPi/aug11backup/videos/001f54431b3d/230808/070744_689878_001f54431b3d.mp4,[]
2023-08-11,19:48:00.592102,/Users/anupreksha/Desktop/hoophouse2023/flowerPi/aug11backup/videos/001f54431b3d/230808/140917_777877_001f54431b3d.mp4,[470]
2023-08-11,19:47:31.026400,/Users/anupreksha/Desktop/hoophouse2023/flowerPi/aug11backup/videos/001f54431b3d/230808/090543_368530_001f54431b3d.mp4,"[696, 696, 696, 696, 696]"
2023-08-11,19:47:15.775957,/Users/anupreksha/Desktop/hoophouse2023/flowerPi/aug11backup/videos/001f54431b3d/230808/060001_033550_001f54431b3d.mp4,[]
2023-08-11,19:48:20.441972,/Users/anupreksha/Desktop/hoophouse2023/flowerPi/aug11backup/videos/001f54431b3d/230808/194806_599187_001f54431b3d.mp4,[]
2023-08-11,19:47:25.004502,/Users/anupreksha/Desktop/hoophouse2023/flowerPi/aug11backup/videos/001f54431b3d/230808/080357_116851_001f54431b3d.mp4,[]
2023-08-11,19:48:09.814475,/Users/anupreksha/Desktop/hoophouse2023/flowerPi/aug11backup/videos/001f54431b3d/230808/174842_914272_001f54431b3d.mp4,[]
2023-08-11,19:48:10.021626,/Users/anupreksha/Desktop/hoophouse2023/flowerPi/aug11backup/videos/001f54431b3d/230808/175646_933000_001f54431b3d.mp4,[]
2023-08-11,19:47:18.435913,/Users/anupreksha/Desktop/hoophouse2023/flowerPi/aug11backup/videos/001f54431b3d/230808/063830_459014_001f54431b3d.mp4,"[314, 314, 314, 314]"
2023-08-11,19:48:01.724734,/Users/anupreksha/Desktop/hoophouse2023/flowerPi/aug11backup/videos/001f54431b3d/230808/142919_108664_001f54431b3d.mp4,"[17, 17, 17, 17, 17]"
2023-08-11,19:47:20.757245,/Users/anupreksha/Desktop/hoophouse2023/flowerPi/aug11backup/videos/001f54431b3d/230808/070116_677072_001f54431b3d.mp4,[]
2023-08-11,19:47:27.596635,/Users/anupreksha/Desktop/hoophouse2023/flowerPi/aug11backup/videos/001f54431b3d/230808/081952_747663_001f54431b3d.mp4,[396]
2023-08-11,19:48:05.403066,/Users/anupreksha/Desktop/hoophouse2023/flowerPi/aug11backup/videos/001f54431b3d/230808/164233_270382_001f54431b3d.mp4,[]
2023-08-11,19:47:34.668132,/Users/anupreksha/Desktop/hoophouse2023/flowerPi/aug11backup/videos/001f54431b3d/230808/095210_797003_001f54431b3d.mp4,[]
2023-08-11,19:47:44.093658,/Users/anupreksha/Desktop/hoophouse2023/flowerPi/aug11backup/videos/001f54431b3d/230808/112848_210590_001f54431b3d.mp4,[425]
2023-08-11,19:47:16.273227,/Users/anupreksha/Desktop/hoophouse2023/flowerPi/aug11backup/videos/001f54431b3d/230808/061507_045601_001f54431b3d.mp4,[]
2023-08-11,19:47:28.007943,/Users/anupreksha/Desktop/hoophouse2023/flowerPi/aug11backup/videos/001f54431b3d/230808/082846_940858_001f54431b3d.mp4,"[17, 109]"
2023-08-11,19:47:35.599639,/Users/anupreksha/Desktop/hoophouse2023/flowerPi/aug11backup/videos/001f54431b3d/230808/101715_411101_001f54431b3d.mp4,[]
2023-08-11,19:47:14.008574,/Users/anupreksha/Desktop/hoophouse2023/flowerPi/aug11backup/videos/001f54431b3d/230808/053959_153483_001f54431b3d.mp4,[]
2023-08-11,19:47:28.396403,/Users/anupreksha/Desktop/hoophouse2023/flowerPi/aug11backup/videos/001f54431b3d/230808/083820_945039_001f54431b3d.mp4,"[471, 471]"
2023-08-11,19:47:27.543344,/Users/anupreksha/Desktop/hoophouse2023/flowerPi/aug11backup/videos/001f54431b3d/230808/081900_737546_001f54431b3d.mp4,[]
2023-08-11,19:47:34.555375,/Users/anupreksha/Desktop/hoophouse2023/flowerPi/aug11backup/videos/001f54431b3d/230808/094953_792209_001f54431b3d.mp4,[]
2023-08-11,19:47:14.328876,/Users/anupreksha/Desktop/hoophouse2023/flowerPi/aug11backup/videos/001f54431b3d/230808/054732_624546_001f54431b3d.mp4,[]
2023-08-11,19:47:27.180052,/Users/anupreksha/Desktop/hoophouse2023/flowerPi/aug11backup/videos/001f54431b3d/230808/081054_522262_001f54431b3d.mp4,[]
2023-08-11,19:47:47.365680,/Users/anupreksha/Desktop/hoophouse2023/flowerPi/aug11backup/videos/001f54431b3d/230808/115932_285342_001f54431b3d.mp4,[]
2023-08-11,19:47:32.001340,/Users/anupreksha/Desktop/hoophouse2023/flowerPi/aug11backup/videos/001f54431b3d/230808/094201_186926_001f54431b3d.mp4,[]
2023-08-11,19:47:27.641897,/Users/anupreksha/Desktop/hoophouse2023/flowerPi/aug11backup/videos/001f54431b3d/230808/082100_727350_001f54431b3d.mp4,[]
2023-08-11,19:48:10.555124,/Users/anupreksha/Desktop/hoophouse2023/flowerPi/aug11backup/videos/001f54431b3d/230808/182705_946801_001f54431b3d.mp4,[]
2023-08-11,19:48:10.406660,/Users/anupreksha/Desktop/hoophouse2023/flowerPi/aug11backup/videos/001f54431b3d/230808/182109_878754_001f54431b3d.mp4,[]
2023-08-11,19:47:18.722470,/Users/anupreksha/Desktop/hoophouse2023/flowerPi/aug11backup/videos/001f54431b3d/230808/064511_996249_001f54431b3d.mp4,[17]
2023-08-11,19:47:16.395833,/Users/anupreksha/Desktop/hoophouse2023/flowerPi/aug11backup/videos/001f54431b3d/230808/061821_046790_001f54431b3d.mp4,[]
2023-08-11,19:47:16.319516,/Users/anupreksha/Desktop/hoophouse2023/flowerPi/aug11backup/videos/001f54431b3d/230808/061627_044729_001f54431b3d.mp4,[]
2023-08-11,19:47:43.244106,/Users/anupreksha/Desktop/hoophouse2023/flowerPi/aug11backup/videos/001f54431b3d/230808/111044_660078_001f54431b3d.mp4,[]
2023-08-11,19:47:23.984245,/Users/anupreksha/Desktop/hoophouse2023/flowerPi/aug11backup/videos/001f54431b3d/230808/073812_700997_001f54431b3d.mp4,"[378, 17]"
2023-08-11,19:48:10.511876,/Users/anupreksha/Desktop/hoophouse2023/flowerPi/aug11backup/videos/001f54431b3d/230808/182559_936934_001f54431b3d.mp4,[]
2023-08-11,19:47:39.149401,/Users/anupreksha/Desktop/hoophouse2023/flowerPi/aug11backup/videos/001f54431b3d/230808/103343_039796_001f54431b3d.mp4,"[127, 127, 127, 127]"
2023-08-11,19:47:56.170417,/Users/anupreksha/Desktop/hoophouse2023/flowerPi/aug11backup/videos/001f54431b3d/230808/134420_900608_001f54431b3d.mp4,[987]
2023-08-11,19:48:14.607297,/Users/anupreksha/Desktop/hoophouse2023/flowerPi/aug11backup/videos/001f54431b3d/230808/190002_966675_001f54431b3d.mp4,[]
2023-08-11,19:47:27.119015,/Users/anupreksha/Desktop/hoophouse2023/flowerPi/aug11backup/videos/001f54431b3d/230808/080930_524929_001f54431b3d.mp4,[]
2023-08-11,19:47:34.609812,/Users/anupreksha/Desktop/hoophouse2023/flowerPi/aug11backup/videos/001f54431b3d/230808/095102_794441_001f54431b3d.mp4,[145]
2023-08-11,19:47:56.507359,/Users/anupreksha/Desktop/hoophouse2023/flowerPi/aug11backup/videos/001f54431b3d/230808/135224_559855_001f54431b3d.mp4,[]
2023-08-11,19:47:47.497427,/Users/anupreksha/Desktop/hoophouse2023/flowerPi/aug11backup/videos/001f54431b3d/230808/120228_684676_001f54431b3d.mp4,[]
2023-08-11,19:48:01.531948,/Users/anupreksha/Desktop/hoophouse2023/flowerPi/aug11backup/videos/001f54431b3d/230808/142535_509278_001f54431b3d.mp4,[]
2023-08-11,19:48:05.245380,/Users/anupreksha/Desktop/hoophouse2023/flowerPi/aug11backup/videos/001f54431b3d/230808/144926_789272_001f54431b3d.mp4,[]
2023-08-11,19:47:38.929922,/Users/anupreksha/Desktop/hoophouse2023/flowerPi/aug11backup/videos/001f54431b3d/230808/102926_031891_001f54431b3d.mp4,[]
2023-08-11,19:48:14.968689,/Users/anupreksha/Desktop/hoophouse2023/flowerPi/aug11backup/videos/001f54431b3d/230808/190945_179764_001f54431b3d.mp4,[]
2023-08-11,19:47:44.211714,/Users/anupreksha/Desktop/hoophouse2023/flowerPi/aug11backup/videos/001f54431b3d/230808/113041_862328_001f54431b3d.mp4,[]
2023-08-11,19:47:31.855454,/Users/anupreksha/Desktop/hoophouse2023/flowerPi/aug11backup/videos/001f54431b3d/230808/093857_186971_001f54431b3d.mp4,[]
2023-08-11,19:47:34.379986,/Users/anupreksha/Desktop/hoophouse2023/flowerPi/aug11backup/videos/001f54431b3d/230808/094629_598248_001f54431b3d.mp4,[]
2023-08-11,19:47:21.011534,/Users/anupreksha/Desktop/hoophouse2023/flowerPi/aug11backup/videos/001f54431b3d/230808/071028_687625_001f54431b3d.mp4,[]
2023-08-11,19:47:24.532283,/Users/anupreksha/Desktop/hoophouse2023/flowerPi/aug11backup/videos/001f54431b3d/230808/075104_706679_001f54431b3d.mp4,[]
2023-08-11,19:47:21.036553,/Users/anupreksha/Desktop/hoophouse2023/flowerPi/aug11backup/videos/001f54431b3d/230808/071138_687486_001f54431b3d.mp4,[]
2023-08-11,19:47:56.599328,/Users/anupreksha/Desktop/hoophouse2023/flowerPi/aug11backup/videos/001f54431b3d/230808/135344_758276_001f54431b3d.mp4,[]
2023-08-11,19:48:01.481773,/Users/anupreksha/Desktop/hoophouse2023/flowerPi/aug11backup/videos/001f54431b3d/230808/142437_313851_001f54431b3d.mp4,[110]
2023-08-11,19:48:15.041923,/Users/anupreksha/Desktop/hoophouse2023/flowerPi/aug11backup/videos/001f54431b3d/230808/191125_371977_001f54431b3d.mp4,[]
2023-08-11,19:48:10.667881,/Users/anupreksha/Desktop/hoophouse2023/flowerPi/aug11backup/videos/001f54431b3d/230808/184417_959665_001f54431b3d.mp4,[]
2023-08-11,19:47:47.284313,/Users/anupreksha/Desktop/hoophouse2023/flowerPi/aug11backup/videos/001f54431b3d/230808/115649_082952_001f54431b3d.mp4,[]
2023-08-11,19:47:51.611440,/Users/anupreksha/Desktop/hoophouse2023/flowerPi/aug11backup/videos/001f54431b3d/230808/122655_701710_001f54431b3d.mp4,[]
2023-08-11,19:47:18.987625,/Users/anupreksha/Desktop/hoophouse2023/flowerPi/aug11backup/videos/001f54431b3d/230808/065149_681855_001f54431b3d.mp4,[]
2023-08-11,19:47:39.428927,/Users/anupreksha/Desktop/hoophouse2023/flowerPi/aug11backup/videos/001f54431b3d/230808/103858_828159_001f54431b3d.mp4,[]
2023-08-11,19:47:43.375221,/Users/anupreksha/Desktop/hoophouse2023/flowerPi/aug11backup/videos/001f54431b3d/230808/111335_060654_001f54431b3d.mp4,[]
2023-08-11,19:47:47.580797,/Users/anupreksha/Desktop/hoophouse2023/flowerPi/aug11backup/videos/001f54431b3d/230808/120350_905047_001f54431b3d.mp4,[392]
2023-08-11,19:47:18.451301,/Users/anupreksha/Desktop/hoophouse2023/flowerPi/aug11backup/videos/001f54431b3d/230808/063856_457443_001f54431b3d.mp4,[]
2023-08-11,19:47:43.764288,/Users/anupreksha/Desktop/hoophouse2023/flowerPi/aug11backup/videos/001f54431b3d/230808/112232_061168_001f54431b3d.mp4,[485]
2023-08-11,19:47:31.255105,/Users/anupreksha/Desktop/hoophouse2023/flowerPi/aug11backup/videos/001f54431b3d/230808/092155_979016_001f54431b3d.mp4,[]
2023-08-11,19:47:16.671443,/Users/anupreksha/Desktop/hoophouse2023/flowerPi/aug11backup/videos/001f54431b3d/230808/062547_053556_001f54431b3d.mp4,[]
2023-08-11,19:47:14.244261,/Users/anupreksha/Desktop/hoophouse2023/flowerPi/aug11backup/videos/001f54431b3d/230808/054530_624654_001f54431b3d.mp4,[]
2023-08-11,19:47:24.497045,/Users/anupreksha/Desktop/hoophouse2023/flowerPi/aug11backup/videos/001f54431b3d/230808/075009_705788_001f54431b3d.mp4,[]
2023-08-11,19:48:14.488361,/Users/anupreksha/Desktop/hoophouse2023/flowerPi/aug11backup/videos/001f54431b3d/230808/185352_958049_001f54431b3d.mp4,"[109, 109, 109, 109]"
2023-08-11,19:48:14.952178,/Users/anupreksha/Desktop/hoophouse2023/flowerPi/aug11backup/videos/001f54431b3d/230808/190931_168896_001f54431b3d.mp4,[]
2023-08-11,19:47:21.112562,/Users/anupreksha/Desktop/hoophouse2023/flowerPi/aug11backup/videos/001f54431b3d/230808/071314_689295_001f54431b3d.mp4,[]
2023-08-11,19:47:56.661667,/Users/anupreksha/Desktop/hoophouse2023/flowerPi/aug11backup/videos/001f54431b3d/230808/135451_762448_001f54431b3d.mp4,[]
2023-08-11,19:48:05.780710,/Users/anupreksha/Desktop/hoophouse2023/flowerPi/aug11backup/videos/001f54431b3d/230808/172817_895607_001f54431b3d.mp4,[]
2023-08-11,19:47:38.556507,/Users/anupreksha/Desktop/hoophouse2023/flowerPi/aug11backup/videos/001f54431b3d/230808/102202_014981_001f54431b3d.mp4,[]
2023-08-11,19:48:14.516603,/Users/anupreksha/Desktop/hoophouse2023/flowerPi/aug11backup/videos/001f54431b3d/230808/185620_966768_001f54431b3d.mp4,[]
2023-08-11,19:48:14.891102,/Users/anupreksha/Desktop/hoophouse2023/flowerPi/aug11backup/videos/001f54431b3d/230808/190753_176336_001f54431b3d.mp4,[]
2023-08-11,19:47:34.476177,/Users/anupreksha/Desktop/hoophouse2023/flowerPi/aug11backup/videos/001f54431b3d/230808/094820_596953_001f54431b3d.mp4,[]
2023-08-11,19:47:35.674880,/Users/anupreksha/Desktop/hoophouse2023/flowerPi/aug11backup/videos/001f54431b3d/230808/101834_414424_001f54431b3d.mp4,[110]
2023-08-11,19:48:01.159071,/Users/anupreksha/Desktop/hoophouse2023/flowerPi/aug11backup/videos/001f54431b3d/230808/141801_907093_001f54431b3d.mp4,[17]
2023-08-11,19:48:10.630476,/Users/anupreksha/Desktop/hoophouse2023/flowerPi/aug11backup/videos/001f54431b3d/230808/184244_959077_001f54431b3d.mp4,[]
2023-08-11,19:47:14.397148,/Users/anupreksha/Desktop/hoophouse2023/flowerPi/aug11backup/videos/001f54431b3d/230808/054907_657404_001f54431b3d.mp4,[]
2023-08-11,19:47:18.416909,/Users/anupreksha/Desktop/hoophouse2023/flowerPi/aug11backup/videos/001f54431b3d/230808/063808_459863_001f54431b3d.mp4,[]
2023-08-11,19:48:14.497584,/Users/anupreksha/Desktop/hoophouse2023/flowerPi/aug11backup/videos/001f54431b3d/230808/185511_966594_001f54431b3d.mp4,[]
2023-08-11,19:47:42.836352,/Users/anupreksha/Desktop/hoophouse2023/flowerPi/aug11backup/videos/001f54431b3d/230808/110118_839599_001f54431b3d.mp4,[]
2023-08-11,19:47:25.021521,/Users/anupreksha/Desktop/hoophouse2023/flowerPi/aug11backup/videos/001f54431b3d/230808/080421_114804_001f54431b3d.mp4,[]
2023-08-11,19:47:21.501563,/Users/anupreksha/Desktop/hoophouse2023/flowerPi/aug11backup/videos/001f54431b3d/230808/072210_693269_001f54431b3d.mp4,[]
2023-08-11,19:48:14.842426,/Users/anupreksha/Desktop/hoophouse2023/flowerPi/aug11backup/videos/001f54431b3d/230808/190631_174236_001f54431b3d.mp4,"[17, 17, 17, 17]"
2023-08-11,19:48:21.652984,/Users/anupreksha/Desktop/hoophouse2023/flowerPi/aug11backup/videos/001f54431b3d/230808/201237_613960_001f54431b3d.mp4,[]
2023-08-11,19:48:21.428806,/Users/anupreksha/Desktop/hoophouse2023/flowerPi/aug11backup/videos/001f54431b3d/230808/195805_603649_001f54431b3d.mp4,[]
2023-08-11,19:47:35.757537,/Users/anupreksha/Desktop/hoophouse2023/flowerPi/aug11backup/videos/001f54431b3d/230808/102021_013730_001f54431b3d.mp4,[]
2023-08-11,19:47:39.582435,/Users/anupreksha/Desktop/hoophouse2023/flowerPi/aug11backup/videos/001f54431b3d/230808/104151_029597_001f54431b3d.mp4,[]
2023-08-11,19:47:28.246722,/Users/anupreksha/Desktop/hoophouse2023/flowerPi/aug11backup/videos/001f54431b3d/230808/083452_945162_001f54431b3d.mp4,[]
2023-08-11,19:47:44.254945,/Users/anupreksha/Desktop/hoophouse2023/flowerPi/aug11backup/videos/001f54431b3d/230808/113125_869519_001f54431b3d.mp4,[]
2023-08-11,19:47:24.309611,/Users/anupreksha/Desktop/hoophouse2023/flowerPi/aug11backup/videos/001f54431b3d/230808/074548_703485_001f54431b3d.mp4,[]
2023-08-11,19:47:30.532041,/Users/anupreksha/Desktop/hoophouse2023/flowerPi/aug11backup/videos/001f54431b3d/230808/084049_957653_001f54431b3d.mp4,"[110, 110]"
2023-08-11,19:47:18.814249,/Users/anupreksha/Desktop/hoophouse2023/flowerPi/aug11backup/videos/001f54431b3d/230808/064745_267376_001f54431b3d.mp4,[]
2023-08-11,19:48:15.141363,/Users/anupreksha/Desktop/hoophouse2023/flowerPi/aug11backup/videos/001f54431b3d/230808/191345_373312_001f54431b3d.mp4,[]
2023-08-11,19:47:43.805047,/Users/anupreksha/Desktop/hoophouse2023/flowerPi/aug11backup/videos/001f54431b3d/230808/112319_056931_001f54431b3d.mp4,[]
2023-08-11,19:47:30.590502,/Users/anupreksha/Desktop/hoophouse2023/flowerPi/aug11backup/videos/001f54431b3d/230808/084213_077670_001f54431b3d.mp4,[]
2023-08-11,19:47:24.724713,/Users/anupreksha/Desktop/hoophouse2023/flowerPi/aug11backup/videos/001f54431b3d/230808/075646_711350_001f54431b3d.mp4,[]
2023-08-11,19:47:24.986382,/Users/anupreksha/Desktop/hoophouse2023/flowerPi/aug11backup/videos/001f54431b3d/230808/080343_114273_001f54431b3d.mp4,[]
2023-08-11,19:47:15.708531,/Users/anupreksha/Desktop/hoophouse2023/flowerPi/aug11backup/videos/001f54431b3d/230808/055803_031461_001f54431b3d.mp4,[]
2023-08-11,19:47:43.286362,/Users/anupreksha/Desktop/hoophouse2023/flowerPi/aug11backup/videos/001f54431b3d/230808/111134_670342_001f54431b3d.mp4,[17]
2023-08-11,19:48:19.960588,/Users/anupreksha/Desktop/hoophouse2023/flowerPi/aug11backup/videos/001f54431b3d/230808/193051_384338_001f54431b3d.mp4,[]
2023-08-11,19:48:00.955099,/Users/anupreksha/Desktop/hoophouse2023/flowerPi/aug11backup/videos/001f54431b3d/230808/141516_970538_001f54431b3d.mp4,"[190, 127, 853]"
2023-08-11,19:47:34.434146,/Users/anupreksha/Desktop/hoophouse2023/flowerPi/aug11backup/videos/001f54431b3d/230808/094731_592950_001f54431b3d.mp4,[]
2023-08-11,19:47:38.962252,/Users/anupreksha/Desktop/hoophouse2023/flowerPi/aug11backup/videos/001f54431b3d/230808/103017_021371_001f54431b3d.mp4,[]
2023-08-11,19:47:42.904212,/Users/anupreksha/Desktop/hoophouse2023/flowerPi/aug11backup/videos/001f54431b3d/230808/110246_442308_001f54431b3d.mp4,"[106, 106, 17, 495]"
2023-08-11,19:47:16.577985,/Users/anupreksha/Desktop/hoophouse2023/flowerPi/aug11backup/videos/001f54431b3d/230808/062313_049086_001f54431b3d.mp4,[]
2023-08-11,19:48:14.532024,/Users/anupreksha/Desktop/hoophouse2023/flowerPi/aug11backup/videos/001f54431b3d/230808/185636_968441_001f54431b3d.mp4,[]
2023-08-11,19:47:43.264583,/Users/anupreksha/Desktop/hoophouse2023/flowerPi/aug11backup/videos/001f54431b3d/230808/111108_685351_001f54431b3d.mp4,[]
2023-08-11,19:47:21.906708,/Users/anupreksha/Desktop/hoophouse2023/flowerPi/aug11backup/videos/001f54431b3d/230808/073158_697797_001f54431b3d.mp4,[]
2023-08-11,19:47:39.121256,/Users/anupreksha/Desktop/hoophouse2023/flowerPi/aug11backup/videos/001f54431b3d/230808/103323_023589_001f54431b3d.mp4,[145]
2023-08-11,19:47:24.358278,/Users/anupreksha/Desktop/hoophouse2023/flowerPi/aug11backup/videos/001f54431b3d/230808/074705_725375_001f54431b3d.mp4,[]
2023-08-11,19:48:19.602333,/Users/anupreksha/Desktop/hoophouse2023/flowerPi/aug11backup/videos/001f54431b3d/230808/192119_376490_001f54431b3d.mp4,[]
2023-08-11,19:48:21.852661,/Users/anupreksha/Desktop/hoophouse2023/flowerPi/aug11backup/videos/001f54431b3d/230808/203000_627650_001f54431b3d.mp4,[]
2023-08-11,19:47:28.115363,/Users/anupreksha/Desktop/hoophouse2023/flowerPi/aug11backup/videos/001f54431b3d/230808/083124_945712_001f54431b3d.mp4,[]
2023-08-11,19:47:24.130893,/Users/anupreksha/Desktop/hoophouse2023/flowerPi/aug11backup/videos/001f54431b3d/230808/074154_702639_001f54431b3d.mp4,[]
2023-08-11,19:48:20.183838,/Users/anupreksha/Desktop/hoophouse2023/flowerPi/aug11backup/videos/001f54431b3d/230808/193819_587526_001f54431b3d.mp4,[]
2023-08-11,19:48:19.747657,/Users/anupreksha/Desktop/hoophouse2023/flowerPi/aug11backup/videos/001f54431b3d/230808/192513_379749_001f54431b3d.mp4,[]
2023-08-11,19:48:09.707376,/Users/anupreksha/Desktop/hoophouse2023/flowerPi/aug11backup/videos/001f54431b3d/230808/174610_910918_001f54431b3d.mp4,[]
2023-08-11,19:47:18.237926,/Users/anupreksha/Desktop/hoophouse2023/flowerPi/aug11backup/videos/001f54431b3d/230808/063339_256341_001f54431b3d.mp4,[]
2023-08-11,19:47:43.062544,/Users/anupreksha/Desktop/hoophouse2023/flowerPi/aug11backup/videos/001f54431b3d/230808/110650_843211_001f54431b3d.mp4,[]
2023-08-11,19:47:31.065042,/Users/anupreksha/Desktop/hoophouse2023/flowerPi/aug11backup/videos/001f54431b3d/230808/090711_367971_001f54431b3d.mp4,"[286, 286, 286, 286]"
2023-08-11,19:48:10.657488,/Users/anupreksha/Desktop/hoophouse2023/flowerPi/aug11backup/videos/001f54431b3d/230808/184343_954635_001f54431b3d.mp4,[]
2023-08-11,19:48:05.482397,/Users/anupreksha/Desktop/hoophouse2023/flowerPi/aug11backup/videos/001f54431b3d/230808/164813_273401_001f54431b3d.mp4,[]
2023-08-11,19:48:05.984338,/Users/anupreksha/Desktop/hoophouse2023/flowerPi/aug11backup/videos/001f54431b3d/230808/173328_300251_001f54431b3d.mp4,[]
2023-08-11,19:48:01.633160,/Users/anupreksha/Desktop/hoophouse2023/flowerPi/aug11backup/videos/001f54431b3d/230808/142733_776208_001f54431b3d.mp4,[]
2023-08-11,19:48:05.393785,/Users/anupreksha/Desktop/hoophouse2023/flowerPi/aug11backup/videos/001f54431b3d/230808/150133_400195_001f54431b3d.mp4,[]
2023-08-11,19:48:01.255012,/Users/anupreksha/Desktop/hoophouse2023/flowerPi/aug11backup/videos/001f54431b3d/230808/142051_772949_001f54431b3d.mp4,"[17, 17]"
2023-08-11,19:48:19.592329,/Users/anupreksha/Desktop/hoophouse2023/flowerPi/aug11backup/videos/001f54431b3d/230808/192051_378961_001f54431b3d.mp4,[130]
2023-08-11,19:47:43.937756,/Users/anupreksha/Desktop/hoophouse2023/flowerPi/aug11backup/videos/001f54431b3d/230808/112602_468345_001f54431b3d.mp4,[638]
2023-08-11,19:47:18.516666,/Users/anupreksha/Desktop/hoophouse2023/flowerPi/aug11backup/videos/001f54431b3d/230808/064026_458189_001f54431b3d.mp4,[]
2023-08-11,19:47:32.033738,/Users/anupreksha/Desktop/hoophouse2023/flowerPi/aug11backup/videos/001f54431b3d/230808/094317_392947_001f54431b3d.mp4,[]
2023-08-11,19:47:27.383740,/Users/anupreksha/Desktop/hoophouse2023/flowerPi/aug11backup/videos/001f54431b3d/230808/081514_722598_001f54431b3d.mp4,[]
2023-08-11,19:47:39.060004,/Users/anupreksha/Desktop/hoophouse2023/flowerPi/aug11backup/videos/001f54431b3d/230808/103208_026902_001f54431b3d.mp4,[]
2023-08-11,19:48:10.522177,/Users/anupreksha/Desktop/hoophouse2023/flowerPi/aug11backup/videos/001f54431b3d/230808/182622_939679_001f54431b3d.mp4,[]
2023-08-11,19:47:30.835907,/Users/anupreksha/Desktop/hoophouse2023/flowerPi/aug11backup/videos/001f54431b3d/230808/085141_162211_001f54431b3d.mp4,[]
2023-08-11,19:48:05.569540,/Users/anupreksha/Desktop/hoophouse2023/flowerPi/aug11backup/videos/001f54431b3d/230808/165027_672583_001f54431b3d.mp4,[]
2023-08-11,19:47:20.926896,/Users/anupreksha/Desktop/hoophouse2023/flowerPi/aug11backup/videos/001f54431b3d/230808/070826_691945_001f54431b3d.mp4,[]
2023-08-11,19:47:43.825830,/Users/anupreksha/Desktop/hoophouse2023/flowerPi/aug11backup/videos/001f54431b3d/230808/112342_060501_001f54431b3d.mp4,[17]
2023-08-11,19:48:01.112056,/Users/anupreksha/Desktop/hoophouse2023/flowerPi/aug11backup/videos/001f54431b3d/230808/141715_777931_001f54431b3d.mp4,[]
2023-08-11,19:48:00.415643,/Users/anupreksha/Desktop/hoophouse2023/flowerPi/aug11backup/videos/001f54431b3d/230808/140652_765258_001f54431b3d.mp4,[]
2023-08-11,19:47:14.097479,/Users/anupreksha/Desktop/hoophouse2023/flowerPi/aug11backup/videos/001f54431b3d/230808/054147_422981_001f54431b3d.mp4,[]
2023-08-11,19:48:14.942944,/Users/anupreksha/Desktop/hoophouse2023/flowerPi/aug11backup/videos/001f54431b3d/230808/190901_174858_001f54431b3d.mp4,[]
2023-08-11,19:48:21.537462,/Users/anupreksha/Desktop/hoophouse2023/flowerPi/aug11backup/videos/001f54431b3d/230808/200159_603841_001f54431b3d.mp4,[]
2023-08-11,19:48:10.072742,/Users/anupreksha/Desktop/hoophouse2023/flowerPi/aug11backup/videos/001f54431b3d/230808/180522_941416_001f54431b3d.mp4,[]
2023-08-11,19:47:21.843880,/Users/anupreksha/Desktop/hoophouse2023/flowerPi/aug11backup/videos/001f54431b3d/230808/073037_706022_001f54431b3d.mp4,"[425, 425, 425, 425]"
2023-08-11,19:47:18.006360,/Users/anupreksha/Desktop/hoophouse2023/flowerPi/aug11backup/videos/001f54431b3d/230808/062755_052767_001f54431b3d.mp4,[]
2023-08-11,19:47:16.186991,/Users/anupreksha/Desktop/hoophouse2023/flowerPi/aug11backup/videos/001f54431b3d/230808/061223_041789_001f54431b3d.mp4,[]
2023-08-11,19:47:14.559423,/Users/anupreksha/Desktop/hoophouse2023/flowerPi/aug11backup/videos/001f54431b3d/230808/055340_828583_001f54431b3d.mp4,[]
2023-08-11,19:47:19.097245,/Users/anupreksha/Desktop/hoophouse2023/flowerPi/aug11backup/videos/001f54431b3d/230808/065442_678054_001f54431b3d.mp4,"[17, 17, 17, 17]"
2023-08-11,19:48:05.374269,/Users/anupreksha/Desktop/hoophouse2023/flowerPi/aug11backup/videos/001f54431b3d/230808/150038_201668_001f54431b3d.mp4,"[127, 127, 127, 127]"
2023-08-11,19:48:10.294940,/Users/anupreksha/Desktop/hoophouse2023/flowerPi/aug11backup/videos/001f54431b3d/230808/181048_741449_001f54431b3d.mp4,"[17, 17]"
2023-08-11,19:47:31.410686,/Users/anupreksha/Desktop/hoophouse2023/flowerPi/aug11backup/videos/001f54431b3d/230808/092505_375682_001f54431b3d.mp4,[]
2023-08-11,19:47:18.364890,/Users/anupreksha/Desktop/hoophouse2023/flowerPi/aug11backup/videos/001f54431b3d/230808/063651_392287_001f54431b3d.mp4,[]
2023-08-11,19:47:28.132812,/Users/anupreksha/Desktop/hoophouse2023/flowerPi/aug11backup/videos/001f54431b3d/230808/083200_947762_001f54431b3d.mp4,[]
2023-08-11,19:48:05.065917,/Users/anupreksha/Desktop/hoophouse2023/flowerPi/aug11backup/videos/001f54431b3d/230808/143720_388278_001f54431b3d.mp4,[]
2023-08-11,19:47:39.806667,/Users/anupreksha/Desktop/hoophouse2023/flowerPi/aug11backup/videos/001f54431b3d/230808/104722_833469_001f54431b3d.mp4,[128]
2023-08-11,19:47:51.233653,/Users/anupreksha/Desktop/hoophouse2023/flowerPi/aug11backup/videos/001f54431b3d/230808/122039_626677_001f54431b3d.mp4,[]
2023-08-11,19:47:24.158467,/Users/anupreksha/Desktop/hoophouse2023/flowerPi/aug11backup/videos/001f54431b3d/230808/074234_702353_001f54431b3d.mp4,[]
2023-08-11,19:48:14.597356,/Users/anupreksha/Desktop/hoophouse2023/flowerPi/aug11backup/videos/001f54431b3d/230808/185949_968772_001f54431b3d.mp4,[]
2023-08-11,19:47:43.981946,/Users/anupreksha/Desktop/hoophouse2023/flowerPi/aug11backup/videos/001f54431b3d/230808/112645_461621_001f54431b3d.mp4,"[17, 17]"
2023-08-11,19:48:15.229377,/Users/anupreksha/Desktop/hoophouse2023/flowerPi/aug11backup/videos/001f54431b3d/230808/191921_376113_001f54431b3d.mp4,[638]
2023-08-11,19:47:43.086459,/Users/anupreksha/Desktop/hoophouse2023/flowerPi/aug11backup/videos/001f54431b3d/230808/110720_862149_001f54431b3d.mp4,[]
2023-08-11,19:47:14.425429,/Users/anupreksha/Desktop/hoophouse2023/flowerPi/aug11backup/videos/001f54431b3d/230808/054957_833698_001f54431b3d.mp4,[]
2023-08-11,19:48:21.704894,/Users/anupreksha/Desktop/hoophouse2023/flowerPi/aug11backup/videos/001f54431b3d/230808/202607_634022_001f54431b3d.mp4,[]
2023-08-11,19:47:14.269970,/Users/anupreksha/Desktop/hoophouse2023/flowerPi/aug11backup/videos/001f54431b3d/230808/054559_625083_001f54431b3d.mp4,[]
2023-08-11,19:47:38.910374,/Users/anupreksha/Desktop/hoophouse2023/flowerPi/aug11backup/videos/001f54431b3d/230808/102903_021073_001f54431b3d.mp4,[]
2023-08-11,19:47:21.758685,/Users/anupreksha/Desktop/hoophouse2023/flowerPi/aug11backup/videos/001f54431b3d/230808/072844_695688_001f54431b3d.mp4,[]
2023-08-11,19:47:19.021730,/Users/anupreksha/Desktop/hoophouse2023/flowerPi/aug11backup/videos/001f54431b3d/230808/065248_676291_001f54431b3d.mp4,[]
2023-08-11,19:48:09.643289,/Users/anupreksha/Desktop/hoophouse2023/flowerPi/aug11backup/videos/001f54431b3d/230808/174453_843155_001f54431b3d.mp4,[]
2023-08-11,19:47:44.435624,/Users/anupreksha/Desktop/hoophouse2023/flowerPi/aug11backup/videos/001f54431b3d/230808/113537_878760_001f54431b3d.mp4,"[145, 296, 296, 296, 296, 296, 296, 296]"
2023-08-11,19:47:27.575797,/Users/anupreksha/Desktop/hoophouse2023/flowerPi/aug11backup/videos/001f54431b3d/230808/081936_744476_001f54431b3d.mp4,"[404, 404, 404, 404]"
2023-08-11,19:48:14.252113,/Users/anupreksha/Desktop/hoophouse2023/flowerPi/aug11backup/videos/001f54431b3d/230808/184618_958457_001f54431b3d.mp4,[]
2023-08-11,19:47:35.409655,/Users/anupreksha/Desktop/hoophouse2023/flowerPi/aug11backup/videos/001f54431b3d/230808/101051_208761_001f54431b3d.mp4,[]
2023-08-11,19:47:43.164568,/Users/anupreksha/Desktop/hoophouse2023/flowerPi/aug11backup/videos/001f54431b3d/230808/110908_457329_001f54431b3d.mp4,"[37, 17]"
2023-08-11,19:47:28.361070,/Users/anupreksha/Desktop/hoophouse2023/flowerPi/aug11backup/videos/001f54431b3d/230808/083729_940403_001f54431b3d.mp4,[]
2023-08-11,19:48:21.547373,/Users/anupreksha/Desktop/hoophouse2023/flowerPi/aug11backup/videos/001f54431b3d/230808/200238_607352_001f54431b3d.mp4,[17]
2023-08-11,19:47:56.103710,/Users/anupreksha/Desktop/hoophouse2023/flowerPi/aug11backup/videos/001f54431b3d/230808/134328_749823_001f54431b3d.mp4,[]
2023-08-11,19:47:30.817082,/Users/anupreksha/Desktop/hoophouse2023/flowerPi/aug11backup/videos/001f54431b3d/230808/085106_960879_001f54431b3d.mp4,[]
2023-08-11,19:47:51.304908,/Users/anupreksha/Desktop/hoophouse2023/flowerPi/aug11backup/videos/001f54431b3d/230808/122148_902899_001f54431b3d.mp4,[]
2023-08-11,19:48:01.749028,/Users/anupreksha/Desktop/hoophouse2023/flowerPi/aug11backup/videos/001f54431b3d/230808/143037_181500_001f54431b3d.mp4,[]
2023-08-11,19:47:20.866753,/Users/anupreksha/Desktop/hoophouse2023/flowerPi/aug11backup/videos/001f54431b3d/230808/070620_692027_001f54431b3d.mp4,[]
2023-08-11,19:47:21.708045,/Users/anupreksha/Desktop/hoophouse2023/flowerPi/aug11backup/videos/001f54431b3d/230808/072719_694951_001f54431b3d.mp4,[]
2023-08-11,19:48:01.338854,/Users/anupreksha/Desktop/hoophouse2023/flowerPi/aug11backup/videos/001f54431b3d/230808/142216_775119_001f54431b3d.mp4,"[110, 425, 17]"
2023-08-11,19:47:21.568136,/Users/anupreksha/Desktop/hoophouse2023/flowerPi/aug11backup/videos/001f54431b3d/230808/072338_696746_001f54431b3d.mp4,[]
2023-08-11,19:47:30.609830,/Users/anupreksha/Desktop/hoophouse2023/flowerPi/aug11backup/videos/001f54431b3d/230808/084243_156387_001f54431b3d.mp4,[]
2023-08-11,19:47:47.351448,/Users/anupreksha/Desktop/hoophouse2023/flowerPi/aug11backup/videos/001f54431b3d/230808/115916_297119_001f54431b3d.mp4,[]
2023-08-11,19:47:38.576492,/Users/anupreksha/Desktop/hoophouse2023/flowerPi/aug11backup/videos/001f54431b3d/230808/102229_018244_001f54431b3d.mp4,[]
2023-08-11,19:48:05.091433,/Users/anupreksha/Desktop/hoophouse2023/flowerPi/aug11backup/videos/001f54431b3d/230808/143838_386448_001f54431b3d.mp4,[]
2023-08-11,19:47:16.332773,/Users/anupreksha/Desktop/hoophouse2023/flowerPi/aug11backup/videos/001f54431b3d/230808/061649_044990_001f54431b3d.mp4,[]
2023-08-11,19:47:18.024838,/Users/anupreksha/Desktop/hoophouse2023/flowerPi/aug11backup/videos/001f54431b3d/230808/062819_052300_001f54431b3d.mp4,[]
2023-08-11,19:47:24.394269,/Users/anupreksha/Desktop/hoophouse2023/flowerPi/aug11backup/videos/001f54431b3d/230808/074752_704774_001f54431b3d.mp4,[17]
2023-08-11,19:47:50.948950,/Users/anupreksha/Desktop/hoophouse2023/flowerPi/aug11backup/videos/001f54431b3d/230808/121556_893352_001f54431b3d.mp4,[]
2023-08-11,19:48:21.755168,/Users/anupreksha/Desktop/hoophouse2023/flowerPi/aug11backup/videos/001f54431b3d/230808/202801_830297_001f54431b3d.mp4,[28]
2023-08-11,19:47:51.952403,/Users/anupreksha/Desktop/hoophouse2023/flowerPi/aug11backup/videos/001f54431b3d/230808/123235_311347_001f54431b3d.mp4,[17]
2023-08-11,19:47:56.244025,/Users/anupreksha/Desktop/hoophouse2023/flowerPi/aug11backup/videos/001f54431b3d/230808/134545_363395_001f54431b3d.mp4,[]
2023-08-11,19:47:14.156325,/Users/anupreksha/Desktop/hoophouse2023/flowerPi/aug11backup/videos/001f54431b3d/230808/054358_622443_001f54431b3d.mp4,[]
2023-08-11,19:48:19.667480,/Users/anupreksha/Desktop/hoophouse2023/flowerPi/aug11backup/videos/001f54431b3d/230808/192303_379210_001f54431b3d.mp4,[653]
2023-08-11,19:47:24.913741,/Users/anupreksha/Desktop/hoophouse2023/flowerPi/aug11backup/videos/001f54431b3d/230808/080144_117634_001f54431b3d.mp4,"[17, 17, 17, 17]"
2023-08-11,19:47:39.893728,/Users/anupreksha/Desktop/hoophouse2023/flowerPi/aug11backup/videos/001f54431b3d/230808/104914_433090_001f54431b3d.mp4,[17]
2023-08-11,19:47:50.596831,/Users/anupreksha/Desktop/hoophouse2023/flowerPi/aug11backup/videos/001f54431b3d/230808/120956_689791_001f54431b3d.mp4,[]
2023-08-11,19:47:18.771868,/Users/anupreksha/Desktop/hoophouse2023/flowerPi/aug11backup/videos/001f54431b3d/230808/064627_264758_001f54431b3d.mp4,[]
2023-08-11,19:48:09.937946,/Users/anupreksha/Desktop/hoophouse2023/flowerPi/aug11backup/videos/001f54431b3d/230808/175315_313522_001f54431b3d.mp4,[]
2023-08-11,19:47:31.545963,/Users/anupreksha/Desktop/hoophouse2023/flowerPi/aug11backup/videos/001f54431b3d/230808/092914_781005_001f54431b3d.mp4,[]
2023-08-11,19:47:51.672320,/Users/anupreksha/Desktop/hoophouse2023/flowerPi/aug11backup/videos/001f54431b3d/230808/122800_904826_001f54431b3d.mp4,[]
2023-08-11,19:47:43.630294,/Users/anupreksha/Desktop/hoophouse2023/flowerPi/aug11backup/videos/001f54431b3d/230808/111847_662199_001f54431b3d.mp4,[]
2023-08-11,19:48:05.423105,/Users/anupreksha/Desktop/hoophouse2023/flowerPi/aug11backup/videos/001f54431b3d/230808/164402_267134_001f54431b3d.mp4,[]
2023-08-11,19:48:14.827398,/Users/anupreksha/Desktop/hoophouse2023/flowerPi/aug11backup/videos/001f54431b3d/230808/190609_172134_001f54431b3d.mp4,[]
2023-08-11,19:47:34.827503,/Users/anupreksha/Desktop/hoophouse2023/flowerPi/aug11backup/videos/001f54431b3d/230808/095528_793687_001f54431b3d.mp4,[]
2023-08-11,19:48:14.766810,/Users/anupreksha/Desktop/hoophouse2023/flowerPi/aug11backup/videos/001f54431b3d/230808/190431_171442_001f54431b3d.mp4,"[495, 495, 495]"
2023-08-11,19:47:27.795624,/Users/anupreksha/Desktop/hoophouse2023/flowerPi/aug11backup/videos/001f54431b3d/230808/082400_738564_001f54431b3d.mp4,[]
2023-08-11,19:47:39.853890,/Users/anupreksha/Desktop/hoophouse2023/flowerPi/aug11backup/videos/001f54431b3d/230808/104838_168777_001f54431b3d.mp4,[470]
2023-08-11,19:47:50.778014,/Users/anupreksha/Desktop/hoophouse2023/flowerPi/aug11backup/videos/001f54431b3d/230808/121233_493349_001f54431b3d.mp4,[]
2023-08-11,19:47:21.533148,/Users/anupreksha/Desktop/hoophouse2023/flowerPi/aug11backup/videos/001f54431b3d/230808/072249_698264_001f54431b3d.mp4,[]
2023-08-11,19:47:14.448768,/Users/anupreksha/Desktop/hoophouse2023/flowerPi/aug11backup/videos/001f54431b3d/230808/055012_826583_001f54431b3d.mp4,[]
2023-08-11,19:48:10.492144,/Users/anupreksha/Desktop/hoophouse2023/flowerPi/aug11backup/videos/001f54431b3d/230808/182409_951348_001f54431b3d.mp4,"[17, 17, 17]"
2023-08-11,19:47:14.604712,/Users/anupreksha/Desktop/hoophouse2023/flowerPi/aug11backup/videos/001f54431b3d/230808/055455_028838_001f54431b3d.mp4,[]
2023-08-11,19:48:09.921973,/Users/anupreksha/Desktop/hoophouse2023/flowerPi/aug11backup/videos/001f54431b3d/230808/175251_314123_001f54431b3d.mp4,[]
2023-08-11,19:48:14.634537,/Users/anupreksha/Desktop/hoophouse2023/flowerPi/aug11backup/videos/001f54431b3d/230808/190046_963402_001f54431b3d.mp4,[]
2023-08-11,19:47:50.979890,/Users/anupreksha/Desktop/hoophouse2023/flowerPi/aug11backup/videos/001f54431b3d/230808/121637_900520_001f54431b3d.mp4,[]
2023-08-11,19:47:16.066000,/Users/anupreksha/Desktop/hoophouse2023/flowerPi/aug11backup/videos/001f54431b3d/230808/060917_040877_001f54431b3d.mp4,[]
2023-08-11,19:48:19.636490,/Users/anupreksha/Desktop/hoophouse2023/flowerPi/aug11backup/videos/001f54431b3d/230808/192217_378698_001f54431b3d.mp4,[]
2023-08-11,19:48:00.564751,/Users/anupreksha/Desktop/hoophouse2023/flowerPi/aug11backup/videos/001f54431b3d/230808/140856_770678_001f54431b3d.mp4,[]
2023-08-11,19:47:31.772927,/Users/anupreksha/Desktop/hoophouse2023/flowerPi/aug11backup/videos/001f54431b3d/230808/093649_182920_001f54431b3d.mp4,[]
2023-08-11,19:47:39.312974,/Users/anupreksha/Desktop/hoophouse2023/flowerPi/aug11backup/videos/001f54431b3d/230808/103703_428010_001f54431b3d.mp4,[]
2023-08-11,19:48:05.176282,/Users/anupreksha/Desktop/hoophouse2023/flowerPi/aug11backup/videos/001f54431b3d/230808/144219_584194_001f54431b3d.mp4,[]
2023-08-11,19:47:27.562114,/Users/anupreksha/Desktop/hoophouse2023/flowerPi/aug11backup/videos/001f54431b3d/230808/081914_737996_001f54431b3d.mp4,[]
2023-08-11,19:48:05.357441,/Users/anupreksha/Desktop/hoophouse2023/flowerPi/aug11backup/videos/001f54431b3d/230808/150025_195908_001f54431b3d.mp4,[]
2023-08-11,19:47:19.126826,/Users/anupreksha/Desktop/hoophouse2023/flowerPi/aug11backup/videos/001f54431b3d/230808/065522_675398_001f54431b3d.mp4,[]
2023-08-11,19:47:56.401084,/Users/anupreksha/Desktop/hoophouse2023/flowerPi/aug11backup/videos/001f54431b3d/230808/134901_360203_001f54431b3d.mp4,"[987, 987, 987]"
2023-08-11,19:48:09.505737,/Users/anupreksha/Desktop/hoophouse2023/flowerPi/aug11backup/videos/001f54431b3d/230808/173951_705186_001f54431b3d.mp4,"[17, 17, 17, 392, 392, 392, 392, 392, 127, 127, 127, 127]"
2023-08-11,19:47:56.314017,/Users/anupreksha/Desktop/hoophouse2023/flowerPi/aug11backup/videos/001f54431b3d/230808/134651_359150_001f54431b3d.mp4,[17]
2023-08-11,19:47:16.031032,/Users/anupreksha/Desktop/hoophouse2023/flowerPi/aug11backup/videos/001f54431b3d/230808/060809_038689_001f54431b3d.mp4,[]
2023-08-11,19:47:55.015287,/Users/anupreksha/Desktop/hoophouse2023/flowerPi/aug11backup/videos/001f54431b3d/230808/123740_705822_001f54431b3d.mp4,[]
2023-08-11,19:47:18.315267,/Users/anupreksha/Desktop/hoophouse2023/flowerPi/aug11backup/videos/001f54431b3d/230808/063527_256495_001f54431b3d.mp4,[]
2023-08-11,19:47:19.039886,/Users/anupreksha/Desktop/hoophouse2023/flowerPi/aug11backup/videos/001f54431b3d/230808/065310_670078_001f54431b3d.mp4,[]
2023-08-11,19:47:27.190449,/Users/anupreksha/Desktop/hoophouse2023/flowerPi/aug11backup/videos/001f54431b3d/230808/081116_725784_001f54431b3d.mp4,[]
2023-08-11,19:47:31.874632,/Users/anupreksha/Desktop/hoophouse2023/flowerPi/aug11backup/videos/001f54431b3d/230808/093924_186585_001f54431b3d.mp4,[]
2023-08-11,19:48:10.194623,/Users/anupreksha/Desktop/hoophouse2023/flowerPi/aug11backup/videos/001f54431b3d/230808/180753_339003_001f54431b3d.mp4,[]
2023-08-11,19:47:51.136455,/Users/anupreksha/Desktop/hoophouse2023/flowerPi/aug11backup/videos/001f54431b3d/230808/121902_300473_001f54431b3d.mp4,[109]
2023-08-11,19:47:39.025516,/Users/anupreksha/Desktop/hoophouse2023/flowerPi/aug11backup/videos/001f54431b3d/230808/103131_023998_001f54431b3d.mp4,[]
2023-08-11,19:47:55.646022,/Users/anupreksha/Desktop/hoophouse2023/flowerPi/aug11backup/videos/001f54431b3d/230808/131409_728607_001f54431b3d.mp4,[106]
2023-08-11,19:47:50.422547,/Users/anupreksha/Desktop/hoophouse2023/flowerPi/aug11backup/videos/001f54431b3d/230808/120601_295278_001f54431b3d.mp4,[17]
2023-08-11,19:47:30.969129,/Users/anupreksha/Desktop/hoophouse2023/flowerPi/aug11backup/videos/001f54431b3d/230808/085908_955043_001f54431b3d.mp4,[]
2023-08-11,19:47:35.717437,/Users/anupreksha/Desktop/hoophouse2023/flowerPi/aug11backup/videos/001f54431b3d/230808/101928_813180_001f54431b3d.mp4,[]
2023-08-11,19:48:09.538283,/Users/anupreksha/Desktop/hoophouse2023/flowerPi/aug11backup/videos/001f54431b3d/230808/174045_704361_001f54431b3d.mp4,[]
2023-08-11,19:48:19.860706,/Users/anupreksha/Desktop/hoophouse2023/flowerPi/aug11backup/videos/001f54431b3d/230808/192825_381749_001f54431b3d.mp4,[]
2023-08-11,19:48:14.285793,/Users/anupreksha/Desktop/hoophouse2023/flowerPi/aug11backup/videos/001f54431b3d/230808/184657_958766_001f54431b3d.mp4,[]
2023-08-11,19:47:34.574315,/Users/anupreksha/Desktop/hoophouse2023/flowerPi/aug11backup/videos/001f54431b3d/230808/095012_792222_001f54431b3d.mp4,[]
2023-08-11,19:47:50.820879,/Users/anupreksha/Desktop/hoophouse2023/flowerPi/aug11backup/videos/001f54431b3d/230808/121323_698233_001f54431b3d.mp4,[]
2023-08-11,19:47:40.008648,/Users/anupreksha/Desktop/hoophouse2023/flowerPi/aug11backup/videos/001f54431b3d/230808/105222_634238_001f54431b3d.mp4,"[470, 110]"
2023-08-11,19:47:39.783607,/Users/anupreksha/Desktop/hoophouse2023/flowerPi/aug11backup/videos/001f54431b3d/230808/104654_634715_001f54431b3d.mp4,[683]
2023-08-11,19:48:21.618297,/Users/anupreksha/Desktop/hoophouse2023/flowerPi/aug11backup/videos/001f54431b3d/230808/200801_608022_001f54431b3d.mp4,[]
2023-08-11,19:47:35.142419,/Users/anupreksha/Desktop/hoophouse2023/flowerPi/aug11backup/videos/001f54431b3d/230808/100349_001335_001f54431b3d.mp4,[]
2023-08-11,19:47:27.361656,/Users/anupreksha/Desktop/hoophouse2023/flowerPi/aug11backup/videos/001f54431b3d/230808/081450_723537_001f54431b3d.mp4,[]
2023-08-11,19:47:17.955499,/Users/anupreksha/Desktop/hoophouse2023/flowerPi/aug11backup/videos/001f54431b3d/230808/062627_052678_001f54431b3d.mp4,[]
2023-08-11,19:48:14.211119,/Users/anupreksha/Desktop/hoophouse2023/flowerPi/aug11backup/videos/001f54431b3d/230808/184517_959210_001f54431b3d.mp4,[]
2023-08-11,19:48:14.400110,/Users/anupreksha/Desktop/hoophouse2023/flowerPi/aug11backup/videos/001f54431b3d/230808/185043_954441_001f54431b3d.mp4,[]
2023-08-11,19:47:42.858614,/Users/anupreksha/Desktop/hoophouse2023/flowerPi/aug11backup/videos/001f54431b3d/230808/110152_174233_001f54431b3d.mp4,[414]
2023-08-11,19:48:10.150710,/Users/anupreksha/Desktop/hoophouse2023/flowerPi/aug11backup/videos/001f54431b3d/230808/180634_134760_001f54431b3d.mp4,[]
2023-08-11,19:47:30.704909,/Users/anupreksha/Desktop/hoophouse2023/flowerPi/aug11backup/videos/001f54431b3d/230808/084643_550231_001f54431b3d.mp4,[17]
2023-08-11,19:47:43.652689,/Users/anupreksha/Desktop/hoophouse2023/flowerPi/aug11backup/videos/001f54431b3d/230808/111929_860092_001f54431b3d.mp4,[430]
2023-08-11,19:48:05.709597,/Users/anupreksha/Desktop/hoophouse2023/flowerPi/aug11backup/videos/001f54431b3d/230808/171523_885673_001f54431b3d.mp4,"[17, 17, 17]"
2023-08-11,19:48:05.740622,/Users/anupreksha/Desktop/hoophouse2023/flowerPi/aug11backup/videos/001f54431b3d/230808/172052_892521_001f54431b3d.mp4,[17]
2023-08-11,19:47:39.182309,/Users/anupreksha/Desktop/hoophouse2023/flowerPi/aug11backup/videos/001f54431b3d/230808/103435_024695_001f54431b3d.mp4,[]
2023-08-11,19:47:30.664387,/Users/anupreksha/Desktop/hoophouse2023/flowerPi/aug11backup/videos/001f54431b3d/230808/084453_481652_001f54431b3d.mp4,[682]
2023-08-11,19:47:34.713720,/Users/anupreksha/Desktop/hoophouse2023/flowerPi/aug11backup/videos/001f54431b3d/230808/095255_793655_001f54431b3d.mp4,[]
2023-08-11,19:47:18.135851,/Users/anupreksha/Desktop/hoophouse2023/flowerPi/aug11backup/videos/001f54431b3d/230808/063106_055287_001f54431b3d.mp4,[]
2023-08-11,19:47:27.261491,/Users/anupreksha/Desktop/hoophouse2023/flowerPi/aug11backup/videos/001f54431b3d/230808/081242_724579_001f54431b3d.mp4,[]
2023-08-11,19:47:34.627705,/Users/anupreksha/Desktop/hoophouse2023/flowerPi/aug11backup/videos/001f54431b3d/230808/095124_792400_001f54431b3d.mp4,[]
2023-08-11,19:47:15.619179,/Users/anupreksha/Desktop/hoophouse2023/flowerPi/aug11backup/videos/001f54431b3d/230808/055543_029669_001f54431b3d.mp4,[]
2023-08-11,19:47:39.229911,/Users/anupreksha/Desktop/hoophouse2023/flowerPi/aug11backup/videos/001f54431b3d/230808/103517_029635_001f54431b3d.mp4,"[17, 17]"
2023-08-11,19:48:15.010564,/Users/anupreksha/Desktop/hoophouse2023/flowerPi/aug11backup/videos/001f54431b3d/230808/191049_371841_001f54431b3d.mp4,[]
2023-08-11,19:47:16.018189,/Users/anupreksha/Desktop/hoophouse2023/flowerPi/aug11backup/videos/001f54431b3d/230808/060741_039897_001f54431b3d.mp4,[]
2023-08-11,19:48:10.244849,/Users/anupreksha/Desktop/hoophouse2023/flowerPi/aug11backup/videos/001f54431b3d/230808/180931_537759_001f54431b3d.mp4,[]
2023-08-11,19:47:34.937168,/Users/anupreksha/Desktop/hoophouse2023/flowerPi/aug11backup/videos/001f54431b3d/230808/095802_797462_001f54431b3d.mp4,[]
2023-08-11,19:47:27.399928,/Users/anupreksha/Desktop/hoophouse2023/flowerPi/aug11backup/videos/001f54431b3d/230808/081542_727950_001f54431b3d.mp4,[404]
2023-08-11,19:47:39.981533,/Users/anupreksha/Desktop/hoophouse2023/flowerPi/aug11backup/videos/001f54431b3d/230808/105200_635472_001f54431b3d.mp4,[]
2023-08-11,19:47:30.891841,/Users/anupreksha/Desktop/hoophouse2023/flowerPi/aug11backup/videos/001f54431b3d/230808/085416_767873_001f54431b3d.mp4,[]
2023-08-11,19:47:56.343754,/Users/anupreksha/Desktop/hoophouse2023/flowerPi/aug11backup/videos/001f54431b3d/230808/134739_362892_001f54431b3d.mp4,"[190, 190, 190]"
2023-08-11,19:48:20.733113,/Users/anupreksha/Desktop/hoophouse2023/flowerPi/aug11backup/videos/001f54431b3d/230808/195556_601221_001f54431b3d.mp4,[]
2023-08-11,19:47:21.983661,/Users/anupreksha/Desktop/hoophouse2023/flowerPi/aug11backup/videos/001f54431b3d/230808/073417_703094_001f54431b3d.mp4,"[17, 17, 17]"
2023-08-11,19:47:30.949337,/Users/anupreksha/Desktop/hoophouse2023/flowerPi/aug11backup/videos/001f54431b3d/230808/085735_969362_001f54431b3d.mp4,[]
2023-08-11,19:47:28.303852,/Users/anupreksha/Desktop/hoophouse2023/flowerPi/aug11backup/videos/001f54431b3d/230808/083606_955103_001f54431b3d.mp4,[]
2023-08-11,19:47:18.218271,/Users/anupreksha/Desktop/hoophouse2023/flowerPi/aug11backup/videos/001f54431b3d/230808/063316_255538_001f54431b3d.mp4,[]
2023-08-11,19:47:51.350282,/Users/anupreksha/Desktop/hoophouse2023/flowerPi/aug11backup/videos/001f54431b3d/230808/122231_912105_001f54431b3d.mp4,[]
2023-08-11,19:47:34.421041,/Users/anupreksha/Desktop/hoophouse2023/flowerPi/aug11backup/videos/001f54431b3d/230808/094710_596580_001f54431b3d.mp4,[]
2023-08-11,19:47:24.671947,/Users/anupreksha/Desktop/hoophouse2023/flowerPi/aug11backup/videos/001f54431b3d/230808/075520_709214_001f54431b3d.mp4,[]
2023-08-11,19:48:05.730569,/Users/anupreksha/Desktop/hoophouse2023/flowerPi/aug11backup/videos/001f54431b3d/230808/171621_886160_001f54431b3d.mp4,[17]
2023-08-11,19:47:16.440209,/Users/anupreksha/Desktop/hoophouse2023/flowerPi/aug11backup/videos/001f54431b3d/230808/061939_047200_001f54431b3d.mp4,[]
2023-08-11,19:47:21.379393,/Users/anupreksha/Desktop/hoophouse2023/flowerPi/aug11backup/videos/001f54431b3d/230808/071904_689938_001f54431b3d.mp4,[]
2023-08-11,19:48:20.669192,/Users/anupreksha/Desktop/hoophouse2023/flowerPi/aug11backup/videos/001f54431b3d/230808/195433_598291_001f54431b3d.mp4,[]
2023-08-11,19:47:51.702761,/Users/anupreksha/Desktop/hoophouse2023/flowerPi/aug11backup/videos/001f54431b3d/230808/122825_103764_001f54431b3d.mp4,[]
2023-08-11,19:47:35.061785,/Users/anupreksha/Desktop/hoophouse2023/flowerPi/aug11backup/videos/001f54431b3d/230808/100111_799919_001f54431b3d.mp4,[37]
2023-08-11,19:47:38.988528,/Users/anupreksha/Desktop/hoophouse2023/flowerPi/aug11backup/videos/001f54431b3d/230808/103034_034141_001f54431b3d.mp4,[]
2023-08-11,19:48:19.764555,/Users/anupreksha/Desktop/hoophouse2023/flowerPi/aug11backup/videos/001f54431b3d/230808/192538_378848_001f54431b3d.mp4,[]
2023-08-11,19:47:38.945940,/Users/anupreksha/Desktop/hoophouse2023/flowerPi/aug11backup/videos/001f54431b3d/230808/102949_021845_001f54431b3d.mp4,[]
2023-08-11,19:47:20.844536,/Users/anupreksha/Desktop/hoophouse2023/flowerPi/aug11backup/videos/001f54431b3d/230808/070540_675182_001f54431b3d.mp4,[]
2023-08-11,19:47:24.432402,/Users/anupreksha/Desktop/hoophouse2023/flowerPi/aug11backup/videos/001f54431b3d/230808/074842_705049_001f54431b3d.mp4,[]
2023-08-11,19:47:47.511402,/Users/anupreksha/Desktop/hoophouse2023/flowerPi/aug11backup/videos/001f54431b3d/230808/120250_684272_001f54431b3d.mp4,[]
2023-08-11,19:48:01.082266,/Users/anupreksha/Desktop/hoophouse2023/flowerPi/aug11backup/videos/001f54431b3d/230808/141651_169979_001f54431b3d.mp4,[]
2023-08-11,19:48:19.978733,/Users/anupreksha/Desktop/hoophouse2023/flowerPi/aug11backup/videos/001f54431b3d/230808/193125_383647_001f54431b3d.mp4,[]
2023-08-11,19:47:56.711888,/Users/anupreksha/Desktop/hoophouse2023/flowerPi/aug11backup/videos/001f54431b3d/230808/135913_365591_001f54431b3d.mp4,[17]
2023-08-11,19:47:20.821579,/Users/anupreksha/Desktop/hoophouse2023/flowerPi/aug11backup/videos/001f54431b3d/230808/070358_689923_001f54431b3d.mp4,[]
2023-08-11,19:47:43.557659,/Users/anupreksha/Desktop/hoophouse2023/flowerPi/aug11backup/videos/001f54431b3d/230808/111737_597155_001f54431b3d.mp4,[]
2023-08-11,19:47:35.201893,/Users/anupreksha/Desktop/hoophouse2023/flowerPi/aug11backup/videos/001f54431b3d/230808/100514_205722_001f54431b3d.mp4,[]
2023-08-11,19:48:14.545242,/Users/anupreksha/Desktop/hoophouse2023/flowerPi/aug11backup/videos/001f54431b3d/230808/185708_963545_001f54431b3d.mp4,[987]
2023-08-11,19:47:43.022681,/Users/anupreksha/Desktop/hoophouse2023/flowerPi/aug11backup/videos/001f54431b3d/230808/110553_850571_001f54431b3d.mp4,[]
2023-08-11,19:47:51.193079,/Users/anupreksha/Desktop/hoophouse2023/flowerPi/aug11backup/videos/001f54431b3d/230808/121947_495508_001f54431b3d.mp4,[]
2023-08-11,19:48:06.002033,/Users/anupreksha/Desktop/hoophouse2023/flowerPi/aug11backup/videos/001f54431b3d/230808/173351_299662_001f54431b3d.mp4,[]
2023-08-11,19:47:54.958216,/Users/anupreksha/Desktop/hoophouse2023/flowerPi/aug11backup/videos/001f54431b3d/230808/123630_707782_001f54431b3d.mp4,[37]
2023-08-11,19:48:01.507553,/Users/anupreksha/Desktop/hoophouse2023/flowerPi/aug11backup/videos/001f54431b3d/230808/142505_375153_001f54431b3d.mp4,[]
2023-08-11,19:47:51.377384,/Users/anupreksha/Desktop/hoophouse2023/flowerPi/aug11backup/videos/001f54431b3d/230808/122302_910971_001f54431b3d.mp4,[17]
2023-08-11,19:47:21.137470,/Users/anupreksha/Desktop/hoophouse2023/flowerPi/aug11backup/videos/001f54431b3d/230808/071410_690344_001f54431b3d.mp4,[]
2023-08-11,19:47:47.621392,/Users/anupreksha/Desktop/hoophouse2023/flowerPi/aug11backup/videos/001f54431b3d/230808/120512_888856_001f54431b3d.mp4,[]
2023-08-11,19:47:47.090961,/Users/anupreksha/Desktop/hoophouse2023/flowerPi/aug11backup/videos/001f54431b3d/230808/114909_277933_001f54431b3d.mp4,[]
2023-08-11,19:48:19.797004,/Users/anupreksha/Desktop/hoophouse2023/flowerPi/aug11backup/videos/001f54431b3d/230808/192631_383450_001f54431b3d.mp4,"[422, 422, 422, 422]"
2023-08-11,19:47:56.029175,/Users/anupreksha/Desktop/hoophouse2023/flowerPi/aug11backup/videos/001f54431b3d/230808/134233_758031_001f54431b3d.mp4,[130]
2023-08-11,19:48:15.109707,/Users/anupreksha/Desktop/hoophouse2023/flowerPi/aug11backup/videos/001f54431b3d/230808/191259_372398_001f54431b3d.mp4,[]
2023-08-11,19:47:16.245363,/Users/anupreksha/Desktop/hoophouse2023/flowerPi/aug11backup/videos/001f54431b3d/230808/061415_044157_001f54431b3d.mp4,[]
2023-08-11,19:47:21.601631,/Users/anupreksha/Desktop/hoophouse2023/flowerPi/aug11backup/videos/001f54431b3d/230808/072432_696488_001f54431b3d.mp4,[]
2023-08-11,19:47:39.937246,/Users/anupreksha/Desktop/hoophouse2023/flowerPi/aug11backup/videos/001f54431b3d/230808/105042_446707_001f54431b3d.mp4,[]
2023-08-11,19:47:30.552030,/Users/anupreksha/Desktop/hoophouse2023/flowerPi/aug11backup/videos/001f54431b3d/230808/084110_961417_001f54431b3d.mp4,[404]
2023-08-11,19:48:05.412688,/Users/anupreksha/Desktop/hoophouse2023/flowerPi/aug11backup/videos/001f54431b3d/230808/164348_270429_001f54431b3d.mp4,[]
2023-08-11,19:48:09.861657,/Users/anupreksha/Desktop/hoophouse2023/flowerPi/aug11backup/videos/001f54431b3d/230808/175122_911882_001f54431b3d.mp4,[]
2023-08-11,19:48:20.682695,/Users/anupreksha/Desktop/hoophouse2023/flowerPi/aug11backup/videos/001f54431b3d/230808/195445_598742_001f54431b3d.mp4,[]
2023-08-11,19:47:24.863766,/Users/anupreksha/Desktop/hoophouse2023/flowerPi/aug11backup/videos/001f54431b3d/230808/080037_120455_001f54431b3d.mp4,[]
2023-08-11,19:48:21.738681,/Users/anupreksha/Desktop/hoophouse2023/flowerPi/aug11backup/videos/001f54431b3d/230808/202728_830986_001f54431b3d.mp4,[]
2023-08-11,19:47:38.717503,/Users/anupreksha/Desktop/hoophouse2023/flowerPi/aug11backup/videos/001f54431b3d/230808/102521_022375_001f54431b3d.mp4,[]
2023-08-11,19:48:20.543451,/Users/anupreksha/Desktop/hoophouse2023/flowerPi/aug11backup/videos/001f54431b3d/230808/195051_596327_001f54431b3d.mp4,[]
2023-08-11,19:47:40.055585,/Users/anupreksha/Desktop/hoophouse2023/flowerPi/aug11backup/videos/001f54431b3d/230808/105358_854467_001f54431b3d.mp4,[]
2023-08-11,19:48:10.584469,/Users/anupreksha/Desktop/hoophouse2023/flowerPi/aug11backup/videos/001f54431b3d/230808/184043_954230_001f54431b3d.mp4,[]
2023-08-11,19:47:38.784363,/Users/anupreksha/Desktop/hoophouse2023/flowerPi/aug11backup/videos/001f54431b3d/230808/102639_020632_001f54431b3d.mp4,[]
2023-08-11,19:47:24.001834,/Users/anupreksha/Desktop/hoophouse2023/flowerPi/aug11backup/videos/001f54431b3d/230808/073842_700205_001f54431b3d.mp4,[]
2023-08-11,19:47:24.287289,/Users/anupreksha/Desktop/hoophouse2023/flowerPi/aug11backup/videos/001f54431b3d/230808/074516_703629_001f54431b3d.mp4,"[17, 17, 17]"
2023-08-11,19:48:05.875132,/Users/anupreksha/Desktop/hoophouse2023/flowerPi/aug11backup/videos/001f54431b3d/230808/173045_297304_001f54431b3d.mp4,[]
2023-08-11,19:47:34.747470,/Users/anupreksha/Desktop/hoophouse2023/flowerPi/aug11backup/videos/001f54431b3d/230808/095349_792868_001f54431b3d.mp4,[]
2023-08-11,19:47:38.618417,/Users/anupreksha/Desktop/hoophouse2023/flowerPi/aug11backup/videos/001f54431b3d/230808/102307_016620_001f54431b3d.mp4,[209]
2023-08-11,19:48:14.689554,/Users/anupreksha/Desktop/hoophouse2023/flowerPi/aug11backup/videos/001f54431b3d/230808/190235_964342_001f54431b3d.mp4,[]
2023-08-11,19:48:05.770947,/Users/anupreksha/Desktop/hoophouse2023/flowerPi/aug11backup/videos/001f54431b3d/230808/172608_898180_001f54431b3d.mp4,[]
2023-08-11,19:48:20.746523,/Users/anupreksha/Desktop/hoophouse2023/flowerPi/aug11backup/videos/001f54431b3d/230808/195623_599661_001f54431b3d.mp4,[]
2023-08-11,19:48:20.116081,/Users/anupreksha/Desktop/hoophouse2023/flowerPi/aug11backup/videos/001f54431b3d/230808/193643_585642_001f54431b3d.mp4,[]
2023-08-11,19:47:17.988175,/Users/anupreksha/Desktop/hoophouse2023/flowerPi/aug11backup/videos/001f54431b3d/230808/062729_052059_001f54431b3d.mp4,[]
2023-08-11,19:47:21.885378,/Users/anupreksha/Desktop/hoophouse2023/flowerPi/aug11backup/videos/001f54431b3d/230808/073132_693869_001f54431b3d.mp4,[]
2023-08-11,19:48:01.932095,/Users/anupreksha/Desktop/hoophouse2023/flowerPi/aug11backup/videos/001f54431b3d/230808/143600_312105_001f54431b3d.mp4,[]
2023-08-11,19:47:35.161123,/Users/anupreksha/Desktop/hoophouse2023/flowerPi/aug11backup/videos/001f54431b3d/230808/100414_002160_001f54431b3d.mp4,[]
2023-08-11,19:47:47.452826,/Users/anupreksha/Desktop/hoophouse2023/flowerPi/aug11backup/videos/001f54431b3d/230808/120102_693794_001f54431b3d.mp4,[]
2023-08-11,19:48:09.587844,/Users/anupreksha/Desktop/hoophouse2023/flowerPi/aug11backup/videos/001f54431b3d/230808/174228_706301_001f54431b3d.mp4,[]
2023-08-11,19:47:40.263182,/Users/anupreksha/Desktop/hoophouse2023/flowerPi/aug11backup/videos/001f54431b3d/230808/105753_637314_001f54431b3d.mp4,[]
2023-08-11,19:47:13.966240,/Users/anupreksha/Desktop/hoophouse2023/flowerPi/aug11backup/videos/001f54431b3d/230808/053849_022766_001f54431b3d.mp4,[]
2023-08-11,19:48:10.319743,/Users/anupreksha/Desktop/hoophouse2023/flowerPi/aug11backup/videos/001f54431b3d/230808/181143_743931_001f54431b3d.mp4,[]
2023-08-11,19:48:00.501518,/Users/anupreksha/Desktop/hoophouse2023/flowerPi/aug11backup/videos/001f54431b3d/230808/140751_769359_001f54431b3d.mp4,[]
2023-08-11,19:47:21.326453,/Users/anupreksha/Desktop/hoophouse2023/flowerPi/aug11backup/videos/001f54431b3d/230808/071748_689594_001f54431b3d.mp4,[]
2023-08-11,19:47:14.356940,/Users/anupreksha/Desktop/hoophouse2023/flowerPi/aug11backup/videos/001f54431b3d/230808/054805_625281_001f54431b3d.mp4,[]
2023-08-11,19:47:35.101880,/Users/anupreksha/Desktop/hoophouse2023/flowerPi/aug11backup/videos/001f54431b3d/230808/100241_006690_001f54431b3d.mp4,"[853, 853]"
2023-08-11,19:47:42.793617,/Users/anupreksha/Desktop/hoophouse2023/flowerPi/aug11backup/videos/001f54431b3d/230808/110031_841392_001f54431b3d.mp4,"[17, 404]"
2023-08-11,19:47:18.119715,/Users/anupreksha/Desktop/hoophouse2023/flowerPi/aug11backup/videos/001f54431b3d/230808/063053_055200_001f54431b3d.mp4,[]
2023-08-11,19:47:15.847779,/Users/anupreksha/Desktop/hoophouse2023/flowerPi/aug11backup/videos/001f54431b3d/230808/060246_035620_001f54431b3d.mp4,[]
2023-08-11,19:48:05.929116,/Users/anupreksha/Desktop/hoophouse2023/flowerPi/aug11backup/videos/001f54431b3d/230808/173216_298406_001f54431b3d.mp4,[]
2023-08-11,19:48:00.279533,/Users/anupreksha/Desktop/hoophouse2023/flowerPi/aug11backup/videos/001f54431b3d/230808/140442_365749_001f54431b3d.mp4,[]
2023-08-11,19:47:31.979404,/Users/anupreksha/Desktop/hoophouse2023/flowerPi/aug11backup/videos/001f54431b3d/230808/094129_189432_001f54431b3d.mp4,"[425, 37]"
2023-08-11,19:47:34.786759,/Users/anupreksha/Desktop/hoophouse2023/flowerPi/aug11backup/videos/001f54431b3d/230808/095434_802721_001f54431b3d.mp4,[]
2023-08-11,19:48:14.749620,/Users/anupreksha/Desktop/hoophouse2023/flowerPi/aug11backup/videos/001f54431b3d/230808/190407_180351_001f54431b3d.mp4,"[973, 973, 973, 973]"
2023-08-11,19:47:14.501132,/Users/anupreksha/Desktop/hoophouse2023/flowerPi/aug11backup/videos/001f54431b3d/230808/055209_827953_001f54431b3d.mp4,[]
2023-08-11,19:48:00.317641,/Users/anupreksha/Desktop/hoophouse2023/flowerPi/aug11backup/videos/001f54431b3d/230808/140517_368871_001f54431b3d.mp4,[]
2023-08-11,19:48:01.417740,/Users/anupreksha/Desktop/hoophouse2023/flowerPi/aug11backup/videos/001f54431b3d/230808/142347_174946_001f54431b3d.mp4,[]
2023-08-11,19:47:43.398361,/Users/anupreksha/Desktop/hoophouse2023/flowerPi/aug11backup/videos/001f54431b3d/230808/111404_063664_001f54431b3d.mp4,[17]
2023-08-11,19:48:20.497930,/Users/anupreksha/Desktop/hoophouse2023/flowerPi/aug11backup/videos/001f54431b3d/230808/194933_596696_001f54431b3d.mp4,[]
2023-08-11,19:47:31.290485,/Users/anupreksha/Desktop/hoophouse2023/flowerPi/aug11backup/videos/001f54431b3d/230808/092222_979141_001f54431b3d.mp4,[]
2023-08-11,19:47:50.710396,/Users/anupreksha/Desktop/hoophouse2023/flowerPi/aug11backup/videos/001f54431b3d/230808/121145_292902_001f54431b3d.mp4,[]
2023-08-11,19:47:39.288201,/Users/anupreksha/Desktop/hoophouse2023/flowerPi/aug11backup/videos/001f54431b3d/230808/103623_226040_001f54431b3d.mp4,[683]
2023-08-11,19:48:01.030984,/Users/anupreksha/Desktop/hoophouse2023/flowerPi/aug11backup/videos/001f54431b3d/230808/141619_169977_001f54431b3d.mp4,[]
2023-08-11,19:47:27.151700,/Users/anupreksha/Desktop/hoophouse2023/flowerPi/aug11backup/videos/001f54431b3d/230808/081010_530449_001f54431b3d.mp4,[]
2023-08-11,19:47:27.810436,/Users/anupreksha/Desktop/hoophouse2023/flowerPi/aug11backup/videos/001f54431b3d/230808/082422_740235_001f54431b3d.mp4,[]
2023-08-11,19:48:14.873738,/Users/anupreksha/Desktop/hoophouse2023/flowerPi/aug11backup/videos/001f54431b3d/230808/190731_168385_001f54431b3d.mp4,[]
2023-08-11,19:48:06.148356,/Users/anupreksha/Desktop/hoophouse2023/flowerPi/aug11backup/videos/001f54431b3d/230808/173739_702649_001f54431b3d.mp4,[]
2023-08-11,19:48:01.658674,/Users/anupreksha/Desktop/hoophouse2023/flowerPi/aug11backup/videos/001f54431b3d/230808/142803_977818_001f54431b3d.mp4,[]
2023-08-11,19:48:05.134644,/Users/anupreksha/Desktop/hoophouse2023/flowerPi/aug11backup/videos/001f54431b3d/230808/144024_390902_001f54431b3d.mp4,[]
2023-08-11,19:47:51.807463,/Users/anupreksha/Desktop/hoophouse2023/flowerPi/aug11backup/videos/001f54431b3d/230808/123029_107460_001f54431b3d.mp4,[]
2023-08-11,19:47:46.951006,/Users/anupreksha/Desktop/hoophouse2023/flowerPi/aug11backup/videos/001f54431b3d/230808/113601_876399_001f54431b3d.mp4,"[296, 296, 296, 296, 296, 296, 296, 296, 296, 296, 296, 296, 296, 296, 296, 296, 296, 296, 296, 296, 296, 296, 296, 296, 296, 296]"
2023-08-11,19:47:18.919566,/Users/anupreksha/Desktop/hoophouse2023/flowerPi/aug11backup/videos/001f54431b3d/230808/065010_476035_001f54431b3d.mp4,[]
2023-08-11,19:47:31.565456,/Users/anupreksha/Desktop/hoophouse2023/flowerPi/aug11backup/videos/001f54431b3d/230808/092941_779760_001f54431b3d.mp4,[]
2023-08-11,19:47:18.654458,/Users/anupreksha/Desktop/hoophouse2023/flowerPi/aug11backup/videos/001f54431b3d/230808/064328_994884_001f54431b3d.mp4,[]
2023-08-11,19:47:35.775048,/Users/anupreksha/Desktop/hoophouse2023/flowerPi/aug11backup/videos/001f54431b3d/230808/102044_031089_001f54431b3d.mp4,[]
2023-08-11,19:47:39.449908,/Users/anupreksha/Desktop/hoophouse2023/flowerPi/aug11backup/videos/001f54431b3d/230808/103922_830920_001f54431b3d.mp4,"[653, 653, 106]"
2023-08-11,19:47:55.110996,/Users/anupreksha/Desktop/hoophouse2023/flowerPi/aug11backup/videos/001f54431b3d/230808/123917_719554_001f54431b3d.mp4,[]
2023-08-11,19:47:51.965407,/Users/anupreksha/Desktop/hoophouse2023/flowerPi/aug11backup/videos/001f54431b3d/230808/123303_322714_001f54431b3d.mp4,[392]
2023-08-11,19:47:52.015419,/Users/anupreksha/Desktop/hoophouse2023/flowerPi/aug11backup/videos/001f54431b3d/230808/123401_309338_001f54431b3d.mp4,[]
2023-08-11,19:47:21.869699,/Users/anupreksha/Desktop/hoophouse2023/flowerPi/aug11backup/videos/001f54431b3d/230808/073111_695689_001f54431b3d.mp4,"[17, 17]"
2023-08-11,19:47:52.071358,/Users/anupreksha/Desktop/hoophouse2023/flowerPi/aug11backup/videos/001f54431b3d/230808/123441_322947_001f54431b3d.mp4,[]
2023-08-11,19:47:43.497244,/Users/anupreksha/Desktop/hoophouse2023/flowerPi/aug11backup/videos/001f54431b3d/230808/111608_267442_001f54431b3d.mp4,[]
2023-08-11,19:48:21.491730,/Users/anupreksha/Desktop/hoophouse2023/flowerPi/aug11backup/videos/001f54431b3d/230808/200019_602783_001f54431b3d.mp4,[]
2023-08-11,19:47:34.592934,/Users/anupreksha/Desktop/hoophouse2023/flowerPi/aug11backup/videos/001f54431b3d/230808/095036_801017_001f54431b3d.mp4,[]
2023-08-11,19:47:24.098657,/Users/anupreksha/Desktop/hoophouse2023/flowerPi/aug11backup/videos/001f54431b3d/230808/074108_703405_001f54431b3d.mp4,[]
2023-08-11,19:47:51.002481,/Users/anupreksha/Desktop/hoophouse2023/flowerPi/aug11backup/videos/001f54431b3d/230808/121650_025323_001f54431b3d.mp4,[]
2023-08-11,19:47:47.534729,/Users/anupreksha/Desktop/hoophouse2023/flowerPi/aug11backup/videos/001f54431b3d/230808/120302_696262_001f54431b3d.mp4,[]
2023-08-11,19:47:44.127166,/Users/anupreksha/Desktop/hoophouse2023/flowerPi/aug11backup/videos/001f54431b3d/230808/112938_471218_001f54431b3d.mp4,[]
2023-08-11,19:47:30.646465,/Users/anupreksha/Desktop/hoophouse2023/flowerPi/aug11backup/videos/001f54431b3d/230808/084413_356101_001f54431b3d.mp4,[]
2023-08-11,19:47:18.753989,/Users/anupreksha/Desktop/hoophouse2023/flowerPi/aug11backup/videos/001f54431b3d/230808/064604_071580_001f54431b3d.mp4,[]
2023-08-11,19:47:18.296700,/Users/anupreksha/Desktop/hoophouse2023/flowerPi/aug11backup/videos/001f54431b3d/230808/063503_256616_001f54431b3d.mp4,[]
2023-08-11,19:48:06.164940,/Users/anupreksha/Desktop/hoophouse2023/flowerPi/aug11backup/videos/001f54431b3d/230808/173755_704814_001f54431b3d.mp4,[]
2023-08-11,19:47:23.858061,/Users/anupreksha/Desktop/hoophouse2023/flowerPi/aug11backup/videos/001f54431b3d/230808/073520_700057_001f54431b3d.mp4,[502]
2023-08-11,19:47:24.549588,/Users/anupreksha/Desktop/hoophouse2023/flowerPi/aug11backup/videos/001f54431b3d/230808/075140_706029_001f54431b3d.mp4,"[17, 145, 145, 145, 145]"
2023-08-11,19:48:20.315507,/Users/anupreksha/Desktop/hoophouse2023/flowerPi/aug11backup/videos/001f54431b3d/230808/194509_593679_001f54431b3d.mp4,[]
2023-08-11,19:47:43.353177,/Users/anupreksha/Desktop/hoophouse2023/flowerPi/aug11backup/videos/001f54431b3d/230808/111307_054832_001f54431b3d.mp4,[110]
2023-08-11,19:47:21.230349,/Users/anupreksha/Desktop/hoophouse2023/flowerPi/aug11backup/videos/001f54431b3d/230808/071600_689452_001f54431b3d.mp4,[]
2023-08-11,19:48:19.846237,/Users/anupreksha/Desktop/hoophouse2023/flowerPi/aug11backup/videos/001f54431b3d/230808/192801_383489_001f54431b3d.mp4,[]
2023-08-11,19:48:05.626793,/Users/anupreksha/Desktop/hoophouse2023/flowerPi/aug11backup/videos/001f54431b3d/230808/170343_679775_001f54431b3d.mp4,[]
2023-08-11,19:48:01.007711,/Users/anupreksha/Desktop/hoophouse2023/flowerPi/aug11backup/videos/001f54431b3d/230808/141554_170908_001f54431b3d.mp4,[]
2023-08-11,19:47:34.764829,/Users/anupreksha/Desktop/hoophouse2023/flowerPi/aug11backup/videos/001f54431b3d/230808/095412_796282_001f54431b3d.mp4,[]
2023-08-11,19:47:20.797792,/Users/anupreksha/Desktop/hoophouse2023/flowerPi/aug11backup/videos/001f54431b3d/230808/070332_686892_001f54431b3d.mp4,[]
2023-08-11,19:47:31.179923,/Users/anupreksha/Desktop/hoophouse2023/flowerPi/aug11backup/videos/001f54431b3d/230808/091803_976784_001f54431b3d.mp4,[]
2023-08-11,19:47:28.457361,/Users/anupreksha/Desktop/hoophouse2023/flowerPi/aug11backup/videos/001f54431b3d/230808/083933_949243_001f54431b3d.mp4,"[145, 110]"
2023-08-11,19:47:14.197001,/Users/anupreksha/Desktop/hoophouse2023/flowerPi/aug11backup/videos/001f54431b3d/230808/054442_622526_001f54431b3d.mp4,[]
2023-08-11,19:47:50.503875,/Users/anupreksha/Desktop/hoophouse2023/flowerPi/aug11backup/videos/001f54431b3d/230808/120735_292855_001f54431b3d.mp4,[]
2023-08-11,19:48:21.477266,/Users/anupreksha/Desktop/hoophouse2023/flowerPi/aug11backup/videos/001f54431b3d/230808/195950_604421_001f54431b3d.mp4,[]
2023-08-11,19:47:14.305583,/Users/anupreksha/Desktop/hoophouse2023/flowerPi/aug11backup/videos/001f54431b3d/230808/054653_625279_001f54431b3d.mp4,[17]
2023-08-11,19:47:34.391613,/Users/anupreksha/Desktop/hoophouse2023/flowerPi/aug11backup/videos/001f54431b3d/230808/094642_593867_001f54431b3d.mp4,[]
2023-08-11,19:47:35.515668,/Users/anupreksha/Desktop/hoophouse2023/flowerPi/aug11backup/videos/001f54431b3d/230808/101346_608448_001f54431b3d.mp4,"[17, 17, 17, 17, 17, 17, 17, 17, 17]"
2023-08-11,19:47:21.484727,/Users/anupreksha/Desktop/hoophouse2023/flowerPi/aug11backup/videos/001f54431b3d/230808/072145_699086_001f54431b3d.mp4,[]
2023-08-11,19:48:05.456450,/Users/anupreksha/Desktop/hoophouse2023/flowerPi/aug11backup/videos/001f54431b3d/230808/164522_268198_001f54431b3d.mp4,[]
2023-08-11,19:47:32.046876,/Users/anupreksha/Desktop/hoophouse2023/flowerPi/aug11backup/videos/001f54431b3d/230808/094337_388659_001f54431b3d.mp4,"[17, 17]"
2023-08-11,19:47:14.529546,/Users/anupreksha/Desktop/hoophouse2023/flowerPi/aug11backup/videos/001f54431b3d/230808/055254_828381_001f54431b3d.mp4,[]
2023-08-11,19:47:15.971497,/Users/anupreksha/Desktop/hoophouse2023/flowerPi/aug11backup/videos/001f54431b3d/230808/060623_036144_001f54431b3d.mp4,[]
2023-08-11,19:48:00.552443,/Users/anupreksha/Desktop/hoophouse2023/flowerPi/aug11backup/videos/001f54431b3d/230808/140835_765919_001f54431b3d.mp4,[]
2023-08-11,19:47:43.694565,/Users/anupreksha/Desktop/hoophouse2023/flowerPi/aug11backup/videos/001f54431b3d/230808/112055_061094_001f54431b3d.mp4,[]
2023-08-11,19:48:20.086836,/Users/anupreksha/Desktop/hoophouse2023/flowerPi/aug11backup/videos/001f54431b3d/230808/193557_585423_001f54431b3d.mp4,[]
2023-08-11,19:48:09.725717,/Users/anupreksha/Desktop/hoophouse2023/flowerPi/aug11backup/videos/001f54431b3d/230808/174633_908400_001f54431b3d.mp4,[]
2023-08-11,19:48:20.261667,/Users/anupreksha/Desktop/hoophouse2023/flowerPi/aug11backup/videos/001f54431b3d/230808/194014_591739_001f54431b3d.mp4,[]
2023-08-11,19:47:55.529440,/Users/anupreksha/Desktop/hoophouse2023/flowerPi/aug11backup/videos/001f54431b3d/230808/125935_127384_001f54431b3d.mp4,"[17, 17, 17]"
2023-08-11,19:47:27.206366,/Users/anupreksha/Desktop/hoophouse2023/flowerPi/aug11backup/videos/001f54431b3d/230808/081128_722146_001f54431b3d.mp4,[]
2023-08-11,19:47:31.102710,/Users/anupreksha/Desktop/hoophouse2023/flowerPi/aug11backup/videos/001f54431b3d/230808/090844_576773_001f54431b3d.mp4,"[437, 437, 437]"
2023-08-11,19:47:47.221110,/Users/anupreksha/Desktop/hoophouse2023/flowerPi/aug11backup/videos/001f54431b3d/230808/115441_677574_001f54431b3d.mp4,[]
2023-08-11,19:48:09.488162,/Users/anupreksha/Desktop/hoophouse2023/flowerPi/aug11backup/videos/001f54431b3d/230808/173924_704192_001f54431b3d.mp4,[]
2023-08-11,19:47:30.910970,/Users/anupreksha/Desktop/hoophouse2023/flowerPi/aug11backup/videos/001f54431b3d/230808/085457_765267_001f54431b3d.mp4,"[470, 470, 470, 470, 470]"
2023-08-11,19:47:21.211656,/Users/anupreksha/Desktop/hoophouse2023/flowerPi/aug11backup/videos/001f54431b3d/230808/071548_689003_001f54431b3d.mp4,[]
2023-08-11,19:47:24.708699,/Users/anupreksha/Desktop/hoophouse2023/flowerPi/aug11backup/videos/001f54431b3d/230808/075621_713329_001f54431b3d.mp4,[]
2023-08-11,19:48:09.522960,/Users/anupreksha/Desktop/hoophouse2023/flowerPi/aug11backup/videos/001f54431b3d/230808/174021_704642_001f54431b3d.mp4,[]
2023-08-11,19:47:35.042289,/Users/anupreksha/Desktop/hoophouse2023/flowerPi/aug11backup/videos/001f54431b3d/230808/100042_802160_001f54431b3d.mp4,[]
2023-08-11,19:48:20.024043,/Users/anupreksha/Desktop/hoophouse2023/flowerPi/aug11backup/videos/001f54431b3d/230808/193243_585939_001f54431b3d.mp4,[]
2023-08-11,19:48:14.224276,/Users/anupreksha/Desktop/hoophouse2023/flowerPi/aug11backup/videos/001f54431b3d/230808/184531_959039_001f54431b3d.mp4,[]
2023-08-11,19:47:18.787633,/Users/anupreksha/Desktop/hoophouse2023/flowerPi/aug11backup/videos/001f54431b3d/230808/064657_267782_001f54431b3d.mp4,[]
2023-08-11,19:48:01.917890,/Users/anupreksha/Desktop/hoophouse2023/flowerPi/aug11backup/videos/001f54431b3d/230808/143521_315554_001f54431b3d.mp4,[944]
2023-08-11,19:47:16.411094,/Users/anupreksha/Desktop/hoophouse2023/flowerPi/aug11backup/videos/001f54431b3d/230808/061851_046517_001f54431b3d.mp4,[]
2023-08-11,19:47:43.846905,/Users/anupreksha/Desktop/hoophouse2023/flowerPi/aug11backup/videos/001f54431b3d/230808/112407_075866_001f54431b3d.mp4,[]
2023-08-11,19:48:00.453477,/Users/anupreksha/Desktop/hoophouse2023/flowerPi/aug11backup/videos/001f54431b3d/230808/140711_770196_001f54431b3d.mp4,[]
2023-08-11,19:47:15.672756,/Users/anupreksha/Desktop/hoophouse2023/flowerPi/aug11backup/videos/001f54431b3d/230808/055703_032197_001f54431b3d.mp4,[]
2023-08-11,19:48:20.055501,/Users/anupreksha/Desktop/hoophouse2023/flowerPi/aug11backup/videos/001f54431b3d/230808/193503_585479_001f54431b3d.mp4,[]
2023-08-11,19:47:20.886806,/Users/anupreksha/Desktop/hoophouse2023/flowerPi/aug11backup/videos/001f54431b3d/230808/070720_680314_001f54431b3d.mp4,[]
2023-08-11,19:47:35.022522,/Users/anupreksha/Desktop/hoophouse2023/flowerPi/aug11backup/videos/001f54431b3d/230808/100004_801315_001f54431b3d.mp4,[]
2023-08-11,19:47:42.769464,/Users/anupreksha/Desktop/hoophouse2023/flowerPi/aug11backup/videos/001f54431b3d/230808/110008_776335_001f54431b3d.mp4,[145]
2023-08-11,19:47:27.932849,/Users/anupreksha/Desktop/hoophouse2023/flowerPi/aug11backup/videos/001f54431b3d/230808/082702_941782_001f54431b3d.mp4,[17]
2023-08-11,19:47:50.399594,/Users/anupreksha/Desktop/hoophouse2023/flowerPi/aug11backup/videos/001f54431b3d/230808/120543_285883_001f54431b3d.mp4,[]
2023-08-11,19:47:55.286552,/Users/anupreksha/Desktop/hoophouse2023/flowerPi/aug11backup/videos/001f54431b3d/230808/124242_109350_001f54431b3d.mp4,[]
2023-08-11,19:48:00.213868,/Users/anupreksha/Desktop/hoophouse2023/flowerPi/aug11backup/videos/001f54431b3d/230808/140307_366536_001f54431b3d.mp4,[]
2023-08-11,19:47:42.921802,/Users/anupreksha/Desktop/hoophouse2023/flowerPi/aug11backup/videos/001f54431b3d/230808/110311_450402_001f54431b3d.mp4,[]
2023-08-11,19:47:51.282676,/Users/anupreksha/Desktop/hoophouse2023/flowerPi/aug11backup/videos/001f54431b3d/230808/122127_913028_001f54431b3d.mp4,[]
2023-08-11,19:47:27.420815,/Users/anupreksha/Desktop/hoophouse2023/flowerPi/aug11backup/videos/001f54431b3d/230808/081608_732376_001f54431b3d.mp4,[]
2023-08-11,19:48:21.457116,/Users/anupreksha/Desktop/hoophouse2023/flowerPi/aug11backup/videos/001f54431b3d/230808/195917_602140_001f54431b3d.mp4,[]
2023-08-11,19:48:15.026293,/Users/anupreksha/Desktop/hoophouse2023/flowerPi/aug11backup/videos/001f54431b3d/230808/191101_369590_001f54431b3d.mp4,[]
2023-08-11,19:47:14.343139,/Users/anupreksha/Desktop/hoophouse2023/flowerPi/aug11backup/videos/001f54431b3d/230808/054751_625290_001f54431b3d.mp4,[17]
2023-08-11,19:47:55.343428,/Users/anupreksha/Desktop/hoophouse2023/flowerPi/aug11backup/videos/001f54431b3d/230808/124335_241632_001f54431b3d.mp4,[]
2023-08-11,19:47:35.620859,/Users/anupreksha/Desktop/hoophouse2023/flowerPi/aug11backup/videos/001f54431b3d/230808/101740_420577_001f54431b3d.mp4,[]
2023-08-11,19:47:21.618601,/Users/anupreksha/Desktop/hoophouse2023/flowerPi/aug11backup/videos/001f54431b3d/230808/072455_696655_001f54431b3d.mp4,"[732, 732, 732, 732, 732]"
2023-08-11,19:47:50.739361,/Users/anupreksha/Desktop/hoophouse2023/flowerPi/aug11backup/videos/001f54431b3d/230808/121157_296507_001f54431b3d.mp4,[653]
2023-08-11,19:48:20.379551,/Users/anupreksha/Desktop/hoophouse2023/flowerPi/aug11backup/videos/001f54431b3d/230808/194643_593404_001f54431b3d.mp4,[]
2023-08-11,19:47:18.467340,/Users/anupreksha/Desktop/hoophouse2023/flowerPi/aug11backup/videos/001f54431b3d/230808/063917_457794_001f54431b3d.mp4,[128]
2023-08-11,19:47:39.604872,/Users/anupreksha/Desktop/hoophouse2023/flowerPi/aug11backup/videos/001f54431b3d/230808/104215_031174_001f54431b3d.mp4,[]
2023-08-11,19:48:14.434765,/Users/anupreksha/Desktop/hoophouse2023/flowerPi/aug11backup/videos/001f54431b3d/230808/185202_958242_001f54431b3d.mp4,[]
2023-08-11,19:47:28.285485,/Users/anupreksha/Desktop/hoophouse2023/flowerPi/aug11backup/videos/001f54431b3d/230808/083543_944732_001f54431b3d.mp4,[]
2023-08-11,19:47:15.912052,/Users/anupreksha/Desktop/hoophouse2023/flowerPi/aug11backup/videos/001f54431b3d/230808/060443_038438_001f54431b3d.mp4,[]
2023-08-11,19:47:47.608446,/Users/anupreksha/Desktop/hoophouse2023/flowerPi/aug11backup/videos/001f54431b3d/230808/120437_893041_001f54431b3d.mp4,[]
2023-08-11,19:47:21.922156,/Users/anupreksha/Desktop/hoophouse2023/flowerPi/aug11backup/videos/001f54431b3d/230808/073226_699570_001f54431b3d.mp4,"[17, 17, 17, 17, 17]"
2023-08-11,19:47:52.039759,/Users/anupreksha/Desktop/hoophouse2023/flowerPi/aug11backup/videos/001f54431b3d/230808/123423_305901_001f54431b3d.mp4,[]
2023-08-11,19:48:00.345827,/Users/anupreksha/Desktop/hoophouse2023/flowerPi/aug11backup/videos/001f54431b3d/230808/140533_366642_001f54431b3d.mp4,[]
2023-08-11,19:47:34.901530,/Users/anupreksha/Desktop/hoophouse2023/flowerPi/aug11backup/videos/001f54431b3d/230808/095709_803439_001f54431b3d.mp4,[]
2023-08-11,19:47:55.573743,/Users/anupreksha/Desktop/hoophouse2023/flowerPi/aug11backup/videos/001f54431b3d/230808/130458_131600_001f54431b3d.mp4,"[666, 666, 190, 190]"
2023-08-11,19:48:00.764965,/Users/anupreksha/Desktop/hoophouse2023/flowerPi/aug11backup/videos/001f54431b3d/230808/141228_569546_001f54431b3d.mp4,[]
2023-08-11,19:48:05.118507,/Users/anupreksha/Desktop/hoophouse2023/flowerPi/aug11backup/videos/001f54431b3d/230808/144003_385307_001f54431b3d.mp4,[]
2023-08-11,19:47:27.341714,/Users/anupreksha/Desktop/hoophouse2023/flowerPi/aug11backup/videos/001f54431b3d/230808/081424_723345_001f54431b3d.mp4,[]
2023-08-11,19:48:00.849598,/Users/anupreksha/Desktop/hoophouse2023/flowerPi/aug11backup/videos/001f54431b3d/230808/141344_766828_001f54431b3d.mp4,[]
2023-08-11,19:47:21.343793,/Users/anupreksha/Desktop/hoophouse2023/flowerPi/aug11backup/videos/001f54431b3d/230808/071813_700425_001f54431b3d.mp4,[]
2023-08-11,19:47:43.517355,/Users/anupreksha/Desktop/hoophouse2023/flowerPi/aug11backup/videos/001f54431b3d/230808/111632_268133_001f54431b3d.mp4,[]
2023-08-11,19:47:56.697367,/Users/anupreksha/Desktop/hoophouse2023/flowerPi/aug11backup/videos/001f54431b3d/230808/135752_360808_001f54431b3d.mp4,[17]
2023-08-11,19:48:20.251898,/Users/anupreksha/Desktop/hoophouse2023/flowerPi/aug11backup/videos/001f54431b3d/230808/193951_587722_001f54431b3d.mp4,[]
2023-08-11,19:48:21.399097,/Users/anupreksha/Desktop/hoophouse2023/flowerPi/aug11backup/videos/001f54431b3d/230808/195717_600723_001f54431b3d.mp4,[]
2023-08-11,19:47:39.471141,/Users/anupreksha/Desktop/hoophouse2023/flowerPi/aug11backup/videos/001f54431b3d/230808/103943_834832_001f54431b3d.mp4,[]
2023-08-11,19:47:14.575268,/Users/anupreksha/Desktop/hoophouse2023/flowerPi/aug11backup/videos/001f54431b3d/230808/055405_835690_001f54431b3d.mp4,[]
2023-08-11,19:47:15.663411,/Users/anupreksha/Desktop/hoophouse2023/flowerPi/aug11backup/videos/001f54431b3d/230808/055647_031586_001f54431b3d.mp4,[]
2023-08-11,19:47:51.044899,/Users/anupreksha/Desktop/hoophouse2023/flowerPi/aug11backup/videos/001f54431b3d/230808/121739_225216_001f54431b3d.mp4,[]
2023-08-11,19:47:28.378885,/Users/anupreksha/Desktop/hoophouse2023/flowerPi/aug11backup/videos/001f54431b3d/230808/083756_947214_001f54431b3d.mp4,"[17, 17, 17, 17]"
2023-08-11,19:47:35.005086,/Users/anupreksha/Desktop/hoophouse2023/flowerPi/aug11backup/videos/001f54431b3d/230808/095927_802225_001f54431b3d.mp4,[]
2023-08-11,19:47:28.227733,/Users/anupreksha/Desktop/hoophouse2023/flowerPi/aug11backup/videos/001f54431b3d/230808/083428_956874_001f54431b3d.mp4,[]
2023-08-11,19:47:34.367746,/Users/anupreksha/Desktop/hoophouse2023/flowerPi/aug11backup/videos/001f54431b3d/230808/094605_590289_001f54431b3d.mp4,[]
2023-08-11,19:48:01.761315,/Users/anupreksha/Desktop/hoophouse2023/flowerPi/aug11backup/videos/001f54431b3d/230808/143056_178897_001f54431b3d.mp4,[]
2023-08-11,19:47:21.957306,/Users/anupreksha/Desktop/hoophouse2023/flowerPi/aug11backup/videos/001f54431b3d/230808/073325_702740_001f54431b3d.mp4,[]
2023-08-11,19:48:10.459491,/Users/anupreksha/Desktop/hoophouse2023/flowerPi/aug11backup/videos/001f54431b3d/230808/182229_945880_001f54431b3d.mp4,[]
2023-08-11,19:48:14.796896,/Users/anupreksha/Desktop/hoophouse2023/flowerPi/aug11backup/videos/001f54431b3d/230808/190519_173932_001f54431b3d.mp4,[]
2023-08-11,19:47:24.082302,/Users/anupreksha/Desktop/hoophouse2023/flowerPi/aug11backup/videos/001f54431b3d/230808/074035_705903_001f54431b3d.mp4,[]
2023-08-11,19:47:34.956513,/Users/anupreksha/Desktop/hoophouse2023/flowerPi/aug11backup/videos/001f54431b3d/230808/095828_800304_001f54431b3d.mp4,[]
2023-08-11,19:48:10.396585,/Users/anupreksha/Desktop/hoophouse2023/flowerPi/aug11backup/videos/001f54431b3d/230808/182051_869525_001f54431b3d.mp4,[]
2023-08-11,19:47:50.487408,/Users/anupreksha/Desktop/hoophouse2023/flowerPi/aug11backup/videos/001f54431b3d/230808/120715_291353_001f54431b3d.mp4,[]
2023-08-11,19:47:39.960526,/Users/anupreksha/Desktop/hoophouse2023/flowerPi/aug11backup/videos/001f54431b3d/230808/105120_635371_001f54431b3d.mp4,[485]
2023-08-11,19:48:00.877084,/Users/anupreksha/Desktop/hoophouse2023/flowerPi/aug11backup/videos/001f54431b3d/230808/141415_766756_001f54431b3d.mp4,[]
2023-08-11,19:48:06.031510,/Users/anupreksha/Desktop/hoophouse2023/flowerPi/aug11backup/videos/001f54431b3d/230808/173437_300961_001f54431b3d.mp4,[]
2023-08-11,19:48:10.385265,/Users/anupreksha/Desktop/hoophouse2023/flowerPi/aug11backup/videos/001f54431b3d/230808/182036_766055_001f54431b3d.mp4,[]
2023-08-11,19:48:10.038593,/Users/anupreksha/Desktop/hoophouse2023/flowerPi/aug11backup/videos/001f54431b3d/230808/175712_052220_001f54431b3d.mp4,[]
2023-08-11,19:47:31.488502,/Users/anupreksha/Desktop/hoophouse2023/flowerPi/aug11backup/videos/001f54431b3d/230808/092755_782973_001f54431b3d.mp4,"[229, 229]"
2023-08-11,19:47:51.773064,/Users/anupreksha/Desktop/hoophouse2023/flowerPi/aug11backup/videos/001f54431b3d/230808/122940_106929_001f54431b3d.mp4,[]
2023-08-11,19:47:16.604759,/Users/anupreksha/Desktop/hoophouse2023/flowerPi/aug11backup/videos/001f54431b3d/230808/062401_052653_001f54431b3d.mp4,[]
2023-08-11,19:47:39.411463,/Users/anupreksha/Desktop/hoophouse2023/flowerPi/aug11backup/videos/001f54431b3d/230808/103832_758727_001f54431b3d.mp4,[17]
2023-08-11,19:45:25.989327,/Users/anupreksha/Desktop/hoophouse2023/flowerPi/aug11backup/videos/001f543cd39b/230810/101550_011557_001f543cd39b.mp4,"[542, 542, 542, 542]"
2023-08-11,19:45:26.226216,/Users/anupreksha/Desktop/hoophouse2023/flowerPi/aug11backup/videos/001f543cd39b/230810/131549_268107_001f543cd39b.mp4,[]
2023-08-11,19:45:26.171176,/Users/anupreksha/Desktop/hoophouse2023/flowerPi/aug11backup/videos/001f543cd39b/230810/121300_856941_001f543cd39b.mp4,[]
2023-08-11,19:45:26.094606,/Users/anupreksha/Desktop/hoophouse2023/flowerPi/aug11backup/videos/001f543cd39b/230810/115107_841819_001f543cd39b.mp4,[]
2023-08-11,19:45:26.159324,/Users/anupreksha/Desktop/hoophouse2023/flowerPi/aug11backup/videos/001f543cd39b/230810/120800_441325_001f543cd39b.mp4,[]
2023-08-11,19:45:26.201197,/Users/anupreksha/Desktop/hoophouse2023/flowerPi/aug11backup/videos/001f543cd39b/230810/131505_267939_001f543cd39b.mp4,[]
2023-08-11,19:45:26.004129,/Users/anupreksha/Desktop/hoophouse2023/flowerPi/aug11backup/videos/001f543cd39b/230810/110604_031255_001f543cd39b.mp4,"[190, 738]"
2023-08-11,19:45:26.253388,/Users/anupreksha/Desktop/hoophouse2023/flowerPi/aug11backup/videos/001f543cd39b/230810/132306_807680_001f543cd39b.mp4,[]
2023-08-11,19:45:26.047446,/Users/anupreksha/Desktop/hoophouse2023/flowerPi/aug11backup/videos/001f543cd39b/230810/114647_639579_001f543cd39b.mp4,[172]
2023-08-11,19:45:25.973692,/Users/anupreksha/Desktop/hoophouse2023/flowerPi/aug11backup/videos/001f543cd39b/230810/101537_018812_001f543cd39b.mp4,"[542, 542, 542, 542, 542, 542, 542]"
2023-08-11,19:45:26.107201,/Users/anupreksha/Desktop/hoophouse2023/flowerPi/aug11backup/videos/001f543cd39b/230810/115509_846399_001f543cd39b.mp4,[]
2023-08-11,19:45:26.135132,/Users/anupreksha/Desktop/hoophouse2023/flowerPi/aug11backup/videos/001f543cd39b/230810/115830_846976_001f543cd39b.mp4,[]
2023-08-11,19:45:26.264553,/Users/anupreksha/Desktop/hoophouse2023/flowerPi/aug11backup/videos/001f543cd39b/230810/140010_084657_001f543cd39b.mp4,[190]
2023-08-11,19:45:26.279009,/Users/anupreksha/Desktop/hoophouse2023/flowerPi/aug11backup/videos/001f543cd39b/230810/140047_083487_001f543cd39b.mp4,[]
2023-08-11,19:45:25.943954,/Users/anupreksha/Desktop/hoophouse2023/flowerPi/aug11backup/videos/001f543cd39b/230810/082136_766438_001f543cd39b.mp4,[]
2023-08-11,19:45:26.061823,/Users/anupreksha/Desktop/hoophouse2023/flowerPi/aug11backup/videos/001f543cd39b/230810/114702_638411_001f543cd39b.mp4,[]
2023-08-11,19:45:26.081720,/Users/anupreksha/Desktop/hoophouse2023/flowerPi/aug11backup/videos/001f543cd39b/230810/114727_838975_001f543cd39b.mp4,[336]
2023-08-11,19:45:25.957769,/Users/anupreksha/Desktop/hoophouse2023/flowerPi/aug11backup/videos/001f543cd39b/230810/094527_000728_001f543cd39b.mp4,[296]
2023-08-11,19:45:26.243510,/Users/anupreksha/Desktop/hoophouse2023/flowerPi/aug11backup/videos/001f543cd39b/230810/131643_282667_001f543cd39b.mp4,[106]
2023-08-11,19:45:26.211347,/Users/anupreksha/Desktop/hoophouse2023/flowerPi/aug11backup/videos/001f543cd39b/230810/131532_267767_001f543cd39b.mp4,[]
2023-08-11,19:45:26.191328,/Users/anupreksha/Desktop/hoophouse2023/flowerPi/aug11backup/videos/001f543cd39b/230810/125634_195428_001f543cd39b.mp4,[]
2023-08-11,19:45:26.030757,/Users/anupreksha/Desktop/hoophouse2023/flowerPi/aug11backup/videos/001f543cd39b/230810/113202_034161_001f543cd39b.mp4,[]
2023-08-11,19:45:26.120412,/Users/anupreksha/Desktop/hoophouse2023/flowerPi/aug11backup/videos/001f543cd39b/230810/115543_847170_001f543cd39b.mp4,[]
2023-08-11,19:45:15.458798,/Users/anupreksha/Desktop/hoophouse2023/flowerPi/aug11backup/videos/001f543cd39b/230809/140316_997488_001f543cd39b.mp4,[]
2023-08-11,19:45:18.023854,/Users/anupreksha/Desktop/hoophouse2023/flowerPi/aug11backup/videos/001f543cd39b/230809/153041_430505_001f543cd39b.mp4,[]
2023-08-11,19:45:22.980882,/Users/anupreksha/Desktop/hoophouse2023/flowerPi/aug11backup/videos/001f543cd39b/230809/170921_474233_001f543cd39b.mp4,[]
2023-08-11,19:45:22.746696,/Users/anupreksha/Desktop/hoophouse2023/flowerPi/aug11backup/videos/001f543cd39b/230809/165332_055152_001f543cd39b.mp4,"[140, 140]"
2023-08-11,19:45:16.683040,/Users/anupreksha/Desktop/hoophouse2023/flowerPi/aug11backup/videos/001f543cd39b/230809/150632_022333_001f543cd39b.mp4,[]
2023-08-11,19:45:20.383320,/Users/anupreksha/Desktop/hoophouse2023/flowerPi/aug11backup/videos/001f543cd39b/230809/163241_854534_001f543cd39b.mp4,[]
2023-08-11,19:45:17.516265,/Users/anupreksha/Desktop/hoophouse2023/flowerPi/aug11backup/videos/001f543cd39b/230809/152140_825756_001f543cd39b.mp4,"[429, 379, 17]"
2023-08-11,19:45:22.257151,/Users/anupreksha/Desktop/hoophouse2023/flowerPi/aug11backup/videos/001f543cd39b/230809/164259_253570_001f543cd39b.mp4,"[190, 653, 653, 653, 653, 653]"
2023-08-11,19:45:22.509010,/Users/anupreksha/Desktop/hoophouse2023/flowerPi/aug11backup/videos/001f543cd39b/230809/164759_655545_001f543cd39b.mp4,"[653, 683, 683, 683, 683, 683]"
2023-08-11,19:45:22.282669,/Users/anupreksha/Desktop/hoophouse2023/flowerPi/aug11backup/videos/001f543cd39b/230809/164325_390407_001f543cd39b.mp4,[997]
2023-08-11,19:45:24.803895,/Users/anupreksha/Desktop/hoophouse2023/flowerPi/aug11backup/videos/001f543cd39b/230809/173152_467202_001f543cd39b.mp4,[930]
2023-08-11,19:45:18.248009,/Users/anupreksha/Desktop/hoophouse2023/flowerPi/aug11backup/videos/001f543cd39b/230809/153443_033025_001f543cd39b.mp4,[17]
2023-08-11,19:45:20.465463,/Users/anupreksha/Desktop/hoophouse2023/flowerPi/aug11backup/videos/001f543cd39b/230809/163413_857776_001f543cd39b.mp4,[]
2023-08-11,19:45:25.585848,/Users/anupreksha/Desktop/hoophouse2023/flowerPi/aug11backup/videos/001f543cd39b/230809/192021_720381_001f543cd39b.mp4,"[653, 653, 653, 653, 653]"
2023-08-11,19:45:15.588260,/Users/anupreksha/Desktop/hoophouse2023/flowerPi/aug11backup/videos/001f543cd39b/230809/142035_604092_001f543cd39b.mp4,[]
2023-08-11,19:45:23.076768,/Users/anupreksha/Desktop/hoophouse2023/flowerPi/aug11backup/videos/001f543cd39b/230809/171147_665223_001f543cd39b.mp4,"[683, 683, 683, 683, 683, 683]"
2023-08-11,19:45:18.268688,/Users/anupreksha/Desktop/hoophouse2023/flowerPi/aug11backup/videos/001f543cd39b/230809/153505_029402_001f543cd39b.mp4,"[366, 366, 366, 669]"
2023-08-11,19:45:23.328115,/Users/anupreksha/Desktop/hoophouse2023/flowerPi/aug11backup/videos/001f543cd39b/230809/172530_005985_001f543cd39b.mp4,[172]
2023-08-11,19:45:22.967411,/Users/anupreksha/Desktop/hoophouse2023/flowerPi/aug11backup/videos/001f543cd39b/230809/170852_470480_001f543cd39b.mp4,[]
2023-08-11,19:45:20.618761,/Users/anupreksha/Desktop/hoophouse2023/flowerPi/aug11backup/videos/001f543cd39b/230809/163715_252269_001f543cd39b.mp4,[]
2023-08-11,19:45:25.043900,/Users/anupreksha/Desktop/hoophouse2023/flowerPi/aug11backup/videos/001f543cd39b/230809/175616_678229_001f543cd39b.mp4,[]
2023-08-11,19:45:20.719973,/Users/anupreksha/Desktop/hoophouse2023/flowerPi/aug11backup/videos/001f543cd39b/230809/163903_655520_001f543cd39b.mp4,[190]
2023-08-11,19:45:25.179891,/Users/anupreksha/Desktop/hoophouse2023/flowerPi/aug11backup/videos/001f543cd39b/230809/180313_679620_001f543cd39b.mp4,[112]
2023-08-11,19:45:18.135872,/Users/anupreksha/Desktop/hoophouse2023/flowerPi/aug11backup/videos/001f543cd39b/230809/153233_627500_001f543cd39b.mp4,"[987, 653]"
2023-08-11,19:45:20.433201,/Users/anupreksha/Desktop/hoophouse2023/flowerPi/aug11backup/videos/001f543cd39b/230809/163323_851878_001f543cd39b.mp4,[]
2023-08-11,19:45:18.208522,/Users/anupreksha/Desktop/hoophouse2023/flowerPi/aug11backup/videos/001f543cd39b/230809/153341_564365_001f543cd39b.mp4,[892]
2023-08-11,19:45:20.740954,/Users/anupreksha/Desktop/hoophouse2023/flowerPi/aug11backup/videos/001f543cd39b/230809/163928_655838_001f543cd39b.mp4,[190]
2023-08-11,19:45:23.343368,/Users/anupreksha/Desktop/hoophouse2023/flowerPi/aug11backup/videos/001f543cd39b/230809/172548_072531_001f543cd39b.mp4,[]
2023-08-11,19:45:23.119986,/Users/anupreksha/Desktop/hoophouse2023/flowerPi/aug11backup/videos/001f543cd39b/230809/171318_673071_001f543cd39b.mp4,[]
2023-08-11,19:45:15.613905,/Users/anupreksha/Desktop/hoophouse2023/flowerPi/aug11backup/videos/001f543cd39b/230809/145437_623282_001f543cd39b.mp4,[190]
2023-08-11,19:45:22.923300,/Users/anupreksha/Desktop/hoophouse2023/flowerPi/aug11backup/videos/001f543cd39b/230809/170809_462614_001f543cd39b.mp4,[]
2023-08-11,19:45:25.479428,/Users/anupreksha/Desktop/hoophouse2023/flowerPi/aug11backup/videos/001f543cd39b/230809/190805_717625_001f543cd39b.mp4,[]
2023-08-11,19:45:20.411878,/Users/anupreksha/Desktop/hoophouse2023/flowerPi/aug11backup/videos/001f543cd39b/230809/163259_853927_001f543cd39b.mp4,[]
2023-08-11,19:45:25.453215,/Users/anupreksha/Desktop/hoophouse2023/flowerPi/aug11backup/videos/001f543cd39b/230809/190736_700405_001f543cd39b.mp4,[]
2023-08-11,19:45:20.077266,/Users/anupreksha/Desktop/hoophouse2023/flowerPi/aug11backup/videos/001f543cd39b/230809/162434_657755_001f543cd39b.mp4,[930]
2023-08-11,19:45:15.520818,/Users/anupreksha/Desktop/hoophouse2023/flowerPi/aug11backup/videos/001f543cd39b/230809/140550_995404_001f543cd39b.mp4,[190]
2023-08-11,19:45:18.112766,/Users/anupreksha/Desktop/hoophouse2023/flowerPi/aug11backup/videos/001f543cd39b/230809/153157_629181_001f543cd39b.mp4,[653]
2023-08-11,19:45:17.804191,/Users/anupreksha/Desktop/hoophouse2023/flowerPi/aug11backup/videos/001f543cd39b/230809/152648_430472_001f543cd39b.mp4,[892]
2023-08-11,19:45:19.725935,/Users/anupreksha/Desktop/hoophouse2023/flowerPi/aug11backup/videos/001f543cd39b/230809/161254_472806_001f543cd39b.mp4,[987]
2023-08-11,19:45:22.882559,/Users/anupreksha/Desktop/hoophouse2023/flowerPi/aug11backup/videos/001f543cd39b/230809/170650_459961_001f543cd39b.mp4,[379]
2023-08-11,19:45:16.832187,/Users/anupreksha/Desktop/hoophouse2023/flowerPi/aug11backup/videos/001f543cd39b/230809/150912_217155_001f543cd39b.mp4,[987]
2023-08-11,19:45:19.918110,/Users/anupreksha/Desktop/hoophouse2023/flowerPi/aug11backup/videos/001f543cd39b/230809/162000_780032_001f543cd39b.mp4,[]
2023-08-11,19:45:22.381686,/Users/anupreksha/Desktop/hoophouse2023/flowerPi/aug11backup/videos/001f543cd39b/230809/164530_653990_001f543cd39b.mp4,[]
2023-08-11,19:45:23.552071,/Users/anupreksha/Desktop/hoophouse2023/flowerPi/aug11backup/videos/001f543cd39b/230809/173041_479009_001f543cd39b.mp4,[]
2023-08-11,19:45:23.107633,/Users/anupreksha/Desktop/hoophouse2023/flowerPi/aug11backup/videos/001f543cd39b/230809/171303_661728_001f543cd39b.mp4,[]
2023-08-11,19:45:15.356682,/Users/anupreksha/Desktop/hoophouse2023/flowerPi/aug11backup/videos/001f543cd39b/230809/140039_797241_001f543cd39b.mp4,[]
2023-08-11,19:45:23.524372,/Users/anupreksha/Desktop/hoophouse2023/flowerPi/aug11backup/videos/001f543cd39b/230809/173000_293223_001f543cd39b.mp4,"[172, 172, 172]"
2023-08-11,19:45:25.339142,/Users/anupreksha/Desktop/hoophouse2023/flowerPi/aug11backup/videos/001f543cd39b/230809/184447_704754_001f543cd39b.mp4,[]
2023-08-11,19:45:15.394863,/Users/anupreksha/Desktop/hoophouse2023/flowerPi/aug11backup/videos/001f543cd39b/230809/140108_798021_001f543cd39b.mp4,[113]
2023-08-11,19:45:20.255124,/Users/anupreksha/Desktop/hoophouse2023/flowerPi/aug11backup/videos/001f543cd39b/230809/162850_857905_001f543cd39b.mp4,[]
2023-08-11,19:45:25.271349,/Users/anupreksha/Desktop/hoophouse2023/flowerPi/aug11backup/videos/001f543cd39b/230809/182757_689249_001f543cd39b.mp4,[]
2023-08-11,19:45:25.617514,/Users/anupreksha/Desktop/hoophouse2023/flowerPi/aug11backup/videos/001f543cd39b/230809/192321_710816_001f543cd39b.mp4,[]
2023-08-11,19:45:16.632102,/Users/anupreksha/Desktop/hoophouse2023/flowerPi/aug11backup/videos/001f543cd39b/230809/150511_814671_001f543cd39b.mp4,[]
2023-08-11,19:45:15.124166,/Users/anupreksha/Desktop/hoophouse2023/flowerPi/aug11backup/videos/001f543cd39b/230809/123432_567106_001f543cd39b.mp4,"[277, 277, 277, 277, 277, 277, 581, 277, 277, 277, 277]"
2023-08-11,19:45:25.741363,/Users/anupreksha/Desktop/hoophouse2023/flowerPi/aug11backup/videos/001f543cd39b/230809/194311_733580_001f543cd39b.mp4,[]
2023-08-11,19:45:17.783438,/Users/anupreksha/Desktop/hoophouse2023/flowerPi/aug11backup/videos/001f543cd39b/230809/152617_425418_001f543cd39b.mp4,[]
2023-08-11,19:45:22.814241,/Users/anupreksha/Desktop/hoophouse2023/flowerPi/aug11backup/videos/001f543cd39b/230809/165802_056794_001f543cd39b.mp4,[]
2023-08-11,19:45:24.949375,/Users/anupreksha/Desktop/hoophouse2023/flowerPi/aug11backup/videos/001f543cd39b/230809/175235_476654_001f543cd39b.mp4,[]
2023-08-11,19:45:22.907142,/Users/anupreksha/Desktop/hoophouse2023/flowerPi/aug11backup/videos/001f543cd39b/230809/170747_461809_001f543cd39b.mp4,[]
2023-08-11,19:45:17.541440,/Users/anupreksha/Desktop/hoophouse2023/flowerPi/aug11backup/videos/001f543cd39b/230809/152155_824877_001f543cd39b.mp4,"[892, 190]"
2023-08-11,19:45:19.738875,/Users/anupreksha/Desktop/hoophouse2023/flowerPi/aug11backup/videos/001f543cd39b/230809/161356_265915_001f543cd39b.mp4,[]
2023-08-11,19:45:17.451035,/Users/anupreksha/Desktop/hoophouse2023/flowerPi/aug11backup/videos/001f543cd39b/230809/152021_627287_001f543cd39b.mp4,[379]
2023-08-11,19:45:20.520686,/Users/anupreksha/Desktop/hoophouse2023/flowerPi/aug11backup/videos/001f543cd39b/230809/163513_989470_001f543cd39b.mp4,[]
2023-08-11,19:45:19.753007,/Users/anupreksha/Desktop/hoophouse2023/flowerPi/aug11backup/videos/001f543cd39b/230809/161419_645599_001f543cd39b.mp4,"[653, 987, 987]"
2023-08-11,19:45:25.534168,/Users/anupreksha/Desktop/hoophouse2023/flowerPi/aug11backup/videos/001f543cd39b/230809/191339_704122_001f543cd39b.mp4,[]
2023-08-11,19:45:23.492325,/Users/anupreksha/Desktop/hoophouse2023/flowerPi/aug11backup/videos/001f543cd39b/230809/172905_273093_001f543cd39b.mp4,[]
2023-08-11,19:45:24.882359,/Users/anupreksha/Desktop/hoophouse2023/flowerPi/aug11backup/videos/001f543cd39b/230809/174503_477223_001f543cd39b.mp4,[]
2023-08-11,19:45:22.667097,/Users/anupreksha/Desktop/hoophouse2023/flowerPi/aug11backup/videos/001f543cd39b/230809/165155_853068_001f543cd39b.mp4,[]
2023-08-11,19:45:15.442283,/Users/anupreksha/Desktop/hoophouse2023/flowerPi/aug11backup/videos/001f543cd39b/230809/140303_993871_001f543cd39b.mp4,[]
2023-08-11,19:45:16.804420,/Users/anupreksha/Desktop/hoophouse2023/flowerPi/aug11backup/videos/001f543cd39b/230809/150820_018936_001f543cd39b.mp4,[379]
2023-08-11,19:45:15.206377,/Users/anupreksha/Desktop/hoophouse2023/flowerPi/aug11backup/videos/001f543cd39b/230809/135003_525327_001f543cd39b.mp4,[]
2023-08-11,19:45:22.829206,/Users/anupreksha/Desktop/hoophouse2023/flowerPi/aug11backup/videos/001f543cd39b/230809/165856_062782_001f543cd39b.mp4,"[283, 283, 283]"
2023-08-11,19:45:20.031642,/Users/anupreksha/Desktop/hoophouse2023/flowerPi/aug11backup/videos/001f543cd39b/230809/162324_583120_001f543cd39b.mp4,[]
2023-08-11,19:45:17.475597,/Users/anupreksha/Desktop/hoophouse2023/flowerPi/aug11backup/videos/001f543cd39b/230809/152047_828131_001f543cd39b.mp4,[]
2023-08-11,19:45:22.801492,/Users/anupreksha/Desktop/hoophouse2023/flowerPi/aug11backup/videos/001f543cd39b/230809/165711_054762_001f543cd39b.mp4,[]
2023-08-11,19:45:20.637858,/Users/anupreksha/Desktop/hoophouse2023/flowerPi/aug11backup/videos/001f543cd39b/230809/163739_401924_001f543cd39b.mp4,"[131, 131, 131, 131]"
2023-08-11,19:45:25.033576,/Users/anupreksha/Desktop/hoophouse2023/flowerPi/aug11backup/videos/001f543cd39b/230809/175541_682577_001f543cd39b.mp4,[]
2023-08-11,19:45:25.097267,/Users/anupreksha/Desktop/hoophouse2023/flowerPi/aug11backup/videos/001f543cd39b/230809/175719_677731_001f543cd39b.mp4,[470]
2023-08-11,19:45:16.818561,/Users/anupreksha/Desktop/hoophouse2023/flowerPi/aug11backup/videos/001f543cd39b/230809/150852_154164_001f543cd39b.mp4,[]
2023-08-11,19:45:25.307404,/Users/anupreksha/Desktop/hoophouse2023/flowerPi/aug11backup/videos/001f543cd39b/230809/183141_697128_001f543cd39b.mp4,[]
2023-08-11,19:45:24.793167,/Users/anupreksha/Desktop/hoophouse2023/flowerPi/aug11backup/videos/001f543cd39b/230809/173130_469985_001f543cd39b.mp4,[]
2023-08-11,19:45:15.162867,/Users/anupreksha/Desktop/hoophouse2023/flowerPi/aug11backup/videos/001f543cd39b/230809/132931_988938_001f543cd39b.mp4,[]
2023-08-11,19:45:25.213717,/Users/anupreksha/Desktop/hoophouse2023/flowerPi/aug11backup/videos/001f543cd39b/230809/180507_683307_001f543cd39b.mp4,[]
2023-08-11,19:45:23.191004,/Users/anupreksha/Desktop/hoophouse2023/flowerPi/aug11backup/videos/001f543cd39b/230809/172057_667535_001f543cd39b.mp4,[]
2023-08-11,19:45:25.248740,/Users/anupreksha/Desktop/hoophouse2023/flowerPi/aug11backup/videos/001f543cd39b/230809/180731_682214_001f543cd39b.mp4,[]
2023-08-11,19:45:19.610789,/Users/anupreksha/Desktop/hoophouse2023/flowerPi/aug11backup/videos/001f543cd39b/230809/160947_373646_001f543cd39b.mp4,[]
2023-08-11,19:45:19.693204,/Users/anupreksha/Desktop/hoophouse2023/flowerPi/aug11backup/videos/001f543cd39b/230809/161057_646406_001f543cd39b.mp4,[]
2023-08-11,19:45:25.672770,/Users/anupreksha/Desktop/hoophouse2023/flowerPi/aug11backup/videos/001f543cd39b/230809/192927_723298_001f543cd39b.mp4,[]
2023-08-11,19:45:20.576530,/Users/anupreksha/Desktop/hoophouse2023/flowerPi/aug11backup/videos/001f543cd39b/230809/163621_256269_001f543cd39b.mp4,[]
2023-08-11,19:45:15.482574,/Users/anupreksha/Desktop/hoophouse2023/flowerPi/aug11backup/videos/001f543cd39b/230809/140332_995433_001f543cd39b.mp4,[]
2023-08-11,19:45:15.507486,/Users/anupreksha/Desktop/hoophouse2023/flowerPi/aug11backup/videos/001f543cd39b/230809/140501_997781_001f543cd39b.mp4,[]
2023-08-11,19:45:17.026189,/Users/anupreksha/Desktop/hoophouse2023/flowerPi/aug11backup/videos/001f543cd39b/230809/151255_422891_001f543cd39b.mp4,"[190, 379]"
2023-08-11,19:45:19.765666,/Users/anupreksha/Desktop/hoophouse2023/flowerPi/aug11backup/videos/001f543cd39b/230809/161457_648987_001f543cd39b.mp4,[131]
2023-08-11,19:45:20.674740,/Users/anupreksha/Desktop/hoophouse2023/flowerPi/aug11backup/videos/001f543cd39b/230809/163818_469177_001f543cd39b.mp4,[]
2023-08-11,19:45:17.699035,/Users/anupreksha/Desktop/hoophouse2023/flowerPi/aug11backup/videos/001f543cd39b/230809/152444_024117_001f543cd39b.mp4,"[683, 987, 987, 987, 429]"
2023-08-11,19:45:25.381205,/Users/anupreksha/Desktop/hoophouse2023/flowerPi/aug11backup/videos/001f543cd39b/230809/185302_702136_001f543cd39b.mp4,[]
2023-08-11,19:45:25.133275,/Users/anupreksha/Desktop/hoophouse2023/flowerPi/aug11backup/videos/001f543cd39b/230809/175911_680422_001f543cd39b.mp4,[]
2023-08-11,19:45:15.546352,/Users/anupreksha/Desktop/hoophouse2023/flowerPi/aug11backup/videos/001f543cd39b/230809/140726_199337_001f543cd39b.mp4,[944]
2023-08-11,19:45:15.599150,/Users/anupreksha/Desktop/hoophouse2023/flowerPi/aug11backup/videos/001f543cd39b/230809/142429_607647_001f543cd39b.mp4,[]
2023-08-11,19:45:20.113454,/Users/anupreksha/Desktop/hoophouse2023/flowerPi/aug11backup/videos/001f543cd39b/230809/162541_660548_001f543cd39b.mp4,[]
2023-08-11,19:45:15.139025,/Users/anupreksha/Desktop/hoophouse2023/flowerPi/aug11backup/videos/001f543cd39b/230809/125904_577340_001f543cd39b.mp4,[]
2023-08-11,19:45:25.779308,/Users/anupreksha/Desktop/hoophouse2023/flowerPi/aug11backup/videos/001f543cd39b/230809/195858_736705_001f543cd39b.mp4,[]
2023-08-11,19:45:22.459058,/Users/anupreksha/Desktop/hoophouse2023/flowerPi/aug11backup/videos/001f543cd39b/230809/164709_664200_001f543cd39b.mp4,[997]
2023-08-11,19:45:17.238674,/Users/anupreksha/Desktop/hoophouse2023/flowerPi/aug11backup/videos/001f543cd39b/230809/151707_430173_001f543cd39b.mp4,[]
2023-08-11,19:45:22.301475,/Users/anupreksha/Desktop/hoophouse2023/flowerPi/aug11backup/videos/001f543cd39b/230809/164355_583669_001f543cd39b.mp4,"[190, 653, 190]"
2023-08-11,19:45:18.087199,/Users/anupreksha/Desktop/hoophouse2023/flowerPi/aug11backup/videos/001f543cd39b/230809/153131_429645_001f543cd39b.mp4,[441]
2023-08-11,19:45:25.732609,/Users/anupreksha/Desktop/hoophouse2023/flowerPi/aug11backup/videos/001f543cd39b/230809/194247_719757_001f543cd39b.mp4,[]
2023-08-11,19:45:17.050700,/Users/anupreksha/Desktop/hoophouse2023/flowerPi/aug11backup/videos/001f543cd39b/230809/151319_418627_001f543cd39b.mp4,"[126, 126, 126, 126]"
2023-08-11,19:45:25.596732,/Users/anupreksha/Desktop/hoophouse2023/flowerPi/aug11backup/videos/001f543cd39b/230809/192151_725306_001f543cd39b.mp4,[]
2023-08-11,19:45:25.002711,/Users/anupreksha/Desktop/hoophouse2023/flowerPi/aug11backup/videos/001f543cd39b/230809/175423_693634_001f543cd39b.mp4,[997]
2023-08-11,19:45:16.669667,/Users/anupreksha/Desktop/hoophouse2023/flowerPi/aug11backup/videos/001f543cd39b/230809/150613_016417_001f543cd39b.mp4,"[657, 653]"
2023-08-11,19:45:19.874147,/Users/anupreksha/Desktop/hoophouse2023/flowerPi/aug11backup/videos/001f543cd39b/230809/161854_251473_001f543cd39b.mp4,[]
2023-08-11,19:45:25.371216,/Users/anupreksha/Desktop/hoophouse2023/flowerPi/aug11backup/videos/001f543cd39b/230809/185237_694965_001f543cd39b.mp4,[]
2023-08-11,19:45:24.966281,/Users/anupreksha/Desktop/hoophouse2023/flowerPi/aug11backup/videos/001f543cd39b/230809/175250_475540_001f543cd39b.mp4,[283]
2023-08-11,19:45:25.575398,/Users/anupreksha/Desktop/hoophouse2023/flowerPi/aug11backup/videos/001f543cd39b/230809/191621_718620_001f543cd39b.mp4,[]
2023-08-11,19:45:17.341898,/Users/anupreksha/Desktop/hoophouse2023/flowerPi/aug11backup/videos/001f543cd39b/230809/151854_627515_001f543cd39b.mp4,"[425, 425, 425, 425]"
2023-08-11,19:45:25.467898,/Users/anupreksha/Desktop/hoophouse2023/flowerPi/aug11backup/videos/001f543cd39b/230809/190749_701031_001f543cd39b.mp4,[]
2023-08-11,19:45:22.421469,/Users/anupreksha/Desktop/hoophouse2023/flowerPi/aug11backup/videos/001f543cd39b/230809/164620_653516_001f543cd39b.mp4,[190]
2023-08-11,19:45:15.053680,/Users/anupreksha/Desktop/hoophouse2023/flowerPi/aug11backup/videos/001f543cd39b/230809/114302_689287_001f543cd39b.mp4,[]
2023-08-11,19:45:22.851869,/Users/anupreksha/Desktop/hoophouse2023/flowerPi/aug11backup/videos/001f543cd39b/230809/170246_460466_001f543cd39b.mp4,[]
2023-08-11,19:45:22.647108,/Users/anupreksha/Desktop/hoophouse2023/flowerPi/aug11backup/videos/001f543cd39b/230809/165133_853885_001f543cd39b.mp4,[106]
2023-08-11,19:45:19.978667,/Users/anupreksha/Desktop/hoophouse2023/flowerPi/aug11backup/videos/001f543cd39b/230809/162144_847687_001f543cd39b.mp4,[]
2023-08-11,19:45:19.479716,/Users/anupreksha/Desktop/hoophouse2023/flowerPi/aug11backup/videos/001f543cd39b/230809/160216_646171_001f543cd39b.mp4,[]
2023-08-11,19:45:25.236643,/Users/anupreksha/Desktop/hoophouse2023/flowerPi/aug11backup/videos/001f543cd39b/230809/180657_678321_001f543cd39b.mp4,[]
2023-08-11,19:45:25.432951,/Users/anupreksha/Desktop/hoophouse2023/flowerPi/aug11backup/videos/001f543cd39b/230809/190523_700892_001f543cd39b.mp4,[]
2023-08-11,19:45:22.688223,/Users/anupreksha/Desktop/hoophouse2023/flowerPi/aug11backup/videos/001f543cd39b/230809/165219_856423_001f543cd39b.mp4,[]
2023-08-11,19:45:24.980193,/Users/anupreksha/Desktop/hoophouse2023/flowerPi/aug11backup/videos/001f543cd39b/230809/175307_478175_001f543cd39b.mp4,[]
2023-08-11,19:45:25.489790,/Users/anupreksha/Desktop/hoophouse2023/flowerPi/aug11backup/videos/001f543cd39b/230809/190835_705556_001f543cd39b.mp4,[]
2023-08-11,19:45:20.846503,/Users/anupreksha/Desktop/hoophouse2023/flowerPi/aug11backup/videos/001f543cd39b/230809/164128_069268_001f543cd39b.mp4,"[437, 437, 437, 437, 437, 987, 997, 987]"
2023-08-11,19:45:22.765580,/Users/anupreksha/Desktop/hoophouse2023/flowerPi/aug11backup/videos/001f543cd39b/230809/165355_060472_001f543cd39b.mp4,[997]
2023-08-11,19:45:17.676711,/Users/anupreksha/Desktop/hoophouse2023/flowerPi/aug11backup/videos/001f543cd39b/230809/152408_836973_001f543cd39b.mp4,[17]
2023-08-11,19:45:17.066890,/Users/anupreksha/Desktop/hoophouse2023/flowerPi/aug11backup/videos/001f543cd39b/230809/151344_418780_001f543cd39b.mp4,[]
2023-08-11,19:45:17.366324,/Users/anupreksha/Desktop/hoophouse2023/flowerPi/aug11backup/videos/001f543cd39b/230809/151911_624413_001f543cd39b.mp4,"[987, 190, 379]"
2023-08-11,19:45:25.155509,/Users/anupreksha/Desktop/hoophouse2023/flowerPi/aug11backup/videos/001f543cd39b/230809/180053_681346_001f543cd39b.mp4,[]
2023-08-11,19:45:20.502237,/Users/anupreksha/Desktop/hoophouse2023/flowerPi/aug11backup/videos/001f543cd39b/230809/163447_860410_001f543cd39b.mp4,[]
2023-08-11,19:45:25.649562,/Users/anupreksha/Desktop/hoophouse2023/flowerPi/aug11backup/videos/001f543cd39b/230809/192539_725526_001f543cd39b.mp4,[]
2023-08-11,19:45:22.547013,/Users/anupreksha/Desktop/hoophouse2023/flowerPi/aug11backup/videos/001f543cd39b/230809/164904_656977_001f543cd39b.mp4,[]
2023-08-11,19:45:15.094170,/Users/anupreksha/Desktop/hoophouse2023/flowerPi/aug11backup/videos/001f543cd39b/230809/123332_566682_001f543cd39b.mp4,[]
2023-08-11,19:45:15.013563,/Users/anupreksha/Desktop/hoophouse2023/flowerPi/aug11backup/videos/001f543cd39b/230809/102601_725634_001f543cd39b.mp4,[]
2023-08-11,19:45:22.321966,/Users/anupreksha/Desktop/hoophouse2023/flowerPi/aug11backup/videos/001f543cd39b/230809/164419_653741_001f543cd39b.mp4,"[190, 109, 109, 109, 109, 109]"
2023-08-11,19:45:17.722962,/Users/anupreksha/Desktop/hoophouse2023/flowerPi/aug11backup/videos/001f543cd39b/230809/152509_168954_001f543cd39b.mp4,[190]
2023-08-11,19:45:25.660307,/Users/anupreksha/Desktop/hoophouse2023/flowerPi/aug11backup/videos/001f543cd39b/230809/192840_711457_001f543cd39b.mp4,[]
2023-08-11,19:45:20.162017,/Users/anupreksha/Desktop/hoophouse2023/flowerPi/aug11backup/videos/001f543cd39b/230809/162658_777209_001f543cd39b.mp4,[]
2023-08-11,19:45:25.555774,/Users/anupreksha/Desktop/hoophouse2023/flowerPi/aug11backup/videos/001f543cd39b/230809/191451_717059_001f543cd39b.mp4,[]
2023-08-11,19:45:20.330872,/Users/anupreksha/Desktop/hoophouse2023/flowerPi/aug11backup/videos/001f543cd39b/230809/163113_848687_001f543cd39b.mp4,"[987, 987, 987, 987, 987]"
2023-08-11,19:45:15.227374,/Users/anupreksha/Desktop/hoophouse2023/flowerPi/aug11backup/videos/001f543cd39b/230809/135813_793150_001f543cd39b.mp4,"[366, 366, 366, 366]"
2023-08-11,19:45:23.453995,/Users/anupreksha/Desktop/hoophouse2023/flowerPi/aug11backup/videos/001f543cd39b/230809/172808_091321_001f543cd39b.mp4,[]
2023-08-11,19:45:17.735004,/Users/anupreksha/Desktop/hoophouse2023/flowerPi/aug11backup/videos/001f543cd39b/230809/152537_224551_001f543cd39b.mp4,[]
2023-08-11,19:45:17.166145,/Users/anupreksha/Desktop/hoophouse2023/flowerPi/aug11backup/videos/001f543cd39b/230809/151517_419700_001f543cd39b.mp4,[]
2023-08-11,19:45:17.906292,/Users/anupreksha/Desktop/hoophouse2023/flowerPi/aug11backup/videos/001f543cd39b/230809/152841_425962_001f543cd39b.mp4,[]
2023-08-11,19:45:25.225597,/Users/anupreksha/Desktop/hoophouse2023/flowerPi/aug11backup/videos/001f543cd39b/230809/180600_677413_001f543cd39b.mp4,[]
2023-08-11,19:45:24.858590,/Users/anupreksha/Desktop/hoophouse2023/flowerPi/aug11backup/videos/001f543cd39b/230809/173951_470651_001f543cd39b.mp4,[]
2023-08-11,19:45:16.655207,/Users/anupreksha/Desktop/hoophouse2023/flowerPi/aug11backup/videos/001f543cd39b/230809/150542_016437_001f543cd39b.mp4,"[37, 190]"
2023-08-11,19:45:20.821335,/Users/anupreksha/Desktop/hoophouse2023/flowerPi/aug11backup/videos/001f543cd39b/230809/164106_066500_001f543cd39b.mp4,[190]
2023-08-11,19:45:16.703101,/Users/anupreksha/Desktop/hoophouse2023/flowerPi/aug11backup/videos/001f543cd39b/230809/150643_024036_001f543cd39b.mp4,[]
2023-08-11,19:45:25.072036,/Users/anupreksha/Desktop/hoophouse2023/flowerPi/aug11backup/videos/001f543cd39b/230809/175652_683272_001f543cd39b.mp4,[]
2023-08-11,19:45:25.701719,/Users/anupreksha/Desktop/hoophouse2023/flowerPi/aug11backup/videos/001f543cd39b/230809/193633_729931_001f543cd39b.mp4,[]
2023-08-11,19:45:17.003869,/Users/anupreksha/Desktop/hoophouse2023/flowerPi/aug11backup/videos/001f543cd39b/230809/151227_417614_001f543cd39b.mp4,[]
2023-08-11,19:45:23.130360,/Users/anupreksha/Desktop/hoophouse2023/flowerPi/aug11backup/videos/001f543cd39b/230809/171733_663597_001f543cd39b.mp4,[]
2023-08-11,19:45:15.289324,/Users/anupreksha/Desktop/hoophouse2023/flowerPi/aug11backup/videos/001f543cd39b/230809/135918_797709_001f543cd39b.mp4,[190]
2023-08-11,19:45:17.988560,/Users/anupreksha/Desktop/hoophouse2023/flowerPi/aug11backup/videos/001f543cd39b/230809/152956_426993_001f543cd39b.mp4,[]
2023-08-11,19:45:20.172841,/Users/anupreksha/Desktop/hoophouse2023/flowerPi/aug11backup/videos/001f543cd39b/230809/162716_855661_001f543cd39b.mp4,"[17, 17]"
2023-08-11,19:45:17.202417,/Users/anupreksha/Desktop/hoophouse2023/flowerPi/aug11backup/videos/001f543cd39b/230809/151609_419379_001f543cd39b.mp4,[]
2023-08-11,19:45:22.707681,/Users/anupreksha/Desktop/hoophouse2023/flowerPi/aug11backup/videos/001f543cd39b/230809/165243_987816_001f543cd39b.mp4,"[653, 17, 653, 653, 653, 653]"
2023-08-11,19:45:19.663457,/Users/anupreksha/Desktop/hoophouse2023/flowerPi/aug11backup/videos/001f543cd39b/230809/161031_446448_001f543cd39b.mp4,[]
2023-08-11,19:45:22.954550,/Users/anupreksha/Desktop/hoophouse2023/flowerPi/aug11backup/videos/001f543cd39b/230809/170834_492152_001f543cd39b.mp4,[]
2023-08-11,19:45:25.768958,/Users/anupreksha/Desktop/hoophouse2023/flowerPi/aug11backup/videos/001f543cd39b/230809/195355_739492_001f543cd39b.mp4,[]
2023-08-11,19:45:15.575836,/Users/anupreksha/Desktop/hoophouse2023/flowerPi/aug11backup/videos/001f543cd39b/230809/140804_399174_001f543cd39b.mp4,[]
2023-08-11,19:45:20.019117,/Users/anupreksha/Desktop/hoophouse2023/flowerPi/aug11backup/videos/001f543cd39b/230809/162247_450073_001f543cd39b.mp4,[]
2023-08-11,19:45:18.180172,/Users/anupreksha/Desktop/hoophouse2023/flowerPi/aug11backup/videos/001f543cd39b/230809/153322_250187_001f543cd39b.mp4,[379]
2023-08-11,19:45:22.726730,/Users/anupreksha/Desktop/hoophouse2023/flowerPi/aug11backup/videos/001f543cd39b/230809/165310_058382_001f543cd39b.mp4,[]
2023-08-11,19:45:25.750500,/Users/anupreksha/Desktop/hoophouse2023/flowerPi/aug11backup/videos/001f543cd39b/230809/194358_722403_001f543cd39b.mp4,[]
2023-08-11,19:45:18.308446,/Users/anupreksha/Desktop/hoophouse2023/flowerPi/aug11backup/videos/001f543cd39b/230809/153533_029977_001f543cd39b.mp4,[]
2023-08-11,19:45:24.840626,/Users/anupreksha/Desktop/hoophouse2023/flowerPi/aug11backup/videos/001f543cd39b/230809/173444_470740_001f543cd39b.mp4,[]
2023-08-11,19:45:25.798573,/Users/anupreksha/Desktop/hoophouse2023/flowerPi/aug11backup/videos/001f543cd39b/230809/200139_723756_001f543cd39b.mp4,[]
2023-08-11,19:45:24.926814,/Users/anupreksha/Desktop/hoophouse2023/flowerPi/aug11backup/videos/001f543cd39b/230809/175128_474545_001f543cd39b.mp4,[]
2023-08-11,19:45:25.565166,/Users/anupreksha/Desktop/hoophouse2023/flowerPi/aug11backup/videos/001f543cd39b/230809/191516_716136_001f543cd39b.mp4,[]
2023-08-11,19:45:25.349866,/Users/anupreksha/Desktop/hoophouse2023/flowerPi/aug11backup/videos/001f543cd39b/230809/184723_713029_001f543cd39b.mp4,[]
2023-08-11,19:45:23.142261,/Users/anupreksha/Desktop/hoophouse2023/flowerPi/aug11backup/videos/001f543cd39b/230809/171829_667754_001f543cd39b.mp4,[]
2023-08-11,19:45:19.994993,/Users/anupreksha/Desktop/hoophouse2023/flowerPi/aug11backup/videos/001f543cd39b/230809/162216_181627_001f543cd39b.mp4,[930]
2023-08-11,19:45:25.116562,/Users/anupreksha/Desktop/hoophouse2023/flowerPi/aug11backup/videos/001f543cd39b/230809/175814_687445_001f543cd39b.mp4,[]
2023-08-11,19:45:20.313403,/Users/anupreksha/Desktop/hoophouse2023/flowerPi/aug11backup/videos/001f543cd39b/230809/163048_864235_001f543cd39b.mp4,[542]
2023-08-11,19:45:23.239625,/Users/anupreksha/Desktop/hoophouse2023/flowerPi/aug11backup/videos/001f543cd39b/230809/172320_871077_001f543cd39b.mp4,[]
2023-08-11,19:45:15.080860,/Users/anupreksha/Desktop/hoophouse2023/flowerPi/aug11backup/videos/001f543cd39b/230809/115726_296246_001f543cd39b.mp4,[]
2023-08-11,19:45:25.607186,/Users/anupreksha/Desktop/hoophouse2023/flowerPi/aug11backup/videos/001f543cd39b/230809/192245_707820_001f543cd39b.mp4,[17]
2023-08-11,19:45:20.239889,/Users/anupreksha/Desktop/hoophouse2023/flowerPi/aug11backup/videos/001f543cd39b/230809/162838_865310_001f543cd39b.mp4,[]
2023-08-11,19:45:25.523748,/Users/anupreksha/Desktop/hoophouse2023/flowerPi/aug11backup/videos/001f543cd39b/230809/191219_702503_001f543cd39b.mp4,[]
2023-08-11,19:45:22.442305,/Users/anupreksha/Desktop/hoophouse2023/flowerPi/aug11backup/videos/001f543cd39b/230809/164644_673462_001f543cd39b.mp4,[190]
2023-08-11,19:45:23.278640,/Users/anupreksha/Desktop/hoophouse2023/flowerPi/aug11backup/videos/001f543cd39b/230809/172359_867333_001f543cd39b.mp4,[]
2023-08-11,19:45:20.650654,/Users/anupreksha/Desktop/hoophouse2023/flowerPi/aug11backup/videos/001f543cd39b/230809/163802_454366_001f543cd39b.mp4,[]
2023-08-11,19:45:22.790118,/Users/anupreksha/Desktop/hoophouse2023/flowerPi/aug11backup/videos/001f543cd39b/230809/165438_060440_001f543cd39b.mp4,[]
2023-08-11,19:45:23.180450,/Users/anupreksha/Desktop/hoophouse2023/flowerPi/aug11backup/videos/001f543cd39b/230809/172031_670971_001f543cd39b.mp4,[]
2023-08-11,19:45:22.605947,/Users/anupreksha/Desktop/hoophouse2023/flowerPi/aug11backup/videos/001f543cd39b/230809/164959_655360_001f543cd39b.mp4,[584]
2023-08-11,19:45:16.981450,/Users/anupreksha/Desktop/hoophouse2023/flowerPi/aug11backup/videos/001f543cd39b/230809/151159_417696_001f543cd39b.mp4,[17]
2023-08-11,19:45:23.214258,/Users/anupreksha/Desktop/hoophouse2023/flowerPi/aug11backup/videos/001f543cd39b/230809/172145_662925_001f543cd39b.mp4,[]
2023-08-11,19:45:23.370098,/Users/anupreksha/Desktop/hoophouse2023/flowerPi/aug11backup/videos/001f543cd39b/230809/172604_064932_001f543cd39b.mp4,[]
2023-08-11,19:45:22.399143,/Users/anupreksha/Desktop/hoophouse2023/flowerPi/aug11backup/videos/001f543cd39b/230809/164559_653489_001f543cd39b.mp4,[190]
2023-08-11,19:45:20.358331,/Users/anupreksha/Desktop/hoophouse2023/flowerPi/aug11backup/videos/001f543cd39b/230809/163213_849071_001f543cd39b.mp4,[]
2023-08-11,19:45:17.869779,/Users/anupreksha/Desktop/hoophouse2023/flowerPi/aug11backup/videos/001f543cd39b/230809/152757_426442_001f543cd39b.mp4,[]
2023-08-11,19:45:20.782036,/Users/anupreksha/Desktop/hoophouse2023/flowerPi/aug11backup/videos/001f543cd39b/230809/164016_065738_001f543cd39b.mp4,[542]
2023-08-11,19:45:15.654105,/Users/anupreksha/Desktop/hoophouse2023/flowerPi/aug11backup/videos/001f543cd39b/230809/150333_817222_001f543cd39b.mp4,[]
2023-08-11,19:45:17.323634,/Users/anupreksha/Desktop/hoophouse2023/flowerPi/aug11backup/videos/001f543cd39b/230809/151828_628128_001f543cd39b.mp4,[379]
2023-08-11,19:45:16.577580,/Users/anupreksha/Desktop/hoophouse2023/flowerPi/aug11backup/videos/001f543cd39b/230809/150423_815259_001f543cd39b.mp4,[190]
2023-08-11,19:45:22.576831,/Users/anupreksha/Desktop/hoophouse2023/flowerPi/aug11backup/videos/001f543cd39b/230809/164939_668272_001f543cd39b.mp4,[]
2023-08-11,19:45:15.175887,/Users/anupreksha/Desktop/hoophouse2023/flowerPi/aug11backup/videos/001f543cd39b/230809/134451_190687_001f543cd39b.mp4,"[653, 17]"
2023-08-11,19:45:17.275883,/Users/anupreksha/Desktop/hoophouse2023/flowerPi/aug11backup/videos/001f543cd39b/230809/151746_423865_001f543cd39b.mp4,"[892, 379]"
2023-08-11,19:45:25.296285,/Users/anupreksha/Desktop/hoophouse2023/flowerPi/aug11backup/videos/001f543cd39b/230809/182949_690214_001f543cd39b.mp4,[]
2023-08-11,19:45:20.761741,/Users/anupreksha/Desktop/hoophouse2023/flowerPi/aug11backup/videos/001f543cd39b/230809/163952_653102_001f543cd39b.mp4,[987]
2023-08-11,19:45:19.830679,/Users/anupreksha/Desktop/hoophouse2023/flowerPi/aug11backup/videos/001f543cd39b/230809/161724_981060_001f543cd39b.mp4,[]
2023-08-11,19:45:23.024004,/Users/anupreksha/Desktop/hoophouse2023/flowerPi/aug11backup/videos/001f543cd39b/230809/171007_469364_001f543cd39b.mp4,[]
2023-08-11,19:45:22.895725,/Users/anupreksha/Desktop/hoophouse2023/flowerPi/aug11backup/videos/001f543cd39b/230809/170730_484774_001f543cd39b.mp4,[]
2023-08-11,19:45:25.503143,/Users/anupreksha/Desktop/hoophouse2023/flowerPi/aug11backup/videos/001f543cd39b/230809/190847_717266_001f543cd39b.mp4,[]
2023-08-11,19:45:25.682118,/Users/anupreksha/Desktop/hoophouse2023/flowerPi/aug11backup/videos/001f543cd39b/230809/193356_715022_001f543cd39b.mp4,[]
2023-08-11,19:45:20.455131,/Users/anupreksha/Desktop/hoophouse2023/flowerPi/aug11backup/videos/001f543cd39b/230809/163347_849328_001f543cd39b.mp4,[]
2023-08-11,19:45:20.600406,/Users/anupreksha/Desktop/hoophouse2023/flowerPi/aug11backup/videos/001f543cd39b/230809/163645_266372_001f543cd39b.mp4,[]
2023-08-11,19:45:20.190412,/Users/anupreksha/Desktop/hoophouse2023/flowerPi/aug11backup/videos/001f543cd39b/230809/162736_848990_001f543cd39b.mp4,"[997, 997, 997, 987]"
2023-08-11,19:45:19.575411,/Users/anupreksha/Desktop/hoophouse2023/flowerPi/aug11backup/videos/001f543cd39b/230809/160907_293023_001f543cd39b.mp4,[998]
2023-08-11,19:45:22.343004,/Users/anupreksha/Desktop/hoophouse2023/flowerPi/aug11backup/videos/001f543cd39b/230809/164443_655198_001f543cd39b.mp4,[]
2023-08-11,19:45:19.816504,/Users/anupreksha/Desktop/hoophouse2023/flowerPi/aug11backup/videos/001f543cd39b/230809/161642_846628_001f543cd39b.mp4,[17]
2023-08-11,19:45:25.260332,/Users/anupreksha/Desktop/hoophouse2023/flowerPi/aug11backup/videos/001f543cd39b/230809/181150_686454_001f543cd39b.mp4,[]
2023-08-11,19:45:22.528499,/Users/anupreksha/Desktop/hoophouse2023/flowerPi/aug11backup/videos/001f543cd39b/230809/164842_664097_001f543cd39b.mp4,"[190, 190]"
2023-08-11,19:45:20.559563,/Users/anupreksha/Desktop/hoophouse2023/flowerPi/aug11backup/videos/001f543cd39b/230809/163558_184902_001f543cd39b.mp4,"[462, 462]"
2023-08-11,19:45:15.640358,/Users/anupreksha/Desktop/hoophouse2023/flowerPi/aug11backup/videos/001f543cd39b/230809/150125_815533_001f543cd39b.mp4,[]
2023-08-11,19:45:25.638412,/Users/anupreksha/Desktop/hoophouse2023/flowerPi/aug11backup/videos/001f543cd39b/230809/192429_714520_001f543cd39b.mp4,[]
2023-08-11,19:45:19.595383,/Users/anupreksha/Desktop/hoophouse2023/flowerPi/aug11backup/videos/001f543cd39b/230809/160925_247777_001f543cd39b.mp4,[683]
2023-08-11,19:45:25.013083,/Users/anupreksha/Desktop/hoophouse2023/flowerPi/aug11backup/videos/001f543cd39b/230809/175441_677182_001f543cd39b.mp4,[]
2023-08-11,19:45:20.344358,/Users/anupreksha/Desktop/hoophouse2023/flowerPi/aug11backup/videos/001f543cd39b/230809/163133_860826_001f543cd39b.mp4,[]
2023-08-11,19:45:20.007783,/Users/anupreksha/Desktop/hoophouse2023/flowerPi/aug11backup/videos/001f543cd39b/230809/162235_176644_001f543cd39b.mp4,[190]
2023-08-11,19:45:23.201875,/Users/anupreksha/Desktop/hoophouse2023/flowerPi/aug11backup/videos/001f543cd39b/230809/172125_661958_001f543cd39b.mp4,[]
2023-08-11,19:45:15.264783,/Users/anupreksha/Desktop/hoophouse2023/flowerPi/aug11backup/videos/001f543cd39b/230809/135852_796884_001f543cd39b.mp4,[]
2023-08-11,19:45:24.892059,/Users/anupreksha/Desktop/hoophouse2023/flowerPi/aug11backup/videos/001f543cd39b/230809/174837_474213_001f543cd39b.mp4,"[683, 683, 683, 683]"
2023-08-11,19:45:15.037479,/Users/anupreksha/Desktop/hoophouse2023/flowerPi/aug11backup/videos/001f543cd39b/230809/111205_342136_001f543cd39b.mp4,[]
2023-08-11,19:45:20.868814,/Users/anupreksha/Desktop/hoophouse2023/flowerPi/aug11backup/videos/001f543cd39b/230809/164154_182789_001f543cd39b.mp4,[190]
2023-08-11,19:45:23.537541,/Users/anupreksha/Desktop/hoophouse2023/flowerPi/aug11backup/videos/001f543cd39b/230809/173028_267926_001f543cd39b.mp4,[]
2023-08-11,19:45:23.051101,/Users/anupreksha/Desktop/hoophouse2023/flowerPi/aug11backup/videos/001f543cd39b/230809/171040_664045_001f543cd39b.mp4,[190]
2023-08-11,19:45:18.159886,/Users/anupreksha/Desktop/hoophouse2023/flowerPi/aug11backup/videos/001f543cd39b/230809/153257_830795_001f543cd39b.mp4,[657]
2023-08-11,19:45:19.511025,/Users/anupreksha/Desktop/hoophouse2023/flowerPi/aug11backup/videos/001f543cd39b/230809/160400_037201_001f543cd39b.mp4,"[485, 485, 485, 485, 485]"
2023-08-11,19:45:17.893164,/Users/anupreksha/Desktop/hoophouse2023/flowerPi/aug11backup/videos/001f543cd39b/230809/152819_425617_001f543cd39b.mp4,"[657, 987, 190]"
2023-08-11,19:45:25.106388,/Users/anupreksha/Desktop/hoophouse2023/flowerPi/aug11backup/videos/001f543cd39b/230809/175759_680184_001f543cd39b.mp4,[]
2023-08-11,19:45:17.756480,/Users/anupreksha/Desktop/hoophouse2023/flowerPi/aug11backup/videos/001f543cd39b/230809/152555_425115_001f543cd39b.mp4,[]
2023-08-11,19:45:17.929590,/Users/anupreksha/Desktop/hoophouse2023/flowerPi/aug11backup/videos/001f543cd39b/230809/152903_426378_001f543cd39b.mp4,[]
2023-08-11,19:45:23.423063,/Users/anupreksha/Desktop/hoophouse2023/flowerPi/aug11backup/videos/001f543cd39b/230809/172706_071158_001f543cd39b.mp4,[]
2023-08-11,19:45:20.267387,/Users/anupreksha/Desktop/hoophouse2023/flowerPi/aug11backup/videos/001f543cd39b/230809/162906_850354_001f543cd39b.mp4,"[17, 17, 17]"
2023-08-11,19:45:24.991300,/Users/anupreksha/Desktop/hoophouse2023/flowerPi/aug11backup/videos/001f543cd39b/230809/175333_476656_001f543cd39b.mp4,[]
2023-08-11,19:45:17.411864,/Users/anupreksha/Desktop/hoophouse2023/flowerPi/aug11backup/videos/001f543cd39b/230809/151957_619549_001f543cd39b.mp4,"[190, 653]"
2023-08-11,19:45:20.696306,/Users/anupreksha/Desktop/hoophouse2023/flowerPi/aug11backup/videos/001f543cd39b/230809/163841_653622_001f543cd39b.mp4,[]
2023-08-11,19:45:25.057082,/Users/anupreksha/Desktop/hoophouse2023/flowerPi/aug11backup/videos/001f543cd39b/230809/175636_685065_001f543cd39b.mp4,[]
2023-08-11,19:45:20.227150,/Users/anupreksha/Desktop/hoophouse2023/flowerPi/aug11backup/videos/001f543cd39b/230809/162815_848637_001f543cd39b.mp4,[]
2023-08-11,19:45:25.202460,/Users/anupreksha/Desktop/hoophouse2023/flowerPi/aug11backup/videos/001f543cd39b/230809/180401_678906_001f543cd39b.mp4,[]
2023-08-11,19:45:20.051294,/Users/anupreksha/Desktop/hoophouse2023/flowerPi/aug11backup/videos/001f543cd39b/230809/162354_651425_001f543cd39b.mp4,"[997, 997, 997]"
2023-08-11,19:45:19.941952,/Users/anupreksha/Desktop/hoophouse2023/flowerPi/aug11backup/videos/001f543cd39b/230809/162012_846339_001f543cd39b.mp4,"[683, 683]"
2023-08-11,19:45:16.777700,/Users/anupreksha/Desktop/hoophouse2023/flowerPi/aug11backup/videos/001f543cd39b/230809/150757_020078_001f543cd39b.mp4,"[379, 190]"
2023-08-11,19:45:23.063118,/Users/anupreksha/Desktop/hoophouse2023/flowerPi/aug11backup/videos/001f543cd39b/230809/171127_681883_001f543cd39b.mp4,[190]
2023-08-11,19:45:17.827179,/Users/anupreksha/Desktop/hoophouse2023/flowerPi/aug11backup/videos/001f543cd39b/230809/152709_425730_001f543cd39b.mp4,[]
2023-08-11,19:45:19.561507,/Users/anupreksha/Desktop/hoophouse2023/flowerPi/aug11backup/videos/001f543cd39b/230809/160545_044631_001f543cd39b.mp4,[]
2023-08-11,19:45:15.066946,/Users/anupreksha/Desktop/hoophouse2023/flowerPi/aug11backup/videos/001f543cd39b/230809/115658_298240_001f543cd39b.mp4,[683]
2023-08-11,19:45:17.965992,/Users/anupreksha/Desktop/hoophouse2023/flowerPi/aug11backup/videos/001f543cd39b/230809/152925_430646_001f543cd39b.mp4,[379]
2023-08-11,19:45:25.143304,/Users/anupreksha/Desktop/hoophouse2023/flowerPi/aug11backup/videos/001f543cd39b/230809/180026_698149_001f543cd39b.mp4,[]
2023-08-11,19:45:22.559538,/Users/anupreksha/Desktop/hoophouse2023/flowerPi/aug11backup/videos/001f543cd39b/230809/164926_654017_001f543cd39b.mp4,[]
2023-08-11,19:45:25.711374,/Users/anupreksha/Desktop/hoophouse2023/flowerPi/aug11backup/videos/001f543cd39b/230809/193935_720348_001f543cd39b.mp4,[]
2023-08-11,19:45:19.853681,/Users/anupreksha/Desktop/hoophouse2023/flowerPi/aug11backup/videos/001f543cd39b/230809/161842_256840_001f543cd39b.mp4,[653]
2023-08-11,19:45:18.010424,/Users/anupreksha/Desktop/hoophouse2023/flowerPi/aug11backup/videos/001f543cd39b/230809/153020_428007_001f543cd39b.mp4,"[379, 987]"
2023-08-11,19:45:19.539560,/Users/anupreksha/Desktop/hoophouse2023/flowerPi/aug11backup/videos/001f543cd39b/230809/160457_043300_001f543cd39b.mp4,[]
2023-08-11,19:45:15.627050,/Users/anupreksha/Desktop/hoophouse2023/flowerPi/aug11backup/videos/001f543cd39b/230809/145821_818724_001f543cd39b.mp4,[]
2023-08-11,19:45:24.938208,/Users/anupreksha/Desktop/hoophouse2023/flowerPi/aug11backup/videos/001f543cd39b/230809/175215_476655_001f543cd39b.mp4,"[462, 462]"
2023-08-11,19:45:19.710515,/Users/anupreksha/Desktop/hoophouse2023/flowerPi/aug11backup/videos/001f543cd39b/230809/161135_776545_001f543cd39b.mp4,[]
2023-08-11,19:45:25.788620,/Users/anupreksha/Desktop/hoophouse2023/flowerPi/aug11backup/videos/001f543cd39b/230809/200128_723805_001f543cd39b.mp4,[]
2023-08-11,19:45:25.191692,/Users/anupreksha/Desktop/hoophouse2023/flowerPi/aug11backup/videos/001f543cd39b/230809/180339_681111_001f543cd39b.mp4,[]
2023-08-11,19:45:17.122635,/Users/anupreksha/Desktop/hoophouse2023/flowerPi/aug11backup/videos/001f543cd39b/230809/151433_420806_001f543cd39b.mp4,[190]
2023-08-11,19:45:25.412473,/Users/anupreksha/Desktop/hoophouse2023/flowerPi/aug11backup/videos/001f543cd39b/230809/190128_699583_001f543cd39b.mp4,[]
2023-08-11,19:45:17.139776,/Users/anupreksha/Desktop/hoophouse2023/flowerPi/aug11backup/videos/001f543cd39b/230809/151500_422734_001f543cd39b.mp4,"[425, 379, 190]"
2023-08-11,19:45:23.467168,/Users/anupreksha/Desktop/hoophouse2023/flowerPi/aug11backup/videos/001f543cd39b/230809/172837_301398_001f543cd39b.mp4,[]
2023-08-11,19:45:16.860742,/Users/anupreksha/Desktop/hoophouse2023/flowerPi/aug11backup/videos/001f543cd39b/230809/150928_220911_001f543cd39b.mp4,[]
2023-08-11,19:45:15.534025,/Users/anupreksha/Desktop/hoophouse2023/flowerPi/aug11backup/videos/001f543cd39b/230809/140707_229581_001f543cd39b.mp4,[]
2023-08-11,19:45:22.235934,/Users/anupreksha/Desktop/hoophouse2023/flowerPi/aug11backup/videos/001f543cd39b/230809/164237_278388_001f543cd39b.mp4,"[190, 190]"
2023-08-11,19:45:19.906973,/Users/anupreksha/Desktop/hoophouse2023/flowerPi/aug11backup/videos/001f543cd39b/230809/161937_659920_001f543cd39b.mp4,[]
2023-08-11,19:45:19.842668,/Users/anupreksha/Desktop/hoophouse2023/flowerPi/aug11backup/videos/001f543cd39b/230809/161826_246164_001f543cd39b.mp4,"[131, 683, 683]"
2023-08-11,19:45:19.892762,/Users/anupreksha/Desktop/hoophouse2023/flowerPi/aug11backup/videos/001f543cd39b/230809/161916_660830_001f543cd39b.mp4,"[17, 476]"
2023-08-11,19:45:17.097852,/Users/anupreksha/Desktop/hoophouse2023/flowerPi/aug11backup/videos/001f543cd39b/230809/151403_420615_001f543cd39b.mp4,[]
2023-08-11,19:45:15.324899,/Users/anupreksha/Desktop/hoophouse2023/flowerPi/aug11backup/videos/001f543cd39b/230809/140006_808950_001f543cd39b.mp4,[]
2023-08-11,19:45:23.478210,/Users/anupreksha/Desktop/hoophouse2023/flowerPi/aug11backup/videos/001f543cd39b/230809/172851_272212_001f543cd39b.mp4,[]
2023-08-11,19:45:25.317741,/Users/anupreksha/Desktop/hoophouse2023/flowerPi/aug11backup/videos/001f543cd39b/230809/183715_695520_001f543cd39b.mp4,[]
2023-08-11,19:45:24.816330,/Users/anupreksha/Desktop/hoophouse2023/flowerPi/aug11backup/videos/001f543cd39b/230809/173207_485498_001f543cd39b.mp4,[]
2023-08-11,19:45:24.914526,/Users/anupreksha/Desktop/hoophouse2023/flowerPi/aug11backup/videos/001f543cd39b/230809/174915_476395_001f543cd39b.mp4,[]
2023-08-11,19:45:25.759138,/Users/anupreksha/Desktop/hoophouse2023/flowerPi/aug11backup/videos/001f543cd39b/230809/195101_735065_001f543cd39b.mp4,[]
2023-08-11,19:45:15.417643,/Users/anupreksha/Desktop/hoophouse2023/flowerPi/aug11backup/videos/001f543cd39b/230809/140133_794065_001f543cd39b.mp4,[]
2023-08-11,19:45:23.227378,/Users/anupreksha/Desktop/hoophouse2023/flowerPi/aug11backup/videos/001f543cd39b/230809/172222_798511_001f543cd39b.mp4,[]
2023-08-11,19:45:23.155036,/Users/anupreksha/Desktop/hoophouse2023/flowerPi/aug11backup/videos/001f543cd39b/230809/171920_661350_001f543cd39b.mp4,[]
2023-08-11,19:45:25.402336,/Users/anupreksha/Desktop/hoophouse2023/flowerPi/aug11backup/videos/001f543cd39b/230809/190010_708772_001f543cd39b.mp4,[]
2023-08-11,19:45:25.360703,/Users/anupreksha/Desktop/hoophouse2023/flowerPi/aug11backup/videos/001f543cd39b/230809/185215_700598_001f543cd39b.mp4,[]
2023-08-11,19:45:25.023179,/Users/anupreksha/Desktop/hoophouse2023/flowerPi/aug11backup/videos/001f543cd39b/230809/175527_677258_001f543cd39b.mp4,[]
2023-08-11,19:45:25.328426,/Users/anupreksha/Desktop/hoophouse2023/flowerPi/aug11backup/videos/001f543cd39b/230809/183950_688979_001f543cd39b.mp4,[]
2023-08-11,19:45:17.848476,/Users/anupreksha/Desktop/hoophouse2023/flowerPi/aug11backup/videos/001f543cd39b/230809/152735_424142_001f543cd39b.mp4,[987]
2023-08-11,19:45:17.257095,/Users/anupreksha/Desktop/hoophouse2023/flowerPi/aug11backup/videos/001f543cd39b/230809/151721_421735_001f543cd39b.mp4,[]
2023-08-11,19:45:24.870879,/Users/anupreksha/Desktop/hoophouse2023/flowerPi/aug11backup/videos/001f543cd39b/230809/174339_473840_001f543cd39b.mp4,[997]
2023-08-11,19:45:25.422067,/Users/anupreksha/Desktop/hoophouse2023/flowerPi/aug11backup/videos/001f543cd39b/230809/190310_698998_001f543cd39b.mp4,[]
2023-08-11,19:45:20.209383,/Users/anupreksha/Desktop/hoophouse2023/flowerPi/aug11backup/videos/001f543cd39b/230809/162754_852387_001f543cd39b.mp4,"[485, 485]"
2023-08-11,19:45:19.526026,/Users/anupreksha/Desktop/hoophouse2023/flowerPi/aug11backup/videos/001f543cd39b/230809/160422_038572_001f543cd39b.mp4,[17]
2023-08-11,19:45:20.537445,/Users/anupreksha/Desktop/hoophouse2023/flowerPi/aug11backup/videos/001f543cd39b/230809/163537_080855_001f543cd39b.mp4,[]
2023-08-11,19:45:18.060935,/Users/anupreksha/Desktop/hoophouse2023/flowerPi/aug11backup/videos/001f543cd39b/230809/153110_430474_001f543cd39b.mp4,[657]
2023-08-11,19:45:22.485120,/Users/anupreksha/Desktop/hoophouse2023/flowerPi/aug11backup/videos/001f543cd39b/230809/164729_661056_001f543cd39b.mp4,"[414, 414, 414, 414, 190]"
2023-08-11,19:45:23.094707,/Users/anupreksha/Desktop/hoophouse2023/flowerPi/aug11backup/videos/001f543cd39b/230809/171227_685775_001f543cd39b.mp4,"[190, 997, 110]"
2023-08-11,19:45:20.100573,/Users/anupreksha/Desktop/hoophouse2023/flowerPi/aug11backup/videos/001f543cd39b/230809/162517_662337_001f543cd39b.mp4,[]
2023-08-11,19:45:18.323051,/Users/anupreksha/Desktop/hoophouse2023/flowerPi/aug11backup/videos/001f543cd39b/230809/153606_237841_001f543cd39b.mp4,[]
2023-08-11,19:45:23.036812,/Users/anupreksha/Desktop/hoophouse2023/flowerPi/aug11backup/videos/001f543cd39b/230809/171029_596710_001f543cd39b.mp4,[]
2023-08-11,19:45:23.251879,/Users/anupreksha/Desktop/hoophouse2023/flowerPi/aug11backup/videos/001f543cd39b/230809/172347_869256_001f543cd39b.mp4,[]
2023-08-11,19:45:17.225007,/Users/anupreksha/Desktop/hoophouse2023/flowerPi/aug11backup/videos/001f543cd39b/230809/151627_419117_001f543cd39b.mp4,"[379, 379, 379, 692, 692]"
2023-08-11,19:45:17.190291,/Users/anupreksha/Desktop/hoophouse2023/flowerPi/aug11backup/videos/001f543cd39b/230809/151545_421615_001f543cd39b.mp4,[379]
2023-08-11,19:45:25.627287,/Users/anupreksha/Desktop/hoophouse2023/flowerPi/aug11backup/videos/001f543cd39b/230809/192356_708627_001f543cd39b.mp4,[]
2023-08-11,19:45:18.227373,/Users/anupreksha/Desktop/hoophouse2023/flowerPi/aug11backup/videos/001f543cd39b/230809/153422_031684_001f543cd39b.mp4,[692]
2023-08-11,19:45:20.485639,/Users/anupreksha/Desktop/hoophouse2023/flowerPi/aug11backup/videos/001f543cd39b/230809/163424_855779_001f543cd39b.mp4,[]
2023-08-11,19:45:15.241712,/Users/anupreksha/Desktop/hoophouse2023/flowerPi/aug11backup/videos/001f543cd39b/230809/135837_795016_001f543cd39b.mp4,[]
2023-08-11,19:45:16.608715,/Users/anupreksha/Desktop/hoophouse2023/flowerPi/aug11backup/videos/001f543cd39b/230809/150434_819051_001f543cd39b.mp4,"[110, 379, 379, 17, 17, 17]"
2023-08-11,19:45:25.545403,/Users/anupreksha/Desktop/hoophouse2023/flowerPi/aug11backup/videos/001f543cd39b/230809/191403_704348_001f543cd39b.mp4,[]
2023-08-11,19:45:22.626503,/Users/anupreksha/Desktop/hoophouse2023/flowerPi/aug11backup/videos/001f543cd39b/230809/165101_856946_001f543cd39b.mp4,[]
2023-08-11,19:45:15.310593,/Users/anupreksha/Desktop/hoophouse2023/flowerPi/aug11backup/videos/001f543cd39b/230809/135941_794232_001f543cd39b.mp4,[]
2023-08-11,19:45:19.633996,/Users/anupreksha/Desktop/hoophouse2023/flowerPi/aug11backup/videos/001f543cd39b/230809/161009_441937_001f543cd39b.mp4,[614]
2023-08-11,19:45:19.799809,/Users/anupreksha/Desktop/hoophouse2023/flowerPi/aug11backup/videos/001f543cd39b/230809/161628_849199_001f543cd39b.mp4,"[490, 490]"
2023-08-11,19:45:17.389241,/Users/anupreksha/Desktop/hoophouse2023/flowerPi/aug11backup/videos/001f543cd39b/230809/151936_623888_001f543cd39b.mp4,[379]
2023-08-11,19:45:15.496102,/Users/anupreksha/Desktop/hoophouse2023/flowerPi/aug11backup/videos/001f543cd39b/230809/140353_997612_001f543cd39b.mp4,[112]
2023-08-11,19:45:22.840638,/Users/anupreksha/Desktop/hoophouse2023/flowerPi/aug11backup/videos/001f543cd39b/230809/170156_481976_001f543cd39b.mp4,"[17, 997, 997]"
2023-08-11,19:45:24.903002,/Users/anupreksha/Desktop/hoophouse2023/flowerPi/aug11backup/videos/001f543cd39b/230809/174851_475034_001f543cd39b.mp4,[]
2023-08-11,19:45:15.369516,/Users/anupreksha/Desktop/hoophouse2023/flowerPi/aug11backup/videos/001f543cd39b/230809/140056_798043_001f543cd39b.mp4,[379]
2023-08-11,19:45:17.646976,/Users/anupreksha/Desktop/hoophouse2023/flowerPi/aug11backup/videos/001f543cd39b/230809/152337_826587_001f543cd39b.mp4,"[17, 190]"
2023-08-11,19:45:25.391837,/Users/anupreksha/Desktop/hoophouse2023/flowerPi/aug11backup/videos/001f543cd39b/230809/185917_704801_001f543cd39b.mp4,[]
2023-08-11,19:45:19.959038,/Users/anupreksha/Desktop/hoophouse2023/flowerPi/aug11backup/videos/001f543cd39b/230809/162045_863923_001f543cd39b.mp4,"[476, 476, 131]"
2023-08-11,19:45:23.505184,/Users/anupreksha/Desktop/hoophouse2023/flowerPi/aug11backup/videos/001f543cd39b/230809/172936_278005_001f543cd39b.mp4,[172]
2023-08-11,19:45:16.731126,/Users/anupreksha/Desktop/hoophouse2023/flowerPi/aug11backup/videos/001f543cd39b/230809/150710_015604_001f543cd39b.mp4,[190]
2023-08-11,19:45:16.754027,/Users/anupreksha/Desktop/hoophouse2023/flowerPi/aug11backup/videos/001f543cd39b/230809/150736_018746_001f543cd39b.mp4,"[379, 987, 190]"
2023-08-11,19:45:16.935035,/Users/anupreksha/Desktop/hoophouse2023/flowerPi/aug11backup/videos/001f543cd39b/230809/151109_223690_001f543cd39b.mp4,[17]
2023-08-11,19:45:23.393101,/Users/anupreksha/Desktop/hoophouse2023/flowerPi/aug11backup/videos/001f543cd39b/230809/172631_066361_001f543cd39b.mp4,[]
2023-08-11,19:45:16.916830,/Users/anupreksha/Desktop/hoophouse2023/flowerPi/aug11backup/videos/001f543cd39b/230809/151043_218610_001f543cd39b.mp4,[692]
2023-08-11,19:45:25.512595,/Users/anupreksha/Desktop/hoophouse2023/flowerPi/aug11backup/videos/001f543cd39b/230809/190910_716971_001f543cd39b.mp4,[]
2023-08-11,19:45:23.442258,/Users/anupreksha/Desktop/hoophouse2023/flowerPi/aug11backup/videos/001f543cd39b/230809/172740_067317_001f543cd39b.mp4,[]
2023-08-11,19:45:17.301872,/Users/anupreksha/Desktop/hoophouse2023/flowerPi/aug11backup/videos/001f543cd39b/230809/151803_421016_001f543cd39b.mp4,[190]
2023-08-11,19:45:19.787797,/Users/anupreksha/Desktop/hoophouse2023/flowerPi/aug11backup/videos/001f543cd39b/230809/161603_846886_001f543cd39b.mp4,[]
2023-08-11,19:45:23.005533,/Users/anupreksha/Desktop/hoophouse2023/flowerPi/aug11backup/videos/001f543cd39b/230809/170939_466628_001f543cd39b.mp4,[190]
2023-08-11,19:45:17.501196,/Users/anupreksha/Desktop/hoophouse2023/flowerPi/aug11backup/videos/001f543cd39b/230809/152111_825596_001f543cd39b.mp4,[]
2023-08-11,19:45:23.571774,/Users/anupreksha/Desktop/hoophouse2023/flowerPi/aug11backup/videos/001f543cd39b/230809/173104_469439_001f543cd39b.mp4,[]
2023-08-11,19:45:19.492974,/Users/anupreksha/Desktop/hoophouse2023/flowerPi/aug11backup/videos/001f543cd39b/230809/160308_869528_001f543cd39b.mp4,[987]
2023-08-11,19:45:23.315063,/Users/anupreksha/Desktop/hoophouse2023/flowerPi/aug11backup/videos/001f543cd39b/230809/172449_867170_001f543cd39b.mp4,[]
2023-08-11,19:45:20.371053,/Users/anupreksha/Desktop/hoophouse2023/flowerPi/aug11backup/videos/001f543cd39b/230809/163230_849663_001f543cd39b.mp4,[]
2023-08-11,19:45:16.894101,/Users/anupreksha/Desktop/hoophouse2023/flowerPi/aug11backup/videos/001f543cd39b/230809/151010_224633_001f543cd39b.mp4,"[17, 190]"
2023-08-11,19:45:22.363394,/Users/anupreksha/Desktop/hoophouse2023/flowerPi/aug11backup/videos/001f543cd39b/230809/164507_666327_001f543cd39b.mp4,[]
2023-08-11,19:45:25.691583,/Users/anupreksha/Desktop/hoophouse2023/flowerPi/aug11backup/videos/001f543cd39b/230809/193535_718170_001f543cd39b.mp4,[]
2023-08-11,19:45:24.828828,/Users/anupreksha/Desktop/hoophouse2023/flowerPi/aug11backup/videos/001f543cd39b/230809/173300_484132_001f543cd39b.mp4,[]
2023-08-11,19:45:16.955261,/Users/anupreksha/Desktop/hoophouse2023/flowerPi/aug11backup/videos/001f543cd39b/230809/151137_236652_001f543cd39b.mp4,"[638, 638, 638, 638, 692]"
2023-08-11,19:45:20.802923,/Users/anupreksha/Desktop/hoophouse2023/flowerPi/aug11backup/videos/001f543cd39b/230809/164040_056365_001f543cd39b.mp4,[]
2023-08-11,19:45:20.291716,/Users/anupreksha/Desktop/hoophouse2023/flowerPi/aug11backup/videos/001f543cd39b/230809/163023_864051_001f543cd39b.mp4,[17]
2023-08-11,19:45:22.864752,/Users/anupreksha/Desktop/hoophouse2023/flowerPi/aug11backup/videos/001f543cd39b/230809/170512_458728_001f543cd39b.mp4,[997]
2023-08-11,19:45:17.617098,/Users/anupreksha/Desktop/hoophouse2023/flowerPi/aug11backup/videos/001f543cd39b/230809/152322_827368_001f543cd39b.mp4,"[190, 653]"
2023-08-11,19:45:25.723545,/Users/anupreksha/Desktop/hoophouse2023/flowerPi/aug11backup/videos/001f543cd39b/230809/194112_729748_001f543cd39b.mp4,[]
2023-08-11,19:45:20.146771,/Users/anupreksha/Desktop/hoophouse2023/flowerPi/aug11backup/videos/001f543cd39b/230809/162637_669151_001f543cd39b.mp4,[]
2023-08-11,19:45:25.442889,/Users/anupreksha/Desktop/hoophouse2023/flowerPi/aug11backup/videos/001f543cd39b/230809/190700_699360_001f543cd39b.mp4,[]
2023-08-11,19:45:15.339993,/Users/anupreksha/Desktop/hoophouse2023/flowerPi/aug11backup/videos/001f543cd39b/230809/140022_798030_001f543cd39b.mp4,[]
2023-08-11,19:45:18.037224,/Users/anupreksha/Desktop/hoophouse2023/flowerPi/aug11backup/videos/001f543cd39b/230809/153058_426428_001f543cd39b.mp4,[]
2023-08-11,19:45:22.216255,/Users/anupreksha/Desktop/hoophouse2023/flowerPi/aug11backup/videos/001f543cd39b/230809/164216_252623_001f543cd39b.mp4,"[190, 109, 109, 109, 109, 109]"
2023-08-11,19:45:15.559743,/Users/anupreksha/Desktop/hoophouse2023/flowerPi/aug11backup/videos/001f543cd39b/230809/140737_240431_001f543cd39b.mp4,"[944, 944]"
2023-08-11,19:45:16.871952,/Users/anupreksha/Desktop/hoophouse2023/flowerPi/aug11backup/videos/001f543cd39b/230809/150959_230685_001f543cd39b.mp4,[37]
2023-08-11,19:45:17.582909,/Users/anupreksha/Desktop/hoophouse2023/flowerPi/aug11backup/videos/001f543cd39b/230809/152237_839359_001f543cd39b.mp4,[379]
2023-08-11,19:45:15.430088,/Users/anupreksha/Desktop/hoophouse2023/flowerPi/aug11backup/videos/001f543cd39b/230809/140201_796920_001f543cd39b.mp4,[]
2023-08-11,19:45:17.556230,/Users/anupreksha/Desktop/hoophouse2023/flowerPi/aug11backup/videos/001f543cd39b/230809/152225_824276_001f543cd39b.mp4,[]
2023-08-11,19:45:20.089055,/Users/anupreksha/Desktop/hoophouse2023/flowerPi/aug11backup/videos/001f543cd39b/230809/162457_656590_001f543cd39b.mp4,[]
2023-08-11,19:45:25.167224,/Users/anupreksha/Desktop/hoophouse2023/flowerPi/aug11backup/videos/001f543cd39b/230809/180253_681966_001f543cd39b.mp4,[]
2023-08-11,19:45:20.061845,/Users/anupreksha/Desktop/hoophouse2023/flowerPi/aug11backup/videos/001f543cd39b/230809/162417_648872_001f543cd39b.mp4,[485]
2023-08-11,19:45:17.603178,/Users/anupreksha/Desktop/hoophouse2023/flowerPi/aug11backup/videos/001f543cd39b/230809/152301_825791_001f543cd39b.mp4,[]
2023-08-11,19:45:15.190075,/Users/anupreksha/Desktop/hoophouse2023/flowerPi/aug11backup/videos/001f543cd39b/230809/134628_194217_001f543cd39b.mp4,[]
2023-08-11,19:45:22.777215,/Users/anupreksha/Desktop/hoophouse2023/flowerPi/aug11backup/videos/001f543cd39b/230809/165424_072731_001f543cd39b.mp4,[]
2023-08-11,19:45:23.290476,/Users/anupreksha/Desktop/hoophouse2023/flowerPi/aug11backup/videos/001f543cd39b/230809/172430_873714_001f543cd39b.mp4,[]
2023-08-11,19:44:45.821603,/Users/anupreksha/Desktop/hoophouse2023/flowerPi/aug11backup/videos/001f543cd39b/230807/171652_654840_001f543cd39b.mp4,[]
2023-08-11,19:44:45.051042,/Users/anupreksha/Desktop/hoophouse2023/flowerPi/aug11backup/videos/001f543cd39b/230807/165258_300747_001f543cd39b.mp4,[]
2023-08-11,19:44:45.361264,/Users/anupreksha/Desktop/hoophouse2023/flowerPi/aug11backup/videos/001f543cd39b/230807/165913_302796_001f543cd39b.mp4,[]
2023-08-11,19:44:45.087699,/Users/anupreksha/Desktop/hoophouse2023/flowerPi/aug11backup/videos/001f543cd39b/230807/165328_498015_001f543cd39b.mp4,[]
2023-08-11,19:44:45.526153,/Users/anupreksha/Desktop/hoophouse2023/flowerPi/aug11backup/videos/001f543cd39b/230807/170456_503868_001f543cd39b.mp4,[]
2023-08-11,19:44:44.891534,/Users/anupreksha/Desktop/hoophouse2023/flowerPi/aug11backup/videos/001f543cd39b/230807/164946_098772_001f543cd39b.mp4,[37]
2023-08-11,19:44:45.863225,/Users/anupreksha/Desktop/hoophouse2023/flowerPi/aug11backup/videos/001f543cd39b/230807/174904_720524_001f543cd39b.mp4,[]
2023-08-11,19:44:45.455267,/Users/anupreksha/Desktop/hoophouse2023/flowerPi/aug11backup/videos/001f543cd39b/230807/170218_516298_001f543cd39b.mp4,[275]
2023-08-11,19:44:44.692691,/Users/anupreksha/Desktop/hoophouse2023/flowerPi/aug11backup/videos/001f543cd39b/230807/164500_898232_001f543cd39b.mp4,[]
2023-08-11,19:44:45.559174,/Users/anupreksha/Desktop/hoophouse2023/flowerPi/aug11backup/videos/001f543cd39b/230807/171200_506846_001f543cd39b.mp4,[]
2023-08-11,19:44:45.212771,/Users/anupreksha/Desktop/hoophouse2023/flowerPi/aug11backup/videos/001f543cd39b/230807/165548_901208_001f543cd39b.mp4,[]
2023-08-11,19:44:45.404531,/Users/anupreksha/Desktop/hoophouse2023/flowerPi/aug11backup/videos/001f543cd39b/230807/170042_502624_001f543cd39b.mp4,[]
2023-08-11,19:44:44.924556,/Users/anupreksha/Desktop/hoophouse2023/flowerPi/aug11backup/videos/001f543cd39b/230807/165045_107215_001f543cd39b.mp4,[683]
2023-08-11,19:44:44.908600,/Users/anupreksha/Desktop/hoophouse2023/flowerPi/aug11backup/videos/001f543cd39b/230807/165023_101234_001f543cd39b.mp4,"[289, 289]"
2023-08-11,19:44:44.842511,/Users/anupreksha/Desktop/hoophouse2023/flowerPi/aug11backup/videos/001f543cd39b/230807/164804_096117_001f543cd39b.mp4,[]
2023-08-11,19:44:45.590011,/Users/anupreksha/Desktop/hoophouse2023/flowerPi/aug11backup/videos/001f543cd39b/230807/171511_507269_001f543cd39b.mp4,"[683, 683, 683, 683, 653, 653, 653, 653]"
2023-08-11,19:44:45.116100,/Users/anupreksha/Desktop/hoophouse2023/flowerPi/aug11backup/videos/001f543cd39b/230807/165428_643517_001f543cd39b.mp4,[]
2023-08-11,19:44:45.841447,/Users/anupreksha/Desktop/hoophouse2023/flowerPi/aug11backup/videos/001f543cd39b/230807/174851_725179_001f543cd39b.mp4,[422]
2023-08-11,19:44:44.807423,/Users/anupreksha/Desktop/hoophouse2023/flowerPi/aug11backup/videos/001f543cd39b/230807/164715_902415_001f543cd39b.mp4,[]
2023-08-11,19:44:44.771318,/Users/anupreksha/Desktop/hoophouse2023/flowerPi/aug11backup/videos/001f543cd39b/230807/164628_895025_001f543cd39b.mp4,[]
2023-08-11,19:44:45.258593,/Users/anupreksha/Desktop/hoophouse2023/flowerPi/aug11backup/videos/001f543cd39b/230807/165627_032086_001f543cd39b.mp4,[]
2023-08-11,19:44:45.141503,/Users/anupreksha/Desktop/hoophouse2023/flowerPi/aug11backup/videos/001f543cd39b/230807/165440_698558_001f543cd39b.mp4,[]
2023-08-11,19:44:45.315565,/Users/anupreksha/Desktop/hoophouse2023/flowerPi/aug11backup/videos/001f543cd39b/230807/165737_112581_001f543cd39b.mp4,[]
2023-08-11,19:44:44.756051,/Users/anupreksha/Desktop/hoophouse2023/flowerPi/aug11backup/videos/001f543cd39b/230807/164608_900704_001f543cd39b.mp4,[]
2023-08-11,19:44:44.971352,/Users/anupreksha/Desktop/hoophouse2023/flowerPi/aug11backup/videos/001f543cd39b/230807/165150_096783_001f543cd39b.mp4,[]
2023-08-11,19:44:44.786554,/Users/anupreksha/Desktop/hoophouse2023/flowerPi/aug11backup/videos/001f543cd39b/230807/164656_897103_001f543cd39b.mp4,"[110, 110, 110]"
2023-08-11,19:44:44.874578,/Users/anupreksha/Desktop/hoophouse2023/flowerPi/aug11backup/videos/001f543cd39b/230807/164905_099116_001f543cd39b.mp4,[]
2023-08-11,19:44:45.706909,/Users/anupreksha/Desktop/hoophouse2023/flowerPi/aug11backup/videos/001f543cd39b/230807/171558_641462_001f543cd39b.mp4,"[190, 987]"
2023-08-11,19:44:45.469973,/Users/anupreksha/Desktop/hoophouse2023/flowerPi/aug11backup/videos/001f543cd39b/230807/170240_503638_001f543cd39b.mp4,[]
2023-08-11,19:44:45.329145,/Users/anupreksha/Desktop/hoophouse2023/flowerPi/aug11backup/videos/001f543cd39b/230807/165827_302619_001f543cd39b.mp4,[]
2023-08-11,19:44:45.274738,/Users/anupreksha/Desktop/hoophouse2023/flowerPi/aug11backup/videos/001f543cd39b/230807/165652_105574_001f543cd39b.mp4,[]
2023-08-11,19:44:45.788547,/Users/anupreksha/Desktop/hoophouse2023/flowerPi/aug11backup/videos/001f543cd39b/230807/171637_647624_001f543cd39b.mp4,[]
2023-08-11,19:44:45.389216,/Users/anupreksha/Desktop/hoophouse2023/flowerPi/aug11backup/videos/001f543cd39b/230807/165930_303132_001f543cd39b.mp4,[37]
2023-08-11,19:44:44.732450,/Users/anupreksha/Desktop/hoophouse2023/flowerPi/aug11backup/videos/001f543cd39b/230807/164538_895460_001f543cd39b.mp4,[]
2023-08-11,19:44:44.992284,/Users/anupreksha/Desktop/hoophouse2023/flowerPi/aug11backup/videos/001f543cd39b/230807/165202_096948_001f543cd39b.mp4,"[422, 422, 422, 422]"
2023-08-11,19:44:44.677701,/Users/anupreksha/Desktop/hoophouse2023/flowerPi/aug11backup/videos/001f543cd39b/230807/164438_895627_001f543cd39b.mp4,[]
2023-08-11,19:44:45.101395,/Users/anupreksha/Desktop/hoophouse2023/flowerPi/aug11backup/videos/001f543cd39b/230807/165400_632456_001f543cd39b.mp4,[]
2023-08-11,19:44:45.192533,/Users/anupreksha/Desktop/hoophouse2023/flowerPi/aug11backup/videos/001f543cd39b/230807/165526_711165_001f543cd39b.mp4,[]
2023-08-11,19:44:45.025046,/Users/anupreksha/Desktop/hoophouse2023/flowerPi/aug11backup/videos/001f543cd39b/230807/165246_298973_001f543cd39b.mp4,"[683, 683, 683, 683, 683]"
2023-08-11,19:44:44.939839,/Users/anupreksha/Desktop/hoophouse2023/flowerPi/aug11backup/videos/001f543cd39b/230807/165117_098810_001f543cd39b.mp4,[]
2023-08-11,19:44:45.504345,/Users/anupreksha/Desktop/hoophouse2023/flowerPi/aug11backup/videos/001f543cd39b/230807/170329_503379_001f543cd39b.mp4,"[17, 17]"
2023-08-11,19:44:45.619247,/Users/anupreksha/Desktop/hoophouse2023/flowerPi/aug11backup/videos/001f543cd39b/230807/171531_507494_001f543cd39b.mp4,[]
2023-08-11,19:44:45.289622,/Users/anupreksha/Desktop/hoophouse2023/flowerPi/aug11backup/videos/001f543cd39b/230807/165705_101820_001f543cd39b.mp4,[]
2023-08-11,19:44:44.823862,/Users/anupreksha/Desktop/hoophouse2023/flowerPi/aug11backup/videos/001f543cd39b/230807/164743_098286_001f543cd39b.mp4,[727]
2023-08-11,19:44:45.488492,/Users/anupreksha/Desktop/hoophouse2023/flowerPi/aug11backup/videos/001f543cd39b/230807/170310_504339_001f543cd39b.mp4,[]
2023-08-11,19:44:44.711520,/Users/anupreksha/Desktop/hoophouse2023/flowerPi/aug11backup/videos/001f543cd39b/230807/164518_895170_001f543cd39b.mp4,[]
2023-08-11,19:44:45.541517,/Users/anupreksha/Desktop/hoophouse2023/flowerPi/aug11backup/videos/001f543cd39b/230807/170642_504624_001f543cd39b.mp4,[]
2023-08-11,19:44:45.745576,/Users/anupreksha/Desktop/hoophouse2023/flowerPi/aug11backup/videos/001f543cd39b/230807/171622_639613_001f543cd39b.mp4,[]
2023-08-11,19:44:45.007953,/Users/anupreksha/Desktop/hoophouse2023/flowerPi/aug11backup/videos/001f543cd39b/230807/165228_297635_001f543cd39b.mp4,[]
2023-08-11,19:44:45.342581,/Users/anupreksha/Desktop/hoophouse2023/flowerPi/aug11backup/videos/001f543cd39b/230807/165851_317295_001f543cd39b.mp4,[]
2023-08-11,19:44:45.165410,/Users/anupreksha/Desktop/hoophouse2023/flowerPi/aug11backup/videos/001f543cd39b/230807/165503_704081_001f543cd39b.mp4,"[378, 378, 378, 378, 378]"
2023-08-11,19:44:45.227468,/Users/anupreksha/Desktop/hoophouse2023/flowerPi/aug11backup/videos/001f543cd39b/230807/165606_935433_001f543cd39b.mp4,[]
2023-08-11,19:44:44.857965,/Users/anupreksha/Desktop/hoophouse2023/flowerPi/aug11backup/videos/001f543cd39b/230807/164823_100855_001f543cd39b.mp4,[]
2023-08-11,19:44:45.419798,/Users/anupreksha/Desktop/hoophouse2023/flowerPi/aug11backup/videos/001f543cd39b/230807/170157_502911_001f543cd39b.mp4,[683]
2023-08-11,19:44:44.954781,/Users/anupreksha/Desktop/hoophouse2023/flowerPi/aug11backup/videos/001f543cd39b/230807/165138_099881_001f543cd39b.mp4,[]
2023-08-11,19:44:45.574943,/Users/anupreksha/Desktop/hoophouse2023/flowerPi/aug11backup/videos/001f543cd39b/230807/171452_507776_001f543cd39b.mp4,[]
2023-08-11,19:45:00.746697,/Users/anupreksha/Desktop/hoophouse2023/flowerPi/aug11backup/videos/001f543cd39b/230808/152820_941521_001f543cd39b.mp4,"[17, 17, 17]"
2023-08-11,19:44:55.029999,/Users/anupreksha/Desktop/hoophouse2023/flowerPi/aug11backup/videos/001f543cd39b/230808/140338_129062_001f543cd39b.mp4,[]
2023-08-11,19:44:49.336931,/Users/anupreksha/Desktop/hoophouse2023/flowerPi/aug11backup/videos/001f543cd39b/230808/115101_879700_001f543cd39b.mp4,[]
2023-08-11,19:45:00.514250,/Users/anupreksha/Desktop/hoophouse2023/flowerPi/aug11backup/videos/001f543cd39b/230808/152102_342073_001f543cd39b.mp4,[]
2023-08-11,19:44:52.400090,/Users/anupreksha/Desktop/hoophouse2023/flowerPi/aug11backup/videos/001f543cd39b/230808/133033_708857_001f543cd39b.mp4,"[683, 683, 683, 683, 683]"
2023-08-11,19:45:13.847441,/Users/anupreksha/Desktop/hoophouse2023/flowerPi/aug11backup/videos/001f543cd39b/230808/175656_994047_001f543cd39b.mp4,[470]
2023-08-11,19:44:49.991527,/Users/anupreksha/Desktop/hoophouse2023/flowerPi/aug11backup/videos/001f543cd39b/230808/130054_304608_001f543cd39b.mp4,[]
2023-08-11,19:45:14.096128,/Users/anupreksha/Desktop/hoophouse2023/flowerPi/aug11backup/videos/001f543cd39b/230808/180047_599300_001f543cd39b.mp4,[]
2023-08-11,19:44:51.551665,/Users/anupreksha/Desktop/hoophouse2023/flowerPi/aug11backup/videos/001f543cd39b/230808/130559_507249_001f543cd39b.mp4,[]
2023-08-11,19:45:07.598797,/Users/anupreksha/Desktop/hoophouse2023/flowerPi/aug11backup/videos/001f543cd39b/230808/170001_170900_001f543cd39b.mp4,[]
2023-08-11,19:45:13.749582,/Users/anupreksha/Desktop/hoophouse2023/flowerPi/aug11backup/videos/001f543cd39b/230808/175520_989630_001f543cd39b.mp4,[]
2023-08-11,19:45:11.902635,/Users/anupreksha/Desktop/hoophouse2023/flowerPi/aug11backup/videos/001f543cd39b/230808/173443_386443_001f543cd39b.mp4,[]
2023-08-11,19:45:00.343749,/Users/anupreksha/Desktop/hoophouse2023/flowerPi/aug11backup/videos/001f543cd39b/230808/150814_736885_001f543cd39b.mp4,[]
2023-08-11,19:45:07.328092,/Users/anupreksha/Desktop/hoophouse2023/flowerPi/aug11backup/videos/001f543cd39b/230808/165509_166426_001f543cd39b.mp4,[]
2023-08-11,19:44:55.326996,/Users/anupreksha/Desktop/hoophouse2023/flowerPi/aug11backup/videos/001f543cd39b/230808/141516_926835_001f543cd39b.mp4,[]
2023-08-11,19:44:58.464853,/Users/anupreksha/Desktop/hoophouse2023/flowerPi/aug11backup/videos/001f543cd39b/230808/150034_136625_001f543cd39b.mp4,[]
2023-08-11,19:44:49.710880,/Users/anupreksha/Desktop/hoophouse2023/flowerPi/aug11backup/videos/001f543cd39b/230808/124728_895789_001f543cd39b.mp4,[190]
2023-08-11,19:45:07.298067,/Users/anupreksha/Desktop/hoophouse2023/flowerPi/aug11backup/videos/001f543cd39b/230808/165429_165422_001f543cd39b.mp4,[]
2023-08-11,19:44:49.924622,/Users/anupreksha/Desktop/hoophouse2023/flowerPi/aug11backup/videos/001f543cd39b/230808/125945_303801_001f543cd39b.mp4,[]
2023-08-11,19:45:03.605919,/Users/anupreksha/Desktop/hoophouse2023/flowerPi/aug11backup/videos/001f543cd39b/230808/160254_150667_001f543cd39b.mp4,[]
2023-08-11,19:44:52.732117,/Users/anupreksha/Desktop/hoophouse2023/flowerPi/aug11backup/videos/001f543cd39b/230808/133815_916047_001f543cd39b.mp4,[]
2023-08-11,19:45:07.083319,/Users/anupreksha/Desktop/hoophouse2023/flowerPi/aug11backup/videos/001f543cd39b/230808/164954_965162_001f543cd39b.mp4,"[441, 441, 441, 441, 441, 476]"
2023-08-11,19:44:57.807090,/Users/anupreksha/Desktop/hoophouse2023/flowerPi/aug11backup/videos/001f543cd39b/230808/144418_739988_001f543cd39b.mp4,[]
2023-08-11,19:45:07.861825,/Users/anupreksha/Desktop/hoophouse2023/flowerPi/aug11backup/videos/001f543cd39b/230808/170453_178559_001f543cd39b.mp4,"[17, 17, 17, 17, 216]"
2023-08-11,19:45:14.125349,/Users/anupreksha/Desktop/hoophouse2023/flowerPi/aug11backup/videos/001f543cd39b/230808/181727_803357_001f543cd39b.mp4,[852]
2023-08-11,19:44:58.101604,/Users/anupreksha/Desktop/hoophouse2023/flowerPi/aug11backup/videos/001f543cd39b/230808/145108_742916_001f543cd39b.mp4,[]
2023-08-11,19:44:54.791890,/Users/anupreksha/Desktop/hoophouse2023/flowerPi/aug11backup/videos/001f543cd39b/230808/135602_136250_001f543cd39b.mp4,[]
2023-08-11,19:45:00.923012,/Users/anupreksha/Desktop/hoophouse2023/flowerPi/aug11backup/videos/001f543cd39b/230808/153505_946937_001f543cd39b.mp4,[]
2023-08-11,19:45:03.711151,/Users/anupreksha/Desktop/hoophouse2023/flowerPi/aug11backup/videos/001f543cd39b/230808/160437_350725_001f543cd39b.mp4,"[190, 190, 190, 190, 190, 190, 190, 190, 190, 190, 190]"
2023-08-11,19:45:13.919342,/Users/anupreksha/Desktop/hoophouse2023/flowerPi/aug11backup/videos/001f543cd39b/230808/175803_124373_001f543cd39b.mp4,"[683, 683, 683, 683, 17, 190, 190, 190, 190]"
2023-08-11,19:45:13.382150,/Users/anupreksha/Desktop/hoophouse2023/flowerPi/aug11backup/videos/001f543cd39b/230808/174906_810920_001f543cd39b.mp4,[]
2023-08-11,19:44:58.172913,/Users/anupreksha/Desktop/hoophouse2023/flowerPi/aug11backup/videos/001f543cd39b/230808/145313_735935_001f543cd39b.mp4,[]
2023-08-11,19:45:07.840680,/Users/anupreksha/Desktop/hoophouse2023/flowerPi/aug11backup/videos/001f543cd39b/230808/170429_170182_001f543cd39b.mp4,[]
2023-08-11,19:45:13.509783,/Users/anupreksha/Desktop/hoophouse2023/flowerPi/aug11backup/videos/001f543cd39b/230808/175121_795092_001f543cd39b.mp4,"[470, 470, 470, 470]"
2023-08-11,19:45:07.339865,/Users/anupreksha/Desktop/hoophouse2023/flowerPi/aug11backup/videos/001f543cd39b/230808/165538_168712_001f543cd39b.mp4,[]
2023-08-11,19:44:54.729056,/Users/anupreksha/Desktop/hoophouse2023/flowerPi/aug11backup/videos/001f543cd39b/230808/135455_123357_001f543cd39b.mp4,[]
2023-08-11,19:45:12.275668,/Users/anupreksha/Desktop/hoophouse2023/flowerPi/aug11backup/videos/001f543cd39b/230808/174147_395429_001f543cd39b.mp4,"[190, 190]"
2023-08-11,19:45:00.863765,/Users/anupreksha/Desktop/hoophouse2023/flowerPi/aug11backup/videos/001f543cd39b/230808/153215_941722_001f543cd39b.mp4,[997]
2023-08-11,19:44:47.524443,/Users/anupreksha/Desktop/hoophouse2023/flowerPi/aug11backup/videos/001f543cd39b/230808/104919_261884_001f543cd39b.mp4,[987]
2023-08-11,19:44:51.522241,/Users/anupreksha/Desktop/hoophouse2023/flowerPi/aug11backup/videos/001f543cd39b/230808/130514_500059_001f543cd39b.mp4,[140]
2023-08-11,19:44:54.484252,/Users/anupreksha/Desktop/hoophouse2023/flowerPi/aug11backup/videos/001f543cd39b/230808/135009_312817_001f543cd39b.mp4,[]
2023-08-11,19:45:06.959430,/Users/anupreksha/Desktop/hoophouse2023/flowerPi/aug11backup/videos/001f543cd39b/230808/164727_567156_001f543cd39b.mp4,[]
2023-08-11,19:44:52.147133,/Users/anupreksha/Desktop/hoophouse2023/flowerPi/aug11backup/videos/001f543cd39b/230808/132427_116228_001f543cd39b.mp4,[]
2023-08-11,19:45:10.846301,/Users/anupreksha/Desktop/hoophouse2023/flowerPi/aug11backup/videos/001f543cd39b/230808/171601_578203_001f543cd39b.mp4,"[190, 944, 944]"
2023-08-11,19:45:01.046858,/Users/anupreksha/Desktop/hoophouse2023/flowerPi/aug11backup/videos/001f543cd39b/230808/153808_945553_001f543cd39b.mp4,[]
2023-08-11,19:45:00.942278,/Users/anupreksha/Desktop/hoophouse2023/flowerPi/aug11backup/videos/001f543cd39b/230808/153522_944255_001f543cd39b.mp4,[]
2023-08-11,19:45:00.651365,/Users/anupreksha/Desktop/hoophouse2023/flowerPi/aug11backup/videos/001f543cd39b/230808/152617_741660_001f543cd39b.mp4,[]
2023-08-11,19:45:03.904924,/Users/anupreksha/Desktop/hoophouse2023/flowerPi/aug11backup/videos/001f543cd39b/230808/160949_552710_001f543cd39b.mp4,[190]
2023-08-11,19:44:52.786507,/Users/anupreksha/Desktop/hoophouse2023/flowerPi/aug11backup/videos/001f543cd39b/230808/134002_923723_001f543cd39b.mp4,[]
2023-08-11,19:45:11.951824,/Users/anupreksha/Desktop/hoophouse2023/flowerPi/aug11backup/videos/001f543cd39b/230808/173611_392578_001f543cd39b.mp4,[]
2023-08-11,19:45:07.215129,/Users/anupreksha/Desktop/hoophouse2023/flowerPi/aug11backup/videos/001f543cd39b/230808/165257_170072_001f543cd39b.mp4,[]
2023-08-11,19:45:01.227437,/Users/anupreksha/Desktop/hoophouse2023/flowerPi/aug11backup/videos/001f543cd39b/230808/154311_153032_001f543cd39b.mp4,[]
2023-08-11,19:44:58.244894,/Users/anupreksha/Desktop/hoophouse2023/flowerPi/aug11backup/videos/001f543cd39b/230808/145455_741482_001f543cd39b.mp4,[]
2023-08-11,19:45:12.363815,/Users/anupreksha/Desktop/hoophouse2023/flowerPi/aug11backup/videos/001f543cd39b/230808/174400_394191_001f543cd39b.mp4,[190]
2023-08-11,19:44:49.873868,/Users/anupreksha/Desktop/hoophouse2023/flowerPi/aug11backup/videos/001f543cd39b/230808/125820_098876_001f543cd39b.mp4,[]
2023-08-11,19:44:48.984366,/Users/anupreksha/Desktop/hoophouse2023/flowerPi/aug11backup/videos/001f543cd39b/230808/113241_473315_001f543cd39b.mp4,[]
2023-08-11,19:44:51.462112,/Users/anupreksha/Desktop/hoophouse2023/flowerPi/aug11backup/videos/001f543cd39b/230808/130337_345602_001f543cd39b.mp4,[]
2023-08-11,19:44:58.000393,/Users/anupreksha/Desktop/hoophouse2023/flowerPi/aug11backup/videos/001f543cd39b/230808/144814_334345_001f543cd39b.mp4,[]
2023-08-11,19:44:49.263601,/Users/anupreksha/Desktop/hoophouse2023/flowerPi/aug11backup/videos/001f543cd39b/230808/114800_883197_001f543cd39b.mp4,[]
2023-08-11,19:44:52.248761,/Users/anupreksha/Desktop/hoophouse2023/flowerPi/aug11backup/videos/001f543cd39b/230808/132627_513718_001f543cd39b.mp4,[]
2023-08-11,19:45:13.474196,/Users/anupreksha/Desktop/hoophouse2023/flowerPi/aug11backup/videos/001f543cd39b/230808/175036_802783_001f543cd39b.mp4,[190]
2023-08-11,19:45:11.692520,/Users/anupreksha/Desktop/hoophouse2023/flowerPi/aug11backup/videos/001f543cd39b/230808/173123_387048_001f543cd39b.mp4,[]
2023-08-11,19:45:11.609277,/Users/anupreksha/Desktop/hoophouse2023/flowerPi/aug11backup/videos/001f543cd39b/230808/173005_380686_001f543cd39b.mp4,[]
2023-08-11,19:44:47.415381,/Users/anupreksha/Desktop/hoophouse2023/flowerPi/aug11backup/videos/001f543cd39b/230808/103915_053664_001f543cd39b.mp4,[]
2023-08-11,19:45:04.662488,/Users/anupreksha/Desktop/hoophouse2023/flowerPi/aug11backup/videos/001f543cd39b/230808/164010_166029_001f543cd39b.mp4,[]
2023-08-11,19:44:57.914856,/Users/anupreksha/Desktop/hoophouse2023/flowerPi/aug11backup/videos/001f543cd39b/230808/144646_280420_001f543cd39b.mp4,[]
2023-08-11,19:45:01.247300,/Users/anupreksha/Desktop/hoophouse2023/flowerPi/aug11backup/videos/001f543cd39b/230808/154329_146587_001f543cd39b.mp4,[]
2023-08-11,19:44:57.448975,/Users/anupreksha/Desktop/hoophouse2023/flowerPi/aug11backup/videos/001f543cd39b/230808/143713_326277_001f543cd39b.mp4,[]
2023-08-11,19:45:10.977733,/Users/anupreksha/Desktop/hoophouse2023/flowerPi/aug11backup/videos/001f543cd39b/230808/171826_588800_001f543cd39b.mp4,[]
2023-08-11,19:45:13.727261,/Users/anupreksha/Desktop/hoophouse2023/flowerPi/aug11backup/videos/001f543cd39b/230808/175455_799786_001f543cd39b.mp4,[]
2023-08-11,19:44:51.490635,/Users/anupreksha/Desktop/hoophouse2023/flowerPi/aug11backup/videos/001f543cd39b/230808/130419_505566_001f543cd39b.mp4,[]
2023-08-11,19:45:07.524603,/Users/anupreksha/Desktop/hoophouse2023/flowerPi/aug11backup/videos/001f543cd39b/230808/165836_178042_001f543cd39b.mp4,[]
2023-08-11,19:45:08.085635,/Users/anupreksha/Desktop/hoophouse2023/flowerPi/aug11backup/videos/001f543cd39b/230808/171049_177672_001f543cd39b.mp4,[]
2023-08-11,19:45:03.337972,/Users/anupreksha/Desktop/hoophouse2023/flowerPi/aug11backup/videos/001f543cd39b/230808/154819_344800_001f543cd39b.mp4,[]
2023-08-11,19:44:51.421955,/Users/anupreksha/Desktop/hoophouse2023/flowerPi/aug11backup/videos/001f543cd39b/230808/130216_303477_001f543cd39b.mp4,[]
2023-08-11,19:45:08.170872,/Users/anupreksha/Desktop/hoophouse2023/flowerPi/aug11backup/videos/001f543cd39b/230808/171239_579898_001f543cd39b.mp4,[]
2023-08-11,19:44:57.360518,/Users/anupreksha/Desktop/hoophouse2023/flowerPi/aug11backup/videos/001f543cd39b/230808/143418_328783_001f543cd39b.mp4,[]
2023-08-11,19:45:10.929253,/Users/anupreksha/Desktop/hoophouse2023/flowerPi/aug11backup/videos/001f543cd39b/230808/171747_581001_001f543cd39b.mp4,"[17, 17, 17, 17]"
2023-08-11,19:45:03.862176,/Users/anupreksha/Desktop/hoophouse2023/flowerPi/aug11backup/videos/001f543cd39b/230808/160855_551850_001f543cd39b.mp4,[]
2023-08-11,19:45:08.207279,/Users/anupreksha/Desktop/hoophouse2023/flowerPi/aug11backup/videos/001f543cd39b/230808/171315_575897_001f543cd39b.mp4,"[944, 944, 944, 944, 944, 944, 944, 944, 944, 944]"
2023-08-11,19:44:52.382308,/Users/anupreksha/Desktop/hoophouse2023/flowerPi/aug11backup/videos/001f543cd39b/230808/133007_730547_001f543cd39b.mp4,[]
2023-08-11,19:45:00.395381,/Users/anupreksha/Desktop/hoophouse2023/flowerPi/aug11backup/videos/001f543cd39b/230808/151753_939891_001f543cd39b.mp4,[]
2023-08-11,19:45:12.538467,/Users/anupreksha/Desktop/hoophouse2023/flowerPi/aug11backup/videos/001f543cd39b/230808/174649_591038_001f543cd39b.mp4,[]
2023-08-11,19:45:13.337004,/Users/anupreksha/Desktop/hoophouse2023/flowerPi/aug11backup/videos/001f543cd39b/230808/174822_794245_001f543cd39b.mp4,"[17, 17, 17, 17]"
2023-08-11,19:44:49.765511,/Users/anupreksha/Desktop/hoophouse2023/flowerPi/aug11backup/videos/001f543cd39b/230808/125029_896371_001f543cd39b.mp4,[]
2023-08-11,19:45:01.059398,/Users/anupreksha/Desktop/hoophouse2023/flowerPi/aug11backup/videos/001f543cd39b/230808/153829_945353_001f543cd39b.mp4,[190]
2023-08-11,19:44:51.534951,/Users/anupreksha/Desktop/hoophouse2023/flowerPi/aug11backup/videos/001f543cd39b/230808/130538_509345_001f543cd39b.mp4,[]
2023-08-11,19:45:07.878842,/Users/anupreksha/Desktop/hoophouse2023/flowerPi/aug11backup/videos/001f543cd39b/230808/170516_374076_001f543cd39b.mp4,[]
2023-08-11,19:45:00.370648,/Users/anupreksha/Desktop/hoophouse2023/flowerPi/aug11backup/videos/001f543cd39b/230808/151456_871001_001f543cd39b.mp4,[]
2023-08-11,19:44:49.454032,/Users/anupreksha/Desktop/hoophouse2023/flowerPi/aug11backup/videos/001f543cd39b/230808/115415_880293_001f543cd39b.mp4,"[17, 17, 17, 17]"
2023-08-11,19:44:52.287526,/Users/anupreksha/Desktop/hoophouse2023/flowerPi/aug11backup/videos/001f543cd39b/230808/132745_714853_001f543cd39b.mp4,[]
2023-08-11,19:44:57.636754,/Users/anupreksha/Desktop/hoophouse2023/flowerPi/aug11backup/videos/001f543cd39b/230808/144044_333530_001f543cd39b.mp4,[]
2023-08-11,19:44:52.362187,/Users/anupreksha/Desktop/hoophouse2023/flowerPi/aug11backup/videos/001f543cd39b/230808/132936_715475_001f543cd39b.mp4,[]
2023-08-11,19:45:00.242348,/Users/anupreksha/Desktop/hoophouse2023/flowerPi/aug11backup/videos/001f543cd39b/230808/150454_537191_001f543cd39b.mp4,[]
2023-08-11,19:45:00.955608,/Users/anupreksha/Desktop/hoophouse2023/flowerPi/aug11backup/videos/001f543cd39b/230808/153542_942462_001f543cd39b.mp4,[]
2023-08-11,19:44:54.548873,/Users/anupreksha/Desktop/hoophouse2023/flowerPi/aug11backup/videos/001f543cd39b/230808/135141_326842_001f543cd39b.mp4,[]
2023-08-11,19:44:49.602648,/Users/anupreksha/Desktop/hoophouse2023/flowerPi/aug11backup/videos/001f543cd39b/230808/123558_894236_001f543cd39b.mp4,[]
2023-08-11,19:44:58.491089,/Users/anupreksha/Desktop/hoophouse2023/flowerPi/aug11backup/videos/001f543cd39b/230808/150146_336730_001f543cd39b.mp4,[]
2023-08-11,19:44:49.682827,/Users/anupreksha/Desktop/hoophouse2023/flowerPi/aug11backup/videos/001f543cd39b/230808/124420_894087_001f543cd39b.mp4,[]
2023-08-11,19:45:11.516064,/Users/anupreksha/Desktop/hoophouse2023/flowerPi/aug11backup/videos/001f543cd39b/230808/172839_182440_001f543cd39b.mp4,[190]
2023-08-11,19:45:06.830980,/Users/anupreksha/Desktop/hoophouse2023/flowerPi/aug11backup/videos/001f543cd39b/230808/164414_367687_001f543cd39b.mp4,[]
2023-08-11,19:44:52.481684,/Users/anupreksha/Desktop/hoophouse2023/flowerPi/aug11backup/videos/001f543cd39b/230808/133220_913931_001f543cd39b.mp4,[]
2023-08-11,19:45:00.442715,/Users/anupreksha/Desktop/hoophouse2023/flowerPi/aug11backup/videos/001f543cd39b/230808/151852_940356_001f543cd39b.mp4,"[17, 17, 17, 17, 17, 997, 997]"
2023-08-11,19:45:01.119495,/Users/anupreksha/Desktop/hoophouse2023/flowerPi/aug11backup/videos/001f543cd39b/230808/153956_143761_001f543cd39b.mp4,[987]
2023-08-11,19:44:51.477889,/Users/anupreksha/Desktop/hoophouse2023/flowerPi/aug11backup/videos/001f543cd39b/230808/130349_499868_001f543cd39b.mp4,[]
2023-08-11,19:45:01.214719,/Users/anupreksha/Desktop/hoophouse2023/flowerPi/aug11backup/videos/001f543cd39b/230808/154231_143483_001f543cd39b.mp4,[]
2023-08-11,19:45:07.449409,/Users/anupreksha/Desktop/hoophouse2023/flowerPi/aug11backup/videos/001f543cd39b/230808/165722_170532_001f543cd39b.mp4,[]
2023-08-11,19:45:00.462428,/Users/anupreksha/Desktop/hoophouse2023/flowerPi/aug11backup/videos/001f543cd39b/230808/151923_139740_001f543cd39b.mp4,[]
2023-08-11,19:44:52.579017,/Users/anupreksha/Desktop/hoophouse2023/flowerPi/aug11backup/videos/001f543cd39b/230808/133429_315639_001f543cd39b.mp4,[]
2023-08-11,19:44:54.267884,/Users/anupreksha/Desktop/hoophouse2023/flowerPi/aug11backup/videos/001f543cd39b/230808/134219_118377_001f543cd39b.mp4,[]
2023-08-11,19:45:03.574206,/Users/anupreksha/Desktop/hoophouse2023/flowerPi/aug11backup/videos/001f543cd39b/230808/160016_148747_001f543cd39b.mp4,"[190, 190, 190, 190, 190, 17, 17, 17, 17, 17]"
2023-08-11,19:44:55.216247,/Users/anupreksha/Desktop/hoophouse2023/flowerPi/aug11backup/videos/001f543cd39b/230808/141218_853799_001f543cd39b.mp4,[]
2023-08-11,19:45:03.631856,/Users/anupreksha/Desktop/hoophouse2023/flowerPi/aug11backup/videos/001f543cd39b/230808/160308_221383_001f543cd39b.mp4,"[190, 190, 190, 190, 190, 190, 190, 190, 190, 190]"
2023-08-11,19:45:01.362047,/Users/anupreksha/Desktop/hoophouse2023/flowerPi/aug11backup/videos/001f543cd39b/230808/154535_345658_001f543cd39b.mp4,[]
2023-08-11,19:45:06.897214,/Users/anupreksha/Desktop/hoophouse2023/flowerPi/aug11backup/videos/001f543cd39b/230808/164616_368141_001f543cd39b.mp4,[]
2023-08-11,19:44:58.438787,/Users/anupreksha/Desktop/hoophouse2023/flowerPi/aug11backup/videos/001f543cd39b/230808/150009_136169_001f543cd39b.mp4,"[987, 987]"
2023-08-11,19:45:13.871177,/Users/anupreksha/Desktop/hoophouse2023/flowerPi/aug11backup/videos/001f543cd39b/230808/175720_993277_001f543cd39b.mp4,[]
2023-08-11,19:45:00.281295,/Users/anupreksha/Desktop/hoophouse2023/flowerPi/aug11backup/videos/001f543cd39b/230808/150546_533773_001f543cd39b.mp4,[]
2023-08-11,19:45:14.178584,/Users/anupreksha/Desktop/hoophouse2023/flowerPi/aug11backup/videos/001f543cd39b/230808/184815_006030_001f543cd39b.mp4,[]
2023-08-11,19:44:57.876815,/Users/anupreksha/Desktop/hoophouse2023/flowerPi/aug11backup/videos/001f543cd39b/230808/144547_139364_001f543cd39b.mp4,[]
2023-08-11,19:44:49.294737,/Users/anupreksha/Desktop/hoophouse2023/flowerPi/aug11backup/videos/001f543cd39b/230808/114849_882371_001f543cd39b.mp4,[]
2023-08-11,19:45:03.653922,/Users/anupreksha/Desktop/hoophouse2023/flowerPi/aug11backup/videos/001f543cd39b/230808/160332_352025_001f543cd39b.mp4,[]
2023-08-11,19:44:55.434097,/Users/anupreksha/Desktop/hoophouse2023/flowerPi/aug11backup/videos/001f543cd39b/230808/141904_119924_001f543cd39b.mp4,[]
2023-08-11,19:45:08.118176,/Users/anupreksha/Desktop/hoophouse2023/flowerPi/aug11backup/videos/001f543cd39b/230808/171110_305994_001f543cd39b.mp4,[470]
2023-08-11,19:44:49.670541,/Users/anupreksha/Desktop/hoophouse2023/flowerPi/aug11backup/videos/001f543cd39b/230808/124346_893620_001f543cd39b.mp4,[]
2023-08-11,19:45:11.423299,/Users/anupreksha/Desktop/hoophouse2023/flowerPi/aug11backup/videos/001f543cd39b/230808/172716_978605_001f543cd39b.mp4,[]
2023-08-11,19:44:51.450297,/Users/anupreksha/Desktop/hoophouse2023/flowerPi/aug11backup/videos/001f543cd39b/230808/130325_299075_001f543cd39b.mp4,[]
2023-08-11,19:44:49.724741,/Users/anupreksha/Desktop/hoophouse2023/flowerPi/aug11backup/videos/001f543cd39b/230808/124746_894028_001f543cd39b.mp4,[190]
2023-08-11,19:45:00.837247,/Users/anupreksha/Desktop/hoophouse2023/flowerPi/aug11backup/videos/001f543cd39b/230808/153100_943841_001f543cd39b.mp4,[]
2023-08-11,19:44:58.149791,/Users/anupreksha/Desktop/hoophouse2023/flowerPi/aug11backup/videos/001f543cd39b/230808/145205_734786_001f543cd39b.mp4,[]
2023-08-11,19:44:49.527414,/Users/anupreksha/Desktop/hoophouse2023/flowerPi/aug11backup/videos/001f543cd39b/230808/120400_880239_001f543cd39b.mp4,"[944, 944]"
2023-08-11,19:45:12.339942,/Users/anupreksha/Desktop/hoophouse2023/flowerPi/aug11backup/videos/001f543cd39b/230808/174329_388698_001f543cd39b.mp4,[]
2023-08-11,19:45:01.201445,/Users/anupreksha/Desktop/hoophouse2023/flowerPi/aug11backup/videos/001f543cd39b/230808/154213_145487_001f543cd39b.mp4,[190]
2023-08-11,19:45:11.185241,/Users/anupreksha/Desktop/hoophouse2023/flowerPi/aug11backup/videos/001f543cd39b/230808/172310_977589_001f543cd39b.mp4,"[190, 190, 190]"
2023-08-11,19:45:07.375883,/Users/anupreksha/Desktop/hoophouse2023/flowerPi/aug11backup/videos/001f543cd39b/230808/165601_169415_001f543cd39b.mp4,[]
2023-08-11,19:44:54.872438,/Users/anupreksha/Desktop/hoophouse2023/flowerPi/aug11backup/videos/001f543cd39b/230808/135749_125697_001f543cd39b.mp4,[]
2023-08-11,19:44:52.437301,/Users/anupreksha/Desktop/hoophouse2023/flowerPi/aug11backup/videos/001f543cd39b/230808/133124_712374_001f543cd39b.mp4,[]
2023-08-11,19:45:04.493316,/Users/anupreksha/Desktop/hoophouse2023/flowerPi/aug11backup/videos/001f543cd39b/230808/163601_765302_001f543cd39b.mp4,[]
2023-08-11,19:45:00.541182,/Users/anupreksha/Desktop/hoophouse2023/flowerPi/aug11backup/videos/001f543cd39b/230808/152219_344718_001f543cd39b.mp4,[]
2023-08-11,19:45:00.228296,/Users/anupreksha/Desktop/hoophouse2023/flowerPi/aug11backup/videos/001f543cd39b/230808/150419_533461_001f543cd39b.mp4,[]
2023-08-11,19:44:54.937160,/Users/anupreksha/Desktop/hoophouse2023/flowerPi/aug11backup/videos/001f543cd39b/230808/135934_119448_001f543cd39b.mp4,[]
2023-08-11,19:44:57.562831,/Users/anupreksha/Desktop/hoophouse2023/flowerPi/aug11backup/videos/001f543cd39b/230808/143929_334506_001f543cd39b.mp4,[]
2023-08-11,19:45:04.709224,/Users/anupreksha/Desktop/hoophouse2023/flowerPi/aug11backup/videos/001f543cd39b/230808/164052_165147_001f543cd39b.mp4,[]
2023-08-11,19:45:11.766583,/Users/anupreksha/Desktop/hoophouse2023/flowerPi/aug11backup/videos/001f543cd39b/230808/173233_384773_001f543cd39b.mp4,[]
2023-08-11,19:45:06.877286,/Users/anupreksha/Desktop/hoophouse2023/flowerPi/aug11backup/videos/001f543cd39b/230808/164506_366620_001f543cd39b.mp4,"[653, 653, 296]"
2023-08-11,19:44:55.261183,/Users/anupreksha/Desktop/hoophouse2023/flowerPi/aug11backup/videos/001f543cd39b/230808/141310_920739_001f543cd39b.mp4,[]
2023-08-11,19:44:57.518142,/Users/anupreksha/Desktop/hoophouse2023/flowerPi/aug11backup/videos/001f543cd39b/230808/143832_328825_001f543cd39b.mp4,[]
2023-08-11,19:44:57.901062,/Users/anupreksha/Desktop/hoophouse2023/flowerPi/aug11backup/videos/001f543cd39b/230808/144630_128929_001f543cd39b.mp4,[]
2023-08-11,19:44:54.444680,/Users/anupreksha/Desktop/hoophouse2023/flowerPi/aug11backup/videos/001f543cd39b/230808/134815_316964_001f543cd39b.mp4,[]
2023-08-11,19:45:07.568081,/Users/anupreksha/Desktop/hoophouse2023/flowerPi/aug11backup/videos/001f543cd39b/230808/165923_170559_001f543cd39b.mp4,"[476, 476]"
2023-08-11,19:45:00.736619,/Users/anupreksha/Desktop/hoophouse2023/flowerPi/aug11backup/videos/001f543cd39b/230808/152754_940499_001f543cd39b.mp4,[]
2023-08-11,19:45:06.981174,/Users/anupreksha/Desktop/hoophouse2023/flowerPi/aug11backup/videos/001f543cd39b/230808/164748_768755_001f543cd39b.mp4,[]
2023-08-11,19:44:55.091494,/Users/anupreksha/Desktop/hoophouse2023/flowerPi/aug11backup/videos/001f543cd39b/230808/140746_126981_001f543cd39b.mp4,[]
2023-08-11,19:45:07.034483,/Users/anupreksha/Desktop/hoophouse2023/flowerPi/aug11backup/videos/001f543cd39b/230808/164856_769412_001f543cd39b.mp4,[]
2023-08-11,19:45:12.225052,/Users/anupreksha/Desktop/hoophouse2023/flowerPi/aug11backup/videos/001f543cd39b/230808/174053_386704_001f543cd39b.mp4,[683]
2023-08-11,19:45:07.810046,/Users/anupreksha/Desktop/hoophouse2023/flowerPi/aug11backup/videos/001f543cd39b/230808/170354_174048_001f543cd39b.mp4,[]
2023-08-11,19:44:58.222500,/Users/anupreksha/Desktop/hoophouse2023/flowerPi/aug11backup/videos/001f543cd39b/230808/145409_746032_001f543cd39b.mp4,[]
2023-08-11,19:45:04.531819,/Users/anupreksha/Desktop/hoophouse2023/flowerPi/aug11backup/videos/001f543cd39b/230808/163651_959892_001f543cd39b.mp4,[]
2023-08-11,19:45:13.799772,/Users/anupreksha/Desktop/hoophouse2023/flowerPi/aug11backup/videos/001f543cd39b/230808/175606_997847_001f543cd39b.mp4,[]
2023-08-11,19:44:55.447957,/Users/anupreksha/Desktop/hoophouse2023/flowerPi/aug11backup/videos/001f543cd39b/230808/142044_126361_001f543cd39b.mp4,[]
2023-08-11,19:44:52.319299,/Users/anupreksha/Desktop/hoophouse2023/flowerPi/aug11backup/videos/001f543cd39b/230808/132848_713436_001f543cd39b.mp4,[]
2023-08-11,19:44:49.000031,/Users/anupreksha/Desktop/hoophouse2023/flowerPi/aug11backup/videos/001f543cd39b/230808/113257_475489_001f543cd39b.mp4,"[638, 638, 638]"
2023-08-11,19:45:11.074403,/Users/anupreksha/Desktop/hoophouse2023/flowerPi/aug11backup/videos/001f543cd39b/230808/172007_582401_001f543cd39b.mp4,"[190, 190, 190, 190, 190, 190]"
2023-08-11,19:44:51.744426,/Users/anupreksha/Desktop/hoophouse2023/flowerPi/aug11backup/videos/001f543cd39b/230808/130943_908485_001f543cd39b.mp4,[110]
2023-08-11,19:44:54.828823,/Users/anupreksha/Desktop/hoophouse2023/flowerPi/aug11backup/videos/001f543cd39b/230808/135632_123180_001f543cd39b.mp4,[]
2023-08-11,19:44:57.312363,/Users/anupreksha/Desktop/hoophouse2023/flowerPi/aug11backup/videos/001f543cd39b/230808/143058_330239_001f543cd39b.mp4,[]
2023-08-11,19:45:11.538138,/Users/anupreksha/Desktop/hoophouse2023/flowerPi/aug11backup/videos/001f543cd39b/230808/172856_186943_001f543cd39b.mp4,[]
2023-08-11,19:45:07.670897,/Users/anupreksha/Desktop/hoophouse2023/flowerPi/aug11backup/videos/001f543cd39b/230808/170115_169495_001f543cd39b.mp4,[]
2023-08-11,19:45:01.095100,/Users/anupreksha/Desktop/hoophouse2023/flowerPi/aug11backup/videos/001f543cd39b/230808/153907_146844_001f543cd39b.mp4,"[653, 653, 653, 997]"
2023-08-11,19:44:51.642012,/Users/anupreksha/Desktop/hoophouse2023/flowerPi/aug11backup/videos/001f543cd39b/230808/130733_905325_001f543cd39b.mp4,"[17, 17]"
2023-08-11,19:44:52.130476,/Users/anupreksha/Desktop/hoophouse2023/flowerPi/aug11backup/videos/001f543cd39b/230808/132214_107981_001f543cd39b.mp4,[]
2023-08-11,19:44:46.983666,/Users/anupreksha/Desktop/hoophouse2023/flowerPi/aug11backup/videos/001f543cd39b/230808/082311_616861_001f543cd39b.mp4,[]
2023-08-11,19:44:58.294631,/Users/anupreksha/Desktop/hoophouse2023/flowerPi/aug11backup/videos/001f543cd39b/230808/145635_739731_001f543cd39b.mp4,[]
2023-08-11,19:44:47.493455,/Users/anupreksha/Desktop/hoophouse2023/flowerPi/aug11backup/videos/001f543cd39b/230808/104503_056340_001f543cd39b.mp4,[]
2023-08-11,19:44:57.538816,/Users/anupreksha/Desktop/hoophouse2023/flowerPi/aug11backup/videos/001f543cd39b/230808/143851_330022_001f543cd39b.mp4,[]
2023-08-11,19:44:54.760895,/Users/anupreksha/Desktop/hoophouse2023/flowerPi/aug11backup/videos/001f543cd39b/230808/135533_123158_001f543cd39b.mp4,[]
2023-08-11,19:44:55.488722,/Users/anupreksha/Desktop/hoophouse2023/flowerPi/aug11backup/videos/001f543cd39b/230808/142311_335397_001f543cd39b.mp4,[]
2023-08-11,19:45:03.669272,/Users/anupreksha/Desktop/hoophouse2023/flowerPi/aug11backup/videos/001f543cd39b/230808/160357_350804_001f543cd39b.mp4,[]
2023-08-11,19:45:00.968550,/Users/anupreksha/Desktop/hoophouse2023/flowerPi/aug11backup/videos/001f543cd39b/230808/153601_942421_001f543cd39b.mp4,[]
2023-08-11,19:44:47.165802,/Users/anupreksha/Desktop/hoophouse2023/flowerPi/aug11backup/videos/001f543cd39b/230808/101643_046097_001f543cd39b.mp4,[]
2023-08-11,19:44:55.017774,/Users/anupreksha/Desktop/hoophouse2023/flowerPi/aug11backup/videos/001f543cd39b/230808/140249_128371_001f543cd39b.mp4,[]
2023-08-11,19:44:58.400489,/Users/anupreksha/Desktop/hoophouse2023/flowerPi/aug11backup/videos/001f543cd39b/230808/145849_934944_001f543cd39b.mp4,[425]
2023-08-11,19:44:58.075378,/Users/anupreksha/Desktop/hoophouse2023/flowerPi/aug11backup/videos/001f543cd39b/230808/145008_739438_001f543cd39b.mp4,[]
2023-08-11,19:44:54.498406,/Users/anupreksha/Desktop/hoophouse2023/flowerPi/aug11backup/videos/001f543cd39b/230808/135022_330812_001f543cd39b.mp4,[]
2023-08-11,19:44:54.433599,/Users/anupreksha/Desktop/hoophouse2023/flowerPi/aug11backup/videos/001f543cd39b/230808/134713_313737_001f543cd39b.mp4,[]
2023-08-11,19:45:03.778170,/Users/anupreksha/Desktop/hoophouse2023/flowerPi/aug11backup/videos/001f543cd39b/230808/160609_351460_001f543cd39b.mp4,"[190, 190, 190, 190, 190, 190, 190, 190, 190, 190]"
2023-08-11,19:45:04.193058,/Users/anupreksha/Desktop/hoophouse2023/flowerPi/aug11backup/videos/001f543cd39b/230808/162706_600476_001f543cd39b.mp4,"[17, 17]"
2023-08-11,19:44:54.923872,/Users/anupreksha/Desktop/hoophouse2023/flowerPi/aug11backup/videos/001f543cd39b/230808/135913_125054_001f543cd39b.mp4,[]
2023-08-11,19:44:51.994620,/Users/anupreksha/Desktop/hoophouse2023/flowerPi/aug11backup/videos/001f543cd39b/230808/131637_751009_001f543cd39b.mp4,[]
2023-08-11,19:45:07.284740,/Users/anupreksha/Desktop/hoophouse2023/flowerPi/aug11backup/videos/001f543cd39b/230808/165417_169082_001f543cd39b.mp4,[]
2023-08-11,19:45:13.526748,/Users/anupreksha/Desktop/hoophouse2023/flowerPi/aug11backup/videos/001f543cd39b/230808/175146_797196_001f543cd39b.mp4,[190]
2023-08-11,19:44:54.897896,/Users/anupreksha/Desktop/hoophouse2023/flowerPi/aug11backup/videos/001f543cd39b/230808/135841_120588_001f543cd39b.mp4,[]
2023-08-11,19:44:52.225310,/Users/anupreksha/Desktop/hoophouse2023/flowerPi/aug11backup/videos/001f543cd39b/230808/132558_314212_001f543cd39b.mp4,[]
2023-08-11,19:45:00.417802,/Users/anupreksha/Desktop/hoophouse2023/flowerPi/aug11backup/videos/001f543cd39b/230808/151841_939004_001f543cd39b.mp4,[]
2023-08-11,19:45:10.906985,/Users/anupreksha/Desktop/hoophouse2023/flowerPi/aug11backup/videos/001f543cd39b/230808/171656_589554_001f543cd39b.mp4,[190]
2023-08-11,19:45:03.347841,/Users/anupreksha/Desktop/hoophouse2023/flowerPi/aug11backup/videos/001f543cd39b/230808/154857_344658_001f543cd39b.mp4,[]
2023-08-11,19:45:14.156290,/Users/anupreksha/Desktop/hoophouse2023/flowerPi/aug11backup/videos/001f543cd39b/230808/183741_008054_001f543cd39b.mp4,[]
2023-08-11,19:44:57.652964,/Users/anupreksha/Desktop/hoophouse2023/flowerPi/aug11backup/videos/001f543cd39b/230808/144125_334867_001f543cd39b.mp4,[]
2023-08-11,19:44:57.484463,/Users/anupreksha/Desktop/hoophouse2023/flowerPi/aug11backup/videos/001f543cd39b/230808/143756_329094_001f543cd39b.mp4,[]
2023-08-11,19:44:52.460191,/Users/anupreksha/Desktop/hoophouse2023/flowerPi/aug11backup/videos/001f543cd39b/230808/133148_845939_001f543cd39b.mp4,[]
2023-08-11,19:44:57.718778,/Users/anupreksha/Desktop/hoophouse2023/flowerPi/aug11backup/videos/001f543cd39b/230808/144233_538007_001f543cd39b.mp4,[]
2023-08-11,19:45:07.646347,/Users/anupreksha/Desktop/hoophouse2023/flowerPi/aug11backup/videos/001f543cd39b/230808/170047_171864_001f543cd39b.mp4,[131]
2023-08-11,19:45:04.543386,/Users/anupreksha/Desktop/hoophouse2023/flowerPi/aug11backup/videos/001f543cd39b/230808/163750_964998_001f543cd39b.mp4,[]
2023-08-11,19:44:52.657634,/Users/anupreksha/Desktop/hoophouse2023/flowerPi/aug11backup/videos/001f543cd39b/230808/133609_515294_001f543cd39b.mp4,[]
2023-08-11,19:44:55.200913,/Users/anupreksha/Desktop/hoophouse2023/flowerPi/aug11backup/videos/001f543cd39b/230808/141157_733226_001f543cd39b.mp4,[653]
2023-08-11,19:45:07.391967,/Users/anupreksha/Desktop/hoophouse2023/flowerPi/aug11backup/videos/001f543cd39b/230808/165633_171970_001f543cd39b.mp4,[190]
2023-08-11,19:44:55.244476,/Users/anupreksha/Desktop/hoophouse2023/flowerPi/aug11backup/videos/001f543cd39b/230808/141239_930363_001f543cd39b.mp4,[]
2023-08-11,19:45:00.982669,/Users/anupreksha/Desktop/hoophouse2023/flowerPi/aug11backup/videos/001f543cd39b/230808/153622_942898_001f543cd39b.mp4,"[17, 17, 17, 17, 17]"
2023-08-11,19:44:58.548343,/Users/anupreksha/Desktop/hoophouse2023/flowerPi/aug11backup/videos/001f543cd39b/230808/150320_336782_001f543cd39b.mp4,[]
2023-08-11,19:45:00.502106,/Users/anupreksha/Desktop/hoophouse2023/flowerPi/aug11backup/videos/001f543cd39b/230808/152049_336662_001f543cd39b.mp4,[]
2023-08-11,19:44:58.232309,/Users/anupreksha/Desktop/hoophouse2023/flowerPi/aug11backup/videos/001f543cd39b/230808/145440_737992_001f543cd39b.mp4,[]
2023-08-11,19:45:03.320282,/Users/anupreksha/Desktop/hoophouse2023/flowerPi/aug11backup/videos/001f543cd39b/230808/154753_344653_001f543cd39b.mp4,"[190, 190, 190]"
2023-08-11,19:45:07.713275,/Users/anupreksha/Desktop/hoophouse2023/flowerPi/aug11backup/videos/001f543cd39b/230808/170214_171753_001f543cd39b.mp4,[]
2023-08-11,19:44:57.577101,/Users/anupreksha/Desktop/hoophouse2023/flowerPi/aug11backup/videos/001f543cd39b/230808/143941_326374_001f543cd39b.mp4,[]
2023-08-11,19:45:13.773393,/Users/anupreksha/Desktop/hoophouse2023/flowerPi/aug11backup/videos/001f543cd39b/230808/175544_995349_001f543cd39b.mp4,[190]
2023-08-11,19:45:04.018391,/Users/anupreksha/Desktop/hoophouse2023/flowerPi/aug11backup/videos/001f543cd39b/230808/161146_757199_001f543cd39b.mp4,[]
2023-08-11,19:44:54.857695,/Users/anupreksha/Desktop/hoophouse2023/flowerPi/aug11backup/videos/001f543cd39b/230808/135719_121835_001f543cd39b.mp4,[]
2023-08-11,19:45:07.933322,/Users/anupreksha/Desktop/hoophouse2023/flowerPi/aug11backup/videos/001f543cd39b/230808/170621_508237_001f543cd39b.mp4,[]
2023-08-11,19:45:06.785526,/Users/anupreksha/Desktop/hoophouse2023/flowerPi/aug11backup/videos/001f543cd39b/230808/164309_368842_001f543cd39b.mp4,[]
2023-08-11,19:44:57.599841,/Users/anupreksha/Desktop/hoophouse2023/flowerPi/aug11backup/videos/001f543cd39b/230808/144030_339182_001f543cd39b.mp4,[]
2023-08-11,19:45:13.639842,/Users/anupreksha/Desktop/hoophouse2023/flowerPi/aug11backup/videos/001f543cd39b/230808/175321_595278_001f543cd39b.mp4,[]
2023-08-11,19:44:49.156320,/Users/anupreksha/Desktop/hoophouse2023/flowerPi/aug11backup/videos/001f543cd39b/230808/114102_085395_001f543cd39b.mp4,[]
2023-08-11,19:44:57.323306,/Users/anupreksha/Desktop/hoophouse2023/flowerPi/aug11backup/videos/001f543cd39b/230808/143126_336111_001f543cd39b.mp4,[379]
2023-08-11,19:44:54.950685,/Users/anupreksha/Desktop/hoophouse2023/flowerPi/aug11backup/videos/001f543cd39b/230808/135945_122342_001f543cd39b.mp4,[]
2023-08-11,19:45:07.117689,/Users/anupreksha/Desktop/hoophouse2023/flowerPi/aug11backup/videos/001f543cd39b/230808/165046_968781_001f543cd39b.mp4,[]
2023-08-11,19:44:47.012638,/Users/anupreksha/Desktop/hoophouse2023/flowerPi/aug11backup/videos/001f543cd39b/230808/083117_810319_001f543cd39b.mp4,[]
2023-08-11,19:45:11.848727,/Users/anupreksha/Desktop/hoophouse2023/flowerPi/aug11backup/videos/001f543cd39b/230808/173351_390755_001f543cd39b.mp4,[]
2023-08-11,19:45:11.286604,/Users/anupreksha/Desktop/hoophouse2023/flowerPi/aug11backup/videos/001f543cd39b/230808/172512_982550_001f543cd39b.mp4,[190]
2023-08-11,19:45:07.989174,/Users/anupreksha/Desktop/hoophouse2023/flowerPi/aug11backup/videos/001f543cd39b/230808/170739_118081_001f543cd39b.mp4,[]
2023-08-11,19:45:01.155388,/Users/anupreksha/Desktop/hoophouse2023/flowerPi/aug11backup/videos/001f543cd39b/230808/154109_144164_001f543cd39b.mp4,[]
2023-08-11,19:44:49.077756,/Users/anupreksha/Desktop/hoophouse2023/flowerPi/aug11backup/videos/001f543cd39b/230808/113524_476195_001f543cd39b.mp4,[]
2023-08-11,19:44:52.262231,/Users/anupreksha/Desktop/hoophouse2023/flowerPi/aug11backup/videos/001f543cd39b/230808/132659_512749_001f543cd39b.mp4,[]
2023-08-11,19:45:04.687928,/Users/anupreksha/Desktop/hoophouse2023/flowerPi/aug11backup/videos/001f543cd39b/230808/164025_164807_001f543cd39b.mp4,[]
2023-08-11,19:45:11.479289,/Users/anupreksha/Desktop/hoophouse2023/flowerPi/aug11backup/videos/001f543cd39b/230808/172807_126945_001f543cd39b.mp4,[190]
2023-08-11,19:45:12.561173,/Users/anupreksha/Desktop/hoophouse2023/flowerPi/aug11backup/videos/001f543cd39b/230808/174711_590232_001f543cd39b.mp4,[]
2023-08-11,19:45:11.299466,/Users/anupreksha/Desktop/hoophouse2023/flowerPi/aug11backup/videos/001f543cd39b/230808/172533_982615_001f543cd39b.mp4,[]
2023-08-11,19:45:12.202414,/Users/anupreksha/Desktop/hoophouse2023/flowerPi/aug11backup/videos/001f543cd39b/230808/174021_384182_001f543cd39b.mp4,[]
2023-08-11,19:45:08.223244,/Users/anupreksha/Desktop/hoophouse2023/flowerPi/aug11backup/videos/001f543cd39b/230808/171331_583816_001f543cd39b.mp4,[]
2023-08-11,19:44:48.928815,/Users/anupreksha/Desktop/hoophouse2023/flowerPi/aug11backup/videos/001f543cd39b/230808/111237_873434_001f543cd39b.mp4,[17]
2023-08-11,19:44:49.779816,/Users/anupreksha/Desktop/hoophouse2023/flowerPi/aug11backup/videos/001f543cd39b/230808/125432_096857_001f543cd39b.mp4,[]
2023-08-11,19:45:13.433707,/Users/anupreksha/Desktop/hoophouse2023/flowerPi/aug11backup/videos/001f543cd39b/230808/174959_794292_001f543cd39b.mp4,[190]
2023-08-11,19:44:47.136351,/Users/anupreksha/Desktop/hoophouse2023/flowerPi/aug11backup/videos/001f543cd39b/230808/092823_835850_001f543cd39b.mp4,[]
2023-08-11,19:44:55.462038,/Users/anupreksha/Desktop/hoophouse2023/flowerPi/aug11backup/videos/001f543cd39b/230808/142143_121496_001f543cd39b.mp4,[]
2023-08-11,19:44:47.032362,/Users/anupreksha/Desktop/hoophouse2023/flowerPi/aug11backup/videos/001f543cd39b/230808/083208_817436_001f543cd39b.mp4,[]
2023-08-11,19:44:47.195558,/Users/anupreksha/Desktop/hoophouse2023/flowerPi/aug11backup/videos/001f543cd39b/230808/102554_656825_001f543cd39b.mp4,[]
2023-08-11,19:45:01.450314,/Users/anupreksha/Desktop/hoophouse2023/flowerPi/aug11backup/videos/001f543cd39b/230808/154725_346445_001f543cd39b.mp4,[]
2023-08-11,19:44:55.123418,/Users/anupreksha/Desktop/hoophouse2023/flowerPi/aug11backup/videos/001f543cd39b/230808/141012_126962_001f543cd39b.mp4,[437]
2023-08-11,19:45:04.506509,/Users/anupreksha/Desktop/hoophouse2023/flowerPi/aug11backup/videos/001f543cd39b/230808/163630_963461_001f543cd39b.mp4,[]
2023-08-11,19:44:54.387432,/Users/anupreksha/Desktop/hoophouse2023/flowerPi/aug11backup/videos/001f543cd39b/230808/134544_323856_001f543cd39b.mp4,[]
2023-08-11,19:44:47.586417,/Users/anupreksha/Desktop/hoophouse2023/flowerPi/aug11backup/videos/001f543cd39b/230808/110001_860573_001f543cd39b.mp4,[683]
2023-08-11,19:45:06.710219,/Users/anupreksha/Desktop/hoophouse2023/flowerPi/aug11backup/videos/001f543cd39b/230808/164138_365930_001f543cd39b.mp4,[]
2023-08-11,19:45:00.614496,/Users/anupreksha/Desktop/hoophouse2023/flowerPi/aug11backup/videos/001f543cd39b/230808/152417_538796_001f543cd39b.mp4,[]
2023-08-11,19:44:48.816721,/Users/anupreksha/Desktop/hoophouse2023/flowerPi/aug11backup/videos/001f543cd39b/230808/110237_861802_001f543cd39b.mp4,[]
2023-08-11,19:44:49.655792,/Users/anupreksha/Desktop/hoophouse2023/flowerPi/aug11backup/videos/001f543cd39b/230808/124311_895625_001f543cd39b.mp4,[]
2023-08-11,19:45:07.585571,/Users/anupreksha/Desktop/hoophouse2023/flowerPi/aug11backup/videos/001f543cd39b/230808/165945_170735_001f543cd39b.mp4,[]
2023-08-11,19:45:03.457397,/Users/anupreksha/Desktop/hoophouse2023/flowerPi/aug11backup/videos/001f543cd39b/230808/155733_950794_001f543cd39b.mp4,"[17, 17, 190, 190]"
2023-08-11,19:45:06.915080,/Users/anupreksha/Desktop/hoophouse2023/flowerPi/aug11backup/videos/001f543cd39b/230808/164637_369016_001f543cd39b.mp4,[]
2023-08-11,19:45:04.265439,/Users/anupreksha/Desktop/hoophouse2023/flowerPi/aug11backup/videos/001f543cd39b/230808/162933_160890_001f543cd39b.mp4,"[653, 653]"
2023-08-11,19:45:13.408734,/Users/anupreksha/Desktop/hoophouse2023/flowerPi/aug11backup/videos/001f543cd39b/230808/174930_794333_001f543cd39b.mp4,"[17, 17, 17, 17]"
2023-08-11,19:45:07.313947,/Users/anupreksha/Desktop/hoophouse2023/flowerPi/aug11backup/videos/001f543cd39b/230808/165443_168253_001f543cd39b.mp4,[]
2023-08-11,19:44:49.899161,/Users/anupreksha/Desktop/hoophouse2023/flowerPi/aug11backup/videos/001f543cd39b/230808/125849_232775_001f543cd39b.mp4,[]
2023-08-11,19:44:57.406229,/Users/anupreksha/Desktop/hoophouse2023/flowerPi/aug11backup/videos/001f543cd39b/230808/143534_340335_001f543cd39b.mp4,[]
2023-08-11,19:44:57.970605,/Users/anupreksha/Desktop/hoophouse2023/flowerPi/aug11backup/videos/001f543cd39b/230808/144759_330945_001f543cd39b.mp4,[]
2023-08-11,19:45:00.360976,/Users/anupreksha/Desktop/hoophouse2023/flowerPi/aug11backup/videos/001f543cd39b/230808/150852_756622_001f543cd39b.mp4,[]
2023-08-11,19:44:54.962758,/Users/anupreksha/Desktop/hoophouse2023/flowerPi/aug11backup/videos/001f543cd39b/230808/135957_119987_001f543cd39b.mp4,[]
2023-08-11,19:44:58.419526,/Users/anupreksha/Desktop/hoophouse2023/flowerPi/aug11backup/videos/001f543cd39b/230808/145931_132996_001f543cd39b.mp4,[]
2023-08-11,19:44:49.142505,/Users/anupreksha/Desktop/hoophouse2023/flowerPi/aug11backup/videos/001f543cd39b/230808/114035_085497_001f543cd39b.mp4,[]
2023-08-11,19:45:00.528575,/Users/anupreksha/Desktop/hoophouse2023/flowerPi/aug11backup/videos/001f543cd39b/230808/152204_344890_001f543cd39b.mp4,[]
2023-08-11,19:44:49.630266,/Users/anupreksha/Desktop/hoophouse2023/flowerPi/aug11backup/videos/001f543cd39b/230808/123824_906234_001f543cd39b.mp4,"[140, 140, 140, 140]"
2023-08-11,19:44:57.300949,/Users/anupreksha/Desktop/hoophouse2023/flowerPi/aug11backup/videos/001f543cd39b/230808/142910_333130_001f543cd39b.mp4,[]
2023-08-11,19:45:04.595248,/Users/anupreksha/Desktop/hoophouse2023/flowerPi/aug11backup/videos/001f543cd39b/230808/163826_961053_001f543cd39b.mp4,[]
2023-08-11,19:44:57.468027,/Users/anupreksha/Desktop/hoophouse2023/flowerPi/aug11backup/videos/001f543cd39b/230808/143733_330626_001f543cd39b.mp4,[]
2023-08-11,19:45:06.991456,/Users/anupreksha/Desktop/hoophouse2023/flowerPi/aug11backup/videos/001f543cd39b/230808/164809_767142_001f543cd39b.mp4,[]
2023-08-11,19:45:04.124768,/Users/anupreksha/Desktop/hoophouse2023/flowerPi/aug11backup/videos/001f543cd39b/230808/162430_159269_001f543cd39b.mp4,[]
2023-08-11,19:45:01.185907,/Users/anupreksha/Desktop/hoophouse2023/flowerPi/aug11backup/videos/001f543cd39b/230808/154200_149465_001f543cd39b.mp4,[]
2023-08-11,19:45:14.110997,/Users/anupreksha/Desktop/hoophouse2023/flowerPi/aug11backup/videos/001f543cd39b/230808/180201_595475_001f543cd39b.mp4,[]
2023-08-11,19:44:54.612102,/Users/anupreksha/Desktop/hoophouse2023/flowerPi/aug11backup/videos/001f543cd39b/230808/135251_514022_001f543cd39b.mp4,"[17, 17, 17, 17, 17]"
2023-08-11,19:44:47.571128,/Users/anupreksha/Desktop/hoophouse2023/flowerPi/aug11backup/videos/001f543cd39b/230808/105949_864339_001f543cd39b.mp4,[]
2023-08-11,19:44:52.033772,/Users/anupreksha/Desktop/hoophouse2023/flowerPi/aug11backup/videos/001f543cd39b/230808/131822_115078_001f543cd39b.mp4,[]
2023-08-11,19:45:03.945586,/Users/anupreksha/Desktop/hoophouse2023/flowerPi/aug11backup/videos/001f543cd39b/230808/161038_553163_001f543cd39b.mp4,[]
2023-08-11,19:44:49.097266,/Users/anupreksha/Desktop/hoophouse2023/flowerPi/aug11backup/videos/001f543cd39b/230808/113715_678127_001f543cd39b.mp4,[]
2023-08-11,19:44:58.131974,/Users/anupreksha/Desktop/hoophouse2023/flowerPi/aug11backup/videos/001f543cd39b/230808/145130_729132_001f543cd39b.mp4,"[414, 414, 414]"
2023-08-11,19:45:00.587448,/Users/anupreksha/Desktop/hoophouse2023/flowerPi/aug11backup/videos/001f543cd39b/230808/152333_538459_001f543cd39b.mp4,[]
2023-08-11,19:44:52.694592,/Users/anupreksha/Desktop/hoophouse2023/flowerPi/aug11backup/videos/001f543cd39b/230808/133701_921280_001f543cd39b.mp4,[]
2023-08-11,19:44:51.687242,/Users/anupreksha/Desktop/hoophouse2023/flowerPi/aug11backup/videos/001f543cd39b/230808/130834_908544_001f543cd39b.mp4,[]
2023-08-11,19:44:49.792552,/Users/anupreksha/Desktop/hoophouse2023/flowerPi/aug11backup/videos/001f543cd39b/230808/125525_096500_001f543cd39b.mp4,[944]
2023-08-11,19:44:54.375593,/Users/anupreksha/Desktop/hoophouse2023/flowerPi/aug11backup/videos/001f543cd39b/230808/134523_248453_001f543cd39b.mp4,[]
2023-08-11,19:44:49.235891,/Users/anupreksha/Desktop/hoophouse2023/flowerPi/aug11backup/videos/001f543cd39b/230808/114639_880845_001f543cd39b.mp4,[683]
2023-08-11,19:44:47.063030,/Users/anupreksha/Desktop/hoophouse2023/flowerPi/aug11backup/videos/001f543cd39b/230808/083427_813875_001f543cd39b.mp4,[]
2023-08-11,19:44:58.035038,/Users/anupreksha/Desktop/hoophouse2023/flowerPi/aug11backup/videos/001f543cd39b/230808/144919_529408_001f543cd39b.mp4,[]
2023-08-11,19:44:47.242248,/Users/anupreksha/Desktop/hoophouse2023/flowerPi/aug11backup/videos/001f543cd39b/230808/103037_697912_001f543cd39b.mp4,[]
2023-08-11,19:44:52.048216,/Users/anupreksha/Desktop/hoophouse2023/flowerPi/aug11backup/videos/001f543cd39b/230808/132021_109650_001f543cd39b.mp4,[]
2023-08-11,19:44:58.381330,/Users/anupreksha/Desktop/hoophouse2023/flowerPi/aug11backup/videos/001f543cd39b/230808/145836_755066_001f543cd39b.mp4,[]
2023-08-11,19:45:01.030419,/Users/anupreksha/Desktop/hoophouse2023/flowerPi/aug11backup/videos/001f543cd39b/230808/153752_942375_001f543cd39b.mp4,[]
2023-08-11,19:45:00.773219,/Users/anupreksha/Desktop/hoophouse2023/flowerPi/aug11backup/videos/001f543cd39b/230808/152831_943445_001f543cd39b.mp4,"[997, 997, 997]"
2023-08-11,19:45:00.800332,/Users/anupreksha/Desktop/hoophouse2023/flowerPi/aug11backup/videos/001f543cd39b/230808/152916_940174_001f543cd39b.mp4,"[17, 656, 656, 656, 656, 656]"
2023-08-11,19:45:03.368708,/Users/anupreksha/Desktop/hoophouse2023/flowerPi/aug11backup/videos/001f543cd39b/230808/155236_352367_001f543cd39b.mp4,[]
2023-08-11,19:45:12.492165,/Users/anupreksha/Desktop/hoophouse2023/flowerPi/aug11backup/videos/001f543cd39b/230808/174603_591341_001f543cd39b.mp4,"[190, 190, 190, 190, 190, 190, 190, 190]"
2023-08-11,19:44:55.368828,/Users/anupreksha/Desktop/hoophouse2023/flowerPi/aug11backup/videos/001f543cd39b/230808/141616_932577_001f543cd39b.mp4,[]
2023-08-11,19:45:11.361031,/Users/anupreksha/Desktop/hoophouse2023/flowerPi/aug11backup/videos/001f543cd39b/230808/172612_983313_001f543cd39b.mp4,"[17, 997, 190, 190, 190]"
2023-08-11,19:44:51.937009,/Users/anupreksha/Desktop/hoophouse2023/flowerPi/aug11backup/videos/001f543cd39b/230808/131558_309789_001f543cd39b.mp4,[]
2023-08-11,19:45:03.689907,/Users/anupreksha/Desktop/hoophouse2023/flowerPi/aug11backup/videos/001f543cd39b/230808/160413_355113_001f543cd39b.mp4,[]
2023-08-11,19:44:57.499063,/Users/anupreksha/Desktop/hoophouse2023/flowerPi/aug11backup/videos/001f543cd39b/230808/143815_333056_001f543cd39b.mp4,[]
2023-08-11,19:45:00.713304,/Users/anupreksha/Desktop/hoophouse2023/flowerPi/aug11backup/videos/001f543cd39b/230808/152716_940426_001f543cd39b.mp4,"[997, 17, 17, 17, 17]"
2023-08-11,19:45:08.155510,/Users/anupreksha/Desktop/hoophouse2023/flowerPi/aug11backup/videos/001f543cd39b/230808/171224_580806_001f543cd39b.mp4,[]
2023-08-11,19:45:12.076479,/Users/anupreksha/Desktop/hoophouse2023/flowerPi/aug11backup/videos/001f543cd39b/230808/173819_386708_001f543cd39b.mp4,[]
2023-08-11,19:45:13.824598,/Users/anupreksha/Desktop/hoophouse2023/flowerPi/aug11backup/videos/001f543cd39b/230808/175633_993633_001f543cd39b.mp4,[]
2023-08-11,19:44:57.418398,/Users/anupreksha/Desktop/hoophouse2023/flowerPi/aug11backup/videos/001f543cd39b/230808/143617_335234_001f543cd39b.mp4,[]
2023-08-11,19:44:49.354063,/Users/anupreksha/Desktop/hoophouse2023/flowerPi/aug11backup/videos/001f543cd39b/230808/115131_900928_001f543cd39b.mp4,[]
2023-08-11,19:44:49.584406,/Users/anupreksha/Desktop/hoophouse2023/flowerPi/aug11backup/videos/001f543cd39b/230808/123530_893058_001f543cd39b.mp4,[]
2023-08-11,19:44:49.184139,/Users/anupreksha/Desktop/hoophouse2023/flowerPi/aug11backup/videos/001f543cd39b/230808/114152_082770_001f543cd39b.mp4,[]
2023-08-11,19:44:51.574499,/Users/anupreksha/Desktop/hoophouse2023/flowerPi/aug11backup/videos/001f543cd39b/230808/130621_721165_001f543cd39b.mp4,[944]
2023-08-11,19:45:00.638829,/Users/anupreksha/Desktop/hoophouse2023/flowerPi/aug11backup/videos/001f543cd39b/230808/152541_740413_001f543cd39b.mp4,[]
2023-08-11,19:45:04.059987,/Users/anupreksha/Desktop/hoophouse2023/flowerPi/aug11backup/videos/001f543cd39b/230808/161247_952833_001f543cd39b.mp4,[190]
2023-08-11,19:44:54.529292,/Users/anupreksha/Desktop/hoophouse2023/flowerPi/aug11backup/videos/001f543cd39b/230808/135128_328573_001f543cd39b.mp4,[]
2023-08-11,19:45:07.971364,/Users/anupreksha/Desktop/hoophouse2023/flowerPi/aug11backup/videos/001f543cd39b/230808/170718_783737_001f543cd39b.mp4,[]
2023-08-11,19:45:01.398872,/Users/anupreksha/Desktop/hoophouse2023/flowerPi/aug11backup/videos/001f543cd39b/230808/154624_348741_001f543cd39b.mp4,[]
2023-08-11,19:45:04.340688,/Users/anupreksha/Desktop/hoophouse2023/flowerPi/aug11backup/videos/001f543cd39b/230808/163252_363896_001f543cd39b.mp4,[]
2023-08-11,19:45:01.376163,/Users/anupreksha/Desktop/hoophouse2023/flowerPi/aug11backup/videos/001f543cd39b/230808/154601_343681_001f543cd39b.mp4,[]
2023-08-11,19:45:03.440885,/Users/anupreksha/Desktop/hoophouse2023/flowerPi/aug11backup/videos/001f543cd39b/230808/155719_950061_001f543cd39b.mp4,[190]
2023-08-11,19:44:54.305932,/Users/anupreksha/Desktop/hoophouse2023/flowerPi/aug11backup/videos/001f543cd39b/230808/134339_120814_001f543cd39b.mp4,[]
2023-08-11,19:44:54.333739,/Users/anupreksha/Desktop/hoophouse2023/flowerPi/aug11backup/videos/001f543cd39b/230808/134424_118268_001f543cd39b.mp4,[]
2023-08-11,19:45:06.934435,/Users/anupreksha/Desktop/hoophouse2023/flowerPi/aug11backup/videos/001f543cd39b/230808/164711_500435_001f543cd39b.mp4,"[296, 296, 653]"
2023-08-11,19:44:47.150471,/Users/anupreksha/Desktop/hoophouse2023/flowerPi/aug11backup/videos/001f543cd39b/230808/100028_053086_001f543cd39b.mp4,[]
2023-08-11,19:45:04.330892,/Users/anupreksha/Desktop/hoophouse2023/flowerPi/aug11backup/videos/001f543cd39b/230808/163207_168771_001f543cd39b.mp4,[]
2023-08-11,19:44:47.222441,/Users/anupreksha/Desktop/hoophouse2023/flowerPi/aug11backup/videos/001f543cd39b/230808/102740_658763_001f543cd39b.mp4,[]
2023-08-11,19:45:03.595394,/Users/anupreksha/Desktop/hoophouse2023/flowerPi/aug11backup/videos/001f543cd39b/230808/160221_149569_001f543cd39b.mp4,[]
2023-08-11,19:45:07.700584,/Users/anupreksha/Desktop/hoophouse2023/flowerPi/aug11backup/videos/001f543cd39b/230808/170203_173127_001f543cd39b.mp4,[]
2023-08-11,19:45:11.090703,/Users/anupreksha/Desktop/hoophouse2023/flowerPi/aug11backup/videos/001f543cd39b/230808/172037_831566_001f543cd39b.mp4,[190]
2023-08-11,19:45:00.553426,/Users/anupreksha/Desktop/hoophouse2023/flowerPi/aug11backup/videos/001f543cd39b/230808/152239_337535_001f543cd39b.mp4,[]
2023-08-11,19:45:06.721425,/Users/anupreksha/Desktop/hoophouse2023/flowerPi/aug11backup/videos/001f543cd39b/230808/164209_366020_001f543cd39b.mp4,[]
2023-08-11,19:44:57.588511,/Users/anupreksha/Desktop/hoophouse2023/flowerPi/aug11backup/videos/001f543cd39b/230808/143957_329750_001f543cd39b.mp4,[]
2023-08-11,19:45:14.066195,/Users/anupreksha/Desktop/hoophouse2023/flowerPi/aug11backup/videos/001f543cd39b/230808/180021_389571_001f543cd39b.mp4,"[17, 17, 17, 17, 17]"
2023-08-11,19:44:51.918931,/Users/anupreksha/Desktop/hoophouse2023/flowerPi/aug11backup/videos/001f543cd39b/230808/131450_104574_001f543cd39b.mp4,[]
2023-08-11,19:44:55.177947,/Users/anupreksha/Desktop/hoophouse2023/flowerPi/aug11backup/videos/001f543cd39b/230808/141144_726776_001f543cd39b.mp4,[]
2023-08-11,19:44:54.290969,/Users/anupreksha/Desktop/hoophouse2023/flowerPi/aug11backup/videos/001f543cd39b/230808/134239_115600_001f543cd39b.mp4,[]
2023-08-11,19:44:51.880672,/Users/anupreksha/Desktop/hoophouse2023/flowerPi/aug11backup/videos/001f543cd39b/230808/131238_913477_001f543cd39b.mp4,[]
2023-08-11,19:44:49.399982,/Users/anupreksha/Desktop/hoophouse2023/flowerPi/aug11backup/videos/001f543cd39b/230808/115256_881495_001f543cd39b.mp4,[]
2023-08-11,19:44:51.762401,/Users/anupreksha/Desktop/hoophouse2023/flowerPi/aug11backup/videos/001f543cd39b/230808/131004_906646_001f543cd39b.mp4,[]
2023-08-11,19:45:13.941130,/Users/anupreksha/Desktop/hoophouse2023/flowerPi/aug11backup/videos/001f543cd39b/230808/175829_189018_001f543cd39b.mp4,[653]
2023-08-11,19:44:51.375956,/Users/anupreksha/Desktop/hoophouse2023/flowerPi/aug11backup/videos/001f543cd39b/230808/130123_305140_001f543cd39b.mp4,[17]
2023-08-11,19:44:46.998615,/Users/anupreksha/Desktop/hoophouse2023/flowerPi/aug11backup/videos/001f543cd39b/230808/082634_750792_001f543cd39b.mp4,"[109, 987, 109, 987, 109, 987, 109, 987, 109]"
2023-08-11,19:44:58.195972,/Users/anupreksha/Desktop/hoophouse2023/flowerPi/aug11backup/videos/001f543cd39b/230808/145339_731818_001f543cd39b.mp4,[]
2023-08-11,19:44:58.564835,/Users/anupreksha/Desktop/hoophouse2023/flowerPi/aug11backup/videos/001f543cd39b/230808/150336_338582_001f543cd39b.mp4,[]
2023-08-11,19:45:14.020920,/Users/anupreksha/Desktop/hoophouse2023/flowerPi/aug11backup/videos/001f543cd39b/230808/175947_398545_001f543cd39b.mp4,"[441, 441, 441, 441, 106, 653]"
2023-08-11,19:45:13.662365,/Users/anupreksha/Desktop/hoophouse2023/flowerPi/aug11backup/videos/001f543cd39b/230808/175342_596348_001f543cd39b.mp4,"[190, 190]"
2023-08-11,19:45:07.185452,/Users/anupreksha/Desktop/hoophouse2023/flowerPi/aug11backup/videos/001f543cd39b/230808/165201_166392_001f543cd39b.mp4,[]
2023-08-11,19:44:47.476823,/Users/anupreksha/Desktop/hoophouse2023/flowerPi/aug11backup/videos/001f543cd39b/230808/104446_058360_001f543cd39b.mp4,[987]
2023-08-11,19:44:47.285845,/Users/anupreksha/Desktop/hoophouse2023/flowerPi/aug11backup/videos/001f543cd39b/230808/103122_850943_001f543cd39b.mp4,[]
2023-08-11,19:45:04.159402,/Users/anupreksha/Desktop/hoophouse2023/flowerPi/aug11backup/videos/001f543cd39b/230808/162626_158398_001f543cd39b.mp4,[]
2023-08-11,19:44:55.395758,/Users/anupreksha/Desktop/hoophouse2023/flowerPi/aug11backup/videos/001f543cd39b/230808/141700_922300_001f543cd39b.mp4,[]
2023-08-11,19:45:11.329741,/Users/anupreksha/Desktop/hoophouse2023/flowerPi/aug11backup/videos/001f543cd39b/230808/172544_982589_001f543cd39b.mp4,[]
2023-08-11,19:45:00.406388,/Users/anupreksha/Desktop/hoophouse2023/flowerPi/aug11backup/videos/001f543cd39b/230808/151815_937384_001f543cd39b.mp4,[]
2023-08-11,19:44:49.201093,/Users/anupreksha/Desktop/hoophouse2023/flowerPi/aug11backup/videos/001f543cd39b/230808/114407_096384_001f543cd39b.mp4,[]
2023-08-11,19:44:58.263278,/Users/anupreksha/Desktop/hoophouse2023/flowerPi/aug11backup/videos/001f543cd39b/230808/145556_735233_001f543cd39b.mp4,[]
2023-08-11,19:45:04.101615,/Users/anupreksha/Desktop/hoophouse2023/flowerPi/aug11backup/videos/001f543cd39b/230808/161334_953153_001f543cd39b.mp4,[]
2023-08-11,19:44:52.100057,/Users/anupreksha/Desktop/hoophouse2023/flowerPi/aug11backup/videos/001f543cd39b/230808/132111_106983_001f543cd39b.mp4,[]
2023-08-11,19:44:48.859838,/Users/anupreksha/Desktop/hoophouse2023/flowerPi/aug11backup/videos/001f543cd39b/230808/110512_866001_001f543cd39b.mp4,[]
2023-08-11,19:44:49.738738,/Users/anupreksha/Desktop/hoophouse2023/flowerPi/aug11backup/videos/001f543cd39b/230808/124806_894331_001f543cd39b.mp4,[]
2023-08-11,19:44:47.363352,/Users/anupreksha/Desktop/hoophouse2023/flowerPi/aug11backup/videos/001f543cd39b/230808/103314_053156_001f543cd39b.mp4,[]
2023-08-11,19:44:49.820776,/Users/anupreksha/Desktop/hoophouse2023/flowerPi/aug11backup/videos/001f543cd39b/230808/125649_095562_001f543cd39b.mp4,[]
2023-08-11,19:44:52.607021,/Users/anupreksha/Desktop/hoophouse2023/flowerPi/aug11backup/videos/001f543cd39b/230808/133501_309748_001f543cd39b.mp4,[]
2023-08-11,19:45:11.668456,/Users/anupreksha/Desktop/hoophouse2023/flowerPi/aug11backup/videos/001f543cd39b/230808/173057_385795_001f543cd39b.mp4,[]
2023-08-11,19:44:55.516353,/Users/anupreksha/Desktop/hoophouse2023/flowerPi/aug11backup/videos/001f543cd39b/230808/142441_324059_001f543cd39b.mp4,[]
2023-08-11,19:44:49.169350,/Users/anupreksha/Desktop/hoophouse2023/flowerPi/aug11backup/videos/001f543cd39b/230808/114139_077183_001f543cd39b.mp4,[]
2023-08-11,19:45:01.019787,/Users/anupreksha/Desktop/hoophouse2023/flowerPi/aug11backup/videos/001f543cd39b/230808/153730_945460_001f543cd39b.mp4,"[997, 997]"
2023-08-11,19:45:10.877959,/Users/anupreksha/Desktop/hoophouse2023/flowerPi/aug11backup/videos/001f543cd39b/230808/171641_577538_001f543cd39b.mp4,[944]
2023-08-11,19:45:10.793273,/Users/anupreksha/Desktop/hoophouse2023/flowerPi/aug11backup/videos/001f543cd39b/230808/171419_574410_001f543cd39b.mp4,[]
2023-08-11,19:44:51.864245,/Users/anupreksha/Desktop/hoophouse2023/flowerPi/aug11backup/videos/001f543cd39b/230808/131208_908001_001f543cd39b.mp4,[]
2023-08-11,19:44:55.381449,/Users/anupreksha/Desktop/hoophouse2023/flowerPi/aug11backup/videos/001f543cd39b/230808/141634_929709_001f543cd39b.mp4,[]
2023-08-11,19:44:57.788664,/Users/anupreksha/Desktop/hoophouse2023/flowerPi/aug11backup/videos/001f543cd39b/230808/144348_728763_001f543cd39b.mp4,[]
2023-08-11,19:44:51.842239,/Users/anupreksha/Desktop/hoophouse2023/flowerPi/aug11backup/videos/001f543cd39b/230808/131146_913355_001f543cd39b.mp4,[]
2023-08-11,19:44:54.843966,/Users/anupreksha/Desktop/hoophouse2023/flowerPi/aug11backup/videos/001f543cd39b/230808/135653_125627_001f543cd39b.mp4,[]
2023-08-11,19:45:07.105671,/Users/anupreksha/Desktop/hoophouse2023/flowerPi/aug11backup/videos/001f543cd39b/230808/165022_965926_001f543cd39b.mp4,[]
2023-08-11,19:44:51.596121,/Users/anupreksha/Desktop/hoophouse2023/flowerPi/aug11backup/videos/001f543cd39b/230808/130647_702931_001f543cd39b.mp4,[]
2023-08-11,19:45:03.966421,/Users/anupreksha/Desktop/hoophouse2023/flowerPi/aug11backup/videos/001f543cd39b/230808/161101_553501_001f543cd39b.mp4,[]
2023-08-11,19:45:12.249116,/Users/anupreksha/Desktop/hoophouse2023/flowerPi/aug11backup/videos/001f543cd39b/230808/174122_390508_001f543cd39b.mp4,"[470, 470, 470, 470]"
2023-08-11,19:44:58.085651,/Users/anupreksha/Desktop/hoophouse2023/flowerPi/aug11backup/videos/001f543cd39b/230808/145030_742731_001f543cd39b.mp4,[]
2023-08-11,19:44:47.092099,/Users/anupreksha/Desktop/hoophouse2023/flowerPi/aug11backup/videos/001f543cd39b/230808/085313_619432_001f543cd39b.mp4,[]
2023-08-11,19:45:00.667017,/Users/anupreksha/Desktop/hoophouse2023/flowerPi/aug11backup/videos/001f543cd39b/230808/152640_873526_001f543cd39b.mp4,[987]
2023-08-11,19:44:55.163712,/Users/anupreksha/Desktop/hoophouse2023/flowerPi/aug11backup/videos/001f543cd39b/230808/141102_323340_001f543cd39b.mp4,[]
2023-08-11,19:44:49.426445,/Users/anupreksha/Desktop/hoophouse2023/flowerPi/aug11backup/videos/001f543cd39b/230808/115316_881811_001f543cd39b.mp4,[]
2023-08-11,19:45:11.924566,/Users/anupreksha/Desktop/hoophouse2023/flowerPi/aug11backup/videos/001f543cd39b/230808/173541_383140_001f543cd39b.mp4,"[190, 190, 190, 190, 190]"
2023-08-11,19:45:07.418722,/Users/anupreksha/Desktop/hoophouse2023/flowerPi/aug11backup/videos/001f543cd39b/230808/165705_171124_001f543cd39b.mp4,[]
2023-08-11,19:45:03.487817,/Users/anupreksha/Desktop/hoophouse2023/flowerPi/aug11backup/videos/001f543cd39b/230808/155803_947055_001f543cd39b.mp4,[]
2023-08-11,19:45:03.394030,/Users/anupreksha/Desktop/hoophouse2023/flowerPi/aug11backup/videos/001f543cd39b/230808/155301_346031_001f543cd39b.mp4,[]
2023-08-11,19:45:12.155737,/Users/anupreksha/Desktop/hoophouse2023/flowerPi/aug11backup/videos/001f543cd39b/230808/173933_391436_001f543cd39b.mp4,"[190, 190, 190, 190, 190, 190, 190, 190]"
2023-08-11,19:45:00.888893,/Users/anupreksha/Desktop/hoophouse2023/flowerPi/aug11backup/videos/001f543cd39b/230808/153315_941365_001f543cd39b.mp4,[]
2023-08-11,19:45:03.584805,/Users/anupreksha/Desktop/hoophouse2023/flowerPi/aug11backup/videos/001f543cd39b/230808/160037_152744_001f543cd39b.mp4,[]
2023-08-11,19:44:52.541042,/Users/anupreksha/Desktop/hoophouse2023/flowerPi/aug11backup/videos/001f543cd39b/230808/133331_111742_001f543cd39b.mp4,[]
2023-08-11,19:45:04.041022,/Users/anupreksha/Desktop/hoophouse2023/flowerPi/aug11backup/videos/001f543cd39b/230808/161208_755330_001f543cd39b.mp4,"[190, 190, 190, 190]"
2023-08-11,19:44:52.199212,/Users/anupreksha/Desktop/hoophouse2023/flowerPi/aug11backup/videos/001f543cd39b/230808/132537_314769_001f543cd39b.mp4,[]
2023-08-11,19:44:57.676631,/Users/anupreksha/Desktop/hoophouse2023/flowerPi/aug11backup/videos/001f543cd39b/230808/144144_338991_001f543cd39b.mp4,[]
2023-08-11,19:45:13.487435,/Users/anupreksha/Desktop/hoophouse2023/flowerPi/aug11backup/videos/001f543cd39b/230808/175108_799230_001f543cd39b.mp4,[]
2023-08-11,19:44:52.719148,/Users/anupreksha/Desktop/hoophouse2023/flowerPi/aug11backup/videos/001f543cd39b/230808/133801_922022_001f543cd39b.mp4,[]
2023-08-11,19:44:49.277936,/Users/anupreksha/Desktop/hoophouse2023/flowerPi/aug11backup/videos/001f543cd39b/230808/114829_877861_001f543cd39b.mp4,[17]
2023-08-11,19:44:49.369162,/Users/anupreksha/Desktop/hoophouse2023/flowerPi/aug11backup/videos/001f543cd39b/230808/115158_889338_001f543cd39b.mp4,[]
2023-08-11,19:44:47.552504,/Users/anupreksha/Desktop/hoophouse2023/flowerPi/aug11backup/videos/001f543cd39b/230808/105757_679504_001f543cd39b.mp4,[]
2023-08-11,19:44:57.842694,/Users/anupreksha/Desktop/hoophouse2023/flowerPi/aug11backup/videos/001f543cd39b/230808/144506_952326_001f543cd39b.mp4,[]
2023-08-11,19:44:57.698456,/Users/anupreksha/Desktop/hoophouse2023/flowerPi/aug11backup/videos/001f543cd39b/230808/144207_329690_001f543cd39b.mp4,[]
2023-08-11,19:44:54.572380,/Users/anupreksha/Desktop/hoophouse2023/flowerPi/aug11backup/videos/001f543cd39b/230808/135159_316798_001f543cd39b.mp4,[]
2023-08-11,19:45:11.578415,/Users/anupreksha/Desktop/hoophouse2023/flowerPi/aug11backup/videos/001f543cd39b/230808/172943_387573_001f543cd39b.mp4,[]
2023-08-11,19:44:51.705287,/Users/anupreksha/Desktop/hoophouse2023/flowerPi/aug11backup/videos/001f543cd39b/230808/130900_904658_001f543cd39b.mp4,[]
2023-08-11,19:45:11.373578,/Users/anupreksha/Desktop/hoophouse2023/flowerPi/aug11backup/videos/001f543cd39b/230808/172640_979828_001f543cd39b.mp4,[190]
2023-08-11,19:44:49.556428,/Users/anupreksha/Desktop/hoophouse2023/flowerPi/aug11backup/videos/001f543cd39b/230808/121352_086168_001f543cd39b.mp4,[]
2023-08-11,19:44:55.341269,/Users/anupreksha/Desktop/hoophouse2023/flowerPi/aug11backup/videos/001f543cd39b/230808/141529_920407_001f543cd39b.mp4,[]
2023-08-11,19:44:49.469965,/Users/anupreksha/Desktop/hoophouse2023/flowerPi/aug11backup/videos/001f543cd39b/230808/115512_883455_001f543cd39b.mp4,[]
2023-08-11,19:45:13.684255,/Users/anupreksha/Desktop/hoophouse2023/flowerPi/aug11backup/videos/001f543cd39b/230808/175403_592349_001f543cd39b.mp4,"[17, 17, 17, 17, 17]"
2023-08-11,19:45:10.828852,/Users/anupreksha/Desktop/hoophouse2023/flowerPi/aug11backup/videos/001f543cd39b/230808/171535_573533_001f543cd39b.mp4,[]
2023-08-11,19:44:48.916325,/Users/anupreksha/Desktop/hoophouse2023/flowerPi/aug11backup/videos/001f543cd39b/230808/111215_867976_001f543cd39b.mp4,"[17, 17, 17, 17, 17]"
2023-08-11,19:44:49.112546,/Users/anupreksha/Desktop/hoophouse2023/flowerPi/aug11backup/videos/001f543cd39b/230808/113842_876337_001f543cd39b.mp4,[]
2023-08-11,19:45:10.863712,/Users/anupreksha/Desktop/hoophouse2023/flowerPi/aug11backup/videos/001f543cd39b/230808/171625_579351_001f543cd39b.mp4,[]
2023-08-11,19:45:01.308895,/Users/anupreksha/Desktop/hoophouse2023/flowerPi/aug11backup/videos/001f543cd39b/230808/154438_347467_001f543cd39b.mp4,[]
2023-08-11,19:44:54.989358,/Users/anupreksha/Desktop/hoophouse2023/flowerPi/aug11backup/videos/001f543cd39b/230808/140054_119626_001f543cd39b.mp4,[]
2023-08-11,19:44:55.148985,/Users/anupreksha/Desktop/hoophouse2023/flowerPi/aug11backup/videos/001f543cd39b/230808/141031_127031_001f543cd39b.mp4,[]
2023-08-11,19:44:52.514071,/Users/anupreksha/Desktop/hoophouse2023/flowerPi/aug11backup/videos/001f543cd39b/230808/133319_114410_001f543cd39b.mp4,[]
2023-08-11,19:45:03.357660,/Users/anupreksha/Desktop/hoophouse2023/flowerPi/aug11backup/videos/001f543cd39b/230808/155131_346537_001f543cd39b.mp4,[]
2023-08-11,19:45:01.425063,/Users/anupreksha/Desktop/hoophouse2023/flowerPi/aug11backup/videos/001f543cd39b/230808/154704_348928_001f543cd39b.mp4,[]
2023-08-11,19:45:11.024133,/Users/anupreksha/Desktop/hoophouse2023/flowerPi/aug11backup/videos/001f543cd39b/230808/171925_578814_001f543cd39b.mp4,[973]
2023-08-11,19:45:07.404636,/Users/anupreksha/Desktop/hoophouse2023/flowerPi/aug11backup/videos/001f543cd39b/230808/165652_167634_001f543cd39b.mp4,[]
2023-08-11,19:45:01.173114,/Users/anupreksha/Desktop/hoophouse2023/flowerPi/aug11backup/videos/001f543cd39b/230808/154139_145691_001f543cd39b.mp4,"[17, 17, 190]"
2023-08-11,19:45:04.215229,/Users/anupreksha/Desktop/hoophouse2023/flowerPi/aug11backup/videos/001f543cd39b/230808/162729_960295_001f543cd39b.mp4,[]
2023-08-11,19:44:58.535575,/Users/anupreksha/Desktop/hoophouse2023/flowerPi/aug11backup/videos/001f543cd39b/230808/150300_337326_001f543cd39b.mp4,[]
2023-08-11,19:45:11.108557,/Users/anupreksha/Desktop/hoophouse2023/flowerPi/aug11backup/videos/001f543cd39b/230808/172051_980385_001f543cd39b.mp4,"[378, 378, 378, 683]"
2023-08-11,19:44:57.763018,/Users/anupreksha/Desktop/hoophouse2023/flowerPi/aug11backup/videos/001f543cd39b/230808/144323_541814_001f543cd39b.mp4,[91]
2023-08-11,19:45:07.788091,/Users/anupreksha/Desktop/hoophouse2023/flowerPi/aug11backup/videos/001f543cd39b/230808/170322_174184_001f543cd39b.mp4,[]
2023-08-11,19:44:54.319087,/Users/anupreksha/Desktop/hoophouse2023/flowerPi/aug11backup/videos/001f543cd39b/230808/134400_116716_001f543cd39b.mp4,[]
2023-08-11,19:45:03.790026,/Users/anupreksha/Desktop/hoophouse2023/flowerPi/aug11backup/videos/001f543cd39b/230808/160620_355494_001f543cd39b.mp4,[683]
2023-08-11,19:44:54.421903,/Users/anupreksha/Desktop/hoophouse2023/flowerPi/aug11backup/videos/001f543cd39b/230808/134626_318555_001f543cd39b.mp4,[]
2023-08-11,19:45:03.469261,/Users/anupreksha/Desktop/hoophouse2023/flowerPi/aug11backup/videos/001f543cd39b/230808/155750_948902_001f543cd39b.mp4,"[190, 190, 190, 190, 190]"
2023-08-11,19:45:12.048802,/Users/anupreksha/Desktop/hoophouse2023/flowerPi/aug11backup/videos/001f543cd39b/230808/173756_390616_001f543cd39b.mp4,[]
2023-08-11,19:44:49.569880,/Users/anupreksha/Desktop/hoophouse2023/flowerPi/aug11backup/videos/001f543cd39b/230808/121818_488821_001f543cd39b.mp4,[]
2023-08-11,19:45:12.100161,/Users/anupreksha/Desktop/hoophouse2023/flowerPi/aug11backup/videos/001f543cd39b/230808/173845_393332_001f543cd39b.mp4,[]
2023-08-11,19:44:52.592559,/Users/anupreksha/Desktop/hoophouse2023/flowerPi/aug11backup/videos/001f543cd39b/230808/133448_316571_001f543cd39b.mp4,[]
2023-08-11,19:45:04.621348,/Users/anupreksha/Desktop/hoophouse2023/flowerPi/aug11backup/videos/001f543cd39b/230808/163902_966180_001f543cd39b.mp4,[]
2023-08-11,19:44:49.694965,/Users/anupreksha/Desktop/hoophouse2023/flowerPi/aug11backup/videos/001f543cd39b/230808/124647_894980_001f543cd39b.mp4,[]
2023-08-11,19:45:00.601411,/Users/anupreksha/Desktop/hoophouse2023/flowerPi/aug11backup/videos/001f543cd39b/230808/152351_537532_001f543cd39b.mp4,[]
2023-08-11,19:45:00.851697,/Users/anupreksha/Desktop/hoophouse2023/flowerPi/aug11backup/videos/001f543cd39b/230808/153150_943724_001f543cd39b.mp4,[997]
2023-08-11,19:44:54.410897,/Users/anupreksha/Desktop/hoophouse2023/flowerPi/aug11backup/videos/001f543cd39b/230808/134612_323247_001f543cd39b.mp4,"[17, 17, 17, 17, 17]"
2023-08-11,19:44:49.752146,/Users/anupreksha/Desktop/hoophouse2023/flowerPi/aug11backup/videos/001f543cd39b/230808/124902_895339_001f543cd39b.mp4,[]
2023-08-11,19:45:11.402916,/Users/anupreksha/Desktop/hoophouse2023/flowerPi/aug11backup/videos/001f543cd39b/230808/172651_981177_001f543cd39b.mp4,"[379, 379, 379]"
2023-08-11,19:45:08.185835,/Users/anupreksha/Desktop/hoophouse2023/flowerPi/aug11backup/videos/001f543cd39b/230808/171303_577865_001f543cd39b.mp4,"[944, 944, 944, 944, 944, 944]"
2023-08-11,19:44:49.324438,/Users/anupreksha/Desktop/hoophouse2023/flowerPi/aug11backup/videos/001f543cd39b/230808/114956_886892_001f543cd39b.mp4,[]
2023-08-11,19:44:55.408037,/Users/anupreksha/Desktop/hoophouse2023/flowerPi/aug11backup/videos/001f543cd39b/230808/141728_123608_001f543cd39b.mp4,[]
2023-08-11,19:44:58.048959,/Users/anupreksha/Desktop/hoophouse2023/flowerPi/aug11backup/videos/001f543cd39b/230808/144938_750777_001f543cd39b.mp4,[]
2023-08-11,19:45:14.167864,/Users/anupreksha/Desktop/hoophouse2023/flowerPi/aug11backup/videos/001f543cd39b/230808/184431_004890_001f543cd39b.mp4,[]
2023-08-11,19:45:12.176259,/Users/anupreksha/Desktop/hoophouse2023/flowerPi/aug11backup/videos/001f543cd39b/230808/173955_392888_001f543cd39b.mp4,[]
2023-08-11,19:44:54.472535,/Users/anupreksha/Desktop/hoophouse2023/flowerPi/aug11backup/videos/001f543cd39b/230808/134904_321666_001f543cd39b.mp4,[]
2023-08-11,19:44:51.967750,/Users/anupreksha/Desktop/hoophouse2023/flowerPi/aug11backup/videos/001f543cd39b/230808/131626_439319_001f543cd39b.mp4,[]
2023-08-11,19:45:06.743483,/Users/anupreksha/Desktop/hoophouse2023/flowerPi/aug11backup/videos/001f543cd39b/230808/164220_366404_001f543cd39b.mp4,[]
2023-08-11,19:45:13.893727,/Users/anupreksha/Desktop/hoophouse2023/flowerPi/aug11backup/videos/001f543cd39b/230808/175742_122921_001f543cd39b.mp4,"[441, 441, 441, 441]"
2023-08-11,19:45:01.325615,/Users/anupreksha/Desktop/hoophouse2023/flowerPi/aug11backup/videos/001f543cd39b/230808/154459_346994_001f543cd39b.mp4,[]
2023-08-11,19:45:00.825640,/Users/anupreksha/Desktop/hoophouse2023/flowerPi/aug11backup/videos/001f543cd39b/230808/153043_940615_001f543cd39b.mp4,[]
2023-08-11,19:44:49.542012,/Users/anupreksha/Desktop/hoophouse2023/flowerPi/aug11backup/videos/001f543cd39b/230808/120542_102038_001f543cd39b.mp4,[]
2023-08-11,19:44:57.946247,/Users/anupreksha/Desktop/hoophouse2023/flowerPi/aug11backup/videos/001f543cd39b/230808/144717_337046_001f543cd39b.mp4,[]
2023-08-11,19:44:49.835839,/Users/anupreksha/Desktop/hoophouse2023/flowerPi/aug11backup/videos/001f543cd39b/230808/125702_105054_001f543cd39b.mp4,[]
2023-08-11,19:45:01.081461,/Users/anupreksha/Desktop/hoophouse2023/flowerPi/aug11backup/videos/001f543cd39b/230808/153844_943510_001f543cd39b.mp4,"[997, 190]"
2023-08-11,19:45:03.925324,/Users/anupreksha/Desktop/hoophouse2023/flowerPi/aug11backup/videos/001f543cd39b/230808/161015_553498_001f543cd39b.mp4,"[190, 190, 190, 190, 190, 190, 190, 190, 190]"
2023-08-11,19:45:00.575041,/Users/anupreksha/Desktop/hoophouse2023/flowerPi/aug11backup/videos/001f543cd39b/230808/152302_344588_001f543cd39b.mp4,[]
2023-08-11,19:45:13.546500,/Users/anupreksha/Desktop/hoophouse2023/flowerPi/aug11backup/videos/001f543cd39b/230808/175203_795417_001f543cd39b.mp4,[]
2023-08-11,19:45:11.554125,/Users/anupreksha/Desktop/hoophouse2023/flowerPi/aug11backup/videos/001f543cd39b/230808/172917_317432_001f543cd39b.mp4,[]
2023-08-11,19:45:03.800213,/Users/anupreksha/Desktop/hoophouse2023/flowerPi/aug11backup/videos/001f543cd39b/230808/160644_354182_001f543cd39b.mp4,[]
2023-08-11,19:44:51.616565,/Users/anupreksha/Desktop/hoophouse2023/flowerPi/aug11backup/videos/001f543cd39b/230808/130710_908020_001f543cd39b.mp4,[]
2023-08-11,19:45:13.986638,/Users/anupreksha/Desktop/hoophouse2023/flowerPi/aug11backup/videos/001f543cd39b/230808/175914_393993_001f543cd39b.mp4,"[17, 17, 17, 17]"
2023-08-11,19:45:03.422558,/Users/anupreksha/Desktop/hoophouse2023/flowerPi/aug11backup/videos/001f543cd39b/230808/155630_749138_001f543cd39b.mp4,[]
2023-08-11,19:44:52.705879,/Users/anupreksha/Desktop/hoophouse2023/flowerPi/aug11backup/videos/001f543cd39b/230808/133723_909172_001f543cd39b.mp4,[]
2023-08-11,19:44:49.034547,/Users/anupreksha/Desktop/hoophouse2023/flowerPi/aug11backup/videos/001f543cd39b/230808/113321_475297_001f543cd39b.mp4,[]
2023-08-11,19:45:07.195867,/Users/anupreksha/Desktop/hoophouse2023/flowerPi/aug11backup/videos/001f543cd39b/230808/165235_168263_001f543cd39b.mp4,[]
2023-08-11,19:45:12.514907,/Users/anupreksha/Desktop/hoophouse2023/flowerPi/aug11backup/videos/001f543cd39b/230808/174625_587924_001f543cd39b.mp4,[]
2023-08-11,19:45:04.078650,/Users/anupreksha/Desktop/hoophouse2023/flowerPi/aug11backup/videos/001f543cd39b/230808/161310_953057_001f543cd39b.mp4,[]
2023-08-11,19:45:07.015319,/Users/anupreksha/Desktop/hoophouse2023/flowerPi/aug11backup/videos/001f543cd39b/230808/164823_767411_001f543cd39b.mp4,[]
2023-08-11,19:44:51.814266,/Users/anupreksha/Desktop/hoophouse2023/flowerPi/aug11backup/videos/001f543cd39b/230808/131104_906313_001f543cd39b.mp4,[]
2023-08-11,19:45:04.303140,/Users/anupreksha/Desktop/hoophouse2023/flowerPi/aug11backup/videos/001f543cd39b/230808/163139_161337_001f543cd39b.mp4,[]
2023-08-11,19:44:57.277673,/Users/anupreksha/Desktop/hoophouse2023/flowerPi/aug11backup/videos/001f543cd39b/230808/142520_332962_001f543cd39b.mp4,[]
2023-08-11,19:45:12.126836,/Users/anupreksha/Desktop/hoophouse2023/flowerPi/aug11backup/videos/001f543cd39b/230808/173907_390986_001f543cd39b.mp4,"[17, 17, 17, 106]"
2023-08-11,19:45:08.141268,/Users/anupreksha/Desktop/hoophouse2023/flowerPi/aug11backup/videos/001f543cd39b/230808/171134_381009_001f543cd39b.mp4,[190]
2023-08-11,19:44:58.507809,/Users/anupreksha/Desktop/hoophouse2023/flowerPi/aug11backup/videos/001f543cd39b/230808/150204_340019_001f543cd39b.mp4,[]
2023-08-11,19:45:04.646399,/Users/anupreksha/Desktop/hoophouse2023/flowerPi/aug11backup/videos/001f543cd39b/230808/163938_165651_001f543cd39b.mp4,[17]
2023-08-11,19:45:11.222783,/Users/anupreksha/Desktop/hoophouse2023/flowerPi/aug11backup/videos/001f543cd39b/230808/172414_977404_001f543cd39b.mp4,[]
2023-08-11,19:44:48.941562,/Users/anupreksha/Desktop/hoophouse2023/flowerPi/aug11backup/videos/001f543cd39b/230808/111309_865425_001f543cd39b.mp4,[]
2023-08-11,19:44:55.104608,/Users/anupreksha/Desktop/hoophouse2023/flowerPi/aug11backup/videos/001f543cd39b/230808/140953_124493_001f543cd39b.mp4,[]
2023-08-11,19:45:12.468173,/Users/anupreksha/Desktop/hoophouse2023/flowerPi/aug11backup/videos/001f543cd39b/230808/174548_589896_001f543cd39b.mp4,[]
2023-08-14,13:32:28.217360,/Users/anupreksha/Desktop/hoophouse2023/flowerPi/aug11backup/videos/001f543cd39b/230808/133627_516475_001f543cd39b.mp4,[]
2023-08-11,19:44:55.004528,/Users/anupreksha/Desktop/hoophouse2023/flowerPi/aug11backup/videos/001f543cd39b/230808/140113_131171_001f543cd39b.mp4,[]
2023-08-11,19:44:51.952677,/Users/anupreksha/Desktop/hoophouse2023/flowerPi/aug11backup/videos/001f543cd39b/230808/131613_439529_001f543cd39b.mp4,[]
2023-08-11,19:45:01.138866,/Users/anupreksha/Desktop/hoophouse2023/flowerPi/aug11backup/videos/001f543cd39b/230808/154047_143742_001f543cd39b.mp4,[]
2023-08-11,19:44:57.818509,/Users/anupreksha/Desktop/hoophouse2023/flowerPi/aug11backup/videos/001f543cd39b/230808/144442_858741_001f543cd39b.mp4,[]
2023-08-11,19:44:57.890097,/Users/anupreksha/Desktop/hoophouse2023/flowerPi/aug11backup/videos/001f543cd39b/230808/144615_130857_001f543cd39b.mp4,[]
2023-08-11,19:44:54.344408,/Users/anupreksha/Desktop/hoophouse2023/flowerPi/aug11backup/videos/001f543cd39b/230808/134441_114669_001f543cd39b.mp4,[]
2023-08-11,19:44:55.079368,/Users/anupreksha/Desktop/hoophouse2023/flowerPi/aug11backup/videos/001f543cd39b/230808/140728_127816_001f543cd39b.mp4,[]
2023-08-11,19:44:58.366903,/Users/anupreksha/Desktop/hoophouse2023/flowerPi/aug11backup/videos/001f543cd39b/230808/145818_734037_001f543cd39b.mp4,[]
2023-08-11,19:44:52.624765,/Users/anupreksha/Desktop/hoophouse2023/flowerPi/aug11backup/videos/001f543cd39b/230808/133516_316259_001f543cd39b.mp4,[]
2023-08-11,19:45:12.387594,/Users/anupreksha/Desktop/hoophouse2023/flowerPi/aug11backup/videos/001f543cd39b/230808/174423_389195_001f543cd39b.mp4,[]
2023-08-11,19:44:54.806889,/Users/anupreksha/Desktop/hoophouse2023/flowerPi/aug11backup/videos/001f543cd39b/230808/135618_130704_001f543cd39b.mp4,[]
2023-08-11,19:44:55.356270,/Users/anupreksha/Desktop/hoophouse2023/flowerPi/aug11backup/videos/001f543cd39b/230808/141556_929822_001f543cd39b.mp4,[]
2023-08-11,19:44:49.483363,/Users/anupreksha/Desktop/hoophouse2023/flowerPi/aug11backup/videos/001f543cd39b/230808/115530_883838_001f543cd39b.mp4,[]
2023-08-11,19:44:47.207286,/Users/anupreksha/Desktop/hoophouse2023/flowerPi/aug11backup/videos/001f543cd39b/230808/102724_651360_001f543cd39b.mp4,[]
2023-08-11,19:44:52.061049,/Users/anupreksha/Desktop/hoophouse2023/flowerPi/aug11backup/videos/001f543cd39b/230808/132043_109027_001f543cd39b.mp4,[]
2023-08-11,19:44:58.477129,/Users/anupreksha/Desktop/hoophouse2023/flowerPi/aug11backup/videos/001f543cd39b/230808/150125_336792_001f543cd39b.mp4,[]
2023-08-11,19:45:06.765370,/Users/anupreksha/Desktop/hoophouse2023/flowerPi/aug11backup/videos/001f543cd39b/230808/164243_371086_001f543cd39b.mp4,[]
2023-08-11,19:44:52.419445,/Users/anupreksha/Desktop/hoophouse2023/flowerPi/aug11backup/videos/001f543cd39b/230808/133056_717525_001f543cd39b.mp4,"[17, 17, 17]"
2023-08-11,19:45:03.403325,/Users/anupreksha/Desktop/hoophouse2023/flowerPi/aug11backup/videos/001f543cd39b/230808/155342_747147_001f543cd39b.mp4,[]
2023-08-11,19:45:11.999912,/Users/anupreksha/Desktop/hoophouse2023/flowerPi/aug11backup/videos/001f543cd39b/230808/173658_391160_001f543cd39b.mp4,[]
2023-08-11,19:45:00.475317,/Users/anupreksha/Desktop/hoophouse2023/flowerPi/aug11backup/videos/001f543cd39b/230808/152014_340814_001f543cd39b.mp4,[]
2023-08-11,19:44:47.378554,/Users/anupreksha/Desktop/hoophouse2023/flowerPi/aug11backup/videos/001f543cd39b/230808/103508_056264_001f543cd39b.mp4,[]
2023-08-11,19:45:07.916956,/Users/anupreksha/Desktop/hoophouse2023/flowerPi/aug11backup/videos/001f543cd39b/230808/170557_377329_001f543cd39b.mp4,[]
2023-08-11,19:45:11.237088,/Users/anupreksha/Desktop/hoophouse2023/flowerPi/aug11backup/videos/001f543cd39b/230808/172431_977895_001f543cd39b.mp4,[]
2023-08-11,19:44:58.338721,/Users/anupreksha/Desktop/hoophouse2023/flowerPi/aug11backup/videos/001f543cd39b/230808/145746_736109_001f543cd39b.mp4,[]
2023-08-11,19:45:07.751616,/Users/anupreksha/Desktop/hoophouse2023/flowerPi/aug11backup/videos/001f543cd39b/230808/170250_176068_001f543cd39b.mp4,[145]
2023-08-11,19:45:11.131201,/Users/anupreksha/Desktop/hoophouse2023/flowerPi/aug11backup/videos/001f543cd39b/230808/172136_995557_001f543cd39b.mp4,"[190, 190, 190, 997]"
2023-08-11,19:44:54.639660,/Users/anupreksha/Desktop/hoophouse2023/flowerPi/aug11backup/videos/001f543cd39b/230808/135312_923083_001f543cd39b.mp4,[]
2023-08-11,19:45:00.381878,/Users/anupreksha/Desktop/hoophouse2023/flowerPi/aug11backup/videos/001f543cd39b/230808/151708_938157_001f543cd39b.mp4,[]
2023-08-11,19:45:04.420023,/Users/anupreksha/Desktop/hoophouse2023/flowerPi/aug11backup/videos/001f543cd39b/230808/163441_761844_001f543cd39b.mp4,[]
2023-08-11,19:45:07.491807,/Users/anupreksha/Desktop/hoophouse2023/flowerPi/aug11backup/videos/001f543cd39b/230808/165806_171358_001f543cd39b.mp4,[]
2023-08-11,19:45:13.963192,/Users/anupreksha/Desktop/hoophouse2023/flowerPi/aug11backup/videos/001f543cd39b/230808/175851_395649_001f543cd39b.mp4,[441]
2023-08-11,19:45:12.435656,/Users/anupreksha/Desktop/hoophouse2023/flowerPi/aug11backup/videos/001f543cd39b/230808/174507_400320_001f543cd39b.mp4,"[470, 470, 470, 470, 470]"
2023-08-11,19:44:55.287095,/Users/anupreksha/Desktop/hoophouse2023/flowerPi/aug11backup/videos/001f543cd39b/230808/141328_928001_001f543cd39b.mp4,[]
2023-08-11,19:44:47.539024,/Users/anupreksha/Desktop/hoophouse2023/flowerPi/aug11backup/videos/001f543cd39b/230808/105256_262905_001f543cd39b.mp4,[]
2023-08-11,19:45:11.743765,/Users/anupreksha/Desktop/hoophouse2023/flowerPi/aug11backup/videos/001f543cd39b/230808/173215_386352_001f543cd39b.mp4,"[190, 190]"
2023-08-11,19:45:00.875158,/Users/anupreksha/Desktop/hoophouse2023/flowerPi/aug11backup/videos/001f543cd39b/230808/153240_941406_001f543cd39b.mp4,"[366, 366, 366, 366]"
2023-08-11,19:44:51.437336,/Users/anupreksha/Desktop/hoophouse2023/flowerPi/aug11backup/videos/001f543cd39b/230808/130236_307907_001f543cd39b.mp4,[]
2023-08-11,19:44:47.448967,/Users/anupreksha/Desktop/hoophouse2023/flowerPi/aug11backup/videos/001f543cd39b/230808/104315_055878_001f543cd39b.mp4,[]
2023-08-11,19:44:52.561652,/Users/anupreksha/Desktop/hoophouse2023/flowerPi/aug11backup/videos/001f543cd39b/230808/133401_311680_001f543cd39b.mp4,[]
2023-08-11,19:45:04.559692,/Users/anupreksha/Desktop/hoophouse2023/flowerPi/aug11backup/videos/001f543cd39b/230808/163810_961480_001f543cd39b.mp4,[]
2023-08-11,19:45:04.398355,/Users/anupreksha/Desktop/hoophouse2023/flowerPi/aug11backup/videos/001f543cd39b/230808/163355_762232_001f543cd39b.mp4,[]
2023-08-11,19:45:00.304030,/Users/anupreksha/Desktop/hoophouse2023/flowerPi/aug11backup/videos/001f543cd39b/230808/150638_736158_001f543cd39b.mp4,[]
2023-08-11,19:45:03.999566,/Users/anupreksha/Desktop/hoophouse2023/flowerPi/aug11backup/videos/001f543cd39b/230808/161124_755396_001f543cd39b.mp4,"[190, 190]"
2023-08-11,19:44:51.895420,/Users/anupreksha/Desktop/hoophouse2023/flowerPi/aug11backup/videos/001f543cd39b/230808/131415_106334_001f543cd39b.mp4,[]
2023-08-11,19:44:58.024663,/Users/anupreksha/Desktop/hoophouse2023/flowerPi/aug11backup/videos/001f543cd39b/230808/144855_531061_001f543cd39b.mp4,[]
2023-08-11,19:45:04.114318,/Users/anupreksha/Desktop/hoophouse2023/flowerPi/aug11backup/videos/001f543cd39b/230808/162035_158007_001f543cd39b.mp4,[]
2023-08-11,19:45:04.135187,/Users/anupreksha/Desktop/hoophouse2023/flowerPi/aug11backup/videos/001f543cd39b/230808/162602_159474_001f543cd39b.mp4,[]
2023-08-11,19:45:00.999876,/Users/anupreksha/Desktop/hoophouse2023/flowerPi/aug11backup/videos/001f543cd39b/230808/153708_944759_001f543cd39b.mp4,"[997, 17, 17, 17]"
2023-08-11,19:44:49.125564,/Users/anupreksha/Desktop/hoophouse2023/flowerPi/aug11backup/videos/001f543cd39b/230808/113930_875427_001f543cd39b.mp4,[]
2023-08-11,19:45:07.621811,/Users/anupreksha/Desktop/hoophouse2023/flowerPi/aug11backup/videos/001f543cd39b/230808/170012_167030_001f543cd39b.mp4,[]
2023-08-11,19:44:49.513914,/Users/anupreksha/Desktop/hoophouse2023/flowerPi/aug11backup/videos/001f543cd39b/230808/115702_881638_001f543cd39b.mp4,[]
2023-08-11,19:44:48.956381,/Users/anupreksha/Desktop/hoophouse2023/flowerPi/aug11backup/videos/001f543cd39b/230808/111511_868162_001f543cd39b.mp4,[]
2023-08-11,19:45:07.764240,/Users/anupreksha/Desktop/hoophouse2023/flowerPi/aug11backup/videos/001f543cd39b/230808/170309_169915_001f543cd39b.mp4,[]
2023-08-11,19:45:10.942733,/Users/anupreksha/Desktop/hoophouse2023/flowerPi/aug11backup/videos/001f543cd39b/230808/171812_579074_001f543cd39b.mp4,"[190, 462, 462, 462, 462, 462]"
2023-08-11,19:45:12.588945,/Users/anupreksha/Desktop/hoophouse2023/flowerPi/aug11backup/videos/001f543cd39b/230808/174735_586708_001f543cd39b.mp4,[]
2023-08-11,19:45:06.852513,/Users/anupreksha/Desktop/hoophouse2023/flowerPi/aug11backup/videos/001f543cd39b/230808/164439_371264_001f543cd39b.mp4,[]
2023-08-11,19:44:57.349845,/Users/anupreksha/Desktop/hoophouse2023/flowerPi/aug11backup/videos/001f543cd39b/230808/143337_341480_001f543cd39b.mp4,[]
2023-08-11,19:45:07.353507,/Users/anupreksha/Desktop/hoophouse2023/flowerPi/aug11backup/videos/001f543cd39b/230808/165549_169961_001f543cd39b.mp4,[131]
2023-08-11,19:44:57.336139,/Users/anupreksha/Desktop/hoophouse2023/flowerPi/aug11backup/videos/001f543cd39b/230808/143155_329797_001f543cd39b.mp4,[]
2023-08-11,19:44:58.275697,/Users/anupreksha/Desktop/hoophouse2023/flowerPi/aug11backup/videos/001f543cd39b/230808/145614_731723_001f543cd39b.mp4,[]
2023-08-11,19:44:49.886704,/Users/anupreksha/Desktop/hoophouse2023/flowerPi/aug11backup/videos/001f543cd39b/230808/125837_117912_001f543cd39b.mp4,[]
2023-08-11,19:44:46.969169,/Users/anupreksha/Desktop/hoophouse2023/flowerPi/aug11backup/videos/001f543cd39b/230808/082223_611459_001f543cd39b.mp4,"[17, 17, 17, 17, 17]"
2023-08-11,19:45:14.144024,/Users/anupreksha/Desktop/hoophouse2023/flowerPi/aug11backup/videos/001f543cd39b/230808/181744_806312_001f543cd39b.mp4,[17]
2023-08-11,19:45:04.172894,/Users/anupreksha/Desktop/hoophouse2023/flowerPi/aug11backup/videos/001f543cd39b/230808/162647_565792_001f543cd39b.mp4,[]
2023-08-11,19:44:49.852336,/Users/anupreksha/Desktop/hoophouse2023/flowerPi/aug11backup/videos/001f543cd39b/230808/125723_100427_001f543cd39b.mp4,[]
2023-08-11,19:45:03.747458,/Users/anupreksha/Desktop/hoophouse2023/flowerPi/aug11backup/videos/001f543cd39b/230808/160517_349926_001f543cd39b.mp4,"[190, 190, 190, 190, 190, 190, 190, 190]"
2023-08-11,19:44:52.341699,/Users/anupreksha/Desktop/hoophouse2023/flowerPi/aug11backup/videos/001f543cd39b/230808/132908_712929_001f543cd39b.mp4,[]
2023-08-11,19:44:52.813652,/Users/anupreksha/Desktop/hoophouse2023/flowerPi/aug11backup/videos/001f543cd39b/230808/134203_116673_001f543cd39b.mp4,[]
2023-08-11,19:45:12.455071,/Users/anupreksha/Desktop/hoophouse2023/flowerPi/aug11backup/videos/001f543cd39b/230808/174529_584408_001f543cd39b.mp4,"[190, 190, 190, 190, 190, 190, 190, 190, 190, 190, 190, 190, 190, 190, 190]"
2023-08-11,19:45:03.881366,/Users/anupreksha/Desktop/hoophouse2023/flowerPi/aug11backup/videos/001f543cd39b/230808/160917_552807_001f543cd39b.mp4,[]
2023-08-11,19:44:57.372978,/Users/anupreksha/Desktop/hoophouse2023/flowerPi/aug11backup/videos/001f543cd39b/230808/143457_325103_001f543cd39b.mp4,[]
2023-08-11,19:45:03.544530,/Users/anupreksha/Desktop/hoophouse2023/flowerPi/aug11backup/videos/001f543cd39b/230808/155930_148173_001f543cd39b.mp4,[]
2023-08-11,19:45:00.316064,/Users/anupreksha/Desktop/hoophouse2023/flowerPi/aug11backup/videos/001f543cd39b/230808/150654_747341_001f543cd39b.mp4,[]
2023-08-11,19:45:13.618055,/Users/anupreksha/Desktop/hoophouse2023/flowerPi/aug11backup/videos/001f543cd39b/230808/175254_531916_001f543cd39b.mp4,"[997, 190, 997, 502, 502, 502, 190]"
2023-08-11,19:44:52.022785,/Users/anupreksha/Desktop/hoophouse2023/flowerPi/aug11backup/videos/001f543cd39b/230808/131731_910651_001f543cd39b.mp4,[]
2023-08-11,19:44:58.353322,/Users/anupreksha/Desktop/hoophouse2023/flowerPi/aug11backup/videos/001f543cd39b/230808/145803_746412_001f543cd39b.mp4,[]
2023-08-11,19:45:11.823959,/Users/anupreksha/Desktop/hoophouse2023/flowerPi/aug11backup/videos/001f543cd39b/230808/173330_387242_001f543cd39b.mp4,[190]
2023-08-11,19:45:03.525796,/Users/anupreksha/Desktop/hoophouse2023/flowerPi/aug11backup/videos/001f543cd39b/230808/155855_147997_001f543cd39b.mp4,[]
2023-08-11,19:44:55.045624,/Users/anupreksha/Desktop/hoophouse2023/flowerPi/aug11backup/videos/001f543cd39b/230808/140411_124969_001f543cd39b.mp4,[]
2023-08-11,19:45:04.357396,/Users/anupreksha/Desktop/hoophouse2023/flowerPi/aug11backup/videos/001f543cd39b/230808/163305_366360_001f543cd39b.mp4,[]
2023-08-11,19:44:51.411143,/Users/anupreksha/Desktop/hoophouse2023/flowerPi/aug11backup/videos/001f543cd39b/230808/130136_310380_001f543cd39b.mp4,[17]
2023-08-11,19:45:04.232461,/Users/anupreksha/Desktop/hoophouse2023/flowerPi/aug11backup/videos/001f543cd39b/230808/162807_984467_001f543cd39b.mp4,[]
2023-08-11,19:44:57.549442,/Users/anupreksha/Desktop/hoophouse2023/flowerPi/aug11backup/videos/001f543cd39b/230808/143915_332920_001f543cd39b.mp4,[]
2023-08-11,19:44:58.521998,/Users/anupreksha/Desktop/hoophouse2023/flowerPi/aug11backup/videos/001f543cd39b/230808/150222_335762_001f543cd39b.mp4,[]
2023-08-11,19:45:00.682246,/Users/anupreksha/Desktop/hoophouse2023/flowerPi/aug11backup/videos/001f543cd39b/230808/152659_939506_001f543cd39b.mp4,"[17, 17, 17, 17]"
2023-08-11,19:44:47.391314,/Users/anupreksha/Desktop/hoophouse2023/flowerPi/aug11backup/videos/001f543cd39b/230808/103843_052245_001f543cd39b.mp4,[]
2023-08-11,19:44:51.799504,/Users/anupreksha/Desktop/hoophouse2023/flowerPi/aug11backup/videos/001f543cd39b/230808/131041_903204_001f543cd39b.mp4,[]
2023-08-11,19:44:48.890959,/Users/anupreksha/Desktop/hoophouse2023/flowerPi/aug11backup/videos/001f543cd39b/230808/111109_866944_001f543cd39b.mp4,[]
2023-08-11,19:44:47.180002,/Users/anupreksha/Desktop/hoophouse2023/flowerPi/aug11backup/videos/001f543cd39b/230808/102204_664216_001f543cd39b.mp4,"[944, 944, 944, 944, 944]"
2023-08-11,19:45:11.631919,/Users/anupreksha/Desktop/hoophouse2023/flowerPi/aug11backup/videos/001f543cd39b/230808/173034_385628_001f543cd39b.mp4,[]
2023-08-11,19:45:00.489995,/Users/anupreksha/Desktop/hoophouse2023/flowerPi/aug11backup/videos/001f543cd39b/230808/152027_336739_001f543cd39b.mp4,[]
2023-08-11,19:45:07.547574,/Users/anupreksha/Desktop/hoophouse2023/flowerPi/aug11backup/videos/001f543cd39b/230808/165859_170197_001f543cd39b.mp4,[]
2023-08-11,19:44:48.903821,/Users/anupreksha/Desktop/hoophouse2023/flowerPi/aug11backup/videos/001f543cd39b/230808/111139_867589_001f543cd39b.mp4,[]
2023-08-11,19:45:07.897060,/Users/anupreksha/Desktop/hoophouse2023/flowerPi/aug11backup/videos/001f543cd39b/230808/170536_385165_001f543cd39b.mp4,[]
2023-08-11,19:45:04.727937,/Users/anupreksha/Desktop/hoophouse2023/flowerPi/aug11backup/videos/001f543cd39b/230808/164115_163457_001f543cd39b.mp4,[]
2023-08-11,19:45:00.293534,/Users/anupreksha/Desktop/hoophouse2023/flowerPi/aug11backup/videos/001f543cd39b/230808/150617_740258_001f543cd39b.mp4,[]
2023-08-11,19:44:54.777511,/Users/anupreksha/Desktop/hoophouse2023/flowerPi/aug11backup/videos/001f543cd39b/230808/135546_119311_001f543cd39b.mp4,[]
2023-08-11,19:44:54.518054,/Users/anupreksha/Desktop/hoophouse2023/flowerPi/aug11backup/videos/001f543cd39b/230808/135043_331137_001f543cd39b.mp4,[]
2023-08-11,19:44:52.117644,/Users/anupreksha/Desktop/hoophouse2023/flowerPi/aug11backup/videos/001f543cd39b/230808/132138_110526_001f543cd39b.mp4,[]
2023-08-11,19:44:54.885268,/Users/anupreksha/Desktop/hoophouse2023/flowerPi/aug11backup/videos/001f543cd39b/230808/135823_117449_001f543cd39b.mp4,[]
2023-08-11,19:45:12.412466,/Users/anupreksha/Desktop/hoophouse2023/flowerPi/aug11backup/videos/001f543cd39b/230808/174444_393493_001f543cd39b.mp4,"[17, 17, 17, 17, 17, 190, 190, 190, 190]"
2023-08-11,19:44:52.178883,/Users/anupreksha/Desktop/hoophouse2023/flowerPi/aug11backup/videos/001f543cd39b/230808/132501_304973_001f543cd39b.mp4,[]
2023-08-11,19:44:49.441303,/Users/anupreksha/Desktop/hoophouse2023/flowerPi/aug11backup/videos/001f543cd39b/230808/115330_885173_001f543cd39b.mp4,[]
2023-08-11,19:44:49.862890,/Users/anupreksha/Desktop/hoophouse2023/flowerPi/aug11backup/videos/001f543cd39b/230808/125751_098281_001f543cd39b.mp4,[]
2023-08-11,19:44:47.509098,/Users/anupreksha/Desktop/hoophouse2023/flowerPi/aug11backup/videos/001f543cd39b/230808/104851_256709_001f543cd39b.mp4,[]
2023-08-11,19:45:11.781993,/Users/anupreksha/Desktop/hoophouse2023/flowerPi/aug11backup/videos/001f543cd39b/230808/173253_386981_001f543cd39b.mp4,[]
2023-08-11,19:44:55.297651,/Users/anupreksha/Desktop/hoophouse2023/flowerPi/aug11backup/videos/001f543cd39b/230808/141417_926110_001f543cd39b.mp4,[]
2023-08-11,19:44:48.874318,/Users/anupreksha/Desktop/hoophouse2023/flowerPi/aug11backup/videos/001f543cd39b/230808/111039_864303_001f543cd39b.mp4,[]
2023-08-11,19:44:55.475789,/Users/anupreksha/Desktop/hoophouse2023/flowerPi/aug11backup/videos/001f543cd39b/230808/142226_125839_001f543cd39b.mp4,[]
2023-08-11,19:44:57.958920,/Users/anupreksha/Desktop/hoophouse2023/flowerPi/aug11backup/videos/001f543cd39b/230808/144745_334490_001f543cd39b.mp4,[]
2023-08-11,19:44:57.384557,/Users/anupreksha/Desktop/hoophouse2023/flowerPi/aug11backup/videos/001f543cd39b/230808/143519_329674_001f543cd39b.mp4,[]
2023-08-11,19:44:49.249505,/Users/anupreksha/Desktop/hoophouse2023/flowerPi/aug11backup/videos/001f543cd39b/230808/114658_877353_001f543cd39b.mp4,[]
2023-08-11,19:45:11.806431,/Users/anupreksha/Desktop/hoophouse2023/flowerPi/aug11backup/videos/001f543cd39b/230808/173307_395734_001f543cd39b.mp4,[]
2023-08-11,19:44:48.970504,/Users/anupreksha/Desktop/hoophouse2023/flowerPi/aug11backup/videos/001f543cd39b/230808/113213_476093_001f543cd39b.mp4,[]
2023-08-11,19:44:52.798330,/Users/anupreksha/Desktop/hoophouse2023/flowerPi/aug11backup/videos/001f543cd39b/230808/134105_915255_001f543cd39b.mp4,[]
2023-08-11,19:45:07.157419,/Users/anupreksha/Desktop/hoophouse2023/flowerPi/aug11backup/videos/001f543cd39b/230808/165103_967721_001f543cd39b.mp4,"[653, 653, 109]"
2023-08-11,19:45:07.735105,/Users/anupreksha/Desktop/hoophouse2023/flowerPi/aug11backup/videos/001f543cd39b/230808/170229_175639_001f543cd39b.mp4,[]
2023-08-11,19:45:00.264113,/Users/anupreksha/Desktop/hoophouse2023/flowerPi/aug11backup/videos/001f543cd39b/230808/150524_532308_001f543cd39b.mp4,[]
2023-08-11,19:44:54.976386,/Users/anupreksha/Desktop/hoophouse2023/flowerPi/aug11backup/videos/001f543cd39b/230808/140027_124306_001f543cd39b.mp4,[]
2023-08-11,19:44:58.183727,/Users/anupreksha/Desktop/hoophouse2023/flowerPi/aug11backup/videos/001f543cd39b/230808/145325_729534_001f543cd39b.mp4,[]
2023-08-11,19:45:00.783377,/Users/anupreksha/Desktop/hoophouse2023/flowerPi/aug11backup/videos/001f543cd39b/230808/152903_941492_001f543cd39b.mp4,[]
2023-08-11,19:44:54.456840,/Users/anupreksha/Desktop/hoophouse2023/flowerPi/aug11backup/videos/001f543cd39b/230808/134853_313193_001f543cd39b.mp4,[]
2023-08-11,19:44:47.106915,/Users/anupreksha/Desktop/hoophouse2023/flowerPi/aug11backup/videos/001f543cd39b/230808/085445_629305_001f543cd39b.mp4,[]
2023-08-11,19:45:07.234908,/Users/anupreksha/Desktop/hoophouse2023/flowerPi/aug11backup/videos/001f543cd39b/230808/165319_166226_001f543cd39b.mp4,[]
2023-08-11,19:44:58.163262,/Users/anupreksha/Desktop/hoophouse2023/flowerPi/aug11backup/videos/001f543cd39b/230808/145238_748274_001f543cd39b.mp4,[]
2023-08-11,19:44:55.420576,/Users/anupreksha/Desktop/hoophouse2023/flowerPi/aug11backup/videos/001f543cd39b/230808/141749_123201_001f543cd39b.mp4,[]
2023-08-11,19:45:11.001189,/Users/anupreksha/Desktop/hoophouse2023/flowerPi/aug11backup/videos/001f543cd39b/230808/171901_579401_001f543cd39b.mp4,"[190, 190, 190, 190, 190, 190, 190, 190, 190, 190, 190, 190, 190, 190, 515, 190, 190, 190, 190, 190, 190, 190, 190, 190, 190, 190, 190, 190, 190, 190, 190, 190, 190, 190, 190]"
2023-08-11,19:44:54.360098,/Users/anupreksha/Desktop/hoophouse2023/flowerPi/aug11backup/videos/001f543cd39b/230808/134507_124968_001f543cd39b.mp4,"[653, 653, 653]"
2023-08-11,19:45:10.773762,/Users/anupreksha/Desktop/hoophouse2023/flowerPi/aug11backup/videos/001f543cd39b/230808/171359_580047_001f543cd39b.mp4,"[944, 944, 944, 944, 944]"
2023-08-11,19:44:49.642535,/Users/anupreksha/Desktop/hoophouse2023/flowerPi/aug11backup/videos/001f543cd39b/230808/124247_893215_001f543cd39b.mp4,[]
2023-08-11,19:45:13.700405,/Users/anupreksha/Desktop/hoophouse2023/flowerPi/aug11backup/videos/001f543cd39b/230808/175439_795556_001f543cd39b.mp4,[]
2023-08-11,19:45:07.474818,/Users/anupreksha/Desktop/hoophouse2023/flowerPi/aug11backup/videos/001f543cd39b/230808/165740_176116_001f543cd39b.mp4,"[653, 131]"
2023-08-11,19:44:51.778580,/Users/anupreksha/Desktop/hoophouse2023/flowerPi/aug11backup/videos/001f543cd39b/230808/131024_908568_001f543cd39b.mp4,[]
2023-08-11,19:45:01.273752,/Users/anupreksha/Desktop/hoophouse2023/flowerPi/aug11backup/videos/001f543cd39b/230808/154351_143762_001f543cd39b.mp4,[190]
2023-08-11,19:44:48.846857,/Users/anupreksha/Desktop/hoophouse2023/flowerPi/aug11backup/videos/001f543cd39b/230808/110450_865098_001f543cd39b.mp4,[]
2023-08-11,19:44:52.642903,/Users/anupreksha/Desktop/hoophouse2023/flowerPi/aug11backup/videos/001f543cd39b/230808/133537_324068_001f543cd39b.mp4,[]
2023-08-11,19:44:54.691143,/Users/anupreksha/Desktop/hoophouse2023/flowerPi/aug11backup/videos/001f543cd39b/230808/135406_929330_001f543cd39b.mp4,[]
2023-08-11,19:45:13.562020,/Users/anupreksha/Desktop/hoophouse2023/flowerPi/aug11backup/videos/001f543cd39b/230808/175221_402268_001f543cd39b.mp4,[]
2023-08-11,19:45:03.555258,/Users/anupreksha/Desktop/hoophouse2023/flowerPi/aug11backup/videos/001f543cd39b/230808/155956_149238_001f543cd39b.mp4,[]
2023-08-11,19:44:52.006517,/Users/anupreksha/Desktop/hoophouse2023/flowerPi/aug11backup/videos/001f543cd39b/230808/131700_908927_001f543cd39b.mp4,[]
2023-08-11,19:45:00.629107,/Users/anupreksha/Desktop/hoophouse2023/flowerPi/aug11backup/videos/001f543cd39b/230808/152455_739618_001f543cd39b.mp4,[997]
2023-08-11,19:45:07.250830,/Users/anupreksha/Desktop/hoophouse2023/flowerPi/aug11backup/videos/001f543cd39b/230808/165339_169077_001f543cd39b.mp4,[]
2023-08-11,19:44:58.063654,/Users/anupreksha/Desktop/hoophouse2023/flowerPi/aug11backup/videos/001f543cd39b/230808/144950_731213_001f543cd39b.mp4,[]
2023-08-11,19:45:11.879952,/Users/anupreksha/Desktop/hoophouse2023/flowerPi/aug11backup/videos/001f543cd39b/230808/173415_390865_001f543cd39b.mp4,[]
2023-08-11,19:45:01.105089,/Users/anupreksha/Desktop/hoophouse2023/flowerPi/aug11backup/videos/001f543cd39b/230808/153931_143380_001f543cd39b.mp4,[]
2023-08-11,19:44:49.049165,/Users/anupreksha/Desktop/hoophouse2023/flowerPi/aug11backup/videos/001f543cd39b/230808/113351_472304_001f543cd39b.mp4,[]
2023-08-11,19:44:52.501041,/Users/anupreksha/Desktop/hoophouse2023/flowerPi/aug11backup/videos/001f543cd39b/230808/133248_909563_001f543cd39b.mp4,[]
2023-08-11,19:45:01.410865,/Users/anupreksha/Desktop/hoophouse2023/flowerPi/aug11backup/videos/001f543cd39b/230808/154649_344456_001f543cd39b.mp4,[]
2023-08-11,19:45:04.252870,/Users/anupreksha/Desktop/hoophouse2023/flowerPi/aug11backup/videos/001f543cd39b/230808/162909_163321_001f543cd39b.mp4,[190]
2023-08-11,19:45:04.288630,/Users/anupreksha/Desktop/hoophouse2023/flowerPi/aug11backup/videos/001f543cd39b/230808/162957_162538_001f543cd39b.mp4,[997]
2023-08-11,19:44:49.213704,/Users/anupreksha/Desktop/hoophouse2023/flowerPi/aug11backup/videos/001f543cd39b/230808/114551_696608_001f543cd39b.mp4,[]
2023-08-11,19:44:49.311414,/Users/anupreksha/Desktop/hoophouse2023/flowerPi/aug11backup/videos/001f543cd39b/230808/114906_883795_001f543cd39b.mp4,[]
2023-08-11,19:45:06.812744,/Users/anupreksha/Desktop/hoophouse2023/flowerPi/aug11backup/videos/001f543cd39b/230808/164401_371248_001f543cd39b.mp4,[]
2023-08-11,19:44:51.723387,/Users/anupreksha/Desktop/hoophouse2023/flowerPi/aug11backup/videos/001f543cd39b/230808/130921_908175_001f543cd39b.mp4,[]
2023-08-11,19:44:54.746798,/Users/anupreksha/Desktop/hoophouse2023/flowerPi/aug11backup/videos/001f543cd39b/230808/135513_117741_001f543cd39b.mp4,[]
2023-08-11,19:45:00.216009,/Users/anupreksha/Desktop/hoophouse2023/flowerPi/aug11backup/videos/001f543cd39b/230808/150403_539556_001f543cd39b.mp4,[]
2023-08-11,19:45:11.145133,/Users/anupreksha/Desktop/hoophouse2023/flowerPi/aug11backup/videos/001f543cd39b/230808/172235_978851_001f543cd39b.mp4,"[190, 190, 17]"
2023-08-11,19:45:04.383135,/Users/anupreksha/Desktop/hoophouse2023/flowerPi/aug11backup/videos/001f543cd39b/230808/163325_694903_001f543cd39b.mp4,[]
2023-08-11,19:45:06.799575,/Users/anupreksha/Desktop/hoophouse2023/flowerPi/aug11backup/videos/001f543cd39b/230808/164336_377131_001f543cd39b.mp4,[]
2023-08-11,19:45:11.207600,/Users/anupreksha/Desktop/hoophouse2023/flowerPi/aug11backup/videos/001f543cd39b/230808/172346_981128_001f543cd39b.mp4,"[190, 190]"
2023-08-11,19:44:52.309075,/Users/anupreksha/Desktop/hoophouse2023/flowerPi/aug11backup/videos/001f543cd39b/230808/132810_714115_001f543cd39b.mp4,[]
2023-08-11,19:44:47.255725,/Users/anupreksha/Desktop/hoophouse2023/flowerPi/aug11backup/videos/001f543cd39b/230808/103110_859702_001f543cd39b.mp4,[]
2023-08-11,19:45:12.024896,/Users/anupreksha/Desktop/hoophouse2023/flowerPi/aug11backup/videos/001f543cd39b/230808/173731_382305_001f543cd39b.mp4,"[190, 190, 190]"
2023-08-11,19:44:57.435910,/Users/anupreksha/Desktop/hoophouse2023/flowerPi/aug11backup/videos/001f543cd39b/230808/143639_326452_001f543cd39b.mp4,[]
2023-08-11,19:44:47.348803,/Users/anupreksha/Desktop/hoophouse2023/flowerPi/aug11backup/videos/001f543cd39b/230808/103241_058840_001f543cd39b.mp4,[109]
2023-08-11,19:44:49.064152,/Users/anupreksha/Desktop/hoophouse2023/flowerPi/aug11backup/videos/001f543cd39b/230808/113431_476193_001f543cd39b.mp4,[]
2023-08-11,19:45:13.359792,/Users/anupreksha/Desktop/hoophouse2023/flowerPi/aug11backup/videos/001f543cd39b/230808/174844_786968_001f543cd39b.mp4,"[441, 441, 441, 441]"
2023-08-11,19:44:49.500750,/Users/anupreksha/Desktop/hoophouse2023/flowerPi/aug11backup/videos/001f543cd39b/230808/115545_880662_001f543cd39b.mp4,[140]
2023-08-11,19:45:11.974712,/Users/anupreksha/Desktop/hoophouse2023/flowerPi/aug11backup/videos/001f543cd39b/230808/173635_389627_001f543cd39b.mp4,[]
2023-08-11,19:44:55.503248,/Users/anupreksha/Desktop/hoophouse2023/flowerPi/aug11backup/videos/001f543cd39b/230808/142425_321952_001f543cd39b.mp4,[]
2023-08-11,19:45:12.325908,/Users/anupreksha/Desktop/hoophouse2023/flowerPi/aug11backup/videos/001f543cd39b/230808/174304_391338_001f543cd39b.mp4,"[190, 190, 190, 190]"
2023-08-11,19:45:07.956716,/Users/anupreksha/Desktop/hoophouse2023/flowerPi/aug11backup/videos/001f543cd39b/230808/170657_577713_001f543cd39b.mp4,[930]
2023-08-11,19:45:08.029534,/Users/anupreksha/Desktop/hoophouse2023/flowerPi/aug11backup/videos/001f543cd39b/230808/170803_172558_001f543cd39b.mp4,[997]
2023-08-11,19:44:58.307062,/Users/anupreksha/Desktop/hoophouse2023/flowerPi/aug11backup/videos/001f543cd39b/230808/145701_730814_001f543cd39b.mp4,[]
2023-08-11,19:44:54.588696,/Users/anupreksha/Desktop/hoophouse2023/flowerPi/aug11backup/videos/001f543cd39b/230808/135228_514406_001f543cd39b.mp4,[]
2023-08-11,19:44:54.398267,/Users/anupreksha/Desktop/hoophouse2023/flowerPi/aug11backup/videos/001f543cd39b/230808/134558_326301_001f543cd39b.mp4,[]
2023-08-11,19:44:54.715410,/Users/anupreksha/Desktop/hoophouse2023/flowerPi/aug11backup/videos/001f543cd39b/230808/135430_116775_001f543cd39b.mp4,[]
2023-08-11,19:44:47.047362,/Users/anupreksha/Desktop/hoophouse2023/flowerPi/aug11backup/videos/001f543cd39b/230808/083252_813340_001f543cd39b.mp4,[]
2023-08-11,19:45:13.579612,/Users/anupreksha/Desktop/hoophouse2023/flowerPi/aug11backup/videos/001f543cd39b/230808/175237_393816_001f543cd39b.mp4,[]
2023-08-11,19:44:57.852330,/Users/anupreksha/Desktop/hoophouse2023/flowerPi/aug11backup/videos/001f543cd39b/230808/144529_058983_001f543cd39b.mp4,[]
2023-08-11,19:44:47.121169,/Users/anupreksha/Desktop/hoophouse2023/flowerPi/aug11backup/videos/001f543cd39b/230808/091246_832011_001f543cd39b.mp4,[]
2023-08-11,19:44:55.311306,/Users/anupreksha/Desktop/hoophouse2023/flowerPi/aug11backup/videos/001f543cd39b/230808/141456_928383_001f543cd39b.mp4,[998]
2023-08-11,19:44:49.617054,/Users/anupreksha/Desktop/hoophouse2023/flowerPi/aug11backup/videos/001f543cd39b/230808/123627_892649_001f543cd39b.mp4,[]
2023-08-11,19:44:57.742756,/Users/anupreksha/Desktop/hoophouse2023/flowerPi/aug11backup/videos/001f543cd39b/230808/144254_534603_001f543cd39b.mp4,[]
2023-08-11,19:45:04.452997,/Users/anupreksha/Desktop/hoophouse2023/flowerPi/aug11backup/videos/001f543cd39b/230808/163517_766064_001f543cd39b.mp4,[]
2023-08-11,19:44:47.327611,/Users/anupreksha/Desktop/hoophouse2023/flowerPi/aug11backup/videos/001f543cd39b/230808/103207_853140_001f543cd39b.mp4,"[128, 190]"
2023-08-11,19:45:04.466553,/Users/anupreksha/Desktop/hoophouse2023/flowerPi/aug11backup/videos/001f543cd39b/230808/163540_763096_001f543cd39b.mp4,[]
2023-08-11,19:44:51.504175,/Users/anupreksha/Desktop/hoophouse2023/flowerPi/aug11backup/videos/001f543cd39b/230808/130437_509953_001f543cd39b.mp4,[]
2023-08-11,19:45:11.047693,/Users/anupreksha/Desktop/hoophouse2023/flowerPi/aug11backup/videos/001f543cd39b/230808/171946_578067_001f543cd39b.mp4,"[190, 190, 190, 190, 190, 190, 190, 190]"
2023-08-11,19:45:11.454989,/Users/anupreksha/Desktop/hoophouse2023/flowerPi/aug11backup/videos/001f543cd39b/230808/172736_995478_001f543cd39b.mp4,"[379, 190]"
2023-08-11,19:45:03.841602,/Users/anupreksha/Desktop/hoophouse2023/flowerPi/aug11backup/videos/001f543cd39b/230808/160833_354745_001f543cd39b.mp4,[190]
2023-08-11,19:44:47.298264,/Users/anupreksha/Desktop/hoophouse2023/flowerPi/aug11backup/videos/001f543cd39b/230808/103148_851762_001f543cd39b.mp4,[]
2023-08-11,19:44:55.060025,/Users/anupreksha/Desktop/hoophouse2023/flowerPi/aug11backup/videos/001f543cd39b/230808/140647_127608_001f543cd39b.mp4,[]
2023-08-11,19:45:07.158540,/Users/anupreksha/Desktop/hoophouse2023/flowerPi/aug11backup/videos/001f543cd39b/230808/165129_166303_001f543cd39b.mp4,[]
2023-08-11,19:44:52.757989,/Users/anupreksha/Desktop/hoophouse2023/flowerPi/aug11backup/videos/001f543cd39b/230808/133859_918284_001f543cd39b.mp4,[]
2023-08-11,19:45:08.048544,/Users/anupreksha/Desktop/hoophouse2023/flowerPi/aug11backup/videos/001f543cd39b/230808/170831_173849_001f543cd39b.mp4,[]
2023-08-11,19:44:49.966838,/Users/anupreksha/Desktop/hoophouse2023/flowerPi/aug11backup/videos/001f543cd39b/230808/130033_305789_001f543cd39b.mp4,[]
2023-08-11,19:44:47.600516,/Users/anupreksha/Desktop/hoophouse2023/flowerPi/aug11backup/videos/001f543cd39b/230808/110221_862538_001f543cd39b.mp4,[]
2023-08-11,19:44:52.771002,/Users/anupreksha/Desktop/hoophouse2023/flowerPi/aug11backup/videos/001f543cd39b/230808/133922_917446_001f543cd39b.mp4,[]
2023-08-11,19:45:00.327723,/Users/anupreksha/Desktop/hoophouse2023/flowerPi/aug11backup/videos/001f543cd39b/230808/150716_739853_001f543cd39b.mp4,[]
2023-08-11,19:44:47.434823,/Users/anupreksha/Desktop/hoophouse2023/flowerPi/aug11backup/videos/001f543cd39b/230808/104227_054412_001f543cd39b.mp4,[]
2023-08-11,19:45:03.822059,/Users/anupreksha/Desktop/hoophouse2023/flowerPi/aug11backup/videos/001f543cd39b/230808/160808_354758_001f543cd39b.mp4,[997]
2023-08-11,19:45:03.768519,/Users/anupreksha/Desktop/hoophouse2023/flowerPi/aug11backup/videos/001f543cd39b/230808/160544_353320_001f543cd39b.mp4,[]
2023-08-11,19:45:00.908184,/Users/anupreksha/Desktop/hoophouse2023/flowerPi/aug11backup/videos/001f543cd39b/230808/153349_943758_001f543cd39b.mp4,"[17, 997]"
2023-08-11,19:44:49.808762,/Users/anupreksha/Desktop/hoophouse2023/flowerPi/aug11backup/videos/001f543cd39b/230808/125617_102305_001f543cd39b.mp4,[]
2023-08-11,19:44:51.667036,/Users/anupreksha/Desktop/hoophouse2023/flowerPi/aug11backup/videos/001f543cd39b/230808/130804_901981_001f543cd39b.mp4,[]
2023-08-11,19:45:03.505834,/Users/anupreksha/Desktop/hoophouse2023/flowerPi/aug11backup/videos/001f543cd39b/230808/155826_948344_001f543cd39b.mp4,[]
2023-08-11,19:45:04.409061,/Users/anupreksha/Desktop/hoophouse2023/flowerPi/aug11backup/videos/001f543cd39b/230808/163419_766143_001f543cd39b.mp4,[]
2023-08-11,19:45:11.261077,/Users/anupreksha/Desktop/hoophouse2023/flowerPi/aug11backup/videos/001f543cd39b/230808/172446_981926_001f543cd39b.mp4,"[379, 190]"
2023-08-11,19:44:51.825761,/Users/anupreksha/Desktop/hoophouse2023/flowerPi/aug11backup/videos/001f543cd39b/230808/131125_906150_001f543cd39b.mp4,[]
2023-08-11,19:45:03.725544,/Users/anupreksha/Desktop/hoophouse2023/flowerPi/aug11backup/videos/001f543cd39b/230808/160502_353385_001f543cd39b.mp4,"[190, 190, 190, 190, 190]"
2023-08-11,19:45:13.450298,/Users/anupreksha/Desktop/hoophouse2023/flowerPi/aug11backup/videos/001f543cd39b/230808/175021_792897_001f543cd39b.mp4,"[327, 327, 327, 327, 683, 683, 683, 683, 683]"
2023-08-11,19:45:03.412682,/Users/anupreksha/Desktop/hoophouse2023/flowerPi/aug11backup/videos/001f543cd39b/230808/155542_747629_001f543cd39b.mp4,[]
2023-08-11,19:44:58.320319,/Users/anupreksha/Desktop/hoophouse2023/flowerPi/aug11backup/videos/001f543cd39b/230808/145720_734118_001f543cd39b.mp4,[]
2023-08-11,19:44:48.831201,/Users/anupreksha/Desktop/hoophouse2023/flowerPi/aug11backup/videos/001f543cd39b/230808/110409_864626_001f543cd39b.mp4,"[190, 987, 987, 987, 987]"
2023-08-11,19:45:12.305200,/Users/anupreksha/Desktop/hoophouse2023/flowerPi/aug11backup/videos/001f543cd39b/230808/174211_385210_001f543cd39b.mp4,[]
2023-08-11,19:45:07.689790,/Users/anupreksha/Desktop/hoophouse2023/flowerPi/aug11backup/videos/001f543cd39b/230808/170141_171205_001f543cd39b.mp4,"[17, 17, 17, 853, 853, 853]"
2023-08-11,19:45:10.814723,/Users/anupreksha/Desktop/hoophouse2023/flowerPi/aug11backup/videos/001f543cd39b/230808/171501_574300_001f543cd39b.mp4,[944]
2023-08-11,19:44:49.950281,/Users/anupreksha/Desktop/hoophouse2023/flowerPi/aug11backup/videos/001f543cd39b/230808/130007_298897_001f543cd39b.mp4,[]
2023-08-11,19:44:47.078079,/Users/anupreksha/Desktop/hoophouse2023/flowerPi/aug11backup/videos/001f543cd39b/230808/083505_844075_001f543cd39b.mp4,"[17, 17, 17, 17]"
2023-08-11,19:45:11.722310,/Users/anupreksha/Desktop/hoophouse2023/flowerPi/aug11backup/videos/001f543cd39b/230808/173151_388406_001f543cd39b.mp4,"[190, 190]"
2023-08-11,19:45:07.827174,/Users/anupreksha/Desktop/hoophouse2023/flowerPi/aug11backup/videos/001f543cd39b/230808/170414_179181_001f543cd39b.mp4,[]
2023-08-11,19:45:04.433099,/Users/anupreksha/Desktop/hoophouse2023/flowerPi/aug11backup/videos/001f543cd39b/230808/163505_763537_001f543cd39b.mp4,[]
2023-08-11,19:44:49.387006,/Users/anupreksha/Desktop/hoophouse2023/flowerPi/aug11backup/videos/001f543cd39b/230808/115228_890673_001f543cd39b.mp4,[]
2023-08-11,19:44:57.289006,/Users/anupreksha/Desktop/hoophouse2023/flowerPi/aug11backup/videos/001f543cd39b/230808/142553_324890_001f543cd39b.mp4,[]
2023-08-11,19:45:07.060070,/Users/anupreksha/Desktop/hoophouse2023/flowerPi/aug11backup/videos/001f543cd39b/230808/164918_965508_001f543cd39b.mp4,[]
2023-08-11,19:45:13.314469,/Users/anupreksha/Desktop/hoophouse2023/flowerPi/aug11backup/videos/001f543cd39b/230808/174800_795472_001f543cd39b.mp4,[]
2023-08-11,19:45:11.491709,/Users/anupreksha/Desktop/hoophouse2023/flowerPi/aug11backup/videos/001f543cd39b/230808/172828_182302_001f543cd39b.mp4,[]
2023-08-11,19:45:07.273774,/Users/anupreksha/Desktop/hoophouse2023/flowerPi/aug11backup/videos/001f543cd39b/230808/165355_168963_001f543cd39b.mp4,[]
2023-08-11,19:44:47.461629,/Users/anupreksha/Desktop/hoophouse2023/flowerPi/aug11backup/videos/001f543cd39b/230808/104356_055026_001f543cd39b.mp4,[]
2023-08-11,19:44:49.910825,/Users/anupreksha/Desktop/hoophouse2023/flowerPi/aug11backup/videos/001f543cd39b/230808/125917_231452_001f543cd39b.mp4,[]
2023-08-11,19:45:07.503717,/Users/anupreksha/Desktop/hoophouse2023/flowerPi/aug11backup/videos/001f543cd39b/230808/165825_169485_001f543cd39b.mp4,[]
2023-08-11,19:45:01.288718,/Users/anupreksha/Desktop/hoophouse2023/flowerPi/aug11backup/videos/001f543cd39b/230808/154421_344193_001f543cd39b.mp4,[]
2023-08-11,19:45:01.342257,/Users/anupreksha/Desktop/hoophouse2023/flowerPi/aug11backup/videos/001f543cd39b/230808/154517_344831_001f543cd39b.mp4,"[944, 944, 944, 944]"
2023-08-11,19:44:49.018299,/Users/anupreksha/Desktop/hoophouse2023/flowerPi/aug11backup/videos/001f543cd39b/230808/113308_473858_001f543cd39b.mp4,[]
2023-08-11,19:44:54.668921,/Users/anupreksha/Desktop/hoophouse2023/flowerPi/aug11backup/videos/001f543cd39b/230808/135338_921449_001f543cd39b.mp4,[]
2023-08-11,19:46:47.158613,/Users/anupreksha/Desktop/hoophouse2023/flowerPi/aug11backup/videos/001f543e4a87/230810/012128_889711_001f543e4a87.mp4,[]
2023-08-11,19:46:47.106803,/Users/anupreksha/Desktop/hoophouse2023/flowerPi/aug11backup/videos/001f543e4a87/230809/000540_843097_001f543e4a87.mp4,[]
2023-08-11,19:46:47.147892,/Users/anupreksha/Desktop/hoophouse2023/flowerPi/aug11backup/videos/001f543e4a87/230809/203337_010364_001f543e4a87.mp4,[]
2023-08-11,19:46:46.127780,/Users/anupreksha/Desktop/hoophouse2023/flowerPi/aug11backup/videos/001f543e4a87/230807/180353_929288_001f543e4a87.mp4,[]
2023-08-11,19:46:46.628258,/Users/anupreksha/Desktop/hoophouse2023/flowerPi/aug11backup/videos/001f543e4a87/230807/181558_132758_001f543e4a87.mp4,[]
2023-08-11,19:46:47.067680,/Users/anupreksha/Desktop/hoophouse2023/flowerPi/aug11backup/videos/001f543e4a87/230807/183603_340724_001f543e4a87.mp4,[]
2023-08-11,19:46:46.316427,/Users/anupreksha/Desktop/hoophouse2023/flowerPi/aug11backup/videos/001f543e4a87/230807/180808_532972_001f543e4a87.mp4,[]
2023-08-11,19:46:46.356630,/Users/anupreksha/Desktop/hoophouse2023/flowerPi/aug11backup/videos/001f543e4a87/230807/180846_529523_001f543e4a87.mp4,[]
2023-08-11,19:46:46.372882,/Users/anupreksha/Desktop/hoophouse2023/flowerPi/aug11backup/videos/001f543e4a87/230807/180914_669748_001f543e4a87.mp4,[]
2023-08-11,19:46:45.936437,/Users/anupreksha/Desktop/hoophouse2023/flowerPi/aug11backup/videos/001f543e4a87/230807/174724_323195_001f543e4a87.mp4,[]
2023-08-11,19:46:47.079175,/Users/anupreksha/Desktop/hoophouse2023/flowerPi/aug11backup/videos/001f543e4a87/230807/183802_342940_001f543e4a87.mp4,[]
2023-08-11,19:46:46.819964,/Users/anupreksha/Desktop/hoophouse2023/flowerPi/aug11backup/videos/001f543e4a87/230807/182516_333948_001f543e4a87.mp4,[]
2023-08-11,19:46:46.286887,/Users/anupreksha/Desktop/hoophouse2023/flowerPi/aug11backup/videos/001f543e4a87/230807/180722_528791_001f543e4a87.mp4,[]
2023-08-11,19:46:45.968752,/Users/anupreksha/Desktop/hoophouse2023/flowerPi/aug11backup/videos/001f543e4a87/230807/180014_466609_001f543e4a87.mp4,[]
2023-08-11,19:46:47.057462,/Users/anupreksha/Desktop/hoophouse2023/flowerPi/aug11backup/videos/001f543e4a87/230807/183522_341545_001f543e4a87.mp4,[]
2023-08-11,19:46:46.166450,/Users/anupreksha/Desktop/hoophouse2023/flowerPi/aug11backup/videos/001f543e4a87/230807/180448_530633_001f543e4a87.mp4,[]
2023-08-11,19:46:46.268449,/Users/anupreksha/Desktop/hoophouse2023/flowerPi/aug11backup/videos/001f543e4a87/230807/180656_530034_001f543e4a87.mp4,[]
2023-08-11,19:46:46.758238,/Users/anupreksha/Desktop/hoophouse2023/flowerPi/aug11backup/videos/001f543e4a87/230807/182220_133361_001f543e4a87.mp4,[]
2023-08-11,19:46:46.305077,/Users/anupreksha/Desktop/hoophouse2023/flowerPi/aug11backup/videos/001f543e4a87/230807/180746_531770_001f543e4a87.mp4,[]
2023-08-11,19:46:46.590281,/Users/anupreksha/Desktop/hoophouse2023/flowerPi/aug11backup/videos/001f543e4a87/230807/181454_130585_001f543e4a87.mp4,[]
2023-08-11,19:46:47.005320,/Users/anupreksha/Desktop/hoophouse2023/flowerPi/aug11backup/videos/001f543e4a87/230807/183131_341347_001f543e4a87.mp4,[]
2023-08-11,19:46:47.046854,/Users/anupreksha/Desktop/hoophouse2023/flowerPi/aug11backup/videos/001f543e4a87/230807/183401_342719_001f543e4a87.mp4,[378]
2023-08-11,19:46:47.017429,/Users/anupreksha/Desktop/hoophouse2023/flowerPi/aug11backup/videos/001f543e4a87/230807/183158_336432_001f543e4a87.mp4,[]
2023-08-11,19:46:47.090384,/Users/anupreksha/Desktop/hoophouse2023/flowerPi/aug11backup/videos/001f543e4a87/230807/183851_343175_001f543e4a87.mp4,[]
2023-08-11,19:46:46.543302,/Users/anupreksha/Desktop/hoophouse2023/flowerPi/aug11backup/videos/001f543e4a87/230807/181343_130471_001f543e4a87.mp4,"[404, 404]"
2023-08-11,19:46:46.769581,/Users/anupreksha/Desktop/hoophouse2023/flowerPi/aug11backup/videos/001f543e4a87/230807/182349_135120_001f543e4a87.mp4,[384]
2023-08-11,19:46:46.418661,/Users/anupreksha/Desktop/hoophouse2023/flowerPi/aug11backup/videos/001f543e4a87/230807/181011_930988_001f543e4a87.mp4,[]
2023-08-11,19:46:46.810363,/Users/anupreksha/Desktop/hoophouse2023/flowerPi/aug11backup/videos/001f543e4a87/230807/182458_335531_001f543e4a87.mp4,[]
2023-08-11,19:46:46.052657,/Users/anupreksha/Desktop/hoophouse2023/flowerPi/aug11backup/videos/001f543e4a87/230807/180150_528104_001f543e4a87.mp4,[]
2023-08-11,19:46:46.893251,/Users/anupreksha/Desktop/hoophouse2023/flowerPi/aug11backup/videos/001f543e4a87/230807/182859_341140_001f543e4a87.mp4,[]
2023-08-11,19:46:46.876471,/Users/anupreksha/Desktop/hoophouse2023/flowerPi/aug11backup/videos/001f543e4a87/230807/182847_341393_001f543e4a87.mp4,[]
2023-08-11,19:46:46.853263,/Users/anupreksha/Desktop/hoophouse2023/flowerPi/aug11backup/videos/001f543e4a87/230807/182814_335289_001f543e4a87.mp4,[]
2023-08-11,19:46:46.971485,/Users/anupreksha/Desktop/hoophouse2023/flowerPi/aug11backup/videos/001f543e4a87/230807/183034_336416_001f543e4a87.mp4,[]
2023-08-11,19:46:46.793520,/Users/anupreksha/Desktop/hoophouse2023/flowerPi/aug11backup/videos/001f543e4a87/230807/182440_334246_001f543e4a87.mp4,[]
2023-08-11,19:46:46.560253,/Users/anupreksha/Desktop/hoophouse2023/flowerPi/aug11backup/videos/001f543e4a87/230807/181411_133502_001f543e4a87.mp4,[]
2023-08-11,19:46:46.487331,/Users/anupreksha/Desktop/hoophouse2023/flowerPi/aug11backup/videos/001f543e4a87/230807/181326_133582_001f543e4a87.mp4,[]
2023-08-11,19:46:45.914494,/Users/anupreksha/Desktop/hoophouse2023/flowerPi/aug11backup/videos/001f543e4a87/230807/174454_123187_001f543e4a87.mp4,[]
2023-08-11,19:46:46.665091,/Users/anupreksha/Desktop/hoophouse2023/flowerPi/aug11backup/videos/001f543e4a87/230807/181722_134067_001f543e4a87.mp4,"[515, 515]"
2023-08-11,19:46:45.957999,/Users/anupreksha/Desktop/hoophouse2023/flowerPi/aug11backup/videos/001f543e4a87/230807/175936_341737_001f543e4a87.mp4,[]
2023-08-11,19:46:45.947467,/Users/anupreksha/Desktop/hoophouse2023/flowerPi/aug11backup/videos/001f543e4a87/230807/175908_327125_001f543e4a87.mp4,[]
2023-08-11,19:46:46.022138,/Users/anupreksha/Desktop/hoophouse2023/flowerPi/aug11backup/videos/001f543e4a87/230807/180112_531048_001f543e4a87.mp4,[]
2023-08-11,19:46:46.782959,/Users/anupreksha/Desktop/hoophouse2023/flowerPi/aug11backup/videos/001f543e4a87/230807/182406_138564_001f543e4a87.mp4,[]
2023-08-11,19:46:46.865873,/Users/anupreksha/Desktop/hoophouse2023/flowerPi/aug11backup/videos/001f543e4a87/230807/182830_336327_001f543e4a87.mp4,[]
2023-08-11,19:46:46.456404,/Users/anupreksha/Desktop/hoophouse2023/flowerPi/aug11backup/videos/001f543e4a87/230807/181120_131497_001f543e4a87.mp4,[]
2023-08-11,19:46:46.570856,/Users/anupreksha/Desktop/hoophouse2023/flowerPi/aug11backup/videos/001f543e4a87/230807/181436_132138_001f543e4a87.mp4,[]
2023-08-11,19:46:46.653561,/Users/anupreksha/Desktop/hoophouse2023/flowerPi/aug11backup/videos/001f543e4a87/230807/181659_135121_001f543e4a87.mp4,[]
2023-08-11,19:46:46.686604,/Users/anupreksha/Desktop/hoophouse2023/flowerPi/aug11backup/videos/001f543e4a87/230807/181800_131368_001f543e4a87.mp4,[]
2023-08-11,19:46:46.384175,/Users/anupreksha/Desktop/hoophouse2023/flowerPi/aug11backup/videos/001f543e4a87/230807/180936_729239_001f543e4a87.mp4,[]
2023-08-11,19:46:45.925463,/Users/anupreksha/Desktop/hoophouse2023/flowerPi/aug11backup/videos/001f543e4a87/230807/174516_323945_001f543e4a87.mp4,[]
2023-08-11,19:46:46.446111,/Users/anupreksha/Desktop/hoophouse2023/flowerPi/aug11backup/videos/001f543e4a87/230807/181102_130289_001f543e4a87.mp4,[]
2023-08-11,19:46:46.033325,/Users/anupreksha/Desktop/hoophouse2023/flowerPi/aug11backup/videos/001f543e4a87/230807/180132_527011_001f543e4a87.mp4,[]
2023-08-11,19:46:46.711185,/Users/anupreksha/Desktop/hoophouse2023/flowerPi/aug11backup/videos/001f543e4a87/230807/182104_133424_001f543e4a87.mp4,[]
2023-08-11,19:46:46.745347,/Users/anupreksha/Desktop/hoophouse2023/flowerPi/aug11backup/videos/001f543e4a87/230807/182158_132691_001f543e4a87.mp4,[726]
2023-08-11,19:46:45.890365,/Users/anupreksha/Desktop/hoophouse2023/flowerPi/aug11backup/videos/001f543e4a87/230807/174349_925119_001f543e4a87.mp4,[]
2023-08-11,19:46:46.195559,/Users/anupreksha/Desktop/hoophouse2023/flowerPi/aug11backup/videos/001f543e4a87/230807/180528_528099_001f543e4a87.mp4,[]
2023-08-11,19:46:46.982396,/Users/anupreksha/Desktop/hoophouse2023/flowerPi/aug11backup/videos/001f543e4a87/230807/183119_341111_001f543e4a87.mp4,[]
2023-08-11,19:46:46.911904,/Users/anupreksha/Desktop/hoophouse2023/flowerPi/aug11backup/videos/001f543e4a87/230807/182925_339878_001f543e4a87.mp4,[]
2023-08-11,19:46:46.436056,/Users/anupreksha/Desktop/hoophouse2023/flowerPi/aug11backup/videos/001f543e4a87/230807/181033_929219_001f543e4a87.mp4,[]
2023-08-11,19:46:46.178691,/Users/anupreksha/Desktop/hoophouse2023/flowerPi/aug11backup/videos/001f543e4a87/230807/180512_530984_001f543e4a87.mp4,[]
2023-08-11,19:46:46.224190,/Users/anupreksha/Desktop/hoophouse2023/flowerPi/aug11backup/videos/001f543e4a87/230807/180610_528243_001f543e4a87.mp4,[]
2023-08-11,19:46:46.214592,/Users/anupreksha/Desktop/hoophouse2023/flowerPi/aug11backup/videos/001f543e4a87/230807/180548_530653_001f543e4a87.mp4,[]
2023-08-11,19:46:46.146285,/Users/anupreksha/Desktop/hoophouse2023/flowerPi/aug11backup/videos/001f543e4a87/230807/180420_328328_001f543e4a87.mp4,[]
2023-08-11,19:46:46.333729,/Users/anupreksha/Desktop/hoophouse2023/flowerPi/aug11backup/videos/001f543e4a87/230807/180824_533458_001f543e4a87.mp4,[]
2023-08-11,19:46:46.697394,/Users/anupreksha/Desktop/hoophouse2023/flowerPi/aug11backup/videos/001f543e4a87/230807/182043_132113_001f543e4a87.mp4,[]
2023-08-11,19:46:46.466552,/Users/anupreksha/Desktop/hoophouse2023/flowerPi/aug11backup/videos/001f543e4a87/230807/181230_131428_001f543e4a87.mp4,[]
2023-08-11,19:46:46.676622,/Users/anupreksha/Desktop/hoophouse2023/flowerPi/aug11backup/videos/001f543e4a87/230807/181748_132818_001f543e4a87.mp4,[]
2023-08-11,19:46:46.842652,/Users/anupreksha/Desktop/hoophouse2023/flowerPi/aug11backup/videos/001f543e4a87/230807/182606_346026_001f543e4a87.mp4,[]
2023-08-11,19:46:46.726596,/Users/anupreksha/Desktop/hoophouse2023/flowerPi/aug11backup/videos/001f543e4a87/230807/182120_132729_001f543e4a87.mp4,[]
2023-08-11,19:46:46.933592,/Users/anupreksha/Desktop/hoophouse2023/flowerPi/aug11backup/videos/001f543e4a87/230807/182949_341711_001f543e4a87.mp4,[]
2023-08-11,19:46:46.601466,/Users/anupreksha/Desktop/hoophouse2023/flowerPi/aug11backup/videos/001f543e4a87/230807/181520_133320_001f543e4a87.mp4,[]
2023-08-11,19:46:46.070993,/Users/anupreksha/Desktop/hoophouse2023/flowerPi/aug11backup/videos/001f543e4a87/230807/180212_532985_001f543e4a87.mp4,[]
2023-08-11,19:46:45.980270,/Users/anupreksha/Desktop/hoophouse2023/flowerPi/aug11backup/videos/001f543e4a87/230807/180026_468541_001f543e4a87.mp4,[]
2023-08-11,19:46:45.904133,/Users/anupreksha/Desktop/hoophouse2023/flowerPi/aug11backup/videos/001f543e4a87/230807/174431_065162_001f543e4a87.mp4,[]
2023-08-11,19:46:46.107638,/Users/anupreksha/Desktop/hoophouse2023/flowerPi/aug11backup/videos/001f543e4a87/230807/180311_930678_001f543e4a87.mp4,[]
2023-08-11,19:46:46.246989,/Users/anupreksha/Desktop/hoophouse2023/flowerPi/aug11backup/videos/001f543e4a87/230807/180628_529377_001f543e4a87.mp4,[]
2023-08-11,19:46:46.005694,/Users/anupreksha/Desktop/hoophouse2023/flowerPi/aug11backup/videos/001f543e4a87/230807/180039_526711_001f543e4a87.mp4,[]
2023-08-11,19:46:46.639522,/Users/anupreksha/Desktop/hoophouse2023/flowerPi/aug11backup/videos/001f543e4a87/230807/181640_134050_001f543e4a87.mp4,[]
2023-08-11,19:46:46.088803,/Users/anupreksha/Desktop/hoophouse2023/flowerPi/aug11backup/videos/001f543e4a87/230807/180236_668300_001f543e4a87.mp4,[]
2023-08-11,19:46:46.615422,/Users/anupreksha/Desktop/hoophouse2023/flowerPi/aug11backup/videos/001f543e4a87/230807/181532_133792_001f543e4a87.mp4,[]
2023-08-11,19:46:46.401853,/Users/anupreksha/Desktop/hoophouse2023/flowerPi/aug11backup/videos/001f543e4a87/230807/180950_728917_001f543e4a87.mp4,[]
2023-08-11,19:46:47.034209,/Users/anupreksha/Desktop/hoophouse2023/flowerPi/aug11backup/videos/001f543e4a87/230807/183316_336702_001f543e4a87.mp4,[]
2023-08-11,19:46:46.949016,/Users/anupreksha/Desktop/hoophouse2023/flowerPi/aug11backup/videos/001f543e4a87/230807/183016_336497_001f543e4a87.mp4,[]
2023-08-11,19:46:46.831174,/Users/anupreksha/Desktop/hoophouse2023/flowerPi/aug11backup/videos/001f543e4a87/230807/182547_350617_001f543e4a87.mp4,[]
2023-08-11,19:46:46.476994,/Users/anupreksha/Desktop/hoophouse2023/flowerPi/aug11backup/videos/001f543e4a87/230807/181257_130385_001f543e4a87.mp4,[]
2023-08-11,19:45:56.619506,/Users/anupreksha/Desktop/hoophouse2023/flowerPi/aug11backup/videos/001f543e42a5/230809/041705_679457_001f543e42a5.mp4,[]
2023-08-11,19:45:46.690004,/Users/anupreksha/Desktop/hoophouse2023/flowerPi/aug11backup/videos/001f543e42a5/230809/000818_012768_001f543e42a5.mp4,[]
2023-08-11,19:46:08.468414,/Users/anupreksha/Desktop/hoophouse2023/flowerPi/aug11backup/videos/001f543e42a5/230809/112037_982007_001f543e42a5.mp4,[]
2023-08-11,19:46:08.548617,/Users/anupreksha/Desktop/hoophouse2023/flowerPi/aug11backup/videos/001f543e42a5/230809/112258_975051_001f543e42a5.mp4,[]
2023-08-11,19:45:59.439747,/Users/anupreksha/Desktop/hoophouse2023/flowerPi/aug11backup/videos/001f543e42a5/230809/050102_673775_001f543e42a5.mp4,[]
2023-08-11,19:45:48.597719,/Users/anupreksha/Desktop/hoophouse2023/flowerPi/aug11backup/videos/001f543e42a5/230809/012649_829118_001f543e42a5.mp4,[]
2023-08-11,19:45:54.328248,/Users/anupreksha/Desktop/hoophouse2023/flowerPi/aug11backup/videos/001f543e42a5/230809/031707_654673_001f543e42a5.mp4,[437]
2023-08-11,19:45:59.570903,/Users/anupreksha/Desktop/hoophouse2023/flowerPi/aug11backup/videos/001f543e42a5/230809/050551_675088_001f543e42a5.mp4,[]
2023-08-11,19:45:51.886007,/Users/anupreksha/Desktop/hoophouse2023/flowerPi/aug11backup/videos/001f543e42a5/230809/022825_641469_001f543e42a5.mp4,[]
2023-08-11,19:45:50.373164,/Users/anupreksha/Desktop/hoophouse2023/flowerPi/aug11backup/videos/001f543e42a5/230809/021717_640988_001f543e42a5.mp4,[]
2023-08-11,19:46:02.227343,/Users/anupreksha/Desktop/hoophouse2023/flowerPi/aug11backup/videos/001f543e42a5/230809/102645_957987_001f543e42a5.mp4,[]
2023-08-11,19:45:51.855774,/Users/anupreksha/Desktop/hoophouse2023/flowerPi/aug11backup/videos/001f543e42a5/230809/022708_643152_001f543e42a5.mp4,[]
2023-08-11,19:46:08.784210,/Users/anupreksha/Desktop/hoophouse2023/flowerPi/aug11backup/videos/001f543e42a5/230809/112913_578135_001f543e42a5.mp4,[]
2023-08-11,19:45:59.640243,/Users/anupreksha/Desktop/hoophouse2023/flowerPi/aug11backup/videos/001f543e42a5/230809/050907_683365_001f543e42a5.mp4,[]
2023-08-11,19:46:02.346705,/Users/anupreksha/Desktop/hoophouse2023/flowerPi/aug11backup/videos/001f543e42a5/230809/103922_165328_001f543e42a5.mp4,[]
2023-08-11,19:45:50.165714,/Users/anupreksha/Desktop/hoophouse2023/flowerPi/aug11backup/videos/001f543e42a5/230809/020547_634947_001f543e42a5.mp4,[]
2023-08-11,19:46:01.783551,/Users/anupreksha/Desktop/hoophouse2023/flowerPi/aug11backup/videos/001f543e42a5/230809/051535_877470_001f543e42a5.mp4,[]
2023-08-11,19:45:49.975261,/Users/anupreksha/Desktop/hoophouse2023/flowerPi/aug11backup/videos/001f543e42a5/230809/015615_635936_001f543e42a5.mp4,[]
2023-08-11,19:45:54.496167,/Users/anupreksha/Desktop/hoophouse2023/flowerPi/aug11backup/videos/001f543e42a5/230809/035109_667317_001f543e42a5.mp4,[]
2023-08-11,19:45:59.280991,/Users/anupreksha/Desktop/hoophouse2023/flowerPi/aug11backup/videos/001f543e42a5/230809/045417_672199_001f543e42a5.mp4,[]
2023-08-11,19:46:16.358856,/Users/anupreksha/Desktop/hoophouse2023/flowerPi/aug11backup/videos/001f543e42a5/230809/124133_395175_001f543e42a5.mp4,"[283, 283, 283, 283, 283, 283]"
2023-08-11,19:46:05.049694,/Users/anupreksha/Desktop/hoophouse2023/flowerPi/aug11backup/videos/001f543e42a5/230809/104708_496175_001f543e42a5.mp4,[]
2023-08-11,19:45:50.196844,/Users/anupreksha/Desktop/hoophouse2023/flowerPi/aug11backup/videos/001f543e42a5/230809/020701_638539_001f543e42a5.mp4,[]
2023-08-11,19:45:51.979150,/Users/anupreksha/Desktop/hoophouse2023/flowerPi/aug11backup/videos/001f543e42a5/230809/023533_648327_001f543e42a5.mp4,[]
2023-08-11,19:45:51.948748,/Users/anupreksha/Desktop/hoophouse2023/flowerPi/aug11backup/videos/001f543e42a5/230809/023359_640722_001f543e42a5.mp4,[]
2023-08-11,19:45:56.791307,/Users/anupreksha/Desktop/hoophouse2023/flowerPi/aug11backup/videos/001f543e42a5/230809/042557_666830_001f543e42a5.mp4,[]
2023-08-11,19:45:52.099132,/Users/anupreksha/Desktop/hoophouse2023/flowerPi/aug11backup/videos/001f543e42a5/230809/024539_651365_001f543e42a5.mp4,[]
2023-08-11,19:46:16.144504,/Users/anupreksha/Desktop/hoophouse2023/flowerPi/aug11backup/videos/001f543e42a5/230809/123226_187567_001f543e42a5.mp4,[653]
2023-08-11,19:45:59.597050,/Users/anupreksha/Desktop/hoophouse2023/flowerPi/aug11backup/videos/001f543e42a5/230809/050719_675864_001f543e42a5.mp4,[]
2023-08-11,19:46:08.882007,/Users/anupreksha/Desktop/hoophouse2023/flowerPi/aug11backup/videos/001f543e42a5/230809/113153_378964_001f543e42a5.mp4,[]
2023-08-11,19:46:12.199181,/Users/anupreksha/Desktop/hoophouse2023/flowerPi/aug11backup/videos/001f543e42a5/230809/115639_576924_001f543e42a5.mp4,[]
2023-08-11,19:45:54.549326,/Users/anupreksha/Desktop/hoophouse2023/flowerPi/aug11backup/videos/001f543e42a5/230809/035604_667304_001f543e42a5.mp4,[]
2023-08-11,19:46:05.005897,/Users/anupreksha/Desktop/hoophouse2023/flowerPi/aug11backup/videos/001f543e42a5/230809/104524_361240_001f543e42a5.mp4,[]
2023-08-11,19:45:56.901358,/Users/anupreksha/Desktop/hoophouse2023/flowerPi/aug11backup/videos/001f543e42a5/230809/043047_674515_001f543e42a5.mp4,[]
2023-08-11,19:46:05.123388,/Users/anupreksha/Desktop/hoophouse2023/flowerPi/aug11backup/videos/001f543e42a5/230809/104907_785849_001f543e42a5.mp4,[]
2023-08-11,19:46:02.380661,/Users/anupreksha/Desktop/hoophouse2023/flowerPi/aug11backup/videos/001f543e42a5/230809/104134_170242_001f543e42a5.mp4,[]
2023-08-11,19:46:02.291762,/Users/anupreksha/Desktop/hoophouse2023/flowerPi/aug11backup/videos/001f543e42a5/230809/103515_091159_001f543e42a5.mp4,[]
2023-08-11,19:46:08.450702,/Users/anupreksha/Desktop/hoophouse2023/flowerPi/aug11backup/videos/001f543e42a5/230809/112019_984557_001f543e42a5.mp4,[]
2023-08-11,19:45:54.409628,/Users/anupreksha/Desktop/hoophouse2023/flowerPi/aug11backup/videos/001f543e42a5/230809/033551_658192_001f543e42a5.mp4,[]
2023-08-11,19:45:54.489576,/Users/anupreksha/Desktop/hoophouse2023/flowerPi/aug11backup/videos/001f543e42a5/230809/035049_665870_001f543e42a5.mp4,"[470, 470, 470, 470, 470]"
2023-08-11,19:45:51.988040,/Users/anupreksha/Desktop/hoophouse2023/flowerPi/aug11backup/videos/001f543e42a5/230809/023555_645867_001f543e42a5.mp4,[]
2023-08-11,19:45:46.613397,/Users/anupreksha/Desktop/hoophouse2023/flowerPi/aug11backup/videos/001f543e42a5/230809/000511_208431_001f543e42a5.mp4,"[422, 422, 422, 422, 422, 422, 422, 422]"
2023-08-11,19:45:56.518746,/Users/anupreksha/Desktop/hoophouse2023/flowerPi/aug11backup/videos/001f543e42a5/230809/041249_676446_001f543e42a5.mp4,[]
2023-08-11,19:46:05.023506,/Users/anupreksha/Desktop/hoophouse2023/flowerPi/aug11backup/videos/001f543e42a5/230809/104643_494485_001f543e42a5.mp4,[]
2023-08-11,19:46:15.937743,/Users/anupreksha/Desktop/hoophouse2023/flowerPi/aug11backup/videos/001f543e42a5/230809/122608_590370_001f543e42a5.mp4,[]
2023-08-11,19:46:17.176971,/Users/anupreksha/Desktop/hoophouse2023/flowerPi/aug11backup/videos/001f543e42a5/230809/132540_598215_001f543e42a5.mp4,[]
2023-08-11,19:45:51.914401,/Users/anupreksha/Desktop/hoophouse2023/flowerPi/aug11backup/videos/001f543e42a5/230809/023013_647392_001f543e42a5.mp4,[]
2023-08-11,19:46:09.117041,/Users/anupreksha/Desktop/hoophouse2023/flowerPi/aug11backup/videos/001f543e42a5/230809/113809_586240_001f543e42a5.mp4,[]
2023-08-11,19:46:09.376621,/Users/anupreksha/Desktop/hoophouse2023/flowerPi/aug11backup/videos/001f543e42a5/230809/114536_176209_001f543e42a5.mp4,[]
2023-08-11,19:46:08.911906,/Users/anupreksha/Desktop/hoophouse2023/flowerPi/aug11backup/videos/001f543e42a5/230809/113255_584006_001f543e42a5.mp4,[]
2023-08-11,19:45:52.149012,/Users/anupreksha/Desktop/hoophouse2023/flowerPi/aug11backup/videos/001f543e42a5/230809/024901_653698_001f543e42a5.mp4,[]
2023-08-11,19:46:05.926059,/Users/anupreksha/Desktop/hoophouse2023/flowerPi/aug11backup/videos/001f543e42a5/230809/111132_778113_001f543e42a5.mp4,[]
2023-08-11,19:45:54.372641,/Users/anupreksha/Desktop/hoophouse2023/flowerPi/aug11backup/videos/001f543e42a5/230809/032641_657850_001f543e42a5.mp4,[]
2023-08-11,19:46:16.271155,/Users/anupreksha/Desktop/hoophouse2023/flowerPi/aug11backup/videos/001f543e42a5/230809/123706_193044_001f543e42a5.mp4,[]
2023-08-11,19:46:01.916104,/Users/anupreksha/Desktop/hoophouse2023/flowerPi/aug11backup/videos/001f543e42a5/230809/052052_881160_001f543e42a5.mp4,[]
2023-08-11,19:46:08.568127,/Users/anupreksha/Desktop/hoophouse2023/flowerPi/aug11backup/videos/001f543e42a5/230809/112320_175138_001f543e42a5.mp4,[]
2023-08-11,19:46:05.553262,/Users/anupreksha/Desktop/hoophouse2023/flowerPi/aug11backup/videos/001f543e42a5/230809/110027_570851_001f543e42a5.mp4,[]
2023-08-11,19:46:01.825281,/Users/anupreksha/Desktop/hoophouse2023/flowerPi/aug11backup/videos/001f543e42a5/230809/051703_878105_001f543e42a5.mp4,[]
2023-08-11,19:45:56.626777,/Users/anupreksha/Desktop/hoophouse2023/flowerPi/aug11backup/videos/001f543e42a5/230809/041723_664550_001f543e42a5.mp4,[]
2023-08-11,19:45:54.278998,/Users/anupreksha/Desktop/hoophouse2023/flowerPi/aug11backup/videos/001f543e42a5/230809/031357_655419_001f543e42a5.mp4,[]
2023-08-11,19:46:16.288446,/Users/anupreksha/Desktop/hoophouse2023/flowerPi/aug11backup/videos/001f543e42a5/230809/123731_189018_001f543e42a5.mp4,[]
2023-08-11,19:45:56.867239,/Users/anupreksha/Desktop/hoophouse2023/flowerPi/aug11backup/videos/001f543e42a5/230809/042935_669029_001f543e42a5.mp4,[]
2023-08-11,19:45:59.000374,/Users/anupreksha/Desktop/hoophouse2023/flowerPi/aug11backup/videos/001f543e42a5/230809/044239_669355_001f543e42a5.mp4,[]
2023-08-11,19:45:59.454141,/Users/anupreksha/Desktop/hoophouse2023/flowerPi/aug11backup/videos/001f543e42a5/230809/050146_674890_001f543e42a5.mp4,[]
2023-08-11,19:46:15.376741,/Users/anupreksha/Desktop/hoophouse2023/flowerPi/aug11backup/videos/001f543e42a5/230809/121005_980974_001f543e42a5.mp4,[]
2023-08-11,19:45:54.335289,/Users/anupreksha/Desktop/hoophouse2023/flowerPi/aug11backup/videos/001f543e42a5/230809/031722_650349_001f543e42a5.mp4,[]
2023-08-11,19:45:46.710259,/Users/anupreksha/Desktop/hoophouse2023/flowerPi/aug11backup/videos/001f543e42a5/230809/000904_009357_001f543e42a5.mp4,[]
2023-08-11,19:46:05.462751,/Users/anupreksha/Desktop/hoophouse2023/flowerPi/aug11backup/videos/001f543e42a5/230809/105810_168641_001f543e42a5.mp4,[]
2023-08-11,19:45:59.648937,/Users/anupreksha/Desktop/hoophouse2023/flowerPi/aug11backup/videos/001f543e42a5/230809/050921_675923_001f543e42a5.mp4,[]
2023-08-11,19:46:04.996730,/Users/anupreksha/Desktop/hoophouse2023/flowerPi/aug11backup/videos/001f543e42a5/230809/104506_168220_001f543e42a5.mp4,[]
2023-08-11,19:45:51.832801,/Users/anupreksha/Desktop/hoophouse2023/flowerPi/aug11backup/videos/001f543e42a5/230809/022550_642545_001f543e42a5.mp4,[]
2023-08-11,19:46:17.195319,/Users/anupreksha/Desktop/hoophouse2023/flowerPi/aug11backup/videos/001f543e42a5/230809/133004_607566_001f543e42a5.mp4,[]
2023-08-11,19:45:50.405755,/Users/anupreksha/Desktop/hoophouse2023/flowerPi/aug11backup/videos/001f543e42a5/230809/021943_646294_001f543e42a5.mp4,[]
2023-08-11,19:45:56.498451,/Users/anupreksha/Desktop/hoophouse2023/flowerPi/aug11backup/videos/001f543e42a5/230809/041131_673535_001f543e42a5.mp4,[]
2023-08-11,19:45:50.452049,/Users/anupreksha/Desktop/hoophouse2023/flowerPi/aug11backup/videos/001f543e42a5/230809/022241_647235_001f543e42a5.mp4,[]
2023-08-11,19:45:54.652918,/Users/anupreksha/Desktop/hoophouse2023/flowerPi/aug11backup/videos/001f543e42a5/230809/040325_666766_001f543e42a5.mp4,[]
2023-08-11,19:45:48.104823,/Users/anupreksha/Desktop/hoophouse2023/flowerPi/aug11backup/videos/001f543e42a5/230809/002413_218706_001f543e42a5.mp4,[]
2023-08-11,19:46:05.014460,/Users/anupreksha/Desktop/hoophouse2023/flowerPi/aug11backup/videos/001f543e42a5/230809/104621_494660_001f543e42a5.mp4,[]
2023-08-11,19:45:49.897524,/Users/anupreksha/Desktop/hoophouse2023/flowerPi/aug11backup/videos/001f543e42a5/230809/014512_642137_001f543e42a5.mp4,[840]
2023-08-11,19:45:48.236549,/Users/anupreksha/Desktop/hoophouse2023/flowerPi/aug11backup/videos/001f543e42a5/230809/002948_215382_001f543e42a5.mp4,[]
2023-08-11,19:45:54.195146,/Users/anupreksha/Desktop/hoophouse2023/flowerPi/aug11backup/videos/001f543e42a5/230809/030921_648990_001f543e42a5.mp4,[]
2023-08-11,19:46:05.133575,/Users/anupreksha/Desktop/hoophouse2023/flowerPi/aug11backup/videos/001f543e42a5/230809/104936_766731_001f543e42a5.mp4,[]
2023-08-11,19:45:48.457969,/Users/anupreksha/Desktop/hoophouse2023/flowerPi/aug11backup/videos/001f543e42a5/230809/003840_416823_001f543e42a5.mp4,[]
2023-08-11,19:45:59.626213,/Users/anupreksha/Desktop/hoophouse2023/flowerPi/aug11backup/videos/001f543e42a5/230809/050831_678745_001f543e42a5.mp4,[]
2023-08-11,19:46:08.584066,/Users/anupreksha/Desktop/hoophouse2023/flowerPi/aug11backup/videos/001f543e42a5/230809/112354_174502_001f543e42a5.mp4,[]
2023-08-11,19:45:57.189230,/Users/anupreksha/Desktop/hoophouse2023/flowerPi/aug11backup/videos/001f543e42a5/230809/044213_669773_001f543e42a5.mp4,[]
2023-08-11,19:46:15.464087,/Users/anupreksha/Desktop/hoophouse2023/flowerPi/aug11backup/videos/001f543e42a5/230809/121224_515854_001f543e42a5.mp4,[]
2023-08-11,19:46:05.510711,/Users/anupreksha/Desktop/hoophouse2023/flowerPi/aug11backup/videos/001f543e42a5/230809/105929_372201_001f543e42a5.mp4,[]
2023-08-11,19:45:48.139235,/Users/anupreksha/Desktop/hoophouse2023/flowerPi/aug11backup/videos/001f543e42a5/230809/002531_214704_001f543e42a5.mp4,[]
2023-08-11,19:46:12.253145,/Users/anupreksha/Desktop/hoophouse2023/flowerPi/aug11backup/videos/001f543e42a5/230809/115759_579517_001f543e42a5.mp4,[]
2023-08-11,19:45:50.068431,/Users/anupreksha/Desktop/hoophouse2023/flowerPi/aug11backup/videos/001f543e42a5/230809/020113_635740_001f543e42a5.mp4,[]
2023-08-11,19:45:56.557854,/Users/anupreksha/Desktop/hoophouse2023/flowerPi/aug11backup/videos/001f543e42a5/230809/041421_663456_001f543e42a5.mp4,[]
2023-08-11,19:46:01.959320,/Users/anupreksha/Desktop/hoophouse2023/flowerPi/aug11backup/videos/001f543e42a5/230809/052229_879746_001f543e42a5.mp4,[]
2023-08-11,19:46:08.990366,/Users/anupreksha/Desktop/hoophouse2023/flowerPi/aug11backup/videos/001f543e42a5/230809/113525_975650_001f543e42a5.mp4,[]
2023-08-11,19:45:52.160577,/Users/anupreksha/Desktop/hoophouse2023/flowerPi/aug11backup/videos/001f543e42a5/230809/024914_654081_001f543e42a5.mp4,[]
2023-08-11,19:46:16.158099,/Users/anupreksha/Desktop/hoophouse2023/flowerPi/aug11backup/videos/001f543e42a5/230809/123240_187849_001f543e42a5.mp4,[653]
2023-08-11,19:45:50.019078,/Users/anupreksha/Desktop/hoophouse2023/flowerPi/aug11backup/videos/001f543e42a5/230809/015843_639443_001f543e42a5.mp4,[]
2023-08-11,19:46:05.911650,/Users/anupreksha/Desktop/hoophouse2023/flowerPi/aug11backup/videos/001f543e42a5/230809/111113_774113_001f543e42a5.mp4,[]
2023-08-11,19:46:05.536658,/Users/anupreksha/Desktop/hoophouse2023/flowerPi/aug11backup/videos/001f543e42a5/230809/110015_566442_001f543e42a5.mp4,[]
2023-08-11,19:45:59.632718,/Users/anupreksha/Desktop/hoophouse2023/flowerPi/aug11backup/videos/001f543e42a5/230809/050849_675844_001f543e42a5.mp4,[]
2023-08-11,19:45:52.177028,/Users/anupreksha/Desktop/hoophouse2023/flowerPi/aug11backup/videos/001f543e42a5/230809/025002_646734_001f543e42a5.mp4,[]
2023-08-11,19:46:15.951301,/Users/anupreksha/Desktop/hoophouse2023/flowerPi/aug11backup/videos/001f543e42a5/230809/122633_593774_001f543e42a5.mp4,[]
2023-08-11,19:46:09.304977,/Users/anupreksha/Desktop/hoophouse2023/flowerPi/aug11backup/videos/001f543e42a5/230809/114334_189321_001f543e42a5.mp4,[]
2023-08-11,19:46:05.723655,/Users/anupreksha/Desktop/hoophouse2023/flowerPi/aug11backup/videos/001f543e42a5/230809/110433_770197_001f543e42a5.mp4,[]
2023-08-11,19:45:52.433596,/Users/anupreksha/Desktop/hoophouse2023/flowerPi/aug11backup/videos/001f543e42a5/230809/030803_653381_001f543e42a5.mp4,[]
2023-08-11,19:45:56.731754,/Users/anupreksha/Desktop/hoophouse2023/flowerPi/aug11backup/videos/001f543e42a5/230809/042207_667972_001f543e42a5.mp4,[]
2023-08-11,19:45:51.928116,/Users/anupreksha/Desktop/hoophouse2023/flowerPi/aug11backup/videos/001f543e42a5/230809/023125_644329_001f543e42a5.mp4,[]
2023-08-11,19:45:56.812795,/Users/anupreksha/Desktop/hoophouse2023/flowerPi/aug11backup/videos/001f543e42a5/230809/042757_668611_001f543e42a5.mp4,[]
2023-08-11,19:45:48.244854,/Users/anupreksha/Desktop/hoophouse2023/flowerPi/aug11backup/videos/001f543e42a5/230809/003005_218209_001f543e42a5.mp4,[]
2023-08-11,19:46:09.180143,/Users/anupreksha/Desktop/hoophouse2023/flowerPi/aug11backup/videos/001f543e42a5/230809/113959_586128_001f543e42a5.mp4,[17]
2023-08-11,19:45:56.511938,/Users/anupreksha/Desktop/hoophouse2023/flowerPi/aug11backup/videos/001f543e42a5/230809/041235_664807_001f543e42a5.mp4,[]
2023-08-11,19:45:46.732850,/Users/anupreksha/Desktop/hoophouse2023/flowerPi/aug11backup/videos/001f543e42a5/230809/000949_011143_001f543e42a5.mp4,"[470, 470, 470]"
2023-08-11,19:46:01.766304,/Users/anupreksha/Desktop/hoophouse2023/flowerPi/aug11backup/videos/001f543e42a5/230809/051457_877427_001f543e42a5.mp4,"[17, 17, 17]"
2023-08-11,19:45:52.263350,/Users/anupreksha/Desktop/hoophouse2023/flowerPi/aug11backup/videos/001f543e42a5/230809/025828_656846_001f543e42a5.mp4,[]
2023-08-11,19:46:16.313864,/Users/anupreksha/Desktop/hoophouse2023/flowerPi/aug11backup/videos/001f543e42a5/230809/123827_186967_001f543e42a5.mp4,[]
2023-08-11,19:45:51.849176,/Users/anupreksha/Desktop/hoophouse2023/flowerPi/aug11backup/videos/001f543e42a5/230809/022635_640303_001f543e42a5.mp4,[]
2023-08-11,19:45:59.021763,/Users/anupreksha/Desktop/hoophouse2023/flowerPi/aug11backup/videos/001f543e42a5/230809/044336_673914_001f543e42a5.mp4,[]
2023-08-11,19:45:59.494724,/Users/anupreksha/Desktop/hoophouse2023/flowerPi/aug11backup/videos/001f543e42a5/230809/050253_675730_001f543e42a5.mp4,[]
2023-08-11,19:45:50.287142,/Users/anupreksha/Desktop/hoophouse2023/flowerPi/aug11backup/videos/001f543e42a5/230809/021210_639479_001f543e42a5.mp4,[]
2023-08-11,19:45:48.406592,/Users/anupreksha/Desktop/hoophouse2023/flowerPi/aug11backup/videos/001f543e42a5/230809/003627_414629_001f543e42a5.mp4,[]
2023-08-11,19:46:15.775043,/Users/anupreksha/Desktop/hoophouse2023/flowerPi/aug11backup/videos/001f543e42a5/230809/122145_583353_001f543e42a5.mp4,[]
2023-08-11,19:46:15.504104,/Users/anupreksha/Desktop/hoophouse2023/flowerPi/aug11backup/videos/001f543e42a5/230809/121327_515999_001f543e42a5.mp4,"[109, 683, 683]"
2023-08-11,19:45:54.350191,/Users/anupreksha/Desktop/hoophouse2023/flowerPi/aug11backup/videos/001f543e42a5/230809/031800_657302_001f543e42a5.mp4,[]
2023-08-11,19:45:52.369227,/Users/anupreksha/Desktop/hoophouse2023/flowerPi/aug11backup/videos/001f543e42a5/230809/030452_658954_001f543e42a5.mp4,[]
2023-08-11,19:45:51.964939,/Users/anupreksha/Desktop/hoophouse2023/flowerPi/aug11backup/videos/001f543e42a5/230809/023501_642529_001f543e42a5.mp4,[]
2023-08-11,19:46:01.736874,/Users/anupreksha/Desktop/hoophouse2023/flowerPi/aug11backup/videos/001f543e42a5/230809/051358_878994_001f543e42a5.mp4,[]
2023-08-11,19:45:48.466220,/Users/anupreksha/Desktop/hoophouse2023/flowerPi/aug11backup/videos/001f543e42a5/230809/003915_415308_001f543e42a5.mp4,[]
2023-08-11,19:45:59.517530,/Users/anupreksha/Desktop/hoophouse2023/flowerPi/aug11backup/videos/001f543e42a5/230809/050344_674582_001f543e42a5.mp4,[]
2023-08-11,19:45:54.526640,/Users/anupreksha/Desktop/hoophouse2023/flowerPi/aug11backup/videos/001f543e42a5/230809/035353_667776_001f543e42a5.mp4,[]
2023-08-11,19:46:16.844636,/Users/anupreksha/Desktop/hoophouse2023/flowerPi/aug11backup/videos/001f543e42a5/230809/124741_593217_001f543e42a5.mp4,[]
2023-08-11,19:45:59.272861,/Users/anupreksha/Desktop/hoophouse2023/flowerPi/aug11backup/videos/001f543e42a5/230809/045347_672204_001f543e42a5.mp4,[17]
2023-08-11,19:46:05.479598,/Users/anupreksha/Desktop/hoophouse2023/flowerPi/aug11backup/videos/001f543e42a5/230809/105837_177174_001f543e42a5.mp4,[]
2023-08-11,19:46:05.756006,/Users/anupreksha/Desktop/hoophouse2023/flowerPi/aug11backup/videos/001f543e42a5/230809/110522_772394_001f543e42a5.mp4,[]
2023-08-11,19:46:05.950720,/Users/anupreksha/Desktop/hoophouse2023/flowerPi/aug11backup/videos/001f543e42a5/230809/111205_776162_001f543e42a5.mp4,[]
2023-08-11,19:46:09.150824,/Users/anupreksha/Desktop/hoophouse2023/flowerPi/aug11backup/videos/001f543e42a5/230809/113907_586312_001f543e42a5.mp4,[]
2023-08-11,19:45:59.537043,/Users/anupreksha/Desktop/hoophouse2023/flowerPi/aug11backup/videos/001f543e42a5/230809/050437_675833_001f543e42a5.mp4,[]
2023-08-11,19:46:09.314083,/Users/anupreksha/Desktop/hoophouse2023/flowerPi/aug11backup/videos/001f543e42a5/230809/114358_185701_001f543e42a5.mp4,[]
2023-08-11,19:45:50.253240,/Users/anupreksha/Desktop/hoophouse2023/flowerPi/aug11backup/videos/001f543e42a5/230809/021007_638805_001f543e42a5.mp4,[]
2023-08-11,19:45:54.604777,/Users/anupreksha/Desktop/hoophouse2023/flowerPi/aug11backup/videos/001f543e42a5/230809/040115_673951_001f543e42a5.mp4,[]
2023-08-11,19:45:57.053394,/Users/anupreksha/Desktop/hoophouse2023/flowerPi/aug11backup/videos/001f543e42a5/230809/043657_670731_001f543e42a5.mp4,[]
2023-08-11,19:45:52.247853,/Users/anupreksha/Desktop/hoophouse2023/flowerPi/aug11backup/videos/001f543e42a5/230809/025718_648571_001f543e42a5.mp4,[]
2023-08-11,19:45:46.722383,/Users/anupreksha/Desktop/hoophouse2023/flowerPi/aug11backup/videos/001f543e42a5/230809/000922_020599_001f543e42a5.mp4,[]
2023-08-11,19:45:56.975584,/Users/anupreksha/Desktop/hoophouse2023/flowerPi/aug11backup/videos/001f543e42a5/230809/043334_667021_001f543e42a5.mp4,[]
2023-08-11,19:46:01.948752,/Users/anupreksha/Desktop/hoophouse2023/flowerPi/aug11backup/videos/001f543e42a5/230809/052159_878860_001f543e42a5.mp4,[]
2023-08-11,19:45:54.595007,/Users/anupreksha/Desktop/hoophouse2023/flowerPi/aug11backup/videos/001f543e42a5/230809/040058_666590_001f543e42a5.mp4,[]
2023-08-11,19:46:01.793384,/Users/anupreksha/Desktop/hoophouse2023/flowerPi/aug11backup/videos/001f543e42a5/230809/051557_877474_001f543e42a5.mp4,[]
2023-08-11,19:46:02.157307,/Users/anupreksha/Desktop/hoophouse2023/flowerPi/aug11backup/videos/001f543e42a5/230809/092823_750952_001f543e42a5.mp4,[]
2023-08-11,19:45:52.083978,/Users/anupreksha/Desktop/hoophouse2023/flowerPi/aug11backup/videos/001f543e42a5/230809/024336_645367_001f543e42a5.mp4,[]
2023-08-11,19:45:52.201162,/Users/anupreksha/Desktop/hoophouse2023/flowerPi/aug11backup/videos/001f543e42a5/230809/025146_645180_001f543e42a5.mp4,[]
2023-08-11,19:45:46.860771,/Users/anupreksha/Desktop/hoophouse2023/flowerPi/aug11backup/videos/001f543e42a5/230809/001448_209793_001f543e42a5.mp4,[]
2023-08-11,19:45:50.090393,/Users/anupreksha/Desktop/hoophouse2023/flowerPi/aug11backup/videos/001f543e42a5/230809/020212_633286_001f543e42a5.mp4,[]
2023-08-11,19:46:09.069129,/Users/anupreksha/Desktop/hoophouse2023/flowerPi/aug11backup/videos/001f543e42a5/230809/113657_384230_001f543e42a5.mp4,[]
2023-08-11,19:45:59.227771,/Users/anupreksha/Desktop/hoophouse2023/flowerPi/aug11backup/videos/001f543e42a5/230809/045205_671852_001f543e42a5.mp4,[]
2023-08-11,19:46:05.603819,/Users/anupreksha/Desktop/hoophouse2023/flowerPi/aug11backup/videos/001f543e42a5/230809/110123_569231_001f543e42a5.mp4,[]
2023-08-11,19:45:51.934800,/Users/anupreksha/Desktop/hoophouse2023/flowerPi/aug11backup/videos/001f543e42a5/230809/023220_646934_001f543e42a5.mp4,[]
2023-08-11,19:45:50.380023,/Users/anupreksha/Desktop/hoophouse2023/flowerPi/aug11backup/videos/001f543e42a5/230809/021757_639256_001f543e42a5.mp4,[]
2023-08-11,19:46:17.090938,/Users/anupreksha/Desktop/hoophouse2023/flowerPi/aug11backup/videos/001f543e42a5/230809/131822_414300_001f543e42a5.mp4,[]
2023-08-11,19:46:02.269804,/Users/anupreksha/Desktop/hoophouse2023/flowerPi/aug11backup/videos/001f543e42a5/230809/103444_093256_001f543e42a5.mp4,[]
2023-08-11,19:45:57.085708,/Users/anupreksha/Desktop/hoophouse2023/flowerPi/aug11backup/videos/001f543e42a5/230809/043806_668507_001f543e42a5.mp4,[]
2023-08-11,19:45:48.369778,/Users/anupreksha/Desktop/hoophouse2023/flowerPi/aug11backup/videos/001f543e42a5/230809/003437_416155_001f543e42a5.mp4,[]
2023-08-11,19:46:16.262806,/Users/anupreksha/Desktop/hoophouse2023/flowerPi/aug11backup/videos/001f543e42a5/230809/123635_186953_001f543e42a5.mp4,[]
2023-08-11,19:45:54.455194,/Users/anupreksha/Desktop/hoophouse2023/flowerPi/aug11backup/videos/001f543e42a5/230809/034923_661992_001f543e42a5.mp4,[]
2023-08-11,19:46:12.372507,/Users/anupreksha/Desktop/hoophouse2023/flowerPi/aug11backup/videos/001f543e42a5/230809/120105_578972_001f543e42a5.mp4,[]
2023-08-11,19:46:06.004635,/Users/anupreksha/Desktop/hoophouse2023/flowerPi/aug11backup/videos/001f543e42a5/230809/111401_779431_001f543e42a5.mp4,[]
2023-08-11,19:45:46.659162,/Users/anupreksha/Desktop/hoophouse2023/flowerPi/aug11backup/videos/001f543e42a5/230809/000713_813325_001f543e42a5.mp4,[]
2023-08-11,19:46:02.027764,/Users/anupreksha/Desktop/hoophouse2023/flowerPi/aug11backup/videos/001f543e42a5/230809/052521_881132_001f543e42a5.mp4,[]
2023-08-11,19:45:56.923959,/Users/anupreksha/Desktop/hoophouse2023/flowerPi/aug11backup/videos/001f543e42a5/230809/043133_666968_001f543e42a5.mp4,[]
2023-08-11,19:45:57.134287,/Users/anupreksha/Desktop/hoophouse2023/flowerPi/aug11backup/videos/001f543e42a5/230809/044012_669125_001f543e42a5.mp4,[]
2023-08-11,19:46:05.445897,/Users/anupreksha/Desktop/hoophouse2023/flowerPi/aug11backup/videos/001f543e42a5/230809/105749_168931_001f543e42a5.mp4,[]
2023-08-11,19:45:50.097731,/Users/anupreksha/Desktop/hoophouse2023/flowerPi/aug11backup/videos/001f543e42a5/230809/020233_634856_001f543e42a5.mp4,[]
2023-08-11,19:45:54.209815,/Users/anupreksha/Desktop/hoophouse2023/flowerPi/aug11backup/videos/001f543e42a5/230809/031002_658266_001f543e42a5.mp4,[]
2023-08-11,19:46:15.674614,/Users/anupreksha/Desktop/hoophouse2023/flowerPi/aug11backup/videos/001f543e42a5/230809/121841_584435_001f543e42a5.mp4,[]
2023-08-11,19:45:56.550550,/Users/anupreksha/Desktop/hoophouse2023/flowerPi/aug11backup/videos/001f543e42a5/230809/041409_664105_001f543e42a5.mp4,[]
2023-08-11,19:46:05.375768,/Users/anupreksha/Desktop/hoophouse2023/flowerPi/aug11backup/videos/001f543e42a5/230809/105551_974154_001f543e42a5.mp4,"[587, 587, 587, 587]"
2023-08-11,19:45:51.862772,/Users/anupreksha/Desktop/hoophouse2023/flowerPi/aug11backup/videos/001f543e42a5/230809/022719_643105_001f543e42a5.mp4,[]
2023-08-11,19:45:54.379885,/Users/anupreksha/Desktop/hoophouse2023/flowerPi/aug11backup/videos/001f543e42a5/230809/032810_655540_001f543e42a5.mp4,[]
2023-08-11,19:45:54.174098,/Users/anupreksha/Desktop/hoophouse2023/flowerPi/aug11backup/videos/001f543e42a5/230809/030838_651589_001f543e42a5.mp4,[]
2023-08-11,19:46:12.391405,/Users/anupreksha/Desktop/hoophouse2023/flowerPi/aug11backup/videos/001f543e42a5/230809/120147_579286_001f543e42a5.mp4,[]
2023-08-11,19:45:48.536061,/Users/anupreksha/Desktop/hoophouse2023/flowerPi/aug11backup/videos/001f543e42a5/230809/004431_421765_001f543e42a5.mp4,[]
2023-08-11,19:45:52.193752,/Users/anupreksha/Desktop/hoophouse2023/flowerPi/aug11backup/videos/001f543e42a5/230809/025113_646578_001f543e42a5.mp4,[]
2023-08-11,19:45:59.477298,/Users/anupreksha/Desktop/hoophouse2023/flowerPi/aug11backup/videos/001f543e42a5/230809/050221_674935_001f543e42a5.mp4,[]
2023-08-11,19:46:15.804938,/Users/anupreksha/Desktop/hoophouse2023/flowerPi/aug11backup/videos/001f543e42a5/230809/122230_592682_001f543e42a5.mp4,[190]
2023-08-11,19:46:09.165220,/Users/anupreksha/Desktop/hoophouse2023/flowerPi/aug11backup/videos/001f543e42a5/230809/113934_580429_001f543e42a5.mp4,[653]
2023-08-11,19:45:54.292511,/Users/anupreksha/Desktop/hoophouse2023/flowerPi/aug11backup/videos/001f543e42a5/230809/031508_666854_001f543e42a5.mp4,[]
2023-08-11,19:45:56.676466,/Users/anupreksha/Desktop/hoophouse2023/flowerPi/aug11backup/videos/001f543e42a5/230809/041913_677565_001f543e42a5.mp4,[]
2023-08-11,19:45:59.322265,/Users/anupreksha/Desktop/hoophouse2023/flowerPi/aug11backup/videos/001f543e42a5/230809/045613_674812_001f543e42a5.mp4,[]
2023-08-11,19:46:16.787128,/Users/anupreksha/Desktop/hoophouse2023/flowerPi/aug11backup/videos/001f543e42a5/230809/124511_592696_001f543e42a5.mp4,[]
2023-08-11,19:46:12.635238,/Users/anupreksha/Desktop/hoophouse2023/flowerPi/aug11backup/videos/001f543e42a5/230809/120811_979632_001f543e42a5.mp4,[]
2023-08-11,19:46:09.085383,/Users/anupreksha/Desktop/hoophouse2023/flowerPi/aug11backup/videos/001f543e42a5/230809/113723_382057_001f543e42a5.mp4,[]
2023-08-11,19:46:08.733683,/Users/anupreksha/Desktop/hoophouse2023/flowerPi/aug11backup/videos/001f543e42a5/230809/112748_582709_001f543e42a5.mp4,"[37, 37, 37, 37]"
2023-08-11,19:45:48.097853,/Users/anupreksha/Desktop/hoophouse2023/flowerPi/aug11backup/videos/001f543e42a5/230809/002356_217283_001f543e42a5.mp4,[]
2023-08-11,19:45:56.874238,/Users/anupreksha/Desktop/hoophouse2023/flowerPi/aug11backup/videos/001f543e42a5/230809/042951_670169_001f543e42a5.mp4,[]
2023-08-11,19:46:02.250059,/Users/anupreksha/Desktop/hoophouse2023/flowerPi/aug11backup/videos/001f543e42a5/230809/103034_967915_001f543e42a5.mp4,[]
2023-08-11,19:45:51.941712,/Users/anupreksha/Desktop/hoophouse2023/flowerPi/aug11backup/videos/001f543e42a5/230809/023326_648067_001f543e42a5.mp4,[]
2023-08-11,19:46:02.074884,/Users/anupreksha/Desktop/hoophouse2023/flowerPi/aug11backup/videos/001f543e42a5/230809/052705_883543_001f543e42a5.mp4,[]
2023-08-11,19:46:05.835733,/Users/anupreksha/Desktop/hoophouse2023/flowerPi/aug11backup/videos/001f543e42a5/230809/110750_772960_001f543e42a5.mp4,[]
2023-08-11,19:45:52.217858,/Users/anupreksha/Desktop/hoophouse2023/flowerPi/aug11backup/videos/001f543e42a5/230809/025243_645107_001f543e42a5.mp4,[]
2023-08-11,19:46:08.493238,/Users/anupreksha/Desktop/hoophouse2023/flowerPi/aug11backup/videos/001f543e42a5/230809/112142_975290_001f543e42a5.mp4,[]
2023-08-11,19:46:05.342747,/Users/anupreksha/Desktop/hoophouse2023/flowerPi/aug11backup/videos/001f543e42a5/230809/105507_804277_001f543e42a5.mp4,[]
2023-08-11,19:45:48.063093,/Users/anupreksha/Desktop/hoophouse2023/flowerPi/aug11backup/videos/001f543e42a5/230809/002209_012907_001f543e42a5.mp4,[]
2023-08-11,19:46:05.175790,/Users/anupreksha/Desktop/hoophouse2023/flowerPi/aug11backup/videos/001f543e42a5/230809/105039_766845_001f543e42a5.mp4,[]
2023-08-11,19:46:05.892413,/Users/anupreksha/Desktop/hoophouse2023/flowerPi/aug11backup/videos/001f543e42a5/230809/110931_772561_001f543e42a5.mp4,[]
2023-08-11,19:45:48.474377,/Users/anupreksha/Desktop/hoophouse2023/flowerPi/aug11backup/videos/001f543e42a5/230809/003942_416017_001f543e42a5.mp4,[]
2023-08-11,19:45:52.025154,/Users/anupreksha/Desktop/hoophouse2023/flowerPi/aug11backup/videos/001f543e42a5/230809/023813_646092_001f543e42a5.mp4,[]
2023-08-11,19:46:16.121408,/Users/anupreksha/Desktop/hoophouse2023/flowerPi/aug11backup/videos/001f543e42a5/230809/123140_186249_001f543e42a5.mp4,[692]
2023-08-11,19:45:50.115129,/Users/anupreksha/Desktop/hoophouse2023/flowerPi/aug11backup/videos/001f543e42a5/230809/020353_639309_001f543e42a5.mp4,[]
2023-08-11,19:45:49.840406,/Users/anupreksha/Desktop/hoophouse2023/flowerPi/aug11backup/videos/001f543e42a5/230809/012707_836544_001f543e42a5.mp4,[]
2023-08-11,19:45:59.375061,/Users/anupreksha/Desktop/hoophouse2023/flowerPi/aug11backup/videos/001f543e42a5/230809/045751_673150_001f543e42a5.mp4,[]
2023-08-11,19:45:57.155610,/Users/anupreksha/Desktop/hoophouse2023/flowerPi/aug11backup/videos/001f543e42a5/230809/044053_674448_001f543e42a5.mp4,[]
2023-08-11,19:46:05.290727,/Users/anupreksha/Desktop/hoophouse2023/flowerPi/aug11backup/videos/001f543e42a5/230809/105345_766525_001f543e42a5.mp4,[]
2023-08-11,19:46:05.392353,/Users/anupreksha/Desktop/hoophouse2023/flowerPi/aug11backup/videos/001f543e42a5/230809/105615_976209_001f543e42a5.mp4,[]
2023-08-11,19:45:46.875622,/Users/anupreksha/Desktop/hoophouse2023/flowerPi/aug11backup/videos/001f543e42a5/230809/001531_409739_001f543e42a5.mp4,[]
2023-08-11,19:46:15.981726,/Users/anupreksha/Desktop/hoophouse2023/flowerPi/aug11backup/videos/001f543e42a5/230809/122725_720638_001f543e42a5.mp4,[]
2023-08-11,19:46:02.056437,/Users/anupreksha/Desktop/hoophouse2023/flowerPi/aug11backup/videos/001f543e42a5/230809/052615_882805_001f543e42a5.mp4,[]
2023-08-11,19:46:17.036268,/Users/anupreksha/Desktop/hoophouse2023/flowerPi/aug11backup/videos/001f543e42a5/230809/130619_404119_001f543e42a5.mp4,[683]
2023-08-11,19:45:59.190868,/Users/anupreksha/Desktop/hoophouse2023/flowerPi/aug11backup/videos/001f543e42a5/230809/045045_671558_001f543e42a5.mp4,[]
2023-08-11,19:45:56.505376,/Users/anupreksha/Desktop/hoophouse2023/flowerPi/aug11backup/videos/001f543e42a5/230809/041155_671105_001f543e42a5.mp4,[]
2023-08-11,19:45:56.650900,/Users/anupreksha/Desktop/hoophouse2023/flowerPi/aug11backup/videos/001f543e42a5/230809/041813_665755_001f543e42a5.mp4,[]
2023-08-11,19:45:59.718603,/Users/anupreksha/Desktop/hoophouse2023/flowerPi/aug11backup/videos/001f543e42a5/230809/051222_880358_001f543e42a5.mp4,[]
2023-08-11,19:45:50.419616,/Users/anupreksha/Desktop/hoophouse2023/flowerPi/aug11backup/videos/001f543e42a5/230809/022035_642570_001f543e42a5.mp4,[]
2023-08-11,19:45:47.978083,/Users/anupreksha/Desktop/hoophouse2023/flowerPi/aug11backup/videos/001f543e42a5/230809/001839_612472_001f543e42a5.mp4,[470]
2023-08-11,19:45:46.785180,/Users/anupreksha/Desktop/hoophouse2023/flowerPi/aug11backup/videos/001f543e42a5/230809/001144_010052_001f543e42a5.mp4,[]
2023-08-11,19:46:06.050810,/Users/anupreksha/Desktop/hoophouse2023/flowerPi/aug11backup/videos/001f543e42a5/230809/111610_773127_001f543e42a5.mp4,[]
2023-08-11,19:45:52.388104,/Users/anupreksha/Desktop/hoophouse2023/flowerPi/aug11backup/videos/001f543e42a5/230809/030551_650625_001f543e42a5.mp4,[]
2023-08-11,19:46:02.422538,/Users/anupreksha/Desktop/hoophouse2023/flowerPi/aug11backup/videos/001f543e42a5/230809/104336_166518_001f543e42a5.mp4,[]
2023-08-11,19:46:08.975059,/Users/anupreksha/Desktop/hoophouse2023/flowerPi/aug11backup/videos/001f543e42a5/230809/113452_908771_001f543e42a5.mp4,[]
2023-08-11,19:46:16.167785,/Users/anupreksha/Desktop/hoophouse2023/flowerPi/aug11backup/videos/001f543e42a5/230809/123304_186938_001f543e42a5.mp4,[]
2023-08-11,19:46:05.165161,/Users/anupreksha/Desktop/hoophouse2023/flowerPi/aug11backup/videos/001f543e42a5/230809/105012_772648_001f543e42a5.mp4,[]
2023-08-11,19:45:56.699677,/Users/anupreksha/Desktop/hoophouse2023/flowerPi/aug11backup/videos/001f543e42a5/230809/042015_665316_001f543e42a5.mp4,[]
2023-08-11,19:46:09.133790,/Users/anupreksha/Desktop/hoophouse2023/flowerPi/aug11backup/videos/001f543e42a5/230809/113834_590895_001f543e42a5.mp4,[]
2023-08-11,19:46:01.773653,/Users/anupreksha/Desktop/hoophouse2023/flowerPi/aug11backup/videos/001f543e42a5/230809/051521_878144_001f543e42a5.mp4,[]
2023-08-11,19:45:51.907699,/Users/anupreksha/Desktop/hoophouse2023/flowerPi/aug11backup/videos/001f543e42a5/230809/022930_640671_001f543e42a5.mp4,[]
2023-08-11,19:45:59.209648,/Users/anupreksha/Desktop/hoophouse2023/flowerPi/aug11backup/videos/001f543e42a5/230809/045129_671595_001f543e42a5.mp4,[]
2023-08-11,19:45:50.279879,/Users/anupreksha/Desktop/hoophouse2023/flowerPi/aug11backup/videos/001f543e42a5/230809/021153_643102_001f543e42a5.mp4,[396]
2023-08-11,19:46:02.438143,/Users/anupreksha/Desktop/hoophouse2023/flowerPi/aug11backup/videos/001f543e42a5/230809/104406_163139_001f543e42a5.mp4,[]
2023-08-11,19:45:54.217354,/Users/anupreksha/Desktop/hoophouse2023/flowerPi/aug11backup/videos/001f543e42a5/230809/031019_660730_001f543e42a5.mp4,[]
2023-08-11,19:45:54.787251,/Users/anupreksha/Desktop/hoophouse2023/flowerPi/aug11backup/videos/001f543e42a5/230809/041047_662735_001f543e42a5.mp4,"[17, 17, 17, 17, 17]"
2023-08-11,19:45:54.365540,/Users/anupreksha/Desktop/hoophouse2023/flowerPi/aug11backup/videos/001f543e42a5/230809/032030_664360_001f543e42a5.mp4,[]
2023-08-11,19:45:54.706573,/Users/anupreksha/Desktop/hoophouse2023/flowerPi/aug11backup/videos/001f543e42a5/230809/040553_663562_001f543e42a5.mp4,[]
2023-08-11,19:45:50.189337,/Users/anupreksha/Desktop/hoophouse2023/flowerPi/aug11backup/videos/001f543e42a5/230809/020645_637871_001f543e42a5.mp4,[]
2023-08-11,19:45:46.511119,/Users/anupreksha/Desktop/hoophouse2023/flowerPi/aug11backup/videos/001f543e42a5/230809/000122_007852_001f543e42a5.mp4,[]
2023-08-11,19:45:52.114192,/Users/anupreksha/Desktop/hoophouse2023/flowerPi/aug11backup/videos/001f543e42a5/230809/024632_644059_001f543e42a5.mp4,[]
2023-08-11,19:45:48.209454,/Users/anupreksha/Desktop/hoophouse2023/flowerPi/aug11backup/videos/001f543e42a5/230809/002833_218262_001f543e42a5.mp4,[]
2023-08-11,19:45:54.313573,/Users/anupreksha/Desktop/hoophouse2023/flowerPi/aug11backup/videos/001f543e42a5/230809/031614_659437_001f543e42a5.mp4,[]
2023-08-11,19:46:02.355078,/Users/anupreksha/Desktop/hoophouse2023/flowerPi/aug11backup/videos/001f543e42a5/230809/103952_163123_001f543e42a5.mp4,[]
2023-08-11,19:46:02.200753,/Users/anupreksha/Desktop/hoophouse2023/flowerPi/aug11backup/videos/001f543e42a5/230809/102427_956750_001f543e42a5.mp4,[]
2023-08-11,19:46:05.863486,/Users/anupreksha/Desktop/hoophouse2023/flowerPi/aug11backup/videos/001f543e42a5/230809/110841_773305_001f543e42a5.mp4,[]
2023-08-11,19:46:16.942950,/Users/anupreksha/Desktop/hoophouse2023/flowerPi/aug11backup/videos/001f543e42a5/230809/125316_001558_001f543e42a5.mp4,[]
2023-08-11,19:46:09.238183,/Users/anupreksha/Desktop/hoophouse2023/flowerPi/aug11backup/videos/001f543e42a5/230809/114132_110980_001f543e42a5.mp4,[]
2023-08-11,19:46:09.251572,/Users/anupreksha/Desktop/hoophouse2023/flowerPi/aug11backup/videos/001f543e42a5/230809/114158_111620_001f543e42a5.mp4,[]
2023-08-11,19:45:59.691174,/Users/anupreksha/Desktop/hoophouse2023/flowerPi/aug11backup/videos/001f543e42a5/230809/051110_878236_001f543e42a5.mp4,[]
2023-08-11,19:45:59.710969,/Users/anupreksha/Desktop/hoophouse2023/flowerPi/aug11backup/videos/001f543e42a5/230809/051155_878130_001f543e42a5.mp4,[]
2023-08-11,19:45:54.272621,/Users/anupreksha/Desktop/hoophouse2023/flowerPi/aug11backup/videos/001f543e42a5/230809/031344_649635_001f543e42a5.mp4,[]
2023-08-11,19:46:02.147757,/Users/anupreksha/Desktop/hoophouse2023/flowerPi/aug11backup/videos/001f543e42a5/230809/052931_883931_001f543e42a5.mp4,[]
2023-08-11,19:46:15.732141,/Users/anupreksha/Desktop/hoophouse2023/flowerPi/aug11backup/videos/001f543e42a5/230809/122015_591521_001f543e42a5.mp4,[]
2023-08-11,19:46:01.729761,/Users/anupreksha/Desktop/hoophouse2023/flowerPi/aug11backup/videos/001f543e42a5/230809/051335_877466_001f543e42a5.mp4,[]
2023-08-11,19:45:49.882880,/Users/anupreksha/Desktop/hoophouse2023/flowerPi/aug11backup/videos/001f543e42a5/230809/014333_636375_001f543e42a5.mp4,[]
2023-08-11,19:45:59.298674,/Users/anupreksha/Desktop/hoophouse2023/flowerPi/aug11backup/videos/001f543e42a5/230809/045506_673591_001f543e42a5.mp4,[]
2023-08-11,19:46:05.100805,/Users/anupreksha/Desktop/hoophouse2023/flowerPi/aug11backup/videos/001f543e42a5/230809/104822_764565_001f543e42a5.mp4,"[299, 299, 299, 299, 299, 299, 299, 299, 299, 299, 299, 299]"
2023-08-11,19:46:12.355320,/Users/anupreksha/Desktop/hoophouse2023/flowerPi/aug11backup/videos/001f543e42a5/230809/120035_578001_001f543e42a5.mp4,[]
2023-08-11,19:46:09.291890,/Users/anupreksha/Desktop/hoophouse2023/flowerPi/aug11backup/videos/001f543e42a5/230809/114308_184627_001f543e42a5.mp4,[]
2023-08-11,19:45:56.782468,/Users/anupreksha/Desktop/hoophouse2023/flowerPi/aug11backup/videos/001f543e42a5/230809/042543_664841_001f543e42a5.mp4,[]
2023-08-11,19:46:09.408004,/Users/anupreksha/Desktop/hoophouse2023/flowerPi/aug11backup/videos/001f543e42a5/230809/114610_786470_001f543e42a5.mp4,[]
2023-08-11,19:45:46.649670,/Users/anupreksha/Desktop/hoophouse2023/flowerPi/aug11backup/videos/001f543e42a5/230809/000648_814538_001f543e42a5.mp4,[]
2023-08-11,19:46:09.591470,/Users/anupreksha/Desktop/hoophouse2023/flowerPi/aug11backup/videos/001f543e42a5/230809/115201_781792_001f543e42a5.mp4,[]
2023-08-11,19:45:48.399163,/Users/anupreksha/Desktop/hoophouse2023/flowerPi/aug11backup/videos/001f543e42a5/230809/003615_416033_001f543e42a5.mp4,[]
2023-08-11,19:46:02.242405,/Users/anupreksha/Desktop/hoophouse2023/flowerPi/aug11backup/videos/001f543e42a5/230809/102902_963972_001f543e42a5.mp4,[]
2023-08-11,19:45:51.921422,/Users/anupreksha/Desktop/hoophouse2023/flowerPi/aug11backup/videos/001f543e42a5/230809/023037_646819_001f543e42a5.mp4,[]
2023-08-11,19:45:50.387721,/Users/anupreksha/Desktop/hoophouse2023/flowerPi/aug11backup/videos/001f543e42a5/230809/021820_638567_001f543e42a5.mp4,[]
2023-08-11,19:46:17.062550,/Users/anupreksha/Desktop/hoophouse2023/flowerPi/aug11backup/videos/001f543e42a5/230809/131021_403883_001f543e42a5.mp4,[]
2023-08-11,19:46:16.367632,/Users/anupreksha/Desktop/hoophouse2023/flowerPi/aug11backup/videos/001f543e42a5/230809/124147_524428_001f543e42a5.mp4,"[913, 913]"
2023-08-11,19:46:02.235274,/Users/anupreksha/Desktop/hoophouse2023/flowerPi/aug11backup/videos/001f543e42a5/230809/102719_962039_001f543e42a5.mp4,[]
2023-08-11,19:45:51.893924,/Users/anupreksha/Desktop/hoophouse2023/flowerPi/aug11backup/videos/001f543e42a5/230809/022837_655796_001f543e42a5.mp4,[]
2023-08-11,19:46:08.766906,/Users/anupreksha/Desktop/hoophouse2023/flowerPi/aug11backup/videos/001f543e42a5/230809/112841_574342_001f543e42a5.mp4,[]
2023-08-11,19:45:50.364851,/Users/anupreksha/Desktop/hoophouse2023/flowerPi/aug11backup/videos/001f543e42a5/230809/021640_640087_001f543e42a5.mp4,[]
2023-08-11,19:45:48.253602,/Users/anupreksha/Desktop/hoophouse2023/flowerPi/aug11backup/videos/001f543e42a5/230809/003020_215738_001f543e42a5.mp4,[]
2023-08-11,19:45:54.202037,/Users/anupreksha/Desktop/hoophouse2023/flowerPi/aug11backup/videos/001f543e42a5/230809/030946_656068_001f543e42a5.mp4,[]
2023-08-11,19:45:49.990045,/Users/anupreksha/Desktop/hoophouse2023/flowerPi/aug11backup/videos/001f543e42a5/230809/015732_635948_001f543e42a5.mp4,[]
2023-08-11,19:46:02.414287,/Users/anupreksha/Desktop/hoophouse2023/flowerPi/aug11backup/videos/001f543e42a5/230809/104313_168891_001f543e42a5.mp4,[]
2023-08-11,19:46:02.316626,/Users/anupreksha/Desktop/hoophouse2023/flowerPi/aug11backup/videos/001f543e42a5/230809/103750_165281_001f543e42a5.mp4,[]
2023-08-11,19:45:46.592375,/Users/anupreksha/Desktop/hoophouse2023/flowerPi/aug11backup/videos/001f543e42a5/230809/000426_012287_001f543e42a5.mp4,[]
2023-08-11,19:45:56.967280,/Users/anupreksha/Desktop/hoophouse2023/flowerPi/aug11backup/videos/001f543e42a5/230809/043317_666930_001f543e42a5.mp4,[]
2023-08-11,19:45:48.551152,/Users/anupreksha/Desktop/hoophouse2023/flowerPi/aug11backup/videos/001f543e42a5/230809/004613_417510_001f543e42a5.mp4,[]
2023-08-11,19:45:56.775759,/Users/anupreksha/Desktop/hoophouse2023/flowerPi/aug11backup/videos/001f543e42a5/230809/042459_668722_001f543e42a5.mp4,[]
2023-08-11,19:45:56.580689,/Users/anupreksha/Desktop/hoophouse2023/flowerPi/aug11backup/videos/001f543e42a5/230809/041513_688895_001f543e42a5.mp4,[]
2023-08-11,19:45:50.076198,/Users/anupreksha/Desktop/hoophouse2023/flowerPi/aug11backup/videos/001f543e42a5/230809/020133_637959_001f543e42a5.mp4,[]
2023-08-11,19:46:12.077655,/Users/anupreksha/Desktop/hoophouse2023/flowerPi/aug11backup/videos/001f543e42a5/230809/115257_793365_001f543e42a5.mp4,[]
2023-08-11,19:46:15.401746,/Users/anupreksha/Desktop/hoophouse2023/flowerPi/aug11backup/videos/001f543e42a5/230809/121037_980786_001f543e42a5.mp4,"[17, 17, 17, 17]"
2023-08-11,19:45:48.392112,/Users/anupreksha/Desktop/hoophouse2023/flowerPi/aug11backup/videos/001f543e42a5/230809/003556_418310_001f543e42a5.mp4,[]
2023-08-11,19:45:50.310041,/Users/anupreksha/Desktop/hoophouse2023/flowerPi/aug11backup/videos/001f543e42a5/230809/021355_642818_001f543e42a5.mp4,[]
2023-08-11,19:46:16.333151,/Users/anupreksha/Desktop/hoophouse2023/flowerPi/aug11backup/videos/001f543e42a5/230809/123905_391528_001f543e42a5.mp4,[]
2023-08-11,19:45:52.426697,/Users/anupreksha/Desktop/hoophouse2023/flowerPi/aug11backup/videos/001f543e42a5/230809/030724_653051_001f543e42a5.mp4,[]
2023-08-11,19:45:50.226222,/Users/anupreksha/Desktop/hoophouse2023/flowerPi/aug11backup/videos/001f543e42a5/230809/020844_637040_001f543e42a5.mp4,[]
2023-08-11,19:46:01.936272,/Users/anupreksha/Desktop/hoophouse2023/flowerPi/aug11backup/videos/001f543e42a5/230809/052137_880092_001f543e42a5.mp4,[]
2023-08-11,19:46:17.099670,/Users/anupreksha/Desktop/hoophouse2023/flowerPi/aug11backup/videos/001f543e42a5/230809/131919_536406_001f543e42a5.mp4,[]
2023-08-11,19:45:59.288150,/Users/anupreksha/Desktop/hoophouse2023/flowerPi/aug11backup/videos/001f543e42a5/230809/045433_675963_001f543e42a5.mp4,[]
2023-08-11,19:45:57.120490,/Users/anupreksha/Desktop/hoophouse2023/flowerPi/aug11backup/videos/001f543e42a5/230809/043933_668702_001f543e42a5.mp4,[470]
2023-08-11,19:46:09.487309,/Users/anupreksha/Desktop/hoophouse2023/flowerPi/aug11backup/videos/001f543e42a5/230809/114908_797636_001f543e42a5.mp4,[]
2023-08-11,19:46:16.819348,/Users/anupreksha/Desktop/hoophouse2023/flowerPi/aug11backup/videos/001f543e42a5/230809/124551_592907_001f543e42a5.mp4,[458]
2023-08-11,19:45:56.768502,/Users/anupreksha/Desktop/hoophouse2023/flowerPi/aug11backup/videos/001f543e42a5/230809/042448_670993_001f543e42a5.mp4,[]
2023-08-11,19:45:52.069501,/Users/anupreksha/Desktop/hoophouse2023/flowerPi/aug11backup/videos/001f543e42a5/230809/024301_649082_001f543e42a5.mp4,[]
2023-08-11,19:45:54.558250,/Users/anupreksha/Desktop/hoophouse2023/flowerPi/aug11backup/videos/001f543e42a5/230809/035620_663475_001f543e42a5.mp4,[]
2023-08-11,19:46:12.498754,/Users/anupreksha/Desktop/hoophouse2023/flowerPi/aug11backup/videos/001f543e42a5/230809/120429_780465_001f543e42a5.mp4,[]
2023-08-11,19:46:15.433462,/Users/anupreksha/Desktop/hoophouse2023/flowerPi/aug11backup/videos/001f543e42a5/230809/121133_991598_001f543e42a5.mp4,[]
2023-08-11,19:46:15.790128,/Users/anupreksha/Desktop/hoophouse2023/flowerPi/aug11backup/videos/001f543e42a5/230809/122206_591398_001f543e42a5.mp4,[683]
2023-08-11,19:45:59.725778,/Users/anupreksha/Desktop/hoophouse2023/flowerPi/aug11backup/videos/001f543e42a5/230809/051238_883417_001f543e42a5.mp4,[]
2023-08-11,19:45:54.223924,/Users/anupreksha/Desktop/hoophouse2023/flowerPi/aug11backup/videos/001f543e42a5/230809/031045_655413_001f543e42a5.mp4,[]
2023-08-11,19:45:46.627509,/Users/anupreksha/Desktop/hoophouse2023/flowerPi/aug11backup/videos/001f543e42a5/230809/000531_210065_001f543e42a5.mp4,[]
2023-08-11,19:46:01.871187,/Users/anupreksha/Desktop/hoophouse2023/flowerPi/aug11backup/videos/001f543e42a5/230809/051855_879233_001f543e42a5.mp4,[]
2023-08-11,19:46:12.312597,/Users/anupreksha/Desktop/hoophouse2023/flowerPi/aug11backup/videos/001f543e42a5/230809/115929_578914_001f543e42a5.mp4,[394]
2023-08-11,19:46:09.101077,/Users/anupreksha/Desktop/hoophouse2023/flowerPi/aug11backup/videos/001f543e42a5/230809/113747_575620_001f543e42a5.mp4,[]
2023-08-11,19:46:08.515950,/Users/anupreksha/Desktop/hoophouse2023/flowerPi/aug11backup/videos/001f543e42a5/230809/112201_978451_001f543e42a5.mp4,[]
2023-08-11,19:46:05.430827,/Users/anupreksha/Desktop/hoophouse2023/flowerPi/aug11backup/videos/001f543e42a5/230809/105718_170117_001f543e42a5.mp4,[]
2023-08-11,19:45:50.233719,/Users/anupreksha/Desktop/hoophouse2023/flowerPi/aug11backup/videos/001f543e42a5/230809/020919_641394_001f543e42a5.mp4,"[38, 38, 38]"
2023-08-11,19:46:02.066725,/Users/anupreksha/Desktop/hoophouse2023/flowerPi/aug11backup/videos/001f543e42a5/230809/052639_881602_001f543e42a5.mp4,"[17, 17]"
2023-08-11,19:46:17.045287,/Users/anupreksha/Desktop/hoophouse2023/flowerPi/aug11backup/videos/001f543e42a5/230809/130809_397822_001f543e42a5.mp4,[997]
2023-08-11,19:46:08.717038,/Users/anupreksha/Desktop/hoophouse2023/flowerPi/aug11backup/videos/001f543e42a5/230809/112721_573835_001f543e42a5.mp4,"[683, 683]"
2023-08-11,19:45:59.700793,/Users/anupreksha/Desktop/hoophouse2023/flowerPi/aug11backup/videos/001f543e42a5/230809/051131_876605_001f543e42a5.mp4,[]
2023-08-11,19:46:15.819034,/Users/anupreksha/Desktop/hoophouse2023/flowerPi/aug11backup/videos/001f543e42a5/230809/122259_584834_001f543e42a5.mp4,[]
2023-08-11,19:45:54.754303,/Users/anupreksha/Desktop/hoophouse2023/flowerPi/aug11backup/videos/001f543e42a5/230809/040819_663096_001f543e42a5.mp4,[]
2023-08-11,19:46:05.976276,/Users/anupreksha/Desktop/hoophouse2023/flowerPi/aug11backup/videos/001f543e42a5/230809/111310_777123_001f543e42a5.mp4,[]
2023-08-11,19:45:50.051625,/Users/anupreksha/Desktop/hoophouse2023/flowerPi/aug11backup/videos/001f543e42a5/230809/020039_643348_001f543e42a5.mp4,[]
2023-08-11,19:45:59.104138,/Users/anupreksha/Desktop/hoophouse2023/flowerPi/aug11backup/videos/001f543e42a5/230809/044647_676725_001f543e42a5.mp4,[]
2023-08-11,19:45:50.244119,/Users/anupreksha/Desktop/hoophouse2023/flowerPi/aug11backup/videos/001f543e42a5/230809/020939_639486_001f543e42a5.mp4,[]
2023-08-11,19:46:05.934665,/Users/anupreksha/Desktop/hoophouse2023/flowerPi/aug11backup/videos/001f543e42a5/230809/111153_773510_001f543e42a5.mp4,[]
2023-08-11,19:45:52.286855,/Users/anupreksha/Desktop/hoophouse2023/flowerPi/aug11backup/videos/001f543e42a5/230809/025926_649819_001f543e42a5.mp4,[]
2023-08-11,19:46:12.480884,/Users/anupreksha/Desktop/hoophouse2023/flowerPi/aug11backup/videos/001f543e42a5/230809/120411_778778_001f543e42a5.mp4,[]
2023-08-11,19:46:15.891342,/Users/anupreksha/Desktop/hoophouse2023/flowerPi/aug11backup/videos/001f543e42a5/230809/122516_585269_001f543e42a5.mp4,[37]
2023-08-11,19:45:50.124539,/Users/anupreksha/Desktop/hoophouse2023/flowerPi/aug11backup/videos/001f543e42a5/230809/020411_636800_001f543e42a5.mp4,[]
2023-08-11,19:46:17.137511,/Users/anupreksha/Desktop/hoophouse2023/flowerPi/aug11backup/videos/001f543e42a5/230809/132333_612141_001f543e42a5.mp4,[]
2023-08-11,19:45:59.248066,/Users/anupreksha/Desktop/hoophouse2023/flowerPi/aug11backup/videos/001f543e42a5/230809/045252_671853_001f543e42a5.mp4,[]
2023-08-11,19:46:12.156887,/Users/anupreksha/Desktop/hoophouse2023/flowerPi/aug11backup/videos/001f543e42a5/230809/115520_779812_001f543e42a5.mp4,[]
2023-08-11,19:45:59.308140,/Users/anupreksha/Desktop/hoophouse2023/flowerPi/aug11backup/videos/001f543e42a5/230809/045537_676852_001f543e42a5.mp4,[17]
2023-08-11,19:45:48.113282,/Users/anupreksha/Desktop/hoophouse2023/flowerPi/aug11backup/videos/001f543e42a5/230809/002428_213704_001f543e42a5.mp4,[]
2023-08-11,19:45:54.519744,/Users/anupreksha/Desktop/hoophouse2023/flowerPi/aug11backup/videos/001f543e42a5/230809/035329_665874_001f543e42a5.mp4,[]
2023-08-11,19:46:09.449191,/Users/anupreksha/Desktop/hoophouse2023/flowerPi/aug11backup/videos/001f543e42a5/230809/114705_791454_001f543e42a5.mp4,[]
2023-08-11,19:46:16.064176,/Users/anupreksha/Desktop/hoophouse2023/flowerPi/aug11backup/videos/001f543e42a5/230809/122957_921510_001f543e42a5.mp4,[]
2023-08-11,19:45:52.279007,/Users/anupreksha/Desktop/hoophouse2023/flowerPi/aug11backup/videos/001f543e42a5/230809/025905_650426_001f543e42a5.mp4,[]
2023-08-11,19:46:02.397791,/Users/anupreksha/Desktop/hoophouse2023/flowerPi/aug11backup/videos/001f543e42a5/230809/104234_170847_001f543e42a5.mp4,[]
2023-08-11,19:45:59.345260,/Users/anupreksha/Desktop/hoophouse2023/flowerPi/aug11backup/videos/001f543e42a5/230809/045710_674851_001f543e42a5.mp4,[]
2023-08-11,19:45:52.315701,/Users/anupreksha/Desktop/hoophouse2023/flowerPi/aug11backup/videos/001f543e42a5/230809/030247_654414_001f543e42a5.mp4,[]
2023-08-11,19:45:56.938741,/Users/anupreksha/Desktop/hoophouse2023/flowerPi/aug11backup/videos/001f543e42a5/230809/043213_666582_001f543e42a5.mp4,[]
2023-08-11,19:46:15.599147,/Users/anupreksha/Desktop/hoophouse2023/flowerPi/aug11backup/videos/001f543e42a5/230809/121613_591080_001f543e42a5.mp4,[]
2023-08-11,19:46:05.766237,/Users/anupreksha/Desktop/hoophouse2023/flowerPi/aug11backup/videos/001f543e42a5/230809/110550_773372_001f543e42a5.mp4,[]
2023-08-11,19:46:15.473406,/Users/anupreksha/Desktop/hoophouse2023/flowerPi/aug11backup/videos/001f543e42a5/230809/121249_515601_001f543e42a5.mp4,[128]
2023-08-11,19:45:50.044174,/Users/anupreksha/Desktop/hoophouse2023/flowerPi/aug11backup/videos/001f543e42a5/230809/015957_635516_001f543e42a5.mp4,[]
2023-08-11,19:46:02.300170,/Users/anupreksha/Desktop/hoophouse2023/flowerPi/aug11backup/videos/001f543e42a5/230809/103624_160468_001f543e42a5.mp4,[]
2023-08-11,19:45:46.766490,/Users/anupreksha/Desktop/hoophouse2023/flowerPi/aug11backup/videos/001f543e42a5/230809/001105_010432_001f543e42a5.mp4,[]
2023-08-11,19:46:16.254496,/Users/anupreksha/Desktop/hoophouse2023/flowerPi/aug11backup/videos/001f543e42a5/230809/123616_187488_001f543e42a5.mp4,[]
2023-08-11,19:46:05.779968,/Users/anupreksha/Desktop/hoophouse2023/flowerPi/aug11backup/videos/001f543e42a5/230809/110609_773357_001f543e42a5.mp4,[]
2023-08-11,19:45:59.550361,/Users/anupreksha/Desktop/hoophouse2023/flowerPi/aug11backup/videos/001f543e42a5/230809/050507_675390_001f543e42a5.mp4,[]
2023-08-11,19:46:05.662222,/Users/anupreksha/Desktop/hoophouse2023/flowerPi/aug11backup/videos/001f543e42a5/230809/110308_768354_001f543e42a5.mp4,[]
2023-08-11,19:46:17.165692,/Users/anupreksha/Desktop/hoophouse2023/flowerPi/aug11backup/videos/001f543e42a5/230809/132520_602416_001f543e42a5.mp4,[]
2023-08-11,19:45:52.395818,/Users/anupreksha/Desktop/hoophouse2023/flowerPi/aug11backup/videos/001f543e42a5/230809/030608_651811_001f543e42a5.mp4,[]
2023-08-11,19:46:12.091631,/Users/anupreksha/Desktop/hoophouse2023/flowerPi/aug11backup/videos/001f543e42a5/230809/115327_776284_001f543e42a5.mp4,[]
2023-08-11,19:46:16.279362,/Users/anupreksha/Desktop/hoophouse2023/flowerPi/aug11backup/videos/001f543e42a5/230809/123719_195481_001f543e42a5.mp4,[]
2023-08-11,19:45:59.670515,/Users/anupreksha/Desktop/hoophouse2023/flowerPi/aug11backup/videos/001f543e42a5/230809/051013_815179_001f543e42a5.mp4,[]
2023-08-11,19:46:12.320072,/Users/anupreksha/Desktop/hoophouse2023/flowerPi/aug11backup/videos/001f543e42a5/230809/115957_578111_001f543e42a5.mp4,[]
2023-08-11,19:46:09.522657,/Users/anupreksha/Desktop/hoophouse2023/flowerPi/aug11backup/videos/001f543e42a5/230809/115000_793011_001f543e42a5.mp4,[]
2023-08-11,19:45:56.851325,/Users/anupreksha/Desktop/hoophouse2023/flowerPi/aug11backup/videos/001f543e42a5/230809/042847_673909_001f543e42a5.mp4,[]
2023-08-11,19:45:46.774868,/Users/anupreksha/Desktop/hoophouse2023/flowerPi/aug11backup/videos/001f543e42a5/230809/001120_013742_001f543e42a5.mp4,[]
2023-08-11,19:46:08.834940,/Users/anupreksha/Desktop/hoophouse2023/flowerPi/aug11backup/videos/001f543e42a5/230809/113035_907513_001f543e42a5.mp4,[]
2023-08-11,19:45:59.237433,/Users/anupreksha/Desktop/hoophouse2023/flowerPi/aug11backup/videos/001f543e42a5/230809/045231_671834_001f543e42a5.mp4,[]
2023-08-11,19:46:17.027442,/Users/anupreksha/Desktop/hoophouse2023/flowerPi/aug11backup/videos/001f543e42a5/230809/130425_408819_001f543e42a5.mp4,[]
2023-08-11,19:45:46.679708,/Users/anupreksha/Desktop/hoophouse2023/flowerPi/aug11backup/videos/001f543e42a5/230809/000750_014148_001f543e42a5.mp4,[]
2023-08-11,19:46:02.118164,/Users/anupreksha/Desktop/hoophouse2023/flowerPi/aug11backup/videos/001f543e42a5/230809/052814_883148_001f543e42a5.mp4,[]
2023-08-11,19:46:08.600566,/Users/anupreksha/Desktop/hoophouse2023/flowerPi/aug11backup/videos/001f543e42a5/230809/112415_184719_001f543e42a5.mp4,[]
2023-08-11,19:45:51.971977,/Users/anupreksha/Desktop/hoophouse2023/flowerPi/aug11backup/videos/001f543e42a5/230809/023519_647523_001f543e42a5.mp4,[]
2023-08-11,19:46:01.745895,/Users/anupreksha/Desktop/hoophouse2023/flowerPi/aug11backup/videos/001f543e42a5/230809/051414_881054_001f543e42a5.mp4,[]
2023-08-11,19:46:09.368334,/Users/anupreksha/Desktop/hoophouse2023/flowerPi/aug11backup/videos/001f543e42a5/230809/114509_190609_001f543e42a5.mp4,[17]
2023-08-11,19:45:50.326687,/Users/anupreksha/Desktop/hoophouse2023/flowerPi/aug11backup/videos/001f543e42a5/230809/021455_644817_001f543e42a5.mp4,[]
2023-08-11,19:45:51.878598,/Users/anupreksha/Desktop/hoophouse2023/flowerPi/aug11backup/videos/001f543e42a5/230809/022759_644863_001f543e42a5.mp4,[]
2023-08-11,19:45:50.270210,/Users/anupreksha/Desktop/hoophouse2023/flowerPi/aug11backup/videos/001f543e42a5/230809/021137_648046_001f543e42a5.mp4,[]
2023-08-11,19:46:17.018209,/Users/anupreksha/Desktop/hoophouse2023/flowerPi/aug11backup/videos/001f543e42a5/230809/130406_405122_001f543e42a5.mp4,[683]
2023-08-11,19:46:12.423110,/Users/anupreksha/Desktop/hoophouse2023/flowerPi/aug11backup/videos/001f543e42a5/230809/120221_581371_001f543e42a5.mp4,[638]
2023-08-11,19:45:51.996033,/Users/anupreksha/Desktop/hoophouse2023/flowerPi/aug11backup/videos/001f543e42a5/230809/023613_646372_001f543e42a5.mp4,[]
2023-08-11,19:46:16.871371,/Users/anupreksha/Desktop/hoophouse2023/flowerPi/aug11backup/videos/001f543e42a5/230809/124917_793300_001f543e42a5.mp4,[]
2023-08-11,19:45:59.115704,/Users/anupreksha/Desktop/hoophouse2023/flowerPi/aug11backup/videos/001f543e42a5/230809/044715_670833_001f543e42a5.mp4,[]
2023-08-11,19:45:48.089527,/Users/anupreksha/Desktop/hoophouse2023/flowerPi/aug11backup/videos/001f543e42a5/230809/002335_214122_001f543e42a5.mp4,[17]
2023-08-11,19:45:54.578444,/Users/anupreksha/Desktop/hoophouse2023/flowerPi/aug11backup/videos/001f543e42a5/230809/035943_665169_001f543e42a5.mp4,[17]
2023-08-11,19:45:49.919468,/Users/anupreksha/Desktop/hoophouse2023/flowerPi/aug11backup/videos/001f543e42a5/230809/014920_630051_001f543e42a5.mp4,[]
2023-08-11,19:45:50.459479,/Users/anupreksha/Desktop/hoophouse2023/flowerPi/aug11backup/videos/001f543e42a5/230809/022429_649306_001f543e42a5.mp4,[]
2023-08-11,19:45:59.053443,/Users/anupreksha/Desktop/hoophouse2023/flowerPi/aug11backup/videos/001f543e42a5/230809/044445_669791_001f543e42a5.mp4,[]
2023-08-11,19:45:50.343150,/Users/anupreksha/Desktop/hoophouse2023/flowerPi/aug11backup/videos/001f543e42a5/230809/021538_648589_001f543e42a5.mp4,[]
2023-08-11,19:45:54.742337,/Users/anupreksha/Desktop/hoophouse2023/flowerPi/aug11backup/videos/001f543e42a5/230809/040806_679331_001f543e42a5.mp4,[]
2023-08-11,19:45:59.431992,/Users/anupreksha/Desktop/hoophouse2023/flowerPi/aug11backup/videos/001f543e42a5/230809/050041_674908_001f543e42a5.mp4,[]
2023-08-11,19:45:59.013278,/Users/anupreksha/Desktop/hoophouse2023/flowerPi/aug11backup/videos/001f543e42a5/230809/044303_669915_001f543e42a5.mp4,[]
2023-08-11,19:45:52.402574,/Users/anupreksha/Desktop/hoophouse2023/flowerPi/aug11backup/videos/001f543e42a5/230809/030631_652396_001f543e42a5.mp4,[]
2023-08-11,19:46:05.992333,/Users/anupreksha/Desktop/hoophouse2023/flowerPi/aug11backup/videos/001f543e42a5/230809/111335_774709_001f543e42a5.mp4,[]
2023-08-11,19:46:16.913479,/Users/anupreksha/Desktop/hoophouse2023/flowerPi/aug11backup/videos/001f543e42a5/230809/125205_795743_001f543e42a5.mp4,"[853, 853]"
2023-08-11,19:46:16.934254,/Users/anupreksha/Desktop/hoophouse2023/flowerPi/aug11backup/videos/001f543e42a5/230809/125255_929223_001f543e42a5.mp4,[37]
2023-08-11,19:45:46.792342,/Users/anupreksha/Desktop/hoophouse2023/flowerPi/aug11backup/videos/001f543e42a5/230809/001207_217759_001f543e42a5.mp4,[]
2023-08-11,19:45:59.060112,/Users/anupreksha/Desktop/hoophouse2023/flowerPi/aug11backup/videos/001f543e42a5/230809/044507_670014_001f543e42a5.mp4,[]
2023-08-11,19:46:16.205998,/Users/anupreksha/Desktop/hoophouse2023/flowerPi/aug11backup/videos/001f543e42a5/230809/123434_185955_001f543e42a5.mp4,[17]
2023-08-11,19:46:12.171931,/Users/anupreksha/Desktop/hoophouse2023/flowerPi/aug11backup/videos/001f543e42a5/230809/115547_920479_001f543e42a5.mp4,[944]
2023-08-11,19:45:59.446526,/Users/anupreksha/Desktop/hoophouse2023/flowerPi/aug11backup/videos/001f543e42a5/230809/050130_674363_001f543e42a5.mp4,[]
2023-08-11,19:45:47.933813,/Users/anupreksha/Desktop/hoophouse2023/flowerPi/aug11backup/videos/001f543e42a5/230809/001703_612172_001f543e42a5.mp4,[]
2023-08-11,19:45:48.317152,/Users/anupreksha/Desktop/hoophouse2023/flowerPi/aug11backup/videos/001f543e42a5/230809/003241_216651_001f543e42a5.mp4,[]
2023-08-11,19:45:59.034948,/Users/anupreksha/Desktop/hoophouse2023/flowerPi/aug11backup/videos/001f543e42a5/230809/044356_670660_001f543e42a5.mp4,[]
2023-08-11,19:46:09.267380,/Users/anupreksha/Desktop/hoophouse2023/flowerPi/aug11backup/videos/001f543e42a5/230809/114222_192397_001f543e42a5.mp4,[]
2023-08-11,19:46:16.341421,/Users/anupreksha/Desktop/hoophouse2023/flowerPi/aug11backup/videos/001f543e42a5/230809/123951_389323_001f543e42a5.mp4,[]
2023-08-11,19:46:15.534562,/Users/anupreksha/Desktop/hoophouse2023/flowerPi/aug11backup/videos/001f543e42a5/230809/121413_584283_001f543e42a5.mp4,[251]
2023-08-11,19:46:05.620366,/Users/anupreksha/Desktop/hoophouse2023/flowerPi/aug11backup/videos/001f543e42a5/230809/110156_569579_001f543e42a5.mp4,[]
2023-08-11,19:45:48.072052,/Users/anupreksha/Desktop/hoophouse2023/flowerPi/aug11backup/videos/001f543e42a5/230809/002234_019428_001f543e42a5.mp4,[]
2023-08-11,19:46:05.873567,/Users/anupreksha/Desktop/hoophouse2023/flowerPi/aug11backup/videos/001f543e42a5/230809/110855_776702_001f543e42a5.mp4,[]
2023-08-11,19:46:12.219120,/Users/anupreksha/Desktop/hoophouse2023/flowerPi/aug11backup/videos/001f543e42a5/230809/115700_581054_001f543e42a5.mp4,"[683, 17]"
2023-08-11,19:46:17.010131,/Users/anupreksha/Desktop/hoophouse2023/flowerPi/aug11backup/videos/001f543e42a5/230809/130336_420473_001f543e42a5.mp4,[525]
2023-08-11,19:45:56.665852,/Users/anupreksha/Desktop/hoophouse2023/flowerPi/aug11backup/videos/001f543e42a5/230809/041857_674094_001f543e42a5.mp4,[]
2023-08-11,19:46:09.573657,/Users/anupreksha/Desktop/hoophouse2023/flowerPi/aug11backup/videos/001f543e42a5/230809/115137_776501_001f543e42a5.mp4,[]
2023-08-11,19:45:52.338531,/Users/anupreksha/Desktop/hoophouse2023/flowerPi/aug11backup/videos/001f543e42a5/230809/030347_651583_001f543e42a5.mp4,[]
2023-08-11,19:46:15.386322,/Users/anupreksha/Desktop/hoophouse2023/flowerPi/aug11backup/videos/001f543e42a5/230809/121026_998927_001f543e42a5.mp4,[894]
2023-08-11,19:46:15.746635,/Users/anupreksha/Desktop/hoophouse2023/flowerPi/aug11backup/videos/001f543e42a5/230809/122051_583834_001f543e42a5.mp4,[]
2023-08-11,19:45:59.092151,/Users/anupreksha/Desktop/hoophouse2023/flowerPi/aug11backup/videos/001f543e42a5/230809/044627_670408_001f543e42a5.mp4,[]
2023-08-11,19:45:56.525406,/Users/anupreksha/Desktop/hoophouse2023/flowerPi/aug11backup/videos/001f543e42a5/230809/041304_664785_001f543e42a5.mp4,[]
2023-08-11,19:45:50.262707,/Users/anupreksha/Desktop/hoophouse2023/flowerPi/aug11backup/videos/001f543e42a5/230809/021101_638587_001f543e42a5.mp4,[]
2023-08-11,19:45:52.003770,/Users/anupreksha/Desktop/hoophouse2023/flowerPi/aug11backup/videos/001f543e42a5/230809/023636_641059_001f543e42a5.mp4,[]
2023-08-11,19:45:57.070230,/Users/anupreksha/Desktop/hoophouse2023/flowerPi/aug11backup/videos/001f543e42a5/230809/043730_669744_001f543e42a5.mp4,[]
2023-08-11,19:45:59.153725,/Users/anupreksha/Desktop/hoophouse2023/flowerPi/aug11backup/videos/001f543e42a5/230809/044911_670906_001f543e42a5.mp4,[]
2023-08-11,19:46:01.719934,/Users/anupreksha/Desktop/hoophouse2023/flowerPi/aug11backup/videos/001f543e42a5/230809/051309_876648_001f543e42a5.mp4,[]
2023-08-11,19:45:48.385143,/Users/anupreksha/Desktop/hoophouse2023/flowerPi/aug11backup/videos/001f543e42a5/230809/003512_414466_001f543e42a5.mp4,[]
2023-08-11,19:46:16.991739,/Users/anupreksha/Desktop/hoophouse2023/flowerPi/aug11backup/videos/001f543e42a5/230809/130053_190932_001f543e42a5.mp4,[]
2023-08-11,19:46:08.632157,/Users/anupreksha/Desktop/hoophouse2023/flowerPi/aug11backup/videos/001f543e42a5/230809/112505_184450_001f543e42a5.mp4,[]
2023-08-11,19:46:16.085143,/Users/anupreksha/Desktop/hoophouse2023/flowerPi/aug11backup/videos/001f543e42a5/230809/123037_994635_001f543e42a5.mp4,[]
2023-08-11,19:45:52.322789,/Users/anupreksha/Desktop/hoophouse2023/flowerPi/aug11backup/videos/001f543e42a5/230809/030319_657006_001f543e42a5.mp4,[]
2023-08-11,19:46:05.710022,/Users/anupreksha/Desktop/hoophouse2023/flowerPi/aug11backup/videos/001f543e42a5/230809/110355_772594_001f543e42a5.mp4,[]
2023-08-11,19:45:46.817400,/Users/anupreksha/Desktop/hoophouse2023/flowerPi/aug11backup/videos/001f543e42a5/230809/001259_212039_001f543e42a5.mp4,[]
2023-08-11,19:45:50.060747,/Users/anupreksha/Desktop/hoophouse2023/flowerPi/aug11backup/videos/001f543e42a5/230809/020052_634251_001f543e42a5.mp4,[]
2023-08-11,19:46:02.363367,/Users/anupreksha/Desktop/hoophouse2023/flowerPi/aug11backup/videos/001f543e42a5/230809/104014_164355_001f543e42a5.mp4,"[17, 17]"
2023-08-11,19:46:09.276263,/Users/anupreksha/Desktop/hoophouse2023/flowerPi/aug11backup/videos/001f543e42a5/230809/114254_175217_001f543e42a5.mp4,[]
2023-08-11,19:46:08.649392,/Users/anupreksha/Desktop/hoophouse2023/flowerPi/aug11backup/videos/001f543e42a5/230809/112532_179902_001f543e42a5.mp4,[17]
2023-08-11,19:45:54.503655,/Users/anupreksha/Desktop/hoophouse2023/flowerPi/aug11backup/videos/001f543e42a5/230809/035138_665067_001f543e42a5.mp4,[]
2023-08-11,19:45:52.238973,/Users/anupreksha/Desktop/hoophouse2023/flowerPi/aug11backup/videos/001f543e42a5/230809/025618_648150_001f543e42a5.mp4,[]
2023-08-11,19:46:15.571853,/Users/anupreksha/Desktop/hoophouse2023/flowerPi/aug11backup/videos/001f543e42a5/230809/121516_583721_001f543e42a5.mp4,[]
2023-08-11,19:45:49.947504,/Users/anupreksha/Desktop/hoophouse2023/flowerPi/aug11backup/videos/001f543e42a5/230809/015151_630257_001f543e42a5.mp4,[]
2023-08-11,19:46:16.950790,/Users/anupreksha/Desktop/hoophouse2023/flowerPi/aug11backup/videos/001f543e42a5/230809/125406_006297_001f543e42a5.mp4,[]
2023-08-11,19:45:54.645934,/Users/anupreksha/Desktop/hoophouse2023/flowerPi/aug11backup/videos/001f543e42a5/230809/040303_664184_001f543e42a5.mp4,[]
2023-08-11,19:45:52.186104,/Users/anupreksha/Desktop/hoophouse2023/flowerPi/aug11backup/videos/001f543e42a5/230809/025024_653542_001f543e42a5.mp4,[]
2023-08-11,19:46:08.800375,/Users/anupreksha/Desktop/hoophouse2023/flowerPi/aug11backup/videos/001f543e42a5/230809/112937_772190_001f543e42a5.mp4,[336]
2023-08-11,19:46:08.928883,/Users/anupreksha/Desktop/hoophouse2023/flowerPi/aug11backup/videos/001f543e42a5/230809/113327_778253_001f543e42a5.mp4,[]
2023-08-11,19:45:59.561651,/Users/anupreksha/Desktop/hoophouse2023/flowerPi/aug11backup/videos/001f543e42a5/230809/050525_677741_001f543e42a5.mp4,[]
2023-08-11,19:45:46.529107,/Users/anupreksha/Desktop/hoophouse2023/flowerPi/aug11backup/videos/001f543e42a5/230809/000202_016193_001f543e42a5.mp4,[]
2023-08-11,19:46:15.967678,/Users/anupreksha/Desktop/hoophouse2023/flowerPi/aug11backup/videos/001f543e42a5/230809/122653_585136_001f543e42a5.mp4,[683]
2023-08-11,19:45:59.121919,/Users/anupreksha/Desktop/hoophouse2023/flowerPi/aug11backup/videos/001f543e42a5/230809/044745_670333_001f543e42a5.mp4,[]
2023-08-11,19:46:05.416218,/Users/anupreksha/Desktop/hoophouse2023/flowerPi/aug11backup/videos/001f543e42a5/230809/105642_097519_001f543e42a5.mp4,[]
2023-08-11,19:45:56.713011,/Users/anupreksha/Desktop/hoophouse2023/flowerPi/aug11backup/videos/001f543e42a5/230809/042043_667011_001f543e42a5.mp4,[]
2023-08-11,19:45:56.596794,/Users/anupreksha/Desktop/hoophouse2023/flowerPi/aug11backup/videos/001f543e42a5/230809/041614_664371_001f543e42a5.mp4,[]
2023-08-11,19:46:05.686929,/Users/anupreksha/Desktop/hoophouse2023/flowerPi/aug11backup/videos/001f543e42a5/230809/110341_774372_001f543e42a5.mp4,[]
2023-08-11,19:45:46.799464,/Users/anupreksha/Desktop/hoophouse2023/flowerPi/aug11backup/videos/001f543e42a5/230809/001220_210006_001f543e42a5.mp4,[]
2023-08-11,19:45:52.061522,/Users/anupreksha/Desktop/hoophouse2023/flowerPi/aug11backup/videos/001f543e42a5/230809/024243_651177_001f543e42a5.mp4,[]
2023-08-11,19:45:52.054075,/Users/anupreksha/Desktop/hoophouse2023/flowerPi/aug11backup/videos/001f543e42a5/230809/024222_649122_001f543e42a5.mp4,[]
2023-08-11,19:46:16.020877,/Users/anupreksha/Desktop/hoophouse2023/flowerPi/aug11backup/videos/001f543e42a5/230809/122837_785025_001f543e42a5.mp4,[]
2023-08-11,19:45:54.402303,/Users/anupreksha/Desktop/hoophouse2023/flowerPi/aug11backup/videos/001f543e42a5/230809/033431_662671_001f543e42a5.mp4,[]
2023-08-11,19:45:52.361526,/Users/anupreksha/Desktop/hoophouse2023/flowerPi/aug11backup/videos/001f543e42a5/230809/030431_652284_001f543e42a5.mp4,[]
2023-08-11,19:46:17.071396,/Users/anupreksha/Desktop/hoophouse2023/flowerPi/aug11backup/videos/001f543e42a5/230809/131145_403958_001f543e42a5.mp4,[]
2023-08-11,19:46:16.076094,/Users/anupreksha/Desktop/hoophouse2023/flowerPi/aug11backup/videos/001f543e42a5/230809/123019_993620_001f543e42a5.mp4,[]
2023-08-11,19:45:54.510769,/Users/anupreksha/Desktop/hoophouse2023/flowerPi/aug11backup/videos/001f543e42a5/230809/035250_661493_001f543e42a5.mp4,[]
2023-08-11,19:45:50.011868,/Users/anupreksha/Desktop/hoophouse2023/flowerPi/aug11backup/videos/001f543e42a5/230809/015825_632070_001f543e42a5.mp4,[]
2023-08-11,19:46:09.391775,/Users/anupreksha/Desktop/hoophouse2023/flowerPi/aug11backup/videos/001f543e42a5/230809/114548_577345_001f543e42a5.mp4,[425]
2023-08-11,19:46:02.006179,/Users/anupreksha/Desktop/hoophouse2023/flowerPi/aug11backup/videos/001f543e42a5/230809/052417_880819_001f543e42a5.mp4,[]
2023-08-11,19:46:16.804962,/Users/anupreksha/Desktop/hoophouse2023/flowerPi/aug11backup/videos/001f543e42a5/230809/124535_592105_001f543e42a5.mp4,[]
2023-08-11,19:45:59.528629,/Users/anupreksha/Desktop/hoophouse2023/flowerPi/aug11backup/videos/001f543e42a5/230809/050410_677719_001f543e42a5.mp4,[]
2023-08-11,19:45:54.565884,/Users/anupreksha/Desktop/hoophouse2023/flowerPi/aug11backup/videos/001f543e42a5/230809/035659_672666_001f543e42a5.mp4,[]
2023-08-11,19:46:01.832032,/Users/anupreksha/Desktop/hoophouse2023/flowerPi/aug11backup/videos/001f543e42a5/230809/051728_879938_001f543e42a5.mp4,[]
2023-08-11,19:45:47.961916,/Users/anupreksha/Desktop/hoophouse2023/flowerPi/aug11backup/videos/001f543e42a5/230809/001753_612191_001f543e42a5.mp4,[]
2023-08-11,19:46:12.437662,/Users/anupreksha/Desktop/hoophouse2023/flowerPi/aug11backup/videos/001f543e42a5/230809/120249_584880_001f543e42a5.mp4,"[638, 638]"
2023-08-11,19:46:02.110068,/Users/anupreksha/Desktop/hoophouse2023/flowerPi/aug11backup/videos/001f543e42a5/230809/052751_881793_001f543e42a5.mp4,[]
2023-08-11,19:45:48.170244,/Users/anupreksha/Desktop/hoophouse2023/flowerPi/aug11backup/videos/001f543e42a5/230809/002640_213926_001f543e42a5.mp4,[]
2023-08-11,19:46:08.960889,/Users/anupreksha/Desktop/hoophouse2023/flowerPi/aug11backup/videos/001f543e42a5/230809/113419_784001_001f543e42a5.mp4,[]
2023-08-11,19:45:54.185973,/Users/anupreksha/Desktop/hoophouse2023/flowerPi/aug11backup/videos/001f543e42a5/230809/030852_648545_001f543e42a5.mp4,[]
2023-08-11,19:45:59.590142,/Users/anupreksha/Desktop/hoophouse2023/flowerPi/aug11backup/videos/001f543e42a5/230809/050636_720379_001f543e42a5.mp4,[]
2023-08-11,19:46:15.832207,/Users/anupreksha/Desktop/hoophouse2023/flowerPi/aug11backup/videos/001f543e42a5/230809/122320_585105_001f543e42a5.mp4,[]
2023-08-11,19:46:05.149590,/Users/anupreksha/Desktop/hoophouse2023/flowerPi/aug11backup/videos/001f543e42a5/230809/104949_767055_001f543e42a5.mp4,[]
2023-08-11,19:45:59.408189,/Users/anupreksha/Desktop/hoophouse2023/flowerPi/aug11backup/videos/001f543e42a5/230809/045923_673641_001f543e42a5.mp4,[]
2023-08-11,19:46:06.013468,/Users/anupreksha/Desktop/hoophouse2023/flowerPi/aug11backup/videos/001f543e42a5/230809/111451_776802_001f543e42a5.mp4,[]
2023-08-11,19:46:12.235284,/Users/anupreksha/Desktop/hoophouse2023/flowerPi/aug11backup/videos/001f543e42a5/230809/115732_578709_001f543e42a5.mp4,[]
2023-08-11,19:45:54.721492,/Users/anupreksha/Desktop/hoophouse2023/flowerPi/aug11backup/videos/001f543e42a5/230809/040655_670234_001f543e42a5.mp4,[]
2023-08-11,19:46:02.184526,/Users/anupreksha/Desktop/hoophouse2023/flowerPi/aug11backup/videos/001f543e42a5/230809/102341_960872_001f543e42a5.mp4,[]
2023-08-11,19:45:52.039880,/Users/anupreksha/Desktop/hoophouse2023/flowerPi/aug11backup/videos/001f543e42a5/230809/024115_642198_001f543e42a5.mp4,[]
2023-08-11,19:46:15.334496,/Users/anupreksha/Desktop/hoophouse2023/flowerPi/aug11backup/videos/001f543e42a5/230809/120855_981753_001f543e42a5.mp4,[]
2023-08-11,19:46:01.853549,/Users/anupreksha/Desktop/hoophouse2023/flowerPi/aug11backup/videos/001f543e42a5/230809/051804_880194_001f543e42a5.mp4,[]
2023-08-11,19:45:54.252430,/Users/anupreksha/Desktop/hoophouse2023/flowerPi/aug11backup/videos/001f543e42a5/230809/031213_657295_001f543e42a5.mp4,[]
2023-08-11,19:45:59.461196,/Users/anupreksha/Desktop/hoophouse2023/flowerPi/aug11backup/videos/001f543e42a5/230809/050158_674970_001f543e42a5.mp4,[]
2023-08-11,19:45:48.521104,/Users/anupreksha/Desktop/hoophouse2023/flowerPi/aug11backup/videos/001f543e42a5/230809/004239_417389_001f543e42a5.mp4,[]
2023-08-11,19:46:05.796341,/Users/anupreksha/Desktop/hoophouse2023/flowerPi/aug11backup/videos/001f543e42a5/230809/110639_772101_001f543e42a5.mp4,[]
2023-08-11,19:46:01.978466,/Users/anupreksha/Desktop/hoophouse2023/flowerPi/aug11backup/videos/001f543e42a5/230809/052320_884741_001f543e42a5.mp4,[]
2023-08-11,19:46:12.527947,/Users/anupreksha/Desktop/hoophouse2023/flowerPi/aug11backup/videos/001f543e42a5/230809/120511_782621_001f543e42a5.mp4,[]
2023-08-11,19:46:15.416646,/Users/anupreksha/Desktop/hoophouse2023/flowerPi/aug11backup/videos/001f543e42a5/230809/121101_980788_001f543e42a5.mp4,[]
2023-08-11,19:45:46.602968,/Users/anupreksha/Desktop/hoophouse2023/flowerPi/aug11backup/videos/001f543e42a5/230809/000449_008026_001f543e42a5.mp4,[]
2023-08-11,19:46:16.323319,/Users/anupreksha/Desktop/hoophouse2023/flowerPi/aug11backup/videos/001f543e42a5/230809/123846_391111_001f543e42a5.mp4,[]
2023-08-11,19:46:17.054645,/Users/anupreksha/Desktop/hoophouse2023/flowerPi/aug11backup/videos/001f543e42a5/230809/130924_407367_001f543e42a5.mp4,[216]
2023-08-11,19:46:16.904184,/Users/anupreksha/Desktop/hoophouse2023/flowerPi/aug11backup/videos/001f543e42a5/230809/125152_794692_001f543e42a5.mp4,[525]
2023-08-11,19:46:08.701647,/Users/anupreksha/Desktop/hoophouse2023/flowerPi/aug11backup/videos/001f543e42a5/230809/112654_577403_001f543e42a5.mp4,[]
2023-08-11,19:45:48.128288,/Users/anupreksha/Desktop/hoophouse2023/flowerPi/aug11backup/videos/001f543e42a5/230809/002454_214836_001f543e42a5.mp4,[]
2023-08-11,19:45:52.106626,/Users/anupreksha/Desktop/hoophouse2023/flowerPi/aug11backup/videos/001f543e42a5/230809/024556_642592_001f543e42a5.mp4,[]
2023-08-11,19:46:05.882745,/Users/anupreksha/Desktop/hoophouse2023/flowerPi/aug11backup/videos/001f543e42a5/230809/110909_771805_001f543e42a5.mp4,[]
2023-08-11,19:46:16.779101,/Users/anupreksha/Desktop/hoophouse2023/flowerPi/aug11backup/videos/001f543e42a5/230809/124423_597742_001f543e42a5.mp4,[]
2023-08-11,19:45:56.570860,/Users/anupreksha/Desktop/hoophouse2023/flowerPi/aug11backup/videos/001f543e42a5/230809/041440_664685_001f543e42a5.mp4,[]
2023-08-11,19:46:02.035820,/Users/anupreksha/Desktop/hoophouse2023/flowerPi/aug11backup/videos/001f543e42a5/230809/052538_882129_001f543e42a5.mp4,[]
2023-08-11,19:45:46.571033,/Users/anupreksha/Desktop/hoophouse2023/flowerPi/aug11backup/videos/001f543e42a5/230809/000338_008198_001f543e42a5.mp4,[]
2023-08-11,19:45:59.255082,/Users/anupreksha/Desktop/hoophouse2023/flowerPi/aug11backup/videos/001f543e42a5/230809/045322_671889_001f543e42a5.mp4,[]
2023-08-11,19:45:54.693324,/Users/anupreksha/Desktop/hoophouse2023/flowerPi/aug11backup/videos/001f543e42a5/230809/040517_667249_001f543e42a5.mp4,[]
2023-08-11,19:46:05.221429,/Users/anupreksha/Desktop/hoophouse2023/flowerPi/aug11backup/videos/001f543e42a5/230809/105154_771946_001f543e42a5.mp4,[]
2023-08-11,19:46:05.807186,/Users/anupreksha/Desktop/hoophouse2023/flowerPi/aug11backup/videos/001f543e42a5/230809/110705_773306_001f543e42a5.mp4,[]
2023-08-11,19:46:02.308552,/Users/anupreksha/Desktop/hoophouse2023/flowerPi/aug11backup/videos/001f543e42a5/230809/103734_159275_001f543e42a5.mp4,[]
2023-08-11,19:45:56.590178,/Users/anupreksha/Desktop/hoophouse2023/flowerPi/aug11backup/videos/001f543e42a5/230809/041552_668489_001f543e42a5.mp4,[]
2023-08-11,19:46:16.108056,/Users/anupreksha/Desktop/hoophouse2023/flowerPi/aug11backup/videos/001f543e42a5/230809/123107_998622_001f543e42a5.mp4,[]
2023-08-11,19:46:02.278164,/Users/anupreksha/Desktop/hoophouse2023/flowerPi/aug11backup/videos/001f543e42a5/230809/103502_091131_001f543e42a5.mp4,[]
2023-08-11,19:45:49.862263,/Users/anupreksha/Desktop/hoophouse2023/flowerPi/aug11backup/videos/001f543e42a5/230809/013819_438675_001f543e42a5.mp4,[]
2023-08-11,19:46:16.197788,/Users/anupreksha/Desktop/hoophouse2023/flowerPi/aug11backup/videos/001f543e42a5/230809/123419_187136_001f543e42a5.mp4,"[277, 277, 277, 445]"
2023-08-11,19:45:48.589550,/Users/anupreksha/Desktop/hoophouse2023/flowerPi/aug11backup/videos/001f543e42a5/230809/012542_836371_001f543e42a5.mp4,[]
2023-08-11,19:45:50.434044,/Users/anupreksha/Desktop/hoophouse2023/flowerPi/aug11backup/videos/001f543e42a5/230809/022111_647714_001f543e42a5.mp4,[]
2023-08-11,19:46:01.713521,/Users/anupreksha/Desktop/hoophouse2023/flowerPi/aug11backup/videos/001f543e42a5/230809/051253_876947_001f543e42a5.mp4,[]
2023-08-11,19:45:48.325819,/Users/anupreksha/Desktop/hoophouse2023/flowerPi/aug11backup/videos/001f543e42a5/230809/003301_218850_001f543e42a5.mp4,[]
2023-08-11,19:45:49.997159,/Users/anupreksha/Desktop/hoophouse2023/flowerPi/aug11backup/videos/001f543e42a5/230809/015743_637993_001f543e42a5.mp4,[]
2023-08-11,19:46:15.714604,/Users/anupreksha/Desktop/hoophouse2023/flowerPi/aug11backup/videos/001f543e42a5/230809/121951_588048_001f543e42a5.mp4,[]
2023-08-11,19:46:08.615683,/Users/anupreksha/Desktop/hoophouse2023/flowerPi/aug11backup/videos/001f543e42a5/230809/112444_183040_001f543e42a5.mp4,[]
2023-08-11,19:45:47.994867,/Users/anupreksha/Desktop/hoophouse2023/flowerPi/aug11backup/videos/001f543e42a5/230809/001905_615846_001f543e42a5.mp4,[]
2023-08-11,19:45:56.860767,/Users/anupreksha/Desktop/hoophouse2023/flowerPi/aug11backup/videos/001f543e42a5/230809/042910_665929_001f543e42a5.mp4,[]
2023-08-11,19:45:59.382704,/Users/anupreksha/Desktop/hoophouse2023/flowerPi/aug11backup/videos/001f543e42a5/230809/045812_673044_001f543e42a5.mp4,[]
2023-08-11,19:46:09.461262,/Users/anupreksha/Desktop/hoophouse2023/flowerPi/aug11backup/videos/001f543e42a5/230809/114733_776167_001f543e42a5.mp4,[]
2023-08-11,19:45:57.093816,/Users/anupreksha/Desktop/hoophouse2023/flowerPi/aug11backup/videos/001f543e42a5/230809/043839_669134_001f543e42a5.mp4,[]
2023-08-11,19:45:48.528291,/Users/anupreksha/Desktop/hoophouse2023/flowerPi/aug11backup/videos/001f543e42a5/230809/004314_416690_001f543e42a5.mp4,[]
2023-08-11,19:45:49.868986,/Users/anupreksha/Desktop/hoophouse2023/flowerPi/aug11backup/videos/001f543e42a5/230809/014001_432253_001f543e42a5.mp4,[]
2023-08-11,19:45:52.441559,/Users/anupreksha/Desktop/hoophouse2023/flowerPi/aug11backup/videos/001f543e42a5/230809/030814_650674_001f543e42a5.mp4,[]
2023-08-11,19:46:05.737282,/Users/anupreksha/Desktop/hoophouse2023/flowerPi/aug11backup/videos/001f543e42a5/230809/110451_769041_001f543e42a5.mp4,[]
2023-08-11,19:46:08.532970,/Users/anupreksha/Desktop/hoophouse2023/flowerPi/aug11backup/videos/001f543e42a5/230809/112233_976682_001f543e42a5.mp4,[]
2023-08-11,19:46:02.337101,/Users/anupreksha/Desktop/hoophouse2023/flowerPi/aug11backup/videos/001f543e42a5/230809/103908_158996_001f543e42a5.mp4,[]
2023-08-11,19:45:54.306495,/Users/anupreksha/Desktop/hoophouse2023/flowerPi/aug11backup/videos/001f543e42a5/230809/031537_663821_001f543e42a5.mp4,[]
2023-08-11,19:46:08.945548,/Users/anupreksha/Desktop/hoophouse2023/flowerPi/aug11backup/videos/001f543e42a5/230809/113355_782796_001f543e42a5.mp4,[683]
2023-08-11,19:46:15.612842,/Users/anupreksha/Desktop/hoophouse2023/flowerPi/aug11backup/videos/001f543e42a5/230809/121640_589674_001f543e42a5.mp4,[683]
2023-08-11,19:45:52.270276,/Users/anupreksha/Desktop/hoophouse2023/flowerPi/aug11backup/videos/001f543e42a5/230809/025839_647930_001f543e42a5.mp4,[]
2023-08-11,19:46:17.147956,/Users/anupreksha/Desktop/hoophouse2023/flowerPi/aug11backup/videos/001f543e42a5/230809/132435_602873_001f543e42a5.mp4,[]
2023-08-11,19:45:50.317266,/Users/anupreksha/Desktop/hoophouse2023/flowerPi/aug11backup/videos/001f543e42a5/230809/021433_638289_001f543e42a5.mp4,[]
2023-08-11,19:46:15.877294,/Users/anupreksha/Desktop/hoophouse2023/flowerPi/aug11backup/videos/001f543e42a5/230809/122449_584123_001f543e42a5.mp4,[]
2023-08-11,19:45:59.485000,/Users/anupreksha/Desktop/hoophouse2023/flowerPi/aug11backup/videos/001f543e42a5/230809/050241_674079_001f543e42a5.mp4,[]
2023-08-11,19:45:46.701589,/Users/anupreksha/Desktop/hoophouse2023/flowerPi/aug11backup/videos/001f543e42a5/230809/000840_016900_001f543e42a5.mp4,[]
2023-08-11,19:45:54.299511,/Users/anupreksha/Desktop/hoophouse2023/flowerPi/aug11backup/videos/001f543e42a5/230809/031523_651048_001f543e42a5.mp4,[]
2023-08-11,19:45:48.432686,/Users/anupreksha/Desktop/hoophouse2023/flowerPi/aug11backup/videos/001f543e42a5/230809/003731_417137_001f543e42a5.mp4,[]
2023-08-11,19:46:15.448697,/Users/anupreksha/Desktop/hoophouse2023/flowerPi/aug11backup/videos/001f543e42a5/230809/121155_387823_001f543e42a5.mp4,[]
2023-08-11,19:46:12.559581,/Users/anupreksha/Desktop/hoophouse2023/flowerPi/aug11backup/videos/001f543e42a5/230809/120603_914516_001f543e42a5.mp4,[]
2023-08-11,19:45:50.036734,/Users/anupreksha/Desktop/hoophouse2023/flowerPi/aug11backup/videos/001f543e42a5/230809/015939_632794_001f543e42a5.mp4,[]
2023-08-11,19:46:12.406210,/Users/anupreksha/Desktop/hoophouse2023/flowerPi/aug11backup/videos/001f543e42a5/230809/120200_578833_001f543e42a5.mp4,[319]
2023-08-11,19:46:02.192434,/Users/anupreksha/Desktop/hoophouse2023/flowerPi/aug11backup/videos/001f543e42a5/230809/102410_965070_001f543e42a5.mp4,[]
2023-08-11,19:46:16.188483,/Users/anupreksha/Desktop/hoophouse2023/flowerPi/aug11backup/videos/001f543e42a5/230809/123358_190441_001f543e42a5.mp4,"[277, 277, 277, 277, 277, 277, 277, 277, 277, 277]"
2023-08-11,19:46:15.761333,/Users/anupreksha/Desktop/hoophouse2023/flowerPi/aug11backup/videos/001f543e42a5/230809/122121_587783_001f543e42a5.mp4,[]
2023-08-11,19:45:56.683769,/Users/anupreksha/Desktop/hoophouse2023/flowerPi/aug11backup/videos/001f543e42a5/230809/041941_667834_001f543e42a5.mp4,[]
2023-08-11,19:46:08.485081,/Users/anupreksha/Desktop/hoophouse2023/flowerPi/aug11backup/videos/001f543e42a5/230809/112109_977471_001f543e42a5.mp4,[]
2023-08-11,19:45:59.506231,/Users/anupreksha/Desktop/hoophouse2023/flowerPi/aug11backup/videos/001f543e42a5/230809/050317_674260_001f543e42a5.mp4,[17]
2023-08-11,19:46:15.846991,/Users/anupreksha/Desktop/hoophouse2023/flowerPi/aug11backup/videos/001f543e42a5/230809/122343_585881_001f543e42a5.mp4,"[653, 683]"
2023-08-11,19:46:06.079503,/Users/anupreksha/Desktop/hoophouse2023/flowerPi/aug11backup/videos/001f543e42a5/230809/111754_905789_001f543e42a5.mp4,[]
2023-08-11,19:45:48.378406,/Users/anupreksha/Desktop/hoophouse2023/flowerPi/aug11backup/videos/001f543e42a5/230809/003459_414625_001f543e42a5.mp4,"[638, 638]"
2023-08-11,19:46:12.645985,/Users/anupreksha/Desktop/hoophouse2023/flowerPi/aug11backup/videos/001f543e42a5/230809/120841_980564_001f543e42a5.mp4,"[683, 683, 683]"
2023-08-11,19:45:59.082885,/Users/anupreksha/Desktop/hoophouse2023/flowerPi/aug11backup/videos/001f543e42a5/230809/044545_670075_001f543e42a5.mp4,[]
2023-08-11,19:46:12.455093,/Users/anupreksha/Desktop/hoophouse2023/flowerPi/aug11backup/videos/001f543e42a5/230809/120312_578164_001f543e42a5.mp4,[]
2023-08-11,19:45:50.083570,/Users/anupreksha/Desktop/hoophouse2023/flowerPi/aug11backup/videos/001f543e42a5/230809/020152_635067_001f543e42a5.mp4,[]
2023-08-11,19:45:59.145598,/Users/anupreksha/Desktop/hoophouse2023/flowerPi/aug11backup/videos/001f543e42a5/230809/044857_671150_001f543e42a5.mp4,[]
2023-08-11,19:45:46.560643,/Users/anupreksha/Desktop/hoophouse2023/flowerPi/aug11backup/videos/001f543e42a5/230809/000314_012382_001f543e42a5.mp4,[]
2023-08-11,19:45:59.423996,/Users/anupreksha/Desktop/hoophouse2023/flowerPi/aug11backup/videos/001f543e42a5/230809/045959_674915_001f543e42a5.mp4,[]
2023-08-11,19:45:51.841716,/Users/anupreksha/Desktop/hoophouse2023/flowerPi/aug11backup/videos/001f543e42a5/230809/022606_640359_001f543e42a5.mp4,[]
2023-08-11,19:46:17.000515,/Users/anupreksha/Desktop/hoophouse2023/flowerPi/aug11backup/videos/001f543e42a5/230809/130128_192974_001f543e42a5.mp4,[470]
2023-08-11,19:46:16.969218,/Users/anupreksha/Desktop/hoophouse2023/flowerPi/aug11backup/videos/001f543e42a5/230809/125851_995667_001f543e42a5.mp4,[]
2023-08-11,19:45:49.968352,/Users/anupreksha/Desktop/hoophouse2023/flowerPi/aug11backup/videos/001f543e42a5/230809/015458_632462_001f543e42a5.mp4,[]
2023-08-11,19:45:54.437459,/Users/anupreksha/Desktop/hoophouse2023/flowerPi/aug11backup/videos/001f543e42a5/230809/034827_660518_001f543e42a5.mp4,[]
2023-08-11,19:45:48.220315,/Users/anupreksha/Desktop/hoophouse2023/flowerPi/aug11backup/videos/001f543e42a5/230809/002911_217291_001f543e42a5.mp4,[]
2023-08-11,19:46:15.920661,/Users/anupreksha/Desktop/hoophouse2023/flowerPi/aug11backup/videos/001f543e42a5/230809/122541_595553_001f543e42a5.mp4,[]
2023-08-11,19:46:12.587409,/Users/anupreksha/Desktop/hoophouse2023/flowerPi/aug11backup/videos/001f543e42a5/230809/120703_988367_001f543e42a5.mp4,[]
2023-08-11,19:45:50.182456,/Users/anupreksha/Desktop/hoophouse2023/flowerPi/aug11backup/videos/001f543e42a5/230809/020624_635695_001f543e42a5.mp4,[]
2023-08-11,19:46:08.867096,/Users/anupreksha/Desktop/hoophouse2023/flowerPi/aug11backup/videos/001f543e42a5/230809/113128_190578_001f543e42a5.mp4,"[314, 853, 853, 853, 853]"
2023-08-11,19:46:16.006337,/Users/anupreksha/Desktop/hoophouse2023/flowerPi/aug11backup/videos/001f543e42a5/230809/122821_794438_001f543e42a5.mp4,[]
2023-08-11,19:45:54.245825,/Users/anupreksha/Desktop/hoophouse2023/flowerPi/aug11backup/videos/001f543e42a5/230809/031153_655667_001f543e42a5.mp4,[]
2023-08-11,19:45:59.138075,/Users/anupreksha/Desktop/hoophouse2023/flowerPi/aug11backup/videos/001f543e42a5/230809/044844_671100_001f543e42a5.mp4,[]
2023-08-11,19:45:52.224839,/Users/anupreksha/Desktop/hoophouse2023/flowerPi/aug11backup/videos/001f543e42a5/230809/025420_646606_001f543e42a5.mp4,[]
2023-08-11,19:45:59.468469,/Users/anupreksha/Desktop/hoophouse2023/flowerPi/aug11backup/videos/001f543e42a5/230809/050210_674247_001f543e42a5.mp4,[]
2023-08-11,19:45:59.262423,/Users/anupreksha/Desktop/hoophouse2023/flowerPi/aug11backup/videos/001f543e42a5/230809/045335_674477_001f543e42a5.mp4,[]
2023-08-11,19:46:16.924676,/Users/anupreksha/Desktop/hoophouse2023/flowerPi/aug11backup/videos/001f543e42a5/230809/125227_795067_001f543e42a5.mp4,[]
2023-08-11,19:46:05.570873,/Users/anupreksha/Desktop/hoophouse2023/flowerPi/aug11backup/videos/001f543e42a5/230809/110052_568890_001f543e42a5.mp4,[]
2023-08-11,19:45:57.144750,/Users/anupreksha/Desktop/hoophouse2023/flowerPi/aug11backup/videos/001f543e42a5/230809/044025_668853_001f543e42a5.mp4,[]
2023-08-11,19:45:50.412751,/Users/anupreksha/Desktop/hoophouse2023/flowerPi/aug11backup/videos/001f543e42a5/230809/022007_640486_001f543e42a5.mp4,[]
2023-08-11,19:45:54.285671,/Users/anupreksha/Desktop/hoophouse2023/flowerPi/aug11backup/videos/001f543e42a5/230809/031422_655626_001f543e42a5.mp4,[]
2023-08-11,19:45:56.543479,/Users/anupreksha/Desktop/hoophouse2023/flowerPi/aug11backup/videos/001f543e42a5/230809/041348_663940_001f543e42a5.mp4,[]
2023-08-11,19:45:49.927083,/Users/anupreksha/Desktop/hoophouse2023/flowerPi/aug11backup/videos/001f543e42a5/230809/015010_640257_001f543e42a5.mp4,[]
2023-08-11,19:45:59.329364,/Users/anupreksha/Desktop/hoophouse2023/flowerPi/aug11backup/videos/001f543e42a5/230809/045643_674805_001f543e42a5.mp4,[]
2023-08-11,19:46:01.907710,/Users/anupreksha/Desktop/hoophouse2023/flowerPi/aug11backup/videos/001f543e42a5/230809/052016_880664_001f543e42a5.mp4,[]
2023-08-11,19:46:08.749819,/Users/anupreksha/Desktop/hoophouse2023/flowerPi/aug11backup/videos/001f543e42a5/230809/112815_581620_001f543e42a5.mp4,[]
2023-08-11,19:46:05.275949,/Users/anupreksha/Desktop/hoophouse2023/flowerPi/aug11backup/videos/001f543e42a5/230809/105319_772414_001f543e42a5.mp4,[]
2023-08-11,19:46:12.295820,/Users/anupreksha/Desktop/hoophouse2023/flowerPi/aug11backup/videos/001f543e42a5/230809/115915_586668_001f543e42a5.mp4,[]
2023-08-11,19:45:54.797635,/Users/anupreksha/Desktop/hoophouse2023/flowerPi/aug11backup/videos/001f543e42a5/230809/041112_665157_001f543e42a5.mp4,[]
2023-08-11,19:45:48.227967,/Users/anupreksha/Desktop/hoophouse2023/flowerPi/aug11backup/videos/001f543e42a5/230809/002933_215256_001f543e42a5.mp4,[]
2023-08-11,19:45:57.046377,/Users/anupreksha/Desktop/hoophouse2023/flowerPi/aug11backup/videos/001f543e42a5/230809/043637_669642_001f543e42a5.mp4,[]
2023-08-11,19:46:09.546065,/Users/anupreksha/Desktop/hoophouse2023/flowerPi/aug11backup/videos/001f543e42a5/230809/115055_780834_001f543e42a5.mp4,[]
2023-08-11,19:45:52.076594,/Users/anupreksha/Desktop/hoophouse2023/flowerPi/aug11backup/videos/001f543e42a5/230809/024314_642767_001f543e42a5.mp4,[]
2023-08-11,19:46:02.388881,/Users/anupreksha/Desktop/hoophouse2023/flowerPi/aug11backup/videos/001f543e42a5/230809/104217_165731_001f543e42a5.mp4,[]
2023-08-11,19:45:54.430584,/Users/anupreksha/Desktop/hoophouse2023/flowerPi/aug11backup/videos/001f543e42a5/230809/034753_660103_001f543e42a5.mp4,[]
2023-08-11,19:45:47.985015,/Users/anupreksha/Desktop/hoophouse2023/flowerPi/aug11backup/videos/001f543e42a5/230809/001854_613204_001f543e42a5.mp4,[]
2023-08-11,19:46:08.896899,/Users/anupreksha/Desktop/hoophouse2023/flowerPi/aug11backup/videos/001f543e42a5/230809/113223_508282_001f543e42a5.mp4,[]
2023-08-11,19:45:51.871425,/Users/anupreksha/Desktop/hoophouse2023/flowerPi/aug11backup/videos/001f543e42a5/230809/022737_654912_001f543e42a5.mp4,[]
2023-08-11,19:46:09.560604,/Users/anupreksha/Desktop/hoophouse2023/flowerPi/aug11backup/videos/001f543e42a5/230809/115115_778164_001f543e42a5.mp4,"[17, 17, 17, 17]"
2023-08-11,19:45:59.202432,/Users/anupreksha/Desktop/hoophouse2023/flowerPi/aug11backup/videos/001f543e42a5/230809/045102_671518_001f543e42a5.mp4,[]
2023-08-11,19:45:54.671447,/Users/anupreksha/Desktop/hoophouse2023/flowerPi/aug11backup/videos/001f543e42a5/230809/040403_676444_001f543e42a5.mp4,[]
2023-08-11,19:46:12.269456,/Users/anupreksha/Desktop/hoophouse2023/flowerPi/aug11backup/videos/001f543e42a5/230809/115825_591638_001f543e42a5.mp4,[]
2023-08-11,19:46:02.211041,/Users/anupreksha/Desktop/hoophouse2023/flowerPi/aug11backup/videos/001f543e42a5/230809/102509_958558_001f543e42a5.mp4,[]
2023-08-11,19:46:05.198193,/Users/anupreksha/Desktop/hoophouse2023/flowerPi/aug11backup/videos/001f543e42a5/230809/105055_766025_001f543e42a5.mp4,[224]
2023-08-11,19:46:17.125205,/Users/anupreksha/Desktop/hoophouse2023/flowerPi/aug11backup/videos/001f543e42a5/230809/132157_608516_001f543e42a5.mp4,[]
2023-08-11,19:46:05.652535,/Users/anupreksha/Desktop/hoophouse2023/flowerPi/aug11backup/videos/001f543e42a5/230809/110249_774771_001f543e42a5.mp4,[]
2023-08-11,19:45:57.100517,/Users/anupreksha/Desktop/hoophouse2023/flowerPi/aug11backup/videos/001f543e42a5/230809/043855_669147_001f543e42a5.mp4,[]
2023-08-11,19:46:01.970110,/Users/anupreksha/Desktop/hoophouse2023/flowerPi/aug11backup/videos/001f543e42a5/230809/052255_882335_001f543e42a5.mp4,[]
2023-08-11,19:45:48.035783,/Users/anupreksha/Desktop/hoophouse2023/flowerPi/aug11backup/videos/001f543e42a5/230809/002055_816997_001f543e42a5.mp4,[]
2023-08-11,19:46:05.527660,/Users/anupreksha/Desktop/hoophouse2023/flowerPi/aug11backup/videos/001f543e42a5/230809/105950_371389_001f543e42a5.mp4,[]
2023-08-11,19:46:17.116443,/Users/anupreksha/Desktop/hoophouse2023/flowerPi/aug11backup/videos/001f543e42a5/230809/132027_601079_001f543e42a5.mp4,[997]
2023-08-11,19:46:15.628012,/Users/anupreksha/Desktop/hoophouse2023/flowerPi/aug11backup/videos/001f543e42a5/230809/121709_597375_001f543e42a5.mp4,"[283, 283, 283, 283, 283]"
2023-08-11,19:45:50.173042,/Users/anupreksha/Desktop/hoophouse2023/flowerPi/aug11backup/videos/001f543e42a5/230809/020603_640271_001f543e42a5.mp4,[]
2023-08-11,19:45:54.447098,/Users/anupreksha/Desktop/hoophouse2023/flowerPi/aug11backup/videos/001f543e42a5/230809/034844_666781_001f543e42a5.mp4,[]
2023-08-11,19:46:05.081788,/Users/anupreksha/Desktop/hoophouse2023/flowerPi/aug11backup/videos/001f543e42a5/230809/104801_766968_001f543e42a5.mp4,[]
2023-08-11,19:45:48.159058,/Users/anupreksha/Desktop/hoophouse2023/flowerPi/aug11backup/videos/001f543e42a5/230809/002612_217176_001f543e42a5.mp4,[]
2023-08-11,19:45:49.940912,/Users/anupreksha/Desktop/hoophouse2023/flowerPi/aug11backup/videos/001f543e42a5/230809/015140_631129_001f543e42a5.mp4,[]
2023-08-11,19:45:47.916696,/Users/anupreksha/Desktop/hoophouse2023/flowerPi/aug11backup/videos/001f543e42a5/230809/001603_410257_001f543e42a5.mp4,[]
2023-08-11,19:45:52.091980,/Users/anupreksha/Desktop/hoophouse2023/flowerPi/aug11backup/videos/001f543e42a5/230809/024355_651609_001f543e42a5.mp4,[]
2023-08-11,19:45:47.971007,/Users/anupreksha/Desktop/hoophouse2023/flowerPi/aug11backup/videos/001f543e42a5/230809/001809_610814_001f543e42a5.mp4,[]
2023-08-11,19:46:16.879324,/Users/anupreksha/Desktop/hoophouse2023/flowerPi/aug11backup/videos/001f543e42a5/230809/124951_792991_001f543e42a5.mp4,"[987, 614]"
2023-08-11,19:45:48.178481,/Users/anupreksha/Desktop/hoophouse2023/flowerPi/aug11backup/videos/001f543e42a5/230809/002720_216425_001f543e42a5.mp4,[]
2023-08-11,19:46:01.861050,/Users/anupreksha/Desktop/hoophouse2023/flowerPi/aug11backup/videos/001f543e42a5/230809/051830_884653_001f543e42a5.mp4,[]
2023-08-11,19:46:12.107943,/Users/anupreksha/Desktop/hoophouse2023/flowerPi/aug11backup/videos/001f543e42a5/230809/115351_778036_001f543e42a5.mp4,[]
2023-08-11,19:45:48.268519,/Users/anupreksha/Desktop/hoophouse2023/flowerPi/aug11backup/videos/001f543e42a5/230809/003057_214763_001f543e42a5.mp4,[]
2023-08-11,19:45:46.742613,/Users/anupreksha/Desktop/hoophouse2023/flowerPi/aug11backup/videos/001f543e42a5/230809/001011_010977_001f543e42a5.mp4,[]
2023-08-11,19:46:16.835851,/Users/anupreksha/Desktop/hoophouse2023/flowerPi/aug11backup/videos/001f543e42a5/230809/124723_596042_001f543e42a5.mp4,[]
2023-08-11,19:45:59.217474,/Users/anupreksha/Desktop/hoophouse2023/flowerPi/aug11backup/videos/001f543e42a5/230809/045147_671682_001f543e42a5.mp4,[]
2023-08-11,19:45:50.334655,/Users/anupreksha/Desktop/hoophouse2023/flowerPi/aug11backup/videos/001f543e42a5/230809/021527_645974_001f543e42a5.mp4,[]
2023-08-11,19:45:59.390022,/Users/anupreksha/Desktop/hoophouse2023/flowerPi/aug11backup/videos/001f543e42a5/230809/045823_674834_001f543e42a5.mp4,[]
2023-08-11,19:45:48.019179,/Users/anupreksha/Desktop/hoophouse2023/flowerPi/aug11backup/videos/001f543e42a5/230809/002028_615576_001f543e42a5.mp4,[]
2023-08-11,19:46:15.860886,/Users/anupreksha/Desktop/hoophouse2023/flowerPi/aug11backup/videos/001f543e42a5/230809/122407_593404_001f543e42a5.mp4,[]
2023-08-11,19:46:15.642009,/Users/anupreksha/Desktop/hoophouse2023/flowerPi/aug11backup/videos/001f543e42a5/230809/121735_589165_001f543e42a5.mp4,[]
2023-08-11,19:46:05.211322,/Users/anupreksha/Desktop/hoophouse2023/flowerPi/aug11backup/videos/001f543e42a5/230809/105132_778242_001f543e42a5.mp4,"[17, 17, 17, 17, 17]"
2023-08-11,19:45:50.218809,/Users/anupreksha/Desktop/hoophouse2023/flowerPi/aug11backup/videos/001f543e42a5/230809/020819_637429_001f543e42a5.mp4,[]
2023-08-11,19:45:56.746888,/Users/anupreksha/Desktop/hoophouse2023/flowerPi/aug11backup/videos/001f543e42a5/230809/042313_681589_001f543e42a5.mp4,[]
2023-08-11,19:45:46.582326,/Users/anupreksha/Desktop/hoophouse2023/flowerPi/aug11backup/videos/001f543e42a5/230809/000403_014146_001f543e42a5.mp4,[]
2023-08-11,19:45:54.482964,/Users/anupreksha/Desktop/hoophouse2023/flowerPi/aug11backup/videos/001f543e42a5/230809/035011_673920_001f543e42a5.mp4,[]
2023-08-11,19:46:09.195198,/Users/anupreksha/Desktop/hoophouse2023/flowerPi/aug11backup/videos/001f543e42a5/230809/114021_785094_001f543e42a5.mp4,[653]
2023-08-11,19:46:12.127027,/Users/anupreksha/Desktop/hoophouse2023/flowerPi/aug11backup/videos/001f543e42a5/230809/115421_777916_001f543e42a5.mp4,"[653, 653, 653, 653]"
2023-08-11,19:46:05.845038,/Users/anupreksha/Desktop/hoophouse2023/flowerPi/aug11backup/videos/001f543e42a5/230809/110809_774770_001f543e42a5.mp4,[]
2023-08-11,19:46:09.333822,/Users/anupreksha/Desktop/hoophouse2023/flowerPi/aug11backup/videos/001f543e42a5/230809/114428_175955_001f543e42a5.mp4,[]
2023-08-11,19:46:02.021604,/Users/anupreksha/Desktop/hoophouse2023/flowerPi/aug11backup/videos/001f543e42a5/230809/052439_881675_001f543e42a5.mp4,[]
2023-08-11,19:45:54.777937,/Users/anupreksha/Desktop/hoophouse2023/flowerPi/aug11backup/videos/001f543e42a5/230809/041025_684382_001f543e42a5.mp4,[]
2023-08-11,19:45:52.232126,/Users/anupreksha/Desktop/hoophouse2023/flowerPi/aug11backup/videos/001f543e42a5/230809/025531_647509_001f543e42a5.mp4,[]
2023-08-11,19:45:48.491341,/Users/anupreksha/Desktop/hoophouse2023/flowerPi/aug11backup/videos/001f543e42a5/230809/004040_418098_001f543e42a5.mp4,[]
2023-08-11,19:45:57.026061,/Users/anupreksha/Desktop/hoophouse2023/flowerPi/aug11backup/videos/001f543e42a5/230809/043536_667750_001f543e42a5.mp4,[]
2023-08-11,19:46:16.980212,/Users/anupreksha/Desktop/hoophouse2023/flowerPi/aug11backup/videos/001f543e42a5/230809/125911_143971_001f543e42a5.mp4,[379]
2023-08-11,19:45:54.685664,/Users/anupreksha/Desktop/hoophouse2023/flowerPi/aug11backup/videos/001f543e42a5/230809/040456_670249_001f543e42a5.mp4,[]
2023-08-11,19:45:49.848120,/Users/anupreksha/Desktop/hoophouse2023/flowerPi/aug11backup/videos/001f543e42a5/230809/012828_044700_001f543e42a5.mp4,[]
2023-08-11,19:46:16.177219,/Users/anupreksha/Desktop/hoophouse2023/flowerPi/aug11backup/videos/001f543e42a5/230809/123343_199533_001f543e42a5.mp4,[]
2023-08-11,19:46:16.761945,/Users/anupreksha/Desktop/hoophouse2023/flowerPi/aug11backup/videos/001f543e42a5/230809/124243_595773_001f543e42a5.mp4,[]
2023-08-11,19:46:01.799915,/Users/anupreksha/Desktop/hoophouse2023/flowerPi/aug11backup/videos/001f543e42a5/230809/051619_878031_001f543e42a5.mp4,[]
2023-08-11,19:45:57.037923,/Users/anupreksha/Desktop/hoophouse2023/flowerPi/aug11backup/videos/001f543e42a5/230809/043603_667820_001f543e42a5.mp4,[]
2023-08-11,19:45:52.354489,/Users/anupreksha/Desktop/hoophouse2023/flowerPi/aug11backup/videos/001f543e42a5/230809/030411_657927_001f543e42a5.mp4,[]
2023-08-11,19:46:16.853624,/Users/anupreksha/Desktop/hoophouse2023/flowerPi/aug11backup/videos/001f543e42a5/230809/124753_592314_001f543e42a5.mp4,[852]
2023-08-11,19:46:05.067596,/Users/anupreksha/Desktop/hoophouse2023/flowerPi/aug11backup/videos/001f543e42a5/230809/104733_495210_001f543e42a5.mp4,[]
2023-08-11,19:45:48.300752,/Users/anupreksha/Desktop/hoophouse2023/flowerPi/aug11backup/videos/001f543e42a5/230809/003202_216853_001f543e42a5.mp4,[]
2023-08-11,19:45:56.604036,/Users/anupreksha/Desktop/hoophouse2023/flowerPi/aug11backup/videos/001f543e42a5/230809/041628_664416_001f543e42a5.mp4,[]
2023-08-11,19:46:16.219019,/Users/anupreksha/Desktop/hoophouse2023/flowerPi/aug11backup/videos/001f543e42a5/230809/123453_188358_001f543e42a5.mp4,[]
2023-08-11,19:45:48.497742,/Users/anupreksha/Desktop/hoophouse2023/flowerPi/aug11backup/videos/001f543e42a5/230809/004110_416003_001f543e42a5.mp4,[]
2023-08-11,19:45:48.345717,/Users/anupreksha/Desktop/hoophouse2023/flowerPi/aug11backup/videos/001f543e42a5/230809/003353_219430_001f543e42a5.mp4,[]
2023-08-11,19:46:08.667744,/Users/anupreksha/Desktop/hoophouse2023/flowerPi/aug11backup/videos/001f543e42a5/230809/112555_381977_001f543e42a5.mp4,[]
2023-08-11,19:45:56.611999,/Users/anupreksha/Desktop/hoophouse2023/flowerPi/aug11backup/videos/001f543e42a5/230809/041651_666256_001f543e42a5.mp4,[]
2023-08-11,19:45:46.758549,/Users/anupreksha/Desktop/hoophouse2023/flowerPi/aug11backup/videos/001f543e42a5/230809/001050_018322_001f543e42a5.mp4,[]
2023-08-11,19:45:59.618037,/Users/anupreksha/Desktop/hoophouse2023/flowerPi/aug11backup/videos/001f543e42a5/230809/050803_675947_001f543e42a5.mp4,[]
2023-08-11,19:45:49.905108,/Users/anupreksha/Desktop/hoophouse2023/flowerPi/aug11backup/videos/001f543e42a5/230809/014735_641294_001f543e42a5.mp4,[]
2023-08-11,19:46:01.894585,/Users/anupreksha/Desktop/hoophouse2023/flowerPi/aug11backup/videos/001f543e42a5/230809/051941_879180_001f543e42a5.mp4,[]
2023-08-11,19:46:15.558926,/Users/anupreksha/Desktop/hoophouse2023/flowerPi/aug11backup/videos/001f543e42a5/230809/121449_582348_001f543e42a5.mp4,[]
2023-08-11,19:45:56.634980,/Users/anupreksha/Desktop/hoophouse2023/flowerPi/aug11backup/videos/001f543e42a5/230809/041735_666436_001f543e42a5.mp4,[]
2023-08-11,19:45:54.423750,/Users/anupreksha/Desktop/hoophouse2023/flowerPi/aug11backup/videos/001f543e42a5/230809/034327_662909_001f543e42a5.mp4,[]
2023-08-11,19:46:16.093668,/Users/anupreksha/Desktop/hoophouse2023/flowerPi/aug11backup/videos/001f543e42a5/230809/123052_994623_001f543e42a5.mp4,[]
2023-08-11,19:45:56.986753,/Users/anupreksha/Desktop/hoophouse2023/flowerPi/aug11backup/videos/001f543e42a5/230809/043349_667225_001f543e42a5.mp4,[]
2023-08-11,19:46:15.348936,/Users/anupreksha/Desktop/hoophouse2023/flowerPi/aug11backup/videos/001f543e42a5/230809/120921_981203_001f543e42a5.mp4,[]
2023-08-11,19:45:56.761708,/Users/anupreksha/Desktop/hoophouse2023/flowerPi/aug11backup/videos/001f543e42a5/230809/042436_669173_001f543e42a5.mp4,[]
2023-08-11,19:45:54.612145,/Users/anupreksha/Desktop/hoophouse2023/flowerPi/aug11backup/videos/001f543e42a5/230809/040141_668025_001f543e42a5.mp4,[]
2023-08-11,19:45:52.301551,/Users/anupreksha/Desktop/hoophouse2023/flowerPi/aug11backup/videos/001f543e42a5/230809/030133_649871_001f543e42a5.mp4,[]
2023-08-11,19:45:46.500354,/Users/anupreksha/Desktop/hoophouse2023/flowerPi/aug11backup/videos/001f543e42a5/230809/000051_937840_001f543e42a5.mp4,[]
2023-08-11,19:45:56.843682,/Users/anupreksha/Desktop/hoophouse2023/flowerPi/aug11backup/videos/001f543e42a5/230809/042821_669502_001f543e42a5.mp4,[]
2023-08-11,19:45:48.361324,/Users/anupreksha/Desktop/hoophouse2023/flowerPi/aug11backup/videos/001f543e42a5/230809/003425_415145_001f543e42a5.mp4,[]
2023-08-11,19:45:56.739708,/Users/anupreksha/Desktop/hoophouse2023/flowerPi/aug11backup/videos/001f543e42a5/230809/042229_665754_001f543e42a5.mp4,[]
2023-08-11,19:45:49.954511,/Users/anupreksha/Desktop/hoophouse2023/flowerPi/aug11backup/videos/001f543e42a5/230809/015216_634811_001f543e42a5.mp4,[]
2023-08-11,19:46:02.371374,/Users/anupreksha/Desktop/hoophouse2023/flowerPi/aug11backup/videos/001f543e42a5/230809/104042_166065_001f543e42a5.mp4,[]
2023-08-11,19:45:48.044936,/Users/anupreksha/Desktop/hoophouse2023/flowerPi/aug11backup/videos/001f543e42a5/230809/002122_016299_001f543e42a5.mp4,[]
2023-08-11,19:46:16.232546,/Users/anupreksha/Desktop/hoophouse2023/flowerPi/aug11backup/videos/001f543e42a5/230809/123518_188243_001f543e42a5.mp4,[653]
2023-08-11,19:45:48.353652,/Users/anupreksha/Desktop/hoophouse2023/flowerPi/aug11backup/videos/001f543e42a5/230809/003405_219861_001f543e42a5.mp4,[]
2023-08-11,19:45:54.416342,/Users/anupreksha/Desktop/hoophouse2023/flowerPi/aug11backup/videos/001f543e42a5/230809/033709_661039_001f543e42a5.mp4,[]
2023-08-11,19:45:54.662380,/Users/anupreksha/Desktop/hoophouse2023/flowerPi/aug11backup/videos/001f543e42a5/230809/040336_665827_001f543e42a5.mp4,[]
2023-08-11,19:45:59.043422,/Users/anupreksha/Desktop/hoophouse2023/flowerPi/aug11backup/videos/001f543e42a5/230809/044427_669885_001f543e42a5.mp4,[]
2023-08-11,19:46:09.039824,/Users/anupreksha/Desktop/hoophouse2023/flowerPi/aug11backup/videos/001f543e42a5/230809/113633_183008_001f543e42a5.mp4,[]
2023-08-11,19:46:01.756043,/Users/anupreksha/Desktop/hoophouse2023/flowerPi/aug11backup/videos/001f543e42a5/230809/051433_877216_001f543e42a5.mp4,[]
2023-08-11,19:46:09.536867,/Users/anupreksha/Desktop/hoophouse2023/flowerPi/aug11backup/videos/001f543e42a5/230809/115031_776567_001f543e42a5.mp4,[]
2023-08-11,19:45:50.293703,/Users/anupreksha/Desktop/hoophouse2023/flowerPi/aug11backup/videos/001f543e42a5/230809/021226_638028_001f543e42a5.mp4,[]
2023-08-11,19:45:48.281372,/Users/anupreksha/Desktop/hoophouse2023/flowerPi/aug11backup/videos/001f543e42a5/230809/003119_215893_001f543e42a5.mp4,[]
2023-08-11,19:45:49.934038,/Users/anupreksha/Desktop/hoophouse2023/flowerPi/aug11backup/videos/001f543e42a5/230809/015114_635457_001f543e42a5.mp4,[]
2023-08-11,19:46:08.850449,/Users/anupreksha/Desktop/hoophouse2023/flowerPi/aug11backup/videos/001f543e42a5/230809/113103_112647_001f543e42a5.mp4,"[683, 683, 683, 683]"
2023-08-11,19:45:48.146473,/Users/anupreksha/Desktop/hoophouse2023/flowerPi/aug11backup/videos/001f543e42a5/230809/002558_213162_001f543e42a5.mp4,[]
2023-08-11,19:46:02.124918,/Users/anupreksha/Desktop/hoophouse2023/flowerPi/aug11backup/videos/001f543e42a5/230809/052831_881684_001f543e42a5.mp4,[]
2023-08-11,19:45:57.077280,/Users/anupreksha/Desktop/hoophouse2023/flowerPi/aug11backup/videos/001f543e42a5/230809/043753_668293_001f543e42a5.mp4,[]
2023-08-11,19:46:02.046158,/Users/anupreksha/Desktop/hoophouse2023/flowerPi/aug11backup/videos/001f543e42a5/230809/052553_881372_001f543e42a5.mp4,[]
2023-08-11,19:46:12.188771,/Users/anupreksha/Desktop/hoophouse2023/flowerPi/aug11backup/videos/001f543e42a5/230809/115615_188920_001f543e42a5.mp4,[]
2023-08-11,19:45:48.513883,/Users/anupreksha/Desktop/hoophouse2023/flowerPi/aug11backup/videos/001f543e42a5/230809/004215_420599_001f543e42a5.mp4,[]
2023-08-11,19:46:05.033642,/Users/anupreksha/Desktop/hoophouse2023/flowerPi/aug11backup/videos/001f543e42a5/230809/104655_495218_001f543e42a5.mp4,[]
2023-08-11,19:46:08.420641,/Users/anupreksha/Desktop/hoophouse2023/flowerPi/aug11backup/videos/001f543e42a5/230809/111854_907313_001f543e42a5.mp4,[]
2023-08-11,19:45:57.166966,/Users/anupreksha/Desktop/hoophouse2023/flowerPi/aug11backup/videos/001f543e42a5/230809/044120_669072_001f543e42a5.mp4,[]
2023-08-11,19:46:01.814810,/Users/anupreksha/Desktop/hoophouse2023/flowerPi/aug11backup/videos/001f543e42a5/230809/051650_879685_001f543e42a5.mp4,[]
2023-08-11,19:46:15.544014,/Users/anupreksha/Desktop/hoophouse2023/flowerPi/aug11backup/videos/001f543e42a5/230809/121437_612081_001f543e42a5.mp4,[]
2023-08-11,19:45:48.451306,/Users/anupreksha/Desktop/hoophouse2023/flowerPi/aug11backup/videos/001f543e42a5/230809/003815_415566_001f543e42a5.mp4,[]
2023-08-11,19:45:52.210326,/Users/anupreksha/Desktop/hoophouse2023/flowerPi/aug11backup/videos/001f543e42a5/230809/025206_644491_001f543e42a5.mp4,[]
2023-08-11,19:45:59.658665,/Users/anupreksha/Desktop/hoophouse2023/flowerPi/aug11backup/videos/001f543e42a5/230809/050947_678663_001f543e42a5.mp4,[]
2023-08-11,19:45:57.110428,/Users/anupreksha/Desktop/hoophouse2023/flowerPi/aug11backup/videos/001f543e42a5/230809/043907_668804_001f543e42a5.mp4,[]
2023-08-11,19:46:16.051044,/Users/anupreksha/Desktop/hoophouse2023/flowerPi/aug11backup/videos/001f543e42a5/230809/122933_787565_001f543e42a5.mp4,[]
2023-08-11,19:46:05.495684,/Users/anupreksha/Desktop/hoophouse2023/flowerPi/aug11backup/videos/001f543e42a5/230809/105907_168433_001f543e42a5.mp4,[]
2023-08-11,19:45:49.890319,/Users/anupreksha/Desktop/hoophouse2023/flowerPi/aug11backup/videos/001f543e42a5/230809/014409_635023_001f543e42a5.mp4,[]
2023-08-11,19:46:02.261030,/Users/anupreksha/Desktop/hoophouse2023/flowerPi/aug11backup/videos/001f543e42a5/230809/103203_963111_001f543e42a5.mp4,[]
2023-08-11,19:46:16.827170,/Users/anupreksha/Desktop/hoophouse2023/flowerPi/aug11backup/videos/001f543e42a5/230809/124651_604919_001f543e42a5.mp4,[]
2023-08-11,19:46:16.350231,/Users/anupreksha/Desktop/hoophouse2023/flowerPi/aug11backup/videos/001f543e42a5/230809/124114_401680_001f543e42a5.mp4,"[283, 283, 283, 283, 283, 283, 283]"
2023-08-11,19:45:50.204030,/Users/anupreksha/Desktop/hoophouse2023/flowerPi/aug11backup/videos/001f543e42a5/230809/020720_634102_001f543e42a5.mp4,[]
2023-08-11,19:45:49.855248,/Users/anupreksha/Desktop/hoophouse2023/flowerPi/aug11backup/videos/001f543e42a5/230809/013659_437189_001f543e42a5.mp4,[]
2023-08-11,19:45:48.307622,/Users/anupreksha/Desktop/hoophouse2023/flowerPi/aug11backup/videos/001f543e42a5/230809/003225_214011_001f543e42a5.mp4,[]
2023-08-11,19:45:54.462994,/Users/anupreksha/Desktop/hoophouse2023/flowerPi/aug11backup/videos/001f543e42a5/230809/034949_667295_001f543e42a5.mp4,[]
2023-08-11,19:45:54.259578,/Users/anupreksha/Desktop/hoophouse2023/flowerPi/aug11backup/videos/001f543e42a5/230809/031225_663618_001f543e42a5.mp4,[]
2023-08-11,19:45:54.533524,/Users/anupreksha/Desktop/hoophouse2023/flowerPi/aug11backup/videos/001f543e42a5/230809/035411_666718_001f543e42a5.mp4,[]
2023-08-11,19:46:06.060356,/Users/anupreksha/Desktop/hoophouse2023/flowerPi/aug11backup/videos/001f543e42a5/230809/111657_777455_001f543e42a5.mp4,[]
2023-08-11,19:46:15.660595,/Users/anupreksha/Desktop/hoophouse2023/flowerPi/aug11backup/videos/001f543e42a5/230809/121813_590454_001f543e42a5.mp4,[]
2023-08-11,19:46:01.880986,/Users/anupreksha/Desktop/hoophouse2023/flowerPi/aug11backup/videos/001f543e42a5/230809/051919_878707_001f543e42a5.mp4,[]
2023-08-11,19:45:50.467115,/Users/anupreksha/Desktop/hoophouse2023/flowerPi/aug11backup/videos/001f543e42a5/230809/022516_643087_001f543e42a5.mp4,[]
2023-08-11,19:46:08.429779,/Users/anupreksha/Desktop/hoophouse2023/flowerPi/aug11backup/videos/001f543e42a5/230809/111922_977068_001f543e42a5.mp4,[]
2023-08-11,19:45:50.396347,/Users/anupreksha/Desktop/hoophouse2023/flowerPi/aug11backup/videos/001f543e42a5/230809/021832_639951_001f543e42a5.mp4,[]
2023-08-11,19:45:54.394562,/Users/anupreksha/Desktop/hoophouse2023/flowerPi/aug11backup/videos/001f543e42a5/230809/033048_659971_001f543e42a5.mp4,[]
2023-08-11,19:46:05.825288,/Users/anupreksha/Desktop/hoophouse2023/flowerPi/aug11backup/videos/001f543e42a5/230809/110720_774666_001f543e42a5.mp4,[]
2023-08-11,19:46:16.770161,/Users/anupreksha/Desktop/hoophouse2023/flowerPi/aug11backup/videos/001f543e42a5/230809/124324_590916_001f543e42a5.mp4,[]
2023-08-11,19:46:16.246002,/Users/anupreksha/Desktop/hoophouse2023/flowerPi/aug11backup/videos/001f543e42a5/230809/123554_186330_001f543e42a5.mp4,[987]
2023-08-11,19:46:06.026985,/Users/anupreksha/Desktop/hoophouse2023/flowerPi/aug11backup/videos/001f543e42a5/230809/111512_778735_001f543e42a5.mp4,[]
2023-08-11,19:46:15.996202,/Users/anupreksha/Desktop/hoophouse2023/flowerPi/aug11backup/videos/001f543e42a5/230809/122755_720078_001f543e42a5.mp4,[]
2023-08-11,19:46:12.603572,/Users/anupreksha/Desktop/hoophouse2023/flowerPi/aug11backup/videos/001f543e42a5/230809/120720_985335_001f543e42a5.mp4,[]
2023-08-11,19:45:47.923879,/Users/anupreksha/Desktop/hoophouse2023/flowerPi/aug11backup/videos/001f543e42a5/230809/001645_412134_001f543e42a5.mp4,[]
2023-08-11,19:45:56.691633,/Users/anupreksha/Desktop/hoophouse2023/flowerPi/aug11backup/videos/001f543e42a5/230809/042003_678121_001f543e42a5.mp4,[]
2023-08-11,19:46:09.496201,/Users/anupreksha/Desktop/hoophouse2023/flowerPi/aug11backup/videos/001f543e42a5/230809/114929_776582_001f543e42a5.mp4,[]
2023-08-11,19:46:17.156548,/Users/anupreksha/Desktop/hoophouse2023/flowerPi/aug11backup/videos/001f543e42a5/230809/132509_599205_001f543e42a5.mp4,[]
2023-08-11,19:45:56.891395,/Users/anupreksha/Desktop/hoophouse2023/flowerPi/aug11backup/videos/001f543e42a5/230809/043024_666446_001f543e42a5.mp4,[]
2023-08-11,19:45:56.912510,/Users/anupreksha/Desktop/hoophouse2023/flowerPi/aug11backup/videos/001f543e42a5/230809/043110_666392_001f543e42a5.mp4,[]
2023-08-11,19:45:57.127173,/Users/anupreksha/Desktop/hoophouse2023/flowerPi/aug11backup/videos/001f543e42a5/230809/043956_668960_001f543e42a5.mp4,[]
2023-08-11,19:45:48.198463,/Users/anupreksha/Desktop/hoophouse2023/flowerPi/aug11backup/videos/001f543e42a5/230809/002805_213224_001f543e42a5.mp4,[]
2023-08-11,19:45:56.881457,/Users/anupreksha/Desktop/hoophouse2023/flowerPi/aug11backup/videos/001f543e42a5/230809/043008_666721_001f543e42a5.mp4,[]
2023-08-11,19:45:48.003617,/Users/anupreksha/Desktop/hoophouse2023/flowerPi/aug11backup/videos/001f543e42a5/230809/001939_613408_001f543e42a5.mp4,[]
2023-08-11,19:45:54.713623,/Users/anupreksha/Desktop/hoophouse2023/flowerPi/aug11backup/videos/001f543e42a5/230809/040641_669458_001f543e42a5.mp4,[]
2023-08-11,19:45:52.418550,/Users/anupreksha/Desktop/hoophouse2023/flowerPi/aug11backup/videos/001f543e42a5/230809/030709_653079_001f543e42a5.mp4,[]
2023-08-11,19:46:09.224867,/Users/anupreksha/Desktop/hoophouse2023/flowerPi/aug11backup/videos/001f543e42a5/230809/114107_916812_001f543e42a5.mp4,[]
2023-08-11,19:45:56.797856,/Users/anupreksha/Desktop/hoophouse2023/flowerPi/aug11backup/videos/001f543e42a5/230809/042626_666149_001f543e42a5.mp4,[]
2023-08-11,19:46:09.021553,/Users/anupreksha/Desktop/hoophouse2023/flowerPi/aug11backup/videos/001f543e42a5/230809/113609_174832_001f543e42a5.mp4,[]
2023-08-11,19:46:09.210255,/Users/anupreksha/Desktop/hoophouse2023/flowerPi/aug11backup/videos/001f543e42a5/230809/114044_909500_001f543e42a5.mp4,[]
2023-08-11,19:45:48.443145,/Users/anupreksha/Desktop/hoophouse2023/flowerPi/aug11backup/videos/001f543e42a5/230809/003752_415536_001f543e42a5.mp4,[]
2023-08-11,19:45:54.700396,/Users/anupreksha/Desktop/hoophouse2023/flowerPi/aug11backup/videos/001f543e42a5/230809/040529_667973_001f543e42a5.mp4,[]
2023-08-11,19:45:57.062647,/Users/anupreksha/Desktop/hoophouse2023/flowerPi/aug11backup/videos/001f543e42a5/230809/043713_668009_001f543e42a5.mp4,[]
2023-08-11,19:45:52.294434,/Users/anupreksha/Desktop/hoophouse2023/flowerPi/aug11backup/videos/001f543e42a5/230809/030119_657850_001f543e42a5.mp4,[]
2023-08-11,19:45:47.954334,/Users/anupreksha/Desktop/hoophouse2023/flowerPi/aug11backup/videos/001f543e42a5/230809/001727_619446_001f543e42a5.mp4,[]
2023-08-11,19:45:46.810389,/Users/anupreksha/Desktop/hoophouse2023/flowerPi/aug11backup/videos/001f543e42a5/230809/001235_210464_001f543e42a5.mp4,[]
2023-08-11,19:46:05.327056,/Users/anupreksha/Desktop/hoophouse2023/flowerPi/aug11backup/videos/001f543e42a5/230809/105438_771622_001f543e42a5.mp4,[]
2023-08-11,19:46:15.688005,/Users/anupreksha/Desktop/hoophouse2023/flowerPi/aug11backup/videos/001f543e42a5/230809/121906_600187_001f543e42a5.mp4,"[109, 683]"
2023-08-11,19:45:51.901176,/Users/anupreksha/Desktop/hoophouse2023/flowerPi/aug11backup/videos/001f543e42a5/230809/022917_650386_001f543e42a5.mp4,[]
2023-08-11,19:46:16.960598,/Users/anupreksha/Desktop/hoophouse2023/flowerPi/aug11backup/videos/001f543e42a5/230809/125812_007653_001f543e42a5.mp4,[683]
2023-08-11,19:46:12.286128,/Users/anupreksha/Desktop/hoophouse2023/flowerPi/aug11backup/videos/001f543e42a5/230809/115851_577969_001f543e42a5.mp4,[]
2023-08-11,19:45:56.832797,/Users/anupreksha/Desktop/hoophouse2023/flowerPi/aug11backup/videos/001f543e42a5/230809/042809_667821_001f543e42a5.mp4,[]
2023-08-11,19:45:59.163184,/Users/anupreksha/Desktop/hoophouse2023/flowerPi/aug11backup/videos/001f543e42a5/230809/044929_671149_001f543e42a5.mp4,[]
2023-08-11,19:45:48.481707,/Users/anupreksha/Desktop/hoophouse2023/flowerPi/aug11backup/videos/001f543e42a5/230809/004010_419158_001f543e42a5.mp4,[]
2023-08-11,19:45:56.946523,/Users/anupreksha/Desktop/hoophouse2023/flowerPi/aug11backup/videos/001f543e42a5/230809/043233_666939_001f543e42a5.mp4,[]
2023-08-11,19:46:12.469625,/Users/anupreksha/Desktop/hoophouse2023/flowerPi/aug11backup/videos/001f543e42a5/230809/120345_780518_001f543e42a5.mp4,[]
2023-08-11,19:46:06.090430,/Users/anupreksha/Desktop/hoophouse2023/flowerPi/aug11backup/videos/001f543e42a5/230809/111825_908581_001f543e42a5.mp4,[]
2023-08-11,19:45:50.108056,/Users/anupreksha/Desktop/hoophouse2023/flowerPi/aug11backup/videos/001f543e42a5/230809/020257_638327_001f543e42a5.mp4,[]
2023-08-11,19:45:50.441326,/Users/anupreksha/Desktop/hoophouse2023/flowerPi/aug11backup/videos/001f543e42a5/230809/022135_643014_001f543e42a5.mp4,[]
2023-08-11,19:45:59.182162,/Users/anupreksha/Desktop/hoophouse2023/flowerPi/aug11backup/videos/001f543e42a5/230809/045025_671091_001f543e42a5.mp4,[]
2023-08-11,19:45:48.055390,/Users/anupreksha/Desktop/hoophouse2023/flowerPi/aug11backup/videos/001f543e42a5/230809/002140_013322_001f543e42a5.mp4,[]
2023-08-11,19:46:16.135776,/Users/anupreksha/Desktop/hoophouse2023/flowerPi/aug11backup/videos/001f543e42a5/230809/123202_186380_001f543e42a5.mp4,"[17, 17]"
2023-08-11,19:46:02.329741,/Users/anupreksha/Desktop/hoophouse2023/flowerPi/aug11backup/videos/001f543e42a5/230809/103842_163436_001f543e42a5.mp4,[]
2023-08-11,19:46:15.490000,/Users/anupreksha/Desktop/hoophouse2023/flowerPi/aug11backup/videos/001f543e42a5/230809/121303_515751_001f543e42a5.mp4,[987]
2023-08-11,19:46:16.795668,/Users/anupreksha/Desktop/hoophouse2023/flowerPi/aug11backup/videos/001f543e42a5/230809/124524_595802_001f543e42a5.mp4,[]
2023-08-11,19:45:52.047306,/Users/anupreksha/Desktop/hoophouse2023/flowerPi/aug11backup/videos/001f543e42a5/230809/024203_649934_001f543e42a5.mp4,[]
2023-08-11,19:45:56.536384,/Users/anupreksha/Desktop/hoophouse2023/flowerPi/aug11backup/videos/001f543e42a5/230809/041323_667985_001f543e42a5.mp4,[]
2023-08-11,19:46:01.995945,/Users/anupreksha/Desktop/hoophouse2023/flowerPi/aug11backup/videos/001f543e42a5/230809/052403_881759_001f543e42a5.mp4,[]
2023-08-11,19:46:12.382080,/Users/anupreksha/Desktop/hoophouse2023/flowerPi/aug11backup/videos/001f543e42a5/230809/120133_579297_001f543e42a5.mp4,[]
2023-08-11,19:45:50.030107,/Users/anupreksha/Desktop/hoophouse2023/flowerPi/aug11backup/videos/001f543e42a5/230809/015857_640365_001f543e42a5.mp4,"[17, 17, 987]"
2023-08-11,19:46:05.676736,/Users/anupreksha/Desktop/hoophouse2023/flowerPi/aug11backup/videos/001f543e42a5/230809/110320_773582_001f543e42a5.mp4,[]
2023-08-11,19:45:50.357869,/Users/anupreksha/Desktop/hoophouse2023/flowerPi/aug11backup/videos/001f543e42a5/230809/021623_638336_001f543e42a5.mp4,[]
2023-08-11,19:45:50.426647,/Users/anupreksha/Desktop/hoophouse2023/flowerPi/aug11backup/videos/001f543e42a5/230809/022054_641073_001f543e42a5.mp4,[]
2023-08-11,19:45:54.342724,/Users/anupreksha/Desktop/hoophouse2023/flowerPi/aug11backup/videos/001f543e42a5/230809/031745_650193_001f543e42a5.mp4,[]
2023-08-11,19:45:46.638213,/Users/anupreksha/Desktop/hoophouse2023/flowerPi/aug11backup/videos/001f543e42a5/230809/000625_208600_001f543e42a5.mp4,[267]
2023-08-11,19:46:17.080143,/Users/anupreksha/Desktop/hoophouse2023/flowerPi/aug11backup/videos/001f543e42a5/230809/131510_403543_001f543e42a5.mp4,[913]
2023-08-11,19:45:56.930929,/Users/anupreksha/Desktop/hoophouse2023/flowerPi/aug11backup/videos/001f543e42a5/230809/043201_667093_001f543e42a5.mp4,[]
2023-08-11,19:45:52.410964,/Users/anupreksha/Desktop/hoophouse2023/flowerPi/aug11backup/videos/001f543e42a5/230809/030653_657401_001f543e42a5.mp4,[251]
2023-08-11,19:45:56.958761,/Users/anupreksha/Desktop/hoophouse2023/flowerPi/aug11backup/videos/001f543e42a5/230809/043249_666561_001f543e42a5.mp4,[]
2023-08-11,19:46:05.359463,/Users/anupreksha/Desktop/hoophouse2023/flowerPi/aug11backup/videos/001f543e42a5/230809/105529_896596_001f543e42a5.mp4,[]
2023-08-11,19:45:49.875891,/Users/anupreksha/Desktop/hoophouse2023/flowerPi/aug11backup/videos/001f543e42a5/230809/014305_570938_001f543e42a5.mp4,[]
2023-08-11,19:45:52.018130,/Users/anupreksha/Desktop/hoophouse2023/flowerPi/aug11backup/videos/001f543e42a5/230809/023731_644292_001f543e42a5.mp4,[]
2023-08-11,19:45:52.346243,/Users/anupreksha/Desktop/hoophouse2023/flowerPi/aug11backup/videos/001f543e42a5/230809/030359_652937_001f543e42a5.mp4,[]
2023-08-11,19:45:48.339009,/Users/anupreksha/Desktop/hoophouse2023/flowerPi/aug11backup/videos/001f543e42a5/230809/003322_218543_001f543e42a5.mp4,[]
2023-08-11,19:45:46.825039,/Users/anupreksha/Desktop/hoophouse2023/flowerPi/aug11backup/videos/001f543e42a5/230809/001317_209294_001f543e42a5.mp4,[]
2023-08-11,19:45:54.232589,/Users/anupreksha/Desktop/hoophouse2023/flowerPi/aug11backup/videos/001f543e42a5/230809/031108_648715_001f543e42a5.mp4,[]
2023-08-11,19:46:16.038107,/Users/anupreksha/Desktop/hoophouse2023/flowerPi/aug11backup/videos/001f543e42a5/230809/122901_786855_001f543e42a5.mp4,[17]
2023-08-11,19:45:57.004496,/Users/anupreksha/Desktop/hoophouse2023/flowerPi/aug11backup/videos/001f543e42a5/230809/043440_667457_001f543e42a5.mp4,[]
2023-08-11,19:45:48.421483,/Users/anupreksha/Desktop/hoophouse2023/flowerPi/aug11backup/videos/001f543e42a5/230809/003709_417974_001f543e42a5.mp4,[]
2023-08-11,19:46:01.926638,/Users/anupreksha/Desktop/hoophouse2023/flowerPi/aug11backup/videos/001f543e42a5/230809/052109_882048_001f543e42a5.mp4,[]
2023-08-11,19:46:08.685063,/Users/anupreksha/Desktop/hoophouse2023/flowerPi/aug11backup/videos/001f543e42a5/230809/112625_509464_001f543e42a5.mp4,[]
2023-08-11,19:45:52.135519,/Users/anupreksha/Desktop/hoophouse2023/flowerPi/aug11backup/videos/001f543e42a5/230809/024647_649990_001f543e42a5.mp4,[]
2023-08-11,19:45:54.588402,/Users/anupreksha/Desktop/hoophouse2023/flowerPi/aug11backup/videos/001f543e42a5/230809/040009_660839_001f543e42a5.mp4,[]
2023-08-11,19:45:52.256411,/Users/anupreksha/Desktop/hoophouse2023/flowerPi/aug11backup/videos/001f543e42a5/230809/025747_648008_001f543e42a5.mp4,[]
2023-08-11,19:46:01.987954,/Users/anupreksha/Desktop/hoophouse2023/flowerPi/aug11backup/videos/001f543e42a5/230809/052339_880354_001f543e42a5.mp4,[]
2023-08-11,19:45:48.081530,/Users/anupreksha/Desktop/hoophouse2023/flowerPi/aug11backup/videos/001f543e42a5/230809/002316_211919_001f543e42a5.mp4,[]
2023-08-11,19:46:02.132202,/Users/anupreksha/Desktop/hoophouse2023/flowerPi/aug11backup/videos/001f543e42a5/230809/052845_882466_001f543e42a5.mp4,"[17, 17, 17]"
2023-08-11,19:46:17.108140,/Users/anupreksha/Desktop/hoophouse2023/flowerPi/aug11backup/videos/001f543e42a5/230809/132011_610725_001f543e42a5.mp4,[]
2023-08-11,19:45:54.678274,/Users/anupreksha/Desktop/hoophouse2023/flowerPi/aug11backup/videos/001f543e42a5/230809/040428_663969_001f543e42a5.mp4,[]
2023-08-11,19:46:05.640803,/Users/anupreksha/Desktop/hoophouse2023/flowerPi/aug11backup/videos/001f543e42a5/230809/110219_700709_001f543e42a5.mp4,[]
2023-08-11,19:46:02.139685,/Users/anupreksha/Desktop/hoophouse2023/flowerPi/aug11backup/videos/001f543e42a5/230809/052904_884258_001f543e42a5.mp4,[]
2023-08-11,19:45:46.539252,/Users/anupreksha/Desktop/hoophouse2023/flowerPi/aug11backup/videos/001f543e42a5/230809/000226_016199_001f543e42a5.mp4,[]
2023-08-11,19:46:08.441029,/Users/anupreksha/Desktop/hoophouse2023/flowerPi/aug11backup/videos/001f543e42a5/230809/111953_969803_001f543e42a5.mp4,[]
2023-08-11,19:45:54.761434,/Users/anupreksha/Desktop/hoophouse2023/flowerPi/aug11backup/videos/001f543e42a5/230809/040853_664447_001f543e42a5.mp4,[]
2023-08-11,19:46:12.060262,/Users/anupreksha/Desktop/hoophouse2023/flowerPi/aug11backup/videos/001f543e42a5/230809/115233_776004_001f543e42a5.mp4,[]
2023-08-11,19:45:52.011123,/Users/anupreksha/Desktop/hoophouse2023/flowerPi/aug11backup/videos/001f543e42a5/230809/023719_644481_001f543e42a5.mp4,[]
2023-08-11,19:46:02.446953,/Users/anupreksha/Desktop/hoophouse2023/flowerPi/aug11backup/videos/001f543e42a5/230809/104432_165747_001f543e42a5.mp4,[]
2023-08-11,19:45:47.908175,/Users/anupreksha/Desktop/hoophouse2023/flowerPi/aug11backup/videos/001f543e42a5/230809/001545_409781_001f543e42a5.mp4,[]
2023-08-11,19:46:06.070329,/Users/anupreksha/Desktop/hoophouse2023/flowerPi/aug11backup/videos/001f543e42a5/230809/111714_903576_001f543e42a5.mp4,[]
2023-08-11,19:46:02.176140,/Users/anupreksha/Desktop/hoophouse2023/flowerPi/aug11backup/videos/001f543e42a5/230809/094230_748905_001f543e42a5.mp4,"[269, 269, 269, 269, 34, 269, 269]"
2023-08-11,19:46:12.620556,/Users/anupreksha/Desktop/hoophouse2023/flowerPi/aug11backup/videos/001f543e42a5/230809/120744_986685_001f543e42a5.mp4,[]
2023-08-11,19:46:05.309460,/Users/anupreksha/Desktop/hoophouse2023/flowerPi/aug11backup/videos/001f543e42a5/230809/105409_766486_001f543e42a5.mp4,[]
2023-08-11,19:46:09.004960,/Users/anupreksha/Desktop/hoophouse2023/flowerPi/aug11backup/videos/001f543e42a5/230809/113548_109263_001f543e42a5.mp4,[]
2023-08-11,19:46:16.862309,/Users/anupreksha/Desktop/hoophouse2023/flowerPi/aug11backup/videos/001f543e42a5/230809/124816_598921_001f543e42a5.mp4,[]
2023-08-11,19:46:01.842597,/Users/anupreksha/Desktop/hoophouse2023/flowerPi/aug11backup/videos/001f543e42a5/230809/051740_880011_001f543e42a5.mp4,[]
2023-08-11,19:45:50.159190,/Users/anupreksha/Desktop/hoophouse2023/flowerPi/aug11backup/videos/001f543e42a5/230809/020453_638948_001f543e42a5.mp4,[]
2023-08-11,19:45:59.173533,/Users/anupreksha/Desktop/hoophouse2023/flowerPi/aug11backup/videos/001f543e42a5/230809/044947_671113_001f543e42a5.mp4,[]
2023-08-11,19:45:50.211427,/Users/anupreksha/Desktop/hoophouse2023/flowerPi/aug11backup/videos/001f543e42a5/230809/020733_635918_001f543e42a5.mp4,[]
2023-08-11,19:45:48.582100,/Users/anupreksha/Desktop/hoophouse2023/flowerPi/aug11backup/videos/001f543e42a5/230809/012529_828735_001f543e42a5.mp4,[]
2023-08-11,19:46:09.422394,/Users/anupreksha/Desktop/hoophouse2023/flowerPi/aug11backup/videos/001f543e42a5/230809/114631_786344_001f543e42a5.mp4,[]
2023-08-11,19:45:54.638704,/Users/anupreksha/Desktop/hoophouse2023/flowerPi/aug11backup/videos/001f543e42a5/230809/040234_667404_001f543e42a5.mp4,[]
2023-08-11,19:46:05.108850,/Users/anupreksha/Desktop/hoophouse2023/flowerPi/aug11backup/videos/001f543e42a5/230809/104855_766217_001f543e42a5.mp4,"[17, 17]"
2023-08-11,19:45:56.805136,/Users/anupreksha/Desktop/hoophouse2023/flowerPi/aug11backup/videos/001f543e42a5/230809/042642_665363_001f543e42a5.mp4,[]
2023-08-11,19:46:12.543468,/Users/anupreksha/Desktop/hoophouse2023/flowerPi/aug11backup/videos/001f543e42a5/230809/120541_915796_001f543e42a5.mp4,[]
2023-08-11,19:45:59.399751,/Users/anupreksha/Desktop/hoophouse2023/flowerPi/aug11backup/videos/001f543e42a5/230809/045836_674286_001f543e42a5.mp4,[]
2023-08-11,19:45:54.769209,/Users/anupreksha/Desktop/hoophouse2023/flowerPi/aug11backup/videos/001f543e42a5/230809/041003_669824_001f543e42a5.mp4,[]
2023-08-11,19:45:59.543723,/Users/anupreksha/Desktop/hoophouse2023/flowerPi/aug11backup/videos/001f543e42a5/230809/050455_674937_001f543e42a5.mp4,[]
2023-08-11,19:45:56.658497,/Users/anupreksha/Desktop/hoophouse2023/flowerPi/aug11backup/videos/001f543e42a5/230809/041825_676239_001f543e42a5.mp4,[]
2023-08-11,19:46:09.342625,/Users/anupreksha/Desktop/hoophouse2023/flowerPi/aug11backup/videos/001f543e42a5/230809/114444_182624_001f543e42a5.mp4,[]
2023-08-11,19:46:17.185997,/Users/anupreksha/Desktop/hoophouse2023/flowerPi/aug11backup/videos/001f543e42a5/230809/132817_606534_001f543e42a5.mp4,[896]
2023-08-11,19:45:54.239276,/Users/anupreksha/Desktop/hoophouse2023/flowerPi/aug11backup/videos/001f543e42a5/230809/031132_652313_001f543e42a5.mp4,[]
2023-08-11,19:45:56.723507,/Users/anupreksha/Desktop/hoophouse2023/flowerPi/aug11backup/videos/001f543e42a5/230809/042134_668391_001f543e42a5.mp4,[]
2023-08-11,19:46:09.506926,/Users/anupreksha/Desktop/hoophouse2023/flowerPi/aug11backup/videos/001f543e42a5/230809/114942_777125_001f543e42a5.mp4,[]
2023-08-11,19:45:59.681420,/Users/anupreksha/Desktop/hoophouse2023/flowerPi/aug11backup/videos/001f543e42a5/230809/051041_811541_001f543e42a5.mp4,[]
2023-08-11,19:45:56.997081,/Users/anupreksha/Desktop/hoophouse2023/flowerPi/aug11backup/videos/001f543e42a5/230809/043415_672043_001f543e42a5.mp4,[]
2023-08-11,19:46:02.166276,/Users/anupreksha/Desktop/hoophouse2023/flowerPi/aug11backup/videos/001f543e42a5/230809/093147_746482_001f543e42a5.mp4,"[296, 296, 296]"
2023-08-11,19:45:54.266308,/Users/anupreksha/Desktop/hoophouse2023/flowerPi/aug11backup/videos/001f543e42a5/230809/031315_651968_001f543e42a5.mp4,[]
2023-08-11,19:45:57.014997,/Users/anupreksha/Desktop/hoophouse2023/flowerPi/aug11backup/videos/001f543e42a5/230809/043455_667866_001f543e42a5.mp4,[]
2023-08-11,19:45:52.308664,/Users/anupreksha/Desktop/hoophouse2023/flowerPi/aug11backup/videos/001f543e42a5/230809/030146_650290_001f543e42a5.mp4,[]
2023-08-11,19:45:48.026473,/Users/anupreksha/Desktop/hoophouse2023/flowerPi/aug11backup/videos/001f543e42a5/230809/002041_812558_001f543e42a5.mp4,[]
2023-08-11,19:45:46.843439,/Users/anupreksha/Desktop/hoophouse2023/flowerPi/aug11backup/videos/001f543e42a5/230809/001334_211690_001f543e42a5.mp4,"[37, 542]"
2023-08-11,19:46:04.986283,/Users/anupreksha/Desktop/hoophouse2023/flowerPi/aug11backup/videos/001f543e42a5/230809/104443_162119_001f543e42a5.mp4,[]
2023-08-11,19:46:05.243518,/Users/anupreksha/Desktop/hoophouse2023/flowerPi/aug11backup/videos/001f543e42a5/230809/105223_771280_001f543e42a5.mp4,[]
2023-08-11,19:46:09.323019,/Users/anupreksha/Desktop/hoophouse2023/flowerPi/aug11backup/videos/001f543e42a5/230809/114413_177660_001f543e42a5.mp4,[]
2023-08-11,19:45:54.626916,/Users/anupreksha/Desktop/hoophouse2023/flowerPi/aug11backup/videos/001f543e42a5/230809/040156_673138_001f543e42a5.mp4,[]
2023-08-11,19:46:12.141567,/Users/anupreksha/Desktop/hoophouse2023/flowerPi/aug11backup/videos/001f543e42a5/230809/115457_776899_001f543e42a5.mp4,[]
2023-08-11,19:46:15.520264,/Users/anupreksha/Desktop/hoophouse2023/flowerPi/aug11backup/videos/001f543e42a5/230809/121349_589084_001f543e42a5.mp4,[]
2023-08-11,19:45:49.961333,/Users/anupreksha/Desktop/hoophouse2023/flowerPi/aug11backup/videos/001f543e42a5/230809/015416_630487_001f543e42a5.mp4,[]
2023-08-11,19:45:59.070173,/Users/anupreksha/Desktop/hoophouse2023/flowerPi/aug11backup/videos/001f543e42a5/230809/044521_670038_001f543e42a5.mp4,[]
2023-08-11,19:45:46.750866,/Users/anupreksha/Desktop/hoophouse2023/flowerPi/aug11backup/videos/001f543e42a5/230809/001031_010788_001f543e42a5.mp4,[]
2023-08-11,19:45:56.753953,/Users/anupreksha/Desktop/hoophouse2023/flowerPi/aug11backup/videos/001f543e42a5/230809/042348_666173_001f543e42a5.mp4,[]
2023-08-11,19:45:59.578124,/Users/anupreksha/Desktop/hoophouse2023/flowerPi/aug11backup/videos/001f543e42a5/230809/050611_675082_001f543e42a5.mp4,[]
2023-08-11,19:46:05.902306,/Users/anupreksha/Desktop/hoophouse2023/flowerPi/aug11backup/videos/001f543e42a5/230809/110949_776173_001f543e42a5.mp4,[]
2023-08-11,19:45:50.004520,/Users/anupreksha/Desktop/hoophouse2023/flowerPi/aug11backup/videos/001f543e42a5/230809/015813_633067_001f543e42a5.mp4,[]
2023-08-11,19:45:48.011905,/Users/anupreksha/Desktop/hoophouse2023/flowerPi/aug11backup/videos/001f543e42a5/230809/002000_613106_001f543e42a5.mp4,[]
2023-08-11,19:45:52.032814,/Users/anupreksha/Desktop/hoophouse2023/flowerPi/aug11backup/videos/001f543e42a5/230809/024102_642391_001f543e42a5.mp4,[]
2023-08-11,19:45:46.518639,/Users/anupreksha/Desktop/hoophouse2023/flowerPi/aug11backup/videos/001f543e42a5/230809/000149_008048_001f543e42a5.mp4,[]
2023-08-11,19:46:12.335225,/Users/anupreksha/Desktop/hoophouse2023/flowerPi/aug11backup/videos/001f543e42a5/230809/120008_581441_001f543e42a5.mp4,[]
2023-08-11,19:46:16.896145,/Users/anupreksha/Desktop/hoophouse2023/flowerPi/aug11backup/videos/001f543e42a5/230809/125126_796275_001f543e42a5.mp4,[17]
2023-08-11,19:46:01.806691,/Users/anupreksha/Desktop/hoophouse2023/flowerPi/aug11backup/videos/001f543e42a5/230809/051631_878121_001f543e42a5.mp4,[]
2023-08-11,19:45:49.912344,/Users/anupreksha/Desktop/hoophouse2023/flowerPi/aug11backup/videos/001f543e42a5/230809/014909_636486_001f543e42a5.mp4,[]
2023-08-11,19:45:50.303565,/Users/anupreksha/Desktop/hoophouse2023/flowerPi/aug11backup/videos/001f543e42a5/230809/021257_638986_001f543e42a5.mp4,[]
2023-08-11,19:45:59.130378,/Users/anupreksha/Desktop/hoophouse2023/flowerPi/aug11backup/videos/001f543e42a5/230809/044818_670750_001f543e42a5.mp4,[]
2023-08-11,19:45:46.849709,/Users/anupreksha/Desktop/hoophouse2023/flowerPi/aug11backup/videos/001f543e42a5/230809/001421_210484_001f543e42a5.mp4,[]
2023-08-11,19:45:50.350517,/Users/anupreksha/Desktop/hoophouse2023/flowerPi/aug11backup/videos/001f543e42a5/230809/021607_656539_001f543e42a5.mp4,[]
2023-08-11,19:45:59.315593,/Users/anupreksha/Desktop/hoophouse2023/flowerPi/aug11backup/videos/001f543e42a5/230809/045558_673037_001f543e42a5.mp4,[]
2023-08-11,19:45:48.290397,/Users/anupreksha/Desktop/hoophouse2023/flowerPi/aug11backup/videos/001f543e42a5/230809/003141_218665_001f543e42a5.mp4,[470]
2023-08-11,19:46:05.964926,/Users/anupreksha/Desktop/hoophouse2023/flowerPi/aug11backup/videos/001f543e42a5/230809/111234_776235_001f543e42a5.mp4,[]
2023-08-11,19:45:52.331134,/Users/anupreksha/Desktop/hoophouse2023/flowerPi/aug11backup/videos/001f543e42a5/230809/030331_659193_001f543e42a5.mp4,[]
2023-08-11,19:46:15.701180,/Users/anupreksha/Desktop/hoophouse2023/flowerPi/aug11backup/videos/001f543e42a5/230809/121929_587340_001f543e42a5.mp4,[]
2023-08-11,19:45:52.379738,/Users/anupreksha/Desktop/hoophouse2023/flowerPi/aug11backup/videos/001f543e42a5/230809/030506_670449_001f543e42a5.mp4,[]
2023-08-11,19:45:48.186414,/Users/anupreksha/Desktop/hoophouse2023/flowerPi/aug11backup/videos/001f543e42a5/230809/002746_212999_001f543e42a5.mp4,[]
2023-08-11,19:46:02.406035,/Users/anupreksha/Desktop/hoophouse2023/flowerPi/aug11backup/videos/001f543e42a5/230809/104252_168702_001f543e42a5.mp4,[]
2023-08-11,19:45:46.490339,/Users/anupreksha/Desktop/hoophouse2023/flowerPi/aug11backup/videos/001f543e42a5/230809/000027_407305_001f543e42a5.mp4,[711]
2023-08-11,19:45:49.983397,/Users/anupreksha/Desktop/hoophouse2023/flowerPi/aug11backup/videos/001f543e42a5/230809/015706_634227_001f543e42a5.mp4,[]
2023-08-11,19:45:51.825881,/Users/anupreksha/Desktop/hoophouse2023/flowerPi/aug11backup/videos/001f543e42a5/230809/022529_642196_001f543e42a5.mp4,[]
2023-08-11,19:46:15.363349,/Users/anupreksha/Desktop/hoophouse2023/flowerPi/aug11backup/videos/001f543e42a5/230809/120941_981199_001f543e42a5.mp4,[470]
2023-08-11,19:46:16.301167,/Users/anupreksha/Desktop/hoophouse2023/flowerPi/aug11backup/videos/001f543e42a5/230809/123743_189102_001f543e42a5.mp4,[]
2023-08-11,19:46:09.351330,/Users/anupreksha/Desktop/hoophouse2023/flowerPi/aug11backup/videos/001f543e42a5/230809/114456_174363_001f543e42a5.mp4,[]
2023-08-11,19:45:54.357380,/Users/anupreksha/Desktop/hoophouse2023/flowerPi/aug11backup/videos/001f543e42a5/230809/031957_659685_001f543e42a5.mp4,[]
2023-08-11,19:45:59.354913,/Users/anupreksha/Desktop/hoophouse2023/flowerPi/aug11backup/videos/001f543e42a5/230809/045730_673096_001f543e42a5.mp4,[]
2023-08-11,19:45:51.957502,/Users/anupreksha/Desktop/hoophouse2023/flowerPi/aug11backup/videos/001f543e42a5/230809/023441_654175_001f543e42a5.mp4,[105]
2023-08-11,19:46:12.575513,/Users/anupreksha/Desktop/hoophouse2023/flowerPi/aug11backup/videos/001f543e42a5/230809/120627_989313_001f543e42a5.mp4,"[485, 485]"
2023-08-11,19:45:54.542608,/Users/anupreksha/Desktop/hoophouse2023/flowerPi/aug11backup/videos/001f543e42a5/230809/035429_666826_001f543e42a5.mp4,[]
2023-08-11,19:46:02.102881,/Users/anupreksha/Desktop/hoophouse2023/flowerPi/aug11backup/videos/001f543e42a5/230809/052737_882375_001f543e42a5.mp4,[]
2023-08-11,19:45:46.666491,/Users/anupreksha/Desktop/hoophouse2023/flowerPi/aug11backup/videos/001f543e42a5/230809/000735_810171_001f543e42a5.mp4,[]
2023-08-11,19:46:06.040937,/Users/anupreksha/Desktop/hoophouse2023/flowerPi/aug11backup/videos/001f543e42a5/230809/111544_779946_001f543e42a5.mp4,[]
2023-08-11,19:45:59.336271,/Users/anupreksha/Desktop/hoophouse2023/flowerPi/aug11backup/videos/001f543e42a5/230809/045656_672925_001f543e42a5.mp4,[]
2023-08-11,19:45:48.558664,/Users/anupreksha/Desktop/hoophouse2023/flowerPi/aug11backup/videos/001f543e42a5/230809/004659_416984_001f543e42a5.mp4,[]
2023-08-11,19:45:54.321009,/Users/anupreksha/Desktop/hoophouse2023/flowerPi/aug11backup/videos/001f543e42a5/230809/031655_654070_001f543e42a5.mp4,[]
2023-08-11,19:45:56.644165,/Users/anupreksha/Desktop/hoophouse2023/flowerPi/aug11backup/videos/001f543e42a5/230809/041751_665537_001f543e42a5.mp4,[]
2023-08-11,19:45:59.607499,/Users/anupreksha/Desktop/hoophouse2023/flowerPi/aug11backup/videos/001f543e42a5/230809/050738_675879_001f543e42a5.mp4,[]
2023-08-11,19:46:09.478462,/Users/anupreksha/Desktop/hoophouse2023/flowerPi/aug11backup/videos/001f543e42a5/230809/114816_778294_001f543e42a5.mp4,"[944, 944, 944, 944, 944]"
2023-08-11,19:45:48.261871,/Users/anupreksha/Desktop/hoophouse2023/flowerPi/aug11backup/videos/001f543e42a5/230809/003038_015461_001f543e42a5.mp4,[]
2023-08-11,19:46:02.081870,/Users/anupreksha/Desktop/hoophouse2023/flowerPi/aug11backup/videos/001f543e42a5/230809/052723_881462_001f543e42a5.mp4,[]
2023-08-11,19:45:46.867850,/Users/anupreksha/Desktop/hoophouse2023/flowerPi/aug11backup/videos/001f543e42a5/230809/001511_409776_001f543e42a5.mp4,[]
2023-08-11,19:45:48.543675,/Users/anupreksha/Desktop/hoophouse2023/flowerPi/aug11backup/videos/001f543e42a5/230809/004539_417416_001f543e42a5.mp4,[]
2023-08-11,19:45:48.566446,/Users/anupreksha/Desktop/hoophouse2023/flowerPi/aug11backup/videos/001f543e42a5/230809/004820_422222_001f543e42a5.mp4,[]
2023-08-11,19:46:05.259392,/Users/anupreksha/Desktop/hoophouse2023/flowerPi/aug11backup/videos/001f543e42a5/230809/105255_772913_001f543e42a5.mp4,[]
2023-08-11,19:45:54.728026,/Users/anupreksha/Desktop/hoophouse2023/flowerPi/aug11backup/videos/001f543e42a5/230809/040726_669738_001f543e42a5.mp4,[]
2023-08-11,19:45:50.135259,/Users/anupreksha/Desktop/hoophouse2023/flowerPi/aug11backup/videos/001f543e42a5/230809/020431_641603_001f543e42a5.mp4,[]
2023-08-11,19:46:08.817456,/Users/anupreksha/Desktop/hoophouse2023/flowerPi/aug11backup/videos/001f543e42a5/230809/113009_906799_001f543e42a5.mp4,"[683, 683]"
2023-08-11,19:45:52.167588,/Users/anupreksha/Desktop/hoophouse2023/flowerPi/aug11backup/videos/001f543e42a5/230809/024944_645926_001f543e42a5.mp4,[]
2023-08-11,19:45:54.573058,/Users/anupreksha/Desktop/hoophouse2023/flowerPi/aug11backup/videos/001f543e42a5/230809/035715_669395_001f543e42a5.mp4,[]
2023-08-11,19:46:09.432181,/Users/anupreksha/Desktop/hoophouse2023/flowerPi/aug11backup/videos/001f543e42a5/230809/114652_777461_001f543e42a5.mp4,[]
2023-08-11,19:46:05.854431,/Users/anupreksha/Desktop/hoophouse2023/flowerPi/aug11backup/videos/001f543e42a5/230809/110821_772153_001f543e42a5.mp4,[]
2023-08-11,19:45:48.574378,/Users/anupreksha/Desktop/hoophouse2023/flowerPi/aug11backup/videos/001f543e42a5/230809/011636_825803_001f543e42a5.mp4,[]
2023-08-11,19:45:48.504819,/Users/anupreksha/Desktop/hoophouse2023/flowerPi/aug11backup/videos/001f543e42a5/230809/004158_421442_001f543e42a5.mp4,[]
2023-08-11,19:46:12.508118,/Users/anupreksha/Desktop/hoophouse2023/flowerPi/aug11backup/videos/001f543e42a5/230809/120456_799629_001f543e42a5.mp4,[]
2023-08-11,19:45:52.141947,/Users/anupreksha/Desktop/hoophouse2023/flowerPi/aug11backup/videos/001f543e42a5/230809/024755_644597_001f543e42a5.mp4,[]
2023-08-11,19:46:02.219043,/Users/anupreksha/Desktop/hoophouse2023/flowerPi/aug11backup/videos/001f543e42a5/230809/102520_966074_001f543e42a5.mp4,[]
2023-08-11,19:45:48.413421,/Users/anupreksha/Desktop/hoophouse2023/flowerPi/aug11backup/videos/001f543e42a5/230809/003642_417284_001f543e42a5.mp4,"[470, 470]"
2023-08-11,19:45:46.550142,/Users/anupreksha/Desktop/hoophouse2023/flowerPi/aug11backup/videos/001f543e42a5/230809/000248_007836_001f543e42a5.mp4,[]
2023-08-11,19:46:15.585049,/Users/anupreksha/Desktop/hoophouse2023/flowerPi/aug11backup/videos/001f543e42a5/230809/121550_587047_001f543e42a5.mp4,"[683, 683, 683]"
2023-08-11,19:45:57.177917,/Users/anupreksha/Desktop/hoophouse2023/flowerPi/aug11backup/videos/001f543e42a5/230809/044147_672655_001f543e42a5.mp4,[]
2023-08-11,19:45:54.735221,/Users/anupreksha/Desktop/hoophouse2023/flowerPi/aug11backup/videos/001f543e42a5/230809/040737_686595_001f543e42a5.mp4,[]
2023-08-11,19:45:54.386992,/Users/anupreksha/Desktop/hoophouse2023/flowerPi/aug11backup/videos/001f543e42a5/230809/033019_659089_001f543e42a5.mp4,[]
2023-08-11,19:45:35.686308,/Users/anupreksha/Desktop/hoophouse2023/flowerPi/aug11backup/videos/001f543e42a5/230807/172923_410556_001f543e42a5.mp4,[]
2023-08-11,19:45:35.678518,/Users/anupreksha/Desktop/hoophouse2023/flowerPi/aug11backup/videos/001f543e42a5/230807/172704_412483_001f543e42a5.mp4,[]
2023-08-11,19:45:35.672714,/Users/anupreksha/Desktop/hoophouse2023/flowerPi/aug11backup/videos/001f543e42a5/230807/172132_414509_001f543e42a5.mp4,[]
2023-08-11,19:45:42.403108,/Users/anupreksha/Desktop/hoophouse2023/flowerPi/aug11backup/videos/001f543e42a5/230808/230031_194054_001f543e42a5.mp4,"[987, 987, 987, 987, 987]"
2023-08-11,19:45:44.539248,/Users/anupreksha/Desktop/hoophouse2023/flowerPi/aug11backup/videos/001f543e42a5/230808/232659_199999_001f543e42a5.mp4,[]
2023-08-11,19:45:42.608110,/Users/anupreksha/Desktop/hoophouse2023/flowerPi/aug11backup/videos/001f543e42a5/230808/230842_197275_001f543e42a5.mp4,[422]
2023-08-11,19:45:42.054060,/Users/anupreksha/Desktop/hoophouse2023/flowerPi/aug11backup/videos/001f543e42a5/230808/224413_188888_001f543e42a5.mp4,"[987, 987, 987, 987, 987, 987, 987, 987, 987, 987, 987, 987]"
2023-08-11,19:45:38.404865,/Users/anupreksha/Desktop/hoophouse2023/flowerPi/aug11backup/videos/001f543e42a5/230808/212135_968303_001f543e42a5.mp4,[]
2023-08-11,19:45:40.609353,/Users/anupreksha/Desktop/hoophouse2023/flowerPi/aug11backup/videos/001f543e42a5/230808/221401_183259_001f543e42a5.mp4,"[987, 987]"
2023-08-11,19:45:45.244361,/Users/anupreksha/Desktop/hoophouse2023/flowerPi/aug11backup/videos/001f543e42a5/230808/234611_204293_001f543e42a5.mp4,[]
2023-08-11,19:45:44.866333,/Users/anupreksha/Desktop/hoophouse2023/flowerPi/aug11backup/videos/001f543e42a5/230808/234043_202884_001f543e42a5.mp4,[]
2023-08-11,19:45:38.089049,/Users/anupreksha/Desktop/hoophouse2023/flowerPi/aug11backup/videos/001f543e42a5/230808/210921_970531_001f543e42a5.mp4,[]
2023-08-11,19:45:44.559433,/Users/anupreksha/Desktop/hoophouse2023/flowerPi/aug11backup/videos/001f543e42a5/230808/232749_201020_001f543e42a5.mp4,[]
2023-08-11,19:45:38.057278,/Users/anupreksha/Desktop/hoophouse2023/flowerPi/aug11backup/videos/001f543e42a5/230808/210803_968931_001f543e42a5.mp4,[]
2023-08-11,19:45:44.429543,/Users/anupreksha/Desktop/hoophouse2023/flowerPi/aug11backup/videos/001f543e42a5/230808/232315_198638_001f543e42a5.mp4,[]
2023-08-11,19:45:36.605007,/Users/anupreksha/Desktop/hoophouse2023/flowerPi/aug11backup/videos/001f543e42a5/230808/134548_283086_001f543e42a5.mp4,[]
2023-08-11,19:45:45.567456,/Users/anupreksha/Desktop/hoophouse2023/flowerPi/aug11backup/videos/001f543e42a5/230808/235858_206539_001f543e42a5.mp4,[]
2023-08-11,19:45:39.895586,/Users/anupreksha/Desktop/hoophouse2023/flowerPi/aug11backup/videos/001f543e42a5/230808/213654_974394_001f543e42a5.mp4,[]
2023-08-11,19:45:38.047694,/Users/anupreksha/Desktop/hoophouse2023/flowerPi/aug11backup/videos/001f543e42a5/230808/210738_967821_001f543e42a5.mp4,[]
2023-08-11,19:45:38.537451,/Users/anupreksha/Desktop/hoophouse2023/flowerPi/aug11backup/videos/001f543e42a5/230808/212642_975968_001f543e42a5.mp4,[]
2023-08-11,19:45:39.924633,/Users/anupreksha/Desktop/hoophouse2023/flowerPi/aug11backup/videos/001f543e42a5/230808/213800_973399_001f543e42a5.mp4,[]
2023-08-11,19:45:45.546199,/Users/anupreksha/Desktop/hoophouse2023/flowerPi/aug11backup/videos/001f543e42a5/230808/235808_207595_001f543e42a5.mp4,[]
2023-08-11,19:45:45.393610,/Users/anupreksha/Desktop/hoophouse2023/flowerPi/aug11backup/videos/001f543e42a5/230808/235223_205893_001f543e42a5.mp4,[]
2023-08-11,19:45:36.958936,/Users/anupreksha/Desktop/hoophouse2023/flowerPi/aug11backup/videos/001f543e42a5/230808/210109_965858_001f543e42a5.mp4,[]
2023-08-11,19:45:36.691689,/Users/anupreksha/Desktop/hoophouse2023/flowerPi/aug11backup/videos/001f543e42a5/230808/182117_944955_001f543e42a5.mp4,[]
2023-08-11,19:45:38.555013,/Users/anupreksha/Desktop/hoophouse2023/flowerPi/aug11backup/videos/001f543e42a5/230808/212733_973200_001f543e42a5.mp4,[]
2023-08-11,19:45:37.952529,/Users/anupreksha/Desktop/hoophouse2023/flowerPi/aug11backup/videos/001f543e42a5/230808/210349_965606_001f543e42a5.mp4,[]
2023-08-11,19:45:45.128067,/Users/anupreksha/Desktop/hoophouse2023/flowerPi/aug11backup/videos/001f543e42a5/230808/234135_203728_001f543e42a5.mp4,[]
2023-08-11,19:45:41.833874,/Users/anupreksha/Desktop/hoophouse2023/flowerPi/aug11backup/videos/001f543e42a5/230808/221729_186780_001f543e42a5.mp4,"[987, 987, 987]"
2023-08-11,19:45:44.183344,/Users/anupreksha/Desktop/hoophouse2023/flowerPi/aug11backup/videos/001f543e42a5/230808/231337_211117_001f543e42a5.mp4,[]
2023-08-11,19:45:36.802818,/Users/anupreksha/Desktop/hoophouse2023/flowerPi/aug11backup/videos/001f543e42a5/230808/205527_962934_001f543e42a5.mp4,[]
2023-08-11,19:45:39.812560,/Users/anupreksha/Desktop/hoophouse2023/flowerPi/aug11backup/videos/001f543e42a5/230808/213332_971572_001f543e42a5.mp4,[]
2023-08-11,19:45:37.908373,/Users/anupreksha/Desktop/hoophouse2023/flowerPi/aug11backup/videos/001f543e42a5/230808/210207_964993_001f543e42a5.mp4,[]
2023-08-11,19:45:44.077531,/Users/anupreksha/Desktop/hoophouse2023/flowerPi/aug11backup/videos/001f543e42a5/230808/230957_199296_001f543e42a5.mp4,"[987, 987]"
2023-08-11,19:45:38.072217,/Users/anupreksha/Desktop/hoophouse2023/flowerPi/aug11backup/videos/001f543e42a5/230808/210839_968813_001f543e42a5.mp4,[]
2023-08-11,19:45:44.813794,/Users/anupreksha/Desktop/hoophouse2023/flowerPi/aug11backup/videos/001f543e42a5/230808/233831_211196_001f543e42a5.mp4,[]
2023-08-11,19:45:36.885186,/Users/anupreksha/Desktop/hoophouse2023/flowerPi/aug11backup/videos/001f543e42a5/230808/205827_965395_001f543e42a5.mp4,[]
2023-08-11,19:45:36.639174,/Users/anupreksha/Desktop/hoophouse2023/flowerPi/aug11backup/videos/001f543e42a5/230808/172755_724784_001f543e42a5.mp4,[]
2023-08-11,19:45:45.147697,/Users/anupreksha/Desktop/hoophouse2023/flowerPi/aug11backup/videos/001f543e42a5/230808/234225_204792_001f543e42a5.mp4,[]
2023-08-11,19:45:42.557395,/Users/anupreksha/Desktop/hoophouse2023/flowerPi/aug11backup/videos/001f543e42a5/230808/230646_196906_001f543e42a5.mp4,"[987, 987, 987, 987, 987, 987, 987, 987, 987, 987, 987, 987]"
2023-08-11,19:45:40.396252,/Users/anupreksha/Desktop/hoophouse2023/flowerPi/aug11backup/videos/001f543e42a5/230808/220011_978879_001f543e42a5.mp4,[]
2023-08-11,19:45:44.288930,/Users/anupreksha/Desktop/hoophouse2023/flowerPi/aug11backup/videos/001f543e42a5/230808/231754_199112_001f543e42a5.mp4,[987]
2023-08-11,19:45:37.983625,/Users/anupreksha/Desktop/hoophouse2023/flowerPi/aug11backup/videos/001f543e42a5/230808/210451_966424_001f543e42a5.mp4,[]
2023-08-11,19:45:42.498892,/Users/anupreksha/Desktop/hoophouse2023/flowerPi/aug11backup/videos/001f543e42a5/230808/230413_196857_001f543e42a5.mp4,"[987, 987, 987, 987, 987, 987, 987, 987, 987, 987, 987, 987]"
2023-08-11,19:45:40.072420,/Users/anupreksha/Desktop/hoophouse2023/flowerPi/aug11backup/videos/001f543e42a5/230808/214425_974558_001f543e42a5.mp4,[]
2023-08-11,19:45:42.240347,/Users/anupreksha/Desktop/hoophouse2023/flowerPi/aug11backup/videos/001f543e42a5/230808/225212_190897_001f543e42a5.mp4,"[987, 987, 987, 987, 987, 987, 987, 470, 470, 987]"
2023-08-11,19:45:41.924971,/Users/anupreksha/Desktop/hoophouse2023/flowerPi/aug11backup/videos/001f543e42a5/230808/223533_189976_001f543e42a5.mp4,"[987, 987]"
2023-08-11,19:45:38.027607,/Users/anupreksha/Desktop/hoophouse2023/flowerPi/aug11backup/videos/001f543e42a5/230808/210649_967027_001f543e42a5.mp4,[]
2023-08-11,19:45:40.174848,/Users/anupreksha/Desktop/hoophouse2023/flowerPi/aug11backup/videos/001f543e42a5/230808/214940_976016_001f543e42a5.mp4,"[987, 987]"
2023-08-11,19:45:42.332000,/Users/anupreksha/Desktop/hoophouse2023/flowerPi/aug11backup/videos/001f543e42a5/230808/225632_193350_001f543e42a5.mp4,"[987, 987, 987, 987, 987]"
2023-08-11,19:45:36.522002,/Users/anupreksha/Desktop/hoophouse2023/flowerPi/aug11backup/videos/001f543e42a5/230808/133612_888708_001f543e42a5.mp4,[]
2023-08-11,19:45:39.864517,/Users/anupreksha/Desktop/hoophouse2023/flowerPi/aug11backup/videos/001f543e42a5/230808/213548_971976_001f543e42a5.mp4,[]
2023-08-11,19:45:44.634890,/Users/anupreksha/Desktop/hoophouse2023/flowerPi/aug11backup/videos/001f543e42a5/230808/233058_200819_001f543e42a5.mp4,[]
2023-08-11,19:45:44.310140,/Users/anupreksha/Desktop/hoophouse2023/flowerPi/aug11backup/videos/001f543e42a5/230808/231827_198338_001f543e42a5.mp4,[]
2023-08-11,19:45:40.012567,/Users/anupreksha/Desktop/hoophouse2023/flowerPi/aug11backup/videos/001f543e42a5/230808/214151_974604_001f543e42a5.mp4,[]
2023-08-11,19:45:40.021801,/Users/anupreksha/Desktop/hoophouse2023/flowerPi/aug11backup/videos/001f543e42a5/230808/214217_973257_001f543e42a5.mp4,[]
2023-08-11,19:45:38.453663,/Users/anupreksha/Desktop/hoophouse2023/flowerPi/aug11backup/videos/001f543e42a5/230808/212311_970285_001f543e42a5.mp4,[]
2023-08-11,19:45:40.489595,/Users/anupreksha/Desktop/hoophouse2023/flowerPi/aug11backup/videos/001f543e42a5/230808/220443_179783_001f543e42a5.mp4,[987]
2023-08-11,19:45:36.751081,/Users/anupreksha/Desktop/hoophouse2023/flowerPi/aug11backup/videos/001f543e42a5/230808/205327_964860_001f543e42a5.mp4,[]
2023-08-11,19:45:44.141811,/Users/anupreksha/Desktop/hoophouse2023/flowerPi/aug11backup/videos/001f543e42a5/230808/231215_196537_001f543e42a5.mp4,[]
2023-08-11,19:45:38.498445,/Users/anupreksha/Desktop/hoophouse2023/flowerPi/aug11backup/videos/001f543e42a5/230808/212505_977376_001f543e42a5.mp4,"[190, 190]"
2023-08-11,19:45:44.204105,/Users/anupreksha/Desktop/hoophouse2023/flowerPi/aug11backup/videos/001f543e42a5/230808/231437_205252_001f543e42a5.mp4,[470]
2023-08-11,19:45:39.853750,/Users/anupreksha/Desktop/hoophouse2023/flowerPi/aug11backup/videos/001f543e42a5/230808/213526_972129_001f543e42a5.mp4,[]
2023-08-11,19:45:40.282120,/Users/anupreksha/Desktop/hoophouse2023/flowerPi/aug11backup/videos/001f543e42a5/230808/215410_977210_001f543e42a5.mp4,"[987, 987]"
2023-08-11,19:45:42.361589,/Users/anupreksha/Desktop/hoophouse2023/flowerPi/aug11backup/videos/001f543e42a5/230808/225810_192577_001f543e42a5.mp4,"[17, 17, 987, 987]"
2023-08-11,19:45:42.342267,/Users/anupreksha/Desktop/hoophouse2023/flowerPi/aug11backup/videos/001f543e42a5/230808/225659_196210_001f543e42a5.mp4,"[987, 987, 987]"
2023-08-11,19:45:39.956620,/Users/anupreksha/Desktop/hoophouse2023/flowerPi/aug11backup/videos/001f543e42a5/230808/213924_973417_001f543e42a5.mp4,[140]
2023-08-11,19:45:44.760009,/Users/anupreksha/Desktop/hoophouse2023/flowerPi/aug11backup/videos/001f543e42a5/230808/233628_211313_001f543e42a5.mp4,[]
2023-08-11,19:45:45.191391,/Users/anupreksha/Desktop/hoophouse2023/flowerPi/aug11backup/videos/001f543e42a5/230808/234409_203498_001f543e42a5.mp4,[]
2023-08-11,19:45:40.208958,/Users/anupreksha/Desktop/hoophouse2023/flowerPi/aug11backup/videos/001f543e42a5/230808/215031_976515_001f543e42a5.mp4,"[987, 987, 987, 987, 987]"
2023-08-11,19:45:36.834980,/Users/anupreksha/Desktop/hoophouse2023/flowerPi/aug11backup/videos/001f543e42a5/230808/205635_963516_001f543e42a5.mp4,[]
2023-08-11,19:45:38.619324,/Users/anupreksha/Desktop/hoophouse2023/flowerPi/aug11backup/videos/001f543e42a5/230808/212949_970294_001f543e42a5.mp4,[]
2023-08-11,19:45:38.369176,/Users/anupreksha/Desktop/hoophouse2023/flowerPi/aug11backup/videos/001f543e42a5/230808/212011_970619_001f543e42a5.mp4,[]
2023-08-11,19:45:42.372257,/Users/anupreksha/Desktop/hoophouse2023/flowerPi/aug11backup/videos/001f543e42a5/230808/225833_193500_001f543e42a5.mp4,[987]
2023-08-11,19:45:36.774410,/Users/anupreksha/Desktop/hoophouse2023/flowerPi/aug11backup/videos/001f543e42a5/230808/205411_962665_001f543e42a5.mp4,[]
2023-08-11,19:45:37.917220,/Users/anupreksha/Desktop/hoophouse2023/flowerPi/aug11backup/videos/001f543e42a5/230808/210235_965986_001f543e42a5.mp4,[]
2023-08-11,19:45:44.270431,/Users/anupreksha/Desktop/hoophouse2023/flowerPi/aug11backup/videos/001f543e42a5/230808/231701_199333_001f543e42a5.mp4,[]
2023-08-11,19:45:39.935373,/Users/anupreksha/Desktop/hoophouse2023/flowerPi/aug11backup/videos/001f543e42a5/230808/213823_972424_001f543e42a5.mp4,[]
2023-08-11,19:45:45.386289,/Users/anupreksha/Desktop/hoophouse2023/flowerPi/aug11backup/videos/001f543e42a5/230808/235159_205313_001f543e42a5.mp4,[]
2023-08-11,19:45:44.498628,/Users/anupreksha/Desktop/hoophouse2023/flowerPi/aug11backup/videos/001f543e42a5/230808/232527_205525_001f543e42a5.mp4,[]
2023-08-11,19:45:42.279973,/Users/anupreksha/Desktop/hoophouse2023/flowerPi/aug11backup/videos/001f543e42a5/230808/225410_197521_001f543e42a5.mp4,"[987, 987, 987, 987, 987, 987, 987, 987, 987]"
2023-08-11,19:45:44.122253,/Users/anupreksha/Desktop/hoophouse2023/flowerPi/aug11backup/videos/001f543e42a5/230808/231122_196735_001f543e42a5.mp4,"[470, 470]"
2023-08-11,19:45:39.885197,/Users/anupreksha/Desktop/hoophouse2023/flowerPi/aug11backup/videos/001f543e42a5/230808/213632_973509_001f543e42a5.mp4,[]
2023-08-11,19:45:45.466588,/Users/anupreksha/Desktop/hoophouse2023/flowerPi/aug11backup/videos/001f543e42a5/230808/235508_203680_001f543e42a5.mp4,[]
2023-08-11,19:45:45.349824,/Users/anupreksha/Desktop/hoophouse2023/flowerPi/aug11backup/videos/001f543e42a5/230808/235025_204628_001f543e42a5.mp4,[]
2023-08-11,19:45:38.592855,/Users/anupreksha/Desktop/hoophouse2023/flowerPi/aug11backup/videos/001f543e42a5/230808/212900_970792_001f543e42a5.mp4,[]
2023-08-11,19:45:40.112029,/Users/anupreksha/Desktop/hoophouse2023/flowerPi/aug11backup/videos/001f543e42a5/230808/214640_975557_001f543e42a5.mp4,[]
2023-08-11,19:45:38.037705,/Users/anupreksha/Desktop/hoophouse2023/flowerPi/aug11backup/videos/001f543e42a5/230808/210714_968694_001f543e42a5.mp4,[]
2023-08-11,19:45:36.760577,/Users/anupreksha/Desktop/hoophouse2023/flowerPi/aug11backup/videos/001f543e42a5/230808/205349_962364_001f543e42a5.mp4,[]
2023-08-11,19:45:40.559566,/Users/anupreksha/Desktop/hoophouse2023/flowerPi/aug11backup/videos/001f543e42a5/230808/221017_186708_001f543e42a5.mp4,"[987, 987, 987]"
2023-08-11,19:45:40.549597,/Users/anupreksha/Desktop/hoophouse2023/flowerPi/aug11backup/videos/001f543e42a5/230808/220941_182137_001f543e42a5.mp4,[]
2023-08-11,19:45:40.249866,/Users/anupreksha/Desktop/hoophouse2023/flowerPi/aug11backup/videos/001f543e42a5/230808/215234_977362_001f543e42a5.mp4,[987]
2023-08-11,19:45:42.311125,/Users/anupreksha/Desktop/hoophouse2023/flowerPi/aug11backup/videos/001f543e42a5/230808/225519_191408_001f543e42a5.mp4,"[987, 987]"
2023-08-11,19:45:36.536977,/Users/anupreksha/Desktop/hoophouse2023/flowerPi/aug11backup/videos/001f543e42a5/230808/133632_898390_001f543e42a5.mp4,[]
2023-08-11,19:45:38.114907,/Users/anupreksha/Desktop/hoophouse2023/flowerPi/aug11backup/videos/001f543e42a5/230808/211004_969993_001f543e42a5.mp4,[]
2023-08-11,19:45:45.418418,/Users/anupreksha/Desktop/hoophouse2023/flowerPi/aug11backup/videos/001f543e42a5/230808/235306_210081_001f543e42a5.mp4,[]
2023-08-11,19:45:44.476942,/Users/anupreksha/Desktop/hoophouse2023/flowerPi/aug11backup/videos/001f543e42a5/230808/232437_198816_001f543e42a5.mp4,[987]
2023-08-11,19:45:38.470727,/Users/anupreksha/Desktop/hoophouse2023/flowerPi/aug11backup/videos/001f543e42a5/230808/212411_969177_001f543e42a5.mp4,[]
2023-08-11,19:45:44.770532,/Users/anupreksha/Desktop/hoophouse2023/flowerPi/aug11backup/videos/001f543e42a5/230808/233653_201510_001f543e42a5.mp4,[]
2023-08-11,19:45:36.708863,/Users/anupreksha/Desktop/hoophouse2023/flowerPi/aug11backup/videos/001f543e42a5/230808/205139_961885_001f543e42a5.mp4,[]
2023-08-11,19:45:40.520030,/Users/anupreksha/Desktop/hoophouse2023/flowerPi/aug11backup/videos/001f543e42a5/230808/220636_185652_001f543e42a5.mp4,[]
2023-08-11,19:45:41.945006,/Users/anupreksha/Desktop/hoophouse2023/flowerPi/aug11backup/videos/001f543e42a5/230808/223633_188414_001f543e42a5.mp4,[]
2023-08-11,19:45:45.376040,/Users/anupreksha/Desktop/hoophouse2023/flowerPi/aug11backup/videos/001f543e42a5/230808/235130_205594_001f543e42a5.mp4,[]
2023-08-11,19:45:45.536569,/Users/anupreksha/Desktop/hoophouse2023/flowerPi/aug11backup/videos/001f543e42a5/230808/235757_207745_001f543e42a5.mp4,[]
2023-08-11,19:45:45.223735,/Users/anupreksha/Desktop/hoophouse2023/flowerPi/aug11backup/videos/001f543e42a5/230808/234521_205352_001f543e42a5.mp4,[]
2023-08-11,19:45:39.914647,/Users/anupreksha/Desktop/hoophouse2023/flowerPi/aug11backup/videos/001f543e42a5/230808/213737_980384_001f543e42a5.mp4,[]
2023-08-11,19:45:44.823595,/Users/anupreksha/Desktop/hoophouse2023/flowerPi/aug11backup/videos/001f543e42a5/230808/233901_203482_001f543e42a5.mp4,[]
2023-08-11,19:45:38.377511,/Users/anupreksha/Desktop/hoophouse2023/flowerPi/aug11backup/videos/001f543e42a5/230808/212037_973475_001f543e42a5.mp4,[]
2023-08-11,19:45:38.385929,/Users/anupreksha/Desktop/hoophouse2023/flowerPi/aug11backup/videos/001f543e42a5/230808/212053_968315_001f543e42a5.mp4,[]
2023-08-11,19:45:40.509461,/Users/anupreksha/Desktop/hoophouse2023/flowerPi/aug11backup/videos/001f543e42a5/230808/220600_184444_001f543e42a5.mp4,[987]
2023-08-11,19:45:41.995444,/Users/anupreksha/Desktop/hoophouse2023/flowerPi/aug11backup/videos/001f543e42a5/230808/224124_192264_001f543e42a5.mp4,"[987, 987, 987, 987, 987, 987, 987, 987]"
2023-08-11,19:45:40.041891,/Users/anupreksha/Desktop/hoophouse2023/flowerPi/aug11backup/videos/001f543e42a5/230808/214307_975358_001f543e42a5.mp4,[]
2023-08-11,19:45:37.969415,/Users/anupreksha/Desktop/hoophouse2023/flowerPi/aug11backup/videos/001f543e42a5/230808/210435_966504_001f543e42a5.mp4,[]
2023-08-11,19:45:44.508273,/Users/anupreksha/Desktop/hoophouse2023/flowerPi/aug11backup/videos/001f543e42a5/230808/232550_199131_001f543e42a5.mp4,[]
2023-08-11,19:45:42.527573,/Users/anupreksha/Desktop/hoophouse2023/flowerPi/aug11backup/videos/001f543e42a5/230808/230524_197336_001f543e42a5.mp4,"[470, 470, 470, 470, 470, 987, 987, 987, 987]"
2023-08-11,19:45:40.468961,/Users/anupreksha/Desktop/hoophouse2023/flowerPi/aug11backup/videos/001f543e42a5/230808/220358_180816_001f543e42a5.mp4,"[987, 106]"
2023-08-11,19:45:45.527259,/Users/anupreksha/Desktop/hoophouse2023/flowerPi/aug11backup/videos/001f543e42a5/230808/235724_207815_001f543e42a5.mp4,[]
2023-08-11,19:45:40.448136,/Users/anupreksha/Desktop/hoophouse2023/flowerPi/aug11backup/videos/001f543e42a5/230808/220303_180940_001f543e42a5.mp4,[]
2023-08-11,19:45:42.156602,/Users/anupreksha/Desktop/hoophouse2023/flowerPi/aug11backup/videos/001f543e42a5/230808/224855_190233_001f543e42a5.mp4,"[987, 987, 987, 987, 987, 987, 987]"
2023-08-11,19:45:42.382091,/Users/anupreksha/Desktop/hoophouse2023/flowerPi/aug11backup/videos/001f543e42a5/230808/225858_192638_001f543e42a5.mp4,"[987, 987, 987, 987]"
2023-08-11,19:45:36.969221,/Users/anupreksha/Desktop/hoophouse2023/flowerPi/aug11backup/videos/001f543e42a5/230808/210132_965191_001f543e42a5.mp4,[]
2023-08-11,19:45:44.588970,/Users/anupreksha/Desktop/hoophouse2023/flowerPi/aug11backup/videos/001f543e42a5/230808/232857_199970_001f543e42a5.mp4,[]
2023-08-11,19:45:40.539982,/Users/anupreksha/Desktop/hoophouse2023/flowerPi/aug11backup/videos/001f543e42a5/230808/220839_181266_001f543e42a5.mp4,[]
2023-08-11,19:45:36.936303,/Users/anupreksha/Desktop/hoophouse2023/flowerPi/aug11backup/videos/001f543e42a5/230808/210024_964108_001f543e42a5.mp4,[]
2023-08-11,19:45:38.317743,/Users/anupreksha/Desktop/hoophouse2023/flowerPi/aug11backup/videos/001f543e42a5/230808/211825_967842_001f543e42a5.mp4,[]
2023-08-11,19:45:42.486389,/Users/anupreksha/Desktop/hoophouse2023/flowerPi/aug11backup/videos/001f543e42a5/230808/230347_194765_001f543e42a5.mp4,"[987, 987, 987, 987, 638, 987, 987]"
2023-08-11,19:45:42.475419,/Users/anupreksha/Desktop/hoophouse2023/flowerPi/aug11backup/videos/001f543e42a5/230808/230321_197068_001f543e42a5.mp4,"[987, 987, 987, 987, 987, 987]"
2023-08-11,19:45:44.854621,/Users/anupreksha/Desktop/hoophouse2023/flowerPi/aug11backup/videos/001f543e42a5/230808/234017_202316_001f543e42a5.mp4,[]
2023-08-11,19:45:45.163085,/Users/anupreksha/Desktop/hoophouse2023/flowerPi/aug11backup/videos/001f543e42a5/230808/234303_208520_001f543e42a5.mp4,[]
2023-08-11,19:45:44.780709,/Users/anupreksha/Desktop/hoophouse2023/flowerPi/aug11backup/videos/001f543e42a5/230808/233720_202112_001f543e42a5.mp4,[]
2023-08-11,19:45:39.791503,/Users/anupreksha/Desktop/hoophouse2023/flowerPi/aug11backup/videos/001f543e42a5/230808/213254_971699_001f543e42a5.mp4,"[17, 17]"
2023-08-11,19:45:42.177463,/Users/anupreksha/Desktop/hoophouse2023/flowerPi/aug11backup/videos/001f543e42a5/230808/224941_190441_001f543e42a5.mp4,"[987, 987, 987, 987, 987, 987, 987, 987, 987, 987, 987, 987]"
2023-08-11,19:45:44.730923,/Users/anupreksha/Desktop/hoophouse2023/flowerPi/aug11backup/videos/001f543e42a5/230808/233503_212678_001f543e42a5.mp4,[]
2023-08-11,19:45:42.250136,/Users/anupreksha/Desktop/hoophouse2023/flowerPi/aug11backup/videos/001f543e42a5/230808/225236_191100_001f543e42a5.mp4,"[987, 987, 987, 987, 987, 987, 190, 987]"
2023-08-11,19:45:40.082765,/Users/anupreksha/Desktop/hoophouse2023/flowerPi/aug11backup/videos/001f543e42a5/230808/214512_975235_001f543e42a5.mp4,[]
2023-08-11,19:45:42.434776,/Users/anupreksha/Desktop/hoophouse2023/flowerPi/aug11backup/videos/001f543e42a5/230808/230145_196118_001f543e42a5.mp4,"[987, 987, 987, 987, 987, 987]"
2023-08-11,19:45:36.856921,/Users/anupreksha/Desktop/hoophouse2023/flowerPi/aug11backup/videos/001f543e42a5/230808/205729_963883_001f543e42a5.mp4,[]
2023-08-11,19:45:42.113526,/Users/anupreksha/Desktop/hoophouse2023/flowerPi/aug11backup/videos/001f543e42a5/230808/224710_190668_001f543e42a5.mp4,"[987, 987, 987, 987, 987, 987]"
2023-08-11,19:45:38.463729,/Users/anupreksha/Desktop/hoophouse2023/flowerPi/aug11backup/videos/001f543e42a5/230808/212336_981201_001f543e42a5.mp4,[]
2023-08-11,19:45:41.852581,/Users/anupreksha/Desktop/hoophouse2023/flowerPi/aug11backup/videos/001f543e42a5/230808/221843_182913_001f543e42a5.mp4,"[987, 987, 987, 987]"
2023-08-11,19:45:44.720178,/Users/anupreksha/Desktop/hoophouse2023/flowerPi/aug11backup/videos/001f543e42a5/230808/233435_203354_001f543e42a5.mp4,[]
2023-08-11,19:45:40.324463,/Users/anupreksha/Desktop/hoophouse2023/flowerPi/aug11backup/videos/001f543e42a5/230808/215627_978399_001f543e42a5.mp4,"[987, 987, 987]"
2023-08-11,19:45:42.577532,/Users/anupreksha/Desktop/hoophouse2023/flowerPi/aug11backup/videos/001f543e42a5/230808/230734_196516_001f543e42a5.mp4,"[987, 987, 987, 987, 987, 987, 987, 987, 987, 987, 987, 987, 987, 987, 987, 987]"
2023-08-11,19:45:45.182185,/Users/anupreksha/Desktop/hoophouse2023/flowerPi/aug11backup/videos/001f543e42a5/230808/234354_203979_001f543e42a5.mp4,[]
2023-08-11,19:45:38.271702,/Users/anupreksha/Desktop/hoophouse2023/flowerPi/aug11backup/videos/001f543e42a5/230808/211703_970391_001f543e42a5.mp4,[]
2023-08-11,19:45:41.794242,/Users/anupreksha/Desktop/hoophouse2023/flowerPi/aug11backup/videos/001f543e42a5/230808/221451_189184_001f543e42a5.mp4,"[987, 987, 987, 987, 987]"
2023-08-11,19:45:39.845031,/Users/anupreksha/Desktop/hoophouse2023/flowerPi/aug11backup/videos/001f543e42a5/230808/213455_971544_001f543e42a5.mp4,[17]
2023-08-11,19:45:38.253218,/Users/anupreksha/Desktop/hoophouse2023/flowerPi/aug11backup/videos/001f543e42a5/230808/211611_970920_001f543e42a5.mp4,[]
2023-08-11,19:45:41.894670,/Users/anupreksha/Desktop/hoophouse2023/flowerPi/aug11backup/videos/001f543e42a5/230808/222825_188211_001f543e42a5.mp4,"[987, 987]"
2023-08-11,19:45:44.196542,/Users/anupreksha/Desktop/hoophouse2023/flowerPi/aug11backup/videos/001f543e42a5/230808/231407_196705_001f543e42a5.mp4,[]
2023-08-11,19:45:40.313879,/Users/anupreksha/Desktop/hoophouse2023/flowerPi/aug11backup/videos/001f543e42a5/230808/215533_977982_001f543e42a5.mp4,[987]
2023-08-11,19:45:44.569404,/Users/anupreksha/Desktop/hoophouse2023/flowerPi/aug11backup/videos/001f543e42a5/230808/232810_200342_001f543e42a5.mp4,[]
2023-08-11,19:45:42.320899,/Users/anupreksha/Desktop/hoophouse2023/flowerPi/aug11backup/videos/001f543e42a5/230808/225547_191681_001f543e42a5.mp4,"[987, 987]"
2023-08-11,19:45:42.074573,/Users/anupreksha/Desktop/hoophouse2023/flowerPi/aug11backup/videos/001f543e42a5/230808/224501_193683_001f543e42a5.mp4,"[987, 987, 987, 987, 987, 987, 987, 987, 987, 987, 987, 987, 17]"
2023-08-11,19:45:44.133933,/Users/anupreksha/Desktop/hoophouse2023/flowerPi/aug11backup/videos/001f543e42a5/230808/231148_196245_001f543e42a5.mp4,[]
2023-08-11,19:45:44.579163,/Users/anupreksha/Desktop/hoophouse2023/flowerPi/aug11backup/videos/001f543e42a5/230808/232835_200079_001f543e42a5.mp4,[]
2023-08-11,19:45:36.824473,/Users/anupreksha/Desktop/hoophouse2023/flowerPi/aug11backup/videos/001f543e42a5/230808/205617_964813_001f543e42a5.mp4,[]
2023-08-11,19:45:42.211372,/Users/anupreksha/Desktop/hoophouse2023/flowerPi/aug11backup/videos/001f543e42a5/230808/225030_194015_001f543e42a5.mp4,[987]
2023-08-11,19:45:42.093867,/Users/anupreksha/Desktop/hoophouse2023/flowerPi/aug11backup/videos/001f543e42a5/230808/224555_189290_001f543e42a5.mp4,"[987, 987, 987, 987]"
2023-08-11,19:45:38.064565,/Users/anupreksha/Desktop/hoophouse2023/flowerPi/aug11backup/videos/001f543e42a5/230808/210825_970326_001f543e42a5.mp4,"[190, 190]"
2023-08-11,19:45:36.905686,/Users/anupreksha/Desktop/hoophouse2023/flowerPi/aug11backup/videos/001f543e42a5/230808/205911_964936_001f543e42a5.mp4,[]
2023-08-11,19:45:36.549306,/Users/anupreksha/Desktop/hoophouse2023/flowerPi/aug11backup/videos/001f543e42a5/230808/133646_894598_001f543e42a5.mp4,[]
2023-08-11,19:45:40.164255,/Users/anupreksha/Desktop/hoophouse2023/flowerPi/aug11backup/videos/001f543e42a5/230808/214857_975449_001f543e42a5.mp4,[]
2023-08-11,19:45:36.616442,/Users/anupreksha/Desktop/hoophouse2023/flowerPi/aug11backup/videos/001f543e42a5/230808/171706_313129_001f543e42a5.mp4,[]
2023-08-11,19:45:39.801208,/Users/anupreksha/Desktop/hoophouse2023/flowerPi/aug11backup/videos/001f543e42a5/230808/213310_971380_001f543e42a5.mp4,[]
2023-08-11,19:45:42.084145,/Users/anupreksha/Desktop/hoophouse2023/flowerPi/aug11backup/videos/001f543e42a5/230808/224524_189756_001f543e42a5.mp4,"[987, 987, 987, 987, 987, 987, 987]"
2023-08-11,19:45:45.577687,/Users/anupreksha/Desktop/hoophouse2023/flowerPi/aug11backup/videos/001f543e42a5/230808/235935_207371_001f543e42a5.mp4,"[422, 422, 422, 422]"
2023-08-11,19:45:44.740586,/Users/anupreksha/Desktop/hoophouse2023/flowerPi/aug11backup/videos/001f543e42a5/230808/233541_202443_001f543e42a5.mp4,[]
2023-08-11,19:45:38.352404,/Users/anupreksha/Desktop/hoophouse2023/flowerPi/aug11backup/videos/001f543e42a5/230808/211936_969089_001f543e42a5.mp4,[]
2023-08-11,19:45:45.338933,/Users/anupreksha/Desktop/hoophouse2023/flowerPi/aug11backup/videos/001f543e42a5/230808/234959_209536_001f543e42a5.mp4,[]
2023-08-11,19:45:39.992418,/Users/anupreksha/Desktop/hoophouse2023/flowerPi/aug11backup/videos/001f543e42a5/230808/214101_973295_001f543e42a5.mp4,[]
2023-08-11,19:45:45.277475,/Users/anupreksha/Desktop/hoophouse2023/flowerPi/aug11backup/videos/001f543e42a5/230808/234727_204478_001f543e42a5.mp4,[]
2023-08-11,19:45:36.791922,/Users/anupreksha/Desktop/hoophouse2023/flowerPi/aug11backup/videos/001f543e42a5/230808/205508_963588_001f543e42a5.mp4,[]
2023-08-11,19:45:38.081999,/Users/anupreksha/Desktop/hoophouse2023/flowerPi/aug11backup/videos/001f543e42a5/230808/210857_967567_001f543e42a5.mp4,[]
2023-08-11,19:45:39.874243,/Users/anupreksha/Desktop/hoophouse2023/flowerPi/aug11backup/videos/001f543e42a5/230808/213611_971923_001f543e42a5.mp4,[]
2023-08-11,19:45:42.064695,/Users/anupreksha/Desktop/hoophouse2023/flowerPi/aug11backup/videos/001f543e42a5/230808/224437_203858_001f543e42a5.mp4,"[987, 987, 987, 987, 987, 987]"
2023-08-11,19:45:41.904842,/Users/anupreksha/Desktop/hoophouse2023/flowerPi/aug11backup/videos/001f543e42a5/230808/223041_185821_001f543e42a5.mp4,"[987, 987, 987, 987, 17, 17, 17, 987, 987, 987]"
2023-08-11,19:45:36.816055,/Users/anupreksha/Desktop/hoophouse2023/flowerPi/aug11backup/videos/001f543e42a5/230808/205549_963171_001f543e42a5.mp4,"[961, 961, 961]"
2023-08-11,19:45:40.185662,/Users/anupreksha/Desktop/hoophouse2023/flowerPi/aug11backup/videos/001f543e42a5/230808/215003_975995_001f543e42a5.mp4,[]
2023-08-11,19:45:44.113079,/Users/anupreksha/Desktop/hoophouse2023/flowerPi/aug11backup/videos/001f543e42a5/230808/231105_198555_001f543e42a5.mp4,[]
2023-08-11,19:45:38.226111,/Users/anupreksha/Desktop/hoophouse2023/flowerPi/aug11backup/videos/001f543e42a5/230808/211503_967289_001f543e42a5.mp4,[]
2023-08-11,19:45:38.236480,/Users/anupreksha/Desktop/hoophouse2023/flowerPi/aug11backup/videos/001f543e42a5/230808/211518_968543_001f543e42a5.mp4,[]
2023-08-11,19:45:40.144842,/Users/anupreksha/Desktop/hoophouse2023/flowerPi/aug11backup/videos/001f543e42a5/230808/214802_975616_001f543e42a5.mp4,[]
2023-08-11,19:45:44.749688,/Users/anupreksha/Desktop/hoophouse2023/flowerPi/aug11backup/videos/001f543e42a5/230808/233605_201140_001f543e42a5.mp4,[]
2023-08-11,19:45:42.260711,/Users/anupreksha/Desktop/hoophouse2023/flowerPi/aug11backup/videos/001f543e42a5/230808/225305_192646_001f543e42a5.mp4,"[987, 987, 987, 987, 987, 987, 987, 987, 987, 987, 987, 987, 987, 987, 987, 987, 987]"
2023-08-11,19:45:37.995059,/Users/anupreksha/Desktop/hoophouse2023/flowerPi/aug11backup/videos/001f543e42a5/230808/210523_965937_001f543e42a5.mp4,[]
2023-08-11,19:45:45.590471,/Users/anupreksha/Desktop/hoophouse2023/flowerPi/aug11backup/videos/001f543e42a5/230808/235958_206909_001f543e42a5.mp4,"[422, 422, 422, 422, 422]"
2023-08-11,19:45:44.343270,/Users/anupreksha/Desktop/hoophouse2023/flowerPi/aug11backup/videos/001f543e42a5/230808/231949_199729_001f543e42a5.mp4,[954]
2023-08-11,19:45:44.710035,/Users/anupreksha/Desktop/hoophouse2023/flowerPi/aug11backup/videos/001f543e42a5/230808/233406_200659_001f543e42a5.mp4,[]
2023-08-11,19:45:44.387030,/Users/anupreksha/Desktop/hoophouse2023/flowerPi/aug11backup/videos/001f543e42a5/230808/232131_197947_001f543e42a5.mp4,[]
2023-08-11,19:45:44.087906,/Users/anupreksha/Desktop/hoophouse2023/flowerPi/aug11backup/videos/001f543e42a5/230808/231011_198067_001f543e42a5.mp4,[]
2023-08-11,19:45:40.303066,/Users/anupreksha/Desktop/hoophouse2023/flowerPi/aug11backup/videos/001f543e42a5/230808/215500_979392_001f543e42a5.mp4,[]
2023-08-11,19:45:45.559157,/Users/anupreksha/Desktop/hoophouse2023/flowerPi/aug11backup/videos/001f543e42a5/230808/235828_206671_001f543e42a5.mp4,[]
2023-08-11,19:45:45.297808,/Users/anupreksha/Desktop/hoophouse2023/flowerPi/aug11backup/videos/001f543e42a5/230808/234825_206271_001f543e42a5.mp4,[]
2023-08-11,19:45:40.062575,/Users/anupreksha/Desktop/hoophouse2023/flowerPi/aug11backup/videos/001f543e42a5/230808/214359_973742_001f543e42a5.mp4,[]
2023-08-11,19:45:42.124505,/Users/anupreksha/Desktop/hoophouse2023/flowerPi/aug11backup/videos/001f543e42a5/230808/224743_191564_001f543e42a5.mp4,"[987, 987, 987, 987, 987, 987, 987, 987, 987, 987, 987, 987, 987, 987, 987, 987, 987, 987, 987]"
2023-08-11,19:45:41.884417,/Users/anupreksha/Desktop/hoophouse2023/flowerPi/aug11backup/videos/001f543e42a5/230808/222619_192443_001f543e42a5.mp4,[987]
2023-08-11,19:45:45.453127,/Users/anupreksha/Desktop/hoophouse2023/flowerPi/aug11backup/videos/001f543e42a5/230808/235437_207958_001f543e42a5.mp4,[]
2023-08-11,19:45:42.464911,/Users/anupreksha/Desktop/hoophouse2023/flowerPi/aug11backup/videos/001f543e42a5/230808/230300_196699_001f543e42a5.mp4,"[987, 987, 987, 987, 987, 987, 987, 987, 987, 987, 987]"
2023-08-11,19:45:38.487298,/Users/anupreksha/Desktop/hoophouse2023/flowerPi/aug11backup/videos/001f543e42a5/230808/212453_970031_001f543e42a5.mp4,[]
2023-08-11,19:45:37.932293,/Users/anupreksha/Desktop/hoophouse2023/flowerPi/aug11backup/videos/001f543e42a5/230808/210310_965701_001f543e42a5.mp4,[]
2023-08-11,19:45:44.151501,/Users/anupreksha/Desktop/hoophouse2023/flowerPi/aug11backup/videos/001f543e42a5/230808/231233_195687_001f543e42a5.mp4,[]
2023-08-11,19:45:40.292434,/Users/anupreksha/Desktop/hoophouse2023/flowerPi/aug11backup/videos/001f543e42a5/230808/215433_977372_001f543e42a5.mp4,"[987, 987]"
2023-08-11,19:45:38.166149,/Users/anupreksha/Desktop/hoophouse2023/flowerPi/aug11backup/videos/001f543e42a5/230808/211222_971565_001f543e42a5.mp4,[]
2023-08-11,19:45:44.643804,/Users/anupreksha/Desktop/hoophouse2023/flowerPi/aug11backup/videos/001f543e42a5/230808/233122_200700_001f543e42a5.mp4,[]
2023-08-11,19:45:44.320653,/Users/anupreksha/Desktop/hoophouse2023/flowerPi/aug11backup/videos/001f543e42a5/230808/231853_202569_001f543e42a5.mp4,[]
2023-08-11,19:45:44.418743,/Users/anupreksha/Desktop/hoophouse2023/flowerPi/aug11backup/videos/001f543e42a5/230808/232251_199052_001f543e42a5.mp4,"[944, 944, 944, 944]"
2023-08-11,19:45:44.259981,/Users/anupreksha/Desktop/hoophouse2023/flowerPi/aug11backup/videos/001f543e42a5/230808/231633_198450_001f543e42a5.mp4,[]
2023-08-11,19:45:40.261234,/Users/anupreksha/Desktop/hoophouse2023/flowerPi/aug11backup/videos/001f543e42a5/230808/215305_986155_001f543e42a5.mp4,"[987, 987, 987, 987]"
2023-08-11,19:45:44.699618,/Users/anupreksha/Desktop/hoophouse2023/flowerPi/aug11backup/videos/001f543e42a5/230808/233343_205342_001f543e42a5.mp4,[]
2023-08-11,19:45:38.285007,/Users/anupreksha/Desktop/hoophouse2023/flowerPi/aug11backup/videos/001f543e42a5/230808/211716_972653_001f543e42a5.mp4,[]
2023-08-11,19:45:42.024875,/Users/anupreksha/Desktop/hoophouse2023/flowerPi/aug11backup/videos/001f543e42a5/230808/224256_191333_001f543e42a5.mp4,"[987, 987, 987, 987]"
2023-08-11,19:45:36.594966,/Users/anupreksha/Desktop/hoophouse2023/flowerPi/aug11backup/videos/001f543e42a5/230808/133959_897460_001f543e42a5.mp4,[]
2023-08-11,19:45:45.513199,/Users/anupreksha/Desktop/hoophouse2023/flowerPi/aug11backup/videos/001f543e42a5/230808/235711_205183_001f543e42a5.mp4,[]
2023-08-11,19:45:38.197354,/Users/anupreksha/Desktop/hoophouse2023/flowerPi/aug11backup/videos/001f543e42a5/230808/211335_970613_001f543e42a5.mp4,[]
2023-08-11,19:45:40.375636,/Users/anupreksha/Desktop/hoophouse2023/flowerPi/aug11backup/videos/001f543e42a5/230808/215858_981101_001f543e42a5.mp4,[]
2023-08-11,19:45:40.218770,/Users/anupreksha/Desktop/hoophouse2023/flowerPi/aug11backup/videos/001f543e42a5/230808/215055_976625_001f543e42a5.mp4,"[987, 987, 987]"
2023-08-11,19:45:36.948091,/Users/anupreksha/Desktop/hoophouse2023/flowerPi/aug11backup/videos/001f543e42a5/230808/210042_965612_001f543e42a5.mp4,[]
2023-08-11,19:45:45.496146,/Users/anupreksha/Desktop/hoophouse2023/flowerPi/aug11backup/videos/001f543e42a5/230808/235613_206837_001f543e42a5.mp4,[]
2023-08-11,19:45:41.915144,/Users/anupreksha/Desktop/hoophouse2023/flowerPi/aug11backup/videos/001f543e42a5/230808/223234_185559_001f543e42a5.mp4,"[987, 987, 987, 987]"
2023-08-11,19:45:38.126379,/Users/anupreksha/Desktop/hoophouse2023/flowerPi/aug11backup/videos/001f543e42a5/230808/211032_970030_001f543e42a5.mp4,[]
2023-08-11,19:45:44.299423,/Users/anupreksha/Desktop/hoophouse2023/flowerPi/aug11backup/videos/001f543e42a5/230808/231805_198973_001f543e42a5.mp4,[]
2023-08-11,19:45:44.222445,/Users/anupreksha/Desktop/hoophouse2023/flowerPi/aug11backup/videos/001f543e42a5/230808/231522_199619_001f543e42a5.mp4,[]
2023-08-11,19:45:42.290268,/Users/anupreksha/Desktop/hoophouse2023/flowerPi/aug11backup/videos/001f543e42a5/230808/225431_194817_001f543e42a5.mp4,[987]
2023-08-11,19:45:44.453289,/Users/anupreksha/Desktop/hoophouse2023/flowerPi/aug11backup/videos/001f543e42a5/230808/232405_199126_001f543e42a5.mp4,[]
2023-08-11,19:45:45.234092,/Users/anupreksha/Desktop/hoophouse2023/flowerPi/aug11backup/videos/001f543e42a5/230808/234545_204735_001f543e42a5.mp4,[]
2023-08-11,19:45:41.862876,/Users/anupreksha/Desktop/hoophouse2023/flowerPi/aug11backup/videos/001f543e42a5/230808/222123_185276_001f543e42a5.mp4,[]
2023-08-11,19:45:45.440306,/Users/anupreksha/Desktop/hoophouse2023/flowerPi/aug11backup/videos/001f543e42a5/230808/235402_205871_001f543e42a5.mp4,[]
2023-08-11,19:45:38.571832,/Users/anupreksha/Desktop/hoophouse2023/flowerPi/aug11backup/videos/001f543e42a5/230808/212823_969820_001f543e42a5.mp4,[]
2023-08-11,19:45:44.652935,/Users/anupreksha/Desktop/hoophouse2023/flowerPi/aug11backup/videos/001f543e42a5/230808/233143_202628_001f543e42a5.mp4,[]
2023-08-11,19:45:45.318244,/Users/anupreksha/Desktop/hoophouse2023/flowerPi/aug11backup/videos/001f543e42a5/230808/234903_204372_001f543e42a5.mp4,"[470, 470, 470]"
2023-08-11,19:45:44.094908,/Users/anupreksha/Desktop/hoophouse2023/flowerPi/aug11backup/videos/001f543e42a5/230808/231034_205050_001f543e42a5.mp4,[]
2023-08-11,19:45:41.873432,/Users/anupreksha/Desktop/hoophouse2023/flowerPi/aug11backup/videos/001f543e42a5/230808/222301_184146_001f543e42a5.mp4,[]
2023-08-11,19:45:38.632572,/Users/anupreksha/Desktop/hoophouse2023/flowerPi/aug11backup/videos/001f543e42a5/230808/213052_970831_001f543e42a5.mp4,[]
2023-08-11,19:45:36.864619,/Users/anupreksha/Desktop/hoophouse2023/flowerPi/aug11backup/videos/001f543e42a5/230808/205749_963729_001f543e42a5.mp4,[]
2023-08-11,19:45:40.154299,/Users/anupreksha/Desktop/hoophouse2023/flowerPi/aug11backup/videos/001f543e42a5/230808/214833_976906_001f543e42a5.mp4,[]
2023-08-11,19:45:44.376773,/Users/anupreksha/Desktop/hoophouse2023/flowerPi/aug11backup/videos/001f543e42a5/230808/232109_201272_001f543e42a5.mp4,[]
2023-08-11,19:45:42.044089,/Users/anupreksha/Desktop/hoophouse2023/flowerPi/aug11backup/videos/001f543e42a5/230808/224351_190967_001f543e42a5.mp4,"[987, 987, 987, 987, 987, 987, 987, 987, 987, 987, 987]"
2023-08-11,19:45:38.564754,/Users/anupreksha/Desktop/hoophouse2023/flowerPi/aug11backup/videos/001f543e42a5/230808/212757_969798_001f543e42a5.mp4,[]
2023-08-11,19:45:38.654280,/Users/anupreksha/Desktop/hoophouse2023/flowerPi/aug11backup/videos/001f543e42a5/230808/213133_970792_001f543e42a5.mp4,[]
2023-08-11,19:45:38.642125,/Users/anupreksha/Desktop/hoophouse2023/flowerPi/aug11backup/videos/001f543e42a5/230808/213103_970766_001f543e42a5.mp4,[]
2023-08-11,19:45:44.680173,/Users/anupreksha/Desktop/hoophouse2023/flowerPi/aug11backup/videos/001f543e42a5/230808/233255_205868_001f543e42a5.mp4,[]
2023-08-11,19:45:38.505805,/Users/anupreksha/Desktop/hoophouse2023/flowerPi/aug11backup/videos/001f543e42a5/230808/212529_970982_001f543e42a5.mp4,[]
2023-08-11,19:45:40.134625,/Users/anupreksha/Desktop/hoophouse2023/flowerPi/aug11backup/videos/001f543e42a5/230808/214732_975783_001f543e42a5.mp4,[]
2023-08-11,19:45:44.598564,/Users/anupreksha/Desktop/hoophouse2023/flowerPi/aug11backup/videos/001f543e42a5/230808/232920_200670_001f543e42a5.mp4,[17]
2023-08-11,19:45:37.960994,/Users/anupreksha/Desktop/hoophouse2023/flowerPi/aug11backup/videos/001f543e42a5/230808/210412_965785_001f543e42a5.mp4,[]
2023-08-11,19:45:36.977079,/Users/anupreksha/Desktop/hoophouse2023/flowerPi/aug11backup/videos/001f543e42a5/230808/210154_965647_001f543e42a5.mp4,[433]
2023-08-11,19:45:44.662125,/Users/anupreksha/Desktop/hoophouse2023/flowerPi/aug11backup/videos/001f543e42a5/230808/233211_201415_001f543e42a5.mp4,[]
2023-08-11,19:45:40.589330,/Users/anupreksha/Desktop/hoophouse2023/flowerPi/aug11backup/videos/001f543e42a5/230808/221230_182354_001f543e42a5.mp4,"[987, 190]"
2023-08-11,19:45:38.581079,/Users/anupreksha/Desktop/hoophouse2023/flowerPi/aug11backup/videos/001f543e42a5/230808/212836_979241_001f543e42a5.mp4,[]
2023-08-11,19:45:36.874951,/Users/anupreksha/Desktop/hoophouse2023/flowerPi/aug11backup/videos/001f543e42a5/230808/205803_965254_001f543e42a5.mp4,[]
2023-08-11,19:45:38.096604,/Users/anupreksha/Desktop/hoophouse2023/flowerPi/aug11backup/videos/001f543e42a5/230808/210936_970915_001f543e42a5.mp4,[]
2023-08-11,19:45:38.341677,/Users/anupreksha/Desktop/hoophouse2023/flowerPi/aug11backup/videos/001f543e42a5/230808/211923_969575_001f543e42a5.mp4,[]
2023-08-11,19:45:40.102701,/Users/anupreksha/Desktop/hoophouse2023/flowerPi/aug11backup/videos/001f543e42a5/230808/214613_974841_001f543e42a5.mp4,[]
2023-08-11,19:45:40.498880,/Users/anupreksha/Desktop/hoophouse2023/flowerPi/aug11backup/videos/001f543e42a5/230808/220513_180691_001f543e42a5.mp4,[]
2023-08-11,19:45:38.103561,/Users/anupreksha/Desktop/hoophouse2023/flowerPi/aug11backup/videos/001f543e42a5/230808/210950_969288_001f543e42a5.mp4,[]
2023-08-11,19:45:40.418539,/Users/anupreksha/Desktop/hoophouse2023/flowerPi/aug11backup/videos/001f543e42a5/230808/220119_179880_001f543e42a5.mp4,[]
2023-08-11,19:45:38.519960,/Users/anupreksha/Desktop/hoophouse2023/flowerPi/aug11backup/videos/001f543e42a5/230808/212605_970110_001f543e42a5.mp4,[]
2023-08-11,19:45:44.170848,/Users/anupreksha/Desktop/hoophouse2023/flowerPi/aug11backup/videos/001f543e42a5/230808/231314_196820_001f543e42a5.mp4,[]
2023-08-11,19:45:44.103804,/Users/anupreksha/Desktop/hoophouse2023/flowerPi/aug11backup/videos/001f543e42a5/230808/231046_198146_001f543e42a5.mp4,[]
2023-08-11,19:45:44.367013,/Users/anupreksha/Desktop/hoophouse2023/flowerPi/aug11backup/videos/001f543e42a5/230808/232051_200165_001f543e42a5.mp4,[]
2023-08-11,19:45:36.562078,/Users/anupreksha/Desktop/hoophouse2023/flowerPi/aug11backup/videos/001f543e42a5/230808/133842_890726_001f543e42a5.mp4,[]
2023-08-11,19:45:44.059086,/Users/anupreksha/Desktop/hoophouse2023/flowerPi/aug11backup/videos/001f543e42a5/230808/230905_196329_001f543e42a5.mp4,"[987, 987, 987]"
2023-08-11,19:45:44.408593,/Users/anupreksha/Desktop/hoophouse2023/flowerPi/aug11backup/videos/001f543e42a5/230808/232225_200967_001f543e42a5.mp4,[]
2023-08-11,19:45:36.719244,/Users/anupreksha/Desktop/hoophouse2023/flowerPi/aug11backup/videos/001f543e42a5/230808/205211_961719_001f543e42a5.mp4,[]
2023-08-11,19:45:38.177216,/Users/anupreksha/Desktop/hoophouse2023/flowerPi/aug11backup/videos/001f543e42a5/230808/211249_968440_001f543e42a5.mp4,[]
2023-08-11,19:45:42.537913,/Users/anupreksha/Desktop/hoophouse2023/flowerPi/aug11backup/videos/001f543e42a5/230808/230557_196441_001f543e42a5.mp4,"[987, 987, 987, 987, 987, 987]"
2023-08-11,19:45:45.138169,/Users/anupreksha/Desktop/hoophouse2023/flowerPi/aug11backup/videos/001f543e42a5/230808/234201_204832_001f543e42a5.mp4,[]
2023-08-11,19:45:44.670863,/Users/anupreksha/Desktop/hoophouse2023/flowerPi/aug11backup/videos/001f543e42a5/230808/233233_201187_001f543e42a5.mp4,[]
2023-08-11,19:45:44.549977,/Users/anupreksha/Desktop/hoophouse2023/flowerPi/aug11backup/videos/001f543e42a5/230808/232721_198929_001f543e42a5.mp4,[]
2023-08-11,19:45:38.207849,/Users/anupreksha/Desktop/hoophouse2023/flowerPi/aug11backup/videos/001f543e42a5/230808/211357_973038_001f543e42a5.mp4,[]
2023-08-11,19:45:36.895308,/Users/anupreksha/Desktop/hoophouse2023/flowerPi/aug11backup/videos/001f543e42a5/230808/205849_963888_001f543e42a5.mp4,[]
2023-08-11,19:45:40.344393,/Users/anupreksha/Desktop/hoophouse2023/flowerPi/aug11backup/videos/001f543e42a5/230808/215729_979970_001f543e42a5.mp4,[]
2023-08-11,19:45:45.117263,/Users/anupreksha/Desktop/hoophouse2023/flowerPi/aug11backup/videos/001f543e42a5/230808/234109_205070_001f543e42a5.mp4,[]
2023-08-11,19:45:42.413870,/Users/anupreksha/Desktop/hoophouse2023/flowerPi/aug11backup/videos/001f543e42a5/230808/230058_197890_001f543e42a5.mp4,"[987, 987, 987, 987, 987, 987, 987, 987]"
2023-08-11,19:45:44.488510,/Users/anupreksha/Desktop/hoophouse2023/flowerPi/aug11backup/videos/001f543e42a5/230808/232500_208280_001f543e42a5.mp4,[]
2023-08-11,19:45:40.240323,/Users/anupreksha/Desktop/hoophouse2023/flowerPi/aug11backup/videos/001f543e42a5/230808/215159_976533_001f543e42a5.mp4,[]
2023-08-11,19:45:45.429150,/Users/anupreksha/Desktop/hoophouse2023/flowerPi/aug11backup/videos/001f543e42a5/230808/235336_206691_001f543e42a5.mp4,[]
2023-08-11,19:45:44.397097,/Users/anupreksha/Desktop/hoophouse2023/flowerPi/aug11backup/videos/001f543e42a5/230808/232153_199528_001f543e42a5.mp4,[]
2023-08-11,19:45:38.334893,/Users/anupreksha/Desktop/hoophouse2023/flowerPi/aug11backup/videos/001f543e42a5/230808/211902_974727_001f543e42a5.mp4,[]
2023-08-11,19:45:42.352108,/Users/anupreksha/Desktop/hoophouse2023/flowerPi/aug11backup/videos/001f543e42a5/230808/225731_192180_001f543e42a5.mp4,[987]
2023-08-11,19:45:38.602193,/Users/anupreksha/Desktop/hoophouse2023/flowerPi/aug11backup/videos/001f543e42a5/230808/212928_970210_001f543e42a5.mp4,[]
2023-08-11,19:45:39.833349,/Users/anupreksha/Desktop/hoophouse2023/flowerPi/aug11backup/videos/001f543e42a5/230808/213429_971610_001f543e42a5.mp4,[]
2023-08-11,19:45:45.213153,/Users/anupreksha/Desktop/hoophouse2023/flowerPi/aug11backup/videos/001f543e42a5/230808/234459_204034_001f543e42a5.mp4,[]
2023-08-11,19:45:38.527184,/Users/anupreksha/Desktop/hoophouse2023/flowerPi/aug11backup/videos/001f543e42a5/230808/212626_969762_001f543e42a5.mp4,[]
2023-08-11,19:45:36.661833,/Users/anupreksha/Desktop/hoophouse2023/flowerPi/aug11backup/videos/001f543e42a5/230808/173747_721147_001f543e42a5.mp4,[]
2023-08-11,19:45:38.425165,/Users/anupreksha/Desktop/hoophouse2023/flowerPi/aug11backup/videos/001f543e42a5/230808/212208_969245_001f543e42a5.mp4,[]
2023-08-11,19:45:41.935172,/Users/anupreksha/Desktop/hoophouse2023/flowerPi/aug11backup/videos/001f543e42a5/230808/223555_194366_001f543e42a5.mp4,"[17, 17, 17]"
2023-08-11,19:45:36.650389,/Users/anupreksha/Desktop/hoophouse2023/flowerPi/aug11backup/videos/001f543e42a5/230808/173412_728756_001f543e42a5.mp4,"[414, 414]"
2023-08-11,19:45:40.385935,/Users/anupreksha/Desktop/hoophouse2023/flowerPi/aug11backup/videos/001f543e42a5/230808/215933_979343_001f543e42a5.mp4,[]
2023-08-11,19:45:40.229768,/Users/anupreksha/Desktop/hoophouse2023/flowerPi/aug11backup/videos/001f543e42a5/230808/215126_977883_001f543e42a5.mp4,[987]
2023-08-11,19:45:42.167796,/Users/anupreksha/Desktop/hoophouse2023/flowerPi/aug11backup/videos/001f543e42a5/230808/224916_190723_001f543e42a5.mp4,"[987, 987, 987, 987, 987, 987, 987, 987]"
2023-08-11,19:45:45.404829,/Users/anupreksha/Desktop/hoophouse2023/flowerPi/aug11backup/videos/001f543e42a5/230808/235236_206967_001f543e42a5.mp4,[]
2023-08-11,19:45:40.334475,/Users/anupreksha/Desktop/hoophouse2023/flowerPi/aug11backup/videos/001f543e42a5/230808/215703_978725_001f543e42a5.mp4,[]
2023-08-11,19:45:38.547630,/Users/anupreksha/Desktop/hoophouse2023/flowerPi/aug11backup/videos/001f543e42a5/230808/212711_973887_001f543e42a5.mp4,[]
2023-08-11,19:45:42.547191,/Users/anupreksha/Desktop/hoophouse2023/flowerPi/aug11backup/videos/001f543e42a5/230808/230625_196438_001f543e42a5.mp4,"[987, 987, 987, 987, 987, 987]"
2023-08-11,19:45:42.455531,/Users/anupreksha/Desktop/hoophouse2023/flowerPi/aug11backup/videos/001f543e42a5/230808/230232_191296_001f543e42a5.mp4,"[987, 987, 987, 987, 987]"
2023-08-11,19:45:40.458287,/Users/anupreksha/Desktop/hoophouse2023/flowerPi/aug11backup/videos/001f543e42a5/230808/220325_178963_001f543e42a5.mp4,[987]
2023-08-11,19:45:44.439592,/Users/anupreksha/Desktop/hoophouse2023/flowerPi/aug11backup/videos/001f543e42a5/230808/232343_198186_001f543e42a5.mp4,"[987, 987]"
2023-08-11,19:45:40.579355,/Users/anupreksha/Desktop/hoophouse2023/flowerPi/aug11backup/videos/001f543e42a5/230808/221148_181258_001f543e42a5.mp4,[987]
2023-08-11,19:45:40.272584,/Users/anupreksha/Desktop/hoophouse2023/flowerPi/aug11backup/videos/001f543e42a5/230808/215345_977161_001f543e42a5.mp4,[]
2023-08-11,19:45:39.979580,/Users/anupreksha/Desktop/hoophouse2023/flowerPi/aug11backup/videos/001f543e42a5/230808/214033_973320_001f543e42a5.mp4,[]
2023-08-11,19:45:38.324827,/Users/anupreksha/Desktop/hoophouse2023/flowerPi/aug11backup/videos/001f543e42a5/230808/211849_970049_001f543e42a5.mp4,[]
2023-08-11,19:45:37.942502,/Users/anupreksha/Desktop/hoophouse2023/flowerPi/aug11backup/videos/001f543e42a5/230808/210327_965422_001f543e42a5.mp4,[]
2023-08-11,19:45:44.833565,/Users/anupreksha/Desktop/hoophouse2023/flowerPi/aug11backup/videos/001f543e42a5/230808/233930_203790_001f543e42a5.mp4,[]
2023-08-11,19:45:40.408579,/Users/anupreksha/Desktop/hoophouse2023/flowerPi/aug11backup/videos/001f543e42a5/230808/220041_979129_001f543e42a5.mp4,[]
2023-08-11,19:45:45.476049,/Users/anupreksha/Desktop/hoophouse2023/flowerPi/aug11backup/videos/001f543e42a5/230808/235540_203938_001f543e42a5.mp4,[]
2023-08-11,19:45:44.160741,/Users/anupreksha/Desktop/hoophouse2023/flowerPi/aug11backup/videos/001f543e42a5/230808/231254_195676_001f543e42a5.mp4,[987]
2023-08-11,19:45:42.269997,/Users/anupreksha/Desktop/hoophouse2023/flowerPi/aug11backup/videos/001f543e42a5/230808/225331_196827_001f543e42a5.mp4,"[987, 987, 987, 987]"
2023-08-11,19:45:39.904395,/Users/anupreksha/Desktop/hoophouse2023/flowerPi/aug11backup/videos/001f543e42a5/230808/213716_972459_001f543e42a5.mp4,[]
2023-08-11,19:45:38.359610,/Users/anupreksha/Desktop/hoophouse2023/flowerPi/aug11backup/videos/001f543e42a5/230808/212000_974384_001f543e42a5.mp4,[]
2023-08-11,19:45:44.358625,/Users/anupreksha/Desktop/hoophouse2023/flowerPi/aug11backup/videos/001f543e42a5/230808/232031_202138_001f543e42a5.mp4,"[17, 17, 17, 17]"
2023-08-11,19:45:38.144669,/Users/anupreksha/Desktop/hoophouse2023/flowerPi/aug11backup/videos/001f543e42a5/230808/211126_968081_001f543e42a5.mp4,[]
2023-08-11,19:45:42.587375,/Users/anupreksha/Desktop/hoophouse2023/flowerPi/aug11backup/videos/001f543e42a5/230808/230755_199070_001f543e42a5.mp4,[987]
2023-08-11,19:45:44.618162,/Users/anupreksha/Desktop/hoophouse2023/flowerPi/aug11backup/videos/001f543e42a5/230808/233005_201164_001f543e42a5.mp4,[]
2023-08-11,19:45:38.480485,/Users/anupreksha/Desktop/hoophouse2023/flowerPi/aug11backup/videos/001f543e42a5/230808/212424_968735_001f543e42a5.mp4,[]
2023-08-11,19:45:42.135401,/Users/anupreksha/Desktop/hoophouse2023/flowerPi/aug11backup/videos/001f543e42a5/230808/224808_196351_001f543e42a5.mp4,"[987, 987, 987, 987, 987, 987, 987, 987, 987, 987, 987, 987, 987, 987]"
2023-08-11,19:45:38.245969,/Users/anupreksha/Desktop/hoophouse2023/flowerPi/aug11backup/videos/001f543e42a5/230808/211544_968746_001f543e42a5.mp4,[]
2023-08-11,19:45:44.790820,/Users/anupreksha/Desktop/hoophouse2023/flowerPi/aug11backup/videos/001f543e42a5/230808/233745_202808_001f543e42a5.mp4,[]
2023-08-11,19:45:44.350331,/Users/anupreksha/Desktop/hoophouse2023/flowerPi/aug11backup/videos/001f543e42a5/230808/232014_200991_001f543e42a5.mp4,[]
2023-08-11,19:45:45.203009,/Users/anupreksha/Desktop/hoophouse2023/flowerPi/aug11backup/videos/001f543e42a5/230808/234430_204113_001f543e42a5.mp4,[]
2023-08-11,19:45:40.598755,/Users/anupreksha/Desktop/hoophouse2023/flowerPi/aug11backup/videos/001f543e42a5/230808/221255_184560_001f543e42a5.mp4,[]
2023-08-11,19:45:42.506060,/Users/anupreksha/Desktop/hoophouse2023/flowerPi/aug11backup/videos/001f543e42a5/230808/230445_196527_001f543e42a5.mp4,"[987, 987, 987, 987, 987, 987, 470, 470]"
2023-08-11,19:45:41.814487,/Users/anupreksha/Desktop/hoophouse2023/flowerPi/aug11backup/videos/001f543e42a5/230808/221624_182594_001f543e42a5.mp4,"[987, 17, 17, 17, 17, 17]"
2023-08-11,19:45:38.625752,/Users/anupreksha/Desktop/hoophouse2023/flowerPi/aug11backup/videos/001f543e42a5/230808/213035_972704_001f543e42a5.mp4,[]
2023-08-11,19:45:42.221017,/Users/anupreksha/Desktop/hoophouse2023/flowerPi/aug11backup/videos/001f543e42a5/230808/225101_191136_001f543e42a5.mp4,"[987, 987, 987, 987, 987, 987, 987, 987, 987, 987, 987, 987, 987]"
2023-08-11,19:45:36.740873,/Users/anupreksha/Desktop/hoophouse2023/flowerPi/aug11backup/videos/001f543e42a5/230808/205305_965955_001f543e42a5.mp4,[]
2023-08-11,19:45:44.518717,/Users/anupreksha/Desktop/hoophouse2023/flowerPi/aug11backup/videos/001f543e42a5/230808/232612_202108_001f543e42a5.mp4,[]
2023-08-11,19:45:36.927019,/Users/anupreksha/Desktop/hoophouse2023/flowerPi/aug11backup/videos/001f543e42a5/230808/205955_964519_001f543e42a5.mp4,[]
2023-08-11,19:45:42.445716,/Users/anupreksha/Desktop/hoophouse2023/flowerPi/aug11backup/videos/001f543e42a5/230808/230208_200572_001f543e42a5.mp4,"[987, 987, 987, 987, 987, 987, 987]"
2023-08-11,19:45:44.626327,/Users/anupreksha/Desktop/hoophouse2023/flowerPi/aug11backup/videos/001f543e42a5/230808/233035_200000_001f543e42a5.mp4,[]
2023-08-11,19:45:42.516161,/Users/anupreksha/Desktop/hoophouse2023/flowerPi/aug11backup/videos/001f543e42a5/230808/230501_196117_001f543e42a5.mp4,"[987, 987, 987, 987, 987, 987, 987, 987, 987]"
2023-08-11,19:45:38.135844,/Users/anupreksha/Desktop/hoophouse2023/flowerPi/aug11backup/videos/001f543e42a5/230808/211057_967229_001f543e42a5.mp4,[]
2023-08-11,19:45:42.424088,/Users/anupreksha/Desktop/hoophouse2023/flowerPi/aug11backup/videos/001f543e42a5/230808/230122_192371_001f543e42a5.mp4,"[987, 987, 987, 987, 987, 987, 987, 987]"
2023-08-11,19:45:40.093016,/Users/anupreksha/Desktop/hoophouse2023/flowerPi/aug11backup/videos/001f543e42a5/230808/214551_974166_001f543e42a5.mp4,[]
2023-08-11,19:45:41.843356,/Users/anupreksha/Desktop/hoophouse2023/flowerPi/aug11backup/videos/001f543e42a5/230808/221822_182488_001f543e42a5.mp4,"[987, 987, 987, 987]"
2023-08-11,19:45:42.188314,/Users/anupreksha/Desktop/hoophouse2023/flowerPi/aug11backup/videos/001f543e42a5/230808/225007_199804_001f543e42a5.mp4,"[987, 987, 987, 987, 987, 987, 987, 987]"
2023-08-11,19:45:45.328967,/Users/anupreksha/Desktop/hoophouse2023/flowerPi/aug11backup/videos/001f543e42a5/230808/234932_209809_001f543e42a5.mp4,[]
2023-08-11,19:45:41.824148,/Users/anupreksha/Desktop/hoophouse2023/flowerPi/aug11backup/videos/001f543e42a5/230808/221653_182320_001f543e42a5.mp4,"[987, 987, 987, 987, 987, 987, 987, 987, 987]"
2023-08-11,19:45:44.607738,/Users/anupreksha/Desktop/hoophouse2023/flowerPi/aug11backup/videos/001f543e42a5/230808/232941_201247_001f543e42a5.mp4,[]
2023-08-11,19:45:44.333544,/Users/anupreksha/Desktop/hoophouse2023/flowerPi/aug11backup/videos/001f543e42a5/230808/231917_201874_001f543e42a5.mp4,[]
2023-08-11,19:45:45.267030,/Users/anupreksha/Desktop/hoophouse2023/flowerPi/aug11backup/videos/001f543e42a5/230808/234701_205292_001f543e42a5.mp4,[]
2023-08-11,19:45:40.479612,/Users/anupreksha/Desktop/hoophouse2023/flowerPi/aug11backup/videos/001f543e42a5/230808/220419_180559_001f543e42a5.mp4,"[987, 987, 987]"
2023-08-11,19:45:45.255372,/Users/anupreksha/Desktop/hoophouse2023/flowerPi/aug11backup/videos/001f543e42a5/230808/234634_204109_001f543e42a5.mp4,[]
2023-08-11,19:45:44.248153,/Users/anupreksha/Desktop/hoophouse2023/flowerPi/aug11backup/videos/001f543e42a5/230808/231604_199699_001f543e42a5.mp4,[987]
2023-08-11,19:45:40.428679,/Users/anupreksha/Desktop/hoophouse2023/flowerPi/aug11backup/videos/001f543e42a5/230808/220145_179609_001f543e42a5.mp4,[]
2023-08-11,19:45:40.365358,/Users/anupreksha/Desktop/hoophouse2023/flowerPi/aug11backup/videos/001f543e42a5/230808/215830_979923_001f543e42a5.mp4,[]
2023-08-11,19:45:38.663694,/Users/anupreksha/Desktop/hoophouse2023/flowerPi/aug11backup/videos/001f543e42a5/230808/213205_971209_001f543e42a5.mp4,[]
2023-08-11,19:45:38.396624,/Users/anupreksha/Desktop/hoophouse2023/flowerPi/aug11backup/videos/001f543e42a5/230808/212107_978611_001f543e42a5.mp4,[]
2023-08-11,19:45:38.219311,/Users/anupreksha/Desktop/hoophouse2023/flowerPi/aug11backup/videos/001f543e42a5/230808/211426_975362_001f543e42a5.mp4,[]
2023-08-11,19:45:39.967577,/Users/anupreksha/Desktop/hoophouse2023/flowerPi/aug11backup/videos/001f543e42a5/230808/213958_972976_001f543e42a5.mp4,[]
2023-08-11,19:45:38.263796,/Users/anupreksha/Desktop/hoophouse2023/flowerPi/aug11backup/videos/001f543e42a5/230808/211640_972342_001f543e42a5.mp4,[]
2023-08-11,19:45:38.434290,/Users/anupreksha/Desktop/hoophouse2023/flowerPi/aug11backup/videos/001f543e42a5/230808/212235_972618_001f543e42a5.mp4,"[17, 17, 17, 17]"
2023-08-11,19:45:42.103332,/Users/anupreksha/Desktop/hoophouse2023/flowerPi/aug11backup/videos/001f543e42a5/230808/224621_192461_001f543e42a5.mp4,"[987, 987, 987, 987, 987]"
2023-08-11,19:45:36.783554,/Users/anupreksha/Desktop/hoophouse2023/flowerPi/aug11backup/videos/001f543e42a5/230808/205445_971465_001f543e42a5.mp4,[]
2023-08-11,19:45:42.004885,/Users/anupreksha/Desktop/hoophouse2023/flowerPi/aug11backup/videos/001f543e42a5/230808/224149_190742_001f543e42a5.mp4,"[987, 987, 987, 987, 987, 987, 987, 987, 987, 987]"
2023-08-11,19:45:40.052571,/Users/anupreksha/Desktop/hoophouse2023/flowerPi/aug11backup/videos/001f543e42a5/230808/214336_978946_001f543e42a5.mp4,[]
2023-08-11,19:45:38.016696,/Users/anupreksha/Desktop/hoophouse2023/flowerPi/aug11backup/videos/001f543e42a5/230808/210624_967918_001f543e42a5.mp4,"[106, 106, 106, 106]"
2023-08-11,19:45:44.282523,/Users/anupreksha/Desktop/hoophouse2023/flowerPi/aug11backup/videos/001f543e42a5/230808/231724_200050_001f543e42a5.mp4,"[987, 987]"
2023-08-11,19:45:44.069815,/Users/anupreksha/Desktop/hoophouse2023/flowerPi/aug11backup/videos/001f543e42a5/230808/230931_195719_001f543e42a5.mp4,"[987, 987, 987]"
2023-08-11,19:45:42.393118,/Users/anupreksha/Desktop/hoophouse2023/flowerPi/aug11backup/videos/001f543e42a5/230808/230002_195083_001f543e42a5.mp4,"[987, 987, 987, 987, 987, 987, 987, 987, 987, 987, 987]"
2023-08-11,19:45:44.215581,/Users/anupreksha/Desktop/hoophouse2023/flowerPi/aug11backup/videos/001f543e42a5/230808/231454_198229_001f543e42a5.mp4,[]
2023-08-11,19:45:36.846723,/Users/anupreksha/Desktop/hoophouse2023/flowerPi/aug11backup/videos/001f543e42a5/230808/205659_964016_001f543e42a5.mp4,[]
2023-08-11,19:45:42.230689,/Users/anupreksha/Desktop/hoophouse2023/flowerPi/aug11backup/videos/001f543e42a5/230808/225129_190028_001f543e42a5.mp4,"[987, 987, 987, 987, 987, 987, 987, 987, 987, 987, 987]"
2023-08-11,19:45:36.578480,/Users/anupreksha/Desktop/hoophouse2023/flowerPi/aug11backup/videos/001f543e42a5/230808/133932_884107_001f543e42a5.mp4,[]
2023-08-11,19:45:45.175278,/Users/anupreksha/Desktop/hoophouse2023/flowerPi/aug11backup/videos/001f543e42a5/230808/234319_209223_001f543e42a5.mp4,[]
2023-08-11,19:45:42.014413,/Users/anupreksha/Desktop/hoophouse2023/flowerPi/aug11backup/videos/001f543e42a5/230808/224213_188762_001f543e42a5.mp4,"[987, 987, 987, 987, 987, 987]"
2023-08-11,19:45:39.944841,/Users/anupreksha/Desktop/hoophouse2023/flowerPi/aug11backup/videos/001f543e42a5/230808/213849_972500_001f543e42a5.mp4,[]
2023-08-11,19:45:36.730879,/Users/anupreksha/Desktop/hoophouse2023/flowerPi/aug11backup/videos/001f543e42a5/230808/205239_962298_001f543e42a5.mp4,[]
2023-08-11,19:45:45.287459,/Users/anupreksha/Desktop/hoophouse2023/flowerPi/aug11backup/videos/001f543e42a5/230808/234754_204898_001f543e42a5.mp4,[]
2023-08-11,19:45:36.916105,/Users/anupreksha/Desktop/hoophouse2023/flowerPi/aug11backup/videos/001f543e42a5/230808/205932_964305_001f543e42a5.mp4,[]
2023-08-11,19:45:38.442288,/Users/anupreksha/Desktop/hoophouse2023/flowerPi/aug11backup/videos/001f543e42a5/230808/212255_970854_001f543e42a5.mp4,[]
2023-08-11,19:45:45.365414,/Users/anupreksha/Desktop/hoophouse2023/flowerPi/aug11backup/videos/001f543e42a5/230808/235049_204536_001f543e42a5.mp4,[]
2023-08-11,19:45:38.310604,/Users/anupreksha/Desktop/hoophouse2023/flowerPi/aug11backup/videos/001f543e42a5/230808/211750_970495_001f543e42a5.mp4,[]
2023-08-11,19:45:44.801060,/Users/anupreksha/Desktop/hoophouse2023/flowerPi/aug11backup/videos/001f543e42a5/230808/233808_203708_001f543e42a5.mp4,"[17, 17]"
2023-08-11,19:45:44.236430,/Users/anupreksha/Desktop/hoophouse2023/flowerPi/aug11backup/videos/001f543e42a5/230808/231533_200510_001f543e42a5.mp4,"[987, 987, 987, 987]"
2023-08-11,19:45:40.569526,/Users/anupreksha/Desktop/hoophouse2023/flowerPi/aug11backup/videos/001f543e42a5/230808/221102_183843_001f543e42a5.mp4,"[987, 987, 987]"
2023-08-11,19:45:45.155858,/Users/anupreksha/Desktop/hoophouse2023/flowerPi/aug11backup/videos/001f543e42a5/230808/234245_203868_001f543e42a5.mp4,[]
2023-08-11,19:45:44.843751,/Users/anupreksha/Desktop/hoophouse2023/flowerPi/aug11backup/videos/001f543e42a5/230808/233953_203336_001f543e42a5.mp4,[]
2023-08-11,19:45:40.031616,/Users/anupreksha/Desktop/hoophouse2023/flowerPi/aug11backup/videos/001f543e42a5/230808/214241_974138_001f543e42a5.mp4,[]
2023-08-11,19:45:40.438160,/Users/anupreksha/Desktop/hoophouse2023/flowerPi/aug11backup/videos/001f543e42a5/230808/220210_181999_001f543e42a5.mp4,[]
2023-08-11,19:45:37.924771,/Users/anupreksha/Desktop/hoophouse2023/flowerPi/aug11backup/videos/001f543e42a5/230808/210255_966079_001f543e42a5.mp4,[]
2023-08-11,19:45:40.002604,/Users/anupreksha/Desktop/hoophouse2023/flowerPi/aug11backup/videos/001f543e42a5/230808/214128_973556_001f543e42a5.mp4,[404]
2023-08-11,19:45:41.955093,/Users/anupreksha/Desktop/hoophouse2023/flowerPi/aug11backup/videos/001f543e42a5/230808/223838_187750_001f543e42a5.mp4,"[987, 987]"
2023-08-11,19:45:42.034243,/Users/anupreksha/Desktop/hoophouse2023/flowerPi/aug11backup/videos/001f543e42a5/230808/224322_188338_001f543e42a5.mp4,"[987, 987, 987, 987, 987]"
2023-08-11,19:45:38.154987,/Users/anupreksha/Desktop/hoophouse2023/flowerPi/aug11backup/videos/001f543e42a5/230808/211145_966249_001f543e42a5.mp4,[]
2023-08-11,19:45:40.355283,/Users/anupreksha/Desktop/hoophouse2023/flowerPi/aug11backup/videos/001f543e42a5/230808/215755_983560_001f543e42a5.mp4,[]
2023-08-11,19:45:42.146903,/Users/anupreksha/Desktop/hoophouse2023/flowerPi/aug11backup/videos/001f543e42a5/230808/224831_189166_001f543e42a5.mp4,"[987, 987, 987, 987, 987, 987, 987, 987, 987]"
2023-08-11,19:45:39.783486,/Users/anupreksha/Desktop/hoophouse2023/flowerPi/aug11backup/videos/001f543e42a5/230808/213227_971137_001f543e42a5.mp4,"[17, 17, 17, 17]"
2023-08-11,19:45:42.567783,/Users/anupreksha/Desktop/hoophouse2023/flowerPi/aug11backup/videos/001f543e42a5/230808/230710_198076_001f543e42a5.mp4,[987]
2023-08-11,19:45:42.300158,/Users/anupreksha/Desktop/hoophouse2023/flowerPi/aug11backup/videos/001f543e42a5/230808/225455_192207_001f543e42a5.mp4,"[987, 987, 987, 987, 987, 987, 987, 987, 987, 987, 987, 987, 987, 987, 987]"
2023-08-11,19:45:45.482676,/Users/anupreksha/Desktop/hoophouse2023/flowerPi/aug11backup/videos/001f543e42a5/230808/235601_205767_001f543e42a5.mp4,[]
2023-08-11,19:45:38.006035,/Users/anupreksha/Desktop/hoophouse2023/flowerPi/aug11backup/videos/001f543e42a5/230808/210600_969154_001f543e42a5.mp4,[]
2023-08-11,19:45:41.964629,/Users/anupreksha/Desktop/hoophouse2023/flowerPi/aug11backup/videos/001f543e42a5/230808/223909_188534_001f543e42a5.mp4,"[987, 987, 987, 987, 987, 987, 987]"
2023-08-11,19:45:45.505226,/Users/anupreksha/Desktop/hoophouse2023/flowerPi/aug11backup/videos/001f543e42a5/230808/235650_204745_001f543e42a5.mp4,[]
2023-08-11,19:45:41.804153,/Users/anupreksha/Desktop/hoophouse2023/flowerPi/aug11backup/videos/001f543e42a5/230808/221603_185406_001f543e42a5.mp4,[987]
2023-08-11,19:45:44.689491,/Users/anupreksha/Desktop/hoophouse2023/flowerPi/aug11backup/videos/001f543e42a5/230808/233319_200541_001f543e42a5.mp4,[]
2023-08-11,19:45:36.627851,/Users/anupreksha/Desktop/hoophouse2023/flowerPi/aug11backup/videos/001f543e42a5/230808/171817_447338_001f543e42a5.mp4,[]
2023-08-11,19:45:44.529108,/Users/anupreksha/Desktop/hoophouse2023/flowerPi/aug11backup/videos/001f543e42a5/230808/232636_202183_001f543e42a5.mp4,[]
2023-08-11,19:45:38.512641,/Users/anupreksha/Desktop/hoophouse2023/flowerPi/aug11backup/videos/001f543e42a5/230808/212551_969453_001f543e42a5.mp4,[]
2023-08-11,19:45:40.123545,/Users/anupreksha/Desktop/hoophouse2023/flowerPi/aug11backup/videos/001f543e42a5/230808/214702_975766_001f543e42a5.mp4,"[987, 987]"
2023-08-11,19:45:41.986186,/Users/anupreksha/Desktop/hoophouse2023/flowerPi/aug11backup/videos/001f543e42a5/230808/224036_193718_001f543e42a5.mp4,"[470, 987, 987, 987, 987]"
2023-08-11,19:45:41.975586,/Users/anupreksha/Desktop/hoophouse2023/flowerPi/aug11backup/videos/001f543e42a5/230808/224003_191865_001f543e42a5.mp4,"[987, 987, 987, 987, 987, 987]"
2023-08-11,19:45:38.413024,/Users/anupreksha/Desktop/hoophouse2023/flowerPi/aug11backup/videos/001f543e42a5/230808/212152_968081_001f543e42a5.mp4,[]
2023-08-11,19:45:39.823291,/Users/anupreksha/Desktop/hoophouse2023/flowerPi/aug11backup/videos/001f543e42a5/230808/213403_971355_001f543e42a5.mp4,[]
2023-08-11,19:45:38.187244,/Users/anupreksha/Desktop/hoophouse2023/flowerPi/aug11backup/videos/001f543e42a5/230808/211313_967019_001f543e42a5.mp4,[]
2023-08-11,19:45:42.597342,/Users/anupreksha/Desktop/hoophouse2023/flowerPi/aug11backup/videos/001f543e42a5/230808/230819_197185_001f543e42a5.mp4,"[987, 987]"
2023-08-11,19:45:45.304574,/Users/anupreksha/Desktop/hoophouse2023/flowerPi/aug11backup/videos/001f543e42a5/230808/234851_205789_001f543e42a5.mp4,[]
2023-08-11,19:45:40.530443,/Users/anupreksha/Desktop/hoophouse2023/flowerPi/aug11backup/videos/001f543e42a5/230808/220808_179741_001f543e42a5.mp4,[]
2023-08-11,19:46:56.097973,/Users/anupreksha/Desktop/hoophouse2023/flowerPi/aug11backup/videos/001f54431a61/230810/105526_183384_001f54431a61.mp4,[]
2023-08-11,19:46:50.942445,/Users/anupreksha/Desktop/hoophouse2023/flowerPi/aug11backup/videos/001f54431a61/230810/094614_954003_001f54431a61.mp4,[]
2023-08-11,19:46:55.635526,/Users/anupreksha/Desktop/hoophouse2023/flowerPi/aug11backup/videos/001f54431a61/230810/104305_468354_001f54431a61.mp4,[]
2023-08-11,19:46:53.803415,/Users/anupreksha/Desktop/hoophouse2023/flowerPi/aug11backup/videos/001f54431a61/230810/102808_053559_001f54431a61.mp4,[]
2023-08-11,19:46:59.380613,/Users/anupreksha/Desktop/hoophouse2023/flowerPi/aug11backup/videos/001f54431a61/230810/115209_502130_001f54431a61.mp4,[]
2023-08-11,19:46:55.430968,/Users/anupreksha/Desktop/hoophouse2023/flowerPi/aug11backup/videos/001f54431a61/230810/103754_054346_001f54431a61.mp4,[425]
2023-08-11,19:47:02.076652,/Users/anupreksha/Desktop/hoophouse2023/flowerPi/aug11backup/videos/001f54431a61/230810/122558_426488_001f54431a61.mp4,[]
2023-08-11,19:47:01.736414,/Users/anupreksha/Desktop/hoophouse2023/flowerPi/aug11backup/videos/001f54431a61/230810/121813_507683_001f54431a61.mp4,[]
2023-08-11,19:46:56.272082,/Users/anupreksha/Desktop/hoophouse2023/flowerPi/aug11backup/videos/001f54431a61/230810/105930_478907_001f54431a61.mp4,[]
2023-08-11,19:46:58.839586,/Users/anupreksha/Desktop/hoophouse2023/flowerPi/aug11backup/videos/001f54431a61/230810/112256_071085_001f54431a61.mp4,[]
2023-08-11,19:46:50.625002,/Users/anupreksha/Desktop/hoophouse2023/flowerPi/aug11backup/videos/001f54431a61/230810/093710_021981_001f54431a61.mp4,[441]
2023-08-11,19:46:50.454625,/Users/anupreksha/Desktop/hoophouse2023/flowerPi/aug11backup/videos/001f54431a61/230810/092248_006750_001f54431a61.mp4,[]
2023-08-11,19:46:53.616001,/Users/anupreksha/Desktop/hoophouse2023/flowerPi/aug11backup/videos/001f54431a61/230810/102356_040336_001f54431a61.mp4,[]
2023-08-11,19:46:52.738863,/Users/anupreksha/Desktop/hoophouse2023/flowerPi/aug11backup/videos/001f54431a61/230810/100304_036107_001f54431a61.mp4,[]
2023-08-11,19:47:01.665975,/Users/anupreksha/Desktop/hoophouse2023/flowerPi/aug11backup/videos/001f54431a61/230810/121655_299923_001f54431a61.mp4,[]
2023-08-11,19:46:58.394843,/Users/anupreksha/Desktop/hoophouse2023/flowerPi/aug11backup/videos/001f54431a61/230810/111352_073474_001f54431a61.mp4,[]
2023-08-11,19:47:00.876227,/Users/anupreksha/Desktop/hoophouse2023/flowerPi/aug11backup/videos/001f54431a61/230810/115636_895373_001f54431a61.mp4,[683]
2023-08-11,19:46:49.232175,/Users/anupreksha/Desktop/hoophouse2023/flowerPi/aug11backup/videos/001f54431a61/230810/073614_754964_001f54431a61.mp4,[]
2023-08-11,19:47:01.059541,/Users/anupreksha/Desktop/hoophouse2023/flowerPi/aug11backup/videos/001f54431a61/230810/120226_093227_001f54431a61.mp4,[]
2023-08-11,19:46:51.251323,/Users/anupreksha/Desktop/hoophouse2023/flowerPi/aug11backup/videos/001f54431a61/230810/095412_024147_001f54431a61.mp4,"[987, 987, 987, 987]"
2023-08-11,19:46:59.347537,/Users/anupreksha/Desktop/hoophouse2023/flowerPi/aug11backup/videos/001f54431a61/230810/114229_077060_001f54431a61.mp4,[]
2023-08-11,19:46:55.376101,/Users/anupreksha/Desktop/hoophouse2023/flowerPi/aug11backup/videos/001f54431a61/230810/103635_046525_001f54431a61.mp4,[]
2023-08-11,19:46:52.521146,/Users/anupreksha/Desktop/hoophouse2023/flowerPi/aug11backup/videos/001f54431a61/230810/095740_033865_001f54431a61.mp4,[]
2023-08-11,19:46:50.994529,/Users/anupreksha/Desktop/hoophouse2023/flowerPi/aug11backup/videos/001f54431a61/230810/094757_955448_001f54431a61.mp4,[]
2023-08-11,19:46:58.515032,/Users/anupreksha/Desktop/hoophouse2023/flowerPi/aug11backup/videos/001f54431a61/230810/111616_486774_001f54431a61.mp4,[]
2023-08-11,19:46:55.530646,/Users/anupreksha/Desktop/hoophouse2023/flowerPi/aug11backup/videos/001f54431a61/230810/104017_255336_001f54431a61.mp4,[]
2023-08-11,19:46:49.104429,/Users/anupreksha/Desktop/hoophouse2023/flowerPi/aug11backup/videos/001f54431a61/230810/072903_751761_001f54431a61.mp4,[597]
2023-08-11,19:46:49.023612,/Users/anupreksha/Desktop/hoophouse2023/flowerPi/aug11backup/videos/001f54431a61/230810/072639_749731_001f54431a61.mp4,[]
2023-08-11,19:46:49.113051,/Users/anupreksha/Desktop/hoophouse2023/flowerPi/aug11backup/videos/001f54431a61/230810/072922_750911_001f54431a61.mp4,[]
2023-08-11,19:46:58.545932,/Users/anupreksha/Desktop/hoophouse2023/flowerPi/aug11backup/videos/001f54431a61/230810/111700_483704_001f54431a61.mp4,[]
2023-08-11,19:46:58.413080,/Users/anupreksha/Desktop/hoophouse2023/flowerPi/aug11backup/videos/001f54431a61/230810/111408_077756_001f54431a61.mp4,[]
2023-08-11,19:47:04.072280,/Users/anupreksha/Desktop/hoophouse2023/flowerPi/aug11backup/videos/001f54431a61/230810/131350_327344_001f54431a61.mp4,[17]
2023-08-11,19:46:53.377318,/Users/anupreksha/Desktop/hoophouse2023/flowerPi/aug11backup/videos/001f54431a61/230810/101804_452191_001f54431a61.mp4,[]
2023-08-11,19:46:53.107164,/Users/anupreksha/Desktop/hoophouse2023/flowerPi/aug11backup/videos/001f54431a61/230810/101147_039928_001f54431a61.mp4,[]
2023-08-11,19:46:59.411649,/Users/anupreksha/Desktop/hoophouse2023/flowerPi/aug11backup/videos/001f54431a61/230810/115341_895946_001f54431a61.mp4,[]
2023-08-11,19:47:00.887086,/Users/anupreksha/Desktop/hoophouse2023/flowerPi/aug11backup/videos/001f54431a61/230810/115707_881213_001f54431a61.mp4,[]
2023-08-11,19:46:49.336025,/Users/anupreksha/Desktop/hoophouse2023/flowerPi/aug11backup/videos/001f54431a61/230810/084922_410273_001f54431a61.mp4,[]
2023-08-11,19:46:56.453225,/Users/anupreksha/Desktop/hoophouse2023/flowerPi/aug11backup/videos/001f54431a61/230810/110254_862705_001f54431a61.mp4,[]
2023-08-11,19:46:58.635708,/Users/anupreksha/Desktop/hoophouse2023/flowerPi/aug11backup/videos/001f54431a61/230810/111838_594765_001f54431a61.mp4,[]
2023-08-11,19:46:52.915969,/Users/anupreksha/Desktop/hoophouse2023/flowerPi/aug11backup/videos/001f54431a61/230810/100710_037022_001f54431a61.mp4,[]
2023-08-11,19:46:59.252152,/Users/anupreksha/Desktop/hoophouse2023/flowerPi/aug11backup/videos/001f54431a61/230810/113230_000259_001f54431a61.mp4,[]
2023-08-11,19:46:58.993440,/Users/anupreksha/Desktop/hoophouse2023/flowerPi/aug11backup/videos/001f54431a61/230810/112622_199670_001f54431a61.mp4,[]
2023-08-11,19:46:55.565963,/Users/anupreksha/Desktop/hoophouse2023/flowerPi/aug11backup/videos/001f54431a61/230810/104106_253114_001f54431a61.mp4,[]
2023-08-11,19:46:50.392085,/Users/anupreksha/Desktop/hoophouse2023/flowerPi/aug11backup/videos/001f54431a61/230810/090604_597910_001f54431a61.mp4,[]
2023-08-11,19:46:52.949381,/Users/anupreksha/Desktop/hoophouse2023/flowerPi/aug11backup/videos/001f54431a61/230810/100756_037218_001f54431a61.mp4,[]
2023-08-11,19:46:55.046856,/Users/anupreksha/Desktop/hoophouse2023/flowerPi/aug11backup/videos/001f54431a61/230810/102833_046777_001f54431a61.mp4,[]
2023-08-11,19:46:55.136640,/Users/anupreksha/Desktop/hoophouse2023/flowerPi/aug11backup/videos/001f54431a61/230810/103034_043321_001f54431a61.mp4,[]
2023-08-11,19:46:55.970710,/Users/anupreksha/Desktop/hoophouse2023/flowerPi/aug11backup/videos/001f54431a61/230810/105235_655312_001f54431a61.mp4,[]
2023-08-11,19:46:59.091692,/Users/anupreksha/Desktop/hoophouse2023/flowerPi/aug11backup/videos/001f54431a61/230810/112848_492749_001f54431a61.mp4,[]
2023-08-11,19:47:02.179450,/Users/anupreksha/Desktop/hoophouse2023/flowerPi/aug11backup/videos/001f54431a61/230810/123121_904301_001f54431a61.mp4,[]
2023-08-11,19:47:01.124135,/Users/anupreksha/Desktop/hoophouse2023/flowerPi/aug11backup/videos/001f54431a61/230810/120412_098146_001f54431a61.mp4,[]
2023-08-11,19:47:01.640681,/Users/anupreksha/Desktop/hoophouse2023/flowerPi/aug11backup/videos/001f54431a61/230810/121608_228131_001f54431a61.mp4,[]
2023-08-11,19:47:01.224930,/Users/anupreksha/Desktop/hoophouse2023/flowerPi/aug11backup/videos/001f54431a61/230810/120653_898904_001f54431a61.mp4,"[109, 109]"
2023-08-11,19:47:00.940369,/Users/anupreksha/Desktop/hoophouse2023/flowerPi/aug11backup/videos/001f54431a61/230810/115815_090996_001f54431a61.mp4,[]
2023-08-11,19:46:53.757316,/Users/anupreksha/Desktop/hoophouse2023/flowerPi/aug11backup/videos/001f54431a61/230810/102710_043744_001f54431a61.mp4,[]
2023-08-11,19:47:03.521967,/Users/anupreksha/Desktop/hoophouse2023/flowerPi/aug11backup/videos/001f54431a61/230810/123821_834786_001f54431a61.mp4,[]
2023-08-11,19:46:59.169867,/Users/anupreksha/Desktop/hoophouse2023/flowerPi/aug11backup/videos/001f54431a61/230810/113032_600636_001f54431a61.mp4,[]
2023-08-11,19:47:04.179017,/Users/anupreksha/Desktop/hoophouse2023/flowerPi/aug11backup/videos/001f54431a61/230810/133721_739427_001f54431a61.mp4,[]
2023-08-11,19:46:59.011216,/Users/anupreksha/Desktop/hoophouse2023/flowerPi/aug11backup/videos/001f54431a61/230810/112646_283005_001f54431a61.mp4,[]
2023-08-11,19:46:53.219952,/Users/anupreksha/Desktop/hoophouse2023/flowerPi/aug11backup/videos/001f54431a61/230810/101423_240683_001f54431a61.mp4,[]
2023-08-11,19:47:03.995639,/Users/anupreksha/Desktop/hoophouse2023/flowerPi/aug11backup/videos/001f54431a61/230810/125446_531426_001f54431a61.mp4,"[250, 250, 250, 250, 987]"
2023-08-11,19:46:52.756494,/Users/anupreksha/Desktop/hoophouse2023/flowerPi/aug11backup/videos/001f54431a61/230810/100328_036373_001f54431a61.mp4,[]
2023-08-11,19:46:53.459930,/Users/anupreksha/Desktop/hoophouse2023/flowerPi/aug11backup/videos/001f54431a61/230810/102003_460794_001f54431a61.mp4,[]
2023-08-11,19:47:03.367356,/Users/anupreksha/Desktop/hoophouse2023/flowerPi/aug11backup/videos/001f54431a61/230810/123350_099515_001f54431a61.mp4,[]
2023-08-11,19:47:03.499392,/Users/anupreksha/Desktop/hoophouse2023/flowerPi/aug11backup/videos/001f54431a61/230810/123744_845398_001f54431a61.mp4,[853]
2023-08-11,19:46:52.694586,/Users/anupreksha/Desktop/hoophouse2023/flowerPi/aug11backup/videos/001f54431a61/230810/100202_028427_001f54431a61.mp4,[]
2023-08-11,19:46:50.579844,/Users/anupreksha/Desktop/hoophouse2023/flowerPi/aug11backup/videos/001f54431a61/230810/093548_019297_001f54431a61.mp4,[]
2023-08-11,19:46:52.615423,/Users/anupreksha/Desktop/hoophouse2023/flowerPi/aug11backup/videos/001f54431a61/230810/100004_033590_001f54431a61.mp4,[]
2023-08-11,19:46:55.302808,/Users/anupreksha/Desktop/hoophouse2023/flowerPi/aug11backup/videos/001f54431a61/230810/103433_044982_001f54431a61.mp4,"[17, 17, 17, 17]"
2023-08-11,19:47:01.866328,/Users/anupreksha/Desktop/hoophouse2023/flowerPi/aug11backup/videos/001f54431a61/230810/122134_109274_001f54431a61.mp4,[]
2023-08-11,19:46:50.653678,/Users/anupreksha/Desktop/hoophouse2023/flowerPi/aug11backup/videos/001f54431a61/230810/093906_221181_001f54431a61.mp4,[]
2023-08-11,19:46:55.447738,/Users/anupreksha/Desktop/hoophouse2023/flowerPi/aug11backup/videos/001f54431a61/230810/103816_052341_001f54431a61.mp4,[]
2023-08-11,19:46:51.036413,/Users/anupreksha/Desktop/hoophouse2023/flowerPi/aug11backup/videos/001f54431a61/230810/094852_027760_001f54431a61.mp4,[]
2023-08-11,19:46:53.395643,/Users/anupreksha/Desktop/hoophouse2023/flowerPi/aug11backup/videos/001f54431a61/230810/101827_456150_001f54431a61.mp4,[]
2023-08-11,19:47:00.980345,/Users/anupreksha/Desktop/hoophouse2023/flowerPi/aug11backup/videos/001f54431a61/230810/120016_096954_001f54431a61.mp4,[17]
2023-08-11,19:46:51.051104,/Users/anupreksha/Desktop/hoophouse2023/flowerPi/aug11backup/videos/001f54431a61/230810/094920_024598_001f54431a61.mp4,[]
2023-08-11,19:46:58.819401,/Users/anupreksha/Desktop/hoophouse2023/flowerPi/aug11backup/videos/001f54431a61/230810/112235_075927_001f54431a61.mp4,[]
2023-08-11,19:46:49.273504,/Users/anupreksha/Desktop/hoophouse2023/flowerPi/aug11backup/videos/001f54431a61/230810/083341_981095_001f54431a61.mp4,[]
2023-08-11,19:47:03.832368,/Users/anupreksha/Desktop/hoophouse2023/flowerPi/aug11backup/videos/001f54431a61/230810/124932_109942_001f54431a61.mp4,[]
2023-08-11,19:46:56.042455,/Users/anupreksha/Desktop/hoophouse2023/flowerPi/aug11backup/videos/001f54431a61/230810/105411_857609_001f54431a61.mp4,[]
2023-08-11,19:46:59.323087,/Users/anupreksha/Desktop/hoophouse2023/flowerPi/aug11backup/videos/001f54431a61/230810/113818_083217_001f54431a61.mp4,[]
2023-08-11,19:46:52.794336,/Users/anupreksha/Desktop/hoophouse2023/flowerPi/aug11backup/videos/001f54431a61/230810/100426_036906_001f54431a61.mp4,[]
2023-08-11,19:46:53.035809,/Users/anupreksha/Desktop/hoophouse2023/flowerPi/aug11backup/videos/001f54431a61/230810/101014_035073_001f54431a61.mp4,[]
2023-08-11,19:46:49.016079,/Users/anupreksha/Desktop/hoophouse2023/flowerPi/aug11backup/videos/001f54431a61/230810/072617_749308_001f54431a61.mp4,[]
2023-08-11,19:46:50.569648,/Users/anupreksha/Desktop/hoophouse2023/flowerPi/aug11backup/videos/001f54431a61/230810/093524_013928_001f54431a61.mp4,[]
2023-08-11,19:46:49.312551,/Users/anupreksha/Desktop/hoophouse2023/flowerPi/aug11backup/videos/001f54431a61/230810/084123_188543_001f54431a61.mp4,[]
2023-08-11,19:47:01.930255,/Users/anupreksha/Desktop/hoophouse2023/flowerPi/aug11backup/videos/001f54431a61/230810/122302_428633_001f54431a61.mp4,[]
2023-08-11,19:47:03.802823,/Users/anupreksha/Desktop/hoophouse2023/flowerPi/aug11backup/videos/001f54431a61/230810/124843_107503_001f54431a61.mp4,[]
2023-08-11,19:46:58.653352,/Users/anupreksha/Desktop/hoophouse2023/flowerPi/aug11backup/videos/001f54431a61/230810/111909_868901_001f54431a61.mp4,[]
2023-08-11,19:47:00.990785,/Users/anupreksha/Desktop/hoophouse2023/flowerPi/aug11backup/videos/001f54431a61/230810/120034_089224_001f54431a61.mp4,"[106, 106, 106, 106]"
2023-08-11,19:46:48.948450,/Users/anupreksha/Desktop/hoophouse2023/flowerPi/aug11backup/videos/001f54431a61/230810/072234_748546_001f54431a61.mp4,[]
2023-08-11,19:47:02.063806,/Users/anupreksha/Desktop/hoophouse2023/flowerPi/aug11backup/videos/001f54431a61/230810/122530_426611_001f54431a61.mp4,[]
2023-08-11,19:46:50.526423,/Users/anupreksha/Desktop/hoophouse2023/flowerPi/aug11backup/videos/001f54431a61/230810/093211_017551_001f54431a61.mp4,[]
2023-08-11,19:47:01.909817,/Users/anupreksha/Desktop/hoophouse2023/flowerPi/aug11backup/videos/001f54431a61/230810/122232_334932_001f54431a61.mp4,[]
2023-08-11,19:46:55.616784,/Users/anupreksha/Desktop/hoophouse2023/flowerPi/aug11backup/videos/001f54431a61/230810/104239_474122_001f54431a61.mp4,[]
2023-08-11,19:47:03.648481,/Users/anupreksha/Desktop/hoophouse2023/flowerPi/aug11backup/videos/001f54431a61/230810/124356_122020_001f54431a61.mp4,[]
2023-08-11,19:46:55.171713,/Users/anupreksha/Desktop/hoophouse2023/flowerPi/aug11backup/videos/001f54431a61/230810/103126_050304_001f54431a61.mp4,[]
2023-08-11,19:46:50.412813,/Users/anupreksha/Desktop/hoophouse2023/flowerPi/aug11backup/videos/001f54431a61/230810/090811_797617_001f54431a61.mp4,[]
2023-08-11,19:47:04.432460,/Users/anupreksha/Desktop/hoophouse2023/flowerPi/aug11backup/videos/001f54431a61/230810/141044_150069_001f54431a61.mp4,"[17, 17, 17, 283, 283, 283, 283, 283, 283, 283, 283, 283, 283, 283]"
2023-08-11,19:46:55.935362,/Users/anupreksha/Desktop/hoophouse2023/flowerPi/aug11backup/videos/001f54431a61/230810/105146_581329_001f54431a61.mp4,[]
2023-08-11,19:47:01.103637,/Users/anupreksha/Desktop/hoophouse2023/flowerPi/aug11backup/videos/001f54431a61/230810/120330_095107_001f54431a61.mp4,[]
2023-08-11,19:47:02.168666,/Users/anupreksha/Desktop/hoophouse2023/flowerPi/aug11backup/videos/001f54431a61/230810/123105_910161_001f54431a61.mp4,[17]
2023-08-11,19:46:50.716280,/Users/anupreksha/Desktop/hoophouse2023/flowerPi/aug11backup/videos/001f54431a61/230810/094026_437233_001f54431a61.mp4,[]
2023-08-11,19:46:59.192240,/Users/anupreksha/Desktop/hoophouse2023/flowerPi/aug11backup/videos/001f54431a61/230810/113121_686231_001f54431a61.mp4,[]
2023-08-11,19:46:59.268825,/Users/anupreksha/Desktop/hoophouse2023/flowerPi/aug11backup/videos/001f54431a61/230810/113252_076506_001f54431a61.mp4,[]
2023-08-11,19:46:52.988613,/Users/anupreksha/Desktop/hoophouse2023/flowerPi/aug11backup/videos/001f54431a61/230810/100849_036462_001f54431a61.mp4,[]
2023-08-11,19:47:04.295982,/Users/anupreksha/Desktop/hoophouse2023/flowerPi/aug11backup/videos/001f54431a61/230810/134854_940558_001f54431a61.mp4,[]
2023-08-11,19:47:01.678854,/Users/anupreksha/Desktop/hoophouse2023/flowerPi/aug11backup/videos/001f54431a61/230810/121716_507519_001f54431a61.mp4,[]
2023-08-11,19:46:55.479487,/Users/anupreksha/Desktop/hoophouse2023/flowerPi/aug11backup/videos/001f54431a61/230810/103902_252008_001f54431a61.mp4,[]
2023-08-11,19:46:49.122064,/Users/anupreksha/Desktop/hoophouse2023/flowerPi/aug11backup/videos/001f54431a61/230810/072935_750789_001f54431a61.mp4,[]
2023-08-11,19:47:03.388432,/Users/anupreksha/Desktop/hoophouse2023/flowerPi/aug11backup/videos/001f54431a61/230810/123500_908828_001f54431a61.mp4,[]
2023-08-11,19:46:53.784818,/Users/anupreksha/Desktop/hoophouse2023/flowerPi/aug11backup/videos/001f54431a61/230810/102747_046679_001f54431a61.mp4,[]
2023-08-11,19:47:04.474582,/Users/anupreksha/Desktop/hoophouse2023/flowerPi/aug11backup/videos/001f54431a61/230810/141146_145068_001f54431a61.mp4,[]
2023-08-11,19:46:52.827232,/Users/anupreksha/Desktop/hoophouse2023/flowerPi/aug11backup/videos/001f54431a61/230810/100508_034925_001f54431a61.mp4,[]
2023-08-11,19:46:58.951770,/Users/anupreksha/Desktop/hoophouse2023/flowerPi/aug11backup/videos/001f54431a61/230810/112527_079353_001f54431a61.mp4,[]
2023-08-11,19:46:52.535630,/Users/anupreksha/Desktop/hoophouse2023/flowerPi/aug11backup/videos/001f54431a61/230810/095808_029942_001f54431a61.mp4,[]
2023-08-11,19:46:51.179967,/Users/anupreksha/Desktop/hoophouse2023/flowerPi/aug11backup/videos/001f54431a61/230810/095231_028088_001f54431a61.mp4,[]
2023-08-11,19:46:50.771215,/Users/anupreksha/Desktop/hoophouse2023/flowerPi/aug11backup/videos/001f54431a61/230810/094149_550229_001f54431a61.mp4,[]
2023-08-11,19:46:50.643648,/Users/anupreksha/Desktop/hoophouse2023/flowerPi/aug11backup/videos/001f54431a61/230810/093832_152126_001f54431a61.mp4,[]
2023-08-11,19:46:49.283645,/Users/anupreksha/Desktop/hoophouse2023/flowerPi/aug11backup/videos/001f54431a61/230810/083404_983952_001f54431a61.mp4,[]
2023-08-11,19:46:48.976611,/Users/anupreksha/Desktop/hoophouse2023/flowerPi/aug11backup/videos/001f54431a61/230810/072459_749208_001f54431a61.mp4,[]
2023-08-11,19:46:50.663882,/Users/anupreksha/Desktop/hoophouse2023/flowerPi/aug11backup/videos/001f54431a61/230810/093920_266459_001f54431a61.mp4,[]
2023-08-11,19:46:58.344908,/Users/anupreksha/Desktop/hoophouse2023/flowerPi/aug11backup/videos/001f54431a61/230810/111204_066868_001f54431a61.mp4,[]
2023-08-11,19:47:00.897424,/Users/anupreksha/Desktop/hoophouse2023/flowerPi/aug11backup/videos/001f54431a61/230810/115720_881454_001f54431a61.mp4,[]
2023-08-11,19:46:48.959954,/Users/anupreksha/Desktop/hoophouse2023/flowerPi/aug11backup/videos/001f54431a61/230810/072401_748269_001f54431a61.mp4,[]
2023-08-11,19:47:02.095546,/Users/anupreksha/Desktop/hoophouse2023/flowerPi/aug11backup/videos/001f54431a61/230810/122609_605364_001f54431a61.mp4,[]
2023-08-11,19:46:58.674443,/Users/anupreksha/Desktop/hoophouse2023/flowerPi/aug11backup/videos/001f54431a61/230810/111933_865740_001f54431a61.mp4,[]
2023-08-11,19:46:51.095318,/Users/anupreksha/Desktop/hoophouse2023/flowerPi/aug11backup/videos/001f54431a61/230810/095030_029542_001f54431a61.mp4,[]
2023-08-11,19:46:50.832740,/Users/anupreksha/Desktop/hoophouse2023/flowerPi/aug11backup/videos/001f54431a61/230810/094323_822587_001f54431a61.mp4,[]
2023-08-11,19:47:01.001637,/Users/anupreksha/Desktop/hoophouse2023/flowerPi/aug11backup/videos/001f54431a61/230810/120049_085189_001f54431a61.mp4,[]
2023-08-11,19:46:58.383793,/Users/anupreksha/Desktop/hoophouse2023/flowerPi/aug11backup/videos/001f54431a61/230810/111301_061666_001f54431a61.mp4,[]
2023-08-11,19:47:02.228920,/Users/anupreksha/Desktop/hoophouse2023/flowerPi/aug11backup/videos/001f54431a61/230810/123222_909121_001f54431a61.mp4,[]
2023-08-11,19:47:01.261429,/Users/anupreksha/Desktop/hoophouse2023/flowerPi/aug11backup/videos/001f54431a61/230810/120808_099350_001f54431a61.mp4,[]
2023-08-11,19:46:50.676784,/Users/anupreksha/Desktop/hoophouse2023/flowerPi/aug11backup/videos/001f54431a61/230810/093936_355455_001f54431a61.mp4,[]
2023-08-11,19:46:55.598949,/Users/anupreksha/Desktop/hoophouse2023/flowerPi/aug11backup/videos/001f54431a61/230810/104218_378552_001f54431a61.mp4,[]
2023-08-11,19:46:52.586118,/Users/anupreksha/Desktop/hoophouse2023/flowerPi/aug11backup/videos/001f54431a61/230810/095924_030675_001f54431a61.mp4,[]
2023-08-11,19:46:52.642948,/Users/anupreksha/Desktop/hoophouse2023/flowerPi/aug11backup/videos/001f54431a61/230810/100047_030552_001f54431a61.mp4,[]
2023-08-11,19:46:56.198245,/Users/anupreksha/Desktop/hoophouse2023/flowerPi/aug11backup/videos/001f54431a61/230810/105740_470051_001f54431a61.mp4,[]
2023-08-11,19:46:58.911510,/Users/anupreksha/Desktop/hoophouse2023/flowerPi/aug11backup/videos/001f54431a61/230810/112442_078841_001f54431a61.mp4,"[683, 683, 683, 683, 683]"
2023-08-11,19:47:04.190645,/Users/anupreksha/Desktop/hoophouse2023/flowerPi/aug11backup/videos/001f54431a61/230810/133835_742656_001f54431a61.mp4,[]
2023-08-11,19:46:49.260665,/Users/anupreksha/Desktop/hoophouse2023/flowerPi/aug11backup/videos/001f54431a61/230810/081753_973605_001f54431a61.mp4,[]
2023-08-11,19:47:03.356157,/Users/anupreksha/Desktop/hoophouse2023/flowerPi/aug11backup/videos/001f54431a61/230810/123325_098156_001f54431a61.mp4,[683]
2023-08-11,19:46:49.150740,/Users/anupreksha/Desktop/hoophouse2023/flowerPi/aug11backup/videos/001f54431a61/230810/073047_752926_001f54431a61.mp4,[]
2023-08-11,19:46:55.754338,/Users/anupreksha/Desktop/hoophouse2023/flowerPi/aug11backup/videos/001f54431a61/230810/104651_982950_001f54431a61.mp4,[]
2023-08-11,19:46:53.699414,/Users/anupreksha/Desktop/hoophouse2023/flowerPi/aug11backup/videos/001f54431a61/230810/102554_053069_001f54431a61.mp4,[]
2023-08-11,19:46:58.059860,/Users/anupreksha/Desktop/hoophouse2023/flowerPi/aug11backup/videos/001f54431a61/230810/110454_073218_001f54431a61.mp4,[]
2023-08-11,19:47:04.025742,/Users/anupreksha/Desktop/hoophouse2023/flowerPi/aug11backup/videos/001f54431a61/230810/130840_133327_001f54431a61.mp4,[]
2023-08-11,19:47:03.509019,/Users/anupreksha/Desktop/hoophouse2023/flowerPi/aug11backup/videos/001f54431a61/230810/123804_835372_001f54431a61.mp4,[]
2023-08-11,19:47:03.624196,/Users/anupreksha/Desktop/hoophouse2023/flowerPi/aug11backup/videos/001f54431a61/230810/124231_111038_001f54431a61.mp4,[]
2023-08-11,19:47:02.111918,/Users/anupreksha/Desktop/hoophouse2023/flowerPi/aug11backup/videos/001f54431a61/230810/122637_094879_001f54431a61.mp4,[17]
2023-08-11,19:47:01.208106,/Users/anupreksha/Desktop/hoophouse2023/flowerPi/aug11backup/videos/001f54431a61/230810/120630_297147_001f54431a61.mp4,[]
2023-08-11,19:47:03.430895,/Users/anupreksha/Desktop/hoophouse2023/flowerPi/aug11backup/videos/001f54431a61/230810/123534_907064_001f54431a61.mp4,[]
2023-08-11,19:47:01.048090,/Users/anupreksha/Desktop/hoophouse2023/flowerPi/aug11backup/videos/001f54431a61/230810/120206_082869_001f54431a61.mp4,[]
2023-08-11,19:46:59.107559,/Users/anupreksha/Desktop/hoophouse2023/flowerPi/aug11backup/videos/001f54431a61/230810/112906_488916_001f54431a61.mp4,[]
2023-08-11,19:46:55.064698,/Users/anupreksha/Desktop/hoophouse2023/flowerPi/aug11backup/videos/001f54431a61/230810/102900_051371_001f54431a61.mp4,[]
2023-08-11,19:47:01.073771,/Users/anupreksha/Desktop/hoophouse2023/flowerPi/aug11backup/videos/001f54431a61/230810/120244_097438_001f54431a61.mp4,[]
2023-08-11,19:47:03.557308,/Users/anupreksha/Desktop/hoophouse2023/flowerPi/aug11backup/videos/001f54431a61/230810/124057_908017_001f54431a61.mp4,[]
2023-08-11,19:47:03.570523,/Users/anupreksha/Desktop/hoophouse2023/flowerPi/aug11backup/videos/001f54431a61/230810/124112_908944_001f54431a61.mp4,[]
2023-08-11,19:47:04.280301,/Users/anupreksha/Desktop/hoophouse2023/flowerPi/aug11backup/videos/001f54431a61/230810/134606_133269_001f54431a61.mp4,[]
2023-08-11,19:47:03.904661,/Users/anupreksha/Desktop/hoophouse2023/flowerPi/aug11backup/videos/001f54431a61/230810/125140_114392_001f54431a61.mp4,[17]
2023-08-11,19:46:48.994093,/Users/anupreksha/Desktop/hoophouse2023/flowerPi/aug11backup/videos/001f54431a61/230810/072536_751907_001f54431a61.mp4,[]
2023-08-11,19:46:58.930773,/Users/anupreksha/Desktop/hoophouse2023/flowerPi/aug11backup/videos/001f54431a61/230810/112501_086357_001f54431a61.mp4,"[37, 37, 37, 37, 37]"
2023-08-11,19:46:55.099378,/Users/anupreksha/Desktop/hoophouse2023/flowerPi/aug11backup/videos/001f54431a61/230810/102944_052393_001f54431a61.mp4,[]
2023-08-11,19:47:03.713615,/Users/anupreksha/Desktop/hoophouse2023/flowerPi/aug11backup/videos/001f54431a61/230810/124628_126688_001f54431a61.mp4,[]
2023-08-11,19:46:50.516232,/Users/anupreksha/Desktop/hoophouse2023/flowerPi/aug11backup/videos/001f54431a61/230810/093152_022762_001f54431a61.mp4,[]
2023-08-11,19:46:56.179092,/Users/anupreksha/Desktop/hoophouse2023/flowerPi/aug11backup/videos/001f54431a61/230810/105716_480543_001f54431a61.mp4,[653]
2023-08-11,19:47:01.012131,/Users/anupreksha/Desktop/hoophouse2023/flowerPi/aug11backup/videos/001f54431a61/230810/120110_093656_001f54431a61.mp4,[]
2023-08-11,19:46:50.803612,/Users/anupreksha/Desktop/hoophouse2023/flowerPi/aug11backup/videos/001f54431a61/230810/094237_618726_001f54431a61.mp4,[]
2023-08-11,19:46:51.151829,/Users/anupreksha/Desktop/hoophouse2023/flowerPi/aug11backup/videos/001f54431a61/230810/095203_032294_001f54431a61.mp4,[]
2023-08-11,19:47:04.246176,/Users/anupreksha/Desktop/hoophouse2023/flowerPi/aug11backup/videos/001f54431a61/230810/134131_145123_001f54431a61.mp4,[412]
2023-08-11,19:46:50.268234,/Users/anupreksha/Desktop/hoophouse2023/flowerPi/aug11backup/videos/001f54431a61/230810/085002_410089_001f54431a61.mp4,[]
2023-08-11,19:46:50.968244,/Users/anupreksha/Desktop/hoophouse2023/flowerPi/aug11backup/videos/001f54431a61/230810/094713_952477_001f54431a61.mp4,[]
2023-08-11,19:46:49.142823,/Users/anupreksha/Desktop/hoophouse2023/flowerPi/aug11backup/videos/001f54431a61/230810/073024_751366_001f54431a61.mp4,[]
2023-08-11,19:46:53.270140,/Users/anupreksha/Desktop/hoophouse2023/flowerPi/aug11backup/videos/001f54431a61/230810/101527_242308_001f54431a61.mp4,[106]
2023-08-11,19:46:55.413921,/Users/anupreksha/Desktop/hoophouse2023/flowerPi/aug11backup/videos/001f54431a61/230810/103725_050905_001f54431a61.mp4,[]
2023-08-11,19:47:01.375563,/Users/anupreksha/Desktop/hoophouse2023/flowerPi/aug11backup/videos/001f54431a61/230810/121001_092475_001f54431a61.mp4,[]
2023-08-11,19:47:04.372032,/Users/anupreksha/Desktop/hoophouse2023/flowerPi/aug11backup/videos/001f54431a61/230810/140916_150862_001f54431a61.mp4,[]
2023-08-11,19:46:55.251095,/Users/anupreksha/Desktop/hoophouse2023/flowerPi/aug11backup/videos/001f54431a61/230810/103312_044837_001f54431a61.mp4,"[17, 283, 283, 283, 283, 283, 283, 283, 283, 283, 283, 283, 283, 283, 283, 283, 283]"
2023-08-11,19:47:04.268396,/Users/anupreksha/Desktop/hoophouse2023/flowerPi/aug11backup/videos/001f54431a61/230810/134251_338724_001f54431a61.mp4,[]
2023-08-11,19:47:01.569479,/Users/anupreksha/Desktop/hoophouse2023/flowerPi/aug11backup/videos/001f54431a61/230810/121433_889598_001f54431a61.mp4,[127]
2023-08-11,19:46:58.802436,/Users/anupreksha/Desktop/hoophouse2023/flowerPi/aug11backup/videos/001f54431a61/230810/112207_070473_001f54431a61.mp4,[]
2023-08-11,19:47:03.778754,/Users/anupreksha/Desktop/hoophouse2023/flowerPi/aug11backup/videos/001f54431a61/230810/124818_105629_001f54431a61.mp4,[]
2023-08-11,19:46:50.505841,/Users/anupreksha/Desktop/hoophouse2023/flowerPi/aug11backup/videos/001f54431a61/230810/092854_019352_001f54431a61.mp4,[]
2023-08-11,19:46:52.676757,/Users/anupreksha/Desktop/hoophouse2023/flowerPi/aug11backup/videos/001f54431a61/230810/100149_038189_001f54431a61.mp4,[]
2023-08-11,19:46:50.689591,/Users/anupreksha/Desktop/hoophouse2023/flowerPi/aug11backup/videos/001f54431a61/230810/093952_352092_001f54431a61.mp4,[]
2023-08-11,19:46:53.087224,/Users/anupreksha/Desktop/hoophouse2023/flowerPi/aug11backup/videos/001f54431a61/230810/101122_038416_001f54431a61.mp4,[]
2023-08-11,19:46:49.084776,/Users/anupreksha/Desktop/hoophouse2023/flowerPi/aug11backup/videos/001f54431a61/230810/072831_750644_001f54431a61.mp4,[]
2023-08-11,19:46:55.952974,/Users/anupreksha/Desktop/hoophouse2023/flowerPi/aug11backup/videos/001f54431a61/230810/105210_662984_001f54431a61.mp4,[]
2023-08-11,19:46:57.991787,/Users/anupreksha/Desktop/hoophouse2023/flowerPi/aug11backup/videos/001f54431a61/230810/110320_986738_001f54431a61.mp4,[]
2023-08-11,19:46:59.309514,/Users/anupreksha/Desktop/hoophouse2023/flowerPi/aug11backup/videos/001f54431a61/230810/113438_075253_001f54431a61.mp4,[]
2023-08-11,19:46:51.162495,/Users/anupreksha/Desktop/hoophouse2023/flowerPi/aug11backup/videos/001f54431a61/230810/095218_024179_001f54431a61.mp4,[]
2023-08-11,19:46:51.214858,/Users/anupreksha/Desktop/hoophouse2023/flowerPi/aug11backup/videos/001f54431a61/230810/095322_026197_001f54431a61.mp4,[]
2023-08-11,19:47:02.155711,/Users/anupreksha/Desktop/hoophouse2023/flowerPi/aug11backup/videos/001f54431a61/230810/122913_830436_001f54431a61.mp4,[]
2023-08-11,19:46:56.160919,/Users/anupreksha/Desktop/hoophouse2023/flowerPi/aug11backup/videos/001f54431a61/230810/105648_263381_001f54431a61.mp4,[]
2023-08-11,19:46:58.877749,/Users/anupreksha/Desktop/hoophouse2023/flowerPi/aug11backup/videos/001f54431a61/230810/112349_067942_001f54431a61.mp4,[]
2023-08-11,19:46:55.231849,/Users/anupreksha/Desktop/hoophouse2023/flowerPi/aug11backup/videos/001f54431a61/230810/103254_046271_001f54431a61.mp4,[]
2023-08-11,19:46:52.504992,/Users/anupreksha/Desktop/hoophouse2023/flowerPi/aug11backup/videos/001f54431a61/230810/095716_031431_001f54431a61.mp4,"[140, 140, 140, 140]"
2023-08-11,19:46:52.810356,/Users/anupreksha/Desktop/hoophouse2023/flowerPi/aug11backup/videos/001f54431a61/230810/100447_035304_001f54431a61.mp4,[]
2023-08-11,19:47:04.384201,/Users/anupreksha/Desktop/hoophouse2023/flowerPi/aug11backup/videos/001f54431a61/230810/140931_152300_001f54431a61.mp4,"[309, 309, 309, 309, 309]"
2023-08-11,19:46:50.590432,/Users/anupreksha/Desktop/hoophouse2023/flowerPi/aug11backup/videos/001f54431a61/230810/093604_016630_001f54431a61.mp4,[]
2023-08-11,19:46:55.813309,/Users/anupreksha/Desktop/hoophouse2023/flowerPi/aug11backup/videos/001f54431a61/230810/104844_056993_001f54431a61.mp4,[]
2023-08-11,19:46:59.241552,/Users/anupreksha/Desktop/hoophouse2023/flowerPi/aug11backup/videos/001f54431a61/230810/113200_881551_001f54431a61.mp4,[]
2023-08-11,19:47:01.704637,/Users/anupreksha/Desktop/hoophouse2023/flowerPi/aug11backup/videos/001f54431a61/230810/121730_509384_001f54431a61.mp4,[]
2023-08-11,19:46:55.829945,/Users/anupreksha/Desktop/hoophouse2023/flowerPi/aug11backup/videos/001f54431a61/230810/104910_050520_001f54431a61.mp4,[]
2023-08-11,19:46:59.368793,/Users/anupreksha/Desktop/hoophouse2023/flowerPi/aug11backup/videos/001f54431a61/230810/114725_081446_001f54431a61.mp4,[]
2023-08-11,19:46:56.317873,/Users/anupreksha/Desktop/hoophouse2023/flowerPi/aug11backup/videos/001f54431a61/230810/110018_585759_001f54431a61.mp4,[]
2023-08-11,19:46:51.340327,/Users/anupreksha/Desktop/hoophouse2023/flowerPi/aug11backup/videos/001f54431a61/230810/095628_035908_001f54431a61.mp4,[109]
2023-08-11,19:46:53.441374,/Users/anupreksha/Desktop/hoophouse2023/flowerPi/aug11backup/videos/001f54431a61/230810/101939_456880_001f54431a61.mp4,[]
2023-08-11,19:47:04.165469,/Users/anupreksha/Desktop/hoophouse2023/flowerPi/aug11backup/videos/001f54431a61/230810/133625_147896_001f54431a61.mp4,[]
2023-08-11,19:46:51.004690,/Users/anupreksha/Desktop/hoophouse2023/flowerPi/aug11backup/videos/001f54431a61/230810/094810_023722_001f54431a61.mp4,[]
2023-08-11,19:46:55.771394,/Users/anupreksha/Desktop/hoophouse2023/flowerPi/aug11backup/videos/001f54431a61/230810/104713_980012_001f54431a61.mp4,"[392, 17]"
2023-08-11,19:46:53.767600,/Users/anupreksha/Desktop/hoophouse2023/flowerPi/aug11backup/videos/001f54431a61/230810/102733_042163_001f54431a61.mp4,[]
2023-08-11,19:46:49.131584,/Users/anupreksha/Desktop/hoophouse2023/flowerPi/aug11backup/videos/001f54431a61/230810/072948_750863_001f54431a61.mp4,[]
2023-08-11,19:47:01.035498,/Users/anupreksha/Desktop/hoophouse2023/flowerPi/aug11backup/videos/001f54431a61/230810/120152_094000_001f54431a61.mp4,[]
2023-08-11,19:46:59.438528,/Users/anupreksha/Desktop/hoophouse2023/flowerPi/aug11backup/videos/001f54431a61/230810/115439_894404_001f54431a61.mp4,[]
2023-08-11,19:46:53.360025,/Users/anupreksha/Desktop/hoophouse2023/flowerPi/aug11backup/videos/001f54431a61/230810/101740_451541_001f54431a61.mp4,[]
2023-08-11,19:47:04.129399,/Users/anupreksha/Desktop/hoophouse2023/flowerPi/aug11backup/videos/001f54431a61/230810/132706_729357_001f54431a61.mp4,"[17, 17, 17]"
2023-08-11,19:46:56.348906,/Users/anupreksha/Desktop/hoophouse2023/flowerPi/aug11backup/videos/001f54431a61/230810/110059_662665_001f54431a61.mp4,[]
2023-08-11,19:46:50.700088,/Users/anupreksha/Desktop/hoophouse2023/flowerPi/aug11backup/videos/001f54431a61/230810/094008_368307_001f54431a61.mp4,[]
2023-08-11,19:46:50.376344,/Users/anupreksha/Desktop/hoophouse2023/flowerPi/aug11backup/videos/001f54431a61/230810/090546_596594_001f54431a61.mp4,[]
2023-08-11,19:46:56.399290,/Users/anupreksha/Desktop/hoophouse2023/flowerPi/aug11backup/videos/001f54431a61/230810/110155_786387_001f54431a61.mp4,[]
2023-08-11,19:47:01.600122,/Users/anupreksha/Desktop/hoophouse2023/flowerPi/aug11backup/videos/001f54431a61/230810/121523_221518_001f54431a61.mp4,[]
2023-08-11,19:46:58.325776,/Users/anupreksha/Desktop/hoophouse2023/flowerPi/aug11backup/videos/001f54431a61/230810/111137_061585_001f54431a61.mp4,"[17, 17, 17, 17]"
2023-08-11,19:46:58.173217,/Users/anupreksha/Desktop/hoophouse2023/flowerPi/aug11backup/videos/001f54431a61/230810/110810_663803_001f54431a61.mp4,[]
2023-08-11,19:46:55.188274,/Users/anupreksha/Desktop/hoophouse2023/flowerPi/aug11backup/videos/001f54431a61/230810/103152_046101_001f54431a61.mp4,[]
2023-08-11,19:46:53.665071,/Users/anupreksha/Desktop/hoophouse2023/flowerPi/aug11backup/videos/001f54431a61/230810/102507_040356_001f54431a61.mp4,[]
2023-08-11,19:46:55.988604,/Users/anupreksha/Desktop/hoophouse2023/flowerPi/aug11backup/videos/001f54431a61/230810/105301_860452_001f54431a61.mp4,[]
2023-08-11,19:46:59.030495,/Users/anupreksha/Desktop/hoophouse2023/flowerPi/aug11backup/videos/001f54431a61/230810/112708_320499_001f54431a61.mp4,"[404, 404, 404, 404]"
2023-08-11,19:46:49.206256,/Users/anupreksha/Desktop/hoophouse2023/flowerPi/aug11backup/videos/001f54431a61/230810/073323_753010_001f54431a61.mp4,[]
2023-08-11,19:46:53.239246,/Users/anupreksha/Desktop/hoophouse2023/flowerPi/aug11backup/videos/001f54431a61/230810/101446_247466_001f54431a61.mp4,[]
2023-08-11,19:46:53.302320,/Users/anupreksha/Desktop/hoophouse2023/flowerPi/aug11backup/videos/001f54431a61/230810/101612_451707_001f54431a61.mp4,[]
2023-08-11,19:46:58.247478,/Users/anupreksha/Desktop/hoophouse2023/flowerPi/aug11backup/videos/001f54431a61/230810/110957_671116_001f54431a61.mp4,[]
2023-08-11,19:46:50.740092,/Users/anupreksha/Desktop/hoophouse2023/flowerPi/aug11backup/videos/001f54431a61/230810/094048_435814_001f54431a61.mp4,[]
2023-08-11,19:47:03.815227,/Users/anupreksha/Desktop/hoophouse2023/flowerPi/aug11backup/videos/001f54431a61/230810/124910_106791_001f54431a61.mp4,[]
2023-08-11,19:47:00.950818,/Users/anupreksha/Desktop/hoophouse2023/flowerPi/aug11backup/videos/001f54431a61/230810/115900_094134_001f54431a61.mp4,[]
2023-08-11,19:46:56.059942,/Users/anupreksha/Desktop/hoophouse2023/flowerPi/aug11backup/videos/001f54431a61/230810/105436_857937_001f54431a61.mp4,[]
2023-08-11,19:46:51.304373,/Users/anupreksha/Desktop/hoophouse2023/flowerPi/aug11backup/videos/001f54431a61/230810/095528_032057_001f54431a61.mp4,[]
2023-08-11,19:47:01.396348,/Users/anupreksha/Desktop/hoophouse2023/flowerPi/aug11backup/videos/001f54431a61/230810/121024_092964_001f54431a61.mp4,[]
2023-08-11,19:46:50.295945,/Users/anupreksha/Desktop/hoophouse2023/flowerPi/aug11backup/videos/001f54431a61/230810/085213_589955_001f54431a61.mp4,[]
2023-08-11,19:46:50.757327,/Users/anupreksha/Desktop/hoophouse2023/flowerPi/aug11backup/videos/001f54431a61/230810/094103_434836_001f54431a61.mp4,[]
2023-08-11,19:47:02.238367,/Users/anupreksha/Desktop/hoophouse2023/flowerPi/aug11backup/videos/001f54431a61/230810/123301_032053_001f54431a61.mp4,[]
2023-08-11,19:46:53.424150,/Users/anupreksha/Desktop/hoophouse2023/flowerPi/aug11backup/videos/001f54431a61/230810/101922_455720_001f54431a61.mp4,[]
2023-08-11,19:47:03.695772,/Users/anupreksha/Desktop/hoophouse2023/flowerPi/aug11backup/videos/001f54431a61/230810/124600_125895_001f54431a61.mp4,[]
2023-08-11,19:46:53.505297,/Users/anupreksha/Desktop/hoophouse2023/flowerPi/aug11backup/videos/001f54431a61/230810/102105_771357_001f54431a61.mp4,[]
2023-08-11,19:46:58.080081,/Users/anupreksha/Desktop/hoophouse2023/flowerPi/aug11backup/videos/001f54431a61/230810/110545_276892_001f54431a61.mp4,[]
2023-08-11,19:46:58.457974,/Users/anupreksha/Desktop/hoophouse2023/flowerPi/aug11backup/videos/001f54431a61/230810/111500_270322_001f54431a61.mp4,[]
2023-08-11,19:47:04.350301,/Users/anupreksha/Desktop/hoophouse2023/flowerPi/aug11backup/videos/001f54431a61/230810/140732_150170_001f54431a61.mp4,[]
2023-08-11,19:46:49.189535,/Users/anupreksha/Desktop/hoophouse2023/flowerPi/aug11backup/videos/001f54431a61/230810/073237_752954_001f54431a61.mp4,[]
2023-08-11,19:46:58.266778,/Users/anupreksha/Desktop/hoophouse2023/flowerPi/aug11backup/videos/001f54431a61/230810/111023_865718_001f54431a61.mp4,[653]
2023-08-11,19:47:03.957777,/Users/anupreksha/Desktop/hoophouse2023/flowerPi/aug11backup/videos/001f54431a61/230810/125340_243543_001f54431a61.mp4,[17]
2023-08-11,19:47:03.534570,/Users/anupreksha/Desktop/hoophouse2023/flowerPi/aug11backup/videos/001f54431a61/230810/123931_908143_001f54431a61.mp4,[]
2023-08-11,19:47:01.515017,/Users/anupreksha/Desktop/hoophouse2023/flowerPi/aug11backup/videos/001f54431a61/230810/121243_820688_001f54431a61.mp4,[]
2023-08-11,19:47:01.985875,/Users/anupreksha/Desktop/hoophouse2023/flowerPi/aug11backup/videos/001f54431a61/230810/122338_826879_001f54431a61.mp4,[]
2023-08-11,19:47:01.787735,/Users/anupreksha/Desktop/hoophouse2023/flowerPi/aug11backup/videos/001f54431a61/230810/121929_706048_001f54431a61.mp4,[]
2023-08-11,19:46:51.231942,/Users/anupreksha/Desktop/hoophouse2023/flowerPi/aug11backup/videos/001f54431a61/230810/095348_027721_001f54431a61.mp4,[]
2023-08-11,19:46:58.195455,/Users/anupreksha/Desktop/hoophouse2023/flowerPi/aug11backup/videos/001f54431a61/230810/110851_665938_001f54431a61.mp4,[]
2023-08-11,19:47:04.361567,/Users/anupreksha/Desktop/hoophouse2023/flowerPi/aug11backup/videos/001f54431a61/230810/140833_152855_001f54431a61.mp4,[]
2023-08-11,19:46:50.852138,/Users/anupreksha/Desktop/hoophouse2023/flowerPi/aug11backup/videos/001f54431a61/230810/094341_826406_001f54431a61.mp4,[]
2023-08-11,19:46:49.076677,/Users/anupreksha/Desktop/hoophouse2023/flowerPi/aug11backup/videos/001f54431a61/230810/072806_773564_001f54431a61.mp4,[]
2023-08-11,19:47:01.458157,/Users/anupreksha/Desktop/hoophouse2023/flowerPi/aug11backup/videos/001f54431a61/230810/121143_307920_001f54431a61.mp4,"[987, 336]"
2023-08-11,19:46:49.294033,/Users/anupreksha/Desktop/hoophouse2023/flowerPi/aug11backup/videos/001f54431a61/230810/083706_126481_001f54431a61.mp4,[]
2023-08-11,19:46:55.117212,/Users/anupreksha/Desktop/hoophouse2023/flowerPi/aug11backup/videos/001f54431a61/230810/103009_052086_001f54431a61.mp4,[]
2023-08-11,19:46:53.714068,/Users/anupreksha/Desktop/hoophouse2023/flowerPi/aug11backup/videos/001f54431a61/230810/102618_045152_001f54431a61.mp4,[]
2023-08-11,19:46:50.334474,/Users/anupreksha/Desktop/hoophouse2023/flowerPi/aug11backup/videos/001f54431a61/230810/085317_592520_001f54431a61.mp4,[]
2023-08-11,19:46:53.341857,/Users/anupreksha/Desktop/hoophouse2023/flowerPi/aug11backup/videos/001f54431a61/230810/101659_455825_001f54431a61.mp4,[]
2023-08-11,19:47:04.100533,/Users/anupreksha/Desktop/hoophouse2023/flowerPi/aug11backup/videos/001f54431a61/230810/132554_326398_001f54431a61.mp4,[]
2023-08-11,19:46:56.305458,/Users/anupreksha/Desktop/hoophouse2023/flowerPi/aug11backup/videos/001f54431a61/230810/105954_477302_001f54431a61.mp4,[]
2023-08-11,19:46:55.081410,/Users/anupreksha/Desktop/hoophouse2023/flowerPi/aug11backup/videos/001f54431a61/230810/102923_045930_001f54431a61.mp4,[]
2023-08-11,19:46:58.565064,/Users/anupreksha/Desktop/hoophouse2023/flowerPi/aug11backup/videos/001f54431a61/230810/111719_487840_001f54431a61.mp4,[]
2023-08-11,19:47:03.448879,/Users/anupreksha/Desktop/hoophouse2023/flowerPi/aug11backup/videos/001f54431a61/230810/123637_236347_001f54431a61.mp4,[]
2023-08-11,19:46:56.079551,/Users/anupreksha/Desktop/hoophouse2023/flowerPi/aug11backup/videos/001f54431a61/230810/105502_183051_001f54431a61.mp4,[]
2023-08-11,19:47:04.047239,/Users/anupreksha/Desktop/hoophouse2023/flowerPi/aug11backup/videos/001f54431a61/230810/131245_716272_001f54431a61.mp4,"[17, 17]"
2023-08-11,19:47:01.882311,/Users/anupreksha/Desktop/hoophouse2023/flowerPi/aug11backup/videos/001f54431a61/230810/122217_313860_001f54431a61.mp4,"[17, 17]"
2023-08-11,19:47:03.660911,/Users/anupreksha/Desktop/hoophouse2023/flowerPi/aug11backup/videos/001f54431a61/230810/124452_110746_001f54431a61.mp4,"[109, 109, 109, 109]"
2023-08-11,19:46:51.021653,/Users/anupreksha/Desktop/hoophouse2023/flowerPi/aug11backup/videos/001f54431a61/230810/094824_030285_001f54431a61.mp4,[]
2023-08-11,19:46:49.003131,/Users/anupreksha/Desktop/hoophouse2023/flowerPi/aug11backup/videos/001f54431a61/230810/072551_752088_001f54431a61.mp4,[]
2023-08-11,19:46:55.465677,/Users/anupreksha/Desktop/hoophouse2023/flowerPi/aug11backup/videos/001f54431a61/230810/103838_064604_001f54431a61.mp4,[]
2023-08-11,19:46:52.845783,/Users/anupreksha/Desktop/hoophouse2023/flowerPi/aug11backup/videos/001f54431a61/230810/100533_037006_001f54431a61.mp4,[]
2023-08-11,19:46:53.740922,/Users/anupreksha/Desktop/hoophouse2023/flowerPi/aug11backup/videos/001f54431a61/230810/102649_043242_001f54431a61.mp4,[]
2023-08-11,19:46:53.632477,/Users/anupreksha/Desktop/hoophouse2023/flowerPi/aug11backup/videos/001f54431a61/230810/102422_039777_001f54431a61.mp4,[]
2023-08-11,19:46:55.199915,/Users/anupreksha/Desktop/hoophouse2023/flowerPi/aug11backup/videos/001f54431a61/230810/103216_047578_001f54431a61.mp4,[]
2023-08-11,19:46:53.125341,/Users/anupreksha/Desktop/hoophouse2023/flowerPi/aug11backup/videos/001f54431a61/230810/101216_035063_001f54431a61.mp4,"[276, 276]"
2023-08-11,19:47:01.856547,/Users/anupreksha/Desktop/hoophouse2023/flowerPi/aug11backup/videos/001f54431a61/230810/122044_027746_001f54431a61.mp4,[]
2023-08-11,19:46:49.177950,/Users/anupreksha/Desktop/hoophouse2023/flowerPi/aug11backup/videos/001f54431a61/230810/073224_751887_001f54431a61.mp4,[]
2023-08-11,19:47:02.143416,/Users/anupreksha/Desktop/hoophouse2023/flowerPi/aug11backup/videos/001f54431a61/230810/122902_522792_001f54431a61.mp4,[]
2023-08-11,19:46:53.525512,/Users/anupreksha/Desktop/hoophouse2023/flowerPi/aug11backup/videos/001f54431a61/230810/102130_969242_001f54431a61.mp4,[]
2023-08-11,19:46:55.862759,/Users/anupreksha/Desktop/hoophouse2023/flowerPi/aug11backup/videos/001f54431a61/230810/105000_252596_001f54431a61.mp4,[]
2023-08-11,19:46:58.135519,/Users/anupreksha/Desktop/hoophouse2023/flowerPi/aug11backup/videos/001f54431a61/230810/110716_481343_001f54431a61.mp4,[]
2023-08-11,19:47:01.651016,/Users/anupreksha/Desktop/hoophouse2023/flowerPi/aug11backup/videos/001f54431a61/230810/121635_300341_001f54431a61.mp4,[]
2023-08-11,19:46:56.432158,/Users/anupreksha/Desktop/hoophouse2023/flowerPi/aug11backup/videos/001f54431a61/230810/110227_786615_001f54431a61.mp4,[]
2023-08-11,19:46:50.869054,/Users/anupreksha/Desktop/hoophouse2023/flowerPi/aug11backup/videos/001f54431a61/230810/094407_832168_001f54431a61.mp4,[]
2023-08-11,19:47:04.014247,/Users/anupreksha/Desktop/hoophouse2023/flowerPi/aug11backup/videos/001f54431a61/230810/125635_914046_001f54431a61.mp4,[]
2023-08-11,19:46:59.297094,/Users/anupreksha/Desktop/hoophouse2023/flowerPi/aug11backup/videos/001f54431a61/230810/113420_083499_001f54431a61.mp4,[]
2023-08-11,19:46:55.268337,/Users/anupreksha/Desktop/hoophouse2023/flowerPi/aug11backup/videos/001f54431a61/230810/103334_041203_001f54431a61.mp4,[]
2023-08-11,19:47:04.486316,/Users/anupreksha/Desktop/hoophouse2023/flowerPi/aug11backup/videos/001f54431a61/230810/141202_144925_001f54431a61.mp4,[]
2023-08-11,19:46:58.152744,/Users/anupreksha/Desktop/hoophouse2023/flowerPi/aug11backup/videos/001f54431a61/230810/110748_589008_001f54431a61.mp4,[]
2023-08-11,19:46:50.464131,/Users/anupreksha/Desktop/hoophouse2023/flowerPi/aug11backup/videos/001f54431a61/230810/092357_005475_001f54431a61.mp4,[]
2023-08-11,19:46:55.880620,/Users/anupreksha/Desktop/hoophouse2023/flowerPi/aug11backup/videos/001f54431a61/230810/105031_258045_001f54431a61.mp4,[]
2023-08-11,19:46:58.609866,/Users/anupreksha/Desktop/hoophouse2023/flowerPi/aug11backup/videos/001f54431a61/230810/111807_503726_001f54431a61.mp4,[]
2023-08-11,19:46:49.159176,/Users/anupreksha/Desktop/hoophouse2023/flowerPi/aug11backup/videos/001f54431a61/230810/073107_752334_001f54431a61.mp4,[]
2023-08-11,19:46:59.286109,/Users/anupreksha/Desktop/hoophouse2023/flowerPi/aug11backup/videos/001f54431a61/230810/113312_077988_001f54431a61.mp4,[]
2023-08-11,19:46:48.985145,/Users/anupreksha/Desktop/hoophouse2023/flowerPi/aug11backup/videos/001f54431a61/230810/072511_760519_001f54431a61.mp4,[]
2023-08-11,19:47:01.438788,/Users/anupreksha/Desktop/hoophouse2023/flowerPi/aug11backup/videos/001f54431a61/230810/121130_220094_001f54431a61.mp4,[]
2023-08-11,19:46:52.576142,/Users/anupreksha/Desktop/hoophouse2023/flowerPi/aug11backup/videos/001f54431a61/230810/095853_032512_001f54431a61.mp4,"[276, 276, 276]"
2023-08-11,19:47:03.746865,/Users/anupreksha/Desktop/hoophouse2023/flowerPi/aug11backup/videos/001f54431a61/230810/124736_933434_001f54431a61.mp4,[]
2023-08-11,19:47:02.051001,/Users/anupreksha/Desktop/hoophouse2023/flowerPi/aug11backup/videos/001f54431a61/230810/122514_228907_001f54431a61.mp4,[]
2023-08-11,19:47:01.945447,/Users/anupreksha/Desktop/hoophouse2023/flowerPi/aug11backup/videos/001f54431a61/230810/122316_696524_001f54431a61.mp4,[]
2023-08-11,19:47:01.997354,/Users/anupreksha/Desktop/hoophouse2023/flowerPi/aug11backup/videos/001f54431a61/230810/122401_901728_001f54431a61.mp4,[]
2023-08-11,19:46:50.786559,/Users/anupreksha/Desktop/hoophouse2023/flowerPi/aug11backup/videos/001f54431a61/230810/094208_560426_001f54431a61.mp4,[]
2023-08-11,19:46:49.223140,/Users/anupreksha/Desktop/hoophouse2023/flowerPi/aug11backup/videos/001f54431a61/230810/073400_753267_001f54431a61.mp4,"[17, 17, 17, 17, 17]"
2023-08-11,19:46:58.364277,/Users/anupreksha/Desktop/hoophouse2023/flowerPi/aug11backup/videos/001f54431a61/230810/111234_077672_001f54431a61.mp4,[]
2023-08-11,19:46:51.139266,/Users/anupreksha/Desktop/hoophouse2023/flowerPi/aug11backup/videos/001f54431a61/230810/095134_025347_001f54431a61.mp4,[]
2023-08-11,19:47:04.310104,/Users/anupreksha/Desktop/hoophouse2023/flowerPi/aug11backup/videos/001f54431a61/230810/134929_941914_001f54431a61.mp4,[]
2023-08-11,19:47:04.463904,/Users/anupreksha/Desktop/hoophouse2023/flowerPi/aug11backup/videos/001f54431a61/230810/141122_147934_001f54431a61.mp4,[]
2023-08-11,19:46:53.051964,/Users/anupreksha/Desktop/hoophouse2023/flowerPi/aug11backup/videos/001f54431a61/230810/101035_032030_001f54431a61.mp4,[]
2023-08-11,19:46:50.495078,/Users/anupreksha/Desktop/hoophouse2023/flowerPi/aug11backup/videos/001f54431a61/230810/092824_007755_001f54431a61.mp4,[]
2023-08-11,19:46:49.063173,/Users/anupreksha/Desktop/hoophouse2023/flowerPi/aug11backup/videos/001f54431a61/230810/072741_749923_001f54431a61.mp4,[]
2023-08-11,19:47:01.772975,/Users/anupreksha/Desktop/hoophouse2023/flowerPi/aug11backup/videos/001f54431a61/230810/121907_690122_001f54431a61.mp4,[]
2023-08-11,19:46:56.339668,/Users/anupreksha/Desktop/hoophouse2023/flowerPi/aug11backup/videos/001f54431a61/230810/110032_589828_001f54431a61.mp4,[]
2023-08-11,19:47:02.007741,/Users/anupreksha/Desktop/hoophouse2023/flowerPi/aug11backup/videos/001f54431a61/230810/122429_899049_001f54431a61.mp4,[]
2023-08-11,19:46:50.367396,/Users/anupreksha/Desktop/hoophouse2023/flowerPi/aug11backup/videos/001f54431a61/230810/090533_596514_001f54431a61.mp4,[]
2023-08-11,19:47:04.209377,/Users/anupreksha/Desktop/hoophouse2023/flowerPi/aug11backup/videos/001f54431a61/230810/133906_970807_001f54431a61.mp4,[]
2023-08-11,19:46:55.340781,/Users/anupreksha/Desktop/hoophouse2023/flowerPi/aug11backup/videos/001f54431a61/230810/103534_051391_001f54431a61.mp4,[]
2023-08-11,19:47:03.610777,/Users/anupreksha/Desktop/hoophouse2023/flowerPi/aug11backup/videos/001f54431a61/230810/124203_912247_001f54431a61.mp4,[]
2023-08-11,19:46:52.719954,/Users/anupreksha/Desktop/hoophouse2023/flowerPi/aug11backup/videos/001f54431a61/230810/100247_028136_001f54431a61.mp4,[]
2023-08-11,19:46:56.262016,/Users/anupreksha/Desktop/hoophouse2023/flowerPi/aug11backup/videos/001f54431a61/230810/105906_471567_001f54431a61.mp4,[]
2023-08-11,19:46:53.317123,/Users/anupreksha/Desktop/hoophouse2023/flowerPi/aug11backup/videos/001f54431a61/230810/101634_451584_001f54431a61.mp4,[]
2023-08-11,19:46:55.285590,/Users/anupreksha/Desktop/hoophouse2023/flowerPi/aug11backup/videos/001f54431a61/230810/103410_045470_001f54431a61.mp4,[]
2023-08-11,19:46:51.126499,/Users/anupreksha/Desktop/hoophouse2023/flowerPi/aug11backup/videos/001f54431a61/230810/095110_028374_001f54431a61.mp4,[]
2023-08-11,19:46:52.606194,/Users/anupreksha/Desktop/hoophouse2023/flowerPi/aug11backup/videos/001f54431a61/230810/095936_035163_001f54431a61.mp4,[]
2023-08-11,19:46:49.322630,/Users/anupreksha/Desktop/hoophouse2023/flowerPi/aug11backup/videos/001f54431a61/230810/084359_408805_001f54431a61.mp4,[]
2023-08-11,19:47:03.546198,/Users/anupreksha/Desktop/hoophouse2023/flowerPi/aug11backup/videos/001f54431a61/230810/124027_904366_001f54431a61.mp4,[]
2023-08-11,19:47:01.281501,/Users/anupreksha/Desktop/hoophouse2023/flowerPi/aug11backup/videos/001f54431a61/230810/120829_504377_001f54431a61.mp4,[]
2023-08-11,19:46:53.189564,/Users/anupreksha/Desktop/hoophouse2023/flowerPi/aug11backup/videos/001f54431a61/230810/101332_171929_001f54431a61.mp4,[]
2023-08-11,19:47:01.339191,/Users/anupreksha/Desktop/hoophouse2023/flowerPi/aug11backup/videos/001f54431a61/230810/120917_691723_001f54431a61.mp4,"[470, 470, 470]"
2023-08-11,19:46:58.476730,/Users/anupreksha/Desktop/hoophouse2023/flowerPi/aug11backup/videos/001f54431a61/230810/111527_279026_001f54431a61.mp4,[17]
2023-08-11,19:46:56.245461,/Users/anupreksha/Desktop/hoophouse2023/flowerPi/aug11backup/videos/001f54431a61/230810/105834_477015_001f54431a61.mp4,[]
2023-08-11,19:46:49.170143,/Users/anupreksha/Desktop/hoophouse2023/flowerPi/aug11backup/videos/001f54431a61/230810/073131_751229_001f54431a61.mp4,[]
2023-08-11,19:47:01.426923,/Users/anupreksha/Desktop/hoophouse2023/flowerPi/aug11backup/videos/001f54431a61/230810/121108_100279_001f54431a61.mp4,[]
2023-08-11,19:46:53.155101,/Users/anupreksha/Desktop/hoophouse2023/flowerPi/aug11backup/videos/001f54431a61/230810/101242_167722_001f54431a61.mp4,"[17, 17, 17]"
2023-08-11,19:46:55.582443,/Users/anupreksha/Desktop/hoophouse2023/flowerPi/aug11backup/videos/001f54431a61/230810/104145_381398_001f54431a61.mp4,[]
2023-08-11,19:46:50.929148,/Users/anupreksha/Desktop/hoophouse2023/flowerPi/aug11backup/videos/001f54431a61/230810/094549_954776_001f54431a61.mp4,[]
2023-08-11,19:47:04.337541,/Users/anupreksha/Desktop/hoophouse2023/flowerPi/aug11backup/videos/001f54431a61/230810/140549_147802_001f54431a61.mp4,[]
2023-08-11,19:47:03.415307,/Users/anupreksha/Desktop/hoophouse2023/flowerPi/aug11backup/videos/001f54431a61/230810/123514_923673_001f54431a61.mp4,[]
2023-08-11,19:46:51.107571,/Users/anupreksha/Desktop/hoophouse2023/flowerPi/aug11backup/videos/001f54431a61/230810/095052_027438_001f54431a61.mp4,[]
2023-08-11,19:46:59.208848,/Users/anupreksha/Desktop/hoophouse2023/flowerPi/aug11backup/videos/001f54431a61/230810/113139_670762_001f54431a61.mp4,[]
2023-08-11,19:46:56.143511,/Users/anupreksha/Desktop/hoophouse2023/flowerPi/aug11backup/videos/001f54431a61/230810/105620_255611_001f54431a61.mp4,[]
2023-08-11,19:47:04.036221,/Users/anupreksha/Desktop/hoophouse2023/flowerPi/aug11backup/videos/001f54431a61/230810/131025_536952_001f54431a61.mp4,[414]
2023-08-11,19:47:01.757259,/Users/anupreksha/Desktop/hoophouse2023/flowerPi/aug11backup/videos/001f54431a61/230810/121840_696558_001f54431a61.mp4,[]
2023-08-11,19:46:53.541016,/Users/anupreksha/Desktop/hoophouse2023/flowerPi/aug11backup/videos/001f54431a61/230810/102201_971121_001f54431a61.mp4,[]
2023-08-11,19:46:50.881799,/Users/anupreksha/Desktop/hoophouse2023/flowerPi/aug11backup/videos/001f54431a61/230810/094433_824657_001f54431a61.mp4,[]
2023-08-11,19:46:49.303275,/Users/anupreksha/Desktop/hoophouse2023/flowerPi/aug11backup/videos/001f54431a61/230810/084015_187380_001f54431a61.mp4,[]
2023-08-11,19:47:03.877231,/Users/anupreksha/Desktop/hoophouse2023/flowerPi/aug11backup/videos/001f54431a61/230810/125030_121108_001f54431a61.mp4,[]
2023-08-11,19:46:56.410409,/Users/anupreksha/Desktop/hoophouse2023/flowerPi/aug11backup/videos/001f54431a61/230810/110215_787102_001f54431a61.mp4,[]
2023-08-11,19:46:55.672354,/Users/anupreksha/Desktop/hoophouse2023/flowerPi/aug11backup/videos/001f54431a61/230810/104459_646743_001f54431a61.mp4,[]
2023-08-11,19:46:59.133645,/Users/anupreksha/Desktop/hoophouse2023/flowerPi/aug11backup/videos/001f54431a61/230810/112924_600977_001f54431a61.mp4,[]
2023-08-11,19:46:50.558578,/Users/anupreksha/Desktop/hoophouse2023/flowerPi/aug11backup/videos/001f54431a61/230810/093500_023526_001f54431a61.mp4,[]
2023-08-11,19:46:55.792329,/Users/anupreksha/Desktop/hoophouse2023/flowerPi/aug11backup/videos/001f54431a61/230810/104801_983568_001f54431a61.mp4,[]
2023-08-11,19:46:55.358755,/Users/anupreksha/Desktop/hoophouse2023/flowerPi/aug11backup/videos/001f54431a61/230810/103609_054469_001f54431a61.mp4,[]
2023-08-11,19:47:03.767629,/Users/anupreksha/Desktop/hoophouse2023/flowerPi/aug11backup/videos/001f54431a61/230810/124749_036110_001f54431a61.mp4,[]
2023-08-11,19:46:53.475218,/Users/anupreksha/Desktop/hoophouse2023/flowerPi/aug11backup/videos/001f54431a61/230810/102028_570734_001f54431a61.mp4,[]
2023-08-11,19:46:50.604784,/Users/anupreksha/Desktop/hoophouse2023/flowerPi/aug11backup/videos/001f54431a61/230810/093622_014559_001f54431a61.mp4,[]
2023-08-11,19:46:59.144755,/Users/anupreksha/Desktop/hoophouse2023/flowerPi/aug11backup/videos/001f54431a61/230810/112955_600882_001f54431a61.mp4,[]
2023-08-11,19:46:50.305271,/Users/anupreksha/Desktop/hoophouse2023/flowerPi/aug11backup/videos/001f54431a61/230810/085229_590530_001f54431a61.mp4,[]
2023-08-11,19:46:55.706398,/Users/anupreksha/Desktop/hoophouse2023/flowerPi/aug11backup/videos/001f54431a61/230810/104559_850961_001f54431a61.mp4,[]
2023-08-11,19:46:58.587159,/Users/anupreksha/Desktop/hoophouse2023/flowerPi/aug11backup/videos/001f54431a61/230810/111742_484863_001f54431a61.mp4,[]
2023-08-11,19:47:04.404220,/Users/anupreksha/Desktop/hoophouse2023/flowerPi/aug11backup/videos/001f54431a61/230810/141012_149730_001f54431a61.mp4,[]
2023-08-11,19:46:53.007811,/Users/anupreksha/Desktop/hoophouse2023/flowerPi/aug11backup/videos/001f54431a61/230810/100921_037328_001f54431a61.mp4,[]
2023-08-11,19:46:49.197711,/Users/anupreksha/Desktop/hoophouse2023/flowerPi/aug11backup/videos/001f54431a61/230810/073255_751604_001f54431a61.mp4,[]
2023-08-11,19:46:53.553747,/Users/anupreksha/Desktop/hoophouse2023/flowerPi/aug11backup/videos/001f54431a61/230810/102225_976103_001f54431a61.mp4,[]
2023-08-11,19:46:50.324300,/Users/anupreksha/Desktop/hoophouse2023/flowerPi/aug11backup/videos/001f54431a61/230810/085247_590106_001f54431a61.mp4,[638]
2023-08-11,19:46:50.894077,/Users/anupreksha/Desktop/hoophouse2023/flowerPi/aug11backup/videos/001f54431a61/230810/094452_948806_001f54431a61.mp4,[]
2023-08-11,19:46:55.512162,/Users/anupreksha/Desktop/hoophouse2023/flowerPi/aug11backup/videos/001f54431a61/230810/103946_249804_001f54431a61.mp4,[]
2023-08-11,19:46:52.488713,/Users/anupreksha/Desktop/hoophouse2023/flowerPi/aug11backup/videos/001f54431a61/230810/095652_027058_001f54431a61.mp4,[]
2023-08-11,19:46:49.092842,/Users/anupreksha/Desktop/hoophouse2023/flowerPi/aug11backup/videos/001f54431a61/230810/072848_750357_001f54431a61.mp4,[]
2023-08-11,19:46:58.708522,/Users/anupreksha/Desktop/hoophouse2023/flowerPi/aug11backup/videos/001f54431a61/230810/112021_867751_001f54431a61.mp4,[]
2023-08-11,19:46:55.918156,/Users/anupreksha/Desktop/hoophouse2023/flowerPi/aug11backup/videos/001f54431a61/230810/105113_473630_001f54431a61.mp4,[]
2023-08-11,19:46:55.393500,/Users/anupreksha/Desktop/hoophouse2023/flowerPi/aug11backup/videos/001f54431a61/230810/103659_053870_001f54431a61.mp4,[]
2023-08-11,19:46:53.070879,/Users/anupreksha/Desktop/hoophouse2023/flowerPi/aug11backup/videos/001f54431a61/230810/101056_040015_001f54431a61.mp4,[]
2023-08-11,19:46:49.241966,/Users/anupreksha/Desktop/hoophouse2023/flowerPi/aug11backup/videos/001f54431a61/230810/073706_754340_001f54431a61.mp4,[]
2023-08-11,19:46:55.846344,/Users/anupreksha/Desktop/hoophouse2023/flowerPi/aug11backup/videos/001f54431a61/230810/104939_182786_001f54431a61.mp4,[]
2023-08-11,19:46:58.117231,/Users/anupreksha/Desktop/hoophouse2023/flowerPi/aug11backup/videos/001f54431a61/230810/110650_484441_001f54431a61.mp4,[]
2023-08-11,19:47:03.636197,/Users/anupreksha/Desktop/hoophouse2023/flowerPi/aug11backup/videos/001f54431a61/230810/124324_108631_001f54431a61.mp4,[]
2023-08-11,19:46:52.652219,/Users/anupreksha/Desktop/hoophouse2023/flowerPi/aug11backup/videos/001f54431a61/230810/100110_034421_001f54431a61.mp4,[]
2023-08-11,19:46:51.269846,/Users/anupreksha/Desktop/hoophouse2023/flowerPi/aug11backup/videos/001f54431a61/230810/095438_035626_001f54431a61.mp4,[]
2023-08-11,19:46:53.202128,/Users/anupreksha/Desktop/hoophouse2023/flowerPi/aug11backup/videos/001f54431a61/230810/101400_232895_001f54431a61.mp4,[]
2023-08-11,19:46:58.042266,/Users/anupreksha/Desktop/hoophouse2023/flowerPi/aug11backup/videos/001f54431a61/230810/110419_990187_001f54431a61.mp4,[]
2023-08-11,19:47:00.968235,/Users/anupreksha/Desktop/hoophouse2023/flowerPi/aug11backup/videos/001f54431a61/230810/115955_089704_001f54431a61.mp4,"[17, 17, 17, 17]"
2023-08-11,19:46:52.551409,/Users/anupreksha/Desktop/hoophouse2023/flowerPi/aug11backup/videos/001f54431a61/230810/095826_025440_001f54431a61.mp4,[]
2023-08-11,19:46:55.899219,/Users/anupreksha/Desktop/hoophouse2023/flowerPi/aug11backup/videos/001f54431a61/230810/105052_259837_001f54431a61.mp4,[17]
2023-08-11,19:46:50.485490,/Users/anupreksha/Desktop/hoophouse2023/flowerPi/aug11backup/videos/001f54431a61/230810/092800_013772_001f54431a61.mp4,[]
2023-08-11,19:47:03.865673,/Users/anupreksha/Desktop/hoophouse2023/flowerPi/aug11backup/videos/001f54431a61/230810/125006_107730_001f54431a61.mp4,[]
2023-08-11,19:47:03.473702,/Users/anupreksha/Desktop/hoophouse2023/flowerPi/aug11backup/videos/001f54431a61/230810/123719_706931_001f54431a61.mp4,[]
2023-08-11,19:47:04.454245,/Users/anupreksha/Desktop/hoophouse2023/flowerPi/aug11backup/videos/001f54431a61/230810/141058_152762_001f54431a61.mp4,"[283, 283, 283, 283, 283, 283, 283, 283, 283, 283, 283, 283, 283]"
2023-08-11,19:46:53.682549,/Users/anupreksha/Desktop/hoophouse2023/flowerPi/aug11backup/videos/001f54431a61/230810/102530_041971_001f54431a61.mp4,[]
2023-08-11,19:46:55.496441,/Users/anupreksha/Desktop/hoophouse2023/flowerPi/aug11backup/videos/001f54431a61/230810/103920_245902_001f54431a61.mp4,[]
2023-08-11,19:46:58.019348,/Users/anupreksha/Desktop/hoophouse2023/flowerPi/aug11backup/videos/001f54431a61/230810/110345_987078_001f54431a61.mp4,[]
2023-08-11,19:47:03.914921,/Users/anupreksha/Desktop/hoophouse2023/flowerPi/aug11backup/videos/001f54431a61/230810/125200_114050_001f54431a61.mp4,[]
2023-08-11,19:46:56.024148,/Users/anupreksha/Desktop/hoophouse2023/flowerPi/aug11backup/videos/001f54431a61/230810/105350_856961_001f54431a61.mp4,[]
2023-08-11,19:46:48.967980,/Users/anupreksha/Desktop/hoophouse2023/flowerPi/aug11backup/videos/001f54431a61/230810/072433_749584_001f54431a61.mp4,[]
2023-08-11,19:46:55.723666,/Users/anupreksha/Desktop/hoophouse2023/flowerPi/aug11backup/videos/001f54431a61/230810/104620_980592_001f54431a61.mp4,[17]
2023-08-11,19:47:04.140599,/Users/anupreksha/Desktop/hoophouse2023/flowerPi/aug11backup/videos/001f54431a61/230810/133358_925386_001f54431a61.mp4,[]
2023-08-11,19:47:01.840707,/Users/anupreksha/Desktop/hoophouse2023/flowerPi/aug11backup/videos/001f54431a61/230810/122022_928059_001f54431a61.mp4,[683]
2023-08-11,19:47:01.468837,/Users/anupreksha/Desktop/hoophouse2023/flowerPi/aug11backup/videos/001f54431a61/230810/121156_506663_001f54431a61.mp4,[]
2023-08-11,19:47:01.166306,/Users/anupreksha/Desktop/hoophouse2023/flowerPi/aug11backup/videos/001f54431a61/230810/120522_103905_001f54431a61.mp4,"[17, 17, 17, 17]"
2023-08-11,19:46:49.214316,/Users/anupreksha/Desktop/hoophouse2023/flowerPi/aug11backup/videos/001f54431a61/230810/073339_752364_001f54431a61.mp4,[]
2023-08-11,19:46:58.285649,/Users/anupreksha/Desktop/hoophouse2023/flowerPi/aug11backup/videos/001f54431a61/230810/111045_867100_001f54431a61.mp4,[]
2023-08-11,19:46:58.534765,/Users/anupreksha/Desktop/hoophouse2023/flowerPi/aug11backup/videos/001f54431a61/230810/111638_494551_001f54431a61.mp4,[]
2023-08-11,19:46:53.286659,/Users/anupreksha/Desktop/hoophouse2023/flowerPi/aug11backup/videos/001f54431a61/230810/101550_364750_001f54431a61.mp4,[]
2023-08-11,19:46:53.648831,/Users/anupreksha/Desktop/hoophouse2023/flowerPi/aug11backup/videos/001f54431a61/230810/102445_044446_001f54431a61.mp4,[]
2023-08-11,19:47:03.734881,/Users/anupreksha/Desktop/hoophouse2023/flowerPi/aug11backup/videos/001f54431a61/230810/124639_535696_001f54431a61.mp4,[]
2023-08-11,19:46:59.080914,/Users/anupreksha/Desktop/hoophouse2023/flowerPi/aug11backup/videos/001f54431a61/230810/112816_491599_001f54431a61.mp4,[]
2023-08-11,19:46:50.548171,/Users/anupreksha/Desktop/hoophouse2023/flowerPi/aug11backup/videos/001f54431a61/230810/093320_020411_001f54431a61.mp4,[]
2023-08-11,19:46:56.284754,/Users/anupreksha/Desktop/hoophouse2023/flowerPi/aug11backup/videos/001f54431a61/230810/105941_472094_001f54431a61.mp4,[]
2023-08-11,19:47:03.977359,/Users/anupreksha/Desktop/hoophouse2023/flowerPi/aug11backup/videos/001f54431a61/230810/125357_536780_001f54431a61.mp4,[]
2023-08-11,19:46:58.098082,/Users/anupreksha/Desktop/hoophouse2023/flowerPi/aug11backup/videos/001f54431a61/230810/110626_258661_001f54431a61.mp4,[]
2023-08-11,19:46:52.667239,/Users/anupreksha/Desktop/hoophouse2023/flowerPi/aug11backup/videos/001f54431a61/230810/100127_035967_001f54431a61.mp4,[]
2023-08-11,19:46:49.251227,/Users/anupreksha/Desktop/hoophouse2023/flowerPi/aug11backup/videos/001f54431a61/230810/081152_970366_001f54431a61.mp4,[]
2023-08-11,19:46:50.428275,/Users/anupreksha/Desktop/hoophouse2023/flowerPi/aug11backup/videos/001f54431a61/230810/091014_798764_001f54431a61.mp4,[]
2023-08-11,19:46:50.537944,/Users/anupreksha/Desktop/hoophouse2023/flowerPi/aug11backup/videos/001f54431a61/230810/093226_020362_001f54431a61.mp4,[]
2023-08-11,19:46:50.401659,/Users/anupreksha/Desktop/hoophouse2023/flowerPi/aug11backup/videos/001f54431a61/230810/090735_796808_001f54431a61.mp4,[]
2023-08-11,19:46:53.021609,/Users/anupreksha/Desktop/hoophouse2023/flowerPi/aug11backup/videos/001f54431a61/230810/100952_038109_001f54431a61.mp4,"[683, 683, 683, 683]"
2023-08-11,19:46:58.856898,/Users/anupreksha/Desktop/hoophouse2023/flowerPi/aug11backup/videos/001f54431a61/230810/112328_072493_001f54431a61.mp4,[]
2023-08-11,19:46:55.688604,/Users/anupreksha/Desktop/hoophouse2023/flowerPi/aug11backup/videos/001f54431a61/230810/104525_656707_001f54431a61.mp4,[]
2023-08-11,19:46:58.693612,/Users/anupreksha/Desktop/hoophouse2023/flowerPi/aug11backup/videos/001f54431a61/230810/111957_868823_001f54431a61.mp4,[]
2023-08-11,19:47:01.141965,/Users/anupreksha/Desktop/hoophouse2023/flowerPi/aug11backup/videos/001f54431a61/230810/120502_092480_001f54431a61.mp4,"[398, 398, 398, 398, 398]"
2023-08-11,19:46:50.819688,/Users/anupreksha/Desktop/hoophouse2023/flowerPi/aug11backup/videos/001f54431a61/230810/094301_823765_001f54431a61.mp4,[]
2023-08-11,19:47:01.022634,/Users/anupreksha/Desktop/hoophouse2023/flowerPi/aug11backup/videos/001f54431a61/230810/120140_089459_001f54431a61.mp4,[]
2023-08-11,19:46:56.006554,/Users/anupreksha/Desktop/hoophouse2023/flowerPi/aug11backup/videos/001f54431a61/230810/105323_857281_001f54431a61.mp4,[]
2023-08-11,19:46:59.067246,/Users/anupreksha/Desktop/hoophouse2023/flowerPi/aug11backup/videos/001f54431a61/230810/112751_284399_001f54431a61.mp4,[]
2023-08-11,19:46:49.048080,/Users/anupreksha/Desktop/hoophouse2023/flowerPi/aug11backup/videos/001f54431a61/230810/072727_749907_001f54431a61.mp4,[]
2023-08-11,19:46:58.781633,/Users/anupreksha/Desktop/hoophouse2023/flowerPi/aug11backup/videos/001f54431a61/230810/112132_074752_001f54431a61.mp4,[656]
2023-08-11,19:46:51.286092,/Users/anupreksha/Desktop/hoophouse2023/flowerPi/aug11backup/videos/001f54431a61/230810/095504_029964_001f54431a61.mp4,"[17, 17, 17, 17, 17]"
2023-08-11,19:46:58.975745,/Users/anupreksha/Desktop/hoophouse2023/flowerPi/aug11backup/videos/001f54431a61/230810/112554_086019_001f54431a61.mp4,"[17, 17, 17, 17]"
2023-08-11,19:46:53.485758,/Users/anupreksha/Desktop/hoophouse2023/flowerPi/aug11backup/videos/001f54431a61/230810/102049_768062_001f54431a61.mp4,[]
2023-08-11,19:46:50.286340,/Users/anupreksha/Desktop/hoophouse2023/flowerPi/aug11backup/videos/001f54431a61/230810/085150_589704_001f54431a61.mp4,[]
2023-08-11,19:46:50.446060,/Users/anupreksha/Desktop/hoophouse2023/flowerPi/aug11backup/videos/001f54431a61/230810/092226_009392_001f54431a61.mp4,[]
2023-08-11,19:46:53.252052,/Users/anupreksha/Desktop/hoophouse2023/flowerPi/aug11backup/videos/001f54431a61/230810/101510_245807_001f54431a61.mp4,[]
2023-08-11,19:46:51.072348,/Users/anupreksha/Desktop/hoophouse2023/flowerPi/aug11backup/videos/001f54431a61/230810/094938_040453_001f54431a61.mp4,[]
2023-08-11,19:47:04.083210,/Users/anupreksha/Desktop/hoophouse2023/flowerPi/aug11backup/videos/001f54431a61/230810/131420_540047_001f54431a61.mp4,[]
2023-08-11,19:47:00.852319,/Users/anupreksha/Desktop/hoophouse2023/flowerPi/aug11backup/videos/001f54431a61/230810/115547_894003_001f54431a61.mp4,[]
2023-08-11,19:46:52.710779,/Users/anupreksha/Desktop/hoophouse2023/flowerPi/aug11backup/videos/001f54431a61/230810/100226_035054_001f54431a61.mp4,[]
2023-08-11,19:47:04.497430,/Users/anupreksha/Desktop/hoophouse2023/flowerPi/aug11backup/videos/001f54431a61/230810/141511_153073_001f54431a61.mp4,[]
2023-08-11,19:47:03.844888,/Users/anupreksha/Desktop/hoophouse2023/flowerPi/aug11backup/videos/001f54431a61/230810/124952_106661_001f54431a61.mp4,"[683, 683]"
2023-08-11,19:46:55.153424,/Users/anupreksha/Desktop/hoophouse2023/flowerPi/aug11backup/videos/001f54431a61/230810/103103_038545_001f54431a61.mp4,[]
2023-08-11,19:46:58.895569,/Users/anupreksha/Desktop/hoophouse2023/flowerPi/aug11backup/videos/001f54431a61/230810/112417_074452_001f54431a61.mp4,"[866, 866, 866, 17]"
2023-08-11,19:46:59.180527,/Users/anupreksha/Desktop/hoophouse2023/flowerPi/aug11backup/videos/001f54431a61/230810/113105_679199_001f54431a61.mp4,[]
2023-08-11,19:46:58.212896,/Users/anupreksha/Desktop/hoophouse2023/flowerPi/aug11backup/videos/001f54431a61/230810/110917_662676_001f54431a61.mp4,[]
2023-08-11,19:47:01.417111,/Users/anupreksha/Desktop/hoophouse2023/flowerPi/aug11backup/videos/001f54431a61/230810/121046_097178_001f54431a61.mp4,[17]
2023-08-11,19:46:53.414128,/Users/anupreksha/Desktop/hoophouse2023/flowerPi/aug11backup/videos/001f54431a61/230810/101850_451802_001f54431a61.mp4,[17]
2023-08-11,19:46:58.306819,/Users/anupreksha/Desktop/hoophouse2023/flowerPi/aug11backup/videos/001f54431a61/230810/111112_061795_001f54431a61.mp4,[]
2023-08-11,19:46:56.220009,/Users/anupreksha/Desktop/hoophouse2023/flowerPi/aug11backup/videos/001f54431a61/230810/105806_475020_001f54431a61.mp4,[]
2023-08-11,19:47:03.597998,/Users/anupreksha/Desktop/hoophouse2023/flowerPi/aug11backup/videos/001f54431a61/230810/124148_913806_001f54431a61.mp4,[]
2023-08-11,19:46:50.984741,/Users/anupreksha/Desktop/hoophouse2023/flowerPi/aug11backup/videos/001f54431a61/230810/094733_954604_001f54431a61.mp4,[]
2023-08-11,19:47:04.256972,/Users/anupreksha/Desktop/hoophouse2023/flowerPi/aug11backup/videos/001f54431a61/230810/134158_263546_001f54431a61.mp4,[]
2023-08-11,19:47:04.225819,/Users/anupreksha/Desktop/hoophouse2023/flowerPi/aug11backup/videos/001f54431a61/230810/134054_140897_001f54431a61.mp4,[392]
2023-08-11,19:47:01.619445,/Users/anupreksha/Desktop/hoophouse2023/flowerPi/aug11backup/videos/001f54431a61/230810/121545_222139_001f54431a61.mp4,[]
2023-08-11,19:46:55.653271,/Users/anupreksha/Desktop/hoophouse2023/flowerPi/aug11backup/videos/001f54431a61/230810/104344_469500_001f54431a61.mp4,[]
2023-08-11,19:46:50.912041,/Users/anupreksha/Desktop/hoophouse2023/flowerPi/aug11backup/videos/001f54431a61/230810/094515_950716_001f54431a61.mp4,[]
2023-08-11,19:47:03.673121,/Users/anupreksha/Desktop/hoophouse2023/flowerPi/aug11backup/videos/001f54431a61/230810/124506_119553_001f54431a61.mp4,"[109, 109, 109, 109, 109, 683, 683, 683]"
2023-08-11,19:46:56.121383,/Users/anupreksha/Desktop/hoophouse2023/flowerPi/aug11backup/videos/001f54431a61/230810/105550_260797_001f54431a61.mp4,[]
2023-08-11,19:46:52.856903,/Users/anupreksha/Desktop/hoophouse2023/flowerPi/aug11backup/videos/001f54431a61/230810/100558_036061_001f54431a61.mp4,[]
2023-08-11,19:46:50.633660,/Users/anupreksha/Desktop/hoophouse2023/flowerPi/aug11backup/videos/001f54431a61/230810/093738_029545_001f54431a61.mp4,[]
2023-08-11,19:46:59.394069,/Users/anupreksha/Desktop/hoophouse2023/flowerPi/aug11backup/videos/001f54431a61/230810/115235_697867_001f54431a61.mp4,[]
2023-08-11,19:46:49.038971,/Users/anupreksha/Desktop/hoophouse2023/flowerPi/aug11backup/videos/001f54431a61/230810/072703_749954_001f54431a61.mp4,[]
2023-08-11,19:46:55.320383,/Users/anupreksha/Desktop/hoophouse2023/flowerPi/aug11backup/videos/001f54431a61/230810/103457_046552_001f54431a61.mp4,[]
2023-08-11,19:46:50.437532,/Users/anupreksha/Desktop/hoophouse2023/flowerPi/aug11backup/videos/001f54431a61/230810/092137_837529_001f54431a61.mp4,[]
2023-08-11,19:46:51.322532,/Users/anupreksha/Desktop/hoophouse2023/flowerPi/aug11backup/videos/001f54431a61/230810/095552_032407_001f54431a61.mp4,[]
2023-08-11,19:46:58.437028,/Users/anupreksha/Desktop/hoophouse2023/flowerPi/aug11backup/videos/001f54431a61/230810/111430_193140_001f54431a61.mp4,[]
2023-08-11,19:46:52.899693,/Users/anupreksha/Desktop/hoophouse2023/flowerPi/aug11backup/videos/001f54431a61/230810/100636_035114_001f54431a61.mp4,[]
2023-08-11,19:46:51.197838,/Users/anupreksha/Desktop/hoophouse2023/flowerPi/aug11backup/videos/001f54431a61/230810/095252_028268_001f54431a61.mp4,[]
2023-08-11,19:47:04.324989,/Users/anupreksha/Desktop/hoophouse2023/flowerPi/aug11backup/videos/001f54431a61/230810/135159_869922_001f54431a61.mp4,[]
2023-08-11,19:46:58.727094,/Users/anupreksha/Desktop/hoophouse2023/flowerPi/aug11backup/videos/001f54431a61/230810/112037_924770_001f54431a61.mp4,"[656, 656, 656, 656, 656]"
2023-08-11,19:46:58.496927,/Users/anupreksha/Desktop/hoophouse2023/flowerPi/aug11backup/videos/001f54431a61/230810/111550_484015_001f54431a61.mp4,[]
2023-08-11,19:46:55.547757,/Users/anupreksha/Desktop/hoophouse2023/flowerPi/aug11backup/videos/001f54431a61/230810/104045_255608_001f54431a61.mp4,[]
2023-08-11,19:46:50.952437,/Users/anupreksha/Desktop/hoophouse2023/flowerPi/aug11backup/videos/001f54431a61/230810/094701_954682_001f54431a61.mp4,[]
2023-08-11,19:46:59.425922,/Users/anupreksha/Desktop/hoophouse2023/flowerPi/aug11backup/videos/001f54431a61/230810/115401_889441_001f54431a61.mp4,[]
2023-08-11,19:46:52.875086,/Users/anupreksha/Desktop/hoophouse2023/flowerPi/aug11backup/videos/001f54431a61/230810/100612_030194_001f54431a61.mp4,[]
2023-08-11,19:46:58.225476,/Users/anupreksha/Desktop/hoophouse2023/flowerPi/aug11backup/videos/001f54431a61/230810/110943_673359_001f54431a61.mp4,[]
2023-08-11,19:46:53.594552,/Users/anupreksha/Desktop/hoophouse2023/flowerPi/aug11backup/videos/001f54431a61/230810/102314_042332_001f54431a61.mp4,[683]
2023-08-11,19:47:01.353865,/Users/anupreksha/Desktop/hoophouse2023/flowerPi/aug11backup/videos/001f54431a61/230810/120943_094990_001f54431a61.mp4,[17]
2023-08-11,19:47:01.821269,/Users/anupreksha/Desktop/hoophouse2023/flowerPi/aug11backup/videos/001f54431a61/230810/121949_824989_001f54431a61.mp4,[]
2023-08-11,19:47:02.190527,/Users/anupreksha/Desktop/hoophouse2023/flowerPi/aug11backup/videos/001f54431a61/230810/123133_903889_001f54431a61.mp4,[]
2023-08-11,19:46:59.337222,/Users/anupreksha/Desktop/hoophouse2023/flowerPi/aug11backup/videos/001f54431a61/230810/114132_083209_001f54431a61.mp4,[]
2023-08-11,19:47:03.926918,/Users/anupreksha/Desktop/hoophouse2023/flowerPi/aug11backup/videos/001f54431a61/230810/125216_124599_001f54431a61.mp4,[]
2023-08-11,19:47:01.714120,/Users/anupreksha/Desktop/hoophouse2023/flowerPi/aug11backup/videos/001f54431a61/230810/121800_509637_001f54431a61.mp4,[]
2023-08-11,19:47:01.239841,/Users/anupreksha/Desktop/hoophouse2023/flowerPi/aug11backup/videos/001f54431a61/230810/120727_900467_001f54431a61.mp4,[]
2023-08-11,19:46:56.382390,/Users/anupreksha/Desktop/hoophouse2023/flowerPi/aug11backup/videos/001f54431a61/230810/110137_700942_001f54431a61.mp4,[]
2023-08-11,19:46:50.357410,/Users/anupreksha/Desktop/hoophouse2023/flowerPi/aug11backup/videos/001f54431a61/230810/085412_592350_001f54431a61.mp4,[]
2023-08-11,19:47:03.585372,/Users/anupreksha/Desktop/hoophouse2023/flowerPi/aug11backup/videos/001f54431a61/230810/124128_902364_001f54431a61.mp4,[]
2023-08-11,19:46:50.348645,/Users/anupreksha/Desktop/hoophouse2023/flowerPi/aug11backup/videos/001f54431a61/230810/085329_598974_001f54431a61.mp4,[]
2023-08-11,19:47:00.918714,/Users/anupreksha/Desktop/hoophouse2023/flowerPi/aug11backup/videos/001f54431a61/230810/115735_892197_001f54431a61.mp4,[]
2023-08-11,19:46:53.170369,/Users/anupreksha/Desktop/hoophouse2023/flowerPi/aug11backup/videos/001f54431a61/230810/101310_167926_001f54431a61.mp4,[]
2023-08-11,19:46:59.044904,/Users/anupreksha/Desktop/hoophouse2023/flowerPi/aug11backup/videos/001f54431a61/230810/112734_268272_001f54431a61.mp4,[]
2023-08-11,19:47:01.538527,/Users/anupreksha/Desktop/hoophouse2023/flowerPi/aug11backup/videos/001f54431a61/230810/121307_821321_001f54431a61.mp4,[]
2023-08-11,19:47:01.085551,/Users/anupreksha/Desktop/hoophouse2023/flowerPi/aug11backup/videos/001f54431a61/230810/120301_087853_001f54431a61.mp4,[]
2023-08-11,19:47:01.306380,/Users/anupreksha/Desktop/hoophouse2023/flowerPi/aug11backup/videos/001f54431a61/230810/120854_622910_001f54431a61.mp4,[]
2023-08-11,19:46:52.625340,/Users/anupreksha/Desktop/hoophouse2023/flowerPi/aug11backup/videos/001f54431a61/230810/100035_032370_001f54431a61.mp4,[]
2023-08-11,19:47:01.580599,/Users/anupreksha/Desktop/hoophouse2023/flowerPi/aug11backup/videos/001f54431a61/230810/121502_222278_001f54431a61.mp4,[]
2023-08-11,19:46:52.969919,/Users/anupreksha/Desktop/hoophouse2023/flowerPi/aug11backup/videos/001f54431a61/230810/100822_045595_001f54431a61.mp4,[276]
2023-08-11,19:46:55.217616,/Users/anupreksha/Desktop/hoophouse2023/flowerPi/aug11backup/videos/001f54431a61/230810/103231_047712_001f54431a61.mp4,[]
2023-08-11,19:46:51.085039,/Users/anupreksha/Desktop/hoophouse2023/flowerPi/aug11backup/videos/001f54431a61/230810/095013_028648_001f54431a61.mp4,[]
2023-08-11,19:47:04.393441,/Users/anupreksha/Desktop/hoophouse2023/flowerPi/aug11backup/videos/001f54431a61/230810/140943_145356_001f54431a61.mp4,[]
2023-08-11,19:46:50.473590,/Users/anupreksha/Desktop/hoophouse2023/flowerPi/aug11backup/videos/001f54431a61/230810/092741_010836_001f54431a61.mp4,[]
2023-08-11,19:46:58.746549,/Users/anupreksha/Desktop/hoophouse2023/flowerPi/aug11backup/videos/001f54431a61/230810/112109_070975_001f54431a61.mp4,[]
2023-08-11,19:47:02.038817,/Users/anupreksha/Desktop/hoophouse2023/flowerPi/aug11backup/videos/001f54431a61/230810/122450_027775_001f54431a61.mp4,[]
2023-08-11,19:46:52.777396,/Users/anupreksha/Desktop/hoophouse2023/flowerPi/aug11backup/videos/001f54431a61/230810/100356_029173_001f54431a61.mp4,[]
2023-08-11,19:47:02.125488,/Users/anupreksha/Desktop/hoophouse2023/flowerPi/aug11backup/videos/001f54431a61/230810/122704_909304_001f54431a61.mp4,[]
2023-08-11,19:47:03.684243,/Users/anupreksha/Desktop/hoophouse2023/flowerPi/aug11backup/videos/001f54431a61/230810/124534_104852_001f54431a61.mp4,[]
2023-08-11,19:46:53.575570,/Users/anupreksha/Desktop/hoophouse2023/flowerPi/aug11backup/videos/001f54431a61/230810/102239_970051_001f54431a61.mp4,[]
2023-08-11,19:47:03.461771,/Users/anupreksha/Desktop/hoophouse2023/flowerPi/aug11backup/videos/001f54431a61/230810/123654_634377_001f54431a61.mp4,[]
2023-08-11,19:47:03.888382,/Users/anupreksha/Desktop/hoophouse2023/flowerPi/aug11backup/videos/001f54431a61/230810/125128_120754_001f54431a61.mp4,"[109, 109, 109]"
2023-08-11,19:47:04.117198,/Users/anupreksha/Desktop/hoophouse2023/flowerPi/aug11backup/videos/001f54431a61/230810/132645_746926_001f54431a61.mp4,[109]
2023-08-11,19:47:01.175532,/Users/anupreksha/Desktop/hoophouse2023/flowerPi/aug11backup/videos/001f54431a61/230810/120552_094570_001f54431a61.mp4,[]
2023-08-11,19:46:52.932202,/Users/anupreksha/Desktop/hoophouse2023/flowerPi/aug11backup/videos/001f54431a61/230810/100734_036376_001f54431a61.mp4,"[17, 17, 17]"
2023-08-11,19:47:01.498766,/Users/anupreksha/Desktop/hoophouse2023/flowerPi/aug11backup/videos/001f54431a61/230810/121210_504921_001f54431a61.mp4,[]
2023-08-11,19:47:04.416273,/Users/anupreksha/Desktop/hoophouse2023/flowerPi/aug11backup/videos/001f54431a61/230810/141023_150793_001f54431a61.mp4,[]
2023-08-11,19:46:53.723455,/Users/anupreksha/Desktop/hoophouse2023/flowerPi/aug11backup/videos/001f54431a61/230810/102638_038445_001f54431a61.mp4,[]
2023-08-11,19:46:56.370008,/Users/anupreksha/Desktop/hoophouse2023/flowerPi/aug11backup/videos/001f54431a61/230810/110113_662872_001f54431a61.mp4,"[683, 683, 683]"
2023-08-11,19:46:48.121367,/Users/anupreksha/Desktop/hoophouse2023/flowerPi/aug11backup/videos/001f54431a61/230809/180059_596972_001f54431a61.mp4,"[283, 283, 283, 283, 283, 283]"
2023-08-11,19:46:48.088631,/Users/anupreksha/Desktop/hoophouse2023/flowerPi/aug11backup/videos/001f54431a61/230809/160646_537390_001f54431a61.mp4,[]
2023-08-11,19:46:48.109499,/Users/anupreksha/Desktop/hoophouse2023/flowerPi/aug11backup/videos/001f54431a61/230809/164914_758538_001f54431a61.mp4,"[276, 276, 276, 276, 276, 276, 276, 276, 276, 276, 276, 276, 276, 276, 276, 276, 276, 276, 276, 276, 276, 276, 276, 276, 276, 276, 276, 892, 276, 276, 37, 37, 276, 276, 276, 276, 276, 276, 276]"
2023-08-11,19:46:48.074815,/Users/anupreksha/Desktop/hoophouse2023/flowerPi/aug11backup/videos/001f54431a61/230809/121642_437868_001f54431a61.mp4,"[110, 283, 283, 283, 283, 283, 283, 283]"
2023-08-11,19:46:48.008948,/Users/anupreksha/Desktop/hoophouse2023/flowerPi/aug11backup/videos/001f54431a61/230807/175143_890953_001f54431a61.mp4,"[821, 18, 18, 127, 584, 18, 18, 18, 18]"
2023-08-11,19:46:47.990228,/Users/anupreksha/Desktop/hoophouse2023/flowerPi/aug11backup/videos/001f54431a61/230807/174423_485902_001f54431a61.mp4,[]
2023-08-11,19:46:48.033459,/Users/anupreksha/Desktop/hoophouse2023/flowerPi/aug11backup/videos/001f54431a61/230808/091019_225780_001f54431a61.mp4,"[290, 290, 290, 290, 290, 290, 290, 290, 290, 290, 290, 290, 290, 290, 290]"
2023-08-11,19:46:47.776572,/Users/anupreksha/Desktop/hoophouse2023/flowerPi/aug11backup/videos/001f543e4afd/230810/135743_227934_001f543e4afd.mp4,[]
2023-08-11,19:46:47.543606,/Users/anupreksha/Desktop/hoophouse2023/flowerPi/aug11backup/videos/001f543e4afd/230810/105046_115470_001f543e4afd.mp4,[]
2023-08-11,19:46:47.909338,/Users/anupreksha/Desktop/hoophouse2023/flowerPi/aug11backup/videos/001f543e4afd/230810/141948_035976_001f543e4afd.mp4,[]
2023-08-11,19:46:47.677028,/Users/anupreksha/Desktop/hoophouse2023/flowerPi/aug11backup/videos/001f543e4afd/230810/112448_936501_001f543e4afd.mp4,[]
2023-08-11,19:46:47.614344,/Users/anupreksha/Desktop/hoophouse2023/flowerPi/aug11backup/videos/001f543e4afd/230810/110819_528197_001f543e4afd.mp4,[]
2023-08-11,19:46:47.559091,/Users/anupreksha/Desktop/hoophouse2023/flowerPi/aug11backup/videos/001f543e4afd/230810/105939_522923_001f543e4afd.mp4,[]
2023-08-11,19:46:47.653461,/Users/anupreksha/Desktop/hoophouse2023/flowerPi/aug11backup/videos/001f543e4afd/230810/111714_735790_001f543e4afd.mp4,[]
2023-08-11,19:46:47.590192,/Users/anupreksha/Desktop/hoophouse2023/flowerPi/aug11backup/videos/001f543e4afd/230810/110530_523451_001f543e4afd.mp4,[]
2023-08-11,19:46:47.745973,/Users/anupreksha/Desktop/hoophouse2023/flowerPi/aug11backup/videos/001f543e4afd/230810/135309_626124_001f543e4afd.mp4,[]
2023-08-11,19:46:47.900975,/Users/anupreksha/Desktop/hoophouse2023/flowerPi/aug11backup/videos/001f543e4afd/230810/141840_036486_001f543e4afd.mp4,[]
2023-08-11,19:46:47.582738,/Users/anupreksha/Desktop/hoophouse2023/flowerPi/aug11backup/videos/001f543e4afd/230810/110458_530303_001f543e4afd.mp4,[]
2023-08-11,19:46:47.875983,/Users/anupreksha/Desktop/hoophouse2023/flowerPi/aug11backup/videos/001f543e4afd/230810/141747_035523_001f543e4afd.mp4,[]
2023-08-11,19:46:47.535733,/Users/anupreksha/Desktop/hoophouse2023/flowerPi/aug11backup/videos/001f543e4afd/230810/093547_074979_001f543e4afd.mp4,[]
2023-08-11,19:46:47.825626,/Users/anupreksha/Desktop/hoophouse2023/flowerPi/aug11backup/videos/001f543e4afd/230810/141541_045873_001f543e4afd.mp4,[]
2023-08-11,19:46:47.884865,/Users/anupreksha/Desktop/hoophouse2023/flowerPi/aug11backup/videos/001f543e4afd/230810/141807_036007_001f543e4afd.mp4,[]
2023-08-11,19:46:47.796543,/Users/anupreksha/Desktop/hoophouse2023/flowerPi/aug11backup/videos/001f543e4afd/230810/141452_040845_001f543e4afd.mp4,[]
2023-08-11,19:46:47.598140,/Users/anupreksha/Desktop/hoophouse2023/flowerPi/aug11backup/videos/001f543e4afd/230810/110703_531086_001f543e4afd.mp4,[]
2023-08-11,19:46:47.835538,/Users/anupreksha/Desktop/hoophouse2023/flowerPi/aug11backup/videos/001f543e4afd/230810/141602_040692_001f543e4afd.mp4,[]
2023-08-11,19:46:47.767864,/Users/anupreksha/Desktop/hoophouse2023/flowerPi/aug11backup/videos/001f543e4afd/230810/135727_024535_001f543e4afd.mp4,[]
2023-08-11,19:46:47.758389,/Users/anupreksha/Desktop/hoophouse2023/flowerPi/aug11backup/videos/001f543e4afd/230810/135703_831691_001f543e4afd.mp4,[]
2023-08-11,19:46:47.810341,/Users/anupreksha/Desktop/hoophouse2023/flowerPi/aug11backup/videos/001f543e4afd/230810/141521_041035_001f543e4afd.mp4,[]
2023-08-11,19:46:47.529187,/Users/anupreksha/Desktop/hoophouse2023/flowerPi/aug11backup/videos/001f543e4afd/230810/080922_022604_001f543e4afd.mp4,"[283, 283, 283, 283, 283, 283, 283, 283, 283, 283, 283, 283]"
2023-08-11,19:46:47.697172,/Users/anupreksha/Desktop/hoophouse2023/flowerPi/aug11backup/videos/001f543e4afd/230810/132737_609653_001f543e4afd.mp4,[]
2023-08-11,19:46:47.645830,/Users/anupreksha/Desktop/hoophouse2023/flowerPi/aug11backup/videos/001f543e4afd/230810/111625_736551_001f543e4afd.mp4,[]
2023-08-11,19:46:47.710098,/Users/anupreksha/Desktop/hoophouse2023/flowerPi/aug11backup/videos/001f543e4afd/230810/133637_213431_001f543e4afd.mp4,[]
2023-08-11,19:46:47.735196,/Users/anupreksha/Desktop/hoophouse2023/flowerPi/aug11backup/videos/001f543e4afd/230810/135242_555336_001f543e4afd.mp4,[]
2023-08-11,19:46:47.550812,/Users/anupreksha/Desktop/hoophouse2023/flowerPi/aug11backup/videos/001f543e4afd/230810/105846_523877_001f543e4afd.mp4,[]
2023-08-11,19:46:47.862522,/Users/anupreksha/Desktop/hoophouse2023/flowerPi/aug11backup/videos/001f543e4afd/230810/141709_035111_001f543e4afd.mp4,[]
2023-08-11,19:46:47.567330,/Users/anupreksha/Desktop/hoophouse2023/flowerPi/aug11backup/videos/001f543e4afd/230810/110113_521123_001f543e4afd.mp4,"[683, 683, 683, 683, 683]"
2023-08-11,19:46:47.637922,/Users/anupreksha/Desktop/hoophouse2023/flowerPi/aug11backup/videos/001f543e4afd/230810/111028_532967_001f543e4afd.mp4,[]
2023-08-11,19:46:47.661398,/Users/anupreksha/Desktop/hoophouse2023/flowerPi/aug11backup/videos/001f543e4afd/230810/111832_735357_001f543e4afd.mp4,[]
2023-08-11,19:46:47.847041,/Users/anupreksha/Desktop/hoophouse2023/flowerPi/aug11backup/videos/001f543e4afd/230810/141620_036360_001f543e4afd.mp4,[]
2023-08-11,19:46:47.669516,/Users/anupreksha/Desktop/hoophouse2023/flowerPi/aug11backup/videos/001f543e4afd/230810/112113_733497_001f543e4afd.mp4,[]
2023-08-11,19:46:47.630390,/Users/anupreksha/Desktop/hoophouse2023/flowerPi/aug11backup/videos/001f543e4afd/230810/110917_532301_001f543e4afd.mp4,[]
2023-08-11,19:46:47.687888,/Users/anupreksha/Desktop/hoophouse2023/flowerPi/aug11backup/videos/001f543e4afd/230810/132500_433025_001f543e4afd.mp4,[]
2023-08-11,19:46:47.574913,/Users/anupreksha/Desktop/hoophouse2023/flowerPi/aug11backup/videos/001f543e4afd/230810/110124_521606_001f543e4afd.mp4,[]
2023-08-11,19:46:47.606238,/Users/anupreksha/Desktop/hoophouse2023/flowerPi/aug11backup/videos/001f543e4afd/230810/110739_531121_001f543e4afd.mp4,[]
2023-08-11,19:46:47.724193,/Users/anupreksha/Desktop/hoophouse2023/flowerPi/aug11backup/videos/001f543e4afd/230810/135103_230483_001f543e4afd.mp4,[]
2023-08-11,19:46:47.622046,/Users/anupreksha/Desktop/hoophouse2023/flowerPi/aug11backup/videos/001f543e4afd/230810/110856_528752_001f543e4afd.mp4,[]
2023-08-11,19:46:47.786913,/Users/anupreksha/Desktop/hoophouse2023/flowerPi/aug11backup/videos/001f543e4afd/230810/141337_833382_001f543e4afd.mp4,[]
2023-08-11,19:46:47.259055,/Users/anupreksha/Desktop/hoophouse2023/flowerPi/aug11backup/videos/001f543e4afd/230809/150005_654704_001f543e4afd.mp4,[]
2023-08-11,19:46:47.195801,/Users/anupreksha/Desktop/hoophouse2023/flowerPi/aug11backup/videos/001f543e4afd/230807/180515_770326_001f543e4afd.mp4,"[18, 18, 18, 18, 18, 18, 18, 18, 18, 18, 18, 18, 18]"
2023-08-14,13:33:08.877548,/Users/anupreksha/Desktop/hoophouse2023/flowerPi/aug11backup/videos/001f543e4afd/230808/091218_655480_001f543e4afd.mp4,"[290, 290, 290, 290, 290, 290, 290, 290, 290, 290, 290, 290, 290, 290, 290, 290]"
2023-08-11,19:46:47.233519,/Users/anupreksha/Desktop/hoophouse2023/flowerPi/aug11backup/videos/001f543e4afd/230808/093325_669910_001f543e4afd.mp4,"[296, 296, 296, 296, 296, 61, 296, 296, 296, 296, 296, 296, 296, 296, 296, 296, 296, 296, 296, 296, 296, 296, 296, 296, 296, 296, 296, 296, 296, 296, 296, 296, 296, 296, 296, 296, 296, 296, 296, 296, 296, 296, 296]"
2023-08-11,19:46:47.245709,/Users/anupreksha/Desktop/hoophouse2023/flowerPi/aug11backup/videos/001f543e4afd/230808/101329_694270_001f543e4afd.mp4,"[296, 296, 296, 296, 296, 296, 296, 296, 296, 296, 296, 296, 296, 296, 296, 296, 296, 296, 296, 296, 296, 296, 296, 296, 296, 296, 296, 296, 296, 296, 296, 296, 296, 296]"
2023-08-11,19:46:44.949758,/Users/anupreksha/Desktop/hoophouse2023/flowerPi/aug11backup/videos/001f543e44e2/230810/090156_924994_001f543e44e2.mp4,[]
2023-08-11,19:46:44.346652,/Users/anupreksha/Desktop/hoophouse2023/flowerPi/aug11backup/videos/001f543e44e2/230810/081146_911366_001f543e44e2.mp4,[]
2023-08-11,19:46:44.591110,/Users/anupreksha/Desktop/hoophouse2023/flowerPi/aug11backup/videos/001f543e44e2/230810/081833_314388_001f543e44e2.mp4,"[190, 190]"
2023-08-11,19:46:44.255944,/Users/anupreksha/Desktop/hoophouse2023/flowerPi/aug11backup/videos/001f543e44e2/230810/080928_908445_001f543e44e2.mp4,[]
2023-08-11,19:46:44.553980,/Users/anupreksha/Desktop/hoophouse2023/flowerPi/aug11backup/videos/001f543e44e2/230810/081751_312959_001f543e44e2.mp4,"[700, 17, 17, 17]"
2023-08-11,19:46:44.883923,/Users/anupreksha/Desktop/hoophouse2023/flowerPi/aug11backup/videos/001f543e44e2/230810/083631_721540_001f543e44e2.mp4,[]
2023-08-11,19:46:44.282377,/Users/anupreksha/Desktop/hoophouse2023/flowerPi/aug11backup/videos/001f543e44e2/230810/081006_915129_001f543e44e2.mp4,[]
2023-08-11,19:46:44.492699,/Users/anupreksha/Desktop/hoophouse2023/flowerPi/aug11backup/videos/001f543e44e2/230810/081527_107370_001f543e44e2.mp4,[987]
2023-08-11,19:46:44.245587,/Users/anupreksha/Desktop/hoophouse2023/flowerPi/aug11backup/videos/001f543e44e2/230810/080831_906204_001f543e44e2.mp4,"[979, 979]"
2023-08-11,19:46:44.714925,/Users/anupreksha/Desktop/hoophouse2023/flowerPi/aug11backup/videos/001f543e44e2/230810/082616_517285_001f543e44e2.mp4,[956]
2023-08-11,19:46:44.805963,/Users/anupreksha/Desktop/hoophouse2023/flowerPi/aug11backup/videos/001f543e44e2/230810/083127_716564_001f543e44e2.mp4,[]
2023-08-11,19:46:45.225809,/Users/anupreksha/Desktop/hoophouse2023/flowerPi/aug11backup/videos/001f543e44e2/230810/095133_344279_001f543e44e2.mp4,[913]
2023-08-11,19:46:44.458155,/Users/anupreksha/Desktop/hoophouse2023/flowerPi/aug11backup/videos/001f543e44e2/230810/081431_056771_001f543e44e2.mp4,[]
2023-08-11,19:46:44.308933,/Users/anupreksha/Desktop/hoophouse2023/flowerPi/aug11backup/videos/001f543e44e2/230810/081058_907817_001f543e44e2.mp4,[]
2023-08-11,19:46:44.382049,/Users/anupreksha/Desktop/hoophouse2023/flowerPi/aug11backup/videos/001f543e44e2/230810/081240_909201_001f543e44e2.mp4,[]
2023-08-11,19:46:45.031531,/Users/anupreksha/Desktop/hoophouse2023/flowerPi/aug11backup/videos/001f543e44e2/230810/091442_940502_001f543e44e2.mp4,[109]
2023-08-11,19:46:44.618574,/Users/anupreksha/Desktop/hoophouse2023/flowerPi/aug11backup/videos/001f543e44e2/230810/081942_316188_001f543e44e2.mp4,[]
2023-08-11,19:46:45.083044,/Users/anupreksha/Desktop/hoophouse2023/flowerPi/aug11backup/videos/001f543e44e2/230810/092045_933190_001f543e44e2.mp4,[]
2023-08-11,19:46:44.358670,/Users/anupreksha/Desktop/hoophouse2023/flowerPi/aug11backup/videos/001f543e44e2/230810/081215_926911_001f543e44e2.mp4,[]
2023-08-11,19:46:44.833395,/Users/anupreksha/Desktop/hoophouse2023/flowerPi/aug11backup/videos/001f543e44e2/230810/083455_718166_001f543e44e2.mp4,[]
2023-08-11,19:46:44.819701,/Users/anupreksha/Desktop/hoophouse2023/flowerPi/aug11backup/videos/001f543e44e2/230810/083402_720182_001f543e44e2.mp4,[]
2023-08-11,19:46:44.925371,/Users/anupreksha/Desktop/hoophouse2023/flowerPi/aug11backup/videos/001f543e44e2/230810/084126_917914_001f543e44e2.mp4,[]
2023-08-11,19:46:44.526433,/Users/anupreksha/Desktop/hoophouse2023/flowerPi/aug11backup/videos/001f543e44e2/230810/081604_242842_001f543e44e2.mp4,[]
2023-08-11,19:46:44.512536,/Users/anupreksha/Desktop/hoophouse2023/flowerPi/aug11backup/videos/001f543e44e2/230810/081540_243301_001f543e44e2.mp4,[]
2023-08-11,19:46:45.068650,/Users/anupreksha/Desktop/hoophouse2023/flowerPi/aug11backup/videos/001f543e44e2/230810/091612_930902_001f543e44e2.mp4,"[190, 588]"
2023-08-11,19:46:45.157303,/Users/anupreksha/Desktop/hoophouse2023/flowerPi/aug11backup/videos/001f543e44e2/230810/094104_336644_001f543e44e2.mp4,"[37, 37]"
2023-08-11,19:46:44.603107,/Users/anupreksha/Desktop/hoophouse2023/flowerPi/aug11backup/videos/001f543e44e2/230810/081906_314063_001f543e44e2.mp4,[]
2023-08-11,19:46:44.727310,/Users/anupreksha/Desktop/hoophouse2023/flowerPi/aug11backup/videos/001f543e44e2/230810/082636_519954_001f543e44e2.mp4,[]
2023-08-11,19:46:44.642339,/Users/anupreksha/Desktop/hoophouse2023/flowerPi/aug11backup/videos/001f543e44e2/230810/082353_443732_001f543e44e2.mp4,[]
2023-08-11,19:46:44.896845,/Users/anupreksha/Desktop/hoophouse2023/flowerPi/aug11backup/videos/001f543e44e2/230810/083723_717241_001f543e44e2.mp4,[]
2023-08-11,19:46:44.912170,/Users/anupreksha/Desktop/hoophouse2023/flowerPi/aug11backup/videos/001f543e44e2/230810/083900_924223_001f543e44e2.mp4,[]
2023-08-11,19:46:44.630807,/Users/anupreksha/Desktop/hoophouse2023/flowerPi/aug11backup/videos/001f543e44e2/230810/082331_443267_001f543e44e2.mp4,[979]
2023-08-11,19:46:44.270432,/Users/anupreksha/Desktop/hoophouse2023/flowerPi/aug11backup/videos/001f543e44e2/230810/080939_911156_001f543e44e2.mp4,[]
2023-08-11,19:46:44.665241,/Users/anupreksha/Desktop/hoophouse2023/flowerPi/aug11backup/videos/001f543e44e2/230810/082404_444011_001f543e44e2.mp4,"[987, 987]"
2023-08-11,19:46:44.418199,/Users/anupreksha/Desktop/hoophouse2023/flowerPi/aug11backup/videos/001f543e44e2/230810/081322_912473_001f543e44e2.mp4,[]
2023-08-11,19:46:45.111314,/Users/anupreksha/Desktop/hoophouse2023/flowerPi/aug11backup/videos/001f543e44e2/230810/092251_936116_001f543e44e2.mp4,[]
2023-08-11,19:46:44.480547,/Users/anupreksha/Desktop/hoophouse2023/flowerPi/aug11backup/videos/001f543e44e2/230810/081502_110300_001f543e44e2.mp4,[]
2023-08-11,19:46:44.870600,/Users/anupreksha/Desktop/hoophouse2023/flowerPi/aug11backup/videos/001f543e44e2/230810/083543_716506_001f543e44e2.mp4,[998]
2023-08-11,19:46:45.239525,/Users/anupreksha/Desktop/hoophouse2023/flowerPi/aug11backup/videos/001f543e44e2/230810/095257_341372_001f543e44e2.mp4,[384]
2023-08-11,19:46:45.098000,/Users/anupreksha/Desktop/hoophouse2023/flowerPi/aug11backup/videos/001f543e44e2/230810/092113_934261_001f543e44e2.mp4,[]
2023-08-11,19:46:44.965286,/Users/anupreksha/Desktop/hoophouse2023/flowerPi/aug11backup/videos/001f543e44e2/230810/091145_934677_001f543e44e2.mp4,[]
2023-08-11,19:46:45.057709,/Users/anupreksha/Desktop/hoophouse2023/flowerPi/aug11backup/videos/001f543e44e2/230810/091546_936218_001f543e44e2.mp4,[172]
2023-08-11,19:46:45.127225,/Users/anupreksha/Desktop/hoophouse2023/flowerPi/aug11backup/videos/001f543e44e2/230810/093508_936127_001f543e44e2.mp4,[]
2023-08-11,19:46:44.764973,/Users/anupreksha/Desktop/hoophouse2023/flowerPi/aug11backup/videos/001f543e44e2/230810/082733_516962_001f543e44e2.mp4,[]
2023-08-11,19:46:44.846810,/Users/anupreksha/Desktop/hoophouse2023/flowerPi/aug11backup/videos/001f543e44e2/230810/083519_716438_001f543e44e2.mp4,[216]
2023-08-11,19:46:45.267226,/Users/anupreksha/Desktop/hoophouse2023/flowerPi/aug11backup/videos/001f543e44e2/230810/141909_828351_001f543e44e2.mp4,[]
2023-08-11,19:46:44.674915,/Users/anupreksha/Desktop/hoophouse2023/flowerPi/aug11backup/videos/001f543e44e2/230810/082428_448305_001f543e44e2.mp4,[926]
2023-08-11,19:46:44.321085,/Users/anupreksha/Desktop/hoophouse2023/flowerPi/aug11backup/videos/001f543e44e2/230810/081115_910976_001f543e44e2.mp4,[]
2023-08-11,19:46:44.937463,/Users/anupreksha/Desktop/hoophouse2023/flowerPi/aug11backup/videos/001f543e44e2/230810/090135_924614_001f543e44e2.mp4,[]
2023-08-11,19:46:44.776427,/Users/anupreksha/Desktop/hoophouse2023/flowerPi/aug11backup/videos/001f543e44e2/230810/082849_715237_001f543e44e2.mp4,[80]
2023-08-11,19:46:44.539932,/Users/anupreksha/Desktop/hoophouse2023/flowerPi/aug11backup/videos/001f543e44e2/230810/081705_308131_001f543e44e2.mp4,[]
2023-08-11,19:46:44.687167,/Users/anupreksha/Desktop/hoophouse2023/flowerPi/aug11backup/videos/001f543e44e2/230810/082453_515938_001f543e44e2.mp4,[]
2023-08-11,19:46:44.572343,/Users/anupreksha/Desktop/hoophouse2023/flowerPi/aug11backup/videos/001f543e44e2/230810/081814_324240_001f543e44e2.mp4,"[470, 470]"
2023-08-11,19:46:44.790591,/Users/anupreksha/Desktop/hoophouse2023/flowerPi/aug11backup/videos/001f543e44e2/230810/083009_715371_001f543e44e2.mp4,[]
2023-08-11,19:46:45.044340,/Users/anupreksha/Desktop/hoophouse2023/flowerPi/aug11backup/videos/001f543e44e2/230810/091525_934826_001f543e44e2.mp4,[]
2023-08-11,19:46:45.143193,/Users/anupreksha/Desktop/hoophouse2023/flowerPi/aug11backup/videos/001f543e44e2/230810/093729_135521_001f543e44e2.mp4,[]
2023-08-11,19:46:45.206521,/Users/anupreksha/Desktop/hoophouse2023/flowerPi/aug11backup/videos/001f543e44e2/230810/094835_346911_001f543e44e2.mp4,"[392, 392, 392, 392]"
2023-08-11,19:46:45.172688,/Users/anupreksha/Desktop/hoophouse2023/flowerPi/aug11backup/videos/001f543e44e2/230810/094231_336966_001f543e44e2.mp4,[]
2023-08-11,19:46:45.014497,/Users/anupreksha/Desktop/hoophouse2023/flowerPi/aug11backup/videos/001f543e44e2/230810/091430_931225_001f543e44e2.mp4,"[216, 441, 441, 441, 128]"
2023-08-11,19:46:44.442665,/Users/anupreksha/Desktop/hoophouse2023/flowerPi/aug11backup/videos/001f543e44e2/230810/081408_936972_001f543e44e2.mp4,[]
2023-08-11,19:46:44.699833,/Users/anupreksha/Desktop/hoophouse2023/flowerPi/aug11backup/videos/001f543e44e2/230810/082507_520912_001f543e44e2.mp4,[]
2023-08-11,19:46:45.189522,/Users/anupreksha/Desktop/hoophouse2023/flowerPi/aug11backup/videos/001f543e44e2/230810/094514_346073_001f543e44e2.mp4,[]
2023-08-11,19:46:44.989402,/Users/anupreksha/Desktop/hoophouse2023/flowerPi/aug11backup/videos/001f543e44e2/230810/091320_935543_001f543e44e2.mp4,[987]
2023-08-11,19:46:44.430144,/Users/anupreksha/Desktop/hoophouse2023/flowerPi/aug11backup/videos/001f543e44e2/230810/081352_915218_001f543e44e2.mp4,[]
2023-08-11,19:46:45.001278,/Users/anupreksha/Desktop/hoophouse2023/flowerPi/aug11backup/videos/001f543e44e2/230810/091402_932787_001f543e44e2.mp4,[]
2023-08-11,19:46:44.393976,/Users/anupreksha/Desktop/hoophouse2023/flowerPi/aug11backup/videos/001f543e44e2/230810/081306_911693_001f543e44e2.mp4,[]
2023-08-11,19:46:44.295115,/Users/anupreksha/Desktop/hoophouse2023/flowerPi/aug11backup/videos/001f543e44e2/230810/081026_910860_001f543e44e2.mp4,[]
2023-08-11,19:46:43.693644,/Users/anupreksha/Desktop/hoophouse2023/flowerPi/aug11backup/videos/001f543e44e2/230809/133726_543568_001f543e44e2.mp4,"[17, 17, 17, 17]"
2023-08-11,19:46:43.641983,/Users/anupreksha/Desktop/hoophouse2023/flowerPi/aug11backup/videos/001f543e44e2/230809/121638_047145_001f543e44e2.mp4,[]
2023-08-11,19:46:43.633151,/Users/anupreksha/Desktop/hoophouse2023/flowerPi/aug11backup/videos/001f543e44e2/230809/115454_306287_001f543e44e2.mp4,[]
2023-08-11,19:46:43.672347,/Users/anupreksha/Desktop/hoophouse2023/flowerPi/aug11backup/videos/001f543e44e2/230809/133448_544177_001f543e44e2.mp4,[]
2023-08-11,19:46:43.714490,/Users/anupreksha/Desktop/hoophouse2023/flowerPi/aug11backup/videos/001f543e44e2/230809/133936_552571_001f543e44e2.mp4,[]
2023-08-11,19:46:43.703665,/Users/anupreksha/Desktop/hoophouse2023/flowerPi/aug11backup/videos/001f543e44e2/230809/133843_553189_001f543e44e2.mp4,[]
2023-08-11,19:46:43.662452,/Users/anupreksha/Desktop/hoophouse2023/flowerPi/aug11backup/videos/001f543e44e2/230809/133416_541683_001f543e44e2.mp4,[]
2023-08-14,13:33:36.099288,/Users/anupreksha/Desktop/hoophouse2023/flowerPi/aug11backup/videos/001f543e44e2/230809/133122_548124_001f543e44e2.mp4,[]
2023-08-11,19:46:43.684054,/Users/anupreksha/Desktop/hoophouse2023/flowerPi/aug11backup/videos/001f543e44e2/230809/133644_552869_001f543e44e2.mp4,[17]
2023-08-11,19:46:41.509117,/Users/anupreksha/Desktop/hoophouse2023/flowerPi/aug11backup/videos/001f543e44e2/230807/175621_705273_001f543e44e2.mp4,[]
2023-08-14,13:33:51.571884,/Users/anupreksha/Desktop/hoophouse2023/flowerPi/aug11backup/videos/001f543e44e2/230807/175428_699732_001f543e44e2.mp4,[]
2023-08-11,19:46:43.067505,/Users/anupreksha/Desktop/hoophouse2023/flowerPi/aug11backup/videos/001f543e44e2/230808/175807_309326_001f543e44e2.mp4,"[392, 379]"
2023-08-11,19:46:42.705126,/Users/anupreksha/Desktop/hoophouse2023/flowerPi/aug11backup/videos/001f543e44e2/230808/174904_939317_001f543e44e2.mp4,"[425, 17, 17]"
2023-08-11,19:46:42.452461,/Users/anupreksha/Desktop/hoophouse2023/flowerPi/aug11backup/videos/001f543e44e2/230808/124221_677161_001f543e44e2.mp4,[]
2023-08-11,19:46:43.231552,/Users/anupreksha/Desktop/hoophouse2023/flowerPi/aug11backup/videos/001f543e44e2/230808/180151_959089_001f543e44e2.mp4,"[190, 666, 190, 987, 987, 987]"
2023-08-11,19:46:42.329589,/Users/anupreksha/Desktop/hoophouse2023/flowerPi/aug11backup/videos/001f543e44e2/230808/102130_433014_001f543e44e2.mp4,[]
2023-08-11,19:46:43.191674,/Users/anupreksha/Desktop/hoophouse2023/flowerPi/aug11backup/videos/001f543e44e2/230808/180049_750373_001f543e44e2.mp4,"[319, 190]"
2023-08-11,19:46:42.399474,/Users/anupreksha/Desktop/hoophouse2023/flowerPi/aug11backup/videos/001f543e44e2/230808/120533_652462_001f543e44e2.mp4,[]
2023-08-11,19:46:42.977314,/Users/anupreksha/Desktop/hoophouse2023/flowerPi/aug11backup/videos/001f543e44e2/230808/175333_146188_001f543e44e2.mp4,"[441, 190, 190, 190, 190, 190, 190, 441]"
2023-08-11,19:46:43.486000,/Users/anupreksha/Desktop/hoophouse2023/flowerPi/aug11backup/videos/001f543e44e2/230808/180546_145008_001f543e44e2.mp4,"[430, 524, 987]"
2023-08-11,19:46:42.671503,/Users/anupreksha/Desktop/hoophouse2023/flowerPi/aug11backup/videos/001f543e44e2/230808/174234_940236_001f543e44e2.mp4,[]
2023-08-11,19:46:43.511402,/Users/anupreksha/Desktop/hoophouse2023/flowerPi/aug11backup/videos/001f543e44e2/230808/180610_345066_001f543e44e2.mp4,[896]
2023-08-11,19:46:42.745103,/Users/anupreksha/Desktop/hoophouse2023/flowerPi/aug11backup/videos/001f543e44e2/230808/174942_942542_001f543e44e2.mp4,"[190, 190, 190, 190]"
2023-08-11,19:46:42.346885,/Users/anupreksha/Desktop/hoophouse2023/flowerPi/aug11backup/videos/001f543e44e2/230808/102453_632552_001f543e44e2.mp4,[]
2023-08-11,19:46:43.210869,/Users/anupreksha/Desktop/hoophouse2023/flowerPi/aug11backup/videos/001f543e44e2/230808/180115_945389_001f543e44e2.mp4,"[987, 987, 987, 190, 190, 190]"
2023-08-11,19:46:42.425855,/Users/anupreksha/Desktop/hoophouse2023/flowerPi/aug11backup/videos/001f543e44e2/230808/123511_266413_001f543e44e2.mp4,[726]
2023-08-11,19:46:42.932215,/Users/anupreksha/Desktop/hoophouse2023/flowerPi/aug11backup/videos/001f543e44e2/230808/175316_142077_001f543e44e2.mp4,[]
2023-08-11,19:46:42.272456,/Users/anupreksha/Desktop/hoophouse2023/flowerPi/aug11backup/videos/001f543e44e2/230808/092609_404309_001f543e44e2.mp4,[]
2023-08-11,19:46:42.363471,/Users/anupreksha/Desktop/hoophouse2023/flowerPi/aug11backup/videos/001f543e44e2/230808/102630_631756_001f543e44e2.mp4,[]
2023-08-11,19:46:42.645431,/Users/anupreksha/Desktop/hoophouse2023/flowerPi/aug11backup/videos/001f543e44e2/230808/172210_534654_001f543e44e2.mp4,[]
2023-08-11,19:46:42.382155,/Users/anupreksha/Desktop/hoophouse2023/flowerPi/aug11backup/videos/001f543e44e2/230808/115513_247803_001f543e44e2.mp4,[]
2023-08-11,19:46:42.634737,/Users/anupreksha/Desktop/hoophouse2023/flowerPi/aug11backup/videos/001f543e44e2/230808/171545_337696_001f543e44e2.mp4,[]
2023-08-11,19:46:43.052657,/Users/anupreksha/Desktop/hoophouse2023/flowerPi/aug11backup/videos/001f543e44e2/230808/175756_145206_001f543e44e2.mp4,[17]
2023-08-11,19:46:42.440944,/Users/anupreksha/Desktop/hoophouse2023/flowerPi/aug11backup/videos/001f543e44e2/230808/123603_268610_001f543e44e2.mp4,[]
2023-08-11,19:46:43.458664,/Users/anupreksha/Desktop/hoophouse2023/flowerPi/aug11backup/videos/001f543e44e2/230808/180529_145237_001f543e44e2.mp4,"[998, 657, 987]"
2023-08-11,19:46:43.130508,/Users/anupreksha/Desktop/hoophouse2023/flowerPi/aug11backup/videos/001f543e44e2/230808/175902_544012_001f543e44e2.mp4,"[987, 987]"
2023-08-11,19:46:42.486358,/Users/anupreksha/Desktop/hoophouse2023/flowerPi/aug11backup/videos/001f543e44e2/230808/131630_286459_001f543e44e2.mp4,[]
2023-08-11,19:46:42.250943,/Users/anupreksha/Desktop/hoophouse2023/flowerPi/aug11backup/videos/001f543e44e2/230808/025133_687398_001f543e44e2.mp4,[]
2023-08-11,19:46:42.623270,/Users/anupreksha/Desktop/hoophouse2023/flowerPi/aug11backup/videos/001f543e44e2/230808/163735_523631_001f543e44e2.mp4,[290]
2023-08-11,19:46:42.313287,/Users/anupreksha/Desktop/hoophouse2023/flowerPi/aug11backup/videos/001f543e44e2/230808/100927_217024_001f543e44e2.mp4,[]
2023-08-11,19:46:42.919234,/Users/anupreksha/Desktop/hoophouse2023/flowerPi/aug11backup/videos/001f543e44e2/230808/175252_141117_001f543e44e2.mp4,[]
2023-08-11,19:46:42.568845,/Users/anupreksha/Desktop/hoophouse2023/flowerPi/aug11backup/videos/001f543e44e2/230808/154701_507077_001f543e44e2.mp4,[]
2023-08-11,19:46:43.027946,/Users/anupreksha/Desktop/hoophouse2023/flowerPi/aug11backup/videos/001f543e44e2/230808/175516_142314_001f543e44e2.mp4,"[451, 821]"
2023-08-11,19:46:42.682908,/Users/anupreksha/Desktop/hoophouse2023/flowerPi/aug11backup/videos/001f543e44e2/230808/174452_938389_001f543e44e2.mp4,[]
2023-08-11,19:46:43.012421,/Users/anupreksha/Desktop/hoophouse2023/flowerPi/aug11backup/videos/001f543e44e2/230808/175458_150093_001f543e44e2.mp4,[]
2023-08-11,19:46:42.257105,/Users/anupreksha/Desktop/hoophouse2023/flowerPi/aug11backup/videos/001f543e44e2/230808/025204_676389_001f543e44e2.mp4,[]
2023-08-11,19:46:43.375779,/Users/anupreksha/Desktop/hoophouse2023/flowerPi/aug11backup/videos/001f543e44e2/230808/180408_153836_001f543e44e2.mp4,"[190, 998]"
2023-08-11,19:46:42.849215,/Users/anupreksha/Desktop/hoophouse2023/flowerPi/aug11backup/videos/001f543e44e2/230808/175152_940847_001f543e44e2.mp4,"[987, 190]"
2023-08-11,19:46:42.811580,/Users/anupreksha/Desktop/hoophouse2023/flowerPi/aug11backup/videos/001f543e44e2/230808/175128_944002_001f543e44e2.mp4,[109]
2023-08-11,19:46:42.606351,/Users/anupreksha/Desktop/hoophouse2023/flowerPi/aug11backup/videos/001f543e44e2/230808/163636_271938_001f543e44e2.mp4,"[430, 290, 290, 290, 290, 290, 290]"
2023-08-11,19:46:43.039263,/Users/anupreksha/Desktop/hoophouse2023/flowerPi/aug11backup/videos/001f543e44e2/230808/175553_142490_001f543e44e2.mp4,[]
2023-08-11,19:46:43.252362,/Users/anupreksha/Desktop/hoophouse2023/flowerPi/aug11backup/videos/001f543e44e2/230808/180215_963934_001f543e44e2.mp4,[]
2023-08-11,19:46:42.533185,/Users/anupreksha/Desktop/hoophouse2023/flowerPi/aug11backup/videos/001f543e44e2/230808/135232_487399_001f543e44e2.mp4,[]
2023-08-11,19:46:43.285063,/Users/anupreksha/Desktop/hoophouse2023/flowerPi/aug11backup/videos/001f543e44e2/230808/180310_145354_001f543e44e2.mp4,"[379, 666, 987, 987]"
2023-08-11,19:46:43.346607,/Users/anupreksha/Desktop/hoophouse2023/flowerPi/aug11backup/videos/001f543e44e2/230808/180346_149039_001f543e44e2.mp4,"[412, 653, 654]"
2023-08-11,19:46:43.319750,/Users/anupreksha/Desktop/hoophouse2023/flowerPi/aug11backup/videos/001f543e44e2/230808/180322_144893_001f543e44e2.mp4,"[987, 17]"
2023-08-11,19:46:43.573179,/Users/anupreksha/Desktop/hoophouse2023/flowerPi/aug11backup/videos/001f543e44e2/230808/180701_358185_001f543e44e2.mp4,"[657, 430, 175, 653, 666, 987, 17, 190, 37]"
2023-08-11,19:46:43.431854,/Users/anupreksha/Desktop/hoophouse2023/flowerPi/aug11backup/videos/001f543e44e2/230808/180457_145739_001f543e44e2.mp4,"[319, 17, 17]"
2023-08-11,19:46:42.693415,/Users/anupreksha/Desktop/hoophouse2023/flowerPi/aug11backup/videos/001f543e44e2/230808/174615_940005_001f543e44e2.mp4,[17]
2023-08-11,19:46:42.522363,/Users/anupreksha/Desktop/hoophouse2023/flowerPi/aug11backup/videos/001f543e44e2/230808/135215_476053_001f543e44e2.mp4,[]
2023-08-11,19:46:43.444282,/Users/anupreksha/Desktop/hoophouse2023/flowerPi/aug11backup/videos/001f543e44e2/230808/180518_145220_001f543e44e2.mp4,"[987, 17]"
2023-08-11,19:46:42.297927,/Users/anupreksha/Desktop/hoophouse2023/flowerPi/aug11backup/videos/001f543e44e2/230808/100625_216784_001f543e44e2.mp4,"[683, 683, 944]"
2023-08-11,19:46:42.994943,/Users/anupreksha/Desktop/hoophouse2023/flowerPi/aug11backup/videos/001f543e44e2/230808/175416_142257_001f543e44e2.mp4,[]
2023-08-11,19:46:42.724174,/Users/anupreksha/Desktop/hoophouse2023/flowerPi/aug11backup/videos/001f543e44e2/230808/174918_940532_001f543e44e2.mp4,[]
2023-08-11,19:46:43.085840,/Users/anupreksha/Desktop/hoophouse2023/flowerPi/aug11backup/videos/001f543e44e2/230808/175830_543951_001f543e44e2.mp4,"[432, 542]"
2023-08-11,19:46:42.409956,/Users/anupreksha/Desktop/hoophouse2023/flowerPi/aug11backup/videos/001f543e44e2/230808/120724_251072_001f543e44e2.mp4,[]
2023-08-11,19:46:43.143873,/Users/anupreksha/Desktop/hoophouse2023/flowerPi/aug11backup/videos/001f543e44e2/230808/175950_544885_001f543e44e2.mp4,[17]
2023-08-11,19:46:42.496121,/Users/anupreksha/Desktop/hoophouse2023/flowerPi/aug11backup/videos/001f543e44e2/230808/135149_478350_001f543e44e2.mp4,[]
2023-08-11,19:46:42.507541,/Users/anupreksha/Desktop/hoophouse2023/flowerPi/aug11backup/videos/001f543e44e2/230808/135201_476058_001f543e44e2.mp4,[]
2023-08-11,19:46:42.579199,/Users/anupreksha/Desktop/hoophouse2023/flowerPi/aug11backup/videos/001f543e44e2/230808/154734_507098_001f543e44e2.mp4,[]
2023-08-11,19:46:42.543553,/Users/anupreksha/Desktop/hoophouse2023/flowerPi/aug11backup/videos/001f543e44e2/230808/154438_503405_001f543e44e2.mp4,[]
2023-08-11,19:46:42.558987,/Users/anupreksha/Desktop/hoophouse2023/flowerPi/aug11backup/videos/001f543e44e2/230808/154523_506045_001f543e44e2.mp4,[]
2023-08-11,19:46:43.268016,/Users/anupreksha/Desktop/hoophouse2023/flowerPi/aug11backup/videos/001f543e44e2/230808/180253_150754_001f543e44e2.mp4,"[666, 432, 666]"
2023-08-11,19:46:43.534349,/Users/anupreksha/Desktop/hoophouse2023/flowerPi/aug11backup/videos/001f543e44e2/230808/180638_345961_001f543e44e2.mp4,"[987, 987, 987, 515, 987, 987, 987, 896, 896]"
2023-08-11,19:46:42.286635,/Users/anupreksha/Desktop/hoophouse2023/flowerPi/aug11backup/videos/001f543e44e2/230808/092651_404769_001f543e44e2.mp4,[]
2023-08-11,19:46:43.099258,/Users/anupreksha/Desktop/hoophouse2023/flowerPi/aug11backup/videos/001f543e44e2/230808/175850_544351_001f543e44e2.mp4,"[653, 653]"
2023-08-11,19:46:43.162596,/Users/anupreksha/Desktop/hoophouse2023/flowerPi/aug11backup/videos/001f543e44e2/230808/180032_746890_001f543e44e2.mp4,[997]
2023-08-11,19:46:43.406459,/Users/anupreksha/Desktop/hoophouse2023/flowerPi/aug11backup/videos/001f543e44e2/230808/180433_145445_001f543e44e2.mp4,"[448, 190, 190, 109, 17]"
2023-08-11,19:46:42.656556,/Users/anupreksha/Desktop/hoophouse2023/flowerPi/aug11backup/videos/001f543e44e2/230808/174037_936780_001f543e44e2.mp4,[]
2023-08-11,19:46:42.887499,/Users/anupreksha/Desktop/hoophouse2023/flowerPi/aug11backup/videos/001f543e44e2/230808/175219_141676_001f543e44e2.mp4,[683]
2023-08-11,19:46:42.463754,/Users/anupreksha/Desktop/hoophouse2023/flowerPi/aug11backup/videos/001f543e44e2/230808/124835_065449_001f543e44e2.mp4,[]
2023-08-11,19:46:42.766051,/Users/anupreksha/Desktop/hoophouse2023/flowerPi/aug11backup/videos/001f543e44e2/230808/175013_942202_001f543e44e2.mp4,[190]
2023-08-11,19:46:42.589344,/Users/anupreksha/Desktop/hoophouse2023/flowerPi/aug11backup/videos/001f543e44e2/230808/154824_508087_001f543e44e2.mp4,[]
2023-08-11,19:46:42.789197,/Users/anupreksha/Desktop/hoophouse2023/flowerPi/aug11backup/videos/001f543e44e2/230808/175034_943751_001f543e44e2.mp4,[]
2023-08-14,13:31:55.700156,/Users/anupreksha/Desktop/hoophouse2023/flowerPi/aug11backup/videos/001f543e44c0/230810/132847_790820_001f543e44c0.mp4,"[276, 276, 276, 276, 276, 276, 276, 276, 276]"
2023-08-14,13:24:57.332971,/Users/anupreksha/Desktop/hoophouse2023/flowerPi/aug11backup/videos/001f543e44c0/230810/105900_124435_001f543e44c0.mp4,"[296, 296, 296, 296, 296, 296, 296, 296, 296, 296, 296, 296, 296, 296, 296, 296, 296, 296, 296, 296, 296, 296, 296, 296, 296, 296, 296, 296, 296, 296, 296, 296, 296, 296]"
2023-08-11,19:46:39.847128,/Users/anupreksha/Desktop/hoophouse2023/flowerPi/aug11backup/videos/001f543e44c0/230807/164839_622735_001f543e44c0.mp4,[]
2023-08-11,19:46:40.013714,/Users/anupreksha/Desktop/hoophouse2023/flowerPi/aug11backup/videos/001f543e44c0/230807/170336_556390_001f543e44c0.mp4,[]
2023-08-11,19:46:39.891833,/Users/anupreksha/Desktop/hoophouse2023/flowerPi/aug11backup/videos/001f543e44c0/230807/165032_815447_001f543e44c0.mp4,[]
2023-08-14,13:25:24.809185,/Users/anupreksha/Desktop/hoophouse2023/flowerPi/aug11backup/videos/001f543e44c0/230807/164541_817078_001f543e44c0.mp4,[]
2023-08-14,13:25:12.861254,/Users/anupreksha/Desktop/hoophouse2023/flowerPi/aug11backup/videos/001f543e44c0/230807/172421_826574_001f543e44c0.mp4,[]
2023-08-14,13:24:46.989745,/Users/anupreksha/Desktop/hoophouse2023/flowerPi/aug11backup/videos/001f543e44c0/230807/165842_414390_001f543e44c0.mp4,[]
2023-08-11,19:46:40.043749,/Users/anupreksha/Desktop/hoophouse2023/flowerPi/aug11backup/videos/001f543e44c0/230807/170815_351348_001f543e44c0.mp4,[]
2023-08-11,19:46:40.028820,/Users/anupreksha/Desktop/hoophouse2023/flowerPi/aug11backup/videos/001f543e44c0/230807/170409_623093_001f543e44c0.mp4,[]
2023-08-11,19:46:39.753858,/Users/anupreksha/Desktop/hoophouse2023/flowerPi/aug11backup/videos/001f543e44c0/230807/164414_542777_001f543e44c0.mp4,[]
2023-08-11,19:46:39.922406,/Users/anupreksha/Desktop/hoophouse2023/flowerPi/aug11backup/videos/001f543e44c0/230807/165311_614854_001f543e44c0.mp4,[]
2023-08-11,19:46:40.053999,/Users/anupreksha/Desktop/hoophouse2023/flowerPi/aug11backup/videos/001f543e44c0/230807/170847_638745_001f543e44c0.mp4,[]
2023-08-11,19:46:39.982905,/Users/anupreksha/Desktop/hoophouse2023/flowerPi/aug11backup/videos/001f543e44c0/230807/170248_349628_001f543e44c0.mp4,[]
2023-08-11,19:46:39.939048,/Users/anupreksha/Desktop/hoophouse2023/flowerPi/aug11backup/videos/001f543e44c0/230807/165419_750820_001f543e44c0.mp4,[]
2023-08-11,19:46:39.997454,/Users/anupreksha/Desktop/hoophouse2023/flowerPi/aug11backup/videos/001f543e44c0/230807/170312_555832_001f543e44c0.mp4,[]
2023-08-11,19:46:39.800373,/Users/anupreksha/Desktop/hoophouse2023/flowerPi/aug11backup/videos/001f543e44c0/230807/164713_019522_001f543e44c0.mp4,[]
2023-08-11,19:46:39.817494,/Users/anupreksha/Desktop/hoophouse2023/flowerPi/aug11backup/videos/001f543e44c0/230807/164744_418160_001f543e44c0.mp4,[]
2023-08-11,19:46:39.953563,/Users/anupreksha/Desktop/hoophouse2023/flowerPi/aug11backup/videos/001f543e44c0/230807/165648_421881_001f543e44c0.mp4,[]
2023-08-11,19:46:39.876515,/Users/anupreksha/Desktop/hoophouse2023/flowerPi/aug11backup/videos/001f543e44c0/230807/164947_818644_001f543e44c0.mp4,[]
2023-08-11,19:46:39.833041,/Users/anupreksha/Desktop/hoophouse2023/flowerPi/aug11backup/videos/001f543e44c0/230807/164808_419048_001f543e44c0.mp4,[]
2023-08-11,19:46:39.784549,/Users/anupreksha/Desktop/hoophouse2023/flowerPi/aug11backup/videos/001f543e44c0/230807/164606_815196_001f543e44c0.mp4,[]
2023-08-11,19:46:39.907222,/Users/anupreksha/Desktop/hoophouse2023/flowerPi/aug11backup/videos/001f543e44c0/230807/165101_018796_001f543e44c0.mp4,[]
2023-08-11,19:46:39.862763,/Users/anupreksha/Desktop/hoophouse2023/flowerPi/aug11backup/videos/001f543e44c0/230807/164915_614401_001f543e44c0.mp4,[]
2023-08-14,13:24:39.681366,/Users/anupreksha/Desktop/hoophouse2023/flowerPi/aug11backup/videos/001f543e44c0/230808/132321_403591_001f543e44c0.mp4,[]
2023-08-11,19:46:31.285168,/Users/anupreksha/Desktop/hoophouse2023/flowerPi/aug11backup/videos/001f543e4335/230810/104431_066572_001f543e4335.mp4,[683]
2023-08-11,19:46:37.571513,/Users/anupreksha/Desktop/hoophouse2023/flowerPi/aug11backup/videos/001f543e4335/230810/133717_376995_001f543e4335.mp4,[]
2023-08-11,19:46:38.404815,/Users/anupreksha/Desktop/hoophouse2023/flowerPi/aug11backup/videos/001f543e4335/230810/135643_982809_001f543e4335.mp4,[]
2023-08-11,19:46:28.193666,/Users/anupreksha/Desktop/hoophouse2023/flowerPi/aug11backup/videos/001f543e4335/230810/100628_522554_001f543e4335.mp4,"[145, 158, 944, 74]"
2023-08-11,19:46:26.429499,/Users/anupreksha/Desktop/hoophouse2023/flowerPi/aug11backup/videos/001f543e4335/230810/063242_439289_001f543e4335.mp4,[]
2023-08-11,19:46:26.448299,/Users/anupreksha/Desktop/hoophouse2023/flowerPi/aug11backup/videos/001f543e4335/230810/063442_439281_001f543e4335.mp4,[]
2023-08-11,19:46:34.961925,/Users/anupreksha/Desktop/hoophouse2023/flowerPi/aug11backup/videos/001f543e4335/230810/124547_171458_001f543e4335.mp4,"[250, 250]"
2023-08-11,19:46:31.479876,/Users/anupreksha/Desktop/hoophouse2023/flowerPi/aug11backup/videos/001f543e4335/230810/105539_144109_001f543e4335.mp4,[422]
2023-08-11,19:46:38.503928,/Users/anupreksha/Desktop/hoophouse2023/flowerPi/aug11backup/videos/001f543e4335/230810/135802_782960_001f543e4335.mp4,"[17, 17, 396, 653]"
2023-08-11,19:46:34.480392,/Users/anupreksha/Desktop/hoophouse2023/flowerPi/aug11backup/videos/001f543e4335/230810/120443_355440_001f543e4335.mp4,"[250, 653]"
2023-08-11,19:46:38.522394,/Users/anupreksha/Desktop/hoophouse2023/flowerPi/aug11backup/videos/001f543e4335/230810/135844_983096_001f543e4335.mp4,"[17, 17, 17, 17]"
2023-08-11,19:46:29.393090,/Users/anupreksha/Desktop/hoophouse2023/flowerPi/aug11backup/videos/001f543e4335/230810/102756_533624_001f543e4335.mp4,[]
2023-08-11,19:46:38.297484,/Users/anupreksha/Desktop/hoophouse2023/flowerPi/aug11backup/videos/001f543e4335/230810/135500_782233_001f543e4335.mp4,[]
2023-08-11,19:46:31.559871,/Users/anupreksha/Desktop/hoophouse2023/flowerPi/aug11backup/videos/001f543e4335/230810/105643_141986_001f543e4335.mp4,[432]
2023-08-11,19:46:39.429768,/Users/anupreksha/Desktop/hoophouse2023/flowerPi/aug11backup/videos/001f543e4335/230810/141644_589255_001f543e4335.mp4,[]
2023-08-11,19:46:31.498146,/Users/anupreksha/Desktop/hoophouse2023/flowerPi/aug11backup/videos/001f543e4335/230810/105554_142246_001f543e4335.mp4,[]
2023-08-11,19:46:26.776539,/Users/anupreksha/Desktop/hoophouse2023/flowerPi/aug11backup/videos/001f543e4335/230810/091008_900221_001f543e4335.mp4,[190]
2023-08-11,19:46:37.712286,/Users/anupreksha/Desktop/hoophouse2023/flowerPi/aug11backup/videos/001f543e4335/230810/134458_985440_001f543e4335.mp4,[]
2023-08-14,13:27:06.439066,/Users/anupreksha/Desktop/hoophouse2023/flowerPi/aug11backup/videos/001f543e4335/230810/141546_389590_001f543e4335.mp4,[]
2023-08-11,19:46:26.704045,/Users/anupreksha/Desktop/hoophouse2023/flowerPi/aug11backup/videos/001f543e4335/230810/085940_894856_001f543e4335.mp4,"[425, 987]"
2023-08-11,19:46:38.062242,/Users/anupreksha/Desktop/hoophouse2023/flowerPi/aug11backup/videos/001f543e4335/230810/135051_180230_001f543e4335.mp4,[]
2023-08-11,19:46:28.622193,/Users/anupreksha/Desktop/hoophouse2023/flowerPi/aug11backup/videos/001f543e4335/230810/101351_129108_001f543e4335.mp4,[412]
2023-08-11,19:46:34.660726,/Users/anupreksha/Desktop/hoophouse2023/flowerPi/aug11backup/videos/001f543e4335/230810/121820_967088_001f543e4335.mp4,[]
2023-08-11,19:46:35.985168,/Users/anupreksha/Desktop/hoophouse2023/flowerPi/aug11backup/videos/001f543e4335/230810/130917_317518_001f543e4335.mp4,[106]
2023-08-11,19:46:35.235632,/Users/anupreksha/Desktop/hoophouse2023/flowerPi/aug11backup/videos/001f543e4335/230810/125523_768016_001f543e4335.mp4,[114]
2023-08-11,19:46:26.606710,/Users/anupreksha/Desktop/hoophouse2023/flowerPi/aug11backup/videos/001f543e4335/230810/085552_893799_001f543e4335.mp4,"[683, 683, 683, 683, 683]"
2023-08-11,19:46:26.535415,/Users/anupreksha/Desktop/hoophouse2023/flowerPi/aug11backup/videos/001f543e4335/230810/084242_888930_001f543e4335.mp4,"[683, 821]"
2023-08-11,19:46:31.448220,/Users/anupreksha/Desktop/hoophouse2023/flowerPi/aug11backup/videos/001f543e4335/230810/105431_134123_001f543e4335.mp4,[]
2023-08-11,19:46:38.148865,/Users/anupreksha/Desktop/hoophouse2023/flowerPi/aug11backup/videos/001f543e4335/230810/135222_185815_001f543e4335.mp4,[]
2023-08-11,19:46:26.643523,/Users/anupreksha/Desktop/hoophouse2023/flowerPi/aug11backup/videos/001f543e4335/230810/085630_892865_001f543e4335.mp4,"[987, 987, 987, 987, 665]"
2023-08-11,19:46:28.908784,/Users/anupreksha/Desktop/hoophouse2023/flowerPi/aug11backup/videos/001f543e4335/230810/102001_130476_001f543e4335.mp4,[]
2023-08-11,19:46:29.218559,/Users/anupreksha/Desktop/hoophouse2023/flowerPi/aug11backup/videos/001f543e4335/230810/102436_529074_001f543e4335.mp4,"[17, 17, 17, 17, 17]"
2023-08-11,19:46:26.800772,/Users/anupreksha/Desktop/hoophouse2023/flowerPi/aug11backup/videos/001f543e4335/230810/091150_898811_001f543e4335.mp4,"[987, 987]"
2023-08-11,19:46:29.363735,/Users/anupreksha/Desktop/hoophouse2023/flowerPi/aug11backup/videos/001f543e4335/230810/102658_530462_001f543e4335.mp4,[]
2023-08-11,19:46:32.555779,/Users/anupreksha/Desktop/hoophouse2023/flowerPi/aug11backup/videos/001f543e4335/230810/115028_549647_001f543e4335.mp4,"[973, 683]"
2023-08-11,19:46:27.902389,/Users/anupreksha/Desktop/hoophouse2023/flowerPi/aug11backup/videos/001f543e4335/230810/095621_317394_001f543e4335.mp4,[]
2023-08-11,19:46:31.121264,/Users/anupreksha/Desktop/hoophouse2023/flowerPi/aug11backup/videos/001f543e4335/230810/104004_932580_001f543e4335.mp4,[]
2023-08-11,19:46:32.824936,/Users/anupreksha/Desktop/hoophouse2023/flowerPi/aug11backup/videos/001f543e4335/230810/115554_353167_001f543e4335.mp4,"[226, 17, 17, 17, 17, 17]"
2023-08-11,19:46:35.881300,/Users/anupreksha/Desktop/hoophouse2023/flowerPi/aug11backup/videos/001f543e4335/230810/130747_968451_001f543e4335.mp4,[]
2023-08-11,19:46:26.546621,/Users/anupreksha/Desktop/hoophouse2023/flowerPi/aug11backup/videos/001f543e4335/230810/084942_890086_001f543e4335.mp4,[]
2023-08-11,19:46:38.799505,/Users/anupreksha/Desktop/hoophouse2023/flowerPi/aug11backup/videos/001f543e4335/230810/140329_582563_001f543e4335.mp4,[]
2023-08-11,19:46:37.610026,/Users/anupreksha/Desktop/hoophouse2023/flowerPi/aug11backup/videos/001f543e4335/230810/133809_377546_001f543e4335.mp4,"[145, 145]"
2023-08-11,19:46:38.225804,/Users/anupreksha/Desktop/hoophouse2023/flowerPi/aug11backup/videos/001f543e4335/230810/135341_719124_001f543e4335.mp4,[236]
2023-08-11,19:46:27.963954,/Users/anupreksha/Desktop/hoophouse2023/flowerPi/aug11backup/videos/001f543e4335/230810/095717_322848_001f543e4335.mp4,"[944, 167]"
2023-08-11,19:46:28.085893,/Users/anupreksha/Desktop/hoophouse2023/flowerPi/aug11backup/videos/001f543e4335/230810/095945_319055_001f543e4335.mp4,[]
2023-08-11,19:46:38.084490,/Users/anupreksha/Desktop/hoophouse2023/flowerPi/aug11backup/videos/001f543e4335/230810/135136_787997_001f543e4335.mp4,"[404, 404]"
2023-08-11,19:46:30.913580,/Users/anupreksha/Desktop/hoophouse2023/flowerPi/aug11backup/videos/001f543e4335/230810/103624_944217_001f543e4335.mp4,"[17, 17]"
2023-08-11,19:46:34.674711,/Users/anupreksha/Desktop/hoophouse2023/flowerPi/aug11backup/videos/001f543e4335/230810/121843_158767_001f543e4335.mp4,"[987, 853, 896]"
2023-08-11,19:46:31.177646,/Users/anupreksha/Desktop/hoophouse2023/flowerPi/aug11backup/videos/001f543e4335/230810/104128_935911_001f543e4335.mp4,[]
2023-08-11,19:46:38.617558,/Users/anupreksha/Desktop/hoophouse2023/flowerPi/aug11backup/videos/001f543e4335/230810/140028_982879_001f543e4335.mp4,[]
2023-08-11,19:46:35.656974,/Users/anupreksha/Desktop/hoophouse2023/flowerPi/aug11backup/videos/001f543e4335/230810/130240_565701_001f543e4335.mp4,"[250, 250]"
2023-08-11,19:46:29.562538,/Users/anupreksha/Desktop/hoophouse2023/flowerPi/aug11backup/videos/001f543e4335/230810/103433_532848_001f543e4335.mp4,"[109, 109]"
2023-08-11,19:46:26.439033,/Users/anupreksha/Desktop/hoophouse2023/flowerPi/aug11backup/videos/001f543e4335/230810/063303_442723_001f543e4335.mp4,[]
2023-08-11,19:46:34.932811,/Users/anupreksha/Desktop/hoophouse2023/flowerPi/aug11backup/videos/001f543e4335/230810/124238_580925_001f543e4335.mp4,"[250, 250]"
2023-08-11,19:46:29.425947,/Users/anupreksha/Desktop/hoophouse2023/flowerPi/aug11backup/videos/001f543e4335/230810/102848_531200_001f543e4335.mp4,[37]
2023-08-11,19:46:31.416613,/Users/anupreksha/Desktop/hoophouse2023/flowerPi/aug11backup/videos/001f543e4335/230810/104958_143652_001f543e4335.mp4,[]
2023-08-11,19:46:37.913020,/Users/anupreksha/Desktop/hoophouse2023/flowerPi/aug11backup/videos/001f543e4335/230810/134908_779164_001f543e4335.mp4,"[653, 109, 17]"
2023-08-11,19:46:38.784848,/Users/anupreksha/Desktop/hoophouse2023/flowerPi/aug11backup/videos/001f543e4335/230810/140259_583078_001f543e4335.mp4,[987]
2023-08-11,19:46:32.786341,/Users/anupreksha/Desktop/hoophouse2023/flowerPi/aug11backup/videos/001f543e4335/230810/115347_352023_001f543e4335.mp4,[106]
2023-08-11,19:46:28.421525,/Users/anupreksha/Desktop/hoophouse2023/flowerPi/aug11backup/videos/001f543e4335/230810/101045_923569_001f543e4335.mp4,[37]
2023-08-11,19:46:35.731207,/Users/anupreksha/Desktop/hoophouse2023/flowerPi/aug11backup/videos/001f543e4335/230810/130355_567552_001f543e4335.mp4,[392]
2023-08-11,19:46:31.235113,/Users/anupreksha/Desktop/hoophouse2023/flowerPi/aug11backup/videos/001f543e4335/230810/104330_933493_001f543e4335.mp4,[]
2023-08-11,19:46:38.957157,/Users/anupreksha/Desktop/hoophouse2023/flowerPi/aug11backup/videos/001f543e4335/230810/140623_586132_001f543e4335.mp4,"[17, 17, 17, 17, 17, 17]"
2023-08-11,19:46:27.857191,/Users/anupreksha/Desktop/hoophouse2023/flowerPi/aug11backup/videos/001f543e4335/230810/095259_319297_001f543e4335.mp4,[]
2023-08-11,19:46:28.564908,/Users/anupreksha/Desktop/hoophouse2023/flowerPi/aug11backup/videos/001f543e4335/230810/101253_054893_001f543e4335.mp4,[]
2023-08-11,19:46:31.527525,/Users/anupreksha/Desktop/hoophouse2023/flowerPi/aug11backup/videos/001f543e4335/230810/105627_138347_001f543e4335.mp4,[]
2023-08-11,19:46:34.308571,/Users/anupreksha/Desktop/hoophouse2023/flowerPi/aug11backup/videos/001f543e4335/230810/115718_366857_001f543e4335.mp4,[17]
2023-08-11,19:46:28.485520,/Users/anupreksha/Desktop/hoophouse2023/flowerPi/aug11backup/videos/001f543e4335/230810/101143_927461_001f543e4335.mp4,[17]
2023-08-11,19:46:31.511319,/Users/anupreksha/Desktop/hoophouse2023/flowerPi/aug11backup/videos/001f543e4335/230810/105610_145606_001f543e4335.mp4,[]
2023-08-11,19:46:28.653961,/Users/anupreksha/Desktop/hoophouse2023/flowerPi/aug11backup/videos/001f543e4335/230810/101505_122751_001f543e4335.mp4,[425]
2023-08-11,19:46:39.254653,/Users/anupreksha/Desktop/hoophouse2023/flowerPi/aug11backup/videos/001f543e4335/230810/141256_986676_001f543e4335.mp4,"[470, 250, 653, 653, 653, 653, 653, 683]"
2023-08-11,19:46:32.418046,/Users/anupreksha/Desktop/hoophouse2023/flowerPi/aug11backup/videos/001f543e4335/230810/114815_557323_001f543e4335.mp4,[107]
2023-08-11,19:46:31.914420,/Users/anupreksha/Desktop/hoophouse2023/flowerPi/aug11backup/videos/001f543e4335/230810/110246_936941_001f543e4335.mp4,[]
2023-08-11,19:46:38.855260,/Users/anupreksha/Desktop/hoophouse2023/flowerPi/aug11backup/videos/001f543e4335/230810/140411_588374_001f543e4335.mp4,[]
2023-08-11,19:46:39.523456,/Users/anupreksha/Desktop/hoophouse2023/flowerPi/aug11backup/videos/001f543e4335/230810/141806_591037_001f543e4335.mp4,[683]
2023-08-11,19:46:38.390954,/Users/anupreksha/Desktop/hoophouse2023/flowerPi/aug11backup/videos/001f543e4335/230810/135624_986295_001f543e4335.mp4,[]
2023-08-11,19:46:38.932522,/Users/anupreksha/Desktop/hoophouse2023/flowerPi/aug11backup/videos/001f543e4335/230810/140600_586465_001f543e4335.mp4,"[17, 17, 17]"
2023-08-11,19:46:31.310467,/Users/anupreksha/Desktop/hoophouse2023/flowerPi/aug11backup/videos/001f543e4335/230810/104457_069183_001f543e4335.mp4,[]
2023-08-11,19:46:32.097288,/Users/anupreksha/Desktop/hoophouse2023/flowerPi/aug11backup/videos/001f543e4335/230810/110631_141981_001f543e4335.mp4,"[110, 17, 17, 17, 17, 17, 17, 17]"
2023-08-11,19:46:32.179085,/Users/anupreksha/Desktop/hoophouse2023/flowerPi/aug11backup/videos/001f543e4335/230810/110757_140833_001f543e4335.mp4,"[913, 913, 913, 913]"
2023-08-11,19:46:29.489192,/Users/anupreksha/Desktop/hoophouse2023/flowerPi/aug11backup/videos/001f543e4335/230810/103046_529071_001f543e4335.mp4,[]
2023-08-11,19:46:37.799328,/Users/anupreksha/Desktop/hoophouse2023/flowerPi/aug11backup/videos/001f543e4335/230810/134723_579120_001f543e4335.mp4,[]
2023-08-11,19:46:29.159192,/Users/anupreksha/Desktop/hoophouse2023/flowerPi/aug11backup/videos/001f543e4335/230810/102326_526458_001f543e4335.mp4,"[17, 17, 683]"
2023-08-11,19:46:38.986256,/Users/anupreksha/Desktop/hoophouse2023/flowerPi/aug11backup/videos/001f543e4335/230810/140646_583854_001f543e4335.mp4,"[987, 987, 17, 17, 17, 17, 17, 17, 17, 17]"
2023-08-11,19:46:34.399864,/Users/anupreksha/Desktop/hoophouse2023/flowerPi/aug11backup/videos/001f543e4335/230810/120126_366345_001f543e4335.mp4,[]
2023-08-11,19:46:35.033257,/Users/anupreksha/Desktop/hoophouse2023/flowerPi/aug11backup/videos/001f543e4335/230810/124954_965230_001f543e4335.mp4,"[250, 250, 250, 653]"
2023-08-11,19:46:35.810042,/Users/anupreksha/Desktop/hoophouse2023/flowerPi/aug11backup/videos/001f543e4335/230810/130625_968061_001f543e4335.mp4,"[434, 17]"
2023-08-11,19:46:39.355976,/Users/anupreksha/Desktop/hoophouse2023/flowerPi/aug11backup/videos/001f543e4335/230810/141447_184081_001f543e4335.mp4,[]
2023-08-11,19:46:29.348669,/Users/anupreksha/Desktop/hoophouse2023/flowerPi/aug11backup/videos/001f543e4335/230810/102630_527333_001f543e4335.mp4,"[17, 17]"
2023-08-11,19:46:37.354816,/Users/anupreksha/Desktop/hoophouse2023/flowerPi/aug11backup/videos/001f543e4335/230810/131008_369532_001f543e4335.mp4,"[145, 695]"
2023-08-11,19:46:39.573542,/Users/anupreksha/Desktop/hoophouse2023/flowerPi/aug11backup/videos/001f543e4335/230810/141851_722516_001f543e4335.mp4,[]
2023-08-11,19:46:38.574137,/Users/anupreksha/Desktop/hoophouse2023/flowerPi/aug11backup/videos/001f543e4335/230810/135950_983546_001f543e4335.mp4,[]
2023-08-11,19:46:29.075811,/Users/anupreksha/Desktop/hoophouse2023/flowerPi/aug11backup/videos/001f543e4335/230810/102211_330723_001f543e4335.mp4,[]
2023-08-11,19:46:26.468919,/Users/anupreksha/Desktop/hoophouse2023/flowerPi/aug11backup/videos/001f543e4335/230810/063540_442999_001f543e4335.mp4,[666]
2023-08-11,19:46:28.147748,/Users/anupreksha/Desktop/hoophouse2023/flowerPi/aug11backup/videos/001f543e4335/230810/100516_522783_001f543e4335.mp4,"[653, 660]"
2023-08-11,19:46:32.324556,/Users/anupreksha/Desktop/hoophouse2023/flowerPi/aug11backup/videos/001f543e4335/230810/111113_147239_001f543e4335.mp4,[]
2023-08-11,19:46:28.769458,/Users/anupreksha/Desktop/hoophouse2023/flowerPi/aug11backup/videos/001f543e4335/230810/101740_133824_001f543e4335.mp4,[17]
2023-08-11,19:46:30.971609,/Users/anupreksha/Desktop/hoophouse2023/flowerPi/aug11backup/videos/001f543e4335/230810/103739_943977_001f543e4335.mp4,"[17, 17, 17]"
2023-08-11,19:46:35.831464,/Users/anupreksha/Desktop/hoophouse2023/flowerPi/aug11backup/videos/001f543e4335/230810/130652_967029_001f543e4335.mp4,[]
2023-08-11,19:46:31.248869,/Users/anupreksha/Desktop/hoophouse2023/flowerPi/aug11backup/videos/001f543e4335/230810/104346_937858_001f543e4335.mp4,[]
2023-08-11,19:46:37.554808,/Users/anupreksha/Desktop/hoophouse2023/flowerPi/aug11backup/videos/001f543e4335/230810/133703_176723_001f543e4335.mp4,"[653, 17]"
2023-08-11,19:46:37.413038,/Users/anupreksha/Desktop/hoophouse2023/flowerPi/aug11backup/videos/001f543e4335/230810/131308_573468_001f543e4335.mp4,[396]
2023-08-11,19:46:31.789024,/Users/anupreksha/Desktop/hoophouse2023/flowerPi/aug11backup/videos/001f543e4335/230810/110032_544095_001f543e4335.mp4,[432]
2023-08-11,19:46:38.027316,/Users/anupreksha/Desktop/hoophouse2023/flowerPi/aug11backup/videos/001f543e4335/230810/135022_980727_001f543e4335.mp4,"[17, 404]"
2023-08-11,19:46:34.342892,/Users/anupreksha/Desktop/hoophouse2023/flowerPi/aug11backup/videos/001f543e4335/230810/120003_354392_001f543e4335.mp4,[]
2023-08-11,19:46:37.532889,/Users/anupreksha/Desktop/hoophouse2023/flowerPi/aug11backup/videos/001f543e4335/230810/133634_976083_001f543e4335.mp4,[]
2023-08-11,19:46:28.030584,/Users/anupreksha/Desktop/hoophouse2023/flowerPi/aug11backup/videos/001f543e4335/230810/095847_318899_001f543e4335.mp4,[]
2023-08-11,19:46:28.218096,/Users/anupreksha/Desktop/hoophouse2023/flowerPi/aug11backup/videos/001f543e4335/230810/100701_525701_001f543e4335.mp4,[]
2023-08-11,19:46:38.547895,/Users/anupreksha/Desktop/hoophouse2023/flowerPi/aug11backup/videos/001f543e4335/230810/135910_984023_001f543e4335.mp4,[216]
2023-08-11,19:46:28.349315,/Users/anupreksha/Desktop/hoophouse2023/flowerPi/aug11backup/videos/001f543e4335/230810/100915_729564_001f543e4335.mp4,[37]
2023-08-11,19:46:26.832935,/Users/anupreksha/Desktop/hoophouse2023/flowerPi/aug11backup/videos/001f543e4335/230810/091256_899586_001f543e4335.mp4,[]
2023-08-11,19:46:37.375466,/Users/anupreksha/Desktop/hoophouse2023/flowerPi/aug11backup/videos/001f543e4335/230810/131033_370001_001f543e4335.mp4,[]
2023-08-11,19:46:26.499740,/Users/anupreksha/Desktop/hoophouse2023/flowerPi/aug11backup/videos/001f543e4335/230810/071607_468535_001f543e4335.mp4,"[666, 666, 666, 666, 666]"
2023-08-11,19:46:34.612569,/Users/anupreksha/Desktop/hoophouse2023/flowerPi/aug11backup/videos/001f543e4335/230810/121753_967145_001f543e4335.mp4,[]
2023-08-11,19:46:32.307335,/Users/anupreksha/Desktop/hoophouse2023/flowerPi/aug11backup/videos/001f543e4335/230810/111042_145097_001f543e4335.mp4,[94]
2023-08-11,19:46:32.901916,/Users/anupreksha/Desktop/hoophouse2023/flowerPi/aug11backup/videos/001f543e4335/230810/115630_366704_001f543e4335.mp4,[821]
2023-08-11,19:46:39.093580,/Users/anupreksha/Desktop/hoophouse2023/flowerPi/aug11backup/videos/001f543e4335/230810/141033_785822_001f543e4335.mp4,[17]
2023-08-11,19:46:32.151539,/Users/anupreksha/Desktop/hoophouse2023/flowerPi/aug11backup/videos/001f543e4335/230810/110735_144241_001f543e4335.mp4,[412]
2023-08-11,19:46:29.521953,/Users/anupreksha/Desktop/hoophouse2023/flowerPi/aug11backup/videos/001f543e4335/230810/103134_529849_001f543e4335.mp4,[896]
2023-08-11,19:46:39.546142,/Users/anupreksha/Desktop/hoophouse2023/flowerPi/aug11backup/videos/001f543e4335/230810/141829_588166_001f543e4335.mp4,[]
2023-08-11,19:46:27.872458,/Users/anupreksha/Desktop/hoophouse2023/flowerPi/aug11backup/videos/001f543e4335/230810/095408_316357_001f543e4335.mp4,[470]
2023-08-11,19:46:29.411222,/Users/anupreksha/Desktop/hoophouse2023/flowerPi/aug11backup/videos/001f543e4335/230810/102825_527460_001f543e4335.mp4,[]
2023-08-11,19:46:35.064053,/Users/anupreksha/Desktop/hoophouse2023/flowerPi/aug11backup/videos/001f543e4335/230810/125244_965396_001f543e4335.mp4,[]
2023-08-11,19:46:37.646945,/Users/anupreksha/Desktop/hoophouse2023/flowerPi/aug11backup/videos/001f543e4335/230810/134343_383230_001f543e4335.mp4,[]
2023-08-11,19:46:32.256541,/Users/anupreksha/Desktop/hoophouse2023/flowerPi/aug11backup/videos/001f543e4335/230810/110945_145546_001f543e4335.mp4,[216]
2023-08-11,19:46:28.380934,/Users/anupreksha/Desktop/hoophouse2023/flowerPi/aug11backup/videos/001f543e4335/230810/101009_929451_001f543e4335.mp4,[]
2023-08-11,19:46:35.204899,/Users/anupreksha/Desktop/hoophouse2023/flowerPi/aug11backup/videos/001f543e4335/230810/125452_768122_001f543e4335.mp4,"[250, 892, 250]"
2023-08-11,19:46:35.109194,/Users/anupreksha/Desktop/hoophouse2023/flowerPi/aug11backup/videos/001f543e4335/230810/125330_964746_001f543e4335.mp4,[106]
2023-08-11,19:46:34.882434,/Users/anupreksha/Desktop/hoophouse2023/flowerPi/aug11backup/videos/001f543e4335/230810/123130_976597_001f543e4335.mp4,"[250, 250]"
2023-08-11,19:46:34.419167,/Users/anupreksha/Desktop/hoophouse2023/flowerPi/aug11backup/videos/001f543e4335/230810/120157_368598_001f543e4335.mp4,[250]
2023-08-11,19:46:26.419224,/Users/anupreksha/Desktop/hoophouse2023/flowerPi/aug11backup/videos/001f543e4335/230810/063222_440275_001f543e4335.mp4,[]
2023-08-11,19:46:31.326413,/Users/anupreksha/Desktop/hoophouse2023/flowerPi/aug11backup/videos/001f543e4335/230810/104515_065474_001f543e4335.mp4,[109]
2023-08-11,19:46:31.995795,/Users/anupreksha/Desktop/hoophouse2023/flowerPi/aug11backup/videos/001f543e4335/230810/110342_139977_001f543e4335.mp4,[145]
2023-08-11,19:46:29.298340,/Users/anupreksha/Desktop/hoophouse2023/flowerPi/aug11backup/videos/001f543e4335/230810/102534_528169_001f543e4335.mp4,[683]
2023-08-11,19:46:34.599252,/Users/anupreksha/Desktop/hoophouse2023/flowerPi/aug11backup/videos/001f543e4335/230810/121716_967087_001f543e4335.mp4,[]
2023-08-11,19:46:29.458503,/Users/anupreksha/Desktop/hoophouse2023/flowerPi/aug11backup/videos/001f543e4335/230810/103010_530512_001f543e4335.mp4,"[682, 17, 17, 660]"
2023-08-11,19:46:29.377755,/Users/anupreksha/Desktop/hoophouse2023/flowerPi/aug11backup/videos/001f543e4335/230810/102732_526559_001f543e4335.mp4,[]
2023-08-11,19:46:35.589272,/Users/anupreksha/Desktop/hoophouse2023/flowerPi/aug11backup/videos/001f543e4335/230810/130121_770937_001f543e4335.mp4,"[250, 544]"
2023-08-11,19:46:37.787823,/Users/anupreksha/Desktop/hoophouse2023/flowerPi/aug11backup/videos/001f543e4335/230810/134642_378752_001f543e4335.mp4,"[172, 404, 404, 404, 404, 404, 17]"
2023-08-11,19:46:39.151363,/Users/anupreksha/Desktop/hoophouse2023/flowerPi/aug11backup/videos/001f543e4335/230810/141116_923149_001f543e4335.mp4,[]
2023-08-11,19:46:28.941451,/Users/anupreksha/Desktop/hoophouse2023/flowerPi/aug11backup/videos/001f543e4335/230810/102023_330253_001f543e4335.mp4,"[683, 106]"
2023-08-11,19:46:28.680765,/Users/anupreksha/Desktop/hoophouse2023/flowerPi/aug11backup/videos/001f543e4335/230810/101604_129859_001f543e4335.mp4,"[17, 17]"
2023-08-11,19:46:35.316756,/Users/anupreksha/Desktop/hoophouse2023/flowerPi/aug11backup/videos/001f543e4335/230810/125642_965923_001f543e4335.mp4,"[250, 250, 250, 216]"
2023-08-11,19:46:38.629286,/Users/anupreksha/Desktop/hoophouse2023/flowerPi/aug11backup/videos/001f543e4335/230810/140056_983764_001f543e4335.mp4,"[250, 17]"
2023-08-11,19:46:28.069760,/Users/anupreksha/Desktop/hoophouse2023/flowerPi/aug11backup/videos/001f543e4335/230810/095931_319988_001f543e4335.mp4,[696]
2023-08-11,19:46:38.561797,/Users/anupreksha/Desktop/hoophouse2023/flowerPi/aug11backup/videos/001f543e4335/230810/135936_984475_001f543e4335.mp4,"[250, 250]"
2023-08-11,19:46:29.126987,/Users/anupreksha/Desktop/hoophouse2023/flowerPi/aug11backup/videos/001f543e4335/230810/102300_324206_001f543e4335.mp4,"[434, 653]"
2023-08-11,19:46:37.500187,/Users/anupreksha/Desktop/hoophouse2023/flowerPi/aug11backup/videos/001f543e4335/230810/131404_174477_001f543e4335.mp4,"[250, 250]"
2023-08-11,19:46:35.894388,/Users/anupreksha/Desktop/hoophouse2023/flowerPi/aug11backup/videos/001f543e4335/230810/130811_113271_001f543e4335.mp4,[]
2023-08-11,19:46:35.266238,/Users/anupreksha/Desktop/hoophouse2023/flowerPi/aug11backup/videos/001f543e4335/230810/125605_570089_001f543e4335.mp4,[]
2023-08-11,19:46:35.972925,/Users/anupreksha/Desktop/hoophouse2023/flowerPi/aug11backup/videos/001f543e4335/230810/130906_174369_001f543e4335.mp4,[106]
2023-08-11,19:46:29.205188,/Users/anupreksha/Desktop/hoophouse2023/flowerPi/aug11backup/videos/001f543e4335/230810/102353_525589_001f543e4335.mp4,"[17, 17, 17, 17, 17, 422, 944]"
2023-08-11,19:46:26.749508,/Users/anupreksha/Desktop/hoophouse2023/flowerPi/aug11backup/videos/001f543e4335/230810/090143_895392_001f543e4335.mp4,"[37, 121, 987, 987]"
2023-08-11,19:46:35.014831,/Users/anupreksha/Desktop/hoophouse2023/flowerPi/aug11backup/videos/001f543e4335/230810/124841_964667_001f543e4335.mp4,[250]
2023-08-11,19:46:26.714786,/Users/anupreksha/Desktop/hoophouse2023/flowerPi/aug11backup/videos/001f543e4335/230810/085952_894194_001f543e4335.mp4,[]
2023-08-11,19:46:31.818681,/Users/anupreksha/Desktop/hoophouse2023/flowerPi/aug11backup/videos/001f543e4335/230810/110104_540473_001f543e4335.mp4,[]
2023-08-11,19:46:38.438768,/Users/anupreksha/Desktop/hoophouse2023/flowerPi/aug11backup/videos/001f543e4335/230810/135724_583124_001f543e4335.mp4,[892]
2023-08-11,19:46:26.692776,/Users/anupreksha/Desktop/hoophouse2023/flowerPi/aug11backup/videos/001f543e4335/230810/085912_894937_001f543e4335.mp4,[]
2023-08-11,19:46:31.650854,/Users/anupreksha/Desktop/hoophouse2023/flowerPi/aug11backup/videos/001f543e4335/230810/105815_277215_001f543e4335.mp4,[]
2023-08-11,19:46:32.475731,/Users/anupreksha/Desktop/hoophouse2023/flowerPi/aug11backup/videos/001f543e4335/230810/114920_563121_001f543e4335.mp4,"[683, 683, 683, 683]"
2023-08-11,19:46:31.884508,/Users/anupreksha/Desktop/hoophouse2023/flowerPi/aug11backup/videos/001f543e4335/230810/110219_737319_001f543e4335.mp4,"[683, 17]"
2023-08-11,19:46:35.383436,/Users/anupreksha/Desktop/hoophouse2023/flowerPi/aug11backup/videos/001f543e4335/230810/125750_971906_001f543e4335.mp4,"[250, 250, 250, 250, 250, 250, 250]"
2023-08-11,19:46:27.928874,/Users/anupreksha/Desktop/hoophouse2023/flowerPi/aug11backup/videos/001f543e4335/230810/095633_319209_001f543e4335.mp4,"[379, 700]"
2023-08-11,19:46:32.124999,/Users/anupreksha/Desktop/hoophouse2023/flowerPi/aug11backup/videos/001f543e4335/230810/110656_148101_001f543e4335.mp4,"[17, 379]"
2023-08-11,19:46:38.719532,/Users/anupreksha/Desktop/hoophouse2023/flowerPi/aug11backup/videos/001f543e4335/230810/140203_116518_001f543e4335.mp4,"[987, 987, 598, 425, 425]"
2023-08-11,19:46:32.057660,/Users/anupreksha/Desktop/hoophouse2023/flowerPi/aug11backup/videos/001f543e4335/230810/110615_138146_001f543e4335.mp4,[]
2023-08-11,19:46:35.999292,/Users/anupreksha/Desktop/hoophouse2023/flowerPi/aug11backup/videos/001f543e4335/230810/130932_370426_001f543e4335.mp4,[]
2023-08-11,19:46:35.639830,/Users/anupreksha/Desktop/hoophouse2023/flowerPi/aug11backup/videos/001f543e4335/230810/130215_367176_001f543e4335.mp4,"[127, 110, 392]"
2023-08-11,19:46:34.829881,/Users/anupreksha/Desktop/hoophouse2023/flowerPi/aug11backup/videos/001f543e4335/230810/122941_370949_001f543e4335.mp4,[250]
2023-08-11,19:46:28.731079,/Users/anupreksha/Desktop/hoophouse2023/flowerPi/aug11backup/videos/001f543e4335/230810/101650_130296_001f543e4335.mp4,[]
2023-08-11,19:46:38.916260,/Users/anupreksha/Desktop/hoophouse2023/flowerPi/aug11backup/videos/001f543e4335/230810/140529_584903_001f543e4335.mp4,"[515, 515, 515, 515, 653, 127]"
2023-08-11,19:46:26.627858,/Users/anupreksha/Desktop/hoophouse2023/flowerPi/aug11backup/videos/001f543e4335/230810/085604_892914_001f543e4335.mp4,"[653, 653, 653, 653, 653, 998, 998]"
2023-08-11,19:46:29.648639,/Users/anupreksha/Desktop/hoophouse2023/flowerPi/aug11backup/videos/001f543e4335/230810/103601_939058_001f543e4335.mp4,[]
2023-08-11,19:46:31.706690,/Users/anupreksha/Desktop/hoophouse2023/flowerPi/aug11backup/videos/001f543e4335/230810/105945_335638_001f543e4335.mp4,[]
2023-08-11,19:46:34.912131,/Users/anupreksha/Desktop/hoophouse2023/flowerPi/aug11backup/videos/001f543e4335/230810/123804_364757_001f543e4335.mp4,[]
2023-08-11,19:46:35.252021,/Users/anupreksha/Desktop/hoophouse2023/flowerPi/aug11backup/videos/001f543e4335/230810/125543_566005_001f543e4335.mp4,[250]
2023-08-11,19:46:35.529308,/Users/anupreksha/Desktop/hoophouse2023/flowerPi/aug11backup/videos/001f543e4335/230810/130032_379667_001f543e4335.mp4,"[987, 250, 17]"
2023-08-11,19:46:37.669734,/Users/anupreksha/Desktop/hoophouse2023/flowerPi/aug11backup/videos/001f543e4335/230810/134422_579806_001f543e4335.mp4,[]
2023-08-11,19:46:34.993295,/Users/anupreksha/Desktop/hoophouse2023/flowerPi/aug11backup/videos/001f543e4335/230810/124806_994832_001f543e4335.mp4,"[250, 250]"
2023-08-11,19:46:29.474567,/Users/anupreksha/Desktop/hoophouse2023/flowerPi/aug11backup/videos/001f543e4335/230810/103024_528045_001f543e4335.mp4,"[17, 17, 17, 17]"
2023-08-11,19:46:38.369461,/Users/anupreksha/Desktop/hoophouse2023/flowerPi/aug11backup/videos/001f543e4335/230810/135552_780526_001f543e4335.mp4,"[683, 560]"
2023-08-11,19:46:28.293850,/Users/anupreksha/Desktop/hoophouse2023/flowerPi/aug11backup/videos/001f543e4335/230810/100808_525459_001f543e4335.mp4,"[447, 821, 396]"
2023-08-11,19:46:31.432834,/Users/anupreksha/Desktop/hoophouse2023/flowerPi/aug11backup/videos/001f543e4335/230810/105202_136637_001f543e4335.mp4,[38]
2023-08-11,19:46:29.606974,/Users/anupreksha/Desktop/hoophouse2023/flowerPi/aug11backup/videos/001f543e4335/230810/103508_864904_001f543e4335.mp4,"[378, 683]"
2023-08-11,19:46:34.808048,/Users/anupreksha/Desktop/hoophouse2023/flowerPi/aug11backup/videos/001f543e4335/230810/122830_168981_001f543e4335.mp4,[]
2023-08-11,19:46:29.586256,/Users/anupreksha/Desktop/hoophouse2023/flowerPi/aug11backup/videos/001f543e4335/230810/103450_667397_001f543e4335.mp4,"[106, 106]"
2023-08-11,19:46:26.511274,/Users/anupreksha/Desktop/hoophouse2023/flowerPi/aug11backup/videos/001f543e4335/230810/071723_458898_001f543e4335.mp4,"[392, 37]"
2023-08-11,19:46:28.851828,/Users/anupreksha/Desktop/hoophouse2023/flowerPi/aug11backup/videos/001f543e4335/230810/101853_128017_001f543e4335.mp4,[37]
2023-08-11,19:46:31.201472,/Users/anupreksha/Desktop/hoophouse2023/flowerPi/aug11backup/videos/001f543e4335/230810/104143_933539_001f543e4335.mp4,"[145, 145, 145]"
2023-08-11,19:46:38.661153,/Users/anupreksha/Desktop/hoophouse2023/flowerPi/aug11backup/videos/001f543e4335/230810/140108_983692_001f543e4335.mp4,"[17, 17, 17]"
2023-08-11,19:46:34.947461,/Users/anupreksha/Desktop/hoophouse2023/flowerPi/aug11backup/videos/001f543e4335/230810/124533_168389_001f543e4335.mp4,"[250, 250]"
2023-08-11,19:46:35.130277,/Users/anupreksha/Desktop/hoophouse2023/flowerPi/aug11backup/videos/001f543e4335/230810/125356_569318_001f543e4335.mp4,[441]
2023-08-11,19:46:38.330404,/Users/anupreksha/Desktop/hoophouse2023/flowerPi/aug11backup/videos/001f543e4335/230810/135526_782066_001f543e4335.mp4,[]
2023-08-11,19:46:31.362275,/Users/anupreksha/Desktop/hoophouse2023/flowerPi/aug11backup/videos/001f543e4335/230810/104547_065629_001f543e4335.mp4,[]
2023-08-11,19:46:31.950369,/Users/anupreksha/Desktop/hoophouse2023/flowerPi/aug11backup/videos/001f543e4335/230810/110313_075965_001f543e4335.mp4,[37]
2023-08-11,19:46:28.592833,/Users/anupreksha/Desktop/hoophouse2023/flowerPi/aug11backup/videos/001f543e4335/230810/101327_127016_001f543e4335.mp4,[34]
2023-08-11,19:46:38.755483,/Users/anupreksha/Desktop/hoophouse2023/flowerPi/aug11backup/videos/001f543e4335/230810/140228_583300_001f543e4335.mp4,"[17, 944]"
2023-08-11,19:46:35.764638,/Users/anupreksha/Desktop/hoophouse2023/flowerPi/aug11backup/videos/001f543e4335/230810/130417_578260_001f543e4335.mp4,"[495, 216]"
2023-08-11,19:46:32.751569,/Users/anupreksha/Desktop/hoophouse2023/flowerPi/aug11backup/videos/001f543e4335/230810/115326_160385_001f543e4335.mp4,"[62, 653]"
2023-08-11,19:46:39.195823,/Users/anupreksha/Desktop/hoophouse2023/flowerPi/aug11backup/videos/001f543e4335/230810/141200_987230_001f543e4335.mp4,"[109, 109, 669]"
2023-08-11,19:46:31.672383,/Users/anupreksha/Desktop/hoophouse2023/flowerPi/aug11backup/videos/001f543e4335/230810/105909_343029_001f543e4335.mp4,[]
2023-08-11,19:46:34.533935,/Users/anupreksha/Desktop/hoophouse2023/flowerPi/aug11backup/videos/001f543e4335/230810/121640_965910_001f543e4335.mp4,"[683, 392]"
2023-08-11,19:46:38.247760,/Users/anupreksha/Desktop/hoophouse2023/flowerPi/aug11backup/videos/001f543e4335/230810/135402_782460_001f543e4335.mp4,[]
2023-08-11,19:46:29.270362,/Users/anupreksha/Desktop/hoophouse2023/flowerPi/aug11backup/videos/001f543e4335/230810/102518_526963_001f543e4335.mp4,[653]
2023-08-11,19:46:31.070981,/Users/anupreksha/Desktop/hoophouse2023/flowerPi/aug11backup/videos/001f543e4335/230810/103908_944428_001f543e4335.mp4,[896]
2023-08-11,19:46:38.597548,/Users/anupreksha/Desktop/hoophouse2023/flowerPi/aug11backup/videos/001f543e4335/230810/140004_982067_001f543e4335.mp4,"[250, 17]"
2023-08-11,19:46:29.628221,/Users/anupreksha/Desktop/hoophouse2023/flowerPi/aug11backup/videos/001f543e4335/230810/103525_932269_001f543e4335.mp4,"[17, 109, 109]"
2023-08-11,19:46:34.745456,/Users/anupreksha/Desktop/hoophouse2023/flowerPi/aug11backup/videos/001f543e4335/230810/122403_693214_001f543e4335.mp4,"[17, 250, 853]"
2023-08-11,19:46:26.666920,/Users/anupreksha/Desktop/hoophouse2023/flowerPi/aug11backup/videos/001f543e4335/230810/085731_892940_001f543e4335.mp4,[145]
2023-08-11,19:46:29.235100,/Users/anupreksha/Desktop/hoophouse2023/flowerPi/aug11backup/videos/001f543e4335/230810/102453_530971_001f543e4335.mp4,[]
2023-08-11,19:46:37.743061,/Users/anupreksha/Desktop/hoophouse2023/flowerPi/aug11backup/videos/001f543e4335/230810/134511_180061_001f543e4335.mp4,"[105, 128, 896]"
2023-08-11,19:46:37.760187,/Users/anupreksha/Desktop/hoophouse2023/flowerPi/aug11backup/videos/001f543e4335/230810/134620_379366_001f543e4335.mp4,[404]
2023-08-11,19:46:34.631266,/Users/anupreksha/Desktop/hoophouse2023/flowerPi/aug11backup/videos/001f543e4335/230810/121808_988505_001f543e4335.mp4,[]
2023-08-11,19:46:28.246720,/Users/anupreksha/Desktop/hoophouse2023/flowerPi/aug11backup/videos/001f543e4335/230810/100722_523487_001f543e4335.mp4,[683]
2023-08-11,19:46:27.983593,/Users/anupreksha/Desktop/hoophouse2023/flowerPi/aug11backup/videos/001f543e4335/230810/095803_318376_001f543e4335.mp4,"[524, 17, 17, 17, 17, 17, 683]"
2023-08-11,19:46:34.786922,/Users/anupreksha/Desktop/hoophouse2023/flowerPi/aug11backup/videos/001f543e4335/230810/122747_168254_001f543e4335.mp4,[17]
2023-08-11,19:46:30.990025,/Users/anupreksha/Desktop/hoophouse2023/flowerPi/aug11backup/videos/001f543e4335/230810/103812_941589_001f543e4335.mp4,[]
2023-08-11,19:46:26.818803,/Users/anupreksha/Desktop/hoophouse2023/flowerPi/aug11backup/videos/001f543e4335/230810/091204_899216_001f543e4335.mp4,[425]
2023-08-11,19:46:26.489190,/Users/anupreksha/Desktop/hoophouse2023/flowerPi/aug11backup/videos/001f543e4335/230810/065121_445954_001f543e4335.mp4,[653]
2023-08-11,19:46:37.629715,/Users/anupreksha/Desktop/hoophouse2023/flowerPi/aug11backup/videos/001f543e4335/230810/133840_380081_001f543e4335.mp4,[]
2023-08-11,19:46:37.991624,/Users/anupreksha/Desktop/hoophouse2023/flowerPi/aug11backup/videos/001f543e4335/230810/134955_184038_001f543e4335.mp4,[127]
2023-08-11,19:46:26.682214,/Users/anupreksha/Desktop/hoophouse2023/flowerPi/aug11backup/videos/001f543e4335/230810/085844_893404_001f543e4335.mp4,"[37, 37, 37, 425]"
2023-08-11,19:46:26.725193,/Users/anupreksha/Desktop/hoophouse2023/flowerPi/aug11backup/videos/001f543e4335/230810/090030_894338_001f543e4335.mp4,[987]
2023-08-11,19:46:34.896846,/Users/anupreksha/Desktop/hoophouse2023/flowerPi/aug11backup/videos/001f543e4335/230810/123214_961196_001f543e4335.mp4,"[250, 250]"
2023-08-11,19:46:28.102465,/Users/anupreksha/Desktop/hoophouse2023/flowerPi/aug11backup/videos/001f543e4335/230810/100310_526001_001f543e4335.mp4,[]
2023-08-11,19:46:28.053385,/Users/anupreksha/Desktop/hoophouse2023/flowerPi/aug11backup/videos/001f543e4335/230810/095908_317364_001f543e4335.mp4,[145]
2023-08-11,19:46:32.678678,/Users/anupreksha/Desktop/hoophouse2023/flowerPi/aug11backup/videos/001f543e4335/230810/115227_953467_001f543e4335.mp4,[683]
2023-08-11,19:46:26.521931,/Users/anupreksha/Desktop/hoophouse2023/flowerPi/aug11backup/videos/001f543e4335/230810/082024_678589_001f543e4335.mp4,[]
2023-08-11,19:46:31.266003,/Users/anupreksha/Desktop/hoophouse2023/flowerPi/aug11backup/videos/001f543e4335/230810/104408_961496_001f543e4335.mp4,[]
2023-08-11,19:46:28.538625,/Users/anupreksha/Desktop/hoophouse2023/flowerPi/aug11backup/videos/001f543e4335/230810/101228_929071_001f543e4335.mp4,"[425, 425]"
2023-08-11,19:46:38.830367,/Users/anupreksha/Desktop/hoophouse2023/flowerPi/aug11backup/videos/001f543e4335/230810/140345_585076_001f543e4335.mp4,"[973, 37]"
2023-08-11,19:46:35.790488,/Users/anupreksha/Desktop/hoophouse2023/flowerPi/aug11backup/videos/001f543e4335/230810/130440_774486_001f543e4335.mp4,"[250, 250, 987]"
2023-08-11,19:46:35.330532,/Users/anupreksha/Desktop/hoophouse2023/flowerPi/aug11backup/videos/001f543e4335/230810/125704_967595_001f543e4335.mp4,[]
2023-08-11,19:46:27.886592,/Users/anupreksha/Desktop/hoophouse2023/flowerPi/aug11backup/videos/001f543e4335/230810/095441_318037_001f543e4335.mp4,[]
2023-08-11,19:46:29.251459,/Users/anupreksha/Desktop/hoophouse2023/flowerPi/aug11backup/videos/001f543e4335/230810/102504_525071_001f543e4335.mp4,[]
2023-08-11,19:46:38.880967,/Users/anupreksha/Desktop/hoophouse2023/flowerPi/aug11backup/videos/001f543e4335/230810/140440_588117_001f543e4335.mp4,[987]
2023-08-11,19:46:27.942140,/Users/anupreksha/Desktop/hoophouse2023/flowerPi/aug11backup/videos/001f543e4335/230810/095704_321882_001f543e4335.mp4,"[441, 700]"
2023-08-11,19:46:39.594137,/Users/anupreksha/Desktop/hoophouse2023/flowerPi/aug11backup/videos/001f543e4335/230810/141930_787774_001f543e4335.mp4,[]
2023-08-11,19:46:29.506477,/Users/anupreksha/Desktop/hoophouse2023/flowerPi/aug11backup/videos/001f543e4335/230810/103057_533324_001f543e4335.mp4,[896]
2023-08-11,19:46:34.720731,/Users/anupreksha/Desktop/hoophouse2023/flowerPi/aug11backup/videos/001f543e4335/230810/122307_524481_001f543e4335.mp4,"[250, 683, 250, 250]"
2023-08-11,19:46:39.281392,/Users/anupreksha/Desktop/hoophouse2023/flowerPi/aug11backup/videos/001f543e4335/230810/141323_986235_001f543e4335.mp4,[17]
2023-08-11,19:46:26.843538,/Users/anupreksha/Desktop/hoophouse2023/flowerPi/aug11backup/videos/001f543e4335/230810/091446_899453_001f543e4335.mp4,[]
2023-08-11,19:46:31.739025,/Users/anupreksha/Desktop/hoophouse2023/flowerPi/aug11backup/videos/001f543e4335/230810/110009_475338_001f543e4335.mp4,[404]
2023-08-11,19:46:34.455374,/Users/anupreksha/Desktop/hoophouse2023/flowerPi/aug11backup/videos/001f543e4335/230810/120414_356815_001f543e4335.mp4,[]
2023-08-11,19:46:35.502929,/Users/anupreksha/Desktop/hoophouse2023/flowerPi/aug11backup/videos/001f543e4335/230810/130006_175372_001f543e4335.mp4,[]
2023-08-11,19:46:35.421486,/Users/anupreksha/Desktop/hoophouse2023/flowerPi/aug11backup/videos/001f543e4335/230810/125902_966161_001f543e4335.mp4,[]
2023-08-11,19:46:28.975643,/Users/anupreksha/Desktop/hoophouse2023/flowerPi/aug11backup/videos/001f543e4335/230810/102048_323510_001f543e4335.mp4,[250]
2023-08-11,19:46:38.686570,/Users/anupreksha/Desktop/hoophouse2023/flowerPi/aug11backup/videos/001f543e4335/230810/140134_116555_001f543e4335.mp4,"[683, 683]"
2023-08-11,19:46:32.291249,/Users/anupreksha/Desktop/hoophouse2023/flowerPi/aug11backup/videos/001f543e4335/230810/111017_145534_001f543e4335.mp4,[]
2023-08-11,19:46:28.441079,/Users/anupreksha/Desktop/hoophouse2023/flowerPi/aug11backup/videos/001f543e4335/230810/101106_925431_001f543e4335.mp4,[]
2023-08-11,19:46:38.424653,/Users/anupreksha/Desktop/hoophouse2023/flowerPi/aug11backup/videos/001f543e4335/230810/135700_193101_001f543e4335.mp4,[]
2023-08-11,19:46:37.861041,/Users/anupreksha/Desktop/hoophouse2023/flowerPi/aug11backup/videos/001f543e4335/230810/134845_782780_001f543e4335.mp4,[]
2023-08-11,19:46:28.797405,/Users/anupreksha/Desktop/hoophouse2023/flowerPi/aug11backup/videos/001f543e4335/230810/101803_126741_001f543e4335.mp4,"[38, 38, 378, 109, 109, 109]"
2023-08-11,19:46:38.185434,/Users/anupreksha/Desktop/hoophouse2023/flowerPi/aug11backup/videos/001f543e4335/230810/135245_782953_001f543e4335.mp4,[]
2023-08-11,19:46:32.641521,/Users/anupreksha/Desktop/hoophouse2023/flowerPi/aug11backup/videos/001f543e4335/230810/115205_761067_001f543e4335.mp4,[]
2023-08-11,19:46:34.437141,/Users/anupreksha/Desktop/hoophouse2023/flowerPi/aug11backup/videos/001f543e4335/230810/120357_364170_001f543e4335.mp4,[]
2023-08-11,19:46:35.170691,/Users/anupreksha/Desktop/hoophouse2023/flowerPi/aug11backup/videos/001f543e4335/230810/125424_565029_001f543e4335.mp4,"[250, 657]"
2023-08-11,19:46:28.017717,/Users/anupreksha/Desktop/hoophouse2023/flowerPi/aug11backup/videos/001f543e4335/230810/095820_321996_001f543e4335.mp4,"[17, 524, 696, 683, 653]"
2023-08-11,19:46:32.362094,/Users/anupreksha/Desktop/hoophouse2023/flowerPi/aug11backup/videos/001f543e4335/230810/114731_289307_001f543e4335.mp4,"[683, 683, 683]"
2023-08-11,19:46:29.329697,/Users/anupreksha/Desktop/hoophouse2023/flowerPi/aug11backup/videos/001f543e4335/230810/102610_526638_001f543e4335.mp4,[]
2023-08-11,19:46:28.514639,/Users/anupreksha/Desktop/hoophouse2023/flowerPi/aug11backup/videos/001f543e4335/230810/101205_930689_001f543e4335.mp4,"[131, 432, 653]"
2023-08-11,19:46:34.287734,/Users/anupreksha/Desktop/hoophouse2023/flowerPi/aug11backup/videos/001f543e4335/230810/115659_350548_001f543e4335.mp4,[17]
2023-08-11,19:46:38.894646,/Users/anupreksha/Desktop/hoophouse2023/flowerPi/aug11backup/videos/001f543e4335/230810/140511_583593_001f543e4335.mp4,[17]
2023-08-11,19:46:39.224244,/Users/anupreksha/Desktop/hoophouse2023/flowerPi/aug11backup/videos/001f543e4335/230810/141232_986336_001f543e4335.mp4,[250]
2023-08-11,19:46:34.976412,/Users/anupreksha/Desktop/hoophouse2023/flowerPi/aug11backup/videos/001f543e4335/230810/124609_170492_001f543e4335.mp4,"[422, 250, 250, 930, 930, 930, 930, 930, 250]"
2023-08-11,19:46:38.464693,/Users/anupreksha/Desktop/hoophouse2023/flowerPi/aug11backup/videos/001f543e4335/230810/135737_581821_001f543e4335.mp4,"[524, 17, 524, 17, 17]"
2023-08-11,19:46:32.509597,/Users/anupreksha/Desktop/hoophouse2023/flowerPi/aug11backup/videos/001f543e4335/230810/115003_563611_001f543e4335.mp4,[987]
2023-08-11,19:46:30.931257,/Users/anupreksha/Desktop/hoophouse2023/flowerPi/aug11backup/videos/001f543e4335/230810/103707_935665_001f543e4335.mp4,[944]
2023-08-11,19:46:37.595308,/Users/anupreksha/Desktop/hoophouse2023/flowerPi/aug11backup/videos/001f543e4335/230810/133747_377032_001f543e4335.mp4,[]
2023-08-11,19:46:31.018779,/Users/anupreksha/Desktop/hoophouse2023/flowerPi/aug11backup/videos/001f543e4335/230810/103824_935506_001f543e4335.mp4,"[17, 17, 17, 17]"
2023-08-11,19:46:31.163722,/Users/anupreksha/Desktop/hoophouse2023/flowerPi/aug11backup/videos/001f543e4335/230810/104108_960518_001f543e4335.mp4,"[107, 107, 727]"
2023-08-11,19:46:35.612905,/Users/anupreksha/Desktop/hoophouse2023/flowerPi/aug11backup/videos/001f543e4335/230810/130145_370370_001f543e4335.mp4,"[845, 250, 250]"
2023-08-11,19:46:35.092606,/Users/anupreksha/Desktop/hoophouse2023/flowerPi/aug11backup/videos/001f543e4335/230810/125315_968546_001f543e4335.mp4,"[250, 250, 250, 250]"
2023-08-11,19:46:30.949775,/Users/anupreksha/Desktop/hoophouse2023/flowerPi/aug11backup/videos/001f543e4335/230810/103726_930727_001f543e4335.mp4,[683]
2023-08-11,19:46:35.143993,/Users/anupreksha/Desktop/hoophouse2023/flowerPi/aug11backup/videos/001f543e4335/230810/125412_564270_001f543e4335.mp4,"[441, 17]"
2023-08-11,19:46:31.219079,/Users/anupreksha/Desktop/hoophouse2023/flowerPi/aug11backup/videos/001f543e4335/230810/104210_940808_001f543e4335.mp4,[]
2023-08-11,19:46:28.118794,/Users/anupreksha/Desktop/hoophouse2023/flowerPi/aug11backup/videos/001f543e4335/230810/100322_525919_001f543e4335.mp4,[]
2023-08-11,19:46:31.346744,/Users/anupreksha/Desktop/hoophouse2023/flowerPi/aug11backup/videos/001f543e4335/230810/104535_065877_001f543e4335.mp4,[]
2023-08-11,19:46:39.049849,/Users/anupreksha/Desktop/hoophouse2023/flowerPi/aug11backup/videos/001f543e4335/230810/140840_786154_001f543e4335.mp4,[]
2023-08-11,19:46:37.435203,/Users/anupreksha/Desktop/hoophouse2023/flowerPi/aug11backup/videos/001f543e4335/230810/131320_580351_001f543e4335.mp4,"[896, 250]"
2023-08-11,19:46:26.736565,/Users/anupreksha/Desktop/hoophouse2023/flowerPi/aug11backup/videos/001f543e4335/230810/090051_894663_001f543e4335.mp4,[]
2023-08-11,19:46:35.557640,/Users/anupreksha/Desktop/hoophouse2023/flowerPi/aug11backup/videos/001f543e4335/230810/130059_369289_001f543e4335.mp4,"[683, 128, 128]"
2023-08-11,19:46:31.380210,/Users/anupreksha/Desktop/hoophouse2023/flowerPi/aug11backup/videos/001f543e4335/230810/104606_066141_001f543e4335.mp4,[]
2023-08-11,19:46:26.409849,/Users/anupreksha/Desktop/hoophouse2023/flowerPi/aug11backup/videos/001f543e4335/230810/063210_441030_001f543e4335.mp4,[]
2023-08-11,19:46:34.869397,/Users/anupreksha/Desktop/hoophouse2023/flowerPi/aug11backup/videos/001f543e4335/230810/123042_907998_001f543e4335.mp4,"[250, 250]"
2023-08-11,19:46:32.607065,/Users/anupreksha/Desktop/hoophouse2023/flowerPi/aug11backup/videos/001f543e4335/230810/115150_763921_001f543e4335.mp4,"[470, 470, 683, 683, 683, 653]"
2023-08-11,19:46:39.118899,/Users/anupreksha/Desktop/hoophouse2023/flowerPi/aug11backup/videos/001f543e4335/230810/141055_787670_001f543e4335.mp4,"[216, 17]"
2023-08-11,19:46:29.005051,/Users/anupreksha/Desktop/hoophouse2023/flowerPi/aug11backup/videos/001f543e4335/230810/102123_329800_001f543e4335.mp4,"[458, 437]"
2023-08-11,19:46:26.479282,/Users/anupreksha/Desktop/hoophouse2023/flowerPi/aug11backup/videos/001f543e4335/230810/064744_446511_001f543e4335.mp4,[37]
2023-08-11,19:46:28.456821,/Users/anupreksha/Desktop/hoophouse2023/flowerPi/aug11backup/videos/001f543e4335/230810/101128_927987_001f543e4335.mp4,[]
2023-08-11,19:46:26.559057,/Users/anupreksha/Desktop/hoophouse2023/flowerPi/aug11backup/videos/001f543e4335/230810/085428_893084_001f543e4335.mp4,[]
2023-08-11,19:46:35.291113,/Users/anupreksha/Desktop/hoophouse2023/flowerPi/aug11backup/videos/001f543e4335/230810/125618_565350_001f543e4335.mp4,[250]
2023-08-11,19:46:35.048522,/Users/anupreksha/Desktop/hoophouse2023/flowerPi/aug11backup/videos/001f543e4335/230810/125006_963703_001f543e4335.mp4,"[250, 250, 250, 250, 250, 892, 892]"
2023-08-11,19:46:31.609156,/Users/anupreksha/Desktop/hoophouse2023/flowerPi/aug11backup/videos/001f543e4335/230810/105738_150248_001f543e4335.mp4,[432]
2023-08-11,19:46:37.479773,/Users/anupreksha/Desktop/hoophouse2023/flowerPi/aug11backup/videos/001f543e4335/230810/131343_108419_001f543e4335.mp4,"[414, 683]"
2023-08-11,19:46:29.538002,/Users/anupreksha/Desktop/hoophouse2023/flowerPi/aug11backup/videos/001f543e4335/230810/103211_528487_001f543e4335.mp4,[]
2023-08-11,19:46:35.713478,/Users/anupreksha/Desktop/hoophouse2023/flowerPi/aug11backup/videos/001f543e4335/230810/130321_566115_001f543e4335.mp4,"[434, 250]"
2023-08-11,19:46:32.239088,/Users/anupreksha/Desktop/hoophouse2023/flowerPi/aug11backup/videos/001f543e4335/230810/110918_143460_001f543e4335.mp4,[190]
2023-08-11,19:46:37.813587,/Users/anupreksha/Desktop/hoophouse2023/flowerPi/aug11backup/videos/001f543e4335/230810/134740_579032_001f543e4335.mp4,[]
2023-08-11,19:46:31.463904,/Users/anupreksha/Desktop/hoophouse2023/flowerPi/aug11backup/videos/001f543e4335/230810/105525_137463_001f543e4335.mp4,"[944, 485, 109, 17]"
2023-08-11,19:46:32.719191,/Users/anupreksha/Desktop/hoophouse2023/flowerPi/aug11backup/videos/001f543e4335/230810/115252_955979_001f543e4335.mp4,"[669, 17, 683]"
2023-08-11,19:46:29.100555,/Users/anupreksha/Desktop/hoophouse2023/flowerPi/aug11backup/videos/001f543e4335/230810/102237_333807_001f543e4335.mp4,[]
2023-08-11,19:46:34.690852,/Users/anupreksha/Desktop/hoophouse2023/flowerPi/aug11backup/videos/001f543e4335/230810/122136_557539_001f543e4335.mp4,[]
2023-08-11,19:46:37.401687,/Users/anupreksha/Desktop/hoophouse2023/flowerPi/aug11backup/videos/001f543e4335/230810/131059_369186_001f543e4335.mp4,"[968, 55]"
2023-08-11,19:46:31.045917,/Users/anupreksha/Desktop/hoophouse2023/flowerPi/aug11backup/videos/001f543e4335/230810/103846_935632_001f543e4335.mp4,"[110, 470]"
2023-08-11,19:46:26.390045,/Users/anupreksha/Desktop/hoophouse2023/flowerPi/aug11backup/videos/001f543e4335/230810/063039_438626_001f543e4335.mp4,[]
2023-08-11,19:46:34.359473,/Users/anupreksha/Desktop/hoophouse2023/flowerPi/aug11backup/videos/001f543e4335/230810/120041_353314_001f543e4335.mp4,[]
2023-08-11,19:46:35.682163,/Users/anupreksha/Desktop/hoophouse2023/flowerPi/aug11backup/videos/001f543e4335/230810/130259_568573_001f543e4335.mp4,"[250, 250, 250, 250, 250]"
2023-08-11,19:46:26.595799,/Users/anupreksha/Desktop/hoophouse2023/flowerPi/aug11backup/videos/001f543e4335/230810/085520_893772_001f543e4335.mp4,"[653, 653, 930]"
2023-08-11,19:46:39.478594,/Users/anupreksha/Desktop/hoophouse2023/flowerPi/aug11backup/videos/001f543e4335/230810/141659_586444_001f543e4335.mp4,"[736, 140]"
2023-08-11,19:46:39.063637,/Users/anupreksha/Desktop/hoophouse2023/flowerPi/aug11backup/videos/001f543e4335/230810/141021_785435_001f543e4335.mp4,[]
2023-08-11,19:46:26.458985,/Users/anupreksha/Desktop/hoophouse2023/flowerPi/aug11backup/videos/001f543e4335/230810/063500_439562_001f543e4335.mp4,[]
2023-08-11,19:46:26.367632,/Users/anupreksha/Desktop/hoophouse2023/flowerPi/aug11backup/videos/001f543e4335/230810/062942_440525_001f543e4335.mp4,[]
2023-08-11,19:46:26.399909,/Users/anupreksha/Desktop/hoophouse2023/flowerPi/aug11backup/videos/001f543e4335/230810/063113_444347_001f543e4335.mp4,[]
2023-08-11,19:46:34.512668,/Users/anupreksha/Desktop/hoophouse2023/flowerPi/aug11backup/videos/001f543e4335/230810/121626_773760_001f543e4335.mp4,[425]
2023-08-11,19:46:32.847634,/Users/anupreksha/Desktop/hoophouse2023/flowerPi/aug11backup/videos/001f543e4335/230810/115607_355031_001f543e4335.mp4,[364]
2023-08-11,19:46:32.455922,/Users/anupreksha/Desktop/hoophouse2023/flowerPi/aug11backup/videos/001f543e4335/230810/114853_549822_001f543e4335.mp4,[151]
2023-08-11,19:46:39.501001,/Users/anupreksha/Desktop/hoophouse2023/flowerPi/aug11backup/videos/001f543e4335/230810/141741_587831_001f543e4335.mp4,[]
2023-08-11,19:46:38.117932,/Users/anupreksha/Desktop/hoophouse2023/flowerPi/aug11backup/videos/001f543e4335/230810/135158_184386_001f543e4335.mp4,"[404, 404, 896]"
2023-08-11,19:46:28.823049,/Users/anupreksha/Desktop/hoophouse2023/flowerPi/aug11backup/videos/001f543e4335/230810/101829_128513_001f543e4335.mp4,"[118, 396]"
2023-08-11,19:46:26.761729,/Users/anupreksha/Desktop/hoophouse2023/flowerPi/aug11backup/videos/001f543e4335/230810/090952_900334_001f543e4335.mp4,[]
2023-08-11,19:46:38.271344,/Users/anupreksha/Desktop/hoophouse2023/flowerPi/aug11backup/videos/001f543e4335/230810/135432_780811_001f543e4335.mp4,"[145, 404, 236, 236]"
2023-08-11,19:46:32.377908,/Users/anupreksha/Desktop/hoophouse2023/flowerPi/aug11backup/videos/001f543e4335/230810/114746_355778_001f543e4335.mp4,"[17, 17, 17]"
2023-08-11,19:46:28.134073,/Users/anupreksha/Desktop/hoophouse2023/flowerPi/aug11backup/videos/001f543e4335/230810/100452_524240_001f543e4335.mp4,[]
2023-08-14,13:30:36.122871,/Users/anupreksha/Desktop/hoophouse2023/flowerPi/aug11backup/videos/001f543e4335/230810/141349_187563_001f543e4335.mp4,"[127, 127, 106]"
2023-08-11,19:46:35.358190,/Users/anupreksha/Desktop/hoophouse2023/flowerPi/aug11backup/videos/001f543e4335/230810/125725_967806_001f543e4335.mp4,[]
2023-08-11,19:46:28.318433,/Users/anupreksha/Desktop/hoophouse2023/flowerPi/aug11backup/videos/001f543e4335/230810/100836_653813_001f543e4335.mp4,"[37, 37, 37]"
2023-08-11,19:46:28.878793,/Users/anupreksha/Desktop/hoophouse2023/flowerPi/aug11backup/videos/001f543e4335/230810/101919_126607_001f543e4335.mp4,"[109, 17]"
2023-08-11,19:46:31.096920,/Users/anupreksha/Desktop/hoophouse2023/flowerPi/aug11backup/videos/001f543e4335/230810/103936_950427_001f543e4335.mp4,"[441, 441, 441, 441, 145, 441]"
2023-08-11,19:46:29.313448,/Users/anupreksha/Desktop/hoophouse2023/flowerPi/aug11backup/videos/001f543e4335/230810/102558_525779_001f543e4335.mp4,[]
2023-08-11,19:46:37.845712,/Users/anupreksha/Desktop/hoophouse2023/flowerPi/aug11backup/videos/001f543e4335/230810/134821_578513_001f543e4335.mp4,"[250, 250, 105]"
2023-08-11,19:46:28.365443,/Users/anupreksha/Desktop/hoophouse2023/flowerPi/aug11backup/videos/001f543e4335/230810/100938_761669_001f543e4335.mp4,[]
2023-08-11,19:46:34.377626,/Users/anupreksha/Desktop/hoophouse2023/flowerPi/aug11backup/videos/001f543e4335/230810/120115_367429_001f543e4335.mp4,[]
2023-08-11,19:46:31.587488,/Users/anupreksha/Desktop/hoophouse2023/flowerPi/aug11backup/videos/001f543e4335/230810/105710_139555_001f543e4335.mp4,"[462, 462]"
2023-08-11,19:46:37.518748,/Users/anupreksha/Desktop/hoophouse2023/flowerPi/aug11backup/videos/001f543e4335/230810/131427_169157_001f543e4335.mp4,[]
2023-08-11,19:46:29.443142,/Users/anupreksha/Desktop/hoophouse2023/flowerPi/aug11backup/videos/001f543e4335/230810/102900_533921_001f543e4335.mp4,[]
2023-08-11,19:46:39.414941,/Users/anupreksha/Desktop/hoophouse2023/flowerPi/aug11backup/videos/001f543e4335/230810/141618_584560_001f543e4335.mp4,"[216, 216]"
2023-08-11,19:46:28.394550,/Users/anupreksha/Desktop/hoophouse2023/flowerPi/aug11backup/videos/001f543e4335/230810/101034_929025_001f543e4335.mp4,[110]
2023-08-11,19:46:26.376612,/Users/anupreksha/Desktop/hoophouse2023/flowerPi/aug11backup/videos/001f543e4335/230810/063018_440194_001f543e4335.mp4,[]
2023-08-11,19:46:34.494034,/Users/anupreksha/Desktop/hoophouse2023/flowerPi/aug11backup/videos/001f543e4335/230810/121546_761090_001f543e4335.mp4,[]
2023-08-11,19:46:32.015452,/Users/anupreksha/Desktop/hoophouse2023/flowerPi/aug11backup/videos/001f543e4335/230810/110422_146690_001f543e4335.mp4,[495]
2023-08-11,19:46:32.043199,/Users/anupreksha/Desktop/hoophouse2023/flowerPi/aug11backup/videos/001f543e4335/230810/110553_143330_001f543e4335.mp4,[666]
2023-08-11,19:46:26.655019,/Users/anupreksha/Desktop/hoophouse2023/flowerPi/aug11backup/videos/001f543e4335/230810/085651_892802_001f543e4335.mp4,"[987, 37, 37, 37, 37, 425, 425, 425]"
2023-08-11,19:46:35.450883,/Users/anupreksha/Desktop/hoophouse2023/flowerPi/aug11backup/videos/001f543e4335/230810/125916_966619_001f543e4335.mp4,"[250, 17, 17]"
2023-08-11,19:46:26.577483,/Users/anupreksha/Desktop/hoophouse2023/flowerPi/aug11backup/videos/001f543e4335/230810/085446_892224_001f543e4335.mp4,"[476, 476, 998, 190, 190, 190]"
2023-08-11,19:46:37.692515,/Users/anupreksha/Desktop/hoophouse2023/flowerPi/aug11backup/videos/001f543e4335/230810/134439_782142_001f543e4335.mp4,[]
2023-08-11,19:46:35.859375,/Users/anupreksha/Desktop/hoophouse2023/flowerPi/aug11backup/videos/001f543e4335/230810/130720_968349_001f543e4335.mp4,"[250, 250, 250, 250]"
2023-08-11,19:46:39.162780,/Users/anupreksha/Desktop/hoophouse2023/flowerPi/aug11backup/videos/001f543e4335/230810/141147_984592_001f543e4335.mp4,[]
2023-08-11,19:46:32.342563,/Users/anupreksha/Desktop/hoophouse2023/flowerPi/aug11backup/videos/001f543e4335/230810/111207_146055_001f543e4335.mp4,[110]
2023-08-11,19:46:38.213493,/Users/anupreksha/Desktop/hoophouse2023/flowerPi/aug11backup/videos/001f543e4335/230810/135311_118267_001f543e4335.mp4,[17]
2023-08-11,19:46:38.997498,/Users/anupreksha/Desktop/hoophouse2023/flowerPi/aug11backup/videos/001f543e4335/230810/140713_583694_001f543e4335.mp4,[515]
2023-08-11,19:46:37.944530,/Users/anupreksha/Desktop/hoophouse2023/flowerPi/aug11backup/videos/001f543e4335/230810/134932_981436_001f543e4335.mp4,[]
2023-08-11,19:46:39.013015,/Users/anupreksha/Desktop/hoophouse2023/flowerPi/aug11backup/videos/001f543e4335/230810/140731_587059_001f543e4335.mp4,[]
2023-08-11,19:46:35.407748,/Users/anupreksha/Desktop/hoophouse2023/flowerPi/aug11backup/videos/001f543e4335/230810/125814_967868_001f543e4335.mp4,"[106, 250, 892, 892, 127]"
2023-08-11,19:46:39.331998,/Users/anupreksha/Desktop/hoophouse2023/flowerPi/aug11backup/videos/001f543e4335/230810/141413_187485_001f543e4335.mp4,"[17, 314]"
2023-08-11,19:46:28.270663,/Users/anupreksha/Desktop/hoophouse2023/flowerPi/aug11backup/videos/001f543e4335/230810/100747_526503_001f543e4335.mp4,[]
2023-08-11,19:46:31.843999,/Users/anupreksha/Desktop/hoophouse2023/flowerPi/aug11backup/videos/001f543e4335/230810/110126_740349_001f543e4335.mp4,"[699, 467, 467, 250, 250, 432]"
2023-08-11,19:46:31.141557,/Users/anupreksha/Desktop/hoophouse2023/flowerPi/aug11backup/videos/001f543e4335/230810/104029_942595_001f543e4335.mp4,[]
2023-08-11,19:46:26.789266,/Users/anupreksha/Desktop/hoophouse2023/flowerPi/aug11backup/videos/001f543e4335/230810/091026_899055_001f543e4335.mp4,[]
2023-08-11,19:46:34.847109,/Users/anupreksha/Desktop/hoophouse2023/flowerPi/aug11backup/videos/001f543e4335/230810/123026_773751_001f543e4335.mp4,[]
2023-08-11,19:46:39.038214,/Users/anupreksha/Desktop/hoophouse2023/flowerPi/aug11backup/videos/001f543e4335/230810/140746_784259_001f543e4335.mp4,"[17, 17]"
2023-08-11,19:46:35.479589,/Users/anupreksha/Desktop/hoophouse2023/flowerPi/aug11backup/videos/001f543e4335/230810/125944_102381_001f543e4335.mp4,[]
2023-08-11,19:46:35.932181,/Users/anupreksha/Desktop/hoophouse2023/flowerPi/aug11backup/videos/001f543e4335/230810/130823_168297_001f543e4335.mp4,[128]
2023-08-11,19:46:31.401596,/Users/anupreksha/Desktop/hoophouse2023/flowerPi/aug11backup/videos/001f543e4335/230810/104721_140666_001f543e4335.mp4,"[17, 683]"
2023-08-11,19:46:34.325686,/Users/anupreksha/Desktop/hoophouse2023/flowerPi/aug11backup/videos/001f543e4335/230810/115934_359289_001f543e4335.mp4,[]
2023-08-11,19:46:32.221800,/Users/anupreksha/Desktop/hoophouse2023/flowerPi/aug11backup/videos/001f543e4335/230810/110843_143149_001f543e4335.mp4,[]
2023-08-11,19:46:37.877628,/Users/anupreksha/Desktop/hoophouse2023/flowerPi/aug11backup/videos/001f543e4335/230810/134856_781655_001f543e4335.mp4,[]
2023-08-11,19:46:32.590944,/Users/anupreksha/Desktop/hoophouse2023/flowerPi/aug11backup/videos/001f543e4335/230810/115113_749845_001f543e4335.mp4,"[286, 398]"
2023-08-11,19:46:35.953068,/Users/anupreksha/Desktop/hoophouse2023/flowerPi/aug11backup/videos/001f543e4335/230810/130851_168056_001f543e4335.mp4,[]
2023-08-11,19:46:34.567039,/Users/anupreksha/Desktop/hoophouse2023/flowerPi/aug11backup/videos/001f543e4335/230810/121655_966456_001f543e4335.mp4,[]
2023-08-11,19:46:29.040298,/Users/anupreksha/Desktop/hoophouse2023/flowerPi/aug11backup/videos/001f543e4335/230810/102147_324013_001f543e4335.mp4,"[612, 612, 434, 379, 378, 956]"
2023-08-11,19:46:32.201589,/Users/anupreksha/Desktop/hoophouse2023/flowerPi/aug11backup/videos/001f543e4335/230810/110824_147188_001f543e4335.mp4,"[17, 172, 172]"
2023-08-11,19:46:28.707356,/Users/anupreksha/Desktop/hoophouse2023/flowerPi/aug11backup/videos/001f543e4335/230810/101627_123145_001f543e4335.mp4,[37]
2023-08-11,19:46:32.803466,/Users/anupreksha/Desktop/hoophouse2023/flowerPi/aug11backup/videos/001f543e4335/230810/115451_349225_001f543e4335.mp4,"[106, 106]"
2023-08-11,19:46:24.466829,/Users/anupreksha/Desktop/hoophouse2023/flowerPi/aug11backup/videos/001f543e4335/230809/160710_919732_001f543e4335.mp4,[35]
2023-08-11,19:46:22.720306,/Users/anupreksha/Desktop/hoophouse2023/flowerPi/aug11backup/videos/001f543e4335/230809/145458_096270_001f543e4335.mp4,[190]
2023-08-11,19:46:20.813023,/Users/anupreksha/Desktop/hoophouse2023/flowerPi/aug11backup/videos/001f543e4335/230809/133754_078312_001f543e4335.mp4,[524]
2023-08-11,19:46:22.740054,/Users/anupreksha/Desktop/hoophouse2023/flowerPi/aug11backup/videos/001f543e4335/230809/145528_096017_001f543e4335.mp4,[896]
2023-08-11,19:46:25.331222,/Users/anupreksha/Desktop/hoophouse2023/flowerPi/aug11backup/videos/001f543e4335/230809/162826_328427_001f543e4335.mp4,[853]
2023-08-11,19:46:22.329912,/Users/anupreksha/Desktop/hoophouse2023/flowerPi/aug11backup/videos/001f543e4335/230809/141535_501358_001f543e4335.mp4,[]
2023-08-11,19:46:22.268634,/Users/anupreksha/Desktop/hoophouse2023/flowerPi/aug11backup/videos/001f543e4335/230809/141434_300924_001f543e4335.mp4,[998]
2023-08-11,19:46:20.865001,/Users/anupreksha/Desktop/hoophouse2023/flowerPi/aug11backup/videos/001f543e4335/230809/134025_280225_001f543e4335.mp4,[]
2023-08-11,19:46:22.592509,/Users/anupreksha/Desktop/hoophouse2023/flowerPi/aug11backup/videos/001f543e4335/230809/145213_899611_001f543e4335.mp4,[]
2023-08-11,19:46:24.928383,/Users/anupreksha/Desktop/hoophouse2023/flowerPi/aug11backup/videos/001f543e4335/230809/161513_121251_001f543e4335.mp4,"[414, 190, 190, 190]"
2023-08-11,19:46:22.883243,/Users/anupreksha/Desktop/hoophouse2023/flowerPi/aug11backup/videos/001f543e4335/230809/153916_713973_001f543e4335.mp4,[]
2023-08-11,19:46:24.256105,/Users/anupreksha/Desktop/hoophouse2023/flowerPi/aug11backup/videos/001f543e4335/230809/160355_518276_001f543e4335.mp4,"[190, 190, 110]"
2023-08-11,19:46:25.425661,/Users/anupreksha/Desktop/hoophouse2023/flowerPi/aug11backup/videos/001f543e4335/230809/163026_531162_001f543e4335.mp4,[726]
2023-08-11,19:46:23.544949,/Users/anupreksha/Desktop/hoophouse2023/flowerPi/aug11backup/videos/001f543e4335/230809/155804_713696_001f543e4335.mp4,"[190, 190, 105, 37]"
2023-08-11,19:46:23.272610,/Users/anupreksha/Desktop/hoophouse2023/flowerPi/aug11backup/videos/001f543e4335/230809/155444_514049_001f543e4335.mp4,"[190, 190, 190, 190]"
2023-08-11,19:46:22.662282,/Users/anupreksha/Desktop/hoophouse2023/flowerPi/aug11backup/videos/001f543e4335/230809/145405_035805_001f543e4335.mp4,[]
2023-08-11,19:46:24.566646,/Users/anupreksha/Desktop/hoophouse2023/flowerPi/aug11backup/videos/001f543e4335/230809/160836_936914_001f543e4335.mp4,"[190, 190, 190, 727, 190, 190, 190, 190]"
2023-08-11,19:46:20.493501,/Users/anupreksha/Desktop/hoophouse2023/flowerPi/aug11backup/videos/001f543e4335/230809/112140_437151_001f543e4335.mp4,[]
2023-08-11,19:46:20.760803,/Users/anupreksha/Desktop/hoophouse2023/flowerPi/aug11backup/videos/001f543e4335/230809/114142_443704_001f543e4335.mp4,[515]
2023-08-11,19:46:25.304794,/Users/anupreksha/Desktop/hoophouse2023/flowerPi/aug11backup/videos/001f543e4335/230809/162614_260365_001f543e4335.mp4,"[896, 105, 106, 106, 106, 106]"
2023-08-11,19:46:24.240662,/Users/anupreksha/Desktop/hoophouse2023/flowerPi/aug11backup/videos/001f543e4335/230809/160333_521151_001f543e4335.mp4,"[651, 190]"
2023-08-11,19:46:22.913982,/Users/anupreksha/Desktop/hoophouse2023/flowerPi/aug11backup/videos/001f543e4335/230809/154333_642517_001f543e4335.mp4,"[110, 190]"
2023-08-11,19:46:22.551630,/Users/anupreksha/Desktop/hoophouse2023/flowerPi/aug11backup/videos/001f543e4335/230809/144920_712795_001f543e4335.mp4,[]
2023-08-11,19:46:23.655601,/Users/anupreksha/Desktop/hoophouse2023/flowerPi/aug11backup/videos/001f543e4335/230809/155948_713680_001f543e4335.mp4,"[190, 987, 17]"
2023-08-11,19:46:23.009021,/Users/anupreksha/Desktop/hoophouse2023/flowerPi/aug11backup/videos/001f543e4335/230809/154700_918227_001f543e4335.mp4,"[683, 37]"
2023-08-11,19:46:22.823438,/Users/anupreksha/Desktop/hoophouse2023/flowerPi/aug11backup/videos/001f543e4335/230809/152256_903770_001f543e4335.mp4,[]
2023-08-11,19:46:22.757115,/Users/anupreksha/Desktop/hoophouse2023/flowerPi/aug11backup/videos/001f543e4335/230809/145626_095816_001f543e4335.mp4,[]
2023-08-11,19:46:22.366378,/Users/anupreksha/Desktop/hoophouse2023/flowerPi/aug11backup/videos/001f543e4335/230809/141606_622788_001f543e4335.mp4,[]
2023-08-11,19:46:25.251955,/Users/anupreksha/Desktop/hoophouse2023/flowerPi/aug11backup/videos/001f543e4335/230809/162522_922122_001f543e4335.mp4,"[190, 987, 37, 190, 987, 190, 190, 190, 190, 106, 657, 190, 190]"
2023-08-11,19:46:23.703212,/Users/anupreksha/Desktop/hoophouse2023/flowerPi/aug11backup/videos/001f543e4335/230809/160022_716767_001f543e4335.mp4,"[190, 190, 190, 17, 267, 653]"
2023-08-11,19:46:20.689133,/Users/anupreksha/Desktop/hoophouse2023/flowerPi/aug11backup/videos/001f543e4335/230809/113745_048388_001f543e4335.mp4,[]
2023-08-11,19:46:20.448207,/Users/anupreksha/Desktop/hoophouse2023/flowerPi/aug11backup/videos/001f543e4335/230809/111602_437764_001f543e4335.mp4,[]
2023-08-11,19:46:22.349488,/Users/anupreksha/Desktop/hoophouse2023/flowerPi/aug11backup/videos/001f543e4335/230809/141549_622624_001f543e4335.mp4,[]
2023-08-11,19:46:20.903631,/Users/anupreksha/Desktop/hoophouse2023/flowerPi/aug11backup/videos/001f543e4335/230809/134102_291585_001f543e4335.mp4,[]
2023-08-11,19:46:22.146651,/Users/anupreksha/Desktop/hoophouse2023/flowerPi/aug11backup/videos/001f543e4335/230809/141258_820639_001f543e4335.mp4,[]
2023-08-11,19:46:20.298945,/Users/anupreksha/Desktop/hoophouse2023/flowerPi/aug11backup/videos/001f543e4335/230809/110737_046643_001f543e4335.mp4,[]
2023-08-11,19:46:24.501548,/Users/anupreksha/Desktop/hoophouse2023/flowerPi/aug11backup/videos/001f543e4335/230809/160731_918136_001f543e4335.mp4,"[190, 190, 190, 190, 190, 190, 657, 190]"
2023-08-11,19:46:23.159998,/Users/anupreksha/Desktop/hoophouse2023/flowerPi/aug11backup/videos/001f543e4335/230809/155309_445043_001f543e4335.mp4,[190]
2023-08-11,19:46:23.075578,/Users/anupreksha/Desktop/hoophouse2023/flowerPi/aug11backup/videos/001f543e4335/230809/155023_113401_001f543e4335.mp4,[]
2023-08-11,19:46:22.935705,/Users/anupreksha/Desktop/hoophouse2023/flowerPi/aug11backup/videos/001f543e4335/230809/154355_643669_001f543e4335.mp4,[17]
2023-08-11,19:46:22.808236,/Users/anupreksha/Desktop/hoophouse2023/flowerPi/aug11backup/videos/001f543e4335/230809/152153_904519_001f543e4335.mp4,[190]
2023-08-11,19:46:22.680768,/Users/anupreksha/Desktop/hoophouse2023/flowerPi/aug11backup/videos/001f543e4335/230809/145420_097780_001f543e4335.mp4,[]
2023-08-11,19:46:20.564958,/Users/anupreksha/Desktop/hoophouse2023/flowerPi/aug11backup/videos/001f543e4335/230809/112311_443475_001f543e4335.mp4,[]
2023-08-11,19:46:22.382742,/Users/anupreksha/Desktop/hoophouse2023/flowerPi/aug11backup/videos/001f543e4335/230809/141635_631855_001f543e4335.mp4,[]
2023-08-11,19:46:25.070100,/Users/anupreksha/Desktop/hoophouse2023/flowerPi/aug11backup/videos/001f543e4335/230809/161740_320430_001f543e4335.mp4,"[190, 612, 190, 190, 190, 190, 216, 190, 190]"
2023-08-11,19:46:20.796309,/Users/anupreksha/Desktop/hoophouse2023/flowerPi/aug11backup/videos/001f543e4335/230809/132950_883825_001f543e4335.mp4,[683]
2023-08-11,19:46:20.198164,/Users/anupreksha/Desktop/hoophouse2023/flowerPi/aug11backup/videos/001f543e4335/230809/110556_032855_001f543e4335.mp4,[]
2023-08-11,19:46:20.929482,/Users/anupreksha/Desktop/hoophouse2023/flowerPi/aug11backup/videos/001f543e4335/230809/135513_686591_001f543e4335.mp4,"[37, 987]"
2023-08-11,19:46:22.512032,/Users/anupreksha/Desktop/hoophouse2023/flowerPi/aug11backup/videos/001f543e4335/230809/143821_504361_001f543e4335.mp4,[]
2023-08-11,19:46:25.146278,/Users/anupreksha/Desktop/hoophouse2023/flowerPi/aug11backup/videos/001f543e4335/230809/162009_132241_001f543e4335.mp4,"[896, 190, 987, 190, 17, 17, 17, 17, 17]"
2023-08-11,19:46:23.058654,/Users/anupreksha/Desktop/hoophouse2023/flowerPi/aug11backup/videos/001f543e4335/230809/154940_110944_001f543e4335.mp4,[]
2023-08-11,19:46:24.350224,/Users/anupreksha/Desktop/hoophouse2023/flowerPi/aug11backup/videos/001f543e4335/230809/160555_519629_001f543e4335.mp4,[]
2023-08-11,19:46:20.464271,/Users/anupreksha/Desktop/hoophouse2023/flowerPi/aug11backup/videos/001f543e4335/230809/111935_441533_001f543e4335.mp4,[]
2023-08-11,19:46:24.842119,/Users/anupreksha/Desktop/hoophouse2023/flowerPi/aug11backup/videos/001f543e4335/230809/161252_120281_001f543e4335.mp4,"[106, 190, 190, 190, 190, 190, 190, 987]"
2023-08-11,19:46:22.061496,/Users/anupreksha/Desktop/hoophouse2023/flowerPi/aug11backup/videos/001f543e4335/230809/140937_696838_001f543e4335.mp4,[]
2023-08-11,19:46:22.569986,/Users/anupreksha/Desktop/hoophouse2023/flowerPi/aug11backup/videos/001f543e4335/230809/145001_718293_001f543e4335.mp4,[]
2023-08-11,19:46:24.738806,/Users/anupreksha/Desktop/hoophouse2023/flowerPi/aug11backup/videos/001f543e4335/230809/161112_528577_001f543e4335.mp4,"[272, 653]"
2023-08-11,19:46:22.024109,/Users/anupreksha/Desktop/hoophouse2023/flowerPi/aug11backup/videos/001f543e4335/230809/140423_029788_001f543e4335.mp4,[]
2023-08-11,19:46:22.296306,/Users/anupreksha/Desktop/hoophouse2023/flowerPi/aug11backup/videos/001f543e4335/230809/141456_510224_001f543e4335.mp4,[896]
2023-08-11,19:46:20.830932,/Users/anupreksha/Desktop/hoophouse2023/flowerPi/aug11backup/videos/001f543e4335/230809/133912_086618_001f543e4335.mp4,[]
2023-08-11,19:46:22.042628,/Users/anupreksha/Desktop/hoophouse2023/flowerPi/aug11backup/videos/001f543e4335/230809/140513_093663_001f543e4335.mp4,[]
2023-08-11,19:46:24.724952,/Users/anupreksha/Desktop/hoophouse2023/flowerPi/aug11backup/videos/001f543e4335/230809/161050_452818_001f543e4335.mp4,"[190, 62, 653, 190]"
2023-08-11,19:46:24.586846,/Users/anupreksha/Desktop/hoophouse2023/flowerPi/aug11backup/videos/001f543e4335/230809/160901_918973_001f543e4335.mp4,"[190, 190, 190, 190]"
2023-08-11,19:46:25.471258,/Users/anupreksha/Desktop/hoophouse2023/flowerPi/aug11backup/videos/001f543e4335/230809/170139_736981_001f543e4335.mp4,"[109, 105, 683]"
2023-08-11,19:46:22.084937,/Users/anupreksha/Desktop/hoophouse2023/flowerPi/aug11backup/videos/001f543e4335/230809/141216_687596_001f543e4335.mp4,[441]
2023-08-11,19:46:25.457520,/Users/anupreksha/Desktop/hoophouse2023/flowerPi/aug11backup/videos/001f543e4335/230809/163127_523779_001f543e4335.mp4,[]
2023-08-11,19:46:23.824031,/Users/anupreksha/Desktop/hoophouse2023/flowerPi/aug11backup/videos/001f543e4335/230809/160237_055748_001f543e4335.mp4,"[190, 190]"
2023-08-11,19:46:23.092187,/Users/anupreksha/Desktop/hoophouse2023/flowerPi/aug11backup/videos/001f543e4335/230809/155159_258827_001f543e4335.mp4,[]
2023-08-11,19:46:20.378028,/Users/anupreksha/Desktop/hoophouse2023/flowerPi/aug11backup/videos/001f543e4335/230809/111124_439828_001f543e4335.mp4,[]
2023-08-11,19:46:24.819441,/Users/anupreksha/Desktop/hoophouse2023/flowerPi/aug11backup/videos/001f543e4335/230809/161236_546365_001f543e4335.mp4,"[190, 37, 190, 190, 987]"
2023-08-11,19:46:23.760017,/Users/anupreksha/Desktop/hoophouse2023/flowerPi/aug11backup/videos/001f543e4335/230809/160106_718236_001f543e4335.mp4,"[17, 190, 768]"
2023-08-11,19:46:23.477602,/Users/anupreksha/Desktop/hoophouse2023/flowerPi/aug11backup/videos/001f543e4335/230809/155711_646692_001f543e4335.mp4,"[896, 190, 853, 190, 190]"
2023-08-11,19:46:24.890312,/Users/anupreksha/Desktop/hoophouse2023/flowerPi/aug11backup/videos/001f543e4335/230809/161417_125712_001f543e4335.mp4,"[190, 190]"
2023-08-11,19:46:25.376759,/Users/anupreksha/Desktop/hoophouse2023/flowerPi/aug11backup/videos/001f543e4335/230809/162925_331881_001f543e4335.mp4,[114]
2023-08-11,19:46:22.773693,/Users/anupreksha/Desktop/hoophouse2023/flowerPi/aug11backup/videos/001f543e4335/230809/152126_703043_001f543e4335.mp4,[17]
2023-08-11,19:46:20.272688,/Users/anupreksha/Desktop/hoophouse2023/flowerPi/aug11backup/videos/001f543e4335/230809/110726_033771_001f543e4335.mp4,"[366, 42]"
2023-08-11,19:46:24.395754,/Users/anupreksha/Desktop/hoophouse2023/flowerPi/aug11backup/videos/001f543e4335/230809/160632_662210_001f543e4335.mp4,[37]
2023-08-11,19:46:20.239841,/Users/anupreksha/Desktop/hoophouse2023/flowerPi/aug11backup/videos/001f543e4335/230809/110640_028932_001f543e4335.mp4,"[17, 17, 17, 17, 17, 683, 683, 683]"
2023-08-11,19:46:24.202228,/Users/anupreksha/Desktop/hoophouse2023/flowerPi/aug11backup/videos/001f543e4335/230809/160300_116721_001f543e4335.mp4,"[106, 379, 145, 190, 190]"
2023-08-11,19:46:22.007379,/Users/anupreksha/Desktop/hoophouse2023/flowerPi/aug11backup/videos/001f543e4335/230809/140404_894699_001f543e4335.mp4,[]
2023-08-11,19:46:23.041143,/Users/anupreksha/Desktop/hoophouse2023/flowerPi/aug11backup/videos/001f543e4335/230809/154906_912055_001f543e4335.mp4,[425]
2023-08-11,19:46:24.697121,/Users/anupreksha/Desktop/hoophouse2023/flowerPi/aug11backup/videos/001f543e4335/230809/161028_320409_001f543e4335.mp4,"[930, 190, 190, 349, 349, 190, 190]"
2023-08-11,19:46:20.479306,/Users/anupreksha/Desktop/hoophouse2023/flowerPi/aug11backup/videos/001f543e4335/230809/112115_439932_001f543e4335.mp4,[]
2023-08-11,19:46:24.857861,/Users/anupreksha/Desktop/hoophouse2023/flowerPi/aug11backup/videos/001f543e4335/230809/161324_081844_001f543e4335.mp4,[666]
2023-08-11,19:46:20.434765,/Users/anupreksha/Desktop/hoophouse2023/flowerPi/aug11backup/videos/001f543e4335/230809/111538_436387_001f543e4335.mp4,[]
2023-08-11,19:46:22.441058,/Users/anupreksha/Desktop/hoophouse2023/flowerPi/aug11backup/videos/001f543e4335/230809/141808_685465_001f543e4335.mp4,[145]
2023-08-11,19:46:24.622423,/Users/anupreksha/Desktop/hoophouse2023/flowerPi/aug11backup/videos/001f543e4335/230809/160935_058034_001f543e4335.mp4,[190]
2023-08-11,19:46:22.627468,/Users/anupreksha/Desktop/hoophouse2023/flowerPi/aug11backup/videos/001f543e4335/230809/145302_895574_001f543e4335.mp4,[127]
2023-08-11,19:46:25.006512,/Users/anupreksha/Desktop/hoophouse2023/flowerPi/aug11backup/videos/001f543e4335/230809/161636_330893_001f543e4335.mp4,"[190, 190, 190, 190, 106, 190, 190, 190]"
2023-08-11,19:46:22.177623,/Users/anupreksha/Desktop/hoophouse2023/flowerPi/aug11backup/videos/001f543e4335/230809/141325_899399_001f543e4335.mp4,"[987, 987]"
2023-08-11,19:46:25.316691,/Users/anupreksha/Desktop/hoophouse2023/flowerPi/aug11backup/videos/001f543e4335/230809/162811_327275_001f543e4335.mp4,"[17, 17]"
2023-08-11,19:46:25.040125,/Users/anupreksha/Desktop/hoophouse2023/flowerPi/aug11backup/videos/001f543e4335/230809/161712_320350_001f543e4335.mp4,"[190, 653, 190, 190]"
2023-08-11,19:46:24.603560,/Users/anupreksha/Desktop/hoophouse2023/flowerPi/aug11backup/videos/001f543e4335/230809/160918_052728_001f543e4335.mp4,"[17, 379, 190, 190, 190, 190, 190, 17, 190, 190]"
2023-08-11,19:46:22.213183,/Users/anupreksha/Desktop/hoophouse2023/flowerPi/aug11backup/videos/001f543e4335/230809/141349_021774_001f543e4335.mp4,"[987, 944, 251]"
2023-08-11,19:46:20.212828,/Users/anupreksha/Desktop/hoophouse2023/flowerPi/aug11backup/videos/001f543e4335/230809/110624_029557_001f543e4335.mp4,[]
2023-08-11,19:46:20.780816,/Users/anupreksha/Desktop/hoophouse2023/flowerPi/aug11backup/videos/001f543e4335/230809/114417_441051_001f543e4335.mp4,"[34, 515]"
2023-08-11,19:46:20.421496,/Users/anupreksha/Desktop/hoophouse2023/flowerPi/aug11backup/videos/001f543e4335/230809/111425_437703_001f543e4335.mp4,[]
2023-08-11,19:46:22.310715,/Users/anupreksha/Desktop/hoophouse2023/flowerPi/aug11backup/videos/001f543e4335/230809/141518_500954_001f543e4335.mp4,[]
2023-08-11,19:46:24.799918,/Users/anupreksha/Desktop/hoophouse2023/flowerPi/aug11backup/videos/001f543e4335/230809/161153_723542_001f543e4335.mp4,"[190, 896, 190, 190, 653, 190, 17, 190, 190, 190]"
2023-08-11,19:46:25.491477,/Users/anupreksha/Desktop/hoophouse2023/flowerPi/aug11backup/videos/001f543e4335/230809/185607_380645_001f543e4335.mp4,[190]
2023-08-11,19:46:22.954205,/Users/anupreksha/Desktop/hoophouse2023/flowerPi/aug11backup/videos/001f543e4335/230809/154421_920264_001f543e4335.mp4,[]
2023-08-11,19:46:23.625801,/Users/anupreksha/Desktop/hoophouse2023/flowerPi/aug11backup/videos/001f543e4335/230809/155908_716097_001f543e4335.mp4,"[190, 190, 190, 190, 190]"
2023-08-11,19:46:23.671503,/Users/anupreksha/Desktop/hoophouse2023/flowerPi/aug11backup/videos/001f543e4335/230809/160010_714633_001f543e4335.mp4,[190]
2023-08-11,19:46:23.804829,/Users/anupreksha/Desktop/hoophouse2023/flowerPi/aug11backup/videos/001f543e4335/230809/160207_915802_001f543e4335.mp4,"[110, 404, 190, 379, 379, 190]"
2023-08-11,19:46:20.650366,/Users/anupreksha/Desktop/hoophouse2023/flowerPi/aug11backup/videos/001f543e4335/230809/112531_445071_001f543e4335.mp4,[]
2023-08-11,19:46:20.408033,/Users/anupreksha/Desktop/hoophouse2023/flowerPi/aug11backup/videos/001f543e4335/230809/111218_433777_001f543e4335.mp4,[]
2023-08-11,19:46:24.873264,/Users/anupreksha/Desktop/hoophouse2023/flowerPi/aug11backup/videos/001f543e4335/230809/161403_061871_001f543e4335.mp4,"[190, 190]"
2023-08-11,19:46:24.538677,/Users/anupreksha/Desktop/hoophouse2023/flowerPi/aug11backup/videos/001f543e4335/230809/160803_918638_001f543e4335.mp4,"[190, 987, 190, 190, 190, 190, 471, 190, 190, 37]"
2023-08-11,19:46:25.442705,/Users/anupreksha/Desktop/hoophouse2023/flowerPi/aug11backup/videos/001f543e4335/230809/163056_531785_001f543e4335.mp4,"[425, 669, 726]"
2023-08-11,19:46:25.228051,/Users/anupreksha/Desktop/hoophouse2023/flowerPi/aug11backup/videos/001f543e4335/230809/162455_925342_001f543e4335.mp4,"[683, 145, 190, 190, 190, 190, 250, 987, 190, 190]"
2023-08-11,19:46:24.668008,/Users/anupreksha/Desktop/hoophouse2023/flowerPi/aug11backup/videos/001f543e4335/230809/161008_140986_001f543e4335.mp4,"[190, 190, 915, 997]"
2023-08-11,19:46:23.513630,/Users/anupreksha/Desktop/hoophouse2023/flowerPi/aug11backup/videos/001f543e4335/230809/155750_723136_001f543e4335.mp4,[]
2023-08-11,19:46:22.474067,/Users/anupreksha/Desktop/hoophouse2023/flowerPi/aug11backup/videos/001f543e4335/230809/143738_113574_001f543e4335.mp4,[]
2023-08-11,19:46:22.973127,/Users/anupreksha/Desktop/hoophouse2023/flowerPi/aug11backup/videos/001f543e4335/230809/154513_909868_001f543e4335.mp4,[]
2023-08-11,19:46:23.134594,/Users/anupreksha/Desktop/hoophouse2023/flowerPi/aug11backup/videos/001f543e4335/230809/155249_444378_001f543e4335.mp4,[190]
2023-08-11,19:46:20.344744,/Users/anupreksha/Desktop/hoophouse2023/flowerPi/aug11backup/videos/001f543e4335/230809/110958_432240_001f543e4335.mp4,[]
2023-08-11,19:46:24.368849,/Users/anupreksha/Desktop/hoophouse2023/flowerPi/aug11backup/videos/001f543e4335/230809/160615_656753_001f543e4335.mp4,[]
2023-08-11,19:46:22.455398,/Users/anupreksha/Desktop/hoophouse2023/flowerPi/aug11backup/videos/001f543e4335/230809/141828_693941_001f543e4335.mp4,[]
2023-08-11,19:46:22.702737,/Users/anupreksha/Desktop/hoophouse2023/flowerPi/aug11backup/videos/001f543e4335/230809/145440_099784_001f543e4335.mp4,[]
2023-08-11,19:46:23.592805,/Users/anupreksha/Desktop/hoophouse2023/flowerPi/aug11backup/videos/001f543e4335/230809/155856_713524_001f543e4335.mp4,"[37, 190]"
2023-08-11,19:46:23.024351,/Users/anupreksha/Desktop/hoophouse2023/flowerPi/aug11backup/videos/001f543e4335/230809/154843_910846_001f543e4335.mp4,[]
2023-08-11,19:46:25.280977,/Users/anupreksha/Desktop/hoophouse2023/flowerPi/aug11backup/videos/001f543e4335/230809/162547_132391_001f543e4335.mp4,"[106, 930, 127, 190, 106, 190, 106, 190, 106, 106, 106, 106, 106, 896, 190, 657, 106, 944, 896, 987, 666, 987, 987]"
2023-08-11,19:46:22.530655,/Users/anupreksha/Desktop/hoophouse2023/flowerPi/aug11backup/videos/001f543e4335/230809/143846_506143_001f543e4335.mp4,[]
2023-08-11,19:46:20.534560,/Users/anupreksha/Desktop/hoophouse2023/flowerPi/aug11backup/videos/001f543e4335/230809/112251_442026_001f543e4335.mp4,[]
2023-08-11,19:46:25.084603,/Users/anupreksha/Desktop/hoophouse2023/flowerPi/aug11backup/videos/001f543e4335/230809/161804_320106_001f543e4335.mp4,"[190, 190, 190]"
2023-08-11,19:46:20.392437,/Users/anupreksha/Desktop/hoophouse2023/flowerPi/aug11backup/videos/001f543e4335/230809/111153_436518_001f543e4335.mp4,[]
2023-08-11,19:46:25.104694,/Users/anupreksha/Desktop/hoophouse2023/flowerPi/aug11backup/videos/001f543e4335/230809/161828_321637_001f543e4335.mp4,"[190, 190, 190, 190, 987, 987, 987, 666, 190, 145, 987]"
2023-08-11,19:46:22.117301,/Users/anupreksha/Desktop/hoophouse2023/flowerPi/aug11backup/videos/001f543e4335/230809/141236_708494_001f543e4335.mp4,[944]
2023-08-11,19:46:20.635694,/Users/anupreksha/Desktop/hoophouse2023/flowerPi/aug11backup/videos/001f543e4335/230809/112431_447537_001f543e4335.mp4,[]
2023-08-11,19:46:22.840637,/Users/anupreksha/Desktop/hoophouse2023/flowerPi/aug11backup/videos/001f543e4335/230809/152958_504393_001f543e4335.mp4,"[37, 190]"
2023-08-11,19:46:24.959104,/Users/anupreksha/Desktop/hoophouse2023/flowerPi/aug11backup/videos/001f543e4335/230809/161556_330104_001f543e4335.mp4,"[190, 190, 190, 190, 190, 190, 37]"
2023-08-11,19:46:20.729333,/Users/anupreksha/Desktop/hoophouse2023/flowerPi/aug11backup/videos/001f543e4335/230809/113915_043957_001f543e4335.mp4,"[485, 987, 392]"
2023-08-11,19:46:24.320617,/Users/anupreksha/Desktop/hoophouse2023/flowerPi/aug11backup/videos/001f543e4335/230809/160458_519447_001f543e4335.mp4,"[37, 106]"
2023-08-11,19:46:23.174124,/Users/anupreksha/Desktop/hoophouse2023/flowerPi/aug11backup/videos/001f543e4335/230809/155329_444787_001f543e4335.mp4,[190]
2023-08-11,19:46:25.161845,/Users/anupreksha/Desktop/hoophouse2023/flowerPi/aug11backup/videos/001f543e4335/230809/162246_522968_001f543e4335.mp4,"[190, 190, 190, 190]"
2023-08-11,19:46:23.258345,/Users/anupreksha/Desktop/hoophouse2023/flowerPi/aug11backup/videos/001f543e4335/230809/155400_445260_001f543e4335.mp4,"[190, 190]"
2023-08-11,19:46:25.345532,/Users/anupreksha/Desktop/hoophouse2023/flowerPi/aug11backup/videos/001f543e4335/230809/162852_323752_001f543e4335.mp4,[110]
2023-08-11,19:46:24.292331,/Users/anupreksha/Desktop/hoophouse2023/flowerPi/aug11backup/videos/001f543e4335/230809/160407_521828_001f543e4335.mp4,[190]
2023-08-11,19:46:20.182971,/Users/anupreksha/Desktop/hoophouse2023/flowerPi/aug11backup/videos/001f543e4335/230809/110500_031604_001f543e4335.mp4,[]
2023-08-11,19:46:23.319086,/Users/anupreksha/Desktop/hoophouse2023/flowerPi/aug11backup/videos/001f543e4335/230809/155514_514577_001f543e4335.mp4,[190]
2023-08-11,19:46:22.402273,/Users/anupreksha/Desktop/hoophouse2023/flowerPi/aug11backup/videos/001f543e4335/230809/141703_619095_001f543e4335.mp4,[998]
2023-08-11,19:46:25.390821,/Users/anupreksha/Desktop/hoophouse2023/flowerPi/aug11backup/videos/001f543e4335/230809/162938_323483_001f543e4335.mp4,"[106, 106, 700]"
2023-08-11,19:46:24.649838,/Users/anupreksha/Desktop/hoophouse2023/flowerPi/aug11backup/videos/001f543e4335/230809/160950_123369_001f543e4335.mp4,"[190, 190, 190]"
2023-08-11,19:46:22.789473,/Users/anupreksha/Desktop/hoophouse2023/flowerPi/aug11backup/videos/001f543e4335/230809/152137_712755_001f543e4335.mp4,[653]
2023-08-11,19:46:23.731235,/Users/anupreksha/Desktop/hoophouse2023/flowerPi/aug11backup/videos/001f543e4335/230809/160044_714214_001f543e4335.mp4,"[190, 17, 17, 17, 17, 17, 17]"
2023-08-11,19:46:23.383229,/Users/anupreksha/Desktop/hoophouse2023/flowerPi/aug11backup/videos/001f543e4335/230809/155555_512861_001f543e4335.mp4,[190]
2023-08-11,19:46:20.705173,/Users/anupreksha/Desktop/hoophouse2023/flowerPi/aug11backup/videos/001f543e4335/230809/113850_040675_001f543e4335.mp4,[106]
2023-08-11,19:46:25.178436,/Users/anupreksha/Desktop/hoophouse2023/flowerPi/aug11backup/videos/001f543e4335/230809/162318_663196_001f543e4335.mp4,"[190, 190, 190, 930]"
2023-08-11,19:46:20.745618,/Users/anupreksha/Desktop/hoophouse2023/flowerPi/aug11backup/videos/001f543e4335/230809/114115_448208_001f543e4335.mp4,[]
2023-08-11,19:46:25.481976,/Users/anupreksha/Desktop/hoophouse2023/flowerPi/aug11backup/videos/001f543e4335/230809/180420_357058_001f543e4335.mp4,"[106, 726, 998]"
2023-08-11,19:46:23.578019,/Users/anupreksha/Desktop/hoophouse2023/flowerPi/aug11backup/videos/001f543e4335/230809/155830_716990_001f543e4335.mp4,[]
2023-08-11,19:46:24.423372,/Users/anupreksha/Desktop/hoophouse2023/flowerPi/aug11backup/videos/001f543e4335/230809/160652_716192_001f543e4335.mp4,[]
2023-08-11,19:46:25.023847,/Users/anupreksha/Desktop/hoophouse2023/flowerPi/aug11backup/videos/001f543e4335/230809/161700_320712_001f543e4335.mp4,"[653, 190, 190, 190]"
2023-08-11,19:46:22.241092,/Users/anupreksha/Desktop/hoophouse2023/flowerPi/aug11backup/videos/001f543e4335/230809/141413_297250_001f543e4335.mp4,[190]
2023-08-11,19:46:24.943038,/Users/anupreksha/Desktop/hoophouse2023/flowerPi/aug11backup/videos/001f543e4335/230809/161540_319656_001f543e4335.mp4,"[190, 987]"
2023-08-11,19:46:20.363800,/Users/anupreksha/Desktop/hoophouse2023/flowerPi/aug11backup/videos/001f543e4335/230809/111024_433254_001f543e4335.mp4,[]
2023-08-11,19:46:20.849201,/Users/anupreksha/Desktop/hoophouse2023/flowerPi/aug11backup/videos/001f543e4335/230809/134006_093332_001f543e4335.mp4,[]
2023-08-11,19:46:20.619444,/Users/anupreksha/Desktop/hoophouse2023/flowerPi/aug11backup/videos/001f543e4335/230809/112357_443914_001f543e4335.mp4,[]
2023-08-11,19:46:22.644770,/Users/anupreksha/Desktop/hoophouse2023/flowerPi/aug11backup/videos/001f543e4335/230809/145345_031867_001f543e4335.mp4,[]
2023-08-11,19:46:23.442002,/Users/anupreksha/Desktop/hoophouse2023/flowerPi/aug11backup/videos/001f543e4335/230809/155657_646056_001f543e4335.mp4,"[840, 190]"
2023-08-11,19:46:23.113350,/Users/anupreksha/Desktop/hoophouse2023/flowerPi/aug11backup/videos/001f543e4335/230809/155210_314497_001f543e4335.mp4,[]
2023-08-11,19:46:23.421683,/Users/anupreksha/Desktop/hoophouse2023/flowerPi/aug11backup/videos/001f543e4335/230809/155622_646105_001f543e4335.mp4,"[190, 37, 447, 653]"
2023-08-11,19:46:20.592035,/Users/anupreksha/Desktop/hoophouse2023/flowerPi/aug11backup/videos/001f543e4335/230809/112334_443949_001f543e4335.mp4,[]
2023-08-11,19:46:25.121564,/Users/anupreksha/Desktop/hoophouse2023/flowerPi/aug11backup/videos/001f543e4335/230809/161904_545070_001f543e4335.mp4,"[190, 145, 190]"
2023-08-11,19:46:23.199805,/Users/anupreksha/Desktop/hoophouse2023/flowerPi/aug11backup/videos/001f543e4335/230809/155341_444403_001f543e4335.mp4,"[190, 190, 190]"
2023-08-11,19:46:23.494008,/Users/anupreksha/Desktop/hoophouse2023/flowerPi/aug11backup/videos/001f543e4335/230809/155735_646355_001f543e4335.mp4,[]
2023-08-11,19:46:20.669814,/Users/anupreksha/Desktop/hoophouse2023/flowerPi/aug11backup/videos/001f543e4335/230809/113730_844843_001f543e4335.mp4,[]
2023-08-11,19:46:24.218733,/Users/anupreksha/Desktop/hoophouse2023/flowerPi/aug11backup/videos/001f543e4335/230809/160319_517955_001f543e4335.mp4,"[190, 190, 190, 37]"
2023-08-11,19:46:25.194708,/Users/anupreksha/Desktop/hoophouse2023/flowerPi/aug11backup/videos/001f543e4335/230809/162437_734036_001f543e4335.mp4,"[190, 106, 987, 190, 190, 106, 930, 190]"
2023-08-11,19:46:20.331459,/Users/anupreksha/Desktop/hoophouse2023/flowerPi/aug11backup/videos/001f543e4335/230809/110802_237017_001f543e4335.mp4,[]
2023-08-11,19:46:20.519534,/Users/anupreksha/Desktop/hoophouse2023/flowerPi/aug11backup/videos/001f543e4335/230809/112154_437442_001f543e4335.mp4,[429]
2023-08-11,19:46:20.257561,/Users/anupreksha/Desktop/hoophouse2023/flowerPi/aug11backup/videos/001f543e4335/230809/110706_034730_001f543e4335.mp4,[441]
2023-08-11,19:46:25.406418,/Users/anupreksha/Desktop/hoophouse2023/flowerPi/aug11backup/videos/001f543e4335/230809/163000_530339_001f543e4335.mp4,"[726, 726]"
2023-08-11,19:46:22.868424,/Users/anupreksha/Desktop/hoophouse2023/flowerPi/aug11backup/videos/001f543e4335/230809/153314_313834_001f543e4335.mp4,"[17, 987, 17, 17, 17, 17, 17]"
2023-08-11,19:46:24.989619,/Users/anupreksha/Desktop/hoophouse2023/flowerPi/aug11backup/videos/001f543e4335/230809/161612_332468_001f543e4335.mp4,"[190, 190, 190]"
2023-08-11,19:46:22.991331,/Users/anupreksha/Desktop/hoophouse2023/flowerPi/aug11backup/videos/001f543e4335/230809/154630_909714_001f543e4335.mp4,[]
2023-08-11,19:46:23.294631,/Users/anupreksha/Desktop/hoophouse2023/flowerPi/aug11backup/videos/001f543e4335/230809/155500_513068_001f543e4335.mp4,[190]
2023-08-11,19:46:25.361136,/Users/anupreksha/Desktop/hoophouse2023/flowerPi/aug11backup/videos/001f543e4335/230809/162913_323635_001f543e4335.mp4,"[190, 37, 997, 726, 106, 524]"
2023-08-11,19:46:23.348532,/Users/anupreksha/Desktop/hoophouse2023/flowerPi/aug11backup/videos/001f543e4335/230809/155532_515451_001f543e4335.mp4,"[666, 190]"
2023-08-11,19:46:24.771038,/Users/anupreksha/Desktop/hoophouse2023/flowerPi/aug11backup/videos/001f543e4335/230809/161130_522310_001f543e4335.mp4,"[190, 190, 190, 190, 190, 190, 190, 190, 145]"
2023-08-11,19:46:22.425789,/Users/anupreksha/Desktop/hoophouse2023/flowerPi/aug11backup/videos/001f543e4335/230809/141742_685327_001f543e4335.mp4,[]
2023-08-11,19:46:19.187219,/Users/anupreksha/Desktop/hoophouse2023/flowerPi/aug11backup/videos/001f543e4335/230807/172147_098345_001f543e4335.mp4,[]
2023-08-11,19:48:31.523810,/Users/anupreksha/Desktop/hoophouse2023/flowerPi/aug11backup/videos/001f54431b96/230810/054010_312564_001f54431b96.mp4,[]
2023-08-11,19:48:31.506962,/Users/anupreksha/Desktop/hoophouse2023/flowerPi/aug11backup/videos/001f54431b96/230810/053920_312081_001f54431b96.mp4,[]
2023-08-11,19:48:31.474093,/Users/anupreksha/Desktop/hoophouse2023/flowerPi/aug11backup/videos/001f54431b96/230809/161619_647696_001f54431b96.mp4,"[276, 276, 276, 276]"
2023-08-11,19:48:31.432657,/Users/anupreksha/Desktop/hoophouse2023/flowerPi/aug11backup/videos/001f54431b96/230809/132616_548588_001f54431b96.mp4,[]
2023-08-11,19:48:31.453465,/Users/anupreksha/Desktop/hoophouse2023/flowerPi/aug11backup/videos/001f54431b96/230809/134413_956287_001f54431b96.mp4,"[283, 283, 283]"
2023-08-11,19:48:31.354027,/Users/anupreksha/Desktop/hoophouse2023/flowerPi/aug11backup/videos/001f54431b96/230809/104127_440073_001f54431b96.mp4,"[283, 283, 283, 283, 283, 283, 283, 283, 283, 283, 283, 283, 283, 283, 283, 283, 283, 283, 283, 283, 283, 283, 283]"
2023-08-11,19:48:31.388965,/Users/anupreksha/Desktop/hoophouse2023/flowerPi/aug11backup/videos/001f54431b96/230809/125554_117016_001f54431b96.mp4,"[283, 283, 283, 283, 283, 283, 283, 283, 283, 283, 283, 283, 283, 283, 283, 283, 283, 283, 283]"
2023-08-11,19:48:31.336041,/Users/anupreksha/Desktop/hoophouse2023/flowerPi/aug11backup/videos/001f54431b96/230809/101500_427656_001f54431b96.mp4,"[379, 190, 296, 296]"
2023-08-11,19:48:31.371865,/Users/anupreksha/Desktop/hoophouse2023/flowerPi/aug11backup/videos/001f54431b96/230809/115338_893830_001f54431b96.mp4,"[283, 283, 283, 283, 283, 283, 283, 283, 283, 17]"
2023-08-11,19:48:31.405954,/Users/anupreksha/Desktop/hoophouse2023/flowerPi/aug11backup/videos/001f54431b96/230809/125923_323467_001f54431b96.mp4,"[296, 296, 296, 296, 296, 296, 296, 296, 296, 296, 296, 296, 296, 296, 296, 296, 296, 296, 296, 296, 296, 296, 296, 296]"
2023-08-11,19:48:31.205258,/Users/anupreksha/Desktop/hoophouse2023/flowerPi/aug11backup/videos/001f54431b96/230807/171740_407468_001f54431b96.mp4,"[17, 127]"
2023-08-11,19:48:31.179578,/Users/anupreksha/Desktop/hoophouse2023/flowerPi/aug11backup/videos/001f54431b96/230807/170644_605439_001f54431b96.mp4,"[853, 17, 17]"
2023-08-11,19:48:31.165938,/Users/anupreksha/Desktop/hoophouse2023/flowerPi/aug11backup/videos/001f54431b96/230807/170204_407189_001f54431b96.mp4,"[944, 944]"
2023-08-11,19:48:31.225702,/Users/anupreksha/Desktop/hoophouse2023/flowerPi/aug11backup/videos/001f54431b96/230808/132622_302775_001f54431b96.mp4,[190]
2023-08-14,13:27:30.305608,/Users/anupreksha/Desktop/hoophouse2023/flowerPi/aug11backup/videos/001f54431b96/230808/182021_249769_001f54431b96.mp4,[]
2023-08-11,19:45:35.617131,/Users/anupreksha/Desktop/hoophouse2023/flowerPi/aug11backup/videos/001f543e37bf/230810/121433_061377_001f543e37bf.mp4,[]
2023-08-11,19:45:35.532475,/Users/anupreksha/Desktop/hoophouse2023/flowerPi/aug11backup/videos/001f543e37bf/230810/090948_808886_001f543e37bf.mp4,"[17, 17, 17, 17, 17]"
2023-08-11,19:45:35.560682,/Users/anupreksha/Desktop/hoophouse2023/flowerPi/aug11backup/videos/001f543e37bf/230810/095020_423060_001f543e37bf.mp4,"[283, 283, 283, 283]"
2023-08-11,19:45:35.582588,/Users/anupreksha/Desktop/hoophouse2023/flowerPi/aug11backup/videos/001f543e37bf/230810/103807_968769_001f543e37bf.mp4,[296]
2023-08-11,19:45:35.627129,/Users/anupreksha/Desktop/hoophouse2023/flowerPi/aug11backup/videos/001f543e37bf/230810/130209_677882_001f543e37bf.mp4,[470]
2023-08-11,19:45:35.604622,/Users/anupreksha/Desktop/hoophouse2023/flowerPi/aug11backup/videos/001f543e37bf/230810/113604_051373_001f543e37bf.mp4,[]
2023-08-11,19:45:35.571934,/Users/anupreksha/Desktop/hoophouse2023/flowerPi/aug11backup/videos/001f543e37bf/230810/095925_829668_001f543e37bf.mp4,"[296, 296]"
2023-08-11,19:45:35.546708,/Users/anupreksha/Desktop/hoophouse2023/flowerPi/aug11backup/videos/001f543e37bf/230810/092205_814967_001f543e37bf.mp4,[]
2023-08-11,19:45:35.522020,/Users/anupreksha/Desktop/hoophouse2023/flowerPi/aug11backup/videos/001f543e37bf/230810/085455_404637_001f543e37bf.mp4,"[103, 103]"
2023-08-14,13:37:32.901593,/Users/anupreksha/Desktop/hoophouse2023/flowerPi/aug11backup/videos/001f543e37bf/230810/110657_044196_001f543e37bf.mp4,[]
2023-08-11,19:45:35.335193,/Users/anupreksha/Desktop/hoophouse2023/flowerPi/aug11backup/videos/001f543e37bf/230809/161509_487485_001f543e37bf.mp4,"[276, 276, 276, 276, 276, 276, 276, 276, 276, 276, 276, 276, 276, 276, 276, 276, 276, 276, 276, 276, 276, 276, 276, 276, 276, 276, 350, 276, 276, 276, 276, 276, 276, 276, 276, 276, 276, 276, 276, 276, 276]"
2023-08-11,19:45:35.360640,/Users/anupreksha/Desktop/hoophouse2023/flowerPi/aug11backup/videos/001f543e37bf/230809/161529_488111_001f543e37bf.mp4,"[276, 276, 276, 276, 276, 276, 276, 276, 276, 276, 276, 276, 276, 276, 276, 276, 276, 276, 276, 276, 276, 944, 276, 276, 276, 276, 276, 276, 276, 276]"
2023-08-11,19:45:35.436030,/Users/anupreksha/Desktop/hoophouse2023/flowerPi/aug11backup/videos/001f543e37bf/230809/180303_522539_001f543e37bf.mp4,"[848, 283, 283]"
2023-08-11,19:45:35.300737,/Users/anupreksha/Desktop/hoophouse2023/flowerPi/aug11backup/videos/001f543e37bf/230809/160558_289276_001f543e37bf.mp4,[]
2023-08-11,19:45:35.452834,/Users/anupreksha/Desktop/hoophouse2023/flowerPi/aug11backup/videos/001f543e37bf/230809/180805_525592_001f543e37bf.mp4,"[319, 103, 276, 276, 276, 276, 276, 276, 276]"
2023-08-14,13:30:55.714381,/Users/anupreksha/Desktop/hoophouse2023/flowerPi/aug11backup/videos/001f543e37bf/230809/165035_300868_001f543e37bf.mp4,"[276, 276, 276, 276, 276, 276, 276, 276, 276, 276, 276, 276, 276, 276, 276, 276, 276, 276, 276, 276, 276]"
2023-08-11,19:45:35.403753,/Users/anupreksha/Desktop/hoophouse2023/flowerPi/aug11backup/videos/001f543e37bf/230809/165059_900361_001f543e37bf.mp4,"[103, 276, 276, 276, 276, 276, 276, 276, 276, 276, 276, 276, 276, 276, 276, 276, 276, 276]"
2023-08-11,19:45:35.422195,/Users/anupreksha/Desktop/hoophouse2023/flowerPi/aug11backup/videos/001f543e37bf/230809/165145_101891_001f543e37bf.mp4,[]
2023-08-14,13:31:42.296188,/Users/anupreksha/Desktop/hoophouse2023/flowerPi/aug11backup/videos/001f543e37bf/230809/161455_486824_001f543e37bf.mp4,"[276, 276, 276, 276, 276, 276, 276, 276, 276, 276, 276, 276, 276, 276, 276, 276, 276, 276, 276, 276, 276, 276, 276, 276, 276, 276, 276, 276, 276, 276, 276, 276, 276, 276, 276, 276, 276, 276]"
2023-08-14,13:38:01.270735,/Users/anupreksha/Desktop/hoophouse2023/flowerPi/aug11backup/videos/001f543e37bf/230809/153722_686908_001f543e37bf.mp4,[]
2023-08-14,13:37:51.532489,/Users/anupreksha/Desktop/hoophouse2023/flowerPi/aug11backup/videos/001f543e37bf/230809/153750_885953_001f543e37bf.mp4,"[852, 852]"
2023-08-11,19:45:28.272293,/Users/anupreksha/Desktop/hoophouse2023/flowerPi/aug11backup/videos/001f543e37bf/230807/172006_474446_001f543e37bf.mp4,[]
2023-08-11,19:45:33.560402,/Users/anupreksha/Desktop/hoophouse2023/flowerPi/aug11backup/videos/001f543e37bf/230808/164112_862258_001f543e37bf.mp4,"[127, 127, 127, 127, 127]"
2023-08-11,19:45:31.522206,/Users/anupreksha/Desktop/hoophouse2023/flowerPi/aug11backup/videos/001f543e37bf/230808/155708_788252_001f543e37bf.mp4,[]
2023-08-11,19:45:34.974578,/Users/anupreksha/Desktop/hoophouse2023/flowerPi/aug11backup/videos/001f543e37bf/230808/174345_476035_001f543e37bf.mp4,[]
2023-08-11,19:45:31.145785,/Users/anupreksha/Desktop/hoophouse2023/flowerPi/aug11backup/videos/001f543e37bf/230808/150110_030367_001f543e37bf.mp4,[]
2023-08-11,19:45:34.791408,/Users/anupreksha/Desktop/hoophouse2023/flowerPi/aug11backup/videos/001f543e37bf/230808/172109_077416_001f543e37bf.mp4,[]
2023-08-11,19:45:33.735155,/Users/anupreksha/Desktop/hoophouse2023/flowerPi/aug11backup/videos/001f543e37bf/230808/165424_875257_001f543e37bf.mp4,[]
2023-08-11,19:45:34.293449,/Users/anupreksha/Desktop/hoophouse2023/flowerPi/aug11backup/videos/001f543e37bf/230808/171338_880336_001f543e37bf.mp4,[130]
2023-08-11,19:45:35.112635,/Users/anupreksha/Desktop/hoophouse2023/flowerPi/aug11backup/videos/001f543e37bf/230808/180205_092345_001f543e37bf.mp4,[]
2023-08-11,19:45:32.406955,/Users/anupreksha/Desktop/hoophouse2023/flowerPi/aug11backup/videos/001f543e37bf/230808/163451_859155_001f543e37bf.mp4,"[17, 930]"
2023-08-11,19:45:33.886598,/Users/anupreksha/Desktop/hoophouse2023/flowerPi/aug11backup/videos/001f543e37bf/230808/170518_264606_001f543e37bf.mp4,[]
2023-08-14,13:38:36.804240,/Users/anupreksha/Desktop/hoophouse2023/flowerPi/aug11backup/videos/001f543e37bf/230808/134859_953704_001f543e37bf.mp4,"[17, 17, 17]"
2023-08-11,19:45:29.789211,/Users/anupreksha/Desktop/hoophouse2023/flowerPi/aug11backup/videos/001f543e37bf/230808/135759_223225_001f543e37bf.mp4,"[669, 414]"
2023-08-11,19:45:31.723338,/Users/anupreksha/Desktop/hoophouse2023/flowerPi/aug11backup/videos/001f543e37bf/230808/160333_047239_001f543e37bf.mp4,[]
2023-08-11,19:45:31.889216,/Users/anupreksha/Desktop/hoophouse2023/flowerPi/aug11backup/videos/001f543e37bf/230808/161208_450864_001f543e37bf.mp4,[]
2023-08-11,19:45:31.217024,/Users/anupreksha/Desktop/hoophouse2023/flowerPi/aug11backup/videos/001f543e37bf/230808/150930_231943_001f543e37bf.mp4,"[17, 17, 17, 17]"
2023-08-11,19:45:32.220347,/Users/anupreksha/Desktop/hoophouse2023/flowerPi/aug11backup/videos/001f543e37bf/230808/163136_453810_001f543e37bf.mp4,"[17, 653, 653, 17]"
2023-08-11,19:45:29.756338,/Users/anupreksha/Desktop/hoophouse2023/flowerPi/aug11backup/videos/001f543e37bf/230808/135716_225022_001f543e37bf.mp4,[]
2023-08-11,19:45:31.128539,/Users/anupreksha/Desktop/hoophouse2023/flowerPi/aug11backup/videos/001f543e37bf/230808/150029_031752_001f543e37bf.mp4,[]
2023-08-11,19:45:29.648591,/Users/anupreksha/Desktop/hoophouse2023/flowerPi/aug11backup/videos/001f543e37bf/230808/135513_427790_001f543e37bf.mp4,[]
2023-08-11,19:45:34.531471,/Users/anupreksha/Desktop/hoophouse2023/flowerPi/aug11backup/videos/001f543e37bf/230808/171715_078031_001f543e37bf.mp4,[]
2023-08-11,19:45:35.161473,/Users/anupreksha/Desktop/hoophouse2023/flowerPi/aug11backup/videos/001f543e37bf/230808/180310_483277_001f543e37bf.mp4,[]
2023-08-11,19:45:34.188653,/Users/anupreksha/Desktop/hoophouse2023/flowerPi/aug11backup/videos/001f543e37bf/230808/171154_675688_001f543e37bf.mp4,[]
2023-08-11,19:45:33.654174,/Users/anupreksha/Desktop/hoophouse2023/flowerPi/aug11backup/videos/001f543e37bf/230808/164734_864842_001f543e37bf.mp4,[]
2023-08-11,19:45:34.311725,/Users/anupreksha/Desktop/hoophouse2023/flowerPi/aug11backup/videos/001f543e37bf/230808/171354_877252_001f543e37bf.mp4,[997]
2023-08-11,19:45:34.122653,/Users/anupreksha/Desktop/hoophouse2023/flowerPi/aug11backup/videos/001f543e37bf/230808/171114_469936_001f543e37bf.mp4,[]
2023-08-11,19:45:31.643525,/Users/anupreksha/Desktop/hoophouse2023/flowerPi/aug11backup/videos/001f543e37bf/230808/160138_848834_001f543e37bf.mp4,"[127, 127, 127, 127, 127, 17, 17, 17, 17]"
2023-08-11,19:45:33.902396,/Users/anupreksha/Desktop/hoophouse2023/flowerPi/aug11backup/videos/001f543e37bf/230808/170609_262818_001f543e37bf.mp4,[]
2023-08-11,19:45:35.002991,/Users/anupreksha/Desktop/hoophouse2023/flowerPi/aug11backup/videos/001f543e37bf/230808/174423_477226_001f543e37bf.mp4,[]
2023-08-11,19:45:34.009127,/Users/anupreksha/Desktop/hoophouse2023/flowerPi/aug11backup/videos/001f543e37bf/230808/170810_078022_001f543e37bf.mp4,"[17, 17, 17, 17, 17]"
2023-08-11,19:45:32.432348,/Users/anupreksha/Desktop/hoophouse2023/flowerPi/aug11backup/videos/001f543e37bf/230808/163504_858622_001f543e37bf.mp4,[]
2023-08-11,19:45:31.108532,/Users/anupreksha/Desktop/hoophouse2023/flowerPi/aug11backup/videos/001f543e37bf/230808/144406_029672_001f543e37bf.mp4,[]
2023-08-11,19:45:35.060599,/Users/anupreksha/Desktop/hoophouse2023/flowerPi/aug11backup/videos/001f543e37bf/230808/174525_676605_001f543e37bf.mp4,[]
2023-08-11,19:45:29.921947,/Users/anupreksha/Desktop/hoophouse2023/flowerPi/aug11backup/videos/001f543e37bf/230808/141243_971318_001f543e37bf.mp4,[]
2023-08-11,19:45:32.474005,/Users/anupreksha/Desktop/hoophouse2023/flowerPi/aug11backup/videos/001f543e37bf/230808/163540_862712_001f543e37bf.mp4,[]
2023-08-11,19:45:34.024550,/Users/anupreksha/Desktop/hoophouse2023/flowerPi/aug11backup/videos/001f543e37bf/230808/170828_079108_001f543e37bf.mp4,[]
2023-08-11,19:45:29.987686,/Users/anupreksha/Desktop/hoophouse2023/flowerPi/aug11backup/videos/001f543e37bf/230808/141401_022439_001f543e37bf.mp4,[]
2023-08-11,19:45:29.631957,/Users/anupreksha/Desktop/hoophouse2023/flowerPi/aug11backup/videos/001f543e37bf/230808/135455_429841_001f543e37bf.mp4,[]
2023-08-11,19:45:31.200999,/Users/anupreksha/Desktop/hoophouse2023/flowerPi/aug11backup/videos/001f543e37bf/230808/150857_236874_001f543e37bf.mp4,[]
2023-08-11,19:45:34.876260,/Users/anupreksha/Desktop/hoophouse2023/flowerPi/aug11backup/videos/001f543e37bf/230808/174155_474208_001f543e37bf.mp4,[]
2023-08-11,19:45:34.658098,/Users/anupreksha/Desktop/hoophouse2023/flowerPi/aug11backup/videos/001f543e37bf/230808/171903_069655_001f543e37bf.mp4,[]
2023-08-11,19:45:29.854000,/Users/anupreksha/Desktop/hoophouse2023/flowerPi/aug11backup/videos/001f543e37bf/230808/140117_559792_001f543e37bf.mp4,[]
2023-08-11,19:45:29.446484,/Users/anupreksha/Desktop/hoophouse2023/flowerPi/aug11backup/videos/001f543e37bf/230808/135129_161625_001f543e37bf.mp4,[]
2023-08-11,19:45:31.576056,/Users/anupreksha/Desktop/hoophouse2023/flowerPi/aug11backup/videos/001f543e37bf/230808/160047_849766_001f543e37bf.mp4,[]
2023-08-11,19:45:32.022475,/Users/anupreksha/Desktop/hoophouse2023/flowerPi/aug11backup/videos/001f543e37bf/230808/162719_060349_001f543e37bf.mp4,[]
2023-08-11,19:45:33.814375,/Users/anupreksha/Desktop/hoophouse2023/flowerPi/aug11backup/videos/001f543e37bf/230808/170313_264000_001f543e37bf.mp4,[]
2023-08-11,19:45:34.777580,/Users/anupreksha/Desktop/hoophouse2023/flowerPi/aug11backup/videos/001f543e37bf/230808/172031_074294_001f543e37bf.mp4,[]
2023-08-11,19:45:29.197287,/Users/anupreksha/Desktop/hoophouse2023/flowerPi/aug11backup/videos/001f543e37bf/230808/113932_207013_001f543e37bf.mp4,"[995, 250]"
2023-08-11,19:45:29.534225,/Users/anupreksha/Desktop/hoophouse2023/flowerPi/aug11backup/videos/001f543e37bf/230808/135237_233353_001f543e37bf.mp4,[]
2023-08-11,19:45:33.621289,/Users/anupreksha/Desktop/hoophouse2023/flowerPi/aug11backup/videos/001f543e37bf/230808/164619_869272_001f543e37bf.mp4,[]
2023-08-11,19:45:35.083788,/Users/anupreksha/Desktop/hoophouse2023/flowerPi/aug11backup/videos/001f543e37bf/230808/174540_675505_001f543e37bf.mp4,[]
2023-08-11,19:45:31.385389,/Users/anupreksha/Desktop/hoophouse2023/flowerPi/aug11backup/videos/001f543e37bf/230808/154643_244812_001f543e37bf.mp4,[]
2023-08-11,19:45:34.276842,/Users/anupreksha/Desktop/hoophouse2023/flowerPi/aug11backup/videos/001f543e37bf/230808/171322_865855_001f543e37bf.mp4,[]
2023-08-11,19:45:34.629747,/Users/anupreksha/Desktop/hoophouse2023/flowerPi/aug11backup/videos/001f543e37bf/230808/171841_077593_001f543e37bf.mp4,"[653, 653, 653, 653, 653]"
2023-08-11,19:45:32.390648,/Users/anupreksha/Desktop/hoophouse2023/flowerPi/aug11backup/videos/001f543e37bf/230808/163430_855486_001f543e37bf.mp4,[]
2023-08-11,19:45:29.870953,/Users/anupreksha/Desktop/hoophouse2023/flowerPi/aug11backup/videos/001f543e37bf/230808/141022_431801_001f543e37bf.mp4,[]
2023-08-11,19:45:29.473914,/Users/anupreksha/Desktop/hoophouse2023/flowerPi/aug11backup/videos/001f543e37bf/230808/135150_223124_001f543e37bf.mp4,"[17, 17, 17, 17, 17]"
2023-08-11,19:45:31.919987,/Users/anupreksha/Desktop/hoophouse2023/flowerPi/aug11backup/videos/001f543e37bf/230808/161231_455670_001f543e37bf.mp4,[]
2023-08-11,19:45:34.715738,/Users/anupreksha/Desktop/hoophouse2023/flowerPi/aug11backup/videos/001f543e37bf/230808/171951_077188_001f543e37bf.mp4,"[845, 845, 845]"
2023-08-11,19:45:34.368730,/Users/anupreksha/Desktop/hoophouse2023/flowerPi/aug11backup/videos/001f543e37bf/230808/171445_001484_001f543e37bf.mp4,[]
2023-08-11,19:45:33.798798,/Users/anupreksha/Desktop/hoophouse2023/flowerPi/aug11backup/videos/001f543e37bf/230808/170252_264892_001f543e37bf.mp4,[]
2023-08-11,19:45:31.063112,/Users/anupreksha/Desktop/hoophouse2023/flowerPi/aug11backup/videos/001f543e37bf/230808/141727_026349_001f543e37bf.mp4,[]
2023-08-11,19:45:29.593319,/Users/anupreksha/Desktop/hoophouse2023/flowerPi/aug11backup/videos/001f543e37bf/230808/135317_231720_001f543e37bf.mp4,[]
2023-08-11,19:45:32.619639,/Users/anupreksha/Desktop/hoophouse2023/flowerPi/aug11backup/videos/001f543e37bf/230808/163803_862106_001f543e37bf.mp4,[]
2023-08-11,19:45:32.250931,/Users/anupreksha/Desktop/hoophouse2023/flowerPi/aug11backup/videos/001f543e37bf/230808/163212_459511_001f543e37bf.mp4,[]
2023-08-11,19:45:32.275463,/Users/anupreksha/Desktop/hoophouse2023/flowerPi/aug11backup/videos/001f543e37bf/230808/163236_460825_001f543e37bf.mp4,[]
2023-08-11,19:45:34.862511,/Users/anupreksha/Desktop/hoophouse2023/flowerPi/aug11backup/videos/001f543e37bf/230808/172219_072954_001f543e37bf.mp4,[]
2023-08-11,19:45:32.150475,/Users/anupreksha/Desktop/hoophouse2023/flowerPi/aug11backup/videos/001f543e37bf/230808/163016_459407_001f543e37bf.mp4,"[17, 17]"
2023-08-11,19:45:31.670243,/Users/anupreksha/Desktop/hoophouse2023/flowerPi/aug11backup/videos/001f543e37bf/230808/160208_850291_001f543e37bf.mp4,"[987, 470]"
2023-08-11,19:45:31.260387,/Users/anupreksha/Desktop/hoophouse2023/flowerPi/aug11backup/videos/001f543e37bf/230808/151006_247514_001f543e37bf.mp4,[]
2023-08-11,19:45:31.707514,/Users/anupreksha/Desktop/hoophouse2023/flowerPi/aug11backup/videos/001f543e37bf/230808/160300_847680_001f543e37bf.mp4,[]
2023-08-11,19:45:29.887713,/Users/anupreksha/Desktop/hoophouse2023/flowerPi/aug11backup/videos/001f543e37bf/230808/141041_564545_001f543e37bf.mp4,[]
2023-08-11,19:45:34.086975,/Users/anupreksha/Desktop/hoophouse2023/flowerPi/aug11backup/videos/001f543e37bf/230808/171039_263029_001f543e37bf.mp4,[]
2023-08-11,19:45:33.718516,/Users/anupreksha/Desktop/hoophouse2023/flowerPi/aug11backup/videos/001f543e37bf/230808/165351_870621_001f543e37bf.mp4,[17]
2023-08-11,19:45:34.223623,/Users/anupreksha/Desktop/hoophouse2023/flowerPi/aug11backup/videos/001f543e37bf/230808/171244_667532_001f543e37bf.mp4,[17]
2023-08-11,19:45:29.724383,/Users/anupreksha/Desktop/hoophouse2023/flowerPi/aug11backup/videos/001f543e37bf/230808/135632_220594_001f543e37bf.mp4,"[414, 414, 414, 414, 437, 437, 437, 437, 437]"
2023-08-11,19:45:29.972046,/Users/anupreksha/Desktop/hoophouse2023/flowerPi/aug11backup/videos/001f543e37bf/230808/141345_034614_001f543e37bf.mp4,[]
2023-08-11,19:45:34.402755,/Users/anupreksha/Desktop/hoophouse2023/flowerPi/aug11backup/videos/001f543e37bf/230808/171503_001195_001f543e37bf.mp4,[]
2023-08-11,19:45:34.588384,/Users/anupreksha/Desktop/hoophouse2023/flowerPi/aug11backup/videos/001f543e37bf/230808/171803_074404_001f543e37bf.mp4,[414]
2023-08-11,19:45:33.870907,/Users/anupreksha/Desktop/hoophouse2023/flowerPi/aug11backup/videos/001f543e37bf/230808/170444_262417_001f543e37bf.mp4,[]
2023-08-11,19:45:29.772567,/Users/anupreksha/Desktop/hoophouse2023/flowerPi/aug11backup/videos/001f543e37bf/230808/135736_228304_001f543e37bf.mp4,[]
2023-08-11,19:45:31.598291,/Users/anupreksha/Desktop/hoophouse2023/flowerPi/aug11backup/videos/001f543e37bf/230808/160102_847773_001f543e37bf.mp4,"[666, 190]"
2023-08-11,19:45:31.312211,/Users/anupreksha/Desktop/hoophouse2023/flowerPi/aug11backup/videos/001f543e37bf/230808/154508_240417_001f543e37bf.mp4,[]
2023-08-11,19:45:32.195168,/Users/anupreksha/Desktop/hoophouse2023/flowerPi/aug11backup/videos/001f543e37bf/230808/163108_458273_001f543e37bf.mp4,[]
2023-08-11,19:45:33.637536,/Users/anupreksha/Desktop/hoophouse2023/flowerPi/aug11backup/videos/001f543e37bf/230808/164707_881801_001f543e37bf.mp4,[]
2023-08-14,13:25:47.286276,/Users/anupreksha/Desktop/hoophouse2023/flowerPi/aug11backup/videos/001f543e37bf/230808/174256_477744_001f543e37bf.mp4,[]
2023-08-11,19:45:32.587992,/Users/anupreksha/Desktop/hoophouse2023/flowerPi/aug11backup/videos/001f543e37bf/230808/163722_857920_001f543e37bf.mp4,[]
2023-08-11,19:45:33.838621,/Users/anupreksha/Desktop/hoophouse2023/flowerPi/aug11backup/videos/001f543e37bf/230808/170340_271530_001f543e37bf.mp4,[]
2023-08-14,13:26:07.163317,/Users/anupreksha/Desktop/hoophouse2023/flowerPi/aug11backup/videos/001f543e37bf/230808/134934_956534_001f543e37bf.mp4,"[17, 17, 17, 17, 17, 17, 17, 17, 17, 17, 17, 17, 17]"
2023-08-11,19:45:31.094394,/Users/anupreksha/Desktop/hoophouse2023/flowerPi/aug11backup/videos/001f543e37bf/230808/141845_225876_001f543e37bf.mp4,[]
2023-08-11,19:45:29.666701,/Users/anupreksha/Desktop/hoophouse2023/flowerPi/aug11backup/videos/001f543e37bf/230808/135526_430766_001f543e37bf.mp4,[653]
2023-08-11,19:45:29.939089,/Users/anupreksha/Desktop/hoophouse2023/flowerPi/aug11backup/videos/001f543e37bf/230808/141304_972129_001f543e37bf.mp4,[]
2023-08-11,19:45:33.470275,/Users/anupreksha/Desktop/hoophouse2023/flowerPi/aug11backup/videos/001f543e37bf/230808/164020_858780_001f543e37bf.mp4,[]
2023-08-11,19:45:29.836314,/Users/anupreksha/Desktop/hoophouse2023/flowerPi/aug11backup/videos/001f543e37bf/230808/140010_562944_001f543e37bf.mp4,[]
2023-08-11,19:45:31.163022,/Users/anupreksha/Desktop/hoophouse2023/flowerPi/aug11backup/videos/001f543e37bf/230808/150443_166050_001f543e37bf.mp4,[]
2023-08-11,19:45:34.330696,/Users/anupreksha/Desktop/hoophouse2023/flowerPi/aug11backup/videos/001f543e37bf/230808/171412_874677_001f543e37bf.mp4,[]
2023-08-11,19:45:34.345957,/Users/anupreksha/Desktop/hoophouse2023/flowerPi/aug11backup/videos/001f543e37bf/230808/171432_875412_001f543e37bf.mp4,[]
2023-08-11,19:45:31.995824,/Users/anupreksha/Desktop/hoophouse2023/flowerPi/aug11backup/videos/001f543e37bf/230808/162653_061588_001f543e37bf.mp4,[109]
2023-08-11,19:45:33.424169,/Users/anupreksha/Desktop/hoophouse2023/flowerPi/aug11backup/videos/001f543e37bf/230808/163931_870355_001f543e37bf.mp4,[]
2023-08-11,19:45:33.486136,/Users/anupreksha/Desktop/hoophouse2023/flowerPi/aug11backup/videos/001f543e37bf/230808/164034_859951_001f543e37bf.mp4,[]
2023-08-11,19:45:31.179887,/Users/anupreksha/Desktop/hoophouse2023/flowerPi/aug11backup/videos/001f543e37bf/230808/150603_166704_001f543e37bf.mp4,"[422, 422]"
2023-08-11,19:45:33.574107,/Users/anupreksha/Desktop/hoophouse2023/flowerPi/aug11backup/videos/001f543e37bf/230808/164158_863310_001f543e37bf.mp4,[]
2023-08-11,19:45:34.687151,/Users/anupreksha/Desktop/hoophouse2023/flowerPi/aug11backup/videos/001f543e37bf/230808/171927_072661_001f543e37bf.mp4,"[414, 414, 414, 414, 414]"
2023-08-11,19:45:34.807088,/Users/anupreksha/Desktop/hoophouse2023/flowerPi/aug11backup/videos/001f543e37bf/230808/172123_080691_001f543e37bf.mp4,[]
2023-08-11,19:45:31.541531,/Users/anupreksha/Desktop/hoophouse2023/flowerPi/aug11backup/videos/001f543e37bf/230808/155720_850407_001f543e37bf.mp4,[]
2023-08-11,19:45:29.740461,/Users/anupreksha/Desktop/hoophouse2023/flowerPi/aug11backup/videos/001f543e37bf/230808/135658_230382_001f543e37bf.mp4,[]
2023-08-11,19:45:33.605200,/Users/anupreksha/Desktop/hoophouse2023/flowerPi/aug11backup/videos/001f543e37bf/230808/164320_858985_001f543e37bf.mp4,[]
2023-08-11,19:45:33.988262,/Users/anupreksha/Desktop/hoophouse2023/flowerPi/aug11backup/videos/001f543e37bf/230808/170757_079933_001f543e37bf.mp4,[]
2023-08-11,19:45:31.370114,/Users/anupreksha/Desktop/hoophouse2023/flowerPi/aug11backup/videos/001f543e37bf/230808/154609_240931_001f543e37bf.mp4,[]
2023-08-11,19:45:32.341238,/Users/anupreksha/Desktop/hoophouse2023/flowerPi/aug11backup/videos/001f543e37bf/230808/163341_863806_001f543e37bf.mp4,[470]
2023-08-11,19:45:29.255700,/Users/anupreksha/Desktop/hoophouse2023/flowerPi/aug11backup/videos/001f543e37bf/230808/123518_799800_001f543e37bf.mp4,[]
2023-08-11,19:45:31.813963,/Users/anupreksha/Desktop/hoophouse2023/flowerPi/aug11backup/videos/001f543e37bf/230808/160829_247911_001f543e37bf.mp4,"[17, 17, 17]"
2023-08-11,19:45:31.469301,/Users/anupreksha/Desktop/hoophouse2023/flowerPi/aug11backup/videos/001f543e37bf/230808/154810_242764_001f543e37bf.mp4,[]
2023-08-11,19:45:29.215743,/Users/anupreksha/Desktop/hoophouse2023/flowerPi/aug11backup/videos/001f543e37bf/230808/114334_788548_001f543e37bf.mp4,[190]
2023-08-11,19:45:30.004590,/Users/anupreksha/Desktop/hoophouse2023/flowerPi/aug11backup/videos/001f543e37bf/230808/141423_022353_001f543e37bf.mp4,[37]
2023-08-11,19:45:32.174287,/Users/anupreksha/Desktop/hoophouse2023/flowerPi/aug11backup/videos/001f543e37bf/230808/163032_457709_001f543e37bf.mp4,[]
2023-08-11,19:45:31.238160,/Users/anupreksha/Desktop/hoophouse2023/flowerPi/aug11backup/videos/001f543e37bf/230808/150941_235585_001f543e37bf.mp4,"[470, 470]"
2023-08-11,19:45:29.955897,/Users/anupreksha/Desktop/hoophouse2023/flowerPi/aug11backup/videos/001f543e37bf/230808/141320_033100_001f543e37bf.mp4,[]
2023-08-11,19:45:33.454628,/Users/anupreksha/Desktop/hoophouse2023/flowerPi/aug11backup/videos/001f543e37bf/230808/163958_865083_001f543e37bf.mp4,[430]
2023-08-11,19:45:35.098314,/Users/anupreksha/Desktop/hoophouse2023/flowerPi/aug11backup/videos/001f543e37bf/230808/175854_878761_001f543e37bf.mp4,[]
2023-08-11,19:45:29.237180,/Users/anupreksha/Desktop/hoophouse2023/flowerPi/aug11backup/videos/001f543e37bf/230808/121900_795177_001f543e37bf.mp4,[]
2023-08-11,19:45:34.071724,/Users/anupreksha/Desktop/hoophouse2023/flowerPi/aug11backup/videos/001f543e37bf/230808/171010_270466_001f543e37bf.mp4,[]
2023-08-11,19:45:33.751537,/Users/anupreksha/Desktop/hoophouse2023/flowerPi/aug11backup/videos/001f543e37bf/230808/165436_868902_001f543e37bf.mp4,[]
2023-08-11,19:45:29.819438,/Users/anupreksha/Desktop/hoophouse2023/flowerPi/aug11backup/videos/001f543e37bf/230808/135957_430777_001f543e37bf.mp4,[]
2023-08-11,19:45:31.556206,/Users/anupreksha/Desktop/hoophouse2023/flowerPi/aug11backup/videos/001f543e37bf/230808/155838_846738_001f543e37bf.mp4,[17]
2023-08-11,19:45:29.330298,/Users/anupreksha/Desktop/hoophouse2023/flowerPi/aug11backup/videos/001f543e37bf/230808/135001_036481_001f543e37bf.mp4,"[17, 17, 17, 17, 17]"
2023-08-11,19:45:29.417884,/Users/anupreksha/Desktop/hoophouse2023/flowerPi/aug11backup/videos/001f543e37bf/230808/135110_158050_001f543e37bf.mp4,"[17, 17, 17, 17, 17, 17]"
2023-08-11,19:45:34.239172,/Users/anupreksha/Desktop/hoophouse2023/flowerPi/aug11backup/videos/001f543e37bf/230808/171258_669061_001f543e37bf.mp4,[]
2023-08-11,19:45:31.950974,/Users/anupreksha/Desktop/hoophouse2023/flowerPi/aug11backup/videos/001f543e37bf/230808/161532_653622_001f543e37bf.mp4,[]
2023-08-11,19:45:33.703267,/Users/anupreksha/Desktop/hoophouse2023/flowerPi/aug11backup/videos/001f543e37bf/230808/165320_862154_001f543e37bf.mp4,[216]
2023-08-11,19:45:31.873401,/Users/anupreksha/Desktop/hoophouse2023/flowerPi/aug11backup/videos/001f543e37bf/230808/161155_448566_001f543e37bf.mp4,"[437, 437, 437, 437, 437, 425]"
2023-08-11,19:45:34.442741,/Users/anupreksha/Desktop/hoophouse2023/flowerPi/aug11backup/videos/001f543e37bf/230808/171608_076783_001f543e37bf.mp4,[]
2023-08-11,19:45:31.280796,/Users/anupreksha/Desktop/hoophouse2023/flowerPi/aug11backup/videos/001f543e37bf/230808/151459_434576_001f543e37bf.mp4,[]
2023-08-11,19:45:29.904771,/Users/anupreksha/Desktop/hoophouse2023/flowerPi/aug11backup/videos/001f543e37bf/230808/141156_764136_001f543e37bf.mp4,[]
2023-08-11,19:45:33.856132,/Users/anupreksha/Desktop/hoophouse2023/flowerPi/aug11backup/videos/001f543e37bf/230808/170358_267543_001f543e37bf.mp4,[]
2023-08-11,19:45:31.966987,/Users/anupreksha/Desktop/hoophouse2023/flowerPi/aug11backup/videos/001f543e37bf/230808/162636_865387_001f543e37bf.mp4,[]
2023-08-11,19:45:34.735674,/Users/anupreksha/Desktop/hoophouse2023/flowerPi/aug11backup/videos/001f543e37bf/230808/172014_081496_001f543e37bf.mp4,[]
2023-08-11,19:45:31.691340,/Users/anupreksha/Desktop/hoophouse2023/flowerPi/aug11backup/videos/001f543e37bf/230808/160236_851461_001f543e37bf.mp4,[]
2023-08-11,19:45:32.047212,/Users/anupreksha/Desktop/hoophouse2023/flowerPi/aug11backup/videos/001f543e37bf/230808/162749_056813_001f543e37bf.mp4,[638]
2023-08-11,19:45:34.208567,/Users/anupreksha/Desktop/hoophouse2023/flowerPi/aug11backup/videos/001f543e37bf/230808/171225_667870_001f543e37bf.mp4,[]
2023-08-11,19:45:33.782946,/Users/anupreksha/Desktop/hoophouse2023/flowerPi/aug11backup/videos/001f543e37bf/230808/170224_269996_001f543e37bf.mp4,[]
2023-08-11,19:45:35.046613,/Users/anupreksha/Desktop/hoophouse2023/flowerPi/aug11backup/videos/001f543e37bf/230808/174459_608364_001f543e37bf.mp4,[]
2023-08-11,19:45:31.612402,/Users/anupreksha/Desktop/hoophouse2023/flowerPi/aug11backup/videos/001f543e37bf/230808/160123_854317_001f543e37bf.mp4,[]
2023-08-11,19:45:31.754890,/Users/anupreksha/Desktop/hoophouse2023/flowerPi/aug11backup/videos/001f543e37bf/230808/160615_246678_001f543e37bf.mp4,[]
2023-08-11,19:45:33.766559,/Users/anupreksha/Desktop/hoophouse2023/flowerPi/aug11backup/videos/001f543e37bf/230808/170203_262860_001f543e37bf.mp4,[683]
2023-08-11,19:45:32.104983,/Users/anupreksha/Desktop/hoophouse2023/flowerPi/aug11backup/videos/001f543e37bf/230808/162928_255290_001f543e37bf.mp4,[]
2023-08-11,19:45:34.988956,/Users/anupreksha/Desktop/hoophouse2023/flowerPi/aug11backup/videos/001f543e37bf/230808/174403_475238_001f543e37bf.mp4,[]
2023-08-11,19:45:34.926009,/Users/anupreksha/Desktop/hoophouse2023/flowerPi/aug11backup/videos/001f543e37bf/230808/174240_476986_001f543e37bf.mp4,[]
2023-08-11,19:45:29.179294,/Users/anupreksha/Desktop/hoophouse2023/flowerPi/aug11backup/videos/001f543e37bf/230808/104403_168634_001f543e37bf.mp4,[]
2023-08-11,19:45:31.028945,/Users/anupreksha/Desktop/hoophouse2023/flowerPi/aug11backup/videos/001f543e37bf/230808/141458_436263_001f543e37bf.mp4,[]
2023-08-11,19:45:33.973804,/Users/anupreksha/Desktop/hoophouse2023/flowerPi/aug11backup/videos/001f543e37bf/230808/170738_855213_001f543e37bf.mp4,[110]
2023-08-11,19:45:35.127624,/Users/anupreksha/Desktop/hoophouse2023/flowerPi/aug11backup/videos/001f543e37bf/230808/180240_279364_001f543e37bf.mp4,[]
2023-08-11,19:45:34.602259,/Users/anupreksha/Desktop/hoophouse2023/flowerPi/aug11backup/videos/001f543e37bf/230808/171827_073657_001f543e37bf.mp4,[]
2023-08-11,19:45:34.503704,/Users/anupreksha/Desktop/hoophouse2023/flowerPi/aug11backup/videos/001f543e37bf/230808/171651_079610_001f543e37bf.mp4,[]
2023-08-11,19:45:33.589311,/Users/anupreksha/Desktop/hoophouse2023/flowerPi/aug11backup/videos/001f543e37bf/230808/164226_858973_001f543e37bf.mp4,[]
2023-08-11,19:45:34.255205,/Users/anupreksha/Desktop/hoophouse2023/flowerPi/aug11backup/videos/001f543e37bf/230808/171309_798876_001f543e37bf.mp4,"[930, 17]"
2023-08-11,19:45:29.803351,/Users/anupreksha/Desktop/hoophouse2023/flowerPi/aug11backup/videos/001f543e37bf/230808/135840_359872_001f543e37bf.mp4,"[414, 414]"
2023-08-11,19:45:31.936385,/Users/anupreksha/Desktop/hoophouse2023/flowerPi/aug11backup/videos/001f543e37bf/230808/161350_651521_001f543e37bf.mp4,[]
2023-08-11,19:45:34.054884,/Users/anupreksha/Desktop/hoophouse2023/flowerPi/aug11backup/videos/001f543e37bf/230808/170959_264995_001f543e37bf.mp4,[]
2023-08-11,19:45:31.345783,/Users/anupreksha/Desktop/hoophouse2023/flowerPi/aug11backup/videos/001f543e37bf/230808/154537_244490_001f543e37bf.mp4,[]
2023-08-11,19:45:31.843050,/Users/anupreksha/Desktop/hoophouse2023/flowerPi/aug11backup/videos/001f543e37bf/230808/161033_452933_001f543e37bf.mp4,[]
2023-08-11,19:45:34.423316,/Users/anupreksha/Desktop/hoophouse2023/flowerPi/aug11backup/videos/001f543e37bf/230808/171549_074523_001f543e37bf.mp4,[]
2023-08-11,19:45:34.039945,/Users/anupreksha/Desktop/hoophouse2023/flowerPi/aug11backup/videos/001f543e37bf/230808/170940_265798_001f543e37bf.mp4,[]
2023-08-11,19:45:32.368231,/Users/anupreksha/Desktop/hoophouse2023/flowerPi/aug11backup/videos/001f543e37bf/230808/163406_860523_001f543e37bf.mp4,[]
2023-08-11,19:45:32.451930,/Users/anupreksha/Desktop/hoophouse2023/flowerPi/aug11backup/videos/001f543e37bf/230808/163524_859858_001f543e37bf.mp4,[]
2023-08-11,19:45:32.650667,/Users/anupreksha/Desktop/hoophouse2023/flowerPi/aug11backup/videos/001f543e37bf/230808/163843_870904_001f543e37bf.mp4,[]
2023-08-11,19:45:31.426335,/Users/anupreksha/Desktop/hoophouse2023/flowerPi/aug11backup/videos/001f543e37bf/230808/154702_244592_001f543e37bf.mp4,[]
2023-08-11,19:45:32.574198,/Users/anupreksha/Desktop/hoophouse2023/flowerPi/aug11backup/videos/001f543e37bf/230808/163704_856466_001f543e37bf.mp4,[]
2023-08-11,19:45:31.487464,/Users/anupreksha/Desktop/hoophouse2023/flowerPi/aug11backup/videos/001f543e37bf/230808/154830_244510_001f543e37bf.mp4,[]
2023-08-11,19:45:32.290417,/Users/anupreksha/Desktop/hoophouse2023/flowerPi/aug11backup/videos/001f543e37bf/230808/163314_658141_001f543e37bf.mp4,[]
2023-08-11,19:45:34.558763,/Users/anupreksha/Desktop/hoophouse2023/flowerPi/aug11backup/videos/001f543e37bf/230808/171741_076492_001f543e37bf.mp4,[]
2023-08-11,19:45:34.907524,/Users/anupreksha/Desktop/hoophouse2023/flowerPi/aug11backup/videos/001f543e37bf/230808/174214_474090_001f543e37bf.mp4,"[17, 17, 17]"
2023-08-11,19:45:31.449962,/Users/anupreksha/Desktop/hoophouse2023/flowerPi/aug11backup/videos/001f543e37bf/230808/154750_245657_001f543e37bf.mp4,[]
2023-08-11,19:45:34.841966,/Users/anupreksha/Desktop/hoophouse2023/flowerPi/aug11backup/videos/001f543e37bf/230808/172203_075193_001f543e37bf.mp4,[]
2023-08-11,19:45:32.549263,/Users/anupreksha/Desktop/hoophouse2023/flowerPi/aug11backup/videos/001f543e37bf/230808/163650_855960_001f543e37bf.mp4,[]
2023-08-11,19:45:31.769279,/Users/anupreksha/Desktop/hoophouse2023/flowerPi/aug11backup/videos/001f543e37bf/230808/160726_247666_001f543e37bf.mp4,"[396, 396, 396, 396, 17, 17, 17, 17, 17, 17, 17, 17]"
2023-08-11,19:45:31.296745,/Users/anupreksha/Desktop/hoophouse2023/flowerPi/aug11backup/videos/001f543e37bf/230808/154433_241971_001f543e37bf.mp4,[]
2023-08-11,19:45:29.615723,/Users/anupreksha/Desktop/hoophouse2023/flowerPi/aug11backup/videos/001f543e37bf/230808/135404_221314_001f543e37bf.mp4,[17]
2023-08-11,19:45:32.604634,/Users/anupreksha/Desktop/hoophouse2023/flowerPi/aug11backup/videos/001f543e37bf/230808/163733_869280_001f543e37bf.mp4,"[17, 109]"
2023-08-11,19:45:31.048037,/Users/anupreksha/Desktop/hoophouse2023/flowerPi/aug11backup/videos/001f543e37bf/230808/141708_756679_001f543e37bf.mp4,[]
2023-08-11,19:45:32.510917,/Users/anupreksha/Desktop/hoophouse2023/flowerPi/aug11backup/videos/001f543e37bf/230808/163600_861708_001f543e37bf.mp4,[]
2023-08-11,19:45:29.394251,/Users/anupreksha/Desktop/hoophouse2023/flowerPi/aug11backup/videos/001f543e37bf/230808/135035_034271_001f543e37bf.mp4,[109]
2023-08-11,19:45:32.634685,/Users/anupreksha/Desktop/hoophouse2023/flowerPi/aug11backup/videos/001f543e37bf/230808/163828_860236_001f543e37bf.mp4,[378]
2023-08-11,19:45:34.137612,/Users/anupreksha/Desktop/hoophouse2023/flowerPi/aug11backup/videos/001f543e37bf/230808/171130_470112_001f543e37bf.mp4,[]
2023-08-11,19:45:33.519683,/Users/anupreksha/Desktop/hoophouse2023/flowerPi/aug11backup/videos/001f543e37bf/230808/164046_865152_001f543e37bf.mp4,[]
2023-08-11,19:45:32.310800,/Users/anupreksha/Desktop/hoophouse2023/flowerPi/aug11backup/videos/001f543e37bf/230808/163326_669909_001f543e37bf.mp4,[656]
2023-08-11,19:45:34.104381,/Users/anupreksha/Desktop/hoophouse2023/flowerPi/aug11backup/videos/001f543e37bf/230808/171100_266171_001f543e37bf.mp4,[]
2023-08-11,19:45:34.959848,/Users/anupreksha/Desktop/hoophouse2023/flowerPi/aug11backup/videos/001f543e37bf/230808/174333_474869_001f543e37bf.mp4,[]
2023-08-11,19:45:33.685285,/Users/anupreksha/Desktop/hoophouse2023/flowerPi/aug11backup/videos/001f543e37bf/230808/165225_866372_001f543e37bf.mp4,[]
2023-08-11,19:45:34.473682,/Users/anupreksha/Desktop/hoophouse2023/flowerPi/aug11backup/videos/001f543e37bf/230808/171625_066359_001f543e37bf.mp4,[]
2023-08-11,19:45:31.506216,/Users/anupreksha/Desktop/hoophouse2023/flowerPi/aug11backup/videos/001f543e37bf/230808/155643_658625_001f543e37bf.mp4,[]
2023-08-11,19:45:29.351755,/Users/anupreksha/Desktop/hoophouse2023/flowerPi/aug11backup/videos/001f543e37bf/230808/135019_023485_001f543e37bf.mp4,[]
2023-08-11,19:45:30.033884,/Users/anupreksha/Desktop/hoophouse2023/flowerPi/aug11backup/videos/001f543e37bf/230808/141436_047826_001f543e37bf.mp4,[]
2023-08-11,19:45:31.078823,/Users/anupreksha/Desktop/hoophouse2023/flowerPi/aug11backup/videos/001f543e37bf/230808/141739_022685_001f543e37bf.mp4,[]
2023-08-11,19:45:32.533838,/Users/anupreksha/Desktop/hoophouse2023/flowerPi/aug11backup/videos/001f543e37bf/230808/163630_866029_001f543e37bf.mp4,[]
2023-08-11,19:45:32.078865,/Users/anupreksha/Desktop/hoophouse2023/flowerPi/aug11backup/videos/001f543e37bf/230808/162837_263416_001f543e37bf.mp4,[]
2023-08-11,19:45:32.134866,/Users/anupreksha/Desktop/hoophouse2023/flowerPi/aug11backup/videos/001f543e37bf/230808/162953_256451_001f543e37bf.mp4,"[666, 666, 666, 666]"
2023-08-11,19:45:29.689916,/Users/anupreksha/Desktop/hoophouse2023/flowerPi/aug11backup/videos/001f543e37bf/230808/135549_558973_001f543e37bf.mp4,[]
2023-08-11,19:45:31.827347,/Users/anupreksha/Desktop/hoophouse2023/flowerPi/aug11backup/videos/001f543e37bf/230808/160909_449052_001f543e37bf.mp4,[]
2023-08-11,19:45:31.328615,/Users/anupreksha/Desktop/hoophouse2023/flowerPi/aug11backup/videos/001f543e37bf/230808/154520_244295_001f543e37bf.mp4,[]
2023-08-14,13:38:19.868379,/Users/anupreksha/Desktop/hoophouse2023/flowerPi/aug11backup/videos/001f543e37bf/230808/135213_225080_001f543e37bf.mp4,[]
2023-08-11,19:45:33.937450,/Users/anupreksha/Desktop/hoophouse2023/flowerPi/aug11backup/videos/001f543e37bf/230808/170643_264307_001f543e37bf.mp4,"[17, 17]"
2023-08-11,19:45:31.739217,/Users/anupreksha/Desktop/hoophouse2023/flowerPi/aug11backup/videos/001f543e37bf/230808/160600_247443_001f543e37bf.mp4,[930]
2023-08-11,19:45:31.857490,/Users/anupreksha/Desktop/hoophouse2023/flowerPi/aug11backup/videos/001f543e37bf/230808/161132_454413_001f543e37bf.mp4,[]
2023-08-11,19:45:33.953222,/Users/anupreksha/Desktop/hoophouse2023/flowerPi/aug11backup/videos/001f543e37bf/230808/170708_470419_001f543e37bf.mp4,[109]
2023-08-11,19:45:34.823098,/Users/anupreksha/Desktop/hoophouse2023/flowerPi/aug11backup/videos/001f543e37bf/230808/172137_099076_001f543e37bf.mp4,[]
2023-08-11,19:45:33.670398,/Users/anupreksha/Desktop/hoophouse2023/flowerPi/aug11backup/videos/001f543e37bf/230808/164924_859912_001f543e37bf.mp4,"[17, 17, 17, 853, 109, 109, 109]"
2023-08-11,19:45:35.016947,/Users/anupreksha/Desktop/hoophouse2023/flowerPi/aug11backup/videos/001f543e37bf/230808/174436_485674_001f543e37bf.mp4,[]
2023-08-11,19:46:18.934580,/Users/anupreksha/Desktop/hoophouse2023/flowerPi/aug11backup/videos/001f543e42b1/230810/084955_103501_001f543e42b1.mp4,[]
2023-08-11,19:46:18.056057,/Users/anupreksha/Desktop/hoophouse2023/flowerPi/aug11backup/videos/001f543e42b1/230810/074823_893891_001f543e42b1.mp4,[]
2023-08-11,19:46:18.233703,/Users/anupreksha/Desktop/hoophouse2023/flowerPi/aug11backup/videos/001f543e42b1/230810/081900_914480_001f543e42b1.mp4,[]
2023-08-11,19:46:18.328971,/Users/anupreksha/Desktop/hoophouse2023/flowerPi/aug11backup/videos/001f543e42b1/230810/082405_896778_001f543e42b1.mp4,[]
2023-08-11,19:46:18.258550,/Users/anupreksha/Desktop/hoophouse2023/flowerPi/aug11backup/videos/001f543e42b1/230810/081937_919204_001f543e42b1.mp4,[]
2023-08-11,19:46:19.012401,/Users/anupreksha/Desktop/hoophouse2023/flowerPi/aug11backup/videos/001f543e42b1/230810/085624_107403_001f543e42b1.mp4,[]
2023-08-11,19:46:18.899161,/Users/anupreksha/Desktop/hoophouse2023/flowerPi/aug11backup/videos/001f543e42b1/230810/084851_105353_001f543e42b1.mp4,[998]
2023-08-11,19:46:18.595601,/Users/anupreksha/Desktop/hoophouse2023/flowerPi/aug11backup/videos/001f543e42b1/230810/084107_912231_001f543e42b1.mp4,[]
2023-08-11,19:46:19.107744,/Users/anupreksha/Desktop/hoophouse2023/flowerPi/aug11backup/videos/001f543e42b1/230810/085932_108274_001f543e42b1.mp4,[]
2023-08-11,19:46:19.120428,/Users/anupreksha/Desktop/hoophouse2023/flowerPi/aug11backup/videos/001f543e42b1/230810/093937_716453_001f543e42b1.mp4,"[17, 711]"
2023-08-11,19:46:18.856103,/Users/anupreksha/Desktop/hoophouse2023/flowerPi/aug11backup/videos/001f543e42b1/230810/084744_902773_001f543e42b1.mp4,[683]
2023-08-11,19:46:18.959119,/Users/anupreksha/Desktop/hoophouse2023/flowerPi/aug11backup/videos/001f543e42b1/230810/085033_102731_001f543e42b1.mp4,[]
2023-08-11,19:46:18.110017,/Users/anupreksha/Desktop/hoophouse2023/flowerPi/aug11backup/videos/001f543e42b1/230810/081433_892673_001f543e42b1.mp4,[]
2023-08-11,19:46:19.135049,/Users/anupreksha/Desktop/hoophouse2023/flowerPi/aug11backup/videos/001f543e42b1/230810/133210_177388_001f543e42b1.mp4,[17]
2023-08-11,19:46:18.923194,/Users/anupreksha/Desktop/hoophouse2023/flowerPi/aug11backup/videos/001f543e42b1/230810/084921_102813_001f543e42b1.mp4,[17]
2023-08-11,19:46:18.144378,/Users/anupreksha/Desktop/hoophouse2023/flowerPi/aug11backup/videos/001f543e42b1/230810/081600_898560_001f543e42b1.mp4,"[896, 896, 896]"
2023-08-11,19:46:18.192154,/Users/anupreksha/Desktop/hoophouse2023/flowerPi/aug11backup/videos/001f543e42b1/230810/081639_902034_001f543e42b1.mp4,[]
2023-08-11,19:46:18.835420,/Users/anupreksha/Desktop/hoophouse2023/flowerPi/aug11backup/videos/001f543e42b1/230810/084720_902339_001f543e42b1.mp4,[17]
2023-08-11,19:46:18.614309,/Users/anupreksha/Desktop/hoophouse2023/flowerPi/aug11backup/videos/001f543e42b1/230810/084130_103840_001f543e42b1.mp4,[190]
2023-08-11,19:46:18.158735,/Users/anupreksha/Desktop/hoophouse2023/flowerPi/aug11backup/videos/001f543e42b1/230810/081611_899188_001f543e42b1.mp4,[]
2023-08-11,19:46:18.501540,/Users/anupreksha/Desktop/hoophouse2023/flowerPi/aug11backup/videos/001f543e42b1/230810/083933_907927_001f543e42b1.mp4,[]
2023-08-11,19:46:18.045539,/Users/anupreksha/Desktop/hoophouse2023/flowerPi/aug11backup/videos/001f543e42b1/230810/074754_890759_001f543e42b1.mp4,[]
2023-08-11,19:46:18.703124,/Users/anupreksha/Desktop/hoophouse2023/flowerPi/aug11backup/videos/001f543e42b1/230810/084419_500958_001f543e42b1.mp4,[]
2023-08-11,19:46:18.771204,/Users/anupreksha/Desktop/hoophouse2023/flowerPi/aug11backup/videos/001f543e42b1/230810/084554_901458_001f543e42b1.mp4,[]
2023-08-11,19:46:18.866370,/Users/anupreksha/Desktop/hoophouse2023/flowerPi/aug11backup/videos/001f543e42b1/230810/084810_902402_001f543e42b1.mp4,[]
2023-08-11,19:46:18.466730,/Users/anupreksha/Desktop/hoophouse2023/flowerPi/aug11backup/videos/001f543e42b1/230810/083824_902580_001f543e42b1.mp4,[]
2023-08-11,19:46:18.985127,/Users/anupreksha/Desktop/hoophouse2023/flowerPi/aug11backup/videos/001f543e42b1/230810/085254_106801_001f543e42b1.mp4,[]
2023-08-11,19:46:18.724456,/Users/anupreksha/Desktop/hoophouse2023/flowerPi/aug11backup/videos/001f543e42b1/230810/084433_502001_001f543e42b1.mp4,[]
2023-08-11,19:46:18.222877,/Users/anupreksha/Desktop/hoophouse2023/flowerPi/aug11backup/videos/001f543e42b1/230810/081730_896732_001f543e42b1.mp4,[]
2023-08-11,19:46:18.318217,/Users/anupreksha/Desktop/hoophouse2023/flowerPi/aug11backup/videos/001f543e42b1/230810/082342_896262_001f543e42b1.mp4,"[17, 17, 17, 17, 17]"
2023-08-11,19:46:18.974944,/Users/anupreksha/Desktop/hoophouse2023/flowerPi/aug11backup/videos/001f543e42b1/230810/085109_111748_001f543e42b1.mp4,[]
2023-08-11,19:46:18.279936,/Users/anupreksha/Desktop/hoophouse2023/flowerPi/aug11backup/videos/001f543e42b1/230810/082208_897893_001f543e42b1.mp4,[]
2023-08-11,19:46:18.798977,/Users/anupreksha/Desktop/hoophouse2023/flowerPi/aug11backup/videos/001f543e42b1/230810/084634_904236_001f543e42b1.mp4,[]
2023-08-11,19:46:18.120688,/Users/anupreksha/Desktop/hoophouse2023/flowerPi/aug11backup/videos/001f543e42b1/230810/081454_893383_001f543e42b1.mp4,[]
2023-08-11,19:46:18.565978,/Users/anupreksha/Desktop/hoophouse2023/flowerPi/aug11backup/videos/001f543e42b1/230810/084046_900319_001f543e42b1.mp4,"[336, 336]"
2023-08-11,19:46:18.816365,/Users/anupreksha/Desktop/hoophouse2023/flowerPi/aug11backup/videos/001f543e42b1/230810/084658_901475_001f543e42b1.mp4,[]
2023-08-11,19:46:18.405317,/Users/anupreksha/Desktop/hoophouse2023/flowerPi/aug11backup/videos/001f543e42b1/230810/082858_904098_001f543e42b1.mp4,[]
2023-08-11,19:46:18.382811,/Users/anupreksha/Desktop/hoophouse2023/flowerPi/aug11backup/videos/001f543e42b1/230810/082644_897234_001f543e42b1.mp4,[]
2023-08-11,19:46:19.084901,/Users/anupreksha/Desktop/hoophouse2023/flowerPi/aug11backup/videos/001f543e42b1/230810/085823_105613_001f543e42b1.mp4,[998]
2023-08-11,19:46:18.422223,/Users/anupreksha/Desktop/hoophouse2023/flowerPi/aug11backup/videos/001f543e42b1/230810/082912_898085_001f543e42b1.mp4,"[17, 17, 17]"
2023-08-11,19:46:18.948374,/Users/anupreksha/Desktop/hoophouse2023/flowerPi/aug11backup/videos/001f543e42b1/230810/085021_107826_001f543e42b1.mp4,[17]
2023-08-11,19:46:18.035745,/Users/anupreksha/Desktop/hoophouse2023/flowerPi/aug11backup/videos/001f543e42b1/230810/074723_893127_001f543e42b1.mp4,[]
2023-08-11,19:46:19.096581,/Users/anupreksha/Desktop/hoophouse2023/flowerPi/aug11backup/videos/001f543e42b1/230810/085904_118194_001f543e42b1.mp4,[]
2023-08-11,19:46:18.912166,/Users/anupreksha/Desktop/hoophouse2023/flowerPi/aug11backup/videos/001f543e42b1/230810/084907_107942_001f543e42b1.mp4,[109]
2023-08-11,19:46:18.659349,/Users/anupreksha/Desktop/hoophouse2023/flowerPi/aug11backup/videos/001f543e42b1/230810/084226_112352_001f543e42b1.mp4,[]
2023-08-11,19:46:18.735428,/Users/anupreksha/Desktop/hoophouse2023/flowerPi/aug11backup/videos/001f543e42b1/230810/084504_501872_001f543e42b1.mp4,[]
2023-08-11,19:46:18.446280,/Users/anupreksha/Desktop/hoophouse2023/flowerPi/aug11backup/videos/001f543e42b1/230810/083636_905272_001f543e42b1.mp4,[]
2023-08-11,19:46:18.482080,/Users/anupreksha/Desktop/hoophouse2023/flowerPi/aug11backup/videos/001f543e42b1/230810/083911_900431_001f543e42b1.mp4,[]
2023-08-11,19:46:18.749368,/Users/anupreksha/Desktop/hoophouse2023/flowerPi/aug11backup/videos/001f543e42b1/230810/084538_768470_001f543e42b1.mp4,[]
2023-08-11,19:46:18.780526,/Users/anupreksha/Desktop/hoophouse2023/flowerPi/aug11backup/videos/001f543e42b1/230810/084622_902370_001f543e42b1.mp4,[]
2023-08-11,19:46:18.394073,/Users/anupreksha/Desktop/hoophouse2023/flowerPi/aug11backup/videos/001f543e42b1/230810/082707_906120_001f543e42b1.mp4,[]
2023-08-11,19:46:19.026925,/Users/anupreksha/Desktop/hoophouse2023/flowerPi/aug11backup/videos/001f543e42b1/230810/085645_106328_001f543e42b1.mp4,[]
2023-08-11,19:46:19.039390,/Users/anupreksha/Desktop/hoophouse2023/flowerPi/aug11backup/videos/001f543e42b1/230810/085659_105328_001f543e42b1.mp4,[]
2023-08-11,19:46:18.350291,/Users/anupreksha/Desktop/hoophouse2023/flowerPi/aug11backup/videos/001f543e42b1/230810/082602_898701_001f543e42b1.mp4,"[109, 109, 109, 109, 109]"
2023-08-11,19:46:18.205957,/Users/anupreksha/Desktop/hoophouse2023/flowerPi/aug11backup/videos/001f543e42b1/230810/081709_896537_001f543e42b1.mp4,[]
2023-08-11,19:46:18.433573,/Users/anupreksha/Desktop/hoophouse2023/flowerPi/aug11backup/videos/001f543e42b1/230810/082942_900502_001f543e42b1.mp4,[]
2023-08-11,19:46:19.074906,/Users/anupreksha/Desktop/hoophouse2023/flowerPi/aug11backup/videos/001f543e42b1/230810/085740_107154_001f543e42b1.mp4,[190]
2023-08-11,19:46:18.692271,/Users/anupreksha/Desktop/hoophouse2023/flowerPi/aug11backup/videos/001f543e42b1/230810/084347_500716_001f543e42b1.mp4,[]
2023-08-11,19:46:18.365718,/Users/anupreksha/Desktop/hoophouse2023/flowerPi/aug11backup/videos/001f543e42b1/230810/082614_904284_001f543e42b1.mp4,[]
2023-08-11,19:46:18.640195,/Users/anupreksha/Desktop/hoophouse2023/flowerPi/aug11backup/videos/001f543e42b1/230810/084155_104057_001f543e42b1.mp4,[]
2023-08-11,19:46:18.077800,/Users/anupreksha/Desktop/hoophouse2023/flowerPi/aug11backup/videos/001f543e42b1/230810/074907_905320_001f543e42b1.mp4,[]
2023-08-11,19:46:18.268669,/Users/anupreksha/Desktop/hoophouse2023/flowerPi/aug11backup/videos/001f543e42b1/230810/082039_899026_001f543e42b1.mp4,[]
2023-08-11,19:46:18.308622,/Users/anupreksha/Desktop/hoophouse2023/flowerPi/aug11backup/videos/001f543e42b1/230810/082312_897573_001f543e42b1.mp4,[]
2023-08-11,19:46:18.543875,/Users/anupreksha/Desktop/hoophouse2023/flowerPi/aug11backup/videos/001f543e42b1/230810/084020_901589_001f543e42b1.mp4,[]
2023-08-11,19:46:18.340290,/Users/anupreksha/Desktop/hoophouse2023/flowerPi/aug11backup/videos/001f543e42b1/230810/082518_897975_001f543e42b1.mp4,[]
2023-08-11,19:46:18.133281,/Users/anupreksha/Desktop/hoophouse2023/flowerPi/aug11backup/videos/001f543e42b1/230810/081537_897609_001f543e42b1.mp4,[]
2023-08-11,19:46:18.066697,/Users/anupreksha/Desktop/hoophouse2023/flowerPi/aug11backup/videos/001f543e42b1/230810/074844_898047_001f543e42b1.mp4,[]
2023-08-11,19:46:18.523792,/Users/anupreksha/Desktop/hoophouse2023/flowerPi/aug11backup/videos/001f543e42b1/230810/083958_900851_001f543e42b1.mp4,[]
2023-08-11,19:46:18.168988,/Users/anupreksha/Desktop/hoophouse2023/flowerPi/aug11backup/videos/001f543e42b1/230810/081627_897596_001f543e42b1.mp4,"[987, 987]"
2023-08-11,19:46:18.669537,/Users/anupreksha/Desktop/hoophouse2023/flowerPi/aug11backup/videos/001f543e42b1/230810/084252_304310_001f543e42b1.mp4,[]
2023-08-11,19:46:18.884640,/Users/anupreksha/Desktop/hoophouse2023/flowerPi/aug11backup/videos/001f543e42b1/230810/084828_902903_001f543e42b1.mp4,[998]
2023-08-11,19:46:18.996297,/Users/anupreksha/Desktop/hoophouse2023/flowerPi/aug11backup/videos/001f543e42b1/230810/085522_108063_001f543e42b1.mp4,[]
2023-08-11,19:46:18.245688,/Users/anupreksha/Desktop/hoophouse2023/flowerPi/aug11backup/videos/001f543e42b1/230810/081924_912814_001f543e42b1.mp4,[]
2023-08-11,19:46:18.290609,/Users/anupreksha/Desktop/hoophouse2023/flowerPi/aug11backup/videos/001f543e42b1/230810/082235_909579_001f543e42b1.mp4,[]
2023-08-11,19:46:19.053433,/Users/anupreksha/Desktop/hoophouse2023/flowerPi/aug11backup/videos/001f543e42b1/230810/085722_108695_001f543e42b1.mp4,[]
2023-08-11,19:46:18.088033,/Users/anupreksha/Desktop/hoophouse2023/flowerPi/aug11backup/videos/001f543e42b1/230810/074928_888552_001f543e42b1.mp4,[]
2023-08-11,19:46:18.098246,/Users/anupreksha/Desktop/hoophouse2023/flowerPi/aug11backup/videos/001f543e42b1/230810/081324_895468_001f543e42b1.mp4,[]
2023-08-14,13:36:04.518429,/Users/anupreksha/Desktop/hoophouse2023/flowerPi/aug11backup/videos/001f543e42b1/230809/170516_283876_001f543e42b1.mp4,[]
2023-08-11,19:46:17.258566,/Users/anupreksha/Desktop/hoophouse2023/flowerPi/aug11backup/videos/001f543e42b1/230807/172042_626947_001f543e42b1.mp4,[]
2023-08-11,19:46:17.227904,/Users/anupreksha/Desktop/hoophouse2023/flowerPi/aug11backup/videos/001f543e42b1/230807/165635_823380_001f543e42b1.mp4,[]
