,pi_ID,bee_ID,Date,Time,LR,distSC,meanAct,meanIBD,meanSpeed,meanX,meanY,medianMinDistToOthers,totalInt,totalIntFrames,trackedFrames,varSpeed,PropBroodTime,PropInactiveTime,PropLarvaeTime,PropNectarTime,PropPupaeTime,PropWaxPotTime,meanBroodDistM,meanEggDistM,meanLarvaeDistM,meanNectarDistM,meanPollenDistM,meanPupaeDistM,meanWaxPotDistM,medianClosesWaxPotDistM,medianClosestBroodDistM
0,raspberrypi,17.0,2023-09-08,20:15:01,Whole,709.2067219334024,0.0,4.353639348737772,,1260.840909090909,1769.9545454545455,4.06946524008044,1,111,22,0.09965245710593842,0.0,1.0,,0.0,0.0,0.0,976.4308926465418,,,784.5447668507287,1797.1919934831471,976.4308926465418,1082.8440331022166,348.4053819574535,574.7359561551457
1,raspberrypi,106.0,2023-09-08,20:15:01,Whole,955.4593250341408,,5.334375253509698,,1788.0,2625.25,1.11867323110645,0,5,1,,0.0,1.0,,0.0,0.0,0.0,1216.6872278301541,,,418.25778587957427,2403.3867977293767,1216.6872278301541,1398.9299189133753,927.6625325997545,1027.2057800200828
2,raspberrypi,380.0,2023-09-08,20:15:01,Whole,545.9878003716128,0.012658227848101266,4.638875795426421,2.0155644370746373,2021.625,1143.29375,1.525252614705439,0,343,80,0.1750086177762743,1.0,0.0,,0.0,1.0,1.0,364.7184485533281,,,806.4830177918359,1187.9272827380282,364.7184485533281,430.07955773068574,88.27355281567033,0.0
3,raspberrypi,383.0,2023-09-08,20:15:01,Whole,804.260871983426,0.0,4.834468552510083,,1679.0,2438.0,2.4860986854505827,0,343,80,0.04417341103385756,0.0,1.0,,0.0,0.0,0.0,1099.140196345179,,,376.51099212541465,2253.211046182334,1099.140196345179,1274.9143807694231,735.300978697154,854.2010340949187
4,raspberrypi,391.0,2023-09-08,20:15:01,Whole,802.7740693546004,0.0,5.279688357998491,,2159.715625,2465.175,2.4860986854505827,0,343,80,0.047168349535059426,0.0,0.0,,1.0,0.0,0.0,980.7687531966989,,,122.59987633906178,2231.688143411191,980.7687531966989,1173.3296954952264,771.0423255618531,841.0994034631656
5,raspberrypi,393.0,2023-09-08,20:15:01,Whole,749.281680385426,0.0,5.340355155958333,,1792.125,957.3060897435897,1.5251817598121873,0,337,78,0.03545922852423175,0.0,0.025,,0.0,0.0,0.975,607.6722951899753,,,1041.2657701778785,1091.392273501504,607.6722951899753,585.5934794783213,10.582672443672905,200.8335742819045
6,raspberrypi,395.0,2023-09-08,20:15:01,Whole,336.3856119413749,,3.410098978691549,,2187.25,1433.75,0.9913326212253107,1,5,1,,0.0125,0.9875,,0.0,0.0125,0.0125,240.34291732650087,,,504.2833010555702,1381.491247457146,240.34291732650087,424.78828263092896,128.32611748919038,0.0
7,raspberrypi,397.0,2023-09-08,20:15:01,Whole,509.964969939812,0.0,4.797039314508229,,2370.628125,1377.134375,2.1687866180864743,1,343,80,0.06379190156943326,1.0,0.0,,0.0,1.0,1.0,270.28293492168586,,,585.2945448814113,1346.9511156344427,270.28293492168586,408.26102137068244,114.6994041438844,0.0
8,raspberrypi,683.0,2023-09-08,20:15:01,Whole,708.688484443369,,4.352018859977052,,1261.25,1769.0,0.006048830294227943,1,6,1,,0.0,1.0,,0.0,0.0,0.0,975.7289462791052,,,784.5244183310597,1796.2861861215015,975.7289462791052,1082.0726443177987,347.39682514934464,573.7439419865348
9,raspberrypi,17.0,2023-09-08,20:10:01,Whole,839.1567105573836,0.0,4.805783149072736,,1261.0625,1769.8194444444443,4.07085589057831,0,74,18,0.0005540048154766911,0.0,1.0,,0.0,0.0,0.0,976.1794898479817,,,784.3901128117394,1797.0062344580963,976.1794898479817,1082.594998241756,347.9100828944907,574.2314560353827
10,raspberrypi,380.0,2023-09-08,20:10:01,Whole,409.7227150334096,0.6351351351351351,4.610761068505294,67.25541358240996,2274.5333333333333,1856.2616666666668,1.8358358721752308,0,284,75,3920.0784878827726,0.2727272727272727,0.025974025974025976,,0.6493506493506493,0.2727272727272727,0.2987012987012987,587.0496383078727,,,229.5436236811955,1734.0111523638288,587.0496383078727,743.6651031051045,393.46131950361877,489.8220541758577
11,raspberrypi,383.0,2023-09-08,20:10:01,Whole,622.9630697867717,0.0,4.955589257266581,,1679.6298701298701,2437.987012987013,2.479300457221085,0,289,77,0.07352775688166008,0.0,1.0,,0.0,0.0,0.0,1098.8325414524083,,,375.96411448668715,2253.09060112263,1098.8325414524083,1274.6414307738448,735.296162080235,854.061508919516
12,raspberrypi,391.0,2023-09-08,20:10:01,Whole,510.7762772731959,0.0,5.07920508591277,,2159.12012987013,2463.844155844156,1.9776782060636504,0,289,77,0.042447735851642625,0.0,0.0,,1.0,0.0,0.0,979.6004546583214,,,121.30063123670776,2230.5134544289826,979.6004546583214,1172.162317402005,769.7489293690345,839.6086041639699
13,raspberrypi,395.0,2023-09-08,20:10:01,Whole,541.8654983721159,0.0,4.53333216565868,,2183.2195945945946,1427.8175675675675,1.012756975898571,0,152,37,0.06846034075783854,0.4805194805194805,0.5194805194805194,,0.0,0.4805194805194805,0.4805194805194805,239.87756556887166,,,510.16129371642694,1377.2007198981862,239.87756556887166,423.72032994484414,135.39959144456117,0.0
14,raspberrypi,397.0,2023-09-08,20:10:01,Whole,649.7321948737269,0.013157894736842105,5.039343058003432,2.25,2373.465909090909,1380.547077922078,1.1026427971335135,0,289,77,0.1371243914173638,1.0,0.0,,0.0,1.0,1.0,270.5857251187189,,,582.69837874945,1349.529616123698,270.5857251187189,409.1227620606103,112.11797979749464,0.0
15,raspberrypi,414.0,2023-09-08,20:10:01,Whole,829.3249181885936,,4.716604200309325,,1266.5,2000.75,2.6925844708114015,0,14,3,,0.0,1.0,,0.0,0.0,0.0,1079.0807243247314,,,731.1293674738282,1984.1042906566,1079.0807243247314,1205.0301253585371,558.940407886515,759.8422877610086
16,raspberrypi,441.0,2023-09-08,20:10:01,Whole,840.020379633217,,5.300146659940698,,1260.25,1769.5,4.076659261222916,0,5,1,,0.0,1.0,,0.0,0.0,0.0,976.8261460904372,,,785.263094046751,1797.0367167222603,976.8261460904372,1083.1476870815802,348.51252392505563,574.8564871388099
17,raspberrypi,930.0,2023-09-08,20:10:01,Whole,1205.921560717572,,6.487650735405033,,3265.25,1745.25,4.978149706461179,0,4,1,,0.0,1.0,,0.0,0.0,0.0,882.4102034859046,,,956.469899373821,1816.7687804608568,882.4102034859046,1019.3408265596173,284.9174985687125,197.9308011879522
18,raspberrypi,17.0,2023-09-08,19:35:01,Whole,697.3449751517643,0.0,5.634199447773498,,1261.7265625,1769.2239583333333,3.989454815937147,0,192,48,0.039356431007149396,0.0,1.0,,0.0,0.0,0.0,975.3620131137276,,,783.9986295582056,1796.2977223632793,975.3620131137276,1081.7647270097602,347.00935367586646,573.3419756472396
19,raspberrypi,380.0,2023-09-08,19:35:01,Whole,875.9479093648331,0.0,6.088865739966673,,2256.146103896104,878.9318181818181,1.0112367455043079,0,279,77,0.03846509168895312,1.0,0.0,,0.0,1.0,1.0,525.7721586086606,,,1061.5682147569037,1040.191966974565,525.7721586086606,476.99588544102005,0.0,137.95569523935228
20,raspberrypi,383.0,2023-09-08,19:35:01,Whole,722.1189471854252,0.0,5.416213749452824,,1726.5422077922078,2386.538961038961,2.1351896351881856,0,279,77,0.04622563224342879,0.0,1.0,,0.0,0.0,0.0,1033.908244486974,,,309.6613712320632,2199.963345763987,1033.908244486974,1211.801686399855,684.8846262804248,795.5567005679737
21,raspberrypi,391.0,2023-09-08,19:35:01,Whole,781.4621401289206,0.0,5.863016043297091,,2132.987012987013,2462.8896103896104,2.1351896351881856,0,279,77,0.06106993461118137,0.0,0.0,,1.0,0.0,0.0,981.885783662866,,,122.74032992988906,2230.234931383233,981.885783662866,1174.1458482224516,775.235416730698,839.5315873007496
22,raspberrypi,396.0,2023-09-08,19:35:01,Whole,690.1565654985365,0.0,5.392286838495334,,2140.2045454545455,1036.7142857142858,1.0112367455043079,0,279,77,0.16754982111940134,1.0,0.0,,0.0,1.0,1.0,405.23516975471694,,,901.7966162728399,1121.9768059175508,405.23516975471694,420.11193759606,53.16401912777657,0.0
23,raspberrypi,17.0,2023-09-08,23:30:01,Whole,697.2025225460518,0.0,4.8543084464688855,,1260.8333333333333,1770.6666666666667,2.8111607860650336,0,80,15,0.019912750042614037,0.0,1.0,,0.0,0.0,0.0,976.6785696547419,,,784.2847028332061,1797.7631644112396,976.6785696547419,1083.1655935267797,348.30943773295826,574.6031512483457
24,raspberrypi,106.0,2023-09-08,23:30:01,Whole,680.5552889844333,,4.778881759283968,,1220.5,1538.25,3.3533081639304974,0,5,1,,0.0,1.0,,0.0,0.0,0.0,962.7397195538172,,,926.6922700003641,1630.7214280039304,962.7397195538172,1039.5453647419647,354.9792685040059,573.2563020955927
25,raspberrypi,380.0,2023-09-08,23:30:01,Whole,303.43695780798527,0.9130434782608695,3.702297728412918,7.628716915498304,2197.4166666666665,1433.8385416666667,2.0849407711527896,5,133,24,17.455280525342094,0.3,0.7,,0.0,0.3,0.3,240.82354510017635,,,504.5320380299965,1381.6213166296125,240.82354510017635,423.6458535033404,122.09449457313472,0.0
26,raspberrypi,385.0,2023-09-08,23:30:01,Whole,350.09689146642245,0.0,3.983311762782094,,1802.375,1827.184375,2.8163672715878354,0,360,80,0.05030426672360616,0.0,0.0,,0.0,0.0,1.0,560.0683968831016,,,284.855477962829,1712.1327698929167,560.0683968831016,738.3342209350313,152.05036503774937,231.23205546491036
27,raspberrypi,386.0,2023-09-08,23:30:01,Whole,149.83974515684312,0.9459459459459459,3.4077894812256404,15.455426949364973,2020.823717948718,1536.3557692307693,1.8128600921169225,7,200,39,523.5137319392168,0.4875,0.5125,,0.0,0.4875,0.2375,288.62705134219135,,,423.4433083311115,1462.6149204520348,288.62705134219135,496.6152973471577,194.29808484562304,0.0
28,raspberrypi,390.0,2023-09-08,23:30:01,Whole,249.30053228190886,0.5,3.668337100029896,10.91992393302565,1816.578947368421,1260.4934210526317,1.516871463603886,2,185,38,123.18338506155625,0.475,0.525,,0.0,0.475,0.475,423.27662714274476,,,749.0747217547852,1280.281958630188,423.27662714274476,514.8295075678047,94.95630827437323,68.3817433243279
29,raspberrypi,391.0,2023-09-08,23:30:01,Whole,1014.8866559926416,0.0,6.610008524894717,,2077.69375,2489.903125,3.7052617297190604,0,360,80,0.03644092438843979,0.0,0.0,,1.0,0.0,0.0,1015.3062522584959,,,160.42411382076597,2256.248064553427,1015.3062522584959,1206.5311358874003,816.4273124914258,870.1163768309683
30,raspberrypi,393.0,2023-09-08,23:30:01,Whole,792.5691415690702,0.0,5.086794898469625,,1804.54375,703.928125,1.6468035096805398,0,360,80,0.05156405789522438,0.0,0.0,,0.0,0.0,1.0,793.6383537648001,,,1281.191479507712,966.9637069571128,793.6383537648001,736.3746179030014,182.41478474889334,375.6642024743819
31,raspberrypi,395.0,2023-09-08,23:30:01,Whole,491.8101455286238,0.0,4.149377434763001,,1924.24375,999.621875,1.6430018646131692,0,360,80,0.10509782969239194,1.0,0.0,,0.0,1.0,1.0,501.9276056271607,,,965.7086888670441,1106.410739535073,501.9276056271607,500.47812165925575,0.0,70.32033591925173
32,raspberrypi,470.0,2023-09-08,23:30:01,Whole,1008.9742427482765,,5.242523995619335,,1558.25,541.25,1.523655913841001,0,6,1,,0.0,1.0,,0.0,0.0,0.0,1056.556998740674,,,1511.7582441347395,918.0026837827453,1056.556998740674,997.8542804363166,450.21134604825784,655.0523151930687
33,raspberrypi,653.0,2023-09-08,23:30:01,Whole,453.65097257233117,,3.8867668087696874,,1490.25,1686.75,1.7695906529186187,0,5,1,,0.0,0.9875,,0.0,0.0,0.0125,736.0848907157889,,,619.5109216667672,1660.676912518075,736.0848907157889,853.3166550484765,104.82906389821427,330.4973040464405
34,raspberrypi,930.0,2023-09-08,23:30:01,Whole,1389.7791014389675,,7.6239633538955625,,3265.5,1746.25,5.83366341315873,0,6,1,,0.0,1.0,,0.0,0.0,0.0,882.9951876010513,,,956.3643775827203,1817.6376255968923,882.9951876010513,1019.985130086025,285.49064796178243,198.96157036305223
35,raspberrypi,17.0,2023-09-08,19:15:01,Whole,844.0427616073533,0.0,4.509207767562743,,1261.9375,1768.9642857142858,3.9853317586667556,0,29,14,0.06442981195894461,0.0,1.0,,0.0,0.0,0.0,975.0785633662545,,,783.9009699598594,1796.0164506388528,975.0785633662545,1081.4698368094612,346.73998929163525,573.0857402375304
36,raspberrypi,383.0,2023-09-08,19:15:01,Whole,173.44311428483115,0.0,4.5010147850435684,,1727.396875,2384.728125,2.18539143017422,0,104,80,0.05459599590648985,0.0,1.0,,0.0,0.0,0.0,1031.996177026865,,,308.0431164250872,2198.234582817202,1031.996177026865,1209.921283445422,683.1769453501964,793.6816887013149
37,raspberrypi,385.0,2023-09-08,19:15:01,Whole,721.5112930574412,,4.133499577548264,,1970.875,1613.25,3.9648434017761196,0,5,2,,0.025,0.975,,0.0,0.025,0.025,331.83333293584303,,,363.09005695968466,1523.6570314248315,331.83333293584303,542.3638492576856,174.69933907732928,21.774284879969414
38,raspberrypi,391.0,2023-09-08,19:15:01,Whole,283.57395608329614,0.0,4.9133198054209,,2143.64375,2461.425,2.18539143017422,0,104,80,0.042102668934020586,0.0,0.0,,1.0,0.0,0.0,979.1707338201894,,,120.05489196119147,2228.6714870361866,979.1707338201894,1171.5728095855682,771.122011111865,837.6697671115598
39,raspberrypi,448.0,2023-09-08,19:15:01,Whole,609.7577209904422,0.0,3.7053006803935706,,2099.785714285714,1757.142857142857,3.643486644047076,0,14,7,4.653012550753399e-26,0.0875,0.9125,,0.0875,0.0875,0.0875,385.9344693015074,,,188.2477407097177,1630.0864130242862,385.9344693015074,594.0387894987052,186.96817544736155,142.24251686413734
40,raspberrypi,657.0,2023-09-08,19:15:01,Whole,1535.4257114382315,,8.434155589215557,,2161.0,818.75,8.388677669891958,0,2,1,,0.0125,0.9875,,0.0,0.0125,0.0125,581.9680994856712,,,1119.271416773915,1010.4389726506188,581.9680994856712,527.7027282463492,61.56243473982035,169.84278400716363
41,raspberrypi,17.0,2023-09-08,23:15:01,Whole,626.2894318767138,0.0425531914893617,5.731402586142934,3.607717422415453,1260.579081632653,1770.4438775510205,2.911716980142243,0,212,49,0.5944438681691827,0.0,0.9746835443037974,,0.0,0.0,0.0,976.8398963955315,,,784.60396762467,1797.6754279507477,976.8398963955315,1083.2849090909529,348.2674251723196,574.5691551298149
42,raspberrypi,62.0,2023-09-08,23:15:01,Whole,726.6843652829059,,3.784660781331422,,2088.0,2483.25,0.05779794810315497,1,4,1,,0.0,0.9873417721518988,,0.012658227848101266,0.0,0.0,1007.4125990154918,,,151.32772376748972,2249.877491948114,1007.4125990154918,1198.8618574047216,807.0116035056873,862.5109919152974
43,raspberrypi,385.0,2023-09-08,23:15:01,Whole,73.10297953190032,0.0,3.9166349991608405,,1822.632911392405,1820.2104430379748,2.1932342404447427,0,309,79,0.05725869495277131,0.0,0.0,,0.0,0.0,1.0,543.0644092235226,,,274.173367353377,1703.703902967598,543.0644092235226,724.4294795685829,155.62029434229026,221.71309837948817
44,raspberrypi,389.0,2023-09-08,23:15:01,Whole,425.01560052462855,0.6233766233766234,3.6557576408818244,21.670466146909348,2136.9166666666665,2127.378205128205,1.9015586040626482,0,307,78,375.06372262633454,0.0,0.012658227848101266,,0.9873417721518988,0.0,0.0,679.7040866461033,,,0.0,1937.0145494697404,679.7040866461033,875.262990123776,455.67043983658294,500.39582957853645
45,raspberrypi,390.0,2023-09-08,23:15:01,Whole,294.5896476293868,0.0,3.831623607450954,,2144.034722222222,1641.6111111111109,1.8993864898637058,0,86,18,0.004095096950580993,0.22784810126582278,0.7721518987341772,,0.0,0.22784810126582278,0.22784810126582278,301.6722706824572,,,297.3342008245,1537.8531741462366,301.6722706824572,515.7287749229694,104.24832306298735,19.793261349881988
46,raspberrypi,391.0,2023-09-08,23:15:01,Whole,728.4256509113592,0.0,4.0244539674964015,,2077.6962025316457,2487.9430379746836,1.901556851672731,4,309,79,0.08070777008892883,0.0,0.0,,1.0,0.0,0.0,1013.494718463774,,,158.5367096965895,2254.4984789277287,1013.494718463774,1204.7296512431778,814.5083377863116,867.9461627624639
47,raspberrypi,393.0,2023-09-08,23:15:01,Whole,1072.778360388189,0.0,7.6817706294924015,,1797.3132911392406,715.9556962025316,5.7016145878805204,0,309,79,0.09595463196865052,0.0,0.0,,0.0,0.0,1.0,787.4388303887669,,,1271.3893264517274,972.1313448287287,787.4388303887669,731.5924305863228,173.8851254978189,369.65294298487333
48,raspberrypi,696.0,2023-09-08,23:15:01,Whole,731.974105245136,,4.161719190593853,,2089.75,2488.25,0.06072198206494773,3,15,3,,0.0,0.9620253164556962,,0.0379746835443038,0.0,0.0,1011.7481876943453,,,155.75048007010776,2254.2690056034494,1011.7481876943453,1203.2025200879661,810.9949498455019,867.2689091998823
49,raspberrypi,930.0,2023-09-08,23:15:01,Whole,1377.721075937951,,8.07084477629493,,3263.875,1746.25,6.080761612233224,0,9,2,,0.0,1.0,,0.0,0.0,0.0,881.6083635405039,,,954.8364283197511,1817.0241752738946,881.6083635405039,1018.5573847222324,283.96232423045296,198.57670951922788
50,raspberrypi,17.0,2023-09-08,19:30:01,Whole,783.4245806205247,0.0,5.348245060868854,,1261.65625,1769.21875,3.987321059940666,0,17,4,0.0,0.0,1.0,,0.0,0.0,0.0,975.4255003181601,,,784.0657246728263,1796.3182231148405,975.4255003181601,1081.8224194300062,347.1153324309703,573.4467446487216
51,raspberrypi,380.0,2023-09-08,19:30:01,Whole,857.33831547352,0.34177215189873417,5.76296027358895,9.73351296454646,2250.646875,889.071875,1.9794688736630335,15,285,80,47.284393678453405,1.0,0.0,,0.0,1.0,1.0,517.274369078401,,,1051.2680540214953,1045.0465144047653,517.274369078401,471.4790441561887,0.0,130.55297050205985
52,raspberrypi,383.0,2023-09-08,19:30:01,Whole,737.1905744258254,0.0,5.549287531839434,,1726.425,2386.284375,2.1319306649696457,0,285,80,0.042496999495941254,0.0,1.0,,0.0,0.0,0.0,1033.7473837467107,,,309.6419185370928,2199.7579823387114,1033.7473837467107,1211.6318997077333,684.6218569322689,795.3451892320494
53,raspberrypi,391.0,2023-09-08,19:30:01,Whole,744.853319621467,0.0,5.993072351646937,,2132.6,2460.321875,2.1319306649696457,0,285,80,0.06335721119276724,0.0,0.0,,1.0,0.0,0.0,979.5604549579675,,,120.24656041907357,2227.9588502078923,979.5604549579675,1171.829832714129,772.7656729511933,836.8135048874211
54,raspberrypi,396.0,2023-09-08,19:30:01,Whole,635.7886767533789,0.9814814814814815,4.941816754878937,24.94844893578064,2085.401785714286,1104.825892857143,1.5854202288685835,15,210,56,277.4275021004078,0.7,0.3,,0.0,0.7,0.65,396.0702885059457,,,846.2156934236001,1167.806170238679,396.0702885059457,441.3319486514025,61.1195895921986,0.0
55,raspberrypi,397.0,2023-09-08,19:30:01,Whole,193.83188644047806,0.8833333333333333,4.13170060571105,6.583697336660719,2091.5471311475408,1533.9938524590164,2.593981176257089,0,227,61,37.47253528632499,0.7625,0.2375,,0.0,0.7625,0.7625,260.8021492789243,,,410.0935801054659,1456.8888732256823,260.8021492789243,475.4508748875894,172.43538805174438,0.0
56,raspberrypi,432.0,2023-09-08,19:30:01,Whole,789.7299942450478,,5.385183832348665,,1255.25,1767.75,4.0157541043626885,0,5,1,,0.0,1.0,,0.0,0.0,0.0,980.885473199942,,,790.5543517311205,1797.4034269859749,980.885473199942,1086.6531801038718,352.4532115538778,578.9130115331174
57,raspberrypi,458.0,2023-09-08,19:30:01,Whole,1135.3188469267104,,6.69112413335066,,1004.5,2178.25,3.8794098143010487,0,4,1,,0.0,1.0,,0.0,0.0,0.0,1382.0803540862341,,,969.3217664541613,2227.35537086528,1382.0803540862341,1504.3972302077027,786.8108151998792,1000.3791400283511
58,raspberrypi,470.0,2023-09-08,19:30:01,Whole,708.3208694158386,,3.6636335873779817,,2194.5,1028.75,0.17741057898997548,2,5,1,,0.0125,0.9875,,0.0,0.0125,0.0125,404.06477298592796,,,909.3478599283784,1117.7929748593408,404.06477298592796,411.74907261588635,7.481201979782796,0.0
59,raspberrypi,997.0,2023-09-08,19:30:01,Whole,1223.1508041392312,,7.244278769415913,,3266.5,1744.75,6.2354919095001256,0,5,1,,0.0,1.0,,0.0,0.0,0.0,883.2927235960516,,,957.8154789435279,1816.8541980477044,883.2927235960516,1020.2283057782145,285.92713366384226,197.7462701662744
60,raspberrypi,17.0,2023-09-08,21:10:01,Whole,779.6186364811886,0.0,5.211521972585051,,1261.64375,1787.5687500000004,4.5540890010785455,0,67,20,0.06011758801334389,0.0,1.0,,0.0,0.0,0.0,983.8725073952586,,,780.0873643965967,1811.3189666442854,983.8725073952586,1091.8102086811707,347.66606596765905,573.9605902136137
61,raspberrypi,380.0,2023-09-08,21:10:01,Whole,339.2845293076909,0.0,3.073878884182689,,2025.9103260869565,1329.679347826087,1.6606535654849075,10,120,46,0.050485298341401724,0.5974025974025974,0.4025974025974026,,0.0,0.5974025974025974,0.0,272.4726949510611,,,621.9857875531558,1311.2034311965422,272.4726949510611,434.597575003725,218.45571275763587,0.0
62,raspberrypi,390.0,2023-09-08,21:10:01,Whole,641.2509124737387,0.0,4.242216975515193,,2175.8289473684213,1044.7697368421052,1.663633957933361,0,153,76,0.09191152146880786,0.987012987012987,0.012987012987012988,,0.0,0.987012987012987,0.987012987012987,394.99347686635247,,,893.1697023330213,1126.7308199817962,394.99347686635247,410.92646946762557,31.89330909895115,0.0
63,raspberrypi,391.0,2023-09-08,21:10:01,Whole,838.3257529096127,0.0,6.34071348364455,,2085.3084415584417,2505.3733766233768,6.0777245177946435,0,153,77,0.05903989075470138,0.0,0.0,,1.0,0.0,0.0,1028.3312232834776,,,173.4387979449677,2269.7436571018698,1028.3312232834776,1219.6202530644607,829.0261227242345,884.8922324682895
64,raspberrypi,666.0,2023-09-08,21:10:01,Whole,339.35362193244987,0.0,3.0741386655720797,,2025.5,1329.6136363636363,0.0012907889301941346,10,41,11,0.0010855508463565144,0.14285714285714285,0.8571428571428571,,0.0,0.14285714285714285,0.0,272.6642551663648,,,622.124906965671,1311.1764239995168,272.6642551663648,434.700932476914,218.20248308912787,0.0
65,raspberrypi,17.0,2023-09-08,19:40:01,Whole,765.6011198539222,0.0,5.584640471450738,,1261.25,1769.4,3.9901769590010345,0,15,5,2.5331018542170624e-26,0.0,1.0,,0.0,0.0,0.0,975.8638418393646,,,784.3739573898076,1796.6055334090308,975.8638418393646,1082.2494348103626,347.5912701211159,573.9223237396274
66,raspberrypi,380.0,2023-09-08,19:40:01,Whole,1082.4638293256253,0.0,8.337065291209072,,2257.823717948718,840.0448717948718,8.408548730479176,0,162,78,0.06728078932504256,1.0,0.0,,0.0,1.0,1.0,559.1796706320168,,,1100.4833692610582,1021.8452058496644,559.1796706320168,501.53440732255245,2.3019941786305793,174.22106724227586
67,raspberrypi,383.0,2023-09-08,19:40:01,Whole,570.8494052249541,0.0,4.60271136840448,,1726.128205128205,2386.769230769231,2.105836787207652,0,162,78,0.06467852703328388,0.0,1.0,,0.0,0.0,0.0,1034.2902949013853,,,310.1350920232324,2200.2317383096542,1034.2902949013853,1212.1625305413174,685.1081437262418,795.8399988090467
68,raspberrypi,391.0,2023-09-08,19:40:01,Whole,578.7381045356498,0.0,5.553287318673058,,2126.7179487179487,2463.3846153846152,2.105836787207652,0,162,78,0.05109175691028264,0.0,0.0,,1.0,0.0,0.0,983.1851497273382,,,124.11269832426765,2230.8452804513945,983.1851497273382,1175.357973888131,777.319668502116,840.2962816795322
69,raspberrypi,682.0,2023-09-08,19:40:01,Whole,1048.9434408296102,,6.43324885990279,,1006.25,2177.75,3.8700448256697393,0,3,1,,0.0,1.0,,0.0,0.0,0.0,1380.345772132843,,,967.5566343145762,2226.221142815102,1380.345772132843,1502.7325652561922,785.1600514982455,998.6794808430183
70,raspberrypi,17.0,2023-09-08,21:05:01,Whole,767.3440029165156,0.0,4.851002913828739,,1261.175,1770.275,3.3066784002113883,0,26,5,0.0,0.0,1.0,,0.0,0.0,0.0,976.229106722493,,,784.114879367395,1797.3304895964952,976.229106722493,1082.7006621490614,347.95005264499304,574.2625066753898
71,raspberrypi,380.0,2023-09-08,21:05:01,Whole,216.2802435578989,0.0,3.3400028534566943,,2011.3009868421052,1313.4375,1.6191263448526385,6,299,76,0.06404130918085253,0.9620253164556962,0.0379746835443038,,0.0,0.9620253164556962,0.0,283.4610523479565,,,640.6895057212857,1300.639851036964,283.4610523479565,436.5588481466986,210.70418370762766,0.0
72,raspberrypi,385.0,2023-09-08,21:05:01,Whole,167.53074031391708,0.0,3.4442497312021416,,1893.3022151898733,1665.7879746835442,1.9183015987333694,0,306,79,0.14070660894850046,1.0,0.0,,0.0,1.0,1.0,400.41558776929526,,,349.81841024660207,1571.5768553804583,400.41558776929526,596.6242695588959,109.43566368177171,74.14393151820212
73,raspberrypi,390.0,2023-09-08,21:05:01,Whole,516.811804747888,0.0,4.419400927085352,,2175.862341772152,1046.5791139240507,1.619865209620128,0,306,79,0.10272451849909187,1.0,0.0,,0.0,1.0,1.0,393.76255883512596,,,891.3603119832462,1127.7708994220993,393.76255883512596,410.47867321071357,33.19198128166279,0.0
74,raspberrypi,391.0,2023-09-08,21:05:01,Whole,981.2460311285334,0.0,6.2093773507867525,,2085.227848101266,2505.1708860759495,4.445415983822825,0,306,79,0.03602501103398995,0.0,0.0,,1.0,0.0,0.0,1028.1569679326815,,,173.26158780232097,2269.56597025408,1028.1569679326815,1219.4455240789416,828.8590687799001,884.6641824013901
75,raspberrypi,393.0,2023-09-08,21:05:01,Whole,604.2332440031531,0.034482758620689655,3.8643588817488728,2.193636341100461,1790.6375,958.0270833333333,2.0413180548996674,0,249,60,0.24697582397173748,0.0,0.24050632911392406,,0.0,0.0,0.759493670886076,608.104829290063,,,1041.0398710240172,1091.9243388905802,608.104829290063,586.2297448208272,11.970573238135913,201.6391491184877
76,raspberrypi,425.0,2023-09-08,21:05:01,Whole,1189.506483248728,,6.545697825499489,,1078.5,2293.5,5.312305158083817,0,4,1,,0.0,1.0,,0.0,0.0,0.0,1385.4175331020222,,,905.3343616934161,2293.6981500266893,1385.4175331020222,1518.6567614759122,816.118367918088,1019.0821544471568
77,raspberrypi,666.0,2023-09-08,21:05:01,Whole,216.20937781809457,0.0,2.7325782410931616,,2011.25,1313.5,0.0018522331140382385,6,32,6,1.723292946028691e-26,0.0759493670886076,0.9240506329113924,,0.0,0.0759493670886076,0.0,283.4628215421963,,,640.6376952968027,1300.685194417684,283.4628215421963,436.5798531133054,211.24263698605716,0.0
78,raspberrypi,17.0,2023-09-08,23:00:01,Whole,713.9409655711758,0.0,5.2845492459464785,,1260.5625,1770.6375,3.1999207878017324,0,43,10,0.012400793650793654,0.0,1.0,,0.0,0.0,0.0,976.9200866018203,,,784.5467390612791,1797.8350218592109,976.9200866018203,1083.3838688654514,348.6660806376483,574.9712850372402
79,raspberrypi,250.0,2023-09-08,23:00:01,Whole,460.1171290224374,,4.032024257570452,,2378.0,1460.75,2.9563280446905225,0,4,1,,0.012658227848101266,0.9873417721518988,,0.0,0.012658227848101266,0.012658227848101266,267.74786526783436,,,506.6480807088668,1407.3339083941116,267.74786526783436,426.7223354120984,32.2528043816112,0.0
80,raspberrypi,382.0,2023-09-08,23:00:01,Whole,287.04165577976045,0.038461538461538464,3.3556970460973155,2.1804561464608745,1829.735759493671,1222.2768987341772,2.447376999450371,4,292,79,0.2976512963331039,1.0,0.0,,0.0,1.0,1.0,427.0215171392385,,,778.688837700539,1252.4589300997118,427.0215171392385,505.6792982974917,49.02275637570321,81.29966425763632
81,raspberrypi,385.0,2023-09-08,23:00:01,Whole,250.7626480875304,0.0,3.6495267289621967,,1879.5110759493666,1742.639240506329,2.6985087167976993,0,292,79,0.04214737464627353,1.0,0.0,,0.0,1.0,1.0,457.6009087589774,,,293.4697973621131,1634.1035474465843,457.6009087589774,648.8927486007844,134.8680578812283,145.29476487892222
82,raspberrypi,386.0,2023-09-08,23:00:01,Whole,521.5812850795726,1.0,4.386882906164185,38.626143427346896,2156.3892857142855,1058.0535714285713,2.1753853143163027,4,142,35,1828.6717898499837,0.4430379746835443,0.5569620253164557,,0.0,0.4430379746835443,0.4430379746835443,409.27512316313494,,,890.6768702633217,1138.4901569901724,409.27512316313494,428.7120353268856,12.33834303385234,0.0
83,raspberrypi,391.0,2023-09-08,23:00:01,Whole,980.7938673755069,0.0,6.34742391900145,,2059.3386075949365,2465.756329113924,3.8472305653179304,0,292,79,0.04988443041405509,0.0,0.0,,1.0,0.0,0.0,996.3722452182022,,,142.980987171458,2235.574110737859,996.3722452182022,1187.35704068964,799.2912684086184,847.934405252962
84,raspberrypi,393.0,2023-09-08,23:00:01,Whole,753.8343568167098,0.0,4.724117517126533,,1833.120253164557,746.123417721519,2.4590016972592266,0,292,79,0.0384415943376895,0.0,0.0,,0.0,0.0,1.0,745.5326301867792,,,1233.2908352939007,983.4194880194328,745.5326301867792,691.2439389155254,132.8686893793356,324.7034958564567
85,raspberrypi,397.0,2023-09-08,23:00:01,Whole,531.0161846821702,1.0,4.657006437618547,12.58034882401363,2335.222222222222,1165.638888888889,2.61083042478423,0,37,9,81.39336967558731,0.11392405063291139,0.8860759493670886,,0.0,0.11392405063291139,0.11392405063291139,326.51400607771814,,,785.290771188385,1203.969521719101,326.51400607771814,389.11730306300797,59.22341034136919,0.0
86,raspberrypi,17.0,2023-09-08,19:10:01,Whole,765.7696528999099,0.0,4.150716134444816,,1262.107142857143,1769.0238095238096,3.979735795063611,1,110,21,0.0013109363088781296,0.0,1.0,,0.0,0.0,0.0,974.9410371943922,,,783.7213770824039,1796.0043258853718,974.9410371943922,1081.3511762847834,346.640006937865,572.9765271748024
87,raspberrypi,380.0,2023-09-08,19:10:01,Whole,136.3452499326741,0.22077922077922077,3.2580955989251246,19.871354434766243,2108.326923076923,1733.676282051282,0.8537173975053769,74,370,78,112.88307953633402,0.9240506329113924,0.012658227848101266,,0.12658227848101267,0.9240506329113924,0.8481012658227848,368.57880646265,,,211.17621068396357,1611.2935422587686,368.57880646265,577.6160265400463,153.61023830131964,105.29048178844157
88,raspberrypi,383.0,2023-09-08,19:10:01,Whole,611.130422755834,0.0,4.587476341073514,,1735.110759493671,2377.7911392405063,2.17290236873617,0,373,79,0.05349761844785536,0.0,1.0,,0.0,0.0,0.0,1022.6628010535172,,,297.956248904287,2190.9191763637755,1022.6628010535172,1200.9615192768817,676.6446117426375,785.6748030358536
89,raspberrypi,385.0,2023-09-08,19:10:01,Whole,250.0381781539355,0.01282051282051282,3.3408724919936184,2.0155644370746373,2025.7911392405063,1589.5506329113923,0.8533913639419954,73,373,79,0.11783285410931459,1.0,0.0,,0.0,1.0,0.0,298.4782514633224,,,368.42811502082355,1501.8362989121179,298.4782514633224,515.3290645273645,210.6944417954858,8.554281569681336
90,raspberrypi,388.0,2023-09-08,19:10:01,Whole,409.58950646914053,0.9583333333333334,3.8683481414028758,42.73093647743576,2331.6018518518517,1591.5277777777778,1.2643231448030556,8,136,27,1473.5318665335951,0.26582278481012656,0.6582278481012658,,0.0,0.26582278481012656,0.34177215189873417,313.1710508384525,,,374.9150157267363,1505.8062310236592,313.1710508384525,490.73506409902586,51.400246246500885,19.51395126273337
91,raspberrypi,390.0,2023-09-08,19:10:01,Whole,936.7566960730654,1.0,5.401408719432476,40.40575861969618,2346.085,1027.5966666666666,3.4422976418647266,1,358,75,1609.5743467355092,0.569620253164557,0.05063291139240506,,0.0,0.569620253164557,0.6455696202531646,517.2672771064287,,,966.5156463073467,1157.2392364529912,517.2672771064287,539.459836492513,142.51506036232456,118.70349024128035
92,raspberrypi,391.0,2023-09-08,19:10:01,Whole,676.1360791294295,0.0,5.285619233980372,,2135.8212025316457,2506.5142405063293,2.17290236873617,0,373,79,0.052664810824565374,0.0,0.0,,1.0,0.0,0.0,1022.004997535867,,,165.71331326673703,2269.085778448518,1022.004997535867,1214.0760130920664,816.7258823381176,882.8999793799643
93,raspberrypi,414.0,2023-09-08,19:10:01,Whole,804.9557940337564,0.0,4.3027821092975485,,1268.3863636363637,2115.3863636363635,2.763729241295463,0,58,11,2.437276988352132e-26,0.0,1.0,,0.0,0.0,0.0,1130.9062703566815,,,705.1719662388557,2077.2660625568346,1130.9062703566815,1266.5148501236722,557.7700956760996,758.7686601255526
94,raspberrypi,432.0,2023-09-08,19:10:01,Whole,765.0857571913244,,4.4087900676737535,,1262.75,1769.5,0.0037835392194565894,1,6,1,,0.0,1.0,,0.0,0.0,0.0,974.5049586372131,,,782.9465302144116,1796.1590483377906,974.5049586372131,1081.013001090733,346.21000814459865,572.5214592832457
95,raspberrypi,448.0,2023-09-08,19:10:01,Whole,63.61434473384371,,2.6642289447597123,,2056.0,1784.25,0.02016276764742527,1,6,1,,0.012658227848101266,0.9873417721518988,,0.012658227848101266,0.012658227848101266,0.0,415.72679975591353,,,173.27239390610697,1653.6452015532514,415.72679975591353,621.8816776766605,238.7246319516771,181.80405925623248
96,raspberrypi,930.0,2023-09-08,19:10:01,Whole,1029.77540645134,,5.2899625715883785,,2152.25,817.75,0.6776887743617372,1,5,1,,0.012658227848101266,0.9873417721518988,,0.0,0.012658227848101266,0.012658227848101266,583.8563859899474,,,1120.3977068836343,1009.9080940808172,583.8563859899474,529.9497219868247,68.0520719299701,169.8668061287202
97,raspberrypi,17.0,2023-09-08,23:55:01,Whole,622.1180321367607,0.0,4.3472058985055195,,1260.985294117647,1770.4558823529412,2.8125784331871175,0,70,17,0.008871452624402093,0.0,1.0,,0.0,0.0,0.0,976.4662231384838,,,784.2228454933536,1797.5414849741835,976.4662231384838,1082.942541919915,348.1725399802936,574.4776874089908
98,raspberrypi,106.0,2023-09-08,23:55:01,Whole,840.9646751875616,,4.783368675944202,,1503.625,2081.75,1.4579824865144058,0,10,2,,0.0,1.0,,0.0,0.0,0.0,1089.7601384213733,,,672.6741566309286,2017.0901072283048,1089.7601384213733,1219.2772183389313,640.9844628942608,800.0223594540464
99,raspberrypi,382.0,2023-09-08,23:55:01,Whole,353.10796528325335,0.0,4.32753685151263,,1824.9525316455697,1226.363924050633,2.5526365265743824,0,256,79,0.09038713628083012,1.0,0.0,,0.0,1.0,1.0,428.835433487813,,,776.5684322047193,1255.7116339381298,428.835433487813,508.30235905015326,52.57929706927939,80.7288790576014
100,raspberrypi,385.0,2023-09-08,23:55:01,Whole,260.54610427252965,0.0,3.784795437841204,,1802.017405063291,1833.9462025316457,3.137574422200866,0,256,79,0.06554647915176677,0.0,0.0,,0.0,0.0,1.0,564.90277348758,,,280.81343522988755,1717.7079313224745,564.90277348758,743.2196661784454,158.00572820328892,237.9752753906266
101,raspberrypi,391.0,2023-09-08,23:55:01,Whole,915.6331628104092,0.0,5.751702097867898,,2074.9335443037976,2466.6360759493673,3.5574173359272474,0,256,79,0.03793481754409466,0.0,0.0,,1.0,0.0,0.0,994.3202640266569,,,138.88459270514343,2235.622799042634,994.3202640266569,1185.615487306284,795.1334694124554,847.2342315566734
102,raspberrypi,393.0,2023-09-08,23:55:01,Whole,845.9196751556701,0.0,6.18895899059597,,1845.1044303797469,732.493670886076,2.5526365265743824,0,256,79,0.09252670472451095,0.0,0.0,,0.0,0.0,1.0,751.0517016576794,,,1243.7439198431491,977.2403043347017,751.0517016576794,694.9410128593638,142.3277418820899,329.72744636528535
103,raspberrypi,17.0,2023-09-08,22:30:01,Whole,817.5510832110577,0.0,4.483732892768398,,1260.8333333333333,1770.5,3.1897481285448284,0,15,3,,0.0,1.0,,0.0,0.0,0.0,976.6222246652065,,,784.3471779559362,1797.6301038502104,976.6222246652065,1083.091828560177,348.344095511379,574.657404181531
104,raspberrypi,380.0,2023-09-08,22:30:01,Whole,280.12874411091167,0.06578947368421052,3.0690929392754067,2.3165126322068668,2177.0925324675327,1610.439935064935,0.9062956228507512,50,344,77,0.36347187052152125,1.0,0.0,,0.0,1.0,1.0,282.6578669497738,,,327.52610758791803,1513.4452452911391,282.6578669497738,493.8133119645206,65.47835858255591,0.0
105,raspberrypi,383.0,2023-09-08,22:30:01,Whole,135.92782647301968,0.6458333333333334,2.8185267985404114,8.548130768112461,2175.5575,1783.0425,0.8843903937625737,50,246,50,39.40848826072996,0.6493506493506493,0.35064935064935066,,0.6493506493506493,0.6493506493506493,0.6493506493506493,394.42105072003125,,,155.30279443583274,1649.4234919559797,394.42105072003125,598.3552036982502,146.05765491763606,158.47877676991237
106,raspberrypi,385.0,2023-09-08,22:30:01,Whole,244.71590019905702,0.0,3.049759947989636,,1876.3156779661017,1723.5995762711864,0.6244037186957633,42,285,59,0.07691409434262378,0.7662337662337663,0.23376623376623376,,0.0,0.7662337662337663,0.7662337662337663,446.76212547819586,,,310.726812477576,1619.2248737012674,446.76212547819586,637.9663998009215,120.97372967596375,125.70829567125969
107,raspberrypi,390.0,2023-09-08,22:30:01,Whole,615.6490081195742,0.0,3.2611693859654274,,1785.975,1325.1333333333334,2.097676781455932,0,79,15,0.016121868176985046,0.19480519480519481,0.8051948051948052,,0.0,0.19480519480519481,0.19480519480519481,425.6643908110009,,,701.1748939081762,1328.620664703645,425.6643908110009,533.5352901623413,83.61647937876523,42.74519228512031
108,raspberrypi,391.0,2023-09-08,22:30:01,Whole,624.3031450946864,0.0,5.265704559073883,,2117.9935064935066,2492.7824675324673,2.5820715399504737,0,344,77,0.04699084818484676,0.0,0.0,,1.0,0.0,0.0,1011.6369554245446,,,154.51175132245186,2257.3167013459033,1011.6369554245446,1203.5273236593594,807.9036603579898,869.9555729612176
109,raspberrypi,392.0,2023-09-08,22:30:01,Whole,1053.7080013437414,,5.604589964354932,,2158.75,820.0,4.094460006425552,0,5,1,,0.012987012987012988,0.987012987012987,,0.0,0.012987012987012988,0.012987012987012988,581.1164843740504,,,1118.0485041008965,1010.9769730043656,581.1164843740504,527.1923958927002,62.06697278486244,168.3316319479298
110,raspberrypi,396.0,2023-09-08,22:30:01,Whole,163.65693351889252,0.6447368421052632,3.4220117720336605,4.527186112630621,2176.7175324675327,1995.948051948052,1.1233994941028091,0,344,77,10.142767157057207,0.0,0.0,,1.0,0.0,0.0,561.4607913031648,,,0.0,1824.5450844543395,561.4607913031648,759.441829286384,319.74853448749167,371.5818062119415
111,raspberrypi,397.0,2023-09-08,22:30:01,Whole,303.8000925871248,0.6491228070175439,3.0090615528033697,7.497951275692155,1900.0042372881355,1620.4915254237287,0.6244037186957633,42,264,59,71.37661360046276,0.7662337662337663,0.23376623376623376,,0.0,0.7662337662337663,0.7662337662337663,370.31763495208116,,,386.25891494470557,1535.5182352231873,370.31763495208116,569.4101908569536,101.69744656578725,32.32534180925338
112,raspberrypi,930.0,2023-09-08,22:30:01,Whole,1198.4451251814542,,6.3912002631869935,,3264.25,1745.6666666666667,5.637535392866439,0,16,3,,0.0,1.0,,0.0,0.0,0.0,881.7115216884725,,,955.3877556540552,1816.714004128682,881.7115216884725,1018.6389679554599,284.14517214856994,198.17901452360806
113,raspberrypi,17.0,2023-09-08,18:50:01,Whole,856.2995821188173,0.0,6.08096288887185,,1263.05,1767.4416666666666,3.9637423223676103,0,75,15,0.049243449127546676,0.0,1.0,,0.0,0.0,0.0,973.5325636157371,,,783.4454858070874,1794.4107550937647,973.5325636157371,1079.8471765416136,345.24567276921675,571.6241542274374
114,raspberrypi,383.0,2023-09-08,18:50:01,Whole,753.3198160729171,0.01282051282051282,4.683963073938049,18.75,1705.0253164556962,2392.028481012658,2.204885510449848,0,377,79,4.382231558963335,0.0,0.9873417721518988,,0.0,0.0,0.0,1048.4489650410485,,,331.19873233967405,2208.2932843727895,1048.4489650410485,1225.1749563817743,690.9390308714902,806.5684441889738
115,raspberrypi,386.0,2023-09-08,18:50:01,Whole,530.3186337654166,0.01282051282051282,4.64296938358341,4.138236339311712,2052.6392405063293,1236.7784810126582,1.8221738661215485,2,377,79,0.2462948788386687,1.0,0.0,,0.0,1.0,1.0,300.6089301277612,,,709.5052201454772,1247.076813086492,300.6089301277612,418.9352559239567,185.9182120847752,0.0
116,raspberrypi,388.0,2023-09-08,18:50:01,Whole,856.2350042969471,0.4827586206896552,4.9410109145007,6.422439738036352,1850.7701612903227,2575.8951612903224,1.2312486685275368,0,166,31,11.805222207393772,0.0,0.8227848101265823,,0.0,0.0,0.0,1151.0235272337927,,,340.84268796709006,2351.270668983644,1151.0235272337927,1335.5205354035295,891.3449726093705,981.0230284862506
117,raspberrypi,389.0,2023-09-08,18:50:01,Whole,821.9104714139619,0.38461538461538464,5.848210996001466,9.180772110576276,2266.0379746835442,954.2721518987341,1.8221738661215485,3,377,79,39.1198466232907,1.0,0.0,,0.0,1.0,1.0,463.50923427323374,,,987.149084308011,1078.7731150672676,463.50923427323374,435.7108988374102,0.0,74.96037801280039
118,raspberrypi,390.0,2023-09-08,18:50:01,Whole,1004.7660642056327,1.0,6.828271389381254,171.40404449199485,2780.875,1353.1098484848485,4.366726050784713,9,325,66,12869.919361655873,0.3924050632911392,0.17721518987341772,,0.08860759493670886,0.3924050632911392,0.3291139240506329,776.3333520712639,,,942.4690107985708,1475.1592665149449,776.3333520712639,869.1699662918236,356.4903382580737,228.2981407128348
119,raspberrypi,391.0,2023-09-08,18:50:01,Whole,649.8211417362164,0.038461538461538464,4.588154377490387,18.176561841992182,2131.3117088607596,2412.5427215189875,2.2033646050249933,2,377,79,12.833638763379593,0.0,0.0,,1.0,0.0,0.0,935.6831839636735,,,73.2458581566241,2185.5712407034216,935.6831839636735,1128.2246370045968,734.4272498908674,796.08262041243
120,raspberrypi,399.0,2023-09-08,18:50:01,Whole,263.95823574307144,1.0,3.937808310714538,9.705199034291319,2236.7916666666665,1998.7685185185185,2.252587771770366,2,134,27,30.122121567490492,0.0,0.6582278481012658,,0.34177215189873417,0.0,0.0,560.1132547261308,,,0.0,1827.1895021700127,560.1132547261308,756.7490062588266,300.2090962689219,368.03027029994837
121,raspberrypi,448.0,2023-09-08,18:50:01,Whole,266.0893134016865,,4.540094235964411,,1921.0,1585.5,1.913994517653155,0,6,1,,0.012658227848101266,0.9873417721518988,,0.0,0.012658227848101266,0.012658227848101266,340.3974582851424,,,408.10789139692406,1506.3857200841553,340.3974582851424,544.3513567118661,120.77869287139023,0.40779194007461683
122,raspberrypi,17.0,2023-09-08,22:00:01,Whole,784.0076659952631,0.0,4.614478486243685,,1261.0892857142858,1769.892857142857,3.3250746440852894,0,100,14,0.006250000000000001,0.0,1.0,,0.0,0.0,0.0,976.1795302434605,,,784.337714348243,1797.055499359863,976.1795302434605,1082.604730665195,347.9348542403048,574.2575290386487
123,raspberrypi,37.0,2023-09-08,22:00:01,Whole,1133.2476872626933,,6.070296329851303,,1778.25,2625.25,1.7995380072580753,0,8,1,,0.0,1.0,,0.0,0.0,0.0,1220.1897436801155,,,424.39376038019645,2404.7047844934714,1220.1897436801155,1402.0486332954165,926.7404326529606,1027.7943428683088
124,raspberrypi,106.0,2023-09-08,22:00:01,Whole,782.1448110637689,,4.52079182864955,,1220.5,1538.0,1.2149053798693656,0,8,1,,0.0,1.0,,0.0,0.0,0.0,962.7119350918546,,,926.8256144061871,1630.5300764299868,962.7119350918546,1039.4860288401221,355.0072667285161,573.259038992681
125,raspberrypi,383.0,2023-09-08,22:00:01,Whole,425.19722879006,0.0,3.8137821610138523,,1955.4150641025642,1936.974358974359,1.4836867723802871,0,452,78,0.04458442400524931,0.0,0.0,,1.0,0.0,0.0,566.0441139976946,,,97.38760349662076,1785.5794024130996,566.0441139976946,760.3548083760493,327.33084983620955,345.597247852362
126,raspberrypi,385.0,2023-09-08,22:00:01,Whole,177.6567875500048,0.0,3.428094842406935,,1895.025641025641,1655.9903846153845,1.4836867723802871,0,452,78,0.07251922407661715,1.0,0.0,,0.0,1.0,1.0,393.48279966294734,,,357.394620197732,1563.6988350883917,393.48279966294734,590.3982440843463,107.97505688776936,65.72632164707016
127,raspberrypi,390.0,2023-09-08,22:00:01,Whole,612.8055545513881,0.0,5.090236205640128,,2235.921474358974,947.8477564102565,0.8626073208430245,48,452,78,0.017024702593829825,1.0,0.0,,0.0,1.0,1.0,467.1971797868026,,,991.6097414987834,1074.4450040467673,467.1971797868026,440.4943002271761,0.0,67.22334585376984
128,raspberrypi,391.0,2023-09-08,22:00:01,Whole,968.8549556987607,0.0,5.629163722048555,,2094.4166666666665,2478.8333333333335,2.8882872894609606,0,452,78,0.04500988237162459,0.0,0.0,,1.0,0.0,0.0,1002.2822495272828,,,145.49580033644582,2245.68527273962,1002.2822495272828,1193.867791201973,800.8170664615869,857.502779221861
129,raspberrypi,393.0,2023-09-08,22:00:01,Whole,630.0927189331547,0.0,4.778015472950649,,1794.823717948718,919.4102564102565,1.6586184161864816,0,452,78,0.04381890201522648,0.0,0.0,,0.0,0.0,1.0,632.729568041725,,,1076.5613338907795,1070.188090114251,632.729568041725,603.296550584029,19.62328367443672,221.13324654360116
130,raspberrypi,397.0,2023-09-08,22:00:01,Whole,199.23103962530968,0.0,3.923073744280133,,2142.4366666666665,1372.7666666666667,1.7611590197648532,0,437,75,0.10446400498280752,0.9615384615384616,0.038461538461538464,,0.0,0.9615384615384616,0.0,238.40186342996216,,,565.8942335646544,1338.1198713950168,238.40186342996216,416.7597109420731,203.31290572425542,0.0
131,raspberrypi,414.0,2023-09-08,22:00:01,Whole,783.2548455742156,,4.899774358450283,,1261.75,1769.5,3.321442966108625,0,6,1,,0.0,1.0,,0.0,0.0,0.0,975.4333229003478,,,783.873048260424,1796.5098084782426,975.4333229003478,1081.8666781887362,347.13076671693585,573.4553180553245
132,raspberrypi,666.0,2023-09-08,22:00:01,Whole,487.6682672404341,0.0,4.346118967348412,,2094.1041666666665,1035.421875,0.8605069809531459,48,301,48,0.018354380904915656,0.6153846153846154,0.38461538461538464,,0.0,0.6153846153846154,0.6153846153846154,414.7129132414032,,,905.5279862768721,1121.500267953877,414.7129132414032,430.99857022413687,80.21827497954999,0.0
133,raspberrypi,17.0,2023-09-08,22:10:01,Whole,793.0689830442503,0.0,5.131142618990888,,1260.375,1769.4444444444443,3.328478903345234,0,53,9,4.24175808896545e-27,0.0,1.0,,0.0,0.0,0.0,976.6913635656347,,,785.1681183625805,1796.948437599842,976.6913635656347,1083.0164006494326,348.39734923899005,574.7397056509691
134,raspberrypi,380.0,2023-09-08,22:10:01,Whole,527.9961626631201,0.0,4.080429792447856,,2243.3346774193546,1044.0060483870968,0.5038837975015099,63,320,62,0.02672612242390721,0.8051948051948052,0.19480519480519481,,0.0,0.8051948051948052,0.8051948051948052,391.03826880433013,,,896.0157284769974,1127.3799544653557,391.03826880433013,401.2467762790666,0.0,0.0
135,raspberrypi,383.0,2023-09-08,22:10:01,Whole,423.3397365495597,0.0,4.012013252587545,,1954.8766233766235,1938.400974025974,1.4905924154776242,0,382,77,0.031080086777342086,0.0,0.0,,1.0,0.0,0.0,567.3788320021685,,,96.81853968597048,1786.8127723054672,567.3788320021685,761.6136188005067,328.1885311667691,347.10239247306697
136,raspberrypi,385.0,2023-09-08,22:10:01,Whole,180.52380224895927,0.0,3.550268475290409,,1895.1233766233765,1655.8831168831168,1.4905924154776242,0,382,77,0.05683258029001801,1.0,0.0,,0.0,1.0,1.0,393.3636173084242,,,357.4384446464377,1563.6046020927024,393.3636173084242,590.3020590174359,107.97505688776936,65.62942453159667
137,raspberrypi,390.0,2023-09-08,22:10:01,Whole,617.3307262653808,0.0,4.3979653508778,,2243.5779220779223,946.4496753246754,0.5046985377309116,63,382,77,0.0720546716026696,1.0,0.0,,0.0,1.0,1.0,468.5621689490642,,,993.4160185598123,1073.8929471804377,468.5621689490642,440.5694502783918,0.0,72.08185620075182
138,raspberrypi,391.0,2023-09-08,22:10:01,Whole,963.367011305366,0.0,6.077862073107337,,2094.8311688311687,2478.9285714285716,2.8827810811064256,0,382,77,0.0681670237026066,0.0,0.0,,1.0,0.0,0.0,1002.3036619307666,,,145.4918647551123,2245.754328416834,1002.3036619307666,1193.8958363173856,800.9845276496218,857.7327270896353
139,raspberrypi,393.0,2023-09-08,22:10:01,Whole,637.9991317664698,0.0,4.553286995248103,,1794.7727272727273,919.4935064935065,2.3211561466650017,0,382,77,0.0455764543759353,0.0,0.0,,0.0,0.0,1.0,632.7004358036603,,,1076.4970397398183,1070.237245217014,632.7004358036603,603.2842911941469,19.62328367443672,221.13324654360116
140,raspberrypi,414.0,2023-09-08,22:10:01,Whole,955.8316434325914,,5.745492783283878,,1266.875,2116.625,3.66937507174551,0,11,2,,0.0,1.0,,0.0,0.0,0.0,1132.8220505381391,,,706.6494478756673,2078.797135456495,1132.8220505381391,1268.3960740844575,559.6968539979305,760.7346890476236
141,raspberrypi,666.0,2023-09-08,22:10:01,Whole,527.7466077862101,,3.1399231264790575,,2242.75,1044.0,0.002040916498972777,2,6,1,,0.012987012987012988,0.987012987012987,,0.0,0.012987012987012988,0.012987012987012988,391.0558064939144,,,895.9859005681839,1127.3624142748872,391.0558064939144,401.2982939780763,0.0,0.0
142,raspberrypi,17.0,2023-09-08,22:50:01,Whole,742.6023609242745,0.0,4.958034549151652,,1260.672794117647,1770.5257352941173,3.148235164378318,0,145,34,0.0037680373693792426,0.0,1.0,,0.0,0.0,0.0,976.7799305452024,,,784.48637452676,1797.7070483647067,976.7799305452024,1083.2402552196656,348.5237369775561,574.827692247454
143,raspberrypi,385.0,2023-09-08,22:50:01,Whole,197.32625463210283,0.0,3.9250826815829556,,1870.561170212766,1761.7659574468084,1.052373986607153,0,196,47,0.0025837714691108625,0.5949367088607594,0.4050632911392405,,0.0,0.5949367088607594,0.5949367088607594,475.46302980441004,,,283.8298272105337,1650.4706437045356,475.46302980441004,664.8583507765283,140.3686838660817,163.17197124760594
144,raspberrypi,391.0,2023-09-08,22:50:01,Whole,869.2853033648996,0.0,5.921474309168631,,2059.6012658227846,2465.8291139240505,3.7651191776823842,0,294,79,0.05728351633495963,0.0,0.0,,1.0,0.0,0.0,996.3894022736829,,,142.9611841687873,2235.6259155800562,996.3894022736829,1187.379329393668,799.2095143117721,847.9059320111699
145,raspberrypi,392.0,2023-09-08,22:50:01,Whole,168.37853343762356,0.11764705882352941,3.853934357144138,299.69839696055527,2072.6509433962265,1660.8207547169811,1.053018554209841,0,213,53,9482.75899387336,0.6708860759493671,0.3291139240506329,,0.0,0.6708860759493671,0.0379746835443038,360.1324164653944,,,289.489768662625,1559.129391797816,360.1324164653944,559.5241669295333,196.55373712898796,109.5634576906325
146,raspberrypi,393.0,2023-09-08,22:50:01,Whole,692.5826611001041,0.0,5.611721815359347,,1769.6835443037974,941.1075949367089,3.510092536974908,0,294,79,0.03191556765757461,0.0,0.0,,0.0,0.0,1.0,632.995224502832,,,1063.7014920066094,1084.2255464958685,632.995224502832,608.6383470475625,35.785776094022566,228.48926176336062
147,raspberrypi,397.0,2023-09-08,22:50:01,Whole,597.4469329577965,0.0,4.930513467253649,,2406.8259493670885,1178.3955696202531,3.2612912139858623,0,294,79,0.057380051775084,1.0,0.0,,0.0,1.0,1.0,340.14052553565756,,,786.9109824567056,1215.9971398944422,340.14052553565756,399.4088116749106,70.61773112200233,33.67073475963588
148,raspberrypi,930.0,2023-09-08,22:50:01,Whole,1288.7261243297671,,6.936865147183239,,3263.75,1746.625,5.3084441664380355,0,8,2,,0.0,1.0,,0.0,0.0,0.0,881.6414184600584,,,954.5912002407516,1817.2675051622864,881.6414184600584,1018.6072571353565,283.9725513679445,198.91198525254052
149,raspberrypi,17.0,2023-09-08,23:05:01,Whole,761.9558129980227,0.0,4.595358018816377,,1260.7788461538462,1770.5641025641025,3.3769736769840555,0,181,39,0.023139469691028546,0.0,1.0,,0.0,0.0,0.0,976.6944566806278,,,784.3736645884967,1797.7004203633232,976.6944566806278,1083.166698568148,348.4890206093593,574.7948780727492
150,raspberrypi,381.0,2023-09-08,23:05:01,Whole,134.20378494379815,0.07142857142857142,3.1262976053932934,4.216415558466037,1874.5820312500002,1581.1171875,1.5565408791707516,0,145,32,1.0670719237005406,0.4050632911392405,0.5949367088607594,,0.0,0.4050632911392405,0.4050632911392405,365.1548004807191,,,432.756933469055,1507.651353871831,365.1548004807191,558.6387497935929,79.07094200853638,0.0
151,raspberrypi,386.0,2023-09-08,23:05:01,Whole,445.9469516324057,0.0,3.6228253946345146,,1700.2205882352941,1285.014705882353,2.871724768473692,0,78,17,0.028164441882670366,0.21518987341772153,0.7848101265822784,,0.0,0.21518987341772153,0.21518987341772153,511.02137622454666,,,776.2004725924735,1312.5686168264624,511.02137622454666,588.3833971399075,137.92156520701118,137.21152268844992
152,raspberrypi,391.0,2023-09-08,23:05:01,Whole,857.5269393317265,0.0,5.706763959229923,,2060.4620253164558,2465.746835443038,4.115934069240196,0,323,79,0.06678716690927906,0.0,0.0,,1.0,0.0,0.0,996.1509485853903,,,142.59529159461715,2235.510117601282,996.1509485853903,1187.1593779353088,798.9566717515605,847.8208893658285
153,raspberrypi,393.0,2023-09-08,23:05:01,Whole,881.8866277796404,0.0,5.931404452423103,,1834.509493670886,744.8481012658228,4.3320203420320444,0,323,79,0.02865541875217628,0.0,0.0,,0.0,0.0,1.0,745.9075648406562,,,1234.1987593126717,982.8222110462691,745.9075648406562,691.43564966447,133.7270219580453,325.06378162402234
154,raspberrypi,395.0,2023-09-08,23:05:01,Whole,476.7639891953089,0.0,4.888890205405619,,2478.2386363636365,1547.2467532467533,1.76343216712728,0,316,77,0.10345740079150688,0.9746835443037974,0.02531645569620253,,0.0,0.9746835443037974,0.9746835443037974,318.27086167586157,,,463.374414722987,1479.3546701973964,318.27086167586157,468.27324370095647,20.866269485087642,122.84475984060805
155,raspberrypi,396.0,2023-09-08,23:05:01,Whole,168.84575325513575,0.025974025974025976,3.822181596410928,2.1488103951543103,2161.4423076923076,1674.9983974358975,1.7596054601705988,0,321,78,0.20304314921414698,0.9873417721518988,0.012658227848101266,,0.0,0.9873417721518988,0.9873417721518988,321.03147280187204,,,263.16040316254373,1563.6704512823062,321.03147280187204,531.4119675831448,96.00082521063466,51.01727976977705
156,raspberrypi,425.0,2023-09-08,23:05:01,Whole,1150.9066201069454,,6.301838359755436,,1078.75,2292.25,2.8529648195969157,0,5,1,,0.0,1.0,,0.0,0.0,0.0,1384.4816415718979,,,904.9147296351915,2292.555503997609,1384.4816415718979,1517.6701186547073,815.0087076341892,1018.0318329630908
157,raspberrypi,17.0,2023-09-08,22:25:01,Whole,708.9410174458437,0.0,4.622396468602835,,1278.1490384615386,1765.3509615384614,2.9409758849714427,1,145,26,0.005799207521030568,0.012658227848101266,0.9873417721518988,,0.0,0.012658227848101266,0.012658227848101266,959.0139894794227,,,772.7840930289469,1789.0158667544556,959.0139894794227,1067.1695289413096,348.36695127368387,574.6614926018947
158,raspberrypi,379.0,2023-09-08,22:25:01,Whole,1163.463085974525,,6.713763476858382,,1000.75,2179.25,5.207053743600951,0,6,1,,0.0,1.0,,0.0,0.0,0.0,1385.7612829371126,,,973.1023968745425,2229.7301836566735,1385.7612829371126,1507.9244188054627,790.3037592210411,1003.9798216254829
159,raspberrypi,380.0,2023-09-08,22:25:01,Whole,271.5475305880941,0.012987012987012988,3.9649759800326185,2.1360009363293826,2068.2900641025635,1239.386217948718,1.1754352735125477,0,398,78,0.17862801018223284,0.9873417721518988,0.012658227848101266,,0.0,0.9873417721518988,0.02531645569620253,296.4920440789844,,,704.9356651954672,1248.323959004811,296.4920440789844,415.09859482094447,194.54916105990216,0.0
160,raspberrypi,383.0,2023-09-08,22:25:01,Whole,469.3898721534319,0.0,4.336357111446479,,2039.6645569620252,1013.4667721518987,1.1755555019405683,0,400,79,0.07197924219442393,1.0,0.0,,0.0,1.0,1.0,443.08365454197457,,,932.6564294642121,1109.9541539969787,443.08365454197457,451.9291745585934,21.754950454766288,0.0
161,raspberrypi,390.0,2023-09-08,22:25:01,Whole,2.5023997635890556,0.0,3.595928764861522,,1919.8259493670887,1469.6977848101267,0.8018791831640844,64,400,79,0.12120798978695037,1.0,0.0,,0.0,1.0,1.0,318.74583824689336,,,515.3986274486293,1418.9770375919113,318.74583824689336,498.62255439755444,75.6854807813275,0.0
162,raspberrypi,391.0,2023-09-08,22:25:01,Whole,1037.545866718264,0.0,6.9420030793098935,,2116.4113924050635,2486.6962025316457,5.177793479905443,0,400,79,0.05278534181854542,0.0,0.0,,1.0,0.0,0.0,1006.2176504642705,,,148.77061730497584,2251.9329346273944,1006.2176504642705,1198.115855584353,802.4406969366022,864.0318542983522
163,raspberrypi,393.0,2023-09-08,22:25:01,Whole,559.389392699484,0.0,4.378127797112656,,1800.359375,921.5,1.3237588678328323,0,375,72,0.03773609786411086,0.0,0.08860759493670886,,0.0,0.0,0.9113924050632911,627.9171652605354,,,1072.9264315595074,1070.9021300051575,627.9171652605354,598.631704319159,13.69880174513245,215.5307860410678
164,raspberrypi,396.0,2023-09-08,22:25:01,Whole,157.3969197203039,0.0,3.544203541657869,,1782.1562499999998,1541.35546875,0.8013160342884306,65,333,64,0.04098529753901785,0.810126582278481,0.189873417721519,,0.0,0.810126582278481,0.810126582278481,421.88363233990395,,,514.2957546864459,1488.6618995416343,421.88363233990395,580.2248206126912,0.0,11.623255775521805
165,raspberrypi,896.0,2023-09-08,22:25:01,Whole,1205.3152323632644,,6.976342557332015,,1035.0,650.75,5.512459623483641,0,5,1,,0.0,0.9873417721518988,,0.0,0.0,0.0,1367.1067952041524,,,1673.7786021136176,1109.4742791238998,1367.1067952041524,1338.0817025450824,781.9077353750838,1011.8189769439803
166,raspberrypi,17.0,2023-09-08,19:50:01,Whole,664.0590773257143,0.13043478260869565,5.442534596414993,375.4975957904983,1343.5648148148146,1785.5462962962963,3.9925415122487538,0,81,27,16706.818971674275,0.0,0.95,,0.025,0.0,0.0125,932.8644768980645,,,716.9922451617158,1794.567805588672,932.8644768980645,1047.4831534821567,347.09989814500466,573.4381712421188
167,raspberrypi,380.0,2023-09-08,19:50:01,Whole,1093.0090106346884,0.0,7.607133476473199,,2260.865625,827.9125,8.488021949117764,0,190,80,0.04489172058791609,1.0,0.0,,0.0,1.0,1.0,569.745708732309,,,1112.7852590564307,1016.3743512104321,569.745708732309,510.4950913076386,14.108225855803965,186.54837153777015
168,raspberrypi,383.0,2023-09-08,19:50:01,Whole,560.8690801586599,0.0,5.6669062952024865,,1726.33125,2387.321875,2.1054065323076303,0,190,80,0.024255732838529186,0.0,1.0,,0.0,0.0,0.0,1034.6628826008675,,,310.22284265076433,2200.6857080607815,1034.6628826008675,1212.55160107991,685.6204897586597,796.3348144530968
169,raspberrypi,391.0,2023-09-08,19:50:01,Whole,607.2004339349443,0.0,6.207133107326659,,2126.375,2466.484375,2.1054065323076303,0,190,80,0.033360486175973494,0.0,0.0,,1.0,0.0,0.0,986.1006500087234,,,127.2288429702769,2233.61567386362,986.1006500087234,1178.2514292831336,780.346738961796,843.3160337935977
170,raspberrypi,524.0,2023-09-08,19:50:01,Whole,1064.1601115291917,,6.926584572189686,,1306.0,1046.5,5.05696723472003,0,3,1,,0.0,1.0,,0.0,0.0,0.0,947.769910662155,,,1195.0405742930466,1242.2484800807865,947.769910662155,956.0378974534319,404.6003368479154,597.5814607818361
171,raspberrypi,683.0,2023-09-08,19:50:01,Whole,976.991496469404,,6.184236893117843,,1081.0,2292.75,3.3672529550830945,0,3,1,,0.0,1.0,,0.0,0.0,0.0,1382.9993040180739,,,902.7547937921787,2292.1231646098845,1382.9993040180739,1516.3472761239243,813.918744619743,1016.7674819100479
172,raspberrypi,987.0,2023-09-08,19:50:01,Whole,1338.5062177000425,,7.671957400147369,,3290.5,1682.0,6.907254714850292,0,3,1,,0.0125,0.9875,,0.0,0.0125,0.0,882.7026768444482,,,1002.8473431718959,1777.8332888391537,882.7026768444482,1017.2513333141889,293.42878871321943,144.99371813691423
173,raspberrypi,17.0,2023-09-08,22:45:01,Whole,773.4229242558112,0.0,4.927458125005296,,1260.7368421052631,1770.5592105263158,3.143943359796035,0,114,19,0.02370417816553728,0.0,1.0,,0.0,0.0,0.0,976.7317825213306,,,784.4144521272798,1797.7112632215426,976.7317825213306,1083.2003780685116,348.351117032915,574.657404181531
174,raspberrypi,380.0,2023-09-08,22:45:01,Whole,383.74764250713275,0.7037037037037037,3.0849650403289592,23.24573084621277,2086.2321428571427,1191.1294642857142,1.5106971229486899,3,173,28,421.5780277655297,0.35443037974683544,0.6455696202531646,,0.0,0.35443037974683544,0.25316455696202533,321.4797907143814,,,751.4194912294307,1217.5657701719788,321.4797907143814,414.0305183683702,168.01523345366599,0.0
175,raspberrypi,382.0,2023-09-08,22:45:01,Whole,203.70430516516274,0.9411764705882353,2.7949555945781412,44.136361124074256,2072.8055555555557,1394.5,1.2606571346637716,3,113,18,1011.1282420210943,0.22784810126582278,0.7721518987341772,,0.0,0.22784810126582278,0.13924050632911392,261.02762544699755,,,554.9063992079025,1356.3702233530255,261.02762544699755,439.0811283566038,173.26132511339222,0.0
176,raspberrypi,385.0,2023-09-08,22:45:01,Whole,239.65293742357446,0.0,2.8529694765745734,,1869.4646226415093,1762.6816037735848,0.8383513248290989,36,276,53,0.031021537358202636,0.6708860759493671,0.3291139240506329,,0.0,0.6708860759493671,0.6708860759493671,476.69558029876714,,,283.807006698142,1651.332625885969,476.69558029876714,665.8941408312078,140.31004566251244,163.99212146151157
177,raspberrypi,391.0,2023-09-08,22:45:01,Whole,901.8322963556566,0.0,5.9818001961997185,,2059.3607594936707,2466.48417721519,3.7646176633608643,0,351,79,0.0352855191479078,0.0,0.0,,1.0,0.0,0.0,997.0374505560058,,,143.6589363399899,2236.2212827887424,997.0374505560058,1188.0187846602696,799.9183430200745,848.6510662858256
178,raspberrypi,392.0,2023-09-08,22:45:01,Whole,135.10836320614618,0.6301369863013698,2.991428494594098,9.348433672229481,2017.9797297297298,1693.7601351351352,1.0141589099051063,36,341,74,55.0545859576706,0.9367088607594937,0.06329113924050633,,0.0,0.9367088607594937,0.16455696202531644,365.09205548298024,,,273.07369296308894,1583.804830153769,365.09205548298024,574.486568507643,205.29983118634743,102.24742477191378
179,raspberrypi,393.0,2023-09-08,22:45:01,Whole,669.975700744312,0.0,3.900279822192064,,1768.1645569620252,940.1075949367089,3.5296223831425255,0,351,79,0.04804693772802176,0.0,0.0,,0.0,0.0,1.0,634.6495138485318,,,1065.1362819676,1083.8006150885817,634.6495138485318,610.1709350560126,37.202455114739706,230.29196394347593
180,raspberrypi,396.0,2023-09-08,22:45:01,Whole,198.08355726191536,,2.481295337412347,,1810.75,1537.0,1.2034833106310934,0,6,1,,0.012658227848101266,0.9873417721518988,,0.0,0.012658227848101266,0.012658227848101266,397.06633509900047,,,502.72648286365495,1481.4606937785802,397.06633509900047,564.5364846421703,14.701880835466596,0.0
181,raspberrypi,397.0,2023-09-08,22:45:01,Whole,570.7662651800262,0.025974025974025976,3.859945971400248,3.9538495633184905,2415.9102564102564,1168.3573717948718,3.5027843054020273,0,345,78,0.5568920695111949,0.9873417721518988,0.012658227848101266,,0.0,0.9873417721518988,0.9873417721518988,348.6483368436898,,,798.8158962090037,1210.2857618065113,348.6483368436898,401.86709352757043,65.57825623418674,47.15784107041851
182,raspberrypi,432.0,2023-09-08,22:45:01,Whole,760.5133575577838,,4.347681314178476,,2151.0,819.5,2.070202119064224,0,4,1,,0.012658227848101266,0.9873417721518988,,0.0,0.012658227848101266,0.012658227848101266,582.4674045269153,,,1118.6707866766342,1010.6813712441788,582.4674045269153,528.9243892352778,67.5991642724086,168.00357503623485
183,raspberrypi,17.0,2023-09-08,20:35:01,Whole,745.0454146387108,0.07692307692307693,5.4638712090005255,2.0155644370746373,1261.1458333333333,1770.2708333333333,4.069810646557289,0,90,18,0.5215653559397869,0.0,0.9875,,0.0,0.0,0.0,976.2547498750084,,,784.1434637164958,1797.3374203825147,976.2547498750084,1082.7237028045747,348.0656275547391,574.3795877791564
184,raspberrypi,383.0,2023-09-08,20:35:01,Whole,816.300936640902,0.0,5.2593925725985216,,1678.775,2438.8015625,2.4946652585505045,0,329,80,0.0746052270285165,0.0,1.0,,0.0,0.0,0.0,1099.9178897363865,,,377.11625842668855,2253.9576231527217,1099.9178897363865,1275.688945513389,736.0527125056694,854.9844991313417
185,raspberrypi,391.0,2023-09-08,20:35:01,Whole,795.6248894964253,0.0,5.803248542670187,,2161.0046875,2468.640625,2.4946652585505045,0,329,80,0.06184687212744695,0.0,0.0,,1.0,0.0,0.0,983.8422058981805,,,126.0010547218546,2234.7527850502547,983.8422058981805,1176.398136760967,774.1205620461722,844.582786440138
186,raspberrypi,393.0,2023-09-08,20:35:01,Whole,761.3115026841579,0.0,5.4253170253583765,,1791.8328125,957.31875,2.9715529742547786,0,329,80,0.06088342761349965,0.0,0.0,,0.0,0.0,1.0,607.8461682646924,,,1041.3438940750905,1091.423945217777,607.8461682646924,585.7807767589715,10.912921326438862,201.02100561090265
187,raspberrypi,395.0,2023-09-08,20:35:01,Whole,446.68338453124306,0.0,5.213925565214852,,2317.27734375,1372.9296875,1.323509801986021,0,280,64,0.013671859564566867,0.8,0.2,,0.0,0.8,0.8,257.9499786724976,,,577.9531988634753,1341.2023916555886,257.9499786724976,404.278942728764,122.03760641458415,0.0
188,raspberrypi,396.0,2023-09-08,20:35:01,Whole,665.9865011232445,0.0,5.328283016570854,,2344.390625,1118.028125,1.323964414272497,0,329,80,0.05692952493695966,1.0,0.0,,0.0,1.0,1.0,355.15631638912765,,,833.7295659364997,1174.8006548499884,355.15631638912765,391.21634957281645,0.6174356204666154,43.001648486564434
189,raspberrypi,429.0,2023-09-08,20:35:01,Whole,1108.4003792795606,,6.820849853793597,,1007.0,2178.0,3.7176041087478664,0,5,1,,0.0,1.0,,0.0,0.0,0.0,1379.842198281948,,,966.8150160807849,2226.116716460279,1379.842198281948,1502.2877203340574,784.7568186110137,998.2302231679008
190,raspberrypi,441.0,2023-09-08,20:35:01,Whole,743.7939726058715,0.0,5.4589905725625405,,1262.375,1770.0,4.0681045960814215,0,25,5,0.0,0.0,1.0,,0.0,0.0,0.0,975.0221094806468,,,783.1059279256318,1796.6897586118262,975.0221094806468,1081.5544771059772,346.7505998529004,573.0506602804955
191,raspberrypi,666.0,2023-09-08,20:35:01,Whole,384.0872260454378,,4.199330620624926,,2313.5,1464.75,1.7958381355915316,0,4,1,,0.0125,0.9875,,0.0,0.0125,0.0125,252.36257003601125,,,487.091926995515,1406.843544020419,252.36257003601125,424.92059886832124,33.59638189979738,0.0
192,raspberrypi,17.0,2023-09-08,21:30:01,Whole,765.2284737455119,0.0,5.521820716027311,,1261.3402777777778,1770.34375,4.080552756496843,0,214,36,0.0090156295915167,0.0,1.0,,0.0,0.0,0.0,976.0988523158233,,,783.9358428295462,1797.3273361234205,976.0988523158233,1082.5899338518366,347.80516370740804,574.105990422263
193,raspberrypi,380.0,2023-09-08,21:30:01,Whole,289.99045319945327,0.012987012987012988,3.378878976833309,26.02162562177851,2256.6666666666665,1447.559294871795,1.841151385998166,4,438,78,8.597787689437569,1.0,0.0,,0.0,1.0,1.0,245.10897090445897,,,495.09240593963915,1392.4330675933384,245.10897090445897,422.00644446753233,74.52831824646479,0.0
194,raspberrypi,382.0,2023-09-08,21:30:01,Whole,263.3992944668203,1.0,2.6853927135140863,44.7305639176228,2061.21875,1341.8020833333333,0.9163934656128069,9,84,12,340.0541382011791,0.15384615384615385,0.8461538461538461,,0.0,0.15384615384615385,0.0641025641025641,276.86677922889623,,,604.9213342460074,1320.1831831652783,276.86677922889623,435.3441201927116,198.95099039826545,0.0
195,raspberrypi,383.0,2023-09-08,21:30:01,Whole,194.92251117411303,0.5714285714285714,3.2774278719262306,13.869768671230235,2092.4695512820513,1764.7307692307693,1.4426293332731694,0,438,78,117.62045987361049,1.0,0.0,,0.6538461538461539,1.0,0.2948717948717949,394.04335852048735,,,184.08256947151398,1636.6791433096892,394.04335852048735,601.2332888159458,208.90425826699803,158.7070452912783
196,raspberrypi,385.0,2023-09-08,21:30:01,Whole,136.62551793155532,0.0,3.3152884462743635,,1890.0361842105262,1665.4934210526317,1.0960334603282125,1,257,38,0.2103461803976517,0.48717948717948717,0.5128205128205128,,0.0,0.48717948717948717,0.48717948717948717,402.06375930060756,,,351.7482873607006,1571.6852257446424,402.06375930060756,597.652497405779,106.281727017072,72.80123638848228
197,raspberrypi,386.0,2023-09-08,21:30:01,Whole,512.680922644677,0.025974025974025976,4.040648724016093,2.220443525326302,2068.5625,1083.9166666666667,1.6477629744951983,4,438,78,0.2503237935210627,1.0,0.0,,0.0,1.0,1.0,388.4419296886644,,,859.4437986959063,1150.2700657378919,388.4419296886644,425.72366701901973,78.64076875077285,0.0
198,raspberrypi,391.0,2023-09-08,21:30:01,Whole,888.3350419186999,0.0,5.570670440330265,,2089.1570512820513,2477.128205128205,3.6235596933165444,0,438,78,0.03554794347607458,0.0,0.0,,1.0,0.0,0.0,1001.5642190328989,,,145.1104949726475,2244.371070087393,1001.5642190328989,1193.0666896886846,800.8169793702984,856.2202206071315
199,raspberrypi,393.0,2023-09-08,21:30:01,Whole,705.7534630652436,0.0,4.945235991487004,,1795.0833333333333,919.1217948717949,1.6485335469894762,0,438,78,0.036827147217900785,0.0,0.0,,0.0,0.0,1.0,632.7807874396773,,,1076.7594379351267,1070.0114216980558,632.7807874396773,603.2859064275751,19.508807002190935,221.0942258069207
200,raspberrypi,397.0,2023-09-08,21:30:01,Whole,544.505721595977,1.0,4.015654169829842,54.26907154078733,2208.8397435897436,1973.4807692307693,1.6560600637319567,0,263,39,5394.776465292823,0.10256410256410256,0.5,,0.38461538461538464,0.10256410256410256,0.11538461538461539,605.6997923301135,,,125.45934399222243,1818.9310536779294,605.6997923301135,784.2107191521034,449.68562353016324,481.837734466287
201,raspberrypi,997.0,2023-09-08,21:30:01,Whole,1268.8719640820427,,7.269049955587259,,3265.25,1746.0,5.432794174082899,0,8,1,,0.0,1.0,,0.0,0.0,0.0,882.6887910245249,,,956.2143699343875,1817.3495695648585,882.6887910245249,1019.6591937425147,285.17074500067724,198.6591279918952
202,raspberrypi,17.0,2023-09-08,21:00:01,Whole,718.6276698346696,,4.833570234109759,,1261.125,1770.125,3.3068913364845627,0,8,2,,0.0,1.0,,0.0,0.0,0.0,976.2249920560063,,,784.2175170162628,1797.2283517121748,976.2249920560063,1082.6771395384565,347.9507821147577,574.2630247381423
203,raspberrypi,216.0,2023-09-08,21:00:01,Whole,482.8289362458222,,3.905647429720822,,1490.75,1686.5,2.0823534148710476,0,4,1,,0.0,0.9875,,0.0,0.0,0.0125,735.5394636388407,,,619.2321043395863,1660.3485000471655,735.5394636388407,852.792815913066,104.27005155312288,329.94039627814567
204,raspberrypi,379.0,2023-09-08,21:00:01,Whole,1095.2363142524193,,6.9437132217920885,,1001.0,2179.0,5.315917343201615,0,4,1,,0.0,1.0,,0.0,0.0,0.0,1385.4213992713455,,,972.844307855058,2229.4212138227927,1385.4213992713455,1507.5834319115609,789.9511924465916,1003.6298808049975
205,raspberrypi,385.0,2023-09-08,21:00:01,Whole,80.93824610875842,0.0,3.7055629672612853,,1893.103125,1665.315625,3.5261293269399414,0,235,80,0.04982190753286667,1.0,0.0,,0.0,1.0,1.0,400.23628891078084,,,350.3260909916222,1571.2257752168093,400.23628891078084,596.4247257182493,109.09690501608439,73.5881009183723
206,raspberrypi,386.0,2023-09-08,21:00:01,Whole,609.2469249871489,1.0,4.4871353551795545,44.84581135463964,2196.4746376811595,1557.0797101449275,1.8563816797782882,14,212,69,1499.4177625435711,0.4875,0.1375,,0.375,0.4875,0.5,542.2393557575184,,,487.04260251917816,1513.3564076314121,542.2393557575184,643.0298716076503,124.52392661213055,93.22225187270897
207,raspberrypi,391.0,2023-09-08,21:00:01,Whole,836.2907209606037,0.0,6.0290070799911994,,2085.33125,2503.89375,4.439755074102469,0,235,80,0.04738345730201288,0.0,0.0,,1.0,0.0,0.0,1026.95679264917,,,171.99721905411565,2268.420188951131,1026.95679264917,1218.253432931326,827.6625695948412,883.4186454895342
208,raspberrypi,393.0,2023-09-08,21:00:01,Whole,740.4763976413769,0.0,4.968502545577167,,1791.4109375,957.36875,3.6909439476754624,13,235,80,0.04596754882042218,0.0,0.0,,0.0,0.0,1.0,608.0753248388347,,,1041.426577530171,1091.4875728436077,608.0753248388347,586.0358417697463,11.19956171240338,201.3680946019674
209,raspberrypi,414.0,2023-09-08,21:00:01,Whole,717.9912885310176,,4.670967812981091,,1261.75,1770.0,3.305507828964723,0,3,1,,0.0,1.0,,0.0,0.0,0.0,975.6022327979406,,,783.6851202960155,1796.9090095188076,975.6022327979406,1082.0879236412259,347.32586821677296,573.6341795989568
210,raspberrypi,466.0,2023-09-08,21:00:01,Whole,790.1972293293394,,3.7090280510892444,,2215.0,922.75,0.2741863267954524,1,4,1,,0.0125,0.9875,,0.0,0.0125,0.0125,488.27002323788486,,,1015.8225054421058,1061.0510281607158,488.27002323788486,455.0957245441366,0.0,81.4813783303278
211,raspberrypi,17.0,2023-09-08,21:40:01,Whole,690.0548809593398,0.0,4.203228762651761,,1260.6151315789473,1770.0098684210527,3.3261756298754324,1,206,38,0.11337133914377183,0.0,1.0,,0.0,0.0,0.0,976.6592337930417,,,784.7333037548754,1797.3154738454048,976.6592337930417,1083.061322508741,348.29532701349234,574.6126867114117
212,raspberrypi,380.0,2023-09-08,21:40:01,Whole,429.7688628068438,1.0,3.097030779854268,31.927132500899862,2208.4144736842104,1283.3618421052631,1.2748557134248562,5,111,19,142.98743434935784,0.25,0.75,,0.0,0.25,0.10526315789473684,283.6160354302427,,,666.4123537467476,1280.7667522448537,283.6160354302427,410.60171555306374,209.0738802119717,0.0
213,raspberrypi,382.0,2023-09-08,21:40:01,Whole,363.5588958265883,1.0,3.2688052426614433,49.37056574143529,2132.3571428571427,1321.1138392857142,1.386136378217145,15,304,56,1247.969945698363,0.7368421052631579,0.2631578947368421,,0.0,0.7368421052631579,0.6447368421052632,302.78502618454525,,,628.7193450367969,1309.7925122152064,302.78502618454525,434.68773004432836,136.75965161572597,0.0
214,raspberrypi,383.0,2023-09-08,21:40:01,Whole,330.54282876319286,0.0,3.7619817781549263,,1960.439144736842,1931.8059210526317,1.46461036961502,0,382,76,0.05019523552958878,0.0,0.0,,1.0,0.0,0.0,560.0594283469438,,,97.29026856455602,1780.8576614363838,560.0594283469438,754.860340499035,326.4458355196788,340.26610446008937
215,raspberrypi,385.0,2023-09-08,21:40:01,Whole,63.86977463087263,0.0,3.1609478564508815,,1894.7604166666667,1655.8819444444443,1.4629083815753638,10,374,72,0.06528809990618674,0.9473684210526315,0.05263157894736842,,0.0,0.9473684210526315,0.9473684210526315,393.5647054274671,,,357.62144417713927,1563.6409780831805,393.5647054274671,590.4331157782996,107.66184846191071,65.41793442540444
216,raspberrypi,386.0,2023-09-08,21:40:01,Whole,674.0826908824732,0.16666666666666666,3.700975915735154,4.497653764221615,2073.3289473684213,944.0263157894736,1.4257937452923004,2,191,38,2.560982338492616,0.5,0.5,,0.0,0.5,0.5,489.1029257305102,,,998.3093615566625,1071.50421436452,489.1029257305102,471.58051573130524,51.51396967052004,41.24708849129742
217,raspberrypi,391.0,2023-09-08,21:40:01,Whole,890.0078210844448,0.0,6.016358090039285,,2092.2401315789475,2477.7697368421054,2.8999936889730806,0,382,76,0.0572347772325565,0.0,0.0,,1.0,0.0,0.0,1001.651433968554,,,144.9782603120057,2244.821118059459,1001.651433968554,1193.2048724210645,800.510699480299,856.6825487116979
218,raspberrypi,393.0,2023-09-08,21:40:01,Whole,696.7115517824797,0.0,4.188600676955386,,1794.8684210526317,919.1940789473684,1.5819765968476631,0,382,76,0.03935777168642753,0.0,0.0,,0.0,0.0,1.0,632.8578391399336,,,1076.7543955994474,1070.0671919319407,632.8578391399336,603.3846480096156,19.62328367443672,221.25054158905624
219,raspberrypi,395.0,2023-09-08,21:40:01,Whole,636.9139245968332,1.0,3.4201225690957884,41.10241461480702,2301.9166666666665,1089.9583333333333,1.0887167750714435,2,38,6,551.3175160406224,0.07894736842105263,0.9210526315789473,,0.0,0.07894736842105263,0.07894736842105263,369.28470226764495,,,857.4118459363559,1156.7727349743232,369.28470226764495,395.7380968192076,9.451998104802513,9.861790144111751
220,raspberrypi,414.0,2023-09-08,21:40:01,Whole,688.102497084603,,3.6012044249796062,,1262.5,1769.5,0.009819973266431747,1,6,1,,0.0,1.0,,0.0,0.0,0.0,974.7370358309887,,,783.1781462616316,1796.2466999717628,974.7370358309887,1081.2263956524841,346.4401666803179,572.7549048662136
221,raspberrypi,17.0,2023-09-08,19:55:01,Whole,685.8601135228481,0.0,4.882271719704861,,1262.3384146341464,1769.746951219512,3.9877888806749726,0,127,41,0.05647070753668053,0.0,1.0,,0.0,0.0,0.0,974.9705358482979,,,783.2349622759189,1796.5005734209813,974.9705358482979,1081.4736906974758,346.6943662426324,572.997879300137
222,raspberrypi,380.0,2023-09-08,19:55:01,Whole,1208.0199282452077,0.0,8.47510417348513,,2371.8509615384614,716.1153846153846,7.902086194225599,0,201,78,0.09961754489788055,0.0,0.0,,0.0,0.0,1.0,675.4379624636188,,,1235.263197182048,973.0426584729867,675.4379624636188,608.520711711119,126.09438350559205,335.6615632875263
223,raspberrypi,383.0,2023-09-08,19:55:01,Whole,584.0714349308828,0.0,4.8046013996738575,,1725.8846153846155,2387.647435897436,2.0627122125677912,0,201,78,0.0777278591126949,0.0,1.0,,0.0,0.0,0.0,1035.1399748425467,,,310.77113813998886,2201.043183107762,1035.1399748425467,1213.0065377559738,685.9563276488192,796.7599224920473
224,raspberrypi,391.0,2023-09-08,19:55:01,Whole,651.8562630308093,0.0,5.442634704292228,,2115.7628205128203,2474.628205128205,2.0627122125677912,1,201,78,0.05018348946336657,0.0,0.0,,1.0,0.0,0.0,995.131493581007,,,136.9959594800098,2241.1895481693937,995.131493581007,1187.0842486164713,790.8965972834472,851.85648070737
225,raspberrypi,414.0,2023-09-08,19:55:01,Whole,727.6842675369836,,4.622595587879279,,1268.5,2116.5,1.7900760103515925,0,4,1,,0.0,1.0,,0.0,0.0,0.0,1131.4562345008815,,,705.028290619621,2078.160443439311,1131.4562345008815,1267.1424025324466,558.5892258707574,759.4887438963116
226,raspberrypi,424.0,2023-09-08,19:55:01,Whole,653.964485456785,,4.275396276538017,,2127.5,2473.5,0.06115942658241498,1,4,1,,0.0,0.9871794871794872,,0.01282051282051282,0.0,0.0,992.4441063609418,,,134.00398292339105,2239.8354656185493,992.4441063609418,1184.5719544187327,786.7890708047713,850.2523995065369
227,raspberrypi,470.0,2023-09-08,19:55:01,Whole,1360.0409975749392,,7.693986105841792,,1559.5,541.25,4.291266576280279,0,4,1,,0.0,1.0,,0.0,0.0,0.0,1055.8143975282476,,,1511.3083937699598,917.9515662285954,1055.8143975282476,997.0548564590943,449.42402326662295,654.227813044608
228,raspberrypi,653.0,2023-09-08,19:55:01,Whole,998.2679526648196,,5.6692296455226785,,1002.5,2177.75,2.497645894315558,0,4,1,,0.0,1.0,,0.0,0.0,0.0,1383.510944185453,,,971.3047349466839,2227.772964573452,1383.510944185453,1505.6818224896392,787.9988780196411,1001.6800074266758
229,raspberrypi,17.0,2023-09-08,22:35:01,Whole,712.1102449625336,0.0,4.65119461004392,,1260.8916666666667,1770.375,3.1958529747233646,0,75,15,0.012432923327148954,0.0,1.0,,0.0,0.0,0.0,976.5259054810142,,,784.33999978347,1797.5098290829105,976.5259054810142,1082.9867863043637,348.30943773295826,574.6031512483457
230,raspberrypi,380.0,2023-09-08,22:35:01,Whole,642.1079222646108,0.1282051282051282,4.623995615500005,3.908977682720626,2088.4398734177216,1122.0284810126582,1.752606667143459,0,326,79,1.4811822406531874,1.0,0.0,,0.0,1.0,1.0,358.9381217427685,,,819.6559938124217,1172.988966521021,358.9381217427685,414.85230722292084,119.02714101389003,0.0
231,raspberrypi,382.0,2023-09-08,22:35:01,Whole,502.09904310770384,0.46153846153846156,4.14496932241629,26.267431750812957,2166.5981012658226,2212.3164556962024,1.2815265571265626,0,326,79,503.05486936206904,0.0,0.0,,1.0,0.0,0.0,751.5011733433167,,,0.0,2009.9604088192389,751.5011733433167,945.7694336805454,541.5463392541308,599.0459914077451
232,raspberrypi,385.0,2023-09-08,22:35:01,Whole,94.77672713532887,0.0,3.2521368542344806,,1879.1977848101267,1738.7911392405063,2.8542213224890975,0,326,79,0.05410696462152765,1.0,0.0,,0.0,1.0,1.0,455.199905566281,,,296.7475696866415,1631.0543464758352,455.199905566281,646.5333123063854,132.26627573137074,141.48699367523
233,raspberrypi,386.0,2023-09-08,22:35:01,Whole,604.2924131477469,0.0,4.223660542329824,,1753.7871621621623,1190.4273648648646,1.7524435665494424,0,311,74,0.09819359207127228,0.9367088607594937,0.06329113924050633,,0.0,0.9367088607594937,0.9367088607594937,500.1210712044966,,,836.9969171044761,1239.9310435145626,500.1210712044966,553.2128451708857,29.696075887111704,153.1399458525256
234,raspberrypi,391.0,2023-09-08,22:35:01,Whole,722.9456762036083,0.0,4.9342097090997505,,2097.3132911392404,2465.775316455696,1.2815265571265626,0,326,79,0.21275147629104232,0.0,0.0,,1.0,0.0,0.0,989.7543873489924,,,132.12460431339116,2233.937810329779,989.7543873489924,1181.4610747994943,787.5993352020575,844.3116773535722
235,raspberrypi,17.0,2023-09-08,18:45:01,Whole,911.2716729780353,0.0,6.650756361345745,,1263.980263157895,1767.5394736842106,4.594355619914558,0,107,19,2.9543067226890756e-05,0.0,1.0,,0.0,0.0,0.0,972.7013718371594,,,782.5474291099075,1794.1628503736472,972.7013718371594,1079.0957805661053,344.4002691806334,570.7524107492327
236,raspberrypi,383.0,2023-09-08,18:45:01,Whole,1030.0686140395956,0.0,6.529913171571426,,1813.2852564102564,2467.6923076923076,1.6896708128927058,0,401,78,0.04779150428092014,0.0,1.0,,0.0,0.0,0.0,1067.8317415381393,,,285.7970874736695,2259.239022650213,1067.8317415381393,1250.5710908385179,774.3639822917905,868.6867928468209
237,raspberrypi,386.0,2023-09-08,18:45:01,Whole,722.0356793951368,1.0,6.553296962539544,45.31524214606182,2755.806338028169,1170.4049295774648,1.3909375251031204,1,370,71,2651.1554547883784,0.6666666666666666,0.08974358974358974,,0.0,0.6666666666666666,0.5256410256410257,563.795957716338,,,952.1758694886626,1286.7205301999081,563.795957716338,630.9324255470272,161.11830451024468,112.7702903496677
238,raspberrypi,389.0,2023-09-08,18:45:01,Whole,714.5581508160692,0.0,6.522623531029669,,1926.28,803.4283333333333,0.9645901237827635,74,390,75,0.05660179828538902,0.0,0.038461538461538464,,0.0,0.0,0.9615384615384616,657.0066649798551,,,1157.581547428532,1005.582000813125,657.0066649798551,606.8300830896071,62.947424688858916,228.09936795123542
239,raspberrypi,391.0,2023-09-08,18:45:01,Whole,935.5041598308928,0.0,6.255708935482003,,2137.5641025641025,2423.426282051282,1.6896708128927058,0,401,78,0.035737004065638456,0.0,0.0,,1.0,0.0,0.0,944.8380782932776,,,83.01844608337909,2195.0443270241367,944.8380782932776,1137.391303296762,735.9003199048598,799.8901116325045
240,raspberrypi,393.0,2023-09-08,18:45:01,Whole,630.472103973434,0.0,6.274569725100149,,1807.034090909091,947.2516233766233,0.9645954016279831,74,397,77,0.0229030574945866,0.0,0.01282051282051282,,0.0,0.0,0.9871794871794872,605.5378308224352,,,1046.35146835951,1084.5555646069436,605.5378308224352,581.046909140073,0.0,194.49267429677155
241,raspberrypi,399.0,2023-09-08,18:45:01,Whole,704.1050532492486,0.5324675324675324,6.222033125480899,12.960030137863603,2587.5705128205127,964.4967948717949,1.4757768921519154,1,401,78,116.43082432790298,0.0,0.0,,0.0,0.0,0.9487179487179487,547.3267562666862,,,1045.8133236788028,1109.6612746806513,547.3267562666862,535.9378242731674,131.86001415279765,345.16916622577537
242,raspberrypi,425.0,2023-09-08,18:45:01,Whole,941.6118861756029,,6.464979370955795,,3052.75,1681.75,3.1973123198952718,0,7,1,,0.01282051282051282,0.9871794871794872,,0.0,0.01282051282051282,0.01282051282051282,686.5381176431126,,,787.2215179114536,1695.3719221465567,686.5381176431126,807.9775438482628,63.88763845263247,147.77901826526013
243,raspberrypi,930.0,2023-09-08,18:45:01,Whole,1466.0884623168324,,8.893012691709455,,1284.5,2684.75,2.952668603816784,0,6,1,,0.0,1.0,,0.0,0.0,0.0,1512.3763339439736,,,841.7757760547496,2562.532012863059,1512.3763339439736,1671.8414938341818,1052.9553568946571,1216.9080358198087
244,raspberrypi,997.0,2023-09-08,18:45:01,Whole,1164.6661704775395,,7.15164238466309,,3267.75,1742.75,5.040651090349968,0,6,1,,0.0,1.0,,0.0,0.0,0.0,883.6229033973516,,,959.6735097563143,1815.7794172748204,883.6229033973516,1020.4845779327997,286.44294950988,196.11269309997627
245,raspberrypi,17.0,2023-09-08,20:40:01,Whole,766.5585920296315,0.0,5.483358918411079,,1260.875,1769.666666666667,4.074130849240459,0,90,18,0.02899062981796435,0.0,1.0,,0.0,0.0,0.0,976.3020443762938,,,784.6212770425118,1796.9501498053637,976.3020443762938,1082.6875920250172,348.00085500228784,574.3258720303234
246,raspberrypi,383.0,2023-09-08,20:40:01,Whole,827.9986875923514,0.0,5.79254212381035,,1678.826923076923,2438.9551282051284,2.4962766655544484,0,320,78,0.0771170991883507,0.0,1.0,,0.0,0.0,0.0,1100.0221029089123,,,377.1508236338617,2254.0842037468797,1100.0221029089123,1275.79781642449,736.3009551634037,855.1835210873497
247,raspberrypi,391.0,2023-09-08,20:40:01,Whole,795.8178347429264,0.0,5.817852776004509,,2161.326923076923,2469.474358974359,2.4962766655544484,0,320,78,0.06474738841879303,0.0,0.0,,1.0,0.0,0.0,984.5807354673226,,,126.81972825949181,2235.490071698162,984.5807354673226,1177.135604148865,774.8519670470697,845.3327478227981
248,raspberrypi,393.0,2023-09-08,20:40:01,Whole,764.1803915729064,0.0,5.119872122439544,,1791.8059210526317,957.3782894736842,3.0681519336364365,0,316,76,0.08563711166721388,0.0,0.02564102564102564,,0.0,0.0,0.9743589743589743,607.8217727364521,,,1041.295545192502,1091.459778581628,607.8217727364521,585.7696352845285,10.893233899050657,201.02100561090265
249,raspberrypi,395.0,2023-09-08,20:40:01,Whole,430.9659083821254,0.0,4.553565552366624,,2319.177536231884,1372.893115942029,1.324614241510442,0,294,69,0.04186784919091945,0.8846153846153846,0.11538461538461539,,0.0,0.8846153846153846,0.8846153846153846,258.38489016233,,,578.3359983745769,1341.2609321809546,258.38489016233,404.3284345501861,121.72280372048799,0.0
250,raspberrypi,396.0,2023-09-08,20:40:01,Whole,660.2025242380208,0.0,4.506856504196937,,2363.334935897436,1120.1810897435898,1.324614241510442,0,320,78,0.06373337037263198,1.0,0.0,,0.0,1.0,1.0,359.0145749721743,,,834.8635508177132,1177.1041062465647,359.0145749721743,393.75342668188443,3.0447832648438435,50.46906321461299
251,raspberrypi,399.0,2023-09-08,20:40:01,Whole,430.95768529929506,,4.232847091681592,,2318.75,1372.5,1.325283865335516,0,4,1,,0.01282051282051282,0.9871794871794872,,0.0,0.01282051282051282,0.01282051282051282,258.3426470885769,,,578.6440162850653,1340.9656389960712,258.3426470885769,404.24474912805306,122.27771205833288,0.0
252,raspberrypi,17.0,2023-09-08,21:45:01,Whole,837.9189020479001,0.0,4.918328667393297,,1260.6527777777778,1770.2916666666667,3.3266255281809225,0,60,9,0.09424803514847947,0.0,1.0,,0.0,0.0,0.0,976.7195052850128,,,784.5927207676077,1797.5272652680464,976.7195052850128,1083.1538775858112,348.30943773295826,574.6229273204502
253,raspberrypi,380.0,2023-09-08,21:45:01,Whole,458.79503969880443,0.0,4.69255691534663,,2371.5296875,1171.690625,0.8032940367248496,79,454,80,0.08091255054621947,1.0,0.0,,0.0,1.0,1.0,331.55178515024403,,,785.8381720224945,1209.5198709244632,331.55178515024403,392.96460705245954,55.134361312628556,13.601725107914433
254,raspberrypi,382.0,2023-09-08,21:45:01,Whole,389.09800897878864,0.0,3.7162961570321618,,2099.0625,1117.2954545454545,1.179557218933851,0,270,44,0.05705847720438537,0.55,0.45,,0.0,0.55,0.55,359.4982021516368,,,823.5122343555227,1169.9072916129505,359.4982021516368,412.9306248347933,122.95793708966755,0.0
255,raspberrypi,383.0,2023-09-08,21:45:01,Whole,440.27121687333374,0.0,3.967788808411034,,1957.2328125,1933.1578125,1.4676911543351685,0,454,80,0.025504308736455945,0.0,0.0,,1.0,0.0,0.0,562.3343515457315,,,98.66886969502733,1782.2500539814994,562.3343515457315,756.8760165395692,325.57286519403726,341.8104106582634
256,raspberrypi,385.0,2023-09-08,21:45:01,Whole,220.9584411900809,0.0,3.5589651640617275,,1894.709375,1655.88125,1.4676911543351685,0,454,80,0.07725333096989082,1.0,0.0,,0.0,1.0,1.0,393.59264664852327,,,357.6476631300775,1563.645677237398,393.59264664852327,590.4512432084128,107.62465900304032,65.4369561870414
257,raspberrypi,391.0,2023-09-08,21:45:01,Whole,975.1498842742182,0.0,5.949858750369685,,2092.809375,2478.321875,2.900209417312221,0,454,80,0.04526923158202516,0.0,0.0,,1.0,0.0,0.0,1002.0692138247763,,,145.37809847198665,2245.2912718095636,1002.0692138247763,1193.6296257367283,800.8440612504048,857.1412580009293
258,raspberrypi,393.0,2023-09-08,21:45:01,Whole,640.105150557576,0.0,4.839613415505619,,1795.04375,919.003125,1.8779136895523807,0,454,80,0.05731446078521745,0.0,0.0,,0.0,0.0,1.0,632.8897013450279,,,1076.8845137662418,1069.9499992618435,632.8897013450279,603.375437211961,19.508807002190935,221.13324654360116
259,raspberrypi,397.0,2023-09-08,21:45:01,Whole,538.9752912124792,0.0,4.836744549788656,,2309.743670886076,1028.875,0.8032886802847615,79,450,79,0.03086850259611602,0.9875,0.0125,,0.0,0.9875,0.9875,409.6720835886468,,,917.1140375263459,1120.8829782390603,409.6720835886468,404.85773105956963,0.0,52.405568900680464
260,raspberrypi,425.0,2023-09-08,21:45:01,Whole,1254.7514333612069,,6.33644872467444,,1080.75,2294.5,2.862272573289046,0,7,1,,0.0,1.0,,0.0,0.0,0.0,1384.2321122627013,,,903.244847174663,2293.685231710735,1384.2321122627013,1517.6568553524658,815.4091877576145,1018.1683261923712
261,raspberrypi,441.0,2023-09-08,21:45:01,Whole,836.943311892525,,5.208210433912686,,1261.5,1769.75,3.3218984150936364,0,7,1,,0.0,1.0,,0.0,0.0,0.0,975.7498447936383,,,784.0107310714484,1796.7971556312527,975.7498447936383,1082.190715629555,347.4584523698421,573.7781687407901
262,raspberrypi,17.0,2023-09-08,19:45:01,Whole,657.2423614055226,0.0,5.121400842752549,,1261.763888888889,1769.4972222222223,3.9894451479688415,0,136,45,0.023618638748112365,0.0,1.0,,0.0,0.0,0.0,975.419546044691,,,783.8612437797835,1796.5027966563332,975.419546044691,1081.8536686502696,347.3788319900533,573.7066784492213
263,raspberrypi,110.0,2023-09-08,19:45:01,Whole,1061.0941166002606,,6.259046294853184,,1245.25,1047.5,3.729774860551868,0,4,1,,0.0,1.0,,0.0,0.0,0.0,1002.8102958074659,,,1232.8724344342895,1264.6100491429274,1002.8102958074659,1011.6912313230656,465.235587227122,650.3279911312383
264,raspberrypi,380.0,2023-09-08,19:45:01,Whole,1091.3074886010577,0.0,7.311974714770229,,2257.740506329114,839.4113924050633,7.038533321922327,0,204,79,0.07285170695302524,1.0,0.0,,0.0,1.0,1.0,559.7249868045624,,,1101.110358765789,1021.5510517097882,559.7249868045624,502.0066151580667,2.8422860774133056,174.6822802496178
265,raspberrypi,383.0,2023-09-08,19:45:01,Whole,545.203229828847,0.0,5.47304857264286,,1725.98417721519,2387.028481012658,2.1061728257283017,0,204,79,0.03421127343413186,0.0,1.0,,0.0,0.0,0.0,1034.5739272670269,,,310.3859762110838,2200.482738347022,1034.5739272670269,1212.4404261358602,685.3448591519784,796.1233496348223
266,raspberrypi,391.0,2023-09-08,19:45:01,Whole,629.723144481897,0.0,6.220261505665523,,2126.221518987342,2465.71835443038,2.1061728257283017,0,204,79,0.028593522334406735,0.0,0.0,,1.0,0.0,0.0,985.4126666669728,,,126.49454340474169,2232.9376822574,985.4126666669728,1177.5655763172178,779.6223606271706,842.566827834526
267,raspberrypi,17.0,2023-09-08,19:20:01,Whole,811.9704685849268,0.0,4.698127298953242,,1262.703125,1769.4375,3.981065200876655,0,48,16,3.835120125651951e-05,0.0,1.0,,0.0,0.0,0.0,974.5273592103273,,,783.0134889327721,1796.1255842864675,974.5273592103273,1081.025352510425,346.23144739084034,572.54733597589
268,raspberrypi,383.0,2023-09-08,19:20:01,Whole,220.27414515382924,0.0,3.4814777452072874,,1726.925,2385.28125,2.190236049424745,0,132,80,0.04597334284809264,0.0,1.0,,0.0,0.0,0.0,1032.6760759303797,,,308.7221940164117,2198.796049395698,1032.6760759303797,1210.5796121432732,683.6495699022913,794.2837704415642
269,raspberrypi,391.0,2023-09-08,19:20:01,Whole,309.22311111181426,0.0,4.351677141830347,,2144.253125,2461.665625,2.190236049424745,0,132,80,0.05792669340524307,0.0,0.0,,1.0,0.0,0.0,979.3185840795193,,,120.23428438737942,2228.8719842620535,979.3185840795193,1171.7266160462977,771.1834783716766,837.8987832253533
270,raspberrypi,441.0,2023-09-08,19:20:01,Whole,812.3970696780301,,4.885720796815091,,1262.5,1769.0,3.9836419057393706,0,2,1,,0.0,1.0,,0.0,0.0,0.0,974.5682166913227,,,783.3664244452341,1795.847508385301,974.5682166913227,1081.0051959454418,346.24523354838993,572.5761911465752
271,raspberrypi,448.0,2023-09-08,19:20:01,Whole,538.61433003532,0.0,3.9126462138742526,,2100.6178571428572,1757.7964285714286,3.6413814805137106,0,86,35,0.010386373821616463,0.4375,0.5625,,0.4375,0.4375,0.4375,386.24184586712147,,,187.4446808603989,1630.5827141795335,386.24184586712147,594.2982740232428,186.8890881455648,142.719792145394
272,raspberrypi,17.0,2023-09-08,22:40:01,Whole,848.334288133819,0.0,5.706634231887803,,1260.93359375,1770.29296875,3.617865590565953,1,211,32,0.002592496842812834,0.0,1.0,,0.0,0.0,0.0,976.4591772939287,,,784.331981135758,1797.4296427153379,976.4591772939287,1082.9146154627763,348.43062548675346,574.737193189316
273,raspberrypi,380.0,2023-09-08,22:40:01,Whole,559.5980878883703,0.012987012987012988,4.346769210927589,2.2638462845343543,2094.5272435897436,1125.4695512820513,1.3738425577512312,0,482,78,0.19989552441461997,0.9873417721518988,0.012658227848101266,,0.0,0.9873417721518988,0.9873417721518988,355.28694899347425,,,815.7127593458008,1174.9811624914678,355.28694899347425,412.94358237103916,124.32394074706255,0.0
274,raspberrypi,382.0,2023-09-08,22:40:01,Whole,407.4795140781451,0.0,3.990499711565573,,2365.7642405063293,1371.882911392405,1.3557438241337454,0,486,79,0.0793382897964372,1.0,0.0,,0.0,1.0,1.0,269.7410127164479,,,589.2023348420677,1342.9666188331416,269.7410127164479,406.9252061089447,119.8818139656316,0.0
275,raspberrypi,385.0,2023-09-08,22:40:01,Whole,252.51174031507577,0.0,3.43981665677043,,1866.3950892857142,1767.7075892857142,1.3041033391808647,1,354,56,0.010944582162975338,0.7088607594936709,0.2911392405063291,,0.0,0.7088607594936709,0.7088607594936709,481.8272532055448,,,281.8691660226451,1655.7341864775863,481.8272532055448,670.4378417123761,141.51993359855416,168.57594719941343
276,raspberrypi,389.0,2023-09-08,22:40:01,Whole,616.0471785816577,0.0641025641025641,4.921854290438768,3.2951928767994865,2176.034810126582,2296.8860759493673,1.0769605214607136,0,486,79,0.6578509408898255,0.0,0.0,,1.0,0.0,0.0,824.6306482145267,,,0.0,2082.8314145367895,824.6306482145267,1018.4749691017121,602.5479741913034,671.5571581973876
277,raspberrypi,391.0,2023-09-08,22:40:01,Whole,784.870073940107,0.038461538461538464,5.570986912550119,3.725852134458549,2055.8322784810125,2468.2943037974683,1.0769605214607136,0,486,79,0.5937324318405058,0.0,0.0,,1.0,0.0,0.0,999.3794236462746,,,146.56916171490084,2238.012599317256,999.3794236462746,1190.2756887785158,801.8468535859133,850.0189792212296
278,raspberrypi,392.0,2023-09-08,22:40:01,Whole,55.72112185558932,0.5584415584415584,3.6206928475351274,7.257854326087337,2071.6490384615386,1644.451923076923,1.3502157806639887,0,482,78,97.32157040768482,0.9873417721518988,0.012658227848101266,,0.0,0.9873417721518988,0.5569620253164557,317.28227818803833,,,304.8983908458406,1542.2391770458992,317.28227818803833,532.575541555206,191.3361702316074,52.60282029964934
279,raspberrypi,397.0,2023-09-08,22:40:01,Whole,629.6840702479261,0.02564102564102564,4.522254595009066,2.1359508301601497,2360.1329113924053,1109.3037974683543,1.3557438241337454,0,486,79,0.2312907330210128,1.0,0.0,,0.0,1.0,1.0,364.94346346598275,,,844.994968886301,1170.32855427861,364.94346346598275,394.70661978996264,0.0,58.21624591491559
280,raspberrypi,441.0,2023-09-08,22:40:01,Whole,847.7162100811249,,4.5638621761091205,,1261.5,1769.75,0.003375729237212688,1,8,1,,0.0,1.0,,0.0,0.0,0.0,975.7498447936383,,,784.0107310714484,1796.7971556312527,975.7498447936383,1082.190715629555,347.4584523698421,573.7781687407901
281,raspberrypi,661.0,2023-09-08,22:40:01,Whole,253.30977014016867,,2.7669739140081933,,1866.0,1769.0,0.003444254456869195,1,7,1,,0.012658227848101266,0.9873417721518988,,0.0,0.012658227848101266,0.012658227848101266,482.92783063230826,,,281.1266980873478,1656.8216553002862,482.92783063230826,671.4532224686681,142.10797918221095,169.95157794556786
282,raspberrypi,836.0,2023-09-08,22:40:01,Whole,866.7683918899204,,4.5894609701204425,,2156.75,819.75,1.6102533702160975,0,7,1,,0.012658227848101266,0.9873417721518988,,0.0,0.012658227848101266,0.012658227848101266,581.5637944465,,,1118.325704676021,1010.8454934446562,581.5637944465,527.7197303602829,63.56847106986761,168.35113774636608
283,raspberrypi,930.0,2023-09-08,22:40:01,Whole,1159.8643631804102,,6.827427203782843,,3263.25,1745.5,5.019183584673672,0,8,1,,0.0,1.0,,0.0,0.0,0.0,880.7960401698516,,,954.5046052739541,1816.2075705890015,880.7960401698516,1017.6892070447869,283.1196277329086,197.70112262513922
284,raspberrypi,997.0,2023-09-08,22:40:01,Whole,1161.9009569128573,,6.835605051382987,,3265.25,1746.25,5.028517573745678,0,7,1,,0.0,1.0,,0.0,0.0,0.0,882.7817514040911,,,956.12928881596,1817.5431830796974,882.7817514040911,1019.7654277518548,285.25545313337614,198.90192254414515
285,raspberrypi,17.0,2023-09-08,19:05:01,Whole,696.0678473664422,,5.779790720651867,,1262.25,1769.0,4.138167446940189,0,4,1,,0.0,1.0,,0.0,0.0,0.0,974.8003441705696,,,783.5980052487903,1795.93519271874,974.8003441705696,1081.2186527358242,346.4755106536362,572.8097159639435
286,raspberrypi,383.0,2023-09-08,19:05:01,Whole,757.886254899352,0.0,5.729660795789608,,1731.3164556962026,2418.9382911392404,2.2092371979608885,0,313,79,0.02985120548492571,0.0,1.0,,0.0,0.0,0.0,1059.1498039169032,,,321.94091767571575,2227.761250268658,1059.1498039169032,1237.5880661304293,717.5810121193772,827.0559110374608
287,raspberrypi,388.0,2023-09-08,19:05:01,Whole,525.5712728175954,0.8974358974358975,3.8911961348310684,45.94191699567065,2008.6493902439024,1187.7012195121952,1.2632516720042957,13,180,41,1669.2405617816487,0.5189873417721519,0.4810126582278481,,0.0,0.5189873417721519,0.4810126582278481,373.95843990734295,,,775.1222209155488,1223.5499620047497,373.95843990734295,455.66568411472383,101.37896773302867,3.740278836091022
288,raspberrypi,389.0,2023-09-08,19:05:01,Whole,591.6310878876156,0.9512195121951219,3.9217168194988,21.206172078965537,2058.6647727272725,1130.6732954545455,1.3501671383015814,6,201,44,278.78681410276215,0.5569620253164557,0.4430379746835443,,0.0,0.5569620253164557,0.5569620253164557,382.0506836258856,,,826.1320981472895,1183.3955217991324,382.0506836258856,435.62215306017856,29.738141356260684,1.0211700416099063
289,raspberrypi,391.0,2023-09-08,19:05:01,Whole,763.167933122938,0.0,5.735913744445268,,2159.0632911392404,2429.8006329113923,2.2092371979608885,1,313,79,0.04628670633406688,0.0,0.0,,1.0,0.0,0.0,948.1043509953489,,,87.31043680858343,2200.2479431414004,948.1043509953489,1140.8577191233796,736.6554708890611,805.6113633014579
290,raspberrypi,393.0,2023-09-08,19:05:01,Whole,802.9092102975101,0.0,4.799764982147594,,1803.3333333333333,906.0240384615385,1.908725709309479,7,312,78,0.15248914736149435,0.0,0.012658227848101266,,0.0,0.0,0.9873417721518988,637.3757260213051,,,1086.8629779697214,1062.338316401302,637.3757260213051,605.279221067498,18.77101369391343,223.05459175277502
291,raspberrypi,399.0,2023-09-08,19:05:01,Whole,907.7935534154462,1.0,6.056626908611803,23.476865161747043,2622.4444444444443,1080.6666666666667,4.260964643329532,0,35,9,83.27777391674071,0.0,0.8987341772151899,,0.0,0.0,0.0759493670886076,482.755478280532,,,947.6330988503719,1176.7728674633684,482.755478280532,499.53958523378276,188.56806872316866,270.88703661114295
292,raspberrypi,448.0,2023-09-08,19:05:01,Whole,44.64164276017581,0.0,3.7495683440618675,,1977.4512711864406,1656.4194915254238,3.2881894775156155,0,246,59,0.013634516978965987,0.7468354430379747,0.25316455696202533,,0.0,0.7468354430379747,0.7468354430379747,354.3992243322192,,,320.55592012541047,1556.7846117155486,354.3992243322192,563.54217184391,187.69487137028568,65.14532910661356
293,raspberrypi,470.0,2023-09-08,19:05:01,Whole,1220.1684635798877,,6.604093548746885,,1559.75,540.0,2.2704390218729804,0,4,1,,0.0,1.0,,0.0,0.0,0.0,1056.6257228233587,,,1512.3850400549586,917.5426840357671,1056.6257228233587,997.7705629637061,450.23915303726585,655.0035994730172
294,raspberrypi,666.0,2023-09-08,19:05:01,Whole,671.6249818059345,,3.4078667850818096,,2068.25,2356.5,0.6029587212046349,1,4,1,,0.0,0.9873417721518988,,0.012658227848101266,0.0,0.0,894.8456834896936,,,38.78754334546838,2138.3425120716165,894.8456834896936,1086.7445895572864,693.5685723258986,738.3777835331178
295,raspberrypi,17.0,2023-09-08,23:20:01,Whole,667.9771583483914,0.0,4.782880987994568,,1260.578125,1770.65625,2.859873445979848,0,57,16,0.002564333820232755,0.0,1.0,,0.0,0.0,0.0,976.9119346054966,,,784.5252268627565,1797.8445192879044,976.9119346054966,1083.3788463693402,348.7421097100879,575.0495367897795
296,raspberrypi,131.0,2023-09-08,23:20:01,Whole,422.2006789462287,,3.657300783590003,,2117.75,1299.75,1.909254422976825,0,4,1,,0.0125,0.9875,,0.0,0.0125,0.0,263.68697829976855,,,640.1861329675185,1287.7926364143027,263.68697829976855,409.27894682734586,271.88979932283644,0.0
297,raspberrypi,385.0,2023-09-08,23:20:01,Whole,186.20695748534368,0.0,3.7009609815091373,,1811.8703125,1824.0890625,1.8367386180656162,0,255,80,0.05293068909397421,0.0,0.0,,0.0,0.0,1.0,552.1705642983271,,,279.64565807697056,1708.3037860635447,552.1705642983271,731.8873580506851,153.66542132341397,226.7022188460667
298,raspberrypi,390.0,2023-09-08,23:20:01,Whole,210.90694340036944,0.0,3.535989845347041,,2132.331597222222,1669.782986111111,1.8362426659033937,0,232,72,0.04141478886850882,0.9,0.1,,0.0,0.9,0.9,320.8305777753566,,,270.1528528970676,1560.029659869669,320.8305777753566,533.6044450735029,122.0357927132195,49.71047646513145
299,raspberrypi,391.0,2023-09-08,23:20:01,Whole,831.1328736984827,0.0,5.478768448409885,,2078.10625,2489.7828125,3.7018271507709875,1,255,80,0.05468514236818248,0.0,0.0,,1.0,0.0,0.0,1015.1237855446733,,,160.19702792731408,2256.1226736318545,1015.1237855446733,1206.3570876801668,816.1889032391854,869.8674564130441
300,raspberrypi,392.0,2023-09-08,23:20:01,Whole,885.059533930438,,5.106749754469843,,2158.25,820.75,1.9309408578708873,0,4,1,,0.0125,0.9875,,0.0,0.0125,0.0125,580.5124686348482,,,1117.305092505088,1011.3088840000675,580.5124686348482,526.7426441577668,61.82818169338053,167.52842870093275
301,raspberrypi,393.0,2023-09-08,23:20:01,Whole,966.7381046124086,0.0,5.556898754289629,,1799.45,714.5375,5.223166281277845,0,255,80,0.08990914367812963,0.0,0.0,,0.0,0.0,1.0,787.5251960531116,,,1272.2133059718979,971.4641361444121,787.5251960531116,731.4558177734327,174.49153980042033,369.6735621674403
302,raspberrypi,476.0,2023-09-08,23:20:01,Whole,422.3826249199769,0.0,3.6589079647548606,,2117.84375,1299.59375,1.9121692522994667,0,16,4,0.0,0.05,0.95,,0.0,0.05,0.0,263.74178280708844,,,640.335574750801,1287.6846522870533,263.74178280708844,409.2427565449827,271.76525182923706,0.0
303,raspberrypi,696.0,2023-09-08,23:20:01,Whole,834.8932999239366,,4.333699185072554,,2090.0,2491.25,0.06229310466756327,1,4,1,,0.0,0.9875,,0.0125,0.0,0.0,1014.4826574689357,,,158.60338609709981,2256.9368579374886,1014.4826574689357,1205.9260073562878,814.0837169314722,870.319599039238
304,raspberrypi,17.0,2023-09-08,22:20:01,Whole,631.3028511010616,0.0,4.940164261545579,,1261.1875,1770.5223214285713,3.556014150091132,0,182,28,0.05979527259082105,0.0,1.0,,0.0,0.0,0.0,976.3010568338666,,,784.0104820380329,1797.5235665399616,976.3010568338666,1082.7994159606692,348.0966688389881,574.3947695048038
305,raspberrypi,380.0,2023-09-08,22:20:01,Whole,500.17966916533743,0.0,4.115529947953652,,2073.9825949367087,1220.0838607594937,1.552558864781577,4,491,79,0.1678960271116535,1.0,0.0,,0.0,1.0,1.0,304.63986006218613,,,723.4631452512621,1235.467113702692,304.63986006218613,413.1678565820566,181.04339858029633,0.0
306,raspberrypi,383.0,2023-09-08,22:20:01,Whole,212.024867376274,0.41025641025641024,4.166024380191262,12.675157439627874,1938.012658227848,1888.126582278481,1.153142746117234,2,491,79,95.29834275965888,0.0,0.0,,1.0,0.0,0.0,535.14886604281,,,144.9664172765391,1746.7304407672111,535.14886604281,729.416665452562,267.5042052560372,294.87503708755537
307,raspberrypi,385.0,2023-09-08,22:20:01,Whole,18.950208518807305,0.046511627906976744,3.6003091937498675,8.61070870618019,1889.7386363636363,1665.153409090909,1.0182402161888335,4,299,44,3.1167678182756102,0.5569620253164557,0.4430379746835443,,0.0,0.5569620253164557,0.5569620253164557,402.0308269005201,,,352.2030125147731,1571.4507954537166,402.0308269005201,597.5744452316936,105.67931758538741,73.11498596890436
308,raspberrypi,386.0,2023-09-08,22:20:01,Whole,867.228415523277,0.9855072463768116,7.014583501954091,56.86431601800674,1620.6,2368.755357142857,1.7974775618196923,2,447,70,3454.330040872814,0.20253164556962025,0.12658227848101267,,0.24050632911392406,0.20253164556962025,0.24050632911392406,1117.9252827757814,,,590.7385391580457,2248.718439174153,1117.9252827757814,1294.3502176399268,556.4341623307625,586.4229795152775
309,raspberrypi,390.0,2023-09-08,22:20:01,Whole,215.18637246369036,0.0641025641025641,3.720116345321041,3.0102499151204305,1902.6851265822784,1469.243670886076,1.0234792324183972,5,491,79,0.5156878342642509,1.0,0.0,,0.0,1.0,1.0,328.12542494171294,,,522.1140213328118,1420.1999300688358,328.12542494171294,504.3439014450568,58.667500247298506,0.0
310,raspberrypi,391.0,2023-09-08,22:20:01,Whole,833.6696607912869,0.05128205128205128,6.400933899695322,3.1192634805628674,2116.4525316455697,2485.1265822784812,3.243894344395241,0,491,79,0.5111068479305386,0.0,0.0,,1.0,0.0,0.0,1004.7571566043243,,,147.21772579559564,2250.531157934657,1004.7571566043243,1196.6641473377879,800.4455310152888,862.021169067226
311,raspberrypi,392.0,2023-09-08,22:20:01,Whole,905.2203861300684,,4.8597743325078895,,2158.0,820.25,1.9387224333692838,0,7,1,,0.012658227848101266,0.9873417721518988,,0.0,0.012658227848101266,0.012658227848101266,580.9809259596268,,,1117.808381632069,1011.0818915416627,580.9809259596268,527.1436874001616,62.36936913601953,167.99615942139212
312,raspberrypi,393.0,2023-09-08,22:20:01,Whole,769.0394666742081,0.0,4.792607680355309,,1795.610759493671,920.1487341772151,2.1080326078771776,5,491,79,0.058281466541140456,0.0,0.0,,0.0,0.0,1.0,631.727706076009,,,1075.622191620895,1070.5291128523402,631.727706076009,602.3934932663626,18.7299859304552,220.2352265765623
313,raspberrypi,396.0,2023-09-08,22:20:01,Whole,550.329359035963,1.0,4.632201152878593,46.77618019864968,2047.3405172413793,1223.7327586206898,1.1632930434908217,10,209,29,768.3128319327799,0.3670886075949367,0.6329113924050633,,0.0,0.3670886075949367,0.3670886075949367,391.9616242916397,,,748.8518620949166,1251.1022193101965,391.9616242916397,469.54505176616925,11.442758406046238,19.80403554774127
314,raspberrypi,414.0,2023-09-08,22:20:01,Whole,631.1352367352051,,4.730317974047718,,1261.25,1769.75,3.285139229723842,0,8,1,,0.0,1.0,,0.0,0.0,0.0,975.981947688548,,,784.2424140185907,1796.884931707507,975.981947688548,1082.404169648094,347.6886656065864,574.0116447441876
315,raspberrypi,896.0,2023-09-08,22:20:01,Whole,1339.736940453085,,7.233003914309815,,1033.75,650.5,4.175218564206084,0,7,1,,0.0,0.9873417721518988,,0.0,0.0,0.0,1368.2801258241652,,,1674.7372410290864,1110.102530649084,1368.2801258241652,1339.273513722719,783.1257773233186,1013.0524623501501
316,raspberrypi,997.0,2023-09-08,22:20:01,Whole,1380.3971273347634,,8.166119938184448,,3265.5,1746.0,6.71983737685269,0,8,1,,0.0,1.0,,0.0,0.0,0.0,882.9022457031346,,,956.4494414429722,1817.444016134692,882.9022457031346,1019.8789220845803,285.4059924550895,198.7188143759491
317,raspberrypi,17.0,2023-09-08,21:15:01,Whole,676.1032298145436,0.0,4.217608310584848,,1261.2613636363637,1770.4750000000006,3.3097007743467413,1,224,55,0.06624204346848041,0.0,1.0,,0.0,0.0,0.0,976.2164712778923,,,783.9597567098083,1797.4598322917282,976.2164712778923,1082.7153893202712,347.85039600273234,574.1509276541876
318,raspberrypi,383.0,2023-09-08,21:15:01,Whole,173.28854157092863,0.0,3.1196798039529665,,2075.7291666666665,1732.7222222222222,0.9986289876807225,11,87,18,0.012343297147831596,0.22784810126582278,0.7721518987341772,,0.0,0.22784810126582278,0.012658227848101266,373.75053213118065,,,217.30587025369658,1611.4621112014029,373.75053213118065,583.4295290234696,197.79027391285226,126.40899778447869
319,raspberrypi,385.0,2023-09-08,21:15:01,Whole,37.364463242779514,0.0,2.6636036348384824,,1893.5506329113923,1664.762658227848,2.5894114955406806,11,300,79,0.04636473646685564,1.0,0.0,,0.0,1.0,1.0,399.6478179898059,,,350.57297057976035,1570.744389412453,399.6478179898059,595.9429129565686,109.24834348528573,73.20747962190549
320,raspberrypi,386.0,2023-09-08,21:15:01,Whole,635.5263677137154,0.0,4.096150376215903,,2134.143987341772,1045.4636075949368,0.87030217192704,66,300,79,0.09091338125474793,1.0,0.0,,0.0,1.0,1.0,400.2654468454981,,,893.2651214427201,1127.0018456578855,400.2654468454981,419.0809437522637,63.25672487591525,0.0
321,raspberrypi,391.0,2023-09-08,21:15:01,Whole,874.5160100211366,0.0,5.477020838492793,,2085.0664556962024,2505.75,4.45279002869363,0,300,79,0.03141997431723918,0.0,0.0,,1.0,0.0,0.0,1028.7202244148255,,,173.86253697870222,2270.090297661376,1028.7202244148255,1220.0030493856466,829.4100123857412,885.1835146085816
322,raspberrypi,397.0,2023-09-08,21:15:01,Whole,474.6560179804832,0.0,3.7146849185037962,,2039.998106060606,1185.1534090909092,0.8691551444037842,66,260,66,0.04659076116009954,0.8354430379746836,0.16455696202531644,,0.0,0.8354430379746836,0.8354430379746836,333.648993314236,,,762.3800204563341,1213.8319757148226,333.648993314236,422.20431128144986,133.51943100772485,0.0
323,raspberrypi,441.0,2023-09-08,21:15:01,Whole,675.7353384686104,,3.980294333047609,,1261.5,1769.75,0.004563628028104009,1,5,1,,0.0,1.0,,0.0,0.0,0.0,975.7498447936383,,,784.0107310714484,1796.7971556312527,975.7498447936383,1082.190715629555,347.4584523698421,573.7781687407901
324,raspberrypi,448.0,2023-09-08,21:15:01,Whole,390.1433859576177,,3.8277554744309463,,2252.25,1432.25,2.088103152297296,0,4,1,,0.012658227848101266,0.9873417721518988,,0.0,0.012658227848101266,0.012658227848101266,243.96883267929093,,,509.8115786181818,1381.2482385514859,243.96883267929093,418.2415410379557,88.99501767922662,0.0
325,raspberrypi,462.0,2023-09-08,21:15:01,Whole,174.27864983185233,,2.8474969837849495,,2077.0,1732.5,1.0075308372473515,0,4,1,,0.012658227848101266,0.9873417721518988,,0.0,0.012658227848101266,0.0,373.29344259705346,,,217.21567246843495,1611.2325736370256,373.29344259705346,582.9989890623746,195.99612990574167,125.96026539165908
326,raspberrypi,17.0,2023-09-08,20:50:01,Whole,678.4648170402846,0.0,3.5649804400178784,,1261.2651515151515,1770.2575757575758,3.304107961406455,3,131,33,0.021419646845659536,0.0,1.0,,0.0,0.0,0.0,976.1394922155241,,,784.0378226574522,1797.2849329256198,976.1394922155241,1082.615960639087,347.78482469557804,574.0863295404451
327,raspberrypi,106.0,2023-09-08,20:50:01,Whole,714.7644970093446,,3.901913478486913,,1220.75,1538.0,1.2170760836616548,0,4,1,,0.0,1.0,,0.0,0.0,0.0,962.4658329153914,,,926.6141654569918,1630.4346308794493,962.4658329153914,1039.2538985222182,354.75884777154187,573.009054530216
328,raspberrypi,382.0,2023-09-08,20:50:01,Whole,620.473166733716,0.4666666666666667,5.615216646007525,11.090731308443686,2412.8670212765956,1256.531914893617,3.3549700086104868,0,172,47,73.87684470881484,0.5875,0.4125,,0.0,0.5875,0.5875,309.9218501388076,,,712.9278397140521,1267.3045347808215,309.9218501388076,401.64221747495594,146.03164629164553,0.0
329,raspberrypi,385.0,2023-09-08,20:50:01,Whole,41.52566208935503,0.0,3.9446374593587934,,1892.7,1665.5125,3.3391822693685254,0,254,80,0.05922860197332064,1.0,0.0,,0.0,1.0,1.0,400.5819174262898,,,350.3631643713806,1571.4224888323101,400.5819174262898,596.6855656844741,108.79541322345553,73.649034572678
330,raspberrypi,391.0,2023-09-08,20:50:01,Whole,869.2184546173027,0.0,6.197422398809537,,2080.303125,2498.934375,4.411035053056792,0,254,80,0.031747438395880824,0.0,0.0,,1.0,0.0,0.0,1023.2099299312123,,,168.4478802310777,2264.200058536134,1023.2099299312123,1214.4385657928922,824.3456582416835,878.8733435599285
331,raspberrypi,393.0,2023-09-08,20:50:01,Whole,699.2762205880402,0.0,5.267217941890956,,1791.4234375,957.3484375,3.6021323965355685,0,254,80,0.04868638015184676,0.0,0.0,,0.0,0.0,1.0,608.0815497847542,,,1041.4420327892165,1091.4750638322796,608.0815497847542,586.0374239748336,11.19956171240338,201.3680946019674
332,raspberrypi,395.0,2023-09-08,20:50:01,Whole,611.9733769451797,1.0,5.600769121081876,13.148087531992918,2440.4583333333335,1309.2083333333333,3.3443894827275797,0,19,6,40.14411781381555,0.075,0.925,,0.0,0.075,0.05,303.2099286452805,,,669.92330936473,1304.831601862928,303.2099286452805,409.7179083092505,191.1062284089258,6.447372352361427
333,raspberrypi,414.0,2023-09-08,20:50:01,Whole,677.3556336581946,,4.079041304947724,,1262.25,1769.5,0.006350377411091408,1,5,1,,0.0,1.0,,0.0,0.0,0.0,974.9691222775556,,,783.4097712892578,1796.3343772064156,974.9691222775556,1081.4398066968924,346.67034597508353,572.9883631986925
334,raspberrypi,432.0,2023-09-08,20:50:01,Whole,678.2794498182883,,4.657919171082408,,1261.5,1770.5,3.30423460942112,0,3,1,,0.0,1.0,,0.0,0.0,0.0,976.0033884701004,,,783.7291502220664,1797.3959811131222,976.0033884701004,1082.5227208608405,347.7514765152085,574.0467515147778
335,raspberrypi,441.0,2023-09-08,20:50:01,Whole,678.2325783032305,,4.081440192565922,,1261.5,1770.25,0.0029207219379872294,1,5,1,,0.0,1.0,,0.0,0.0,0.0,975.9188205137424,,,783.822956071279,1797.1963649313593,975.9188205137424,1082.4120067710544,347.6536866499332,573.957137259651
336,raspberrypi,683.0,2023-09-08,20:50:01,Whole,679.0285785674773,,4.164285650262778,,1260.5,1769.25,0.008031985329462392,1,5,1,,0.0,1.0,,0.0,0.0,0.0,976.5097134598384,,,785.125332693847,1796.749263518479,976.5097134598384,1082.8237045934393,348.18504547000515,574.5337924056528
337,raspberrypi,973.0,2023-09-08,20:50:01,Whole,718.9102542477514,,4.942918522963031,,2505.75,1215.75,3.9222631480596504,0,3,1,,0.0125,0.9875,,0.0,0.0125,0.0125,362.93331755640077,,,779.3165285243675,1248.2622082692594,362.93331755640077,424.80957256200037,155.1040397933687,97.56897427631077
338,raspberrypi,987.0,2023-09-08,20:50:01,Whole,1340.6410792743952,,7.679535630238919,,3264.5,1745.0,5.087588854375878,0,5,1,,0.0,1.0,,0.0,0.0,0.0,881.6770124875358,,,955.8502016428414,1816.2919529004807,881.6770124875358,1018.5754114957031,284.1271164949653,197.5094656407351
339,raspberrypi,988.0,2023-09-08,20:50:01,Whole,1070.7495817411248,,6.8588695677883855,,1001.25,2180.0,5.313378472681055,0,4,1,,0.0,1.0,,0.0,0.0,0.0,1385.7257842606716,,,972.6276689601146,2230.1386088320437,1385.7257842606716,1507.9639443041458,790.4145127533218,1004.0291647370356
340,raspberrypi,17.0,2023-09-08,18:55:01,Whole,803.3189242744879,,5.675868926681274,,1261.75,1768.0,3.898356118970742,0,8,1,,0.0,1.0,,0.0,0.0,0.0,974.9278765135134,,,784.438137280564,1795.3123900109172,974.9278765135134,1081.204039979255,346.5482337543198,572.9208174558712
341,raspberrypi,380.0,2023-09-08,18:55:01,Whole,139.71788054137954,,4.312123454052162,,1945.5,1635.5,3.3507453569628893,0,5,1,,0.01282051282051282,0.9871794871794872,,0.0,0.01282051282051282,0.01282051282051282,355.6501057908495,,,352.4476061563196,1542.9556563626497,355.6501057908495,561.8846096671472,152.2806416976057,45.04338716692919
342,raspberrypi,383.0,2023-09-08,18:55:01,Whole,939.8118693358969,0.0,6.062102105668973,,1753.9166666666667,2421.0,1.980070639644267,0,472,78,0.07281626476980974,0.0,1.0,,0.0,0.0,0.0,1051.088714152084,,,304.0714372039637,2226.12818714115,1051.088714152084,1230.736401244128,721.1573418172037,826.3430360215656
343,raspberrypi,388.0,2023-09-08,18:55:01,Whole,663.8072258507366,0.961038961038961,4.941025980687176,88.49200653868743,1994.7003205128206,1182.8525641025642,2.293134462242128,29,472,78,7811.713719034759,0.5512820512820513,0.0,,0.14102564102564102,0.5512820512820513,0.7307692307692307,627.9186173072378,,,873.5388457145743,1282.8629850135994,627.9186173072378,669.0262233491795,122.28339207169039,175.5865297676652
344,raspberrypi,389.0,2023-09-08,18:55:01,Whole,533.6658250188033,0.012987012987012988,3.9822432872557587,2.0155644370746373,1989.7916666666667,989.1217948717949,0.9131681463462753,67,472,78,0.17326795141654827,1.0,0.0,,0.0,1.0,1.0,479.7976459127859,,,963.7358224109607,1097.7278107898987,479.7976459127859,478.0504988628798,0.0,35.56580208285965
345,raspberrypi,391.0,2023-09-08,18:55:01,Whole,906.6107229927826,0.012987012987012988,6.027163210733747,5.273755777432247,2139.50641025641,2421.048076923077,1.980070429281035,0,472,78,0.37069462325052666,0.0,0.0,,1.0,0.0,0.0,942.3974869914219,,,80.41823818836964,2192.8889542734473,942.3974869914219,1134.989115034553,733.551169436852,797.4008198530819
346,raspberrypi,392.0,2023-09-08,18:55:01,Whole,715.7055553588732,,4.958049753734745,,2159.75,818.375,0.9392474807944006,1,12,2,,0.02564102564102564,0.9743589743589743,,0.0,0.02564102564102564,0.02564102564102564,582.4361062710896,,,1119.661001749323,1010.2584368720991,582.4361062710896,528.1856144881067,62.65401455172277,170.06389696903565
347,raspberrypi,393.0,2023-09-08,18:55:01,Whole,616.8978221092157,0.0,4.317723275615901,,1781.150641025641,955.4487179487179,1.0886088667507405,0,472,78,0.07241941545729244,0.0,0.0,,0.0,0.0,1.0,615.8569845502697,,,1046.4562497511497,1091.281420819932,615.8569845502697,593.8238794229466,18.694477598930945,211.00256407310303
348,raspberrypi,397.0,2023-09-08,18:55:01,Whole,593.0487744086088,0.0,4.193780680969,,2159.5466101694915,943.6419491525423,0.9101326212554458,81,391,59,0.024854480207899765,0.7564102564102564,0.24358974358974358,,0.0,0.7564102564102564,0.7564102564102564,473.88428622053664,,,994.4069584598802,1071.1163109150916,473.88428622053664,450.9941422330678,3.84810637718482,46.64203317537138
349,raspberrypi,399.0,2023-09-08,18:55:01,Whole,1105.1647278434393,1.0,6.733823640116132,145.03700993554375,2566.9285714285716,1530.720982142857,3.7415715112769803,0,377,56,19552.975820696927,0.2692307692307692,0.2948717948717949,,0.02564102564102564,0.2692307692307692,0.2692307692307692,886.9063276330116,,,931.7815494249289,1621.4461617231768,886.9063276330116,973.7378427542036,315.6131447084628,400.10209096188004
350,raspberrypi,448.0,2023-09-08,18:55:01,Whole,157.18831186462472,0.05,4.167636384732425,4.100304866714182,2009.3628048780488,1677.7865853658536,3.5527024739532767,0,287,41,0.6799633499759452,0.5256410256410257,0.47435897435897434,,0.0,0.5256410256410257,0.0,355.89852656446106,,,289.16152753928566,1571.3901348139698,355.89852656446106,566.626529253606,224.63296118187418,90.06483261256514
351,raspberrypi,17.0,2023-09-08,18:30:01,Whole,826.3294995250145,0.0,5.242809923094234,,1230.8854166666667,1766.3645833333333,3.192429963601813,0,119,12,6.892970507316198e-27,0.0,1.0,,0.0,0.0,0.0,1003.1338012275057,,,813.6882652392069,1805.0405032626481,1003.1338012275057,1106.9923699134126,374.5443186464496,601.2918533955826
352,raspberrypi,383.0,2023-09-08,18:30:01,Whole,953.9984549264395,0.0,5.7820842711641705,,1731.138888888889,2446.121527777778,1.9331069366540847,0,618,72,0.0689694734587383,0.0,1.0,,0.0,0.0,0.0,1082.3728844031045,,,337.01367634244656,2251.810371281448,1082.3728844031045,1261.0236336829018,744.7560558428445,854.0723836876017
353,raspberrypi,386.0,2023-09-08,18:30:01,Whole,494.55529024627685,0.0,4.420498253202355,,2027.9583333333333,2033.1215277777778,2.0157945359723235,0,618,72,0.054212319327235595,0.0,0.0,,1.0,0.0,0.0,620.9086428766602,,,0.0,1860.9920510878976,620.9086428766602,816.4205696059777,428.526270842364,427.5106680615514
354,raspberrypi,389.0,2023-09-08,18:30:01,Whole,764.9531926369376,0.0,5.411051738478264,,1902.9774305555557,783.4479166666666,1.057776917175532,0,618,72,0.046083522583217636,0.0,0.0,,0.0,0.0,1.0,683.308165551578,,,1181.6305995592152,997.2980164432292,683.308165551578,631.0303135950185,82.68865059414311,256.7591941829518
355,raspberrypi,390.0,2023-09-08,18:30:01,Whole,336.9429264854486,0.0,4.074025205799496,,1722.3614130434783,1390.8559782608695,1.9717844710592747,0,422,46,0.04660158570736853,0.6388888888888888,0.3611111111111111,,0.0,0.6388888888888888,0.6388888888888888,469.86713400589764,,,673.5206029683742,1385.0331995218633,469.86713400589764,579.001950018699,39.813878264998465,82.27307637678861
356,raspberrypi,391.0,2023-09-08,18:30:01,Whole,881.0571609993417,0.0,5.6309534799497225,,2104.3020833333335,2416.0729166666665,1.9331069366540847,0,618,72,0.0293601688502389,0.0,0.0,,1.0,0.0,0.0,942.8776840792206,,,82.20762124772429,2189.5165488447988,942.8776840792206,1135.0048094216572,737.962601179945,794.1993404966577
357,raspberrypi,393.0,2023-09-08,18:30:01,Whole,647.273276868175,0.0,4.9192544764414405,,1773.5915492957747,942.2042253521126,1.057594186322389,1,611,71,0.06217225809337454,0.0,0.013888888888888888,,0.0,0.0,0.9861111111111112,629.7622028791897,,,1061.4140212830844,1084.4961960775995,629.7622028791897,605.4415964320705,31.80798324842806,224.6214969922002
358,raspberrypi,394.0,2023-09-08,18:30:01,Whole,426.0626671079529,1.0,4.330080944402265,41.47892372974899,2078.171296296296,1218.8935185185185,1.1508192127376746,13,486,54,1693.2533578469272,0.75,0.25,,0.0,0.75,0.75,390.3811924467892,,,738.4904211533011,1247.719815330866,390.3811924467892,464.96889314543347,0.0,11.343186118254067
359,raspberrypi,395.0,2023-09-08,18:30:01,Whole,221.89407235340101,0.0,3.926908565668741,,2209.597222222222,1415.1493055555557,0.6116251010278735,79,618,72,0.06909921915478341,1.0,0.0,,0.0,1.0,1.0,240.6147645814499,,,523.5805334043314,1368.2435902349644,240.6147645814499,417.44199319970636,127.4574749478213,0.0
360,raspberrypi,397.0,2023-09-08,18:30:01,Whole,192.28389482398492,0.0,3.8462508353412543,,2103.1927083333335,1362.8194444444443,0.6119006672679814,77,618,72,0.11371329432941041,1.0,0.0,,0.0,1.0,0.0,243.64846628367292,,,578.4955134764571,1331.7536152128635,243.64846628367292,421.90510386643,238.05123880528754,0.0
361,raspberrypi,399.0,2023-09-08,18:30:01,Whole,686.341580219271,0.0,5.318490586665133,,2611.3663194444443,1181.5434027777778,2.399018871708038,0,618,72,0.09503630029954516,0.0,1.0,,0.0,0.0,0.0,426.46670307631626,,,850.7141941300753,1238.0916382582227,426.46670307631626,469.3113075327303,214.9449030639895,208.23090732944604
362,raspberrypi,425.0,2023-09-08,18:30:01,Whole,1230.6765944230494,,6.960774153611635,,1050.75,2290.25,3.604667621807579,0,10,1,,0.0,1.0,,0.0,0.0,0.0,1405.557086531924,,,932.3912260106518,2301.6199122609205,1405.557086531924,1536.997707329972,832.0639597053523,1036.9293946571024
363,raspberrypi,930.0,2023-09-08,18:30:01,Whole,1227.1145433661395,,7.046886737657555,,3235.875,1738.75,4.3182711934465265,0,18,2,,0.027777777777777776,0.9722222222222222,,0.0,0.027777777777777776,0.0,855.0601711667186,,,931.1866462506922,1800.790129491054,855.0601711667186,990.8051209145523,255.089918022472,185.60651683318105
364,raspberrypi,17.0,2023-09-08,20:55:01,Whole,673.7156180367077,,4.665686146241622,,1260.8333333333333,1770.5,3.312935961369871,0,8,3,,0.0,1.0,,0.0,0.0,0.0,976.6223005370831,,,784.3471834889218,1797.6301319891895,976.6223005370831,1083.0919079984671,348.30943773295826,574.6031512483457
365,raspberrypi,106.0,2023-09-08,20:55:01,Whole,1626.3065374062169,,8.530546281687386,,1308.5,180.25,4.724523163210574,0,3,1,,0.0,0.9873417721518988,,0.0,0.0,0.0,1485.054029505793,,,1940.9598065076461,910.8852693738747,1485.054029505793,1417.9421178995674,888.4525720250783,1092.0927356593936
366,raspberrypi,131.0,2023-09-08,20:55:01,Whole,553.7996673506309,,3.9526099121997302,,2367.75,1345.75,2.953534930860428,0,4,1,,0.012658227848101266,0.9873417721518988,,0.0,0.012658227848101266,0.012658227848101266,274.40164524619547,,,615.0593108896853,1324.834340444695,274.40164524619547,403.046059477439,146.00220457972358,0.0
367,raspberrypi,383.0,2023-09-08,20:55:01,Whole,173.20853260983105,0.8181818181818182,4.408684671709606,13.03518025186711,1799.0729166666667,1569.1458333333333,0.75462550075388,12,40,12,124.256656247509,0.1518987341772152,0.8481012658227848,,0.0,0.1518987341772152,0.1518987341772152,416.53954712485455,,,481.7871055490866,1507.6975997843065,416.53954712485455,584.7329440370818,1.3501671035413239,5.502215686427455
368,raspberrypi,385.0,2023-09-08,20:55:01,Whole,40.254452746827035,0.0,4.09829619080001,,1893.186567164179,1665.0242537313434,3.6886903711984353,12,164,67,0.022708638591212433,0.8481012658227848,0.1518987341772152,,0.0,0.8481012658227848,0.8481012658227848,400.0109569002566,,,350.5338675193108,1570.9878729640766,400.0109569002566,596.2264150491857,109.09690501608439,73.35385784803515
369,raspberrypi,386.0,2023-09-08,20:55:01,Whole,421.00021138860154,1.0,3.496506638977372,39.459691889658956,2007.3942307692307,1288.6442307692307,1.768882474970914,0,39,13,3695.2703492434734,0.16455696202531644,0.8354430379746836,,0.0,0.16455696202531644,0.08860759493670886,314.75926002572953,,,670.3823851852654,1286.4192360594957,314.75926002572953,446.44999700930725,138.01282366704777,0.0
370,raspberrypi,391.0,2023-09-08,20:55:01,Whole,831.7195932813462,0.0,6.754410273407622,,2081.23417721519,2501.21835443038,4.425454175832002,0,178,79,0.05534312817728168,0.0,0.0,,1.0,0.0,0.0,1025.1657172373907,,,170.41847902290257,2266.2009357778848,1025.1657172373907,1216.4004097406903,826.200272119181,881.0251637842389
371,raspberrypi,393.0,2023-09-08,20:55:01,Whole,739.0400391212788,0.0,5.006704920126679,,1791.5866666666666,957.3966666666669,3.69014973640217,0,174,75,0.056965726681122465,0.0,0.05063291139240506,,0.0,0.0,0.9493670886075949,607.9461223319142,,,1041.3457412347097,1091.4885492449043,607.9461223319142,585.9058635624012,11.179602275853966,201.29584352028434
372,raspberrypi,414.0,2023-09-08,20:55:01,Whole,673.9497242729257,,4.666439908204859,,1260.5,1769.75,3.3114515169481114,0,3,1,,0.0,1.0,,0.0,0.0,0.0,976.6783117042008,,,784.9375164707618,1797.1484135263731,976.6783117042008,1083.044630272779,348.3794290809776,574.712148906563
373,raspberrypi,470.0,2023-09-08,20:55:01,Whole,1400.7036116870256,,7.974360377528352,,3328.25,1745.5,7.419416370359529,0,4,1,,0.0,1.0,,0.0,0.0,0.0,937.1030953034044,,,1015.8024052361153,1841.501974601179,937.1030953034044,1075.2855213358098,344.824230281257,217.98323871496783
374,raspberrypi,476.0,2023-09-08,20:55:01,Whole,554.1198475464096,,4.230844815264793,,2368.25,1345.875,3.2729951117818636,0,5,2,,0.02531645569620253,0.9746835443037974,,0.0,0.02531645569620253,0.02531645569620253,274.5059159225685,,,615.0554091036455,1324.9509477773254,274.5059159225685,403.11267768961693,145.8975297212298,0.0
375,raspberrypi,542.0,2023-09-08,20:55:01,Whole,553.0984747086043,,3.9535330994590963,,2367.25,1346.25,2.948531780120466,0,4,1,,0.012658227848101266,0.9873417721518988,,0.0,0.012658227848101266,0.012658227848101266,274.1848698863918,,,614.4559460971968,1325.1517337744694,274.1848698863918,403.06912923728174,145.48330566835062,0.0
376,raspberrypi,930.0,2023-09-08,20:55:01,Whole,1337.7797265803883,,7.6653868409423405,,3265.25,1745.75,7.0961082402639715,0,4,1,,0.0,1.0,,0.0,0.0,0.0,882.595879569982,,,956.2994987405135,1817.1559646224935,882.595879569982,1019.5530155234621,285.08618313027,198.41634290285108
377,raspberrypi,17.0,2023-09-08,20:45:01,Whole,743.836656729552,0.0,5.132798829139475,,1261.1666666666667,1770.1416666666667,3.4303460292256727,0,86,15,0.027807262204383214,0.0,1.0,,0.0,0.0,0.0,976.1916490002983,,,784.1726082595798,1797.2269309551455,976.1916490002983,1082.6486398813192,347.7861763274756,574.1010524514794
378,raspberrypi,190.0,2023-09-08,20:45:01,Whole,647.0204489324079,,2.788594634217946,,2267.0,2382.0,0.7082750699617422,1,4,1,,0.0,0.9873417721518988,,0.012658227848101266,0.0,0.0,896.6053554611741,,,55.69969018877566,2157.9197694073227,896.6053554611741,1089.9650385354075,670.620756811934,753.4468629027878
379,raspberrypi,380.0,2023-09-08,20:45:01,Whole,225.91073891485652,0.2857142857142857,2.98905986682871,21.506539703076363,1874.6625,1606.2125,1.6391772045130224,0,48,10,97.67023117386599,0.12658227848101267,0.8734177215189873,,0.0,0.12658227848101267,0.12658227848101267,391.72612726470095,,,410.90639385590913,1528.218670174935,391.72612726470095,579.3056089493384,91.13080431581331,39.66965378694013
380,raspberrypi,382.0,2023-09-08,20:45:01,Whole,499.3866237164041,1.0,3.7261029930490963,35.9998685648629,2063.168103448276,1351.9094827586207,1.778014312459426,0,148,29,681.6383418450995,0.3291139240506329,0.6329113924050633,,0.02531645569620253,0.3291139240506329,0.25316455696202533,323.17758121133323,,,610.0509656812608,1333.1580501936378,323.17758121133323,462.3088472115667,144.94706283422624,0.0
381,raspberrypi,383.0,2023-09-08,20:45:01,Whole,585.4949849492507,0.9615384615384616,4.977324035759338,25.080301456677002,2215.6012658227846,2325.5300632911394,0.9853489057177132,43,345,79,498.97938564809226,0.0,0.012658227848101266,,0.8354430379746836,0.0,0.0,852.3433143329609,,,55.54746764750232,2110.2108534402932,852.3433143329609,1045.6006302184555,593.7250007505763,657.9638578054216
382,raspberrypi,385.0,2023-09-08,20:45:01,Whole,182.21273390643438,0.037037037037037035,3.4378323349378483,3.2015621187164243,1911.4375,1634.0,2.303643484164863,0,142,28,0.35823483540989803,0.35443037974683544,0.6455696202531646,,0.0,0.35443037974683544,0.35443037974683544,371.55195733596764,,,368.7513133689007,1544.8585734028484,371.55195733596764,572.4064856025581,118.38765083620079,49.832430371069904
383,raspberrypi,390.0,2023-09-08,20:45:01,Whole,349.95585145772674,0.4716981132075472,4.128587908711001,16.447050485763924,2132.4768518518517,2115.6296296296296,0.9454520946155748,36,217,54,442.30350933847916,0.0,0.31645569620253167,,0.6835443037974683,0.0,0.0,669.3857939788112,,,0.0,1926.8131039029518,669.3857939788112,865.2098919130784,443.09695650737274,490.1186996451073
384,raspberrypi,391.0,2023-09-08,20:45:01,Whole,673.7250354757572,0.5512820512820513,5.420175897799468,7.789454544159832,2108.4588607594937,2455.018987341772,1.2023530866238437,6,345,79,48.050184251278495,0.0,0.0,,1.0,0.0,0.0,978.5944786362669,,,120.6204088931741,2224.2180411542913,978.5944786362669,1170.4832318516485,774.3329846225561,832.297011468161
385,raspberrypi,393.0,2023-09-08,20:45:01,Whole,860.0644414360264,0.0,5.404155824164658,,1791.4572784810127,957.3180379746835,2.258821988381495,0,345,79,0.0769596969318108,0.0,0.0,,0.0,0.0,1.0,608.0814212967045,,,1041.460506715758,1091.4550775123573,608.0814212967045,586.0297943957002,11.19956171240338,201.3680946019674
386,raspberrypi,395.0,2023-09-08,20:45:01,Whole,378.1306155180658,1.0,3.7551519192845224,49.026520867480336,2228.5,1486.0416666666667,2.383157079785752,0,30,6,4770.594064538142,0.0759493670886076,0.9240506329113924,,0.0,0.0759493670886076,0.0759493670886076,253.3611555272892,,,456.1701908693685,1421.0250225675177,253.3611555272892,439.8411482141639,71.37308098344373,0.0
387,raspberrypi,397.0,2023-09-08,20:45:01,Whole,716.0808097059602,0.9393939393939394,4.157302118388941,17.997951862359262,1947.9857142857143,1100.675,1.2836362126985392,0,175,35,171.36879835001753,0.4430379746835443,0.5569620253164557,,0.0,0.4430379746835443,0.4430379746835443,469.20427682836777,,,878.6744998676137,1177.4792718524168,469.20427682836777,498.26334910297606,12.747131388117495,65.84320779517395
388,raspberrypi,425.0,2023-09-08,20:45:01,Whole,1652.2318794072519,,9.822249240189523,,3028.25,493.5,6.818185390780512,0,5,1,,0.0,1.0,,0.0,0.0,0.0,1090.819196247397,,,1652.007477845411,940.5149053614246,1090.819196247397,1071.179166192101,688.6356043824171,723.2226333476843
389,raspberrypi,441.0,2023-09-08,20:45:01,Whole,743.372113062328,0.0,6.125208399706699,,1261.625,1770.375,4.844350050865757,0,22,5,0.0,0.0,1.0,,0.0,0.0,0.0,975.8450768256253,,,783.6601873715395,1797.2522997087676,975.8450768256253,1082.360666865533,347.5875294316095,573.8852418764778
390,raspberrypi,485.0,2023-09-08,20:45:01,Whole,1061.8506797627613,,6.084098757471101,,3011.0,1451.5,5.4345448502253255,0,5,1,,0.012658227848101266,0.9873417721518988,,0.0,0.012658227848101266,0.012658227848101266,607.4847819023936,,,880.2308208269834,1508.9398675898178,607.4847819023936,703.7781171936962,101.8883627232992,2.2309105342907003
391,raspberrypi,683.0,2023-09-08,20:45:01,Whole,743.5212859557162,,5.0661408683498586,,1261.5,1769.5,3.430128232209936,0,6,1,,0.0,1.0,,0.0,0.0,0.0,975.6654370622335,,,784.1047001913252,1796.5975625156534,975.6654370622335,1082.0801386137296,347.36100810176265,573.6888145510991
392,raspberrypi,979.0,2023-09-08,20:45:01,Whole,1280.3199912054513,,6.64094977691851,,3280.75,1685.75,4.401245775747304,0,5,1,,0.012658227848101266,0.9873417721518988,,0.0,0.012658227848101266,0.0,875.2984865852997,,,992.4038381432914,1776.9023791544414,875.2984865852997,1009.754856058727,284.4726743121349,145.18916793390613
393,raspberrypi,385.0,2023-09-08,23:25:01,Whole,169.7014858232817,0.0,4.661407642938919,,1812.0395569620252,1824.639240506329,3.700388175089053,0,161,79,0.029817580006291717,0.0,0.0,,0.0,0.0,1.0,552.4449324239789,,,279.1569968166354,1708.7298807181553,552.4449324239789,732.1946560691777,154.22409634007238,227.34850173841815
394,raspberrypi,391.0,2023-09-08,23:25:01,Whole,830.2623567556504,0.0,5.419017933446732,,2078.21835443038,2490.0632911392404,3.700388175089053,2,161,79,0.03885412467332245,0.0,0.0,,1.0,0.0,0.0,1015.3636417957232,,,160.43703363580323,2256.368156481794,1015.3636417957232,1206.5976350898495,816.4273124914258,870.1163768309683
395,raspberrypi,392.0,2023-09-08,23:25:01,Whole,896.5788336143419,,5.345320678916132,,2157.25,820.5,1.9246286257699095,0,3,1,,0.012658227848101266,0.9873417721518988,,0.0,0.012658227848101266,0.012658227848101266,580.8461400189046,,,1117.5686889399458,1011.18694695162,580.8461400189046,527.0958379081653,62.67498499759519,167.66211584922053
396,raspberrypi,393.0,2023-09-08,23:25:01,Whole,970.9495798267619,0.0,6.560670814155277,,1800.3481012658228,713.382911392405,5.737877522840492,0,161,79,0.06689294733199304,0.0,0.0,,0.0,0.0,1.0,788.0157996165752,,,1273.10097048918,970.955847728944,788.0157996165752,731.8005645840142,175.11670861541333,370.07518853963415
397,raspberrypi,696.0,2023-09-08,23:25:01,Whole,833.2096819818727,,4.360764173485575,,2090.125,2490.375,0.06131867932658469,2,6,2,,0.0,0.9746835443037974,,0.02531645569620253,0.0,0.0,1013.6530823999365,,,157.72548416856517,2256.150952058743,1013.6530823999365,1205.1030615160378,813.2105704284668,869.4379966611518
398,raspberrypi,17.0,2023-09-08,22:55:01,Whole,795.0939841910011,0.0,5.260773396928015,,1260.9791666666667,1770.6180555555557,3.146762124310229,0,209,36,0.03151382052298546,0.0,1.0,,0.0,0.0,0.0,976.5267671495304,,,784.1677196019219,1797.6731370649431,976.5267671495304,1083.0195882575981,348.296093751827,574.590923376928
399,raspberrypi,380.0,2023-09-08,22:55:01,Whole,478.54439411998817,0.22950819672131148,4.149758361263163,16.92543186009316,2195.0826612903224,2016.5685483870968,2.187754725613955,0,332,62,92.39019126427613,0.0,0.225,,0.775,0.0,0.0,577.2533543486921,,,1.934766877765109,1841.8686060826058,577.2533543486921,774.5957190183003,338.1705185843001,403.3131810418188
400,raspberrypi,385.0,2023-09-08,22:55:01,Whole,250.13332865138355,0.0684931506849315,3.589642992097494,2.4688729474031517,1870.856418918919,1760.8361486486488,2.1890256140176594,0,389,74,0.41697113745081044,0.925,0.075,,0.0,0.925,0.925,474.6694972498513,,,284.37471248838807,1649.6893174081515,474.6694972498513,664.131615244785,139.89269284709212,162.2033215838381
401,raspberrypi,386.0,2023-09-08,22:55:01,Whole,559.6464020723929,0.012658227848101266,4.3994490528533445,2.1505813167606567,2251.315625,1053.728125,1.05392002736075,0,410,80,0.1979767486005387,1.0,0.0,,0.0,1.0,1.0,384.403475654556,,,886.8372468443342,1133.1731090800374,384.403475654556,398.322008693665,6.7932260879198125,0.0
402,raspberrypi,391.0,2023-09-08,22:55:01,Whole,898.7655287466029,0.0,5.650804830737167,,2060.225,2465.884375,2.3916472827952266,0,410,80,0.06336579460228597,0.0,0.0,,1.0,0.0,0.0,996.3222125083909,,,142.80411502790153,2235.644297707667,996.3222125083909,1187.32493429943,799.1194638428577,848.0410734509206
403,raspberrypi,393.0,2023-09-08,22:55:01,Whole,677.1250084353057,0.0,4.888441096953324,,1771.04375,941.871875,2.547904913634172,0,410,80,0.04111749554215869,0.0,0.0,,0.0,0.0,1.0,631.6050640539241,,,1062.5418169727618,1084.5332965577313,631.6050640539241,607.3333187801915,34.35491842039707,226.89332788151916
404,raspberrypi,397.0,2023-09-08,22:55:01,Whole,542.4079088255338,0.0,4.444479665149435,,2410.584935897436,1181.4326923076924,1.0539015204313191,0,404,78,0.04402860381326825,0.975,0.025,,0.0,0.975,0.975,339.96198505665416,,,784.8454995549391,1218.185508467677,339.96198505665416,400.13240332654533,74.85305704896153,34.51582798362256
405,raspberrypi,17.0,2023-09-08,22:05:01,Whole,807.8876160977638,0.0,4.617029203947721,,1260.85,1770.125,3.325823885857993,0,35,5,0.0,0.0,1.0,,0.0,0.0,0.0,976.4802706194566,,,784.4724127234041,1797.3249987810232,976.4802706194566,1082.911934230792,348.28217967681763,574.6031512483457
406,raspberrypi,106.0,2023-09-08,22:05:01,Whole,807.9537385421125,,4.604376077963582,,1220.0,1538.0,1.2202270915847195,0,8,1,,0.0,1.0,,0.0,0.0,0.0,963.2041453153959,,,927.2485595427969,1630.7210545862729,963.2041453153959,1039.9503152514399,355.5041096963858,573.7590079546924
407,raspberrypi,380.0,2023-09-08,22:05:01,Whole,515.402258260096,0.0,3.625735529265529,,2232.4895833333335,1042.8090277777778,0.48808114929623114,40,225,36,0.022365963275534105,0.46153846153846156,0.5384615384615384,,0.0,0.46153846153846156,0.46153846153846156,392.1662693631976,,,896.5970776021821,1126.4468386176934,392.1662693631976,402.6237738706072,0.5113712302101234,0.0
408,raspberrypi,383.0,2023-09-08,22:05:01,Whole,427.93653754789966,0.0,4.080846761145226,,1955.4166666666667,1937.5528846153845,1.4873389552745115,0,439,78,0.02558932583871539,0.0,0.0,,1.0,0.0,0.0,566.5019270565998,,,96.99419592349949,1786.0608469071026,566.5019270565998,760.7971476093827,327.859621068712,346.0971288936011
409,raspberrypi,385.0,2023-09-08,22:05:01,Whole,192.87021107067676,0.0,3.5123582853304947,,1895.1121794871794,1655.875,1.4873389552745115,0,439,78,0.06463963521802515,1.0,0.0,,0.0,1.0,1.0,393.3649150798436,,,357.45108029620013,1563.5993789725644,393.3649150798436,590.3015189243138,107.97505688776936,65.62942453159667
410,raspberrypi,390.0,2023-09-08,22:05:01,Whole,605.7640995488825,0.0,4.4591165818241745,,2240.366883116883,948.5698051948052,0.49212925553526454,43,435,77,0.058991469355730596,0.9871794871794872,0.01282051282051282,,0.0,0.9871794871794872,0.9871794871794872,466.7051608139705,,,991.1211252817556,1074.925728857001,466.7051608139705,439.77809706125805,0.0,68.67024435301613
411,raspberrypi,391.0,2023-09-08,22:05:01,Whole,965.494494425995,0.0,6.209619672057059,,2094.5576923076924,2478.9294871794873,2.8855626231057947,0,439,78,0.03767897109824923,0.0,0.0,,1.0,0.0,0.0,1002.3484540032753,,,145.55639574744572,2245.7656126462284,1002.3484540032753,1193.9359126770762,800.9845276496218,857.7327270896353
412,raspberrypi,393.0,2023-09-08,22:05:01,Whole,640.3087212429645,0.0,4.460415663851423,,1794.8173076923076,919.2788461538462,2.305223271543992,0,439,78,0.03873361481740903,0.0,0.0,,0.0,0.0,1.0,632.827675001979,,,1076.6886844557096,1070.1171702312272,632.827675001979,603.3716205664741,19.62328367443672,221.13324654360116
413,raspberrypi,397.0,2023-09-08,22:05:01,Whole,179.49331644866663,0.0,3.6607585966943095,,2148.0833333333335,1382.6666666666667,1.8647391784509135,0,439,78,0.18121469511908272,1.0,0.0,,0.0,1.0,0.9871794871794872,238.2093709420308,,,555.7768793661784,1345.0626707115719,238.2093709420308,417.9282478341585,192.171763942035,0.0
414,raspberrypi,653.0,2023-09-08,22:05:01,Whole,1222.1897053260707,,6.7008058372445305,,1000.75,2178.5,5.08382918637787,0,6,1,,0.0,1.0,,0.0,0.0,0.0,1385.3750188586512,,,973.077885807373,2229.1144453007164,1385.3750188586512,1507.491785637093,789.8146715910752,1003.5306852601037
415,raspberrypi,666.0,2023-09-08,22:05:01,Whole,515.0885792660508,0.0,2.93471316212727,,2232.5535714285716,1043.1785714285713,0.004925759475189019,11,46,7,0.0,0.08974358974358974,0.9102564102564102,,0.0,0.08974358974358974,0.08974358974358974,391.91491536371217,,,896.2313131383027,1126.659790065397,391.91491536371217,402.5327366092075,0.9177758047512867,0.0
416,raspberrypi,17.0,2023-09-08,21:35:01,Whole,800.9967970453525,,4.906456071393367,,1261.0,1770.5,3.321315047947225,0,22,3,,0.0,1.0,,0.0,0.0,0.0,976.4674832363922,,,784.1927166651094,1797.5715693956038,976.4674832363922,1082.9495149219067,348.21163063107076,574.5135169078926
417,raspberrypi,38.0,2023-09-08,21:35:01,Whole,559.2440357850534,,3.0182916659080914,,2075.25,971.5,0.012546574638808866,2,8,1,,0.0125,0.9875,,0.0,0.0125,0.0125,465.4852199026987,,,970.7496750068439,1086.1219158242607,465.4852199026987,458.4879549660036,52.27705373583021,18.484618420364768
418,raspberrypi,380.0,2023-09-08,21:35:01,Whole,44.360970513339524,0.0,3.231805702238235,,2063.4703125,1549.71875,1.0304166801816832,0,528,80,0.0871861345273189,1.0,0.0,,0.0,1.0,1.0,270.3571320659989,,,398.7921604660829,1469.6728759247471,270.3571320659989,487.99721332001025,186.50711942547903,0.0
419,raspberrypi,382.0,2023-09-08,21:35:01,Whole,475.05450657652347,0.0,3.497439721861146,,2154.234375,1071.43125,0.6646384741549834,47,528,80,0.09431374699977808,1.0,0.0,,0.0,1.0,1.0,379.7203666035139,,,866.724202126777,1142.1093228192767,379.7203666035139,409.02451987391794,66.13965430169144,0.0
420,raspberrypi,383.0,2023-09-08,21:35:01,Whole,406.970886490339,0.0,4.098487556400701,,1961.5,1930.4984375,1.4607649526496256,0,528,80,0.0617600212421729,0.0,0.0,,1.0,0.0,0.0,558.6282914994463,,,97.44316541098634,1779.6825990789887,558.6282914994463,753.5389021216465,326.15948889072376,339.0002424471701
421,raspberrypi,385.0,2023-09-08,21:35:01,Whole,182.09267337334353,0.0,3.3568551880711444,,1894.259375,1655.653125,1.0304166801816832,0,528,80,0.05336664370639426,1.0,0.0,,0.0,1.0,1.0,393.7052001401228,,,358.0708086329522,1563.5129145772435,393.7052001401228,590.4855494927289,107.03579960573983,65.01501333985493
422,raspberrypi,386.0,2023-09-08,21:35:01,Whole,561.6631787567394,0.0,3.5724904133559994,,2076.782608695652,969.2119565217391,0.6621172533389623,47,325,46,0.010337725890495697,0.575,0.425,,0.0,0.575,0.575,467.006440598086,,,972.8993430859309,1084.867595383941,467.006440598086,459.0727057645912,53.86423889158033,20.380344269365338
423,raspberrypi,391.0,2023-09-08,21:35:01,Whole,951.4237153293035,0.0,6.4993440639196525,,2091.5142405063293,2477.5047468354433,2.9029105519014395,0,524,79,0.029588098465496645,0.0,0.0125,,0.9875,0.0,0.0,1001.5248862710768,,,144.89622493542547,2244.613272220418,1001.5248862710768,1193.0670289333402,800.4897467579234,856.493411235828
424,raspberrypi,393.0,2023-09-08,21:35:01,Whole,650.9937204619043,0.0,3.8734664616807293,,1794.94375,919.28125,1.4794135170461837,0,528,80,0.0824228210613644,0.0,0.0,,0.0,0.0,1.0,632.7501189273618,,,1076.648760858765,1070.108780430041,632.7501189273618,603.2892762736278,19.619302615848596,221.13324654360116
425,raspberrypi,397.0,2023-09-08,21:35:01,Whole,234.39990108625386,0.0,3.5028711442754723,,2243.6363636363635,1445.1168831168832,1.0755765493471483,0,514,77,0.04965655832541377,0.9625,0.0375,,0.0,0.9625,0.9625,244.0425643755716,,,496.1307838715364,1390.365638068396,244.0425643755716,422.2043035785258,83.00215574748803,0.0
426,raspberrypi,896.0,2023-09-08,21:35:01,Whole,1321.9658276406633,,7.040851682546179,,1035.875,650.875,4.157246639513806,0,15,2,,0.0,0.975,,0.0,0.0,0.0,1366.312418123592,,,1673.1477618567899,1109.0081654266592,1366.312418123592,1337.2702714462187,781.0792246484622,1010.9775660626292
427,raspberrypi,17.0,2023-09-08,19:00:01,Whole,798.1108739408696,0.0,5.418529059670976,,1262.3055555555557,1768.4722222222222,4.136707080525118,0,36,9,1.6248225658167225e-25,0.0,1.0,,0.0,0.0,0.0,974.5709261328309,,,783.7454869431468,1795.4944427289875,974.5709261328309,1080.9380783605984,346.3244379238549,572.680660001582
428,raspberrypi,216.0,2023-09-08,19:00:01,Whole,1357.3994112785856,,7.217212258664116,,1595.5,653.75,1.6828011867107335,0,4,1,,0.0,1.0,,0.0,0.0,0.0,948.9938802609687,,,1393.402770525598,957.4799999264849,948.9938802609687,897.123944939848,341.36178228787696,547.4021828169015
429,raspberrypi,383.0,2023-09-08,19:00:01,Whole,573.8072936690019,0.0,5.632116242404165,,1731.7689873417721,2417.5537974683543,2.2105603666113245,0,278,79,0.04776061426752863,0.0,1.0,,0.0,0.0,0.0,1057.7743128510267,,,320.8231435415222,2226.468566512952,1057.7743128510267,1236.2253505699657,716.1115434004912,825.5360063150493
430,raspberrypi,388.0,2023-09-08,19:00:01,Whole,309.75026011074686,0.9583333333333334,4.42019228978683,6.6539207123122255,2319.5240384615386,2073.278846153846,1.0140475749416347,10,108,26,35.79249257769615,0.0,0.6708860759493671,,0.3291139240506329,0.0,0.0,622.3846368243798,,,0.0,1891.9032905955855,622.3846368243798,815.8117834330606,351.9541058425441,460.19409065865835
431,raspberrypi,389.0,2023-09-08,19:00:01,Whole,551.8570570893685,,4.377319263351847,,1881.75,1407.5,2.6242053233529665,0,5,1,,0.012658227848101266,0.9873417721518988,,0.0,0.012658227848101266,0.012658227848101266,342.60421765499694,,,587.1967979914716,1376.8714589068597,342.60421765499694,496.68959013841135,54.853329034086755,0.0
432,raspberrypi,391.0,2023-09-08,19:00:01,Whole,506.8608709723954,0.0,5.830002778253903,,2159.727848101266,2428.525316455696,2.2092371979608885,0,278,79,0.0401283336675271,0.0,0.0,,1.0,0.0,0.0,946.8520927338169,,,85.99962606721687,2199.1044038161385,946.8520927338169,1139.6196530366162,735.2648757436466,804.3520293379586
433,raspberrypi,393.0,2023-09-08,19:00:01,Whole,1057.5512752810362,0.0,5.540583047882874,,1802.0917721518988,905.5427215189874,6.754914668608579,0,278,79,0.15836167914271754,0.0,0.0,,0.0,0.0,1.0,638.4533433480132,,,1087.6827735298523,1062.1707430281576,638.4533433480132,606.325579969946,20.204066318823493,224.49991581216142
434,raspberrypi,399.0,2023-09-08,19:00:01,Whole,469.6680446053051,0.20512820512820512,5.664701351346694,9.262854701194717,2506.2025316455697,2011.3449367088608,2.794789054672523,10,278,79,18.967770866830318,0.0,0.0,,1.0,0.0,0.0,597.1760957325331,,,152.36359490247446,1852.701547125832,597.1760957325331,780.4594595792668,318.96028578353815,310.57654813789947
435,raspberrypi,448.0,2023-09-08,19:00:01,Whole,235.0764701894213,,3.500643841528497,,2020.125,1701.75,2.473379149516091,0,10,2,,0.02531645569620253,0.9746835443037974,,0.0,0.02531645569620253,0.0,368.3773935837138,,,263.05086297297487,1589.7060515356857,368.3773935837138,578.1311635059823,225.50961248006263,114.04868235241842
436,raspberrypi,524.0,2023-09-08,19:00:01,Whole,1907.8961648593743,,10.27447866051561,,1298.75,178.5,4.570183990713718,0,5,1,,0.0,0.9873417721518988,,0.0,0.0,0.0,1492.2519722442298,,,1946.5206015891904,915.7553065759732,1492.2519722442298,1425.4054051945602,895.7581822892001,1099.6092725180172
437,raspberrypi,896.0,2023-09-08,19:00:01,Whole,1067.4166187904248,,6.411522840005134,,1003.25,2177.75,3.9602186921931417,0,4,1,,0.0,1.0,,0.0,0.0,0.0,1382.8776753468408,,,970.5551138490229,2227.462223262437,1382.8776753468408,1505.0916808470529,787.4305788844939,1001.0795187591563
438,raspberrypi,17.0,2023-09-08,18:40:02,Whole,840.7590383364683,0.0,5.0161915927973535,,1264.4102564102564,1766.9038461538462,4.584298671488844,1,275,39,0.0015005136715663023,0.0,1.0,,0.0,0.0,0.0,972.0881218211381,,,782.3903238393013,1793.5049515961296,972.0881218211381,1078.4479248943346,343.62553161843016,569.994949563906
439,raspberrypi,383.0,2023-09-08,18:40:02,Whole,920.9213319548201,0.0,5.581443811336571,,1812.23417721519,2466.2974683544303,1.6943904615627465,0,525,79,0.1082785122944678,0.0,1.0,,0.0,0.0,0.0,1067.0006228940579,,,285.64591343830386,2258.1358378379155,1067.0006228940579,1249.688731844955,772.7174145356275,867.236463754771
440,raspberrypi,386.0,2023-09-08,18:40:02,Whole,406.53579089993235,0.0,4.546770469947637,,2455.6835443037976,1755.3291139240507,2.1069348865184265,0,525,79,0.057224657133914586,1.0,0.0,,0.0,1.0,1.0,402.6489083838692,,,273.61214003284005,1638.512695580212,402.6489083838692,577.4795908111023,67.79231947003576,163.8518809474096
441,raspberrypi,389.0,2023-09-08,18:40:02,Whole,800.5017923381138,0.0,5.321861777471119,,1926.1365131578948,802.4654605263158,0.9621369986413137,76,510,76,0.024975102806198114,0.0,0.0379746835443038,,0.0,0.0,0.9620253164556962,657.8678349005673,,,1158.5543901249382,1005.1492367376372,657.8678349005673,607.563928557444,63.923589051121695,229.01035487278534
442,raspberrypi,391.0,2023-09-08,18:40:02,Whole,836.065046127523,0.0,5.546664172699314,,2137.268987341772,2421.3797468354433,1.6943904615627465,0,525,79,0.026206590015552075,0.0,0.0,,1.0,0.0,0.0,942.9911470473171,,,81.03026377386617,2193.2362482029343,942.9911470473171,1135.5537284597688,733.9689135519353,797.8914162772102
443,raspberrypi,393.0,2023-09-08,18:40:02,Whole,698.675232718073,0.0,4.826515236492937,,1807.3433544303798,946.0664556962025,0.9622874760513673,76,525,79,0.0369984468388779,0.0,0.0,,0.0,0.0,1.0,606.1896979176444,,,1047.3926831936867,1083.8725619413597,606.1896979176444,581.4480563284261,0.0,194.91248956178327
444,raspberrypi,395.0,2023-09-08,18:40:02,Whole,233.0015188822014,0.16666666666666666,3.964617164466894,12.267811266711526,2242.8417721518986,1416.0443037974683,2.106607079935116,7,525,79,33.04241092429346,1.0,0.0,,0.0,1.0,1.0,243.13805640328673,,,525.3995829412601,1369.486120210733,243.13805640328673,415.15044745856835,115.1360608738119,0.0
445,raspberrypi,397.0,2023-09-08,18:40:02,Whole,95.3384774971658,0.0,3.6108455579303316,,2127.7884615384614,1501.3749999999998,0.9634172220428044,7,93,13,6.89327046448527e-26,0.16455696202531644,0.8354430379746836,,0.0,0.16455696202531644,0.16455696202531644,246.72866138785633,,,438.35987492062424,1431.517523431865,246.72866138785633,455.4503889074806,139.1670215315537,0.0
446,raspberrypi,399.0,2023-09-08,18:40:02,Whole,673.8810854692138,0.0,5.466190239204532,,2631.481012658228,1191.6708860759493,2.35524947365229,0,525,79,0.043343379291857574,0.0,0.3924050632911392,,0.0,0.0,0.6075949367088608,432.1107606487049,,,850.0540311981699,1247.3257957337619,432.1107606487049,476.79042329137064,193.60075693438534,223.3655041644393
447,raspberrypi,432.0,2023-09-08,18:40:02,Whole,840.4477607807705,,5.693151643074448,,1264.75,1767.0,4.590884589661156,0,8,1,,0.0,1.0,,0.0,0.0,0.0,971.8048733792301,,,782.039488836954,1793.4627890556021,971.8048733792301,1078.2002127133594,343.395048690849,569.7612729155742
448,raspberrypi,683.0,2023-09-08,18:40:02,Whole,842.1676298135162,,5.065853243770158,,1262.5,1764.75,0.013254613968701805,1,8,1,,0.0,1.0,,0.0,0.0,0.0,973.141908706761,,,784.9755612888915,1792.4556240388006,973.141908706761,1079.1324069651864,344.6070374340101,571.0711933181736
449,raspberrypi,17.0,2023-09-08,23:40:01,Whole,834.0403648737105,,5.14933240043099,,1260.6666666666667,1770.5,2.7995700281160367,0,21,3,,0.0,1.0,,0.0,0.0,0.0,976.7769199785689,,,784.5017201167175,1797.6886702439224,976.7769199785689,1083.2341010656432,348.57427318953654,574.8908519453163
450,raspberrypi,382.0,2023-09-08,23:40:01,Whole,147.79718100554064,0.0,3.785669710990489,,2152.2984375,1439.2390625,0.5117420543353048,80,485,80,0.1319196007234449,1.0,0.0,,0.0,1.0,1.0,239.6639632657052,,,499.09167168593365,1385.572898105837,239.6639632657052,431.29425254961393,150.66730674095766,0.0
451,raspberrypi,385.0,2023-09-08,23:40:01,Whole,375.9564759822723,0.0,3.8925772537270196,,1800.259375,1824.615625,2.326533450895429,0,485,80,0.07330989937026619,0.0,0.0,,0.0,0.0,1.0,559.6268730684045,,,288.1276810970162,1710.3301612200191,559.6268730684045,737.5147835815243,148.75308522211492,228.93446405383597
452,raspberrypi,391.0,2023-09-08,23:40:01,Whole,882.0528089068863,0.0,5.62570398663302,,2116.98125,2441.2125,2.100277208448367,0,485,80,0.0374393546804204,0.0,0.0,,1.0,0.0,0.0,964.0807868915988,,,103.92644967184837,2211.409448413992,964.0807868915988,1156.2440593637011,758.4922426549905,818.5749182284526
453,raspberrypi,392.0,2023-09-08,23:40:01,Whole,83.38771778290149,0.0,3.690829172755814,,2148.2078125,1538.278125,0.5117420543353048,80,485,80,0.08217078656644872,1.0,0.0,,0.0,1.0,1.0,255.86464459356628,,,400.2897871353374,1458.7898192675118,255.86464459356628,465.9492314571881,106.86724506965409,0.0
454,raspberrypi,393.0,2023-09-08,23:40:01,Whole,854.8958400917029,0.0,5.931405939957827,,1846.80625,734.703125,2.1959832835453694,0,485,80,0.03810981501912962,0.0,0.0,,0.0,0.0,1.0,748.4511268299545,,,1241.2043667404068,978.1043922955816,748.4511268299545,692.5002557531084,139.7631196003945,326.9778497415356
455,raspberrypi,396.0,2023-09-08,23:40:01,Whole,688.0927973549412,0.0,5.343134321802543,,2240.734375,894.5125,2.1959832835453694,0,485,80,0.11515362824257348,1.0,0.0,,0.0,1.0,1.0,512.1826506120839,,,1045.12210693717,1047.4301367539085,512.1826506120839,468.662591166494,0.0,117.3684203791064
456,raspberrypi,397.0,2023-09-08,23:40:01,Whole,494.8944511928342,0.08860759493670886,4.2297646433961855,33.219241483590714,2195.025,2038.340625,2.099253215013854,0,485,80,139.28257118221123,0.0,0.0,,1.0,0.0,0.0,595.6701514617489,,,0.9747414403853412,1860.2396449513094,595.6701514617489,792.5906786365008,353.8723063289376,419.5204084988844
457,raspberrypi,414.0,2023-09-08,23:40:01,Whole,833.2244486765596,,5.038395069297321,,1261.25,1769.5,2.801375398279887,0,7,1,,0.0,1.0,,0.0,0.0,0.0,975.8975604482315,,,784.3363610773555,1796.6853421542169,975.8975604482315,1082.293615476494,347.5912701211159,573.9223237396274
458,raspberrypi,930.0,2023-09-08,23:40:01,Whole,1210.2024220962287,,6.839388188794265,,3263.75,1746.0,5.708028755107399,0,7,1,,0.0,1.0,,0.0,0.0,0.0,881.4086202473284,,,954.8040722806007,1816.7833798831107,881.4086202473284,1018.3411487515411,283.75965910622597,198.3043092342639
459,raspberrypi,17.0,2023-09-08,20:05:01,Whole,670.7743321510974,0.125,5.08995579562013,493.57154299610465,1358.25,1727.888392857143,4.0785327508238645,0,138,28,27789.714604150002,0.02531645569620253,0.9620253164556962,,0.0,0.02531645569620253,0.02531645569620253,913.0445332720982,,,769.6043562321283,1751.105527336018,913.0445332720982,1021.0073225221971,347.6630854653158,573.985702416955
460,raspberrypi,250.0,2023-09-08,20:05:01,Whole,966.0275927688107,,5.257910743145322,,1777.0,2625.5,1.0860445236581113,0,6,1,,0.0,1.0,,0.0,0.0,0.0,1220.8660031593433,,,425.38014204397484,2405.100622845617,1220.8660031593433,1402.6764046646845,926.8777873090564,1028.125581908853
461,raspberrypi,380.0,2023-09-08,20:05:01,Whole,496.4822284416758,0.4423076923076923,3.5698841997521664,32.04718878197693,2126.75,1242.9375,1.6984014406432115,9,287,54,849.005644648329,0.6835443037974683,0.31645569620253167,,0.0,0.6835443037974683,0.6835443037974683,319.32650838754523,,,704.5225783016912,1254.3818200068913,319.32650838754523,421.22760520138036,129.32866055170715,0.0
462,raspberrypi,382.0,2023-09-08,20:05:01,Whole,373.21323334022526,1.0,3.4182237124186297,46.39888962934102,2241.7875,1446.3125,1.73776957084858,3,124,20,566.4371374869947,0.25316455696202533,0.7468354430379747,,0.0,0.25316455696202533,0.22784810126582278,279.7298656501842,,,509.08823367822225,1397.061527636893,279.7298656501842,445.3834810359826,146.43056876480784,0.0
463,raspberrypi,383.0,2023-09-08,20:05:01,Whole,804.374895408402,0.0,5.284986949722699,,1686.6930379746836,2435.5443037974683,2.2245027404148927,0,388,79,0.041661962323553695,0.0,1.0,,0.0,0.0,0.0,1093.4703110511384,,,368.6524839383595,2249.720685752856,1093.4703110511384,1269.6415132550171,732.7832168865523,850.372945068232
464,raspberrypi,385.0,2023-09-08,20:05:01,Whole,50.229496324934956,0.0,3.2382568144822814,,1927.6780303030303,1628.5378787878788,2.1034054170531786,1,170,33,0.2028789230359788,0.4177215189873418,0.5822784810126582,,0.0,0.4177215189873418,0.4177215189873418,360.126735588541,,,366.3323463645867,1539.087002141828,360.126735588541,563.9618457195166,133.49875767400619,40.58836887870686
465,raspberrypi,391.0,2023-09-08,20:05:01,Whole,815.4548879268087,0.0,5.536036589673957,,2115.9082278481014,2472.5443037974683,2.2245027404148927,0,388,79,0.04781330965524136,0.0,0.0,,1.0,0.0,0.0,993.181643403205,,,134.9193090368924,2239.327485568999,993.181643403205,1185.1479462107802,788.8357563760379,849.831503565235
466,raspberrypi,393.0,2023-09-08,20:05:01,Whole,733.9554442000568,0.0,4.412535301470082,,1799.58,955.7733333333333,1.7282641910688246,8,380,75,0.07640159311376953,0.0,0.05063291139240506,,0.0,0.0,0.9493670886075949,604.1078605285369,,,1040.4475832492876,1089.9136950954185,604.1078605285369,581.4450055836345,3.377037171583666,195.5580908903895
467,raspberrypi,395.0,2023-09-08,20:05:01,Whole,755.6982466994932,1.0,4.664433630952061,83.843222332819,2285.823113207547,1219.9198113207547,2.1247597341444022,7,255,53,5647.569818565485,0.46835443037974683,0.34177215189873417,,0.012658227848101266,0.46835443037974683,0.5949367088607594,508.721234801861,,,832.2777098445924,1275.2288860925778,508.721234801861,546.0935233104342,27.991532918172737,142.5138942634111
468,raspberrypi,396.0,2023-09-08,20:05:01,Whole,261.37879317126544,1.0,3.1404350308293596,34.35211999470189,1908.5476190476195,1473.0714285714287,1.7267584339690247,0,123,21,724.4983963773387,0.26582278481012656,0.7341772151898734,,0.0,0.26582278481012656,0.25316455696202533,352.5933642918595,,,535.5197816829163,1427.6408293609093,352.5933642918595,517.4467426078819,0.0,0.0
469,raspberrypi,397.0,2023-09-08,20:05:01,Whole,711.1609540861698,1.0,4.0740548565473045,66.36941135676767,2134.410714285714,1002.2232142857143,1.0564071802230663,5,86,14,1106.5081100025052,0.17721518987341772,0.8227848101265823,,0.0,0.17721518987341772,0.17721518987341772,445.5390089814314,,,944.1779836951252,1104.917040407192,445.5390089814314,443.8776841765003,0.0,32.19708951962927
470,raspberrypi,666.0,2023-09-08,20:05:01,Whole,528.3389486837,1.0,3.470253734914904,2.838250176164885,2074.75,1161.875,0.06567522946047037,7,49,9,2.253888300631462e-31,0.11392405063291139,0.8860759493670886,,0.0,0.11392405063291139,0.11392405063291139,337.4616075702587,,,781.2837178248213,1198.040220834157,337.4616075702587,414.3365371169963,135.41314188776244,0.0
471,raspberrypi,683.0,2023-09-08,20:05:01,Whole,692.5707316333215,,5.1102246373425295,,1261.5,1769.25,4.082722740567728,0,6,1,,0.0,1.0,,0.0,0.0,0.0,975.5810827714819,,,784.1987237036718,1796.3979770915194,975.5810827714819,1081.969607325112,347.26367917944424,573.5995471239048
472,raspberrypi,17.0,2023-09-08,23:45:01,Whole,774.1667188626866,0.0,4.854472789595488,,1260.90625,1770.546875,2.8387860962536267,0,112,16,0.0009233821733821735,0.0,1.0,,0.0,0.0,0.0,976.5703718281519,,,784.262001572597,1797.6419183281523,976.5703718281519,1083.0503156619886,348.2371976968543,574.5394501306389
473,raspberrypi,382.0,2023-09-08,23:45:01,Whole,178.28615008482933,0.0,3.6183272343041213,,2151.134493670886,1436.9018987341772,0.5448107994787805,78,488,79,0.06667507442313712,0.9875,0.0125,,0.0,0.9875,0.9875,239.49016629624478,,,501.4672377414963,1383.8894245979766,239.49016629624478,430.82494316931064,153.09265149468814,0.0
474,raspberrypi,385.0,2023-09-08,23:45:01,Whole,396.4931986910086,0.0,4.288479153597945,,1806.9625,1835.7703125,2.32787583193131,0,492,80,0.048788483073201494,0.0,0.0,,0.0,0.0,1.0,563.1523876941621,,,275.83615652425925,1718.5165795179516,563.1523876941621,742.2550447473005,161.7761656587495,238.95586350188316
475,raspberrypi,391.0,2023-09-08,23:45:01,Whole,972.6221740185978,0.0,6.0531452366966505,,2116.809375,2440.496875,3.5081789760762496,0,492,80,0.03715452103781516,0.0,0.0,,1.0,0.0,0.0,963.4460522585568,,,103.2571862455314,2210.7788791456396,963.4460522585568,1155.6111433401072,757.8405644966715,817.840401287933
476,raspberrypi,392.0,2023-09-08,23:45:01,Whole,189.10978890178566,0.02531645569620253,3.6160588873544497,721.1666437979536,2148.8328125,1533.4015625,0.5448910651950482,78,492,80,12981.114778177049,1.0,0.0,,0.0,1.0,1.0,261.33023197772974,,,405.1423281233948,1456.271953620284,261.33023197772974,468.3053142794063,104.83698210227224,0.0
477,raspberrypi,393.0,2023-09-08,23:45:01,Whole,755.864386698798,0.0,5.684035603703023,,1845.703125,733.621875,2.4083622710688326,0,492,80,0.037895630182048654,0.0,0.0,,0.0,0.0,1.0,749.8481762752136,,,1242.5087496619449,977.6902129327866,749.8481762752136,693.8285415848104,141.16569315890092,328.4829914315527
478,raspberrypi,396.0,2023-09-08,23:45:01,Whole,365.91296079134884,0.02531645569620253,4.410298125133277,2.2577822185373186,1710.9109375,1227.3734375,2.517162400399151,0,492,80,0.266536546828999,1.0,0.0,,0.0,1.0,1.0,520.5165244923497,,,822.0686643168201,1270.8853047916136,520.5165244923497,581.475988571437,83.16464224415604,159.6377712787521
479,raspberrypi,397.0,2023-09-08,23:45:01,Whole,483.72199564573657,0.0,4.409636664567734,,2193.0516666666667,1044.7833333333333,2.035540993025631,0,468,75,0.11929688132544856,0.9375,0.0625,,0.0,0.9375,0.9375,393.2798001618523,,,893.293093130258,1126.9130738455474,393.2798001618523,407.904090757636,20.959284074331833,0.0
480,raspberrypi,425.0,2023-09-08,23:45:01,Whole,1063.628374378036,,5.999091161430121,,3006.25,1748.5,4.550816003828021,0,7,1,,0.0125,0.9875,,0.0,0.0125,0.0125,678.2244703597288,,,715.8509630671155,1733.9773207210624,678.2244703597288,805.9405135330314,69.49889659088842,193.0233821719836
481,raspberrypi,930.0,2023-09-08,23:45:01,Whole,1313.7760541609093,,7.190386913965136,,3263.75,1746.0,5.854323779562058,0,7,1,,0.0,1.0,,0.0,0.0,0.0,881.4086202473284,,,954.8040722806007,1816.7833798831107,881.4086202473284,1018.3411487515411,283.75965910622597,198.3043092342639
482,raspberrypi,17.0,2023-09-08,23:35:01,Whole,842.5656416035793,0.0625,5.602590109638442,552.9005900702223,1251.85,1796.7625,2.8117212891662415,0,139,20,19102.262841388783,0.0,0.9873417721518988,,0.0,0.0,0.0,996.9685097695514,,,790.2107364578914,1822.4746361000944,996.9685097695514,1104.8000550005456,348.30943773295826,574.6031512483457
483,raspberrypi,37.0,2023-09-08,23:35:01,Whole,1265.5951793232161,,6.741442019120222,,2112.5,182.5,3.124046824805485,0,6,1,,0.0,1.0,,0.0,0.0,0.0,1174.5239820094478,,,1756.4599867582465,879.5320624138195,1174.5239820094478,1090.4530463814453,674.87046572923,803.3635896209591
484,raspberrypi,380.0,2023-09-08,23:35:01,Whole,237.79886328912687,0.2727272727272727,3.578738024476008,28.306497608013228,2234.622807017544,1385.0087719298247,0.7247620037916548,39,368,57,183.27051260584327,0.7215189873417721,0.27848101265822783,,0.0,0.7215189873417721,0.620253164556962,247.37657492949626,,,558.2704205978451,1347.983778399075,247.37657492949626,411.2754872644817,112.46414854346939,0.0
485,raspberrypi,382.0,2023-09-08,23:35:01,Whole,500.92932538510627,0.8970588235294118,4.413131830029283,10.25892116912272,2206.9021739130435,990.1865942028985,1.7880145391575255,2,416,69,102.59791608036966,0.8734177215189873,0.12658227848101267,,0.0,0.8734177215189873,0.8734177215189873,438.9154907068631,,,951.2232123907385,1097.4456956871904,438.9154907068631,429.1295484064992,0.0,32.406352401199285
486,raspberrypi,385.0,2023-09-08,23:35:01,Whole,437.7175424672639,0.0,4.614256686729049,,1802.51582278481,1827.64082278481,2.761239761787054,0,483,79,0.07672728437076992,0.0,0.0,,0.0,0.0,1.0,560.2927337555982,,,284.4542974063826,1712.4859830527769,560.2927337555982,738.5880176123472,152.49669423696287,231.55951474059768
487,raspberrypi,386.0,2023-09-08,23:35:01,Whole,129.49005526282028,0.6271186440677966,3.564698275559327,28.705939867032637,2088.827083333333,1401.3645833333333,0.7256675802921786,38,384,60,657.0272337480325,0.759493670886076,0.24050632911392406,,0.0,0.759493670886076,0.24050632911392406,256.8377308659555,,,545.4033505114402,1361.0163901349385,256.8377308659555,438.1767357923667,196.63872648087258,0.0
488,raspberrypi,390.0,2023-09-08,23:35:01,Whole,298.23047017223814,0.8888888888888888,4.274392485052843,16.69857609198629,1877.2287234042553,1203.061170212766,1.6325485113009641,7,304,47,457.80044471944495,0.5949367088607594,0.4050632911392405,,0.0,0.5949367088607594,0.5949367088607594,415.4580369037662,,,787.530720218212,1237.6125058247517,415.4580369037662,490.0440430446379,73.89173779891786,77.00484851822992
489,raspberrypi,391.0,2023-09-08,23:35:01,Whole,1046.0158708889962,0.0,6.469596478669827,,2078.0,2488.268987341772,3.695661155035522,1,483,79,0.06276967146290865,0.0,0.0,,1.0,0.0,0.0,1013.7432951497457,,,158.76806000345903,2254.7761171899037,1013.7432951497457,1204.9823142869511,814.8339720952755,868.3972218832477
490,raspberrypi,393.0,2023-09-08,23:35:01,Whole,769.4467848420044,0.0,5.445051786545819,,1805.23417721519,703.5601265822785,2.5404526496860735,0,483,79,0.029327449887649532,0.0,0.0,,0.0,0.0,1.0,793.6027961443409,,,1281.375227147976,966.7911450520405,793.6027961443409,736.2771875846665,182.48967141521254,375.59798245215234
491,raspberrypi,396.0,2023-09-08,23:35:01,Whole,499.5969371339003,0.9574468085106383,4.117027560901889,69.33431679840699,2378.112244897959,1262.5,1.713711294108036,5,309,49,4022.807024318026,0.5443037974683544,0.379746835443038,,0.0,0.5443037974683544,0.5063291139240507,424.356568979139,,,761.0985597195113,1304.7278555622115,424.356568979139,525.5134707163323,99.93929451613452,0.0
492,raspberrypi,397.0,2023-09-08,23:35:01,Whole,305.829573793922,1.0,2.793605141262459,23.30487915207018,1862.7941176470588,1188.5367647058824,1.1575655927484767,0,115,17,886.835198221232,0.21518987341772153,0.7848101265822784,,0.0,0.21518987341772153,0.21518987341772153,425.1739021303238,,,802.2723803250276,1227.8604322524761,425.1739021303238,493.0497530173771,25.89121762845045,96.01941266969533
493,raspberrypi,656.0,2023-09-08,23:35:01,Whole,147.4101515780488,,2.500364345805533,,2082.75,1314.0,0.07012171913192213,1,7,1,,0.012658227848101266,0.9873417721518988,,0.0,0.012658227848101266,0.0,262.22470258740026,,,629.1529598517008,1298.2972588084144,262.22470258740026,418.2631190884862,260.7426017483615,0.0
494,raspberrypi,696.0,2023-09-08,23:35:01,Whole,1047.5330259761186,,5.74449222494261,,2089.75,2489.0,0.0607905402690862,1,8,1,,0.0,0.9873417721518988,,0.012658227848101266,0.0,0.0,1012.4417312426212,,,156.4778949413709,2254.9382897246287,1012.4417312426212,1203.8922172576893,812.0021544172959,868.0972709058043
495,raspberrypi,930.0,2023-09-08,23:35:01,Whole,1285.910153434459,,7.508583423607757,,3263.75,1745.75,5.454989889967567,0,15,2,,0.0,1.0,,0.0,0.0,0.0,881.3156113652119,,,954.8893079562692,1816.5897623394437,881.3156113652119,1018.2348220057212,283.67479013800386,198.0613731112627
496,raspberrypi,997.0,2023-09-08,23:35:01,Whole,1287.7286058435745,,7.153615744638544,,3265.5,1746.25,5.474127652057386,0,8,1,,0.0,1.0,,0.0,0.0,0.0,882.9951876010513,,,956.3643775827203,1817.6376255968923,882.9951876010513,1019.985130086025,285.49064796178243,198.96157036305223
497,raspberrypi,17.0,2023-09-08,22:15:01,Whole,759.7739294465284,0.0,5.262363256590979,,1260.4625,1769.9208333333333,3.258707383890964,0,221,30,0.04641624014596321,0.0,1.0,,0.0,0.0,0.0,976.7708275798534,,,784.9081875234173,1797.2980225917436,976.7708275798534,1083.1522328773679,348.41039633841797,574.7405558524745
498,raspberrypi,110.0,2023-09-08,22:15:01,Whole,1165.4928064075868,,6.711462447037335,,941.25,1113.5,4.519157304806105,0,7,1,,0.0,1.0,,0.0,0.0,0.0,1270.7747268219496,,,1403.27739274968,1455.897622918479,1270.7747268219496,1288.7391174647578,769.6698652243293,907.4811406977237
499,raspberrypi,380.0,2023-09-08,22:15:01,Whole,391.1110607511159,1.0,3.5143914698431282,51.00020775783335,2114.1736111111113,1249.763888888889,1.1128373123841862,11,251,36,1396.606323061609,0.45,0.55,,0.0,0.45,0.4,358.5540608049322,,,701.1405167175321,1269.08872500214,358.5540608049322,459.3832666632337,128.83117742948784,5.524060484459383
500,raspberrypi,382.0,2023-09-08,22:15:01,Whole,396.64017526340814,1.0,3.347714264757169,29.463918915648023,2069.967105263158,1220.375,1.3015354863413018,10,254,38,1251.8865383109503,0.475,0.525,,0.0,0.475,0.3125,330.75813190384224,,,729.4276497220164,1240.4748338978484,330.75813190384224,429.4789607321643,139.0321027618713,0.0
501,raspberrypi,383.0,2023-09-08,22:15:01,Whole,310.95133696616114,0.46835443037974683,4.210527971509591,6.424718013979414,1949.521875,1905.5875,1.2342971821287219,0,531,80,19.52433823744175,0.0,0.0,,1.0,0.0,0.0,543.757333883574,,,123.78906620945426,1760.0613567686792,543.757333883574,738.5037582733627,298.61450618856975,309.12300210960143
502,raspberrypi,385.0,2023-09-08,22:15:01,Whole,137.84969604868124,0.012658227848101266,3.756015269298266,3.881043674065006,1883.6828125,1671.809375,1.2130269792849977,13,531,80,0.3379314371709935,1.0,0.0,,0.0,1.0,1.0,409.5625540070678,,,349.68063031735494,1577.3332086739422,409.5625540070678,603.6761754497273,102.68043592611322,76.83801283916932
503,raspberrypi,386.0,2023-09-08,22:15:01,Whole,506.9458901126075,0.9871794871794872,4.415294787262553,45.60959441289931,2239.3006329113923,2031.7025316455697,1.6134365956863872,8,525,79,1932.9833313031772,0.225,0.0125,,0.7375,0.225,0.2375,605.688797913402,,,103.84535776448612,1861.45757928589,605.688797913402,803.1305772511081,378.93250267192013,458.0007744520551
504,raspberrypi,389.0,2023-09-08,22:15:01,Whole,653.6835762380904,0.775,4.545842302657092,11.739941736859167,2136.518292682927,963.579268292683,1.6193768963877073,0,250,41,114.98358749247157,0.5125,0.4875,,0.0,0.5125,0.5125,463.84535522736286,,,976.6209921163687,1082.4888129407361,463.84535522736286,451.1595426976594,0.04837975044226539,7.935706271499896
505,raspberrypi,390.0,2023-09-08,22:15:01,Whole,643.9548084612202,0.6363636363636364,4.50740460993157,8.406033269179556,2275.695652173913,1033.4076086956522,1.3226649586304369,9,330,46,24.04050165966852,0.575,0.425,,0.0,0.575,0.575,439.648047870307,,,909.5455737737466,1132.2464355649945,439.648047870307,444.71919058473964,0.0,98.44243486117233
506,raspberrypi,391.0,2023-09-08,22:15:01,Whole,886.1756705516298,0.1518987341772152,6.287391652586256,3.622538344526666,2097.95,2479.896875,2.2794155967248066,1,531,80,1.747310207013571,0.0,0.0,,1.0,0.0,0.0,1002.7043242444653,,,145.73241770050498,2246.501049916661,1002.7043242444653,1194.3442237056022,800.7477391681531,858.0417505180868
507,raspberrypi,393.0,2023-09-08,22:15:01,Whole,710.1712848172878,0.0,4.394141100106592,,1794.721875,919.446875,1.9016304841204792,2,531,80,0.06084715734247574,0.0,0.0,,0.0,0.0,1.0,632.7644227058576,,,1076.5567108810578,1070.2158201230886,632.7644227058576,603.3421186796791,19.62328367443672,221.13324654360116
508,raspberrypi,397.0,2023-09-08,22:15:01,Whole,533.1680231472845,1.0,3.915503185651481,22.325886680026453,2069.5,1072.125,1.0169742257273127,4,84,10,4.335579535094681e-27,0.125,0.875,,0.0,0.125,0.125,398.25949232989234,,,872.3774520800127,1144.0679350402304,398.25949232989234,430.26508880408073,67.03636453737928,0.0
509,raspberrypi,425.0,2023-09-08,22:15:01,Whole,1579.8067330935667,,8.223280166272335,,1307.0,179.75,4.573526208149559,0,6,1,,0.0,0.9875,,0.0,0.0,0.0,1486.3395955620229,,,1942.0242587035973,911.6337824152297,1486.3395955620229,1419.2596963948354,889.7573963511229,1093.42615347298
510,raspberrypi,683.0,2023-09-08,22:15:01,Whole,1049.5580198957273,,5.902696724298341,,1780.5,2625.25,1.800258651809618,0,8,1,,0.0,1.0,,0.0,0.0,0.0,1219.3761747661354,,,422.96961940862514,2404.3979981467673,1219.3761747661354,1401.3241247805886,926.9451784485825,1027.650753822885
511,raspberrypi,973.0,2023-09-08,22:15:01,Whole,248.90880667013693,1.0,3.2541642431933213,20.57341260273679,2239.25,1530.0,1.6691270923955543,0,70,8,1.16816626474208e-25,0.1,0.9,,0.0,0.1,0.1,256.33636321705734,,,412.18804818798895,1453.1840865578888,256.33636321705734,451.4095179641627,27.37569371892792,0.0
512,raspberrypi,17.0,2023-09-08,23:10:01,Whole,728.8863854987762,0.0,6.080786062827546,,1260.90625,1770.5625,2.9050903261833785,0,33,8,0.0020833333333333337,0.0,1.0,,0.0,0.0,0.0,976.5756582850398,,,784.256144689548,1797.6543807320322,976.5756582850398,1083.0572307191992,348.3590251194422,574.6570459292429
513,raspberrypi,381.0,2023-09-08,23:10:01,Whole,150.69133777010933,0.2222222222222222,3.264749683484385,5.340002340823457,1790.15,1531.375,1.4254743431426484,0,43,10,4.9463002726800065,0.12658227848101267,0.8734177215189873,,0.0,0.12658227848101267,0.12658227848101267,412.21103104426305,,,518.3514495380525,1479.9358582844366,412.21103104426305,571.8446371053805,6.191813696769479,4.462075281564534
514,raspberrypi,382.0,2023-09-08,23:10:01,Whole,464.05086970992005,1.0,3.5455109126802697,3.377314021526574,1848.375,1043.375,1.178485698445557,0,12,3,0.0,0.0379746835443038,0.9620253164556962,,0.0,0.0379746835443038,0.0379746835443038,514.2267661054087,,,942.3646684085403,1136.8315805664151,514.2267661054087,522.2289629171277,0.0,108.65529828202506
515,raspberrypi,385.0,2023-09-08,23:10:01,Whole,345.5653011604695,0.11842105263157894,4.5268022207306675,7.588496530448866,1818.0827922077922,1823.125,3.5339566236338698,0,260,77,8.182719000384708,0.0,0.02531645569620253,,0.0,0.0,0.9746835443037974,547.816219829674,,,275.68885616163794,1706.6983533873047,547.816219829674,728.4963304244937,158.05857156466016,225.38885261202395
516,raspberrypi,386.0,2023-09-08,23:10:01,Whole,322.67905554706323,,3.6704349698483996,,1692.75,1288.25,2.568993620885584,0,4,1,,0.012658227848101266,0.9873417721518988,,0.0,0.012658227848101266,0.012658227848101266,516.7670240188494,,,777.035553862896,1316.0437299204314,516.7670240188494,593.8320523185214,142.4487807176242,142.23832750745441
517,raspberrypi,391.0,2023-09-08,23:10:01,Whole,974.2070103818307,0.0,6.705856824494884,,2061.5,2465.0791139240505,3.5351654882889565,0,265,79,0.06238200587696274,0.0,0.0,,1.0,0.0,0.0,995.3412001380353,,,141.62006490825533,2234.864469394204,995.3412001380353,1186.3749272728064,797.9297438952565,846.9911568042277
518,raspberrypi,392.0,2023-09-08,23:10:01,Whole,241.850877542713,1.0,3.267955775849821,87.65927094921662,2048.0,1666.9375,1.4956621518860471,0,19,4,669.3294333036592,0.05063291139240506,0.9493670886075949,,0.0,0.05063291139240506,0.0379746835443038,358.8213485648122,,,302.464895314091,1564.502507045758,358.8213485648122,559.5146818597289,104.80092590374201,88.50962112672363
519,raspberrypi,393.0,2023-09-08,23:10:01,Whole,761.839418738911,0.0,5.433467152184989,,1834.9430379746836,743.8892405063291,1.580788050273617,0,265,79,0.09048910442022487,0.0,0.0,,0.0,0.0,1.0,746.482146575719,,,1235.0273792650448,982.3972087452021,746.482146575719,691.8955410882971,134.35950502068135,325.5554394110494
520,raspberrypi,395.0,2023-09-08,23:10:01,Whole,575.5620948721725,0.5,4.902376153935565,15.955676333358124,2097.496835443038,953.0,1.580788050273617,0,265,79,289.03132780709416,0.9873417721518988,0.0,,0.0,0.9873417721518988,1.0,483.01556713990084,,,991.0470665396499,1076.9989181047556,483.01556713990084,466.7113129705207,36.50575707161309,48.909084269094365
521,raspberrypi,524.0,2023-09-08,23:10:01,Whole,1293.8804558693223,,8.043394931913882,,3207.25,1746.25,6.985523822346916,0,5,1,,0.012658227848101266,0.9873417721518988,,0.0,0.012658227848101266,0.0,834.0066847363687,,,901.7657481920252,1796.262983984783,834.0066847363687,969.244067788632,231.28919544952905,189.43955292406534
522,raspberrypi,614.0,2023-09-08,23:10:01,Whole,1157.3809622837105,,7.635093008418125,,1001.0,2179.25,5.669902152542424,0,3,1,,0.0,1.0,,0.0,0.0,0.0,1385.550202965501,,,972.8525330661006,2229.6264718882085,1385.550202965501,1507.7276869028062,790.1142957071265,1003.779659116689
523,raspberrypi,638.0,2023-09-08,23:10:01,Whole,1316.4543953900006,,6.8119809939018445,,2007.5,184.25,3.023441282894553,0,4,1,,0.0,1.0,,0.0,0.0,0.0,1190.1671583449502,,,1760.9095455422585,880.0102941069009,1190.1671583449502,1106.0181117140144,687.3214963261396,807.5869238399115
524,raspberrypi,997.0,2023-09-08,23:10:01,Whole,1350.4558391410437,,7.793090639946247,,3264.75,1746.75,7.236549324317379,0,4,1,,0.0,1.0,,0.0,0.0,0.0,882.5410999460449,,,955.4890418578265,1817.741636941417,882.5410999460449,1019.5388089729968,284.95518642865443,199.26886856111273
525,raspberrypi,17.0,2023-09-08,21:50:01,Whole,994.2086927012922,0.6,6.087046184152982,390.10062382928254,1234.7884615384614,1993.125,3.328125732605421,0,92,13,65348.490358196,0.0,0.9230769230769231,,0.0,0.0,0.0,1123.0252573239302,,,816.4380248963479,1992.8682950048185,1123.0252573239302,1241.6533082037467,348.344095511379,574.657404181531
526,raspberrypi,106.0,2023-09-08,21:50:01,Whole,832.152259535703,,5.188353649401905,,1220.875,1538.0,3.5320393162883272,0,14,2,,0.0,1.0,,0.0,0.0,0.0,962.3427828065711,,,926.5084488613293,1630.3869226130953,962.3427828065711,1039.137837663113,354.6346391371681,572.8840623051736
527,raspberrypi,380.0,2023-09-08,21:50:01,Whole,453.69577685127234,0.03896103896103896,4.018603672123306,7.665425735172715,2375.278846153846,1171.673076923077,0.8167096565950716,78,477,78,4.212187734931042,1.0,0.0,,0.0,1.0,1.0,332.7906465506591,,,786.6074704664791,1209.7302058247074,332.7906465506591,393.5738631542238,55.47300882943365,16.061243588222823
528,raspberrypi,382.0,2023-09-08,21:50:01,Whole,372.57936189906803,0.0,3.5250993738354817,,2097.1035714285713,1119.8125,1.204760119846625,0,437,70,0.2473676272711608,0.8974358974358975,0.10256410256410256,,0.0,0.8974358974358975,0.8974358974358975,358.3232102908865,,,821.1522946486411,1171.4757055478801,358.3232102908865,413.0566152905412,122.83313488560212,0.0
529,raspberrypi,383.0,2023-09-08,21:50:01,Whole,455.4161166802676,0.0,3.854036466268728,,1956.3108974358975,1934.934294871795,1.4756602549363873,0,477,78,0.03471352822061935,0.0,0.0,,1.0,0.0,0.0,564.0890702151333,,,98.12103341594961,1783.805746259492,564.0890702151333,758.5176549136493,326.3547537245124,343.57805446796476
530,raspberrypi,385.0,2023-09-08,21:50:01,Whole,228.48379025139175,0.0,3.2423189402413013,,1894.8365384615386,1655.8076923076924,1.4756602549363873,0,477,78,0.07020826333157786,1.0,0.0,,0.0,1.0,1.0,393.4774461761479,,,357.6475194141925,1563.574871336998,393.4774461761479,590.363454518441,107.69916739252828,65.39891266376748
531,raspberrypi,391.0,2023-09-08,21:50:01,Whole,989.7057246156942,0.0,6.061784805010625,,2093.24358974359,2478.4326923076924,2.8939533873396854,0,477,78,0.054277336312012724,0.0,0.0,,1.0,0.0,0.0,1002.1012722498346,,,145.38255172958745,2245.373236718477,1002.1012722498346,1193.6686451818796,800.9385382840585,857.351033247059
532,raspberrypi,393.0,2023-09-08,21:50:01,Whole,625.6371396695201,0.0,4.298910641757229,,1795.0865384615386,918.9775641025641,1.8730739526473557,0,477,78,0.04984771304619634,0.0,0.0,,0.0,0.0,1.0,632.8823724952945,,,1076.8961795458279,1069.9328228683978,632.8823724952945,603.361802262002,19.619302615848596,221.25054158905624
533,raspberrypi,395.0,2023-09-08,21:50:01,Whole,83.8352483695044,,3.2550847997377463,,2047.625,1405.875,1.4932873169687841,0,15,2,,0.02564102564102564,0.9743589743589743,,0.0,0.02564102564102564,0.0,254.43443374297198,,,543.1521967452486,1364.1380337702026,254.43443374297198,443.67346288756687,210.72373590740096,0.0
534,raspberrypi,397.0,2023-09-08,21:50:01,Whole,531.0047294322707,0.0,4.158741635429743,,2311.6778846153848,1026.639423076923,0.8167096565950716,78,477,78,0.08137096140760862,1.0,0.0,,0.0,1.0,1.0,411.67058910027157,,,919.5663420476898,1119.6957244021992,411.67058910027157,405.6617351280573,0.0,55.16398861862571
535,raspberrypi,17.0,2023-09-08,21:20:01,Whole,833.5516726445662,0.0,5.692404784775632,,1260.5,1769.5625,3.3127249871353905,0,23,4,0.0,0.0,1.0,,0.0,0.0,0.0,976.6150765311743,,,785.0079361000335,1796.9987549916623,976.6150765311743,1082.9617823959243,348.3308043788976,574.6675381135067
536,raspberrypi,380.0,2023-09-08,21:20:01,Whole,222.27850158154106,0.0,4.093233675397573,,2253.06891025641,1442.0576923076924,1.7847097706110882,0,342,78,0.057001789979640026,1.0,0.0,,0.0,1.0,1.0,244.51181740012626,,,500.1511362016703,1388.3553004538144,244.51181740012626,420.74128129144304,80.23634829397581,0.0
537,raspberrypi,383.0,2023-09-08,21:20:01,Whole,1280.9525593044998,0.9166666666666666,7.61393668000038,134.23693626934767,2985.0576923076924,2089.951923076923,5.035004361789827,0,133,26,7661.190780542545,0.05128205128205128,0.717948717948718,,0.0,0.05128205128205128,0.0,1092.62471860314,,,821.1645617188204,2061.7969332284656,1092.62471860314,1245.4803361222212,666.3918154297622,626.107891205918
538,raspberrypi,385.0,2023-09-08,21:20:01,Whole,201.1535114146459,0.0,3.895406465479541,,1893.448717948718,1664.878205128205,2.1842605026686046,0,342,78,0.033627731868184664,1.0,0.0,,0.0,1.0,1.0,399.7753754631852,,,350.52556668881505,1570.8458284060198,399.7753754631852,596.0465928636187,109.24834348528573,73.29571273579168
539,raspberrypi,386.0,2023-09-08,21:20:01,Whole,400.26172114996825,0.0,4.3025184070549205,,2043.3429487179487,1167.1746794871794,1.7847097706110882,0,342,78,0.1140733475963322,1.0,0.0,,0.0,1.0,1.0,343.25016664311414,,,779.7268447428752,1202.2405625850029,343.25016664311414,422.1026426663268,120.26060247661479,0.0
540,raspberrypi,391.0,2023-09-08,21:20:01,Whole,889.8775365037319,0.45454545454545453,5.906199065464201,3.2710496990150193,2097.4583333333335,2456.0352564102564,4.217874191089891,0,342,78,2.24746453173629,0.0,0.0,,1.0,0.0,0.0,980.7439394228489,,,122.63055402530026,2225.2609207156015,980.7439394228489,1172.5086364958074,778.2950776162727,834.7061686320022
541,raspberrypi,393.0,2023-09-08,21:20:01,Whole,704.5702933948061,0.0,5.33031388788902,,1793.6185897435898,918.0769230769231,1.8216485054915559,0,342,78,0.048284521164562284,0.0,0.0,,0.0,0.0,1.0,634.4095249489952,,,1078.1932773465383,1069.556541443094,634.4095249489952,604.790719237366,21.35146792624576,223.04641851688075
542,raspberrypi,17.0,2023-09-08,20:00:01,Whole,715.0792961304958,0.0,4.157024306067575,,1262.2416666666666,1769.8875,2.9713555737489,1,153,30,0.044004675981985486,0.0,1.0,,0.0,0.0,0.0,975.1078628388071,,,783.2717743020546,1796.646727739369,975.1078628388071,1081.618502730628,346.82430257229817,573.122424291782
543,raspberrypi,188.0,2023-09-08,20:00:01,Whole,669.9391890431336,,3.896986588896578,,1780.75,2624.5,1.091761760715876,0,6,1,,0.0,1.0,,0.0,0.0,0.0,1218.616717546039,,,422.2304101947799,2403.689815068933,1218.616717546039,1400.5713106871108,926.2214307809559,1026.886556771878
544,raspberrypi,382.0,2023-09-08,20:00:01,Whole,600.1630144136817,0.0,4.014041844521856,,2238.384090909091,1450.8022727272728,2.3913802778674267,14,256,55,0.00501830222188321,0.6875,0.3125,,0.0,0.6875,0.6875,244.0803138782153,,,489.9776128983013,1394.3907016035855,244.0803138782153,424.17167266882365,81.58673616334356,0.0
545,raspberrypi,383.0,2023-09-08,20:00:01,Whole,525.3366892780082,0.0,3.818571683120102,,1689.346875,2433.296875,2.2370995828901465,0,363,80,0.043121170804070796,0.0,1.0,,0.0,0.0,0.0,1090.3446991828805,,,365.2194676277487,2247.284908292342,1090.3446991828805,1266.637316088307,730.6685579341313,847.7712107006516
546,raspberrypi,385.0,2023-09-08,20:00:01,Whole,485.5704112628365,0.0,3.7340343454380815,,1780.421875,1519.48125,2.388493349435048,0,363,80,0.09165530120901844,1.0,0.0,,0.0,1.0,1.0,418.76949305079677,,,533.6059306215427,1472.2463513267758,418.76949305079677,572.5340412524772,0.0,17.672800971322737
547,raspberrypi,391.0,2023-09-08,20:00:01,Whole,526.2053658202274,0.0,4.140979854486831,,2120.865625,2472.234375,1.7049465119495173,0,363,80,0.042804105113548034,0.0,0.0,,1.0,0.0,0.0,992.187676656102,,,133.76998182504025,2238.898959901504,992.187676656102,1184.2287135948045,787.267567269961,849.3139904331236
548,raspberrypi,396.0,2023-09-08,20:00:01,Whole,272.8415069345815,0.0379746835443038,3.592210443971624,2.5333236953993197,2160.45625,2145.515625,1.7049465119495173,0,363,80,0.3502780991179581,0.0,0.0,,1.0,0.0,0.0,691.3790875658326,,,0.0,1951.770709086029,691.3790875658326,886.8671321527974,462.05550486041585,520.5790528606669
549,raspberrypi,397.0,2023-09-08,20:00:01,Whole,573.8657929873456,0.7142857142857143,4.055093916834654,4.265945598112171,2179.4583333333335,1451.0833333333333,2.049093431364703,14,169,36,6.511976684734611,0.45,0.55,,0.0,0.45,0.45,241.42460290854163,,,486.99828202469587,1394.1080673352321,241.42460290854163,430.85377963459143,119.02060087549172,0.0
550,raspberrypi,441.0,2023-09-08,20:00:01,Whole,714.8714325054437,,3.8525709167107407,,1262.5,1769.75,0.002040916498972777,1,6,1,,0.0,1.0,,0.0,0.0,0.0,974.821525623122,,,783.0840888021461,1796.4463073067016,974.821525623122,1081.3370641358842,346.5378065244587,572.8443920252416
551,raspberrypi,17.0,2023-09-08,20:30:01,Whole,733.6656548802134,0.0,5.538081783508455,,1260.3993055555557,1769.847222222222,4.073881415580775,1,183,36,0.1522879038825599,0.0,1.0,,0.0,0.0,0.0,976.8049361861146,,,784.9944644307453,1797.2618232778586,976.8049361861146,1083.1740284718069,348.10307364538664,574.4069879548167
552,raspberrypi,110.0,2023-09-08,20:30:01,Whole,1215.3078417585518,,6.680432278412668,,1558.0,542.0,2.4616160512274994,0,6,1,,0.0,1.0,,0.0,0.0,0.0,1056.1305144226765,,,1511.1487104722546,918.253441802337,1056.1305144226765,997.4898789281674,449.78725159915075,654.6541590065053
553,raspberrypi,383.0,2023-09-08,20:30:01,Whole,820.9170105219105,0.0,6.208278968101673,,1678.8896103896104,2438.905844155844,2.491699111528861,0,347,77,0.0412390135534636,0.0,1.0,,0.0,0.0,0.0,1099.9512478677796,,,377.0716522849087,2254.0298350869994,1099.9512478677796,1275.729857759568,736.3009551634037,855.1835210873497
554,raspberrypi,391.0,2023-09-08,20:30:01,Whole,807.6241908578178,0.0,6.571365627650103,,2160.616883116883,2467.5974025974024,2.491699111528861,0,347,77,0.028378723188111177,0.0,0.0,,1.0,0.0,0.0,982.9166742422693,,,124.9764959472726,2233.8300990355065,982.9166742422693,1175.4741032713823,773.0681938954182,843.3407622170095
555,raspberrypi,393.0,2023-09-08,20:30:01,Whole,747.3322096602437,0.0,5.462744434676718,,1792.1168831168832,957.4512987012987,2.9817755126691545,0,347,77,0.05282759786588003,0.0,0.0,,0.0,0.0,1.0,607.5769217452845,,,1041.1301414107118,1091.4748600322503,607.5769217452845,585.5283168753256,10.459304544103304,200.74677264989003
556,raspberrypi,395.0,2023-09-08,20:30:01,Whole,449.82342769539764,0.0,5.18412089578818,,2319.1315789473683,1373.7072368421052,1.3174105725143157,0,344,76,0.025159776974848124,0.987012987012987,0.012987012987012988,,0.0,0.987012987012987,0.987012987012987,258.262067562136,,,577.5273046651204,1341.831101994419,258.262067562136,404.4737612484547,121.00358976995001,0.0
557,raspberrypi,396.0,2023-09-08,20:30:01,Whole,663.4590773012192,0.0,5.60136893375308,,2346.3214285714284,1119.948051948052,1.3174105725143157,0,347,77,0.0628352717642444,1.0,0.0,,0.0,1.0,1.0,354.4547254994224,,,832.1518959098233,1176.0656922241424,354.4547254994224,391.3365836051252,2.4250320274425547,42.112884876502875
558,raspberrypi,441.0,2023-09-08,20:30:01,Whole,733.553444032282,,4.557206943011246,,1260.5,1769.75,0.002755027294778755,1,6,1,,0.0,1.0,,0.0,0.0,0.0,976.6783117042008,,,784.9375164707618,1797.1484135263731,976.6783117042008,1083.044630272779,348.3794290809776,574.712148906563
559,raspberrypi,892.0,2023-09-08,20:30:01,Whole,964.3912383862425,,6.386612905193044,,1036.5,1833.5,4.559160239825329,0,5,1,,0.0,1.0,,0.0,0.0,0.0,1206.7962612819251,,,977.3406926676095,1936.1232347313821,1206.7962612819251,1304.887802344056,580.113744126669,806.951288449766
560,raspberrypi,979.0,2023-09-08,20:30:01,Whole,1292.4085218979717,,7.673949552394065,,3280.75,1686.0,5.219197738414209,0,6,1,,0.012987012987012988,0.987012987012987,,0.0,0.012987012987012988,0.0,875.3781778128576,,,992.3087275893678,1777.0936385797356,875.3781778128576,1009.8455287168995,284.517660207953,145.42550667822277
561,raspberrypi,17.0,2023-09-08,20:20:01,Whole,723.5634480404648,0.0,5.22959830561993,,1261.0535714285713,1769.857142857143,4.069777671737096,0,70,14,0.006336928094224082,0.0,1.0,,0.0,0.0,0.0,976.2005118891076,,,784.3842575845491,1797.0394721308996,976.2005118891076,1082.6192971959958,347.90738753914115,574.2334588550953
562,raspberrypi,380.0,2023-09-08,20:20:01,Whole,544.3882802566138,0.0,4.401163000557652,,2023.309375,1137.5375,1.5140662537911602,0,335,80,0.15826577135973022,1.0,0.0,,0.0,1.0,1.0,367.6818380262244,,,811.917652439768,1184.2690220594388,367.6818380262244,430.1517873457423,84.45615106600273,0.0
563,raspberrypi,383.0,2023-09-08,20:20:01,Whole,815.2531376391123,0.0,5.175138841967782,,1678.884375,2438.1125,2.489046069739072,0,335,80,0.0728088075083909,0.0,1.0,,0.0,0.0,0.0,1099.2889656612927,,,376.6680262786295,2253.330377994379,1099.2889656612927,1275.0580572957704,735.5509728085119,854.4466522629531
564,raspberrypi,391.0,2023-09-08,20:20:01,Whole,806.7132288081054,0.0,5.61155352908324,,2160.203125,2466.228125,2.489046069739072,0,335,80,0.0506570082674971,0.0,0.0,,1.0,0.0,0.0,981.6918490290903,,,123.62814533521082,2232.617594451296,981.6918490290903,1174.252239664168,771.8495709896099,842.0908370094735
565,raspberrypi,393.0,2023-09-08,20:20:01,Whole,746.6936693583349,0.0,5.098915511970708,,1792.0933544303798,957.2072784810126,1.5140662537911602,0,332,79,0.04506601341460321,0.0,0.0125,,0.0,0.0,0.9875,607.7604277643576,,,1041.3695223248553,1091.3392043612466,607.7604277643576,585.6624501324106,10.623169526168667,200.88696175250624
566,raspberrypi,395.0,2023-09-08,20:20:01,Whole,322.29244446498836,,3.4197005038545263,,2191.75,1438.0,0.9786368057017293,1,5,1,,0.0125,0.9875,,0.0,0.0125,0.0125,240.77569426072287,,,500.1220814671394,1384.579849994022,240.77569426072287,425.383472512021,122.13902400161776,0.0
567,raspberrypi,397.0,2023-09-08,20:20:01,Whole,496.5015563865225,0.0,4.580232438860531,,2370.2125,1374.359375,2.168529052137901,1,335,80,0.08356619236168661,1.0,0.0,,0.0,1.0,1.0,270.53846413469574,,,587.8811733359807,1344.9731270346676,270.53846413469574,407.74756055128887,117.6245442022237,0.0
568,raspberrypi,414.0,2023-09-08,20:20:01,Whole,834.769350872927,,5.494369243029991,,1267.25,2116.25,2.6988149439350195,0,5,1,,0.0,1.0,,0.0,0.0,0.0,1132.3077552990103,,,706.2844797313188,2078.360535748489,1132.3077552990103,1267.8861312961028,559.1698745332985,760.2043027544665
569,raspberrypi,17.0,2023-09-08,21:25:01,Whole,766.7132152743993,0.0,4.775857090108722,,1260.6022727272727,1770.0568181818182,3.30296972671682,0,66,11,0.00202935862525659,0.0,1.0,,0.0,0.0,0.0,976.6870918984927,,,784.7275988444167,1797.3575122568495,976.6870918984927,1083.0931419460876,348.51000455076564,574.837496236464
570,raspberrypi,380.0,2023-09-08,21:25:01,Whole,283.3183894801025,0.0,3.820711293662679,,2252.9984375,1442.8390625,1.7824858087665063,0,411,80,0.08630044770298288,1.0,0.0,,0.0,1.0,1.0,244.5507314621977,,,499.3668330119975,1388.9195503542355,244.5507314621977,420.95332257797014,79.63779263462648,0.0
571,raspberrypi,383.0,2023-09-08,21:25:01,Whole,156.14635797878228,0.0,3.2364027736923067,,2044.3859375,1724.0484375,0.8395294434012763,80,411,80,0.06836121797739382,1.0,0.0,,0.0,1.0,0.0,375.82388236528544,,,234.11354749318838,1605.9961766588517,375.82388236528544,585.3900502425034,222.77740214269977,132.03805168515441
572,raspberrypi,385.0,2023-09-08,21:25:01,Whole,144.15044431476613,0.0,3.17143948608499,,1891.996875,1667.246875,0.8395294434012763,80,411,80,0.06327436770101579,1.0,0.0,,0.0,1.0,1.0,402.0406699583174,,,349.2352047102613,1572.8606213134262,402.0406699583174,597.9442052219032,108.69221880892552,75.03939456158568
573,raspberrypi,386.0,2023-09-08,21:25:01,Whole,407.7769779732912,0.0,4.094353852756657,,2043.7990506329113,1168.2215189873418,1.7824858087665063,0,407,79,0.09531592857101973,0.9875,0.0125,,0.0,0.9875,0.9875,342.48084887142187,,,778.6281152426836,1202.8908273545962,342.48084887142187,421.91800318901164,121.36782979882818,0.0
574,raspberrypi,391.0,2023-09-08,21:25:01,Whole,906.5791878999535,0.0,5.127715829916149,,2087.809375,2476.315625,3.890472310737335,0,411,80,0.06914576639957776,0.0,0.0,,1.0,0.0,0.0,1001.0370495176612,,,144.66241423014665,2243.7008567275907,1001.0370495176612,1192.5197902200398,800.3213949969153,855.5356059531126
575,raspberrypi,393.0,2023-09-08,21:25:01,Whole,686.6477569575178,0.0,5.119214806361364,,1794.846875,919.103125,1.8183794492085725,0,411,80,0.051364000905996784,0.0,0.0,,0.0,0.0,1.0,632.9360068682068,,,1076.8476327322321,1070.0194232821013,632.9360068682068,603.44758729049,19.733204323158105,221.2893959240099
576,raspberrypi,524.0,2023-09-08,21:25:01,Whole,1073.5455132124898,,5.763538616953799,,1783.75,2625.0,1.7474526816394929,0,6,1,,0.0,1.0,,0.0,0.0,0.0,1217.9833769316556,,,420.7267347292179,2403.7329019130775,1217.9833769316556,1400.058403891859,927.0005840272293,1027.202019933797
577,raspberrypi,17.0,2023-09-08,20:25:01,Whole,709.8692805549753,0.0,4.726643155103964,,1260.8676470588234,1769.8823529411766,4.068305634258316,0,96,17,0.0802308250112037,0.0,1.0,,0.0,0.0,0.0,976.3816812930972,,,784.5471009444592,1797.1249318323662,976.3816812930972,1082.7892499611423,348.0745429795497,574.4070120657583
578,raspberrypi,128.0,2023-09-08,20:25:01,Whole,400.3654983339544,,3.53931262809672,,2244.5,1416.0,0.9856642099368005,1,5,1,,0.012658227848101266,0.9873417721518988,,0.0,0.012658227848101266,0.012658227848101266,242.8665394442383,,,525.1963573601948,1369.3944192882655,242.8665394442383,414.71764088132653,106.90792422844005,0.0
579,raspberrypi,382.0,2023-09-08,20:25:01,Whole,399.338014352112,1.0,3.378462245395246,20.939009322172552,2075.389705882353,1326.7573529411766,1.1900744934663823,0,89,17,237.6020256241468,0.21518987341772153,0.7848101265822784,,0.0,0.21518987341772153,0.06329113924050633,265.89389594195,,,618.9254513440126,1308.1720608246703,265.89389594195,425.20166552438883,218.39350514360171,0.0
580,raspberrypi,383.0,2023-09-08,20:25:01,Whole,788.1998815582562,0.0,5.38948727954447,,1678.9810126582279,2438.737341772152,2.490259373367654,0,404,79,0.0720841963833139,0.0,1.0,,0.0,0.0,0.0,1099.7669972004253,,,376.9066021893739,2253.8652591996,1099.7669972004253,1275.5487007309218,736.0509610416399,854.937895761102
581,raspberrypi,385.0,2023-09-08,20:25:01,Whole,91.48974391595428,0.0,3.1002610735385883,,1920.5277777777778,1627.0277777777778,1.258596925589158,0,110,18,0.04866278462456787,0.22784810126582278,0.7721518987341772,,0.0,0.22784810126582278,0.22784810126582278,362.84141880128067,,,370.8380100456388,1538.5662853635233,362.84141880128067,565.556278232832,126.23396023542757,40.72350992557921
582,raspberrypi,390.0,2023-09-08,20:25:01,Whole,485.05101474604487,1.0,3.3441204522228616,34.84872430212609,2067.295955882353,1268.34375,1.3089592147555935,27,365,68,1335.0923430081314,0.8607594936708861,0.13924050632911392,,0.0,0.8607594936708861,0.8354430379746836,351.16465060161545,,,692.5051212735285,1278.1368504667844,351.16465060161545,454.0978762354291,84.7078162203006,0.0
583,raspberrypi,391.0,2023-09-08,20:25:01,Whole,785.706739378049,0.0,5.603619052632247,,2160.4082278481014,2467.0917721518986,2.490259373367654,0,404,79,0.03392870494666587,0.0,0.0,,1.0,0.0,0.0,982.4704682441372,,,124.48113929419769,2233.3833023234783,982.4704682441372,1175.0284133676194,772.6364227404275,842.8435585353526
584,raspberrypi,393.0,2023-09-08,20:25:01,Whole,768.4435180640023,0.0,4.109927153831692,,1792.01582278481,957.2911392405064,2.256696545464913,2,404,79,0.06098642084506061,0.0,0.0,,0.0,0.0,1.0,607.7508663203937,,,1041.3136722407246,1091.3930047895974,607.7508663203937,585.6730143708875,10.66608801890338,200.88696175250624
585,raspberrypi,395.0,2023-09-08,20:25:01,Whole,226.7954232168399,0.0,2.9605982003174236,,2162.2452531645567,1588.629746835443,0.9801908120666751,58,404,79,0.0772187059765038,1.0,0.0,,0.0,1.0,1.0,274.16386161600605,,,349.47497348190143,1496.8153052697335,274.16386161600605,485.64621210561,83.0690909701285,0.0
586,raspberrypi,396.0,2023-09-08,20:25:01,Whole,623.9602723009682,1.0,3.740853208948959,19.59751259726601,1822.5,1098.625,0.7469177589838536,2,14,2,,0.02531645569620253,0.9746835443037974,,0.0,0.02531645569620253,0.02531645569620253,496.62403494945283,,,897.6078898127246,1172.886907450029,496.62403494945283,523.5466709567207,0.0,113.46732523491983
587,raspberrypi,397.0,2023-09-08,20:25:01,Whole,400.3689370035968,0.0,3.234878651305768,,2249.3928571428573,1420.7559523809523,0.9757480558092575,54,242,42,0.06635399802778866,0.5316455696202531,0.46835443037974683,,0.0,0.5316455696202531,0.5316455696202531,243.34884308643066,,,520.9444238420961,1372.9120893867594,243.34884308643066,415.55466385745353,100.05431106950364,0.0
588,raspberrypi,414.0,2023-09-08,20:25:01,Whole,709.5557861409585,,5.019824546530143,,1261.125,1769.25,4.072275462008667,0,9,2,,0.0,1.0,,0.0,0.0,0.0,975.9294086809498,,,784.5461852938113,1796.529754263773,975.9294086809498,1082.2899942605438,347.60939662519786,573.9500311271654
589,raspberrypi,17.0,2023-09-08,18:25:01,Whole,785.2782892715205,,5.654929336145128,,1232.5,1766.0,4.327876693184017,0,5,1,,0.0,1.0,,0.0,0.0,0.0,1001.5076713322516,,,812.3217043440903,1804.1633422830814,1001.5076713322516,1105.443206004187,372.92411985187715,599.6667338209734
590,raspberrypi,145.0,2023-09-08,18:25:01,Whole,1057.164238909496,,7.534572694403972,,1573.125,623.375,3.387134180038254,0,8,2,,0.0,1.0,,0.0,0.0,0.0,1058.402014394856,,,1460.6292866591928,1051.9563577615886,1058.402014394856,1023.4736331840483,499.77145643852407,685.7524526438212
591,raspberrypi,381.0,2023-09-08,18:25:01,Whole,1028.720411744364,1.0,5.7629011644194215,266.54500743458937,1149.578125,1324.359375,4.987794625494011,0,83,16,21853.302974132766,0.014492753623188406,0.7971014492753623,,0.014492753623188406,0.014492753623188406,0.014492753623188406,1170.9269249979172,,,1173.0267714158838,1553.5715119199695,1170.9269249979172,1223.5399827174533,644.8562382530406,842.3465584494197
592,raspberrypi,383.0,2023-09-08,18:25:01,Whole,948.6789422867113,0.14705882352941177,5.829353823172217,5.734589502179723,1743.8107142857143,2452.9857142857145,1.85687962332285,0,260,35,6.6604978553729834,0.0,0.927536231884058,,0.0,0.0,0.0,1082.8032095987571,,,330.61788482950055,2255.9382820406363,1082.8032095987571,1262.154538562632,752.2075626244182,859.1968483396424
593,raspberrypi,386.0,2023-09-08,18:25:01,Whole,476.87542763363433,0.07352941176470588,4.892232148695632,5.771307921345499,2032.8260869565217,2009.2210144927535,1.1911296458325737,0,358,69,3.26443914704022,0.0,0.0,,1.0,0.0,0.0,599.6536154810256,,,0.0,1840.5389059916001,599.6536154810256,795.9321866897037,407.3843314932547,402.393305613993
594,raspberrypi,387.0,2023-09-08,18:25:01,Whole,944.8246122556152,0.47058823529411764,6.219994581054923,6.223555915653105,2306.6503623188405,647.4619565217391,2.2942690289379053,0,358,69,30.8139669919669,0.0,0.057971014492753624,,0.0,0.0,0.7536231884057971,731.0179825292396,,,1296.2699308416902,946.5105358405885,731.0179825292396,659.2239815014084,189.10520496228816,363.53782421924177
595,raspberrypi,389.0,2023-09-08,18:25:01,Whole,773.5784319403991,0.0,5.1543662649053505,,1897.6785714285713,766.1071428571429,2.1435340930095643,0,260,35,0.021580259578972718,0.0,0.4927536231884058,,0.0,0.0,0.5072463768115942,699.9761004311679,,,1199.6766454922665,989.8599098389359,699.9761004311679,645.7845210287427,100.10441324444619,274.41131791977085
596,raspberrypi,391.0,2023-09-08,18:25:01,Whole,882.196938442316,0.0,6.270779046755844,,2100.824519230769,2409.2596153846152,1.8603187989263625,0,330,52,0.053487628784486575,0.0,0.2463768115942029,,0.7536231884057971,0.0,0.0,937.1824442803114,,,76.53121181557725,2183.602984807303,937.1824442803114,1129.2984156544853,732.5022765567198,787.7088794517477
597,raspberrypi,394.0,2023-09-08,18:25:01,Whole,586.0452880711317,0.2926829268292683,5.170858369598594,17.21407799221345,2256.6011904761904,2051.848214285714,1.1605513307653046,0,292,42,82.56564446879756,0.0,0.391304347826087,,0.6086956521739131,0.0,0.0,604.019612393442,,,3.355547274092763,1872.1465198350857,604.019612393442,799.3304882658575,363.2174862052608,446.88547412160784
598,raspberrypi,396.0,2023-09-08,18:25:01,Whole,359.9119914707849,0.0,4.422164934923997,,1968.4322033898304,1175.3474576271187,2.1458565272195846,0,347,59,0.04121037226382096,0.855072463768116,0.14492753623188406,,0.0,0.855072463768116,0.855072463768116,365.74784299983196,,,784.6033916718818,1210.6908175142744,365.74784299983196,444.9661341642386,85.11845904256808,0.0
599,raspberrypi,397.0,2023-09-08,18:25:01,Whole,401.0311144655395,0.0,4.05007854298781,,1767.202380952381,1196.9583333333333,1.0435779040902955,0,172,21,0.04508864696125362,0.30434782608695654,0.6956521739130435,,0.0,0.30434782608695654,0.30434782608695654,486.5541817279231,,,825.6277415220945,1242.604927981586,486.5541817279231,543.9155620002389,30.409702407003834,139.55302165233354
600,raspberrypi,398.0,2023-09-08,18:25:01,Whole,729.8549710803883,0.9130434782608695,5.178207678029148,24.188476499148038,1417.0416666666667,1079.03125,1.7821988883187923,0,194,24,674.5271875732292,0.0,0.6956521739130435,,0.0,0.0,0.0,837.2666599642562,,,1104.4153998851027,1232.8741631457237,837.2666599642562,849.9450492027711,258.67404464722216,472.2242546564564
601,raspberrypi,399.0,2023-09-08,18:25:01,Whole,733.5056016122317,,5.330027865784371,,2639.0,1206.75,3.468232640016276,0,8,1,,0.0,0.9855072463768116,,0.0,0.0,0.014492753623188406,429.79123111916596,,,839.8023366086396,1258.2148184267323,429.79123111916596,477.90023083984323,177.59641265969174,225.6753442023973
602,raspberrypi,544.0,2023-09-08,18:25:01,Whole,1375.9216221846057,,6.776685055057995,,3185.75,2203.25,4.74187175540781,0,5,1,,0.0,1.0,,0.0,0.0,0.0,1066.8145362269386,,,809.4577375703369,2157.954687907052,1066.8145362269386,1230.8569180549443,554.1846243592347,621.3690857589037
603,raspberrypi,17.0,2023-09-08,19:25:01,Whole,818.3424190644708,0.0,4.889400698365297,,1261.6818181818182,1769.1704545454545,3.986232320153598,0,22,11,0.18499258719541908,0.0,1.0,,0.0,0.0,0.0,975.3855192479066,,,784.0602054232317,1796.2707159449644,975.3855192479066,1081.779292600485,347.1101501065299,573.4438592612946
604,raspberrypi,383.0,2023-09-08,19:25:01,Whole,206.73836888950058,0.0,4.206801957923176,,1726.9018987341772,2385.5886075949365,2.1910418742040854,0,117,79,0.04734407080727137,0.0,1.0,,0.0,0.0,0.0,1032.9451332548147,,,308.88971513400145,2199.070112119316,1032.9451332548147,1210.850169975992,683.8992186676976,794.5311893065245
605,raspberrypi,385.0,2023-09-08,19:25:01,Whole,666.462545359695,0.0,3.516724087026931,,1969.7368421052631,1614.282894736842,4.174672822720445,4,43,19,1.4601811271259632e-06,0.24050632911392406,0.759493670886076,,0.0,0.24050632911392406,0.24050632911392406,332.8824071875818,,,362.5412256713354,1524.5418852202824,332.8824071875818,543.2328472181335,173.6248837481388,22.997564112740918
606,raspberrypi,391.0,2023-09-08,19:25:01,Whole,303.508261323538,0.0,4.84755753997818,,2144.4050632911394,2461.4588607594937,2.1910418742040854,0,117,79,0.05781936086434507,0.0,0.0,,1.0,0.0,0.0,979.1084306492525,,,120.01373404780912,2228.6844919087534,979.1084306492525,1171.5194147503505,771.0011730463686,837.655776430702
607,raspberrypi,414.0,2023-09-08,19:25:01,Whole,656.1133547321385,,4.025952806353152,,1267.25,2115.5,2.7528388331084144,0,3,1,,0.0,1.0,,0.0,0.0,0.0,1131.876781390041,,,706.3047641286962,2077.733179235064,1131.876781390041,1267.4085111302995,558.5827170020727,759.6787487605784
608,raspberrypi,448.0,2023-09-08,19:25:01,Whole,556.1821933794287,0.0,2.797659152980638,,2093.95,1755.0,0.9684046447876217,4,14,5,6.031724312626747e-26,0.06329113924050633,0.9367088607594937,,0.06329113924050633,0.06329113924050633,0.06329113924050633,385.5617822953427,,,191.51880376363965,1628.5669100515559,385.5617822953427,593.8446746393461,191.26709063876308,141.88158825571824
609,raspberrypi,657.0,2023-09-08,19:25:01,Whole,1480.774727273305,,8.437374411050891,,2159.5,819.0,8.39262118218158,0,2,1,,0.012658227848101266,0.9873417721518988,,0.0,0.012658227848101266,0.012658227848101266,581.9132512206963,,,1119.0389995382338,1010.5358941730298,581.9132512206963,527.7797132711316,62.33847074093488,169.41319433204546
610,raspberrypi,684.0,2023-09-08,19:25:01,Whole,668.1881071246023,,4.329289336358622,,1969.25,1612.5,4.182905839707851,0,2,1,,0.012658227848101266,0.9873417721518988,,0.0,0.012658227848101266,0.012658227848101266,332.10451563942024,,,364.3788755689078,1523.1982085930188,332.10451563942024,542.4666717470246,173.02043160275753,20.99411251458585
611,raspberrypi,17.0,2023-09-08,21:55:01,Whole,791.8654378501866,,5.0184309047403515,,1261.1666666666667,1770.3333333333333,3.325585603741735,0,18,3,,0.0,1.0,,0.0,0.0,0.0,976.2564274152927,,,784.10068640064,1797.3799692016191,976.2564274152927,1082.7334680742317,348.21163063107076,574.5135169078926
612,raspberrypi,106.0,2023-09-08,21:55:01,Whole,792.9731719363864,,4.984028067635075,,1221.25,1538.0,3.531180727481422,0,7,1,,0.0,1.0,,0.0,0.0,0.0,961.9736344403985,,,926.1913148410675,1630.2438268314297,961.9736344403985,1038.7896636913897,354.2620149249704,572.5090856424417
613,raspberrypi,383.0,2023-09-08,21:55:01,Whole,415.1000288381531,0.0,4.581690361961996,,1955.892405063291,1936.1487341772151,1.4821157536687262,0,429,79,0.04512322194606168,0.0,0.0,,1.0,0.0,0.0,565.2092420156089,,,97.59860843601322,1784.8517688805778,565.2092420156089,759.5755793773093,326.9863250491311,344.7143968625543
614,raspberrypi,385.0,2023-09-08,21:55:01,Whole,176.66709082903753,0.0,4.0657590654524025,,1895.003164556962,1655.623417721519,1.4821157536687262,0,429,79,0.06995226572294282,1.0,0.0,,0.0,1.0,1.0,393.2733654552491,,,357.72343344685856,1563.413113644636,393.2733654552491,590.1986757967392,107.75216235112698,65.16847889475031
615,raspberrypi,390.0,2023-09-08,21:55:01,Whole,617.7770466942244,0.0,4.898351177421108,,2236.9263698630134,948.9537671232877,2.216154240761082,33,405,73,0.037719275142604376,0.9240506329113924,0.0759493670886076,,0.0,0.9240506329113924,0.9240506329113924,466.29890269995843,,,990.5562845002423,1075.047142866224,466.29890269995843,439.8697400605248,0.0,66.6402149852616
616,raspberrypi,391.0,2023-09-08,21:55:01,Whole,956.6403007536401,0.0,6.593510333433527,,2093.6170886075947,2478.48417721519,2.8892634319384003,0,429,79,0.037567598837676026,0.0,0.0,,1.0,0.0,0.0,1002.0884435132917,,,145.34420042020184,2245.404695609428,1002.0884435132917,1193.6620250125764,800.8662374992298,857.331406952921
617,raspberrypi,393.0,2023-09-08,21:55:01,Whole,644.5823685556271,0.0,4.848276458680381,,1795.012658227848,918.9525316455696,2.2848776201887384,0,429,79,0.04823776777126551,0.0,0.0,,0.0,0.0,1.0,632.9446399214958,,,1076.942057958888,1069.9248935066094,632.9446399214958,603.422691691729,19.730183013194363,221.2893959240099
618,raspberrypi,397.0,2023-09-08,21:55:01,Whole,199.77532219616242,0.0,4.147424714013914,,2136.8262987012986,1367.5048701298701,1.9343268885838898,0,423,77,0.053744364355261,0.9746835443037974,0.02531645569620253,,0.0,0.9746835443037974,0.0,238.58982152730158,,,571.4128670448173,1334.4752384020537,238.58982152730158,416.63146051640564,210.94218449166152,0.0
619,raspberrypi,414.0,2023-09-08,21:55:01,Whole,952.6145522789791,,5.6999998548827575,,1266.875,2116.0,3.6769719937812857,0,14,2,,0.0,1.0,,0.0,0.0,0.0,1132.46294985858,,,706.6660666267545,2078.274380839199,1132.46294985858,1267.9981234844934,559.2077753654786,760.2968573965885
620,raspberrypi,666.0,2023-09-08,21:55:01,Whole,499.80716078483204,0.0,4.479279962315613,,2088.330882352941,1030.8860294117646,0.8755520172056309,33,209,34,0.037854954685353014,0.43037974683544306,0.569620253164557,,0.0,0.43037974683544306,0.43037974683544306,419.05486875087865,,,910.4900814036502,1118.9756465123478,419.05486875087865,433.73263243149944,73.3447210614387,0.0
621,raspberrypi,961.0,2023-09-08,21:55:01,Whole,1346.909614489685,,6.757900587708565,,2111.25,181.75,4.014921988220177,0,7,1,,0.0,1.0,,0.0,0.0,0.0,1175.3951654981759,,,1757.2503235695226,879.5885526030447,1175.3951654981759,1091.3096736824757,675.8540132326444,804.1195642694335
622,raspberrypi,997.0,2023-09-08,21:55:01,Whole,1270.9221242948265,,7.1074277592458985,,3265.75,1745.75,6.1452014235838535,0,7,1,,0.0,1.0,,0.0,0.0,0.0,883.0228523908044,,,956.7696134804829,1817.344889189007,883.0228523908044,1019.9925396309028,285.55680199291635,198.53594990939595
623,raspberrypi,17.0,2023-09-08,23:50:01,Whole,638.6985922639668,0.0,4.638754590219951,,1260.4807692307693,1770.5192307692307,2.8169026472542025,0,52,13,0.020042990093138143,0.0,1.0,,0.0,0.0,0.0,976.9559715504116,,,784.6668490864014,1797.769327128419,976.9559715504116,1083.4013032293433,348.8073934703749,575.1109870154072
624,raspberrypi,110.0,2023-09-08,23:50:01,Whole,1071.4340323658996,,5.66350026765191,,1558.25,542.25,1.7789043127242563,0,4,1,,0.0,1.0,,0.0,0.0,0.0,1055.7901279891018,,,1510.8254059889973,918.3233909404797,1055.7901279891018,997.1550428201953,449.4355359757485,654.3013240263211
625,raspberrypi,382.0,2023-09-08,23:50:01,Whole,344.79102631061875,0.0,4.341054964008661,,1826.6993670886077,1225.9240506329113,2.547179243794373,0,253,79,0.10687277494413987,1.0,0.0,,0.0,1.0,1.0,427.7052448693653,,,776.3549179375995,1255.23062313956,427.7052448693653,507.33750318168694,52.25470237880748,80.11205078871538
626,raspberrypi,385.0,2023-09-08,23:50:01,Whole,273.462549644035,0.0,4.972019432213505,,1802.2025316455697,1834.254746835443,3.1429843727845395,0,253,79,0.04164647845903644,0.0,0.0,,0.0,0.0,1.0,565.0009910195214,,,280.47460264680427,1717.9344964839088,565.0009910195214,743.3512717777552,158.33175185077488,238.2221095840073
627,raspberrypi,391.0,2023-09-08,23:50:01,Whole,922.8236434178849,0.0,7.19955075560115,,2074.512658227848,2467.46835443038,3.558930036830495,0,253,79,0.03902801453357164,0.0,0.0,,1.0,0.0,0.0,995.1617872873828,,,139.80405455871568,2236.3829862650755,995.1617872873828,1186.4442708704375,796.0796583702271,848.0542101247889
628,raspberrypi,392.0,2023-09-08,23:50:01,Whole,802.4625473213176,,4.608610620001577,,2156.5,820.25,1.671117085607553,0,4,1,,0.012658227848101266,0.9873417721518988,,0.0,0.012658227848101266,0.012658227848101266,581.1523263554698,,,1117.8293732205307,1011.0675532827562,581.1523263554698,527.4060612750818,63.35829807711424,167.82640520853732
629,raspberrypi,393.0,2023-09-08,23:50:01,Whole,835.6794169123293,0.0,5.08956681537727,,1845.0221518987341,733.0189873417721,2.547179243794373,0,253,79,0.042551646286835484,0.0,0.0,,0.0,0.0,1.0,750.6577666635811,,,1243.2513229993513,977.4617807762647,750.6577666635811,694.6024104957961,141.9117109305095,329.38370057372435
630,raspberrypi,682.0,2023-09-08,23:50:01,Whole,1350.544991365082,,7.638370077389635,,3205.25,1745.5,6.92686855298882,0,4,1,,0.012658227848101266,0.9873417721518988,,0.0,0.012658227848101266,0.0,832.0605989242562,,,900.1661641635745,1794.9680480547709,832.0605989242562,967.1805955278697,229.15565810716643,188.5252837980203
