,pi_ID,bee_ID,Date,Time,LR,distSC,meanAct,meanIBD,meanSpeed,meanX,meanY,medianMinDistToOthers,totalInt,totalIntFrames,trackedFrames,varSpeed,PropBroodTime,PropInactiveTime,PropLarvaeTime,PropNectarTime,PropPupaeTime,PropWaxPotTime,meanBroodDistM,meanEggDistM,meanLarvaeDistM,meanNectarDistM,meanPollenDistM,meanPupaeDistM,meanWaxPotDistM,medianClosesWaxPotDistM,medianClosestBroodDistM
0,raspberrypi,482.0,2023-09-18,00:40:02,Whole,497.0820706610337,1.0,,21.027678724901662,1609.1458333333333,2112.6979166666665,,0,0,12,103.40477518654973,0.0,0.725,,0.0,0.0,0.25,580.2270455267851,,,1251.1645189094968,869.9975980205185,580.2270455267851,762.8422635793429,124.96101937998644,291.4153673744087
1,raspberrypi,486.0,2023-09-18,00:40:02,Whole,216.24824086673874,0.8076923076923077,,20.013509321813565,2059.0491071428573,1564.0223214285713,,0,0,28,1181.2390152518271,0.7,0.3,,0.0,0.7,0.65,219.6179661193619,,,598.3172677526514,1537.9223798072667,219.6179661193619,344.81878106634576,122.45631723178835,61.90927334177529
2,raspberrypi,110.0,2023-09-18,10:40:01,Whole,1404.7946303075992,,7.9117383025165475,,819.5,2153.0,7.273656209443431,0,2,1,,0.0,1.0,,0.0,0.0,0.0,1175.3725775906914,,,1736.0164774936914,250.45838023244693,1175.3725775906914,1324.0092709704359,852.0785937085133,1046.3520358976657
3,raspberrypi,159.0,2023-09-18,10:40:01,Whole,195.76003383527458,0.35714285714285715,2.8186239438932286,11.68866972756096,2319.55,1777.9333333333334,1.996013898786425,0,27,15,29.33964733015087,0.0,0.935064935064935,,0.0,0.0,0.0,435.2455756053594,,,818.1993518884258,1655.0438570180186,435.2455756053594,528.5698460326025,276.1761333779453,209.22191540929418
4,raspberrypi,190.0,2023-09-18,10:40:01,Whole,681.6319295084699,,5.545383439799778,,2235.0,2365.25,1.06409949444735,0,4,1,,0.0,1.0,,0.0,0.0,0.0,800.4085333416268,,,1393.82217520841,1404.9291112171259,800.4085333416268,967.1433931739526,574.2179727797652,427.98620115823763
5,raspberrypi,374.0,2023-09-18,10:40:01,Whole,735.7224944827631,,3.926252968652257,,1935.25,984.5,0.13769911010287225,1,4,1,,0.012987012987012988,0.987012987012987,,0.012987012987012988,0.012987012987012988,0.012987012987012988,455.4466248871694,,,124.09830533550968,1845.0631759122684,455.4466248871694,418.4576867554263,0.0,20.15061171216817
6,raspberrypi,470.0,2023-09-18,10:40:01,Whole,1718.1435398864567,,10.57807576634937,,701.75,758.25,10.57807576634937,0,1,1,,0.0,1.0,,0.0,0.0,0.0,1339.302302243222,,,1306.1046545256377,1606.2876023288854,1339.302302243222,1351.417314297741,840.2571972743042,989.3480466803301
7,raspberrypi,481.0,2023-09-18,10:40:01,Whole,608.1842270518671,0.9130434782608695,4.45112995106965,8.211181828838194,2324.09,1108.265,3.482875045938104,0,46,25,37.37446793493543,0.0,0.6753246753246753,,0.3116883116883117,0.0,0.22077922077922077,539.1637735315065,,,181.2776217321267,2028.1340932066848,539.1637735315065,447.32221224213015,183.77813925216978,273.1828382577853
8,raspberrypi,483.0,2023-09-18,10:40:01,Whole,162.94174565372433,1.0,3.227864328574691,23.444415646375152,2296.375,1749.71875,2.8289103111527187,0,5,4,0.0,0.03896103896103896,0.961038961038961,,0.0,0.03896103896103896,0.0,407.5642526816032,,,786.8566702840996,1646.59861791057,407.5642526816032,499.9165629253797,237.15504219227114,173.27495239985333
9,raspberrypi,486.0,2023-09-18,10:40:01,Whole,896.531637996649,1.0,5.219181955976815,52.28361011177379,1892.6583333333333,848.8041666666667,6.526700886548296,1,42,30,2804.071071594101,0.18181818181818182,0.6233766233766234,,0.2727272727272727,0.18181818181818182,0.2597402597402597,615.9375540399216,,,163.29578442600254,1933.4298603297798,615.9375540399216,558.3670921816938,124.10959999863822,223.3331606792078
10,raspberrypi,488.0,2023-09-18,10:40:01,Whole,439.3977268095949,,3.14723880858099,,2055.25,1259.5,1.566659063758827,0,2,1,,0.012987012987012988,0.987012987012987,,0.0,0.012987012987012988,0.012987012987012988,279.8527181214325,,,297.9366629697137,1726.9047376069047,279.8527181214325,312.41847586279954,157.79205378272394,1.9855345058910956
11,raspberrypi,493.0,2023-09-18,10:40:01,Whole,495.4228085180556,0.5921052631578947,5.300759425562553,19.20747119814918,2210.3814935064934,2172.9253246753246,5.583076246654527,0,83,77,449.4275285873704,0.03896103896103896,0.4155844155844156,,0.0,0.03896103896103896,0.0,623.6709420662038,,,1203.484447034062,1417.6899771618448,623.6709420662038,794.2383151503057,449.68920400031027,243.3521126144824
12,raspberrypi,515.0,2023-09-18,10:40:01,Whole,1588.0327268738245,,7.418994514324219,,980.0,2768.0,7.418994514324219,0,1,1,,0.0,0.987012987012987,,0.0,0.0,0.0,1456.3699132989748,,,2123.2081194866746,184.88730313267456,1456.3699132989748,1630.2257323329527,1047.1054948866463,1214.022303264806
13,raspberrypi,731.0,2023-09-18,10:40:01,Whole,1230.8763405968384,,6.699781368499109,,1041.0,1146.5,5.350772417627217,0,2,1,,0.0,1.0,,0.0,0.0,0.0,868.7834021733294,,,1011.5701748937122,1274.4372546604727,868.7834021733294,915.3294172645441,410.3113490550833,581.6858540306259
14,raspberrypi,987.0,2023-09-18,10:40:01,Whole,682.3092686646148,,4.62477993181769,,2236.375,2365.75,1.124096639548321,0,5,2,,0.0,1.0,,0.0,0.0,0.0,801.3928045938918,,,1394.3911218568073,1406.2271624073794,801.3928045938918,967.9512603491833,575.5685414780609,428.97885093882593
15,raspberrypi,106.0,2023-09-18,10:25:01,Whole,946.7150659168766,,4.2622941151688885,,1032.5,1376.5,4.2622941151688885,0,1,1,,0.0,1.0,,0.0,0.0,0.0,818.7915027900017,,,1103.0532546320928,1052.2341287248496,818.7915027900017,900.8103699026506,460.2217280278623,582.2400641978103
16,raspberrypi,145.0,2023-09-18,10:25:01,Whole,870.5981209290218,,11.394131092581777,,1077.0,1859.5,11.394131092581777,0,1,1,,0.0,1.0,,0.0,0.0,0.0,828.7093062818507,,,1346.7067813990684,631.3659531534029,828.7093062818507,969.7335285810517,564.4940852888747,688.3565720724025
17,raspberrypi,404.0,2023-09-18,10:25:01,Whole,1369.5284331289915,,9.386023961278113,,3119.75,2357.25,9.386023961278113,0,1,1,,0.0,1.0,,0.0,0.0,0.0,1381.6141690954662,,,1660.5292077622037,2285.4565940437383,1381.6141690954662,1437.282245876733,1129.3105491347046,1091.4189514860145
18,raspberrypi,414.0,2023-09-18,10:25:01,Whole,1196.8098874978787,,6.484755554463882,,2890.75,2393.0,6.484755554463882,0,1,1,,0.0,1.0,,0.0,0.0,0.0,1220.609715430402,,,1582.3302164442669,2054.254135305965,1220.609715430402,1301.7920251635628,1030.3441021031472,903.3915520233656
19,raspberrypi,482.0,2023-09-18,10:25:01,Whole,319.7113041083262,1.0,9.386023961278113,65.2806441451063,1623.5833333333333,1621.5833333333333,9.386023961278113,0,1,3,,0.041666666666666664,0.9375,,0.0,0.041666666666666664,0.041666666666666664,315.11342171361866,,,816.7136955801066,1169.2358469985568,315.11342171361866,483.9310387010693,153.19245192555874,163.1574194388871
20,raspberrypi,485.0,2023-09-18,10:25:01,Whole,1111.208771650673,1.0,6.735337394557203,127.14468517934782,1877.0511363636363,1706.7272727272727,4.543458886133854,0,11,44,9504.72740615,0.0,0.125,,0.020833333333333332,0.0,0.08333333333333333,1055.3405189930177,,,1239.081963443953,1469.5670438392774,1055.3405189930177,1121.14599834386,654.0399130732383,784.767954363693
21,raspberrypi,486.0,2023-09-18,10:25:01,Whole,107.09307776176777,,4.161020721944415,,1983.25,1773.0,1.9327466745462774,0,2,1,,0.020833333333333332,0.9791666666666666,,0.0,0.020833333333333332,0.020833333333333332,235.22850125493582,,,815.473997260076,1360.0596012352457,235.22850125493582,445.70818041020385,179.37630798991987,0.0
22,raspberrypi,496.0,2023-09-18,10:25:01,Whole,343.673881912591,0.16666666666666666,4.2840377140726495,4.031128874149275,2175.5,1442.0625,4.426771051829352,0,9,8,1.6850391485211678,0.16666666666666666,0.8333333333333334,,0.0,0.16666666666666666,0.16666666666666666,296.9078352027985,,,468.95339609041395,1703.6061864513197,296.9078352027985,310.8582558698794,0.0,157.3786609105307
23,raspberrypi,944.0,2023-09-18,10:25:01,Whole,879.0263580605214,,7.19635608248501,,2702.5,1263.0,7.19635608248501,0,1,1,,0.0,1.0,,0.0,0.0,0.0,783.3239277218732,,,549.7701125587243,2239.933855459119,783.3239277218732,689.0621609097154,285.659701299478,645.9364007171748
24,raspberrypi,17.0,2023-09-18,06:50:01,Whole,444.03707232676607,1.0,,58.66163127182088,2694.875,2697.375,,0,0,12,3.4255495948317217e-26,0.0,0.21428571428571427,,0.0,0.0,0.0,1326.539271613691,,,1806.4435800034769,1861.0966361642988,1326.539271613691,1444.6275519185933,1142.4256088201455,954.9336210215174
25,raspberrypi,524.0,2023-09-18,06:50:01,Whole,2290.8402616926037,,,,732.0,868.5,,0,0,1,,0.0,1.0,,0.0,0.0,0.0,1258.9415728285692,,,1275.1968711438374,1497.6596254380383,1258.9415728285692,1280.8016814551327,770.0595830753498,927.767740909861
26,raspberrypi,944.0,2023-09-18,06:50:01,Whole,2595.578595891286,,,,1306.0,50.5,,0,0,1,,0.0,1.0,,0.0,0.0,0.0,1493.8267834933788,,,998.1465387194876,2401.4426065248776,1493.8267834933788,1419.6700554319013,1034.2577202862979,1024.6584438728537
27,raspberrypi,110.0,2023-09-18,04:10:01,Whole,1342.9221273629,,7.120609021558016,,1073.5,1859.0,7.120609021558016,0,2,2,,0.0,1.0,,0.0,0.0,0.0,831.6529438518145,,,1348.8880947149867,629.9463680363267,831.6529438518145,972.4498237377053,568.0215276301159,690.8986333141415
28,raspberrypi,392.0,2023-09-18,04:10:01,Whole,1185.8835957095323,,6.219248918700363,,2948.75,961.5,6.219248918700363,0,1,1,,0.0,1.0,,0.0,0.0,0.0,1115.513277569364,,,652.2630709141049,2612.0169143219323,1115.513277569364,999.7736307705449,649.7897104287905,927.594601814862
29,raspberrypi,404.0,2023-09-18,04:10:01,Whole,613.5268168339728,,3.099963381492642,,2976.75,1788.5,3.099963381492642,0,1,2,,0.0,1.0,,0.0,0.0,0.0,1030.253562162525,,,1115.6666334628771,2261.6740824318103,1030.253562162525,1022.935574127888,640.7554417889926,855.479737187708
30,raspberrypi,425.0,2023-09-18,04:10:01,Whole,1618.5931705178552,,8.588902994450907,,1042.25,1146.5,8.588902994450907,0,1,1,,0.0,1.0,,0.0,0.0,0.0,867.6592610047636,,,1010.3698142587893,1274.782744257551,867.6592610047636,914.1754773342267,409.0620019774578,580.4359146943982
31,raspberrypi,485.0,2023-09-18,04:10:01,Whole,47.69944509111456,0.0,6.257181079050482,,2438.508333333333,2052.431666666667,7.118395222203924,0,5,75,0.030126756261962297,0.0,1.0,,0.0,0.0,0.0,666.3004816618834,,,1110.7386660747204,1669.0519727597828,666.3004816618834,782.2765641572724,555.6550642622209,345.59210003847534
32,raspberrypi,482.0,2023-09-17,23:20:01,Whole,674.9081139562265,,3.9585695308297066,,1820.75,2103.0,3.9585695308297066,0,1,1,,0.0125,0.9875,,0.0,0.0125,0.0125,492.19700314291185,,,1173.1730306993152,1067.6192336004774,492.19700314291185,692.007877123782,111.02576001051133,180.82213950162816
33,raspberrypi,485.0,2023-09-17,23:20:01,Whole,145.00047135797112,0.34177215189873417,3.1907489038106474,8.233500126615644,2603.9796875,2024.5859375,1.5002430622467564,0,55,80,24.034531415324206,0.0,0.6625,,0.0,0.0,0.0,779.4723353776207,,,1131.7934762861441,1835.8515315675897,779.4723353776207,857.7867761202699,572.7466772258442,477.3421877522823
34,raspberrypi,493.0,2023-09-17,23:20:01,Whole,143.8475252941529,0.9459459459459459,1.788298843523701,12.241262052283505,2402.1875,1837.717105263158,1.36762760657849,2,53,38,46.22605203879636,0.0,0.5625,,0.0,0.0,0.0,525.9611688331426,,,893.9590142009765,1706.2755377813548,525.9611688331426,611.0811248540583,332.8750424576714,277.3526109222237
35,raspberrypi,496.0,2023-09-17,23:20:01,Whole,488.9024580517487,1.0,2.624741928382949,126.93932693095988,2072.95,1902.0916666666667,1.4593109570630745,2,30,15,8781.319216390391,0.05,0.825,,0.0,0.05,0.0875,498.65329551159476,,,980.6453656753397,1395.4297270104362,498.65329551159476,625.3120974562838,272.82468760405106,230.98059177526142
36,raspberrypi,666.0,2023-09-17,23:20:01,Whole,692.8902017840886,,4.198844331417188,,2147.0,1345.75,4.198844331417188,0,1,1,,0.0125,0.9875,,0.0,0.0125,0.0125,300.5437355204523,,,372.4855707422253,1739.771322840386,300.5437355204523,302.2282856410393,32.853177371813715,121.6184761699497
37,raspberrypi,190.0,2023-09-17,19:05:01,Whole,1551.587972867664,,9.678185881302479,,2625.625,1649.375,7.8891170050498864,0,3,2,,0.0,1.0,,0.0,0.0,0.0,1457.0519783563702,,,1361.8611693253304,2304.1714758813414,1457.0519783563702,1460.068155615869,1083.276462522193,1110.9033852411133
38,raspberrypi,482.0,2023-09-17,19:05:01,Whole,709.1263544372061,,8.58703008764175,,2142.25,1938.75,8.58703008764175,0,1,1,,0.02127659574468085,0.9787234042553191,,0.0,0.02127659574468085,0.0,391.3394809746247,,,965.4841293785457,1427.41439259933,391.3394809746247,581.2054193936923,304.3206131958892,28.248162134990608
39,raspberrypi,484.0,2023-09-17,19:05:01,Whole,494.5783259996643,,4.621137042336102,,1544.75,1539.5,4.621137042336102,0,1,1,,0.02127659574468085,0.9787234042553191,,0.0,0.02127659574468085,0.0,348.7480694146946,,,792.2648140851711,1169.173808223846,348.7480694146946,501.0227043856012,270.03224785558984,122.40911210700284
40,raspberrypi,486.0,2023-09-17,19:05:01,Whole,842.0164964832244,1.0,7.565402618067474,137.93138590207158,2070.0795454545455,820.9431818181819,4.0659906748657475,0,8,33,5155.66685209541,0.14893617021276595,0.3191489361702128,,0.06382978723404255,0.14893617021276595,0.19148936170212766,893.5381708026674,,,575.89071841792,2098.8738278103965,893.5381708026674,855.3697333398026,403.1053687462612,468.2400561426551
41,raspberrypi,488.0,2023-09-17,19:05:01,Whole,585.1001606716026,0.7777777777777778,5.7966012314408255,20.427658353255147,2401.3625,1628.3375,5.7966012314408255,0,2,10,179.3141490480405,0.0,0.7872340425531915,,0.0,0.0,0.2127659574468085,471.52154050329045,,,691.4737200792875,1795.6637860357048,471.52154050329045,484.11389642093,149.11207307313134,294.4219808716779
42,raspberrypi,493.0,2023-09-17,19:05:01,Whole,1308.908680543833,0.0,9.279666405407056,,989.2,2144.9,3.784062593388934,0,7,10,2.253888300631462e-31,0.0,1.0,,0.0,0.0,0.0,1029.573777017916,,,1613.6639517773697,347.91414597243454,1029.573777017916,1184.7280866943925,686.5958422365228,880.2567816100416
43,raspberrypi,159.0,2023-09-18,09:30:01,Whole,347.8970872009005,0.0,2.9256003638061707,,1316.9260204081634,1729.9030612244899,4.752167260151385,1,22,49,0.07184106078887982,0.0,1.0,,0.0,0.0,0.0,576.7266807045454,,,1086.0091913446906,876.6171194985607,576.7266807045454,722.5853211363665,358.99479213213954,419.32674130771545
44,raspberrypi,404.0,2023-09-18,09:30:01,Whole,258.67242876431976,,0.6715120839167721,,1419.25,1649.5,0.6715120839167721,1,1,1,,0.0,1.0,,0.0,0.0,0.0,469.0565909849087,,,957.6785048683132,1003.8554894651152,469.0565909849087,617.1681943458834,312.16522199170413,289.2726973354586
45,raspberrypi,481.0,2023-09-18,09:30:01,Whole,593.8262079251873,1.0,4.770160919059056,21.311531115475045,2252.9612068965516,1744.573275862069,4.763773384361878,0,20,29,199.84915447145275,0.46551724137931033,0.5172413793103449,,0.0,0.46551724137931033,0.20689655172413793,377.0105792116237,,,776.5705815724522,1611.859083172686,377.0105792116237,481.344440467103,204.90262580764085,136.01872593140234
46,raspberrypi,666.0,2023-09-18,09:30:01,Whole,363.44039607146306,,3.3351280884426835,,1901.25,1454.75,3.3351280884426835,0,1,1,,0.017241379310344827,0.9827586206896551,,0.0,0.017241379310344827,0.0,181.30464241808502,,,531.3351343774777,1481.7268089700358,181.30464241808502,334.28078265638226,238.18302792720613,0.0
47,raspberrypi,434.0,2023-09-17,19:30:01,Whole,1492.0482181460304,,8.569135333930605,,2394.0,2409.75,8.569135333930605,0,1,1,,0.0,1.0,,0.0,0.0,0.0,910.6780461600981,,,1453.8926950707837,1557.937613052173,910.6780461600981,1056.752462600894,724.7275539031226,543.6787066070258
48,raspberrypi,470.0,2023-09-17,19:30:01,Whole,1482.4607759678006,,7.615029504964168,,700.25,755.0,7.615029504964168,0,1,1,,0.0,1.0,,0.0,0.0,0.0,1342.2540735714174,,,1307.7494640079358,1609.4769096819912,1342.2540735714174,1354.1204701577576,843.0058860037412,991.8550723712619
49,raspberrypi,482.0,2023-09-17,19:30:01,Whole,740.4922460439574,1.0,4.626179891848835,42.72064720426487,2283.6339285714284,1651.1785714285713,4.680400091745224,0,14,14,813.1317617622583,0.08860759493670886,0.8227848101265823,,0.0,0.08860759493670886,0.17721518987341772,394.1883219412056,,,700.4267586411233,1682.6629198077983,394.1883219412056,451.5109025046207,152.90704606372796,192.96938839544444
50,raspberrypi,484.0,2023-09-17,19:30:01,Whole,160.2459260667156,0.41025641025641024,5.837041123011278,4.238836369283177,2166.6803797468356,774.7262658227849,4.682713626819192,0,18,79,4.990763324322404,0.0,0.0,,1.0,0.0,1.0,712.0838560305348,,,0.0,2154.4710408189053,712.0838560305348,605.7214871285119,172.4001943396059,334.79477492289783
51,raspberrypi,485.0,2023-09-17,19:30:01,Whole,561.4901897726162,,3.701756768094273,,2337.75,1470.75,3.701756768094273,0,1,1,,0.0,0.9873417721518988,,0.0,0.0,0.012658227848101266,417.2902812386056,,,521.9522002993654,1820.7354637038648,417.2902812386056,374.6593326520091,0.0,302.4104763885969
52,raspberrypi,496.0,2023-09-17,19:30:01,Whole,744.7579460196058,,4.673104116218505,,2096.25,1675.25,4.673104116218505,0,1,1,,0.012658227848101266,0.9873417721518988,,0.0,0.012658227848101266,0.012658227848101266,246.89823086028323,,,704.078890396909,1507.3366543734712,246.89823086028323,398.2601041872626,185.27763360379356,0.0
53,raspberrypi,159.0,2023-09-17,18:45:01,Whole,755.2801743736244,,4.549443300625023,,2155.75,1232.25,4.549443300625023,0,1,1,,0.012658227848101266,0.9873417721518988,,0.0,0.012658227848101266,0.012658227848101266,354.2794755344688,,,258.8832938645491,1819.7715813019902,354.2794755344688,328.6571776806728,128.50508349822934,98.51692643123022
54,raspberrypi,190.0,2023-09-17,18:45:01,Whole,684.6020176606277,1.0,3.467748539534401,182.66140821481804,1794.625,1505.0,2.249267135665201,1,16,8,1.3867122899245094e-26,0.08860759493670886,0.8987341772151899,,0.0,0.08860759493670886,0.0379746835443038,357.0801699141397,,,714.8374828798007,1422.541281551478,357.0801699141397,490.05065403828104,210.71465009656328,47.58976258775845
55,raspberrypi,481.0,2023-09-17,18:45:01,Whole,288.60348259109367,0.9411764705882353,2.43833078802964,31.123235276102683,2291.6319444444443,1694.9097222222222,1.8419020030581676,0,26,18,861.8705031518888,0.10126582278481013,0.7974683544303798,,0.0,0.10126582278481013,0.13924050632911392,397.98025104981303,,,733.1474197859521,1670.5417517157414,397.98025104981303,468.1212337605695,151.96540647373303,204.08437582488762
56,raspberrypi,484.0,2023-09-17,18:45:01,Whole,457.27447983870326,1.0,3.0074148281621915,62.85151151722606,2231.75,1522.375,3.0074148281621915,0,2,2,,0.012658227848101266,0.9746835443037974,,0.0,0.012658227848101266,0.02531645569620253,328.963307609813,,,552.9563843580065,1703.9958702340218,328.963307609813,345.57328627965137,15.282217210365225,188.8384899314256
57,raspberrypi,485.0,2023-09-17,18:45:01,Whole,130.46668849968657,0.0,3.0645684119003938,,2340.637658227848,2093.8291139240505,2.2132801970509712,1,32,79,0.08326211021909138,0.0,1.0,,0.0,0.0,0.0,626.7757610579608,,,1133.5726647783406,1563.5678895861515,626.7757610579608,769.536657528531,529.3768545429394,278.3125397884124
58,raspberrypi,491.0,2023-09-17,18:45:01,Whole,89.42380570674536,,1.130927061814816,,2240.25,1898.25,1.130927061814816,0,1,1,,0.012658227848101266,0.9873417721518988,,0.0,0.012658227848101266,0.0,428.97538176898524,,,928.05320662232,1533.4505400227893,428.97538176898524,580.1587958997205,375.72815454405537,114.32665401128985
59,raspberrypi,683.0,2023-09-17,18:45:01,Whole,1058.3314979696322,,5.085268729657969,,1808.25,2922.5,5.085268729657969,0,1,1,,0.0,1.0,,0.0,0.0,0.0,1296.4494299456032,,,1977.9774550774175,1013.9660402152606,1296.4494299456032,1476.3083361474478,916.511562365442,969.587097815796
60,raspberrypi,987.0,2023-09-17,18:45:01,Whole,380.8367549475361,,1.4372747812638973,,2246.25,2355.75,1.4372747812638973,0,1,1,,0.0,1.0,,0.0,0.0,0.0,796.1280964693534,,,1384.9427930015515,1417.3436998461002,796.1280964693534,961.5201136952677,576.2130470115396,423.74667069517824
61,raspberrypi,109.0,2023-09-18,14:15:01,Whole,1391.329545816606,,5.836407816636583,,1650.0,2665.0,2.540843962640584,0,4,1,,0.0,1.0,,0.0,0.0,0.0,1067.9600145718882,,,1760.2487850664427,809.8482574619743,1067.9600145718882,1253.389351247387,661.9348537410244,768.0102321559231
62,raspberrypi,481.0,2023-09-18,14:15:01,Whole,508.18908082710595,1.0,5.8451072966972974,26.992740440590048,2333.7620967741937,898.7983870967741,3.1758690479148846,0,43,31,346.82771368533463,0.0,0.5633802816901409,,0.39436619718309857,0.0,0.1267605633802817,694.3209061921646,,,82.55815361642675,2179.375165537933,694.3209061921646,585.3788134393975,248.8918916286393,406.1249485292862
63,raspberrypi,482.0,2023-09-18,14:15:01,Whole,809.3934886619986,0.7368421052631579,6.387192530206026,16.736539406379233,2119.6875,583.6761363636364,4.945589155943191,0,20,22,153.25881685947704,0.0,0.6901408450704225,,0.30985915492957744,0.0,0.0,877.837127849764,,,100.02906326943271,2274.7611550226106,877.837127849764,767.5720357195074,306.6031740599327,441.17882283116694
64,raspberrypi,487.0,2023-09-18,14:15:01,Whole,905.1485927336184,1.0,5.0610081320833045,63.591177773532394,1539.625,1991.125,2.9951896849523214,0,25,9,2.3079816198466173e-28,0.0,0.8873239436619719,,0.0,0.0,0.08450704225352113,545.2964096592175,,,1174.9615492764763,878.549582544626,545.2964096592175,719.6394448107951,156.35669855318483,322.5409709967297
65,raspberrypi,488.0,2023-09-18,14:15:01,Whole,196.36567910825067,1.0,4.442137920195238,23.62225736063448,2222.2994186046512,1574.875,4.763140054661474,8,49,43,259.72201445098216,0.5352112676056338,0.39436619718309857,,0.0,0.5352112676056338,0.5915492957746479,324.0338349043303,,,605.9662791283001,1668.358026534828,324.0338349043303,371.5684791779021,64.77260173091692,175.4476716561689
66,raspberrypi,492.0,2023-09-18,14:15:01,Whole,1671.7683536989227,0.0,9.349772524491106,,3111.4821428571427,2786.7678571428573,7.277558893130981,0,12,7,0.0,0.0,1.0,,0.0,0.0,0.0,1647.2805733460734,,,2032.760235018357,2276.3914125620395,1647.2805733460734,1734.938943725123,1481.6620968364823,1312.3927643357697
67,raspberrypi,496.0,2023-09-18,14:15:01,Whole,386.7272926541433,0.8571428571428571,4.235254276747447,15.805975230594136,2050.6847826086955,1740.2554347826087,1.8983977322506875,8,39,23,73.83049709335755,0.323943661971831,0.676056338028169,,0.0,0.323943661971831,0.1267605633802817,249.71290726837336,,,775.0566973339645,1434.9579654487802,249.71290726837336,432.7070342293731,234.5368364616981,0.0
68,raspberrypi,110.0,2023-09-18,15:20:01,Whole,1572.5816324315608,,5.741082753400315,,820.5,2152.5,2.4050248698990337,0,3,1,,0.0,1.0,,0.0,0.0,0.0,1174.2817743875112,,,1734.9548844107549,251.3231726544431,1174.2817743875112,1322.9302594238002,850.9837685383536,1045.2600006647099
69,raspberrypi,159.0,2023-09-18,15:20:01,Whole,1219.518822877301,1.0,6.5517789459056734,93.63509625135225,948.375,1428.875,1.9300771552625662,0,8,3,0.0,0.0,0.9736842105263158,,0.0,0.0,0.0,896.1512173245216,,,1203.450012619977,977.7124916086856,896.1512173245216,983.8164672395691,558.0878302660714,669.8058105700419
70,raspberrypi,481.0,2023-09-18,15:20:01,Whole,722.7560586592676,0.0,7.797383789934696,,1589.375,1772.75,7.71062356317517,0,7,4,1.1874821813905043e-28,0.0,0.9473684210526315,,0.0,0.0,0.05263157894736842,377.1212418076375,,,956.2525107495392,1037.8756902493874,377.1212418076375,550.4779927665111,102.70074885914266,264.77872151321264
71,raspberrypi,484.0,2023-09-18,15:20:01,Whole,182.7163336913054,1.0,5.615544118812636,16.171327959162088,2156.4609375,1204.3984375,4.523781872807383,0,62,32,270.5495729886975,0.32894736842105265,0.5789473684210527,,0.2236842105263158,0.32894736842105265,0.42105263157894735,382.96797614849305,,,235.91599880107566,1840.778745988884,382.96797614849305,355.1858069922922,98.27791599368597,125.21175778655731
72,raspberrypi,485.0,2023-09-18,15:20:01,Whole,1027.6588739231106,,7.593789202439091,,1984.5,2343.5,6.026861953290381,0,3,1,,0.0,1.0,,0.0,0.0,0.0,719.0703191588818,,,1379.9400201486094,1160.4946338248162,719.0703191588818,908.8411154599329,399.50797421593825,368.87366311601625
73,raspberrypi,487.0,2023-09-18,15:20:01,Whole,353.31904066920583,1.0,4.766579131135662,19.353617232961906,1911.125,1580.25,2.9971837912122465,0,4,2,,0.02631578947368421,0.9736842105263158,,0.0,0.02631578947368421,0.0,182.1784398807983,,,645.9604061335871,1409.2206631418087,182.1784398807983,364.1097986328718,259.42803123335653,43.861770919217804
74,raspberrypi,488.0,2023-09-18,15:20:01,Whole,1255.8049050972438,1.0,7.144996393594672,79.1894291053647,1862.2596153846155,2217.8990384615386,9.043017341360251,0,39,26,5833.287712225831,0.0,0.6842105263157895,,0.0,0.0,0.0,981.8422264930115,,,1487.7885078833954,1231.3838697243368,981.8422264930115,1116.4552487664585,613.5903923879084,700.2507874531163
75,raspberrypi,491.0,2023-09-18,15:20:01,Whole,593.3595859536439,,2.3026198453108453,,2005.5,758.75,2.3026198453108453,0,1,1,,0.0,0.9868421052631579,,0.013157894736842105,0.0,0.013157894736842105,683.4756453325117,,,13.683633300420809,2065.9253327182655,683.4756453325117,593.2263068128284,134.3007373486729,250.67292008048656
76,raspberrypi,492.0,2023-09-18,15:20:01,Whole,1736.8920005611549,0.0,10.806777937613568,,3117.5337837837837,2781.3682432432433,9.79827811211136,0,68,37,0.01647073172064646,0.0,1.0,,0.0,0.0,0.0,1647.6864364590783,,,2030.5603761572027,2281.973180827239,1647.6864364590783,1734.5716771037382,1479.9727503617296,1313.5432102834527
77,raspberrypi,496.0,2023-09-18,15:20:01,Whole,1046.4642737860959,0.05405405405405406,7.890514508478163,4.602231471354032,1908.1016666666667,315.915,6.237276563632081,0,107,75,1.0472309446298378,0.0,0.9473684210526315,,0.0,0.0,0.0,1113.4464968459547,,,413.37402712304765,2383.338840144725,1113.4464968459547,1009.3058727604548,585.7702198280539,655.8380589108201
78,raspberrypi,542.0,2023-09-18,15:20:01,Whole,446.8430667660071,,2.59036199996622,,1852.25,1008.75,1.5833776924796912,0,2,1,,0.013157894736842105,0.9868421052631579,,0.0,0.013157894736842105,0.013157894736842105,434.83954402794285,,,206.64373918119685,1774.2957380257303,434.83954402794285,418.85874288051474,49.06459287143444,0.0
79,raspberrypi,17.0,2023-09-18,14:55:01,Whole,676.4598823690528,,5.454554061343161,,2077.25,2392.75,5.454554061343161,0,1,2,,0.0,1.0,,0.0,0.0,0.0,895.8118508987742,,,1442.0880235151924,1332.8687367025277,895.8118508987742,1038.6467950350243,636.7756843252798,599.9064393483133
80,raspberrypi,159.0,2023-09-18,14:55:01,Whole,699.8244520005841,0.5714285714285714,6.112575933733099,10.253966143663796,1559.7416666666666,1445.9583333333333,10.569728219772779,0,19,15,62.67189310700116,0.20833333333333334,0.7916666666666666,,0.0,0.20833333333333334,0.20833333333333334,334.9471303769734,,,712.8411302821754,1250.1444766520967,334.9471303769734,472.75576087675364,177.23255884507608,64.01049559493714
81,raspberrypi,190.0,2023-09-18,14:55:01,Whole,977.1586639270397,,7.208320115537649,,1469.375,2539.5,6.434071436455653,0,4,2,,0.0,1.0,,0.0,0.0,0.0,1009.9849578339007,,,1698.888060993395,626.2469919814534,1009.9849578339007,1193.6946581979364,586.5194085486816,726.4904390741733
82,raspberrypi,404.0,2023-09-18,14:55:01,Whole,1107.709402656136,,12.285166619439897,,1067.25,1569.5,12.285166619439897,0,1,1,,0.0,1.0,,0.0,0.0,0.0,778.1326516224477,,,1170.6784607913678,884.3312495270259,778.1326516224477,888.681835353034,530.2729278221201,570.2767683129911
83,raspberrypi,470.0,2023-09-18,14:55:01,Whole,1184.2836611233167,,4.435473086777791,,1050.75,1375.25,4.20223666359001,0,2,1,,0.0,1.0,,0.0,0.0,0.0,801.6767613694107,,,1086.1490505891823,1059.330302515516,801.6767613694107,883.8232895047497,442.87310236866614,564.0328023298763
84,raspberrypi,481.0,2023-09-18,14:55:01,Whole,443.3460241138432,1.0,4.816699381640428,10.836758059251425,1701.671052631579,1800.1315789473683,4.059202161045682,0,22,19,117.78009505956366,0.2638888888888889,0.7361111111111112,,0.0,0.2638888888888889,0.2638888888888889,319.1829797892078,,,927.8542929743353,1109.7048862550705,319.1829797892078,504.5238220809241,21.58448984571062,149.81351254755873
85,raspberrypi,482.0,2023-09-18,14:55:01,Whole,680.3153204748392,0.5714285714285714,5.079437512710116,14.021894250254757,1486.35,2004.625,3.347765668360003,0,11,10,102.05969604484552,0.0,0.8611111111111112,,0.0,0.0,0.1388888888888889,574.3309105536904,,,1208.8446987289947,816.6603122220858,574.3309105536904,746.4455390318666,181.22426105163248,371.69553455866003
86,raspberrypi,484.0,2023-09-18,14:55:01,Whole,480.71153894082335,1.0,5.43962343151272,38.24315382313652,2288.0763888888887,1377.5416666666667,3.873502653455977,0,23,18,1042.631099793426,0.06944444444444445,0.75,,0.0,0.06944444444444445,0.25,401.01836199271196,,,422.3922473470283,1833.8417421092918,401.01836199271196,353.79694588634044,0.0,239.8326315713664
87,raspberrypi,486.0,2023-09-18,14:55:01,Whole,455.033213231474,1.0,4.499142092159722,30.650222982928522,1963.654761904762,1421.5059523809523,2.383369041911694,2,19,21,1211.2430129965899,0.2916666666666667,0.7083333333333334,,0.0,0.2916666666666667,0.125,222.34342609864015,,,480.8891033913776,1554.8842563290139,222.34342609864015,340.43622154240956,200.32018434454557,0.0
88,raspberrypi,487.0,2023-09-18,14:55:01,Whole,1279.332041088964,1.0,5.161592522365352,134.34322298687047,1843.625,596.375,5.13857585363664,0,5,5,0.0,0.0,0.9444444444444444,,0.027777777777777776,0.0,0.013888888888888888,850.9841396709965,,,242.17951404484876,2116.6264112368453,850.9841396709965,765.9746227577058,328.7164602666904,369.16427198872674
89,raspberrypi,492.0,2023-09-18,14:55:01,Whole,1360.257801503803,0.0,9.56100877850853,,3109.943181818182,2789.151515151515,8.849380597264384,0,40,33,0.0017762804244077128,0.0,1.0,,0.0,0.0,0.0,1647.9016471902016,,,2034.233583308998,2275.060159964154,1647.9016471902016,1735.8113943364037,1483.0956041371694,1312.6999082089642
90,raspberrypi,494.0,2023-09-18,14:55:01,Whole,321.2082240631588,0.8461538461538461,4.4131564588309855,31.902127498710794,1960.1583333333333,1572.8583333333333,5.13857585363664,2,17,15,689.4241111918082,0.20833333333333334,0.7916666666666666,,0.0,0.20833333333333334,0.06944444444444445,190.7159477361985,,,626.7155305585475,1452.8640685813555,190.7159477361985,355.6891307754825,204.31590434820447,40.06562622862104
91,raspberrypi,525.0,2023-09-18,14:55:01,Whole,801.2470199416985,,7.091069048453445,,2707.0,1262.5,6.02927342721428,0,2,1,,0.0,1.0,,0.0,0.0,0.0,787.536054717016,,,552.961994183941,2244.002908142093,787.536054717016,693.3153219087075,290.0320867137067,650.4114515142799
92,raspberrypi,944.0,2023-09-18,14:55:01,Whole,1335.447087401884,,8.88757747352072,,2469.5,537.0,5.686593888391059,0,2,1,,0.0,1.0,,0.0,0.0,0.0,1054.9409425900135,,,271.6267841671813,2532.8795352514103,1054.9409425900135,924.4219801512979,547.2169480687496,712.2160000409579
93,raspberrypi,127.0,2023-09-17,17:45:01,Whole,793.5936775586083,,6.640996771632383,,2294.0,2399.75,5.426454770155098,0,2,1,,0.0,1.0,,0.0,0.0,0.0,855.4941975923895,,,1432.2701419181885,1459.438586541044,855.4941975923895,1014.6445578074693,641.1302825266268,484.030959848294
94,raspberrypi,374.0,2023-09-17,17:45:01,Whole,426.54845460390266,,3.524389753103666,,1881.5,1255.5,1.8833265164052126,0,4,1,,0.0125,0.9875,,0.0,0.0125,0.0125,245.0071459093451,,,362.6013818521922,1606.0546699188558,245.0071459093451,333.13819735745346,178.8037735600326,0.0
95,raspberrypi,392.0,2023-09-17,17:45:01,Whole,626.2666764445528,,4.543914282082098,,2381.375,2013.0,4.477550973604572,0,5,2,,0.0125,0.9875,,0.0,0.0125,0.0125,676.5669874902607,,,1130.7867207058334,1628.5908785653278,676.5669874902607,803.3768275887887,398.5341332798954,382.700848362716
96,raspberrypi,425.0,2023-09-17,17:45:01,Whole,875.1870382366786,,6.874432331143344,,2800.75,1979.5,6.35694469478998,0,2,1,,0.0,1.0,,0.0,0.0,0.0,926.3389437779718,,,1172.8684970920137,2037.4840050137823,926.3389437779718,967.7057446258817,635.0207080722332,680.15316442264
97,raspberrypi,481.0,2023-09-17,17:45:01,Whole,732.188315642476,,4.430699736223476,,1266.25,1516.25,2.8270590876849653,0,2,1,,0.0,1.0,,0.0,0.0,0.0,589.9680427650356,,,978.5091197066599,1022.95264575888,589.9680427650356,704.6147150214381,351.2194184991189,364.27556725730994
98,raspberrypi,482.0,2023-09-17,17:45:01,Whole,171.00848576480735,1.0,3.8373651479272475,50.57452022764037,1851.9895833333333,1708.2708333333333,4.439122937055106,0,22,12,282.5832611044393,0.15,0.85,,0.0,0.15,0.1,245.11681977837293,,,792.6140962972963,1287.8027658678795,245.11681977837293,434.40046736725355,142.66591508502609,40.028138593263876
99,raspberrypi,485.0,2023-09-17,17:45:01,Whole,598.8442954433629,0.9661016949152542,5.495663513364142,21.65592034737022,2539.905737704918,1761.8831967213114,5.091831196315203,0,114,61,268.21065559186906,0.0,0.275,,0.0,0.0,0.0625,645.1325996570516,,,877.1003887743103,1868.217429041923,645.1325996570516,680.2739649653613,377.90130824435187,479.49255182895996
100,raspberrypi,488.0,2023-09-17,17:45:01,Whole,819.2125595296359,0.547945205479452,6.036544311690009,49.20412705426319,1347.4324324324325,2155.429054054054,6.108644301280347,0,128,74,984.832779537198,0.0,0.5,,0.0,0.0,0.0,785.6247657179904,,,1420.243381775548,637.1814896080086,785.6247657179904,956.1701737443451,340.6878494521505,510.0264662384781
101,raspberrypi,491.0,2023-09-17,17:45:01,Whole,834.9663381427443,0.34615384615384615,5.712523602177104,6.349255109484038,2248.625,878.7430555555555,5.363664998164489,0,101,54,20.41647279004344,0.0,0.325,,0.675,0.0,0.675,657.8047575013986,,,0.0,2132.074946370892,657.8047575013986,551.7042510507563,164.56182041123594,327.3694222493076
102,raspberrypi,494.0,2023-09-17,17:45:01,Whole,193.90827047749832,,3.793206056586919,,1788.5,1680.75,2.8270590876849653,0,2,1,,0.0125,0.9875,,0.0,0.0125,0.0125,230.42805502170685,,,783.3419086369208,1250.7020523863685,230.42805502170685,427.56513838218444,133.43392206521457,112.204736348234
103,raspberrypi,495.0,2023-09-17,17:45:01,Whole,226.67826308307852,,3.9266016106782757,,1767.0,1741.5,2.759551069093245,0,2,1,,0.0125,0.9875,,0.0,0.0125,0.0125,259.9687948742859,,,847.6535757515312,1196.955338336622,259.9687948742859,456.95216518014485,69.71622143907305,131.7774322570661
104,raspberrypi,524.0,2023-09-17,17:45:01,Whole,1463.9250166540776,,8.630565423773282,,1133.0,477.5,6.112145236072311,0,3,1,,0.0,1.0,,0.0,0.0,0.0,1207.6033441729505,,,929.9023772998073,1944.9888460775937,1207.6033441729505,1171.656122215787,699.9694087328979,769.1710186894807
105,raspberrypi,896.0,2023-09-17,17:45:01,Whole,743.3284708939683,,4.965990097684916,,2237.75,2368.0,3.307646066934598,0,3,1,,0.0,1.0,,0.0,0.0,0.0,803.9795075582286,,,1396.7087864832317,1407.2990043586117,803.9795075582286,970.3448621948849,578.1038173794168,431.58564261278485
106,raspberrypi,163.0,2023-09-17,21:20:01,Whole,576.1324944066067,,3.9262194471720595,,2081.25,2075.0,3.9262194471720595,0,1,1,,0.013333333333333334,0.9866666666666667,,0.0,0.013333333333333334,0.0,478.3141100026631,,,1103.9505413907482,1321.6186870828506,478.3141100026631,677.2375792917594,280.52500315878285,103.23269823209866
107,raspberrypi,374.0,2023-09-17,21:20:01,Whole,812.7344978538831,,2.632211312956637,,1835.0,2037.75,0.09921509960505774,1,2,1,,0.013333333333333334,0.9866666666666667,,0.0,0.013333333333333334,0.013333333333333334,428.5417716637306,,,1106.447544399966,1106.1494824548436,428.5417716637306,632.3377310772638,60.98598885305984,114.08608646302736
108,raspberrypi,384.0,2023-09-17,21:20:01,Whole,569.4227564136415,,2.6134520206480807,,2081.875,2041.125,2.6125901282263198,0,3,2,,0.02666666666666667,0.9733333333333334,,0.0,0.02666666666666667,0.0,447.81194679823415,,,1070.1114212524462,1333.8334063219172,447.81194679823415,649.3550406764322,268.3276167120128,70.78281768238718
109,raspberrypi,485.0,2023-09-17,21:20:01,Whole,189.11957136407972,0.0,4.123027143035345,,2831.4155405405404,1947.5574324324325,5.078034325631378,0,21,74,0.048550972202926514,0.0,1.0,,0.0,0.0,0.0,941.2687819193194,,,1160.5295722196736,2075.6380826101404,941.2687819193194,973.6883749914875,630.2730890616101,707.3519846028667
110,raspberrypi,486.0,2023-09-17,21:20:01,Whole,803.254509503498,1.0,2.309370429629316,3.6879206866117884,1844.09375,2032.75,5.079637169263436,1,15,12,2.473251204069487e-05,0.16,0.84,,0.0,0.16,0.16,422.24695659412436,,,1099.3976668314065,1116.5925875254206,422.24695659412436,627.3970836116677,67.18494167125375,105.96774006385189
111,raspberrypi,487.0,2023-09-17,21:20:01,Whole,381.3695187432131,1.0,2.6041070222449436,56.041918824883496,2452.8333333333335,1616.0833333333333,2.5364511562987415,0,3,3,623.7941688503385,0.0,0.96,,0.0,0.0,0.04,515.6022046826772,,,697.0183485846218,1846.6087587419897,515.6022046826772,514.5528225359785,139.39847373953612,361.350079255427
112,raspberrypi,488.0,2023-09-17,21:20:01,Whole,616.6062791074081,1.0,3.360727561242823,9.64689069078737,2138.625,1588.5,3.3491732721228606,0,3,2,,0.02666666666666667,0.9733333333333334,,0.0,0.02666666666666667,0.02666666666666667,262.4016020592256,,,615.3743561338997,1589.6228985568891,262.4016020592256,357.5571848591466,88.92622098733338,74.18889128811823
113,raspberrypi,494.0,2023-09-17,21:20:01,Whole,350.65838569030234,,,,2293.75,1906.0,,0,0,1,,0.013333333333333334,0.9866666666666667,,0.0,0.013333333333333334,0.0,472.1542610957712,,,941.1550273221735,1579.9578562204215,472.1542610957712,606.1927851640905,388.14611185762016,168.2345823055328
114,raspberrypi,425.0,2023-09-18,08:00:01,Whole,1239.933649395868,,8.252276973314943,,1045.0,1145.5,8.252276973314943,0,1,1,,0.0,1.0,,0.0,0.0,0.0,865.5499412459973,,,1007.4499990013867,1276.5066992604272,865.5499412459973,911.8486701614025,406.3469532980237,577.6965957847874
115,raspberrypi,485.0,2023-09-18,08:00:01,Whole,552.46864132891,1.0,6.701659071073098,89.10212388820554,2432.2734375,1872.5,6.701659071073098,0,2,16,4015.0041568449806,0.03225806451612903,0.5161290322580645,,0.0,0.03225806451612903,0.12903225806451613,628.8447178590859,,,959.1805607621903,1729.2641483615143,628.8447178590859,695.2015168090278,316.8760932609989,406.72317451518046
116,raspberrypi,486.0,2023-09-18,08:00:01,Whole,460.15310137933704,1.0,5.151041168831252,38.302350065304886,2156.703125,961.84375,5.151041168831252,0,1,16,294.93063277066005,0.22580645161290322,0.4838709677419355,,0.3870967741935484,0.22580645161290322,0.41935483870967744,556.8736210447379,,,77.5691963063289,2012.3516529464532,556.8736210447379,479.07988569386526,131.54323824937228,208.39695379519773
117,raspberrypi,17.0,2023-09-18,16:10:01,Whole,716.8144435538595,,5.3212155205617435,,2784.375,1600.125,3.620912102159276,0,3,2,,0.0,1.0,,0.0,0.0,0.0,1036.2097990381753,,,951.8925933476304,2237.0978990906533,1036.2097990381753,1015.2131213261795,719.3009424575982,771.2642311278339
118,raspberrypi,348.0,2023-09-18,16:10:01,Whole,1350.6032396092432,,6.224573650695771,,1865.5,1199.25,1.9834905145321258,0,2,1,,0.013513513513513514,0.9864864864864865,,0.0,0.013513513513513514,0.013513513513513514,282.375595002265,,,325.7693790217214,1636.5802698897985,282.375595002265,345.56900615645253,138.56559914631043,0.0
119,raspberrypi,425.0,2023-09-18,16:10:01,Whole,1545.291951932451,,7.308978221404911,,1910.25,1202.0,8.235234534856538,0,3,2,,0.0,1.0,,0.0,0.0,0.0,858.7546957565404,,,782.4997958691283,1741.1885801240119,858.7546957565404,842.5695650224746,447.98410192083725,642.0758634727715
120,raspberrypi,434.0,2023-09-18,16:10:01,Whole,898.3477703150958,,4.839284991889524,,2091.25,1604.0,1.5626811318138996,0,2,1,,0.013513513513513514,0.9864864864864865,,0.0,0.013513513513513514,0.013513513513513514,234.84881675570983,,,633.4354644771377,1541.5445605039054,234.84881675570983,361.21754840378935,128.423447213617,31.270402726130172
121,raspberrypi,441.0,2023-09-18,16:10:01,Whole,2423.1536140067647,,12.645600266505697,,725.75,870.5,9.418591053724247,0,2,1,,0.0,1.0,,0.0,0.0,0.0,1263.440122989685,,,1281.509535354953,1495.3026022169915,1263.440122989685,1285.7225615314558,775.2824678036578,933.3043808813193
122,raspberrypi,481.0,2023-09-18,16:10:01,Whole,952.3613901838107,1.0,3.1021435665278627,32.12729491307648,2104.1458333333335,1528.7708333333333,1.4987314423155735,5,21,12,215.87434926423646,0.16216216216216217,0.8378378378378378,,0.0,0.16216216216216217,0.16216216216216217,257.89056086417173,,,558.1852001368981,1597.461337143992,257.89056086417173,339.26237917821277,34.150991403435604,95.47709492088819
123,raspberrypi,484.0,2023-09-18,16:10:01,Whole,741.4870175441973,1.0,3.179692267349859,24.619604878405806,2308.3973214285716,1631.111607142857,7.117731717512239,2,36,28,283.34348725801743,0.17567567567567569,0.6216216216216216,,0.0,0.17567567567567569,0.35135135135135137,395.29795182388824,,,674.1124949302852,1713.1212205417194,395.29795182388824,436.77589155391036,119.4111178339069,196.2127311471749
124,raspberrypi,492.0,2023-09-18,16:10:01,Whole,676.4081367610746,0.0,9.086942059657998,,3136.545608108108,2777.989864864865,7.418817483097121,0,58,74,0.07412712718419152,0.0,1.0,,0.0,0.0,0.0,1658.689943192023,,,2035.9711110477601,2300.648969960636,1658.689943192023,1743.900011044283,1486.5044683797921,1326.1586209097177
125,raspberrypi,621.0,2023-09-18,16:10:01,Whole,945.2635376327012,1.0,3.0918004345061094,7.460893166562635,2111.5555555555557,1523.4166666666667,0.3631802967599935,7,16,9,6.690918683328818,0.12162162162162163,0.8783783783783784,,0.0,0.12162162162162163,0.12162162162162163,250.48312619496528,,,551.7144417794766,1605.477388712657,250.48312619496528,333.3193444483613,42.79009583946352,91.32780198858855
126,raspberrypi,944.0,2023-09-18,16:10:01,Whole,632.878048363631,,7.9414850858211965,,2121.75,2044.75,6.464379117918146,0,2,1,,0.013513513513513514,0.9864864864864865,,0.0,0.013513513513513514,0.0,466.6697842383324,,,1071.9033148737208,1369.8559406600762,466.6697842383324,660.0968953524343,306.1998583050665,89.59788969136899
127,raspberrypi,968.0,2023-09-18,16:10:01,Whole,946.9662002534876,,8.370368815042532,,2225.5,1437.0,8.370368815042532,0,1,1,,0.0,0.9864864864864865,,0.0,0.0,0.013513513513513514,333.2501171111571,,,467.37394841285453,1746.9109962379857,333.2501171111571,319.6960782582352,0.0,207.04316186979645
128,raspberrypi,17.0,2023-09-17,22:45:01,Whole,1602.8737573573264,,9.219314792431774,,2498.25,2953.0,9.219314792431774,0,1,1,,0.0,1.0,,0.0,0.0,0.0,1441.5624873575816,,,2006.6968662757747,1691.794714257018,1441.5624873575816,1585.1627413855538,1191.280545096704,1071.9040766460353
129,raspberrypi,37.0,2023-09-17,22:45:01,Whole,260.3401799521555,,,,2557.75,1126.5,,0,0,1,,0.0,1.0,,0.0,0.0,0.0,709.0675871056136,,,351.61265416271107,2198.490956443961,709.0675871056136,600.5182491603442,250.71680201822406,509.60661491592657
130,raspberrypi,159.0,2023-09-17,22:45:01,Whole,220.47546777861638,1.0,,37.55743970504703,2247.9583333333335,1226.3333333333333,,0,0,6,31.293195168862574,0.3,0.4,,0.0,0.3,0.6,420.90156684397135,,,264.85922296373775,1893.7398956428597,420.90156684397135,359.5595231918684,104.2937632260903,197.4206564563076
131,raspberrypi,485.0,2023-09-17,22:45:01,Whole,362.99915344071906,1.0,9.219314792431774,92.63807262675536,2718.25,1143.75,9.219314792431774,0,1,3,,0.0,0.9,,0.0,0.0,0.0,839.2697880670979,,,499.0677970801107,2319.405586120052,839.2697880670979,733.439264148501,411.95517282164576,709.1711953411493
132,raspberrypi,115.0,2023-09-18,11:40:01,Whole,496.3221683360033,,3.9568481466979906,,1042.0,1146.0,2.8797735352393534,0,2,1,,0.0,1.0,,0.0,0.0,0.0,868.0649278496783,,,1010.4704295519034,1275.1940642546624,868.0649278496783,914.5114941219257,409.32828355496,580.6909931801172
133,raspberrypi,482.0,2023-09-18,11:40:01,Whole,628.5205416196324,1.0,4.706061025069019,71.93467537705686,2009.6,1564.55,3.7330206164017006,0,11,5,1517.2599675961733,0.06493506493506493,0.935064935064935,,0.0,0.06493506493506493,0.05194805194805195,201.37893877672553,,,606.7363032921787,1497.2965548996474,201.37893877672553,347.1068732552987,158.10676689392483,48.04495356990081
134,raspberrypi,486.0,2023-09-18,11:40:01,Whole,625.2932896106562,1.0,5.269477295960942,31.354526794659357,1678.8068181818182,657.1672077922078,5.819226631589233,2,128,77,1016.6908716877354,0.0,0.0,,0.42857142857142855,0.0,0.1038961038961039,865.557173765087,,,388.4635925670439,1988.5876121193326,865.557173765087,802.1238479748138,321.75515400369073,399.74378357007043
135,raspberrypi,493.0,2023-09-18,11:40:01,Whole,514.0617249464065,0.7746478873239436,5.1000274508472545,14.250533613006185,1346.4461805555557,1618.7152777777778,5.379780269282825,0,124,72,191.38257336805154,0.0,0.22077922077922077,,0.0,0.0,0.1038961038961039,536.4025555974074,,,991.9961587245357,987.7170251208331,536.4025555974074,670.5456832289744,389.61073400051407,340.1812920229111
136,raspberrypi,496.0,2023-09-18,11:40:01,Whole,901.9090703029209,1.0,5.136911266031009,152.2387007306386,1559.2005208333333,1221.9609375,3.7496199856468917,2,95,48,7378.676955399211,0.025974025974025976,0.4025974025974026,,0.06493506493506493,0.025974025974025976,0.03896103896103896,959.7564245941139,,,944.5801252214633,1541.9716243182284,959.7564245941139,973.7725110879913,601.7522415293981,723.6902290963448
137,raspberrypi,524.0,2023-09-18,11:40:01,Whole,855.4828081414929,,5.869539651203329,,731.0,869.0,3.786917126567267,0,4,1,,0.0,1.0,,0.0,0.0,0.0,1259.5761160091927,,,1276.212627654386,1497.1013408295962,1259.5761160091927,1281.5224424349713,770.8336631528301,928.6069458835561
138,raspberrypi,683.0,2023-09-18,11:40:01,Whole,1118.8113663349548,,6.7547918811392815,,2473.5,538.0,3.8334547029430643,0,4,1,,0.0,1.0,,0.0,0.0,0.0,1056.1496115934067,,,273.91768732111046,2534.8178523229594,1056.1496115934067,925.5320886798702,549.3455451952983,714.4546965728057
139,raspberrypi,404.0,2023-09-18,02:20:01,Whole,946.4419285180235,,5.045067150346362,,2976.0,1788.875,3.0227263210565094,0,4,2,,0.0,1.0,,0.0,0.0,0.0,1029.6192561925004,,,1115.4674730247416,2260.843705110147,1029.6192561925004,1022.4097142691629,640.3088923558996,854.695110384542
140,raspberrypi,485.0,2023-09-18,02:20:01,Whole,397.00205451715334,0.0,3.6624710377574243,,2517.6487341772154,2152.5696202531644,4.30229923831603,0,78,79,0.09476332868514947,0.0,1.0,,0.0,0.0,0.0,788.5028339443246,,,1227.0763648032332,1720.7855380669057,788.5028339443246,899.6158534441065,668.7008024583862,460.07831591906955
141,raspberrypi,493.0,2023-09-18,02:20:01,Whole,436.3127056742382,0.0,5.684811867047277,,1691.3207236842106,2259.9736842105262,4.302401962291391,0,78,76,0.046471840964924696,0.0,1.0,,0.0,0.0,0.0,673.6223777031321,,,1360.3086692954512,893.6605491300131,673.6223777031321,863.6525964136993,254.946035716496,374.05608922115346
142,raspberrypi,366.0,2023-09-18,09:45:01,Whole,95.74350530286205,,1.9838694734854874,,2081.5,1685.5,1.8482303629388588,0,2,1,,0.012987012987012988,0.987012987012987,,0.0,0.012987012987012988,0.0,242.77687823720066,,,715.4724765982842,1489.4032749564362,242.77687823720066,402.4074830685022,201.42493765114648,0.0
143,raspberrypi,430.0,2023-09-18,09:45:01,Whole,754.6538955510605,,4.255476405937469,,2701.0,1262.25,3.1639809199488482,0,2,1,,0.0,1.0,,0.0,0.0,0.0,782.1851828645376,,,548.1322688403238,2239.0690327812117,782.1851828645376,687.7966920791375,284.54048751318385,644.4062454839301
144,raspberrypi,470.0,2023-09-18,09:45:01,Whole,1755.9816308178008,,10.00803522513317,,698.25,756.75,10.00803522513317,0,1,1,,0.0,1.0,,0.0,0.0,0.0,1343.0264063346433,,,1309.667796888422,1607.6524584751342,1343.0264063346433,1355.1357968712155,844.0624799641445,993.1485377881327
145,raspberrypi,482.0,2023-09-18,09:45:01,Whole,486.5992946981698,1.0,4.3275712435831375,13.029205811623077,1717.0,1519.25,3.4996490846143984,0,10,8,2.837637857534009e-26,0.1038961038961039,0.8961038961038961,,0.0,0.1038961038961039,0.0,229.5655581896117,,,673.508964908728,1302.7069048241337,229.5655581896117,406.31835349200895,279.03611791511315,22.215593481265934
146,raspberrypi,493.0,2023-09-18,09:45:01,Whole,341.7994649571924,0.7866666666666666,5.923237267977707,14.78875711643274,2186.0082236842104,2098.065789473684,6.405283911900894,0,41,76,228.57290206725096,0.5584415584415584,0.012987012987012988,,0.0,0.5584415584415584,0.0,543.0518930169417,,,1126.295939767365,1416.2229715748454,543.0518930169417,722.1500154606235,337.8089939586298,115.17259668889294
147,raspberrypi,494.0,2023-09-18,09:45:01,Whole,816.951443723172,0.7407407407407407,4.727869971670468,19.07980415321034,2216.285714285714,952.0178571428571,6.445274852372872,0,29,28,360.35326667232164,0.0,0.6363636363636364,,0.33766233766233766,0.0,0.35064935064935066,586.9622216575018,,,30.738728073656382,2058.4055227492104,586.9622216575018,490.6048693196264,103.68844473777472,263.18031776445554
148,raspberrypi,524.0,2023-09-18,09:45:01,Whole,1668.9291153014556,,9.523230783384683,,728.0,869.0,9.523230783384683,0,1,1,,0.0,1.0,,0.0,0.0,0.0,1262.1825383255698,,,1279.211022931771,1496.9273290311116,1262.1825383255698,1284.2333801640866,773.6605592044735,931.5080383247875
149,raspberrypi,653.0,2023-09-18,09:45:01,Whole,1204.3787989105863,,6.147845374481415,,1789.5,2916.75,4.938459595657296,0,2,1,,0.0,1.0,,0.0,0.0,0.0,1292.3413915123351,,,1975.4703351053356,994.3556457113223,1292.3413915123351,1472.6707132370245,909.6699776286744,968.1536676198167
150,raspberrypi,987.0,2023-09-18,09:45:01,Whole,591.3407977137466,,,,2230.25,2347.5,,0,0,1,,0.0,1.0,,0.0,0.0,0.0,782.3442142430022,,,1375.8612195543335,1402.6426357494088,782.3442142430022,949.8661610389803,558.7712660599877,409.78267172612505
151,raspberrypi,110.0,2023-09-18,10:45:01,Whole,855.4765758347035,,4.756965581859538,,1068.75,1860.5,4.057684670561552,0,2,1,,0.0,1.0,,0.0,0.0,0.0,836.3951861567556,,,1353.359271383985,626.1807848707674,836.3951861567556,977.0585511236961,572.6494198120665,695.6298916695871
152,raspberrypi,482.0,2023-09-18,10:45:01,Whole,658.0856438276788,1.0,4.705786568741745,12.042251189243427,1530.6805555555557,1079.7777777777778,3.082572640261573,0,18,9,17.636064566581695,0.11688311688311688,0.8831168831168831,,0.0,0.11688311688311688,0.1038961038961039,518.9572104645853,,,537.0432120087428,1535.2077693947658,518.9572104645853,538.6982836645311,23.46366243809426,114.62252259124074
153,raspberrypi,485.0,2023-09-18,10:45:01,Whole,841.4977364469682,1.0,7.110711630603889,25.37637757375007,2093.1330645161293,859.7379032258065,7.253680394651917,0,76,62,196.44437239393807,0.2727272727272727,0.19480519480519481,,0.5844155844155844,0.2727272727272727,0.4935064935064935,671.1166727899544,,,128.64759994846813,2053.0030052703664,671.1166727899544,587.1772491526569,171.64345904616414,323.6483661631349
154,raspberrypi,493.0,2023-09-18,10:45:01,Whole,634.4582633845012,0.21052631578947367,4.58240435435464,14.931716868683813,1760.3133116883116,2241.99512987013,7.2222874415565,2,77,77,73.80559826311112,0.0,0.7922077922077922,,0.0,0.0,0.0,637.4411927918219,,,1323.3201932177208,964.9320990987009,637.4411927918219,830.5771114735692,233.6332975625718,332.00429508553617
155,raspberrypi,638.0,2023-09-18,10:45:01,Whole,1423.9460464034803,,6.637019731040089,,3108.75,2358.0,6.637019731040089,0,1,1,,0.0,1.0,,0.0,0.0,0.0,1372.9361482051952,,,1655.3484197380621,2274.4332469896435,1372.9361482051952,1429.6252191829299,1122.981315545539,1081.639736189453
156,raspberrypi,653.0,2023-09-18,10:45:01,Whole,1375.7079177231933,,7.365565531575834,,1784.0,2993.0,3.883998476112418,0,2,1,,0.0,1.0,,0.0,0.0,0.0,1368.4979594348563,,,2051.5353090421354,1012.8118923800625,1368.4979594348563,1547.7984781641667,985.5923444082362,1043.6720775303363
157,raspberrypi,683.0,2023-09-18,10:45:01,Whole,944.6380257664555,,6.12409690948764,,2490.75,2350.5,3.832782065414959,0,2,1,,0.0,1.0,,0.0,0.0,0.0,915.3029531042855,,,1413.0324762278956,1660.5072723009562,915.3029531042855,1045.4669085420558,771.9897785667815,559.461152066551
158,raspberrypi,734.0,2023-09-18,10:45:01,Whole,629.3213066744431,,3.603300012014216,,1766.75,2238.5,0.057527842262546994,2,4,2,,0.0,1.0,,0.0,0.0,0.0,632.1905373960124,,,1318.0586061108845,972.0808109262758,632.1905373960124,825.7038228244561,231.30901495365424,325.92612214743184
159,raspberrypi,190.0,2023-09-17,23:40:01,Whole,1793.2951627900354,,9.646805393570924,,1337.75,562.0,9.646805393570924,0,1,1,,0.0,1.0,,0.0,0.0,0.0,1023.5343777636871,,,709.0221276992779,1921.7347756871231,1023.5343777636871,980.8197150536311,533.5978532176706,569.2215014054923
160,raspberrypi,485.0,2023-09-17,23:40:01,Whole,82.8142798555158,0.18181818181818182,5.633492771779309,4.617298036010382,2429.1458333333335,2074.8701923076924,3.82359918812225,0,13,78,3.255584600369162,0.0,0.8205128205128205,,0.0,0.0,0.0,674.0178314695958,,,1130.6892313662313,1653.9093960504267,674.0178314695958,794.7728409285459,574.7250868306658,352.8989267333007
161,raspberrypi,486.0,2023-09-17,23:40:01,Whole,660.0853266158947,,3.82359918812225,,2162.25,1385.25,3.82359918812225,0,1,1,,0.01282051282051282,0.9871794871794872,,0.0,0.01282051282051282,0.01282051282051282,299.2591312688522,,,411.89901890841355,1727.1370438707017,299.2591312688522,300.5782154872958,0.0,149.05656239322974
162,raspberrypi,493.0,2023-09-17,23:40:01,Whole,662.6135376959134,1.0,3.5657727790350444,225.62124127064476,2555.9875,1588.625,3.1551252706260486,0,10,10,20291.871449992577,0.0,0.8974358974358975,,0.0,0.0,0.0,830.8728063121814,,,861.5152515964394,2003.7684800986704,830.8728063121814,832.2678928345429,448.47552056791847,621.6526565379952
163,raspberrypi,665.0,2023-09-17,23:40:01,Whole,1027.0762954670483,,5.497793726389014,,1408.25,1800.75,5.497793726389014,0,1,1,,0.0,1.0,,0.0,0.0,0.0,524.5820635890261,,,1081.3230613330368,885.1921942882589,524.5820635890261,683.1678693474212,248.55701809292296,407.4958523936509
164,raspberrypi,106.0,2023-09-17,22:50:01,Whole,1097.7633700794083,,5.921859530918448,,2465.5,2134.0,5.921859530918448,0,1,1,,0.0,1.0,,0.0,0.0,0.0,739.0691962448711,,,1196.2938070359749,1674.2101677313701,739.0691962448711,858.3605217718447,640.2777160508632,405.551581318598
165,raspberrypi,145.0,2023-09-17,22:50:01,Whole,1450.6701795821268,,7.83641446407922,,1047.5,1144.25,7.83641446407922,0,1,1,,0.0,1.0,,0.0,0.0,0.0,863.760173257025,,,1004.7006340806149,1278.4044899261748,863.760173257025,909.8084103518689,403.8932836427912,575.2118186966638
166,raspberrypi,379.0,2023-09-17,22:50:01,Whole,981.6890336648003,,5.430649550546947,,1522.25,1174.75,5.430649550546947,0,1,1,,0.013333333333333334,0.9866666666666667,,0.0,0.013333333333333334,0.013333333333333334,452.2928637343062,,,575.4284431665958,1448.066964595458,452.2928637343062,498.40276623159696,0.0,101.13382087334395
167,raspberrypi,425.0,2023-09-17,22:50:01,Whole,1700.5350118154938,,9.06731632983649,,817.75,751.25,9.06731632983649,0,1,1,,0.0,1.0,,0.0,0.0,0.0,1246.9912289443039,,,1190.5786854835892,1621.484737037084,1246.9912289443039,1253.5989218712314,740.2463443079562,883.4017652099812
168,raspberrypi,485.0,2023-09-17,22:50:01,Whole,78.36479383983352,0.0,7.020812941116386,,2557.508333333333,990.4666666666667,6.879136997498835,0,6,75,0.08963899974272421,0.0,1.0,,0.0,0.0,0.0,780.0761520991272,,,282.7911764354105,2282.4619867282245,780.0761520991272,663.2644699711302,365.7908321669512,546.8092374015825
169,raspberrypi,653.0,2023-09-17,22:50:01,Whole,1268.9911876485394,,6.8478248302008256,,2180.875,2238.125,6.8478248302008256,0,2,2,,0.0,1.0,,0.0,0.0,0.0,770.4097219186752,,,1303.83677278619,1382.986005484651,770.4097219186752,910.5924910009547,498.86662362729356,461.9654475665769
170,raspberrypi,109.0,2023-09-18,05:25:01,Whole,1409.1307768351896,,7.801961387695631,,1764.0,2443.0,7.087670299323626,0,2,1,,0.0,1.0,,0.0,0.0,0.0,829.2498440833333,,,1516.725496774538,927.9127783604456,829.2498440833333,1018.7234141044692,435.24165288303107,525.0622137200603
171,raspberrypi,441.0,2023-09-18,05:25:01,Whole,1692.184097160168,,5.148858837910229,,740.25,867.75,0.5989316273296251,1,2,1,,0.0,1.0,,0.0,0.0,0.0,1252.1372882334642,,,1266.9269793495698,1498.918290318041,1252.1372882334642,1273.6301814923565,762.5488487718451,919.9871879397476
172,raspberrypi,470.0,2023-09-18,05:25:01,Whole,1750.7188734250049,,10.027524171626071,,705.25,755.75,10.027524171626071,0,1,1,,0.0,1.0,,0.0,0.0,0.0,1337.6616510174395,,,1302.7202902977592,1608.9263015547099,1337.6616510174395,1349.4034397042767,838.1702047332891,986.89608676947
173,raspberrypi,482.0,2023-09-18,05:25:01,Whole,390.99358469026475,0.6666666666666666,5.801494293959606,4.617327391741558,2193.1323529411766,856.2316176470588,3.0903868067247786,0,35,34,8.820854446086756,0.0,0.575,,0.425,0.0,0.425,650.5800590077405,,,0.0,2110.7601428080125,650.5800590077405,547.2730434380112,130.2720032079665,296.4227683258024
174,raspberrypi,485.0,2023-09-18,05:25:01,Whole,212.21720922561425,0.0,7.982725071331129,,2562.06875,1326.1015625,3.093979038911201,0,38,80,0.03327840284852168,0.0,0.0,,0.0,0.0,1.0,640.0422196691381,,,495.03108035966744,2087.647111528204,640.0422196691381,551.1025263443082,132.01207909926958,512.1284593391917
175,raspberrypi,896.0,2023-09-18,05:25:01,Whole,1747.6881132339945,,5.3059201763465795,,708.25,756.25,0.5989316273296251,1,2,1,,0.0,1.0,,0.0,0.0,0.0,1334.881463917372,,,1299.700599119922,1608.5526359289174,1334.881463917372,1346.552880908233,835.2483002701035,983.9041384102804
176,raspberrypi,17.0,2023-09-18,05:20:01,Whole,857.9786164013198,,,,2780.0,2364.0,,0,0,1,,0.0,1.0,,0.0,0.0,0.0,1119.2296891278172,,,1511.542352793305,1946.5511354714195,1119.2296891278172,1210.7048204427658,954.6351800795835,793.8870500530943
177,raspberrypi,425.0,2023-09-18,05:20:01,Whole,395.1410038615233,0.0,2.3727376373334232,,2762.75,1142.75,2.3723373192395374,0,9,12,0.0,0.0,1.0,,0.0,0.0,0.0,877.3721829394924,,,533.7219376190665,2356.142297390174,877.3721829394924,771.714264436236,393.99732204408963,710.3762831856627
178,raspberrypi,441.0,2023-09-18,05:20:01,Whole,870.4419790510053,,,,2871.25,2356.5,,0,0,1,,0.0,1.0,,0.0,0.0,0.0,1182.7529582164268,,,1541.0095042604712,2038.096633695577,1182.7529582164268,1262.8696684754082,988.9662266380908,868.2504892819258
179,raspberrypi,485.0,2023-09-18,05:20:01,Whole,66.24789968184619,0.0,2.3727376373334232,,2601.7279411764707,1573.0049019607843,2.3723373192395374,0,9,51,0.001688823629951961,0.0,1.0,,0.0,0.0,0.0,648.0900946854072,,,721.196149244286,1998.616527580807,648.0900946854072,616.4187082124265,208.52689331739148,501.54622151585687
180,raspberrypi,159.0,2023-09-18,08:10:01,Whole,859.366252865648,,4.5594496654669685,,1351.375,1265.5,4.5594496654669685,0,1,2,,0.0,0.9661016949152542,,0.0,0.0,0.03389830508474576,551.7971237712138,,,768.8810610066267,1282.8259479848434,551.7971237712138,616.6058290405991,123.66032803660806,284.5524722370552
181,raspberrypi,190.0,2023-09-18,08:10:01,Whole,800.2983166326175,,4.360370446567913,,1618.5,2087.5,4.360370446567913,0,1,1,,0.0,0.9830508474576272,,0.0,0.0,0.01694915254237288,554.9991243020218,,,1224.172991587739,889.0507145946183,554.9991243020218,737.1382928260125,116.1812378100881,283.6880141025807
182,raspberrypi,414.0,2023-09-18,08:10:01,Whole,1118.3586332253903,,5.794167464264052,,2880.75,2379.25,5.794167464264052,0,1,1,,0.0,1.0,,0.0,0.0,0.0,1204.3028637882248,,,1565.6440744434105,2045.4481154807845,1204.3028637882248,1285.387457797388,1013.4740951669398,887.8027431938131
183,raspberrypi,470.0,2023-09-18,08:10:01,Whole,1128.7546853291994,,,,1054.25,1374.75,,0,0,1,,0.0,1.0,,0.0,0.0,0.0,798.4360019321,,,1082.795114550742,1060.9621552797619,798.4360019321,880.5681664269375,439.45209729181664,560.5494389624403
184,raspberrypi,496.0,2023-09-18,08:10:01,Whole,45.15120364646677,0.0,5.198931504349514,,2207.914473684211,1481.497807017544,5.17680856486551,0,4,57,0.051652327537626774,0.6610169491525424,0.03389830508474576,,0.0,0.6610169491525424,0.9661016949152542,313.81239277818224,,,510.049379789712,1706.9090391327875,313.81239277818224,324.83109954964505,0.0,192.8951354217113
185,raspberrypi,853.0,2023-09-18,08:10:01,Whole,1172.940670383597,,6.081738441099123,,2894.25,2438.25,6.081738441099123,0,1,1,,0.0,1.0,,0.0,0.0,0.0,1252.431165704967,,,1624.8852351954206,2054.529171890344,1252.431165704967,1336.9864785903433,1071.788158817769,930.1425858151085
186,raspberrypi,159.0,2023-09-18,16:45:02,Whole,707.6397415855986,1.0,2.526567371301815,78.79236711751001,1529.609375,987.046875,5.550454792481748,1,17,16,956.844905497113,0.0625,0.8125,,0.0375,0.0625,0.15,647.0718317012928,,,508.97040712363827,1621.8371037311595,647.0718317012928,639.873984952271,154.47915135113354,273.46076244334967
187,raspberrypi,190.0,2023-09-18,16:45:02,Whole,195.70936068503048,,0.4455914815272226,,2251.75,741.5,0.4455914815272226,1,1,1,,0.0,0.9875,,0.0125,0.0,0.0,775.8106559196682,,,0.0,2235.3112790894,775.8106559196682,661.3630002870008,248.7758047290274,413.4932124264213
188,raspberrypi,483.0,2023-09-18,16:45:02,Whole,727.9921407680796,1.0,2.318014816728706,48.04158118378747,2291.7291666666665,1563.3958333333333,4.509192207936274,1,37,36,1116.0823902266402,0.175,0.5625,,0.0,0.175,0.275,468.8071282985771,,,682.7376520830413,1747.3190624991412,468.8071282985771,507.0048259788772,162.33836819630693,385.8024065408954
189,raspberrypi,486.0,2023-09-18,16:45:02,Whole,334.5157787542447,0.6455696202531646,3.36464584253627,49.1000934501698,2323.515625,643.278125,4.593352857356826,1,53,80,3018.2271619960234,0.0,0.0,,0.65,0.0,0.0,905.373485571871,,,135.90228788292924,2361.8888296985033,905.373485571871,784.5764112016675,317.44486319211524,481.5590736593579
190,raspberrypi,37.0,2023-09-18,06:30:01,Whole,1274.5573143865481,,11.570093121013228,,2189.5,2440.5,11.570093121013228,0,1,1,,0.0,1.0,,0.0,0.0,0.0,854.8959653817163,,,1467.4448290210582,1351.4901434868827,854.8959653817163,1025.6282806882712,597.0899004807901,484.2827234878727
191,raspberrypi,216.0,2023-09-18,06:30:01,Whole,983.0642960438803,,11.570093121013228,,710.5,757.0,11.570093121013228,0,1,1,,0.0,1.0,,0.0,0.0,0.0,1332.6009121686707,,,1297.418943692019,1607.901031972611,1332.6009121686707,1344.2549702749873,832.8951643542835,981.5331244369452
192,raspberrypi,250.0,2023-09-18,06:30:01,Whole,984.5803218408593,,,,708.5,757.0,,0,0,1,,0.0,1.0,,0.0,0.0,0.0,1334.2798605140065,,,1299.4169148972178,1607.8140427494236,1334.2798605140065,1346.0125449158945,834.6989398357115,983.4148131333202
193,raspberrypi,481.0,2023-09-18,06:30:01,Whole,794.8458994712435,,,,2212.5,1640.25,,0,0,1,,0.3333333333333333,0.6666666666666666,,0.0,0.3333333333333333,0.3333333333333333,318.11019574381845,,,668.723302331797,1624.9569317589837,318.11019574381845,400.5456414869222,117.92778433749358,109.16989659399503
194,raspberrypi,404.0,2023-09-18,03:25:01,Whole,278.7364677270482,,1.4913633512778643,,2976.5833333333335,1788.5833333333333,1.49582166129237,0,3,3,,0.0,1.0,,0.0,0.0,0.0,1030.112742733509,,,1115.6230128887728,2261.489558721331,1030.112742733509,1022.8190484146304,640.8387957815961,855.75407147199
195,raspberrypi,485.0,2023-09-18,03:25:01,Whole,10.589028970459067,0.0,1.4913633512778643,,2723.5981012658226,1648.213607594937,1.49582166129237,0,3,79,0.09583934015412585,0.0,1.0,,0.0,0.0,0.0,767.5444691314739,,,850.1983079581886,2076.3628215349017,767.5444691314739,748.121841076472,351.7201473787791,609.4141729422381
196,raspberrypi,159.0,2023-09-18,07:35:01,Whole,869.8871109467599,,4.855295492815438,,1394.4166666666667,1406.4166666666667,4.848695662331819,0,3,3,,0.0,0.9605263157894737,,0.0,0.0,0.039473684210526314,480.2353970535699,,,809.9378550522179,1184.0834018409707,480.2353970535699,584.0188606121671,186.32341528806268,220.2041978112629
197,raspberrypi,441.0,2023-09-18,07:35:01,Whole,542.8919156081298,,3.3304605698953718,,1834.25,1479.5,3.3304605698953718,0,1,1,,0.013157894736842105,0.9868421052631579,,0.0,0.013157894736842105,0.0,181.22362242999995,,,581.3416017907778,1415.323716052674,181.22362242999995,355.9851588309456,307.05592826132505,0.0
198,raspberrypi,481.0,2023-09-18,07:35:01,Whole,127.25240288874409,0.7066666666666667,5.0340137433264225,4.282024540554015,2221.9539473684213,953.1381578947369,4.504310969606174,0,18,76,5.6353743698763,0.0,0.0,,1.0,0.0,1.0,583.9724080676192,,,0.28968816589558044,2060.0371605310356,583.9724080676192,487.4977303512752,112.03344734506689,266.9358601967824
199,raspberrypi,484.0,2023-09-18,07:35:01,Whole,482.5897748057551,1.0,2.4877146756066923,227.61793163110846,2310.875,1136.140625,2.537700350809883,0,8,8,14682.522358305338,0.0,0.9078947368421053,,0.039473684210526314,0.0,0.039473684210526314,667.6345297078698,,,368.8028746090204,2047.3122102114517,667.6345297078698,602.7111349415784,230.78429011329868,387.6461538688412
200,raspberrypi,896.0,2023-09-18,07:35:01,Whole,1276.60138860576,,7.237763802880588,,2235.0,2354.5,7.237763802880588,0,2,2,,0.0,1.0,,0.0,0.0,0.0,790.5750215014854,,,1383.0858088436582,1406.3692958311249,790.5750215014854,957.4184151551992,566.9810937734289,418.0833728898027
201,raspberrypi,987.0,2023-09-18,07:35:01,Whole,1280.28219394294,0.0,7.258834175434025,,2241.125,2358.0,7.259136474355415,0,4,4,6.893171976707758e-26,0.0,1.0,,0.0,0.0,0.0,796.153790479156,,,1386.9023639865795,1411.9617605035362,796.153790479156,962.1850282599928,573.8772014382733,423.7259146333721
202,raspberrypi,159.0,2023-09-17,22:20:01,Whole,399.66203672451184,1.0,3.648344727128882,44.92887146147455,2245.5520833333335,1084.625,1.9277529366164452,1,23,24,232.6257539345844,0.10714285714285714,0.5714285714285714,,0.17857142857142858,0.10714285714285714,0.4107142857142857,524.8212459032654,,,174.09816380740585,1992.0593529824291,524.8212459032654,446.27560331656815,124.96287971068145,259.30715099207123
203,raspberrypi,250.0,2023-09-17,22:20:01,Whole,578.540973376974,,6.306082124688056,,2472.75,2017.5,6.306082124688056,0,1,1,,0.0,1.0,,0.0,0.0,0.0,670.9988134108031,,,1084.9935664202892,1711.8176435111093,670.9988134108031,774.4130220412801,527.1043785357973,365.7995127211446
204,raspberrypi,481.0,2023-09-17,22:20:01,Whole,654.4605641943782,1.0,3.788594170541819,115.96262826609949,2262.3229166666665,2091.7916666666665,3.5740575560910686,0,19,12,11060.020105180274,0.05357142857142857,0.8035714285714286,,0.0,0.05357142857142857,0.0,614.1743974626604,,,1137.8480296749256,1494.090716133179,614.1743974626604,761.7446900691746,387.53950628473206,267.30256286114775
205,raspberrypi,483.0,2023-09-17,22:20:01,Whole,1335.639749306582,1.0,5.906805891506443,64.36785426954441,2687.0833333333335,202.66666666666663,5.906805891506443,1,2,9,1.8087844286539594e-25,0.0,0.8571428571428571,,0.017857142857142856,0.0,0.0,1455.4818418806542,,,680.8268193271749,2929.811834136542,1455.4818418806542,1318.6385994726836,1018.5698410701006,1179.7757003584804
206,raspberrypi,484.0,2023-09-17,22:20:01,Whole,144.17899054859473,1.0,2.41980824251169,11.501528431039068,2177.5,1544.0,1.666296523429068,0,18,9,3.6062212810103395e-30,0.16071428571428573,0.8392857142857143,,0.0,0.16071428571428573,0.16071428571428573,288.55886963762174,,,571.0869421537819,1646.632790292075,288.55886963762174,341.54687133631853,31.521007619890895,133.09450767895828
207,raspberrypi,486.0,2023-09-17,22:20:01,Whole,247.17102043873712,,2.0750170027741794,,2069.0,1373.0,2.0750170027741794,0,1,1,,0.017857142857142856,0.9821428571428571,,0.0,0.017857142857142856,0.017857142857142856,244.38355245706975,,,406.7020774998753,1662.2455565387509,244.38355245706975,301.31076498925734,82.04080371522237,63.37098953372107
208,raspberrypi,493.0,2023-09-17,22:20:01,Whole,497.8310802098182,0.6190476190476191,11.03396004271649,40.39837256857905,2272.7065217391305,1960.3097826086957,11.03396004271649,0,1,23,605.6721755188955,0.26785714285714285,0.6071428571428571,,0.0,0.26785714285714285,0.0,514.6672647901989,,,993.5715834248615,1553.1794277797355,514.6672647901989,648.8355727598339,329.89535699309465,143.3751031200846
209,raspberrypi,653.0,2023-09-17,22:20:01,Whole,490.9162774544419,,6.4315302898920885,,2205.0,1948.0,6.4315302898920885,0,1,1,,0.017857142857142856,0.9821428571428571,,0.0,0.017857142857142856,0.0,436.2432840746819,,,975.6291313261738,1481.9503555352255,436.2432840746819,605.6309085078896,367.60764818462314,89.67948687911048
210,raspberrypi,159.0,2023-09-18,07:55:01,Whole,218.08411083644057,,,,1371.75,1352.875,,0,0,2,,0.0,0.6,,0.0,0.0,0.4,509.8268761936674,,,797.0652230278325,1217.3378349904197,509.8268761936674,598.3056846367023,159.02159405815857,245.30307480786735
211,raspberrypi,470.0,2023-09-18,07:55:01,Whole,695.079599758186,,,,704.0,756.0,,0,0,1,,0.0,1.0,,0.0,0.0,0.0,1338.5813708338142,,,1303.9575740929174,1608.6255125390167,1338.5813708338142,1350.3957463448908,839.1904549010071,987.9877644827541
212,raspberrypi,496.0,2023-09-18,07:55:01,Whole,950.1707872798447,,,,2167.25,1471.25,,0,0,1,,0.2,0.8,,0.0,0.2,0.2,286.1674314217036,,,497.9519172579359,1679.6140319154429,286.1674314217036,313.9213209126463,0.0,151.31612592049476
213,raspberrypi,524.0,2023-09-18,07:55:01,Whole,611.29155277985,,,,732.25,868.5,,0,0,1,,0.0,1.0,,0.0,0.0,0.0,1258.7245172682726,,,1274.9470025083858,1497.6745043591898,1258.7245172682726,1280.5758817152728,769.8241375525313,927.5260489751738
214,raspberrypi,425.0,2023-09-18,15:35:01,Whole,1135.2617593652349,,8.968471811413012,,1057.25,1374.5,4.978103017011413,0,2,1,,0.0,1.0,,0.0,0.0,0.0,795.6342604727325,,,1080.0012115874138,1062.1987452515932,795.6342604727325,877.781964861241,436.5904323454883,557.5585675546032
215,raspberrypi,445.0,2023-09-18,15:35:01,Whole,1053.4926916560898,,7.397051765518329,,1061.5,1686.5,2.19346402883132,0,3,1,,0.0,1.0,,0.0,0.0,0.0,797.5809895541004,,,1244.6830242357144,775.5692602110605,797.5809895541004,921.6678043454183,613.6431920825203,614.9142140078202
216,raspberrypi,481.0,2023-09-18,15:35:01,Whole,265.92210672243743,1.0,5.785791907551222,15.464299286970792,2312.464285714286,1633.0892857142858,2.4991716043457433,0,17,7,207.08278707559356,0.012658227848101266,0.9113924050632911,,0.0,0.012658227848101266,0.08860759493670886,396.15355334446605,,,674.5373858529749,1715.2014783009633,396.15355334446605,435.39133961586066,122.94780428488029,205.95949115060364
217,raspberrypi,482.0,2023-09-18,15:35:01,Whole,1130.9058979533463,1.0,5.674137280861582,85.48072593996123,1186.0454545454545,2446.590909090909,9.735632778000026,0,18,11,3862.142214196933,0.0,0.8734177215189873,,0.0,0.0,0.0,1085.0815072004298,,,1742.1787506438666,395.65327825735255,1085.0815072004298,1258.5742689530202,520.1392865212374,707.2228827218238
218,raspberrypi,484.0,2023-09-18,15:35:01,Whole,513.6906903349499,0.6666666666666666,5.372913183864293,20.386141857931968,1999.4431818181822,1303.414772727273,7.762102773578991,3,41,22,239.45955976171496,0.27848101265822783,0.7215189873417721,,0.0,0.27848101265822783,0.25316455696202533,242.43658984874406,,,355.7448964634393,1656.320904129237,242.43658984874406,313.6129961273244,149.32680595679182,0.0
219,raspberrypi,486.0,2023-09-18,15:35:01,Whole,714.7037995601546,0.8857142857142857,6.193456720673336,24.400347949251167,1423.6940789473683,1955.1348684210527,5.193580299218651,0,101,38,812.8209640547294,0.0,0.569620253164557,,0.0,0.0,0.26582278481012656,605.4988038440604,,,1210.7074775009587,811.0737803402877,605.4988038440604,772.5617420873873,191.98490924422316,378.8021401416213
220,raspberrypi,488.0,2023-09-18,15:35:01,Whole,1636.3302932793872,1.0,8.384194734624899,89.40111943534396,1088.9787735849056,766.0566037735849,7.881057910850573,0,118,53,1805.9633240230714,0.0,0.35443037974683544,,0.0,0.0,0.0,1265.2901292378792,,,1134.7589994867676,1684.8890096498083,1265.2901292378792,1264.6962708581073,856.6219736307172,864.0981788334727
221,raspberrypi,491.0,2023-09-18,15:35:01,Whole,596.3370747253118,,9.247264586036923,,1555.75,2026.75,9.031113944854836,0,2,1,,0.0,0.9873417721518988,,0.0,0.0,0.012658227848101266,544.3564732950086,,,1195.3504806497376,862.9225434735686,544.3564732950086,720.5128733778674,118.63309272303792,306.48011533241913
222,raspberrypi,492.0,2023-09-18,15:35:01,Whole,1421.0017876772142,0.0,10.88803864418444,,3128.403481012658,2792.518987341772,9.794028870667812,0,156,79,0.0439118853711522,0.0,1.0,,0.0,0.0,0.0,1663.1799520367788,,,2045.3618964253294,2293.7410859495917,1663.1799520367788,1749.8300490918712,1495.0714151541051,1329.0714200981072
223,raspberrypi,498.0,2023-09-18,15:35:01,Whole,1504.715076385612,1.0,11.313060662745867,130.4287757636292,2919.0208333333335,581.1597222222222,9.944428035353008,0,54,18,13175.348520163489,0.0,0.7848101265822784,,0.0,0.0,0.0,1343.7524296502659,,,697.1488406113801,2840.122576787914,1343.7524296502659,1215.5021311159585,858.0857380013274,1068.4074435698494
224,raspberrypi,626.0,2023-09-18,15:35:01,Whole,475.3851985561643,0.0,3.946217698581817,,2020.6666666666667,1335.9166666666667,0.10438467126479962,3,7,3,,0.0379746835443038,0.9620253164556962,,0.0,0.0379746835443038,0.0379746835443038,232.28741967313948,,,380.49155547392985,1650.0373561936165,232.28741967313948,306.5220167795175,135.2805139767487,26.87776397612771
225,raspberrypi,657.0,2023-09-18,15:35:01,Whole,1078.785151193982,,7.68181973952515,,1043.75,1629.75,2.387661225326696,0,3,1,,0.0,1.0,,0.0,0.0,0.0,805.8050091319195,,,1224.6054953791647,819.7085296111802,805.8050091319195,922.6291566969827,587.5222702114671,610.5131540315898
226,raspberrypi,159.0,2023-09-18,11:45:01,Whole,390.94987276439736,,3.9462370215113793,,2137.0,1594.5,3.864696046004461,0,2,1,,0.017543859649122806,0.9824561403508771,,0.0,0.017543859649122806,0.017543859649122806,261.61377261492396,,,621.4026245656412,1584.9748103344418,261.61377261492396,360.3342568120747,94.88319412201581,68.78740012146294
227,raspberrypi,250.0,2023-09-18,11:45:01,Whole,879.1540320734367,1.0,,441.4946599022713,1261.5,1117.625,,0,0,4,7.431700815906108e-26,0.03508771929824561,0.9298245614035088,,0.0,0.03508771929824561,0.017543859649122806,726.3041085705212,,,876.3974647610537,1448.3409622707802,726.3041085705212,793.2345466388448,351.8594370275647,374.0436473904058
228,raspberrypi,481.0,2023-09-18,11:45:01,Whole,433.61122234289394,1.0,2.5747322138406568,4.163284598014851,1769.8083333333334,913.65,2.3336547865266932,1,12,15,4.814767998696343,0.2631578947368421,0.7368421052631579,,0.0,0.2631578947368421,0.2631578947368421,533.2558272727794,,,247.3327273199613,1802.4337797004157,533.2558272727794,505.05388841206184,143.77726422476832,58.04119860403557
229,raspberrypi,482.0,2023-09-18,11:45:01,Whole,399.78923066534423,0.8148148148148148,3.530879092454798,2.783112773996947,2225.9094827586205,830.6551724137931,2.4214045137006504,0,22,29,0.9772701381390172,0.0,0.49122807017543857,,0.5087719298245614,0.0,0.49122807017543857,687.1657530571275,,,0.0,2151.7268848420845,687.1657530571275,579.4309045967022,168.9993317370883,335.23003145429874
230,raspberrypi,483.0,2023-09-18,11:45:01,Whole,356.8268530050618,1.0,3.7396296068638657,21.357083134173543,2103.375,1562.875,3.69915063915251,0,4,2,,0.03508771929824561,0.9649122807017544,,0.0,0.03508771929824561,0.03508771929824561,240.4187122385782,,,591.5493182481401,1574.6656315562038,240.4187122385782,343.18353954201723,89.77539694923077,72.47525811236464
231,raspberrypi,487.0,2023-09-18,11:45:01,Whole,746.2759923194521,0.9047619047619048,5.160599957231005,68.23608499000483,2302.9147727272725,1836.2613636363637,4.494657918114207,0,12,22,2389.3570790998792,0.10526315789473684,0.6491228070175439,,0.0,0.10526315789473684,0.14035087719298245,551.853151268879,,,922.593964687912,1617.711429928822,551.853151268879,634.6673151475745,198.53749278497784,395.0483591460114
232,raspberrypi,496.0,2023-09-18,11:45:01,Whole,345.761899217565,1.0,,63.03542271026404,2079.25,1550.8125,,0,0,4,783.3834674766586,0.07017543859649122,0.9298245614035088,,0.0,0.07017543859649122,0.07017543859649122,228.9615717135632,,,582.1409771619212,1561.7965385889804,228.9615717135632,338.42484754343906,87.74434747141287,80.45155458212163
233,raspberrypi,621.0,2023-09-18,11:45:01,Whole,311.24936479671936,1.0,2.3608656075836354,13.75,1945.875,1034.0625,2.1804517008184026,1,6,4,,0.07017543859649122,0.9298245614035088,,0.03508771929824561,0.07017543859649122,0.07017543859649122,464.7706096818429,,,217.03294493045343,1826.9306502449222,464.7706096818429,426.812961590321,23.580238689960453,43.6656520162053
234,raspberrypi,110.0,2023-09-17,22:30:01,Whole,1043.9693392670797,,4.375417951462216,,1060.25,1374.25,3.279829648946868,0,2,1,,0.0,1.0,,0.0,0.0,0.0,792.8336926553455,,,1077.2083316643602,1063.441233907615,792.8336926553455,874.9972452136835,433.7303840604275,554.5678745930777
235,raspberrypi,374.0,2023-09-17,22:30:01,Whole,278.80414462961573,0.0,0.01010221182219533,,1870.625,1947.125,0.009707027597608713,6,6,11,5.305202575501375e-28,0.2682926829268293,0.7317073170731707,,0.0,0.2682926829268293,0.2682926829268293,339.1199903024639,,,1009.7707355681131,1177.3535364621175,339.1199903024639,556.3824773968751,37.09826665773588,18.306207142674346
236,raspberrypi,485.0,2023-09-17,22:30:01,Whole,808.480234900009,,2.829759263185042,,2819.0,1502.25,2.829759263185042,0,1,1,,0.0,1.0,,0.0,0.0,0.0,853.4394350525805,,,797.5280470886876,2224.5982579788565,853.4394350525805,799.4476521648646,385.43572210682987,729.6367615945395
237,raspberrypi,486.0,2023-09-17,22:30:01,Whole,304.8162419860334,0.23076923076923078,2.0612215184171347,14.977192884607009,1829.515625,1875.828125,0.011389703850916495,6,10,16,57.656407284095756,0.3902439024390244,0.6097560975609756,,0.0,0.3902439024390244,0.3170731707317073,326.1500744520634,,,960.4865230811492,1185.472691827417,326.1500744520634,535.1571421921869,35.554348883012295,18.213979422016003
238,raspberrypi,491.0,2023-09-17,22:30:01,Whole,329.56855602225824,1.0,2.6711363582270518,61.23630982829765,2327.84375,1568.4375,2.5834666334489724,0,3,8,229.72508504819203,0.0975609756097561,0.8048780487804879,,0.0,0.0975609756097561,0.1951219512195122,409.88518640948587,,,625.1164361185785,1761.222372537016,409.88518640948587,426.87471069407536,75.45651615616976,219.7090649542587
239,raspberrypi,494.0,2023-09-17,22:30:01,Whole,247.90890623098107,,3.9567235068039888,,2112.875,1870.0,2.442440759630414,0,2,2,,0.04878048780487805,0.9512195121951219,,0.0,0.04878048780487805,0.024390243902439025,374.69908307432223,,,910.5406607453476,1428.7999143768016,374.69908307432223,540.4882941103158,187.1993949004924,97.96651409915172
240,raspberrypi,496.0,2023-09-17,22:30:01,Whole,500.61231756027587,1.0,,107.65943593968574,2339.9583333333335,1509.8854166666667,,0,0,12,6687.174813463575,0.0975609756097561,0.7073170731707317,,0.04878048780487805,0.0975609756097561,0.17073170731707318,517.7717334359884,,,579.1904940886621,1823.3539372723326,517.7717334359884,529.146024953536,169.54760965882514,260.3295674773694
241,raspberrypi,621.0,2023-09-17,22:30:01,Whole,774.0589653317841,,,,1557.75,1124.25,,0,0,1,,0.024390243902439025,0.975609756097561,,0.0,0.024390243902439025,0.024390243902439025,456.90690772363854,,,520.4263710695436,1509.7329411359076,456.90690772363854,490.15238610901105,0.0,66.64307138415842
242,raspberrypi,404.0,2023-09-18,04:30:01,Whole,556.8760257857261,,4.295780233302961,,2975.375,1788.875,3.6555187884829863,0,2,2,,0.0,1.0,,0.0,0.0,0.0,1029.0258759363217,,,1115.063720795591,2260.251264930062,1029.0258759363217,1021.8541921252933,639.7750964883351,854.0734215794245
243,raspberrypi,470.0,2023-09-18,04:30:01,Whole,1941.387431542522,,11.7859194027911,,701.75,757.25,11.7859194027911,0,1,1,,0.0,1.0,,0.0,0.0,0.0,1339.8220266760252,,,1306.1489323416156,1607.2868312381556,1339.8220266760252,1351.8424587548063,840.6853310264838,989.684225511809
244,raspberrypi,485.0,2023-09-18,04:30:01,Whole,226.04080023799312,0.0,4.202823228760063,,2642.5714285714284,1467.5,3.843784873155221,0,10,7,0.006990163262134939,0.0,1.0,,0.0,0.0,0.0,689.1417711996402,,,656.103000577864,2084.126932424874,689.1417711996402,629.0129091395695,205.61205710967332,573.3253954286274
245,raspberrypi,493.0,2023-09-18,04:30:01,Whole,676.8250490506817,0.9259259259259259,7.1472632016822155,14.17029443622494,2253.1863636363637,2219.8977272727275,7.772134929105738,0,44,55,69.10967999961845,0.0,0.13793103448275862,,0.0,0.0,0.0,695.1561368141214,,,1259.713105919123,1448.8247227030197,695.1561368141214,856.050885382752,453.89510029747703,289.339693021258
246,raspberrypi,496.0,2023-09-18,04:30:01,Whole,1011.6175225141383,1.0,5.794420672593418,88.50918994116445,2729.9930555555557,665.2013888888889,7.781645593173846,0,41,36,5031.310439467471,0.017241379310344827,0.3793103448275862,,0.1724137931034483,0.017241379310344827,0.10344827586206896,1131.5598202594097,,,506.39759966984576,2631.5506047026292,1131.5598202594097,1008.6770046947034,728.7532397742618,962.4350540978269
247,raspberrypi,726.0,2023-09-18,04:30:01,Whole,560.4321714423124,,,,2979.5,1788.0,,0,0,1,,0.0,1.0,,0.0,0.0,0.0,1032.7612847652183,,,1117.0655018648702,2264.4401623073413,1032.7612847652183,1025.193532454224,642.8479360580912,858.2665240077395
248,raspberrypi,130.0,2023-09-17,17:10:01,Whole,706.0777386565901,,5.225738251780849,,1819.75,1911.75,1.256122677168793,0,4,1,,0.012658227848101266,0.9873417721518988,,0.0,0.012658227848101266,0.012658227848101266,325.7949712169849,,,989.545108696215,1149.0962180012036,325.7949712169849,536.0303249065768,0.0,18.531966449758876
249,raspberrypi,404.0,2023-09-17,17:10:01,Whole,953.9809032296198,,6.557105160905629,,3049.375,2071.875,3.6316791507443527,0,9,2,,0.0,1.0,,0.0,0.0,0.0,1210.7433917529274,,,1392.3212613879336,2273.577996462989,1210.7433917529274,1235.6398736966444,892.9671517024585,977.1709617455201
250,raspberrypi,425.0,2023-09-17,17:10:01,Whole,1568.081786846438,,8.65991368931719,,1133.5,469.25,5.04569405360848,0,5,1,,0.0,1.0,,0.0,0.0,0.0,1213.8452518039128,,,932.0891182579023,1953.128920983348,1213.8452518039128,1177.197482018717,706.7345161154367,774.6595955816072
251,raspberrypi,441.0,2023-09-17,17:10:01,Whole,1657.5521216966777,,10.766572980839385,,801.5,875.25,9.72565383070884,0,3,1,,0.0,1.0,,0.0,0.0,0.0,1195.7373041442158,,,1205.9819937885413,1496.4769906587476,1195.7373041442158,1215.7808142552153,702.5141855330672,858.9116433935064
252,raspberrypi,481.0,2023-09-17,17:10:01,Whole,404.3773732337523,0.21794871794871795,6.262104084855096,7.411181798250825,2623.237341772152,1150.3227848101267,3.6838915636138183,0,226,79,23.93639153950561,0.0,0.7848101265822784,,0.0,0.0,0.0,753.6234891210325,,,418.87223217887066,2237.315373380093,753.6234891210325,646.7767214623432,287.4707334297551,587.9513046387875
253,raspberrypi,482.0,2023-09-17,17:10:01,Whole,999.2540450580846,1.0,7.999337975538907,76.10815417176735,2509.3053797468356,718.2389240506329,3.7252692932668188,0,226,79,7510.377333415195,0.0,0.012658227848101266,,0.22784810126582278,0.0,0.0,1112.6066399760684,,,502.2876090907843,2503.704288304743,1112.6066399760684,1010.2939999974875,576.7000611592895,757.3759223283116
254,raspberrypi,483.0,2023-09-17,17:10:01,Whole,729.688334105818,1.0,3.571864134377292,31.013585732707533,2593.5,2139.625,1.5476009597110494,0,20,6,1.0061447529550873e-25,0.0,0.9367088607594937,,0.0,0.0,0.0,837.346785652374,,,1237.5260062250372,1797.6438404810915,837.346785652374,933.5394494200873,678.4296553437117,522.2130884010169
255,raspberrypi,484.0,2023-09-17,17:10:01,Whole,784.623401835836,1.0,5.084486619011339,21.191113492411866,2231.8783783783783,2224.212837837838,5.6030292783948985,2,94,37,263.6030553979593,0.0,0.5443037974683544,,0.0,0.0,0.0,675.9156406846633,,,1254.3742559904865,1426.7797018087392,675.9156406846633,843.2012192370603,492.9379148377375,303.8124801637605
256,raspberrypi,485.0,2023-09-17,17:10:01,Whole,830.0502984874522,1.0,5.875962307814029,221.28881999736322,2751.3263888888887,2032.5416666666667,3.7309614437086984,0,71,18,5853.384469948932,0.02531645569620253,0.7974683544303798,,0.0,0.02531645569620253,0.0379746835443038,980.3667880852332,,,1256.0419066440759,2003.3628612442044,980.3667880852332,1037.9283434641322,788.246725089482,725.9376415597394
257,raspberrypi,486.0,2023-09-17,17:10:01,Whole,1115.6005976650836,1.0,6.778796165044992,94.94298222741124,1387.9558823529412,1746.0220588235295,6.810243668105611,0,118,34,5923.8522477512,0.0,0.569620253164557,,0.0,0.0,0.24050632911392406,671.1461696664937,,,1143.3194004062013,1005.7451891781144,671.1461696664937,804.5229901715885,152.55905879464325,303.60900581796585
258,raspberrypi,488.0,2023-09-17,17:10:01,Whole,599.6498399896016,1.0,4.389142420179447,109.97241890626286,2314.575,2023.71875,2.0201395288268613,2,76,20,6870.03825448352,0.02531645569620253,0.759493670886076,,0.0,0.02531645569620253,0.02531645569620253,605.1399713648555,,,1076.6340041211838,1564.4180531575985,605.1399713648555,731.3235750417521,485.80097825316466,280.21807241012255
259,raspberrypi,491.0,2023-09-17,17:10:01,Whole,908.6639909428787,,6.594319004269419,,1665.0,2042.5,3.378320471604702,0,5,1,,0.0,0.9873417721518988,,0.0,0.0,0.012658227848101266,496.2700769879457,,,1164.787959282531,950.8565897746087,496.2700769879457,679.1023009244063,53.44244522910006,219.41697431532918
260,raspberrypi,494.0,2023-09-17,17:10:01,Whole,826.2442040897021,1.0,5.643687608505609,40.0195264839553,2124.875,2245.25,2.5823303648190175,0,6,2,,0.0,0.9873417721518988,,0.0,0.0,0.0,650.8307061920425,,,1272.2543667697,1317.3768087540366,650.8307061920425,834.1308015515979,412.3332652443479,279.01889371061645
261,raspberrypi,496.0,2023-09-17,17:10:01,Whole,621.8289774997977,1.0,4.382907686979413,31.439264617193867,1897.4285714285713,1856.0357142857142,5.016392675094471,0,42,14,145.0239754013899,0.16455696202531644,0.8227848101265823,,0.0,0.16455696202531644,0.17721518987341772,310.55396842894527,,,926.4351759248332,1245.9912902724147,310.55396842894527,511.1514544867314,39.749044545406846,7.9375386159895776
262,raspberrypi,524.0,2023-09-17,17:10:01,Whole,1118.873857908768,,7.58218015913303,,1960.0,2498.5,4.895016264061523,0,5,1,,0.0,1.0,,0.0,0.0,0.0,871.0865470631844,,,1536.729710126504,1118.3469512641539,871.0865470631844,1056.0024663585386,530.087752181582,525.6674106347571
263,raspberrypi,726.0,2023-09-17,17:10:01,Whole,1147.3599803825766,0.0,6.15487395625137,,3058.375,2358.75,6.707700714414531,0,30,9,0.0,0.0,1.0,,0.0,0.0,0.0,1332.0764824998273,,,1629.9849862084968,2224.190257872599,1332.0764824998273,1393.3398954682968,1092.7178441843682,1036.0204276787276
264,raspberrypi,250.0,2023-09-18,01:40:01,Whole,1651.8108975337395,,9.405957323726279,,735.5,868.25,9.405957323726279,0,1,1,,0.0,1.0,,0.0,0.0,0.0,1256.0210273395792,,,1271.6906137808273,1498.1207687072367,1256.0210273395792,1277.732786292602,766.848475566332,924.448515064166
265,raspberrypi,374.0,2023-09-18,01:40:01,Whole,301.7358473326573,0.0,1.323414553461938,,1903.017857142857,1665.6785714285713,0.006120027669934472,6,13,7,0.21224261147960144,0.19444444444444445,0.8055555555555556,,0.0,0.19444444444444445,0.16666666666666666,196.96780984927588,,,729.8776181670993,1351.5816492131212,196.96780984927588,397.3220641275298,192.41351724605224,7.004059152955207
266,raspberrypi,404.0,2023-09-18,01:40:01,Whole,1012.0276862919253,,,,2974.25,1788.5,,0,0,1,,0.0,1.0,,0.0,0.0,0.0,1027.8797346029953,,,1114.0508781827648,2259.3043701911297,1027.8797346029953,1020.7129281478767,638.6192848905608,852.992951866273
267,raspberrypi,486.0,2023-09-18,01:40:01,Whole,300.15830670121835,0.0,1.318600856130392,,1901.919642857143,1667.580357142857,2.6285862463781173,6,20,14,0.26567313673846377,0.3888888888888889,0.6111111111111112,,0.0,0.3888888888888889,0.3611111111111111,197.48986260067628,,,732.0158657109198,1349.5812420073635,197.48986260067628,398.26427347040664,190.69750534538633,6.939762576925624
268,raspberrypi,493.0,2023-09-18,01:40:01,Whole,211.15156404460043,0.4117647058823529,3.6829407349042858,4.620777012835776,2026.1607142857142,2163.3357142857144,2.630939751346201,1,23,35,8.451745398154964,0.8333333333333334,0.05555555555555555,,0.0,0.8333333333333334,0.0,548.0172037583063,,,1196.4115064820883,1242.161723005654,548.0172037583063,746.0771198802295,285.9191382190194,183.49561399851865
269,raspberrypi,707.0,2023-09-18,01:40:01,Whole,213.45650557090107,,0.05293808512600649,,2044.25,2160.75,0.05293808512600649,1,1,1,,0.027777777777777776,0.9722222222222222,,0.0,0.027777777777777776,0.0,549.0645698519075,,,1192.1657531300289,1260.2367423608337,549.0645698519075,745.838994787636,295.93266890624466,183.52719091473097
270,raspberrypi,159.0,2023-09-18,10:55:01,Whole,144.00389244670478,1.0,0.8956499554189045,24.178290826927594,2298.9583333333335,1725.59375,0.10986990990988134,8,14,12,124.47106962402658,0.11940298507462686,0.8208955223880597,,0.0,0.11940298507462686,0.05970149253731343,404.8997783713379,,,764.6864367932191,1659.6965483035356,404.8997783713379,487.7755419068315,226.3150988331242,169.3670345316362
271,raspberrypi,190.0,2023-09-18,10:55:01,Whole,507.9887038469259,,2.8849845835755255,,2234.5,2364.5,2.8849845835755255,0,1,1,,0.0,1.0,,0.0,0.0,0.0,799.5305541269557,,,1393.0481199228045,1404.531635158563,799.5305541269557,966.3353489491459,573.3421023241334,427.101474327678
272,raspberrypi,481.0,2023-09-18,10:55:01,Whole,432.35148536050707,1.0,4.279175586920987,51.01776651324517,1901.75,1607.9166666666667,1.6948373237321213,0,5,3,,0.04477611940298507,0.9552238805970149,,0.0,0.04477611940298507,0.029850746268656716,206.56997673894185,,,680.5434986331582,1385.4610767114852,206.56997673894185,380.699642887668,179.4556604946752,78.82207870896899
273,raspberrypi,483.0,2023-09-18,10:55:01,Whole,185.69631206873999,0.7027027027027027,2.493346578943515,14.645169901064257,2238.5756578947367,1673.404605263158,2.6359574230907854,8,33,38,137.95237230369386,0.5671641791044776,0.43283582089552236,,0.0,0.5671641791044776,0.43283582089552236,345.52810759273973,,,704.2525868277575,1631.8577217802892,345.52810759273973,430.2502160033505,118.71196681411661,125.01754407422882
274,raspberrypi,485.0,2023-09-18,10:55:01,Whole,579.301504544088,1.0,6.622036070706967,8.107953880858203,1786.86875,2211.175,4.776347119659369,0,2,20,9.53663956947136,0.0,0.7313432835820896,,0.0,0.0,0.014925373134328358,603.6720944259486,,,1287.3506648131192,999.4206793707006,603.6720944259486,798.5214320393022,209.1734185016322,296.03673553756977
275,raspberrypi,486.0,2023-09-18,10:55:01,Whole,628.6744393826215,1.0,5.1372373460869465,96.2704816974667,2670.140625,1940.8072916666667,2.8095941763928223,0,30,24,2130.8512277252444,0.08955223880597014,0.6567164179104478,,0.0,0.08955223880597014,0.0,850.920702734451,,,1158.4448625419664,1949.8831243603656,850.920702734451,932.9143250476138,619.6923419262138,644.0321602805059
276,raspberrypi,494.0,2023-09-18,10:55:01,Whole,122.76821571644072,1.0,2.8849845835755255,4.00780488547035,2128.5,1815.375,2.8849845835755255,0,1,2,,0.029850746268656716,0.9701492537313433,,0.0,0.029850746268656716,0.0,309.22809552574074,,,842.4310392684389,1466.9347298763464,309.22809552574074,489.698783743885,300.4667895589245,25.797842185607124
277,raspberrypi,496.0,2023-09-18,10:55:01,Whole,364.3304074062887,,,,1987.0,1598.5,,0,0,1,,0.014925373134328358,0.9850746268656716,,0.0,0.014925373134328358,0.0,192.45064140844332,,,643.6438911115615,1458.9824248003374,192.45064140844332,360.74252043825993,201.99569679681485,11.04465890901821
278,raspberrypi,17.0,2023-09-17,23:35:01,Whole,815.2727084852351,,2.192520515995851,,2778.25,2386.75,1.1902445845549594,0,2,1,,0.0,1.0,,0.0,0.0,0.0,1133.1907147505228,,,1532.0132771908598,1942.6854484755268,1133.1907147505228,1226.7542326944556,974.6804071707418,804.9242266042424
279,raspberrypi,159.0,2023-09-17,23:35:01,Whole,854.3913230567563,0.6842105263157895,6.647548750591001,7.971998584659955,2178.2351694915255,862.7563559322034,5.470608054435875,2,137,59,47.98446069737069,0.0,0.24358974358974358,,0.7564102564102564,0.0,0.7564102564102564,639.0418189298351,,,0.0,2096.0702251221874,639.0418189298351,537.6558909280568,100.26246763442971,266.14880841382546
280,raspberrypi,483.0,2023-09-17,23:35:01,Whole,896.7934950913672,,6.619739574423858,,2185.25,818.0,5.656532845171876,0,2,1,,0.0,0.9871794871794872,,0.01282051282051282,0.0,0.01282051282051282,680.5359839451404,,,0.0,2133.9514833461917,680.5359839451404,575.17046774973,147.53922470661337,312.7575484113231
281,raspberrypi,484.0,2023-09-17,23:35:01,Whole,986.5059022203845,1.0,7.289579026103698,216.2394799139439,1766.9568965517242,1802.978448275862,3.424276847591058,2,88,29,22733.898597920648,0.02564102564102564,0.6410256410256411,,0.0641025641025641,0.02564102564102564,0.08974358974358974,855.6203623317399,,,1069.6469356852865,1244.8626965363483,855.6203623317399,919.569340579369,336.3860665035623,486.80058272019284
282,raspberrypi,485.0,2023-09-17,23:35:01,Whole,601.0060040300427,0.21311475409836064,5.052838098823591,10.382088116907607,2638.7658730158732,2219.9146825396824,2.0098451509383093,0,137,63,26.91070932196106,0.0,0.8333333333333334,,0.0,0.0,0.0,921.2274965112744,,,1327.560355936984,1826.327900909335,921.2274965112744,1018.8733402161452,762.8432637804312,580.5545364041624
283,raspberrypi,493.0,2023-09-17,23:35:01,Whole,219.1732323454229,0.25675675675675674,4.514841104625958,14.652693100822477,2454.1316666666667,1882.8483333333334,2.0216401373915525,0,155,75,60.57810309086974,0.0,0.7564102564102564,,0.0,0.0,0.0,587.73578399862,,,950.8413260612515,1737.7684721379785,587.73578399862,670.55026966997,395.73120799480273,351.6702306872892
284,raspberrypi,496.0,2023-09-17,23:35:01,Whole,474.27797685690587,1.0,4.169839645372428,3.915734004359623,1874.625,1590.6875,3.505199522447287,0,9,4,2.75054081065263,0.05128205128205128,0.9487179487179487,,0.0,0.05128205128205128,0.0,186.43587801731226,,,667.7516590963226,1374.0391871467118,186.43587801731226,374.6451868117636,245.81573471419517,64.32767222354482
285,raspberrypi,683.0,2023-09-17,23:35:01,Whole,1248.697872487376,,8.206367585355562,,1678.25,2763.75,5.595001262181967,0,4,1,,0.0,1.0,,0.0,0.0,0.0,1157.5463679212532,,,1848.6666091024833,850.8338948859591,1157.5463679212532,1341.5985820776907,757.6051020074889,856.0188347987767
286,raspberrypi,159.0,2023-09-18,01:55:01,Whole,235.7894226175192,1.0,2.861338091295361,23.700421585011284,2310.6574074074074,1845.648148148148,3.055468625639005,0,3,27,167.00242291599602,0.41025641025641024,0.3076923076923077,,0.0,0.41025641025641024,0.10256410256410256,474.34206527544023,,,890.7116689158612,1620.5175374388161,474.34206527544023,584.1659257209556,362.6815084363616,156.49035862383903
287,raspberrypi,190.0,2023-09-18,01:55:01,Whole,1102.639492709305,,5.35486786351633,,1743.5,2967.5,5.35486786351633,0,1,1,,0.0,1.0,,0.0,0.0,0.0,1347.5182610718916,,,2033.7210043609846,966.1064724604032,1347.5182610718916,1527.9115724218839,959.182114608205,1028.6607235826168
288,raspberrypi,404.0,2023-09-18,01:55:01,Whole,877.9707819201559,,3.055468625639005,,2975.25,1788.25,3.055468625639005,0,1,1,,0.0,1.0,,0.0,0.0,0.0,1028.7771338525674,,,1114.5058250587049,2260.331896021993,1028.7771338525674,1021.5074927756335,639.3432472265342,854.0134143907597
289,raspberrypi,425.0,2023-09-18,01:55:01,Whole,1324.8869803745356,,,,3119.5,2783.0,,0,0,1,,0.0,1.0,,0.0,0.0,0.0,1650.216728861402,,,2032.8910972994051,2284.066946417064,1650.216728861402,1737.0378303488567,1482.3759916830577,1316.1134751154307
290,raspberrypi,483.0,2023-09-18,01:55:01,Whole,672.6995331711963,,,,2488.5,1372.0,,0,0,1,,0.0,0.9743589743589743,,0.0,0.0,0.02564102564102564,563.9298106306982,,,490.5647623496715,2000.9474107696583,563.9298106306982,480.64450222965604,48.41967442078791,449.5747399309023
291,raspberrypi,486.0,2023-09-18,01:55:01,Whole,306.37673822698434,,1.441614194246296,,2171.375,1627.625,1.441614194246296,0,1,2,,0.05128205128205128,0.9487179487179487,,0.0,0.05128205128205128,0.05128205128205128,287.616021195707,,,654.4620732366849,1596.473223916903,287.616021195707,383.8603535043955,113.28179195821622,78.92391702075774
292,raspberrypi,493.0,2023-09-18,01:55:01,Whole,778.6427905848244,1.0,4.720899658758555,8.171979564340576,1359.9875,2086.0625,4.720899658758555,0,2,10,0.0,0.0,0.8461538461538461,,0.0,0.0,0.0,726.7268620018177,,,1351.1960613081678,678.7657707542384,726.7268620018177,895.2970280593081,364.78976523183735,550.9260671239988
293,raspberrypi,159.0,2023-09-18,06:20:01,Whole,427.688993097665,,,,1705.0,1564.75,,0,0,1,,0.0625,0.9375,,0.0,0.0625,0.0,242.0635058652717,,,718.4248834540408,1262.5675392420937,242.0635058652717,422.09415866538154,245.90943063015695,68.00198234665277
294,raspberrypi,447.0,2023-09-18,06:20:01,Whole,377.97157635155116,1.0,,54.108253760401475,2055.75,1960.625,,0,0,3,0.0,0.1875,0.8125,,0.0,0.1875,0.0,371.4437484835726,,,991.8641379442051,1339.5902904069574,371.4437484835726,581.1997258250911,220.93970125707384,0.0
295,raspberrypi,481.0,2023-09-18,06:20:01,Whole,93.98848735028419,,,,2154.5,1499.25,,0,0,1,,0.0625,0.9375,,0.0,0.0625,0.0625,274.59910200929596,,,525.8862124929803,1652.9759314179232,274.59910200929596,319.40339032276063,8.476552003436069,144.4862244362664
296,raspberrypi,621.0,2023-09-18,06:20:01,Whole,180.13891306770293,1.0,,9.322875931009701,2097.0375,1414.4625,,0,0,10,3.6062212810103395e-30,0.625,0.375,,0.0,0.625,0.625,251.09317445614062,,,444.2983016354803,1657.8694356234882,251.09317445614062,302.3709667483877,45.91769398493952,80.02710308465392
297,raspberrypi,638.0,2023-09-18,06:20:01,Whole,1245.5683346887856,,,,3113.5,2357.25,,0,0,1,,0.0,1.0,,0.0,0.0,0.0,1376.4476953417156,,,1657.2174163453615,2279.230822908998,1376.4476953417156,1432.6544425517911,1125.3746504442886,1085.6891861092784
298,raspberrypi,484.0,2023-09-18,04:15:01,Whole,715.6731682029755,0.8918918918918919,5.592119170289804,11.10236426782609,2241.6283333333336,855.79,4.77886928929722,0,136,75,157.8742022950749,0.0,0.025974025974025976,,0.974025974025974,0.0,0.935064935064935,673.8695220319477,,,0.0,2144.0877233154174,673.8695220319477,566.7457626124517,181.21857215759007,345.3862764409594
299,raspberrypi,485.0,2023-09-18,04:15:01,Whole,205.918371450768,0.0,3.246785200779622,,2514.313524590164,1734.4610655737702,1.6841216745842438,0,122,61,0.18617591826479896,0.0,1.0,,0.0,0.0,0.0,589.3493612504541,,,828.3772274111823,1850.0924298502118,589.3493612504541,617.81216144393,271.9528298001502,396.9369532185501
300,raspberrypi,493.0,2023-09-18,04:15:01,Whole,540.1452329393937,0.8421052631578947,4.102478353585994,10.85003291041202,2656.4155844155844,2034.2451298701299,1.7308651735092662,0,136,77,77.94170193251892,0.0,0.16883116883116883,,0.0,0.0,0.0,831.5832066793902,,,1162.0915404472078,1884.4839659129182,831.5832066793902,901.9741314567257,594.3536430102286,554.3338601310288
301,raspberrypi,17.0,2023-09-18,12:40:01,Whole,1699.4700578640457,,10.866798346416676,,1825.5,2926.25,6.6970135303765055,0,3,1,,0.0,1.0,,0.0,0.0,0.0,1298.9375367927641,,,1978.9195891165007,1031.5746280121302,1298.9375367927641,1478.3574776942557,921.5630544405639,969.714064134036
302,raspberrypi,109.0,2023-09-18,12:40:01,Whole,1576.6100548326026,,10.41515415850241,,1658.75,2674.5,10.41515415850241,0,1,1,,0.0,1.0,,0.0,0.0,0.0,1075.0865512446073,,,1767.115522849397,819.4209137006371,1075.0865512446073,1260.408539988106,670.4049828114236,774.7745771868149
303,raspberrypi,158.0,2023-09-18,12:40:01,Whole,1040.1221462128724,,7.6203190746732945,,1754.25,2004.0,7.035072506257585,0,3,1,,0.013513513513513514,0.9864864864864865,,0.0,0.013513513513513514,0.013513513513513514,425.15077361154033,,,1097.5519888460535,1047.8403863711294,425.15077361154033,615.8638367630699,0.0,126.29524059343785
304,raspberrypi,159.0,2023-09-18,12:40:01,Whole,561.623274534863,,5.261045425861614,,2130.75,1704.25,3.3253440703284287,0,3,1,,0.013513513513513514,0.9864864864864865,,0.0,0.013513513513513514,0.0,272.2998723171524,,,731.286306411733,1522.0592987129708,272.2998723171524,419.7487964054825,197.8125560983338,13.999610481970919
305,raspberrypi,250.0,2023-09-18,12:40:01,Whole,1580.9822173439852,,11.029742218473734,,1036.0,1374.75,9.084943507001359,0,2,1,,0.0,1.0,,0.0,0.0,0.0,815.7164018267378,,,1099.1402043663863,1055.0085244981485,815.7164018267378,897.5300257729848,456.3205080355985,578.7911450357877
306,raspberrypi,422.0,2023-09-18,12:40:01,Whole,1039.4470416259508,,7.2148188628761085,,1756.25,2005.75,6.20434173462567,0,3,1,,0.013513513513513514,0.9864864864864865,,0.0,0.013513513513513514,0.013513513513513514,425.7848756180218,,,1098.5646428613363,1048.8301123766275,425.7848756180218,616.5230187463771,0.0,126.10173648178235
307,raspberrypi,482.0,2023-09-18,12:40:01,Whole,980.1386530656133,1.0,8.299554588928789,181.55089416843796,2216.4453125,944.8046875,5.258165988022173,0,65,32,8943.878486850468,0.013513513513513514,0.5945945945945946,,0.06756756756756757,0.013513513513513514,0.06756756756756757,955.3935181433244,,,614.7908570389683,2161.2152425151885,955.3935181433244,902.8324561409075,409.729808339873,513.7051393253165
308,raspberrypi,486.0,2023-09-18,12:40:01,Whole,1041.0044883520518,0.6666666666666666,8.72606571550967,10.764816349813511,1746.85,1994.45,6.974226358347002,0,8,5,53.41584904682727,0.06756756756756757,0.9324324324324325,,0.0,0.06756756756756757,0.06756756756756757,420.5173489448126,,,1090.9665011278787,1045.6580147955135,420.5173489448126,611.3988599907977,0.0,123.92166980662603
309,raspberrypi,487.0,2023-09-18,12:40:01,Whole,283.80311950020877,1.0,5.075387929191862,71.40691985417807,2503.4583333333335,1217.6458333333333,2.038948994282226,0,13,12,2952.370052154433,0.0,0.8378378378378378,,0.013513513513513514,0.0,0.06756756756756757,645.0698429066558,,,386.78518524250507,2106.203562119808,645.0698429066558,555.3667969362165,212.15349921925775,485.093613548963
310,raspberrypi,491.0,2023-09-18,12:40:01,Whole,464.94734671545774,0.410958904109589,7.531116322625887,15.696455061290099,2764.6469594594596,982.7432432432432,5.436376201165785,0,88,74,117.3643791428735,0.0,0.5945945945945946,,0.0,0.0,0.0,951.3929138971088,,,480.69577456452896,2450.91702941491,951.3929138971088,834.2348699916531,486.80472424335204,732.3929948815996
311,raspberrypi,492.0,2023-09-18,12:40:01,Whole,1452.8086529350721,0.0,9.023656819466463,,3114.8870967741937,2786.532258064516,8.871890715837077,0,61,31,0.001526036224312087,0.0,1.0,,0.0,0.0,0.0,1649.489424470729,,,2034.0379079840975,2279.7644175616038,1649.489424470729,1736.8671933313103,1483.186229545039,1314.8340787724019
312,raspberrypi,683.0,2023-09-18,12:40:01,Whole,1576.8509846306797,,9.52347510479382,,1073.5,1748.0,9.52347510479382,0,1,1,,0.0,1.0,,0.0,0.0,0.0,799.3207934692782,,,1274.428494522699,726.2035738728493,799.3207934692782,930.3391644012748,585.2764008436048,631.4975203578897
313,raspberrypi,811.0,2023-09-18,12:40:01,Whole,1036.4298172846388,,7.86970553047882,,1754.5,1997.75,7.86970553047882,0,1,1,,0.013513513513513514,0.9864864864864865,,0.0,0.013513513513513514,0.013513513513513514,419.9288078337282,,,1091.5574952737638,1050.9128187253662,419.9288078337282,611.5180411114709,0.0,121.81571892578256
314,raspberrypi,106.0,2023-09-18,03:40:01,Whole,1391.9259718125527,,7.849535733508309,,1097.25,1916.75,7.051537395409279,0,2,1,,0.0,1.0,,0.0,0.0,0.0,832.1333887661006,,,1372.7481945581233,594.8681771508427,832.1333887661006,978.562985663771,542.4752946608234,707.7070136781952
315,raspberrypi,127.0,2023-09-18,03:40:01,Whole,1695.913179961417,,9.906553545068835,,988.5,976.5,9.810182352735229,0,2,1,,0.0,1.0,,0.0,0.0,0.0,986.837605995488,,,1028.0769394684023,1426.2375590886306,986.837605995488,1011.3863042512446,492.38125081615516,653.0779179355632
316,raspberrypi,404.0,2023-09-18,03:40:01,Whole,492.1068175588102,,3.831019775001715,,2974.375,1789.375,1.3140488817842502,0,5,2,,0.0,1.0,,0.0,0.0,0.0,1028.1809223179648,,,1114.7999266395004,2259.1441085284932,1028.1809223179648,1021.1543674618251,639.1819428385118,853.0275326666281
317,raspberrypi,484.0,2023-09-18,03:40:01,Whole,1039.1384924110548,0.7419354838709677,7.620225462441442,40.68569477368753,2155.65234375,804.17578125,5.167271464274571,0,64,32,2658.402108013323,0.038461538461538464,0.5897435897435898,,0.38461538461538464,0.038461538461538464,0.3333333333333333,698.3820504581727,,,30.206656548250304,2128.030834701095,698.3820504581727,597.6831164953339,186.65392722295405,351.07313727229536
318,raspberrypi,485.0,2023-09-18,03:40:01,Whole,288.1178777618694,0.18055555555555555,6.327942337070803,2.8690273935148713,2750.708904109589,1674.9109589041095,3.6207939216368383,0,109,73,1.1945036589701432,0.0,0.8333333333333334,,0.0,0.0,0.0,796.3903191183156,,,887.5732173921028,2090.615464741875,796.3903191183156,781.3792392710602,394.706864660507,637.0378178802097
319,raspberrypi,493.0,2023-09-18,03:40:01,Whole,516.4577963915525,0.05194805194805195,6.816862481811275,7.615640345534013,2411.150641025641,2290.809294871795,3.622178333476911,0,112,78,3.313144693885836,0.0,0.9487179487179487,,0.0,0.0,0.0,821.1755573311586,,,1339.1782521254556,1590.0177953558507,821.1755573311586,960.9770760460694,673.1752268071989,461.6868366585141
320,raspberrypi,524.0,2023-09-18,03:40:01,Whole,2221.388601876266,,10.819165837913738,,996.5,128.0,7.076225469556759,0,3,1,,0.0,1.0,,0.0,0.0,0.0,1570.1675978171972,,,1201.6922313028151,2262.367164005294,1570.1675978171972,1518.621867980261,1070.9401815611648,1121.3020592385092
321,raspberrypi,726.0,2023-09-18,03:40:01,Whole,497.950192188994,,2.601479609624961,,2980.25,1787.75,1.2773933430633884,0,2,1,,0.0,1.0,,0.0,0.0,0.0,1033.4219856088055,,,1117.3614438518916,2265.2307298127116,1033.4219856088055,1025.767302262217,643.3609025046903,859.0383160102847
322,raspberrypi,728.0,2023-09-18,03:40:01,Whole,1397.7143965637554,,8.254064965246293,,1787.0,2991.75,4.840034402460483,0,3,1,,0.0,1.0,,0.0,0.0,0.0,1366.9880529876962,,,2049.7963557974394,1015.2117002890197,1366.9880529876962,1546.246722777346,984.4710755695689,1041.793201120814
323,raspberrypi,110.0,2023-09-18,00:25:01,Whole,1236.4000411032023,,9.492213776794308,,1060.25,1374.0,9.492213776794308,0,1,1,,0.0,1.0,,0.0,0.0,0.0,792.8695086972405,,,1077.0960067636927,1063.6766418464194,792.8695086972405,874.9940721355233,433.6327586213718,554.5758213040497
324,raspberrypi,159.0,2023-09-18,00:25:01,Whole,1071.7982075198136,0.2692307692307692,7.1840012761213226,13.084599776514965,2246.4166666666665,809.7407407407408,7.006366915890785,0,49,27,28.551192576391873,0.0,0.625,,0.375,0.0,0.08333333333333333,714.6556402942213,,,0.0,2181.0400647076717,714.6556402942213,604.0775613908994,203.65935751895853,369.87378656865263
325,raspberrypi,482.0,2023-09-18,00:25:01,Whole,341.9167208282176,0.9857142857142858,4.064750219680391,26.29093023017205,2292.394366197183,2177.538732394366,1.701369834170123,1,53,71,1901.583613422798,0.0,0.041666666666666664,,0.0,0.0,0.0,672.4665162749761,,,1217.682295022045,1497.890343706872,672.4665162749761,828.5756925452208,442.05530350081597,242.31223733496756
326,raspberrypi,485.0,2023-09-18,00:25:01,Whole,705.2267203814672,,4.518348595922562,,1483.25,1878.75,2.870152916543308,0,3,1,,0.0,0.9861111111111112,,0.0,0.0,0.013888888888888888,502.5376669586593,,,1102.2251077932722,888.5264337000165,502.5376669586593,669.817078881787,158.16188631577054,349.4205928986987
327,raspberrypi,493.0,2023-09-18,00:25:01,Whole,491.65879806590397,0.19047619047619047,4.0977622709985395,4.900573945978165,1880.840909090909,2263.2613636363635,1.6714923176469898,0,44,22,2.9750727267304984,0.0,0.9444444444444444,,0.0,0.0,0.0,638.577535464653,,,1316.223824687355,1075.594651515844,638.577535464653,834.3316263696773,282.2796478275677,315.7109681857976
328,raspberrypi,621.0,2023-09-18,00:25:01,Whole,201.66174064507138,,1.687069032519099,,2003.25,1959.5,1.687069032519099,0,1,1,,0.013888888888888888,0.9861111111111112,,0.0,0.013888888888888888,0.013888888888888888,352.55103691612186,,,996.5487936169152,1291.688438688386,352.55103691612186,572.5001939525424,169.05399886338986,0.0
329,raspberrypi,657.0,2023-09-18,00:25:01,Whole,376.8977071301972,,0.6402418049080637,,2466.25,2134.5,0.6402418049080637,1,1,1,,0.0,1.0,,0.0,0.0,0.0,739.9338170969744,,,1196.9521301422787,1674.8220823061974,739.9338170969744,859.1245199912601,640.8944511224538,406.4510464762345
330,raspberrypi,987.0,2023-09-18,00:25:01,Whole,674.6532988431911,,,,1754.75,1363.0,,0,0,1,,0.013888888888888888,0.9861111111111112,,0.0,0.013888888888888888,0.013888888888888888,224.9514849177689,,,523.1647696734412,1440.9462766379054,224.9514849177689,367.45434090739207,174.24014117253796,0.0
331,raspberrypi,17.0,2023-09-18,03:20:01,Whole,1516.8004932756728,,8.73249239379624,,1463.25,2438.25,8.73249239379624,0,1,1,,0.0,1.0,,0.0,0.0,0.0,923.5094290544296,,,1607.7166688966377,630.7395145627318,923.5094290544296,1106.5053696183636,497.5786336482056,646.2385909554691
332,raspberrypi,374.0,2023-09-18,03:20:01,Whole,661.428601885695,,3.725105259795347,,2105.0,1377.0,3.725105259795347,0,1,2,,0.05263157894736842,0.9473684210526315,,0.0,0.05263157894736842,0.05263157894736842,285.596283014671,,,410.8166248050869,1688.1731003975733,285.596283014671,330.0816787949988,120.26307625415839,79.83894665468785
333,raspberrypi,404.0,2023-09-18,03:20:01,Whole,333.0282940427597,,1.245757776786433,,2975.75,1788.5,1.245757776786433,0,1,1,,0.0,1.0,,0.0,0.0,0.0,1029.3038419700229,,,1115.0197069203246,2260.7261638346577,1029.3038419700229,1022.0461487350018,639.9003419497895,854.4849653477011
334,raspberrypi,485.0,2023-09-18,03:20:01,Whole,83.13324218898035,0.75,4.56778514345934,10.826453800126668,2774.6385135135133,1563.7702702702702,3.725105259795347,0,3,37,34.21803249894639,0.0,0.2894736842105263,,0.0,0.0,0.0,811.0397493203967,,,815.9785313957276,2158.1283831376813,811.0397493203967,770.6936773413802,351.2347720931872,660.3116508332763
335,raspberrypi,159.0,2023-09-18,09:05:01,Whole,818.8852526399504,0.0,6.202310519852328,,1258.3461538461538,1673.326923076923,6.202310519852328,0,1,13,7.708428772559467e-27,0.0,1.0,,0.0,0.0,0.0,614.565299805615,,,1086.9863786717638,886.6664878046496,614.565299805615,749.9654009099575,435.7878686018703,434.03676917668724
336,raspberrypi,190.0,2023-09-18,09:05:01,Whole,441.79437026020713,,4.333051524647881,,2244.75,2363.0,1.147653641814669,0,2,1,,0.0,1.0,,0.0,0.0,0.0,802.1320885686115,,,1392.095260212551,1414.8898402710338,802.1320885686115,967.6607197694315,579.9144680917514,429.760622409845
337,raspberrypi,441.0,2023-09-18,09:05:01,Whole,732.1287509668375,,1.3104909032833563,,2634.5,2376.25,1.3104909032833563,0,1,1,,0.0,1.0,,0.0,0.0,0.0,1025.8942688212917,,,1474.4269287650004,1800.5532451404124,1025.8942688212917,1137.1175046379399,910.2270404144892,683.1550425993711
338,raspberrypi,447.0,2023-09-18,09:05:01,Whole,995.200598630581,1.0,7.9882790313309595,5.581576706181201,1698.5833333333333,1047.111111111111,6.833901328053262,0,11,9,0.16408505185131797,0.14754098360655737,0.8524590163934426,,0.0,0.14754098360655737,0.14754098360655737,447.13969636246793,,,368.5544104666394,1654.990880017902,447.13969636246793,457.08709984371535,58.73610094047875,0.9364313693621398
339,raspberrypi,493.0,2023-09-18,09:05:01,Whole,366.44384337199455,1.0,4.105919022762644,31.021969697413216,2260.9479166666665,2227.2161458333335,6.604311186328723,0,13,48,481.6855882281717,0.0,0.2459016393442623,,0.0,0.0,0.0,701.6398208827566,,,1265.3450032085948,1454.8193274041826,701.6398208827566,861.961671348783,552.8618061232658,346.94888255242427
340,raspberrypi,494.0,2023-09-18,09:05:01,Whole,854.7491919470609,,,,2301.75,1180.0,,0,0,1,,0.0,0.9836065573770492,,0.0,0.0,0.01639344262295082,482.7689842617253,,,234.6011337011629,1964.602986470486,482.7689842617253,401.1438279275033,128.332600827029,248.3261922006046
341,raspberrypi,683.0,2023-09-18,09:05:01,Whole,956.1533865090905,,7.411815003434028,,1790.75,2914.75,5.123191184609569,0,2,1,,0.0,1.0,,0.0,0.0,0.0,1290.2425935348672,,,1973.284362771228,994.9944883115436,1290.2425935348672,1470.5786331285276,907.7354373193432,965.9188806907028
342,raspberrypi,447.0,2023-09-17,20:50:01,Whole,156.70020908322138,,,,2081.75,1696.0,,0,0,1,,0.015151515151515152,0.9848484848484849,,0.0,0.015151515151515152,0.0,245.39501116931578,,,725.9108114057651,1484.1453547779497,245.39501116931578,408.25923310319223,210.441462655718,0.0
343,raspberrypi,493.0,2023-09-17,20:50:01,Whole,822.6278339349708,1.0,5.935654808440073,17.290662885801503,1419.9833333333333,2324.7166666666667,5.451975320090729,0,27,15,4.7405861614749165,0.0,0.803030303030303,,0.0,0.0,0.0,852.9251325886055,,,1524.555946225022,616.2176286982796,852.9251325886055,1032.666574211279,440.70864234202395,609.7591437140893
344,raspberrypi,494.0,2023-09-17,20:50:01,Whole,303.6740056123332,1.0,5.0755945964896885,15.240636691782633,2096.78125,1550.38125,4.415274583657445,0,31,20,46.41922197257364,0.30303030303030304,0.696969696969697,,0.0,0.30303030303030304,0.30303030303030304,237.93966319877404,,,580.1634983342067,1576.440489587259,237.93966319877404,338.3555482045999,86.82823412273517,79.00459668655772
345,raspberrypi,496.0,2023-09-17,20:50:01,Whole,1004.8182030118487,1.0,5.509319854225592,95.67873063633061,2266.410714285714,1836.202380952381,4.883871137139497,0,35,63,8018.008497336543,0.09090909090909091,0.06060606060606061,,0.24242424242424243,0.09090909090909091,0.22727272727272727,993.4289493756297,,,1163.059667333539,1749.8533053722797,993.4289493756297,1037.0841576936423,701.7939672891197,803.1139120194481
346,raspberrypi,683.0,2023-09-17,20:50:01,Whole,1280.0703185770587,,,,861.0,1496.75,,0,0,1,,0.0,1.0,,0.0,0.0,0.0,974.3886050679899,,,1310.3909562259942,890.7528585290684,974.3886050679899,1068.961358587786,665.7940135356907,759.5186581008277
347,raspberrypi,691.0,2023-09-17,20:50:01,Whole,503.6249458635189,,5.510755430649671,,2194.5,2345.25,5.510755430649671,0,1,1,,0.0,1.0,,0.0,0.0,0.0,767.1605957813026,,,1372.327641382323,1367.5903358792566,767.1605957813026,939.1358453692125,531.0088824931593,394.82928701701064
348,raspberrypi,17.0,2023-09-18,05:05:01,Whole,792.8361157604273,,4.328992314894233,,2668.75,2966.75,4.328992314894233,0,1,1,,0.0,1.0,,0.0,0.0,0.0,1527.908953697028,,,2053.4684552950434,1861.7517253998662,1527.908953697028,1658.5141193118968,1308.6297806158518,1161.5554654562113
349,raspberrypi,493.0,2023-09-18,05:05:01,Whole,88.80593366013095,0.6176470588235294,4.328992314894233,10.401679301551539,2710.9057971014495,2163.5289855072465,4.328992314894233,0,1,69,172.65493169197208,0.0,0.391304347826087,,0.0,0.0,0.0,945.69160615085,,,1303.140949341739,1907.8596626398785,945.69160615085,1026.1190020126548,743.7673333707578,678.2935365640149
350,raspberrypi,17.0,2023-09-17,23:30:01,Whole,233.60564489278534,,1.68199378439707,,2372.25,2430.75,1.610975431915486,0,2,1,,0.0,1.0,,0.0,0.0,0.0,918.1625682674596,,,1471.6458090081173,1534.4058821113083,918.1625682674596,1067.5205026488031,720.7662471154915,549.3925345189175
351,raspberrypi,128.0,2023-09-17,23:30:01,Whole,1002.4920974623731,,5.708009313398449,,2711.75,1260.5,5.007724245142943,0,2,1,,0.0,1.0,,0.0,0.0,0.0,792.4084199443602,,,555.4329246198879,2249.086325367643,792.4084199443602,698.050047756218,295.1841555958381,655.0775314396515
352,raspberrypi,414.0,2023-09-17,23:30:01,Whole,601.8240496395175,,3.261234229645203,,1860.0,1856.75,2.2195163510288953,0,2,1,,0.012658227848101266,0.9873417721518988,,0.0,0.012658227848101266,0.012658227848101266,276.5690952907601,,,925.3204680271369,1211.351198379963,276.5690952907601,495.7451571300488,31.631863305457642,0.0
353,raspberrypi,485.0,2023-09-17,23:30:01,Whole,253.2447436354138,0.0,3.3854118302681333,,2607.684294871795,2225.036858974359,2.421275417562831,0,79,78,0.09411902499803385,0.0,1.0,,0.0,0.0,0.0,901.4933354674673,,,1322.12043350444,1794.7740654779266,901.4933354674673,1004.3818081879654,762.5770404793664,574.282340385035
354,raspberrypi,493.0,2023-09-17,23:30:01,Whole,253.94686319283824,0.34210526315789475,3.2502046013285244,14.695029591325213,2102.4886363636365,2183.6136363636365,2.421275417562831,0,79,77,82.96604433193095,0.0,0.6708860759493671,,0.0,0.0,0.0,590.506092357027,,,1213.3250635049499,1310.2704349153978,590.506092357027,777.6243473130362,386.0177940892738,223.10692756432144
355,raspberrypi,37.0,2023-09-18,11:20:01,Whole,536.8334187404942,,,,1033.75,1485.75,,0,0,1,,0.0,1.0,,0.0,0.0,0.0,808.60346194544,,,1153.9378420646221,949.5967166235582,808.60346194544,906.5408088439528,508.64853600984367,586.7435524515446
356,raspberrypi,425.0,2023-09-18,11:20:01,Whole,1299.1519380209397,,,,2764.5,914.5,,0,0,1,,0.0,1.0,,0.0,0.0,0.0,985.068078237167,,,462.823656368085,2491.5376038340914,985.068078237167,863.6024569314144,545.7528605679496,767.2464996678688
357,raspberrypi,486.0,2023-09-18,11:20:01,Whole,549.6844189822147,1.0,2.9817985933869906,11.096006108373293,2100.4196428571427,1363.5089285714287,5.048405211943417,1,8,14,136.26193466502826,0.3684210526315789,0.631578947368421,,0.02631578947368421,0.3684210526315789,0.3684210526315789,279.03552654137644,,,396.67864347871955,1695.2150922390485,279.03552654137644,311.3046492116397,37.044360480040325,91.18408700395692
358,raspberrypi,491.0,2023-09-18,11:20:01,Whole,739.0912894783955,1.0,,42.01034737944209,2256.375,1678.4375,,0,0,4,761.1989261172064,0.10526315789473684,0.8947368421052632,,0.0,0.10526315789473684,0.07894736842105263,358.56710069915124,,,710.7529488092779,1644.3145422518196,358.56710069915124,438.3781581908659,147.83895991645846,144.6351954641742
359,raspberrypi,493.0,2023-09-18,11:20:01,Whole,450.3824359098883,0.3333333333333333,4.588065900675999,2.6560504058468077,1115.675,1420.505,5.048405211943417,0,8,25,1.3030615720054055,0.0,0.7894736842105263,,0.0,0.0,0.0,734.8787212658036,,,1050.3106363206527,1040.3800829133263,734.8787212658036,825.7703902064401,404.8793950255901,499.61410368967745
360,raspberrypi,496.0,2023-09-18,11:20:01,Whole,349.73034630809593,,2.523039311082623,,1915.75,1418.25,0.9167720037936146,1,2,1,,0.02631578947368421,0.9736842105263158,,0.0,0.02631578947368421,0.0,186.44294970637435,,,492.06144116809327,1516.8446993290165,186.44294970637435,325.8355780489277,223.63908835696196,0.0
361,raspberrypi,190.0,2023-09-17,23:50:01,Whole,1199.071113414104,,7.251303081850072,,1892.25,2170.25,7.251303081850072,0,1,1,,0.0,1.0,,0.0,0.0,0.0,546.7229186092812,,,1222.7377443006471,1112.167586664098,546.7229186092812,747.4555125689162,203.3218426352731,226.60536055571163
362,raspberrypi,470.0,2023-09-17,23:50:01,Whole,1457.6996340614726,,6.880407791567074,,702.0,755.75,5.788253497744674,0,2,1,,0.0,1.0,,0.0,0.0,0.0,1340.3924334006917,,,1305.966893798816,1608.7954983064767,1340.3924334006917,1352.2613464210758,841.1034290208378,989.9545915824949
363,raspberrypi,481.0,2023-09-17,23:50:01,Whole,207.97361020186813,0.20512820512820512,6.686816963355059,3.4120375691023646,2239.6693037974683,814.6629746835443,7.03544756635054,0,22,79,1.5823473203198226,0.0,0.0,,1.0,0.0,0.6075949367088608,707.1332357658295,,,0.0,2172.8098951100033,707.1332357658295,597.3100283144313,193.02155518233343,359.2414082635301
364,raspberrypi,485.0,2023-09-17,23:50:01,Whole,782.1581590021498,0.0,4.436065741315689,,2716.625,1525.0,4.435959240550719,0,8,8,9.847388245137456e-26,0.0,1.0,,0.0,0.0,0.0,755.5096321059266,,,746.8973914637834,2122.8056657305856,755.5096321059266,707.6364711984503,292.1473003472949,624.8645877524527
365,raspberrypi,493.0,2023-09-17,23:50:01,Whole,1187.0976180066016,0.0,6.437795221304839,,1236.5625,1767.4583333333333,7.073565455602954,0,13,12,1.0052542169117947e-26,0.0,1.0,,0.0,0.0,0.0,657.7934179495556,,,1168.6204780632977,797.6159798393659,657.7934179495556,800.847599688124,419.8339168913183,504.10923740970935
366,raspberrypi,96.0,2023-09-18,06:45:01,Whole,114.12243098301157,,,,2147.0,1554.0,,0,0,1,,0.08333333333333333,0.9166666666666666,,0.0,0.08333333333333333,0.08333333333333333,267.19914385418656,,,580.7053475432697,1615.6918608628305,267.19914385418656,341.8915329064286,55.08682214079671,105.12799481381633
367,raspberrypi,109.0,2023-09-18,06:45:01,Whole,1080.7206373157396,,,,2897.25,2444.0,,0,0,1,,0.0,1.0,,0.0,0.0,0.0,1258.4266453868133,,,1631.36167170803,2057.180016491644,1258.4266453868133,1343.1212020451828,1078.2735050643919,935.7801093962402
368,raspberrypi,250.0,2023-09-18,06:45:01,Whole,1618.2715354929796,,,,737.75,869.0,,0,0,1,,0.0,1.0,,0.0,0.0,0.0,1253.7172084213018,,,1269.4662630550658,1497.5120327480704,1253.7172084213018,1275.4269819092135,764.4773812487343,922.0814077942077
369,raspberrypi,462.0,2023-09-18,06:45:01,Whole,564.0008699787664,,,,2459.5,2136.25,,0,0,1,,0.0,1.0,,0.0,0.0,0.0,736.4170991951463,,,1197.1278944624369,1667.849962235709,736.4170991951463,857.1263214307825,641.5378895882054,401.50037101501414
370,raspberrypi,470.0,2023-09-18,06:45:01,Whole,565.5391436527378,,,,2462.25,2136.25,,0,0,1,,0.0,1.0,,0.0,0.0,0.0,738.3313036652023,,,1197.7464591982969,1670.5236211840554,738.3313036652023,858.4906058824588,641.9717134176856,403.8713702477766
371,raspberrypi,493.0,2023-09-18,06:45:01,Whole,114.3916351143572,0.0,,,2147.8333333333335,1553.75,,0,0,6,0.02122040895922762,0.5,0.5,,0.0,0.5,0.5,267.74637318647837,,,580.444035981321,1616.5227700030985,267.74637318647837,341.85799936067593,54.32435637381539,105.91397311282
372,raspberrypi,665.0,2023-09-18,06:45:01,Whole,112.91784478167702,,,,2148.75,1555.25,,0,0,1,,0.08333333333333333,0.9166666666666666,,0.0,0.08333333333333333,0.08333333333333333,268.33821607623344,,,581.9321315678674,1616.4450020739084,268.33821607623344,342.64211215804,55.17242736605009,105.32179449137278
373,raspberrypi,470.0,2023-09-18,16:15:01,Whole,2330.6492516702365,,12.372966663853477,,699.25,756.5,8.400009273638384,0,2,1,,0.0,1.0,,0.0,0.0,0.0,1342.3148215965746,,,1308.6800468744245,1607.9398760228848,1342.3148215965746,1354.361740043587,843.2656138446577,992.2908090222063
374,raspberrypi,482.0,2023-09-18,16:15:01,Whole,1094.8276734059425,1.0,7.000951038056598,15.831140198987564,2724.0,1260.5,8.092451184326098,0,4,3,,0.0,0.9873417721518988,,0.0,0.0,0.0,803.539922222609,,,565.1544881283605,2259.456850851551,803.539922222609,709.4768217146277,312.1418884428666,669.7002755700327
375,raspberrypi,486.0,2023-09-18,16:15:01,Whole,779.4853133476873,1.0,5.247236667939702,11.933014848215906,1696.828488372093,2055.6686046511627,8.206684590669498,0,58,43,104.69548463954956,0.0759493670886076,0.45569620253164556,,0.0,0.0759493670886076,0.5443037974683544,492.44377264425356,,,1165.700400760585,973.5121035160054,492.44377264425356,678.6578370064392,53.863191871218646,204.89499997842955
376,raspberrypi,487.0,2023-09-18,16:15:01,Whole,1032.9945316134488,0.0,5.870947445144074,,1641.610576923077,1650.0576923076924,9.648082377272418,0,35,26,0.037779770506106265,0.3291139240506329,0.6708860759493671,,0.0,0.3291139240506329,0.3291139240506329,299.55961589871487,,,824.3117228640411,1158.0648597839768,299.55961589871487,476.7892175283488,178.63360430590237,162.9961800757176
377,raspberrypi,492.0,2023-09-18,16:15:01,Whole,842.2324937677421,0.0,10.066677378569674,,3135.5079113924053,2778.1170886075947,8.352952882256192,0,79,79,0.045639976904579244,0.0,1.0,,0.0,0.0,0.0,1658.045636025589,,,2035.6205829824557,2299.624783371704,1658.045636025589,1743.3436229455212,1486.0385099398943,1325.3260499027645
378,raspberrypi,496.0,2023-09-18,16:15:01,Whole,706.5412976668485,1.0,5.05123620418017,36.36999922612514,1996.8333333333333,1759.0,2.208111552775961,0,12,6,229.9195703645707,0.0759493670886076,0.9240506329113924,,0.0,0.0759493670886076,0.02531645569620253,237.10531852085893,,,800.541860761,1379.7282013610238,237.10531852085893,440.66338340514176,207.11349238630308,0.0
379,raspberrypi,379.0,2023-09-18,01:10:01,Whole,238.38898945575318,,0.7348580526632597,,2244.5,2357.0,0.7348580526632597,1,1,1,,0.0,1.0,,0.0,0.0,0.0,796.5706612203857,,,1386.090723040663,1415.4407326321739,796.5706612203857,962.1784394962548,575.7307839508119,424.17273385519326
380,raspberrypi,404.0,2023-09-18,01:10:01,Whole,1024.0321776719486,,5.6207851196914715,,2976.625,1788.5,5.6207851196914715,0,1,2,,0.0,1.0,,0.0,0.0,0.0,1030.134654008088,,,1115.585338703794,2261.5555864119615,1030.134654008088,1022.8240735257623,640.6480078927925,855.3553182874127
381,raspberrypi,447.0,2023-09-18,01:10:01,Whole,594.5209014993477,,3.421389703985575,,2052.0,1626.75,3.421389703985575,0,1,1,,0.01818181818181818,0.9818181818181818,,0.0,0.01818181818181818,0.01818181818181818,217.94191395636628,,,660.2734752118283,1496.267913384607,217.94191395636628,370.69756870468035,171.23171791065357,0.0
382,raspberrypi,470.0,2023-09-18,01:10:01,Whole,1246.6084995003416,,,,1038.75,1490.25,,0,0,1,,0.0,1.0,,0.0,0.0,0.0,803.7246302480056,,,1151.9358213659111,947.1271122340454,803.7246302480056,902.4588204115335,506.78471621046543,582.3990717080409
383,raspberrypi,493.0,2023-09-18,01:10:01,Whole,86.00338688620461,0.5306122448979592,3.2590109587801024,8.39338617431226,2053.7259615384614,2286.7908653846152,3.421389703985575,1,3,52,33.09842663549541,0.0,0.5272727272727272,,0.0,0.0,0.0,675.4713837100018,,,1318.422642104269,1239.1207324100583,675.4713837100018,863.0026419884059,364.6535602040762,308.104527222033
384,raspberrypi,524.0,2023-09-18,01:10:01,Whole,1886.9405450725155,,,,732.5,869.0,,0,0,1,,0.0,1.0,,0.0,0.0,0.0,1258.2734715265208,,,1274.713432547347,1497.1903127677604,1258.2734715265208,1280.1673977471485,769.4206469533864,927.1565956809461
385,raspberrypi,110.0,2023-09-17,20:45:01,Whole,1306.9114749257724,,6.716899478898139,,1075.25,1858.25,6.716899478898139,0,1,1,,0.0,1.0,,0.0,0.0,0.0,829.8390706561187,,,1347.1051334777092,631.5046168936133,829.8390706561187,970.6697373688264,566.3327017564357,689.0407151291266
386,raspberrypi,481.0,2023-09-17,20:45:01,Whole,304.59112328983605,0.1956521739130435,4.7126458038468355,20.47391904927746,2316.1382978723404,1737.093085106383,2.631989845826214,0,68,47,160.01237713513123,0.0625,0.875,,0.0,0.0625,0.0,420.097888476695,,,777.4330356424629,1669.9611031660734,420.097888476695,500.6362608072667,219.37424141633062,197.1472470079387
387,raspberrypi,485.0,2023-09-17,20:45:01,Whole,294.150799121301,0.0,2.19555973916607,,2661.814393939394,2000.2234848484848,2.1725215222020893,0,53,33,0.11849744844846379,0.0,1.0,,0.0,0.0,0.0,815.2226622835168,,,1130.251821744037,1898.0993918239376,815.2226622835168,879.5594536708411,576.3097443642127,545.8514972018818
388,raspberrypi,493.0,2023-09-17,20:45:01,Whole,214.22656801538247,0.0,5.589237426554483,,2317.8015625,2244.371875,2.1901997990581075,0,82,80,0.0826794804739257,0.0,1.0,,0.0,0.0,0.0,731.7300135573478,,,1280.0024093706525,1506.2787482292654,731.7300135573478,885.7189105403153,569.051030061945,365.1748736941265
389,raspberrypi,524.0,2023-09-17,20:45:01,Whole,2011.9261208968333,,10.07181915020805,,732.0,868.25,9.303495956002905,0,2,1,,0.0,1.0,,0.0,0.0,0.0,1259.0585915270099,,,1275.1887903452669,1497.909183429379,1259.0585915270099,1280.893058187336,770.1436593723915,927.8316742110105
390,raspberrypi,447.0,2023-09-17,23:25:01,Whole,423.0802166705366,,2.2406623566624004,,2001.5,2213.25,2.2406623566624004,0,1,1,,0.0,1.0,,0.0,0.0,0.0,592.6999924029839,,,1248.6048999371305,1204.922369063833,592.6999924029839,788.8180449302852,302.1871719966614,237.55666655435573
391,raspberrypi,481.0,2023-09-17,23:25:01,Whole,679.372655897602,,3.6461999981200206,,2160.25,1494.0,3.6461999981200206,0,1,1,,0.012658227848101266,0.9873417721518988,,0.0,0.012658227848101266,0.012658227848101266,278.9228053798039,,,520.634806949507,1660.7020309639408,278.9228053798039,317.72713904106,0.6910754006288187,148.74771714456404
392,raspberrypi,482.0,2023-09-17,23:25:01,Whole,651.394630479486,,3.508823989174999,,2159.75,1524.5,3.508823989174999,0,1,1,,0.012658227848101266,0.9873417721518988,,0.0,0.012658227848101266,0.012658227848101266,276.4549305669055,,,551.1328228007474,1642.8373794142374,276.4549305669055,329.9160158629873,23.618932605815615,136.03370268054283
393,raspberrypi,485.0,2023-09-17,23:25:01,Whole,27.901634340835344,0.0,3.368843545791133,,2430.0791139240505,2147.272151898734,3.5775119936475095,0,4,79,0.062059227037522084,0.0,1.0,,0.0,0.0,0.0,723.9965096147591,,,1201.6396582677235,1636.670254626444,723.9965096147591,851.6155638313637,631.4779179282505,382.78916951927187
394,raspberrypi,621.0,2023-09-17,23:25:01,Whole,763.0988715823639,,4.079687839207114,,2148.5,1408.75,4.079687839207114,0,1,1,,0.012658227848101266,0.9873417721518988,,0.0,0.012658227848101266,0.012658227848101266,284.3189234608029,,,435.4491139136514,1701.8823897011782,284.3189234608029,300.3593680362985,0.0,131.65788883963376
395,raspberrypi,250.0,2023-09-18,12:15:01,Whole,1318.4548239148417,,,,1096.0,1375.0,,0,0,1,,0.0,1.0,,0.0,0.0,0.0,759.0007001651063,,,1045.7254642882901,1075.2174679147795,759.0007001651063,841.9866175831173,401.3264376579728,518.8121432996218
396,raspberrypi,481.0,2023-09-18,12:15:01,Whole,216.61692967603892,1.0,4.471276831091025,37.64426210285817,2592.435185185185,1291.7222222222222,4.471276831091025,0,1,27,815.2809119605688,0.0,0.1875,,0.0,0.0,0.4375,684.0524098947928,,,492.91651800085197,2134.2559920055946,684.0524098947928,594.6478578029761,186.20589125442083,527.016736977647
397,raspberrypi,491.0,2023-09-18,12:15:01,Whole,789.817868977357,1.0,,18.473141163441706,1708.625,1705.75,,0,0,4,1.6174804000651626e-26,0.0625,0.875,,0.0,0.0625,0.125,276.8838999852891,,,840.0148174538514,1172.5615315516204,276.8838999852891,464.8402343198794,105.71798656010766,189.23180286945032
398,raspberrypi,494.0,2023-09-18,12:15:01,Whole,688.3738795764289,,4.471276831091025,,1743.5,1505.75,4.471276831091025,0,1,1,,0.03125,0.96875,,0.0,0.03125,0.0,214.01680676499691,,,648.0108561912559,1331.1330780544774,214.01680676499691,392.1220515273241,283.28121812608686,11.815086961693751
399,raspberrypi,159.0,2023-09-18,08:40:01,Whole,1099.6463278561553,0.0,6.917340464030885,,1281.076923076923,1810.3846153846155,6.918090776074018,0,13,13,0.053004490539004086,0.0,1.0,,0.0,0.0,0.0,633.4754297760134,,,1169.7208932338954,791.7836511694388,633.4754297760134,783.1882058690243,368.9256981967046,499.7232632420098
400,raspberrypi,384.0,2023-09-18,08:40:01,Whole,1627.8605880781604,,8.898678757115933,,2894.0,2435.5,8.898678757115933,0,1,1,,0.0,1.0,,0.0,0.0,0.0,1250.446341481381,,,1622.2795257838548,2054.449319409274,1250.446341481381,1334.808146400957,1069.2435541858038,928.4478046573305
401,raspberrypi,496.0,2023-09-18,08:40:01,Whole,259.6153122847365,0.42857142857142855,7.908009610573409,18.777578303126965,2211.90234375,827.716796875,6.918519259753483,0,14,64,561.5797163024201,0.0,0.015384615384615385,,0.9846153846153847,0.0,0.8769230769230769,684.4384055284887,,,3.817342719401276,2144.9185706844214,684.4384055284887,577.9784741698182,150.4424401855798,316.3672647659437
402,raspberrypi,683.0,2023-09-18,08:40:01,Whole,1903.594382440076,,,,1794.75,2921.0,,0,0,1,,0.0,1.0,,0.0,0.0,0.0,1296.0838012575223,,,1978.7557717428415,1000.5922076734869,1296.0838012575223,1476.2439196524615,914.1879959995448,971.0902177986037
403,raspberrypi,404.0,2023-09-18,02:00:01,Whole,855.5953326933919,0.0,3.4220588054376373,,2976.03125,1788.1354166666667,2.409706116749142,0,23,12,3.43801387104425e-26,0.0,1.0,,0.0,0.0,0.0,1029.495356693596,,,1114.9240483366411,2261.1089268909527,1029.495356693596,1022.1593678336382,639.8554835533741,854.653960966531
404,raspberrypi,486.0,2023-09-18,02:00:01,Whole,508.6585901902582,1.0,3.589953475885189,14.512902714343621,2243.3901515151515,1595.9507575757575,2.850686530724702,0,59,33,147.82688560412652,0.38666666666666666,0.56,,0.0,0.38666666666666666,0.44,338.2162068285118,,,628.2737314871421,1674.3632630609154,338.2162068285118,386.5602589681493,79.98414532963186,159.92640515419214
405,raspberrypi,493.0,2023-09-18,02:00:01,Whole,465.1714136646982,1.0,2.7834111151147205,30.640760555180634,2501.846666666667,884.7766666666666,2.0826252462647683,0,71,75,382.5370366197229,0.0,0.0,,0.32,0.0,0.0,884.1814047056612,,,335.07498953487635,2335.6009486993785,884.1814047056612,780.9910469600218,453.5402813643717,620.8458089819817
406,raspberrypi,494.0,2023-09-18,02:00:01,Whole,289.43384337095085,0.0,2.881175891722537,,2231.966346153846,918.9519230769231,2.128462254952554,0,41,26,0.13834848144820652,0.0,0.6533333333333333,,0.3466666666666667,0.0,0.3466666666666667,616.555536249865,,,0.0,2091.5201605807356,616.555536249865,515.398460559875,131.47276272067523,291.16117973561916
407,raspberrypi,17.0,2023-09-18,07:10:01,Whole,1711.935152200429,,,,2872.75,2365.0,,0,0,1,,0.0,1.0,,0.0,0.0,0.0,1189.2266923436493,,,1549.3505539829964,2038.7742224862782,1189.2266923436493,1269.9396861551209,997.1326217529074,873.7487305922577
408,raspberrypi,159.0,2023-09-18,07:10:01,Whole,35.01960808877126,0.0,1.9173226001096437,,1405.7674418604652,1417.7151162790697,1.9173226001096437,0,1,43,0.08520544603227137,0.0,0.022727272727272728,,0.0,0.0,0.9772727272727273,468.7208142699289,,,807.9235739499651,1180.91640909799,468.7208142699289,576.3744889985785,189.86683170818276,209.3588507666736
409,raspberrypi,441.0,2023-09-18,07:10:01,Whole,384.8750736069441,,1.9173226001096437,,1067.75,1569.75,1.9173226001096437,0,1,1,,0.0,1.0,,0.0,0.0,0.0,777.6742223340669,,,1170.4074456699675,884.3010267279956,777.6742223340669,888.2790582319088,530.0476724310284,569.8588778135405
410,raspberrypi,159.0,2023-09-18,07:00:01,Whole,493.55534512386504,0.0,5.369026904234571,,1397.030701754386,1434.2302631578948,5.291542386426956,0,45,57,0.03933820552572021,0.0,1.0,,0.0,0.0,0.0,474.67627892335986,,,825.0561927509166,1162.3336199095447,474.67627892335986,585.264796193615,208.00504619074388,219.97440015385698
411,raspberrypi,481.0,2023-09-18,07:00:01,Whole,591.1017777703465,0.7872340425531915,3.9232178246190608,6.295714837053796,2206.005102040816,762.3137755102041,5.29620070429179,2,49,49,97.5046758294879,0.0,0.36,,0.64,0.0,0.3466666666666667,740.9883550750264,,,11.105322596951003,2190.9226482574973,740.9883550750264,631.2148748541488,192.37438577284695,355.0043165471589
412,raspberrypi,493.0,2023-09-18,07:00:01,Whole,921.8734886794336,1.0,5.818526200098115,155.79958414193374,2286.7578125,1942.4296875,5.238954656992881,0,26,16,3439.982884619599,0.013333333333333334,0.7866666666666666,,0.0,0.013333333333333334,0.04,604.2771156584984,,,1009.703134879792,1575.9335106112,604.2771156584984,709.6755620787533,348.2411550899756,280.86138446250476
413,raspberrypi,621.0,2023-09-18,07:00:01,Whole,526.2103059033581,1.0,2.670105633361007,16.617009357883866,2142.125,790.625,0.256710247764939,2,4,2,,0.0,0.9733333333333334,,0.02666666666666667,0.0,0.02666666666666667,688.7844878917173,,,0.0,2126.44003724739,688.7844878917173,585.480846802111,142.01722290475303,301.50577508688144
414,raspberrypi,105.0,2023-09-18,17:10:01,Whole,1803.523979073081,,,,2171.75,2965.75,,0,0,1,,0.0,1.0,,0.0,0.0,0.0,1359.144774768458,,,1992.426427698493,1376.101479588337,1359.144774768458,1524.4392448334388,1042.434388704218,997.0127608416091
415,raspberrypi,106.0,2023-09-18,17:10:01,Whole,504.83515845199065,,,,1070.0,1685.5,,0,0,1,,0.0,1.0,,0.0,0.0,0.0,789.4762553742324,,,1237.3963964731338,780.2006795398088,789.4762553742324,913.9072522205977,605.8864151701589,606.7462969300223
416,raspberrypi,470.0,2023-09-18,17:10:01,Whole,353.27485174246834,1.0,3.395344369542603,8.107850818679337,1073.5555555555557,1374.7777777777778,3.2185400992839885,0,8,9,9.618475835905768e-26,0.0,0.8157894736842105,,0.0,0.0,0.0,780.2099982583685,,,1065.6068330201945,1067.612003571809,780.2099982583685,862.7197673397993,420.3785776074306,539.8864919176913
417,raspberrypi,481.0,2023-09-18,17:10:01,Whole,507.3751270290868,1.0,3.2805824813623796,94.65285536389781,1078.327380952381,988.0892857142857,3.059154314623444,0,13,21,2642.1285508940623,0.0,0.47368421052631576,,0.0,0.0,0.15789473684210525,932.0762998932939,,,1012.0178662187575,1468.1944646641086,932.0762998932939,970.1223532075231,357.24847940226215,527.71047267616
418,raspberrypi,484.0,2023-09-18,17:10:01,Whole,725.2369120360197,1.0,,52.72843101276117,2122.45,1513.55,,0,0,5,193.0688443987299,0.13157894736842105,0.868421052631579,,0.0,0.13157894736842105,0.13157894736842105,255.85117766036495,,,542.707789147071,1618.7043387992585,255.85117766036495,326.27286706158867,20.02556803441665,129.46160158043784
419,raspberrypi,486.0,2023-09-18,17:10:01,Whole,501.82109984371436,1.0,3.165820593182157,34.456311581145265,1824.4038461538462,1612.7307692307693,3.059154314623444,0,5,13,183.8359772303239,0.34210526315789475,0.6578947368421053,,0.0,0.34210526315789475,0.21052631578947367,216.6565381226157,,,710.4671831360433,1321.5969934048871,216.6565381226157,400.0026310589061,185.9646376550575,93.57276927733822
420,raspberrypi,541.0,2023-09-18,17:10:01,Whole,1287.3084801218238,,,,2709.0,1261.0,,0,0,1,,0.0,1.0,,0.0,0.0,0.0,789.7766646814963,,,553.589066637639,2246.4950683871525,789.7766646814963,695.4168363728317,292.4409642949105,652.3491267755724
421,raspberrypi,481.0,2023-09-18,12:25:01,Whole,747.438855429471,,2.7589065518948206,,1734.75,1813.5,1.279301423155448,0,2,1,,0.020833333333333332,0.9791666666666666,,0.0,0.020833333333333332,0.020833333333333332,307.20510389127736,,,926.5325933852973,1128.8966401429468,307.20510389127736,497.2561310642315,0.0,115.363576584853
422,raspberrypi,482.0,2023-09-18,12:25:01,Whole,317.4841598572095,0.4444444444444444,4.0808364911689905,58.96389490376382,2179.431818181818,1036.6363636363637,3.672895701684086,0,10,11,929.2349775034672,0.125,0.7708333333333334,,0.22916666666666666,0.125,0.20833333333333334,500.45980281867185,,,91.48959286513883,1971.600043997956,500.45980281867185,427.89851776527195,9.02932207907837,104.62228678028163
423,raspberrypi,486.0,2023-09-18,12:25:01,Whole,527.9903134221547,1.0,4.046702907440945,13.606764431430168,2014.77734375,1764.12890625,6.402468329388335,0,25,32,139.25284693908895,0.6666666666666666,0.3333333333333333,,0.0,0.6666666666666666,0.22916666666666666,241.56966335306376,,,801.8314082785214,1391.8441323481509,241.56966335306376,442.475079569639,205.32658728328644,0.0
424,raspberrypi,491.0,2023-09-18,12:25:01,Whole,898.8250029895069,1.0,7.204880318968634,100.74632372272167,2770.461956521739,581.2554347826087,7.1046100077616146,0,18,23,4034.4204997148217,0.0,0.5416666666666666,,0.0,0.0,0.0,1216.075462371972,,,535.6152940565299,2718.788302355494,1216.075462371972,1085.0544624707397,682.921615030647,848.6294009616224
425,raspberrypi,496.0,2023-09-18,12:25:01,Whole,561.7296187988674,1.0,4.348070812674022,10.399367706111969,2248.5555555555557,1874.5694444444443,4.368318479412215,0,3,9,134.70270864351488,0.1875,0.8125,,0.0,0.1875,0.0,422.14640495227115,,,905.2075092915743,1550.4155978329466,422.14640495227115,566.0833877069556,347.8565052818969,130.02564643776003
426,raspberrypi,17.0,2023-09-18,10:50:01,Whole,810.2376279628099,,,,2486.5,2349.5,,0,0,1,,0.0,1.0,,0.0,0.0,0.0,911.9776398757095,,,1411.1550254880167,1656.4097337647931,911.9776398757095,1042.7239740690543,767.8203366361716,555.7748266056501
427,raspberrypi,159.0,2023-09-18,10:50:01,Whole,417.77089214749134,1.0,2.8802422346421133,8.297590011563598,2327.527777777778,1739.388888888889,0.07134342589439403,9,16,9,4.6385021226995494e-27,0.013888888888888888,0.9027777777777778,,0.0,0.013888888888888888,0.013888888888888888,430.4264120048023,,,782.0949465311843,1679.093328084506,430.4264120048023,508.1245499816644,235.70285458228147,219.7300155175136
428,raspberrypi,483.0,2023-09-18,10:50:01,Whole,381.71822228642486,1.0,3.1227566887931655,25.837644310169825,2287.3234126984125,1785.0376984126983,4.388076124919995,11,72,63,427.38765274160477,0.5277777777777778,0.125,,0.0,0.5277777777777778,0.09722222222222222,417.0717155584212,,,821.7430745281648,1623.4074457680256,417.0717155584212,521.8310625167953,263.28141184718794,173.50369514747604
429,raspberrypi,486.0,2023-09-18,10:50:01,Whole,123.99074265192577,,4.356759895594268,,1914.5,1653.75,4.356759895594268,0,1,1,,0.013888888888888888,0.9861111111111112,,0.0,0.013888888888888888,0.0,193.5686655340046,,,715.173148866282,1367.8634376848875,193.5686655340046,390.82218276035434,209.56725711842572,2.9784462438631607
430,raspberrypi,493.0,2023-09-18,10:50:01,Whole,751.205675859474,1.0,5.2454367716530275,23.095166925846552,1312.4391891891892,1354.875,5.4645320936924335,0,42,37,142.1302704091318,0.0,0.5,,0.0,0.0,0.2361111111111111,584.9881907676083,,,857.9396760713112,1187.8655107535078,584.9881907676083,667.3298161087669,228.87487718673174,319.0806599233814
431,raspberrypi,496.0,2023-09-18,10:50:01,Whole,537.2338541047031,1.0,3.946717549387147,62.98716089269644,1748.6964285714287,2208.6321428571428,4.046431720521735,4,51,35,4083.0730594279125,0.09722222222222222,0.5416666666666666,,0.0,0.09722222222222222,0.027777777777777776,664.4494807742146,,,1315.8732975563587,969.9908468800832,664.4494807742146,848.3754304161408,316.41305213933504,371.1526549848278
432,raspberrypi,17.0,2023-09-18,17:00:01,Whole,954.0343904232494,,0.3426862965270985,,867.75,2140.25,0.3426862965270985,1,1,1,,0.0,1.0,,0.0,0.0,0.0,1128.2556872125158,,,1692.983542837077,283.29338649738105,1128.2556872125158,1278.1055907951502,802.1724770435446,996.448847374361
433,raspberrypi,216.0,2023-09-18,17:00:01,Whole,1085.6269229602601,,,,2708.0,1260.75,,0,0,1,,0.0,1.0,,0.0,0.0,0.0,788.9445192556731,,,552.6509975061374,2245.7839438023398,788.9445192556731,694.5311113379199,291.6016030599852,651.3400810375248
434,raspberrypi,374.0,2023-09-18,17:00:01,Whole,1252.2873409480692,,0.0660001528164853,,596.25,2263.75,0.0660001528164853,1,1,1,,0.0,0.9846153846153847,,0.0,0.0,0.0,1419.4612336808045,,,1973.8727304283373,101.22675355468095,1419.4612336808045,1565.826186732147,1097.3126883024895,1290.9791690055772
435,raspberrypi,379.0,2023-09-18,17:00:01,Whole,1083.9845633502225,,7.714079713173539,,783.5,1209.0,7.714079713173539,0,1,1,,0.0,1.0,,0.0,0.0,0.0,1088.0012485389248,,,1276.332961750517,1162.6892088285679,1088.0012485389248,1147.0178382993968,668.8969251502474,840.6130496573198
436,raspberrypi,481.0,2023-09-18,17:00:01,Whole,587.9355571250188,0.96,4.210488185346973,13.635066835822185,2316.6018518518517,1698.5787037037037,1.6942073166870595,0,50,27,178.74094690932895,0.06153846153846154,0.5846153846153846,,0.0,0.06153846153846154,0.24615384615384617,412.37943846926504,,,740.3584783627034,1687.8295095762255,412.37943846926504,477.98383769564435,171.65736447133057,209.6920073129125
437,raspberrypi,483.0,2023-09-18,17:00:01,Whole,1082.3357353437868,1.0,4.344509096593479,131.9135174415092,1487.925,2439.8875,5.6558114279870395,1,13,10,5679.542832798972,0.0,0.8769230769230769,,0.0,0.0,0.0,1191.3640672955864,,,1771.4618198168089,761.4802322156363,1191.3640672955864,1343.6216719359059,858.8163648010946,936.5025808618084
438,raspberrypi,484.0,2023-09-18,17:00:01,Whole,448.67763369481423,0.9767441860465116,4.966618277284716,24.192391642987424,2085.686111111111,1465.525,1.6749846926101086,0,53,45,956.422424986011,0.6307692307692307,0.3076923076923077,,0.0,0.6307692307692307,0.6307692307692307,275.1118906871006,,,508.772463129799,1618.3739154651548,275.1118906871006,335.6884822161584,40.06261366619516,104.00170846118628
439,raspberrypi,486.0,2023-09-18,17:00:01,Whole,1033.26198960124,1.0,3.7545943093509053,76.27797967371015,778.09375,2040.8035714285713,6.032207144268964,1,31,28,4075.7193179062783,0.015384615384615385,0.6,,0.0,0.015384615384615385,0.0,1187.7893413981187,,,1704.0360795924,396.15142959894547,1187.7893413981187,1327.5537693602296,986.1326408781156,1048.8631505990957
440,raspberrypi,494.0,2023-09-18,17:00:01,Whole,232.80867337702355,1.0,3.4279464331952587,39.34168809526541,1908.0833333333333,1588.0833333333333,1.5860954911672775,0,14,6,255.74259726856525,0.09230769230769231,0.9076923076923077,,0.0,0.09230769230769231,0.0,184.75712928091863,,,655.090123613341,1402.4039602199955,184.75712928091863,368.4125508653118,246.26794255053647,32.393858901416266
441,raspberrypi,524.0,2023-09-18,17:00:01,Whole,1414.3687347374741,,,,710.0,756.5,,0,0,1,,0.0,1.0,,0.0,0.0,0.0,1333.2819258291354,,,1297.9410451738345,1608.3786001687538,1333.2819258291354,1344.9082278373498,833.562230675531,982.1730917998793
442,raspberrypi,731.0,2023-09-18,17:00:01,Whole,905.7579926591862,,,,1044.25,1144.75,,0,0,1,,0.0,1.0,,0.0,0.0,0.0,866.4963679053196,,,1007.9613463470835,1277.0186299013544,866.4963679053196,912.6995791080838,407.12287539851314,578.4553057874268
443,raspberrypi,17.0,2023-09-18,13:45:01,Whole,1080.3790888372928,1.0,8.17121450004264,72.64017062036062,1652.0555555555557,2518.8888888888887,6.328333701658073,0,10,9,1.9286071410843297e-26,0.0,0.8955223880597015,,0.0,0.0,0.0,936.033451784115,,,1623.6159574904825,821.9441098732572,936.033451784115,1121.5125249058976,510.27290818024187,622.7901903416046
444,raspberrypi,159.0,2023-09-18,13:45:01,Whole,564.2061027764089,1.0,3.971190730573851,35.66883268345069,1806.125,2012.0,3.884374078693078,0,5,3,0.0,0.04477611940298507,0.9552238805970149,,0.0,0.04477611940298507,0.04477611940298507,414.1764228810965,,,1089.6936488967015,1091.0869257513193,414.1764228810965,614.0716782388065,23.35966157347511,100.90370227209311
445,raspberrypi,165.0,2023-09-18,13:45:01,Whole,98.32975076791921,,4.220879012366341,,2213.0,1494.25,0.31081994894312975,1,2,1,,0.014925373134328358,0.9850746268656716,,0.0,0.014925373134328358,0.014925373134328358,316.2486283040522,,,523.16365734639,1703.8604583160982,316.2486283040522,329.1763387344869,0.0,193.62833746279563
446,raspberrypi,190.0,2023-09-18,13:45:01,Whole,1191.2661267230542,,6.992527592323881,,1471.75,2547.25,6.992527592323881,0,1,1,,0.0,1.0,,0.0,0.0,0.0,1015.9349302096991,,,1705.2054045470113,628.3118880026905,1015.9349302096991,1199.715846417313,592.7296614751576,731.842182637237
447,raspberrypi,378.0,2023-09-18,13:45:01,Whole,770.2677551699794,,3.0807972407288577,,2696.75,2148.0,3.042428938336366,0,2,1,,0.0,1.0,,0.0,0.0,0.0,921.4549149498592,,,1280.0884309379796,1896.816020774636,921.4549149498592,1002.0017770088301,723.6556745794624,620.4552304197531
448,raspberrypi,425.0,2023-09-18,13:45:01,Whole,808.9325683807068,,6.499618667632965,,2762.25,1030.25,3.095075272697384,0,2,1,,0.0,1.0,,0.0,0.0,0.0,924.545247631903,,,488.3722869722539,2420.1718181783694,924.545247631903,810.0115105840276,461.35063074250206,729.7657024139232
449,raspberrypi,470.0,2023-09-18,13:45:01,Whole,1142.5572769405414,,6.576702223714306,,1049.0,1375.25,6.576702223714306,0,1,1,,0.0,1.0,,0.0,0.0,0.0,803.3330394408946,,,1087.7147828946845,1058.7533490582882,803.3330394408946,885.4483495564536,444.48787754498204,565.7820351159495
450,raspberrypi,481.0,2023-09-18,13:45:01,Whole,193.59436948705414,1.0,3.806960996300528,22.06131582408056,2315.825,1519.8863636363637,4.647045209942284,5,35,55,482.08386532551634,0.08955223880597014,0.1791044776119403,,0.0,0.08955223880597014,0.7611940298507462,403.7722369596013,,,566.550719121687,1778.5415520225836,403.7722369596013,393.87283211122224,0.0,263.5173963199585
451,raspberrypi,482.0,2023-09-18,13:45:01,Whole,64.146725450962,,1.256392370895988,,2163.0,1647.25,1.19889348588905,0,2,1,,0.014925373134328358,0.9850746268656716,,0.0,0.014925373134328358,0.014925373134328358,283.56651081508375,,,673.89739423132,1578.8971940253443,283.56651081508375,392.6722827899025,133.6125879570314,60.74451361746212
452,raspberrypi,483.0,2023-09-18,13:45:01,Whole,30.77745051421854,,2.724089860255349,,2178.25,1614.0,1.4065838969762823,0,2,1,,0.014925373134328358,0.9850746268656716,,0.0,0.014925373134328358,0.014925373134328358,290.5842016048805,,,640.9000395092669,1609.294300658413,290.5842016048805,377.19432729355765,97.46999203521518,89.8084356152081
453,raspberrypi,484.0,2023-09-18,13:45:01,Whole,238.47755608655535,0.3333333333333333,2.906618833224135,80.10270475252399,2269.9545454545455,1391.0795454545455,2.993832972253749,0,10,11,2595.712994014156,0.029850746268656716,0.835820895522388,,0.0,0.029850746268656716,0.16417910447761194,382.1218266184181,,,437.86766768471773,1811.1353904490422,382.1218266184181,345.8850392581652,0.0,303.14268886024524
454,raspberrypi,486.0,2023-09-18,13:45:01,Whole,742.6902449201706,1.0,5.944179128066348,25.752530021338107,1803.9732142857142,948.5714285714286,4.549986304601679,0,13,14,193.84755423619708,0.208955223880597,0.7910447761194029,,0.08955223880597014,0.208955223880597,0.208955223880597,504.5715413699948,,,226.23992650863804,1793.7728753347635,504.5715413699948,478.5108283317835,75.9717314261928,16.171572612405853
455,raspberrypi,492.0,2023-09-18,13:45:01,Whole,1526.711473226492,0.0,9.245630558008786,,3111.5833333333335,2787.4166666666665,8.130938075789553,0,5,3,,0.0,1.0,,0.0,0.0,0.0,1647.8117116366072,,,2033.3880954687083,2276.5470243063896,1647.8117116366072,1735.497639299043,1482.426929375676,1312.8116720402584
456,raspberrypi,495.0,2023-09-18,13:45:01,Whole,170.3487071148789,,,,2010.0,1532.25,,0,0,1,,0.014925373134328358,0.9850746268656716,,0.0,0.014925373134328358,0.014925373134328358,196.05413345805437,,,574.0485499909666,1516.8556736683763,196.05413345805437,334.9756853267892,149.4214124492927,33.758287870835105
457,raspberrypi,621.0,2023-09-18,13:45:01,Whole,213.2295060935438,1.0,2.435762556718851,13.865424623862047,2327.5625,1523.9375,0.22816990214139987,4,7,4,0.0,0.014925373134328358,0.9402985074626866,,0.0,0.014925373134328358,0.04477611940298507,417.1533935448983,,,573.4720462066105,1785.8425391903284,417.1533935448983,405.1104009133388,0.0,320.74312907736055
458,raspberrypi,683.0,2023-09-18,13:45:01,Whole,968.8594067620267,,5.879385024642575,,1544.0,2321.25,5.879385024642575,0,1,1,,0.0,1.0,,0.0,0.0,0.0,785.5847936524726,,,1468.5844316366915,735.1106403105205,785.5847936524726,970.091852409576,356.8374665564454,504.2030638568908
459,raspberrypi,115.0,2023-09-18,12:10:01,Whole,1098.956630577909,,5.293102605142026,,1044.25,1144.25,0.011987315574399063,1,4,1,,0.0,1.0,,0.0,0.0,0.0,866.6783501948966,,,1007.8223342149436,1277.4989694208036,866.6783501948966,912.8058426580062,407.1410612742954,578.4615506751213
460,raspberrypi,159.0,2023-09-18,12:10:01,Whole,385.6589338617582,,1.279714255715285,,2301.75,1798.25,0.10367574582315998,1,3,1,,0.012987012987012988,0.987012987012987,,0.0,0.012987012987012988,0.0,428.0376939681051,,,835.4752434547343,1630.2254483305562,428.0376939681051,534.0073191418611,283.3893972726334,189.48127102674516
461,raspberrypi,250.0,2023-09-18,12:10:01,Whole,1064.907207074062,,6.890013176860099,,1032.25,1374.5,6.842068994261197,0,2,1,,0.0,1.0,,0.0,0.0,0.0,819.306229332563,,,1102.3951374018834,1054.0513539402073,819.306229332563,901.0191872316176,459.70387939777953,582.5469350538887
462,raspberrypi,366.0,2023-09-18,12:10:01,Whole,469.4066405665584,,3.9241152619415227,,1869.25,1887.25,2.1118585024374275,0,2,1,,0.012987012987012988,0.987012987012987,,0.0,0.012987012987012988,0.012987012987012988,294.46438423711504,,,952.2111399778271,1204.2606162324646,294.46438423711504,514.3154633513365,31.945667954952654,0.0
463,raspberrypi,425.0,2023-09-18,12:10:01,Whole,1100.6393130357058,0.0,5.555186206613053,,1042.4270833333333,1144.4375,6.5319060090590115,1,32,12,0.006073307946681211,0.0,1.0,,0.0,0.0,0.0,868.247790254197,,,1009.6256468099215,1276.813793797921,868.247790254197,914.447864499979,408.9630052272617,580.2892735274052
464,raspberrypi,481.0,2023-09-18,12:10:01,Whole,591.6631182336452,1.0,5.003717801203951,58.22726042896834,2006.3705357142858,1730.375,1.8766996447825375,14,101,56,1379.81445499766,0.09090909090909091,0.2857142857142857,,0.0,0.09090909090909091,0.37662337662337664,555.153854963022,,,889.8072000672474,1437.9488711654337,555.153854963022,625.6696928925672,182.45004410368946,345.22896248481095
465,raspberrypi,483.0,2023-09-18,12:10:01,Whole,376.43997982367495,1.0,4.250939322104671,21.32203407286709,2266.8375,1805.275,1.2550317784285336,1,30,10,84.21279378659818,0.1038961038961039,0.8831168831168831,,0.0,0.1038961038961039,0.0,404.3885508751638,,,838.8096817084217,1595.6561065830367,404.3885508751638,525.4980256211242,281.9799863811501,143.0592102528985
466,raspberrypi,484.0,2023-09-18,12:10:01,Whole,107.74922964862958,1.0,3.896485067553684,14.317821063276353,2132.5,1374.75,1.595241749916506,0,7,3,0.0,0.03896103896103896,0.961038961038961,,0.0,0.03896103896103896,0.03896103896103896,282.36691697717333,,,402.0623630337391,1710.2908678734448,282.36691697717333,299.48596754960244,24.657010045405613,122.71349808851382
467,raspberrypi,486.0,2023-09-18,12:10:01,Whole,285.66604877328865,0.5526315789473685,4.066570718818536,18.04737495802654,2339.4220779220777,1612.9318181818182,2.483091925514644,13,125,77,373.39455847589073,0.09090909090909091,0.0,,0.0,0.09090909090909091,0.987012987012987,417.6305818074895,,,661.8358279796253,1748.7829339396792,417.6305818074895,440.534332687292,106.24514926171938,232.32729907122945
468,raspberrypi,488.0,2023-09-18,12:10:01,Whole,835.65119752975,1.0,4.78681737083561,95.58875088774909,2097.4166666666665,803.1666666666666,4.896312190384605,0,58,36,2230.9208837312176,0.0,0.5454545454545454,,0.07792207792207792,0.0,0.09090909090909091,822.2855338685262,,,349.86581444292034,2126.718059025822,822.2855338685262,737.8679710057955,345.2198037017862,491.2596070291463
469,raspberrypi,494.0,2023-09-18,12:10:01,Whole,301.5456129330149,,3.7943314856543573,,1929.875,1727.625,1.946294432445789,0,5,2,,0.025974025974025976,0.974025974025974,,0.0,0.025974025974025976,0.025974025974025976,238.9380547536841,,,783.0964751437169,1340.7033372394803,238.9380547536841,428.6816588913558,106.81286842990458,9.372180107834645
470,raspberrypi,524.0,2023-09-18,12:10:01,Whole,1489.2323486921543,,9.47602348831176,,732.25,868.0,9.429370396199987,0,3,1,,0.0,1.0,,0.0,0.0,0.0,1258.9586270263937,,,1274.9308818616278,1498.1736161327044,1258.9586270263937,1280.7587043624378,769.9923985578099,927.6539955319524
471,raspberrypi,621.0,2023-09-18,12:10:01,Whole,205.3236747453939,,2.8271751180875446,,2265.0,1363.0,0.5925072701203361,1,4,1,,0.0,0.987012987012987,,0.0,0.0,0.012987012987012988,380.34545069663926,,,400.20279054649683,1822.4115102606338,380.34545069663926,325.094584652576,0.0,234.7598418377971
472,raspberrypi,17.0,2023-09-17,21:30:01,Whole,1465.2356982394183,,4.262888629669523,,2230.25,2908.75,4.262888629669523,0,1,1,,0.0,1.0,,0.0,0.0,0.0,1315.584711602742,,,1936.6456947254885,1420.361186504253,1315.584711602742,1477.9024478539031,1014.400479672405,949.868393174239
473,raspberrypi,109.0,2023-09-17,21:30:01,Whole,933.6603560876786,,5.4909203533830535,,2779.5,2324.0,2.375596335026966,0,2,1,,0.0,1.0,,0.0,0.0,0.0,1092.6997503236087,,,1474.3288822991387,1950.3612426778482,1092.6997503236087,1180.7270004083143,918.1375826662052,772.5121392867832
474,raspberrypi,250.0,2023-09-17,21:30:01,Whole,1450.3781436467636,,9.138907059608687,,1015.25,1146.5,8.361824751177997,0,2,1,,0.0,1.0,,0.0,0.0,0.0,891.9987928787187,,,1036.320394146494,1267.536944485102,891.9987928787187,939.1433462373941,436.0485680265654,607.4346466976649
475,raspberrypi,392.0,2023-09-17,21:30:01,Whole,1759.6322187165008,,10.721895650906616,,820.75,750.0,10.721895650906616,0,1,1,,0.0,1.0,,0.0,0.0,0.0,1245.2502459561658,,,1187.6498009079958,1623.036892724999,1245.2502459561658,1251.6007052196844,738.2372399733246,881.0930838708389
476,raspberrypi,470.0,2023-09-17,21:30:01,Whole,962.0695890545636,,3.2706625477745934,,2869.0,2314.5,3.2706625477745934,0,1,1,,0.0,1.0,,0.0,0.0,0.0,1155.1934256921443,,,1502.0535659872908,2040.3584599154583,1155.1934256921443,1231.625669205355,951.2933559579469,846.3674814288233
477,raspberrypi,482.0,2023-09-17,21:30:01,Whole,646.8884902356708,0.9324324324324325,6.365263975718072,38.46218903481074,2253.9416666666666,1146.2033333333334,6.4610257861686735,0,53,75,2263.562702983715,0.012987012987012988,0.025974025974025976,,0.6363636363636364,0.012987012987012988,0.5324675324675324,678.0232452135759,,,322.3072978887099,2011.30691783221,678.0232452135759,630.1034642695749,117.06200582085553,267.2649051230914
478,raspberrypi,485.0,2023-09-17,21:30:01,Whole,547.1319675535955,0.0,5.482498103038621,,2797.029255319149,1864.9228723404256,6.4700565330092825,0,48,47,0.21516370567299892,0.0,1.0,,0.0,0.0,0.0,881.9820156700644,,,1072.040363696421,2067.024293054171,881.9820156700644,903.166031740671,546.4459125548904,671.4036578259571
479,raspberrypi,494.0,2023-09-17,21:30:01,Whole,1006.3993510525539,,5.957776242513219,,1486.5,1802.5,5.957776242513219,0,1,1,,0.0,0.987012987012987,,0.0,0.0,0.012987012987012988,464.2864202803817,,,1036.819388228659,940.7388603900331,464.2864202803817,629.2088591381166,174.5456015765399,354.9420296270001
480,raspberrypi,510.0,2023-09-17,21:30:01,Whole,426.1265137515835,,4.1131703925929415,,2051.0,1648.5,4.013999524185681,0,2,1,,0.012987012987012988,0.987012987012987,,0.0,0.012987012987012988,0.012987012987012988,222.16857012998824,,,681.9707783433221,1483.4424556448173,222.16857012998824,381.1819295874834,188.3400887461098,0.0
481,raspberrypi,657.0,2023-09-17,21:30:01,Whole,1501.1564468227364,,6.269335141778902,,2389.0,2958.0,6.269335141778902,0,1,1,,0.0,1.0,,0.0,0.0,0.0,1407.1005756067555,,,1997.1344304546317,1585.8766764824832,1407.1005756067555,1558.7289637021336,1134.486823386494,1037.6053913606506
482,raspberrypi,17.0,2023-09-18,06:05:01,Whole,985.2832506759161,,5.168182510133495,,2035.0,1812.0,5.168182510133495,0,1,1,,0.02040816326530612,0.9795918367346939,,0.0,0.02040816326530612,0.0,263.1296574338912,,,846.1871355662622,1385.754425754119,263.1296574338912,472.7297196944893,211.34005407981002,0.0
483,raspberrypi,482.0,2023-09-18,06:05:01,Whole,21.3795703448129,0.22916666666666666,5.168182510133495,6.597244877361552,2170.548469387755,815.7882653061224,5.168182510133495,0,1,49,16.11552645378446,0.0,0.0,,1.0,0.0,1.0,676.6477826543239,,,0.0,2125.9144908048897,676.6477826543239,572.3871393567356,139.83417467012265,303.94266452619416
484,raspberrypi,159.0,2023-09-17,17:40:01,Whole,411.04806389168243,0.375,3.5708630125785654,10.654951033479485,2269.7916666666665,836.0208333333334,1.7854028091722056,4,27,12,35.22100289828535,0.0,0.8378378378378378,,0.16216216216216217,0.0,0.02702702702702703,704.0938953839624,,,0.0,2177.7849099011114,704.0938953839624,593.5030725164581,202.37580550381227,366.4384220954659
485,raspberrypi,425.0,2023-09-17,17:40:01,Whole,899.5048654741887,0.0,5.155909262535786,,2800.769230769231,1979.0192307692307,5.0379908276831165,0,25,13,6.01585900056074e-26,0.0,1.0,,0.0,0.0,0.0,926.1609631249977,,,1172.4576486185788,2037.6301608204728,926.1609631249977,967.4451994959447,634.6433242991683,680.115240256368
486,raspberrypi,447.0,2023-09-17,17:40:01,Whole,344.53085070818344,0.0,2.524529949059394,,1934.625,1258.375,1.5988402650789368,0,16,6,1.791512976518233e-26,0.08108108108108109,0.918918918918919,,0.0,0.08108108108108109,0.08108108108108109,246.037090659152,,,338.67760643191895,1640.9385076040853,246.037090659152,322.59904568076524,162.40251066661762,0.0
487,raspberrypi,483.0,2023-09-17,17:40:01,Whole,423.38655368448747,0.7142857142857143,2.5346781289617857,6.052529455068402,2234.6423611111113,826.1319444444445,1.837928122041533,4,63,36,8.931496475620103,0.0,0.5135135135135135,,0.4864864864864865,0.0,0.32432432432432434,695.3502423455035,,,0.0,2161.0353475347238,695.3502423455035,586.6902000814283,174.8489691339034,340.70571190362386
488,raspberrypi,484.0,2023-09-17,17:40:01,Whole,124.14845435592916,1.0,1.9190778870501306,25.645340665946154,2243.4166666666665,1140.21875,1.5926121862119273,0,28,12,73.20752734032521,0.08108108108108109,0.8378378378378378,,0.10810810810810811,0.08108108108108109,0.16216216216216217,468.17346367169273,,,181.25056314312232,1947.538400995697,468.17346367169273,394.7354936669855,120.1586854615225,189.48590415738823
489,raspberrypi,485.0,2023-09-17,17:40:01,Whole,360.3266284621701,0.1643835616438356,4.25781909270192,4.0567514088726915,2566.8462837837837,1029.8192567567567,1.9353390103497314,0,112,74,2.1584264528524733,0.0,0.8378378378378378,,0.0,0.0,0.0,765.2403566944132,,,307.93368932719784,2264.9410801907225,765.2403566944132,650.4741822215707,344.3859158702851,554.6282820371869
490,raspberrypi,486.0,2023-09-17,17:40:01,Whole,552.7142376371858,,3.906280316840112,,1739.0,1364.5,3.127741124465546,0,2,1,,0.013513513513513514,0.9864864864864865,,0.0,0.013513513513513514,0.013513513513513514,232.23061840197548,,,533.8770620458815,1429.176064959839,232.23061840197548,373.437173746132,164.52198601490585,0.0
491,raspberrypi,488.0,2023-09-17,17:40:01,Whole,1186.9052737407253,1.0,6.513410228652238,27.231145117189524,1491.719827586207,2128.4612068965516,7.3520828812657815,0,53,29,231.8181182947298,0.0,0.6216216216216216,,0.0,0.0,0.13513513513513514,665.7852455046684,,,1317.9370695881837,765.2808527322238,665.7852455046684,842.8585071994734,310.40025583109013,498.4562751836322
492,raspberrypi,495.0,2023-09-17,17:40:01,Whole,870.7949635480322,,6.085534440271137,,2079.5,2094.0,6.085534440271137,0,1,1,,0.013513513513513514,0.9864864864864865,,0.0,0.013513513513513514,0.0,495.277432705608,,,1123.0219227784862,1313.853529224677,495.277432705608,693.0224709578366,287.6764063187193,121.35844429558826
493,raspberrypi,496.0,2023-09-17,17:40:01,Whole,332.07555918549735,,3.758299481042877,,2162.25,1557.25,3.4834758358336995,0,3,1,,0.013513513513513514,0.9864864864864865,,0.0,0.013513513513513514,0.013513513513513514,277.32637677181503,,,583.8944189788774,1626.5526732117223,277.32637677181503,345.1367639160536,50.10073456631538,112.96470085437896
494,raspberrypi,683.0,2023-09-17,17:40:01,Whole,917.7827976716001,,5.084623549449714,,2072.0,2140.5,3.8535943230502046,0,2,1,,0.013513513513513514,0.9864864864864865,,0.0,0.013513513513513514,0.0,536.5895860129499,,,1169.9021529933364,1292.6190682818703,536.5895860129499,731.9284303908656,305.78258837517717,165.81619125851233
495,raspberrypi,121.0,2023-09-18,02:30:01,Whole,1966.8084103362855,,11.55259186086374,,769.25,754.75,11.55259186086374,0,1,1,,0.0,1.0,,0.0,0.0,0.0,1284.859666761991,,,1238.8386305782271,1613.6759896634792,1284.859666761991,1293.9075400468903,781.3176773942574,927.2447912319969
496,raspberrypi,159.0,2023-09-18,02:30:01,Whole,329.58868828141743,0.0,2.4580353883984096,,1900.3125,1955.955357142857,1.5489738927172754,0,26,14,0.03299893538121889,0.1794871794871795,0.8205128205128205,,0.0,0.1794871794871795,0.1794871794871795,342.6177769436023,,,1011.4016819428571,1199.988426964557,342.6177769436023,563.2308402149235,68.30846600574516,31.24402287543996
497,raspberrypi,404.0,2023-09-18,02:30:01,Whole,852.1712462367368,,2.9929375798477804,,2974.25,1788.875,2.9929375798477804,0,2,2,,0.0,1.0,,0.0,0.0,0.0,1027.9579613104065,,,1114.3374524861083,2259.1848642403584,1027.9579613104065,1020.8545756577314,638.8148306154659,852.9544041394267
498,raspberrypi,485.0,2023-09-18,02:30:01,Whole,332.92543010055994,0.0,5.022252401027948,,2519.2628205128203,2148.511217948718,4.284129480200304,0,62,78,0.08904375677465703,0.0,1.0,,0.0,0.0,0.0,786.9793091933981,,,1223.583177607221,1723.2537498482898,786.9793091933981,897.3704232126729,665.1196528839796,459.65911569542993
499,raspberrypi,488.0,2023-09-18,02:30:01,Whole,459.5236423517961,,2.920820339558306,,2235.0,1660.0,2.920820339558306,0,1,1,,0.01282051282051282,0.9871794871794872,,0.0,0.01282051282051282,0.01282051282051282,337.94082934789003,,,690.2023868573626,1634.4779406678695,337.94082934789003,419.2614732465512,137.44188941044843,124.72585891818075
500,raspberrypi,493.0,2023-09-18,02:30:01,Whole,503.33434942315165,0.07142857142857142,2.9332794231817805,5.570258322356135,1687.1732954545455,2168.9460227272725,4.284181502523956,0,56,44,1.9794355909785135,0.0,0.4358974358974359,,0.0,0.0,0.5641025641025641,593.037884278118,,,1275.3794964618735,919.1955294795379,593.037884278118,782.1556614028681,165.74809451638146,296.0040725709341
501,raspberrypi,17.0,2023-09-18,13:40:02,Whole,1184.676249012177,,6.229313544305705,,1781.25,2768.25,5.710963718675364,0,2,1,,0.0,1.0,,0.0,0.0,0.0,1146.1174115389047,,,1830.927774417792,953.1035372250353,1146.1174115389047,1329.0555777217803,760.9439281177573,826.5780320361976
502,raspberrypi,159.0,2023-09-18,13:40:02,Whole,281.0004755285142,0.7272727272727273,1.4439083318415853,3.0951701286035957,2681.8229166666665,1615.90625,1.4630780879663774,0,12,12,1.1161976047502074,0.0,0.8545454545454545,,0.0,0.0,0.0,725.2432323007199,,,800.0745729802175,2051.7664797260027,725.2432323007199,700.4737195898682,300.81817055768363,573.4688936105031
503,raspberrypi,378.0,2023-09-18,13:40:02,Whole,399.3244197250547,,4.418521801471246,,2697.25,2148.25,3.126079884267127,0,2,1,,0.0,1.0,,0.0,0.0,0.0,921.994870684813,,,1280.508433646523,1897.2548237807578,921.994870684813,1002.498532948086,724.0958994633477,621.0121522997642
504,raspberrypi,481.0,2023-09-18,13:40:02,Whole,212.46395923085066,0.96875,3.4186035124752565,11.038260266338924,2408.534090909091,1612.9166666666667,1.4768629565902442,0,16,33,63.212217495398455,0.0,0.4,,0.0,0.0,0.6,475.83398216546186,,,678.4620689611777,1809.0592721131834,475.83398216546186,480.24829281548335,120.03969935293173,303.9060831207707
505,raspberrypi,482.0,2023-09-18,13:40:02,Whole,804.0142006363205,1.0,6.108231352368728,40.653055943422586,1678.0,1830.75,5.192937789278212,0,9,9,524.9567995377801,0.14545454545454545,0.8363636363636363,,0.0,0.14545454545454545,0.16363636363636364,348.83161014285935,,,965.9375380406002,1072.924737250717,348.83161014285935,531.3159191797728,12.29570011375121,162.88362463557763
506,raspberrypi,483.0,2023-09-18,13:40:02,Whole,282.36739991604395,1.0,4.383638860370283,7.538483648883483,2681.3958333333335,1613.4270833333333,5.192937789278212,0,9,12,10.699833768289254,0.0,0.8363636363636363,,0.0,0.0,0.0,724.7705621299248,,,798.0035037554259,2052.430835195218,724.7705621299248,699.5296269571104,296.34574303238713,575.075011925282
507,raspberrypi,492.0,2023-09-18,13:40:02,Whole,1161.684122396656,0.0,7.635341064548144,,3111.45,2788.275,6.453454777980279,0,2,10,0.0,0.0,1.0,,0.0,0.0,0.0,1648.328274817968,,,2034.102049422913,2276.486915638618,1648.328274817968,1736.0716288122135,1483.0468247474794,1313.2842817615024
508,raspberrypi,498.0,2023-09-18,13:40:02,Whole,1010.8524946414929,,,,1477.0,1928.5,,0,0,1,,0.0,0.9818181818181818,,0.0,0.0,0.01818181818181818,533.8380436362733,,,1147.7018796968973,852.7408760524884,533.8380436362733,702.5264600856533,163.4249021819131,357.8735724726706
509,raspberrypi,404.0,2023-09-18,01:15:01,Whole,604.040466404866,,3.492178264011915,,2975.75,1788.5,3.406265791362538,0,3,1,,0.0,1.0,,0.0,0.0,0.0,1029.3038419700229,,,1115.0197069203246,2260.7261638346577,1029.3038419700229,1022.0461487350018,639.9003419497895,854.4849653477011
510,raspberrypi,493.0,2023-09-18,01:15:01,Whole,126.767541220376,0.0,2.3617638539143884,,2565.4517045454545,2307.0511363636365,3.5514678794035577,1,6,44,0.015545191438326944,0.0,1.0,,0.0,0.0,0.0,929.4680384054421,,,1388.6925503825473,1740.2069965938156,929.4680384054421,1045.7659162909597,817.3686081406305,585.8207806967107
511,raspberrypi,496.0,2023-09-18,01:15:01,Whole,721.3196833223215,1.0,3.6403312923617266,58.144184887011626,2213.34375,1537.421875,3.714663401465611,0,6,8,41.269099923343305,0.14,0.86,,0.0,0.14,0.14,329.51115555283144,,,569.551474080738,1685.4003117932712,329.51115555283144,371.4921866850667,76.61531410150286,157.46376230392616
512,raspberrypi,665.0,2023-09-18,01:15:01,Whole,125.83132284238495,,2.339697841559742,,2565.8333333333335,2305.9166666666665,0.008769768562300518,1,3,3,,0.0,1.0,,0.0,0.0,0.0,928.8928592398079,,,1387.6998126344997,1740.7416834220087,928.8928592398079,1045.0520666189238,817.3769320267354,585.7062070384209
513,raspberrypi,37.0,2023-09-18,00:30:01,Whole,165.7183040167639,,1.9817480048877576,,2120.75,1956.5,1.0027594141635474,0,3,1,,0.0125,0.9875,,0.0,0.0125,0.0,392.8129852692381,,,983.7260458967835,1400.7245113833103,392.8129852692381,589.7078896153797,284.6884500454364,19.73309681277462
514,raspberrypi,159.0,2023-09-18,00:30:01,Whole,615.1596867593299,1.0,3.377191272065975,7.988282445219207,2243.1785714285716,1517.875,3.184978882931508,0,27,14,31.876219428908414,0.0375,0.825,,0.0,0.0375,0.175,337.70037511684706,,,549.7634483527643,1715.9224320166188,337.70037511684706,346.04106176336234,0.0,204.96995992451681
515,raspberrypi,482.0,2023-09-18,00:30:01,Whole,188.05921872263957,0.012658227848101266,2.4696027572506174,3.25,2213.9828125,2126.0390625,2.6030353970789064,0,87,80,0.22631538350094332,0.0,0.9875,,0.0,0.0,0.0,579.3117678753225,,,1153.8894206222915,1432.9299738748175,579.3117678753225,751.4357314183551,422.35122900915394,208.0565252576779
516,raspberrypi,485.0,2023-09-18,00:30:01,Whole,540.0726384730283,1.0,3.2799157900573253,189.8535311266293,2207.0,1826.25,2.022953062422689,0,18,9,9.231926479386469e-28,0.0375,0.9,,0.0,0.0375,0.0375,541.4172127202427,,,963.3994037083656,1544.0675072846102,541.4172127202427,656.7833830163328,303.9491001913152,276.8467067927325
517,raspberrypi,493.0,2023-09-18,00:30:01,Whole,334.7433158547858,0.0,2.7603440574128024,,1718.8608870967741,2221.125,2.602892440621325,1,85,62,0.011026099515367527,0.0,1.0,,0.0,0.0,0.0,629.169376690361,,,1314.9279647192564,931.5409951917102,629.169376690361,820.5271104022255,213.5906515461509,327.075105935032
518,raspberrypi,987.0,2023-09-18,00:30:01,Whole,386.0629173095001,,1.6115294524274821,,1705.0,2304.75,0.4368460744367143,1,2,1,,0.0,1.0,,0.0,0.0,0.0,710.8862056155921,,,1398.9137839865227,894.9449834909226,710.8862056155921,901.2869992805388,297.91179800608234,409.17827376057915
519,raspberrypi,374.0,2023-09-18,02:45:01,Whole,497.3824749688906,,1.4557475100536605,,1987.25,1922.0,0.07377724167616455,1,2,1,,0.012987012987012988,0.987012987012987,,0.0,0.012987012987012988,0.012987012987012988,320.39508045066003,,,961.7365859777753,1293.0250024828695,320.39508045066003,542.8022027958283,148.556720423038,0.0
520,raspberrypi,404.0,2023-09-18,02:45:01,Whole,504.5986879929497,0.0,2.374514204192199,,2976.3333333333335,1788.5833333333333,2.3757937192589775,0,3,3,,0.0,1.0,,0.0,0.0,0.0,1029.8750698863375,,,1115.4603921254857,2261.25257708692,1029.8750698863375,1022.5961760621083,640.4113823331869,855.2567373622622
521,raspberrypi,485.0,2023-09-18,02:45:01,Whole,56.44004235244983,0.0,2.690246098828741,,2516.633116883117,1776.9025974025974,2.7617158941696376,0,17,77,0.08209248468258383,0.0,1.0,,0.0,0.0,0.0,602.5266849516598,,,868.8345866861141,1835.2712618141622,602.5266849516598,643.2184086530954,311.22256973748836,402.4989935680224
522,raspberrypi,486.0,2023-09-18,02:45:01,Whole,484.654366229261,1.0,1.4225534914055822,10.007528739398749,2001.3,1925.925,2.766196611279072,1,11,10,12.281060429704935,0.12987012987012986,0.8701298701298701,,0.0,0.12987012987012986,0.12987012987012986,327.1569642820105,,,963.6343286023402,1304.0098957982977,327.1569642820105,547.1954683979714,160.507925232385,0.0
523,raspberrypi,493.0,2023-09-18,02:45:01,Whole,509.27036055676666,1.0,2.7774226715566077,6.051859218455102,2561.0833333333335,2313.25,2.7722771816047382,0,3,3,,0.0,0.987012987012987,,0.0,0.0,0.0,931.1362210502839,,,1393.52610520549,1735.036696668536,931.1362210502839,1048.52677955464,816.554801114749,585.5414375047746
524,raspberrypi,110.0,2023-09-17,19:45:02,Whole,1342.3533529988483,,8.791974263192849,,1040.5,1144.5,8.791974263192849,0,1,1,,0.0,1.0,,0.0,0.0,0.0,869.9570087406609,,,1011.4944355769446,1276.2219237005763,869.9570087406609,916.2130507808461,410.87944428731674,582.2080964625732
525,raspberrypi,432.0,2023-09-17,19:45:02,Whole,669.6054010066309,,2.237709098274678,,2743.25,2204.5,2.237709098274678,0,1,1,,0.0,1.0,,0.0,0.0,0.0,991.0335517338044,,,1350.1022921661759,1931.844074736694,991.0335517338044,1071.6565888837479,794.8090712463527,685.2971795366902
526,raspberrypi,482.0,2023-09-17,19:45:02,Whole,560.9825542121223,1.0,3.3668143611534105,46.16837603608406,2152.622596153846,1319.9615384615386,4.0251048871011665,1,79,52,1414.9533738318783,0.379746835443038,0.34177215189873417,,0.16455696202531644,0.379746835443038,0.20253164556962025,449.89785225208243,,,471.19923907926426,1774.3146181325696,449.89785225208243,493.87397812344636,227.96045309049438,123.70732624605864
527,raspberrypi,485.0,2023-09-17,19:45:02,Whole,416.2437977198883,0.3157894736842105,4.117330158125419,20.215860723635238,2303.913961038961,2195.383116883117,2.994250011904386,0,80,77,171.70328780379685,0.08860759493670886,0.6962025316455697,,0.0,0.08860759493670886,0.0,687.5693531927228,,,1230.0205336078754,1506.6910741434665,687.5693531927228,841.4475892060836,580.5049507469073,384.6467979791641
528,raspberrypi,488.0,2023-09-17,19:45:02,Whole,84.90146454714986,,2.2833932196743025,,2163.0,1854.5,2.2791398960257827,0,2,1,,0.012658227848101266,0.9873417721518988,,0.0,0.012658227848101266,0.0,351.2117412250615,,,881.1437738627251,1480.7167874537722,351.2117412250615,524.8878803122584,327.3917900047503,40.498388885495004
529,raspberrypi,494.0,2023-09-17,19:45:02,Whole,255.42121296387631,0.9615384615384616,2.982651505603021,10.621636563058779,2126.6964285714284,1551.6026785714287,2.5294205895857305,1,53,28,75.53850032185179,0.35443037974683544,0.6455696202531646,,0.0,0.35443037974683544,0.35443037974683544,255.14337677058387,,,579.2351635034292,1600.5079827632708,255.14337677058387,340.40734932159603,63.27412765747957,99.28363466350959
530,raspberrypi,470.0,2023-09-18,00:50:01,Whole,1404.6935039008313,,6.229113334981042,,702.25,755.5,6.229113334981042,0,1,1,,0.0,1.0,,0.0,0.0,0.0,1340.3125423063418,,,1305.728591717282,1609.0551596451396,1340.3125423063418,1352.1480738008179,840.985265151119,989.8037633430404
531,raspberrypi,482.0,2023-09-18,00:50:01,Whole,211.03985848044272,0.7777777777777778,3.3190843100014313,29.32107496248084,1600.4625,1946.38125,3.410466139308958,0,8,20,1781.8763105829103,0.0,0.6610169491525424,,0.0,0.0,0.3389830508474576,467.48124334035066,,,1105.1199230510927,945.6633972685438,467.48124334035066,643.0890001652585,62.11746390407872,253.83895312486234
532,raspberrypi,484.0,2023-09-18,00:50:01,Whole,238.98177730954728,0.8285714285714286,4.715822476681121,6.972478547602779,1647.6493055555557,1524.8715277777778,4.715822476681121,0,2,36,29.875855103736654,0.6101694915254238,0.3898305084745763,,0.0,0.6101694915254238,0.0,271.7867643884285,,,717.3296557720528,1249.9297807336686,271.7867643884285,439.5725408035343,260.50626556789,45.21749515632311
533,raspberrypi,493.0,2023-09-18,00:50:01,Whole,683.1493871972871,1.0,3.4356370016216626,29.269758158530138,2041.6136363636363,2285.340909090909,3.5002290956363074,0,7,11,156.39453950880366,0.0,0.847457627118644,,0.0,0.0,0.0,717.3381439685402,,,1339.0335503143856,1228.2387649148905,717.3381439685402,893.9912797088837,442.700545833683,362.1296795449438
534,raspberrypi,159.0,2023-09-18,11:05:01,Whole,516.7917464030699,,,,2169.75,1896.5,,0,0,1,,0.019230769230769232,0.9807692307692307,,0.0,0.019230769230769232,0.0,379.9085602315413,,,923.1986894765926,1469.414540809218,379.9085602315413,556.8778523531614,330.8678439557664,43.87131637015055
535,raspberrypi,425.0,2023-09-18,11:05:01,Whole,1013.2081114679306,,6.412094096634327,,1903.125,1030.75,4.753016509922473,0,3,2,,0.0,1.0,,0.0,0.0,0.0,927.729376281568,,,738.3361236291935,1883.3222504251166,927.729376281568,890.2985979417468,478.7068287620082,675.4481890352845
536,raspberrypi,470.0,2023-09-18,11:05:01,Whole,751.358232946646,,1.1839349398198211,,1048.5,1376.25,1.1839349398198211,0,1,1,,0.0,1.0,,0.0,0.0,0.0,803.6660151784201,,,1088.6087642081986,1057.6445158548427,803.6660151784201,885.9261155838069,445.3347282051116,566.2530171247386
537,raspberrypi,482.0,2023-09-18,11:05:01,Whole,587.4142341284761,1.0,3.5106833944424136,57.81482489528681,2311.9761904761904,1792.75,2.9593711490678754,4,39,21,612.5772828269905,0.19230769230769232,0.6153846153846154,,0.0,0.19230769230769232,0.057692307692307696,439.0551847588318,,,832.80974997684,1643.312328528477,439.0551847588318,537.8601208654361,284.675000356655,196.24293920246305
538,raspberrypi,483.0,2023-09-18,11:05:01,Whole,570.3674848890921,1.0,8.148306473998767,35.34363677610582,2286.625,1803.578125,8.22664302352256,0,3,8,190.8865573264407,0.15384615384615385,0.8461538461538461,,0.0,0.15384615384615385,0.057692307692307696,424.6629783907457,,,838.80462083636,1616.1340433907358,424.6629783907457,533.3149380557409,322.19471719455544,168.6916079307483
539,raspberrypi,484.0,2023-09-18,11:05:01,Whole,562.4060664062993,0.0,4.877368599362822,,1598.25,1027.5,3.134753939829829,0,14,10,1.7194979877401233e-26,0.19230769230769232,0.8076923076923077,,0.0,0.19230769230769232,0.19230769230769232,500.4171399573109,,,444.6635531685678,1613.1615666561297,500.4171399573109,505.8185126476392,35.15258227358626,59.0596076426545
540,raspberrypi,486.0,2023-09-18,11:05:01,Whole,442.7467148481076,1.0,3.087073603356652,22.021273479409327,2205.35,1661.0416666666667,3.983135027015095,4,28,15,604.732869707152,0.28846153846153844,0.7115384615384616,,0.0,0.28846153846153844,0.25,318.4926607736485,,,689.9610501284728,1608.5978195743935,318.4926607736485,412.45735968506443,141.24699679925834,100.52567975175491
541,raspberrypi,488.0,2023-09-18,11:05:01,Whole,460.4463083821431,,3.024977695229024,,2196.875,1372.375,2.601228878872133,0,6,2,,0.038461538461538464,0.9615384615384616,,0.0,0.038461538461538464,0.038461538461538464,327.12222115383196,,,400.4708704770972,1762.412700075672,327.12222115383196,306.9620967302418,0.0,176.96355255917803
542,raspberrypi,493.0,2023-09-18,11:05:01,Whole,805.760110404594,0.5806451612903226,6.093961251898568,28.915293990869202,1005.939393939394,1370.2424242424242,5.2296950418356944,0,60,33,326.179365690374,0.0,0.6538461538461539,,0.0,0.0,0.0,853.6669576010655,,,1128.0730041602476,1054.519031116818,853.6669576010655,932.9184031775667,411.3671645576621,557.4821214115801
543,raspberrypi,496.0,2023-09-18,11:05:01,Whole,170.294124961053,1.0,3.419013898374591,25.17298686217478,1938.513888888889,1516.3055555555557,1.8112254645719368,0,26,9,457.60092635631526,0.17307692307692307,0.8269230769230769,,0.0,0.17307692307692307,0.057692307692307696,186.71169317000604,,,579.9993031661884,1471.2562040181417,186.71169317000604,342.95659828399647,250.6794946027257,0.0
544,raspberrypi,683.0,2023-09-18,11:05:01,Whole,817.7431775261689,,2.7855171463925044,,1926.75,1033.125,2.7855171463925044,0,1,2,,0.0,1.0,,0.0,0.0,0.0,771.7140039418895,,,586.5066295587797,1805.0591683765779,771.7140039418895,770.0594298160537,424.4541738578936,487.1023612248522
545,raspberrypi,731.0,2023-09-18,11:05:01,Whole,842.0319037004773,,1.1839349398198211,,1043.5,1147.0,1.1839349398198211,0,1,1,,0.0,1.0,,0.0,0.0,0.0,866.3545244619272,,,1009.3093786844511,1274.648854724334,866.3545244619272,912.9166241390063,407.79668338853486,579.1812002102288
546,raspberrypi,987.0,2023-09-18,11:05:01,Whole,930.7337009981549,0.0,5.888283688910674,,2239.75,2368.25,3.312541722285843,0,20,8,3.9389552993389357e-25,0.0,1.0,,0.0,0.0,0.0,804.977625170102,,,1397.0633896638956,1409.2502545481739,804.977625170102,971.0913303858035,579.7448754507191,432.59491087218873
547,raspberrypi,404.0,2023-09-18,03:55:01,Whole,338.41323802050715,0.0,2.044148692985225,,2975.8541666666665,1788.6145833333333,1.6323383141445014,0,14,12,0.0005082560861744814,0.0,1.0,,0.0,0.0,0.0,1029.426581232573,,,1115.1744716923251,2260.788404460674,1029.426581232573,1022.1819215662547,640.126922337269,854.6686262482294
548,raspberrypi,485.0,2023-09-18,03:55:01,Whole,133.61134286761032,0.012987012987012988,1.6731352424919406,3.7165171868296265,2665.0,1731.003205128205,1.6840873856294802,0,74,78,0.225978864893407,0.0,0.9871794871794872,,0.0,0.0,0.0,725.7019500906683,,,889.719994587467,1989.839316705059,725.7019500906683,731.7515521869644,358.5409565659612,547.4142510194724
549,raspberrypi,493.0,2023-09-18,03:55:01,Whole,202.70008254232013,0.4,2.084684490268628,7.639194002496359,2557.6834677419356,2044.0,1.6929844208793212,0,64,62,24.86298516513197,0.0,0.6923076923076923,,0.0,0.0,0.0,752.4708524401398,,,1134.6368092195635,1786.106314231554,752.4708524401398,842.3322823761661,579.6196006800301,467.1251207430399
550,raspberrypi,110.0,2023-09-18,13:50:01,Whole,1047.9982802244242,,1.6077992509504857,,1067.25,1860.75,1.6077992509504857,0,1,1,,0.0,1.0,,0.0,0.0,0.0,837.8169496021667,,,1354.6176086544908,625.1852269231927,837.8169496021667,978.4206217805222,574.1277660469448,696.9942216539887
551,raspberrypi,374.0,2023-09-18,13:50:01,Whole,197.46374511694307,,4.447010821122371,,1926.75,1667.25,1.9825316220312772,0,3,1,,0.016129032258064516,0.9838709677419355,,0.0,0.016129032258064516,0.0,197.62590811948658,,,724.8319574264992,1370.034830575469,197.62590811948658,395.00128897700733,205.89349061912614,0.0
552,raspberrypi,398.0,2023-09-18,13:50:01,Whole,1660.7250137396645,,11.187573731839041,,1286.5,49.5,7.873665460416798,0,3,1,,0.0,1.0,,0.0,0.0,0.0,1502.2345269590498,,,1013.3323674677929,2397.4398378518285,1502.2345269590498,1429.2361655653394,1039.6871687405383,1033.8183391864793
553,raspberrypi,441.0,2023-09-18,13:50:01,Whole,1474.8709016735502,,,,734.75,869.25,,0,0,1,,0.0,1.0,,0.0,0.0,0.0,1256.203107549851,,,1272.4728710394077,1497.0766942197326,1256.203107549851,1278.0439453488505,767.2175311886928,924.9173882600683
554,raspberrypi,481.0,2023-09-18,13:50:01,Whole,329.8867124651283,1.0,3.8364527958884156,17.1652116706399,2366.544117647059,1631.6176470588234,3.705616050828106,0,21,17,287.8458755222697,0.016129032258064516,0.7258064516129032,,0.0,0.016129032258064516,0.27419354838709675,442.1117787631057,,,685.646018156968,1763.2230113746964,442.1117787631057,465.19704728126453,129.53142320013998,273.86653184873677
555,raspberrypi,482.0,2023-09-18,13:50:01,Whole,707.623107541362,1.0,5.766790052144631,13.606802992647337,1401.2586206896551,1781.405172413793,5.2010504128824735,0,32,29,109.22637165091098,0.0,0.5645161290322581,,0.0,0.0,0.0,523.8524430567365,,,1070.5674509230307,894.2505276608676,523.8524430567365,680.9747166248765,267.22205849625186,385.7762469950635
556,raspberrypi,484.0,2023-09-18,13:50:01,Whole,375.22605406589753,1.0,4.633428412297619,23.359665790578987,2217.3641304347825,1184.2445652173913,4.7350309530400825,1,33,23,265.1634086100764,0.22580645161290322,0.6290322580645161,,0.16129032258064516,0.22580645161290322,0.3709677419354839,424.84387865173215,,,221.22292434777927,1898.2562232841533,424.84387865173215,369.97476668924884,116.88333355185567,172.71432123384497
557,raspberrypi,492.0,2023-09-18,13:50:01,Whole,1648.5312947015057,0.0,10.706172141750605,,3111.40625,2788.3020833333335,9.235734070248906,0,26,12,1.4147186324750927e-27,0.0,1.0,,0.0,0.0,0.0,1648.3170348222127,,,2034.1073191320518,2276.445643560674,1648.3170348222127,1736.0653064845937,1483.0466842146297,1313.2591939487506
558,raspberrypi,495.0,2023-09-18,13:50:01,Whole,317.6372068714415,1.0,4.4418906584436355,8.287601376996138,1752.625,1440.8541666666667,1.9410059254455256,0,9,6,11.785467888015631,0.0967741935483871,0.9032258064516129,,0.0,0.0967741935483871,0.0,215.49199473910295,,,589.3326141459909,1383.834215738944,215.49199473910295,377.7510316965183,215.61421768260303,0.0
559,raspberrypi,496.0,2023-09-18,13:50:01,Whole,460.49252781335707,0.42857142857142855,3.9449082002098206,10.248010997027285,2176.548387096774,1077.5887096774193,3.656136476143921,1,36,31,66.0994162699602,0.1935483870967742,0.5,,0.3064516129032258,0.1935483870967742,0.5,483.95950921664405,,,139.8386811052149,1942.8189927925398,483.95950921664405,433.47991224032074,126.58743461551573,286.9415341875787
560,raspberrypi,524.0,2023-09-18,13:50:01,Whole,1551.3338802964918,,,,707.0,758.0,,0,0,1,,0.0,1.0,,0.0,0.0,0.0,1335.0181663053852,,,1300.87078737425,1606.7511274011779,1335.0181663053852,1346.9044886702163,835.6217866025389,984.4885533653219
561,raspberrypi,628.0,2023-09-18,13:50:01,Whole,468.358813320131,,1.9486965444970106,,2314.25,1127.75,1.18122351145849,0,2,1,,0.0,0.9838709677419355,,0.016129032258064516,0.0,0.016129032258064516,520.587972086163,,,192.22799708842422,2007.9313757719474,520.587972086163,431.7914652779591,178.23837485460385,271.75880518554936
562,raspberrypi,110.0,2023-09-17,18:55:01,Whole,727.1849265403837,,,,2458.75,2134.25,,0,0,1,,0.0,1.0,,0.0,0.0,0.0,734.527816958204,,,1195.0107562713304,1667.590314324043,734.527816958204,855.1953369984061,639.4455237072654,399.8404732458326
563,raspberrypi,250.0,2023-09-17,18:55:01,Whole,1098.4390253389322,,6.43517649420594,,1012.5,1146.0,5.908133939216731,0,2,1,,0.0,1.0,,0.0,0.0,0.0,894.6610134999529,,,1038.8300034668819,1267.3076415667679,894.6610134999529,941.7944363596456,438.81279937597225,610.189425194134
564,raspberrypi,379.0,2023-09-17,18:55:01,Whole,954.8606314409336,,6.083196733723596,,2468.75,2393.5,5.531117575885219,0,2,1,,0.0,1.0,,0.0,0.0,0.0,936.9756250991934,,,1450.6521986466555,1633.9094616462069,936.9756250991934,1072.2182918634903,776.1512598246014,576.3158917609352
565,raspberrypi,470.0,2023-09-17,18:55:01,Whole,839.1756032695644,,,,2790.25,1912.0,,0,0,1,,0.0,1.0,,0.0,0.0,0.0,891.3695151240788,,,1108.989614690342,2046.289850742533,891.3695151240788,922.1574110438069,576.4700339106089,664.4067362689092
566,raspberrypi,481.0,2023-09-17,18:55:01,Whole,437.4479915793799,0.4,,9.058711446727058,1601.4166666666667,1574.53125,,0,0,12,19.335589041277487,0.34285714285714286,0.6571428571428571,,0.0,0.34285714285714286,0.0,311.1792369376687,,,784.9104815808319,1182.2454889773126,311.1792369376687,476.7430769014688,250.0635997901191,112.946249947077
567,raspberrypi,485.0,2023-09-17,18:55:01,Whole,689.1658194402701,1.0,1.774078658942896,7.837321679700987,1748.65,2167.55,1.774078658942896,0,1,5,8.806054284982155e-27,0.0,0.8571428571428571,,0.0,0.0,0.14285714285714285,570.9064118811839,,,1254.965742023167,977.2752650268642,570.9064118811839,764.0631179581408,157.51828836037427,262.35305414312216
568,raspberrypi,486.0,2023-09-17,18:55:01,Whole,235.8665986995255,1.0,4.462827204842855,36.887080367243335,2170.173076923077,1358.048076923077,1.9637557443894995,0,15,13,401.22394306967084,0.37142857142857144,0.6285714285714286,,0.0,0.37142857142857144,0.37142857142857144,326.4395537732453,,,388.1555374831768,1751.146919328194,326.4395537732453,328.10913564410066,72.35037966490275,149.1923566983295
569,raspberrypi,491.0,2023-09-17,18:55:01,Whole,496.8961071258559,1.0,5.182241680061244,70.46524096198785,2389.1785714285716,1240.4107142857142,1.9637557443894995,0,15,14,225.95526959973924,0.05714285714285714,0.6,,0.11428571428571428,0.05714285714285714,0.2857142857142857,545.1946478062076,,,339.07677951621463,2001.9394505889784,545.1946478062076,466.4486002473712,145.01845362608066,385.46663710718497
570,raspberrypi,621.0,2023-09-17,18:55:01,Whole,457.46036904338223,,1.774078658942896,,1628.875,1712.375,1.774078658942896,0,1,2,,0.02857142857142857,0.9428571428571428,,0.0,0.02857142857142857,0.02857142857142857,337.4610224854975,,,886.0576387205763,1110.4255426272066,337.4610224854975,511.0255714768349,136.7141844312879,159.07430794885556
571,raspberrypi,666.0,2023-09-17,18:55:01,Whole,1347.1320619699998,,,,2287.0,2865.5,,0,0,1,,0.0,1.0,,0.0,0.0,0.0,1288.3076065051912,,,1896.2262377398547,1468.0056404144013,1288.3076065051912,1447.095170659653,1002.804664553229,920.055024534841
572,raspberrypi,17.0,2023-09-18,09:20:01,Whole,1617.6812306105028,,11.604132098700214,,2959.5,2940.75,11.604132098700214,0,1,1,,0.0,1.0,,0.0,0.0,0.0,1664.0525574448009,,,2114.090171914537,2143.802519475064,1664.0525574448009,1770.8863652232278,1498.4315785523927,1311.2809954208822
573,raspberrypi,159.0,2023-09-18,09:20:01,Whole,999.0752458032888,0.0,6.58347290751196,,1328.482142857143,1683.392857142857,6.4499649543296265,0,13,7,0.0,0.0,1.0,,0.0,0.0,0.0,554.6571658497679,,,1044.257243056375,920.2047374984533,554.6571658497679,697.0744988842985,368.7093432914402,381.49161258202
574,raspberrypi,484.0,2023-09-18,09:20:01,Whole,638.122172252246,0.8082191780821918,8.706358195379789,9.24323691645491,2204.9341216216217,832.0523648648649,7.282968961922398,0,72,74,53.396909089506586,0.0,0.013333333333333334,,0.9866666666666667,0.0,0.9866666666666667,676.7641420135408,,,0.0,2136.635027471777,676.7641420135408,570.7725820208549,154.9228112190326,321.07593910486224
575,raspberrypi,493.0,2023-09-18,09:20:01,Whole,752.2233024026233,0.7115384615384616,5.344879709904959,36.67050139340358,2544.465277777778,2159.1111111111113,7.2467932105934,0,69,54,725.4012469322178,0.0,0.5066666666666667,,0.0,0.0,0.0,824.8248034530465,,,1248.6104132340115,1750.8770134832744,824.8248034530465,930.0685442791018,725.3647732062606,570.4304188824456
576,raspberrypi,496.0,2023-09-18,09:20:01,Whole,267.94820790085606,1.0,3.692512794276491,29.618083451616826,2301.125,1728.0,2.7467489456479828,0,16,8,1.129059800133924e-25,0.06666666666666667,0.8933333333333333,,0.0,0.06666666666666667,0.04,408.2713792549106,,,766.9400123958667,1660.7781126988125,408.2713792549106,489.8818076258682,215.00320329864334,184.11023751523362
577,raspberrypi,638.0,2023-09-18,09:20:01,Whole,1203.3902630044836,,9.162082201707594,,3108.75,2356.0,9.162082201707594,0,1,1,,0.0,1.0,,0.0,0.0,0.0,1371.844356660161,,,1653.648452549153,2274.609935057163,1371.844356660161,1428.3454627748729,1121.4215871406952,1080.8363159246717
578,raspberrypi,653.0,2023-09-18,09:20:01,Whole,1538.8751206640393,,8.391578641116396,,1792.75,2914.25,5.846545816321647,0,2,1,,0.0,1.0,,0.0,0.0,0.0,1289.564810532935,,,1972.447387791956,996.7753809114213,1289.564810532935,1469.8694494123079,907.3401352296896,964.9723277205075
579,raspberrypi,657.0,2023-09-18,09:20:01,Whole,1523.6496706827168,,7.674349258583185,,2376.0,2984.25,4.244077885359437,0,2,1,,0.0,1.0,,0.0,0.0,0.0,1427.7894391526982,,,2021.888080450509,1578.957022928987,1427.7894391526982,1580.3853632318612,1150.2106168049706,1058.6365670815687
580,raspberrypi,481.0,2023-09-17,19:40:01,Whole,704.6222244099838,1.0,2.4011241662729006,21.82527031315869,2282.0375,1634.125,2.4011241662729006,0,1,10,42.92401751891478,0.08695652173913043,0.855072463768116,,0.0,0.08695652173913043,0.14492753623188406,372.7362689401557,,,670.8940081969627,1688.6958519270822,372.7362689401557,423.4095589103357,116.91557013517469,177.83123047068418
581,raspberrypi,485.0,2023-09-17,19:40:01,Whole,745.676309330081,1.0,4.764749814593269,45.440938292307806,2446.7291666666665,1812.9444444444443,6.588145167445996,1,19,18,321.9798967000968,0.0,0.7681159420289855,,0.0,0.0,0.014492753623188406,566.8676585598433,,,889.1344467093578,1758.608401754815,566.8676585598433,634.3325063423262,381.06322111317127,294.96175574936797
582,raspberrypi,491.0,2023-09-17,19:40:01,Whole,594.6193830496131,,,,2248.25,939.25,,0,0,1,,0.0,0.9855072463768116,,0.014492753623188406,0.0,0.014492753623188406,608.9590061362953,,,0.0,2088.375234148329,608.9590061362953,508.3208241730921,141.63812760664354,296.75853712529437
583,raspberrypi,494.0,2023-09-17,19:40:01,Whole,750.9802391527442,1.0,4.763689235334374,76.83054651682889,3035.476694915254,866.9004237288135,6.410605249967269,1,21,59,2834.432282376881,0.0,0.14492753623188406,,0.0,0.0,0.10144927536231885,1358.6013938980673,,,946.5258499782532,2788.255176589246,1358.6013938980673,1261.227580154565,1046.8286180816594,1202.9325573578178
584,raspberrypi,510.0,2023-09-17,19:40:01,Whole,1252.1052334206634,,6.050239592031817,,1715.0,1783.25,3.5531058524070422,0,2,1,,0.014492753623188406,0.9855072463768116,,0.0,0.014492753623188406,0.014492753623188406,303.5607130676207,,,906.8830904413041,1130.333037080467,303.5607130676207,491.35749860655704,28.04186335651383,147.5928586629441
585,raspberrypi,621.0,2023-09-17,19:40:01,Whole,745.829825599552,,2.1298656666285085,,2137.75,1501.25,2.1298656666285085,0,1,1,,0.014492753623188406,0.9855072463768116,,0.0,0.014492753623188406,0.014492753623188406,263.45394780244266,,,528.167867456933,1638.16156506593,263.45394780244266,319.58130416987336,22.746780191456523,128.93357217996902
586,raspberrypi,159.0,2023-09-18,09:15:01,Whole,593.7318047617347,0.0,4.517841588594415,,1275.344512195122,1731.3536585365853,4.989518109269223,0,56,41,0.023429204757484706,0.0,1.0,,0.0,0.0,0.0,613.3360451045634,,,1115.6723006119755,849.7662711507639,613.3360451045634,755.9826494556421,396.9896246496255,452.72836007064404
587,raspberrypi,250.0,2023-09-18,09:15:01,Whole,1597.652837733659,,10.569147435623412,,701.25,755.5,10.569147435623412,0,1,1,,0.0,1.0,,0.0,0.0,0.0,1341.1530705734845,,,1306.727541490748,1609.0159450305634,1341.1530705734845,1353.02764833029,841.8880600472241,990.7449561191495
588,raspberrypi,404.0,2023-09-18,09:15:01,Whole,1133.4667610222743,,4.140898262187653,,2874.75,2355.25,4.140898262187653,0,1,1,,0.0,1.0,,0.0,0.0,0.0,1184.6544361158562,,,1541.3564254346015,2041.702323005596,1184.6544361158562,1264.2654563338751,989.5742270907219,870.6920178563346
589,raspberrypi,470.0,2023-09-18,09:15:01,Whole,940.4262354488983,,4.611259943269634,,1050.5,1373.5,2.182957456249956,0,2,1,,0.0,1.0,,0.0,0.0,0.0,802.161735495454,,,1085.5916807058845,1060.899770164858,802.161735495454,884.034035515584,442.4308633229137,564.3368502072582
590,raspberrypi,481.0,2023-09-18,09:15:01,Whole,444.4619602635429,,4.114246967702614,,2074.0,1474.25,4.114246967702614,0,1,1,,0.013888888888888888,0.9861111111111112,,0.0,0.013888888888888888,0.013888888888888888,228.04728474715483,,,506.210394121325,1602.9068838392961,228.04728474715483,313.34373085185536,69.65582813920831,60.27752959945211
591,raspberrypi,482.0,2023-09-18,09:15:01,Whole,1038.8468046780217,1.0,5.550606760203469,26.803926169548298,2223.0625,890.3011363636364,6.458911649992366,0,35,22,332.18639399227413,0.0,0.6944444444444444,,0.3055555555555556,0.0,0.25,637.100429850717,,,8.218400394352285,2106.5248203207198,637.100429850717,535.1880622195547,127.7624061508416,290.9139672028192
592,raspberrypi,493.0,2023-09-18,09:15:01,Whole,466.7408051485668,0.0,6.309654030041348,,2076.494642857143,2271.6,4.98986637571747,0,66,70,0.08057016866250134,0.0,1.0,,0.0,0.0,0.0,662.9680320731578,,,1300.4939781415078,1264.3937820598899,662.9680320731578,850.1323914612865,395.77057051922117,296.415784537547
593,raspberrypi,524.0,2023-09-18,09:15:01,Whole,1043.25376916402,,4.636468473665871,,2707.25,1259.5,3.114455696475308,0,2,1,,0.0,1.0,,0.0,0.0,0.0,788.6284309882241,,,551.2857279195064,2245.819663564206,788.6284309882241,694.0446410240736,291.36429206815444,650.5427367287626
594,raspberrypi,481.0,2023-09-18,01:05:01,Whole,449.39998426803965,1.0,4.217078749738197,97.08200077968186,2291.785714285714,1068.5892857142858,4.217078749738197,0,1,14,7426.057496109446,0.23076923076923078,0.46153846153846156,,0.15384615384615385,0.23076923076923078,0.34615384615384615,562.9688657955379,,,226.0528917260032,2036.2152117783578,562.9688657955379,487.1919397553467,137.02402987783637,244.5792405342819
595,raspberrypi,493.0,2023-09-18,01:05:01,Whole,515.0447901448496,1.0,2.2382668972010142,6.958720810835329,1659.8958333333333,1764.4583333333333,2.2382668972010142,0,1,12,101.69192494958345,0.19230769230769232,0.5384615384615384,,0.0,0.19230769230769232,0.4230769230769231,328.95585610508937,,,914.7714572985461,1098.3596640832463,328.95585610508937,509.3764184434223,53.42425163660572,194.79792867254378
596,raspberrypi,666.0,2023-09-18,01:05:01,Whole,356.4265249189745,,2.2382668972010142,,2099.25,1768.75,2.2382668972010142,0,1,1,,0.038461538461538464,0.9615384615384616,,0.0,0.038461538461538464,0.0,272.7789199039954,,,797.1729306064672,1462.8797536063569,272.7789199039954,453.84650259944254,269.22040320356496,0.0
597,raspberrypi,726.0,2023-09-18,01:05:01,Whole,1007.745025940924,,4.217078749738197,,2975.5,1788.5,4.217078749738197,0,1,1,,0.0,1.0,,0.0,0.0,0.0,1029.0664783822033,,,1114.8581635283779,2260.4891918138474,1029.0664783822033,1021.8239135120572,639.6867752508833,854.2362946794423
598,raspberrypi,470.0,2023-09-17,20:10:01,Whole,1900.2764957796367,,10.513776171640155,,700.5,755.25,7.009222689969676,0,3,1,,0.0,1.0,,0.0,0.0,0.0,1341.9137367438286,,,1307.4882210046533,1609.2367079522023,1341.9137367438286,1353.7939745115707,842.6727009286337,991.5353209300677
599,raspberrypi,481.0,2023-09-17,20:10:01,Whole,298.02384599942735,1.0,3.055387658178501,36.73936883749669,2190.0535714285716,1533.767857142857,1.8058993897182014,0,25,7,90.00628290685316,0.08974358974358974,0.9102564102564102,,0.0,0.08974358974358974,0.08974358974358974,300.2309755755305,,,561.3833489641218,1663.6743946862528,300.2309755755305,344.4987757042624,21.91796498439109,142.9743234528678
600,raspberrypi,482.0,2023-09-17,20:10:01,Whole,850.0630980333607,0.9583333333333334,3.8625328684687354,50.416024582649825,2246.505,988.875,5.63460224876621,0,63,25,3662.2889300075944,0.0,0.6923076923076923,,0.24358974358974358,0.0,0.2948717948717949,646.6793948542991,,,152.83132999467344,2075.501293672983,646.6793948542991,562.193838355179,164.87669323795808,335.5551463995312
601,raspberrypi,485.0,2023-09-17,20:10:01,Whole,410.48084809026494,1.0,4.92342404629252,18.02829986558498,2675.215460526316,1907.2911184210527,1.4419553459778554,0,168,76,386.47802765866396,0.0,0.038461538461538464,,0.0,0.0,0.0,787.7747525560038,,,1053.3292285780228,1938.9074010041957,787.7747525560038,833.7166723540315,506.72371903352615,559.8123642793457
602,raspberrypi,486.0,2023-09-17,20:10:01,Whole,228.71618504480074,1.0,3.2849970472606373,49.05322440259538,2096.975,1956.575,3.1108903635058263,0,10,5,2424.895734278161,0.0641025641025641,0.9358974358974359,,0.0,0.0641025641025641,0.01282051282051282,384.74665540523273,,,985.974085517101,1379.134607969487,384.74665540523273,586.0995293048651,281.41606137935173,20.169761869596485
603,raspberrypi,492.0,2023-09-17,20:10:01,Whole,1282.4264575999566,,6.190452978873654,,3112.75,2790.0,3.957084995030063,0,3,1,,0.0,1.0,,0.0,0.0,0.0,1650.459369372292,,,2036.2215321384476,2277.929200090568,1650.459369372292,1738.1947798692413,1485.195363927146,1315.4066391857518
604,raspberrypi,493.0,2023-09-17,20:10:01,Whole,529.6560027776334,0.5178571428571429,5.072440175169375,9.447765837560613,2669.0679824561403,2172.877192982456,1.3949146940061843,0,127,57,50.836159261359334,0.0,0.6282051282051282,,0.0,0.0,0.0,914.4692881071657,,,1293.1762323572302,1864.8690749834293,914.4692881071657,1002.2021881709276,746.3233137443094,614.2747255046228
605,raspberrypi,495.0,2023-09-17,20:10:01,Whole,633.3407120842988,0.8,4.401109613267159,10.003259755033234,1696.6931818181818,1561.2272727272727,5.973679205872234,0,24,11,250.3072016641074,0.14102564102564102,0.8589743589743589,,0.0,0.14102564102564102,0.0,246.28311803960736,,,719.8996370925987,1259.0246142425042,246.28311803960736,424.93869239295753,250.3440945836342,65.47246413099197
606,raspberrypi,496.0,2023-09-17,20:10:01,Whole,701.6851116566818,0.11666666666666667,5.299221869122605,7.0005589247657065,1574.0846774193549,1794.141129032258,5.540076822713572,0,138,62,5.147008782324751,0.0,0.20512820512820512,,0.0,0.0,0.7948717948717948,397.0145747453471,,,982.4781020575012,1012.439726210806,397.0145747453471,569.0485768453775,102.59619174731671,274.9191034706421
607,raspberrypi,621.0,2023-09-17,20:10:01,Whole,408.96043133324696,,3.4375179735973664,,2220.5,1413.5,3.1671302328856075,0,3,1,,0.0,0.9871794871794872,,0.0,0.0,0.01282051282051282,334.1077280471409,,,443.47165060052004,1756.627944138429,334.1077280471409,315.1876873011355,0.0,202.87888644740184
608,raspberrypi,110.0,2023-09-18,15:00:01,Whole,1258.887912379937,,5.886434995172712,,1021.25,974.5,5.242028525284478,0,2,1,,0.0,1.0,,0.0,0.0,0.0,960.0159266263024,,,995.3489931656716,1435.6444779328533,960.0159266263024,982.9342717758764,462.0154103896769,621.533684026612
609,raspberrypi,394.0,2023-09-18,15:00:01,Whole,243.34394119333277,,3.6068500872635316,,2190.5,1896.0,3.591690187800614,0,2,1,,0.012987012987012988,0.987012987012987,,0.0,0.012987012987012988,0.0,393.30514295236463,,,923.134959312167,1488.6144779862004,393.30514295236463,562.41166615097,351.623700781876,64.53300108042002
610,raspberrypi,412.0,2023-09-18,15:00:01,Whole,305.73295820995287,,3.590424529068079,,2310.0,1861.5,3.0715104407740785,0,2,1,,0.012987012987012988,0.987012987012987,,0.0,0.012987012987012988,0.0,461.61966024486276,,,899.2523706553941,1612.0107183622122,461.61966024486276,581.1832123189896,347.01346770608046,184.78675269205263
611,raspberrypi,481.0,2023-09-18,15:00:01,Whole,483.37780757080003,1.0,4.493455242696242,32.45214862534541,1639.0366379310344,1858.790948275862,4.448141799918854,0,98,58,1582.2000553204891,0.38961038961038963,0.24675324675324675,,0.0,0.38961038961038963,0.5974025974025974,417.3936459134607,,,1019.3154718014579,1038.1551565215373,417.3936459134607,598.0636960162229,167.88952191170532,192.13377166198944
612,raspberrypi,482.0,2023-09-18,15:00:01,Whole,1498.58403527683,1.0,9.855075021667842,174.3140379105378,3278.59375,2492.078125,9.342782144302983,0,10,8,6077.963676877531,0.0,0.9090909090909091,,0.0,0.0,0.0,1618.308512573168,,,1871.7221850124747,2464.541031459139,1618.308512573168,1666.9853834720968,1413.1409219946331,1334.0199978398564
613,raspberrypi,484.0,2023-09-18,15:00:01,Whole,173.29105800176632,1.0,5.618822540173506,33.187696847869425,2190.203125,1660.1640625,2.5467412836255985,0,42,16,87.86369354421875,0.12987012987012986,0.7922077922077922,,0.0,0.12987012987012986,0.09090909090909091,322.9227161648219,,,700.9882028984412,1597.2071183492212,322.9227161648219,427.4245307922794,197.74812611308354,25.2788719068363
614,raspberrypi,486.0,2023-09-18,15:00:01,Whole,673.8410553148311,0.8823529411764706,4.711960353182808,24.691572437412276,1516.7601351351352,1296.304054054054,3.5388470434649033,0,73,37,314.6166912061735,0.44155844155844154,0.5194805194805194,,0.0,0.44155844155844154,0.4155844155844156,422.3215817124577,,,661.0704370168517,1350.9130049134392,422.3215817124577,503.58874522839926,0.0,142.98763192720162
615,raspberrypi,492.0,2023-09-18,15:00:01,Whole,1520.859949650755,0.0,9.718329112602728,,3110.3888888888887,2788.5833333333335,7.7828595221860795,0,63,27,0.056331412115972014,0.0,1.0,,0.0,0.0,0.0,1647.8081248709261,,,2033.9165190384122,2275.4558600359883,1647.8081248709261,1735.651789222964,1482.6715841386738,1312.61376479867
616,raspberrypi,494.0,2023-09-18,15:00:01,Whole,778.5721630500012,0.7073170731707317,5.644656625389552,40.32413897271369,2182.1976744186045,981.2936046511628,5.41001105904857,0,61,43,2037.100239221601,0.18181818181818182,0.44155844155844154,,0.3246753246753247,0.18181818181818182,0.22077922077922077,633.1112097714782,,,233.2523862598249,2021.1467267088954,633.1112097714782,583.8583488644063,306.2330270701316,443.4604789953315
617,raspberrypi,621.0,2023-09-18,15:00:01,Whole,405.5693327318936,1.0,2.134328244932637,10.738365797457265,1719.875,1924.75,1.4243464601249392,0,8,4,0.0,0.05194805194805195,0.948051948051948,,0.0,0.05194805194805195,0.05194805194805195,381.07380189616487,,,1035.0789475541783,1056.1590347424378,381.07380189616487,572.8574752896603,0.0,117.56967817267746
618,raspberrypi,626.0,2023-09-18,15:00:01,Whole,135.0644019998805,,4.580189627754899,,1922.25,1664.0,2.053847824321632,0,3,1,,0.012987012987012988,0.987012987012987,,0.0,0.012987012987012988,0.0,196.40432009018497,,,722.8979435195367,1368.2262525521116,196.40432009018497,394.12477994779516,205.75167400124448,0.0
619,raspberrypi,190.0,2023-09-18,15:30:01,Whole,819.5254813798531,,6.309920507219977,,1535.5,1937.5,3.6346320994612613,0,9,2,,0.013157894736842105,0.9868421052631579,,0.0,0.013157894736842105,0.013157894736842105,658.6122725499048,,,1149.488667675099,989.1630592242543,658.6122725499048,809.5114122036732,332.0453331734618,369.081763191075
620,raspberrypi,250.0,2023-09-18,15:30:01,Whole,1775.0240869985814,,8.818897776600926,,704.25,757.5,4.069244090538138,0,4,1,,0.0,1.0,,0.0,0.0,0.0,1337.5898424478075,,,1303.640273791161,1607.1368816923905,1337.5898424478075,1349.536370375313,838.3197906149655,987.246083235399
621,raspberrypi,481.0,2023-09-18,15:30:01,Whole,80.09557427028477,,6.021011757908916,,2180.875,1838.25,5.392041994987717,0,5,2,,0.02631578947368421,0.9736842105263158,,0.0,0.02631578947368421,0.0,355.0302070277076,,,865.1529168372782,1503.8281341906852,355.0302070277076,518.3504658904345,318.00476548527485,62.161608606616156
622,raspberrypi,486.0,2023-09-18,15:30:01,Whole,908.8973107497571,0.875,5.0255225323430865,28.75560448820118,1284.725,1514.1125,0.8778862953829843,9,30,10,662.9408607085782,0.039473684210526314,0.881578947368421,,0.0,0.039473684210526314,0.0,648.7271431852243,,,1021.0696732350464,1090.5040059453092,648.7271431852243,767.2731936888615,529.8135884340545,617.0750268242907
623,raspberrypi,488.0,2023-09-18,15:30:01,Whole,1329.9122229315853,0.46153846153846156,6.320599389535627,7.410566771584989,818.5370370370371,1504.150462962963,5.848445928597878,7,126,54,19.37983708417885,0.0,0.6842105263157895,,0.0,0.0,0.0,1015.746989711108,,,1351.7174462278215,875.4338704928624,1015.746989711108,1110.211487919989,711.7548153249913,799.5755143125572
624,raspberrypi,491.0,2023-09-18,15:30:01,Whole,939.9009189452505,0.6,6.2955879885243675,47.30902273446137,2368.3783783783783,994.5574324324324,3.589282404342786,0,94,37,1148.2398230576143,0.0,0.5131578947368421,,0.32894736842105265,0.0,0.3157894736842105,682.9348698203323,,,167.8628004480306,2151.4234981483487,682.9348698203323,582.6509506202576,116.31621353401557,281.3104656892203
625,raspberrypi,492.0,2023-09-18,15:30:01,Whole,1396.7799211876757,0.0,10.93075938338887,,3129.185855263158,2798.1036184210525,9.520855978630786,0,147,76,0.07166898824735818,0.0,1.0,,0.0,0.0,0.0,1667.677977141031,,,2050.7179035494537,2295.007007873169,1667.677977141031,1754.5728866976158,1500.2776082905332,1333.196675559917
626,raspberrypi,494.0,2023-09-18,15:30:01,Whole,776.9636256045652,,7.147847380233545,,1601.0,1257.75,4.197312570587193,0,3,1,,0.013157894736842105,0.9868421052631579,,0.0,0.013157894736842105,0.013157894736842105,352.6250807318235,,,555.5726621489359,1424.0736033626813,352.6250807318235,432.2274527146216,0.0,45.72683809244765
627,raspberrypi,495.0,2023-09-18,15:30:01,Whole,479.8972843117885,1.0,5.739366803186987,31.921505290321136,2109.0000000000005,1372.625,5.713384730777045,0,19,6,1.300358316166316e-26,0.07894736842105263,0.9210526315789473,,0.0,0.07894736842105263,0.07894736842105263,270.35603132013796,,,402.2539485778156,1694.0887021125388,270.35603132013796,302.13986901832374,46.21388946697256,98.37468100092562
628,raspberrypi,496.0,2023-09-18,15:30:01,Whole,468.63916291674735,1.0,4.7061965402702945,24.520595415947767,1877.6507352941176,1450.0551470588234,3.191920264923044,2,87,34,316.01231860699477,0.4473684210526316,0.5526315789473685,,0.0,0.4473684210526316,0.013157894736842105,193.10640946035352,,,537.4611552170644,1467.3136272490647,193.10640946035352,343.4337175203793,234.3568490769052,0.0
629,raspberrypi,129.0,2023-09-18,01:00:01,Whole,924.5257251186957,,5.191257971781977,,2271.25,846.25,5.191257971781977,0,1,1,,0.0,0.9333333333333333,,0.06666666666666667,0.0,0.0,695.9191633958973,,,0.0,2171.199484702665,695.9191633958973,585.75353626173,198.52050205994584,363.3623359886215
630,raspberrypi,447.0,2023-09-18,01:00:01,Whole,121.39881251589043,0.23076923076923078,5.191257971781977,8.727255899418418,2071.785714285714,1831.732142857143,5.191257971781977,0,1,14,16.464851772958422,0.9333333333333333,0.06666666666666667,,0.0,0.9333333333333333,0.0,288.0101214841556,,,862.0045981829145,1409.0043824512725,288.0101214841556,490.34490445162135,242.66868328096547,0.0
631,raspberrypi,653.0,2023-09-18,01:00:01,Whole,1326.0227906813102,,,,784.75,1209.5,,0,0,1,,0.0,1.0,,0.0,0.0,0.0,1086.6959333226118,,,1275.2654096922702,1162.332087475384,1086.6959333226118,1145.7609604345682,667.678866200889,839.3916360480832
632,raspberrypi,404.0,2023-09-18,03:05:01,Whole,623.9828689053692,,2.6433616214071103,,2974.0,1789.0,2.6433616214071103,0,1,1,,0.0,1.0,,0.0,0.0,0.0,1027.7466198147688,,,1114.2714604765274,2258.908058012883,1027.7466198147688,1020.6795106261022,638.6663850401577,852.6928346075416
633,raspberrypi,470.0,2023-09-18,03:05:01,Whole,2228.46350343637,,11.979949122355107,,702.75,756.25,11.979949122355107,0,1,1,,0.0,1.0,,0.0,0.0,0.0,1339.5016108552225,,,1305.1949225239855,1608.3255657393854,1339.5016108552225,1351.388485477443,840.2113220336557,989.0798098088226
634,raspberrypi,485.0,2023-09-18,03:05:01,Whole,116.85172586758303,0.34782608695652173,4.835045325248252,4.1086346760161625,2564.8839285714284,2099.0285714285715,2.118436720515858,0,41,70,3.6876804399730827,0.0,0.6712328767123288,,0.0,0.0,0.0,789.8539360339628,,,1189.0962878467387,1779.0931999795596,789.8539360339628,885.9784967126756,625.0677187130475,480.3003535370568
635,raspberrypi,487.0,2023-09-18,03:05:01,Whole,769.2097746777237,1.0,3.4188829343361085,237.87284145366633,3145.65,2266.8,3.4009837070441726,0,5,5,21577.97339834524,0.0,0.9452054794520548,,0.0,0.0,0.0,1380.0692875244329,,,1605.122580472491,2340.090981206925,1380.0692875244329,1419.0959371432875,1252.3669196244869,1147.650006586761
636,raspberrypi,491.0,2023-09-18,03:05:01,Whole,710.7062058900765,1.0,3.0566546128350995,165.4644977026794,1744.25,2113.25,1.9757546681354539,0,4,2,,0.0136986301369863,0.9726027397260274,,0.0,0.0136986301369863,0.0273972602739726,526.558642536648,,,1206.1408417585117,992.9278017954117,526.558642536648,720.2766600173037,120.13148506127092,225.86943309126818
637,raspberrypi,493.0,2023-09-18,03:05:01,Whole,273.6424391552212,0.9411764705882353,1.9856165293718242,19.226356171931254,2209.6964285714284,2235.8535714285713,1.9960661383293647,0,34,35,389.33243401993286,0.0547945205479452,0.5616438356164384,,0.0,0.0547945205479452,0.0,674.7816686550261,,,1265.1567927716458,1403.340188747201,674.7816686550261,846.8251550196856,501.42509643638516,323.5795420715731
638,raspberrypi,17.0,2023-09-17,17:50:01,Whole,1435.6771296280017,,5.394881965233532,,2088.5,2641.375,2.7551079059794343,1,5,2,,0.0,1.0,,0.0,0.0,0.0,1047.735310529649,,,1676.3633126035172,1271.393316480079,1047.735310529649,1218.2439356183836,756.1696074004656,691.2592304558061
639,raspberrypi,190.0,2023-09-17,17:50:01,Whole,643.0135461341774,,4.514698484338667,,2379.5,1905.5,3.5424161274910233,0,4,1,,0.0,1.0,,0.0,0.0,0.0,537.5258563017549,,,954.6349437455076,1659.9385546031524,537.5258563017549,644.9187738921585,402.9810559415554,253.76261183389522
640,raspberrypi,481.0,2023-09-17,17:50:01,Whole,320.8575918802884,0.08974358974358974,6.43869309761919,9.236852419605354,2740.3227848101264,1012.7863924050633,2.7731277166755417,0,97,79,12.209194977434448,0.0,0.9113924050632911,,0.0,0.0,0.0,914.5057297553319,,,462.23885546509894,2412.8196676931607,914.5057297553319,798.5402129606953,462.2674446710247,717.7384979482481
641,raspberrypi,484.0,2023-09-17,17:50:01,Whole,927.1878716169776,0.8235294117647058,5.33483161242696,13.161950508615503,1754.9027777777778,1678.9375,5.008358384514098,0,36,18,75.03629637993158,0.22784810126582278,0.7721518987341772,,0.0,0.22784810126582278,0.22784810126582278,245.3818478736799,,,796.1111375368315,1225.758050105544,245.3818478736799,438.5586747189985,128.2948190425327,143.53753746056202
642,raspberrypi,485.0,2023-09-17,17:50:01,Whole,587.7726234391263,1.0,6.179682131194913,82.53714613775057,2953.4505208333335,1334.953125,2.5241486346969806,0,65,48,2093.5963807856538,0.0,0.4050632911392405,,0.0,0.0,0.012658227848101266,1081.176389091686,,,905.6108809205967,2443.5138681894514,1081.176389091686,1023.7849971006954,697.781509475499,962.2412464529118
643,raspberrypi,488.0,2023-09-17,17:50:01,Whole,1227.3989776811036,,8.915503758401876,,1656.75,2085.5,7.884255860242342,0,2,1,,0.0,0.9873417721518988,,0.0,0.0,0.012658227848101266,534.7473957649513,,,1207.7763405845865,924.317547449476,534.7473957649513,719.2198859419425,95.51736305978969,253.16771610590752
644,raspberrypi,496.0,2023-09-17,17:50:01,Whole,568.042534607492,0.6666666666666666,4.945587899682433,2.0069324297987157,2251.9895833333335,854.34375,2.591486591179539,0,28,12,0.07545719730525055,0.0,0.8481012658227848,,0.1518987341772152,0.0,0.1518987341772152,679.6554988434771,,,0.0,2152.114274780712,679.6554988434771,571.4737862520376,177.5511873337858,342.5722480242633
645,raspberrypi,653.0,2023-09-17,17:50:01,Whole,1129.4565997201337,0.0,4.970351941553202,,2254.1145833333335,2376.7291666666665,7.567311242365491,2,16,12,5.369184536160512e-28,0.0,1.0,,0.0,0.0,0.0,818.3337127305532,,,1406.3593837002945,1422.439847084889,818.3337127305532,982.5824766549956,597.1254206966219,446.9102996095894
646,raspberrypi,853.0,2023-09-17,17:50:01,Whole,1531.7258895431355,,7.549526101488563,,1272.25,2063.0,5.489303437783859,0,3,1,,0.0,1.0,,0.0,0.0,0.0,761.4997199191595,,,1373.0911222589727,608.5950088190327,761.4997199191595,925.7654798261068,392.2690167719842,585.8025176608412
647,raspberrypi,896.0,2023-09-17,17:50:01,Whole,1129.046427172244,,3.8255551449195884,,2241.125,2372.0,1.971979835209099,1,4,2,,0.0,1.0,,0.0,0.0,0.0,808.9424194879045,,,1400.8884962519403,1410.143027959972,808.9424194879045,974.8529467131593,583.2968276053889,436.592130028158
648,raspberrypi,17.0,2023-09-18,15:05:01,Whole,1208.932768699778,,7.1756102027918205,,1779.75,2764.75,6.608360301529232,0,3,1,,0.0,1.0,,0.0,0.0,0.0,1142.8271104644916,,,1827.7773662992852,951.0540415377325,1142.8271104644916,1325.850453299306,757.3761006212729,823.6316554272222
649,raspberrypi,106.0,2023-09-18,15:05:01,Whole,1490.249030387017,,6.381977155370974,,1031.25,916.5,6.381977155370974,0,1,1,,0.0,1.0,,0.0,0.0,0.0,981.6711782469707,,,979.1322564095972,1494.3665843806334,981.6711782469707,996.712874718862,474.7356381471562,626.7450392245089
650,raspberrypi,110.0,2023-09-18,15:05:01,Whole,1254.9899442104881,,8.161406898980683,,1069.5,1858.5,8.161406898980683,0,1,1,,0.0,1.0,,0.0,0.0,0.0,835.0459523154965,,,1351.436572415118,628.2782349054353,835.0459523154965,975.5895203527614,572.0476589509543,693.8546957637462
651,raspberrypi,470.0,2023-09-18,15:05:01,Whole,1306.540550487984,,7.851776708140201,,1041.0,1374.75,3.2232498666182035,0,2,1,,0.0,1.0,,0.0,0.0,0.0,810.9786994598126,,,1094.6568363574477,1056.616355092672,810.9786994598126,892.8775505508208,451.69038082729315,573.7933728120187
652,raspberrypi,481.0,2023-09-18,15:05:01,Whole,662.8460021524188,,6.617111723136439,,2060.25,1065.75,1.8738298424601836,0,2,1,,0.015625,0.984375,,0.015625,0.015625,0.015625,415.97562688497453,,,111.09970178532467,1866.7388126771498,415.97562688497453,373.64341720772074,0.0,73.97180067439245
653,raspberrypi,482.0,2023-09-18,15:05:01,Whole,1463.547718198012,1.0,10.18118385903161,139.9800243688839,2961.9166666666665,932.125,7.4278374556633,0,10,6,15539.019536915555,0.0,0.9375,,0.0,0.0,0.0,1549.1548960598298,,,1159.445587096194,2814.803123899956,1549.1548960598298,1480.1822635246658,1188.2486188304451,1170.2961310590863
654,raspberrypi,488.0,2023-09-18,15:05:01,Whole,1316.0463212625614,1.0,7.663528973482121,103.90232297498753,2723.293367346939,2545.377551020408,9.142746551941002,0,62,49,10806.365681424597,0.0,0.265625,,0.0,0.0,0.0,1462.7400671013015,,,1864.2187063579515,1963.064828628186,1462.7400671013015,1558.9381995110477,1306.6049800212327,1201.036656078465
655,raspberrypi,492.0,2023-09-18,15:05:01,Whole,1367.1809418691446,,7.015365252698081,,3110.25,2788.75,1.7041327683209064,0,8,3,,0.0,1.0,,0.0,0.0,0.0,1647.8299033451583,,,2034.0060038197917,2275.3316666406263,1647.8299033451583,1735.6935990088227,1482.6951085751111,1312.7496851639567
656,raspberrypi,495.0,2023-09-18,15:05:01,Whole,406.23177091985247,1.0,6.67596355494775,16.712644913358268,2091.3125,1339.6875,1.4157616068189511,0,9,4,,0.0625,0.9375,,0.0,0.0625,0.0625,270.2609197404508,,,372.03642672047687,1701.3529179821824,270.2609197404508,303.98825475012734,99.58621242098864,44.25535467833401
657,raspberrypi,496.0,2023-09-18,15:05:01,Whole,698.1967137418491,1.0,6.027760306563497,87.86094710350858,1992.700980392157,1128.5931372549019,7.972237441435258,1,60,51,5262.903536034349,0.390625,0.203125,,0.125,0.390625,0.296875,543.9219796844083,,,470.4561286431928,1828.3815563336448,543.9219796844083,560.2033035170186,227.4116385517155,214.40326351300476
658,raspberrypi,498.0,2023-09-18,15:05:01,Whole,667.8598647049774,1.0,5.200640775138845,5.723699389898422,2371.465909090909,1014.2613636363636,3.265328250898714,1,16,11,0.9037850195583825,0.0,0.828125,,0.171875,0.0,0.0,630.7431491282506,,,136.96595936536426,2125.860833303112,630.7431491282506,525.154818942385,267.9083439974707,377.87704506329476
659,raspberrypi,524.0,2023-09-18,15:05:01,Whole,1776.7713220622336,,7.777477191083393,,730.25,869.0,5.05436850468911,0,3,1,,0.0,1.0,,0.0,0.0,0.0,1260.2275801113014,,,1276.9622258418156,1497.0573463323954,1260.2275801113014,1282.2000709722543,771.5402794697911,929.3321700846623
660,raspberrypi,705.0,2023-09-18,15:05:01,Whole,1382.840032651202,,,,1035.75,1145.75,,0,0,1,,0.0,1.0,,0.0,0.0,0.0,873.7776605836901,,,1016.4048039114737,1273.7183784800125,873.7776605836901,920.3353719690128,415.583144350278,586.9432965991487
661,raspberrypi,968.0,2023-09-18,15:05:01,Whole,945.167130312534,1.0,5.379189924921947,22.450717632677634,1673.875,981.5,5.049265014022217,0,9,4,3.805465006786161e-27,0.0625,0.9375,,0.0,0.0625,0.0625,501.27681818133925,,,358.5465270433064,1692.8223277152422,501.27681818133925,497.81776538335697,109.51800055175116,31.683989849345465
662,raspberrypi,159.0,2023-09-18,08:55:01,Whole,890.7760074963207,0.0,5.909214476291797,,1252.02734375,1686.6875,5.092358707621681,0,56,32,0.033261349464962314,0.0,1.0,,0.0,0.0,0.0,623.0425445895078,,,1100.771151986572,872.0922519902947,623.0425445895078,759.4002677835344,435.83511975371766,446.45429825600354
663,raspberrypi,404.0,2023-09-18,08:55:01,Whole,1612.600449786161,,9.349821841899663,,3122.25,2353.75,9.349821841899663,0,1,1,,0.0,1.0,,0.0,0.0,0.0,1381.7889612183444,,,1658.8958733127263,2288.2565605319523,1381.7889612183444,1436.9133664556498,1128.1813042420806,1092.3247602081442
664,raspberrypi,482.0,2023-09-18,08:55:01,Whole,455.40681842290263,0.6486486486486487,6.563272016628522,8.893150590437804,2171.096666666667,778.6783333333333,3.2983364011887892,0,86,75,70.48710852413849,0.0,0.013157894736842105,,0.9868421052631579,0.0,0.9210526315789473,710.6642231094359,,,0.0,2154.534325718014,710.6642231094359,604.2447452078461,173.05814050477744,332.85650972087143
665,raspberrypi,485.0,2023-09-18,08:55:01,Whole,861.3645371734069,1.0,6.158082856195613,120.72069081951165,2269.90625,2007.28125,6.2012701315853365,0,8,8,11261.926998292081,0.05263157894736842,0.9078947368421053,,0.0,0.05263157894736842,0.0,532.603965736281,,,1044.5957612639331,1524.0265138932268,532.603965736281,682.0131840229894,429.4547471053513,201.4466627560629
666,raspberrypi,496.0,2023-09-18,08:55:01,Whole,272.2882295419501,0.11363636363636363,5.454466569491733,5.763680392454343,2191.652777777778,1389.0083333333334,3.2831120758840147,0,69,45,5.048872389348917,0.5921052631578947,0.40789473684210525,,0.0,0.5921052631578947,0.5921052631578947,318.8382510497876,,,416.663693331587,1748.1550676739053,318.8382510497876,306.7028218122682,0.0,177.05151553743394
667,raspberrypi,524.0,2023-09-18,08:55:01,Whole,1308.804823631242,,7.665161169733953,,731.0,867.0,7.320102970008116,0,2,1,,0.0,1.0,,0.0,0.0,0.0,1260.5121234559422,,,1276.148551480423,1499.097875275834,1260.5121234559422,1282.2534673937603,771.5063093131007,929.1185967491951
668,raspberrypi,159.0,2023-09-18,09:25:01,Whole,574.3484680599006,0.0,3.926323298048986,,1312.1279761904761,1732.6488095238096,4.7948217115528875,0,35,42,0.024539763937043973,0.0,1.0,,0.0,0.0,0.0,581.6560432243534,,,1091.2850690759308,871.4644249630782,581.6560432243534,727.3632350390155,362.4026344371091,424.7029281024812
669,raspberrypi,481.0,2023-09-18,09:25:01,Whole,302.4758282777475,1.0,3.495424884963032,17.28772258813934,1663.875,1769.125,1.873087473807132,0,16,12,4.921830795040986,0.16666666666666666,0.8333333333333334,,0.0,0.16666666666666666,0.16666666666666666,333.7120934092428,,,917.4529200082771,1099.9120996411896,333.7120934092428,513.5687820263619,65.72459918081506,183.95110122287574
670,raspberrypi,482.0,2023-09-18,09:25:01,Whole,528.4052231652192,,5.655243875086264,,2126.25,1992.5,5.655243875086264,0,1,1,,0.013888888888888888,0.9861111111111112,,0.0,0.013888888888888888,0.0,424.492516394227,,,1019.5477556428757,1392.3587903649686,424.492516394227,619.0074450236639,296.1818022938171,48.95739138254147
671,raspberrypi,488.0,2023-09-18,09:25:01,Whole,696.777667249466,1.0,5.706366378223642,28.699447784872167,2227.159090909091,954.4772727272727,5.635761571701317,0,9,11,1502.5393853815513,0.0,0.8472222222222222,,0.1527777777777778,0.0,0.1527777777777778,588.1563546157561,,,25.300158190146693,2063.4842002927257,588.1563546157561,491.71764749300365,124.79017509530506,279.36347504847475
672,raspberrypi,493.0,2023-09-18,09:25:01,Whole,920.8786802338648,1.0,4.449156667952056,82.82689637770639,2336.0116279069766,1423.8517441860465,5.612330619394431,0,22,43,2973.0990633416504,0.0,0.4166666666666667,,0.08333333333333333,0.0,0.0,810.2297941308417,,,739.7601325426343,1938.157355312269,810.2297941308417,817.4095574156531,425.65695629659024,539.801843280085
673,raspberrypi,621.0,2023-09-18,09:25:01,Whole,211.02618666694957,,2.045401994376848,,1706.5,1691.75,2.045401994376848,0,1,1,,0.013888888888888888,0.9861111111111112,,0.0,0.013888888888888888,0.013888888888888888,273.0397756984569,,,828.4084601518391,1179.7322475909643,273.0397756984569,460.45489553523396,119.67245899991102,192.22428957720103
674,raspberrypi,128.0,2023-09-18,02:40:01,Whole,387.066436152081,,2.8386455261317045,,2464.75,2134.25,2.0110694511687743,0,2,1,,0.0,1.0,,0.0,0.0,0.0,738.7142583024628,,,1196.366002672723,1673.4224529270946,738.7142583024628,858.179876314174,640.4014903430143,405.02683362989524
675,raspberrypi,392.0,2023-09-18,02:40:01,Whole,1829.41003507866,,9.702019890979988,,834.25,750.5,9.549233377507683,0,2,1,,0.0,1.0,,0.0,0.0,0.0,1234.0103377410412,,,1174.1425147799255,1623.9890407214841,1234.0103377410412,1239.803231934259,726.2406121932527,868.4131795709852
676,raspberrypi,404.0,2023-09-18,02:40:01,Whole,617.706322077195,0.0,3.7432332379565683,,2975.7045454545455,1788.534090909091,2.6481682220891773,0,23,11,0.1967230902777777,0.0,1.0,,0.0,0.0,0.0,1029.2678071642483,,,1115.016424061259,2260.6722271545145,1029.2678071642483,1022.018635513127,639.8542500163551,854.4721018011368
677,raspberrypi,485.0,2023-09-18,02:40:01,Whole,125.69352400102856,0.2972972972972973,4.3422720127643695,4.185946888544657,2483.58,1758.1083333333333,2.6481682220891773,2,115,75,4.193724976518497,0.0,0.7215189873417721,,0.0,0.0,0.0,568.2068485653174,,,840.0512708759775,1812.4959539209221,568.2068485653174,610.0575521838174,274.29831294986707,351.1125110518044
678,raspberrypi,486.0,2023-09-18,02:40:01,Whole,769.9791875641214,0.925,4.966069807656342,33.73420549319173,2203.4791666666665,1016.0029761904761,4.7546949195785855,2,67,42,2323.807159070518,0.0379746835443038,0.46835443037974683,,0.4430379746835443,0.0379746835443038,0.5189873417721519,567.3736792471354,,,98.65585140755911,2012.7966041784894,567.3736792471354,488.6449805839816,88.32441122080166,249.3354831162809
679,raspberrypi,493.0,2023-09-18,02:40:01,Whole,554.9086551987702,0.6290322580645161,5.326541078765594,18.99015920742595,2229.931640625,2261.6484375,2.677643906170998,0,103,64,256.83707630343736,0.0,0.5063291139240507,,0.0,0.0,0.0,743.099987490033,,,1309.3635595706405,1416.9543635441157,743.099987490033,900.3904194180383,620.5074341253828,393.6910608744321
680,raspberrypi,159.0,2023-09-18,03:45:01,Whole,1020.7796362778913,0.1111111111111111,6.2975714082294285,8.889952193347273,2156.160714285714,761.1547619047619,6.637891869815344,0,20,21,6.838464566992868,0.0,0.6911764705882353,,0.3088235294117647,0.0,0.3088235294117647,720.5773554513818,,,0.0,2158.0217577417025,720.5773554513818,614.3619907143483,176.40249539530794,334.69941365833125
681,raspberrypi,404.0,2023-09-18,03:45:01,Whole,795.7447650734701,,3.014164897177401,,2975.25,1789.0,3.014164897177401,0,1,1,,0.0,1.0,,0.0,0.0,0.0,1028.9332445824803,,,1115.0783583778407,2260.0929431252353,1028.9332445824803,1021.7902297178368,639.7333847762471,853.9362415712134
682,raspberrypi,483.0,2023-09-18,03:45:01,Whole,1009.2073690603543,,7.210345432978007,,2139.5,773.25,7.210345432978007,0,2,2,,0.0,0.9705882352941176,,0.029411764705882353,0.0,0.029411764705882353,703.7918628396077,,,0.0,2138.056323632727,703.7918628396077,599.7221362035276,155.5301091275684,312.8513002772871
683,raspberrypi,485.0,2023-09-18,03:45:01,Whole,579.2527003991427,0.0,5.993676603845446,,2750.2573529411766,1682.5955882352941,5.659935186721732,0,13,17,0.08674814504550692,0.0,1.0,,0.0,0.0,0.0,796.9832401963297,,,893.6331240647792,2087.177923210753,796.9832401963297,783.7712016923099,392.92684701328744,633.5956878884941
684,raspberrypi,493.0,2023-09-18,03:45:01,Whole,553.5983374843662,0.9423076923076923,4.928981632704142,16.416897023779654,1995.375,2234.8611111111113,6.642705733061981,0,19,54,125.72689168605389,0.0,0.27941176470588236,,0.0,0.0,0.0,676.0657879985474,,,1294.54537633241,1194.6036927898333,676.0657879985474,849.6644359448885,329.5536764389381,343.3462222939763
685,raspberrypi,683.0,2023-09-18,03:45:01,Whole,651.834738306963,,1.140470185327069,,2197.5,2433.25,1.140470185327069,0,1,1,,0.0,1.0,,0.0,0.0,0.0,850.5447932322257,,,1460.3747512063505,1360.104708701771,850.5447932322257,1020.5904050038611,596.8076317832141,479.53013517417554
686,raspberrypi,106.0,2023-09-17,22:15:01,Whole,886.9432535790801,,,,1040.5,1375.0,,0,0,1,,0.0,1.0,,0.0,0.0,0.0,811.4172732981134,,,1095.2158485145344,1056.2181788522055,811.4172732981134,893.345613544413,452.2478317610715,574.2857106703794
687,raspberrypi,110.0,2023-09-17,22:15:01,Whole,869.5646909437567,,,,1059.5,1374.0,,0,0,1,,0.0,1.0,,0.0,0.0,0.0,793.5784580408009,,,1077.7661194421057,1063.4243768770264,793.5784580408009,875.6893273386544,434.32335185831715,555.3254381954121
688,raspberrypi,183.0,2023-09-17,22:15:01,Whole,98.30141607717455,,,,1890.25,1785.5,,0,0,1,,0.16666666666666666,0.8333333333333334,,0.0,0.16666666666666666,0.16666666666666666,236.08462194634552,,,848.5288394644299,1274.1752231155845,236.08462194634552,454.61308427496317,95.06475406646643,25.52733616806968
689,raspberrypi,485.0,2023-09-17,22:15:01,Whole,961.5653154636859,,,,2809.75,1486.25,,0,0,1,,0.0,1.0,,0.0,0.0,0.0,845.3732054706627,,,779.6204078367196,2223.416051502921,845.3732054706627,788.4432104421845,373.34091481264295,724.9935683852832
690,raspberrypi,493.0,2023-09-17,22:15:01,Whole,344.831573722754,,,,2189.5,1818.75,,0,0,1,,0.16666666666666666,0.8333333333333334,,0.0,0.16666666666666666,0.0,351.83673164642767,,,845.8915820898524,1520.056055572624,351.83673164642767,507.31205919932336,297.71034983624827,77.15666066980954
691,raspberrypi,987.0,2023-09-17,22:15:01,Whole,705.8054808062284,,,,2229.75,2296.5,,0,0,1,,0.0,1.0,,0.0,0.0,0.0,735.8273916384626,,,1324.8965164804845,1410.1705224110863,735.8273916384626,903.9631384596712,525.5439443016413,363.03885724363926
692,raspberrypi,404.0,2023-09-18,01:20:01,Whole,321.78880848201874,0.0,,,2976.923076923077,1788.0,,0,0,13,0.01946241889651769,0.0,1.0,,0.0,0.0,0.0,1030.3139827617667,,,1115.3970075010054,2261.997413177605,1030.3139827617667,1022.901185534059,640.6661339620034,855.76197290695
693,raspberrypi,621.0,2023-09-18,01:20:01,Whole,901.3058030839505,1.0,,30.190864201774684,1757.125,1712.0,,0,0,5,0.0,0.2631578947368421,0.7368421052631579,,0.0,0.2631578947368421,0.2631578947368421,255.31926698371583,,,824.5870993388602,1206.9609130513961,255.31926698371583,449.24129720392136,97.74728911737361,138.8409018932812
694,raspberrypi,726.0,2023-09-18,01:20:01,Whole,318.6217441304914,,,,2973.75,1788.0,,0,0,1,,0.0,1.0,,0.0,0.0,0.0,1027.3010381075503,,,1113.346246308467,2258.9899211749585,1027.3010381075503,1020.0800311276544,637.932091322584,852.5473460427656
695,raspberrypi,404.0,2023-09-18,02:55:01,Whole,539.7398525479039,,2.5034335985012084,,2976.5,1788.5,2.5034335985012084,0,2,2,,0.0,1.0,,0.0,0.0,0.0,1030.01598090839,,,1115.5045098772157,2261.437115525633,1030.01598090839,1022.7129403885929,640.5411836893878,855.231021319694
696,raspberrypi,484.0,2023-09-18,02:55:01,Whole,507.0834875472373,0.6666666666666666,3.0690790718502514,5.088213727766509,2210.075,1486.69,3.0736190828361702,0,25,25,10.484092422877364,0.13157894736842105,0.6710526315789473,,0.0,0.13157894736842105,0.32894736842105265,314.95520189690217,,,515.492145412585,1705.7367817224697,314.95520189690217,326.65286673704423,0.0,197.2002836105798
697,raspberrypi,485.0,2023-09-18,02:55:01,Whole,95.57390997199899,0.0,3.445961834902866,,2533.7434210526317,1985.2631578947369,3.0042418310970755,0,52,76,0.04117020620682644,0.0,1.0,,0.0,0.0,0.0,701.6923580533963,,,1071.2244516023113,1779.5885185078398,701.6923580533963,786.7309019334191,511.79306546940455,417.25384874507756
698,raspberrypi,493.0,2023-09-18,02:55:01,Whole,357.6995493604423,0.7142857142857143,2.717026309335669,8.342129885827296,2500.090909090909,2284.8238636363635,1.577012874354741,0,23,22,27.694346769148133,0.0,0.8026315789473685,,0.0,0.0,0.0,870.5129542298515,,,1351.0756012112886,1678.857222336076,870.5129542298515,995.554646801631,754.3272829822395,527.3221411056084
699,raspberrypi,496.0,2023-09-18,02:55:01,Whole,467.017184799016,,3.3878617300574674,,2040.0,1717.25,2.8987469941067348,0,2,1,,0.013157894736842105,0.9868421052631579,,0.0,0.013157894736842105,0.0,234.75807202277565,,,751.5655111871149,1437.4326175220685,234.75807202277565,416.7549865108752,250.2754049234178,0.0
700,raspberrypi,657.0,2023-09-18,02:55:01,Whole,1649.441805622702,,9.006520713170495,,1004.0,1147.0,9.006520713170495,0,1,1,,0.0,1.0,,0.0,0.0,0.0,902.0000928352407,,,1047.2822118788818,1264.1691716218525,902.0000928352407,949.4701355022738,447.2785212593254,618.679601428853
701,raspberrypi,742.0,2023-09-18,02:55:01,Whole,376.4538116214485,,1.6409144791253687,,2511.0,2302.5,1.6409144791253687,0,1,1,,0.0,1.0,,0.0,0.0,0.0,890.754284021284,,,1370.7440310570175,1686.9429557478961,890.754284021284,1015.1493015525906,766.6540039843599,541.2148659495749
702,raspberrypi,17.0,2023-09-18,13:05:01,Whole,713.5086411158933,,5.928265830197302,,1667.5,1613.75,3.079832125148156,0,3,1,,0.013333333333333334,0.9866666666666667,,0.0,0.013333333333333334,0.0,274.0213016084462,,,779.8053181130131,1201.7094847790797,274.0213016084462,452.8322632319181,203.82703733594676,122.05429298601453
703,raspberrypi,110.0,2023-09-18,13:05:01,Whole,1348.1645470283572,,9.795793050575973,,1072.25,1858.5,8.007618942634396,0,2,1,,0.0,1.0,,0.0,0.0,0.0,832.595658660525,,,1349.4463856966859,629.7160921588222,832.595658660525,973.2858229482197,569.3053607941109,691.6206041625921
704,raspberrypi,145.0,2023-09-18,13:05:01,Whole,1460.3421329173407,,9.488618154942888,,1594.25,264.0,4.13850773191103,0,5,1,,0.0,1.0,,0.0,0.0,0.0,1201.2899832883315,,,641.978509124652,2291.9848819684385,1201.2899832883315,1118.2255891124921,737.2028525356458,726.9180394894527
705,raspberrypi,159.0,2023-09-18,13:05:01,Whole,714.9236806302447,,3.7488424210467857,,2196.0,807.125,0.015822299189585068,2,4,2,,0.0,0.9733333333333334,,0.02666666666666667,0.0,0.02666666666666667,694.5419177064203,,,0.0,2149.220061001175,694.5419177064203,587.6128462281877,162.83582365286546,328.02651494758226
706,raspberrypi,481.0,2023-09-18,13:05:01,Whole,616.4494517241823,1.0,4.747747542825209,32.99425737877319,1759.9791666666667,1572.2604166666667,4.587002783999999,1,19,12,246.23937595178248,0.16,0.84,,0.0,0.16,0.013333333333333334,230.1884599143789,,,702.3038964176208,1299.1208960906597,230.1884599143789,407.96485907495634,229.38131591773723,86.10702125832763
707,raspberrypi,482.0,2023-09-18,13:05:01,Whole,534.7312743270394,1.0,5.878109984216241,63.30591876090728,2768.8097826086955,1731.8695652173913,5.055470876771381,1,50,23,1161.0906614959442,0.05333333333333334,0.72,,0.0,0.05333333333333334,0.06666666666666667,844.2280673359163,,,978.8653094734549,2100.6509884408947,844.2280673359163,851.657515338606,414.6508080655217,761.4841144614028
708,raspberrypi,483.0,2023-09-18,13:05:01,Whole,723.3430328920307,0.5714285714285714,5.096098789150999,7.258804145709426,2197.385563380282,798.3890845070423,4.527652563211753,2,101,71,16.652094476517977,0.0,0.05333333333333334,,0.9466666666666667,0.0,0.9066666666666666,703.3775232857173,,,0.0,2156.8773927337047,703.3775232857173,595.8980731773979,175.07796302220424,340.3198941719831
709,raspberrypi,484.0,2023-09-18,13:05:01,Whole,433.0917798122149,1.0,4.962264435021472,16.58596739762583,1941.2222222222222,1521.9930555555557,4.037466072568108,1,46,18,697.8629864322266,0.24,0.76,,0.0,0.24,0.08,211.43913614336017,,,595.1498839466224,1471.7357448639439,211.43913614336017,353.3563917136827,289.4232422792285,27.9653669554798
710,raspberrypi,488.0,2023-09-18,13:05:01,Whole,601.9482972480895,0.6666666666666666,5.218646099883837,12.200517279887224,1937.8392857142858,1916.9642857142858,6.029516610155826,0,17,7,43.677305073645236,0.09333333333333334,0.9066666666666666,,0.0,0.09333333333333334,0.09333333333333334,308.3081210981886,,,965.4632230483502,1250.990182778407,308.3081210981886,535.8118677340724,95.38859284837204,14.316587274714081
711,raspberrypi,492.0,2023-09-18,13:05:01,Whole,1485.579376789889,0.0,9.399087939473079,,3115.016129032258,2786.4274193548385,7.563708391335623,0,72,31,0.004822616446759676,0.0,1.0,,0.0,0.0,0.0,1649.5052418994558,,,2034.0002067582295,2279.8841862140443,1649.5052418994558,1736.8671192864858,1483.1339996944591,1314.8874413798355
712,raspberrypi,495.0,2023-09-18,13:05:01,Whole,381.32305315070505,,1.9714426803209195,,2156.0,1185.75,1.9714426803209195,0,1,1,,0.013333333333333334,0.9866666666666667,,0.0,0.013333333333333334,0.013333333333333334,380.38474647543393,,,212.38264788989096,1850.997924311449,380.38474647543393,343.98237686782505,131.63706818868275,103.9394992580549
713,raspberrypi,496.0,2023-09-18,13:05:01,Whole,546.1582129629069,1.0,4.829359945779118,22.095944701533337,2118.1,1023.0,1.6180637769851023,0,14,5,641.7788416201715,0.04,0.9333333333333333,,0.06666666666666667,0.04,0.06666666666666667,485.19759868030036,,,78.09211259938249,1939.5580865581628,485.19759868030036,419.1735692920739,0.0,103.77676298510937
714,raspberrypi,498.0,2023-09-18,13:05:01,Whole,969.8364459347034,1.0,7.365134728229873,244.8464652629863,2897.1428571428573,2241.5,2.772228199746218,0,23,7,9577.012637865486,0.0,0.92,,0.0,0.0,0.0,1193.2448058293144,,,1477.787343521642,2102.007551644489,1193.2448058293144,1250.1530014133436,1037.1882472967332,900.2871051070664
715,raspberrypi,968.0,2023-09-18,13:05:01,Whole,706.5524217859415,,4.898389447588017,,1671.25,1591.25,0.02928634186156101,1,3,1,,0.013333333333333334,0.9866666666666667,,0.0,0.013333333333333334,0.0,266.8143298576715,,,758.7423586429034,1219.8348439978706,266.8143298576715,444.58601838077374,224.92335521339888,99.28346347198561
716,raspberrypi,37.0,2023-09-18,10:20:01,Whole,796.7545054133932,,4.340330775610682,,2467.5,538.0,2.0701357205090978,0,2,1,,0.0,1.0,,0.0,0.0,0.0,1053.0777615212073,,,269.4764632372222,2530.7976834315605,1053.0777615212073,922.6382323745584,545.096465260905,710.0736100075433
717,raspberrypi,190.0,2023-09-18,10:20:01,Whole,1400.8369078726969,,7.094078158302724,,2773.75,2336.25,5.628794424006152,0,2,1,,0.0,1.0,,0.0,0.0,0.0,1096.361523046736,,,1483.477026497724,1943.2501177748845,1096.361523046736,1186.2084558652832,926.8014014370519,773.8724948447073
718,raspberrypi,425.0,2023-09-18,10:20:01,Whole,979.700081822752,,5.094547101431309,,1030.75,1376.75,2.5302316469346553,0,3,1,,0.0,1.0,,0.0,0.0,0.0,820.4168277725079,,,1104.733703503231,1051.4420333342227,820.4168277725079,902.4436737791353,461.9372863552141,583.9827312111561
719,raspberrypi,470.0,2023-09-18,10:20:01,Whole,1329.1044274153903,,6.441207058095472,,1620.25,2452.25,5.002487798984474,0,3,1,,0.0,1.0,,0.0,0.0,0.0,874.4159026613123,,,1565.1515805689899,784.0989460733947,874.4159026613123,1061.6102268817303,456.82081589457516,578.1755952289784
720,raspberrypi,482.0,2023-09-18,10:20:01,Whole,524.0094470200693,0.4444444444444444,4.2297538455984425,6.012384031101752,1525.8881578947369,1419.5592105263158,4.521862719725704,1,32,19,11.1622736865943,0.35185185185185186,0.6481481481481481,,0.0,0.35185185185185186,0.35185185185185186,365.1622157730409,,,718.2508887195912,1249.667615456382,365.1622157730409,490.027202773313,152.79967760147144,91.52110289892775
721,raspberrypi,484.0,2023-09-18,10:20:01,Whole,490.4157155173857,1.0,4.559490877175773,40.541900248063364,2165.45,1630.45,3.515076720169457,0,13,5,6.048821256995587,0.09259259259259259,0.9074074074074074,,0.0,0.09259259259259259,0.09259259259259259,285.66819241207304,,,659.1229579253934,1590.115667703804,285.66819241207304,386.9422815221608,118.44649293323126,70.31408122771226
722,raspberrypi,486.0,2023-09-18,10:20:01,Whole,396.06720367276307,0.7333333333333333,6.02078446544865,3.829642609868004,2149.8396739130435,813.6657608695652,4.4741857838068135,0,35,46,2.3417502761699125,0.0,0.14814814814814814,,0.8518518518518519,0.0,0.8518518518518519,670.825691762799,,,0.0,2113.971121232828,670.825691762799,568.2923664179436,129.81935711379322,293.52352226926837
723,raspberrypi,494.0,2023-09-18,10:20:01,Whole,276.150265497035,1.0,,48.965248207193305,2262.4166666666665,1143.75,,0,0,6,103.25558500994133,0.037037037037037035,0.8888888888888888,,0.05555555555555555,0.037037037037037035,0.1111111111111111,478.37949840225616,,,194.77048263568216,1959.2975782758542,478.37949840225616,403.54407106161733,145.44232828635393,223.28573860508067
724,raspberrypi,496.0,2023-09-18,10:20:01,Whole,678.6150368957611,,5.5582837855969345,,1808.5,1829.5,5.487773147187718,0,2,1,,0.018518518518518517,0.9814814814814815,,0.0,0.018518518518518517,0.018518518518518517,280.22027253187787,,,914.8943542854563,1181.5586235202386,280.22027253187787,485.7545264097645,5.393227502409559,44.63617532116497
725,raspberrypi,498.0,2023-09-18,10:20:01,Whole,1127.8974815869344,1.0,5.4357708011039625,11.194306588619055,1648.25,2250.5,4.323022450960571,0,7,3,0.0,0.0,0.9629629629629629,,0.0,0.0,0.0,680.2278847104902,,,1365.2191487754956,855.3334571844462,680.2278847104902,868.2682162961312,254.1075734732187,386.6133464891242
726,raspberrypi,621.0,2023-09-18,10:20:01,Whole,375.2967431411335,,2.9535834782525594,,1707.125,1422.625,2.2918081482221666,1,4,2,,0.037037037037037035,0.9629629629629629,,0.0,0.037037037037037035,0.018518518518518517,238.7807732665338,,,599.4681346368762,1364.8559693127281,238.7807732665338,392.8155446132023,194.05088370107356,0.0
727,raspberrypi,653.0,2023-09-18,10:20:01,Whole,1210.3680516885045,,5.987245829366867,,2244.25,2358.75,3.7716883217234862,0,3,1,,0.0,1.0,,0.0,0.0,0.0,798.0646224766749,,,1387.8238185911666,1414.957778566068,798.0646224766749,963.69064383421,576.7071213107603,425.6707107820467
728,raspberrypi,896.0,2023-09-18,10:20:01,Whole,1205.3985798392844,,,,2238.0,2355.0,,0,0,1,,0.0,1.0,,0.0,0.0,0.0,792.1964839253909,,,1383.7394837877764,1409.2725525498909,792.1964839253909,958.6532523124657,569.5478151186904,419.72810315424425
729,raspberrypi,987.0,2023-09-18,10:20:01,Whole,1210.8745938059114,,,,2242.0,2359.75,,0,0,1,,0.0,1.0,,0.0,0.0,0.0,798.0912476191876,,,1388.6971845889914,1412.5942894312104,798.0912476191876,963.9961644161876,575.6968269721016,425.6797034568015
730,raspberrypi,250.0,2023-09-18,11:55:01,Whole,821.7846546218351,,4.7034252034723725,,2505.5,2132.75,1.7640339184388152,0,4,1,,0.0,1.0,,0.0,0.0,0.0,766.6869321679703,,,1204.7866894721446,1713.404768674632,766.6869321679703,878.0096466792209,646.6720357449808,440.0052613478577
731,raspberrypi,470.0,2023-09-18,11:55:01,Whole,633.7630944302629,,4.028240288847603,,1615.25,2449.25,3.413899722579182,0,3,1,,0.0,1.0,,0.0,0.0,0.0,873.2541466289484,,,1563.8771349462238,779.5191264444911,873.2541466289484,1060.3538430098738,454.9880519276136,577.5239772434336
732,raspberrypi,481.0,2023-09-18,11:55:01,Whole,444.26328858088016,0.9523809523809523,5.025980151907319,9.97152332467438,1514.0760869565217,1449.766304347826,1.8397315126283373,0,66,23,41.16781669934393,0.3150684931506849,0.684931506849315,,0.0,0.3150684931506849,0.273972602739726,375.581012880982,,,750.1154588191209,1220.047168210373,375.581012880982,505.03075217919724,178.85106061039505,116.11059381455453
733,raspberrypi,482.0,2023-09-18,11:55:01,Whole,163.45272749695653,1.0,3.669418706589571,80.75,1830.5,1961.125,2.4510260414661547,0,3,2,,0.0273972602739726,0.9726027397260274,,0.0,0.0273972602739726,0.0273972602739726,362.0921879903685,,,1033.8132057772812,1135.4461528146503,362.0921879903685,570.0095920726201,12.958198390287365,44.67550292177043
734,raspberrypi,488.0,2023-09-18,11:55:01,Whole,944.000282296816,1.0,4.277767487738848,76.26921232322077,2630.8229166666665,2035.6458333333333,6.510755266765406,0,70,24,2117.3111683381107,0.0273972602739726,0.684931506849315,,0.0,0.0273972602739726,0.0,859.2393934808971,,,1204.3587253792891,1869.246725675813,859.2393934808971,942.4907866054452,602.0993394905779,676.4687377979296
735,raspberrypi,491.0,2023-09-18,11:55:01,Whole,628.5241326779923,1.0,5.264441453432449,7.994058999238679,2366.24609375,1782.2890625,4.884204653470923,0,34,32,112.1351148218643,0.0547945205479452,0.589041095890411,,0.0,0.0547945205479452,0.0136986301369863,478.47528567917936,,,832.4681648801115,1695.9308740128427,478.47528567917936,556.9655963284142,263.1055708508074,271.86003378518
736,raspberrypi,493.0,2023-09-18,11:55:01,Whole,340.8420740343303,1.0,4.251688643928423,6.215053838910524,1402.6450892857142,1832.8013392857144,2.418261989798409,0,111,56,15.240547553136944,0.0,0.2328767123287671,,0.0,0.0,0.1232876712328767,542.8231722727318,,,1110.4864079232968,858.8960065939957,542.8231722727318,702.9261076673305,263.48282162213934,452.712691151043
737,raspberrypi,496.0,2023-09-18,11:55:01,Whole,608.7474099144841,1.0,5.005787672612659,56.28783465838239,1350.8590425531916,1873.9441489361702,2.4183653538465966,0,108,47,2786.0173426810647,0.0958904109589041,0.3698630136986301,,0.0,0.0958904109589041,0.2054794520547945,721.6045936302816,,,1214.3963211283838,844.3918480322801,721.6045936302816,857.4634659029264,274.6078967279765,406.3180657358525
738,raspberrypi,683.0,2023-09-18,11:55:01,Whole,1094.3879206353508,,6.190420995308657,,1793.75,2921.5,5.97727436470339,0,3,1,,0.0,1.0,,0.0,0.0,0.0,1296.6685058814526,,,1979.4189929639003,999.7751822395385,1296.6685058814526,1476.8407875459757,914.6331398506355,971.8035705651702
739,raspberrypi,896.0,2023-09-18,11:55:01,Whole,719.032466666006,,4.394180185267692,,2232.5,2354.25,1.1857124160991515,0,4,1,,0.0,1.0,,0.0,0.0,0.0,789.382248014858,,,1382.7119044688227,1403.9273621234781,789.382248014858,956.5451233177457,564.9569111986413,416.8760516459557
740,raspberrypi,481.0,2023-09-17,21:55:01,Whole,651.1506123443166,0.0,5.09920309665402,,2283.5,1768.25,4.195980846712229,0,31,10,5.744309852194469e-27,0.125,0.875,,0.0,0.125,0.0,402.80628164730945,,,803.2277939091651,1626.6801959817847,402.80628164730945,506.1946431612388,250.4842311301476,170.60149131636828
741,raspberrypi,484.0,2023-09-17,21:55:01,Whole,355.47607736854457,1.0,5.109773768658387,30.35465184268246,2251.358333333333,858.9,2.537936518363984,0,37,15,450.0631649589858,0.0,0.8125,,0.1875,0.0,0.125,676.7596491728467,,,6.203366591234944,2148.6744203434396,676.7596491728467,569.188629196646,153.9883475892799,320.21692624089474
742,raspberrypi,485.0,2023-09-17,21:55:01,Whole,838.2100816236914,0.0,7.2469388502498795,,2464.5466101694915,421.3241525423729,7.239726460725628,0,90,59,0.02109316603972609,0.0,1.0,,0.0,0.0,0.0,1151.6867881563949,,,353.88680187851674,2616.6359901011847,1151.6867881563949,1019.3367078028384,630.6330068440448,791.8177986947342
743,raspberrypi,494.0,2023-09-17,21:55:01,Whole,758.7154278023984,1.0,7.063386172742927,85.9685994959853,2396.384259259259,1611.2777777777778,5.3549308698455835,0,37,27,2465.0496467268295,0.05,0.675,,0.0625,0.05,0.025,667.1984852531408,,,749.088079515772,1840.143908516479,667.1984852531408,696.3064624457306,349.84096418481636,359.68312191894057
744,raspberrypi,496.0,2023-09-17,21:55:01,Whole,629.7323980432857,0.39473684210526316,6.036369564347191,32.08613456255109,1558.1672077922078,1522.189935064935,5.832493051822039,0,109,77,1164.8341835466965,0.9,0.0375,,0.0,0.9,0.0625,348.9876629103033,,,774.3773199497505,1195.4808405381286,348.9876629103033,496.91423581258584,221.81478029324177,84.83742213110386
745,raspberrypi,660.0,2023-09-17,21:55:01,Whole,1480.9385258314192,,7.909487974017523,,2895.25,2380.0,4.4658650894953205,0,4,1,,0.0,1.0,,0.0,0.0,0.0,1215.8244572262552,,,1572.4804176002208,2059.8278640105914,1215.8244572262552,1295.3873925777498,1021.1919056569188,900.72847296748
746,raspberrypi,159.0,2023-09-18,14:45:01,Whole,339.5975998691581,1.0,3.7553376989360427,127.52671288792791,2116.0,1182.375,2.734860915419193,0,4,2,,0.030303030303030304,0.9696969696969697,,0.015151515151515152,0.030303030303030304,0.030303030303030304,362.04249477497433,,,211.76446462383728,1824.594380117872,362.04249477497433,338.6650706545405,88.84756207192814,77.7513965025696
747,raspberrypi,378.0,2023-09-18,14:45:01,Whole,798.5914645196746,,5.4654737097514285,,2694.5,2157.0,3.341760802758868,0,5,1,,0.0,1.0,,0.0,0.0,0.0,924.8668310685763,,,1287.587974909116,1892.800875550708,924.8668310685763,1006.862998584949,730.8440135309336,621.7358085032342
748,raspberrypi,470.0,2023-09-18,14:45:01,Whole,1212.2085493903653,,8.901840092259086,,1042.0,1374.75,6.882399909376053,0,3,1,,0.0,1.0,,0.0,0.0,0.0,810.0314586505309,,,1093.760635041824,1056.9400381134626,810.0314586505309,891.9475368517618,450.7651223963596,572.7938223272245
749,raspberrypi,481.0,2023-09-18,14:45:01,Whole,674.6446530061337,0.3939393939393939,4.129909799279736,11.71899673752163,1784.5220588235295,1984.5919117647059,3.080309268240948,1,106,34,64.50090429019663,0.5151515151515151,0.48484848484848486,,0.0,0.5151515151515151,0.5151515151515151,397.4237724860276,,,1069.6592684740408,1083.6681258343824,397.4237724860276,594.8854167813513,0.0,88.7646306082972
750,raspberrypi,482.0,2023-09-18,14:45:01,Whole,677.050239982797,1.0,5.767224706904507,32.115335897962474,2222.5535714285716,825.0044642857143,3.918722210980842,0,148,56,3019.3638171834277,0.0,0.16666666666666666,,0.7727272727272727,0.0,0.45454545454545453,705.5267420865041,,,36.53117809360667,2159.875537009387,705.5267420865041,599.1827756998349,186.42348171411757,348.90240988305305
751,raspberrypi,483.0,2023-09-18,14:45:01,Whole,769.1798622866631,1.0,4.532219838810035,18.562581836706997,1896.625,810.625,4.406413051552745,0,4,4,5.4526065768876336e-27,0.06060606060606061,0.9393939393939394,,0.06060606060606061,0.06060606060606061,0.06060606060606061,622.4826850371485,,,110.60504883391623,1959.6695329729569,622.4826850371485,553.6982325197536,112.57370502714468,164.3418495609032
752,raspberrypi,486.0,2023-09-18,14:45:01,Whole,143.60067373791398,0.9655172413793104,4.068758213806618,17.62952946775981,2328.116525423729,1594.5995762711864,3.2689322539110535,0,148,59,351.6764749129839,0.25757575757575757,0.10606060606060606,,0.0,0.25757575757575757,0.8636363636363636,408.0536429757203,,,642.279984673581,1748.1015229626055,408.0536429757203,426.3499425593007,83.76851465461957,275.34794536162957
753,raspberrypi,492.0,2023-09-18,14:45:01,Whole,1554.73364927015,0.0,10.525283163201037,,3111.1875,2787.9895833333335,7.368290554639509,0,56,24,0.000870710430332148,0.0,1.0,,0.0,0.0,0.0,1647.9426374239156,,,2033.7306763402576,2276.2011386282084,1647.9426374239156,1735.691036171985,1482.7594241407191,1312.9541488159657
754,raspberrypi,494.0,2023-09-18,14:45:01,Whole,804.0678209335448,1.0,4.111378562718628,89.03604274605297,1548.3055555555557,1876.2222222222222,1.4080507968122902,0,39,9,23472.898533854892,0.0,0.8636363636363636,,0.0,0.0,0.10606060606060606,465.93577316729943,,,1067.3815608615353,947.554162873473,465.93577316729943,638.961423127128,89.91076447728594,252.1696688124922
755,raspberrypi,495.0,2023-09-18,14:45:01,Whole,136.97090557152958,,2.5271766677495866,,2112.75,1474.75,1.4084085296747635,0,5,1,,0.015151515151515152,0.9848484848484849,,0.0,0.015151515151515152,0.015151515151515152,250.35758056527501,,,502.91525784497475,1633.5546157271808,250.35758056527501,311.550068367079,32.62669951572478,98.18909468789518
756,raspberrypi,496.0,2023-09-18,14:45:01,Whole,737.3143669600033,1.0,5.204593245967679,132.9043897945358,2290.185185185185,858.4537037037037,1.6087207611676413,0,75,27,12685.418112112297,0.09090909090909091,0.6212121212121212,,0.07575757575757576,0.09090909090909091,0.16666666666666666,787.6754939519717,,,344.01726773746896,2196.166551741977,787.6754939519717,702.670667956264,325.73993410027083,411.08673739825593
757,raspberrypi,621.0,2023-09-18,14:45:01,Whole,695.0768720261063,,3.2520173819366236,,1766.75,1996.0,0.03288139737500707,1,5,1,,0.015151515151515152,0.9848484848484849,,0.0,0.015151515151515152,0.015151515151515152,413.55530995743146,,,1085.977995985202,1062.6108440866674,413.55530995743146,607.0283221561813,0.0,111.78463033157851
758,raspberrypi,425.0,2023-09-18,00:20:01,Whole,774.1421180399453,,4.081568690701713,,1943.75,1496.0,4.081568690701713,0,1,1,,0.0125,0.9875,,0.0,0.0125,0.0,181.5778247334667,,,555.7379506528287,1487.3121960209075,181.5778247334667,334.10068257074556,201.4682478905944,0.0
759,raspberrypi,493.0,2023-09-18,00:20:01,Whole,22.08252640761898,0.46835443037974683,4.081568690701713,7.217435329434418,2180.7703125,2243.1234375,4.081568690701713,0,1,80,21.570075368826547,0.0,0.5375,,0.0,0.0,0.0,668.2921257359311,,,1270.0634906343014,1372.3465999450013,668.2921257359311,844.2259939529064,452.24198504331935,298.77273461405673
760,raspberrypi,106.0,2023-09-18,11:15:01,Whole,1168.427214072746,,,,2762.75,915.0,,0,0,1,,0.0,1.0,,0.0,0.0,0.0,983.3902186517868,,,461.1690975356342,2489.8498220789284,983.3902186517868,861.934971192963,544.2340160569468,765.4348470393652
761,raspberrypi,470.0,2023-09-18,11:15:01,Whole,811.9834782856581,,,,1048.75,1375.75,,0,0,1,,0.0,1.0,,0.0,0.0,0.0,803.4993824033083,,,1088.1617280810062,1058.1989304429253,803.4993824033083,885.6871183557001,444.9111820848298,566.0173337693213
762,raspberrypi,481.0,2023-09-18,11:15:01,Whole,656.8620850807025,,,,2319.5,1179.75,,0,0,1,,0.0,0.9230769230769231,,0.0,0.0,0.07692307692307693,495.94037690516194,,,241.35498530658958,1978.4120638115878,495.94037690516194,410.63897451589145,125.9752993564332,265.9264004306682
763,raspberrypi,484.0,2023-09-18,11:15:01,Whole,319.9021367600976,1.0,,24.773689499739554,1587.9583333333333,1825.75,,0,0,6,704.2210107131175,0.0,0.5384615384615384,,0.0,0.0,0.46153846153846156,403.10801483834666,,,1002.8036425619821,1003.6063889286478,403.10801483834666,576.3245569781212,72.40598730060289,253.5170001152215
764,raspberrypi,496.0,2023-09-18,11:15:01,Whole,250.11633663878814,0.0,,,1680.75,1816.625,,0,0,2,,0.15384615384615385,0.8461538461538461,,0.0,0.15384615384615385,0.15384615384615385,338.9024342430992,,,951.6579580106094,1083.0019138495934,338.9024342430992,520.1251063499478,9.406175335421395,163.7995229930214
765,raspberrypi,683.0,2023-09-18,11:15:01,Whole,1254.8506388170845,,,,2473.0,537.75,,0,0,1,,0.0,1.0,,0.0,0.0,0.0,1056.1028384424424,,,273.71352144287613,2534.6680383595103,1056.1028384424424,925.4950812687212,549.1664632675416,714.2593815980174
766,raspberrypi,987.0,2023-09-18,11:15:01,Whole,860.150420526522,,,,2237.25,2367.75,,0,0,1,,0.0,1.0,,0.0,0.0,0.0,803.5588978458027,,,1396.4332896844232,1406.8354060546549,803.5588978458027,969.988887470495,577.5667480411416,431.16136642409543
767,raspberrypi,272.0,2023-09-18,05:40:01,Whole,456.20272205578857,,,,1087.5,1629.5,,0,0,1,,0.0,1.0,,0.0,0.0,0.0,764.5981647126922,,,1189.2800753785752,838.2033581794494,764.5981647126922,883.6178791274648,555.6109178084768,569.2721222570974
768,raspberrypi,486.0,2023-09-18,05:40:01,Whole,229.78052707185913,1.0,,58.75212762104876,1734.75,1407.375,,0,0,2,,0.6666666666666666,0.3333333333333333,,0.0,0.6666666666666666,0.3333333333333333,226.76691369753556,,,570.9755312655475,1395.0001484635,226.76691369753556,379.5509400413497,195.71888420236422,0.0
769,raspberrypi,250.0,2023-09-17,22:05:01,Whole,906.1348085480989,,,,2838.25,1507.0,,0,0,1,,0.0,1.0,,0.0,0.0,0.0,871.6615292975209,,,814.4123776414574,2239.8177984733034,871.6615292975209,818.364073588073,405.249222509187,747.0758888610835
770,raspberrypi,481.0,2023-09-17,22:05:01,Whole,565.0216190664743,,4.666008976416078,,1646.25,1583.75,4.507663977677606,0,2,1,,0.025,0.975,,0.0,0.025,0.0,281.1776707303641,,,766.1101787537921,1207.0173069230966,281.1776707303641,454.7837146994533,238.27681540379385,99.30038721839708
771,raspberrypi,484.0,2023-09-17,22:05:01,Whole,977.1450120919018,1.0,6.91957513193583,61.45709292456229,1046.8863636363637,977.2386363636364,4.507663977677606,0,2,11,900.9608797352394,0.0,0.75,,0.0,0.0,0.0,941.1346317541755,,,971.6822895148249,1441.7603697097259,941.1346317541755,962.979631841358,429.2987177443969,581.9698453888675
772,raspberrypi,486.0,2023-09-17,22:05:01,Whole,369.7325296822629,0.85,4.594484512357771,39.102561749438486,2238.7321428571427,894.8392857142857,1.5955584451656233,0,8,21,1668.6032818614685,0.025,0.475,,0.5,0.025,0.35,651.1910153419186,,,48.8257380414569,2117.1758858054404,651.1910153419186,549.6317715479009,153.6992596882747,309.7116492240038
773,raspberrypi,491.0,2023-09-17,22:05:01,Whole,906.2554510249854,,,,2120.25,2047.25,,0,0,1,,0.025,0.975,,0.0,0.025,0.0,468.20436599279464,,,1074.44697647626,1367.6042324719217,468.20436599279464,661.8230680022854,305.6351604762301,91.08813690746165
774,raspberrypi,496.0,2023-09-17,22:05:01,Whole,523.6743894427797,1.0,1.70555338064759,90.04800557608439,2372.0,1316.90625,1.362389651995484,0,7,12,14734.253963077195,0.1,0.7,,0.0,0.1,0.3,556.2233641989635,,,474.4302470836915,1954.1207097634117,556.2233641989635,503.20547687744545,133.75775646180404,402.4148187114399
775,raspberrypi,987.0,2023-09-17,22:05:01,Whole,1183.8517136747557,,7.213085301805519,,2237.0,2309.3333333333335,6.153884809611251,0,3,3,,0.0,1.0,,0.0,0.0,0.0,750.370540233402,,,1338.084217100755,1415.155721371925,750.370540233402,917.3715728857072,539.2449283251311,378.12927774924384
776,raspberrypi,62.0,2023-09-18,13:35:01,Whole,1305.5768166557884,,6.644106960780837,,1041.5,1146.25,5.954736594408425,0,2,1,,0.0,1.0,,0.0,0.0,0.0,868.4240781189866,,,1011.020297860065,1274.8156025849541,868.4240781189866,914.9203914120098,409.8197476507781,581.1883813912723
777,raspberrypi,110.0,2023-09-18,13:35:01,Whole,1217.5027026927137,,7.059230368937062,,1068.25,1859.75,7.059230368937062,0,1,1,,0.0,1.0,,0.0,0.0,0.0,836.5850841714076,,,1353.203814277217,626.5598151064942,836.5850841714076,977.1620628765661,573.2022102062664,695.5988352805894
778,raspberrypi,159.0,2023-09-18,13:35:01,Whole,348.78229725415224,1.0,5.070558558091973,36.139411986990496,1979.125,1799.875,1.8458814725314385,0,12,10,1.8370992760786923e-26,0.136986301369863,0.863013698630137,,0.0,0.136986301369863,0.0958904109589041,257.28458892022314,,,842.8203308392783,1345.5119932342568,257.28458892022314,466.79135804858936,164.0986304590876,0.0
779,raspberrypi,481.0,2023-09-18,13:35:01,Whole,150.81069359355618,0.9305555555555556,5.117416902218952,18.073824136888774,2399.7568493150684,1629.1164383561643,2.457738219025046,0,27,73,450.9562821519158,0.0136986301369863,0.0,,0.0,0.0136986301369863,0.9178082191780822,471.7315686972764,,,692.401456793937,1793.9271100070507,471.7315686972764,485.42469558051346,119.58377181214254,309.4160634961062
780,raspberrypi,484.0,2023-09-18,13:35:01,Whole,882.0791919468842,1.0,4.2827667586683384,8.594588113751355,1507.4464285714287,1154.5535714285713,3.257396097197847,0,12,7,3.4409161859567186,0.0958904109589041,0.9041095890410958,,0.0,0.0958904109589041,0.0958904109589041,474.58813006091987,,,578.9999353310844,1457.3531134015345,474.58813006091987,512.8858123028483,0.0,117.2110294258348
781,raspberrypi,486.0,2023-09-18,13:35:01,Whole,346.81696744188724,0.0,2.842065661870746,,2118.0,1297.375,2.480790231911303,0,10,5,0.0,0.0684931506849315,0.9315068493150684,,0.0,0.0684931506849315,0.0684931506849315,299.63732144039113,,,325.6527124356123,1748.5372612401407,299.63732144039113,307.8201339698429,88.64955341267294,73.81302525837279
782,raspberrypi,492.0,2023-09-18,13:35:01,Whole,1450.2803212031708,,7.187267681530997,,3111.25,2788.125,7.137406895651192,0,3,2,,0.0,1.0,,0.0,0.0,0.0,1648.0823694975345,,,2033.879788619794,2276.274911875651,1648.0823694975345,1735.8332530599487,1482.8281615927249,1313.052557910808
783,raspberrypi,494.0,2023-09-18,13:35:01,Whole,731.2569515492229,,4.436147294518157,,1611.5,1276.75,4.436147294518157,0,1,1,,0.0136986301369863,0.9863013698630136,,0.0,0.0136986301369863,0.0136986301369863,336.56736366372826,,,559.3352179978758,1415.1136890904431,336.56736366372826,426.5057844653276,19.229744882250117,45.67875368539981
784,raspberrypi,272.0,2023-09-17,23:05:01,Whole,267.02860957256394,,1.3134222011825827,,2491.25,1535.5,0.0347603491407739,1,2,1,,0.0,0.9873417721518988,,0.0,0.0,0.012658227848101266,546.6664184648888,,,636.3358114435571,1918.8208463955189,546.6664184648888,509.6644255783896,97.7380888060454,406.9516636410704
785,raspberrypi,470.0,2023-09-17,23:05:01,Whole,610.0138713461486,,3.2601915936494885,,2857.25,2303.0,2.1668747928482084,0,2,1,,0.0,1.0,,0.0,0.0,0.0,1139.0799031950846,,,1486.626030711277,2030.063081463859,1139.0799031950846,1215.738162274255,935.4705039396031,830.6735698012949
786,raspberrypi,485.0,2023-09-17,23:05:01,Whole,235.3332035866308,0.0,3.747664854303458,,2532.884493670886,2036.0680379746836,2.5573947355942197,0,78,79,0.04821994236750241,0.0,1.0,,0.0,0.0,0.0,728.3711831644735,,,1119.4053358897513,1764.2794766726297,728.3711831644735,821.8459111841219,559.9211133079644,428.72994879696927
787,raspberrypi,491.0,2023-09-17,23:05:01,Whole,259.2629247141651,0.0,3.5867173932883074,,2492.2280405405404,1543.2179054054054,2.557325118594612,1,78,74,0.042443026824991355,0.0,0.06329113924050633,,0.0,0.0,0.9367088607594937,547.4550685957335,,,643.7450263886228,1915.9183620230426,547.4550685957335,513.1283876366006,103.1887010665612,405.369016172732
788,raspberrypi,493.0,2023-09-17,23:05:01,Whole,789.8966311891795,,4.0282700021607925,,2298.25,1040.75,2.7774925899553935,0,2,1,,0.0,0.9873417721518988,,0.012658227848101266,0.0,0.012658227848101266,564.3735733960818,,,108.76760835048123,2053.8367613639653,564.3735733960818,469.0730748887321,187.10679153101,290.7116614647248
789,raspberrypi,653.0,2023-09-17,23:05:01,Whole,1370.0715668876394,,7.180745835132215,,1799.5,2973.75,6.146992024224162,0,2,1,,0.0,1.0,,0.0,0.0,0.0,1348.052317471604,,,2029.968572492486,1021.0813704934517,1348.052317471604,1527.3171615542726,967.1203355858775,1021.5260597466669
790,raspberrypi,17.0,2023-09-17,19:00:01,Whole,1067.298625184506,,7.929660031055604,,2401.5,2419.5,5.494308696967957,0,3,1,,0.0,1.0,,0.0,0.0,0.0,922.7837910960018,,,1464.6523119891324,1564.5152358803177,922.7837910960018,1068.0709553696956,736.6154983294344,555.9616038717869
791,raspberrypi,159.0,2023-09-17,19:00:01,Whole,575.4784628932385,1.0,2.6941770913780703,23.328409012350356,1703.2708333333333,2090.4166666666665,2.762947162964403,0,10,6,4.641822440613417,0.0,0.9142857142857143,,0.0,0.0,0.08571428571428572,519.2818119600735,,,1196.3713411933352,964.5683230038289,519.2818119600735,707.7287457116844,86.40338008603335,222.52745889753044
792,raspberrypi,481.0,2023-09-17,19:00:01,Whole,178.68881554078828,0.43636363636363634,4.966596734362842,9.718479827487224,1658.372807017544,1587.5986842105262,4.607890235610252,0,83,57,43.09970470328304,0.6428571428571429,0.18571428571428572,,0.0,0.6428571428571429,0.2571428571428571,277.2683967208997,,,763.2325793258815,1213.7947432855244,277.2683967208997,451.7037717539209,272.70417242658004,53.28326483889259
793,raspberrypi,485.0,2023-09-17,19:00:01,Whole,980.2719765683597,1.0,6.4475638796721215,84.1465835283697,2580.1047297297296,1021.6182432432435,5.372414363434128,0,68,37,3685.1320177447897,0.05714285714285714,0.4857142857142857,,0.22857142857142856,0.05714285714285714,0.12857142857142856,845.9620313312827,,,397.68793616886234,2305.7686900802314,845.9620313312827,749.4054215156588,342.64803707295573,656.1432390948975
794,raspberrypi,496.0,2023-09-17,19:00:01,Whole,916.2658415228533,1.0,6.937066239900494,146.2299546711996,1420.3921568627452,1734.9632352941176,4.5954876663086,0,73,51,8804.98456907372,0.02857142857142857,0.2857142857142857,,0.04285714285714286,0.02857142857142857,0.02857142857142857,870.4812696388666,,,1190.6410598915727,1067.0196580997108,870.4812696388666,972.2732099259238,435.1328978203919,499.6312643071111
795,raspberrypi,944.0,2023-09-17,19:00:01,Whole,1055.7410068089575,,6.408369222299119,,2799.5,1911.0,2.6507139101136103,0,3,1,,0.0,1.0,,0.0,0.0,0.0,899.3687493252435,,,1112.7979369442867,2055.425422527338,899.3687493252435,928.9147598906827,581.8673687536805,673.6178435042754
796,raspberrypi,17.0,2023-09-18,16:05:01,Whole,892.8551125867909,,8.39078444004779,,3302.0,1798.5,5.124744986475787,0,2,1,,0.0,1.0,,0.0,0.0,0.0,1344.1477029531031,,,1353.161340785093,2569.1027036129467,1344.1477029531031,1323.359807952455,936.4072676700271,1178.7174336711196
797,raspberrypi,115.0,2023-09-18,16:05:01,Whole,1495.3030333565482,,9.397163944018246,,1043.75,1145.75,5.615298754092171,0,3,1,,0.0,1.0,,0.0,0.0,0.0,866.5824139334067,,,1008.7201187111084,1275.9191245699928,866.5824139334067,912.9491573437119,407.58767422088994,578.94376308916
798,raspberrypi,145.0,2023-09-18,16:05:01,Whole,1207.3339095835872,,9.12938278594478,,2398.25,2960.0,3.9286377746743826,0,3,1,,0.0,1.0,,0.0,0.0,0.0,1412.0166473744332,,,2000.1381461442104,1595.340421931563,1412.0166473744332,1562.9993455104618,1141.0749763011852,1042.4354087267668
799,raspberrypi,425.0,2023-09-18,16:05:01,Whole,1401.9789229390703,1.0,8.624008854489983,192.17321456051818,1112.919642857143,1658.669642857143,4.4184201736676165,0,38,14,87708.18296653952,0.012987012987012988,0.8311688311688312,,0.0,0.012987012987012988,0.012987012987012988,910.2269188799293,,,1263.835454744361,861.4106849058661,910.2269188799293,1010.0195970375796,695.1241071961012,729.5005295124772
800,raspberrypi,482.0,2023-09-18,16:05:01,Whole,1444.9087638212786,1.0,8.946963999274498,31.94099087951852,1535.0230263157894,644.875,13.852639793171173,0,56,38,825.7092350372246,0.0,0.5324675324675324,,0.0,0.0,0.0,907.5949661925491,,,548.2917927179151,1924.6914216329399,907.5949661925491,859.2546544080114,437.25192072558053,491.4840895422522
801,raspberrypi,484.0,2023-09-18,16:05:01,Whole,665.5784739935672,1.0,7.545261526357327,28.64848093946038,1754.1607142857142,1659.1785714285713,3.326577203547501,0,37,14,316.06131621240945,0.18181818181818182,0.8181818181818182,,0.0,0.18181818181818182,0.15584415584415584,251.05786071928665,,,780.878620153445,1237.723137112794,251.05786071928665,435.8520098251637,133.40371694447342,166.59684337257977
802,raspberrypi,486.0,2023-09-18,16:05:01,Whole,1944.0948709255729,1.0,12.279546609266701,34.553103080973436,3416.125,89.22619047619048,10.118645701862354,0,50,21,1043.134980174842,0.0,0.7402597402597403,,0.0,0.0,0.0,1998.1909326417947,,,1305.7602069098473,3521.2568994988883,1998.1909326417947,1858.7387147181769,1577.6049583990607,1742.809727671067
803,raspberrypi,487.0,2023-09-18,16:05:01,Whole,45.30883183665465,0.0,6.462726863572162,,2366.5170454545455,1741.2329545454545,3.3658033650299357,0,59,22,0.055266452330475634,0.0,1.0,,0.0,0.0,0.0,462.52581800108237,,,791.3229741749004,1713.1648059483864,462.52581800108237,528.4542513516515,238.55504789552194,249.85088414337883
804,raspberrypi,491.0,2023-09-18,16:05:01,Whole,877.5056024217109,1.0,5.7735545899107255,82.72233708494215,1573.7578125,1903.15625,4.177047151316904,0,38,16,3003.8326835286853,0.11688311688311688,0.8181818181818182,,0.0,0.11688311688311688,0.12987012987012986,489.48531850474376,,,1086.3233503288932,956.6626613921801,489.48531850474376,667.0859202812208,111.6426799932288,173.82703245552582
805,raspberrypi,492.0,2023-09-18,16:05:01,Whole,1256.345715848567,0.0,9.650852547634752,,3137.086038961039,2777.525974025974,8.908863822745044,0,135,77,0.04808346912356458,0.0,1.0,,0.0,0.0,0.0,1658.747353632989,,,2035.7983109120694,2301.150602412041,1658.747353632989,1743.8893105920329,1486.315895445189,1326.2143485890206
806,raspberrypi,496.0,2023-09-18,16:05:01,Whole,378.32907875335087,1.0,8.494763925295088,46.40039130903893,2176.5535714285716,1459.6785714285713,8.308656744260285,0,15,7,1117.623173641678,0.07792207792207792,0.9090909090909091,,0.0,0.07792207792207792,0.09090909090909091,296.7273146837454,,,487.4290869954056,1694.2216873123912,296.7273146837454,316.78575453191195,0.0,151.02226539346248
807,raspberrypi,106.0,2023-09-17,19:50:01,Whole,1495.764242835559,,,,1034.5,1374.25,,0,0,1,,0.0,1.0,,0.0,0.0,0.0,817.2082325820729,,,1100.2653472936352,1055.0035533748335,817.2082325820729,898.9209312270362,457.52347846151696,580.3055026062044
808,raspberrypi,485.0,2023-09-17,19:50:01,Whole,57.273745419913325,0.4473684210526316,3.296278257573981,17.36105783032565,2565.56875,1580.375,2.6334495955993873,0,26,40,109.74912084809561,0.0,0.1111111111111111,,0.0,0.0,0.7333333333333333,615.4001847278386,,,710.3144666327873,1963.1824729486634,615.4001847278386,588.4861520426259,186.04199904827868,483.40441917248756
809,raspberrypi,493.0,2023-09-17,19:50:01,Whole,631.6316967227617,1.0,3.296278257573981,130.6264603605653,2525.6637931034484,1552.6077586206898,2.6334495955993873,0,26,29,8399.69775509286,0.06666666666666667,0.4,,0.0,0.06666666666666667,0.0,832.2058948812598,,,903.2146957023401,2000.4340543451253,832.2058948812598,857.7437166306797,514.2901163751839,475.220201287256
810,raspberrypi,495.0,2023-09-17,19:50:01,Whole,868.3639892675768,,,,1805.25,2070.5,,0,0,1,,0.022222222222222223,0.9777777777777777,,0.0,0.022222222222222223,0.022222222222222223,465.91303898994744,,,1145.8922251835445,1065.7408182215693,465.91303898994744,664.8177936074178,75.0698042482239,154.46560664286636
811,raspberrypi,159.0,2023-09-18,10:35:01,Whole,560.2969560768825,1.0,0.9703814194679032,13.412894003151235,2312.225,1794.3,0.08401938244627345,2,3,10,53.035746267758284,0.08571428571428572,0.8714285714285714,,0.0,0.08571428571428572,0.0,435.55769118343915,,,833.5317003343216,1641.4116660221403,435.55769118343915,536.6100903315647,290.3498480250887,188.0924343214775
812,raspberrypi,404.0,2023-09-18,10:35:01,Whole,1149.5206799165446,,6.054071209492938,,743.5,2096.25,4.2952436494932735,0,2,1,,0.0,1.0,,0.0,0.0,0.0,1215.8918794775848,,,1752.1999220826979,280.04212606612066,1215.8918794775848,1358.4489658088796,913.6924883277159,1097.3309765490228
813,raspberrypi,483.0,2023-09-18,10:35:01,Whole,521.3543838920901,0.9523809523809523,3.6574266724864533,23.22992458537509,2281.3260869565215,1760.875,4.2093181462760345,2,17,23,310.18312477290203,0.2571428571428571,0.6857142857142857,,0.0,0.2571428571428571,0.0,400.40090267196393,,,796.2229914495684,1628.4121393581022,400.40090267196393,501.68836431388416,244.7250703613704,171.04174529638493
814,raspberrypi,486.0,2023-09-18,10:35:01,Whole,788.2286303713323,1.0,4.766552002913094,143.82089077541355,1454.5661764705883,1510.188725490196,4.757506699663857,0,19,51,9658.383464960496,0.05714285714285714,0.3,,0.0,0.05714285714285714,0.0,776.6608306783166,,,1044.1080037609988,1258.8399766870584,776.6608306783166,858.9048400763171,445.12401353729865,495.8427692848807
815,raspberrypi,488.0,2023-09-18,10:35:01,Whole,457.5343307341651,,1.881334410679599,,2217.25,1460.25,1.8567434564895329,0,2,1,,0.0,0.9857142857142858,,0.0,0.0,0.014285714285714285,323.38984668725,,,489.66697107169597,1726.7331194966018,323.38984668725,322.2324478144579,0.0,199.79010156869577
816,raspberrypi,496.0,2023-09-18,10:35:01,Whole,167.66969657157873,1.0,5.177549186108736,21.38532279976152,1904.2083333333333,1492.2708333333333,5.283518635058849,0,5,6,0.0,0.08571428571428572,0.9142857142857143,,0.0,0.08571428571428572,0.014285714285714285,180.9648476661646,,,565.3102222391093,1459.4752943788144,180.9648476661646,342.32430755658896,248.6226454658906,0.0
817,raspberrypi,190.0,2023-09-18,00:15:01,Whole,910.4261678405492,,,,1819.125,2299.75,,0,0,2,,0.02702702702702703,0.972972972972973,,0.0,0.02702702702702703,0.02702702702702703,808.4434978381249,,,1369.3707098970165,1156.65562104628,808.4434978381249,970.0381175033484,566.0347703163584,547.1326419110495
818,raspberrypi,493.0,2023-09-18,00:15:01,Whole,61.96777507790675,0.0967741935483871,,2.1666666666666665,2494.169117647059,2035.4742647058824,,0,0,34,0.39111891767999524,0.0,0.918918918918919,,0.0,0.0,0.0,697.9052204860121,,,1107.93919170085,1727.2335127267972,697.9052204860121,799.3066651288353,549.2408548031515,391.8159084648788
819,raspberrypi,987.0,2023-09-18,00:15:01,Whole,843.531266814666,,,,1595.25,1952.25,,0,0,1,,0.0,0.972972972972973,,0.0,0.0,0.02702702702702703,469.8311722394096,,,1111.0529582392005,935.7788784950976,469.8311722394096,644.4429477521566,50.8789531237729,245.09429920539327
820,raspberrypi,267.0,2023-09-17,20:20:01,Whole,1552.0225566788356,,,,1046.75,1144.0,,0,0,1,,0.0,1.0,,0.0,0.0,0.0,864.5247011218956,,,1005.3513880861146,1278.4350066172367,864.5247011218956,910.5533226268378,404.65208882642264,575.965011749857
821,raspberrypi,482.0,2023-09-17,20:20:01,Whole,899.419037893697,,3.3759483021359302,,2118.5,1447.75,3.3759483021359302,0,1,1,,0.024390243902439025,0.975609756097561,,0.0,0.024390243902439025,0.024390243902439025,257.5530029522246,,,475.59688475997194,1654.3665096667355,257.5530029522246,305.1565689037314,21.038289334343972,100.39616909916343
822,raspberrypi,485.0,2023-09-17,20:20:01,Whole,647.6889166978864,1.0,3.3759483021359302,93.95009974754436,2561.38125,607.55625,3.3759483021359302,0,1,40,3286.3972160074454,0.0,0.04878048780487805,,0.0975609756097561,0.0,0.0,1199.8576142115035,,,624.8841211704115,2608.339871880068,1199.8576142115035,1085.5418462658658,756.0353375527501,820.8154976217057
823,raspberrypi,106.0,2023-09-18,16:40:01,Whole,1202.2318652458434,,,,1032.5,1375.0,,0,0,1,,0.0,1.0,,0.0,0.0,0.0,818.9993965650094,,,1102.3911054805178,1053.6564874572452,818.9993965650094,900.7919801738086,459.6588260430323,582.2822539722825
824,raspberrypi,115.0,2023-09-18,16:40:01,Whole,1171.7911376659663,,5.993658675383262,,1044.25,1145.75,5.993658675383262,0,1,1,,0.0,1.0,,0.0,0.0,0.0,866.1330740308011,,,1008.2399675271308,1276.057989675761,866.1330740308011,912.4877851194457,407.0879620220962,578.4437925675102
825,raspberrypi,374.0,2023-09-18,16:40:01,Whole,279.0248672833659,,0.17029393352577454,,2185.5,885.75,0.17029393352577454,1,1,1,,0.0,0.9811320754716981,,0.018867924528301886,0.0,0.018867924528301886,621.8012558112501,,,0.0,2083.8016222154192,621.8012558112501,521.618016220329,104.72449529240096,270.3849328942098
826,raspberrypi,470.0,2023-09-18,16:40:01,Whole,1136.2954288223198,,6.138504151426314,,1099.5,1374.75,6.138504151426314,0,1,1,,0.0,1.0,,0.0,0.0,0.0,755.7433778511966,,,1042.5064297738154,1076.7191557417511,755.7433778511966,838.7626299399478,398.0426625886161,515.3221177058603
827,raspberrypi,481.0,2023-09-18,16:40:01,Whole,424.93218195681993,1.0,,28.26323633931171,2398.75,1546.25,,0,0,5,60.94707328205763,0.0,0.9056603773584906,,0.0,0.0,0.09433962264150944,465.4827385942709,,,612.1474602332162,1833.3827346223952,465.4827385942709,442.4589209683818,44.29265148466169,317.6756762392811
828,raspberrypi,486.0,2023-09-18,16:40:01,Whole,264.3493400880185,0.8604651162790697,5.379290364555087,22.38926979688224,2212.0083333333337,906.8388888888888,3.9827346988753085,1,17,45,1437.616689561531,0.0,0.1509433962264151,,0.8113207547169812,0.0,0.8301886792452831,620.4469169164164,,,16.47005392036354,2087.718481369943,620.4469169164164,519.8418116985949,116.54290787668505,281.7099389736225
829,raspberrypi,487.0,2023-09-18,16:40:01,Whole,507.1004912996176,1.0,3.6192582283438526,6.372893607491881,2356.903846153846,1650.201923076923,3.8040336660843663,0,13,13,46.746859452521456,0.0,0.7547169811320755,,0.0,0.0,0.22641509433962265,435.6979518195406,,,700.506401585203,1745.9738148249328,435.6979518195406,468.6014520600147,141.40549003955994,245.7080254054011
830,raspberrypi,488.0,2023-09-18,16:40:01,Whole,935.31397218394,,,,1717.0,1954.25,,0,0,1,,0.018867924528301886,0.9811320754716981,,0.0,0.018867924528301886,0.018867924528301886,403.3505954958568,,,1063.5842882063325,1038.7398570382275,403.3505954958568,593.1474260096356,0.0,129.69246117359506
831,raspberrypi,492.0,2023-09-18,16:40:01,Whole,1862.3590689130012,,10.974736834096229,,3108.75,2797.5,10.974736834096229,0,1,1,,0.0,1.0,,0.0,0.0,0.0,1653.0194167660645,,,2041.232554296066,2274.5978374762303,1653.0194167660645,1741.4757286097033,1489.8293548932272,1317.186103303543
832,raspberrypi,944.0,2023-09-18,16:40:01,Whole,906.1053548360147,,,,2752.5,1893.25,,0,0,1,,0.0,1.0,,0.0,0.0,0.0,850.8031435249156,,,1074.0401348731757,2015.9148141696637,850.8031435249156,882.5568344632959,537.6667728833621,626.243852788307
833,raspberrypi,250.0,2023-09-18,03:10:01,Whole,1683.8778103845948,,9.407890986542265,,708.5,756.75,8.427543187058133,0,2,1,,0.0,1.0,,0.0,0.0,0.0,1334.410407046579,,,1299.428186321688,1608.063812122794,1334.410407046579,1346.119390562419,834.80685593069,983.4994785047918
834,raspberrypi,404.0,2023-09-18,03:10:01,Whole,1019.7852087420966,,5.729302873321405,,2975.0833333333335,1788.5833333333333,2.529871554860158,0,6,3,,0.0,1.0,,0.0,0.0,0.0,1028.6885060314323,,,1114.6531845628238,2260.0677065241675,1028.6885060314323,1021.4854156327212,639.5199389409256,853.6875587870474
835,raspberrypi,441.0,2023-09-18,03:10:01,Whole,1041.815931518965,,6.4386415733502,,2873.25,2384.5,4.795754778526112,0,2,1,,0.0,1.0,,0.0,0.0,0.0,1201.9541940619479,,,1567.2696428918068,2037.522368597884,1201.9541940619479,1284.3246041216748,1014.493410799415,884.0042755092406
836,raspberrypi,485.0,2023-09-18,03:10:01,Whole,728.0712458404463,0.0,6.340635726483939,,2578.9727564102564,1500.701923076923,7.64892352448795,0,82,78,0.13887010003735584,0.0,0.025,,0.0,0.0,0.975,627.9042060422187,,,647.5679861499151,2012.4018521187104,627.9042060422187,576.66614424863,153.88664848631325,501.2146959845601
837,raspberrypi,493.0,2023-09-18,03:10:01,Whole,754.1233535704042,0.0,8.27375079574779,,1314.0569620253164,2273.237341772152,7.64920877469942,0,82,79,0.08009623473531811,0.0,1.0,,0.0,0.0,0.0,872.2707447131407,,,1527.2265454716405,534.4633277606575,872.2707447131407,1046.6216373785887,459.84030169552625,638.5739016177619
838,raspberrypi,159.0,2023-09-18,09:10:01,Whole,886.8235477748898,0.972972972972973,5.777178569945411,4.748881277213535,1241.209375,1614.75625,7.3491909594989755,0,52,40,6.632300160684306,0.0,0.5324675324675324,,0.0,0.0,0.0,620.4429454336836,,,1060.4476038439575,926.0129263636991,620.4429454336836,747.459359572501,446.990600669186,425.83969907144945
839,raspberrypi,250.0,2023-09-18,09:10:01,Whole,1581.3976665308535,,8.119863531324869,,709.25,925.75,4.449779310123032,0,2,1,,0.0,1.0,,0.0,0.0,0.0,1253.275874963659,,,1300.8894413943601,1439.271289772292,1253.275874963659,1281.811341163937,774.3933239452456,936.7891929235434
840,raspberrypi,378.0,2023-09-18,09:10:01,Whole,1392.2627786974895,,5.933946663099782,,2338.25,3001.0,5.933946663099782,0,1,1,,0.0,1.0,,0.0,0.0,0.0,1432.4692717096827,,,2035.1103737962733,1546.1779450737645,1432.4692717096827,1587.5886617290428,1146.0724913883407,1064.1622394919928
841,raspberrypi,493.0,2023-09-18,09:10:01,Whole,585.3871559541624,1.0,6.940566506746889,38.46001615763159,2588.1332236842104,1689.7861842105262,7.159527118068356,0,60,76,928.1734982423934,0.0,0.025974025974025976,,0.0,0.0,0.3116883116883117,722.3400388764738,,,837.3985963867086,1961.2967223123812,722.3400388764738,724.3716744700557,316.5208880916579,530.6199706581355
842,raspberrypi,496.0,2023-09-18,09:10:01,Whole,307.7026760494658,1.0,4.112248672216501,33.72798980110115,2216.434210526316,1349.907894736842,1.974219008997382,0,29,19,213.72125029262062,0.11688311688311688,0.7532467532467533,,0.025974025974025976,0.11688311688311688,0.24675324675324675,363.3528799221013,,,383.9179080737329,1794.9375618977126,363.3528799221013,340.3818931387911,41.986408267678584,198.85768385602174
843,raspberrypi,404.0,2023-09-18,03:00:01,Whole,663.7256082615181,,5.874963844710678,,2975.5,1788.75,2.533166585669578,0,9,4,,0.0,1.0,,0.0,0.0,0.0,1029.11862092999,,,1115.0493931967026,2260.4095562250363,1029.11862092999,1021.9183769734666,639.6034289897839,853.9619210228745
844,raspberrypi,425.0,2023-09-18,03:00:01,Whole,1086.8817191564617,,5.766325394415802,,2768.25,1086.5,5.045699871896347,0,2,1,,0.0,1.0,,0.0,0.0,0.0,904.6853503690272,,,514.3163166474324,2392.460926868986,904.6853503690272,794.3807477980051,430.33793862813434,723.8559856647125
845,raspberrypi,470.0,2023-09-18,03:00:01,Whole,1776.7844091957345,1.0,9.934426971809827,173.85630740643262,882.25,1180.0,9.334731736912385,0,11,5,0.0,0.0,0.9493670886075949,,0.0,0.0,0.0,1018.4433841215067,,,1195.1275027555566,1213.6328616476153,1018.4433841215067,1075.8444486190206,569.0014451774731,740.7593865242318
846,raspberrypi,485.0,2023-09-18,03:00:01,Whole,176.92488479662313,0.038461538461538464,4.89765464728764,2.14249335536374,2559.003164556962,2045.9525316455697,1.6165382412818532,0,85,79,0.18685178912487377,0.0,0.9620253164556962,,0.0,0.0,0.0,754.5088342073344,,,1136.753612861399,1786.7708152079133,754.5088342073344,844.3488581919624,578.2452348474484,456.5703554167549
847,raspberrypi,493.0,2023-09-18,03:00:01,Whole,215.6959585590515,0.8356164383561644,5.605404036025105,11.422464109872642,2287.0219594594596,2276.3091216216217,1.6165382412818532,0,85,74,63.05859248276867,0.0,0.22784810126582278,,0.0,0.0,0.0,749.1211365397684,,,1312.337223964951,1470.226486683778,749.1211365397684,907.4994368460691,601.4925857645226,399.33171619889754
848,raspberrypi,688.0,2023-09-18,03:00:01,Whole,982.2011901025902,,5.573274670889509,,1929.25,1240.5,5.27437095650511,0,2,1,,0.012658227848101266,0.9873417721518988,,0.0,0.012658227848101266,0.012658227848101266,257.0933585289954,,,325.3817494658081,1649.937629147807,257.0933585289954,325.8460935725056,146.85261198827715,0.0
849,raspberrypi,106.0,2023-09-18,02:35:01,Whole,1325.7578719527899,,6.431185247573449,,1038.5,1375.25,5.5496492834262225,0,2,1,,0.0,1.0,,0.0,0.0,0.0,813.277242106669,,,1097.1194559326468,1055.3367994475443,813.277242106669,895.2092702761674,454.19357019462,576.2775149336273
850,raspberrypi,404.0,2023-09-18,02:35:01,Whole,807.1131311775002,,5.503932492906382,,2976.0,1788.0,3.1158933603027053,0,2,1,,0.0,1.0,,0.0,0.0,0.0,1029.4373461420703,,,1114.7997981013127,2261.1224626633884,1029.4373461420703,1022.0801689872708,639.8542500163551,854.7852407559146
851,raspberrypi,485.0,2023-09-18,02:35:01,Whole,225.22743880796318,0.8461538461538461,4.298846049647039,8.957937363935281,2404.8386075949365,1976.9778481012659,3.653848424863101,0,37,79,45.162938131412986,0.0,0.175,,0.0,0.0,0.0,597.8689065959478,,,1030.6724462607622,1662.1986133753678,597.8689065959478,711.0038218976064,430.6327754936363,255.77871551555654
852,raspberrypi,493.0,2023-09-18,02:35:01,Whole,542.8511497393022,1.0,5.677563540963488,29.604669028484853,1729.432142857143,2125.0,3.8415609194131513,0,36,35,188.31758146277468,0.0,0.575,,0.0,0.0,0.2125,610.1572444104696,,,1251.3363459222414,998.0671390597837,610.1572444104696,790.0933936448434,202.84143192543993,336.9769447230996
853,raspberrypi,726.0,2023-09-18,02:35:01,Whole,803.7523262995692,,3.1756999126105887,,2972.5,1788.0,3.1756999126105887,0,1,1,,0.0,1.0,,0.0,0.0,0.0,1026.1143735628712,,,1112.5397261756405,2257.8052659019922,1026.1143735628712,1018.9692892903792,636.8650278035303,851.3040961016258
854,raspberrypi,425.0,2023-09-17,20:05:01,Whole,1522.2364943368657,,,,819.0,1634.0,,0,0,1,,0.0,1.0,,0.0,0.0,0.0,1020.8200768401738,,,1414.3429538064393,747.8370524276418,1020.8200768401738,1129.4250327070558,769.3499784699999,826.762673159545
855,raspberrypi,481.0,2023-09-17,20:05:01,Whole,322.9299627720626,0.5972222222222222,5.080825528589635,5.695482313377047,2238.542808219178,830.957191780822,1.672402496943309,0,78,73,17.214508165261464,0.0,0.013513513513513514,,0.9864864864864865,0.0,0.9864864864864865,692.7619744093374,,,0.0,2160.049260565603,692.7619744093374,584.0362562644634,179.9266669872547,345.86569038944464
856,raspberrypi,485.0,2023-09-17,20:05:01,Whole,107.36211749128526,1.0,3.8044093786699444,16.508308765043047,2284.086111111111,1148.6,1.6290513371183737,0,64,45,181.96963692897583,0.2972972972972973,0.3918918918918919,,0.3918918918918919,0.2972972972972973,0.4864864864864865,495.6856314710252,,,211.06907458430578,1974.0191045875385,495.6856314710252,420.34632900681584,136.70292413510367,194.7404430874428
857,raspberrypi,486.0,2023-09-17,20:05:01,Whole,845.1687739258738,1.0,5.15860192806828,37.17910212808328,1938.25,1930.6458333333333,4.504439951144701,0,12,6,103.25623743694152,0.08108108108108109,0.918918918918919,,0.0,0.08108108108108109,0.06756756756756757,326.9868831385902,,,980.608158965731,1245.5648666181778,326.9868831385902,547.5154865937939,95.92938747722413,0.05561555206880797
858,raspberrypi,495.0,2023-09-17,20:05:01,Whole,677.3044185193135,1.0,4.109742027928156,32.28361429433462,2437.65,1803.185,4.653386092730159,0,36,25,265.3045889171165,0.0,0.6891891891891891,,0.0,0.0,0.05405405405405406,550.7227329719174,,,871.7216394775651,1754.8056035712984,550.7227329719174,614.3419766971864,331.1543570721678,320.0183942627577
859,raspberrypi,987.0,2023-09-17,20:05:01,Whole,1146.3210803328857,0.0,6.766534931345603,,2210.375,2298.0,5.964968099916263,0,4,2,,0.0,1.0,,0.0,0.0,0.0,729.4739434149809,,,1325.574687845361,1390.8285520631503,729.4739434149809,900.2675353527313,511.4207165976597,356.4521189378737
860,raspberrypi,404.0,2023-09-18,04:40:01,Whole,426.1305632601871,,,,2976.0,1788.75,,0,0,1,,0.0,1.0,,0.0,0.0,0.0,1029.5932191766055,,,1115.3720504747225,2260.883510335695,1029.5932191766055,1022.3625816226028,640.2438647336005,854.7079327237144
861,raspberrypi,496.0,2023-09-18,04:40:01,Whole,507.049231940165,,,,2150.0,1463.75,,0,0,1,,0.3333333333333333,0.6666666666666666,,0.0,0.3333333333333333,0.3333333333333333,275.49801772026086,,,490.42373800554327,1670.059366443095,275.49801772026086,309.16631361677844,0.0,133.22872216578202
862,raspberrypi,657.0,2023-09-18,04:40:01,Whole,299.1176375794499,,,,2524.25,2073.25,,0,0,1,,0.0,1.0,,0.0,0.0,0.0,743.2717055627514,,,1152.5187359593922,1746.093544654434,743.2717055627514,843.7613148064049,593.3448372261367,432.5856722920724
863,raspberrypi,106.0,2023-09-18,14:30:01,Whole,1009.6899747344281,,,,1031.5,916.0,,0,0,1,,0.0,1.0,,0.0,0.0,0.0,981.735930283225,,,978.8415426090633,1494.911305314653,981.735930283225,996.7031670854664,474.7217423134328,626.6516012681002
864,raspberrypi,110.0,2023-09-18,14:30:01,Whole,775.1786664188306,,,,1059.25,1374.5,,0,0,1,,0.0,1.0,,0.0,0.0,0.0,793.7432757371273,,,1078.2140379433908,1062.869441013658,793.7432757371273,875.9274687618123,434.74860131799556,555.559536348564
865,raspberrypi,159.0,2023-09-18,14:30:01,Whole,858.3693046971016,1.0,14.29420675371367,206.9184331917361,1315.4444444444443,1368.7916666666667,14.29420675371367,0,1,9,33785.8108813899,0.0,0.6818181818181818,,0.0,0.0,0.0,831.5018563684687,,,1003.5848344216689,1223.3319814663214,831.5018563684687,893.8272608779587,359.97879053202337,506.3402099375974
866,raspberrypi,425.0,2023-09-18,14:30:01,Whole,1054.1376888026584,,,,2756.75,1085.5,,0,0,1,,0.0,1.0,,0.0,0.0,0.0,895.1762290072595,,,503.37491903232063,2383.609168199792,895.1762290072595,784.5955604014871,421.7869408230697,712.7167665526665
867,raspberrypi,483.0,2023-09-18,14:30:01,Whole,788.54308648664,,,,1029.25,1469.0,,0,0,1,,0.0,1.0,,0.0,0.0,0.0,813.4870964268779,,,1149.404607154273,963.7888474730919,813.4870964268779,908.9376499569465,503.9233703179519,589.2117065030732
868,raspberrypi,486.0,2023-09-18,14:30:01,Whole,269.46196638711393,,1.262464162022438,,1890.0,1297.0,1.262464162022438,0,1,1,,0.045454545454545456,0.9545454545454546,,0.0,0.045454545454545456,0.0,218.56080077071206,,,393.83011583150454,1582.1012921638517,218.56080077071206,327.7201250904218,213.33427368409525,0.0
869,raspberrypi,492.0,2023-09-18,14:30:01,Whole,1790.0756644163257,,14.29420675371367,,3111.3333333333335,2787.6666666666665,14.29420675371367,0,1,3,,0.0,1.0,,0.0,0.0,0.0,1647.814934976888,,,2033.503812496968,2276.3190755129654,1647.814934976888,1735.5342055379042,1482.4028478867037,1312.8427979691119
870,raspberrypi,496.0,2023-09-18,14:30:01,Whole,166.85562820676967,1.0,1.262464162022438,27.63917203072121,1978.625,1539.8333333333333,1.262464162022438,0,1,6,286.7045868202482,0.2727272727272727,0.7272727272727273,,0.0,0.2727272727272727,0.18181818181818182,189.55773786674595,,,589.8008884881873,1487.6627838638476,189.55773786674595,342.14139979385664,177.12560637079437,17.296983450087424
871,raspberrypi,944.0,2023-09-18,14:30:01,Whole,935.8221423210592,,,,2702.0,1262.75,,0,0,1,,0.0,1.0,,0.0,0.0,0.0,782.9441763132488,,,549.2241440322439,2239.645487728425,782.9441763132488,688.6401338633098,285.2861798331314,645.4262787189685
872,raspberrypi,482.0,2023-09-17,21:40:01,Whole,1188.268904723355,1.0,5.970049949203607,171.59233113715584,1953.7905405405406,1196.2635135135135,3.6308518277882635,0,93,37,13146.82123680147,0.0,0.5569620253164557,,0.02531645569620253,0.0,0.0,963.9468542174682,,,840.5686565309853,1784.0958515299953,963.9468542174682,968.4123959246997,502.09780732881063,648.1394905447448
873,raspberrypi,485.0,2023-09-17,21:40:01,Whole,494.34957648506037,0.0,5.219838293982497,,2820.96626984127,1950.4444444444443,2.2139800137175745,0,134,63,0.0852007555440031,0.0,1.0,,0.0,0.0,0.0,932.9727409947533,,,1157.6802240356762,2064.79791608102,932.9727409947533,967.0558291194335,625.8804489236576,697.3962670160857
874,raspberrypi,493.0,2023-09-17,21:40:01,Whole,599.1916379194923,1.0,4.079516043751386,25.14661863568394,2255.85,2252.85,1.5142142554704603,0,10,5,144.84635678721003,0.0,0.9620253164556962,,0.0,0.0,0.0,712.2785599139442,,,1286.0230292780004,1444.2906288046004,712.2785599139442,876.3847352596842,451.9128505589125,297.7898785804365
875,raspberrypi,494.0,2023-09-17,21:40:01,Whole,344.71158604983594,0.1282051282051282,4.305601852843905,4.817834540799453,2400.8291139240505,2025.9541139240507,2.215711104530719,0,145,79,3.0523101255547243,0.0,0.8734177215189873,,0.0,0.0,0.0,622.1663976396452,,,1076.9327877855414,1640.5957070464638,622.1663976396452,743.6441542871537,527.9362734164571,299.9919181472086
876,raspberrypi,496.0,2023-09-17,21:40:01,Whole,860.0392233855715,0.0,5.97667959217862,,2191.4868421052633,848.5361842105264,4.456260763035134,0,102,38,0.22756768712022085,0.0,0.5189873417721519,,0.4810126582278481,0.0,0.4810126582278481,656.4830844248102,,,0.0,2115.3491183575375,656.4830844248102,552.7234608249973,131.33787160779605,297.5396460215543
877,raspberrypi,657.0,2023-09-17,21:40:01,Whole,1276.5485908162182,,5.125995324351442,,2389.375,2957.75,4.789084826499934,0,4,2,,0.0,1.0,,0.0,0.0,0.0,1406.986675092896,,,1996.9263265602137,1586.1903802788534,1406.986675092896,1558.5878924306658,1134.4717654630783,1037.4857335813579
878,raspberrypi,190.0,2023-09-18,13:30:02,Whole,1532.4291688496805,,,,779.0,1211.5,,0,0,1,,0.0,1.0,,0.0,0.0,0.0,1091.634950409104,,,1281.3424688910277,1159.7101815341462,1091.634950409104,1150.9945337063616,673.5399732810822,845.2423794560909
879,raspberrypi,483.0,2023-09-18,13:30:02,Whole,238.5581722996373,1.0,3.8444958128381197,12.973530745329121,2456.25,1210.875,3.8444958128381197,0,1,2,,0.0,0.8,,0.0,0.0,0.2,588.3545806304033,,,339.07483347723667,2066.6668207729363,588.3545806304033,488.56931959347446,123.81252220177863,399.46884487285763
880,raspberrypi,484.0,2023-09-18,13:30:02,Whole,552.6072280113727,,3.8444958128381197,,1751.5,968.5,3.8444958128381197,0,1,1,,0.1,0.9,,0.0,0.1,0.1,485.5748465121421,,,280.4751732007912,1746.886113800357,485.5748465121421,474.97725848791487,151.4173099703179,5.788839197288951
881,raspberrypi,492.0,2023-09-18,13:30:02,Whole,1935.5266384553706,,,,3111.25,2787.75,,0,0,2,,0.0,1.0,,0.0,0.0,0.0,1647.8160283814989,,,2033.542407920573,2276.2430881337214,1647.8160283814989,1735.5464156375863,1482.5002102156145,1312.8116812181327
882,raspberrypi,496.0,2023-09-18,13:30:02,Whole,823.9454466246068,1.0,,326.7820629540035,2328.35,230.85,,0,0,5,12678.061108700931,0.0,0.6,,0.0,0.0,0.0,1286.580381265036,,,499.1240181808744,2689.1015271300994,1286.580381265036,1158.126498416664,746.5060429717679,846.1465637768404
883,raspberrypi,17.0,2023-09-17,21:35:01,Whole,667.84923736546,,5.231603014330128,,1965.5,1334.5,5.231603014330128,0,1,1,,0.014492753623188406,0.9855072463768116,,0.0,0.014492753623188406,0.014492753623188406,210.55615683844303,,,395.9470928592869,1610.098807823729,210.55615683844303,312.3864499296302,192.44766084985048,3.753060976744351
884,raspberrypi,432.0,2023-09-17,21:35:01,Whole,584.0123807177454,,3.8700549923733694,,2740.25,2204.25,1.7137480227236608,0,2,1,,0.0,1.0,,0.0,0.0,0.0,988.5333439713794,,,1348.7039997786405,1928.9331103571267,988.5333439713794,1069.5405696814112,793.2497514479683,682.459233590209
885,raspberrypi,485.0,2023-09-17,21:35:01,Whole,610.8241325225925,0.0,5.1843848555907,,2818.356818181818,1881.3863636363637,6.398240549175199,0,42,55,0.009394630905385788,0.0,1.0,,0.0,0.0,0.0,906.6441382159783,,,1097.2583886622056,2082.25463095454,906.6441382159783,928.6897554718851,573.3455775209677,692.0515844258559
886,raspberrypi,494.0,2023-09-17,21:35:01,Whole,628.3411668708152,0.0,5.412886303764568,,1587.4103773584907,2023.676886792453,6.39816340503095,0,41,53,0.03880354547546008,0.0,0.2318840579710145,,0.0,0.0,0.7681159420289855,523.5302599100381,,,1178.7239081669186,891.7916225505447,523.5302599100381,700.97749255321,91.07126416957891,276.5427151141874
887,raspberrypi,683.0,2023-09-17,21:35:01,Whole,959.0085992780598,,5.6036078670395675,,1684.75,2756.25,3.8136621490203746,0,2,1,,0.0,1.0,,0.0,0.0,0.0,1148.9807026275387,,,1839.8324332986765,855.9498478652035,1148.9807026275387,1333.1073569431055,749.6816523309786,846.629512580791
888,raspberrypi,62.0,2023-09-18,16:50:01,Whole,912.1293095119579,,,,1043.5,1145.25,,0,0,1,,0.0,1.0,,0.0,0.0,0.0,866.9885216265905,,,1008.8208771044231,1276.3301308682849,866.9885216265905,913.2855751628406,407.85471905378535,579.1993367547104
889,raspberrypi,159.0,2023-09-18,16:50:01,Whole,661.1182483686435,,,,1931.0,878.625,,0,0,2,,0.058823529411764705,0.8823529411764706,,0.058823529411764705,0.058823529411764705,0.11764705882352941,607.2354104768859,,,173.83600832610315,1930.2574174006756,607.2354104768859,550.337474664889,145.21675330455315,183.71114241448208
890,raspberrypi,190.0,2023-09-18,16:50:01,Whole,1127.788760169598,,,,1465.75,2536.5,,0,0,1,,0.0,1.0,,0.0,0.0,0.0,1008.8218237340263,,,1697.4572263685548,622.7648235820084,1008.8218237340263,1192.4390571441263,585.2024839300137,725.8708115508095
891,raspberrypi,441.0,2023-09-18,16:50:01,Whole,1314.9114214989572,,,,728.75,869.5,,0,0,1,,0.0,1.0,,0.0,0.0,0.0,1261.29747600296,,,1278.4778540698323,1496.4711698276717,1261.29747600296,1283.3734450485667,772.7866019849307,930.6555735891675
892,raspberrypi,470.0,2023-09-18,16:50:01,Whole,1397.051002029189,,,,699.25,756.25,,0,0,1,,0.0,1.0,,0.0,0.0,0.0,1342.4447441152258,,,1308.6913324045663,1608.1896967558348,1342.4447441152258,1354.4680634273748,843.3726882702248,992.3749442869384
893,raspberrypi,481.0,2023-09-18,16:50:01,Whole,281.5162503276406,1.0,,35.155408940556754,2150.875,1395.875,,0,0,4,4.5514118787631497e-26,0.23529411764705882,0.7647058823529411,,0.0,0.23529411764705882,0.23529411764705882,289.9036188120523,,,423.4801372754109,1711.9984504179115,289.9036188120523,303.32466530827963,7.770899030049499,136.2001774986162
894,raspberrypi,483.0,2023-09-18,16:50:01,Whole,754.5177721215266,,,,2175.75,793.25,,0,0,1,,0.0,0.9411764705882353,,0.058823529411764705,0.0,0.058823529411764705,698.7510456958319,,,0.0,2146.318561295752,698.7510456958319,592.6528491136434,159.67432482086423,322.8603206570313
895,raspberrypi,484.0,2023-09-18,16:50:01,Whole,240.17069044854307,1.0,,45.84344846091921,1995.59375,1702.15625,,0,0,4,13.754849816565427,0.23529411764705882,0.7647058823529411,,0.0,0.23529411764705882,0.058823529411764705,219.03888747066472,,,743.6272429242194,1408.0849444357773,219.03888747066472,408.28107987059633,207.05531076860962,0.0
896,raspberrypi,524.0,2023-09-18,16:50:01,Whole,1369.2566100024742,,,,2761.0,2545.25,,0,0,1,,0.0,1.0,,0.0,0.0,0.0,1234.2555732685191,,,1674.500093253565,1917.2763979334277,1234.2555732685191,1340.681403778421,1104.0619438517701,889.3764008651012
897,raspberrypi,657.0,2023-09-18,16:50:01,Whole,1374.532996385723,,,,2769.25,2545.25,,0,0,1,,0.0,1.0,,0.0,0.0,0.0,1239.6637405227982,,,1677.2437243729303,1925.5254961176233,1239.6637405227982,1345.1880274155565,1111.0716654081768,895.4999372985269
898,raspberrypi,159.0,2023-09-18,00:35:01,Whole,1343.8731569282381,0.8,7.798266133448438,9.087867926375093,2156.15625,766.5625,7.714543021492216,0,24,12,27.699592174950077,0.0,0.85,,0.15,0.0,0.125,715.6658359996645,,,0.0,2153.882450099694,715.6658359996645,609.769841776925,162.89037677571005,322.51943163172666
899,raspberrypi,441.0,2023-09-18,00:35:01,Whole,1556.0420735214666,,8.586581668657034,,1013.0,1144.5,8.042186857065836,0,2,1,,0.0,1.0,,0.0,0.0,0.0,894.7401160423391,,,1037.941497242478,1268.8858708509142,894.7401160423391,941.6420574615255,438.362415872186,609.706045345996
900,raspberrypi,482.0,2023-09-18,00:35:01,Whole,241.17896049163218,0.7848101265822784,6.069639886393552,6.943760943276955,2027.334375,2208.3578125,2.6010416522000814,0,85,80,18.45548470895382,0.2625,0.2125,,0.0,0.2625,0.0,592.5482013794436,,,1241.6921250044102,1232.8486179775596,592.5482013794436,787.5621690619008,319.1222867651674,241.8807200006017
901,raspberrypi,493.0,2023-09-18,00:35:01,Whole,294.85884756024757,0.23943661971830985,6.494979973180302,14.120437065772864,2495.371527777778,2233.640625,2.6010416522000814,0,85,72,41.36476567555243,0.0,0.7875,,0.0,0.0,0.0,831.7757627026042,,,1301.4253167845548,1682.873630310401,831.7757627026042,953.6466094433874,730.182501578433,503.2688246884952
902,raspberrypi,17.0,2023-09-18,17:15:01,Whole,906.2515865009007,,3.200819518723494,,2722.5,1909.5,3.200819518723494,0,1,1,,0.0,1.0,,0.0,0.0,0.0,829.7431976957821,,,1074.1517707312184,1982.386440640937,829.7431976957821,868.4960483188215,531.7923272748654,596.6108338314762
903,raspberrypi,190.0,2023-09-18,17:15:01,Whole,1170.2055735657902,0.0,6.928845927843545,,1462.65,2527.85,6.928845927843545,0,1,5,,0.0,1.0,,0.0,0.0,0.0,1002.4333896538184,,,1690.6060865779975,620.1317066268277,1002.4333896538184,1185.9494106560371,578.5346787779761,720.2367493576827
904,raspberrypi,486.0,2023-09-18,17:15:01,Whole,409.18986489955665,1.0,6.012876069249143,26.105173577404834,2327.3977272727275,1536.3522727272727,6.928845927843545,0,5,22,298.55053263209584,0.0,0.6,,0.0,0.0,0.4,411.43069022710876,,,583.4302185321565,1779.3206177517975,411.43069022710876,404.5156134656771,94.91499030568156,263.0416648474171
905,raspberrypi,487.0,2023-09-18,17:15:01,Whole,826.444039704025,1.0,7.030140111794782,187.5889542782758,2523.589285714286,1201.392857142857,9.008771155467313,0,4,7,10398.531072228696,0.0,0.8909090909090909,,0.01818181818181818,0.0,0.01818181818181818,804.394392398164,,,564.8444118972551,2137.1262816159906,804.394392398164,740.785766663477,353.9243823327297,665.8987751148495
906,raspberrypi,496.0,2023-09-18,17:15:01,Whole,1176.4146726477554,1.0,9.539352314013527,332.5794192976041,1539.674107142857,1253.375,9.670840911499154,0,5,28,101731.7452531269,0.0,0.5454545454545454,,0.0,0.0,0.01818181818181818,1092.0271517060035,,,1149.8308749012874,1652.7158908620838,1092.0271517060035,1121.0368497835361,672.9000653911191,773.3802950334109
907,raspberrypi,159.0,2023-09-18,09:55:01,Whole,299.9435182711782,,2.991218957252898,,2167.25,1660.0,2.991218957252898,0,1,1,,0.03571428571428571,0.9642857142857143,,0.0,0.03571428571428571,0.03571428571428571,288.32665953699774,,,686.6855710293551,1575.9674072688179,288.32665953699774,400.8384079335871,144.75439190077725,59.8776114535613
908,raspberrypi,250.0,2023-09-18,09:55:01,Whole,1541.3295970209915,,,,705.75,757.75,,0,0,1,,0.0,1.0,,0.0,0.0,0.0,1336.1988532474422,,,1302.1306415891136,1606.9486561673932,1336.1988532474422,1348.1104123745267,836.8578493444784,985.749618757357
909,raspberrypi,404.0,2023-09-18,09:55:01,Whole,1405.7604280951814,,,,3117.25,2357.25,,0,0,1,,0.0,1.0,,0.0,0.0,0.0,1379.5466288123753,,,1659.202628884372,2282.9662710612383,1379.5466288123753,1435.429726577642,1127.73388520408,1089.1264118665495
910,raspberrypi,470.0,2023-09-18,09:55:01,Whole,1540.7050557125938,,,,706.75,757.0,,0,0,1,,0.0,1.0,,0.0,0.0,0.0,1335.749578447039,,,1301.1651442833102,1607.7397252467013,1335.749578447039,1347.5509214765564,836.2778928184222,985.061611496456
911,raspberrypi,485.0,2023-09-18,09:55:01,Whole,1175.9317125420096,,,,1557.0,2394.0,,0,0,1,,0.0,1.0,,0.0,0.0,0.0,844.142575608924,,,1531.4541580291698,730.9029873269503,844.142575608924,1029.6960451198,418.8027860884814,556.6641990372078
912,raspberrypi,494.0,2023-09-18,09:55:01,Whole,513.6769120650372,0.26666666666666666,6.956287934053617,25.922144975036574,2203.455882352941,856.3529411764706,6.917532585222399,0,4,17,136.79316721393224,0.0,0.39285714285714285,,0.6071428571428571,0.0,0.6071428571428571,655.3507384300447,,,0.0,2117.7218689485667,655.3507384300447,551.21166120966,134.25800173341264,300.4768925093131
913,raspberrypi,498.0,2023-09-18,09:55:01,Whole,872.0472537528321,1.0,4.954375771237649,21.865573770805344,2295.25,2217.375,6.885924942632597,0,3,8,4.566768371051452e-26,0.0,0.75,,0.0,0.0,0.0,697.769056702948,,,1251.3805155725972,1489.978019195422,697.769056702948,855.3994543933671,536.1792603177519,330.0828211802011
914,raspberrypi,853.0,2023-09-18,09:55:01,Whole,1103.2025284136848,,6.1490606524848355,,1041.5,1146.25,6.1490606524848355,0,1,1,,0.0,1.0,,0.0,0.0,0.0,868.4240781189866,,,1011.020297860065,1274.8156025849541,868.4240781189866,914.9203914120098,409.8197476507781,581.1883813912723
915,raspberrypi,944.0,2023-09-18,09:55:01,Whole,587.4919974837429,,,,2702.0,1263.0,,0,0,1,,0.0,1.0,,0.0,0.0,0.0,782.8721010249764,,,549.3814119647491,2239.5115902369726,782.8721010249764,688.5989295918523,285.194464497023,645.4368512825589
916,raspberrypi,987.0,2023-09-18,09:55:01,Whole,1001.4051125194865,,7.802270564453616,,2245.25,2357.25,7.802270564453616,0,1,1,,0.0,1.0,,0.0,0.0,0.0,797.0949190915711,,,1386.3829237028995,1416.1501787675375,797.0949190915711,962.6044164350463,576.4577259716261,424.7064390981024
917,raspberrypi,376.0,2023-09-17,23:45:01,Whole,860.9030957458664,,4.542993391518501,,1834.75,1674.25,4.542993391518501,0,1,1,,0.0125,0.9875,,0.0,0.0125,0.0125,212.70081494289954,,,759.9795719298775,1291.4381458201494,212.70081494289954,413.20035143755484,153.36281624531105,68.2413281297588
918,raspberrypi,484.0,2023-09-17,23:45:01,Whole,684.7327489764995,,3.6310574588953037,,2135.75,1597.5,3.6310574588953037,0,1,1,,0.0125,0.9875,,0.0,0.0125,0.0125,260.97064680826594,,,624.4356906097996,1582.2902077922336,260.97064680826594,361.69609080238524,98.11199467733643,65.81848580382614
919,raspberrypi,485.0,2023-09-17,23:45:01,Whole,19.056059826841178,0.0,4.087025425206902,,2578.4828125,2144.171875,4.087025425206902,0,2,80,0.07818416054316425,0.0,1.0,,0.0,0.0,0.0,827.7671475372192,,,1236.2037182960569,1781.9869931266985,827.7671475372192,926.9822743968707,676.6054677202171,510.23999697040716
920,raspberrypi,110.0,2023-09-18,17:05:01,Whole,1047.0453640715095,,9.686025453246973,,2794.0,2484.25,9.686025453246973,0,1,1,,0.0,1.0,,0.0,0.0,0.0,1211.9564322024912,,,1628.577016002752,1952.0217709027652,1211.9564322024912,1310.8947038983117,1070.4922174958806,875.152070863789
921,raspberrypi,250.0,2023-09-18,17:05:01,Whole,1163.4533906954914,,6.661319469434691,,1052.75,1373.25,6.661319469434691,0,1,1,,0.0,1.0,,0.0,0.0,0.0,800.0688736340402,,,1083.4663655968445,1061.8792452320931,800.0688736340402,881.942188483508,440.2571388411048,562.0961642116458
922,raspberrypi,441.0,2023-09-18,17:05:01,Whole,1643.2553520782826,,12.235933187514734,,731.75,868.25,12.235933187514734,0,1,1,,0.0,1.0,,0.0,0.0,0.0,1259.2756395803349,,,1275.4386604421625,1497.8943430643035,1259.2756395803349,1281.118851193709,770.3790903778925,928.073355973891
923,raspberrypi,481.0,2023-09-18,17:05:01,Whole,164.19608796875195,1.0,3.215920510044918,14.84144990486957,2203.470238095238,1638.9940476190477,3.113710663561076,4,24,21,271.5758567636733,0.12307692307692308,0.676923076923077,,0.0,0.12307692307692308,0.2923076923076923,334.2295734596427,,,680.029302291536,1622.5987899219112,334.2295734596427,423.13895324317383,158.4729908703997,194.89398521988932
924,raspberrypi,486.0,2023-09-18,17:05:01,Whole,299.7849838352546,1.0,4.005156323091898,40.48851580374542,2126.530303030303,1663.5568181818182,1.7686512004748238,1,35,33,1446.8982437212967,0.15384615384615385,0.49230769230769234,,0.0,0.15384615384615385,0.46153846153846156,402.4509687367194,,,749.6207821954748,1544.3721319730937,402.4509687367194,477.82504997438184,116.49684415623784,257.63414364716147
925,raspberrypi,491.0,2023-09-18,17:05:01,Whole,1265.810152919835,1.0,8.900400836796877,218.24808265540435,2439.6111111111113,1575.5509259259259,8.751923341879946,0,8,27,4605.884325477267,0.0,0.6307692307692307,,0.0,0.0,0.0,1286.5155941707667,,,1285.5407219939782,2020.1628591364743,1286.5155941707667,1299.2593187788175,857.764134213186,897.4398671043712
926,raspberrypi,494.0,2023-09-18,17:05:01,Whole,386.4545169563361,1.0,2.0288891858933664,7.816710641365215,1837.3214285714287,1467.0714285714287,1.0420128348866629,3,14,7,189.24634169900133,0.1076923076923077,0.8923076923076924,,0.0,0.1076923076923077,0.0,181.5757313110143,,,568.9153040648954,1426.0022177246901,181.5757313110143,352.8326215649498,301.6127138149247,0.0
927,raspberrypi,496.0,2023-09-18,17:05:01,Whole,109.23593829543061,1.0,3.6155484073377777,10.867278874291882,2142.859375,1728.28125,1.3334660980589181,2,24,16,54.58574390658618,0.24615384615384617,0.7538461538461538,,0.0,0.24615384615384617,0.03076923076923077,287.0836805063246,,,755.3052185603831,1520.7300087005544,287.0836805063246,437.0159301908053,215.23724508202474,16.38547236117359
928,raspberrypi,110.0,2023-09-18,05:50:01,Whole,257.54212326671853,,1.2705330579986471,,2460.75,2135.0,1.2705330579986471,0,1,1,,0.0,1.0,,0.0,0.0,0.0,736.4327837634124,,,1196.1904362721932,1669.3581297806675,736.4327837634124,856.7714655832275,640.4994946701191,401.94540213981304
929,raspberrypi,470.0,2023-09-18,05:50:01,Whole,2275.6291225364466,,11.864837831264788,,703.75,755.75,11.864837831264788,0,1,1,,0.0,1.0,,0.0,0.0,0.0,1338.921758512462,,,1304.21872079881,1608.8652118465313,1338.921758512462,1350.7222753805677,839.5237432843652,988.3075769184625
930,raspberrypi,488.0,2023-09-18,05:50:01,Whole,731.7702153002895,,4.04637048302909,,1908.75,1943.5,4.04637048302909,0,1,1,,0.01282051282051282,0.9871794871794872,,0.0,0.01282051282051282,0.01282051282051282,330.90878492803176,,,997.4010122911757,1213.0584500340276,330.90878492803176,554.0041489867757,73.24742036539826,23.26487794158008
931,raspberrypi,493.0,2023-09-18,05:50:01,Whole,60.26736085835559,0.8051948051948052,5.167106216262141,8.112791429529787,2683.040064102564,1957.4086538461538,3.7665269878925645,0,4,78,26.751561927812354,0.0,0.20512820512820512,,0.0,0.0,0.0,814.4923265646886,,,1100.7042765864749,1930.6448065623692,814.4923265646886,868.3561839516318,548.5165063117698,561.9786927351986
932,raspberrypi,987.0,2023-09-18,05:50:01,Whole,674.0530859174064,,3.4866834927560397,,2169.5,2432.75,3.4866834927560397,0,1,1,,0.0,1.0,,0.0,0.0,0.0,841.5934483222736,,,1459.4237309592152,1332.2700841492378,841.5934483222736,1014.4488247451503,578.3313391421352,471.70667550028446
933,raspberrypi,17.0,2023-09-17,18:40:01,Whole,831.618880494659,,7.517616476759397,,2573.75,2428.0,5.383726704243074,0,3,1,,0.0,1.0,,0.0,0.0,0.0,1026.2022561796737,,,1507.6927027275929,1735.4819696358488,1026.2022561796737,1148.6805824200142,883.1324534852874,672.9262568509126
934,raspberrypi,384.0,2023-09-17,18:40:01,Whole,531.9069910623028,,2.967411793311098,,1681.25,1398.0,2.1676581821138505,0,3,1,,0.014285714285714285,0.9857142857142858,,0.0,0.014285714285714285,0.014285714285714285,256.57490505596064,,,596.1097265096339,1365.608018007243,256.57490505596064,400.7215128715263,158.90645399719494,0.0
935,raspberrypi,432.0,2023-09-17,18:40:01,Whole,809.9613258973429,,4.816806165817678,,2739.0,2203.5,4.816806165817678,0,2,2,,0.0,1.0,,0.0,0.0,0.0,987.1099779694295,,,1347.5277425149643,1927.832820871246,987.1099779694295,1068.2047017357356,792.0235471573853,681.0114186895512
936,raspberrypi,481.0,2023-09-17,18:40:01,Whole,319.2844019197634,0.0,3.9300715086362192,,1726.8011363636363,1815.7443181818182,3.2891041072602105,3,36,44,0.16869557999762202,0.6285714285714286,0.37142857142857144,,0.0,0.6285714285714286,0.6285714285714286,312.54476008220314,,,931.739010496993,1121.08691756188,312.54476008220314,501.32766510109866,0.0,119.41134001584383
937,raspberrypi,485.0,2023-09-17,18:40:01,Whole,448.9624511811434,0.37777777777777777,4.134710401585582,24.871824628051314,2349.8541666666665,1803.75,3.289689989965248,0,47,48,423.2215649906047,0.0,0.7428571428571429,,0.1,0.0,0.0,573.9643381957724,,,865.3609743797523,1699.2661586042143,573.9643381957724,662.6327633854804,467.671352652103,235.698727583082
938,raspberrypi,491.0,2023-09-17,18:40:01,Whole,1069.7278661346286,1.0,6.066401463965182,24.075113937655853,2060.05,717.05,2.2766203027599743,0,10,5,9.466330862652142e-28,0.0,0.9285714285714286,,0.07142857142857142,0.0,0.04285714285714286,734.7503338983723,,,5.747876247746854,2132.2590716233526,734.7503338983723,635.5404656791401,184.9767678976558,317.28864357328666
939,raspberrypi,524.0,2023-09-17,18:40:01,Whole,807.3471378251811,,2.314994417847929,,2736.25,2203.0,2.314994417847929,0,1,1,,0.0,1.0,,0.0,0.0,0.0,984.6598213890726,,,1346.0015361064031,1925.2122695001576,984.6598213890726,1066.078069385309,790.3593440865369,678.2992901868073
940,raspberrypi,542.0,2023-09-17,18:40:01,Whole,973.797719614357,,5.252212945058889,,2775.25,2430.25,4.734756786607851,0,4,2,,0.0,1.0,,0.0,0.0,0.0,1160.8845808794301,,,1571.4437784176566,1936.2942934443683,1160.8845808794301,1258.1601506344196,1013.4400019814669,827.5165073628364
941,raspberrypi,621.0,2023-09-17,18:40:01,Whole,318.6604785037208,0.0,2.942990604696959,,1727.517857142857,1816.7232142857142,3.3217613906637684,3,16,14,0.0022084321661803305,0.2,0.8,,0.0,0.2,0.2,312.6456294307971,,,932.3489462468511,1121.1161415521487,312.6456294307971,501.6829634236563,0.0,120.30338259286559
942,raspberrypi,17.0,2023-09-17,22:00:01,Whole,1983.2834578301743,,11.432622579715913,,1891.75,2868.5,10.298646660219523,0,3,1,,0.0,1.0,,0.0,0.0,0.0,1238.6633563108467,,,1912.3199521554031,1081.0751836252198,1238.6633563108467,1417.3171112221582,872.1950652114817,901.4763533398996
943,raspberrypi,110.0,2023-09-17,22:00:01,Whole,1475.6923910596624,,7.776664976246033,,1073.5,1858.25,4.624318898919174,0,3,1,,0.0,1.0,,0.0,0.0,0.0,831.3972159353332,,,1348.369814252807,630.5845837373788,831.3972159353332,972.1341983480895,568.0776997841757,690.4600382510945
944,raspberrypi,190.0,2023-09-17,22:00:01,Whole,985.327801860416,0.3333333333333333,6.308626999630982,1026.1707976969844,1464.9642857142858,1177.4910714285713,5.0153726438082735,0,28,14,382776.12948016194,0.02666666666666667,0.9466666666666667,,0.0,0.02666666666666667,0.0,733.491149505143,,,822.8656210548254,1525.1433165581077,733.491149505143,771.6746969596354,252.0202846510571,399.38334707250095
945,raspberrypi,485.0,2023-09-17,22:00:01,Whole,580.6480271690081,0.6666666666666666,8.720908366522334,13.34899228912762,2556.6979166666665,484.46527777777777,2.3023976946820204,0,39,36,138.20567059809798,0.0,0.7066666666666667,,0.0,0.0,0.0,1155.6285993609717,,,404.5455478104559,2635.8080615489566,1155.6285993609717,1023.0458237088399,700.2406990086731,859.3586120888708
946,raspberrypi,486.0,2023-09-17,22:00:01,Whole,100.81540466590101,0.7894736842105263,6.104996334537738,13.671557340823172,2242.950431034483,825.5581896551724,2.686759717143846,0,50,58,348.1253522684192,0.0,0.22666666666666666,,0.7733333333333333,0.0,0.38666666666666666,700.4655180807213,,,3.574634388064403,2167.365314213299,700.4655180807213,591.1832793930781,193.20241734851288,357.5633188466851
947,raspberrypi,496.0,2023-09-17,22:00:01,Whole,585.6085144222161,1.0,3.466766268303476,30.85962119504166,1713.7142857142858,1048.2142857142858,2.686759717143846,0,8,7,505.9484746231696,0.09333333333333334,0.9066666666666666,,0.0,0.09333333333333334,0.02666666666666667,522.8460824063291,,,408.81362035188835,1668.5074326290658,522.8460824063291,541.460929717769,220.03119539616864,132.01335183322487
948,raspberrypi,987.0,2023-09-17,22:00:01,Whole,1399.8683590003504,0.0,8.178707512731416,,2236.0694444444443,2309.4861111111113,7.309114282279374,0,5,9,5.133612304193568e-26,0.0,1.0,,0.0,0.0,0.0,750.1267740220613,,,1338.1873142523054,1414.2126187277272,750.1267740220613,917.255686024803,538.801224920033,377.60616334810436
949,raspberrypi,190.0,2023-09-17,18:35:01,Whole,1770.762333113757,,6.889245132159625,,1563.0,2977.5,6.889245132159625,0,1,1,,0.0,1.0,,0.0,0.0,0.0,1390.0868824263453,,,2084.632148182168,801.4635926921551,1390.0868824263453,1572.0517971071688,983.6264219472159,1092.3819112120818
950,raspberrypi,404.0,2023-09-17,18:35:01,Whole,1596.4268435954543,,8.814315506140977,,727.0,866.0,7.515109958008568,0,2,1,,0.0,1.0,,0.0,0.0,0.0,1264.4531061090524,,,1280.1156907237053,1499.865698537708,1264.4531061090524,1286.2319704117942,775.6092781100413,933.2412653264057
951,raspberrypi,481.0,2023-09-17,18:35:01,Whole,704.0973207360772,1.0,4.196228347397677,61.75273569214765,1809.5,803.0,1.730959024760382,0,11,5,4049.320346047673,0.025,0.9375,,0.0375,0.025,0.05,640.0841816684435,,,200.37042995476654,1916.7800114496283,640.0841816684435,583.2905931962792,164.31718890473354,196.91826711120444
952,raspberrypi,482.0,2023-09-17,18:35:01,Whole,564.233352687743,0.44594594594594594,5.412808633317085,4.790447873863624,2184.5716666666667,785.1033333333334,3.38480711013319,0,125,75,9.48400695798348,0.0,0.0625,,0.9375,0.0,0.9375,709.5741269812694,,,0.0,2158.275603111708,709.5741269812694,602.3079007770565,177.6578684328013,341.27785212825285
953,raspberrypi,485.0,2023-09-17,18:35:01,Whole,580.6693876877868,0.109375,5.9489598456049535,5.5542158688959935,2379.403409090909,1911.2897727272727,2.5278257572047025,0,106,66,6.034377205779311,0.0,0.9125,,0.0,0.0,0.0,540.4013764728919,,,960.3195992076512,1657.7832410157416,540.4013764728919,649.0132085687586,408.7476956733804,258.0723757317392
954,raspberrypi,494.0,2023-09-17,18:35:01,Whole,567.0743683876415,,3.8375460357937343,,1731.5,1575.5,2.983857891796122,0,3,1,,0.0125,0.9875,,0.0,0.0125,0.0,230.16004910281524,,,714.2725615968529,1274.7169815265295,230.16004910281524,413.9421720309482,233.5395598127026,78.96456746478137
955,raspberrypi,496.0,2023-09-17,18:35:01,Whole,95.52935138433419,0.14814814814814814,4.1513511995159815,12.015540168695862,2291.684090909091,1430.7681818181818,2.5267257692221383,0,104,55,27.13915306533104,0.0,0.3125,,0.0,0.0,0.6875,385.68944232943375,,,472.04557999285504,1804.670321583454,385.68944232943375,343.1907608066377,0.0,271.06660786629556
956,raspberrypi,621.0,2023-09-17,18:35:01,Whole,659.6785053056826,,3.4522339662552053,,1654.75,1060.5,3.110688008788733,0,2,1,,0.0125,0.9875,,0.0,0.0125,0.0125,444.80937179000097,,,405.2792122760898,1616.280998960582,444.80937179000097,461.1866476110137,34.89065263700813,0.0
957,raspberrypi,683.0,2023-09-17,18:35:01,Whole,1641.9651862072803,,9.677227215579395,,1801.75,2925.0,8.115232708662267,0,2,1,,0.0,1.0,,0.0,0.0,0.0,1299.455566814857,,,1981.5184144826246,1008.4403118756118,1299.455566814857,1479.411557960326,918.5869330909172,973.4332647915415
958,raspberrypi,190.0,2023-09-18,16:30:01,Whole,1050.5539702738104,0.0,6.032356888025609,,1576.34375,2482.90625,6.530984482488692,0,20,8,0.005357443490112105,0.0,1.0,,0.0,0.0,0.0,965.1081476315734,,,1630.679777587045,739.8260698647357,965.1081476315734,1143.1938907432266,580.1715316119185,721.7464254268764
959,raspberrypi,425.0,2023-09-18,16:30:01,Whole,804.1574877428661,,5.261541784562322,,2760.75,1143.25,3.4842448525345757,0,3,1,,0.0,1.0,,0.0,0.0,0.0,875.4197911745331,,,532.1898279149912,2354.2037456489143,875.4197911745331,769.7670842303575,392.0362610806112,708.3336380859413
960,raspberrypi,441.0,2023-09-18,16:30:01,Whole,1962.4199854944193,,15.874682945971177,,727.25,869.5,15.874682945971177,0,1,1,,0.0,1.0,,0.0,0.0,0.0,1262.601279315169,,,1279.9770361780222,1496.385449815577,1262.601279315169,1284.7293702664342,774.2006047263808,932.1064144140191
961,raspberrypi,481.0,2023-09-18,16:30:01,Whole,243.3159318196796,0.961038961038961,4.474709701729549,17.783415374969184,2338.6346153846152,1641.2548076923076,1.803939489002493,1,179,78,349.9284349041247,0.0875,0.025,,0.0,0.0875,0.8625,420.5778522080381,,,688.0887784971719,1734.459813448389,420.5778522080381,454.5407467568137,132.48212083211325,237.37898795784352
962,raspberrypi,482.0,2023-09-18,16:30:01,Whole,1622.4370497007264,1.0,7.818834377158098,126.68797396007997,1133.215909090909,937.0113636363636,6.275829750355493,0,66,22,8782.359719007123,0.0,0.75,,0.0,0.0,0.0125,946.0058569944146,,,912.9137589318846,1508.4634066541914,946.0058569944146,958.2271739895484,499.03673489646957,633.0612049412189
963,raspberrypi,484.0,2023-09-18,16:30:01,Whole,506.91729596385363,1.0,3.889607611822413,16.773532298951455,2115.9728260869565,1461.3804347826087,1.6058913570499207,1,55,23,168.33575060727185,0.2875,0.7125,,0.0,0.2875,0.2875,254.9842774362469,,,489.6257374698843,1644.373702943165,254.9842774362469,309.9328907951607,29.478169552899857,95.37530028755121
964,raspberrypi,486.0,2023-09-18,16:30:01,Whole,597.5877318697301,1.0,5.1688063460266385,28.75893048863865,2296.5460526315787,1287.6348684210527,1.8339062476194439,0,95,38,692.0273014223262,0.0875,0.525,,0.025,0.0875,0.4625,435.704127672389,,,340.4611091359467,1893.9966024256835,435.704127672389,368.74996195859774,20.82903303303889,258.55328741129244
965,raspberrypi,492.0,2023-09-18,16:30:01,Whole,1161.379268489181,0.02531645569620253,10.244943908170278,2.704163456597992,3135.165625,2781.3,7.182740299888681,0,180,80,0.21752390590202317,0.0,0.975,,0.0,0.0,0.0,1660.035732448638,,,2038.3156573535362,2299.5407696468615,1660.035732448638,1745.5385450005572,1488.6121130982076,1327.4047975793517
966,raspberrypi,496.0,2023-09-18,16:30:01,Whole,872.789450274829,1.0,4.968867873720075,29.085842083173816,1987.6944444444443,1171.8194444444443,2.3527353979044747,0,29,9,127.4483803647875,0.1125,0.8875,,0.0875,0.1125,0.1125,413.1248970708615,,,240.64827154302827,1742.509496871182,413.1248970708615,411.2778708650144,0.0,111.76090642127338
967,raspberrypi,110.0,2023-09-18,12:45:01,Whole,513.8328510263602,,6.085896663049868,,2836.0,1567.0,5.826760345056283,0,3,1,,0.0,1.0,,0.0,0.0,0.0,869.1728396152247,,,856.3341126619757,2212.2100820847177,869.1728396152247,827.3637433692844,418.6662948934767,732.1145406560746
968,raspberrypi,470.0,2023-09-18,12:45:01,Whole,1263.1837853084562,,8.427644442152465,,1072.0,1374.5,4.61380288958849,0,6,2,,0.0,1.0,,0.0,0.0,0.0,781.7359367403299,,,1066.894539016314,1067.4472613030557,781.7359367403299,864.1833199180721,423.13772192604506,542.8163941904334
969,raspberrypi,481.0,2023-09-18,12:45:01,Whole,961.5343795822075,1.0,6.920221153274745,214.55888991778096,2293.8295454545455,1712.6392045454545,4.932539401286071,0,63,44,17791.99957847218,0.0641025641025641,0.46153846153846156,,0.0,0.0641025641025641,0.0641025641025641,953.3929738497128,,,1134.6772532124064,1835.8648535538464,953.3929738497128,1007.111366497239,606.6820934505872,767.8212389754262
970,raspberrypi,482.0,2023-09-18,12:45:01,Whole,921.9546051641144,1.0,7.201197830243506,29.296505296554468,2243.87,709.3975,5.826760345056283,0,75,50,1999.283436553422,0.0,0.38461538461538464,,0.47435897435897434,0.0,0.4230769230769231,846.4145296329019,,,178.02416803637954,2265.682837853574,846.4145296329019,743.2368241107199,175.6623840625209,297.16159563715814
971,raspberrypi,486.0,2023-09-18,12:45:01,Whole,621.2819238440355,1.0,5.131718792414935,20.91081138014886,1707.6048387096773,1563.1693548387098,4.986450485844719,0,48,31,231.71866593572693,0.3974358974358974,0.6025641025641025,,0.0,0.3974358974358974,0.08974358974358974,251.6829093702393,,,720.0645042670506,1268.4250406406386,251.6829093702393,426.7980017787075,221.46182140644513,64.42296118214301
972,raspberrypi,487.0,2023-09-18,12:45:01,Whole,324.93300539827214,1.0,5.9670934696417115,58.4898469163184,2626.9338235294117,1571.8529411764705,4.63905644955755,0,31,17,4621.629494886015,0.01282051282051282,0.7948717948717948,,0.0,0.01282051282051282,0.14102564102564102,680.2981379936217,,,749.2027667042838,2027.728785729055,680.2981379936217,649.8542659654256,109.32673584464047,477.73907141339527
973,raspberrypi,491.0,2023-09-18,12:45:01,Whole,1004.5873284984197,,5.7120103757168526,,1418.5,1992.75,3.639620588143999,0,3,1,,0.0,1.0,,0.0,0.0,0.0,612.7869880108445,,,1233.1727387114436,767.3544668470608,612.7869880108445,781.1573596202912,232.01595672363047,426.422235130508
974,raspberrypi,492.0,2023-09-18,12:45:01,Whole,1465.3220450541498,0.0,9.36812771861208,,3115.1026785714284,2786.5803571428573,8.499327978313374,0,35,28,0.009904029346467688,0.0,1.0,,0.0,0.0,0.0,1649.6740811541151,,,2034.175610108837,2279.9832908755243,1649.6740811541151,1737.037556407494,1483.3067274627622,1314.9912282401267
975,raspberrypi,621.0,2023-09-18,12:45:01,Whole,270.7842978031308,,,,2070.0,1652.5,,0,0,1,,0.01282051282051282,0.9871794871794872,,0.0,0.01282051282051282,0.01282051282051282,230.5246185834622,,,683.732330471629,1497.2152599476135,230.5246185834622,384.007330822014,179.92241377576335,0.0
976,raspberrypi,34.0,2023-09-18,14:50:01,Whole,1104.9477872016203,,6.244057716525575,,2809.5,2484.25,5.27180860104291,0,2,1,,0.0,1.0,,0.0,0.0,0.0,1222.701255178923,,,1634.1788705435831,1967.5077062606342,1222.701255178923,1319.910481065507,1076.5410551730458,887.3726735785027
977,raspberrypi,110.0,2023-09-18,14:50:01,Whole,839.7643905687478,,3.8989376817479586,,1072.5,1858.5,2.7600533312867626,0,2,1,,0.0,1.0,,0.0,0.0,0.0,832.3729815701433,,,1349.2655786655691,629.8471294805518,832.3729815701433,973.0764963879504,569.0560640982312,691.4176655989935
978,raspberrypi,115.0,2023-09-18,14:50:01,Whole,1111.630113931747,,,,1043.0,1146.5,,0,0,1,,0.0,1.0,,0.0,0.0,0.0,866.9849044261895,,,1009.6496481768752,1274.9905033327661,866.9849044261895,913.4832074070733,408.3123952524019,579.6859511873074
979,raspberrypi,190.0,2023-09-18,14:50:01,Whole,931.9084914790025,,4.939449234095823,,2843.25,1803.25,3.238604859725412,0,3,1,,0.0,1.0,,0.0,0.0,0.0,907.7556253625983,,,1045.7759899679922,2130.6011348731454,907.7556253625983,912.6299207776796,539.5828944715864,721.1711124209874
980,raspberrypi,447.0,2023-09-18,14:50:01,Whole,520.6736250155808,,2.4748484784734623,,1762.25,1341.0,1.6484682446881433,0,2,1,,0.014084507042253521,0.9859154929577465,,0.0,0.014084507042253521,0.014084507042253521,226.71398600208406,,,501.08034737885856,1462.2088161108916,226.71398600208406,363.7235737969544,164.64831801323743,0.0
981,raspberrypi,470.0,2023-09-18,14:50:01,Whole,1535.0417714704536,,7.52471011665875,,722.25,869.75,6.627107132067284,0,2,1,,0.0,1.0,,0.0,0.0,0.0,1266.8338567392639,,,1284.9825655502857,1495.8595515439256,1266.8338567392639,1289.1605331505139,778.8331010176456,936.880341969473
982,raspberrypi,481.0,2023-09-18,14:50:01,Whole,320.74777291534497,0.9852941176470589,4.421465888262966,18.108614759622387,1610.356884057971,1761.9420289855072,1.9703507987213935,1,113,69,203.1960291593106,0.16901408450704225,0.028169014084507043,,0.0,0.16901408450704225,0.9436619718309859,362.4502950769511,,,936.8322370864604,1061.2940907927116,362.4502950769511,538.3000151891264,99.63075774219459,246.52088158877945
983,raspberrypi,482.0,2023-09-18,14:50:01,Whole,1064.3222521120997,1.0,6.460428391064093,111.14874642624852,2403.1,2779.5,4.941790471852771,0,17,5,461.58044605356366,0.0,0.9436619718309859,,0.0,0.0,0.0,1248.7818948581532,,,1824.0399855703236,1570.9381561336045,1248.7818948581532,1398.1502742024918,1010.7405138305862,878.6764628515527
984,raspberrypi,484.0,2023-09-18,14:50:01,Whole,113.35528251178152,0.4117647058823529,4.511209883949799,17.68194613115373,1941.0754716981132,1947.4504716981132,2.0067762283750428,0,99,53,188.00760659697644,0.7464788732394366,0.2535211267605634,,0.0,0.7464788732394366,0.7323943661971831,334.7777196250444,,,994.8709846442223,1240.4387675493817,334.7777196250444,558.5357456076829,106.06812491559043,23.80589833533267
985,raspberrypi,486.0,2023-09-18,14:50:01,Whole,463.37646091461727,1.0,3.930643467083133,45.16091192645367,2268.0760869565215,1563.858695652174,2.717397661156553,0,45,23,942.5627294196496,0.18309859154929578,0.676056338028169,,0.0,0.18309859154929578,0.28169014084507044,369.00400504538624,,,600.5607862005231,1715.3205104674726,369.00400504538624,394.19409554648564,43.021230862782105,180.2792806183005
986,raspberrypi,487.0,2023-09-18,14:50:01,Whole,649.7962147198713,,4.301456130866308,,2290.3333333333335,1340.6666666666667,4.402041717251305,0,4,3,,0.014084507042253521,0.9577464788732394,,0.014084507042253521,0.014084507042253521,0.04225352112676056,454.3211063359004,,,390.4611754864468,1866.1022077559694,454.3211063359004,427.65581841201794,176.3255643595495,223.87824567730863
987,raspberrypi,492.0,2023-09-18,14:50:01,Whole,1528.8501205607622,0.0,8.385021803222603,,3110.975,2788.325,7.436167830200901,0,24,10,5.806486561679533e-26,0.0,1.0,,0.0,0.0,0.0,1648.0328545589662,,,2033.939740904465,2276.01789485681,1648.0328545589662,1735.8162969277091,1482.8893109757341,1312.961567387068
988,raspberrypi,494.0,2023-09-18,14:50:01,Whole,313.3917433943436,1.0,4.606752278536381,28.88379879449344,1736.6477272727273,1582.75,1.3928114986426166,0,29,11,174.82652836950308,0.15492957746478872,0.8450704225352113,,0.0,0.15492957746478872,0.028169014084507043,230.6038633336036,,,718.2442139573624,1273.8458028137672,230.6038633336036,414.8339000460675,218.31209019319348,93.99662161233732
989,raspberrypi,495.0,2023-09-18,14:50:01,Whole,374.5102689991006,,3.5437086890958893,,1978.0,1471.0,1.461387424563097,0,4,1,,0.014084507042253521,0.9859154929577465,,0.0,0.014084507042253521,0.014084507042253521,189.88452464043172,,,522.0169718409531,1529.6461933919236,189.88452464043172,322.977790044898,163.3594797367673,0.0
990,raspberrypi,496.0,2023-09-18,14:50:01,Whole,692.684817794623,,3.8051368394218423,,1965.0,1149.0,3.5117905553040694,0,2,1,,0.014084507042253521,0.9859154929577465,,0.0,0.014084507042253521,0.014084507042253521,321.23849491976586,,,228.14404778393947,1740.8386684748011,321.23849491976586,340.1520642834661,48.888927377151745,0.0
991,raspberrypi,524.0,2023-09-18,14:50:01,Whole,1619.6166042131217,,7.754918625097007,,707.25,757.25,6.8381396586342165,0,2,1,,0.0,1.0,,0.0,0.0,0.0,1335.1991773987222,,,1300.6544309722697,1607.5110109474883,1335.1991773987222,1347.0046088101276,835.7189687803008,984.5065338031939
992,raspberrypi,621.0,2023-09-18,14:50:01,Whole,319.4471064418014,,1.1190664949003093,,1658.0,1646.0,0.16703127959579825,1,2,1,,0.014084507042253521,0.9859154929577465,,0.0,0.014084507042253521,0.014084507042253521,287.9900961820264,,,812.2671715322933,1172.9103366662328,287.9900961820264,467.2915503896262,175.26112345400807,155.61168434102214
993,raspberrypi,379.0,2023-09-18,00:05:01,Whole,767.3313655822462,,5.939676926402828,,2169.875,812.5,3.6188874177224464,0,6,2,,0.0,0.9726027397260274,,0.0273972602739726,0.0,0.0273972602739726,687.200796461383,,,0.0,2130.746384368568,687.200796461383,583.9158083225312,166.4684311962214,318.45963736039994
994,raspberrypi,470.0,2023-09-18,00:05:01,Whole,1153.017062354029,1.0,7.464123504177236,155.6312990361175,1604.25,2116.75,5.353757836183859,0,44,12,1.3409373211308848e-26,0.0273972602739726,0.8493150684931506,,0.0,0.0273972602739726,0.0273972602739726,742.2188960287658,,,1342.916767897902,901.6916242344229,742.2188960287658,909.8080218004814,413.1861012408004,388.2488427176561
995,raspberrypi,485.0,2023-09-18,00:05:01,Whole,303.2616387231877,0.19444444444444445,4.140628588108026,7.727961135867282,2702.5171232876714,1263.7140410958905,1.9829660329210783,1,94,73,22.86216572094976,0.0,0.8082191780821918,,0.0,0.0,0.0,783.1465529016824,,,550.2616646100608,2239.5688724511597,783.1465529016824,688.9790950014174,287.00597107804174,647.1590640393503
996,raspberrypi,488.0,2023-09-18,00:05:01,Whole,1112.6542825016595,1.0,7.827863274538577,171.93334260190161,2496.775,1794.8666666666666,6.7246538633952175,1,91,45,18612.444818215154,0.0,0.3835616438356164,,0.0,0.0,0.0547945205479452,1143.8278490393864,,,1260.4787325425073,2034.4975354665496,1143.8278490393864,1174.0315622855928,624.194579264228,807.1194796815198
997,raspberrypi,491.0,2023-09-18,00:05:01,Whole,86.42127529171702,0.0,4.049154615342377,,2492.09,1583.215,1.9789227522336965,0,70,25,0.023356844932365107,0.0,0.6575342465753424,,0.0,0.0,0.3424657534246575,548.0632814879384,,,680.1384406457291,1896.6733082852325,548.0632814879384,528.1746427895479,132.72500693463886,392.99337376393424
998,raspberrypi,493.0,2023-09-18,00:05:01,Whole,411.05401360559995,1.0,4.041190720646594,38.139078755162984,2409.4166666666665,1105.361111111111,1.6286891924602336,0,33,9,152.7252914752105,0.0,0.8767123287671232,,0.0410958904109589,0.0,0.0547945205479452,606.3753386913602,,,229.42985834594361,2096.351915492259,606.3753386913602,504.687345359603,203.41526870694722,368.0018285491575
999,raspberrypi,665.0,2023-09-18,00:05:01,Whole,842.30519702504,,7.3721431070021906,,2138.0,743.75,3.9633806333162998,0,4,1,,0.0,0.9863013698630136,,0.0136986301369863,0.0,0.0136986301369863,730.461505218176,,,0.0,2159.7896355167654,730.461505218176,624.930611356801,180.63715846072967,334.5770445879546
1000,raspberrypi,470.0,2023-09-18,12:30:01,Whole,1281.1588656251909,,,,1044.25,1374.5,,0,0,1,,0.0,1.0,,0.0,0.0,0.0,807.9357839168605,,,1091.6336495024218,1057.9072773641544,807.9357839168605,889.8525963787921,448.58901792496994,570.5524107754728
1001,raspberrypi,482.0,2023-09-18,12:30:01,Whole,258.5102887516605,1.0,3.0684577947381877,27.57847759954237,2514.5964285714285,1475.7357142857143,2.6758450044750335,0,12,35,356.67648334077825,0.0,0.30612244897959184,,0.0,0.0,0.5714285714285714,586.8220254253229,,,609.928471939659,1970.9592319412752,586.8220254253229,546.3602933339091,148.3935723379521,433.45036547951094
1002,raspberrypi,486.0,2023-09-18,12:30:01,Whole,310.5303591132904,1.0,3.0894548364438053,89.13925457882328,2365.2692307692305,1469.576923076923,3.359882674525043,0,9,13,3645.663516749768,0.061224489795918366,0.7551020408163265,,0.0,0.061224489795918366,0.16326530612244897,511.88069266988975,,,548.8871433515283,1857.8022713301666,511.88069266988975,499.5118721340168,122.04021634220786,351.01035116515527
1003,raspberrypi,496.0,2023-09-18,12:30:01,Whole,332.95857878376006,1.0,2.769708376744952,16.63143274789055,1988.1818181818182,1468.1136363636363,2.6691413277870715,0,11,11,360.2372225643883,0.22448979591836735,0.7755102040816326,,0.0,0.22448979591836735,0.22448979591836735,193.8132834143525,,,517.1953343756387,1539.56994532307,193.8132834143525,321.4995386323922,154.13262465005522,0.0
1004,raspberrypi,621.0,2023-09-18,12:30:01,Whole,349.38241124881125,1.0,3.2283310245876145,19.21282937258331,2060.325,1740.925,3.3633261467102984,0,10,10,0.0,0.20408163265306123,0.7959183673469388,,0.0,0.20408163265306123,0.0,250.57899060695772,,,773.6109477063262,1443.3210041935995,250.57899060695772,433.7148832470924,256.7706942893858,0.0
1005,raspberrypi,110.0,2023-09-18,11:00:01,Whole,959.1307065089834,,5.567660613715321,,1917.625,1444.625,3.999423863754012,0,5,2,,0.0,1.0,,0.0,0.0,0.0,878.9574344354256,,,919.3196030985355,1524.9329360455074,878.9574344354256,892.0686996849938,515.5192314058751,711.187124439979
1006,raspberrypi,159.0,2023-09-18,11:00:01,Whole,266.48987849846145,0.5454545454545454,4.140149602646695,25.57293700760654,2212.1197916666665,841.9583333333334,1.4608683104800302,8,45,24,210.97812761621512,0.0,0.6190476190476191,,0.38095238095238093,0.0,0.3333333333333333,672.7857777742271,,,4.333117456542407,2134.687612994421,672.7857777742271,567.7831217705136,157.3434295059436,322.8168438332499
1007,raspberrypi,190.0,2023-09-18,11:00:01,Whole,1126.0340872378906,,5.265252238267706,,1345.0,416.25,4.833031614758139,0,2,1,,0.0,1.0,,0.0,0.0,0.0,1146.339106751396,,,757.2437493589991,2062.032742621556,1146.339106751396,1091.1842734052539,670.080596747794,683.8176374343402
1008,raspberrypi,414.0,2023-09-18,11:00:01,Whole,1435.5091179000658,,5.948229501414936,,2875.25,2391.5,4.4484272326774725,0,3,1,,0.0,1.0,,0.0,0.0,0.0,1207.937240446389,,,1574.466938629667,2038.9283871081661,1207.937240446389,1290.6880822389958,1021.6042385856967,889.3138720574233
1009,raspberrypi,425.0,2023-09-18,11:00:01,Whole,562.9754994452999,,4.1574277766445995,,2763.25,914.5,2.4169269225335728,0,3,1,,0.0,1.0,,0.0,0.0,0.0,984.0644521462306,,,461.5878706323513,2490.551552162031,984.0644521462306,862.5874393299273,544.9390179908224,766.0831051864191
1010,raspberrypi,470.0,2023-09-18,11:00:01,Whole,1573.0064182057745,,8.530012949036104,,700.5,757.75,8.530012949036104,0,1,1,,0.0,1.0,,0.0,0.0,0.0,1340.6137458239286,,,1307.3754829430593,1606.738566367363,1340.6137458239286,1352.730120742735,841.6009515843538,990.6933645703721
1011,raspberrypi,482.0,2023-09-18,11:00:01,Whole,103.61461618433268,1.0,3.67877296716988,30.6286289123027,2214.9471153846152,1142.8846153846155,1.6309257404932669,0,36,26,294.42183313154754,0.23809523809523808,0.5873015873015873,,0.2698412698412698,0.23809523809523808,0.31746031746031744,447.52510266519454,,,187.21559846909364,1923.9652422308075,447.52510266519454,388.35935415795524,129.00198939633174,163.20110204702019
1012,raspberrypi,483.0,2023-09-18,11:00:01,Whole,345.74507530321245,1.0,3.413794528900135,28.0543784455475,2157.9236111111113,775.7986111111111,1.4432742226689217,8,36,18,353.23874420293333,0.0,0.7142857142857143,,0.2857142857142857,0.0,0.1746031746031746,709.9573337747786,,,0.0,2148.436323140237,709.9573337747786,605.059687637178,162.963231729908,327.3620244400695
1013,raspberrypi,486.0,2023-09-18,11:00:01,Whole,708.8409348489764,1.0,6.511650959597808,14.43721336586818,2027.625,1784.5125,4.523598990526526,0,6,10,115.50491650694684,0.15873015873015872,0.8412698412698413,,0.0,0.15873015873015872,0.0,251.37688878434204,,,820.2392253830506,1392.9317771819392,251.37688878434204,455.70377178109294,211.67056840460572,0.0
1014,raspberrypi,493.0,2023-09-18,11:00:01,Whole,383.06657750337865,1.0,4.061247683016554,80.03650995851085,2385.753125,1007.40625,3.1090070546299446,0,56,40,3074.5723267781646,0.0,0.3968253968253968,,0.2698412698412698,0.0,0.2698412698412698,734.3593085932791,,,288.57346259021466,2172.642436297623,734.3593085932791,639.1327639924241,221.7845393108096,408.85834699855565
1015,raspberrypi,498.0,2023-09-18,11:00:01,Whole,653.9805415497043,1.0,3.9911498708524786,21.8646313790663,2239.556818181818,1760.8863636363637,3.2649816447074564,0,24,11,142.72786906394387,0.1746031746031746,0.8253968253968254,,0.0,0.1746031746031746,0.047619047619047616,369.7812213948208,,,791.16696212001,1591.6114619042507,369.7812213948208,485.72346271722154,264.1482500443464,122.72863488439621
1016,raspberrypi,683.0,2023-09-18,11:00:01,Whole,617.3547726038138,,2.821998665282772,,2473.0,537.75,2.316403563471518,0,3,1,,0.0,1.0,,0.0,0.0,0.0,1056.1028384424424,,,273.71352144287613,2534.6680383595103,1056.1028384424424,925.4950812687212,549.1664632675416,714.2593815980174
1017,raspberrypi,896.0,2023-09-18,11:00:01,Whole,1255.9380482497447,,6.3491604753717175,,2233.75,2363.0,3.7610924919877355,0,4,1,,0.0,1.0,,0.0,0.0,0.0,797.8701647739256,,,1391.5127539690625,1403.985703242184,797.8701647739256,964.7839772822936,571.7746130312066,425.4283550597625
1018,raspberrypi,404.0,2023-09-18,04:25:01,Whole,548.7850682612273,,3.394426650014919,,2974.75,1789.0,3.394426650014919,0,1,1,,0.0,1.0,,0.0,0.0,0.0,1028.4585798087303,,,1114.755512817194,2259.618981387882,1028.4585798087303,1021.345903832025,639.3065160297781,853.4388766980479
1019,raspberrypi,485.0,2023-09-18,04:25:01,Whole,96.28656866706498,0.43548387096774194,3.339034347359624,5.24402437475836,2525.248015873016,1326.6944444444443,3.2844472381426657,0,11,63,10.85718126847053,0.0,0.0,,0.0,0.0,1.0,607.3601685632729,,,473.1689205751211,2056.5121562350105,607.3601685632729,517.7356260359496,97.93276709795327,476.63043716782624
1020,raspberrypi,726.0,2023-09-18,04:25:01,Whole,550.0775744423299,0.0,3.283642044704329,,2977.625,1788.0,3.281765865506536,0,10,10,1.3309520041483287e-25,0.0,1.0,,0.0,0.0,0.0,1030.9805196650939,,,1115.8511438757275,2262.6627609388024,1030.9805196650939,1023.5254216004996,641.2436275379229,856.4015338566642
1021,raspberrypi,17.0,2023-09-18,14:10:01,Whole,644.9391766672477,,6.24896824338848,,2184.25,2576.75,6.24896824338848,0,1,1,,0.0,1.0,,0.0,0.0,0.0,983.4146388098806,,,1603.5825828627796,1340.2925601586137,983.4146388098806,1152.3731020146058,702.993217923204,615.3420283682834
1022,raspberrypi,82.0,2023-09-18,14:10:01,Whole,681.2776217154262,,4.64235113961827,,1984.75,1937.75,2.8181814621920376,0,2,1,,0.015151515151515152,0.9848484848484849,,0.0,0.015151515151515152,0.015151515151515152,331.5543338289443,,,977.6836518136909,1283.9857514743462,331.5543338289443,554.1784013592896,147.41780748289105,0.0
1023,raspberrypi,106.0,2023-09-18,14:10:01,Whole,1585.8153597051548,,8.460887872449986,,1062.0,1972.75,6.457570249317206,0,2,1,,0.0,1.0,,0.0,0.0,0.0,885.7782146339996,,,1437.554914541095,528.8021924205709,885.7782146339996,1034.2442716170692,580.7015029707803,770.9766465844576
1024,raspberrypi,109.0,2023-09-18,14:10:01,Whole,646.7074681900058,,4.913664009278917,,2182.75,2577.75,4.913664009278917,0,1,1,,0.0,1.0,,0.0,0.0,0.0,983.9845035095801,,,1604.5602921969914,1338.792838307862,983.9845035095801,1153.0504211442935,702.9962192163036,616.0042910622349
1025,raspberrypi,110.0,2023-09-18,14:10:01,Whole,1594.1506423811188,,7.743838592433175,,1068.5,1858.5,5.973667414043902,0,3,1,,0.0,1.0,,0.0,0.0,0.0,835.9373512741267,,,1352.1608707011303,627.7569968654343,835.9373512741267,976.4277295527024,573.0448738705312,694.6678927973459
1026,raspberrypi,481.0,2023-09-18,14:10:01,Whole,818.5885608964365,1.0,4.37957731814583,23.628553209130207,2186.158653846154,1446.1057692307693,5.935101612321441,1,37,26,185.6162383843156,0.21212121212121213,0.6060606060606061,,0.0,0.21212121212121213,0.3787878787878788,311.61576710919945,,,478.3100789008805,1710.3333762235588,311.61576710919945,322.5421866467501,0.0,180.02401853613517
1027,raspberrypi,484.0,2023-09-18,14:10:01,Whole,1148.38753951187,1.0,6.5192826612634915,9.000868013697346,1655.25,1531.875,7.884009795491796,0,5,3,0.0,0.045454545454545456,0.9545454545454546,,0.0,0.045454545454545456,0.0,267.1001749238734,,,718.3107282973516,1250.0473103762677,267.1001749238734,437.1295711827723,274.91610259278383,47.86378392998543
1028,raspberrypi,486.0,2023-09-18,14:10:01,Whole,1100.4590617665656,1.0,5.016222415590237,38.75525957692954,1766.875,1453.53125,5.9427242320939495,0,11,8,1182.8810689060133,0.12121212121212122,0.8787878787878788,,0.0,0.12121212121212122,0.07575757575757576,227.9597992478056,,,602.4686718972061,1389.8704924000729,227.9597992478056,385.1462300935805,179.61688833535374,0.0
1029,raspberrypi,487.0,2023-09-18,14:10:01,Whole,707.8680332794678,1.0,7.225084255372316,200.92587035684627,2845.1676829268295,2081.0701219512193,5.311100125627098,1,50,41,22566.11999149612,0.06060606060606061,0.4090909090909091,,0.0,0.06060606060606061,0.030303030303030304,1180.246578158431,,,1415.454496958979,2112.669431153947,1180.246578158431,1232.2531648139468,899.869090197992,931.5588106374214
1030,raspberrypi,492.0,2023-09-18,14:10:01,Whole,815.2364213811722,0.0,7.624835429422461,,3111.220238095238,2787.1160714285716,7.390284040443378,1,38,42,0.002683107012844198,0.0,1.0,,0.0,0.0,0.0,1647.3451672850374,,,2032.9591104680467,2276.1598139407897,1647.3451672850374,1735.0432146240382,1481.9241504129075,1312.425113703965
1031,raspberrypi,495.0,2023-09-18,14:10:01,Whole,899.5202579332266,,,,2100.0,1402.5,,0,0,1,,0.015151515151515152,0.9848484848484849,,0.0,0.015151515151515152,0.015151515151515152,254.91080113645253,,,431.97598492774995,1667.5705712031336,254.91080113645253,300.51575480083574,43.2496216470562,84.63539238195351
1032,raspberrypi,621.0,2023-09-18,14:10:01,Whole,837.1847372156309,,5.173782001107549,,2091.0,1495.25,4.352384137565691,1,4,2,,0.030303030303030304,0.9696969696969697,,0.0,0.030303030303030304,0.030303030303030304,242.01044302927292,,,526.7758314863903,1603.9750123639178,242.01044302927292,322.3108677004162,68.6845348561472,88.87458386294392
1033,raspberrypi,37.0,2023-09-17,17:35:01,Whole,1157.654116546995,,6.174337605076969,,2240.75,2372.25,5.201377784999337,0,2,1,,0.0,1.0,,0.0,0.0,0.0,809.0215585697989,,,1401.111013201434,1409.7330346938802,809.0215585697989,974.9746208604487,583.1909812325848,436.6678375180531
1034,raspberrypi,425.0,2023-09-17,17:35:01,Whole,899.5418563390762,,4.815597287408635,,2800.25,1978.25,4.815597287408635,0,1,1,,0.0,1.0,,0.0,0.0,0.0,925.3905352218786,,,1171.5330237384333,2037.333995861824,925.3905352218786,966.6091347198187,633.7309380636481,679.5061464601029
1035,raspberrypi,481.0,2023-09-17,17:35:01,Whole,767.3608776034503,0.1111111111111111,4.175262880381521,2.358495283014151,1610.375,1508.2375,7.102467160791155,0,12,10,0.40954907103433197,0.12987012987012986,0.8701298701298701,,0.0,0.12987012987012986,0.0,295.9552115406054,,,726.3668505999476,1236.303633537093,295.9552115406054,455.2752771389713,242.56775225969284,52.94086248246758
1036,raspberrypi,484.0,2023-09-17,17:35:01,Whole,232.86649057362754,,2.4558989434175493,,2195.75,1414.0,2.4558989434175493,0,1,1,,0.012987012987012988,0.987012987012987,,0.0,0.012987012987012988,0.012987012987012988,315.92882242500895,,,441.8614074633086,1736.4089286595797,315.92882242500895,310.0059279800099,0.0,178.16393442266792
1037,raspberrypi,485.0,2023-09-17,17:35:01,Whole,344.55637910070556,0.6578947368421053,5.283254089411583,37.47775258841514,2488.387987012987,1108.3668831168832,3.3753307481313257,0,34,77,786.4241287533191,0.0,0.012987012987012988,,0.6233766233766234,0.0,0.15584415584415584,720.0698428316833,,,299.7941376832122,2178.200416905944,720.0698428316833,626.309196214829,300.63924348814714,454.6880869360144
1038,raspberrypi,496.0,2023-09-17,17:35:01,Whole,303.4788281427229,0.0,3.011498001586427,,2064.9934210526317,1381.157894736842,2.6692485366823244,0,22,19,0.23160133729805596,0.24675324675324675,0.7532467532467533,,0.0,0.24675324675324675,0.24675324675324675,239.97729468097552,,,415.40067970131247,1653.9413307478485,239.97729468097552,301.7098758890112,82.51946854062375,57.48755372041869
1039,raspberrypi,510.0,2023-09-17,17:35:01,Whole,260.59700183330926,,2.0401714077331548,,2310.5,1477.75,1.3657719582388101,0,2,1,,0.0,0.987012987012987,,0.0,0.0,0.012987012987012988,394.0222223525676,,,521.9886725173394,1794.0788567530328,394.0222223525676,358.51171580275184,0.0,276.5449829440082
1040,raspberrypi,669.0,2023-09-17,17:35:01,Whole,1240.965567403716,,6.479452295161912,,1079.5,1214.25,3.1305223769708883,0,2,1,,0.0,1.0,,0.0,0.0,0.0,811.1628399266689,,,995.9976324880201,1221.0268223307144,811.1628399266689,867.6102162083307,374.26204313629466,545.6144207858579
1041,raspberrypi,105.0,2023-09-18,15:50:01,Whole,399.4691926158485,,7.025917997077314,,2356.75,2546.5,3.507741182950334,0,3,1,,0.0,1.0,,0.0,0.0,0.0,1014.0310731829601,,,1584.5985316995004,1513.0587426750456,1014.0310731829601,1166.5462629196452,788.0242835173727,643.3853254105832
1042,raspberrypi,425.0,2023-09-18,15:50:01,Whole,1697.7024209829597,,9.61617382659449,,1037.0,916.75,6.949576300008203,0,3,1,,0.0,1.0,,0.0,0.0,0.0,976.8286549755937,,,973.4233525714831,1495.4827565671992,976.8286549755937,991.6246021208372,469.42733010516,621.1725488134321
1043,raspberrypi,441.0,2023-09-18,15:50:01,Whole,1939.227251077371,,12.648230247304877,,729.75,868.25,9.431967279758771,0,2,1,,0.0,1.0,,0.0,0.0,0.0,1261.012402769801,,,1277.4376228537215,1497.7769301773494,1261.012402769801,1282.9254788596775,772.2628281471203,930.006941603498
1044,raspberrypi,470.0,2023-09-18,15:50:01,Whole,1974.0526700770752,1.0,11.442479948536564,118.14926999351287,717.9166666666666,831.25,7.499954329960723,0,6,3,,0.0,0.9871794871794872,,0.0,0.0,0.0,1289.4681753717778,,,1289.5517013978435,1534.16047567663,1289.4681753717778,1308.1776650444747,780.7203045045164,938.8156744865851
1045,raspberrypi,482.0,2023-09-18,15:50:01,Whole,1007.7963068465779,1.0,7.749019936707338,167.7630914346004,1602.7652027027027,2389.962837837838,6.896419438575856,2,115,74,8230.86085947528,0.0,0.0641025641025641,,0.0,0.0,0.0,1201.5926982453495,,,1748.1199431610344,950.9439865758055,1201.5926982453495,1344.8577088504478,936.0727237954388,956.2842267148428
1046,raspberrypi,486.0,2023-09-18,15:50:01,Whole,1771.417097361123,1.0,11.421014577617495,176.30700819956192,1105.0657894736842,1023.4078947368421,13.395947871970275,1,75,38,25633.00682515603,0.0,0.5384615384615384,,0.01282051282051282,0.0,0.0,1248.6974069665055,,,1242.6446752155985,1496.6124303140414,1248.6974069665055,1274.6041990232857,798.7000993584898,876.9312758416362
1047,raspberrypi,492.0,2023-09-18,15:50:01,Whole,1167.8130910833918,0.0,12.239944845404528,,3137.6955128205127,2776.2516025641025,9.71303120581009,1,118,78,0.02790400729205681,0.0,1.0,,0.0,0.0,0.0,1658.2870721414185,,,2034.932197995673,2301.656765929938,1658.2870721414185,1743.3099254786564,1485.556108663563,1325.9748542615782
1048,raspberrypi,145.0,2023-09-18,03:30:01,Whole,1478.7878336461529,,9.042180897712667,,1045.5,1145.25,9.042180897712667,0,1,1,,0.0,1.0,,0.0,0.0,0.0,865.1916371533944,,,1006.9001085047651,1276.8860313920784,865.1916371533944,911.4403588600924,405.8559395626166,577.1994693999702
1049,raspberrypi,404.0,2023-09-18,03:30:01,Whole,616.7759686054166,,5.9882638655789355,,2976.25,1788.5833333333333,1.49531811177125,0,6,3,,0.0,1.0,,0.0,0.0,0.0,1029.7960391663185,,,1115.4068371310361,2261.17357376749,1029.7960391663185,1022.5222838513944,640.3275438160128,854.9823087854174
1050,raspberrypi,482.0,2023-09-18,03:30:01,Whole,1276.3246178414074,1.0,8.026947719351341,190.22205523811317,1348.9722222222222,1957.8541666666667,9.799933899788545,0,26,18,8835.918644353547,0.04,0.76,,0.04,0.04,0.06666666666666667,948.498515009558,,,1293.8504479376356,804.0750441892151,948.498515009558,1049.9564742829784,788.2827848144807,977.0236239674448
1051,raspberrypi,484.0,2023-09-18,03:30:01,Whole,350.9459522739832,,3.320522313093818,,2179.0,1521.5,2.8852461882378253,0,2,1,,0.013333333333333334,0.9866666666666667,,0.0,0.013333333333333334,0.013333333333333334,289.8181481440825,,,548.4584322308369,1660.4157715460196,289.8181481440825,330.6531354001211,10.674553869602832,150.63986702615978
1052,raspberrypi,485.0,2023-09-18,03:30:01,Whole,402.0489975975106,0.0,4.951476545905614,,2722.931666666667,1648.1683333333333,4.3750586681292605,0,59,75,0.08639258157257922,0.0,1.0,,0.0,0.0,0.0,766.9114502701772,,,849.7843753241194,2075.771999532153,766.9114502701772,747.5208170845586,351.089238418665,608.8560745109161
1053,raspberrypi,493.0,2023-09-18,03:30:01,Whole,424.4472557035889,0.8125,4.459564935840857,13.053927403501856,2105.8892857142855,2161.3571428571427,4.288866985011989,0,45,35,74.49824566017848,0.18666666666666668,0.5466666666666666,,0.0,0.18666666666666668,0.0,576.97778998445,,,1190.9210977858675,1321.3081383291333,576.97778998445,761.9678063146656,361.1660556497046,224.2002395295484
1054,raspberrypi,495.0,2023-09-18,03:30:01,Whole,481.62496522340723,,4.100189563721935,,1929.75,1606.25,4.100189563721935,0,1,1,,0.013333333333333334,0.9866666666666667,,0.0,0.013333333333333334,0.0,185.7402458826617,,,665.3034206527475,1408.2412330406132,185.7402458826617,370.15846582357574,254.6538266819049,25.99876616614641
1055,raspberrypi,72.0,2023-09-18,13:15:01,Whole,382.60476095099136,,,,2216.5,987.0,,0,0,1,,0.0,0.975609756097561,,0.024390243902439025,0.0,0.024390243902439025,554.5047591880433,,,23.861264344030502,2032.1199996147252,554.5047591880433,463.02928616299033,102.82741125364485,248.12595914525355
1056,raspberrypi,392.0,2023-09-18,13:15:01,Whole,1468.4568454080527,,8.760647705675256,,826.0,2151.5,8.760647705675256,0,1,1,,0.0,1.0,,0.0,0.0,0.0,1169.1175176278753,,,1730.3532423721235,254.50832419477854,1169.1175176278753,1317.9256070738675,845.4113874005197,1039.6826671476924
1057,raspberrypi,481.0,2023-09-18,13:15:01,Whole,211.81598703169936,1.0,4.791225340439112,15.283135438201423,2215.4,1222.9666666666667,0.9161433474935754,2,3,15,85.95300558127995,0.34146341463414637,0.6341463414634146,,0.0,0.34146341463414637,0.36585365853658536,401.86134015768147,,,256.2061986790196,1871.0504739411097,401.86134015768147,353.2810459986553,126.14548194605895,167.21153230248453
1058,raspberrypi,484.0,2023-09-18,13:15:01,Whole,801.5545155690793,1.0,6.838142430191221,91.89934412665676,1372.40625,1753.40625,6.838142430191221,0,1,8,46.258835049813975,0.024390243902439025,0.8292682926829268,,0.0,0.024390243902439025,0.0,552.794619774218,,,1068.882057135887,897.9065083177528,552.794619774218,703.7093187290651,333.0688302514628,396.0402985126574
1059,raspberrypi,488.0,2023-09-18,13:15:01,Whole,230.4412992173704,1.0,4.901948642514605,20.4199394351699,2175.0986842105262,1154.842105263158,1.4843926781245007,2,5,19,103.81415428751875,0.2926829268292683,0.5365853658536586,,0.1951219512195122,0.2926829268292683,0.4634146341463415,423.28485497952096,,,188.58802251238822,1887.6054535896747,423.28485497952096,379.75756221515434,103.0146397791686,152.63656876200892
1060,raspberrypi,491.0,2023-09-18,13:15:01,Whole,684.1079814108477,,,,2441.75,772.5,,0,0,1,,0.0,0.975609756097561,,0.024390243902439025,0.0,0.0,849.121092423275,,,137.43206735889163,2343.073782713698,849.121092423275,725.9932021884084,383.47947842053736,546.819894365236
1061,raspberrypi,492.0,2023-09-18,13:15:01,Whole,1811.6116825839654,,10.463456486539728,,3113.5,2787.25,10.463456486539728,0,1,1,,0.0,1.0,,0.0,0.0,0.0,1649.0301194971748,,,2034.0759443595418,2278.4427381578435,1649.0301194971748,1736.556226050434,1483.1556973205202,1314.2164564067364
1062,raspberrypi,666.0,2023-09-18,13:15:01,Whole,242.29502231042198,,1.4843926781245007,,1801.25,1360.75,1.4843926781245007,0,1,1,,0.024390243902439025,0.975609756097561,,0.0,0.024390243902439025,0.0,205.41506783130143,,,494.58329905015165,1474.512429658545,205.41506783130143,351.46059112057753,207.2243307013506,0.0
1063,raspberrypi,106.0,2023-09-18,12:00:01,Whole,772.3172017031605,,0.7889207539169871,,1065.0,1973.0,0.7889207539169871,1,1,1,,0.0,1.0,,0.0,0.0,0.0,883.3162806715883,,,1435.6688735358837,530.3476765928056,883.3162806715883,1031.9482758866534,577.7386179738069,768.8954897730316
1064,raspberrypi,250.0,2023-09-18,12:00:01,Whole,1319.0528803466882,,8.010988688889528,,705.0,756.25,8.010988688889528,0,1,1,,0.0,1.0,,0.0,0.0,0.0,1337.6108428012762,,,1302.9472395799075,1608.4164548990418,1337.6108428012762,1349.4097303471517,838.1802760994567,986.9621339500177
1065,raspberrypi,482.0,2023-09-18,12:00:01,Whole,871.6877029979034,0.717391304347826,5.406432520441992,11.217004061755388,2198.2047872340427,847.6117021276596,3.565808450202557,0,76,47,104.00771008399552,0.0,0.36486486486486486,,0.6351351351351351,0.0,0.6351351351351351,660.5541604120932,,,0.3567046771913272,2120.669000088233,660.5541604120932,556.3136019923365,140.54948264668928,306.4841763119289
1066,raspberrypi,484.0,2023-09-18,12:00:01,Whole,412.01570313483757,1.0,2.8385862455977806,23.393355455794442,2123.757575757576,1465.3863636363637,3.1575452440091567,1,68,33,548.8669896395321,0.44594594594594594,0.5540540540540541,,0.0,0.44594594594594594,0.44594594594594594,261.1243592500422,,,493.92170648537353,1648.5227096430453,261.1243592500422,314.11839169473194,37.47590671274308,102.76775599679927
1067,raspberrypi,487.0,2023-09-18,12:00:01,Whole,587.3849792776082,,4.018262276522003,,2319.5,1583.75,1.3277745363358096,0,2,1,,0.0,0.9864864864864865,,0.0,0.0,0.013513513513513514,397.86687484547866,,,627.4115062097576,1745.823691803053,397.86687484547866,410.93244921436445,81.62005869617457,229.56792423017737
1068,raspberrypi,491.0,2023-09-18,12:00:01,Whole,680.5040639570319,1.0,5.583614726618158,115.61505676615054,2055.7083333333335,1990.825,3.0945678013759315,0,36,15,2365.272775802847,0.04054054054054054,0.8108108108108109,,0.0,0.04054054054054054,0.06756756756756757,609.4445052968474,,,1121.867670856725,1344.7483214065828,609.4445052968474,748.2308357146786,322.7924424547416,335.216118338267
1069,raspberrypi,493.0,2023-09-18,12:00:01,Whole,825.9369070436901,0.7,5.85604899682509,16.71302509163876,1117.5201612903227,2130.8508064516127,6.009352736614889,1,83,62,213.94665774335593,0.0,0.43243243243243246,,0.0,0.0,0.0,921.5776613379006,,,1522.225498768857,450.7072246841003,921.5776613379006,1081.6636020840172,539.3629686087058,733.1592860380106
1070,raspberrypi,494.0,2023-09-18,12:00:01,Whole,303.6138621690413,,3.3900084994740527,,2033.75,1549.25,0.726199274609184,1,4,1,,0.013513513513513514,0.9864864864864865,,0.0,0.013513513513513514,0.013513513513513514,205.47554067819928,,,586.344473587098,1525.7533628291221,205.47554067819928,338.8188895015376,136.0973991578382,60.56311169961985
1071,raspberrypi,496.0,2023-09-18,12:00:01,Whole,389.4278562395248,,3.3814815984541347,,1960.25,1268.25,1.604384460341178,0,3,1,,0.013513513513513514,0.9864864864864865,,0.0,0.013513513513513514,0.013513513513513514,242.9032623490429,,,336.57126457570155,1652.1100850595387,242.9032623490429,317.63780510338324,166.33169711824434,0.0
1072,raspberrypi,524.0,2023-09-18,12:00:01,Whole,1231.88737590026,,9.162647669376758,,729.75,867.75,7.55756841467923,0,2,1,,0.0,1.0,,0.0,0.0,0.0,1261.2462245276035,,,1277.4216178164559,1498.27608510493,1261.2462245276035,1283.108089129334,772.4307645132071,930.1347162903369
1073,raspberrypi,404.0,2023-09-18,10:00:01,Whole,1463.9930617074804,,,,3121.0,2354.75,,0,0,1,,0.0,1.0,,0.0,0.0,0.0,1381.2940157701053,,,1659.0764604163994,2286.9225370814825,1381.2940157701053,1436.619746416443,1128.1633984869475,1091.5725636279697
1074,raspberrypi,484.0,2023-09-18,10:00:01,Whole,938.7581039532274,0.30952380952380953,7.034408464001803,4.5947708651495685,1581.1482558139535,2404.5755813953488,10.084947871876723,0,43,43,5.488857548082322,0.0,0.7636363636363637,,0.0,0.0,0.0,844.2810954091932,,,1532.9256735170707,752.6703787278967,844.2810954091932,1030.5844071044846,420.6510029369025,553.4203971275841
1075,raspberrypi,486.0,2023-09-18,10:00:01,Whole,225.480210906569,,5.176620776010774,,1717.25,1416.0,5.176620776010774,0,1,1,,0.01818181818181818,0.9818181818181818,,0.0,0.01818181818181818,0.01818181818181818,233.90203984406213,,,588.0720035887923,1376.6040781570703,233.90203984406213,387.2456400063944,192.53267157469725,0.0
1076,raspberrypi,488.0,2023-09-18,10:00:01,Whole,1250.8581215829963,1.0,10.727476637986841,140.01818338614774,2123.1805555555557,592.0416666666666,10.407136296171544,0,43,45,12321.676780264264,0.03636363636363636,0.18181818181818182,,0.16363636363636364,0.03636363636363636,0.09090909090909091,1167.7112352517372,,,657.3878596422779,2304.63880815764,1167.7112352517372,1086.691500014108,729.4503844487158,908.8000231883668
1077,raspberrypi,498.0,2023-09-18,10:00:01,Whole,501.4019927595671,1.0,6.88001898605514,85.83647268962042,2245.078125,1872.265625,4.4633463449424395,0,16,8,797.3110600158357,0.10909090909090909,0.8727272727272727,,0.0,0.10909090909090909,0.03636363636363636,450.32385624760315,,,902.7518669401811,1558.0464507345296,450.32385624760315,573.8033851775269,338.2598548998984,143.33451765322977
1078,raspberrypi,524.0,2023-09-18,10:00:01,Whole,1466.6204715970116,,11.46886651780347,,3123.5,2355.75,11.46886651780347,0,1,1,,0.0,1.0,,0.0,0.0,0.0,1383.9059519472032,,,1661.254353933148,2289.3241501794655,1383.9059519472032,1439.111682914726,1130.5205481520898,1094.2641686115364
1079,raspberrypi,425.0,2023-09-18,06:40:01,Whole,424.9666760832548,,,,2764.75,1086.0,,0,0,1,,0.0,1.0,,0.0,0.0,0.0,901.8700241367172,,,510.9061941687614,2389.876708108854,901.8700241367172,791.4649085103429,427.8413434091806,720.499258429632
1080,raspberrypi,488.0,2023-09-18,06:40:01,Whole,141.69255083363083,1.0,,29.29412143457198,2235.1666666666665,884.5,,0,0,3,73.58389875310097,0.0,0.25,,0.75,0.0,0.75,646.6787884472502,,,0.0,2118.730365606019,646.6787884472502,542.1333654510041,152.19250235849762,315.62039820088745
1081,raspberrypi,17.0,2023-09-17,17:20:01,Whole,1680.0029403368007,,9.59383891795064,,2149.25,41.25,7.3157411017913745,0,4,1,,0.0,1.0,,0.0,0.0,0.0,1409.2889982715137,,,629.9688698175476,2742.055118821881,1409.2889982715137,1284.6320710740747,862.2124238381033,973.3521216503482
1082,raspberrypi,110.0,2023-09-17,17:20:01,Whole,1855.7537775717092,,10.42832459460046,,888.25,2157.0,8.886676938949526,0,4,1,,0.0,1.0,,0.0,0.0,0.0,1119.23386972317,,,1690.805410535373,279.0622585583702,1119.23386972317,1270.8037854947588,786.9213159401455,980.8905538735079
1083,raspberrypi,159.0,2023-09-17,17:20:01,Whole,571.3806942670512,1.0,2.2991877882206313,21.883569749928828,2707.5,1253.8333333333333,1.1496408467390518,1,31,6,0.0,0.01282051282051282,0.9358974358974359,,0.0,0.01282051282051282,0.0,865.100314908108,,,642.4107921464639,2258.0581033128406,865.100314908108,803.6697765674612,448.2777125966957,754.4815154611107
1084,raspberrypi,411.0,2023-09-17,17:20:01,Whole,400.04273623552575,,2.660048186995638,,2825.25,1269.75,1.2592539147440673,0,5,1,,0.0,1.0,,0.0,0.0,0.0,893.798359872332,,,652.683944152026,2340.9879576707945,893.798359872332,803.1781332931358,400.0468802710227,768.8636162975209
1085,raspberrypi,425.0,2023-09-17,17:20:01,Whole,363.1375693883075,0.0,3.4746638482554126,,2802.1071428571427,1976.767857142857,1.5903566541314709,6,57,14,8.346988919029136e-26,0.0,1.0,,0.0,0.0,0.0,926.4336661523602,,,1171.1421518419634,2039.5185950464552,926.4336661523602,967.1799619786801,633.7272340332206,681.1898944739561
1086,raspberrypi,470.0,2023-09-17,17:20:01,Whole,1725.9171094481778,,8.455058049968983,,1071.75,987.25,5.834630113312121,0,6,1,,0.0,1.0,,0.0,0.0,0.0,911.2041593701609,,,947.1594682394675,1436.051382098681,911.2041593701609,933.5979209734826,410.1678915177044,569.4650536737411
1087,raspberrypi,481.0,2023-09-17,17:20:01,Whole,462.8293005905525,0.609375,5.076400458606021,94.63834568747997,2904.226923076923,1832.4134615384614,1.6750069160240086,9,248,65,5052.7998393233875,0.0,0.5,,0.0,0.0,0.0,1019.2155186668188,,,1140.921478815482,2199.4075006229173,1019.2155186668188,1029.4749704761948,530.1475800246451,785.4947103976976
1088,raspberrypi,485.0,2023-09-17,17:20:01,Whole,261.199211138922,0.20270270270270271,4.234931999365394,11.393604899367196,2660.23,1378.47,1.4153457946373709,4,275,75,31.420894849970097,0.0,0.7692307692307693,,0.0,0.0,0.14102564102564102,717.7359305340572,,,598.895033892525,2143.682469983804,717.7359305340572,639.7712992357881,221.56632987599173,616.7042789637139
1089,raspberrypi,488.0,2023-09-17,17:20:01,Whole,263.6219035226086,0.6103896103896104,4.709729181649622,10.866344867581512,2895.073717948718,1505.4839743589744,1.4187742526167324,6,279,78,122.4397557684717,0.0,0.3974358974358974,,0.0,0.0,0.0,926.7774517821518,,,854.6396607961198,2291.943379262738,926.7774517821518,872.7400650112722,466.62056482835044,809.5253850055549
1090,raspberrypi,491.0,2023-09-17,17:20:01,Whole,208.06654766318778,0.33766233766233766,3.9331699580776407,13.615360192123159,2487.9326923076924,1737.9022435897436,1.6970735245000663,0,279,78,114.08156804733017,0.0,0.6666666666666666,,0.0,0.0,0.0,569.8715613713291,,,826.2291132934956,1824.6995325905807,569.8715613713291,606.965973528471,265.5230097487782,430.11634124532435
1091,raspberrypi,493.0,2023-09-17,17:20:01,Whole,1234.1107983226698,1.0,6.467584414406006,131.64432949366903,2236.1490384615386,1847.9567307692307,5.2341226753228725,2,106,26,10349.798577908487,0.0,0.6794871794871795,,0.0,0.0,0.0,1302.7695953810355,,,1416.894932105538,1655.1707385912343,1302.7695953810355,1332.8696244095997,962.0022679444662,1131.6252549719868
1092,raspberrypi,494.0,2023-09-17,17:20:01,Whole,491.2246506436331,1.0,2.856838485449909,67.15094936037762,2185.0,1564.25,1.6230646617581406,0,11,2,,0.02564102564102564,0.9743589743589743,,0.0,0.02564102564102564,0.02564102564102564,293.81461964754334,,,591.9588904334242,1641.7051851296176,293.81461964754334,352.8645244256353,49.62317923861871,124.73686456646607
1093,raspberrypi,495.0,2023-09-17,17:20:01,Whole,708.9731594161175,0.5,3.236089841802353,29.08566842912148,2283.3928571428573,2232.5714285714284,2.305526813108086,0,31,7,305.6337610665763,0.0,0.9615384615384616,,0.0,0.0,0.0,704.3966092707157,,,1264.924788591054,1474.9237440092984,704.3966092707157,864.0469309544267,524.1913861844205,332.0353354102051
1094,raspberrypi,525.0,2023-09-17,17:20:01,Whole,607.9913909761228,,4.58702156898051,,2077.5,1502.5,2.2399030217231863,0,6,1,,0.01282051282051282,0.9871794871794872,,0.0,0.01282051282051282,0.01282051282051282,227.59616608713128,,,533.8228276585621,1588.709897198813,227.59616608713128,320.884336304326,75.65743915244231,72.63395180964109
1095,raspberrypi,666.0,2023-09-17,17:20:01,Whole,609.9771856432683,,3.374091626156326,,2075.75,1501.25,2.2410476688436085,0,4,1,,0.01282051282051282,0.9871794871794872,,0.0,0.01282051282051282,0.01282051282051282,226.73483521611985,,,532.7885080436438,1588.0509656929466,226.73483521611985,320.5900273900009,76.75205112002506,70.53469664815113
1096,raspberrypi,106.0,2023-09-18,11:30:01,Whole,1212.7288822604262,,,,2761.75,915.0,,0,0,1,,0.0,1.0,,0.0,0.0,0.0,982.5876093073086,,,460.18065123573064,2489.061118154062,982.5876093073086,861.1233759702812,543.5840132462229,764.5041860086393
1097,raspberrypi,159.0,2023-09-18,11:30:01,Whole,480.10192309044766,1.0,3.684817887180565,15.3841594624672,2132.6484375,2057.8046875,1.2919131211762285,6,30,16,16.229895840960097,0.43243243243243246,0.5675675675675675,,0.0,0.43243243243243246,0.0,487.0243132032869,,,1086.521909990363,1375.866867216547,487.0243132032869,675.5656710921278,315.9393791229915,104.06604631614454
1098,raspberrypi,250.0,2023-09-18,11:30:01,Whole,856.5426595231017,,,,1032.5,1375.75,,0,0,1,,0.0,1.0,,0.0,0.0,0.0,818.8951655134631,,,1102.721999452381,1052.9452856993826,818.8951655134631,900.8009125295912,459.9398504391797,582.2607484706559
1099,raspberrypi,470.0,2023-09-18,11:30:01,Whole,829.8101984569294,,4.360739254360591,,1042.25,1433.375,3.174842311530361,0,3,2,,0.0,1.0,,0.0,0.0,0.0,805.0652196568672,,,1121.5410029409543,1001.7848458409111,805.0652196568672,895.5200265900557,477.3444235232053,575.7869347365659
1100,raspberrypi,482.0,2023-09-18,11:30:01,Whole,220.0118056538618,1.0,3.360329872716231,42.50760701976871,1633.015625,1649.421875,3.062168648067214,0,32,16,943.2223344138313,0.21621621621621623,0.5675675675675675,,0.0,0.21621621621621623,0.2702702702702703,313.57013728357026,,,831.0958485211434,1154.2922201379913,313.57013728357026,486.6996412345996,168.61354885085282,182.26544840020122
1101,raspberrypi,483.0,2023-09-18,11:30:01,Whole,439.2285574849186,0.0,3.3039589234070608,,2054.140625,2054.390625,0.24232493546597197,6,20,8,9.03565225144673e-27,0.21621621621621623,0.7837837837837838,,0.0,0.21621621621621623,0.0,462.5795677280862,,,1088.2906673148964,1303.1417627318492,462.5795677280862,660.4002920400176,228.97244953791835,98.57991903755226
1102,raspberrypi,491.0,2023-09-18,11:30:01,Whole,483.7811654547151,1.0,2.517036200066739,15.051993223490369,2293.25,1826.875,1.2851646355486221,0,4,2,,0.05405405405405406,0.9459459459459459,,0.0,0.05405405405405406,0.0,432.95722893741515,,,862.6446763226306,1610.5733883678472,432.95722893741515,549.8936397192392,309.9567573995325,173.64925110227907
1103,raspberrypi,493.0,2023-09-18,11:30:01,Whole,886.8413702427177,1.0,5.89918128258915,18.67073181651941,1581.8214285714287,839.3928571428571,3.9928608475969876,0,20,7,12.334528122731715,0.05405405405405406,0.8378378378378378,,0.0,0.05405405405405406,0.0,666.728294653109,,,424.92429261641604,1767.4489861934762,666.728294653109,638.2103744790518,219.80620484124557,200.36002252045324
1104,raspberrypi,494.0,2023-09-18,11:30:01,Whole,158.98377922101133,1.0,3.671963287275845,31.978297475428025,1752.2578125,1560.2890625,3.671963287275845,0,1,16,520.1710762092029,0.43243243243243246,0.5675675675675675,,0.0,0.43243243243243246,0.0,220.24527486885833,,,691.0652035234716,1300.3320155734166,220.24527486885833,403.10135876341985,250.01633421912257,67.52481257278454
1105,raspberrypi,683.0,2023-09-18,11:30:01,Whole,1227.9674840437033,,,,1786.25,2917.5,,0,0,1,,0.0,1.0,,0.0,0.0,0.0,1293.3891689908526,,,1976.7737114689996,991.4491192925439,1293.3891689908526,1473.769514962045,910.2629563315188,969.6399166215066
1106,raspberrypi,159.0,2023-09-17,21:10:01,Whole,580.1116900662804,,4.7950474537232095,,1788.25,1637.5,3.9818687820874494,0,2,1,,0.013157894736842105,0.9868421052631579,,0.0,0.013157894736842105,0.013157894736842105,218.87369313450512,,,743.8739545400315,1277.365255201233,218.87369313450512,412.5410510288639,175.8186643696233,123.57010357110089
1107,raspberrypi,392.0,2023-09-17,21:10:01,Whole,690.7321609811235,,1.5526095705198222,,2835.0,2252.25,1.5526095705198222,0,1,1,,0.0,1.0,,0.0,0.0,0.0,1091.4686005940164,,,1431.2357022838312,2014.8051000824148,1091.4686005940164,1165.5469488410597,880.3839292345768,788.5793786532757
1108,raspberrypi,470.0,2023-09-17,21:10:01,Whole,1933.3320460464377,,9.772046985238102,,701.5,754.75,9.772046985238102,0,1,1,,0.0,1.0,,0.0,0.0,0.0,1341.3336703104274,,,1306.5123545693705,1609.7751246966036,1341.3336703104274,1353.1276799185393,841.9850614425203,990.7632119388436
1109,raspberrypi,481.0,2023-09-17,21:10:01,Whole,1687.51202776777,1.0,8.842454691192778,134.5762789825892,961.6375,1032.3,11.824265768499234,0,28,20,8850.179463006223,0.0,0.7631578947368421,,0.0,0.0,0.0,1163.4822255563242,,,1241.6421039161523,1423.6141090316785,1163.4822255563242,1204.3120936533799,722.316399852421,872.2822418994333
1110,raspberrypi,485.0,2023-09-17,21:10:01,Whole,511.27922100567764,0.0,5.705924860359382,,2828.0583333333334,1951.7266666666667,3.903320935619643,0,47,75,0.07119755211311013,0.0,1.0,,0.0,0.0,0.0,939.8090606607859,,,1162.3912581146744,2071.266321667695,939.8090606607859,973.3122050537006,631.3348744526855,704.4966935224071
1111,raspberrypi,494.0,2023-09-17,21:10:01,Whole,257.45318485007584,1.0,6.350211874984341,7.29062607206498,2212.4285714285716,1966.9017857142858,3.137088950462583,0,23,14,9.469990291725663,0.18421052631578946,0.8157894736842105,,0.0,0.18421052631578946,0.0,454.2511967799545,,,994.9057366455094,1482.0453740921625,454.2511967799545,622.5634517119605,384.89657402970187,108.98303550933788
1112,raspberrypi,621.0,2023-09-17,21:10:01,Whole,1062.4063183880025,,6.964636157738916,,1622.0,986.5,5.953991835613569,0,2,1,,0.013157894736842105,0.9868421052631579,,0.0,0.013157894736842105,0.013157894736842105,520.814635007758,,,409.06236224238177,1660.5177570929945,520.814635007758,518.1610423681011,81.56800013476591,63.9767338210294
1113,raspberrypi,987.0,2023-09-17,21:10:01,Whole,512.7067280740365,1.0,4.362936167768046,144.9555211952963,2086.5,1573.875,4.294648607805795,0,12,11,1.9925574651342464e-26,0.11842105263157894,0.868421052631579,,0.02631578947368421,0.11842105263157894,0.07894736842105263,402.7923179984865,,,625.0637681862619,1602.676849519604,402.7923179984865,494.8548434031306,149.9463594854567,49.65809880365953
1114,raspberrypi,24.0,2023-09-17,19:15:01,Whole,408.6769189204921,,2.7430153287463948,,2101.75,1707.0,2.7430153287463948,0,1,1,,0.014925373134328358,0.9850746268656716,,0.0,0.014925373134328358,0.0,256.9560064394772,,,735.3869907362207,1495.651131688069,256.9560064394772,416.8859103128968,211.25423988072225,0.0
1115,raspberrypi,379.0,2023-09-17,19:15:01,Whole,1820.1618778444806,,9.459949371894911,,779.5,1209.25,9.459949371894911,0,1,1,,0.0,1.0,,0.0,0.0,0.0,1091.718554758792,,,1280.2513427669194,1162.0011188375204,1091.718554758792,1150.8031670357625,672.9047083956837,844.6206897301895
1116,raspberrypi,432.0,2023-09-17,19:15:01,Whole,459.08067114036135,,1.8658945693587023,,2740.25,2203.75,1.8658945693587023,0,1,1,,0.0,1.0,,0.0,0.0,0.0,988.2375067711362,,,1348.2432924296716,1929.0201092163647,988.2375067711362,1069.1880822835478,792.8017312039627,682.2537038895879
1117,raspberrypi,481.0,2023-09-17,19:15:01,Whole,780.6304231254701,,4.404373667965791,,1847.25,2249.5,4.404373667965791,0,1,1,,0.0,1.0,,0.0,0.0,0.0,628.2248639305296,,,1309.470799819291,1046.5418030679043,628.2248639305296,824.1194548893005,257.84009863413587,317.64571103497815
1118,raspberrypi,485.0,2023-09-17,19:15:01,Whole,98.3750336878527,0.5846153846153846,4.61830823449145,12.599485907150251,2537.251893939394,1826.8106060606058,3.573694498356093,0,4,66,96.31283155132387,0.0,0.43283582089552236,,0.0,0.0,0.0,637.982654468665,,,924.2323097176644,1836.8948186928972,637.982654468665,688.2296835128242,433.47196660819543,456.53264101888914
1119,raspberrypi,491.0,2023-09-17,19:15:01,Whole,906.6902583498488,,,,2279.0,934.75,,0,0,1,,0.0,0.9850746268656716,,0.014925373134328358,0.0,0.014925373134328358,629.4946193174836,,,14.438621845919414,2113.263831472068,629.4946193174836,525.560073015032,172.57726677980526,326.4204838791954
1120,raspberrypi,24.0,2023-09-17,21:50:01,Whole,135.9081304537495,,4.144592990160012,,2194.0,1249.5,4.024588715767296,0,2,1,,0.0125,0.9875,,0.0,0.0125,0.0125,371.2468026046268,,,277.6818424900136,1837.4165850566633,371.2468026046268,332.00854256906166,102.24905658998567,137.4594656149573
1121,raspberrypi,159.0,2023-09-17,21:50:01,Whole,266.66206799230224,1.0,5.471815484174514,100.46612294823886,2543.265625,1218.546875,3.600334784972425,0,20,8,4849.531371374246,0.0,0.9,,0.0125,0.0,0.0375,672.1012342849992,,,408.9536565718348,2138.048054276087,672.1012342849992,579.5311956188173,240.30559136166255,544.5244836453346
1122,raspberrypi,414.0,2023-09-17,21:50:01,Whole,1288.7645412606437,,7.108980918106849,,2893.75,2379.75,4.336366825467019,0,2,1,,0.0,1.0,,0.0,0.0,0.0,1214.5216621472955,,,1571.612915008381,2058.3551694847247,1214.5216621472955,1294.2257631513908,1020.2370426658158,899.3033328313485
1123,raspberrypi,482.0,2023-09-17,21:50:01,Whole,313.03735923663896,1.0,4.3700833294081605,35.03798425690891,2230.96484375,943.6796875,2.367620282184474,0,67,32,910.8660986107388,0.075,0.6,,0.3375,0.075,0.3125,604.5001733723528,,,53.65568676540315,2075.380911263147,604.5001733723528,511.3330828083972,144.51730942735992,299.6248726926385
1124,raspberrypi,485.0,2023-09-17,21:50:01,Whole,718.1194784782191,0.0379746835443038,6.154564384957529,2.358495283014151,2456.821875,515.909375,4.540042825443071,0,133,80,0.26159777205591517,0.0,0.9625,,0.0,0.0,0.0,1066.4301697354251,,,277.18561781935034,2540.1541919279425,1066.4301697354251,935.8929124394738,553.3271724435106,717.4399911131404
1125,raspberrypi,488.0,2023-09-17,21:50:01,Whole,734.8903339133653,1.0,4.702970212137886,56.03800877066239,2216.615566037736,1917.816037735849,5.636007505857611,0,85,53,1589.5111654095206,0.35,0.3375,,0.0,0.35,0.3125,516.9771561519152,,,970.51314100254,1515.846445121701,516.9771561519152,634.1715544794727,203.67741425514888,187.76956330777585
1126,raspberrypi,494.0,2023-09-17,21:50:01,Whole,779.8088373803748,1.0,5.483866029547174,35.36735772099544,2264.277027027027,1966.1283783783783,4.81751830307512,0,74,37,1971.182699570889,0.1625,0.575,,0.0,0.1625,0.0,567.0713944713805,,,1024.7906579023504,1540.0817382553182,567.0713944713805,686.1934109520195,285.05812953344645,287.8581582108744
1127,raspberrypi,496.0,2023-09-17,21:50:01,Whole,1281.5481280195745,,7.0845607762743095,,1052.0,1094.25,6.009640041327896,0,3,1,,0.0,1.0,,0.0,0.0,0.0,879.156276170747,,,987.4109341234725,1327.698530395455,879.156276170747,917.5800779082304,403.7198819094521,573.0004483353066
1128,raspberrypi,17.0,2023-09-18,08:15:01,Whole,947.2790067689274,,,,1899.25,1133.75,,0,0,1,,0.02127659574468085,0.9787234042553191,,0.0,0.02127659574468085,0.02127659574468085,328.92650335196,,,253.54345340779287,1707.9679850657783,328.92650335196,354.5274861634811,65.94590815949873,0.0
1129,raspberrypi,115.0,2023-09-18,08:15:01,Whole,1441.8102103017961,,5.828047996439378,,1045.75,1144.5,5.828047996439378,0,1,1,,0.0,1.0,,0.0,0.0,0.0,865.2401386289146,,,1006.4510294513364,1277.6759861418823,865.2401386289146,911.3690283870313,405.6329029888864,576.9585047716898
1130,raspberrypi,379.0,2023-09-18,08:15:01,Whole,323.10984353938966,,0.004302629767313156,,2242.0,2356.0,0.004302629767313156,1,1,1,,0.0,1.0,,0.0,0.0,0.0,794.6743167721263,,,1384.9528431580763,1413.0990672274813,794.6743167721263,960.6108957328943,573.1978615936501,422.24598115527937
1131,raspberrypi,486.0,2023-09-18,08:15:01,Whole,163.36358497503332,,,,2124.25,1884.75,,0,0,1,,0.02127659574468085,0.9787234042553191,,0.0,0.02127659574468085,0.0,344.1935106985824,,,911.9009336538602,1432.8044173029086,344.1935106985824,537.0822139295691,285.93725407235365,0.0
1132,raspberrypi,496.0,2023-09-18,08:15:01,Whole,559.6923163767839,1.0,4.695790683824362,6.568033972391771,2110.9333333333334,1483.85,4.38804641321337,0,3,15,0.03365630455372139,0.3191489361702128,0.6808510638297872,,0.0,0.3191489361702128,0.3191489361702128,249.25265165553165,,,512.2355763512714,1626.9676409656781,249.25265165553165,315.8490806176495,43.66953757071552,100.4311863603353
1133,raspberrypi,638.0,2023-09-18,08:15:01,Whole,823.911090722249,,,,2897.5,2437.5,,0,0,1,,0.0,1.0,,0.0,0.0,0.0,1254.356599537364,,,1625.5539609792622,2057.818986567271,1254.356599537364,1338.506778157062,1072.6572947695706,932.4739292595584
1134,raspberrypi,653.0,2023-09-18,08:15:01,Whole,323.29464908449114,,,,2239.25,2356.75,,0,0,1,,0.0,1.0,,0.0,0.0,0.0,794.2804301178164,,,1385.5530367625245,1410.272757300409,794.2804301178164,960.5617810682081,571.6465352015133,421.83095970101743
1135,raspberrypi,683.0,2023-09-18,08:15:01,Whole,960.3152626530292,,3.7161320475901163,,1794.5,2921.0,3.7161320475901163,0,1,1,,0.0,1.0,,0.0,0.0,0.0,1296.105877508953,,,1978.798370540623,1000.352462684679,1296.105877508953,1476.270980798649,914.1743696665538,971.1467288428033
1136,raspberrypi,726.0,2023-09-18,08:15:01,Whole,302.033400998916,,3.8712776418203387,,2463.0,2133.75,3.8712776418203387,0,1,1,,0.0,1.0,,0.0,0.0,0.0,737.1507908363459,,,1195.4811315991503,1671.8387331347953,737.1507908363459,856.9175491881293,639.6242928992164,403.2615792209235
1137,raspberrypi,893.0,2023-09-18,08:15:01,Whole,542.4002210897435,,,,2127.25,1499.5,,0,0,1,,0.02127659574468085,0.9787234042553191,,0.0,0.02127659574468085,0.02127659574468085,256.9211324892046,,,526.8066504036278,1630.645901616514,256.9211324892046,318.83368897147,30.383685385241947,118.37992649198735
1138,raspberrypi,896.0,2023-09-18,08:15:01,Whole,318.582836139265,0.0,4.38804641321337,,2233.269230769231,2353.096153846154,4.38804641321337,0,1,13,7.143847975299889e-26,0.0,1.0,,0.0,0.0,0.0,788.6235368086298,,,1381.5972942594901,1404.8483756644155,788.6235368086298,955.7010525801094,564.8525347025302,416.1753660767743
1139,raspberrypi,987.0,2023-09-18,08:15:01,Whole,323.6028696261294,0.0,1.8602173386787149,,2241.45,2356.616666666667,1.8602173386787149,1,2,15,0.00808484155419786,0.0,1.0,,0.0,0.0,0.0,795.0203155330709,,,1385.5386780799208,1412.4705437219204,795.0203155330709,961.0219849387033,573.1000882099141,422.57988248435396
1140,raspberrypi,485.0,2023-09-18,03:50:01,Whole,23.170553468696642,0.04054054054054054,3.1071876159700786,3.064198828957945,2662.3033333333333,1733.61,3.138145489539822,0,3,75,0.41817189816190437,0.0,0.96,,0.0,0.0,0.0,723.7475006194952,,,890.6872781393813,1986.3492918958166,723.7475006194952,730.7543274617299,359.11268066394916,545.2268457739088
1141,raspberrypi,493.0,2023-09-18,03:50:01,Whole,579.2207992659476,1.0,3.1071876159700786,26.63648335405651,2516.4166666666665,2317.75,3.138145489539822,0,3,3,1.433009058141045,0.0,0.9733333333333334,,0.0,0.0,0.0,905.8916603475525,,,1386.9692381306486,1690.1738253019073,905.8916603475525,1030.3765900640196,782.0433568424663,560.1701458224034
1142,raspberrypi,404.0,2023-09-18,05:55:01,Whole,609.9137861718655,,,,2881.75,2391.25,,0,0,1,,0.0,1.0,,0.0,0.0,0.0,1212.6834091332366,,,1576.953566310566,2045.4269387121176,1212.6834091332366,1294.6978493482088,1024.4793873936926,894.761247912791
1143,raspberrypi,493.0,2023-09-18,05:55:01,Whole,237.96935260144224,1.0,,44.09506137410952,2647.1617647058824,2032.2058823529412,,0,0,17,1081.1047665744156,0.0,0.2,,0.0,0.0,0.0,829.7047312412716,,,1154.9786835940133,1883.5787694572039,829.7047312412716,896.6926612432386,609.975696758915,520.1245137203803
1144,raspberrypi,731.0,2023-09-18,05:55:01,Whole,1651.448665660698,,,,1045.75,1145.5,,0,0,1,,0.0,1.0,,0.0,0.0,0.0,864.8761658943137,,,1006.7297981544441,1276.7156018762994,864.8761658943137,911.1567693846504,405.5973998461754,576.9466428608116
1145,raspberrypi,944.0,2023-09-18,05:55:01,Whole,2218.406258231909,,,,1296.5,50.5,,0,0,1,,0.0,1.0,,0.0,0.0,0.0,1497.449529288149,,,1005.2032689944567,2399.0040034659983,1497.449529288149,1423.880967959135,1036.3900977386522,1028.6490728465747
1146,raspberrypi,37.0,2023-09-18,14:35:01,Whole,1898.972477473972,,10.059697570473112,,1294.25,2954.5,8.649524130401055,0,2,1,,0.0,1.0,,0.0,0.0,0.0,1455.6721388702142,,,2149.2655792743826,550.1931390531247,1455.6721388702142,1636.5637500055202,1036.9532168442238,1173.4315036827306
1147,raspberrypi,106.0,2023-09-18,14:35:01,Whole,1086.5969735774738,,5.648425918316491,,2785.5,2545.0,2.097017618748395,0,3,1,,0.0,1.0,,0.0,0.0,0.0,1250.2146140114164,,,1682.5095087428158,1941.7774159210849,1250.2146140114164,1353.9597719922717,1123.6975351671126,907.4859618548203
1148,raspberrypi,159.0,2023-09-18,14:35:01,Whole,369.27053837444817,,6.5213410395882185,,2177.75,1400.125,3.9206212574575394,0,4,2,,0.02666666666666667,0.9733333333333334,,0.0,0.02666666666666667,0.02666666666666667,320.7288948978858,,,427.4724468657289,1732.8668395696368,320.7288948978858,331.13004912620715,59.50063028051355,133.57856505407784
1149,raspberrypi,470.0,2023-09-18,14:35:01,Whole,1893.032462581992,,8.909259057453477,,721.5,869.25,8.909259057453477,0,1,1,,0.0,1.0,,0.0,0.0,0.0,1267.7187797949687,,,1285.7157211523884,1496.3186516770352,1267.7187797949687,1290.02028515371,779.7064552408498,937.7323130856082
1150,raspberrypi,482.0,2023-09-18,14:35:01,Whole,987.1639537283601,1.0,7.662021771611643,191.90158096432273,2832.659090909091,1338.810606060606,7.971395982891808,0,40,33,26122.02518893306,0.013333333333333334,0.56,,0.12,0.013333333333333334,0.05333333333333334,1222.432775304478,,,941.8605839537071,2481.110560309267,1222.432775304478,1166.1371470824424,934.7986919994499,1096.1369558257056
1151,raspberrypi,483.0,2023-09-18,14:35:01,Whole,383.4280266225409,1.0,6.194117507400535,62.44266268773117,2311.0833333333335,1167.1666666666667,3.003688305863073,0,4,3,890.6402529324511,0.0,0.96,,0.0,0.0,0.04,496.834842497541,,,227.98344337734682,1980.1243953416645,496.834842497541,412.93996120932263,141.46818774826647,277.1049660143219
1152,raspberrypi,484.0,2023-09-18,14:35:01,Whole,813.2611512562266,1.0,5.485039010060971,83.73673977449889,2146.4761904761904,848.5386904761905,10.567753381981891,0,18,42,4903.422890449082,0.13333333333333333,0.44,,0.22666666666666666,0.13333333333333333,0.24,742.4405558144564,,,257.3897720818389,2109.562817868879,742.4405558144564,657.2144623392612,212.78689523123842,361.3137342049921
1153,raspberrypi,492.0,2023-09-18,14:35:01,Whole,1427.2180374937152,0.0,8.879535520093182,,3110.829166666667,2788.1625,10.567753381981891,0,40,30,0.009434791733639985,0.0,1.0,,0.0,0.0,0.0,1647.815803680431,,,2033.7298914087405,2275.8587780712096,1647.815803680431,1735.6018421152744,1482.7350132812733,1312.734243744867
1154,raspberrypi,496.0,2023-09-18,14:35:01,Whole,696.4699655064832,1.0,7.9002016357975915,70.3559760324904,2033.25,1032.013888888889,9.317654116155447,0,27,18,2615.7533646642974,0.12,0.7733333333333333,,0.10666666666666667,0.12,0.17333333333333334,522.4624933738489,,,223.90293430217392,1895.830489701526,522.4624933738489,479.65267558771774,70.41112364104218,191.28288697676882
1155,raspberrypi,987.0,2023-09-18,14:35:01,Whole,1482.9847347555635,,9.312260383920169,,1459.0,2542.25,8.622207510660417,0,3,1,,0.0,1.0,,0.0,0.0,0.0,1016.7841923763887,,,1705.3200304061404,615.7632057932383,1016.7841923763887,1200.2598959150687,593.1812447644627,734.3386474886979
1156,raspberrypi,106.0,2023-09-18,02:10:01,Whole,1549.9588448795437,,8.606740471859542,,1038.25,1374.75,8.606740471859542,0,1,1,,0.0,1.0,,0.0,0.0,0.0,813.5841277884371,,,1097.1222030290999,1055.7298631331364,813.5841277884371,895.4359176574142,454.2361647093963,576.5421434739372
1157,raspberrypi,404.0,2023-09-18,02:10:01,Whole,698.0037763853325,,3.336552113473648,,2976.625,1788.625,3.336552113473648,0,2,2,,0.0,1.0,,0.0,0.0,0.0,1030.1606444771944,,,1115.6807044480283,2261.5157901769317,1030.1606444771944,1022.8711382743811,640.7129223342056,855.3424804863569
1158,raspberrypi,470.0,2023-09-18,02:10:01,Whole,822.806178066076,,,,1613.75,2450.75,,0,0,1,,0.0,1.0,,0.0,0.0,0.0,875.1382040282002,,,1565.774747761428,777.8397346699592,875.1382040282002,1062.1975357475271,456.78679605184607,579.5154416472187
1159,raspberrypi,485.0,2023-09-18,02:10:01,Whole,621.2829969393024,1.0,3.598411891684619,13.935627301447445,2565.886363636364,1558.1818181818182,3.6192272856814482,0,11,11,0.1454784489349213,0.0,0.8405797101449275,,0.0,0.0,0.11594202898550725,615.8041425866128,,,690.7516461716114,1973.9589351306147,615.8041425866128,581.9734908123036,170.1584194660696,469.9884578139707
1160,raspberrypi,493.0,2023-09-18,02:10:01,Whole,225.210623480654,0.7424242424242424,5.180568159005936,14.356572954739535,2363.3033088235293,2264.3180147058824,3.5768038507006734,0,14,68,228.09278027235973,0.0,0.2898550724637681,,0.0,0.0,0.0,816.2864776581204,,,1330.0187377718016,1547.501878506972,816.2864776581204,952.9545215455719,703.6673776163086,469.34035575421285
1161,raspberrypi,470.0,2023-09-18,04:20:01,Whole,1925.914778164887,,10.423802908806293,,700.5,755.5,10.423802908806293,0,1,1,,0.0,1.0,,0.0,0.0,0.0,1341.7835931244133,,,1307.4767547653987,1608.9868935643915,1341.7835931244133,1353.687427953058,842.5652841140617,991.4509141404758
1162,raspberrypi,485.0,2023-09-18,04:20:01,Whole,93.31122640761005,0.1891891891891892,10.423802908806293,3.4355076666737276,2544.253289473684,1573.8256578947369,10.423802908806293,0,1,38,1.7122068473949907,0.0,0.02564102564102564,,0.0,0.0,0.9743589743589743,595.1469201382646,,,694.1219733785155,1947.1771321354372,595.1469201382646,567.4219317348,163.52652654097923,445.4442694611687
1163,raspberrypi,493.0,2023-09-18,04:20:01,Whole,1703.5051447138062,,,,750.0,1579.75,,0,0,1,,0.0,1.0,,0.0,0.0,0.0,1083.504768641854,,,1447.3250703741783,790.5461254485499,1083.504768641854,1184.6493513640169,802.1542378212125,881.9869488703789
1164,raspberrypi,17.0,2023-09-18,09:35:01,Whole,1690.0408558744198,,,,2959.25,2941.25,,0,0,1,,0.0,1.0,,0.0,0.0,0.0,1664.2976186870303,,,2114.4693167552323,2143.632762853669,1664.2976186870303,1771.1703645643913,1498.5637151199762,1311.4922822181175
1165,raspberrypi,110.0,2023-09-18,09:35:01,Whole,878.1868982362229,,4.911238589345098,,1057.75,1374.5,3.7290204123633344,0,2,1,,0.0,1.0,,0.0,0.0,0.0,795.1614748693091,,,1079.5543567752536,1062.3661583654075,795.1614748693091,877.3182767389819,436.1298696043128,557.0588092021121
1166,raspberrypi,115.0,2023-09-18,09:35:01,Whole,981.6998069780003,,9.952143789836638,,1042.75,1145.5,9.952143789836638,0,1,1,,0.0,1.0,,0.0,0.0,0.0,867.571848786585,,,1009.6108280111443,1275.8820813898262,867.571848786585,913.9247982136683,408.5956214535,579.9464551073738
1167,raspberrypi,159.0,2023-09-18,09:35:01,Whole,581.8636260106042,0.0,4.672162703650528,,1442.9464285714287,1985.4087301587301,6.9605252985832795,2,45,63,0.015650854392247712,0.0,1.0,,0.0,0.0,0.0,591.1023879770489,,,1214.016436814462,791.4042020570513,591.1023879770489,760.3712613716882,206.47934518965812,400.91771677239007
1168,raspberrypi,404.0,2023-09-18,09:35:01,Whole,1422.8222296148651,,10.327396782862401,,3119.75,2356.5,8.86852407359947,0,2,1,,0.0,1.0,,0.0,0.0,0.0,1381.2072534877439,,,1659.8937825272583,2285.522598798057,1381.2072534877439,1436.8048787399441,1128.728972978208,1091.1203035176866
1169,raspberrypi,425.0,2023-09-18,09:35:01,Whole,876.9887862481877,,7.754691034260252,,1059.0,1374.5,3.7231125763951707,0,2,1,,0.0,1.0,,0.0,0.0,0.0,793.9796258077505,,,1078.4373987990155,1062.7854519444618,793.9796258077505,876.1592433294567,434.97876882539896,555.8094149273029
1170,raspberrypi,481.0,2023-09-18,09:35:01,Whole,349.30899563346117,1.0,5.423318206068366,11.650593466643663,2224.625,1499.375,4.752640445309571,0,10,9,0.0,0.05405405405405406,0.8783783783783784,,0.0,0.05405405405405406,0.12162162162162163,325.0857377005573,,,529.3885155428584,1710.700993047765,325.0857377005573,334.61401893913126,0.0,197.9582282336828
1171,raspberrypi,483.0,2023-09-18,09:35:01,Whole,582.3686959438297,,3.448533735585985,,1442.375,1985.5,0.003348138125887302,2,4,2,,0.0,1.0,,0.0,0.0,0.0,591.5583783570448,,,1214.3934017562192,790.8885134888557,591.5583783570448,760.802990199795,207.0844909616817,401.52689926488904
1172,raspberrypi,494.0,2023-09-18,09:35:01,Whole,972.1383589890502,0.8157894736842105,8.002322760207258,95.85400127907981,2547.684375,1025.60625,7.200610282754067,0,35,40,11392.332021602675,0.0,0.4864864864864865,,0.28378378378378377,0.0,0.3108108108108108,837.8588997657989,,,374.8000041774397,2281.754013147275,837.8588997657989,745.3465236711171,189.36654233813306,355.7899228887591
1173,raspberrypi,495.0,2023-09-18,09:35:01,Whole,547.0936003926554,1.0,8.159094426010041,68.9465372589516,2304.375,1991.375,8.159094426010041,0,2,2,,0.0,0.9864864864864865,,0.0,0.0,0.0,532.3830201061309,,,1027.2765124961793,1560.0470607294383,532.3830201061309,674.7526129311912,455.0733950178544,200.01557354242212
1174,raspberrypi,621.0,2023-09-18,09:35:01,Whole,316.7671955949182,,4.623620587323696,,2176.5,1471.0,4.623620587323696,0,1,1,,0.013513513513513514,0.9864864864864865,,0.0,0.013513513513513514,0.013513513513513514,292.5980860018408,,,497.9062107250798,1687.2762613807063,292.5980860018408,315.7085766929193,0.0,160.44137073708765
1175,raspberrypi,482.0,2023-09-17,19:35:01,Whole,341.0396337555631,1.0,,38.75811106647573,2254.25,1620.5625,,0,0,4,1011.9007398380969,0.23529411764705882,0.7647058823529411,,0.0,0.23529411764705882,0.23529411764705882,348.55646267854837,,,653.1483786710709,1671.152729676985,348.55646267854837,403.26886364336605,115.15557074722382,155.3575559442133
1176,raspberrypi,496.0,2023-09-17,19:35:01,Whole,212.03215625021727,1.0,,53.930671200939514,2438.3173076923076,1215.5192307692307,,0,0,13,1404.705563253986,0.0,0.29411764705882354,,0.23529411764705882,0.0,0.5882352941176471,594.1040403143872,,,334.37254437134317,2058.044985514231,594.1040403143872,505.96995267074254,141.89490458471255,393.87905184527096
1177,raspberrypi,481.0,2023-09-18,15:10:01,Whole,1499.269631664031,1.0,9.260032872489214,142.58019084296876,987.25,1714.138888888889,9.262459966568557,0,9,9,11561.275133351546,0.0,0.8961038961038961,,0.0,0.0,0.0,926.6115080160871,,,1360.134475975284,770.7537233214921,926.6115080160871,1045.821738590143,645.3597061384155,748.1883779248373
1178,raspberrypi,482.0,2023-09-18,15:10:01,Whole,750.9806518335276,1.0,7.288757382109554,253.441945486162,2141.419117647059,1043.5735294117646,2.489511585139984,0,19,17,16086.223883290793,0.025974025974025976,0.7792207792207793,,0.0,0.025974025974025976,0.025974025974025976,867.616603939539,,,617.3490005444818,1972.0801473103459,867.616603939539,828.6296554328022,396.00119359245616,612.8155323050951
1179,raspberrypi,484.0,2023-09-18,15:10:01,Whole,685.5590625730428,1.0,5.639916036536649,9.38416218956173,2028.8125,1637.5,4.988102410339146,0,5,4,,0.05194805194805195,0.948051948051948,,0.0,0.05194805194805195,0.012987012987012988,231.34866395902412,,,682.61700186929,1477.6624752356122,231.34866395902412,395.54024448115035,243.2909140329446,9.068733336847238
1180,raspberrypi,488.0,2023-09-18,15:10:01,Whole,297.5044028312574,0.7631578947368421,7.748717579585497,11.813563154154243,2453.0016233766232,784.0551948051948,5.904331971321194,0,36,77,86.77449138154643,0.0,0.0,,0.987012987012987,0.0,0.0,848.3191205277877,,,148.9794196489661,2343.3917735842415,848.3191205277877,725.3585199848225,397.17073651098485,558.3410410972435
1181,raspberrypi,492.0,2023-09-18,15:10:01,Whole,1972.8664610862886,,10.918611307490654,,3110.3333333333335,2788.25,10.776095548861983,0,3,3,,0.0,1.0,,0.0,0.0,0.0,1647.5325622466737,,,2033.5923341605655,2275.3721499495846,1647.5325622466737,1735.3623979354543,1482.5505237215607,1312.3974854551898
1182,raspberrypi,498.0,2023-09-18,15:10:01,Whole,1706.7740213369552,,10.968018694028064,,1167.0,2316.0,10.267521782481248,0,2,1,,0.0,1.0,,0.0,0.0,0.0,999.8431017090819,,,1641.2194339857717,383.0583539775951,999.8431017090819,1169.6005762280424,602.8381668455017,785.8970529129974
1183,raspberrypi,626.0,2023-09-18,15:10:01,Whole,751.3043643982235,,5.33786047183614,,2144.5,1749.0,5.33786047183614,0,1,1,,0.012987012987012988,0.987012987012987,,0.0,0.012987012987012988,0.0,293.74057066576796,,,775.7211776597537,1512.0519911197257,293.74057066576796,449.8455928598394,236.6152178731652,30.53976779723409
1184,raspberrypi,968.0,2023-09-18,15:10:01,Whole,1579.781492766831,,9.54403338401956,,704.25,1268.5,9.54403338401956,0,1,1,,0.0,1.0,,0.0,0.0,0.0,1150.390686894843,,,1369.1607706400093,1096.7232765080569,1150.390686894843,1216.8552918271282,753.2669438341347,918.1125997637779
1185,raspberrypi,159.0,2023-09-18,12:20:01,Whole,806.5873795064117,1.0,3.245281854767034,27.82647120998277,1797.625,1909.25,3.245281854767034,0,1,2,,0.038461538461538464,0.9615384615384616,,0.0,0.038461538461538464,0.038461538461538464,333.42993646920394,,,993.920708745315,1131.1115572507654,333.42993646920394,540.0419323076218,0.0,39.361332720830134
1186,raspberrypi,425.0,2023-09-18,12:20:01,Whole,1114.6103811204114,,,,1042.75,1145.0,,0,0,1,,0.0,1.0,,0.0,0.0,0.0,867.753268754158,,,1009.4716903354533,1276.3625356232035,867.753268754158,914.0305852630121,408.6130273447047,579.9522004959479
1187,raspberrypi,481.0,2023-09-18,12:20:01,Whole,363.2385509597013,1.0,4.550354716483183,61.50897350187477,2311.887931034483,1397.8706896551723,3.394507883827659,0,37,29,1645.0594117033254,0.15384615384615385,0.4423076923076923,,0.1346153846153846,0.15384615384615385,0.34615384615384615,475.257778373117,,,459.10331399837617,1854.5203136646471,475.257778373117,457.8946116389996,151.75696296622328,245.17529171079198
1188,raspberrypi,482.0,2023-09-18,12:20:01,Whole,842.3522190137079,,6.5523553558206125,,1359.75,1457.875,5.480323919994313,0,2,2,,0.019230769230769232,0.9807692307692307,,0.0,0.019230769230769232,0.019230769230769232,509.16416051445566,,,872.0277687041456,1126.7427604903476,509.16416051445566,624.6060779653731,266.2611796703232,260.5218430712456
1189,raspberrypi,484.0,2023-09-18,12:20:01,Whole,502.6974116921753,1.0,4.023842686377398,71.91317541379223,2160.3776041666665,967.3723958333334,4.47178113238969,1,38,48,5966.804172661772,0.28846153846153844,0.09615384615384616,,0.5,0.28846153846153844,0.46153846153846156,688.9187988261147,,,266.00296321456534,2050.88033069576,688.9187988261147,614.4164351194484,200.3422755009972,267.3037954960656
1190,raspberrypi,491.0,2023-09-18,12:20:01,Whole,572.8473851746106,,,,1741.5,1581.75,,0,0,1,,0.019230769230769232,0.9807692307692307,,0.0,0.019230769230769232,0.0,226.51429910754428,,,714.8694955237429,1277.9542295542535,226.51429910754428,411.75163539800207,227.20374375028356,86.25149796715593
1191,raspberrypi,496.0,2023-09-18,12:20:01,Whole,433.8933886948621,1.0,4.069586463798963,81.03630402082516,2043.2083333333333,1602.5416666666667,3.250207806428261,0,12,6,2537.8863716388305,0.11538461538461539,0.8846153846153846,,0.0,0.11538461538461539,0.07692307692307693,224.34763752971472,,,639.5301899370862,1503.6487195315894,224.34763752971472,364.17056265597876,162.0877079887336,25.418431806343982
1192,raspberrypi,628.0,2023-09-18,12:20:01,Whole,442.63217380204327,,2.822401813251533,,1990.25,776.75,0.1786685143481225,1,2,1,,0.0,0.9807692307692307,,0.019230769230769232,0.0,0.019230769230769232,663.5835072599942,,,22.28054220284443,2042.3701703585903,663.5835072599942,576.7710266442238,116.96235850950724,227.84264441589085
1193,raspberrypi,17.0,2023-09-18,14:20:01,Whole,1203.245915495069,,8.526045530142726,,1780.0,2764.5,6.878282844435282,0,2,1,,0.0,1.0,,0.0,0.0,0.0,1142.5516654733192,,,1827.4842459351894,951.26046341344,1142.5516654733192,1325.5755931589013,757.1381986535575,823.3218963527167
1194,raspberrypi,110.0,2023-09-18,14:20:01,Whole,999.544231465305,,6.327050391149986,,1070.5,1857.75,4.713091645385255,0,2,1,,0.0,1.0,,0.0,0.0,0.0,833.9000141422408,,,1350.1951997987348,629.4398922401267,833.9000141422408,974.4368357319499,571.1069301321814,692.6049977316086
1195,raspberrypi,414.0,2023-09-18,14:20:01,Whole,1545.0848986520655,,10.757095347550145,,1290.25,2943.0,9.439304388511776,0,4,1,,0.0,1.0,,0.0,0.0,0.0,1446.8778221656955,,,2140.121322015275,541.072945375661,1446.8778221656955,1627.7373812273595,1027.9677897041647,1165.2756597440934
1196,raspberrypi,481.0,2023-09-18,14:20:01,Whole,764.2873412214764,0.42105263157894735,9.019119351103534,6.750146115932772,2245.128205128205,853.9262820512821,6.405043916870078,0,66,39,26.973900947172552,0.0,0.4507042253521127,,0.5492957746478874,0.0,0.5492957746478874,676.591882883063,,,0.0,2147.7049332484885,676.591882883063,568.9118481859115,173.68504902850952,339.06336419835276
1197,raspberrypi,484.0,2023-09-18,14:20:01,Whole,81.92304189524138,1.0,7.27967321524403,27.173128092298814,2009.2916666666667,1659.7291666666667,6.530456099786709,0,8,6,4.1093962393612395,0.08450704225352113,0.9154929577464789,,0.0,0.08450704225352113,0.014084507042253521,212.02614232218093,,,699.9741273662812,1442.7171723519498,212.02614232218093,387.40137436462345,233.7996485533701,0.0
1198,raspberrypi,486.0,2023-09-18,14:20:01,Whole,912.6854969563228,1.0,7.07441429891031,102.44302662073731,1298.75,1114.9955357142858,5.020272398217637,0,54,28,5346.177754626204,0.11267605633802817,0.6197183098591549,,0.0,0.11267605633802817,0.07042253521126761,737.2940302217745,,,856.6062549276236,1450.999293706886,737.2940302217745,796.9421478619752,340.6694912942602,406.05224378925533
1199,raspberrypi,492.0,2023-09-18,14:20:01,Whole,1612.496626881651,0.0,10.79269366361081,,3111.871794871795,2786.560897435898,10.939722581198247,0,67,39,0.07296509093860727,0.0,1.0,,0.0,0.0,0.0,1647.4054114144678,,,2032.7443095874444,2276.762238959607,1647.4054114144678,1735.021787076969,1481.7366360747596,1312.5796310167484
1200,raspberrypi,496.0,2023-09-18,14:20:01,Whole,1020.1162190407127,1.0,8.678640320131427,102.31454262589418,1356.948717948718,1402.1923076923076,10.193670206647738,0,31,39,3851.918655233359,0.04225352112676056,0.4507042253521127,,0.056338028169014086,0.04225352112676056,0.15492957746478872,852.1341871651056,,,979.222565258441,1202.6244156054593,852.1341871651056,911.6130864874418,434.40820055570447,467.15706426864364
1201,raspberrypi,524.0,2023-09-18,14:20:01,Whole,1563.5048386023584,,9.399817714794834,,709.5,755.75,1.7082073637310746,0,4,1,,0.0,1.0,,0.0,0.0,0.0,1334.0937173854636,,,1298.474754841731,1609.106081275072,1334.0937173854636,1345.6685920713433,834.3375911626714,982.8980583874286
1202,raspberrypi,470.0,2023-09-18,08:20:01,Whole,58.15093507416712,1.0,,116.30187014833425,712.625,811.375,,0,0,2,,0.0,0.5,,0.0,0.0,0.0,1303.855991468437,,,1294.9891533352024,1553.7299622220103,1303.855991468437,1320.8024371749323,810.0221910164225,963.3423489749672
1203,raspberrypi,49.0,2023-09-18,15:25:02,Whole,211.5427917732123,,5.378624510325701,,2441.0,1711.75,2.052450191171752,0,4,1,,0.0,1.0,,0.0,0.0,0.0,519.2838727719693,,,782.4524621717958,1793.072923367803,519.2838727719693,555.1354114684211,222.9258991039857,323.55587795373486
1204,raspberrypi,106.0,2023-09-18,15:25:02,Whole,1468.0829457116174,,7.189894893490496,,1060.0,1973.25,6.368065553899033,0,2,1,,0.0,1.0,,0.0,0.0,0.0,887.7084843980878,,,1439.2966026955407,527.233688344998,887.7084843980878,1036.1081254240949,582.7397891531323,772.8075416337874
1205,raspberrypi,110.0,2023-09-18,15:25:02,Whole,1160.5194475316762,,7.690819011874608,,1792.25,1590.25,5.71309845538333,0,6,2,,0.0,1.0,,0.0,0.0,0.0,1050.11197301358,,,1111.7772206718826,1337.1883099365482,1050.11197301358,1067.1134138546843,657.0093002016476,888.2097348538634
1206,raspberrypi,481.0,2023-09-18,15:25:02,Whole,247.58751002310115,1.0,5.287667888912669,27.555226131151883,2259.4651162790697,1591.4796511627908,4.43216718917083,0,93,43,727.9434746409449,0.3116883116883117,0.44155844155844154,,0.0,0.3116883116883117,0.4675324675324675,362.5509681394606,,,627.6259743383321,1694.0909046783686,362.5509681394606,406.98238273557325,127.05906989595331,185.01999421762434
1207,raspberrypi,482.0,2023-09-18,15:25:02,Whole,1125.1432112075702,1.0,6.325764469139568,360.34276718856177,2591.0375,490.9875,2.830710219311828,0,25,10,35613.4139017512,0.0,0.8831168831168831,,0.0,0.0,0.0,1257.5006135147432,,,599.1445289289778,2690.2419711160446,1257.5006135147432,1135.4845609446795,768.2892934813306,960.6340497429426
1208,raspberrypi,486.0,2023-09-18,15:25:02,Whole,544.3230997200942,1.0,6.429367846784407,35.07321417389418,2258.85,1052.475,3.631368999310286,0,44,20,413.28599932658835,0.0,0.7532467532467533,,0.22077922077922077,0.0,0.19480519480519481,589.9039800334397,,,137.18093952209136,2034.1940430215836,589.9039800334397,509.993959660108,114.09127488957411,280.31049311742515
1209,raspberrypi,488.0,2023-09-18,15:25:02,Whole,1025.699582956045,1.0,4.141199176664456,22.739008333698283,3272.75,888.125,4.141199176664456,0,2,2,,0.0,0.987012987012987,,0.0,0.0,0.0,1432.2106389168691,,,966.0547562238082,2922.297278085496,1432.2106389168691,1318.8256645322394,962.8424005869487,1259.5659887062784
1210,raspberrypi,492.0,2023-09-18,15:25:02,Whole,1443.7924725652424,0.0,9.457450661305922,,3116.6658653846152,2780.9735576923076,7.914710770643008,0,113,52,0.015707479598216778,0.0,1.0,,0.0,0.0,0.0,1646.7996081644183,,,2029.8241406686236,2281.075854224532,1646.7996081644183,1733.7312416882196,1479.2126245299175,1312.6231913295792
1211,raspberrypi,496.0,2023-09-18,15:25:02,Whole,1058.7076948475474,1.0,6.876872451957951,88.20036665101068,2245.8257575757575,613.7045454545455,5.539806841866708,0,119,66,7423.112111522496,0.05194805194805195,0.15584415584415584,,0.33766233766233766,0.05194805194805195,0.1038961038961039,1024.8572541241292,,,399.08451447473726,2353.536557368353,1024.8572541241292,923.8313934320171,449.90249135816737,616.9349667451346
1212,raspberrypi,498.0,2023-09-18,15:25:02,Whole,930.9845473025907,1.0,9.1364265804704,12.8925166366882,1715.4807692307693,2071.730769230769,7.960205097935492,0,26,13,99.0670767217529,0.09090909090909091,0.8311688311688312,,0.0,0.09090909090909091,0.16883116883116883,499.15858547036163,,,1175.066853182155,983.5452561382125,499.15858547036163,688.3347946896688,67.63757902724697,184.9937016469329
1213,raspberrypi,159.0,2023-09-18,14:40:01,Whole,573.7569533417179,,4.936606189812504,,1963.0,1801.75,4.936606189812504,0,1,1,,0.0136986301369863,0.9863013698630136,,0.0,0.0136986301369863,0.0136986301369863,241.13017728375112,,,847.5129556392678,1328.0327276018581,241.13017728375112,461.91170027069677,148.17713319033308,0.0
1214,raspberrypi,481.0,2023-09-18,14:40:01,Whole,394.282362513102,0.9305555555555556,6.949700730328203,17.361075256587128,2198.4109589041095,864.1352739726027,6.365036226131514,0,43,73,282.995287627915,0.0,0.0,,1.0,0.0,0.9863013698630136,646.8538799456227,,,1.9289312035884434,2108.7152191854607,646.8538799456227,543.8789964525492,129.0346125175385,294.2875845384462
1215,raspberrypi,482.0,2023-09-18,14:40:01,Whole,1490.3606868970155,1.0,7.752111983574139,6.976564879393598,2420.472222222222,2705.7638888888887,6.01204381971691,0,14,9,11.807369981270613,0.0,0.8904109589041096,,0.0,0.0,0.0,1184.6421169481412,,,1750.6639899609372,1581.1566553390924,1184.6421169481412,1332.1883186949615,948.4567134412123,814.8368102910441
1216,raspberrypi,484.0,2023-09-18,14:40:01,Whole,232.72550479319239,,6.064384706517241,,1954.5,1419.0,3.2295428114154063,0,3,1,,0.0136986301369863,0.9863013698630136,,0.0,0.0136986301369863,0.0136986301369863,191.76462563028244,,,479.2281121391674,1545.3266025516693,191.76462563028244,318.4155364500399,184.91305518278932,0.0
1217,raspberrypi,486.0,2023-09-18,14:40:01,Whole,1046.9673861942028,1.0,6.053858249974214,68.94857732733816,1418.0083333333334,2029.2,5.9687873643049425,0,28,15,1303.9594647567951,0.0,0.8082191780821918,,0.0,0.0,0.1095890410958904,641.6278945572252,,,1266.660320745387,748.9655573588602,641.6278945572252,811.6061354322832,167.92635256721033,361.55818440558767
1218,raspberrypi,492.0,2023-09-18,14:40:01,Whole,1835.921364371546,0.0,9.779389574400897,,3110.7083333333335,2788.2083333333335,10.187040889114241,0,13,6,0.00868055555555556,0.0,1.0,,0.0,0.0,0.0,1647.7642005369094,,,2033.7184294509536,2275.742271946549,1647.7642005369094,1735.5622504880562,1482.4922627066437,1312.737454542995
1219,raspberrypi,496.0,2023-09-18,14:40:01,Whole,1049.402910372457,1.0,3.9657380089851824,305.23910261011724,1819.1944444444443,357.90277777777777,4.254242637691424,0,9,9,29286.59866459469,0.0,0.8904109589041096,,0.0,0.0,0.0,1160.638487575239,,,593.6211824274067,2325.305212224676,1160.638487575239,1073.5080888553093,637.5155580856444,665.0516338493292
1220,raspberrypi,731.0,2023-09-18,14:40:01,Whole,1074.611464980461,,5.2618073539713235,,1042.25,1145.75,4.372867709749912,0,2,1,,0.0,1.0,,0.0,0.0,0.0,867.9306912297179,,,1010.1606727824683,1275.5034588191133,867.9306912297179,914.3334627522927,409.0868141654926,580.4436748838384
1221,raspberrypi,987.0,2023-09-18,14:40:01,Whole,1450.2792985018928,,6.983654577539421,,1458.75,2542.5,2.9071053541981855,0,3,1,,0.0,1.0,,0.0,0.0,0.0,1017.1122964965161,,,1705.6457330011506,615.5030385157322,1017.1122964965161,1200.5828974949798,593.5110355741358,734.6837067844605
1222,raspberrypi,17.0,2023-09-18,04:00:01,Whole,694.8652838966126,,4.873114323578579,,2371.5,2411.5,3.3365193717288486,0,4,2,,0.0,1.0,,0.0,0.0,0.0,901.0889529801685,,,1452.467018982356,1535.3773734439064,901.0889529801685,1050.2191350349108,708.0721317315276,532.7088063532856
1223,raspberrypi,404.0,2023-09-18,04:00:01,Whole,565.4857240545773,,4.280102242007985,,2976.625,1788.5,1.2651233157393096,0,4,2,,0.0,1.0,,0.0,0.0,0.0,1030.1347653573516,,,1115.5854043043387,2261.5556241669137,1030.1347653573516,1022.8241885315189,640.6481686762559,855.3554421544807
1224,raspberrypi,447.0,2023-09-18,04:00:01,Whole,739.961624354184,0.0,5.088581040425047,,1747.5916666666667,1399.6333333333334,1.7610280473664106,0,31,15,0.007035191201394543,0.20270270270270271,0.7972972972972973,,0.0,0.20270270270270271,0.0,221.1131595877072,,,557.0055853261637,1409.327632659875,221.1131595877072,373.2354517054461,196.43483664723402,0.0
1225,raspberrypi,485.0,2023-09-18,04:00:01,Whole,379.4938103264285,0.0,5.568707469217334,,2753.7118055555557,1890.2534722222222,4.093603539208813,0,58,72,0.01726082410011265,0.0,1.0,,0.0,0.0,0.0,850.8635546800351,,,1072.0117796828174,2017.9883706328878,850.8635546800351,881.888003108453,536.2543812608237,627.4686820892291
1226,raspberrypi,486.0,2023-09-18,04:00:01,Whole,415.20446584221486,0.5405405405405406,4.700808334120486,4.4103922753418825,2082.2730263157896,1470.4407894736842,4.045626774984564,0,54,38,8.93365155255704,0.5135135135135135,0.4864864864864865,,0.0,0.5135135135135135,0.5135135135135135,233.0730078734479,,,501.4542547576043,1611.806816288775,233.0730078734479,311.9606034205875,60.11516536483825,66.92924628783328
1227,raspberrypi,496.0,2023-09-18,04:00:01,Whole,401.87735043626856,,,,2024.0,1627.5,,0,0,1,,0.013513513513513514,0.9864864864864865,,0.0,0.013513513513513514,0.013513513513513514,208.0834711366954,,,665.128375169003,1472.6369400319677,208.0834711366954,371.11541920430636,191.36950921654756,0.0
1228,raspberrypi,524.0,2023-09-18,04:00:01,Whole,1884.1792000798046,,11.687862901138962,,733.25,869.5,11.687862901138962,0,1,1,,0.0,1.0,,0.0,0.0,0.0,1257.3883276099848,,,1273.980318073144,1496.736196900272,1257.3883276099848,1279.3073618182018,768.546312038903,926.3038311895723
1229,raspberrypi,683.0,2023-09-18,04:00:01,Whole,1348.8840735247884,,7.437083779284288,,1791.25,2913.75,7.25411159810131,0,2,1,,0.0,1.0,,0.0,0.0,0.0,1289.2049110361531,,,1972.213075434164,995.1954610946234,1289.2049110361531,1469.546746037281,906.7623933462071,964.830505063902
1230,raspberrypi,17.0,2023-09-18,11:25:01,Whole,509.8164438378449,,2.716055786881122,,1826.5,1597.25,2.716055786881122,0,1,1,,0.02,0.98,,0.0,0.02,0.0,197.49332727303388,,,691.6243844883163,1332.4438416666696,197.49332727303388,388.43350457862823,223.65883859236968,89.79396218721321
1231,raspberrypi,470.0,2023-09-18,11:25:01,Whole,1701.2648420634837,,11.170582040461033,,696.75,756.5,11.170582040461033,0,1,1,,0.0,1.0,,0.0,0.0,0.0,1344.418682814672,,,1311.177512294803,1607.8469246525979,1344.418682814672,1356.5627212983977,845.5254372266185,994.6453635405383
1232,raspberrypi,481.0,2023-09-18,11:25:01,Whole,581.0784761860126,1.0,,13.857534051915586,2150.375,1936.375,,0,0,3,0.0,0.06,0.94,,0.0,0.06,0.0,394.525923036469,,,963.0767757041837,1435.8238307625486,394.525923036469,581.4951613428641,312.2567220354821,34.62043232201238
1233,raspberrypi,483.0,2023-09-18,11:25:01,Whole,607.2736921186998,0.875,2.240417515563675,14.252067940374015,2350.027777777778,1973.8055555555557,1.655017180484466,0,6,9,136.9435749705584,0.02,0.84,,0.0,0.02,0.0,553.352144419217,,,1016.708823398083,1608.7313375648253,553.352144419217,681.0106990693743,463.6947420351016,248.51555348284506
1234,raspberrypi,484.0,2023-09-18,11:25:01,Whole,156.48472478580774,,2.064786758257375,,2162.25,1470.0,1.3268519131124528,0,2,1,,0.02,0.98,,0.0,0.02,0.02,282.9105694186008,,,496.6464470793256,1676.2890560594394,282.9105694186008,312.69558095361185,0.0,146.18977475673643
1235,raspberrypi,488.0,2023-09-18,11:25:01,Whole,616.2469385023321,1.0,5.8896045690148044,73.81522530112996,2376.760135135135,1110.418918918919,5.00033901552505,0,12,37,3899.394656993235,0.02,0.26,,0.2,0.02,0.16,759.1181520083973,,,445.8546185612901,2121.1803734637865,759.1181520083973,708.0106981677151,313.42121897611867,478.9738491950149
1236,raspberrypi,491.0,2023-09-18,11:25:01,Whole,279.17629950669345,1.0,1.5024826704187533,23.0159459188501,2327.025,1646.075,1.655017180484466,0,6,5,207.12581128075666,0.0,0.9,,0.0,0.0,0.1,409.95128089827125,,,690.086023374279,1721.6483475954767,409.95128089827125,450.2557540613101,145.16281764346064,217.41231288232132
1237,raspberrypi,493.0,2023-09-18,11:25:01,Whole,955.0199785075928,,4.683057130943098,,1338.0,1234.5,4.683057130943098,0,1,1,,0.0,0.98,,0.0,0.0,0.02,574.2608599861545,,,766.2820962147289,1303.7789572640406,574.2608599861545,631.230139508903,124.33526121756351,291.41911294936955
1238,raspberrypi,494.0,2023-09-18,11:25:01,Whole,131.0912396072136,1.0,4.988723317773964,33.6315549791277,2231.3055555555557,1487.8333333333333,5.055249039819933,0,9,9,857.5497253553265,0.04,0.82,,0.0,0.04,0.18,333.444548812214,,,520.6604053639757,1722.6831234677722,333.444548812214,336.9921977612673,0.0,227.10357422264468
1239,raspberrypi,621.0,2023-09-18,11:25:01,Whole,588.2692268389549,,,,1979.0,1874.25,,0,0,1,,0.02,0.98,,0.0,0.02,0.02,284.63020377994724,,,915.9234866574443,1307.0609274883184,284.63020377994724,508.5561566712894,142.4013092510743,0.0
1240,raspberrypi,159.0,2023-09-18,07:40:01,Whole,903.9794738021544,,5.109350226734108,,1374.125,1415.25,5.109350226734108,0,2,2,,0.0,1.0,,0.0,0.0,0.0,497.1525035526077,,,831.4343821423299,1165.6473505165795,497.1525035526077,601.1454083685505,205.23610737845902,240.9630670775017
1241,raspberrypi,190.0,2023-09-18,07:40:01,Whole,559.821269163266,,,,2254.75,1361.25,,0,0,1,,0.0,0.9736842105263158,,0.0,0.0,0.02631578947368421,372.98877371179293,,,396.5746416120381,1815.2392407096852,372.98877371179293,320.4082096247419,0.0,224.6574497929449
1242,raspberrypi,493.0,2023-09-18,07:40:01,Whole,92.56046858207996,0.4444444444444444,5.588505898505647,25.43003608329067,2127.5405405405404,779.8885135135135,5.118755452456207,0,3,37,3468.053796067123,0.02631578947368421,0.02631578947368421,,0.9736842105263158,0.02631578947368421,0.9736842105263158,695.0404185856518,,,3.931127360582309,2125.796214396886,695.0404185856518,593.0304311419293,152.80115835233556,307.55728706239796
1243,raspberrypi,657.0,2023-09-18,07:40:01,Whole,1107.834985425158,,6.0676615702771866,,1004.0,1147.75,6.0676615702771866,0,1,1,,0.0,1.0,,0.0,0.0,0.0,901.7378827923304,,,1047.4856581851272,1263.4435615654547,901.7378827923304,949.3171265230269,447.2571132966751,618.6733685195627
1244,raspberrypi,159.0,2023-09-18,08:45:02,Whole,986.7822262735045,0.0,5.849342460420183,,1280.3869047619048,1811.267857142857,6.845994315009859,0,22,21,0.014847538436402163,0.0,1.0,,0.0,0.0,0.0,634.381120381432,,,1170.839536568755,790.6637640265309,634.381120381432,784.112112599483,369.53561000355523,500.80996278572263
1245,raspberrypi,481.0,2023-09-18,08:45:02,Whole,412.8285800786892,,3.4765585326844035,,2170.75,1497.5,3.4765585326844035,0,1,1,,0.013513513513513514,0.9864864864864865,,0.0,0.013513513513513514,0.013513513513513514,285.77543109105005,,,524.2584621336018,1667.2719482201098,285.77543109105005,320.54451818463457,0.0,159.77888920217237
1246,raspberrypi,482.0,2023-09-18,08:45:02,Whole,256.8004847872023,0.6428571428571429,5.26295676321843,2.5929373755857057,2103.116666666667,1356.8666666666666,2.686759717143846,0,17,15,0.874107086724922,0.20270270270270271,0.7972972972972973,,0.0,0.20270270270270271,0.20270270270270271,269.02730811792156,,,386.2747593943752,1698.7902319602654,269.02730811792156,300.3542091418499,59.505656285471716,92.24952646373634
1247,raspberrypi,486.0,2023-09-18,08:45:02,Whole,344.6534238668791,0.7397260273972602,5.512667511204821,5.231986361037283,2164.449324324324,828.8513513513514,3.743231146929837,0,43,74,8.994016178504433,0.0,0.0,,1.0,0.0,1.0,662.7227615653768,,,0.0,2112.101342088281,662.7227615653768,559.8962238291242,127.16695284299382,292.6116994490196
1248,raspberrypi,621.0,2023-09-18,08:45:02,Whole,404.60282415279255,1.0,3.64159465717756,5.38838772010907,2064.55,1521.85,3.7075850831869763,0,5,5,1.2123529935798598e-25,0.06756756756756757,0.9324324324324325,,0.0,0.06756756756756757,0.06756756756756757,221.7958832241834,,,555.4030449405735,1566.797225052816,221.7958832241834,328.25312188079886,113.96951723919786,62.34913351448172
1249,raspberrypi,683.0,2023-09-18,08:45:02,Whole,1806.5669914054583,,9.5747517589221,,1792.25,2921.75,8.232021657997212,0,2,1,,0.0,1.0,,0.0,0.0,0.0,1297.0507246883824,,,1979.9219365322977,998.4081625456702,1297.0507246883824,1477.2488369702862,914.8034782440379,972.3880694450585
1250,raspberrypi,106.0,2023-09-18,13:55:01,Whole,1522.6445122183022,,7.6309971527144,,1062.75,1974.625,5.228984947203199,0,4,2,,0.0,1.0,,0.0,0.0,0.0,885.9468474354939,,,1438.3966788135158,527.7149414037987,885.9468474354939,1034.5738065457438,580.1343049335208,771.6571942799865
1251,raspberrypi,374.0,2023-09-18,13:55:01,Whole,292.6686170731118,,0.07343392900278647,,2254.5,1108.0,0.07343392900278647,1,1,1,,0.0,0.9859154929577465,,0.014084507042253521,0.0,0.014084507042253521,491.69794382732243,,,150.63087227430248,1976.187675987279,491.69794382732243,412.0271407590127,163.2167020140007,221.87001851559668
1252,raspberrypi,481.0,2023-09-18,13:55:01,Whole,285.48187460794543,1.0,3.8659006640744864,25.619623142285654,2321.6458333333335,1526.25,2.8782704432732427,0,9,6,239.4194633963485,0.04225352112676056,0.9154929577464789,,0.0,0.04225352112676056,0.04225352112676056,445.3153388504508,,,579.6117171972211,1786.490646122431,445.3153388504508,455.3411325893083,139.5709950211579,244.70124890965295
1253,raspberrypi,482.0,2023-09-18,13:55:01,Whole,1347.380424522715,1.0,8.853100738945107,190.09365973084667,2910.705,1194.1575,7.554668267597063,0,44,50,18484.22010859651,0.0,0.30985915492957744,,0.0,0.0,0.0,1545.6016318459224,,,1289.0837989840497,2684.3846613233572,1545.6016318459224,1501.231156243914,1088.6035449744447,1209.70797555087
1254,raspberrypi,484.0,2023-09-18,13:55:01,Whole,718.9277432514185,1.0,5.513001613487826,51.538362517912404,1814.1302083333333,1670.0625,7.472063312172476,0,35,24,149.01020040279766,0.22535211267605634,0.6619718309859155,,0.0,0.22535211267605634,0.23943661971830985,306.36434038425205,,,782.3129097540092,1280.6881860144579,306.36434038425205,455.6175212130235,132.4424758623821,138.1392721947331
1255,raspberrypi,486.0,2023-09-18,13:55:01,Whole,308.60319905110475,0.96875,4.98834890206531,30.567818513032393,2332.7242647058824,1181.797794117647,5.751788905585071,1,25,34,2941.755438908444,0.0,0.5352112676056338,,0.38028169014084506,0.0,0.4225352112676056,540.9313539883764,,,255.02035213826923,2001.9655717076735,540.9313539883764,467.40508201721025,165.27043525913896,232.19378182777245
1256,raspberrypi,492.0,2023-09-18,13:55:01,Whole,1601.9305228843898,,11.367635698574352,,3111.25,2787.75,8.045928904626361,0,2,1,,0.0,1.0,,0.0,0.0,0.0,1647.8160193240094,,,2033.5423963422343,2276.2430880436527,1647.8160193240094,1735.5464051878093,1482.5001951102058,1312.8116720402584
1257,raspberrypi,856.0,2023-09-18,13:55:01,Whole,279.31341722962,,6.352276359200538,,2293.0,1096.25,6.352276359200538,0,1,1,,0.0,0.9859154929577465,,0.014084507042253521,0.0,0.0,524.7914512176237,,,154.53500648790532,2012.68994544001,524.7914512176237,436.4072001738294,194.8868185147523,261.9531050857787
1258,raspberrypi,987.0,2023-09-18,13:55:01,Whole,1438.9877642166805,,7.535944706236038,,1066.25,1750.25,7.535944706236038,0,1,1,,0.0,1.0,,0.0,0.0,0.0,806.525906963557,,,1281.40604699443,720.8157629439784,806.525906963557,937.3668389552613,591.8074761982639,638.9372689268321
1259,raspberrypi,17.0,2023-09-18,09:00:01,Whole,1919.7488441963142,,10.020497198792603,,1503.0,44.5,8.421471861934176,0,2,1,,0.0,1.0,,0.0,0.0,0.0,1436.1316850614833,,,865.4453338622775,2464.8014752837576,1436.1316850614833,1349.303469365014,973.625261715293,962.3948862806026
1260,raspberrypi,159.0,2023-09-18,09:00:01,Whole,606.0279412706528,0.0,5.524886606079485,,1280.739224137931,1660.4978448275863,5.47079913653721,0,73,58,0.03922712767329086,0.0,1.0,,0.0,0.0,0.0,591.9630629703933,,,1061.9192397883867,910.0366552358078,591.9630629703933,727.7487058266587,421.7792154821273,408.212300443574
1261,raspberrypi,190.0,2023-09-18,09:00:01,Whole,593.2858950932286,,3.51311424746216,,2242.0,2354.5,0.9058588970523129,1,2,1,,0.0,1.0,,0.0,0.0,0.0,793.3084347678487,,,1383.4551143234878,1413.3033546133536,793.3084347678487,959.2576076141926,572.2015333413038,420.87373391718376
1262,raspberrypi,216.0,2023-09-18,09:00:01,Whole,1622.9038017680173,,8.10085358796074,,708.75,754.75,5.531725936589122,0,2,1,,0.0,1.0,,0.0,0.0,0.0,1335.2461946424999,,,1299.2701766566815,1610.0727099174326,1335.2461946424999,1346.7558644015721,835.4468454799702,983.943419334865
1263,raspberrypi,470.0,2023-09-18,09:00:01,Whole,549.266032346556,,3.8697751248133945,,1616.25,2448.25,3.3188916983883145,0,2,1,,0.0,1.0,,0.0,0.0,0.0,871.9985984047865,,,1562.6123511978037,780.6396594227945,871.9985984047865,1059.1252989585105,453.7901584416692,576.196813391075
1264,raspberrypi,486.0,2023-09-18,09:00:01,Whole,555.6512385190765,0.6666666666666666,4.980368798659386,5.299712703267508,2281.625,1629.4375,2.8932144437581053,0,9,4,7.435392452290024,0.05333333333333334,0.9466666666666667,,0.0,0.05333333333333334,0.05333333333333334,370.4633782074552,,,665.5549797261424,1690.1263068649237,370.4633782074552,418.82739270631845,113.99439704416676,177.88823162288043
1265,raspberrypi,493.0,2023-09-18,09:00:01,Whole,455.025980057972,0.0,5.300686975776469,,2202.6683333333335,2183.4133333333334,5.470739632897,4,74,75,0.10688556444259929,0.0,1.0,,0.0,0.0,0.0,623.4879899539116,,,1210.7904669756335,1407.17787001008,623.4879899539116,797.2472494580936,438.99658253928294,250.10543585646258
1266,raspberrypi,494.0,2023-09-18,09:00:01,Whole,292.6996697737444,1.0,2.7931883311415104,20.68221231517557,2096.125,2031.0,0.9596937571261335,3,10,5,0.0,0.06666666666666667,0.9333333333333333,,0.0,0.06666666666666667,0.0,444.09278742561077,,,1059.2490316370004,1350.7626500758888,444.09278742561077,643.7815527709834,277.472870831745,66.03607190036969
1267,raspberrypi,638.0,2023-09-18,09:00:01,Whole,1356.5958437759311,,4.768739125876827,,3110.5,2354.75,4.768739125876827,0,1,1,,0.0,1.0,,0.0,0.0,0.0,1372.608398341017,,,1653.5097913749466,2276.464197498138,1372.608398341017,1428.839821374547,1121.5451549977768,1081.9396664391768
1268,raspberrypi,683.0,2023-09-18,09:00:01,Whole,983.3733612307782,,5.690307825992764,,1793.25,2921.0,4.356569443534731,0,2,1,,0.0,1.0,,0.0,0.0,0.0,1296.216943354889,,,1979.01179186913,999.1537998553454,1296.216943354889,1476.4068850824162,914.1071599963287,971.4301210128734
1269,raspberrypi,731.0,2023-09-18,09:00:01,Whole,1110.9331903784127,,5.954472258642882,,1043.25,1143.25,2.9384988523434674,0,3,1,,0.0,1.0,,0.0,0.0,0.0,867.9409495881779,,,1008.5058019699043,1278.1825587553647,867.9409495881779,913.9415099824164,408.1781395305397,579.4749174420413
1270,raspberrypi,106.0,2023-09-17,19:20:01,Whole,908.9564047701656,,5.115464300044802,,1037.5,1374.75,3.3500446677297857,0,2,1,,0.0,1.0,,0.0,0.0,0.0,814.2948299844747,,,1097.79478204833,1055.4890192725727,814.2948299844747,896.1338641876584,454.93080371919933,577.291809926631
1271,raspberrypi,159.0,2023-09-17,19:20:01,Whole,318.5614498566123,0.013513513513513514,2.8073726476028065,3.913118960624632,1510.58,1817.095,4.045590414535648,2,85,75,0.35563457613569643,0.0,0.0,,0.0,0.0,1.0,452.7347868307961,,,1035.593941510166,949.1225719640651,452.7347868307961,620.0017264546731,146.18837482816497,327.72235495564144
1272,raspberrypi,483.0,2023-09-17,19:20:01,Whole,317.51561585479317,,2.8802841628456552,,1511.625,1816.75,0.0014461472485436944,2,5,2,,0.0,0.9733333333333334,,0.0,0.0,0.02666666666666667,451.80784901174684,,,1034.73444646583,950.1389536929031,451.80784901174684,619.1433652503828,145.887291334032,327.4902952730322
1273,raspberrypi,485.0,2023-09-17,19:20:01,Whole,596.2205056441705,0.0,4.380137192433688,,2358.8541666666665,1547.8958333333333,2.946216120591896,0,43,24,0.011002787629145137,0.0,0.68,,0.0,0.0,0.32,430.2664392826077,,,601.9321053232461,1797.9502070966676,430.2664392826077,415.2597371577027,44.91583054356812,280.2269205774693
1274,raspberrypi,487.0,2023-09-17,19:20:01,Whole,527.2501271427377,0.0,3.782640614739601,,2194.5859375,2201.49609375,4.048561065205802,0,43,32,0.004977085161559963,0.0,1.0,,0.0,0.0,0.0,636.0116764890792,,,1228.6227639312583,1395.023640458186,636.0116764890792,810.8253658053038,441.56121391594775,262.1678423782547
1275,raspberrypi,491.0,2023-09-17,19:20:01,Whole,195.3152738588592,0.76,2.6505809695674447,17.105565369768566,1863.9759615384614,1636.4663461538462,2.1845524044589326,0,42,26,103.40811042886558,0.3466666666666667,0.6533333333333333,,0.0,0.3466666666666667,0.12,200.70091508932674,,,715.6292636223073,1337.7826417220788,200.70091508932674,394.46252130541905,218.03633470429398,44.63667496269866
1276,raspberrypi,17.0,2023-09-17,23:15:01,Whole,556.3282357538887,,1.6915014488356153,,2489.75,2346.0,1.6915014488356153,0,1,1,,0.0,1.0,,0.0,0.0,0.0,911.1652684307626,,,1408.4227408986042,1660.063604373012,911.1652684307626,1041.2538105670856,768.8532277118593,555.5535513178538
1277,raspberrypi,485.0,2023-09-17,23:15:01,Whole,313.7232395754778,0.0,4.250158542630733,,2581.987012987013,2031.4139610389611,3.8451935357195723,0,61,77,0.08565835895288702,0.0,1.0,,0.0,0.0,0.0,764.9346477330446,,,1130.3751843547623,1812.8035219195476,764.9346477330446,848.2147528238871,571.3038044645677,474.71198096756433
1278,raspberrypi,486.0,2023-09-17,23:15:01,Whole,432.1791469732438,0.7692307692307693,4.673115762823505,10.638924831746625,2068.2900943396226,1491.0,3.859188105378909,0,54,53,157.94820981965464,0.6883116883116883,0.3116883116883117,,0.0,0.6883116883116883,0.6883116883116883,223.83388078565648,,,523.6904051844175,1588.2657046518805,223.83388078565648,318.3495958983219,82.89956511693093,56.195747225234086
1279,raspberrypi,491.0,2023-09-17,23:15:01,Whole,237.60308239215024,1.0,2.3118694081660203,145.99722330335157,2431.5625,1658.7916666666667,2.0747832388453458,0,6,6,100.69317213912163,0.012987012987012988,0.922077922077922,,0.0,0.012987012987012988,0.03896103896103896,532.742659958972,,,747.857989073349,1811.4637706368642,532.742659958972,561.8727825551209,207.58475742032135,349.64598325941245
1280,raspberrypi,705.0,2023-09-17,23:15:01,Whole,1473.132971349657,,7.320281149140988,,1048.25,1145.75,5.494765255203844,0,2,1,,0.0,1.0,,0.0,0.0,0.0,862.5399078586562,,,1004.3993641791492,1277.1744816777277,862.5399078586562,908.7979444077871,403.0902847574724,574.4440297835085
1281,raspberrypi,17.0,2023-09-18,01:25:01,Whole,1022.0948007702943,1.0,6.928982934055935,188.79604386892103,1572.375,1599.75,6.742733320043572,0,7,7,4.927540758372528e-26,0.11428571428571428,0.8,,0.0,0.11428571428571428,0.02857142857142857,427.224017734101,,,851.7541777841132,1157.5986956747736,427.224017734101,564.1101922469854,263.2990091119283,148.320983596425
1282,raspberrypi,127.0,2023-09-18,01:25:01,Whole,526.3216240929562,,2.2082095412293357,,2789.0,2386.75,1.1821998910796039,0,2,1,,0.0,1.0,,0.0,0.0,0.0,1140.975447964021,,,1536.0072967584567,1953.3938151440148,1140.975447964021,1233.2468039250155,979.0711725281601,813.8596955497236
1283,raspberrypi,394.0,2023-09-18,01:25:01,Whole,391.21135446564824,,1.432532026268432,,2721.75,2269.25,0.05705812707894553,1,2,1,,0.0,1.0,,0.0,0.0,0.0,1014.3508851526641,,,1401.9861172860305,1900.2867542391732,1014.3508851526641,1104.751308029028,844.3781960048345,695.1791653764813
1284,raspberrypi,404.0,2023-09-18,01:25:01,Whole,497.52886177820426,0.0,3.2031934059990443,,2975.2410714285716,1788.5982142857142,3.145027486825444,0,15,14,0.09803729279320272,0.0,1.0,,0.0,0.0,0.0,1028.8411073055481,,,1114.7659874099322,2260.2124830170446,1028.8411073055481,1021.6308353681128,639.5424217593694,853.9884746335091
1285,raspberrypi,484.0,2023-09-18,01:25:01,Whole,874.6422130565011,1.0,6.549897790418261,6.768493185340442,2206.875,1122.0,6.549857742097625,0,3,6,3.8191123004464845e-26,0.17142857142857143,0.8285714285714286,,0.17142857142857143,0.17142857142857143,0.17142857142857143,452.1280305208914,,,152.76011033030858,1931.5843216123667,452.1280305208914,385.81825620899616,127.62719844485855,172.57708868614145
1286,raspberrypi,493.0,2023-09-18,01:25:01,Whole,409.9453623444773,1.0,3.643503834301935,16.88257125299385,2584.6875,2290.403846153846,5.378323023926084,1,24,26,174.5100214189301,0.0,0.3142857142857143,,0.0,0.0,0.0,948.863186230729,,,1393.4146016400614,1761.968814096428,948.863186230729,1060.0415939574007,850.59747899213,653.9634347667746
1287,raspberrypi,494.0,2023-09-18,01:25:01,Whole,351.5955029474975,1.0,,196.0752076778008,2246.0625,1809.625,,0,0,4,17067.613151160927,0.08571428571428572,0.9142857142857143,,0.0,0.08571428571428572,0.05714285714285714,426.04320311619966,,,841.4308843496565,1585.0615187254298,426.04320311619966,532.6296528906284,222.0467626866373,173.91503932597342
1288,raspberrypi,665.0,2023-09-18,01:25:01,Whole,345.37800684590087,,3.2711680782822596,,2577.25,2282.25,3.2711680782822596,0,1,1,,0.0,1.0,,0.0,0.0,0.0,919.5085030351946,,,1368.0089135280175,1755.4498456486015,919.5085030351946,1032.1510167704246,808.9419904446893,580.3268389488842
1289,raspberrypi,414.0,2023-09-17,19:10:01,Whole,819.2614560534283,,4.047972956577464,,2895.25,2370.5,4.047972956577464,0,1,1,,0.0,1.0,,0.0,0.0,0.0,1209.883790494304,,,1563.8993737288629,2060.6699720212464,1209.883790494304,1288.6044257475755,1012.930428136933,896.0320932753467
1290,raspberrypi,425.0,2023-09-17,19:10:01,Whole,1834.2458273339357,,9.698141430385396,,816.25,749.25,9.698141430385396,0,1,1,,0.0,1.0,,0.0,0.0,0.0,1249.3322580324837,,,1192.1838229734055,1623.321819719629,1249.3322580324837,1255.809183007419,742.5304586302743,885.5437576371407
1291,raspberrypi,476.0,2023-09-17,19:10:01,Whole,471.1342401732994,,2.17098649337761,,2791.25,1912.25,2.17098649337761,0,1,1,,0.0,1.0,,0.0,0.0,0.0,892.3592948898165,,,1109.7081437239667,2047.1721238465789,892.3592948898165,923.0774527725691,577.3181912345079,665.4148002954414
1292,raspberrypi,485.0,2023-09-17,19:10:01,Whole,54.35943976189556,0.0945945945945946,4.572847172763707,2.126425092372028,2397.7716666666665,1764.1016666666667,2.347421062299405,1,24,75,0.3678242542896964,0.0,0.9066666666666666,,0.0,0.0,0.0,495.5999916619348,,,820.8964221028824,1731.7161129494982,495.5999916619348,560.1911570136474,260.46535327818526,284.36158415955026
1293,raspberrypi,488.0,2023-09-17,19:10:01,Whole,444.6358576140959,1.0,2.3742878107143603,42.089194236850034,2176.5119047619046,1778.6666666666667,2.340353440197401,1,21,21,1900.8553497765943,0.08,0.72,,0.0,0.08,0.13333333333333333,484.2777260460635,,,812.5608002231775,1556.6022524514503,484.2777260460635,559.3036262569348,281.8320947222396,221.18295022580938
1294,raspberrypi,486.0,2023-09-18,04:55:01,Whole,732.1777081127344,1.0,4.014111398730955,55.884983596536756,2126.675,1640.7,3.483470813711518,0,5,5,1760.6935376222252,0.06329113924050633,0.9367088607594937,,0.0,0.06329113924050633,0.012658227848101266,299.4693631084341,,,684.1274475711867,1563.3953175041802,299.4693631084341,423.20234234917405,201.87003806291779,119.3284490214635
1295,raspberrypi,493.0,2023-09-18,04:55:01,Whole,46.638869030316734,0.11538461538461539,4.014111398730955,3.733525589402513,2581.1930379746836,2270.2357594936707,3.483470813711518,0,5,79,1.2802053614595048,0.0,0.8860759493670886,,0.0,0.0,0.0,913.7249470661238,,,1357.584443565594,1761.1785390165887,913.7249470661238,1024.7972591560451,798.6867688606166,574.7713887723842
1296,raspberrypi,109.0,2023-09-18,03:35:01,Whole,630.9511226154405,,4.5792123490871885,,2785.25,2388.0,3.779334764274648,0,2,1,,0.0,1.0,,0.0,0.0,0.0,1139.096031661805,,,1535.7674929775383,1949.5488266694956,1139.096031661805,1231.9179896967114,978.6697534881457,811.4326791506152
1297,raspberrypi,404.0,2023-09-18,03:35:01,Whole,579.1768052982147,0.0,4.213190853827455,,2975.1388888888887,1788.875,1.4837524396365602,0,11,9,0.06287202380952382,0.0,1.0,,0.0,0.0,0.0,1028.8017469098165,,,1114.9112158688206,2260.0274361606007,1028.8017469098165,1021.6443801212793,639.585034597228,853.8790083486856
1298,raspberrypi,470.0,2023-09-18,03:35:01,Whole,1964.3294145254345,,11.08305320919717,,722.25,870.25,11.08305320919717,0,1,1,,0.0,1.0,,0.0,0.0,0.0,1266.6016895521443,,,1284.9991826540622,1495.3602759497574,1266.6016895521443,1288.979430319257,778.6675090438597,936.7542205654725
1299,raspberrypi,485.0,2023-09-18,03:35:01,Whole,387.8276838469749,0.0,5.613434661874951,,2719.0176282051284,1658.9695512820513,6.108167308773897,0,54,78,0.07671020455520662,0.0,1.0,,0.0,0.0,0.0,764.463236940931,,,856.5293312603718,2067.8282682894283,764.463236940931,747.9119427286987,353.8209664572769,603.9309589026309
1300,raspberrypi,493.0,2023-09-18,03:35:01,Whole,795.1612116567069,0.0,6.142965915765229,,1743.3808139534883,2327.7470930232557,6.108430396231072,0,46,43,0.2932231688082466,0.0,1.0,,0.0,0.0,0.0,722.4989270216769,,,1410.3072118699038,926.949649792388,722.4989270216769,913.8109995591849,319.58198140603486,418.3568296632541
1301,raspberrypi,482.0,2023-09-17,21:45:01,Whole,1134.3955333112951,0.625,9.163505105916586,8.023258729184011,2231.3,2216.285714285714,9.157570992264697,0,30,35,33.19741483634172,0.0,0.7014925373134329,,0.0,0.0,0.0,665.5782746062047,,,1245.158965548542,1427.46190126958,665.5782746062047,834.076875746644,471.0411592589311,287.2783279391947
1302,raspberrypi,485.0,2023-09-17,21:45:01,Whole,640.1758296015589,0.0,9.163505105916586,,2380.0483870967737,448.33467741935476,9.157570992264697,0,30,62,0.035255669336008745,0.0,1.0,,0.0,0.0,0.0,1090.3357625661884,,,284.032348649357,2541.7023218934246,1090.3357625661884,961.2897432936834,558.9561278647848,716.6257524367053
1303,raspberrypi,106.0,2023-09-18,08:35:01,Whole,546.4249803629621,,,,1035.5,1373.5,,0,0,1,,0.0,1.0,,0.0,0.0,0.0,816.3660084677687,,,1099.0370856653549,1056.0332818922398,816.3660084677687,897.9818160872007,456.31556641505443,579.3292152038098
1304,raspberrypi,109.0,2023-09-18,08:35:01,Whole,1001.9193405329065,,,,1709.5,2749.5,,0,0,1,,0.0,1.0,,0.0,0.0,0.0,1137.881338864454,,,1827.5252700659275,879.2702330989675,1137.881338864454,1321.9536484222028,741.7041783284657,831.3577257813615
1305,raspberrypi,159.0,2023-09-18,08:35:01,Whole,170.86288974691772,0.0,2.2634922048221275,,1311.0185185185185,1797.388888888889,2.249594783509228,0,11,27,0.2341773998217078,0.0,1.0,,0.0,0.0,0.0,603.4359853123735,,,1140.2059639633458,821.1733129535453,603.4359853123735,754.332629397318,344.13899997753947,469.82924796664577
1306,raspberrypi,425.0,2023-09-18,08:35:01,Whole,1207.3785427374219,,,,816.25,749.0,,0,0,1,,0.0,1.0,,0.0,0.0,0.0,1249.4723021527445,,,1192.1974365279564,1623.5705354194931,1249.4723021527445,1255.9245720945516,742.6523698729748,885.6379328415098
1307,raspberrypi,481.0,2023-09-18,08:35:01,Whole,472.67226274488144,1.0,2.2634922048221275,115.22880257301897,1007.9943181818181,2067.4488636363635,2.249594783509228,0,11,22,5398.004199676447,0.0,0.5365853658536586,,0.0,0.0,0.0,1049.1361704801432,,,1578.3197570884463,478.0656973286641,1049.1361704801432,1192.8056865970689,799.8376324331941,895.6547251705313
1308,raspberrypi,17.0,2023-09-18,06:25:01,Whole,1745.1107616172962,,,,2488.75,2348.0,,0,0,1,,0.0,1.0,,0.0,0.0,0.0,912.1390742388827,,,1410.1644512250389,1658.8257755121742,912.1390742388827,1042.476520991087,768.9992541863706,556.2760675299253
1309,raspberrypi,110.0,2023-09-18,06:25:01,Whole,559.401835948453,,,,833.75,750.75,,0,0,1,,0.0,1.0,,0.0,0.0,0.0,1234.2741399006707,,,1174.628270273078,1623.6851466781814,1234.2741399006707,1240.114528780966,726.5511341610413,868.780064877199
1310,raspberrypi,250.0,2023-09-18,06:25:01,Whole,551.7451361928803,,,,736.0,869.25,,0,0,1,,0.0,1.0,,0.0,0.0,0.0,1255.1182450191664,,,1271.2235524316343,1497.153487448568,1255.1182450191664,1276.9152408859452,766.0404897109244,923.7089589633226
1311,raspberrypi,470.0,2023-09-18,06:25:01,Whole,644.693756028783,,,,706.25,756.25,,0,0,1,,0.0,1.0,,0.0,0.0,0.0,1336.5608391828514,,,1301.698529932783,1608.46814742109,1336.5608391828514,1348.3107525527482,837.0523465051855,985.7858598575763
1312,raspberrypi,432.0,2023-09-17,18:50:01,Whole,547.4397865626668,,2.4739691291387524,,2740.5,2203.875,1.4302893870762947,0,4,2,,0.0,1.0,,0.0,0.0,0.0,988.5074515048257,,,1348.4556631746102,1929.2445348283757,988.5074515048257,1069.437754546217,793.0248099600022,682.5330155557308
1313,raspberrypi,482.0,2023-09-17,18:50:01,Whole,846.7666118937371,1.0,5.736163051509783,140.36860516510097,1934.7521186440677,1471.9004237288136,3.6715907360454003,3,100,59,24177.090116109222,0.0759493670886076,0.26582278481012656,,0.11392405063291139,0.0759493670886076,0.3670886075949367,649.3229183532014,,,732.2308126049425,1532.6260586193005,649.3229183532014,663.5339435939685,212.17417771462536,309.07021713198924
1314,raspberrypi,485.0,2023-09-17,18:50:01,Whole,340.7338184342822,0.1232876712328767,3.362401577372637,73.51753357212921,2477.3597972972975,2109.947635135135,3.0245711846880905,0,120,74,2534.762423609329,0.0,0.8860759493670886,,0.0,0.0,0.0,732.1583476345613,,,1175.8096058650015,1691.840764423894,732.1583476345613,846.2572210155458,604.9423838560022,401.38234384589276
1315,raspberrypi,493.0,2023-09-17,18:50:01,Whole,432.4546770614504,1.0,4.1019437522781566,64.78287134325755,2711.04296875,1668.7109375,2.851864318371527,3,108,64,2328.15564294582,0.0759493670886076,0.20253164556962025,,0.0,0.0759493670886076,0.21518987341772153,783.0688530932641,,,878.2919625871507,2071.527775678852,783.0688530932641,772.5529754444492,321.8760436911717,667.5887606489821
1316,raspberrypi,24.0,2023-09-17,20:25:01,Whole,342.5994284775823,,3.5286766810691232,,2067.0,1403.75,3.41804827855702,0,2,1,,0.0125,0.9875,,0.0,0.0125,0.0125,235.60083670938565,,,437.38683714663426,1641.1129070771854,235.60083670938565,302.6926392318199,75.11153371409124,52.04532473022762
1317,raspberrypi,425.0,2023-09-17,20:25:01,Whole,1718.106939169555,,10.049567596471752,,814.25,750.75,8.926220396784258,0,2,1,,0.0,1.0,,0.0,0.0,0.0,1250.1223037476814,,,1194.100282748955,1621.6279681586727,1250.1223037476814,1256.8359752331467,743.5484392749574,886.8337402047418
1318,raspberrypi,481.0,2023-09-17,20:25:01,Whole,128.88798470051506,1.0,1.8318822917268045,14.516370069683399,2204.625,1573.125,0.7408396139264293,6,15,6,4.947735597546186e-26,0.075,0.925,,0.0,0.075,0.075,307.7506310703474,,,601.4535110332055,1653.5418707815086,307.7506310703474,361.69155049370613,52.131112569087364,134.59896082317505
1319,raspberrypi,482.0,2023-09-17,20:25:01,Whole,908.0805649928049,1.0,4.690431388097606,77.63252500987727,1507.8333333333333,1395.547619047619,5.500138874989157,0,19,21,444.96235544643463,0.075,0.75,,0.0,0.075,0.1625,539.8072975846491,,,773.7934816366253,1278.8654449531841,539.8072975846491,620.8124404072697,167.25617246818024,238.010447811999
1320,raspberrypi,484.0,2023-09-17,20:25:01,Whole,194.11350797987387,1.0,3.4185069775426578,29.259787791155947,2356.4666666666667,1548.75,1.672547786004743,4,26,15,408.97514632890346,0.0,0.825,,0.0,0.0,0.175,433.21948009002114,,,602.5978018184181,1797.2471304587884,433.21948009002114,421.27421728960564,44.32354369845669,284.29839357999253
1321,raspberrypi,485.0,2023-09-17,20:25:01,Whole,410.8242225353593,0.14666666666666667,4.853037164795394,7.944144245717868,2546.5394736842104,1978.1282894736842,1.9018430641127275,0,90,76,7.543119284233091,0.0,0.8625,,0.0,0.0,0.0,708.6173615854506,,,1068.6569421077409,1794.1975941641185,708.6173615854506,789.8764372770742,521.7354297159449,450.72007539482166
1322,raspberrypi,486.0,2023-09-17,20:25:01,Whole,1498.1495060885914,1.0,6.348717398759998,124.82741201811665,1718.357142857143,387.45535714285717,8.773579698301823,0,29,14,32078.519436179904,0.0,0.85,,0.0,0.0,0.0,1179.2766431360567,,,672.1758687007488,2275.539802976618,1179.2766431360567,1109.807504915935,726.949053115892,759.4752508750796
1323,raspberrypi,488.0,2023-09-17,20:25:01,Whole,215.95176138690616,,3.7162532937006456,,2229.75,1477.75,2.84214797539446,0,2,1,,0.0,0.9875,,0.0,0.0,0.0125,330.46546804446194,,,508.3442413548681,1727.0054761143717,330.46546804446194,329.14906249822087,0.0,214.1150357148224
1324,raspberrypi,495.0,2023-09-17,20:25:01,Whole,240.26199411435334,0.9,5.239177841127027,14.192532908594663,2288.59375,1928.9921875,1.792477390667613,0,45,32,209.31062098788118,0.275,0.6125,,0.0,0.275,0.0,494.8205914339525,,,963.5214880044673,1573.5866273854754,494.8205914339525,626.4642694391854,303.8447003530322,169.31837129646107
1325,raspberrypi,621.0,2023-09-17,20:25:01,Whole,162.66968299048872,1.0,1.4276554254066856,4.543195461346562,2173.25,1549.875,0.06906384234305182,2,8,3,0.0,0.0375,0.9625,,0.0,0.0375,0.0375,284.90922275595415,,,576.6830408489823,1639.7977426319442,284.90922275595415,343.11485511958836,38.62670898366048,125.92529887435889
1326,raspberrypi,17.0,2023-09-17,18:30:01,Whole,734.4371025488786,,6.226740245650417,,2796.75,2380.5,6.226740245650417,0,1,1,,0.0,1.0,,0.0,0.0,0.0,1142.4481588665358,,,1533.139212028535,1961.6691885813525,1142.4481588665358,1233.280757390306,976.6187200479987,816.9078156049428
1327,raspberrypi,374.0,2023-09-17,18:30:01,Whole,388.7307929695275,,,,2271.0,2311.75,,0,0,1,,0.0,1.0,,0.0,0.0,0.0,767.0554151282631,,,1342.6940697639654,1448.31622591229,767.0554151282631,929.2124431439743,567.4968999780876,395.4765747854043
1328,raspberrypi,432.0,2023-09-17,18:30:01,Whole,586.640466026221,,3.4490227116607,,2737.25,2202.25,2.6643115493722678,0,4,1,,0.0,1.0,,0.0,0.0,0.0,984.998835592065,,,1345.6968762730319,1926.3280313695482,984.998835592065,1066.193530732764,790.1277989936348,678.9023406535432
1329,raspberrypi,481.0,2023-09-17,18:30:01,Whole,564.7178057085085,1.0,4.387302579115948,75.89662282068896,1737.0738636363637,1884.0852272727273,3.9925817594838753,0,17,22,913.0534016347792,0.19298245614035087,0.631578947368421,,0.0,0.19298245614035087,0.15789473684210525,479.09769600894094,,,1043.2425905550326,1134.651955989234,479.09769600894094,648.7654641713527,221.83706974851233,188.9477713719239
1330,raspberrypi,482.0,2023-09-17,18:30:01,Whole,165.3287491026201,0.8823529411764706,3.0324161793764945,26.371475550439563,2287.0,1821.66875,1.6386660790681604,0,15,20,473.22499620120266,0.19298245614035087,0.6842105263157895,,0.0,0.19298245614035087,0.03508771929824561,439.32669981965955,,,860.1057858607562,1610.1997025929795,439.32669981965955,551.4378938813405,286.7741944814197,173.19334624984663
1331,raspberrypi,485.0,2023-09-17,18:30:01,Whole,348.6920032524959,1.0,3.710052192012299,82.0754651750524,2384.8359375,1691.6796875,3.4227576349667608,0,16,16,108.17677396276729,0.12280701754385964,0.7368421052631579,,0.0,0.12280701754385964,0.12280701754385964,524.2194686370794,,,779.3664429071041,1756.9107945050605,524.2194686370794,573.418457188377,223.60891250143277,273.8348716605436
1332,raspberrypi,486.0,2023-09-17,18:30:01,Whole,220.42545515558854,1.0,2.860198430609441,67.19571542083462,2216.8541666666665,2114.03125,1.6386660790681604,0,12,12,802.7724489802313,0.08771929824561403,0.8245614035087719,,0.0,0.08771929824561403,0.0,583.2904922219369,,,1148.6780426155083,1443.8217362155199,583.2904922219369,752.3404552827759,377.7954734887548,224.86244675781725
1333,raspberrypi,495.0,2023-09-17,18:30:01,Whole,553.8951211870445,,,,1695.5,2106.0,,0,0,1,,0.0,0.9824561403508771,,0.0,0.0,0.017543859649122806,534.9149811302278,,,1213.2487145249142,950.9520975178689,534.9149811302278,723.097721881294,102.48958584045866,241.3457420237316
1334,raspberrypi,498.0,2023-09-17,18:30:01,Whole,594.8237271947864,1.0,4.045682687756849,70.90995511646459,2721.6666666666665,2196.2916666666665,5.080289050788396,0,13,12,7809.545861053602,0.0,0.8421052631578947,,0.0,0.0,0.0,986.17573772035,,,1365.1006768477885,1922.9127843016158,986.17573772035,1078.096234869758,676.9187130424123,434.50715116972015
1335,raspberrypi,17.0,2023-09-17,23:00:01,Whole,1715.5257473437953,,9.39018217248012,,721.25,1326.0,8.171414003458498,0,2,1,,0.0,1.0,,0.0,0.0,0.0,1124.2120410512255,,,1370.9683819101533,1040.4376835187795,1124.2120410512255,1197.1817313743497,745.4941584846662,895.6286446033599
1336,raspberrypi,470.0,2023-09-17,23:00:01,Whole,1341.5846011298554,,8.013604914499524,,2032.0,2743.75,5.202930650858943,0,3,1,,0.0,1.0,,0.0,0.0,0.0,1119.9567815136318,,,1774.4764379318704,1197.9475252347972,1119.9567815136318,1295.579128917228,785.21199077619,766.3700300581318
1337,raspberrypi,481.0,2023-09-17,23:00:01,Whole,642.7338563841095,0.7413793103448276,5.204264025722509,35.72275887593695,2167.7229166666666,1062.0645833333333,5.041784088205466,4,86,60,1642.7931203800176,0.05063291139240506,0.24050632911392406,,0.5569620253164557,0.05063291139240506,0.6455696202531646,622.5775069556832,,,216.32798452771988,1981.1878455389735,622.5775069556832,568.1583046735996,135.93233462565652,276.38758831048426
1338,raspberrypi,482.0,2023-09-17,23:00:01,Whole,472.11962851459714,1.0,5.73980956116068,103.68107116710489,2649.9821428571427,1048.9642857142858,3.34634061449595,0,13,7,876.523202970079,0.0,0.9113924050632911,,0.0,0.0,0.02531645569620253,834.9260961015938,,,427.8104335197595,2322.3991192003946,834.9260961015938,723.5538551449293,367.85126178911105,625.6304592704134
1339,raspberrypi,485.0,2023-09-17,23:00:01,Whole,544.2328522408533,0.3466666666666667,5.849289406099422,9.004209443338036,2670.8963815789475,1951.233552631579,6.491831701803804,1,95,76,53.87630283110451,0.0,0.6708860759493671,,0.0,0.0,0.0,801.1783827575965,,,1089.2497786571328,1920.707621343631,801.1783827575965,855.3599378325804,539.4093585695471,555.3531039622062
1340,raspberrypi,493.0,2023-09-17,23:00:01,Whole,544.532266586588,1.0,4.519100765031869,73.499810749651,2437.364583333333,1099.859375,5.177091918300479,0,38,24,2654.577259595588,0.012658227848101266,0.6962025316455697,,0.12658227848101267,0.012658227848101266,0.05063291139240506,747.3225035610892,,,373.3981145829457,2152.7446699981238,747.3225035610892,669.3930197467039,266.0993556329676,539.9326603584855
1341,raspberrypi,621.0,2023-09-17,23:00:01,Whole,580.4888257805579,1.0,3.280055057537418,2.069118169655856,2187.6458333333335,1043.6875,0.0653710356014702,4,11,6,0.0,0.0,0.9367088607594937,,0.05063291139240506,0.0,0.06329113924050633,597.4059085853377,,,197.9022574822468,1999.898970470763,597.4059085853377,532.7103668108755,142.05576223428181,281.2188992692198
1342,raspberrypi,653.0,2023-09-17,23:00:01,Whole,801.4719187442811,,4.586056794017303,,2181.375,1428.0,1.8936130216245874,1,4,2,,0.012658227848101266,0.9873417721518988,,0.0,0.012658227848101266,0.012658227848101266,748.071115042453,,,789.0258206531274,1862.9844501636735,748.071115042453,757.6444709787929,351.9841133031021,410.01355293295745
1343,raspberrypi,159.0,2023-09-18,07:05:02,Whole,96.93651941058873,0.0,2.9387718663299487,,1394.205357142857,1437.2589285714287,2.9387718663299487,0,2,42,0.0061257792760241086,0.0,1.0,,0.0,0.0,0.0,476.9020229200981,,,829.1553381970688,1158.244048769174,476.9020229200981,587.8770148256822,212.91501384839103,223.01795232525808
1344,raspberrypi,447.0,2023-09-18,07:05:02,Whole,602.5640405021279,,3.6093252102826843,,2062.75,1641.5,3.6093252102826843,0,1,1,,0.020833333333333332,0.9791666666666666,,0.0,0.020833333333333332,0.020833333333333332,225.23431509718446,,,673.595670673416,1497.1078619423358,225.23431509718446,378.12081968109703,175.5124352864063,0.0
1345,raspberrypi,482.0,2023-09-18,07:05:02,Whole,809.5800844156987,1.0,,25.54048563066098,2273.75,1653.125,,0,0,5,0.0,0.10416666666666667,0.8958333333333334,,0.0,0.10416666666666667,0.10416666666666667,368.2208570993517,,,687.9689303054854,1671.7525227229853,368.2208570993517,430.01789628711305,135.62029594945056,163.99134229220368
1346,raspberrypi,524.0,2023-09-18,07:05:02,Whole,958.4571164930907,,,,732.5,868.75,,0,0,1,,0.0,1.0,,0.0,0.0,0.0,1258.39045373875,,,1274.705261338986,1497.439866154368,1258.39045373875,1280.2587238283638,769.5046418806122,927.2204520318653
1347,raspberrypi,665.0,2023-09-18,07:05:02,Whole,356.9349543771946,,2.268218522377213,,1733.0,1717.75,2.268218522377213,0,1,1,,0.020833333333333332,0.9791666666666666,,0.0,0.020833333333333332,0.020833333333333332,267.78164905364434,,,839.9209537210002,1184.1727819017901,267.78164905364434,459.3365617620203,91.30280650810977,164.605577100264
1348,raspberrypi,190.0,2023-09-18,11:10:01,Whole,526.5427049024433,,2.210008660953624,,1743.5,2430.5,2.210008660953624,0,1,1,,0.0,1.0,,0.0,0.0,0.0,821.0812573154523,,,1509.5732187934848,909.1171255646295,821.0812573154523,1010.6206859362734,422.19042789577327,517.2915488006644
1349,raspberrypi,481.0,2023-09-18,11:10:01,Whole,419.90974167976896,1.0,3.144218379331051,11.831226022674791,1562.4435483870968,1503.1129032258063,3.5276617062194284,1,58,31,247.92577999464885,0.3974358974358974,0.6025641025641025,,0.0,0.3974358974358974,0.0,333.3079533030391,,,753.8265795672451,1208.6157702737246,333.3079533030391,482.64366188464845,228.84045024921943,89.8868554855068
1350,raspberrypi,482.0,2023-09-18,11:10:01,Whole,600.1635836173085,,2.705859559891704,,1595.75,1317.5,0.9133196980568484,1,2,1,,0.01282051282051282,0.9871794871794872,,0.0,0.01282051282051282,0.01282051282051282,332.27744165142894,,,597.8107519043083,1373.1450333283938,332.27744165142894,436.5007461634047,52.47360163152602,41.44944519985913
1351,raspberrypi,484.0,2023-09-18,11:10:01,Whole,753.3036004894985,,3.5808288352637567,,2182.5,1407.0,1.7631312144555555,0,3,1,,0.01282051282051282,0.9871794871794872,,0.0,0.01282051282051282,0.01282051282051282,308.0355555507794,,,434.16161568004264,1729.9932645911854,308.0355555507794,306.52875630193296,0.0,165.63542019059463
1352,raspberrypi,486.0,2023-09-18,11:10:01,Whole,348.30653999803974,,2.602011075089219,,1856.5,1654.0,1.7388153431330466,0,3,1,,0.01282051282051282,0.9871794871794872,,0.0,0.01282051282051282,0.01282051282051282,202.0496343555249,,,733.4350861511505,1320.9900791977802,202.0496343555249,400.79698260550583,180.59704767280883,53.99881328907587
1353,raspberrypi,491.0,2023-09-18,11:10:01,Whole,740.5225265506684,1.0,3.4609092302991753,8.4567464558295,2330.91,1684.925,4.106342254588947,0,52,25,143.99641768704916,0.0641025641025641,0.6923076923076923,,0.0,0.0641025641025641,0.24358974358974358,420.19897568238173,,,729.2396525109152,1706.6997043551137,420.19897568238173,475.9165490829443,174.96988516709476,226.2775622018528
1354,raspberrypi,493.0,2023-09-18,11:10:01,Whole,335.61250588826573,0.0,4.0735002146094335,,1405.280844155844,2167.9415584415583,3.528340315591214,0,61,77,0.0361396099817926,0.0,1.0,,0.0,0.0,0.0,737.9627084338765,,,1390.5657293788177,662.5674246746827,737.9627084338765,912.8212944474759,323.1826089593545,505.34372406347904
1355,raspberrypi,621.0,2023-09-18,11:10:01,Whole,330.7356591011763,,3.385938537156146,,1747.0,1608.25,3.385938537156146,0,1,1,,0.01282051282051282,0.9871794871794872,,0.0,0.01282051282051282,0.0,229.48937424771523,,,735.6420986099033,1264.5588803690105,229.48937424771523,417.35062745340394,200.79381212686351,113.25443259256593
1356,raspberrypi,987.0,2023-09-18,11:10:01,Whole,759.2195430245735,,4.392633374223216,,2239.25,2367.0,3.5221436601593026,0,3,1,,0.0,1.0,,0.0,0.0,0.0,803.6417264475733,,,1395.7886335997205,1408.915524310509,803.6417264475733,969.8293448263452,578.5313068292387,431.2489231459421
1357,raspberrypi,485.0,2023-09-17,23:55:01,Whole,946.0532078699385,1.0,4.557105883269273,3.255764119219941,2671.464285714286,1525.857142857143,7.485607093284732,0,8,7,4.781305668067183e-26,0.0,0.8936170212765957,,0.0,0.0,0.0,713.0443926039528,,,720.5010906782684,2082.181539127775,713.0443926039528,666.4346780143694,256.7609591380832,589.4038352881325
1358,raspberrypi,491.0,2023-09-17,23:55:01,Whole,658.6833263220753,1.0,3.0344082672301638,40.17788699317124,2395.3671875,1801.4765625,1.6115992847222735,0,6,16,375.21352374250296,0.02127659574468085,0.7021276595744681,,0.0,0.02127659574468085,0.02127659574468085,518.9637126828454,,,859.8862749318514,1716.2839626580073,518.9637126828454,590.8137730699265,260.44254855906127,283.04054301888476
1359,raspberrypi,493.0,2023-09-17,23:55:01,Whole,507.0658898690616,0.0,6.504484696434841,,1244.360294117647,1747.4080882352941,7.478747007693586,0,10,34,0.005559826594925902,0.0,1.0,,0.0,0.0,0.0,645.052574346441,,,1148.8184882680562,818.3156295870946,645.052574346441,786.8587314690405,420.85574180743254,487.0391730556044
1360,raspberrypi,653.0,2023-09-17,23:55:01,Whole,790.4802782065716,,3.823006847529249,,2248.25,2361.0,1.5670438107333868,0,2,1,,0.0,1.0,,0.0,0.0,0.0,801.6951345100806,,,1390.3004594422398,1418.6228374298705,801.6951345100806,966.7919510128162,581.190851595244,429.35509088573775
1361,raspberrypi,159.0,2023-09-18,06:55:01,Whole,702.6989819218821,0.6,6.292289895380587,3.2497209432919125,1381.25,1432.763888888889,10.362623551391168,0,22,36,6.299612791940598,0.0,0.5,,0.0,0.0,0.0,488.9735340757583,,,836.5866827990155,1154.8851722124411,488.9735340757583,597.6182825607024,218.7580864853492,234.16915463448132
1362,raspberrypi,447.0,2023-09-18,06:55:01,Whole,89.080449071621,1.0,4.137784143565453,5.852349955359813,2074.0,1805.25,4.137647736170733,0,3,3,0.0,0.07142857142857142,0.9285714285714286,,0.0,0.07142857142857142,0.0,273.725939712697,,,835.4241199585405,1423.2869042629743,273.725939712697,473.25825792713994,250.5535090237585,0.0
1363,raspberrypi,482.0,2023-09-18,06:55:01,Whole,1123.410000302559,1.0,10.509943572826055,121.14025028370921,2945.1927083333335,2206.7604166666665,10.879392397634659,0,18,24,36639.41070220984,0.09523809523809523,0.47619047619047616,,0.0,0.09523809523809523,0.0,1225.1967222377352,,,1490.61060428195,2186.8332119324095,1225.1967222377352,1287.2708284555342,1139.9222665666757,1072.8722655579904
1364,raspberrypi,621.0,2023-09-18,06:55:01,Whole,351.30517451587883,,4.229141969750252,,2193.5,1439.25,4.229141969750252,0,1,1,,0.023809523809523808,0.9761904761904762,,0.0,0.023809523809523808,0.023809523809523808,309.4114802191548,,,466.9261056880201,1719.639075289931,309.4114802191548,313.17907290706563,0.0,175.06169958765446
1365,raspberrypi,80.0,2023-09-17,18:15:01,Whole,952.5890583992848,,8.599045003177686,,1036.75,1744.0,8.599045003177686,0,1,1,,0.0,1.0,,0.0,0.0,0.0,832.280780321294,,,1300.027038169772,713.035252921693,832.280780321294,960.9573915559047,621.9550860657886,662.0829424911344
1366,raspberrypi,111.0,2023-09-17,18:15:01,Whole,1518.2040174463773,,8.887981400927572,,1436.0,2971.0,8.887981400927572,0,1,1,,0.0,1.0,,0.0,0.0,0.0,1419.5435229750349,,,2115.542055664296,683.2967482867541,1419.5435229750349,1601.478128925779,1005.138888830809,1127.6821809308326
1367,raspberrypi,158.0,2023-09-17,18:15:01,Whole,473.39940499798905,,3.7914654919102038,,1768.5,1978.25,0.033783179286199914,1,3,1,,0.012987012987012988,0.987012987012987,,0.0,0.012987012987012988,0.012987012987012988,398.3696436108944,,,1068.590500992161,1072.3344120240247,398.3696436108944,594.4179580710303,0.0,98.3860935438071
1368,raspberrypi,366.0,2023-09-17,18:15:01,Whole,954.3022726807133,,4.8235824700481436,,1035.0,1744.0,4.163519680067178,0,2,1,,0.0,1.0,,0.0,0.0,0.0,833.9008111156719,,,1301.3790990403097,712.2690046797711,833.9008111156719,962.4874621683833,623.6590456413487,663.640223504787
1369,raspberrypi,374.0,2023-09-17,18:15:01,Whole,474.9162126959387,0.5882352941176471,4.306818358468991,6.297142842982867,1787.125,1987.73125,2.925684988540849,6,33,20,10.27869441866349,0.2597402597402597,0.7402597402597403,,0.0,0.2597402597402597,0.2597402597402597,399.4040915638877,,,1071.9447233546719,1084.6615162510127,399.4040915638877,597.3260686837891,0.0,95.94496179894655
1370,raspberrypi,384.0,2023-09-17,18:15:01,Whole,951.9059722665587,,4.61374315929391,,1037.5,1744.25,4.080317999190893,0,4,2,,0.0,1.0,,0.0,0.0,0.0,831.6437320061824,,,1299.6067242725364,713.1399076753431,831.6437320061824,960.3833124795932,621.1678356572008,661.5300998583707
1371,raspberrypi,404.0,2023-09-17,18:15:01,Whole,1422.3748141882525,,,,721.5,866.75,,0,0,1,,0.0,1.0,,0.0,0.0,0.0,1268.8819736512821,,,1285.6361552680755,1498.8150966673056,1268.8819736512821,1290.9285454058495,780.538772959742,938.3666655524069
1372,raspberrypi,411.0,2023-09-17,18:15:01,Whole,953.6190360323243,,4.852048633365509,,1035.75,1744.25,4.123946852725761,0,2,1,,0.0,1.0,,0.0,0.0,0.0,833.2634718496305,,,1300.9582639290684,712.3723014990812,833.2634718496305,961.9129689497606,622.8718330395978,663.0867822252527
1373,raspberrypi,484.0,2023-09-17,18:15:01,Whole,302.0022580812565,,3.4193438502463795,,2078.75,1831.0,1.787901356344982,0,2,1,,0.012987012987012988,0.987012987012987,,0.0,0.012987012987012988,0.0,290.558989864646,,,860.7021857159598,1415.5271106956427,290.558989864646,490.9311271022918,248.46339531914285,0.0
1374,raspberrypi,485.0,2023-09-17,18:15:01,Whole,703.6943329281922,0.6744186046511628,5.6462755106942915,14.15977634713131,2157.9666666666667,873.9805555555556,5.908243705566618,0,59,45,276.50513944359375,0.012987012987012988,0.4155844155844156,,0.5844155844155844,0.012987012987012988,0.5844155844155844,623.1512332767861,,,6.479827353574208,2074.9147775553793,623.1512332767861,525.1658333981844,103.58634077220172,267.83893128434073
1375,raspberrypi,486.0,2023-09-17,18:15:01,Whole,474.5532052920803,0.625,3.5704605095333704,9.68408820655743,1771.3275,1980.3625,5.277905876480526,7,70,50,69.61499760844649,0.6493506493506493,0.35064935064935066,,0.0,0.6493506493506493,0.6493506493506493,399.38906742583066,,,1069.872808893987,1073.9327051326081,399.38906742583066,595.5007778416018,0.0,104.79861786519005
1376,raspberrypi,492.0,2023-09-17,18:15:01,Whole,1685.257692789181,,8.948953057691654,,3109.5,2790.5,8.044825989054566,0,3,1,,0.0,1.0,,0.0,0.0,0.0,1648.552248167124,,,2035.2543150965878,2274.7340186363676,1648.552248167124,1736.5703425468278,1484.0589926011837,1313.2400228679544
1377,raspberrypi,494.0,2023-09-17,18:15:01,Whole,223.29188494707827,,3.4359619594224706,,2186.5,1601.25,2.928762536283711,0,2,1,,0.012987012987012988,0.987012987012987,,0.0,0.012987012987012988,0.012987012987012988,295.4854592362717,,,628.4172961256388,1623.0451522349754,295.4854592362717,371.9648138007057,83.08977261558387,103.58221508648761
1378,raspberrypi,495.0,2023-09-17,18:15:01,Whole,577.7674284150911,1.0,5.610869145053155,53.60342111730047,2497.0803571428573,1341.7410714285713,3.142813878932778,0,26,14,582.5108814734799,0.025974025974025976,0.8311688311688312,,0.0,0.025974025974025976,0.11688311688311688,594.2494978613582,,,498.49892959443577,2028.1394011000953,594.2494978613582,533.0554789895775,126.45683792370333,523.6440332810319
1379,raspberrypi,496.0,2023-09-17,18:15:01,Whole,162.87502572013713,1.0,4.9954514986779275,12.974714892782117,2103.8616071428573,1523.5,2.771527622142951,0,33,28,17.21608845554438,0.36363636363636365,0.6363636363636364,,0.0,0.36363636363636365,0.36363636363636365,247.69922689129706,,,553.7289526828713,1600.0183410111854,247.69922689129706,338.1556247766359,82.91416539432454,66.29126100372035
1380,raspberrypi,944.0,2023-09-17,18:15:01,Whole,929.2122900663971,,4.626127199767926,,1040.25,1568.0,4.626127199767926,0,1,1,,0.0,1.0,,0.0,0.0,0.0,803.6651832924379,,,1192.2033581802125,875.2576572848782,803.6651832924379,912.8045302672114,550.3621429286366,596.0137045674763
1381,raspberrypi,17.0,2023-09-18,00:45:01,Whole,831.0799936674756,,4.346726906435674,,2791.75,2384.75,3.322620585029394,0,2,1,,0.0,1.0,,0.0,0.0,0.0,1141.6347195104172,,,1535.1851718344717,1956.309338227767,1141.6347195104172,1233.4141037701957,978.3891218395293,815.0497424203345
1382,raspberrypi,172.0,2023-09-18,00:45:01,Whole,860.1021453836379,,4.578587160864174,,2793.5,1913.5,3.882833059234528,0,2,1,,0.0,1.0,,0.0,0.0,0.0,894.8286051323893,,,1111.9203573824686,2048.9560536673134,894.8286051323893,925.5161141122184,579.7436978343134,667.7078422160938
1383,raspberrypi,482.0,2023-09-18,00:45:01,Whole,212.29442891035023,0.0,4.811311638121419,,1789.310855263158,2108.8273026315787,2.135465228301549,0,75,76,0.09623455164550858,0.0,0.0,,0.0,0.0,1.0,505.3087821536033,,,1187.1172947287357,1036.269277714784,505.3087821536033,702.0235753001253,106.61489045048882,195.96484930268588
1384,raspberrypi,493.0,2023-09-18,00:45:01,Whole,202.31206999128005,0.0,3.8657494099652565,,2152.5069444444443,2306.894097222222,2.135465228301549,0,75,72,0.036717072546627,0.0,1.0,,0.0,0.0,0.0,717.3650103875462,,,1333.5320377065268,1332.2959069201888,717.3650103875462,895.2225748631923,474.13913846884793,345.64874521357535
1385,raspberrypi,896.0,2023-09-18,00:45:01,Whole,1186.9054136034677,,6.292944676959487,,2710.5,1261.25,6.1216806436830895,0,2,1,,0.0,1.0,,0.0,0.0,0.0,791.0615322130325,,,554.9189274865366,2247.628989470897,791.0615322130325,696.766775248105,293.74707752842244,653.8578377142226
1386,raspberrypi,17.0,2023-09-17,20:30:01,Whole,813.5144700088459,,1.9257463427414114,,2862.5,2301.0,1.9257463427414114,0,1,1,,0.0,1.0,,0.0,0.0,0.0,1141.984402476314,,,1487.0703527602473,2035.5183151281253,1141.984402476314,1217.837645314444,936.3521204285112,834.4605884143438
1387,raspberrypi,159.0,2023-09-17,20:30:01,Whole,703.8799767151542,0.5957446808510638,5.969036588627455,5.204573280134126,2235.3275,924.215,5.969581984521867,0,47,50,9.247700823865374,0.0,0.3670886075949367,,0.6329113924050633,0.0,0.6329113924050633,614.076923248729,,,0.0,2090.0836424697673,614.076923248729,513.150918163435,132.44153320658913,291.7752279193002
1388,raspberrypi,485.0,2023-09-17,20:30:01,Whole,452.4692994961915,0.0,3.9473914656844333,,2625.059210526316,2012.8503289473683,5.968705249689413,0,48,76,0.04766484071529555,0.0,1.0,,0.0,0.0,0.0,790.585249951397,,,1127.9816101472848,1859.292119955718,790.585249951397,863.1602037573899,570.855137770123,512.4796483561299
1389,raspberrypi,190.0,2023-09-18,15:45:01,Whole,1195.6645679509313,0.0,8.052430713654182,,1463.875,2534.375,8.73063191355933,0,13,6,4.653012550753399e-26,0.0,1.0,,0.0,0.0,0.0,1007.7174141685695,,,1696.1900731545418,620.9973687251859,1007.7174141685695,1191.2841147784734,584.0083075059429,725.077439523732
1390,raspberrypi,481.0,2023-09-18,15:45:01,Whole,634.7222083371248,0.19047619047619047,5.827665128687751,3.5700287946828473,2247.2414772727275,1413.0227272727273,3.878582312360172,1,95,44,1.822747945871476,0.0,0.4358974358974359,,0.0,0.0,0.5641025641025641,354.4322262125114,,,446.4398736769576,1778.5643614507744,354.4322262125114,321.9654567533071,0.0,232.0973148210716
1391,raspberrypi,482.0,2023-09-18,15:45:01,Whole,2165.6352277641095,1.0,10.535795723853548,50.43669257358627,1080.232142857143,372.54464285714283,7.415029369839595,0,37,14,10423.4390388129,0.0,0.8333333333333334,,0.0,0.0,0.0,1324.9637400238191,,,1019.2546979379915,2036.9618280522066,1324.9637400238191,1284.4336384817047,810.2859190583108,869.1006345496386
1392,raspberrypi,486.0,2023-09-18,15:45:01,Whole,1734.8550128156596,1.0,9.29064520941851,120.4814444336012,979.925,2765.525,7.062632755105438,0,13,5,2110.3948207896005,0.0,0.9487179487179487,,0.0,0.0,0.0,1455.3955956084787,,,2121.372768894239,211.46195253791774,1455.3955956084787,1629.0548378130597,1096.3585357269253,1263.7512119747735
1393,raspberrypi,488.0,2023-09-18,15:45:01,Whole,840.6955562509577,1.0,6.845065298946232,23.073555760817992,1795.0119047619048,1575.922619047619,2.538537216358564,0,55,21,321.91522499052036,0.2692307692307692,0.7307692307692307,,0.0,0.2692307692307692,0.08974358974358974,214.41377952874296,,,687.2741640604248,1322.618382300498,214.41377952874296,395.6992383041627,216.77974043350153,82.59583929434989
1394,raspberrypi,492.0,2023-09-18,15:45:01,Whole,1000.2496485746168,0.0,9.880081812032246,,3138.293269230769,2773.9102564102564,8.416891768839898,6,117,78,0.0836036960936198,0.0,1.0,,0.0,0.0,0.0,1657.0742234695497,,,2033.10798959335,2302.0681441715337,1657.0742234695497,1741.918517552811,1483.8273403364574,1324.9901764264293
1395,raspberrypi,498.0,2023-09-18,15:45:01,Whole,1268.8926646687382,1.0,8.369642599960846,168.78349971207194,3076.3701923076924,1519.25,4.422958298999651,6,49,26,14356.540598901049,0.0,0.6794871794871795,,0.0,0.0,0.0,1530.84235466085,,,1379.1681795250033,2653.5350322231557,1530.84235466085,1500.1468283833756,1324.7100912777605,1288.6842931531007
1396,raspberrypi,968.0,2023-09-18,15:45:01,Whole,622.4900455127051,,5.4985438705716225,,2250.5,1425.0,0.04116382362428225,1,3,1,,0.0,0.9871794871794872,,0.0,0.0,0.01282051282051282,354.425130449531,,,458.755115229826,1774.2341824844796,354.425130449531,324.3372831593869,0.0,232.22184588357538
1397,raspberrypi,106.0,2023-09-17,22:10:01,Whole,1097.2762418961468,,6.5085033037363695,,1040.5,1375.0,6.50691004673589,0,2,1,,0.0,1.0,,0.0,0.0,0.0,811.4172732981134,,,1095.2158485145344,1056.2181788522055,811.4172732981134,893.345613544413,452.2478317610715,574.2857106703794
1398,raspberrypi,110.0,2023-09-17,22:10:01,Whole,1077.9109161787123,,6.39238744510171,,1060.0,1374.25,6.39238744510171,0,1,1,,0.0,1.0,,0.0,0.0,0.0,793.0700094223955,,,1077.431671873689,1063.357086679434,793.0700094223955,875.2289815182191,433.9605226307073,554.8177498155147
1399,raspberrypi,159.0,2023-09-17,22:10:01,Whole,489.8986108843316,,3.588174261023024,,1653.75,1564.5,3.2749024633840755,0,3,1,,0.012987012987012988,0.987012987012987,,0.0,0.012987012987012988,0.0,272.83820762828685,,,745.9590468156432,1225.861682905446,272.83820762828685,445.89771025416184,254.93630269920615,78.6433938847288
1400,raspberrypi,470.0,2023-09-17,22:10:01,Whole,1599.917339006841,,5.943791362559607,,701.0,755.5,5.943791362559607,0,1,1,,0.0,1.0,,0.0,0.0,0.0,1341.363232732194,,,1306.9772791590847,1609.0062269699956,1341.363232732194,1353.2475654758375,842.113789236875,990.9802694237808
1401,raspberrypi,481.0,2023-09-17,22:10:01,Whole,596.8744758957943,0.4,5.943791362559607,2.440526193809458,1541.409090909091,1539.4545454545455,5.943791362559607,0,1,11,1.0214010923734262,0.14285714285714285,0.8571428571428571,,0.0,0.14285714285714285,0.0,351.4051170268639,,,794.4134489633976,1167.007338034289,351.4051170268639,503.11776351260403,269.6127538081057,125.47028268380254
1402,raspberrypi,483.0,2023-09-17,22:10:01,Whole,523.7275900024088,,3.8332530343297093,,1614.25,1532.5,3.3701174041160034,0,3,1,,0.012987012987012988,0.987012987012987,,0.0,0.012987012987012988,0.0,295.35265696189794,,,743.101580733412,1221.1712850239317,295.35265696189794,458.62198681135567,267.14258406212514,69.28644997216912
1403,raspberrypi,484.0,2023-09-17,22:10:01,Whole,505.1610843538518,1.0,3.9302042353148483,31.941781356211422,2208.7,968.225,2.3787937252523297,0,12,5,1069.244721722646,0.0,0.935064935064935,,0.06493506493506493,0.0,0.06493506493506493,566.4039292310482,,,23.44914114782793,2040.396567370172,566.4039292310482,473.45308334751536,93.64019047384609,251.2511898321443
1404,raspberrypi,486.0,2023-09-17,22:10:01,Whole,307.0115627942058,1.0,4.467146552274915,29.66199537080608,2284.8221153846152,1708.7932692307693,1.3618501095043156,0,40,26,967.1573978957116,0.24675324675324675,0.6623376623376623,,0.0,0.24675324675324675,0.23376623376623376,406.2767938270796,,,748.4279445949243,1657.910550357973,406.2767938270796,479.14170288847725,125.30026792108046,166.50006248847578
1405,raspberrypi,496.0,2023-09-17,22:10:01,Whole,179.98355228013983,0.2153846153846154,4.872521208836948,9.496787531744227,2296.2708333333335,1390.2973484848485,1.3708690450140697,0,42,66,33.78739245346447,0.0,0.14285714285714285,,0.0,0.0,0.8571428571428571,397.86444134059326,,,433.7189976110615,1831.6682163653788,397.86444134059326,341.8514074228645,0.0,277.185970304096
1406,raspberrypi,621.0,2023-09-17,22:10:01,Whole,563.0947186104952,1.0,4.061996232102426,8.179033901391685,1575.7,1541.35,3.845786533405235,0,10,5,0.32537258651400525,0.06493506493506493,0.935064935064935,,0.0,0.06493506493506493,0.0,324.95013867832216,,,773.9259715721057,1188.482310206271,324.95013867832216,482.71865953628793,272.2405885438761,101.27859499357297
1407,raspberrypi,657.0,2023-09-17,22:10:01,Whole,1486.8617154683768,,7.383477649570342,,2412.5,2927.75,6.731383914162223,0,2,1,,0.0,1.0,,0.0,0.0,0.0,1386.55834566896,,,1969.7595497861969,1602.764347336776,1386.55834566896,1536.372595807496,1121.6642249243087,1016.7104128917628
1408,raspberrypi,944.0,2023-09-17,22:10:01,Whole,1509.7299736102584,,8.453581364806116,,748.5,867.25,8.453581364806116,0,1,1,,0.0,1.0,,0.0,0.0,0.0,1245.230192736555,,,1258.665207352674,1499.966667139368,1245.230192736555,1266.3781537892096,754.9663792055303,912.1488532732023
1409,raspberrypi,106.0,2023-09-18,14:05:01,Whole,958.5810165650857,,2.888762843663753,,1061.5,1972.75,2.888762843663753,0,1,1,,0.0,1.0,,0.0,0.0,0.0,886.206785585345,,,1437.8997590910226,528.511573334624,886.206785585345,1034.6479666090095,581.1992798014372,771.351591326026
1410,raspberrypi,121.0,2023-09-18,14:05:01,Whole,1706.8121659952162,,13.368034975080862,,2631.25,70.75,13.368034975080862,0,1,1,,0.0,1.0,,0.0,0.0,0.0,1536.1594985334098,,,737.2614797563951,2993.227785192857,1536.1594985334098,1396.446068028303,1012.2764469548425,1168.736193753931
1411,raspberrypi,441.0,2023-09-18,14:05:01,Whole,1072.7320252566624,,6.15635812713561,,1008.5,1146.0,4.777541845877149,0,2,1,,0.0,1.0,,0.0,0.0,0.0,898.278159653318,,,1042.679624920686,1266.280332568843,898.278159653318,945.5018681295514,442.8108278340017,614.189221448368
1412,raspberrypi,470.0,2023-09-18,14:05:01,Whole,930.8572603194887,,4.44547192916527,,1068.5,1374.5,4.44547192916527,0,2,2,,0.0,1.0,,0.0,0.0,0.0,785.0417862884782,,,1070.013613749063,1066.2480289727769,785.0417862884782,867.4212641857117,426.3443886443539,546.3150083696131
1413,raspberrypi,481.0,2023-09-18,14:05:01,Whole,438.8253559856638,0.9487179487179487,5.295045308387806,8.716178322158072,2397.579268292683,1608.871951219512,4.1103577616638445,1,25,41,69.741317779048,0.0,0.3492063492063492,,0.0,0.0,0.6507936507936508,466.3256933142579,,,671.5215337318451,1801.413370361327,466.3256933142579,471.40104707916055,111.25242728166924,302.6319316671161
1414,raspberrypi,482.0,2023-09-18,14:05:01,Whole,933.7187817973107,1.0,5.985349558821015,226.29670019188555,1409.5040322580646,1734.2459677419354,4.843550544690264,1,18,31,5875.546633951136,0.07936507936507936,0.5238095238095238,,0.047619047619047616,0.07936507936507936,0.15873015873015872,850.3005328703846,,,1153.7476007507053,1007.4629253776396,850.3005328703846,938.2729405292718,459.57565646160685,627.058055827838
1415,raspberrypi,484.0,2023-09-18,14:05:01,Whole,645.4917460085038,,4.2522282445817545,,1873.0,1000.75,4.2522282445817545,0,1,1,,0.015873015873015872,0.9841269841269841,,0.015873015873015872,0.015873015873015872,0.015873015873015872,439.77155388098294,,,184.7893513645023,1793.3932585414855,439.77155388098294,417.6006247740403,28.04744173463537,0.0
1416,raspberrypi,486.0,2023-09-18,14:05:01,Whole,200.95161017844666,1.0,2.8100577511365787,31.48412298286233,1899.75,1448.75,2.8100577511365787,0,2,2,,0.031746031746031744,0.9682539682539683,,0.0,0.031746031746031744,0.0,181.8821201607287,,,526.4319969360613,1484.6455981943623,181.8821201607287,333.79482549359005,239.73198528841905,0.0
1417,raspberrypi,492.0,2023-09-18,14:05:01,Whole,1624.7747624325361,,7.653605328512797,,3111.125,2787.5,7.145910426146671,0,3,2,,0.0,1.0,,0.0,0.0,0.0,1647.5513686335992,,,2033.2629104907064,2276.0973703197424,1647.5513686335992,1735.2779159394318,1482.2209452121388,1312.555310815735
1418,raspberrypi,495.0,2023-09-18,14:05:01,Whole,239.19088251458118,1.0,3.2472991965918347,36.02825739864186,1964.888888888889,1569.75,3.2435193785375254,0,5,9,788.1462802867428,0.1111111111111111,0.8571428571428571,,0.0,0.1111111111111111,0.1111111111111111,266.87470826601424,,,647.545664990325,1460.3410624226015,266.87470826601424,378.68538356161855,120.86966428711446,159.40614625849923
1419,raspberrypi,106.0,2023-09-18,02:15:01,Whole,1475.2484514649243,,8.61803694778852,,1038.25,1375.0,8.61803694778852,0,1,1,,0.0,1.0,,0.0,0.0,0.0,813.5491040607442,,,1097.2328761727454,1055.4931289547299,813.5491040607442,895.4388748556182,454.33053800706335,576.5347302390659
1420,raspberrypi,379.0,2023-09-18,02:15:01,Whole,880.1024131558747,,5.5424552770470665,,1551.0,1677.5,5.5424552770470665,0,1,1,,0.0,1.0,,0.0,0.0,0.0,370.841617186706,,,897.382454961853,1073.3708025674616,370.841617186706,537.2095786069879,198.4796096084169,225.331330125881
1421,raspberrypi,404.0,2023-09-18,02:15:01,Whole,802.8082525916795,0.6666666666666666,5.968818156630097,493.7160826958142,2371.71875,1659.34375,3.3275202969999635,0,11,8,64954.945751326006,0.02564102564102564,0.9487179487179487,,0.0,0.02564102564102564,0.01282051282051282,754.8783049542484,,,963.1412073784768,1829.961200025694,754.8783049542484,800.2409709164165,543.761829565571,711.6107976103872
1422,raspberrypi,485.0,2023-09-18,02:15:01,Whole,194.04071502778638,0.0,5.384637891909375,,2484.786858974359,2207.2195512820513,5.494347512526823,0,24,78,0.17054856313962746,0.0,1.0,,0.0,0.0,0.0,803.4437305100013,,,1271.984952195626,1677.300725573128,803.4437305100013,925.5435671966479,703.3335591395847,461.4829363100717
1423,raspberrypi,486.0,2023-09-18,02:15:01,Whole,413.9318061206266,,2.925324153691383,,2243.75,1693.75,2.925324153691383,0,1,1,,0.01282051282051282,0.9871794871794872,,0.0,0.01282051282051282,0.01282051282051282,351.0078729906773,,,724.6325621903147,1625.640793654946,351.0078729906773,442.9340704902359,171.62923644180512,127.4785221243206
1424,raspberrypi,493.0,2023-09-18,02:15:01,Whole,874.1845240662218,1.0,6.530156553579469,13.817289930915985,1487.0,1847.4903846153845,5.494347512526823,0,16,13,45.384498861508575,0.0,0.8461538461538461,,0.0,0.0,0.1282051282051282,485.13137635389285,,,1074.226665313506,911.7320822026988,485.13137635389285,651.6892918863068,162.92208037320538,349.0733504304875
1425,raspberrypi,425.0,2023-09-18,06:10:01,Whole,547.1411102551608,,,,2767.5,1086.25,,0,0,1,,0.0,1.0,,0.0,0.0,0.0,904.1420198271877,,,513.5287126768287,2391.9886960040812,904.1420198271877,793.8045451797507,429.8876850075086,723.1617423876108
1426,raspberrypi,491.0,2023-09-18,06:10:01,Whole,513.2852322587353,1.0,,140.75799266826732,2700.5,1343.625,,0,0,2,,0.0,0.75,,0.0,0.0,0.0,763.8946080081041,,,603.3177473585102,2196.773597710039,763.8946080081041,681.9316057925731,268.61620973681784,645.5191025234429
1427,raspberrypi,524.0,2023-09-18,06:10:01,Whole,1520.417270285118,,,,733.25,869.0,,0,0,1,,0.0,1.0,,0.0,0.0,0.0,1257.622291402587,,,1273.9638356290714,1497.2352901576082,1257.622291402587,1279.4899817961953,768.7142474203316,926.4314698070766
1428,raspberrypi,485.0,2023-09-17,19:55:01,Whole,444.71146272682387,0.11764705882352941,5.932550773417222,4.243199546286384,2554.860507246377,1654.177536231884,4.71356544588467,0,125,69,1.856856129581153,0.0,0.8947368421052632,,0.0,0.0,0.0,611.4425300340592,,,770.8195144845773,1920.668380961637,611.4425300340592,608.4379453860009,219.67706166991607,437.2256506992389
1429,raspberrypi,486.0,2023-09-17,19:55:01,Whole,643.1281878206322,0.6086956521739131,5.713269811447536,11.393062845514416,2073.0232142857144,769.225,5.09527489047671,0,132,70,185.16294431848758,0.0,0.07894736842105263,,0.9210526315789473,0.0,0.881578947368421,688.1332325689048,,,2.4617590271818335,2099.2626484462285,688.1332325689048,590.5094197207985,132.05451560434378,276.5065755865981
1430,raspberrypi,496.0,2023-09-17,19:55:01,Whole,734.8988490996771,1.0,5.7698225738354765,76.71858745768952,1942.8936567164178,1824.6194029850747,3.1616174694154946,0,129,67,1620.408586973718,0.13157894736842105,0.13157894736842105,,0.11842105263157894,0.13157894736842105,0.34210526315789475,626.2182126664137,,,952.0234956696772,1335.793438316182,626.2182126664137,716.0468976278778,256.9923527351407,319.373977613241
1431,raspberrypi,657.0,2023-09-17,19:55:01,Whole,1391.0241261326182,,7.16968807795449,,1850.5,657.5,5.935397891887036,0,6,2,,0.0,1.0,,0.0,0.0,0.0,1356.3181634976638,,,1013.6212014054586,2251.9923518139008,1356.3181634976638,1295.5280411339384,901.5187937276659,1059.8450872806623
1432,raspberrypi,404.0,2023-09-18,03:15:01,Whole,1176.9956724287872,,,,2974.75,1788.25,,0,0,1,,0.0,1.0,,0.0,0.0,0.0,1028.3024125730299,,,1114.1828334120366,2259.8579800710054,1028.3024125730299,1021.0630454053098,638.9161530045657,853.51609013494
1433,raspberrypi,493.0,2023-09-18,03:15:01,Whole,218.17790779814234,1.0,,25.225045348927942,1867.91015625,2286.40625,,0,0,32,215.63558170297813,0.15151515151515152,0.09090909090909091,,0.0,0.15151515151515152,0.0,695.4310715482344,,,1355.4081397976327,1058.9431854050536,695.4310715482344,884.7723645539309,359.8804346082258,329.29460272683974
1434,raspberrypi,542.0,2023-09-18,06:35:01,Whole,397.60681653557634,,,,2769.5,2447.75,,0,0,1,,0.0,1.0,,0.0,0.0,0.0,1169.1303029260891,,,1585.7569281014992,1929.4326228861287,1169.1303029260891,1268.3452985369415,1027.4092944605818,833.4150697332544
1435,raspberrypi,653.0,2023-09-18,06:35:01,Whole,406.92038704012947,,,,2898.75,2443.75,,0,0,1,,0.0,1.0,,0.0,0.0,0.0,1259.375509853413,,,1631.7573064779078,2058.692076411261,1259.375509853413,1343.8916508127245,1078.7583019345245,936.904123250905
1436,raspberrypi,896.0,2023-09-18,06:35:01,Whole,794.1216540234179,,,,2710.5,1261.0,,0,0,1,,0.0,1.0,,0.0,0.0,0.0,791.1334871327757,,,554.7635131407153,2247.762623134093,791.1334871327757,696.807968603792,293.8379113368627,653.8479638970294
1437,raspberrypi,159.0,2023-09-18,07:30:01,Whole,579.9845284206865,0.0,3.8798088910367072,,1394.2115384615386,1402.6346153846155,3.8823436227867476,0,9,13,0.14050925925925928,0.0,0.7719298245614035,,0.0,0.0,0.22807017543859648,480.94944830176644,,,807.8071008327604,1187.1399492350174,480.94944830176644,583.7903755232599,183.2940185186137,220.32148769463194
1438,raspberrypi,487.0,2023-09-18,07:30:01,Whole,1144.1726301235794,1.0,6.5571332011560095,108.43364746598621,1284.125,2602.25,6.420101940839339,0,8,7,2.156808823746664e-26,0.0,0.8947368421052632,,0.0,0.0,0.0,1153.3004670063497,,,1833.7351843417382,457.6750113764368,1153.3004670063497,1333.154522419774,729.9742422176743,885.9299933886404
1439,raspberrypi,493.0,2023-09-18,07:30:01,Whole,224.79462240064018,0.5098039215686274,4.991733953423352,4.370526253153529,2121.699519230769,1559.1875,3.953809105411533,0,17,52,7.501942116346359,0.9122807017543859,0.08771929824561403,,0.0,0.9122807017543859,0.9122807017543859,252.40502148516245,,,587.5294914337077,1591.9931434614277,252.40502148516245,343.35762230328163,64.37626941629667,96.19430362404042
1440,raspberrypi,987.0,2023-09-18,07:30:01,Whole,775.7643198879454,,5.133335812775865,,2240.875,2357.25,4.123899096236529,0,2,2,,0.0,1.0,,0.0,0.0,0.0,795.3734017342822,,,1386.14044543292,1411.815191660399,795.3734017342822,961.4426710287069,573.1922332195268,422.9411695925922
1441,raspberrypi,159.0,2023-09-17,17:30:01,Whole,555.012468980567,,5.174219554690685,,1643.0,2039.5,1.5134058469539569,0,3,1,,0.0,0.9873417721518988,,0.0,0.0,0.012658227848101266,504.9632685385982,,,1170.4160919451665,932.7564564445661,504.9632685385982,686.159702519351,62.82575755383468,235.71875853482214
1442,raspberrypi,190.0,2023-09-17,17:30:01,Whole,1310.2283571606185,,8.439193657451813,,2489.75,3016.0,7.960742763427969,0,2,1,,0.0,1.0,,0.0,0.0,0.0,1496.4408459427348,,,2067.640291224102,1696.9529797987414,1496.4408459427348,1641.2689194402549,1237.970265379216,1126.7479614787528
1443,raspberrypi,392.0,2023-09-17,17:30:01,Whole,1379.616145621088,,7.793623024191154,,808.25,1336.25,4.332931926819338,0,4,1,,0.0,1.0,,0.0,0.0,0.0,1038.8805406986335,,,1292.7756507815504,1039.5851385001047,1038.8805406986335,1113.3141301320088,662.5195298112119,808.1378262269191
1444,raspberrypi,425.0,2023-09-17,17:30:01,Whole,798.7184112887612,,4.4582147873127385,,2809.6666666666665,1683.8333333333333,1.800451885454039,0,12,3,,0.0,1.0,,0.0,0.0,0.0,934.7970445333543,,,971.8164453061131,2170.715918710977,934.7970445333543,926.050235851251,633.3395785211361,681.0252945384896
1445,raspberrypi,481.0,2023-09-17,17:30:01,Whole,804.2803020464926,0.01282051282051282,6.038045152822251,2.2638462845343543,2793.4272151898736,1316.3037974683543,5.7711304477771845,0,182,79,0.1891013395910078,0.0,0.9873417721518988,,0.0,0.0,0.0,853.2922238790605,,,654.1435757210553,2289.9397073955606,853.2922238790605,768.1388027674509,358.3982101790591,740.4383913590776
1446,raspberrypi,483.0,2023-09-17,17:30:01,Whole,576.3959197902258,0.6875,5.436828680670822,33.10301664695443,1792.1666666666667,2214.6060606060605,2.254578513731045,0,124,33,734.8057351704854,0.0,0.7215189873417721,,0.0,0.0,0.012658227848101266,623.6858622784138,,,1297.9997295466044,1004.1621724547564,623.6858622784138,817.7125786202507,229.0784036595659,277.5895057554647
1447,raspberrypi,485.0,2023-09-17,17:30:01,Whole,572.3795763967541,0.6551724137931034,5.409610268163558,14.013629343487935,2281.2083333333335,2305.4,2.291111613408443,0,114,30,127.8473952421713,0.0,0.759493670886076,,0.0,0.0,0.0,767.1273806786752,,,1338.5681392055947,1460.298130373167,767.1273806786752,928.1111834886673,624.9036200362782,441.9551278726756
1448,raspberrypi,486.0,2023-09-17,17:30:01,Whole,262.1429461021709,,4.332578414187948,,2003.5,1970.6666666666667,3.071088268209934,0,6,3,,0.0379746835443038,0.9620253164556962,,0.0,0.0379746835443038,0.02531645569620253,381.1415436648148,,,1012.176854739379,1288.6208661587027,381.1415436648148,588.5041875945174,159.66074069730197,30.660483303087503
1449,raspberrypi,488.0,2023-09-17,17:30:01,Whole,805.1142199024882,0.3116883116883117,5.622538261671214,6.231823786880644,1349.554487179487,1985.2884615384614,7.506941697722463,0,182,78,27.63666747882216,0.0,0.6962025316455697,,0.0,0.0,0.0,659.2475191831375,,,1265.0651340815652,717.7388586371666,659.2475191831375,823.6974193719991,287.6351231157795,482.4458945045072
1450,raspberrypi,491.0,2023-09-17,17:30:01,Whole,637.273476319478,0.75,4.395637152585724,24.9419707698983,2746.419117647059,1636.5661764705883,1.6757304069267598,0,69,17,1508.2365147971816,0.0,0.8481012658227848,,0.0,0.0,0.012658227848101266,788.2622298570572,,,854.963691161577,2102.2889197825452,788.2622298570572,764.8612103445797,390.4987726079951,655.0412728025265
1451,raspberrypi,498.0,2023-09-17,17:30:01,Whole,923.8319130522126,0.0,6.355685443230462,,2277.0833333333335,847.8916666666667,3.6088266134825466,0,46,15,0.06551136363636363,0.0,0.810126582278481,,0.189873417721519,0.0,0.0,697.5861705572079,,,0.0,2174.0427073361006,697.5861705572079,587.1164787784026,203.25643152566744,367.9379281671722
1452,raspberrypi,106.0,2023-09-17,20:55:01,Whole,1438.0945391249759,,9.249651093216517,,1040.5,1375.0,9.249651093216517,0,1,1,,0.0,1.0,,0.0,0.0,0.0,811.4172732981134,,,1095.2158485145344,1056.2181788522055,811.4172732981134,893.345613544413,452.2478317610715,574.2857106703794
1453,raspberrypi,110.0,2023-09-17,20:55:01,Whole,1422.0219696491263,,8.569420730010616,,1058.0,1373.75,7.970888472206337,0,2,1,,0.0,1.0,,0.0,0.0,0.0,795.0323532299891,,,1078.9945207071803,1063.156572054577,795.0323532299891,877.0770554551051,435.6078572953489,556.8326889332732
1454,raspberrypi,470.0,2023-09-17,20:55:01,Whole,1925.182692325964,,9.283748549762242,,743.0,867.5,6.825196161001975,0,2,1,,0.0,1.0,,0.0,0.0,0.0,1249.8726470107097,,,1264.1703854763136,1499.3465421334174,1249.8726470107097,1271.2423446068333,760.0484028530396,917.3952941287323
1455,raspberrypi,482.0,2023-09-17,20:55:01,Whole,1040.4414759517324,1.0,7.629770652019902,114.14283805604803,2007.1979166666667,1115.1041666666667,6.2909443387458515,0,29,24,7307.653755253729,0.05063291139240506,0.7088607594936709,,0.12658227848101267,0.05063291139240506,0.1518987341772152,671.6428956366962,,,382.8910597206133,1800.185680562249,671.6428956366962,641.8420107832392,225.1866757436376,312.4324197450613
1456,raspberrypi,485.0,2023-09-17,20:55:01,Whole,353.66275289877933,0.0,8.0609752976025,,2728.0648734177216,1976.9367088607594,4.790340729638073,0,56,79,0.039145917412755714,0.0,1.0,,0.0,0.0,0.0,861.552211336893,,,1136.8234307805214,1968.192856479622,861.552211336893,911.9393999767466,590.084591513548,607.7012227348253
1457,raspberrypi,493.0,2023-09-17,20:55:01,Whole,553.5398493885535,1.0,4.903475887919331,12.918452196515544,1992.485,2229.365,3.9312038163603615,0,26,25,149.97124905705334,0.0,0.6962025316455697,,0.0,0.0,0.0,609.218465775808,,,1266.4306426516357,1192.2441981719044,609.218465775808,804.0950023995513,318.7662730395632,255.50433694051048
1458,raspberrypi,524.0,2023-09-17,20:55:01,Whole,1933.310181910703,,8.947039684375776,,733.25,868.0,6.10969071287897,0,2,1,,0.0,1.0,,0.0,0.0,0.0,1258.0906546642134,,,1273.9313964740613,1498.2334782598339,1258.0906546642134,1279.8557014396797,769.0508781513881,926.6873752175463
1459,raspberrypi,653.0,2023-09-17,20:55:01,Whole,980.8289583768958,,6.277203294079961,,1709.25,1153.5,5.7910542988825755,0,2,1,,0.012658227848101266,0.9873417721518988,,0.0,0.012658227848101266,0.012658227848101266,357.4419658114852,,,406.28913718833627,1572.3798429312658,357.4419658114852,403.0380601324414,45.50977474031909,0.0
1460,raspberrypi,657.0,2023-09-17,20:55:01,Whole,1065.2990287302873,0.0,7.896343098839815,,2394.125,2918.25,5.156933611413732,0,4,2,,0.0,1.0,,0.0,0.0,0.0,1371.3779255381924,,,1958.1889519869599,1582.909535665845,1371.3779255381924,1522.4999459743512,1103.6527329112528,1001.6071564219274
1461,raspberrypi,159.0,2023-09-18,12:55:01,Whole,733.7016300655981,,0.7279725946416289,,2959.0,1083.75,0.7279725946416289,1,1,1,,0.0,1.0,,0.0,0.0,0.0,1074.28027395838,,,691.9321914738873,2552.5805129703353,1074.28027395838,967.8016428032613,593.8196812832005,912.5855554871447
1462,raspberrypi,392.0,2023-09-18,12:55:01,Whole,1671.382951858594,,9.62401444234705,,833.0,750.25,8.463138192888707,0,2,1,,0.0,1.0,,0.0,0.0,0.0,1235.1645242651214,,,1175.4042322787043,1624.0991877961915,1235.1645242651214,1240.9891539492392,727.4503123712974,869.6640393684006
1463,raspberrypi,441.0,2023-09-18,12:55:01,Whole,1367.9420752011588,,,,1011.75,1143.5,,0,0,1,,0.0,1.0,,0.0,0.0,0.0,896.2243349037469,,,1038.874435714722,1269.5300107606856,896.2243349037469,943.0083679619875,439.6468055907242,610.9685627212041
1464,raspberrypi,482.0,2023-09-18,12:55:01,Whole,963.5077655012285,1.0,6.967707854406499,14.278114699172328,1864.048076923077,637.375,5.009864298372384,0,11,13,72.61773470100701,0.0,0.7843137254901961,,0.13725490196078433,0.0,0.0,794.2558724365583,,,196.0343368029946,2084.9840696539814,794.2558724365583,711.6800702061912,278.00800111215307,330.4202490822108
1465,raspberrypi,483.0,2023-09-18,12:55:01,Whole,351.1229228248064,1.0,4.0885751644466595,90.196819980703,2462.644230769231,1331.076923076923,3.531575559950683,1,16,26,3191.416752120127,0.13725490196078433,0.49019607843137253,,0.058823529411764705,0.13725490196078433,0.3137254901960784,598.4981893754317,,,526.2989856927156,2008.8972775989735,598.4981893754317,562.3360839756276,151.2669358705117,334.17049292499144
1466,raspberrypi,486.0,2023-09-18,12:55:01,Whole,553.7960237142346,1.0,4.968720057249627,17.105115854773633,1833.5961538461538,1636.2692307692307,5.006782211910063,0,10,13,40.488901771968514,0.2549019607843137,0.7450980392156863,,0.0,0.2549019607843137,0.058823529411764705,245.8223825281354,,,743.2416757914848,1321.2355956342158,245.8223825281354,426.53245689376337,207.81663097269384,114.28173063857831
1467,raspberrypi,491.0,2023-09-18,12:55:01,Whole,554.3948944698639,1.0,6.352857751315362,69.37609164428864,2857.625,1322.75,3.75064574947048,0,11,8,6.590249183670362e-26,0.0,0.8627450980392157,,0.0,0.0,0.0,919.6146248498234,,,723.5402349200687,2344.077366919659,919.6146248498234,840.0895075748442,421.21066580653286,805.6060104648491
1468,raspberrypi,492.0,2023-09-18,12:55:01,Whole,1523.6278294649958,0.0,9.595894620975459,,3115.2045454545455,2786.6136363636365,8.976347521245625,0,3,11,0.012627712073784549,0.0,1.0,,0.0,0.0,0.0,1649.7687951044295,,,2034.2501556425143,2280.0875856879443,1649.7687951044295,1737.126099635792,1483.4488490579206,1315.1480713712465
1469,raspberrypi,968.0,2023-09-18,12:55:01,Whole,633.1203191420202,1.0,6.4042076633541996,12.06751838614717,1857.375,1886.875,6.4042076633541996,0,2,2,,0.0392156862745098,0.9607843137254902,,0.0,0.0392156862745098,0.0392156862745098,296.8901569820899,,,955.0237593979892,1194.0925246381266,296.8901569820899,514.3902884682589,20.426297356898843,0.0
1470,raspberrypi,147.0,2023-09-18,14:25:01,Whole,1155.1320497895538,,9.005053668630612,,1032.25,1145.5,4.3300813873606385,0,2,1,,0.0,1.0,,0.0,0.0,0.0,877.0188254891985,,,1019.6991386099626,1273.00875312798,877.0188254891985,923.621761693145,419.0895569065437,590.4458093451412
1471,raspberrypi,159.0,2023-09-18,14:25:01,Whole,556.5340105640623,,4.285659223292679,,1496.0,1911.75,4.285659223292679,0,1,1,,0.0,0.9864864864864865,,0.0,0.0,0.013513513513513514,511.0249844624304,,,1123.5012879146211,878.0109382172689,511.0249844624304,680.1052988179434,143.69395284245022,337.4835418978315
1472,raspberrypi,425.0,2023-09-18,14:25:01,Whole,1147.026519202558,,9.675970349439085,,1042.0,1145.0,5.710212867635813,0,2,1,,0.0,1.0,,0.0,0.0,0.0,868.4273178784448,,,1010.1921282351116,1276.1550937312234,868.4273178784448,914.7227145754135,409.36256068667666,580.7021481913771
1473,raspberrypi,481.0,2023-09-18,14:25:01,Whole,397.29089702601254,0.9821428571428571,4.648758662399826,19.002152172168397,2294.6788793103447,1486.2370689655172,4.559107433610551,1,47,58,228.65376637287102,0.25675675675675674,0.21621621621621623,,0.0,0.25675675675675674,0.6756756756756757,396.8415251629273,,,531.6341952973949,1781.1984921008175,396.8415251629273,386.30163047353835,0.0,255.89402412102675
1474,raspberrypi,483.0,2023-09-18,14:25:01,Whole,869.1253643919976,1.0,6.118066762720808,131.34521611952283,1215.2625,1938.125,4.6182679292590345,0,15,10,15380.365944601808,0.0,0.9054054054054054,,0.0,0.0,0.0,774.5447284914123,,,1326.2552544827226,683.6448225668494,774.5447284914123,925.108134278443,449.50893302866365,566.3950415941038
1475,raspberrypi,484.0,2023-09-18,14:25:01,Whole,660.6552681615415,1.0,6.170092761897954,98.66060438267144,1385.5,1704.866935483871,4.711442914572872,0,30,31,12628.111408576882,0.14864864864864866,0.5945945945945946,,0.0,0.14864864864864866,0.10810810810810811,540.4307328656539,,,1039.76628896909,962.2767123683036,540.4307328656539,694.0083827258293,274.6540444661139,241.95561790794838
1476,raspberrypi,488.0,2023-09-18,14:25:01,Whole,315.05617477160826,1.0,4.5273824675144345,12.233733575346504,1782.046875,1537.9375,3.873743340581546,0,23,16,43.2911582027762,0.21621621621621623,0.7837837837837838,,0.0,0.21621621621621623,0.0,202.88158961889462,,,657.2125086447684,1337.5360396072551,202.88158961889462,386.0083769560964,266.58973485055037,57.75285048250453
1477,raspberrypi,492.0,2023-09-18,14:25:01,Whole,1511.6238300137522,0.0,10.61368256841075,,3112.1029411764707,2786.794117647059,9.318306132204755,0,26,17,0.27279035160881454,0.0,1.0,,0.0,0.0,0.0,1647.7321372350852,,,2033.0551020460737,2277.0122235423314,1647.7321372350852,1735.3431038907372,1482.1112444137154,1312.936705647959
1478,raspberrypi,495.0,2023-09-18,14:25:01,Whole,237.89649382837445,,4.892568094367431,,1880.5,1926.5,2.0279554211751556,0,2,1,,0.013513513513513514,0.9864864864864865,,0.0,0.013513513513513514,0.013513513513513514,319.6105282480656,,,987.3536932401787,1195.5640117020353,319.6105282480656,541.1386669502468,42.57277164712903,0.0
1479,raspberrypi,621.0,2023-09-18,14:25:01,Whole,397.3804742556301,,3.362044525963371,,2280.25,1433.0,0.02763824126829994,1,2,1,,0.0,0.9864864864864865,,0.0,0.0,0.013513513513513514,376.14200699047393,,,471.83403386784727,1793.9868311775742,376.14200699047393,338.2213493596211,0.0,261.80299076170576
1480,raspberrypi,34.0,2023-09-18,15:15:01,Whole,430.07068526748037,,2.2781396821377164,,2372.75,1621.5,0.1936839435187231,2,3,1,,0.0,0.9868421052631579,,0.0,0.0,0.013157894736842105,445.51981955706714,,,676.596012458394,1773.4891269679813,445.51981955706714,461.7492542766755,119.6241260853258,267.7293526049211
1481,raspberrypi,115.0,2023-09-18,15:15:01,Whole,992.6004244458945,,5.381583484136998,,1043.0,1146.5,2.896407547733967,0,3,1,,0.0,1.0,,0.0,0.0,0.0,866.9849044261895,,,1009.6496481768752,1274.9905033327661,866.9849044261895,913.4832074070733,408.3123952524019,579.6859511873074
1482,raspberrypi,159.0,2023-09-18,15:15:01,Whole,393.72047150995854,1.0,4.34273489590498,24.108544536950628,2316.153846153846,1461.625,0.8479185397633064,12,34,13,264.155288265268,0.10526315789473684,0.8552631578947368,,0.0,0.10526315789473684,0.14473684210526316,438.0695246829737,,,569.1109101889738,1811.1735472361092,438.0695246829737,450.2302989455651,70.5121753308889,172.08482691637045
1483,raspberrypi,425.0,2023-09-18,15:15:01,Whole,996.2868933396288,,4.340996714603535,,1039.25,1146.25,1.28250127513158,0,2,1,,0.0,1.0,,0.0,0.0,0.0,870.4478422784842,,,1013.181264461103,1274.1955675570598,870.4478422784842,916.9977534953856,412.0685427663354,583.4382652630568
1484,raspberrypi,481.0,2023-09-18,15:15:01,Whole,427.20174470604525,0.9295774647887324,4.515716678022937,18.38598048328638,2350.0694444444443,1647.251736111111,3.497255734885221,12,172,72,493.3339777709599,0.06578947368421052,0.05263157894736842,,0.0,0.06578947368421052,0.7763157894736842,431.6174986274149,,,696.5790888407474,1741.9458377615592,431.6174986274149,464.6857122024877,144.77034936418852,255.3932878089864
1485,raspberrypi,482.0,2023-09-18,15:15:01,Whole,1072.9144188008404,0.9655172413793104,7.768147557652754,43.61285308558143,1306.50390625,637.0078125,6.0458120306356555,0,80,32,1452.1656992187613,0.0,0.631578947368421,,0.0,0.0,0.0,1020.5310415160586,,,729.4622486240245,1862.5308539775883,1020.5310415160586,984.7001689000583,552.420636012121,615.4677232962904
1486,raspberrypi,483.0,2023-09-18,15:15:01,Whole,522.2761735511231,1.0,4.960569481349218,80.34999759544952,2448.53125,1166.7265625,2.3518220749703307,2,63,16,2531.476666135198,0.0,0.7894736842105263,,0.0,0.0,0.14473684210526316,613.6319529480743,,,333.11256245192294,2089.5948781851894,613.6319529480743,518.885145488109,123.335219640968,379.36551307935093
1487,raspberrypi,486.0,2023-09-18,15:15:01,Whole,692.6283614734554,1.0,6.8798345203252085,18.848664150500863,1647.2875,1998.9625,4.170274565969761,0,36,10,31.170404709326547,0.013157894736842105,0.868421052631579,,0.0,0.013157894736842105,0.13157894736842105,472.82925120572406,,,1131.711722605081,956.3433192470686,472.82925120572406,652.0294127142613,35.41543050425251,217.49941888170892
1488,raspberrypi,488.0,2023-09-18,15:15:01,Whole,1149.1347098490287,1.0,7.7400351207888045,98.32704554415461,3090.0138888888887,1574.4166666666667,4.753577269662774,0,57,18,5378.625479883296,0.0,0.8026315789473685,,0.0,0.0,0.0,1162.3702104150018,,,1064.3790895926636,2470.844091602568,1162.3702104150018,1114.9468905952483,752.4231046044865,1004.439266713182
1489,raspberrypi,492.0,2023-09-18,15:15:01,Whole,1772.6540962468193,0.0,9.821828764077715,,3117.9204545454545,2781.2954545454545,7.476140298526439,0,37,11,0.0,0.0,1.0,,0.0,0.0,0.0,1647.9059143304282,,,2030.6651829130838,2282.3525809095077,1647.9059143304282,1734.7567434659554,1480.0694832433276,1313.7700600237958
1490,raspberrypi,494.0,2023-09-18,15:15:01,Whole,193.4671472441588,0.7142857142857143,4.787226928438319,19.340797545061946,2008.4722222222222,1576.5277777777778,1.8500504490907388,0,30,9,193.3333093632643,0.11842105263157894,0.881578947368421,,0.0,0.11842105263157894,0.039473684210526314,208.81057039790556,,,622.6327521706983,1489.9458075774926,208.81057039790556,355.0345538099433,225.7120224304096,41.324122741907686
1491,raspberrypi,496.0,2023-09-18,15:15:01,Whole,936.1849915043123,0.9818181818181818,6.079975122619914,43.18382269514332,1240.0267857142858,1365.642857142857,5.722189749596415,0,130,56,2651.771508664932,0.0,0.2894736842105263,,0.0,0.0,0.0,792.225199748911,,,1031.6580434285167,1182.6906377953487,792.225199748911,869.0777528475719,377.3328122310301,541.8539618125158
1492,raspberrypi,498.0,2023-09-18,15:15:01,Whole,1101.9893856658812,1.0,6.59319919543198,12.038242128961697,2143.4166666666665,311.71875,4.965174163690184,0,43,12,4.6153615889408846,0.0,0.8552631578947368,,0.0,0.0,0.0,1144.1100230123548,,,360.1879103908953,2510.348062210202,1144.1100230123548,1024.2862660106484,601.1246721855049,722.0733083537209
1493,raspberrypi,40.0,2023-09-17,20:00:01,Whole,1663.5385429254777,,7.982764915883859,,1771.25,2961.25,5.577178725420502,0,3,1,,0.0,1.0,,0.0,0.0,0.0,1338.2370328052882,,,2022.4816146369606,990.3156844864861,1338.2370328052882,1518.2412560889695,953.4068845326685,1015.6948749375046
1494,raspberrypi,106.0,2023-09-17,20:00:01,Whole,1045.6859791905256,,5.974966022600758,,2465.25,2133.5,4.808746728092073,0,3,1,,0.0,1.0,,0.0,0.0,0.0,738.5546552864247,,,1195.749908831838,1674.084498990024,738.5546552864247,857.8468447277404,639.7434509106503,405.08547334921417
1495,raspberrypi,110.0,2023-09-17,20:00:01,Whole,779.8149754658365,,4.065915860034942,,1059.0,1374.0,3.445330255568054,0,2,1,,0.0,1.0,,0.0,0.0,0.0,794.0511239431804,,,1078.2129124980859,1063.2564172695818,794.0511239431804,876.1528844469142,434.7838351865144,555.8251832747441
1496,raspberrypi,485.0,2023-09-17,20:00:01,Whole,612.2268693183562,0.8461538461538461,7.655474205991814,19.983321328399224,2065.1761363636365,764.407196969697,5.80320826628814,0,70,66,406.3175874797514,0.20512820512820512,0.15384615384615385,,0.7051282051282052,0.20512820512820512,0.3333333333333333,716.6865017334,,,67.5204121117741,2101.110215034913,716.6865017334,625.5644916635023,223.6216126753378,381.3451001049173
1497,raspberrypi,494.0,2023-09-17,20:00:01,Whole,450.26142942489037,0.0,4.976256965169519,,1638.511217948718,1703.9727564102564,5.798788226201301,0,70,78,0.08365724377158493,0.0,0.0,,0.0,0.0,1.0,318.0470046403425,,,872.0305069425098,1119.883494836585,318.0470046403425,496.5998396429901,128.51025775376507,216.64925954938252
1498,raspberrypi,683.0,2023-09-17,20:00:01,Whole,1175.4136120848257,,6.753376817769817,,2207.75,2413.75,4.69779363817772,0,2,1,,0.0,1.0,,0.0,0.0,0.0,835.5716828273352,,,1441.1710386623822,1372.1985659699458,835.5716828273352,1004.8480746374455,589.1685639437075,463.9715541582578
1499,raspberrypi,17.0,2023-09-17,19:25:01,Whole,719.5236307704707,,3.9563800805524663,,2022.0,992.25,3.9563800805524663,0,1,1,,0.012658227848101266,0.9873417721518988,,0.012658227848101266,0.012658227848101266,0.012658227848101266,466.4184420807646,,,66.30688143564899,1895.286865754395,466.4184420807646,414.41797115496547,0.0,75.6128711031119
1500,raspberrypi,106.0,2023-09-17,19:25:01,Whole,1278.801329975319,,6.91630497595851,,2465.5,2133.5,6.91630497595851,0,1,1,,0.0,1.0,,0.0,0.0,0.0,738.7297151825975,,,1195.8070465076098,1674.32750859002,738.7297151825975,857.9719437504488,639.784517013911,405.302195412212
1501,raspberrypi,159.0,2023-09-17,19:25:01,Whole,65.97796568651286,0.0,5.299725831018985,,1359.2516025641025,1377.7195512820513,5.007685151186905,0,5,78,0.042435409161252234,0.0,0.012658227848101266,,0.0,0.0,0.9873417721518988,516.0875343779866,,,821.4217127788068,1189.6142253422765,516.0875343779866,609.9696397560681,185.48535964068176,255.52517721940214
1502,raspberrypi,482.0,2023-09-17,19:25:01,Whole,867.8111994387879,1.0,5.026492436545979,83.43816093920763,2270.0625,1583.21875,5.007685151186905,0,3,4,31.188073624331352,0.02531645569620253,0.9493670886075949,,0.0,0.02531645569620253,0.05063291139240506,361.55337385829006,,,622.5031972608981,1704.9535284885992,361.55337385829006,397.1244891857867,73.43067119870182,181.26095419798278
1503,raspberrypi,17.0,2023-09-17,21:15:01,Whole,303.6600541288855,,,,2439.25,2244.0,,0,0,1,,0.0,1.0,,0.0,0.0,0.0,801.2957047751331,,,1298.2694995719244,1625.653948442449,801.2957047751331,934.0063693231065,676.3965351627847,448.70427183932514
1504,raspberrypi,447.0,2023-09-17,21:15:01,Whole,1173.8678080931445,,7.079097080665523,,1623.25,1012.25,6.272994629993035,0,2,1,,0.014084507042253521,0.9859154929577465,,0.0,0.014084507042253521,0.014084507042253521,499.0299470345184,,,415.96733889372723,1639.3877237292947,499.0299470345184,502.11762320938396,58.1097814135549,46.734914570442896
1505,raspberrypi,481.0,2023-09-17,21:15:01,Whole,633.957236531862,0.8,4.3924123185868185,16.572049134008743,1748.482142857143,1646.0535714285713,5.993262049627756,0,7,7,46.95303793299561,0.09859154929577464,0.9014084507042254,,0.0,0.09859154929577464,0.014084507042253521,260.5325306092686,,,777.7490687526163,1250.2202309837571,260.5325306092686,448.7650641367942,218.54808939887718,95.3450134863266
1506,raspberrypi,485.0,2023-09-17,21:15:01,Whole,559.0065860438189,0.0,6.042296138193272,,2830.6145833333335,1947.3645833333333,5.305430104990264,0,58,60,0.025848795498410414,0.0,1.0,,0.0,0.0,0.0,940.4778397106127,,,1159.9527444574774,2074.9210098847993,940.4778397106127,972.9532169666097,629.6989401495271,706.7221194992658
1507,raspberrypi,493.0,2023-09-17,21:15:01,Whole,508.9617742731942,1.0,4.849777406341559,10.641194676487808,1804.732142857143,2185.5178571428573,5.112608407204648,0,53,49,53.248576522717805,0.0,0.323943661971831,,0.0,0.0,0.352112676056338,578.3266871963717,,,1259.2253595480302,1024.6800873324096,578.3266871963717,774.3402918071636,191.50064408963462,248.90214199390505
1508,raspberrypi,496.0,2023-09-17,21:15:01,Whole,680.3528625182711,1.0,4.327406740653987,67.23553134279324,1661.7916666666667,1702.3055555555557,2.4475284054706945,0,18,9,1220.3651691073537,0.04225352112676056,0.8732394366197183,,0.0,0.04225352112676056,0.11267605633802817,311.0508663423877,,,861.3958247447038,1139.4664541689394,311.0508663423877,490.9952255314988,140.68480574244532,202.73577461181085
1509,raspberrypi,498.0,2023-09-17,21:15:01,Whole,841.3271733446941,,7.216838309406669,,2465.75,1170.75,7.216838309406669,0,1,1,,0.0,0.9859154929577465,,0.0,0.0,0.014084507042253521,613.6952695542865,,,314.118653677422,2098.4581341652975,613.6952695542865,510.8956696535759,163.54639014220928,412.11687905808446
1510,raspberrypi,621.0,2023-09-17,21:15:01,Whole,578.9922983769036,,5.112528663727523,,1762.875,1732.625,5.112528663727523,0,1,2,,0.028169014084507043,0.971830985915493,,0.0,0.028169014084507043,0.014084507042253521,275.8771684418999,,,849.6368225768617,1208.0990273869834,275.8771684418999,473.0340789127561,116.0870239141338,48.35945344469394
1511,raspberrypi,106.0,2023-09-18,07:25:01,Whole,1084.873297901649,,,,2767.25,914.0,,0,0,1,,0.0,1.0,,0.0,0.0,0.0,987.5498998746012,,,465.4680028408414,2494.014709789345,987.5498998746012,866.0834904273767,547.9265079753643,769.989149331457
1512,raspberrypi,159.0,2023-09-18,07:25:01,Whole,674.7360007627178,,,,1394.875,1409.125,,0,0,2,,0.0,0.6,,0.0,0.0,0.4,479.46134028204824,,,811.223169679007,1182.0674174028677,479.46134028204824,583.9451985450964,188.369001624669,219.92507600503396
1513,raspberrypi,379.0,2023-09-18,07:25:01,Whole,708.1804307519377,,,,2243.75,2357.5,,0,0,1,,0.0,1.0,,0.0,0.0,0.0,796.7294820290607,,,1386.5476933506704,1414.630173935892,796.7294820290607,962.4294991628136,575.5023480026294,424.3253159719263
1514,raspberrypi,987.0,2023-09-18,07:25:01,Whole,707.9197588710178,,,,2242.25,2357.75,,0,0,1,,0.0,1.0,,0.0,0.0,0.0,796.3666688404654,,,1386.7139491048551,1413.1101703860988,796.3666688404654,962.256566900554,574.5490460865225,423.94839764490365
1515,raspberrypi,109.0,2023-09-18,05:35:01,Whole,2215.354187456286,,11.49910546341608,,1312.5,50.5,11.49910546341608,0,1,1,,0.0,1.0,,0.0,0.0,0.0,1491.3765097535322,,,993.338615984225,2403.129686583439,1491.3765097535322,1416.8166027241157,1032.8420667751063,1021.9633649573166
1516,raspberrypi,486.0,2023-09-18,05:35:01,Whole,624.7987583055058,,,,1938.75,1519.25,,0,0,1,,0.014492753623188406,0.9855072463768116,,0.0,0.014492753623188406,0.0,179.2604852660705,,,579.4147655337536,1468.743065199229,179.2604852660705,340.83040273982687,211.99304993323773,0.0
1517,raspberrypi,493.0,2023-09-18,05:35:01,Whole,82.23250651361685,0.9090909090909091,11.49910546341608,10.171190902789698,2099.4007352941176,2165.9411764705883,11.49910546341608,0,1,68,131.403307105459,0.4492753623188406,0.043478260869565216,,0.0,0.4492753623188406,0.0,576.8277663293078,,,1197.5570470013597,1312.138451205645,576.8277663293078,764.2549241863375,335.5593233652175,198.74293069677873
1518,raspberrypi,159.0,2023-09-18,07:20:01,Whole,202.47069181166518,0.0,,,1394.7,1410.45,,0,0,5,0.40384969934966897,0.0,0.5,,0.0,0.0,0.5,479.4410023748642,,,812.1705000811986,1180.8632536653547,479.4410023748642,584.2274111346475,189.58550609440408,220.11295164866337
1519,raspberrypi,190.0,2023-09-18,07:20:01,Whole,1063.3321664701018,,,,2236.0,2354.5,,0,0,1,,0.0,1.0,,0.0,0.0,0.0,790.9624166262389,,,1383.1365994264866,1407.3598406431622,790.9624166262389,957.6787093942901,567.7248579698157,418.47700339272575
1520,raspberrypi,470.0,2023-09-18,07:20:01,Whole,1152.4519388026556,,,,701.5,756.5,,0,0,1,,0.0,1.0,,0.0,0.0,0.0,1340.4223700943282,,,1306.4323354263486,1608.0264615718315,1340.4223700943282,1352.3816561959316,841.232804137518,990.1722217267072
1521,raspberrypi,524.0,2023-09-18,07:20:01,Whole,1051.7343990998868,,,,733.5,868.75,,0,0,1,,0.0,1.0,,0.0,0.0,0.0,1257.5223068784815,,,1273.7057931436718,1497.4999000477974,1257.5223068784815,1279.3555768632218,768.5628823690628,926.2536801780361
1522,raspberrypi,666.0,2023-09-18,07:20:01,Whole,1071.307038738195,,,,2244.75,2357.25,,0,0,1,,0.0,1.0,,0.0,0.0,0.0,796.8969981059028,,,1386.3544825827194,1415.6547381737657,796.8969981059028,962.4707217455098,576.0837126245976,424.50280616821755
1523,raspberrypi,987.0,2023-09-18,07:20:01,Whole,1069.6138304313386,,,,2242.0,2357.5,,0,0,1,,0.0,1.0,,0.0,0.0,0.0,796.040708999834,,,1386.4505764207127,1412.896137454779,796.040708999834,961.9646530244688,574.1960556399067,423.61894076325603
1524,raspberrypi,106.0,2023-09-18,13:00:01,Whole,1083.87792207919,,,,1071.75,1685.5,,0,0,1,,0.0,1.0,,0.0,0.0,0.0,787.8454828927325,,,1236.0261264575772,780.9761746682066,787.8454828927325,912.3704364981271,604.2264482324136,605.1503488581113
1525,raspberrypi,110.0,2023-09-18,13:00:01,Whole,1172.9104798409394,,,,1098.25,1373.25,,0,0,1,,0.0,1.0,,0.0,0.0,0.0,757.1411784588784,,,1042.9216937941655,1077.6630687092131,757.1411784588784,839.8887616133463,398.55199385281907,516.6223563232189
1526,raspberrypi,481.0,2023-09-18,13:00:01,Whole,643.8143684005809,1.0,3.374346759259468,15.447345567345828,1560.767857142857,1634.357142857143,3.3452772001286624,0,4,14,103.55755320362174,0.21212121212121213,0.5757575757575758,,0.0,0.21212121212121213,0.06060606060606061,353.86490857723953,,,856.8800957794564,1110.9721619558507,353.86490857723953,518.2494857965492,221.06130878545812,192.06004160608862
1527,raspberrypi,482.0,2023-09-18,13:00:01,Whole,401.45919293678566,,,,1731.5833333333333,1862.6666666666667,,0,0,3,,0.09090909090909091,0.9090909090909091,,0.0,0.09090909090909091,0.09090909090909091,335.5043772745236,,,973.1657335920196,1098.9507791694377,335.5043772745236,529.1320517060218,0.0,110.84516508518948
1528,raspberrypi,486.0,2023-09-18,13:00:01,Whole,447.886935565131,1.0,8.287209657223768,51.182200312489634,2190.3,1501.15,8.26921833222881,0,3,5,1129.7610567582801,0.09090909090909091,0.8484848484848485,,0.0,0.09090909090909091,0.15151515151515152,302.30012291390875,,,532.4419047124393,1681.403090584113,302.30012291390875,332.872233733379,11.025382636652822,149.1623901051259
1529,raspberrypi,492.0,2023-09-18,13:00:01,Whole,1302.6148955373842,0.0,8.287209657223768,,3115.1477272727275,2786.375,8.26921833222881,0,3,11,0.023084327908426756,0.0,1.0,,0.0,0.0,0.0,1649.5599953422175,,,2034.0107523192344,2280.0109036834638,1649.5599953422175,1736.9086607888028,1483.224762575607,1314.9034147536145
1530,raspberrypi,495.0,2023-09-18,13:00:01,Whole,346.1932885255459,1.0,3.374346759259468,41.760835147846954,2220.1875,1607.46875,3.3452772001286624,0,4,4,690.3770966315255,0.12121212121212122,0.8787878787878788,,0.0,0.12121212121212122,0.12121212121212122,321.0771760048355,,,636.9896063226156,1648.5641713426164,321.0771760048355,384.8280744620751,87.07756263231995,119.63997268123141
1531,raspberrypi,621.0,2023-09-18,13:00:01,Whole,635.7352288655262,,,,1704.25,1463.25,,0,0,1,,0.030303030303030304,0.9696969696969697,,0.0,0.030303030303030304,0.0,235.3070106984068,,,633.9680953228426,1333.3968215672867,235.3070106984068,400.0439170976707,227.50727988323803,0.0
1532,raspberrypi,470.0,2023-09-18,05:15:01,Whole,907.4972539818241,,4.755573689551553,,2883.5,2381.0,4.755573689551553,0,1,1,,0.0,1.0,,0.0,0.0,0.0,1207.4997245728857,,,1568.3905928994284,2048.0354063069217,1207.4997245728857,1288.4345752923666,1016.3344674155335,891.0599043093582
1533,raspberrypi,485.0,2023-09-18,05:15:01,Whole,12.968020432422103,0.0,4.755573689551553,,2486.5160714285716,1550.5464285714288,4.755573689551553,0,1,70,0.05773615842310936,0.0,0.0,,0.0,0.0,1.0,542.2864672239103,,,648.0293330561092,1907.3700042132966,542.2864672239103,511.0341936399277,104.73521197079273,397.3900768767122
1534,raspberrypi,441.0,2023-09-18,01:45:01,Whole,2147.867347110388,,11.217109167076277,,704.5,755.5,11.217109167076277,0,1,1,,0.0,1.0,,0.0,0.0,0.0,1338.4220592440568,,,1303.480960003939,1609.1453952540578,1338.4220592440568,1350.1695824786489,838.9546919127861,987.686434174389
1535,raspberrypi,493.0,2023-09-18,01:45:01,Whole,25.43732613405472,0.03896103896103896,4.036047574774709,7.363103697813017,2533.5448717948716,1928.746794871795,2.434677648086096,1,4,78,3.058098562920454,0.0,0.9615384615384616,,0.0,0.0,0.0,674.0638854227893,,,1017.5199026885899,1796.8997461350582,674.0638854227893,748.4734947632202,456.9877131556609,409.6234050869748
1536,raspberrypi,653.0,2023-09-18,01:45:01,Whole,466.7523765626893,,2.4608524500067634,,2145.25,2204.75,2.4608524500067634,0,1,1,,0.0,1.0,,0.0,0.0,0.0,619.7848391016394,,,1231.4340378550094,1346.3123592666968,619.7848391016394,802.0306936691634,402.73156288569453,245.94813026773392
1537,raspberrypi,707.0,2023-09-18,01:45:01,Whole,20.34093380093726,,0.05772583585036632,,2532.25,1916.25,0.05772583585036632,1,1,1,,0.0,1.0,,0.0,0.0,0.0,667.3349859025664,,,1005.2713082069924,1799.7372160837665,667.3349859025664,739.4355134962676,446.0019167459749,406.8807745271155
1538,raspberrypi,726.0,2023-09-18,01:45:01,Whole,483.70006257919135,,2.4085028461654288,,2978.25,1787.5,2.4085028461654288,0,1,1,,0.0,1.0,,0.0,0.0,0.0,1031.4705615688715,,,1115.8747171933503,2263.4144897206356,1031.4705615688715,1023.8936583616653,641.5194923578808,857.0749357867555
1539,raspberrypi,106.0,2023-09-18,11:50:01,Whole,1083.6944204581703,,6.35355223721426,,1061.5,1973.25,6.35355223721426,0,1,1,,0.0,1.0,,0.0,0.0,0.0,886.422658467797,,,1438.2618100285329,528.1046838424968,886.422658467797,1034.8968475661463,581.2465425813245,771.6823823478124
1540,raspberrypi,470.0,2023-09-18,11:50:01,Whole,1207.9179511417724,,7.842021692766811,,872.875,1065.75,3.2739942399758437,0,7,2,,0.0,1.0,,0.0,0.0,0.0,1074.0537151248566,,,1199.448175736151,1333.2495150578447,1074.0537151248566,1121.1436476673955,645.1735923305835,780.3301596868102
1541,raspberrypi,481.0,2023-09-18,11:50:01,Whole,273.2799834616555,1.0,3.024985145329055,16.419115225766056,2244.7708333333335,1546.2291666666667,2.2928299318974297,2,13,6,111.6408190037715,0.08,0.92,,0.0,0.08,0.08,337.6657736146279,,,578.2186973641797,1701.8041018170627,337.6657736146279,358.5903939370549,23.956196937031997,184.09127163953266
1542,raspberrypi,482.0,2023-09-18,11:50:01,Whole,601.1115066638307,1.0,5.257949184929273,74.82147168888437,2211.228260869565,1893.179347826087,2.0687178243755358,1,62,23,5422.101930524949,0.14666666666666667,0.6933333333333334,,0.0,0.14666666666666667,0.0,507.98568567196315,,,971.3975299393372,1536.1141614375495,507.98568567196315,646.3071295492376,420.7230790292108,235.16519547326595
1543,raspberrypi,484.0,2023-09-18,11:50:01,Whole,140.9387496922309,0.9047619047619048,4.523050777460656,12.048832037756222,2137.7151162790697,1421.9011627906978,3.025033532720793,3,106,43,159.64108350225968,0.5733333333333334,0.4266666666666667,,0.0,0.5733333333333334,0.5733333333333334,275.57057610610605,,,449.99145287419987,1685.536443553763,275.57057610610605,303.75138215714,0.0,138.55351172400293
1544,raspberrypi,488.0,2023-09-18,11:50:01,Whole,678.7450012005078,0.859375,4.841435460515917,49.929973282782406,2374.25,1064.196153846154,3.7219157380105536,1,159,65,5478.191859080262,0.0,0.13333333333333333,,0.5333333333333333,0.0,0.49333333333333335,713.6409053305741,,,275.93801096446623,2132.8347380492087,713.6409053305741,633.2764255728674,115.93819552029878,281.03814448375726
1545,raspberrypi,491.0,2023-09-18,11:50:01,Whole,439.3300459580535,0.717948717948718,3.773827258691343,24.059406188452233,2383.579268292683,1631.746951219512,3.652446883889703,5,105,41,320.94384990869776,0.0,0.4533333333333333,,0.0,0.0,0.4666666666666667,460.07587135083924,,,689.8590173346862,1779.6593357193717,460.07587135083924,476.6813690943609,158.76998478910357,293.0105921108627
1546,raspberrypi,493.0,2023-09-18,11:50:01,Whole,689.9607199608112,0.704225352112676,4.8601909609808605,5.553522003247306,1311.857638888889,1489.5243055555557,4.611563047719271,0,175,72,13.934949525211605,0.0,0.3333333333333333,,0.0,0.0,0.0,549.2889541784099,,,926.3021494944769,1069.794319191386,549.2889541784099,662.7696942360005,319.3709327794276,310.1363713714515
1547,raspberrypi,388.0,2023-09-18,01:50:01,Whole,38.30447466036219,,0.05227296760459672,,2471.25,2109.5,0.05227296760459672,1,1,1,,0.0,1.0,,0.0,0.0,0.0,726.7704189301705,,,1173.8038193980806,1685.6792852143371,726.7704189301705,842.3668127343739,617.1211779362051,398.8974382178988
1548,raspberrypi,404.0,2023-09-18,01:50:01,Whole,559.0749372621782,0.0,3.135877101201369,,2975.0,1788.4285714285713,3.136295714646352,0,7,7,0.0,0.0,1.0,,0.0,0.0,0.0,1028.5769354734111,,,1114.4807163609478,2260.038023384071,1028.5769354734111,1021.3526111934167,639.2597104204228,853.7389554468879
1549,raspberrypi,493.0,2023-09-18,01:50:01,Whole,48.441954216161584,0.0,1.5940750344029828,,2463.1796875,2115.7125,3.136144701469093,1,8,80,0.12939884375283411,0.0,1.0,,0.0,0.0,0.0,725.1264377060687,,,1177.961516639372,1676.3328912311313,725.1264377060687,843.0359336591594,621.8239633089638,394.6294898551942
1550,raspberrypi,110.0,2023-09-18,10:05:01,Whole,1525.1377997896525,,7.82977222689513,,1615.0,2451.5,7.82977222689513,0,1,1,,0.0,1.0,,0.0,0.0,0.0,875.4240760275422,,,1566.0908027631879,778.9846409310414,875.4240760275422,1062.5075587112765,457.23700263779017,579.6715668684888
1551,raspberrypi,115.0,2023-09-18,10:05:01,Whole,1569.2664977138916,,7.66067123203913,,1040.75,1146.25,7.66067123203913,0,1,1,,0.0,1.0,,0.0,0.0,0.0,869.0985703837434,,,1011.7405825350561,1274.6085749939552,869.0985703837434,915.6127751262123,410.56934485784103,581.938342606596
1552,raspberrypi,190.0,2023-09-18,10:05:01,Whole,1127.823428857796,,,,2239.5,2357.5,,0,0,1,,0.0,1.0,,0.0,0.0,0.0,795.0621272895454,,,1386.3152827908798,1410.4190018864072,795.0621272895454,961.3048650462431,572.3334242055868,422.61848346085577
1553,raspberrypi,379.0,2023-09-18,10:05:01,Whole,788.639553290278,,,,1920.25,1684.0,,0,0,1,,0.014285714285714285,0.9857142857142858,,0.0,0.014285714285714285,0.014285714285714285,201.7682410813054,,,742.7046547103041,1355.1255580647542,201.7682410813054,403.0318445115337,188.72220956122888,0.0
1554,raspberrypi,470.0,2023-09-18,10:05:01,Whole,1524.137506651075,,7.443064714567494,,1616.25,2451.25,7.443064714567494,0,1,1,,0.0,1.0,,0.0,0.0,0.0,874.7834972525707,,,1565.4590284582064,780.2562050146933,874.7834972525707,1061.8957294771863,456.7154007121844,578.9220806314162
1555,raspberrypi,481.0,2023-09-18,10:05:01,Whole,390.27360981392843,1.0,6.578800353968652,38.769819114167696,2666.5503731343283,1202.3880597014925,7.443064714567494,0,5,67,1220.1614316370978,0.0,0.04285714285714286,,0.0,0.0,0.32857142857142857,816.6308159191286,,,590.120132352274,2251.576956521776,816.6308159191286,742.6074541729777,517.6666158330188,737.1834026430288
1556,raspberrypi,496.0,2023-09-18,10:05:01,Whole,660.8869658879314,,4.757637879913243,,1949.25,1384.0,4.757637879913243,0,1,1,,0.014285714285714285,0.9857142857142858,,0.0,0.014285714285714285,0.0,196.11863729363904,,,448.00519038382726,1564.661782220009,196.11863729363904,316.1643876794554,194.4672931636896,0.0
1557,raspberrypi,638.0,2023-09-18,10:05:01,Whole,1181.1879555032483,,5.202855716428268,,3108.25,2357.875,5.202855716428268,0,1,2,,0.0,1.0,,0.0,0.0,0.0,1372.4554791951582,,,1654.9789291654183,2273.9461853107696,1372.4554791951582,1429.1763020620615,1122.571088164803,1081.1317295166243
1558,raspberrypi,159.0,2023-09-18,07:45:01,Whole,858.6863562796277,,4.958966026668944,,1390.625,1377.5,4.958966026668944,0,2,2,,0.0,0.9565217391304348,,0.0,0.0,0.043478260869565216,488.21407580974983,,,795.7095443830815,1206.350419370191,488.21407580974983,584.4215279130203,165.1485946461313,224.33433199976676
1559,raspberrypi,484.0,2023-09-18,07:45:01,Whole,140.50899097668997,0.4318181818181818,4.912905056107963,3.997448438733543,2187.136111111111,833.3111111111111,2.8764118071539864,0,12,45,3.3449001575514132,0.0,0.021739130434782608,,0.9782608695652174,0.0,0.9782608695652174,667.993866911197,,,0.0,2123.800070946468,667.993866911197,563.5159117094537,138.76851628929654,303.34182790423733
1560,raspberrypi,621.0,2023-09-18,07:45:01,Whole,406.1706102820682,1.0,2.8064832236276476,15.957925518113207,2071.2,1365.95,2.6380156105252754,0,9,10,268.51685646981196,0.21739130434782608,0.782608695652174,,0.0,0.21739130434782608,0.21739130434782608,249.65312877176706,,,399.51058937090653,1668.5942647316667,249.65312877176706,303.75609641997596,87.24028164430239,63.82684294239517
1561,raspberrypi,987.0,2023-09-18,07:45:01,Whole,1227.765152804731,,6.973265918027298,,2473.5,2149.5,6.973265918027298,0,1,1,,0.0,1.0,,0.0,0.0,0.0,755.2294236817381,,,1213.2185882169988,1678.4272296212628,755.2294236817381,874.4369666145842,656.9004575324875,420.3075561826814
1562,raspberrypi,190.0,2023-09-18,16:25:01,Whole,1507.203703699153,,10.343908631855358,,1822.5,658.25,7.806726937417808,0,2,1,,0.0,1.0,,0.0,0.0,0.0,775.7272332027816,,,221.94218357143308,2045.1445707908633,775.7272332027816,699.6772652707834,281.7290096647554,306.5077370196433
1563,raspberrypi,441.0,2023-09-18,16:25:01,Whole,2037.799192824891,,10.449886194465753,,728.0,869.5,5.0333099451058,0,2,1,,0.0,1.0,,0.0,0.0,0.0,1261.9493306923341,,,1279.2274449095523,1496.4281458958958,1261.9493306923341,1284.0513725142564,773.4935677594763,931.3809778236543
1564,raspberrypi,476.0,2023-09-18,16:25:01,Whole,428.49622745649043,,4.9231912916090295,,1957.75,2099.75,2.2895117357987367,0,3,1,,0.012658227848101266,0.9873417721518988,,0.0,0.012658227848101266,0.012658227848101266,477.6282739845345,,,1141.9088204868935,1196.914435130964,477.6282739845345,684.4672406659147,190.51209761775684,135.82921912220627
1565,raspberrypi,481.0,2023-09-18,16:25:01,Whole,426.9325514117059,1.0,6.2218575757337815,14.266815509980816,2332.8571428571427,1633.8214285714287,7.211213284189428,0,8,7,52.59957024500504,0.012658227848101266,0.9113924050632911,,0.0,0.012658227848101266,0.08860759493670886,413.3087681194982,,,679.580657850906,1732.6039193311851,413.3087681194982,446.65328782944306,131.94074121753198,223.64596696581083
1566,raspberrypi,482.0,2023-09-18,16:25:01,Whole,1357.9221489631423,1.0,6.640853006991993,136.05416030719786,1240.4959677419354,1491.3306451612902,5.984125601470523,0,55,31,7871.2333095321555,0.0,0.620253164556962,,0.0,0.0,0.02531645569620253,760.1466316931788,,,1050.8546941609027,1060.2953963687526,760.1466316931788,848.3797577201118,382.28447389509654,529.4562516024525
1567,raspberrypi,486.0,2023-09-18,16:25:01,Whole,669.4690259023747,1.0,3.9034618757386297,8.728897824590447,1838.9212962962963,1669.962962962963,3.739614245500393,2,64,27,84.9361498739284,0.34177215189873417,0.6582278481012658,,0.0,0.34177215189873417,0.31645569620253167,212.76768398040713,,,755.3068441008908,1297.8252340686622,212.76768398040713,412.1341279538841,149.7572023292942,56.64901630919833
1568,raspberrypi,488.0,2023-09-18,16:25:01,Whole,716.1141691723626,1.0,5.005375065407477,45.22239539131408,2333.09375,1350.3392857142858,3.876054215924389,0,58,28,838.5559991078557,0.10126582278481013,0.6455696202531646,,0.10126582278481013,0.10126582278481013,0.24050632911392406,500.5844877055703,,,421.993967701997,1900.2654757674004,500.5844877055703,467.18591227033414,155.47114376696896,301.5290553098956
1569,raspberrypi,491.0,2023-09-18,16:25:01,Whole,698.3897224647885,,7.322249718059613,,1701.5,1909.25,5.984125601470523,0,2,1,,0.012658227848101266,0.9873417721518988,,0.0,0.012658227848101266,0.012658227848101266,380.28720639479485,,,1027.6713834624754,1048.5257070662017,380.28720639479485,568.7276165823172,0.0,132.66182125943544
1570,raspberrypi,492.0,2023-09-18,16:25:01,Whole,1042.4512123340835,0.0,9.464454906574476,,3135.3652597402597,2779.6233766233768,8.690732492761208,0,99,77,0.02946368727165688,0.0,1.0,,0.0,0.0,0.0,1659.0002795014009,,,2036.9041862232375,2299.6036900757585,1659.0002795014009,1744.3937989822437,1487.2695415403116,1326.2345317288996
1571,raspberrypi,495.0,2023-09-18,16:25:01,Whole,479.6607393605257,1.0,3.9416944017490927,37.24281422592311,2023.8333333333333,1740.25,0.9723505386019013,2,9,3,40.50807706675872,0.0379746835443038,0.9620253164556962,,0.0,0.0379746835443038,0.0,236.46061354782157,,,776.9260337714646,1411.946778175404,236.46061354782157,429.4714648695284,234.599455979339,0.0
1572,raspberrypi,496.0,2023-09-18,16:25:01,Whole,1206.584903537436,,2.8192047752278326,,1861.25,969.5,2.1026448504797517,0,2,1,,0.012658227848101266,0.9873417721518988,,0.012658227848101266,0.012658227848101266,0.012658227848101266,466.8866795449226,,,179.75986304884105,1810.8588847682593,466.8866795449226,439.75113386594967,42.84548002308976,1.5822398939928348
1573,raspberrypi,657.0,2023-09-18,16:25:01,Whole,621.6309732827384,,3.733508125074097,,2768.75,2545.25,2.2478843697557576,0,2,1,,0.0,1.0,,0.0,0.0,0.0,1239.3351602327261,,,1677.0765011096569,1925.0255505750833,1239.3351602327261,1344.9139749504816,1110.646388661803,895.127931992062
1574,raspberrypi,726.0,2023-09-18,16:25:01,Whole,1506.4058772271317,,8.632826562457552,,1040.75,1375.25,4.245848832544953,0,2,1,,0.0,1.0,,0.0,0.0,0.0,811.1454071534255,,,1095.1026960710274,1056.0623816138766,811.1454071534255,893.1161378205004,452.11136024128285,574.0284717286656
1575,raspberrypi,110.0,2023-09-18,16:00:01,Whole,1590.431554461927,,10.543148445859144,,1066.125,1616.25,8.779008857306643,0,4,2,,0.0,1.0,,0.0,0.0,0.0,812.7503485259058,,,1213.3863485465608,846.7022474292961,812.7503485259058,924.1875777662248,501.6718864686601,623.1396614661005
1576,raspberrypi,441.0,2023-09-18,16:00:01,Whole,2093.785372746584,,11.685576001239221,,730.75,868.75,7.510705208244561,0,2,1,,0.0,1.0,,0.0,0.0,0.0,1259.9101162293123,,,1276.4543324731055,1497.3362080970765,1259.9101162293123,1281.8395346047146,771.1530310793904,928.9124433876957
1577,raspberrypi,470.0,2023-09-18,16:00:01,Whole,1582.0459278547626,,9.887511307380143,,1094.5,1375.25,6.981462828028306,0,2,1,,0.0,1.0,,0.0,0.0,0.0,760.3763585530307,,,1047.1714677868956,1074.4430188493818,760.3763585530307,843.3713936883684,402.79415738326065,520.3033844225124
1578,raspberrypi,484.0,2023-09-18,16:00:01,Whole,768.6310971483581,1.0,6.541326999921727,8.210511555317366,1925.75,1442.875,3.7734418770585165,0,12,6,9.18391865858302e-27,0.075,0.925,,0.0,0.075,0.0,184.75119140102575,,,511.4325200749275,1507.9693386480383,184.75119140102575,327.23302609366044,213.2250168338527,0.0
1579,raspberrypi,491.0,2023-09-18,16:00:01,Whole,559.1870871870151,,6.013689331933579,,2138.5,1482.5,3.5832747098821565,0,4,2,,0.025,0.975,,0.0,0.025,0.025,265.68556264876906,,,509.40981600341405,1649.7225754677486,265.68556264876906,313.3512122791538,12.068980407387606,124.97947473588442
1580,raspberrypi,492.0,2023-09-18,16:00:01,Whole,1150.3122411758748,0.0,12.072052160988928,,3138.003125,2776.91875,11.102726028882183,0,95,80,0.04595795945434363,0.0,1.0,,0.0,0.0,0.0,1658.9713080167169,,,2035.6664584799096,2302.016393719703,1658.9713080167169,1744.0077743489007,1486.2392940034492,1326.6031961957322
1581,raspberrypi,494.0,2023-09-18,16:00:01,Whole,824.3158973088671,,5.8622870345399525,,2111.25,1105.25,1.5961945179051313,0,2,1,,0.0125,0.9875,,0.0125,0.0125,0.0125,408.68690445782653,,,135.64135447301322,1874.090799747919,408.68690445782653,363.9021585289203,41.57793675171753,99.13126462373393
1582,raspberrypi,496.0,2023-09-18,16:00:01,Whole,1013.1931590124939,0.7848101265822784,6.005114234175281,34.56082555474028,2317.5640625,789.2390625,11.097126561765947,0,95,80,1419.209295221718,0.0,0.0125,,0.8625,0.0,0.175,771.0588850463465,,,55.27326759532608,2245.6168842843676,771.0588850463465,656.3712133831244,220.52767910259968,386.3021786092292
1583,raspberrypi,524.0,2023-09-18,16:00:01,Whole,2160.42856495428,,12.148864537282536,,711.25,756.5,7.993650854026981,0,2,1,,0.0,1.0,,0.0,0.0,0.0,1332.233044470601,,,1296.692334640359,1608.4337238413589,1332.233044470601,1343.8101196977775,832.4354099613031,980.997344666577
1584,raspberrypi,944.0,2023-09-18,16:00:01,Whole,1277.819406527769,,7.541735758485265,,1741.5,828.0,2.7038580629600295,0,2,1,,0.0125,0.9875,,0.0,0.0125,0.0,621.7777282854913,,,264.9869630834262,1858.3169955658445,621.7777282854913,578.2075206848754,210.05310980819473,144.20163996101257
1585,raspberrypi,159.0,2023-09-17,21:05:01,Whole,574.9304594380349,0.0,4.195959956759184,,1776.575,1559.8,4.134519735797425,0,4,15,1.9411194026470055e-07,0.29411764705882354,0.7058823529411765,,0.0,0.29411764705882354,0.0,207.39150956593923,,,679.0174437554998,1318.743413284623,207.39150956593923,392.991327707221,251.83250613008036,73.01766430038091
1586,raspberrypi,486.0,2023-09-17,21:05:01,Whole,226.72416642228998,0.5833333333333334,4.195959956759184,25.747985750471646,2272.2115384615386,2172.891025641026,4.134519735797425,0,4,39,532.9174483178273,0.0,0.5882352941176471,,0.0,0.0,0.0,652.8415480087988,,,1206.5508388274588,1477.3113069867775,652.8415480087988,812.2828804915222,502.50280711673315,281.33108677042253
1587,raspberrypi,987.0,2023-09-17,21:05:01,Whole,367.1864434888967,,,,2155.25,2376.0,,0,0,1,,0.0,1.0,,0.0,0.0,0.0,783.5095638597975,,,1402.6310580114148,1324.4582001290134,783.5095638597975,959.1245460696522,525.9222884095046,413.1955946322927
1588,raspberrypi,109.0,2023-09-17,22:35:01,Whole,1830.3174058459615,,10.278262435514376,,1690.75,2761.25,10.278262435514376,0,1,1,,0.0,1.0,,0.0,0.0,0.0,1152.7273018184374,,,1843.2768940771314,862.7107251348193,1152.7273018184374,1336.7474549399785,754.3088174488717,849.0587128272642
1589,raspberrypi,110.0,2023-09-17,22:35:01,Whole,1064.6112182679858,,,,2460.25,2135.5,,0,0,1,,0.0,1.0,,0.0,0.0,0.0,736.4260464834351,,,1196.5652195423463,1668.754808550224,736.4260464834351,856.9130739004829,640.914521005032,401.7666775986889
1590,raspberrypi,374.0,2023-09-17,22:35:01,Whole,475.0764875742807,,0.07227141585020597,,2076.5,722.25,0.07227141585020597,1,1,1,,0.0,0.9871794871794872,,0.01282051282051282,0.0,0.01282051282051282,733.2182568879138,,,0.0,2138.1223497468436,733.2182568879138,632.4700266494004,179.23685929289002,316.91589197565366
1591,raspberrypi,484.0,2023-09-17,22:35:01,Whole,1733.4801542722066,,9.413833764942995,,981.75,2073.5,8.615582934530803,0,2,1,,0.0,1.0,,0.0,0.0,0.0,999.8741720994514,,,1565.8949955594353,400.2089781922776,999.8741720994514,1150.8006135457908,675.6544779378241,870.3251914767648
1592,raspberrypi,485.0,2023-09-17,22:35:01,Whole,264.16362163099285,0.2692307692307692,6.382741164937766,2.8050641755253563,2656.1550925925926,1021.1273148148148,2.790071439981257,0,44,54,1.5874090435206318,0.0,0.8205128205128205,,0.0,0.0,0.0,841.1102980941159,,,385.73172601027153,2340.6107249818447,841.1102980941159,725.108525097699,394.31334202173,630.6438916607934
1593,raspberrypi,486.0,2023-09-17,22:35:01,Whole,395.5562078863209,0.7258064516129032,4.431919812188851,24.92272074056925,2244.751953125,1069.505859375,2.808901897058825,1,45,64,617.6681465515262,0.0,0.1794871794871795,,0.48717948717948717,0.0,0.782051282051282,617.91783598155,,,231.61849488531993,2027.2510223613535,617.91783598155,544.6275937163329,157.84489045319495,306.4484498292146
1594,raspberrypi,498.0,2023-09-17,22:35:01,Whole,271.54563140108235,,3.1071851621180953,,2213.25,873.0,2.4002045748841088,0,2,1,,0.0,0.9871794871794872,,0.01282051282051282,0.0,0.01282051282051282,645.3179598691256,,,0.0,2112.0008714490828,645.3179598691256,541.6425927815951,135.0087318492117,300.395019682525
1595,raspberrypi,524.0,2023-09-17,22:35:01,Whole,1677.3266675549748,,7.017165907213781,,732.5,867.25,7.017165907213781,0,1,1,,0.0,1.0,,0.0,0.0,0.0,1259.093108877618,,,1274.657153670532,1498.9371892097317,1259.093108877618,1280.8075191096352,770.0099398239464,927.6046884530117
1596,raspberrypi,485.0,2023-09-17,20:35:01,Whole,35.737202093093664,0.015384615384615385,7.119901010189824,2.0155644370746373,2643.882575757576,1930.876893939394,7.119901010189824,0,2,66,0.12186159705560554,0.0,0.9848484848484849,,0.0,0.0,0.0,769.0264220027726,,,1059.4917088121035,1900.9937564427992,769.0264220027726,823.5826778453144,506.63785064638944,519.1514220652407
1597,raspberrypi,524.0,2023-09-17,20:35:01,Whole,2152.541581179784,,11.296001115049565,,732.25,867.75,11.296001115049565,0,1,1,,0.0,1.0,,0.0,0.0,0.0,1259.0757363065165,,,1274.9228872122903,1498.4231722138354,1259.0757363065165,1280.8501755802824,770.0766238984442,927.7180472333932
1598,raspberrypi,653.0,2023-09-17,20:35:01,Whole,552.0501083480391,,2.9438009053300824,,2222.5,2314.5,2.9438009053300824,0,1,1,,0.0,1.0,,0.0,0.0,0.0,749.2305245814129,,,1342.5423831757575,1400.0062465996477,749.2305245814129,918.1565942264909,531.298542555723,376.4076313327904
1599,raspberrypi,470.0,2023-09-18,15:40:01,Whole,1447.2795631050824,,8.887137407760545,,1041.75,1375.0,4.7552299794858195,0,2,1,,0.0,1.0,,0.0,0.0,0.0,810.2331416088575,,,1094.095622559115,1056.6225275585791,810.2331416088575,892.1830423527044,451.0913344343882,573.0362581773511
1600,raspberrypi,481.0,2023-09-18,15:40:01,Whole,627.782272966522,1.0,6.3013420308406,18.293103908739695,1842.6125,1633.45625,4.180048107512217,0,50,20,244.59305576493261,0.2597402597402597,0.7402597402597403,,0.0,0.2597402597402597,0.11688311688311688,213.91997681610118,,,723.5000937099961,1323.555560240687,213.91997681610118,402.16786764441406,198.2473644033443,88.85808745782731
1601,raspberrypi,486.0,2023-09-18,15:40:01,Whole,937.6880290414514,1.0,5.569647718640263,134.23456950708052,1788.6816037735848,1749.5259433962265,3.381594738072037,1,109,53,10689.300518733748,0.24675324675324675,0.3246753246753247,,0.0,0.24675324675324675,0.16883116883116883,766.7438646701405,,,1121.172127844142,1352.7810842199603,766.7438646701405,872.893010670737,502.7632054176116,612.5646307475636
1602,raspberrypi,488.0,2023-09-18,15:40:01,Whole,1165.2702367363295,1.0,9.012770937321347,134.983246021927,1200.25,1950.5681818181818,8.663384707774476,0,25,11,8731.465696352516,0.012987012987012988,0.8701298701298701,,0.0,0.012987012987012988,0.025974025974025976,775.9287727122941,,,1338.1832995705868,658.897494111055,775.9287727122941,932.9158956197425,406.320620342163,593.1766170559447
1603,raspberrypi,492.0,2023-09-18,15:40:01,Whole,1105.9486960511888,0.0,9.555731516839186,,3139.185855263158,2774.3388157894738,8.787626110249468,0,142,76,0.07320851606347611,0.0,1.0,,0.0,0.0,0.0,1658.0059877832825,,,2033.8917888968829,2302.991576776701,1658.0059877832825,1742.8050138468548,1484.5777679659166,1325.8879638355384
1604,raspberrypi,494.0,2023-09-18,15:40:01,Whole,1069.7933191534585,1.0,6.261545597979316,103.49877952525794,2238.4451754385964,1368.234649122807,5.497330865549215,0,114,57,3809.447515858253,0.0,0.2857142857142857,,0.0,0.0,0.03896103896103896,921.0453471145693,,,900.3043959222817,1885.9693382957244,921.0453471145693,907.2871261838118,512.264336828282,733.8504050112188
1605,raspberrypi,621.0,2023-09-18,15:40:01,Whole,477.9300630272948,,4.641198157536512,,1934.5,1759.75,0.7098841851553352,1,3,1,,0.012987012987012988,0.987012987012987,,0.0,0.012987012987012988,0.012987012987012988,224.71101835302156,,,812.5477255929516,1325.3439382566753,224.71101835302156,438.69187951790366,145.7596803921273,0.0
1606,raspberrypi,683.0,2023-09-18,15:40:01,Whole,561.6366535907691,,6.5536720195772755,,1844.25,2259.75,4.070427803292932,0,3,1,,0.0,1.0,,0.0,0.0,0.0,638.5777192178358,,,1320.1243541103192,1041.0156687440942,638.5777192178358,834.0255103330625,266.7553948530972,328.1353320510686
1607,raspberrypi,425.0,2023-09-18,16:35:01,Whole,1603.6822293495418,,7.764455636626148,,1032.25,1375.5,4.124754148057123,0,4,1,,0.0,1.0,,0.0,0.0,0.0,819.1669023837395,,,1102.8360094830027,1053.1029957576309,819.1669023837395,901.0307303681533,460.0778559582055,582.5177242729419
1608,raspberrypi,481.0,2023-09-18,16:35:01,Whole,313.76024510278444,1.0,5.105237638228569,18.829287645581996,2289.527777777778,1724.4351851851852,4.928364473189885,0,61,27,86.92355962096224,0.2597402597402597,0.6493506493506493,,0.0,0.2597402597402597,0.15584415584415584,397.959384146779,,,761.4638830293634,1652.2024758825519,397.959384146779,482.23710491389954,210.17981154570168,168.66080986117072
1609,raspberrypi,484.0,2023-09-18,16:35:01,Whole,1122.0912450919943,1.0,5.892696089637658,15.924314615894701,1752.3,985.8,2.953256526534601,0,16,5,36.65910535200317,0.06493506493506493,0.935064935064935,,0.0,0.06493506493506493,0.06493506493506493,470.8041441397271,,,285.96231136786037,1733.185297078875,470.8041441397271,464.217655010976,145.58766526423875,0.0
1610,raspberrypi,486.0,2023-09-18,16:35:01,Whole,1035.8552419895739,0.5866666666666667,5.793399842045558,7.994746803201867,2287.0690789473683,735.6529605263158,11.19570881252708,0,112,76,66.28897958775063,0.0,0.012987012987012988,,0.987012987012987,0.0,0.0,797.0519563393533,,,12.69709219440295,2263.2764404609047,797.0519563393533,680.2113025351402,265.9875806249099,431.0335858528639
1611,raspberrypi,492.0,2023-09-18,16:35:01,Whole,1189.1227710367282,0.0,10.482923195005753,,3136.8223684210525,2783.3881578947367,11.19570881252708,0,112,76,0.03249419801110489,0.0,1.0,,0.0,0.0,0.0,1662.6687814566137,,,2040.9233126712218,2301.3624611230907,1662.6687814566137,1748.1594278799428,1491.262421030311,1329.7492641342396
1612,raspberrypi,495.0,2023-09-18,16:35:01,Whole,615.5372878374541,,4.866706510100461,,2115.25,1341.25,1.8737383060587067,0,3,1,,0.012987012987012988,0.987012987012987,,0.0,0.012987012987012988,0.012987012987012988,281.52693251572924,,,369.6000011896455,1718.0984602173141,281.52693251572924,301.5428554418986,58.64313388236387,92.5231368873132
1613,raspberrypi,496.0,2023-09-18,16:35:01,Whole,990.1741180628964,1.0,7.475812883276774,15.678907009099838,1675.75,1362.375,4.42710350333454,0,6,3,0.0,0.03896103896103896,0.961038961038961,,0.0,0.03896103896103896,0.03896103896103896,266.7186500920025,,,572.780068311547,1388.831289565497,266.7186500920025,399.7434279041208,125.12180606556136,0.0
1614,raspberrypi,172.0,2023-09-18,02:25:01,Whole,567.6458405759768,,4.319854434059313,,2789.25,1913.75,1.8350611039709344,0,3,1,,0.0,1.0,,0.0,0.0,0.0,891.0855689025963,,,1110.0021132904444,2044.8197198237576,891.0855689025963,922.3103310474319,577.1271499618616,663.4698438280491
1615,raspberrypi,404.0,2023-09-18,02:25:01,Whole,763.4500599392068,0.0,5.061191209386998,,2976.35,1788.25,2.991125611308563,0,14,5,6.388276345463022e-26,0.0,1.0,,0.0,0.0,0.0,1029.82163844486,,,1115.2169365714203,2261.3745691051527,1029.82163844486,1022.485533026345,640.3961231163676,855.356831504127
1616,raspberrypi,425.0,2023-09-18,02:25:01,Whole,758.5423679186129,,5.0299262501905035,,2971.5,1789.0,2.9712618206365895,0,3,1,,0.0,1.0,,0.0,0.0,0.0,1025.3737428531956,,,1112.6598282607877,2256.5384803383213,1025.3737428531956,1018.459031515591,636.5341133528324,850.2060730517962
1617,raspberrypi,482.0,2023-09-18,02:25:01,Whole,983.2355543450074,0.8837209302325582,6.307281536993811,8.359003180434444,2191.1875,921.0738636363636,6.540087732643274,0,93,44,108.56033009279324,0.0,0.45,,0.55,0.0,0.55,594.7471024407074,,,0.0,2061.85917635865,594.7471024407074,497.60866368412263,94.75119668929102,256.80798862337633
1618,raspberrypi,485.0,2023-09-18,02:25:01,Whole,383.88352471963543,0.0,3.6540369952241267,,2519.859375,2145.56875,3.4311476401625804,0,126,80,0.0933541317454403,0.0,1.0,,0.0,0.0,0.0,785.4726796821681,,,1220.9020402910062,1724.4880987501797,785.4726796821681,895.4427967706006,662.3751258410124,458.6691126542184
1619,raspberrypi,486.0,2023-09-18,02:25:01,Whole,461.94276910148625,,2.9031072383776335,,1759.75,1904.75,1.6916610119929982,0,2,1,,0.0125,0.9875,,0.0,0.0125,0.0125,347.4729229488432,,,1002.1575989046121,1100.6191132981241,347.4729229488432,547.5966896498983,0.0,74.3757239889293
1620,raspberrypi,493.0,2023-09-18,02:25:01,Whole,494.91642329235157,0.2054794520547945,4.932825254170196,6.316945455527756,1854.9358108108108,2235.9037162162163,3.431103359717996,0,125,74,9.35634500716221,0.0,0.8125,,0.0,0.0,0.0,614.2811555987272,,,1294.6453594411444,1057.5577861058043,614.2811555987272,810.8342078468189,249.61741020049266,299.2812724929572
1621,raspberrypi,437.0,2023-09-18,12:50:01,Whole,677.6363242693398,,,,2118.75,1870.5,,0,0,1,,0.018518518518518517,0.9814814814814815,,0.0,0.018518518518518517,0.0,332.77327184596226,,,897.8470370046455,1433.8740755975934,332.77327184596226,525.6970883697397,281.6087011412791,0.0
1622,raspberrypi,470.0,2023-09-18,12:50:01,Whole,1154.6798463180482,,,,1044.75,1374.0,,0,0,1,,0.0,1.0,,0.0,0.0,0.0,807.5330451404955,,,1090.9635644273,1058.542855248489,807.5330451404955,889.3819797330837,447.9363882615598,570.0680774118814
1623,raspberrypi,482.0,2023-09-18,12:50:01,Whole,607.8963424953616,1.0,3.8167681112534444,39.89792921690498,1844.5416666666667,702.3666666666667,5.034385024961231,0,9,30,3018.0485325683753,0.09259259259259259,0.48148148148148145,,0.24074074074074073,0.09259259259259259,0.18518518518518517,736.9869048234393,,,197.2835155631383,2022.3212569762024,736.9869048234393,663.8984254699628,215.08505400311168,224.38625069481583
1624,raspberrypi,486.0,2023-09-18,12:50:01,Whole,738.3384381195319,1.0,6.243395767113339,40.25507588314368,1655.15,1690.05,5.034385024961231,0,9,10,1779.7978702579164,0.09259259259259259,0.8148148148148148,,0.0,0.09259259259259259,0.16666666666666666,320.88370748486403,,,861.7043411264198,1148.3248487053108,320.88370748486403,496.86263965260935,98.33118825726113,191.21626326494192
1625,raspberrypi,491.0,2023-09-18,12:50:01,Whole,1274.7933264824485,1.0,5.0488164899396955,197.71546029073573,2976.4999999999995,1567.8125,2.622188834079802,0,2,20,10803.502208808128,0.0,0.6666666666666666,,0.0,0.0,0.0,1368.9970555907203,,,1228.1017482435643,2521.722317488849,1368.9970555907203,1337.9754838888982,1054.459245949348,1161.5985935838814
1626,raspberrypi,492.0,2023-09-18,12:50:01,Whole,1842.1760677406935,,,,3115.0,2786.75,,0,0,1,,0.0,1.0,,0.0,0.0,0.0,1649.7225927617296,,,2034.283100290889,2279.895240161999,1649.7225927617296,1737.1034441335094,1483.4488490579206,1315.0475466787495
1627,raspberrypi,425.0,2023-09-17,22:25:01,Whole,749.15661121357,,,,2765.75,970.5,,0,0,1,,0.0,1.0,,0.0,0.0,0.0,956.586727832637,,,474.9085540660299,2458.490670070082,956.586727832637,838.2751557823403,505.24909766448206,749.5715038604651
1628,raspberrypi,488.0,2023-09-17,22:25:01,Whole,145.18673881456033,1.0,,78.44971403194117,2420.75,1635.8333333333333,,0,0,6,329.92796038331517,0.0,0.4,,0.0,0.0,0.4,497.9649048483473,,,709.7265250699729,1810.0742187942024,497.9649048483473,513.5360806274836,135.40553857989624,291.52318896024104
1629,raspberrypi,621.0,2023-09-17,22:25:01,Whole,454.3322056876443,,,,1899.25,1487.5,,0,0,1,,0.1,0.9,,0.0,0.1,0.0,178.651437085281,,,562.5153365966778,1458.71398838007,178.651437085281,341.02380044757393,243.6876254012182,0.0
1630,raspberrypi,638.0,2023-09-17,22:25:01,Whole,830.7982475456962,,,,2387.75,2418.0,,0,0,1,,0.0,1.0,,0.0,0.0,0.0,914.6412315669417,,,1461.1488640833618,1550.9539398896754,914.6412315669417,1061.7303198387146,724.844322348898,547.0239858170701
1631,raspberrypi,997.0,2023-09-17,22:25:01,Whole,634.9946481073679,,,,1845.0,1193.5,,0,0,1,,0.1,0.9,,0.0,0.1,0.1,289.7143964046042,,,334.17968976432485,1627.2746932165214,289.7143964046042,351.73214697606704,146.5566484698267,0.0
1632,raspberrypi,17.0,2023-09-17,17:25:01,Whole,600.1309988904621,,4.047407679877074,,2768.25,1488.5,0.3855204291635588,1,3,1,,0.0,1.0,,0.0,0.0,0.0,805.7854317323296,,,752.682384170138,2185.353277209244,805.7854317323296,749.5595629829888,332.96511333578724,684.5514985573662
1633,raspberrypi,159.0,2023-09-17,17:25:01,Whole,301.4640120566429,1.0,4.098995131480651,7.576576660266092,2332.75,1493.375,1.6324072577910662,0,27,7,2.5749997668224267e-26,0.0,0.9113924050632911,,0.0,0.0,0.08860759493670886,410.97679640129275,,,542.5457070836579,1804.3269949239589,410.97679640129275,376.77265251558765,0.0,285.1448450117512
1634,raspberrypi,425.0,2023-09-17,17:25:01,Whole,590.8190330465836,,4.231257033230013,,2801.75,1978.25,2.4286326779177565,0,4,1,,0.0,1.0,,0.0,0.0,0.0,926.7162737066734,,,1172.2625664075629,2038.7800280028546,926.7162737066734,967.7534601340545,634.665190533261,680.9953697475531
1635,raspberrypi,470.0,2023-09-17,17:25:01,Whole,1704.9411741315662,,9.446929725297313,,796.5,881.75,8.030745793932535,0,3,1,,0.0,1.0,,0.0,0.0,0.0,1196.900338887909,,,1211.2464937224697,1489.5145247830912,1196.900338887909,1217.8261665857458,704.9114412424111,862.0301043764769
1636,raspberrypi,481.0,2023-09-17,17:25:01,Whole,673.1635616633837,0.038461538461538464,4.91834510224394,2.6101263046170664,2816.8829113924053,1427.23417721519,3.23056877517912,1,208,79,0.27372744433995877,0.0,0.9620253164556962,,0.0,0.0,0.0,857.0826909622962,,,743.7259389330388,2256.7051584895403,857.0826909622962,789.5736586414217,373.13624819044355,749.852900079263
1637,raspberrypi,483.0,2023-09-17,17:25:01,Whole,912.7108596230578,0.25,7.112112029958642,5.984289527885914,2266.8194444444443,869.2222222222222,4.083854229395369,0,31,9,9.960115730168338,0.0,0.8860759493670886,,0.11392405063291139,0.0,0.11392405063291139,674.8441181627741,,,0.0,2151.5159051687224,674.8441181627741,566.5824698360917,183.9514866713472,347.49718892816287
1638,raspberrypi,485.0,2023-09-17,17:25:01,Whole,200.8969260935454,0.5194805194805194,4.310819147778876,30.39108940015812,2355.3621794871797,1911.2323717948723,3.013880029508112,0,208,78,6770.67283295297,0.0,0.4936708860759494,,0.0,0.0,0.0,534.2623639991492,,,957.4389230402855,1639.8490466520502,534.2623639991492,643.33667618319,370.703558437879,229.71413511275327
1639,raspberrypi,488.0,2023-09-17,17:25:01,Whole,951.1550121590245,0.4805194805194805,6.472542988050852,28.56610031615879,1412.366987179487,2203.6891025641025,5.379446561940537,0,208,78,607.7629835313726,0.0,0.5316455696202531,,0.0,0.0,0.0379746835443038,776.3855626284336,,,1424.9106977905633,670.5281552932245,776.3855626284336,951.0886150414624,403.87693729262844,567.6778825984334
1640,raspberrypi,491.0,2023-09-17,17:25:01,Whole,397.90633644860407,1.0,4.743964229934813,67.08631253504457,2046.65625,2120.53125,1.9581956284570408,0,14,4,1932.5462556754806,0.05063291139240506,0.9493670886075949,,0.0,0.05063291139240506,0.0,516.3115810895912,,,1153.9917328373454,1274.547074063332,516.3115810895912,713.5324487378114,256.47888524888697,152.08902043947785
1641,raspberrypi,493.0,2023-09-17,17:25:01,Whole,1342.8675920316482,1.0,7.459212612718274,262.2794848300862,2922.3333333333335,1546.8541666666667,5.36362032662519,0,63,18,53755.1714625454,0.0,0.810126582278481,,0.0,0.0,0.0,1426.4035200158253,,,1271.2298014569226,2488.5547806933196,1426.4035200158253,1396.6734088317698,920.6534954381411,1250.7188377385041
1642,raspberrypi,496.0,2023-09-17,17:25:01,Whole,344.3962123169348,0.6666666666666666,4.0886325239680765,12.166408195234663,2142.65,1452.75,2.9073454443652635,0,16,5,44.63611916243279,0.06329113924050633,0.9367088607594937,,0.0,0.06329113924050633,0.06329113924050633,272.37399246314305,,,479.6241043999843,1670.7298955133379,272.37399246314305,306.3606075763465,0.0,122.12461626593445
1643,raspberrypi,524.0,2023-09-17,17:25:01,Whole,1298.8291262988735,,6.9295990071060425,,1076.75,1213.25,3.991308175957404,0,4,1,,0.0,1.0,,0.0,0.0,0.0,813.9811912474041,,,998.2419185750198,1221.1184576385574,813.9811912474041,870.3028757901438,376.8919738150896,548.2743640809274
1644,raspberrypi,653.0,2023-09-17,17:25:01,Whole,593.869862848752,,3.845049119150394,,2250.75,2375.5,1.6412648996378998,0,3,1,,0.0,1.0,,0.0,0.0,0.0,815.8807789125977,,,1404.9233131667338,1419.2499453007963,815.8807789125977,980.5604037520923,592.7536587702072,443.6186969633497
1645,raspberrypi,657.0,2023-09-17,17:25:01,Whole,819.0303675997113,,5.469576190189552,,2805.75,2378.25,3.435399811841652,0,3,1,,0.0,1.0,,0.0,0.0,0.0,1147.5581301898312,,,1534.4982470936611,1970.8359855361732,1147.5581301898312,1237.1336941239056,978.4026770133621,823.2569330655617
1646,raspberrypi,666.0,2023-09-17,17:25:01,Whole,332.4186557541185,,4.842797209530104,,1930.5,1890.5,3.146879348215952,0,4,1,,0.012658227848101266,0.9873417721518988,,0.0,0.012658227848101266,0.012658227848101266,287.9132464953408,,,940.99143792981,1256.5613903133517,287.9132464953408,516.9631494721616,92.30528754115608,11.84282153773529
1647,raspberrypi,896.0,2023-09-17,17:25:01,Whole,589.8379869478443,,4.817503298710771,,2244.5,2371.5,1.6051445220943634,0,4,1,,0.0,1.0,,0.0,0.0,0.0,809.7871242334929,,,1400.5677222959384,1413.5476737037345,809.7871242334929,975.2792731391867,585.4421322188473,437.4526493970715
1648,raspberrypi,987.0,2023-09-17,17:25:01,Whole,872.8288571474557,,5.414728653911231,,2875.25,1178.25,1.3481188927693828,0,3,1,,0.0,1.0,,0.0,0.0,0.0,965.9483780462099,,,650.0385532210223,2431.2946647316026,965.9483780462099,866.2062866112198,477.6554240936273,819.5506784086748
1649,raspberrypi,17.0,2023-09-18,00:10:01,Whole,1199.3516406313038,,6.710839579114592,,2672.5,2961.5,6.710839579114592,0,1,1,,0.0,1.0,,0.0,0.0,0.0,1525.1009191528722,,,2049.2364979299496,1864.456843845132,1525.1009191528722,1655.296613376621,1307.1740420656804,1158.9379854222445
1650,raspberrypi,425.0,2023-09-18,00:10:01,Whole,694.3317430342645,,4.706997617829572,,2763.75,1142.25,4.706997617829572,0,1,1,,0.0,1.0,,0.0,0.0,0.0,878.4430733580933,,,534.372297602582,2357.2511352964543,878.4430733580933,772.7600016080353,395.11040982479926,711.4250699614912
1651,raspberrypi,491.0,2023-09-18,00:10:01,Whole,355.29292074353685,1.0,3.644520161204731,26.014694624151034,2571.7283653846152,1522.8341346153845,2.6873993693361093,0,49,52,149.49202494438853,0.0,0.32,,0.10666666666666667,0.0,0.17333333333333334,689.724223545695,,,674.0087433002234,2021.1916323033106,689.724223545695,661.3248013981164,262.50505141909656,498.42410359228313
1652,raspberrypi,493.0,2023-09-18,00:10:01,Whole,209.11101722188417,0.23529411764705882,3.8696053131489028,7.081609422355589,2410.409420289855,1973.161231884058,2.6874681979705874,0,48,69,9.10008156926195,0.0,0.7866666666666666,,0.0,0.0,0.0,597.9733687855659,,,1027.2507555963114,1666.1112134010075,597.9733687855659,709.2506262171082,482.36338993058564,296.29811972702754
1653,raspberrypi,666.0,2023-09-18,00:10:01,Whole,453.16874162391207,,2.1011392354151,,2165.0,1454.25,2.1011392354151,0,1,1,,0.013333333333333334,0.9866666666666667,,0.0,0.013333333333333334,0.013333333333333334,286.98385282904997,,,480.923326232006,1687.7744951965801,286.98385282904997,310.1613251411617,0.0,147.23006907069214
1654,raspberrypi,896.0,2023-09-18,00:10:01,Whole,564.1178027548855,,3.472513379364963,,2709.75,1260.75,2.9046551337010107,0,2,1,,0.0,1.0,,0.0,0.0,0.0,790.5270849605366,,,554.02064614798,2247.2624993035274,790.5270849605366,696.1536730582841,293.23047618725104,653.0887440065517
1655,raspberrypi,17.0,2023-09-18,14:00:01,Whole,1320.6918889761419,,8.062602157804976,,1655.5,2671.5,7.682033153117551,0,2,1,,0.0,1.0,,0.0,0.0,0.0,1072.9370754038787,,,1765.0678300348975,815.9053050393077,1072.9370754038787,1258.294011084187,667.769868505315,772.753713674044
1656,raspberrypi,106.0,2023-09-18,14:00:01,Whole,1490.9448916332424,,9.777522992922655,,1060.75,1973.25,8.488030537078235,0,2,1,,0.0,1.0,,0.0,0.0,0.0,887.0655029010926,,,1438.7791136501412,527.6689346336998,887.0655029010926,1035.5024071702906,581.9931621604684,772.2448213191399
1657,raspberrypi,110.0,2023-09-18,14:00:01,Whole,1655.7048848786956,,9.675688929484886,,1020.75,974.75,6.529529292587365,0,3,1,,0.0,1.0,,0.0,0.0,0.0,960.314701363588,,,995.8777756048416,1435.2831327145102,960.314701363588,983.287259696209,462.4042417211454,621.9659847250336
1658,raspberrypi,115.0,2023-09-18,14:00:01,Whole,1570.0375196885113,,6.883223481765768,,1042.75,1146.5,1.8042440629096264,0,3,1,,0.0,1.0,,0.0,0.0,0.0,867.2096792604144,,,1009.8896993398596,1274.9212115438977,867.2096792604144,913.713956204136,408.5622640335301,579.9359390150992
1659,raspberrypi,470.0,2023-09-18,14:00:01,Whole,1455.9570062534322,,7.464991064766724,,1096.5,1375.25,4.169693802656363,0,3,1,,0.0,1.0,,0.0,0.0,0.0,758.4934604833018,,,1045.3975224713727,1075.165147398334,758.4934604833018,841.5306570286,400.9764716750807,518.3043946804119
1660,raspberrypi,482.0,2023-09-18,14:00:01,Whole,988.5598455392127,1.0,9.408718581775446,53.58460623786667,3132.5140845070423,2437.9401408450703,8.915427898639084,0,113,71,9078.720928067072,0.0,0.014084507042253521,,0.0,0.0,0.0,1445.4761036810835,,,1739.012739935217,2299.06940632228,1445.4761036810835,1505.6121673561497,1199.5328083834888,1139.1813771746583
1661,raspberrypi,486.0,2023-09-18,14:00:01,Whole,845.6841207915639,1.0,6.3206634688839936,125.0044552603789,2082.464285714286,1149.5229591836735,3.426687708874411,0,96,49,7909.183964667048,0.04225352112676056,0.30985915492957744,,0.1267605633802817,0.04225352112676056,0.09859154929577464,781.2526354345356,,,610.9494349760516,1931.224579069277,781.2526354345356,751.0776137033064,314.191014004333,485.6173783004311
1662,raspberrypi,492.0,2023-09-18,14:00:01,Whole,1259.8375077386133,0.0,7.294669370990271,,3111.3,2787.5,1.7140729286654635,0,12,5,0.003483005625052576,0.0,1.0,,0.0,0.0,0.0,1647.6735794081699,,,2033.3394379244776,2276.271918471787,1647.6735794081699,1735.3863226770961,1481.965657813796,1312.5218436965674
1663,raspberrypi,494.0,2023-09-18,14:00:01,Whole,846.1813783375526,0.8823529411764706,6.512773502459746,37.75707347186994,2275.9285714285716,867.3428571428572,2.50494378914752,0,74,35,1572.9431102663125,0.0,0.5070422535211268,,0.49295774647887325,0.0,0.3380281690140845,683.668245216768,,,24.845304371091476,2159.935021530648,683.668245216768,575.480983536537,175.74136868454042,340.3154056477379
1664,raspberrypi,496.0,2023-09-18,14:00:01,Whole,582.6263396033455,1.0,4.775060578995933,14.387538500810361,2021.0986842105262,1379.6907894736842,3.545522267551651,0,30,19,116.53706833901406,0.2676056338028169,0.7323943661971831,,0.0,0.2676056338028169,0.16901408450704225,226.45657719511087,,,426.10293281815046,1621.701204428411,226.45657719511087,308.3895113792838,112.14456981955597,42.265493771558184
1665,raspberrypi,470.0,2023-09-18,13:10:01,Whole,1213.086592989103,,6.165003190251641,,1048.375,1374.5,5.7364938644245385,0,2,2,,0.0,1.0,,0.0,0.0,0.0,804.0308475395988,,,1087.9404266194542,1059.2587575651069,804.0308475395988,886.0200961089907,444.77824408501994,566.4293599017158
1666,raspberrypi,491.0,2023-09-18,13:10:01,Whole,221.56444644184495,1.0,6.181169818065823,13.390585436645784,2286.7946428571427,1750.5267857142858,1.4330693621035726,0,15,14,0.6551938302788046,0.21428571428571427,0.7678571428571429,,0.0,0.21428571428571427,0.017857142857142856,403.4887782182772,,,788.5249285448816,1637.6922049387997,403.4887782182772,500.0160039289588,232.27928912122374,153.11666121876712
1667,raspberrypi,492.0,2023-09-18,13:10:01,Whole,1513.926597006216,,7.724356134002714,,3114.25,2786.8125,7.89404720470613,0,3,4,,0.0,1.0,,0.0,0.0,0.0,1649.2432707281048,,,2034.0108087196418,2279.153176324412,1649.2432707281048,1736.6864610466462,1483.1928843053934,1314.5517421545737
1668,raspberrypi,496.0,2023-09-18,13:10:01,Whole,133.8570234501931,1.0,5.874530447584568,27.262089685922987,2238.1666666666665,1440.950980392157,1.505879927335656,0,17,51,686.5154414524062,0.375,0.08928571428571429,,0.0,0.375,0.9107142857142857,347.02809313214345,,,477.8954895353899,1755.5843916941935,347.02809313214345,335.5372666168984,0.0,239.07846842796528
1669,raspberrypi,657.0,2023-09-18,13:10:01,Whole,1752.0814315684422,,9.249999767244482,,1024.0,292.0,8.666027983292423,0,2,1,,0.0,1.0,,0.0,0.0,0.0,1420.3117570125091,,,1100.347039620938,2104.8094716639366,1420.3117570125091,1377.3735466434227,915.0779735832077,978.5849859765792
1670,raspberrypi,683.0,2023-09-18,13:10:01,Whole,1032.065039251007,,4.937487846488405,,2477.25,537.5,4.937487846488405,0,1,1,,0.0,1.0,,0.0,0.0,0.0,1058.500158050716,,,277.04517622492966,2537.7046972449434,1058.500158050716,927.7636567012203,552.365597548848,717.5421272507549
1671,raspberrypi,110.0,2023-09-18,13:25:01,Whole,1234.881785808136,,7.553841605723268,,1071.5,1858.75,5.768105209302399,0,3,1,,0.0,1.0,,0.0,0.0,0.0,833.3488626978809,,,1350.1615163369484,629.1102906300875,833.3488626978809,974.0189756924223,570.0345856460905,692.375476012817
1672,raspberrypi,245.0,2023-09-18,13:25:01,Whole,228.48422200589243,,4.513311206074556,,2243.5,1391.75,3.281638598976526,0,2,1,,0.0,0.9871794871794872,,0.0,0.0,0.01282051282051282,356.33360524882636,,,424.82964415334123,1788.0367523311727,356.33360524882636,318.31015884339405,0.0,228.05214368737506
1673,raspberrypi,250.0,2023-09-18,13:25:01,Whole,1415.551711253432,,5.968696880946551,,741.25,868.0,4.55899651617462,0,2,1,,0.0,1.0,,0.0,0.0,0.0,1251.1529874265086,,,1265.9355395144523,1498.7333229739597,1251.1529874265086,1272.6362563366454,761.5234237714774,918.9565448121161
1674,raspberrypi,432.0,2023-09-18,13:25:01,Whole,657.0114663560904,,4.690670805730019,,2751.25,1030.25,2.919992807398801,0,4,1,,0.0,1.0,,0.0,0.0,0.0,915.2682729847724,,,477.9804895838876,2411.2758061030763,915.2682729847724,800.5825844929948,453.1970434689707,719.0982838392249
1675,raspberrypi,481.0,2023-09-18,13:25:01,Whole,514.8401189026297,0.9736842105263158,4.672633679820671,24.654549626520545,2318.352564102564,1669.849358974359,2.2945281228034267,0,84,39,368.9546437349481,0.23076923076923078,0.5128205128205128,,0.0,0.23076923076923078,0.2564102564102564,414.9244814009062,,,713.1830985780535,1704.2414025134751,414.9244814009062,465.48471316628013,183.99792307992863,198.46173269778882
1676,raspberrypi,482.0,2023-09-18,13:25:01,Whole,314.28809966519833,0.7843137254901961,4.796010505430069,25.122449315248215,2175.9447115384614,1011.9639423076923,2.5741726428410474,0,98,52,737.1756309695535,0.2948717948717949,0.3333333333333333,,0.3974358974358974,0.2948717948717949,0.5512820512820513,554.9192412515142,,,153.70341037273585,1996.4525611977936,554.9192412515142,485.3563274412369,149.17734735683032,284.4594667965994
1677,raspberrypi,483.0,2023-09-18,13:25:01,Whole,1244.31762017931,1.0,7.060048029357767,249.75504148070226,1166.84375,2001.65625,4.733355382946455,0,12,4,7690.191382459021,0.0,0.9615384615384616,,0.0,0.0,0.01282051282051282,816.7291840823101,,,1393.635190603315,580.5960572210663,816.7291840823101,974.2172789859721,510.0262296163595,704.6910012369538
1678,raspberrypi,484.0,2023-09-18,13:25:01,Whole,73.34739669598137,1.0,4.241281847347106,52.60465758846834,2096.8333333333335,1239.75,2.412462410246609,0,9,3,,0.038461538461538464,0.9615384615384616,,0.0,0.038461538461538464,0.038461538461538464,319.4746031334315,,,276.4329185240177,1771.561523491334,319.4746031334315,322.2927010961589,132.30509277035236,66.6367253244166
1679,raspberrypi,486.0,2023-09-18,13:25:01,Whole,459.6538814189288,,3.603267256854072,,2097.875,1659.125,2.9993820946933183,0,5,2,,0.02564102564102564,0.9743589743589743,,0.0,0.02564102564102564,0.02564102564102564,247.0729360639085,,,688.796739476353,1517.5644940115246,247.0729360639085,391.27727196906073,173.73940157696967,12.522531499767531
1680,raspberrypi,492.0,2023-09-18,13:25:01,Whole,1872.6372738098773,,8.819592025768268,,3112.25,2787.75,7.687959890122607,0,3,1,,0.0,1.0,,0.0,0.0,0.0,1648.513092510162,,,2033.9791314760425,2277.239494789834,1648.513092510162,1736.1648321457512,1482.9854233601895,1313.5783513454428
1681,raspberrypi,495.0,2023-09-18,13:25:01,Whole,472.02439409094967,,7.416031301828817,,2005.75,1660.25,7.416031301828817,0,1,1,,0.01282051282051282,0.9871794871794872,,0.0,0.01282051282051282,0.0,210.0636801475485,,,700.516890852183,1439.2021422299667,210.0636801475485,386.6852546232145,227.3547634293446,0.0
1682,raspberrypi,496.0,2023-09-18,13:25:01,Whole,1004.1587732775224,0.9736842105263158,7.48309064058352,220.67771393741538,2030.7938311688313,1005.0487012987013,5.067542157337825,0,108,77,32953.0288144258,0.01282051282051282,0.05128205128205128,,0.01282051282051282,0.01282051282051282,0.05128205128205128,1020.3032876715814,,,787.8567343474416,2005.440431733444,1020.3032876715814,998.0818536975337,633.8582870238674,733.5895937643222
1683,raspberrypi,498.0,2023-09-18,13:25:01,Whole,956.8713118180359,,5.646204592120746,,1539.5,1964.5,3.6169594129184928,0,4,1,,0.0,0.9871794871794872,,0.0,0.0,0.01282051282051282,512.8862208632274,,,1147.6181195980585,882.5031299003799,512.8862208632274,685.775129565284,107.8344194097169,302.16821409759405
1684,raspberrypi,683.0,2023-09-18,13:25:01,Whole,753.3440719310815,,5.078928598367549,,2473.25,537.75,2.919992807398801,0,4,1,,0.0,1.0,,0.0,0.0,0.0,1056.231214926611,,,273.8991982926829,2534.8356656840288,1056.231214926611,925.6161162900855,549.3439598089312,714.4422315223467
1685,raspberrypi,736.0,2023-09-18,13:25:01,Whole,608.2995364094573,,5.775185567926117,,2725.25,1203.0,5.775185567926117,0,1,1,,0.0,1.0,,0.0,0.0,0.0,822.5347932513663,,,532.452897656927,2291.5709954267313,822.5347932513663,721.9599007284003,331.4234268080038,668.5387277687189
1686,raspberrypi,110.0,2023-09-17,20:15:01,Whole,1094.9679516292501,,,,1061.5,1373.5,,0,0,1,,0.0,1.0,,0.0,0.0,0.0,791.7599548157684,,,1075.7546254610436,1064.5686283673588,791.7599548157684,873.8293143034605,432.28674982147317,553.3426712379658
1687,raspberrypi,131.0,2023-09-17,20:15:01,Whole,824.7223568149767,,,,2791.75,1913.0,,0,0,1,,0.0,1.0,,0.0,0.0,0.0,893.0742889417232,,,1110.607835433901,2047.4297410282275,893.0742889417232,923.8721007991129,578.211529543285,665.9409523923043
1688,raspberrypi,482.0,2023-09-17,20:15:01,Whole,114.20322477345286,1.0,,15.50113403109592,2193.5,1280.25,,0,0,9,3.6062212810103395e-30,0.5294117647058824,0.47058823529411764,,0.0,0.5294117647058824,0.5294117647058824,358.31751459532705,,,308.2962860359887,1817.5062676892246,358.31751459532705,323.6299853194083,72.11942701647938,141.27600674359454
1689,raspberrypi,485.0,2023-09-17,20:15:01,Whole,789.2495699996198,1.0,,54.99204487923685,1891.0,644.75,,0,0,3,0.0,0.0,0.8235294117647058,,0.17647058823529413,0.0,0.0,786.7409899095013,,,172.27726510341208,2093.330847575932,786.7409899095013,702.0583248977166,266.9435896146456,325.9747007131163
1690,raspberrypi,486.0,2023-09-17,20:15:01,Whole,636.9459188778999,,,,2138.875,2023.875,,0,0,2,,0.11764705882352941,0.8823529411764706,,0.0,0.11764705882352941,0.0,456.71459291147323,,,1050.661051052095,1393.062683699686,456.71459291147323,647.0394465171007,316.16320212729926,81.49583173849126
1691,raspberrypi,492.0,2023-09-17,20:15:01,Whole,1699.1764459604894,,,,3113.0,2791.5,,0,0,1,,0.0,1.0,,0.0,0.0,0.0,1651.6993600878955,,,2037.6801597335977,2278.3070583541103,1651.6993600878955,1739.4969415023475,1486.6284037769933,1316.5624627969387
1692,raspberrypi,481.0,2023-09-18,13:20:01,Whole,603.4314594115227,0.9402985074626866,6.74542286191617,15.085717020369385,2279.700367647059,1075.3492647058824,4.145554687157325,0,70,68,162.84060175552938,0.0,0.1282051282051282,,0.7948717948717948,0.0,0.8333333333333334,530.3964295409834,,,130.48757356940354,2017.099848614362,530.3964295409834,441.6324146331319,174.45407420808135,258.83976970472634
1693,raspberrypi,484.0,2023-09-18,13:20:01,Whole,515.1318555402694,,9.619663549760485,,1720.5,1432.5,9.20661328109781,0,2,1,,0.01282051282051282,0.9871794871794872,,0.0,0.01282051282051282,0.0,229.90562774923907,,,599.4925596918974,1366.8403909048159,229.90562774923907,388.16475423003266,208.27662478109642,0.0
1694,raspberrypi,487.0,2023-09-18,13:20:01,Whole,936.8793011067974,,1.8905316997955683,,2163.5,732.75,1.8905316997955683,0,1,1,,0.0,0.9871794871794872,,0.01282051282051282,0.0,0.0,749.1105179587059,,,0.0,2184.5173893932765,749.1105179587059,640.8368792736525,202.52998319149089,359.2072979440282
1695,raspberrypi,492.0,2023-09-18,13:20:01,Whole,1457.8065416063066,0.0,8.562015191574472,,3113.375,2787.5625,9.86774419519332,0,27,12,1.056948166345522e-25,0.0,1.0,,0.0,0.0,0.0,1649.1646285513093,,,2034.3022929585532,2278.344608640396,1649.1646285513093,1736.7176735578755,1483.3633147651258,1314.3288999814895
1696,raspberrypi,494.0,2023-09-18,13:20:01,Whole,924.529617590213,0.7857142857142857,7.491014499940946,42.633455327461064,1374.0198863636365,1939.5056818181822,4.231302107663495,0,68,44,1741.6378202233666,0.2564102564102564,0.44871794871794873,,0.0,0.2564102564102564,0.0641025641025641,682.8617673865562,,,1215.354794831724,876.4974795994352,682.8617673865562,851.1420145661547,257.4195275306819,308.42182245375136
1697,raspberrypi,496.0,2023-09-18,13:20:01,Whole,1222.4956394042179,1.0,6.919580452402727,143.13179594080222,2978.1521739130435,2339.3097826086955,8.22457011392129,0,45,23,7329.131044465245,0.0,0.7307692307692307,,0.0,0.0,0.0,1399.5846832419302,,,1662.5983082818802,2211.880222784638,1399.5846832419302,1454.9787933440273,1178.1549366604604,1091.9916949525505
1698,raspberrypi,987.0,2023-09-18,13:20:01,Whole,1131.9529723045155,,7.183244781035599,,1461.25,2545.75,4.219743794077357,0,3,1,,0.0,1.0,,0.0,0.0,0.0,1018.9553532694247,,,1707.7192591491687,617.8731370263756,1018.9553532694247,1202.4933084289642,595.4801484149901,736.0965089190865
1699,raspberrypi,17.0,2023-09-18,04:50:01,Whole,765.1703752269817,,,,2970.5,2603.5,,0,0,1,,0.0,1.0,,0.0,0.0,0.0,1419.386722255388,,,1806.876984810629,2126.6946584814095,1419.386722255388,1508.2130092828688,1253.5281697092864,1087.6924941455725
1700,raspberrypi,106.0,2023-09-18,04:50:01,Whole,765.1703752269817,,,,2767.0,1086.75,,0,0,1,,0.0,1.0,,0.0,0.0,0.0,903.4985196004727,,,513.2687585635747,2391.292565007984,903.4985196004727,793.1916383121034,429.187672133159,722.5815009687299
1701,raspberrypi,11.0,2023-09-17,17:15:01,Whole,1110.6263857086328,,3.3464300413013226,,3402.75,1798.75,3.3464300413013226,0,1,1,,0.0,1.0,,0.0,0.0,0.0,1441.81835363424,,,1431.3186669680053,2665.902117991023,1441.81835363424,1417.7910941924433,1030.3103410409904,1279.2302101813498
1702,raspberrypi,37.0,2023-09-17,17:15:01,Whole,1192.0839591152528,,10.014311894066493,,1355.5,2487.25,10.014311894066493,0,1,1,,0.0,1.0,,0.0,0.0,0.0,1017.728215105301,,,1696.9892709951312,517.0526233569351,1017.728215105301,1197.9971796816328,594.6770396430495,752.0178335992626
1703,raspberrypi,159.0,2023-09-17,17:15:01,Whole,993.3483433342479,,2.5556796632086116,,3118.25,1198.0,0.8003266103603378,1,2,1,,0.0,1.0,,0.0,0.0,0.0,1185.8226418743104,,,880.4660513733263,2630.813570013078,1185.8226418743104,1093.2760889183025,701.6076637221925,1061.494352681353
1704,raspberrypi,366.0,2023-09-17,17:15:01,Whole,541.8966710199037,,2.809448597510736,,1860.75,2077.75,0.35575288027957513,1,3,1,,0.013157894736842105,0.9868421052631579,,0.0,0.013157894736842105,0.013157894736842105,460.9271717608449,,,1138.9837630999152,1114.1493752711604,460.9271717608449,665.5955569396557,108.478771525367,149.30270054149346
1705,raspberrypi,392.0,2023-09-17,17:15:01,Whole,866.3763895368461,,5.266908672695845,,1972.125,1735.75,4.361641577118301,0,5,2,,0.0,1.0,,0.0,0.0,0.0,814.576299257112,,,1117.9053812978595,1510.752730725559,814.576299257112,886.8763998322696,528.3269978530639,579.7425957555698
1706,raspberrypi,447.0,2023-09-17,17:15:01,Whole,16.059931315197634,,4.061493254024943,,2302.75,1738.25,1.8011543112215622,0,2,1,,0.013157894736842105,0.9868421052631579,,0.0,0.013157894736842105,0.0,408.9701773080436,,,776.3171661782812,1657.2446868877119,408.9701773080436,494.9685395347941,225.1568503764247,185.97718092589747
1707,raspberrypi,481.0,2023-09-17,17:15:01,Whole,459.9322405946228,1.0,3.110021082135786,49.65968795487989,2099.7954545454545,2163.681818181818,1.5229236315702837,1,20,11,5714.691925626948,0.09210526315789473,0.868421052631579,,0.0,0.09210526315789473,0.0,578.451691473228,,,1195.3558731995772,1313.2215472703435,578.451691473228,764.3730738710256,368.67691219946505,187.2105012011641
1708,raspberrypi,482.0,2023-09-17,17:15:01,Whole,557.4684090695563,0.9516129032258065,4.548722333660575,54.56662142876885,2615.785714285714,1585.9940476190477,3.401732246932808,2,76,63,3625.196988867836,0.0,0.2236842105263158,,0.0,0.0,0.05263157894736842,776.3956306165817,,,832.2363718587712,2023.916015029689,776.3956306165817,776.3364698286181,434.26379609096966,410.3018631282273
1709,raspberrypi,483.0,2023-09-17,17:15:01,Whole,1051.4778357097703,0.13333333333333333,6.1715757008225625,62.17000079592334,3246.277777777778,1317.1666666666667,3.5190551173530196,1,52,18,543.6684714013362,0.0,0.9736842105263158,,0.0,0.0,0.0,1286.5492423105468,,,1045.9670405361185,2691.411259737042,1286.5492423105468,1208.109544882435,788.7965379110856,1172.4738576185935
1710,raspberrypi,484.0,2023-09-17,17:15:01,Whole,771.8236683832805,1.0,6.555559333396025,122.63587297687022,1627.6363636363637,2071.465909090909,1.706519137522187,0,38,11,10736.2244824455,0.039473684210526314,0.868421052631579,,0.0,0.039473684210526314,0.05263157894736842,585.7214701463045,,,1229.3819940642616,929.1146973866856,585.7214701463045,767.0545543117757,238.33400215115253,317.5021145072866
1711,raspberrypi,488.0,2023-09-17,17:15:01,Whole,919.6399617391438,1.0,5.695098118568325,52.85287226149953,1553.4419642857142,2177.9553571428573,4.706270380925537,0,65,28,2657.290321680222,0.039473684210526314,0.6578947368421053,,0.0,0.039473684210526314,0.0,814.6379958903361,,,1425.5646725558036,858.5579282526871,814.6379958903361,989.6348069400419,353.97325029799504,237.97695106358628
1712,raspberrypi,491.0,2023-09-17,17:15:01,Whole,616.3128743681024,,2.3009413581466736,,1752.5,2047.0,2.3009413581466736,0,1,1,,0.013157894736842105,0.9868421052631579,,0.0,0.013157894736842105,0.013157894736842105,462.0151675394125,,,1138.8705826015519,1027.323487938296,462.0151675394125,653.86738223988,39.29622541156695,159.69627994068648
1713,raspberrypi,493.0,2023-09-17,17:15:01,Whole,1190.847262860342,1.0,7.600138622087332,477.96717983560336,2321.5625,741.5625,5.480938525410687,0,11,4,0.0,0.0,0.9605263157894737,,0.013157894736842105,0.0,0.0,997.7550488930804,,,460.5972973334318,2332.9687130083967,997.7550488930804,901.6221822631351,474.3061113555747,626.5475460894788
1714,raspberrypi,494.0,2023-09-17,17:15:01,Whole,742.7285106704056,1.0,4.85385709380201,80.3209156512416,1595.875,1915.8455882352941,2.660845619326344,1,46,17,5592.902331013711,0.06578947368421052,0.7894736842105263,,0.0,0.06578947368421052,0.18421052631578946,488.9053630744079,,,1099.7526168412994,979.4453356351597,488.9053630744079,664.1051971476313,120.63868650906201,224.7063090802833
1715,raspberrypi,495.0,2023-09-17,17:15:01,Whole,534.4670721313938,1.0,4.679858178755572,130.18278446424335,2765.7954545454545,1590.090909090909,3.2929394027940613,0,14,11,639.8094161117399,0.0,0.881578947368421,,0.0,0.0,0.0,824.1353844349507,,,848.0128291583146,2144.3856268210816,824.1353844349507,795.6415493593368,387.67269753058474,654.4904370308263
1716,raspberrypi,621.0,2023-09-17,17:15:01,Whole,436.9405449865592,,2.694137006704608,,2118.75,2151.75,0.18750486460989382,1,3,1,,0.013157894736842105,0.9868421052631579,,0.0,0.013157894736842105,0.0,561.6552910568874,,,1178.9452866888957,1334.2970528242702,561.6552910568874,750.0608214751591,350.9080612035526,187.30027816973603
1717,raspberrypi,109.0,2023-09-17,21:00:01,Whole,1026.2455045177248,,7.364012421716089,,1688.5,2742.0,7.364012421716089,0,1,1,,0.0,1.0,,0.0,0.0,0.0,1134.3713329830498,,,1825.0995595601414,857.3568321893426,1134.3713329830498,1318.686468576258,735.22480184214,832.0113231844746
1718,raspberrypi,447.0,2023-09-17,21:00:01,Whole,631.0654975009478,,4.3374539387415725,,1918.0,1727.625,1.8882164474632468,0,6,2,,0.028169014084507043,0.971830985915493,,0.0,0.028169014084507043,0.028169014084507043,214.16500945230555,,,785.416941633242,1328.861591736682,214.16500945230555,423.50662974524596,154.74581462566988,0.0
1719,raspberrypi,485.0,2023-09-17,21:00:01,Whole,289.5128430072273,0.0,3.743277438546936,,2737.9736842105262,1999.1907894736842,2.4752510280174387,0,44,19,0.0530131838839792,0.0,1.0,,0.0,0.0,0.0,879.8306560647708,,,1161.1646809991066,1971.7344225237382,879.8306560647708,932.6298846074736,614.0481513728106,620.6586444058051
1720,raspberrypi,486.0,2023-09-17,21:00:01,Whole,282.13687801575884,0.9636363636363636,2.6541724283289665,34.746968622779185,2249.245614035088,1990.625,2.4172505506456585,2,53,57,1235.6871914285434,0.28169014084507044,0.19718309859154928,,0.0,0.28169014084507044,0.09859154929577464,541.7934195572241,,,1037.3133607539935,1518.4381388391741,541.7934195572241,680.9254632252979,429.3498886480262,214.1688769995588
1721,raspberrypi,488.0,2023-09-17,21:00:01,Whole,408.13507008971675,0.0,3.4229602855200474,,2281.5384615384614,1689.8317307692307,2.573192713547081,1,54,26,0.021266746936090965,0.36619718309859156,0.6338028169014085,,0.0,0.36619718309859156,0.36619718309859156,380.06103904200046,,,725.2772383085287,1660.7508327563394,380.06103904200046,455.1953341652746,175.09518485329247,165.67429663545798
1722,raspberrypi,492.0,2023-09-17,21:00:01,Whole,983.0044705793191,0.0,6.442497867471934,,3114.1,2788.475,4.515570056968212,0,25,20,0.0009237206909845223,0.0,1.0,,0.0,0.0,0.0,1650.3177984200302,,,2035.4399891376033,2279.144320622297,1650.3177984200302,1737.863854729537,1484.500304210344,1315.4090855722263
1723,raspberrypi,698.0,2023-09-17,21:00:01,Whole,511.59108254664926,,2.3911511558477865,,1947.75,2127.5,0.20398141063369118,1,3,1,,0.014084507042253521,0.9859154929577465,,0.0,0.014084507042253521,0.0,504.1602772402407,,,1170.8825608434038,1178.304220038609,504.1602772402407,708.5866067243434,202.51259609381103,165.32604096914957
1724,raspberrypi,159.0,2023-09-18,07:15:01,Whole,137.38902723801263,0.0,,,1420.9,1414.2,,0,0,5,0.05829979952866661,0.0,0.16666666666666666,,0.0,0.0,0.8333333333333334,455.8181974700544,,,793.9018090975117,1192.2927268999429,455.8181974700544,564.2549568368238,179.51318517854293,194.13238330781402
1725,raspberrypi,494.0,2023-09-18,07:15:01,Whole,686.9433226054551,,,,2211.75,1646.75,,0,0,1,,0.16666666666666666,0.8333333333333334,,0.0,0.16666666666666666,0.16666666666666666,318.4077412909448,,,675.159256632722,1621.0079542000683,318.4077412909448,404.13883102539177,124.46291157818091,106.24816390160443
1726,raspberrypi,485.0,2023-09-17,21:25:01,Whole,273.56180450335614,,,,2633.75,1707.5,,0,0,2,,0.0,1.0,,0.0,0.0,0.0,692.2858510879066,,,854.0876981409504,1970.2647670755866,692.2858510879066,695.6866799437748,319.91123185021144,516.3482281103983
1727,raspberrypi,486.0,2023-09-17,21:25:01,Whole,547.1233864495284,,,,1823.75,1839.5,,0,0,1,,0.3333333333333333,0.6666666666666666,,0.0,0.3333333333333333,0.3333333333333333,279.11017878674596,,,919.4957239732803,1189.1788223339697,279.11017878674596,488.8960173836278,9.401623051236385,26.55902357004203
1728,raspberrypi,404.0,2023-09-18,10:10:01,Whole,1504.101431467418,,8.8724963680489,,3118.75,2357.0,8.8724963680489,0,1,1,,0.0,1.0,,0.0,0.0,0.0,1380.6512582030844,,,1659.7863984483993,2284.4824480642496,1380.6512582030844,1436.3817934541244,1128.48553723043,1090.4021636277146
1729,raspberrypi,425.0,2023-09-18,10:10:01,Whole,1040.293930248942,,6.833115639387511,,1032.25,917.0,4.7792514832347734,0,2,1,,0.0,1.0,,0.0,0.0,0.0,980.5822753696115,,,978.1775725225648,1494.115661999325,980.5822753696115,995.6384515657577,473.61796381054006,625.6428184037889
1730,raspberrypi,470.0,2023-09-18,10:10:01,Whole,1141.190939824397,,6.4986098016847995,,1158.75,1602.625,6.4986098016847995,0,1,2,,0.0,1.0,,0.0,0.0,0.0,1107.4372558088396,,,1435.9491321811884,1195.715829422864,1107.4372558088396,1207.055481694963,648.9837144654921,784.4066112223513
1731,raspberrypi,493.0,2023-09-18,10:10:01,Whole,299.08774767145826,0.22807017543859648,6.436129655508346,4.999955305268513,1544.092672413793,1698.7780172413793,5.561753073937116,0,28,58,4.597425294945247,0.0,0.55,,0.0,0.0,0.4166666666666667,382.5679819732779,,,918.8750540427602,1053.6785596030843,382.5679819732779,549.1784450036178,194.5976910009482,253.219319282152
1732,raspberrypi,496.0,2023-09-18,10:10:01,Whole,799.8728247951484,1.0,7.240570382302577,65.47602244807631,2478.5384615384614,1350.8076923076924,5.541717269102461,0,26,26,2816.0334906725784,0.0,0.5666666666666667,,0.13333333333333333,0.0,0.1,655.9178554413757,,,495.89708943991263,2032.939342602197,655.9178554413757,612.1873127814717,291.6477960484842,426.9433155315139
1733,raspberrypi,106.0,2023-09-17,18:25:01,Whole,1318.9506421565006,,6.924461458977873,,2997.75,557.5,3.648713050019699,0,3,1,,0.0,1.0,,0.0,0.0,0.0,1379.7891600479331,,,729.8381119061007,2898.002056210128,1379.7891600479331,1246.61267907106,969.9945121642204,1137.8511413019892
1734,raspberrypi,250.0,2023-09-17,18:25:01,Whole,1808.6154841790828,,10.317901548768434,,704.0,752.75,6.955053274928745,0,5,1,,0.0,1.0,,0.0,0.0,0.0,1340.2782883948494,,,1304.1092219973802,1611.872856286427,1340.2782883948494,1351.785633676044,840.5943307029052,989.0905633078542
1735,raspberrypi,404.0,2023-09-17,18:25:01,Whole,1736.2317081883812,0.0,9.99883677621153,,724.9926470588235,865.4779411764706,9.05144430977478,0,66,17,0.008680813012249738,0.0,1.0,,0.0,0.0,0.0,1266.4407830425694,,,1282.1062998744908,1500.2750966181247,1266.4407830425694,1288.236323828624,777.7489001540266,935.4160728325533
1736,raspberrypi,432.0,2023-09-17,18:25:01,Whole,1258.8613087093217,,7.6492195011958355,,1043.75,1373.0,6.16252984560294,0,2,1,,0.0,1.0,,0.0,0.0,0.0,808.6220179529453,,,1091.4160104933833,1059.1631440623926,808.6220179529453,890.3006865838558,448.48257581188915,571.0995256445769
1737,raspberrypi,441.0,2023-09-17,18:25:01,Whole,679.962959356832,,4.254265237089678,,2136.5,2324.25,1.7162760844230291,0,6,1,,0.0,1.0,,0.0,0.0,0.0,728.9303434630737,,,1351.0267978362733,1313.5714149376465,728.9303434630737,908.0105997707882,475.1599324964204,358.50442997280624
1738,raspberrypi,481.0,2023-09-17,18:25:01,Whole,671.3975178102037,0.9423076923076923,6.157372912159237,70.24627833630466,2773.7824074074074,1506.7175925925926,2.4356923644682245,1,153,54,4775.217695755214,0.0,0.379746835443038,,0.012658227848101266,0.0,0.012658227848101266,897.9033817447686,,,809.1820612203238,2217.807939704398,897.9033817447686,855.4228482164647,523.5427958068401,683.9114744401791
1739,raspberrypi,482.0,2023-09-17,18:25:01,Whole,858.4749697162288,1.0,6.188609812992833,100.35897183290413,2665.966911764706,938.4779411764706,4.218319674413344,1,70,34,10307.526407819621,0.0,0.5822784810126582,,0.05063291139240506,0.0,0.012658227848101266,932.1571127091637,,,440.3687414517046,2414.2723612675463,932.1571127091637,817.6617050179988,367.55343161668,656.5421458710562
1740,raspberrypi,485.0,2023-09-17,18:25:01,Whole,538.1453691735164,0.5,5.354264907916029,27.5290129240261,2542.098214285714,2117.7023809523807,2.7369164330024462,0,112,42,1203.471161119906,0.0,0.7468354430379747,,0.0,0.0,0.0,786.174205690247,,,1201.5348754265171,1753.0522230309268,786.174205690247,888.5896418668484,630.0215961014327,497.02136809964037
1741,raspberrypi,486.0,2023-09-17,18:25:01,Whole,275.20379444602514,1.0,4.725119262155334,25.036252408160294,2440.5271739130435,1840.5652173913043,1.6502564029903033,1,83,23,992.0551438638511,0.02531645569620253,0.7215189873417721,,0.0,0.02531645569620253,0.0,567.8784190955913,,,910.4737059076143,1741.316739314871,567.8784190955913,641.8238760853297,325.05193754170773,350.42353819035617
1742,raspberrypi,488.0,2023-09-17,18:25:01,Whole,601.6913026550785,0.18518518518518517,5.042661979623984,10.912378292562991,1669.3214285714287,1691.28125,2.5683496689882057,0,96,28,16.87970782203569,0.06329113924050633,0.6455696202531646,,0.0,0.06329113924050633,0.35443037974683544,294.66908598285875,,,845.7191064136356,1151.5338316662467,294.66908598285875,477.048232358435,128.4454846800079,201.8237705430377
1743,raspberrypi,492.0,2023-09-17,18:25:01,Whole,1410.5206413646424,,7.843417229153338,,3111.25,2789.75,6.781746458581694,0,2,1,,0.0,1.0,,0.0,0.0,0.0,1649.236918409268,,,2035.3419307421912,2276.413313520732,1649.236918409268,1737.0765385302943,1484.2495352294252,1314.0969190422163
1744,raspberrypi,493.0,2023-09-17,18:25:01,Whole,950.5010505315979,1.0,3.3928583221939927,176.25159573745708,3157.375,1987.125,2.9967080348245454,0,4,2,,0.0,0.9873417721518988,,0.0,0.0,0.0,1255.8014880507533,,,1386.31131701486,2382.048852299973,1255.8014880507533,1266.7440061026193,904.9959429703006,1038.3712178584865
1745,raspberrypi,496.0,2023-09-17,18:25:01,Whole,413.54550369227366,0.15,5.5625155280965926,6.302229456958664,2051.280737704918,2008.4344262295083,2.957579004444318,1,152,61,4.7493023063057995,0.7721518987341772,0.22784810126582278,,0.0,0.7721518987341772,0.0,407.9403820616022,,,1039.8503428996664,1316.7845097003349,407.9403820616022,617.4591910725541,231.23160422875597,31.787290186064382
1746,raspberrypi,159.0,2023-09-18,12:05:01,Whole,701.1739425423012,1.0,5.080295270580412,63.960536731714946,1391.421875,1612.78125,2.7958740008183813,0,5,8,65.01115615610146,0.0,0.8985507246376812,,0.0,0.0,0.0,498.4457348979441,,,956.5807474659492,1019.9572145585638,498.4457348979441,635.3092193602449,266.1846422673401,301.2139805261067
1747,raspberrypi,481.0,2023-09-18,12:05:01,Whole,432.8724018856934,,2.427186063730143,,1666.25,1571.625,2.427186063730143,0,1,2,,0.028985507246376812,0.9710144927536232,,0.0,0.028985507246376812,0.0,278.0128584212049,,,748.7807085528003,1231.1198105238334,278.0128584212049,450.1955243748115,265.52675954762276,111.4806728182125
1748,raspberrypi,483.0,2023-09-18,12:05:01,Whole,679.393612852048,1.0,2.974148438340991,93.7662795418247,1601.9166666666667,2160.0416666666665,2.1520839810866783,1,10,9,4500.7567595821565,0.028985507246376812,0.8840579710144928,,0.0,0.028985507246376812,0.08695652173913043,641.7107748049451,,,1310.1372440224575,844.6708750336174,641.7107748049451,828.4924527432362,151.66921254371903,282.1083549739335
1749,raspberrypi,484.0,2023-09-18,12:05:01,Whole,468.6993490394387,1.0,2.698265666963241,47.83990008753007,2170.1785714285716,1748.530612244898,2.5139362920417527,1,24,49,3228.386717795178,0.028985507246376812,0.2898550724637681,,0.0,0.028985507246376812,0.391304347826087,528.3679743673173,,,825.3585917219655,1549.101329032278,528.3679743673173,571.7319287171271,65.26612697280643,298.47384369331394
1750,raspberrypi,486.0,2023-09-18,12:05:01,Whole,401.224177131983,,3.2726203094063537,,1733.875,1526.0,3.3911377135196217,0,3,2,,0.028985507246376812,0.9710144927536232,,0.0,0.028985507246376812,0.028985507246376812,251.1755462985791,,,683.8602857907354,1319.7132776809553,251.1755462985791,416.50709101681514,122.33528498071885,45.69377762844814
1751,raspberrypi,493.0,2023-09-18,12:05:01,Whole,802.0467046017882,1.0,5.9195668882461785,134.1524339947566,2586.90625,1233.8125,2.594135750205888,0,14,16,44830.57084280266,0.0,0.782608695652174,,0.0,0.0,0.057971014492753624,809.8102053408784,,,591.8464914988821,2204.950450898338,809.8102053408784,732.7151533380072,330.3810846711444,598.9252480988782
1752,raspberrypi,494.0,2023-09-18,12:05:01,Whole,278.24433852451074,1.0,4.536834587746206,11.247675867776431,1943.6875,1935.1041666666667,2.8374978905985038,0,8,6,15.297181360159566,0.08695652173913043,0.9130434782608695,,0.0,0.08695652173913043,0.08695652173913043,325.71686939243307,,,982.1262574968908,1248.4125175220477,325.71686939243307,550.0185716282377,110.43982622371995,25.720540803956972
1753,raspberrypi,496.0,2023-09-18,12:05:01,Whole,69.71288428576943,1.0,,11.483505250088612,2015.4791666666667,1721.375,,0,0,6,21.705654797317415,0.08695652173913043,0.9130434782608695,,0.0,0.08695652173913043,0.0,228.48753476917332,,,759.1970329507755,1414.3984774057396,228.48753476917332,417.98609829850955,237.118978118948,0.0
1754,raspberrypi,621.0,2023-09-18,12:05:01,Whole,256.26492905526527,,2.2045606486808467,,1851.5,1571.0,2.2045606486808467,0,1,1,,0.014492753623188406,0.9855072463768116,,0.0,0.014492753623188406,0.0,187.0899563751504,,,657.7632329695205,1368.4234574993711,187.0899563751504,373.88611697226764,256.0812215327104,54.72667437249983
1755,raspberrypi,37.0,2023-09-17,22:40:01,Whole,1765.1288186966858,,9.368019942879908,,1076.5,1747.75,9.368019942879908,0,1,1,,0.0,1.0,,0.0,0.0,0.0,796.5046141253804,,,1271.9858739457982,727.8421464281121,796.5046141253804,927.6636516585713,582.4193511071513,628.7483572138235
1756,raspberrypi,110.0,2023-09-17,22:40:01,Whole,1667.3340999916502,,8.861331689838114,,1058.5,1374.0,8.861331689838114,0,1,1,,0.0,1.0,,0.0,0.0,0.0,794.5238162081698,,,1078.6597465182072,1063.0886313731455,794.5238162081698,876.6164843790837,435.24438857518504,556.3249287411174
1757,raspberrypi,485.0,2023-09-17,22:40:01,Whole,49.470385256002295,0.0,9.11467581635901,,2737.7735507246375,1018.3514492753621,9.11467581635901,0,2,69,0.054750754652150777,0.0,1.0,,0.0,0.0,0.0,909.6511037233048,,,461.3656672543862,2407.455937929124,909.6511037233048,794.0059451213539,451.59311255831767,709.0974877341606
1758,raspberrypi,441.0,2023-09-18,16:20:01,Whole,1545.9103243373693,,9.268965671298748,,1009.5,1147.0,4.699758417913159,0,2,1,,0.0,1.0,,0.0,0.0,0.0,897.0216901855282,,,1041.9889127074498,1265.5696107350764,897.0216901855282,944.3692305748158,441.7808933780189,613.1798146139395
1759,raspberrypi,481.0,2023-09-18,16:20:01,Whole,1092.6948014508544,,5.97832121994309,,1608.75,1087.5,2.158904779607378,0,3,1,,0.01282051282051282,0.9871794871794872,,0.0,0.01282051282051282,0.01282051282051282,449.2395582507218,,,458.4280998637153,1568.3047415547803,449.2395582507218,471.22013104039854,0.0,24.524575873424283
1760,raspberrypi,484.0,2023-09-18,16:20:01,Whole,1487.0619950858302,1.0,7.479960902812127,105.83219384052038,1137.0989583333333,1425.53125,5.25959118319158,3,49,24,7625.3417728710365,0.07692307692307693,0.6923076923076923,,0.0,0.07692307692307693,0.0641025641025641,943.8914100410727,,,1081.6573992107421,1064.4180691288948,943.8914100410727,1000.3930098505065,546.8847391082587,692.3609881131995
1761,raspberrypi,486.0,2023-09-18,16:20:01,Whole,1097.8104011025534,1.0,6.437757647158071,14.129034639299773,1973.84375,842.3950892857143,10.809342849216657,3,83,56,203.78696127556856,0.6025641025641025,0.28205128205128205,,0.717948717948718,0.6025641025641025,0.717948717948718,600.6274936131751,,,48.09208020214261,1981.2254371466504,600.6274936131751,524.4756804687785,78.38970811193181,160.65453666942668
1762,raspberrypi,492.0,2023-09-18,16:20:01,Whole,1188.1474220800812,0.0,11.373029006673999,,3136.341346153846,2777.7419871794873,11.76495840187431,0,91,78,0.05669254220835225,0.0,1.0,,0.0,0.0,0.0,1658.3720164146846,,,2035.658020846526,2300.425545549012,1658.3720164146846,1743.584062462373,1486.1380183886693,1325.8070192633281
1763,raspberrypi,496.0,2023-09-18,16:20:01,Whole,561.2445318184969,1.0,9.00236396977635,39.49012929036211,1978.328125,1476.328125,9.041857836332815,0,8,8,438.9269978466764,0.10256410256410256,0.8974358974358975,,0.0,0.10256410256410256,0.05128205128205128,200.70148939920097,,,531.4113526990991,1526.9689311354605,200.70148939920097,327.1640860721009,187.4751119602383,0.0
1764,raspberrypi,628.0,2023-09-18,16:20:01,Whole,1073.5356057761667,,8.609047734555265,,1441.25,2380.25,8.229115129500244,0,2,1,,0.0,1.0,,0.0,0.0,0.0,884.5652808631181,,,1563.6534886971735,620.7751034124128,884.5652808631181,1066.1721849274804,458.2451284211555,615.0143665042362
1765,raspberrypi,106.0,2023-09-18,05:00:01,Whole,455.73740847044746,,2.3796058708099554,,2766.0,1086.5,2.3796058708099554,0,1,1,,0.0,1.0,,0.0,0.0,0.0,902.7392079912103,,,512.2519110384198,2390.615435021495,902.7392079912103,792.3951445809852,428.5383054693651,721.6411638931498
1766,raspberrypi,470.0,2023-09-18,05:00:01,Whole,1333.1518849428155,,6.3473765979995305,,1615.25,2451.0,6.3473765979995305,0,1,1,,0.0,1.0,,0.0,0.0,0.0,874.8781696825438,,,1565.5374291858395,779.2958711764431,874.8781696825438,1061.969565939499,456.6938179521444,579.1128309534474
1767,raspberrypi,486.0,2023-09-18,05:00:01,Whole,643.8208015096782,0.5945945945945946,2.3796058708099554,18.66945138382624,2205.4013157894733,900.8355263157895,2.3796058708099554,0,1,38,223.8122196810455,0.0,0.45714285714285713,,0.5142857142857142,0.0,0.5428571428571428,625.2011663468668,,,28.920626560303987,2088.5397332155417,625.2011663468668,525.2648535718963,126.64809436599153,289.3421508659802
1768,raspberrypi,493.0,2023-09-18,05:00:01,Whole,764.1888693281171,0.967741935483871,6.3473765979995305,15.921109422715913,2899.5859375,2118.0,6.3473765979995305,0,1,32,118.99685314976699,0.0,0.5714285714285714,,0.0,0.0,0.0,1080.2886167678316,,,1345.1606762391252,2104.1489518673166,1080.2886167678316,1129.838009671871,844.2683590585139,814.5858866913118
1769,raspberrypi,374.0,2023-09-18,06:00:01,Whole,430.3988116332838,,,,2050.25,1704.25,,0,0,1,,0.029411764705882353,0.9705882352941176,,0.0,0.029411764705882353,0.0,235.01709450895422,,,737.3818160208525,1452.9618252424204,235.01709450895422,410.2305335115645,233.7822262645709,0.0
1770,raspberrypi,379.0,2023-09-18,06:00:01,Whole,533.3499017625342,,,,2061.5,893.0,,0,0,1,,0.029411764705882353,0.9705882352941176,,0.029411764705882353,0.029411764705882353,0.029411764705882353,568.8059883391439,,,0.0,1996.2146446439874,568.8059883391439,481.7283707184817,12.92451023751542,171.6300919070958
1771,raspberrypi,486.0,2023-09-18,06:00:01,Whole,356.9030979902754,1.0,2.947977338208798,20.250510145599414,2047.25,1594.875,2.9381623772990815,0,8,12,8.703975683846556e-27,0.35294117647058826,0.6470588235294118,,0.0,0.35294117647058826,0.2647058823529412,217.26395016285974,,,629.4743299777764,1511.3196219145477,217.26395016285974,359.6894997584474,152.29996059685055,19.224012786257966
1772,raspberrypi,488.0,2023-09-18,06:00:01,Whole,322.3709267707076,1.0,,75.68633296766663,2428.983333333333,1094.9166666666667,,0,0,15,6938.628348208075,0.0,0.5588235294117647,,0.20588235294117646,0.0,0.2647058823529412,638.0670864445913,,,239.27783592729355,2121.727126228929,638.0670864445913,534.7780482173,179.33819945088445,399.20636437194946
1773,raspberrypi,493.0,2023-09-18,06:00:01,Whole,272.31171138072733,1.0,2.947977338208798,147.69549687207575,2463.9615384615386,1469.298076923077,2.9381623772990815,0,8,13,13948.356358593452,0.0,0.6176470588235294,,0.0,0.0,0.2647058823529412,566.4387883434813,,,574.2459561512268,1939.7782515597496,566.4387883434813,524.9487538475385,117.1828729991453,376.5162467028979
1774,raspberrypi,37.0,2023-09-18,02:50:01,Whole,998.6618184284433,,,,2343.25,2981.0,,0,0,1,,0.0,1.0,,0.0,0.0,0.0,1414.805628818743,,,2015.602257235557,1546.330649229015,1414.805628818743,1569.5976203580617,1131.018532153748,1046.2214135272864
1775,raspberrypi,485.0,2023-09-18,02:50:01,Whole,29.251013829788768,0.0,7.676037103147639,,2533.271551724138,1985.0129310344828,7.676037103147639,0,1,58,0.020708167014275237,0.0,1.0,,0.0,0.0,0.0,701.1806458772699,,,1070.8411118958009,1779.2121756521333,701.1806458772699,786.2723536573119,511.38647369659583,416.66207426756847
1776,raspberrypi,853.0,2023-09-18,02:50:01,Whole,1462.9845303078698,,7.676037103147639,,1089.5,1630.0,7.676037103147639,0,1,1,,0.0,1.0,,0.0,0.0,0.0,762.7845175909063,,,1187.9855224802102,838.6243457835008,762.7845175909063,881.9709097743334,554.5455817105644,567.5737180566971
1777,raspberrypi,17.0,2023-09-18,09:40:01,Whole,1394.2618676605357,,6.910497273740923,,1677.75,2758.5,5.744513254870574,0,2,1,,0.0,1.0,,0.0,0.0,0.0,1152.5304702551452,,,1843.690231245979,849.4318928691819,1152.5304702551452,1336.6594610033353,752.4045491725458,851.3460980176188
1778,raspberrypi,159.0,2023-09-18,09:40:01,Whole,664.5164045252421,1.0,5.047108485948163,18.220495687823092,1522.9125,1703.6625,4.31222729833472,0,8,10,0.19938078698686545,0.0,0.7435897435897436,,0.0,0.0,0.1282051282051282,401.7491102462487,,,935.5777305382596,1035.6864629970598,401.7491102462487,565.4392569967866,197.80949207998896,260.904651836896
1779,raspberrypi,404.0,2023-09-18,09:40:01,Whole,1347.5369940209812,,,,3119.25,2355.75,,0,0,1,,0.0,1.0,,0.0,0.0,0.0,1380.38677898802,,,1658.9927444835898,2285.090787089152,1380.38677898802,1435.956842856806,1127.8317026232944,1090.3632490805146
1780,raspberrypi,430.0,2023-09-18,09:40:01,Whole,597.9454886508963,,,,2701.5,1261.5,,0,0,1,,0.0,1.0,,0.0,0.0,0.0,782.8538550316281,,,548.049530914642,2239.893149935567,782.8538550316281,688.3844275086873,285.2823793982036,644.8750813847637
1781,raspberrypi,470.0,2023-09-18,09:40:01,Whole,1521.1291812234053,,,,720.75,869.25,,0,0,1,,0.0,1.0,,0.0,0.0,0.0,1268.3714837534849,,,1286.4653203820947,1496.2788038031438,1268.3714837534849,1290.698844712209,780.4140359551262,938.4579868503106
1782,raspberrypi,481.0,2023-09-18,09:40:01,Whole,335.12741886745494,1.0,3.899542168366915,44.77320596726444,2343.3223684210525,1692.7631578947369,3.8004824534179598,0,9,19,620.4014260842639,0.1794871794871795,0.5384615384615384,,0.0,0.1794871794871795,0.358974358974359,434.66601651716473,,,741.1753110211257,1715.002840133815,434.66601651716473,490.30750951513767,161.07957285335405,254.3737616837455
1783,raspberrypi,482.0,2023-09-18,09:40:01,Whole,220.5171151718912,1.0,6.213092504818514,31.167390811551744,2250.796875,1261.015625,4.31222729833472,0,8,8,0.0,0.02564102564102564,0.7948717948717948,,0.0,0.02564102564102564,0.20512820512820512,409.9445091116732,,,297.5571610306139,1874.5687337527988,409.9445091116732,348.9400038242904,71.50414504294906,198.9057453973237
1784,raspberrypi,494.0,2023-09-18,09:40:01,Whole,508.26129428602064,0.23076923076923078,3.899542168366915,11.468152350954687,2223.075,940.1166666666666,3.8004824534179598,0,9,15,30.394373071436068,0.0,0.6153846153846154,,0.38461538461538464,0.0,0.38461538461538464,594.9654450069607,,,0.7296587313235307,2070.145502369201,594.9654450069607,496.88041687131937,119.22738741475563,274.73878102445804
1785,raspberrypi,371.0,2023-09-18,08:25:01,Whole,215.27553149258256,,,,2339.75,1782.25,,0,0,1,,0.0,1.0,,0.0,0.0,0.0,452.94733339642346,,,826.0176716235496,1671.4283174349969,452.94733339642346,540.9910337278473,277.7867044623494,228.47265441301857
1786,raspberrypi,486.0,2023-09-18,08:25:01,Whole,209.87476120040614,0.015873015873015872,5.455068692472157,3.010398644698074,2334.76953125,1799.33984375,4.878805521725293,0,19,64,0.30255331975086563,0.0,0.9846153846153847,,0.0,0.0,0.0,454.9918694371252,,,841.9143393474651,1659.7570770196992,454.9918694371252,549.892351989355,291.66943414178246,220.46021765857463
1787,raspberrypi,666.0,2023-09-18,08:25:01,Whole,736.2207446691132,0.0,5.215038642621639,,1391.5208333333333,1731.888888888889,4.878805521725293,0,19,18,3.2825630252100847e-06,0.0,1.0,,0.0,0.0,0.0,513.9793921868821,,,1038.1015294778538,923.5945890872949,513.9793921868821,666.550343786653,290.4253522173364,366.0344140358075
1788,raspberrypi,683.0,2023-09-18,08:25:01,Whole,1067.274845286833,,5.789980658090497,,1681.5,2767.0,5.549950608239978,0,2,1,,0.0,1.0,,0.0,0.0,0.0,1160.0844327345565,,,1851.046799724474,854.6073353736349,1160.0844327345565,1344.073731315551,760.6221638883235,857.8162950628652
1789,raspberrypi,159.0,2023-09-18,08:50:01,Whole,427.2927709339498,0.0,6.542469734695015,,1244.8432203389827,1681.218220338983,6.390313075581338,0,33,59,0.012205952629013073,0.0,1.0,,0.0,0.0,0.0,628.3203070978722,,,1102.222869542972,872.4996705792388,628.3203070978722,763.5343438835961,444.3385230815235,449.4409296495887
1790,raspberrypi,379.0,2023-09-18,08:50:01,Whole,302.9447672339957,,,,1699.75,1718.5,,0,0,1,,0.0,0.9838709677419355,,0.0,0.0,0.016129032258064516,285.96137837449197,,,855.2817409650058,1157.6255127332336,285.96137837449197,472.83557305521526,94.52954583952672,197.85654613246214
1791,raspberrypi,470.0,2023-09-18,08:50:01,Whole,1113.5842110735744,,6.653648308459542,,2461.25,2133.0,6.60600853274811,0,2,1,,0.0,1.0,,0.0,0.0,0.0,735.4179872926985,,,1194.3545913751675,1670.3143177177606,735.4179872926985,855.4624494238806,638.6039394661545,401.37133712048495
1792,raspberrypi,493.0,2023-09-18,08:50:01,Whole,260.2694285072922,,,,1699.0,1672.75,,0,0,1,,0.016129032258064516,0.9838709677419355,,0.0,0.016129032258064516,0.016129032258064516,271.2565580026118,,,815.1192108542637,1186.142868478196,271.2565580026118,457.1250556936408,139.62525381425183,176.16298050185648
1793,raspberrypi,494.0,2023-09-18,08:50:01,Whole,811.3521209369753,0.13333333333333333,6.494829958983583,8.393320280193294,2197.4375,895.78515625,6.390313075581338,0,33,32,10.091042995868394,0.0,0.4838709677419355,,0.5,0.0,0.5161290322580645,620.9915696399586,,,8.183145201299524,2085.244379532869,620.9915696399586,520.6400752287036,110.45388032410446,275.5749845887487
1794,raspberrypi,683.0,2023-09-18,08:50:01,Whole,1491.1026215680436,,,,1790.5,2912.75,,0,0,1,,0.0,1.0,,0.0,0.0,0.0,1288.2816981212222,,,1971.3576471324375,994.1967001675835,1288.2816981212222,1468.6537205604386,905.7252997275963,964.0308284043696
1795,raspberrypi,486.0,2023-09-18,01:30:01,Whole,1069.0107936708105,1.0,5.879307937008694,14.625498980148572,1695.875,1050.951923076923,5.870022091192183,0,12,13,203.3119186345524,0.17105263157894737,0.8289473684210527,,0.0,0.17105263157894737,0.17105263157894737,438.12660499464795,,,364.1844283338782,1647.568494928203,438.12660499464795,450.1457208613394,47.238283607541874,0.0
1796,raspberrypi,492.0,2023-09-18,01:30:01,Whole,1175.925601267126,,5.458562531581967,,3114.0,2789.0,5.458562531581967,0,2,2,,0.0,1.0,,0.0,0.0,0.0,1650.6206216771793,,,2035.8683616259682,2279.0893132600318,1650.6206216771793,1738.2032494732284,1484.9280858266852,1315.7226383375155
1797,raspberrypi,493.0,2023-09-18,01:30:01,Whole,232.74852303854442,0.8243243243243243,5.668935234295329,17.05207010457307,2439.693333333333,2020.3916666666667,5.867635815963192,0,14,75,376.93377441331756,0.17105263157894737,0.18421052631578946,,0.0,0.17105263157894737,0.013157894736842105,668.4361037617731,,,1094.004511825548,1679.7490159488864,668.4361037617731,776.8256778646812,495.98057604595954,407.29458297607977
1798,raspberrypi,425.0,2023-09-18,10:15:01,Whole,724.5266706229808,,,,1056.25,1375.75,,0,0,1,,0.0,1.0,,0.0,0.0,0.0,796.4026742067215,,,1081.455848974914,1060.686273621739,796.4026742067215,878.7261499802047,437.9985371702822,558.5204823766275
1799,raspberrypi,482.0,2023-09-18,10:15:01,Whole,188.90964402183022,1.0,,27.91178728250499,1587.91015625,1746.046875,,0,0,32,1293.5804760249548,0.20454545454545456,0.2727272727272727,,0.0,0.20454545454545456,0.6136363636363636,381.29897586827326,,,937.6090119040518,1058.4317087108607,381.29897586827326,550.0136843568343,95.85065512348925,243.7066384119043
1800,raspberrypi,486.0,2023-09-18,10:15:01,Whole,439.5052796774625,1.0,,13.255302894379486,2125.7954545454545,1545.340909090909,,0,0,11,97.61118908694978,0.25,0.75,,0.0,0.25,0.25,254.25665202559736,,,572.7966849440853,1603.1239823692847,254.25665202559736,336.8719410431939,61.12176848427346,101.64741896635367
1801,raspberrypi,159.0,2023-09-18,12:35:01,Whole,97.21841126424532,,2.0298188662537804,,2133.5,1672.75,1.065973637614179,0,3,1,,0.012987012987012988,0.987012987012987,,0.0,0.012987012987012988,0.012987012987012988,267.76698851581665,,,699.7192117793406,1540.4622327011878,267.76698851581665,401.88346221843057,167.32350233645423,23.80429002023085
1802,raspberrypi,250.0,2023-09-18,12:35:01,Whole,1790.4481051304795,,9.54335414845138,,707.75,757.0,6.710259458679055,0,6,1,,0.0,1.0,,0.0,0.0,0.0,1334.9096668120492,,,1300.1661555400722,1607.781986884375,1334.9096668120492,1346.6717922509185,835.3755599453397,984.120547283628
1803,raspberrypi,374.0,2023-09-18,12:35:01,Whole,356.91208859815225,0.0,3.9545161909824205,,1856.4615384615386,1813.0,1.9718042990519253,6,54,13,0.054121562867133856,0.16883116883116883,0.8311688311688312,,0.0,0.16883116883116883,0.16883116883116883,255.39679415201167,,,884.3704873661811,1230.9480124182987,255.39679415201167,471.732758062751,51.87405932829566,32.293230605205935
1804,raspberrypi,470.0,2023-09-18,12:35:01,Whole,1716.1160203432362,,8.430752281189404,,725.25,869.75,7.790373132136229,0,3,1,,0.0,1.0,,0.0,0.0,0.0,1264.2239149517184,,,1281.9842089072056,1496.0235826080684,1264.2239149517184,1286.4469226561628,776.0032273594404,933.97776793709
1805,raspberrypi,481.0,2023-09-18,12:35:01,Whole,143.98131478008472,0.25333333333333335,4.542573208446249,11.912075865367308,2340.9440789473683,1692.1907894736842,1.7304405227993862,1,192,76,69.83505552930005,0.0,0.7532467532467533,,0.0,0.0,0.18181818181818182,429.57275925631495,,,738.0266954956116,1712.2424625156982,429.57275925631495,484.88497228304493,196.28166593928285,221.79080315019178
1806,raspberrypi,482.0,2023-09-18,12:35:01,Whole,687.7713747173076,0.725,4.755774060426105,12.464197918331042,1553.208333333333,1921.6696428571431,4.149595953012212,0,118,42,136.76142922371065,0.0,0.45454545454545453,,0.0,0.0,0.5454545454545454,488.18273424177806,,,1107.4601535264194,924.4853596696145,488.18273424177806,660.7580565424328,99.75789479465115,283.58805163100715
1807,raspberrypi,484.0,2023-09-18,12:35:01,Whole,354.0001731107072,0.0,4.656780570679948,,2223.6463815789475,1384.623355263158,1.7304405227993862,0,192,76,0.12941669741205314,0.0,0.012987012987012988,,0.0,0.0,0.987012987012987,343.21936626567776,,,415.1243738198505,1776.3324432974355,343.21936626567776,313.2969944761022,0.0,207.4028034852753
1808,raspberrypi,486.0,2023-09-18,12:35:01,Whole,381.04816797709185,0.0,4.154292853483442,,1830.09375,1792.25,0.00912495041506784,6,33,8,1.669964302165648e-26,0.09090909090909091,0.8961038961038961,,0.0,0.09090909090909091,0.1038961038961039,258.10597877832,,,874.5009155527014,1220.9949330667087,258.10597877832,468.8588715722112,51.142024362893196,34.29463375396832
1809,raspberrypi,488.0,2023-09-18,12:35:01,Whole,858.8820426933355,1.0,4.677690648031988,51.65256820994723,2058.785714285714,919.5535714285714,2.7483280148141076,0,29,14,939.7718943153671,0.09090909090909091,0.8181818181818182,,0.12987012987012986,0.09090909090909091,0.12987012987012986,570.4090254670681,,,93.5209175911752,1976.1612324804394,570.4090254670681,505.63257288002904,110.99490956893976,182.9968594431616
1810,raspberrypi,492.0,2023-09-18,12:35:01,Whole,1387.8153302654475,0.0,8.824320858608894,,3114.344696969697,2786.9166666666665,6.891257348821276,0,106,33,0.0015622459363909774,0.0,1.0,,0.0,0.0,0.0,1649.3832459291293,,,2034.1459390759119,2279.256311415527,1649.3832459291293,1736.8247117898682,1483.3169516661646,1314.6635930582097
1811,raspberrypi,524.0,2023-09-18,12:35:01,Whole,1712.009069964631,,8.097565702748632,,730.75,868.5,6.795084559659788,0,3,1,,0.0,1.0,,0.0,0.0,0.0,1260.0270085175985,,,1276.4462150110744,1497.5857767304417,1260.0270085175985,1281.9307983719568,771.2369314325483,928.9762553705909
1812,raspberrypi,621.0,2023-09-18,12:35:01,Whole,138.06408834524157,,1.9558397653060207,,2337.75,1698.75,0.0063963189915137286,1,3,1,,0.0,1.0,,0.0,0.0,0.0,427.94974918421116,,,743.7127331988893,1706.3367360245234,427.94974918421116,486.98654360385046,195.03385295510665,220.80954144581386
1813,raspberrypi,638.0,2023-09-18,12:35:01,Whole,842.2551220573649,,5.153754862748135,,2238.75,2579.75,4.5714077678070195,0,4,1,,0.0,1.0,,0.0,0.0,0.0,1001.8557625384307,,,1608.2543972769702,1394.7952306156537,1001.8557625384307,1166.0892974364128,736.83909142804,631.7142273727527
1814,raspberrypi,922.0,2023-09-18,12:35:01,Whole,343.56953170105066,,3.887190880924748,,1871.75,1820.0,2.0396748426043905,0,4,1,,0.012987012987012988,0.987012987012987,,0.0,0.012987012987012988,0.012987012987012988,254.56188465537508,,,886.7550429053533,1240.2890061344435,254.56188465537508,474.2713756222639,59.629431966197814,22.90701768432956
1815,raspberrypi,17.0,2023-09-18,02:05:01,Whole,673.7611361121656,,3.0673569525822364,,1751.75,2415.0,3.0673569525822364,0,1,1,,0.0,1.0,,0.0,0.0,0.0,804.4411165713922,,,1492.5109592464685,919.4068079278425,804.4411165713922,994.3645268038057,406.82550670174624,500.30010933421886
1816,raspberrypi,404.0,2023-09-18,02:05:01,Whole,729.9413381655511,0.0,,,2975.375,1788.5,,0,0,4,0.0,0.0,1.0,,0.0,0.0,0.0,1028.9478015292757,,,1114.7774205947476,2260.3707083680656,1028.9478015292757,1021.712808607855,639.5800033260207,854.1119596958812
1817,raspberrypi,493.0,2023-09-18,02:05:01,Whole,91.87680206841566,0.7272727272727273,3.0673569525822364,5.872211649606164,2337.511029411765,2302.5404411764707,3.0673569525822364,0,1,34,12.851730767728185,0.0,0.38461538461538464,,0.0,0.0,0.0,790.8670010570402,,,1340.1063670073095,1515.55156615574,790.8670010570402,942.8791315856485,610.7190625308865,418.9660197979348
1818,raspberrypi,726.0,2023-09-18,02:05:01,Whole,732.7047717857829,,,,2978.5,1788.0,,0,0,1,,0.0,1.0,,0.0,0.0,0.0,1031.8114898822057,,,1116.417585014674,2263.4921969266184,1031.8114898822057,1024.3037479738546,641.9921448465285,857.2718575964298
1819,raspberrypi,392.0,2023-09-17,23:10:01,Whole,1484.3033912866845,,8.201412526874806,,1056.5,1567.25,8.201412526874806,0,1,1,,0.0,1.0,,0.0,0.0,0.0,788.1910441827376,,,1178.2975273784,882.1700216356164,788.1910441827376,897.9559491756694,537.1717021009862,580.0926338914418
1820,raspberrypi,447.0,2023-09-17,23:10:01,Whole,1032.7972311133392,,4.444650161723948,,1739.25,1222.0,2.871049156496728,0,2,1,,0.013333333333333334,0.9866666666666667,,0.0,0.013333333333333334,0.013333333333333334,299.76084103303174,,,427.48050253314256,1537.1330654919623,299.76084103303174,377.9663327454915,84.48382095172612,0.0
1821,raspberrypi,481.0,2023-09-17,23:10:01,Whole,810.5472336875637,,,,2279.75,1142.5,,0,0,1,,0.0,0.9866666666666667,,0.013333333333333334,0.0,0.013333333333333334,487.79937783422065,,,191.65485350101454,1972.1890059702055,487.79937783422065,407.1917721208466,169.6544034173621,234.54462082916203
1822,raspberrypi,485.0,2023-09-17,23:10:01,Whole,135.11711405600238,0.0,5.869940791176962,,2574.7364864864867,2034.106418918919,4.278349574723547,0,13,74,0.07791717503707192,0.0,1.0,,0.0,0.0,0.0,760.5457920307484,,,1130.5375061273678,1805.0959785752827,760.5457920307484,845.5983025386435,571.3401176606119,468.39705379387766
1823,raspberrypi,491.0,2023-09-17,23:10:01,Whole,1009.2879132973574,,5.711223412224612,,2704.75,935.625,5.711223412224612,0,2,2,,0.0,1.0,,0.0,0.0,0.0,925.7958587658366,,,407.77330875580503,2431.5066022063597,925.7958587658366,805.0645795914979,491.7561302320781,703.9179565307047
1824,raspberrypi,496.0,2023-09-17,23:10:01,Whole,954.0194696374472,1.0,4.16219249891074,39.3605132080363,1562.5,1734.25,4.195414425797067,0,3,2,,0.0,0.9733333333333334,,0.0,0.0,0.02666666666666667,381.2103221328354,,,937.9679798690411,1043.0271997746838,381.2103221328354,551.112789963399,148.777915843443,270.78293611552687
1825,raspberrypi,621.0,2023-09-17,23:10:01,Whole,634.7860949105578,1.0,3.965481008509469,42.774316382945415,2233.9285714285716,1350.1785714285713,3.918453219400685,0,7,7,13.771096232691258,0.02666666666666667,0.9066666666666666,,0.0,0.02666666666666667,0.09333333333333334,364.78609668896104,,,385.2243913857128,1805.543868625334,364.78609668896104,329.4878654533063,0.0,203.41541611382067
1826,raspberrypi,485.0,2023-09-18,05:30:01,Whole,606.9417830287639,1.0,4.965232301039816,11.53241859265332,2489.3830645161293,1182.2903225806451,4.909098744960641,0,13,31,38.56090719935816,0.0,0.6025641025641025,,0.0,0.0,0.32051282051282054,630.0287394643232,,,338.8724594023999,2111.1684058617566,630.0287394643232,527.9039396052568,172.6145369935409,437.99901101333285
1827,raspberrypi,493.0,2023-09-18,05:30:01,Whole,331.955821629021,0.9152542372881356,4.965232301039816,9.621552774549022,2659.3645833333335,2085.0041666666666,4.909098744960641,0,13,60,57.211549166690624,0.0,0.3076923076923077,,0.0,0.0,0.0,862.9400331989497,,,1212.542313100315,1874.8482486510934,862.9400331989497,940.8755813873535,659.075206007641,528.6160609276783
1828,raspberrypi,493.0,2023-09-18,00:55:01,Whole,79.63425065385245,1.0,,15.840489533012216,1657.5204081632653,2174.1760204081634,,0,0,49,65.43712010353076,0.0,0.04,,0.0,0.0,0.58,615.0412665346224,,,1292.8736240127018,892.549971812754,615.0412665346224,802.0291134743511,179.4063019395612,324.86798893154065
1829,raspberrypi,653.0,2023-09-18,00:55:01,Whole,495.24589102914325,,,,2116.75,1963.25,,0,0,1,,0.02,0.98,,0.0,0.02,0.0,396.064454793612,,,990.6084468144729,1394.4448192986038,396.064454793612,594.0221144068726,281.62800521132465,21.194093096207723
1830,raspberrypi,159.0,2023-09-18,11:35:01,Whole,286.6194010386565,1.0,2.4783162911463714,34.857967817469316,2335.3333333333335,1518.0,2.4783162911463714,0,2,9,479.8722576795505,0.0,0.82,,0.0,0.0,0.18,412.51969072613934,,,568.8166433750996,1793.7437173720607,412.51969072613934,391.31146193745394,14.635020743553099,290.77114063462983
1831,raspberrypi,245.0,2023-09-18,11:35:01,Whole,409.23397132431865,,,,1871.75,1994.5,,0,0,1,,0.02,0.98,,0.0,0.02,0.02,381.46605039874703,,,1055.4657310557845,1157.5775816231621,381.46605039874703,593.7504600212858,58.10366044011562,65.54175278702789
1832,raspberrypi,483.0,2023-09-18,11:35:01,Whole,239.7056578306879,,,,2375.5,1594.25,,0,0,1,,0.0,0.98,,0.0,0.0,0.02,445.72528996763714,,,651.0573698111139,1789.127924549726,445.72528996763714,448.9995528195965,93.07571078755763,278.18018602823815
1833,raspberrypi,484.0,2023-09-18,11:35:01,Whole,311.09410155217745,1.0,2.994972503218208,43.56036042091479,1914.6785714285713,1823.2142857142858,2.458770053619336,0,8,7,1.0349855076499675e-26,0.14,0.86,,0.0,0.14,0.12,263.7498562207915,,,881.5858205104652,1277.0390368344076,263.7498562207915,479.8022242350573,117.27303288731267,5.589204098064499
1834,raspberrypi,486.0,2023-09-18,11:35:01,Whole,257.8543632304677,1.0,3.330823630152683,50.04146214915795,2291.2179487179487,1845.3685897435898,2.4525257748703364,0,8,39,1206.8397308361148,0.36,0.22,,0.0,0.36,0.14,490.4834108254515,,,889.1439330394763,1611.457504573448,490.4834108254515,596.4996605195184,350.79970721901896,202.07384926435253
1835,raspberrypi,665.0,2023-09-18,11:35:01,Whole,972.2105421446352,,4.50110661173121,,1357.75,1316.375,3.223033035478983,0,2,2,,0.0,0.96,,0.0,0.0,0.04,531.766201553941,,,790.7144682735537,1242.9291807380944,531.766201553941,611.2720539495556,152.0637820889601,266.0176908638256
1836,raspberrypi,17.0,2023-09-18,01:35:01,Whole,1006.406652297424,,,,1409.25,2448.0,,0,0,1,,0.0,1.0,,0.0,0.0,0.0,957.600831454205,,,1638.5767116356742,575.8719434292398,957.600831454205,1139.0409905759834,532.6774959165784,687.3212097472884
1837,raspberrypi,404.0,2023-09-18,01:35:01,Whole,730.096558274241,,,,2974.75,1788.75,,0,0,1,,0.0,1.0,,0.0,0.0,0.0,1028.4064730185216,,,1114.564599092284,2259.698624912561,1028.4064730185216,1021.2515702556093,639.1763333477751,853.4645490696197
1838,raspberrypi,486.0,2023-09-18,01:35:01,Whole,536.8733318800142,1.0,3.2465638244937383,104.1746267557984,1821.1704545454545,1760.7102272727273,3.2465638244937383,0,1,22,2640.6102264712654,0.34,0.58,,0.0,0.34,0.3,421.72941182129676,,,916.4436521579809,1278.788855797447,421.72941182129676,571.0903695513551,144.82947791548122,135.08550252882804
1839,raspberrypi,493.0,2023-09-18,01:35:01,Whole,362.7159138006584,0.76,1.6500249282463277,15.749735909872967,2594.9583333333335,1995.013888888889,1.6500249282463277,1,2,27,183.25316791101042,0.0,0.62,,0.0,0.0,0.0,760.5478830556964,,,1103.2111620322019,1835.6162386090746,760.5478830556964,835.4223816464244,533.0997234572615,525.0138850912157
1840,raspberrypi,954.0,2023-09-18,01:35:01,Whole,397.59605458938614,,0.05348603199891744,,2648.5,1941.5,0.05348603199891744,1,1,1,,0.0,1.0,,0.0,0.0,0.0,777.4845097838557,,,1071.0747671865686,1902.1769346567153,777.4845097838557,833.352913186048,518.0353806932296,524.7190415786534
1841,raspberrypi,159.0,2023-09-18,05:10:01,Whole,1375.5765247606505,1.0,7.515298094992243,271.8124353299532,1375.8,1718.75,8.201308613799828,0,7,5,0.0,0.0,0.9620253164556962,,0.012658227848101266,0.0,0.0,977.9692697868398,,,1205.5662998083449,989.7293348693677,977.9692697868398,1052.3081924511384,544.7475237569114,739.5405206469871
1842,raspberrypi,470.0,2023-09-18,05:10:01,Whole,1947.5422149219253,1.0,9.043894781622022,2.0155644370746373,702.625,756.5,7.53729159819867,0,4,2,,0.0,0.9873417721518988,,0.0,0.0,0.0,1339.4767306786525,,,1305.3088211020286,1608.0708023332763,1339.4767306786525,1351.3921552057063,840.217148720522,989.1134537825319
1843,raspberrypi,481.0,2023-09-18,05:10:01,Whole,932.0249592151858,,5.438704856084559,,1645.75,2085.0,5.438704856084559,0,1,1,,0.0,0.9873417721518988,,0.0,0.0,0.012658227848101266,539.5535021072205,,,1211.4052098593816,914.6234067042642,539.5535021072205,723.2626175979075,99.9792377853986,261.06010904763986
1844,raspberrypi,483.0,2023-09-18,05:10:01,Whole,811.0154714891734,,4.0073194587403345,,2907.5,2285.25,4.0073194587403345,0,1,1,,0.0,1.0,,0.0,0.0,0.0,1168.4070004216508,,,1492.901578932656,2082.13236408045,1168.4070004216508,1237.6004723152842,946.291305373034,868.2362805758823
1845,raspberrypi,485.0,2023-09-18,05:10:01,Whole,122.68992658241731,0.23076923076923078,4.875802538807565,4.667800835804897,2571.7025316455697,1596.0806962025317,3.0992909796494894,0,16,79,5.8870629458111425,0.0,0.7721518987341772,,0.0,0.0,0.13924050632911392,621.3999204028116,,,726.6267366372966,1961.405484289931,621.3999204028116,598.6287522436187,200.34042513896148,472.19025294090744
1846,raspberrypi,491.0,2023-09-18,05:10:01,Whole,287.5728292260161,1.0,1.9132979068728884,53.334840010853114,2343.45,1873.4,1.9292248209744403,0,5,5,227.47089913338016,0.02531645569620253,0.9493670886075949,,0.0,0.02531645569620253,0.0,494.3248774831704,,,917.5789616553795,1639.193615557028,494.3248774831704,606.4820736575897,356.84591832262566,219.27744314555792
1847,raspberrypi,496.0,2023-09-18,05:10:01,Whole,349.77957851686756,,2.3651235499259924,,2115.75,1716.0,2.3651235499259924,0,1,1,,0.012658227848101266,0.9873417721518988,,0.0,0.012658227848101266,0.0,265.837140238388,,,743.6061178267207,1503.1876370257867,265.837140238388,424.23016935498765,214.06770038014645,0.0
1848,raspberrypi,726.0,2023-09-18,05:10:01,Whole,555.4969724869567,,2.3623694431979927,,2978.75,1787.5,2.3623694431979927,0,1,1,,0.0,1.0,,0.0,0.0,0.0,1031.9454767914522,,,1116.1986585278435,2263.888431710551,1031.9454767914522,1024.3385807851614,641.9474470130982,857.5722390739094
1849,raspberrypi,110.0,2023-09-18,09:50:01,Whole,1355.0802700423824,,7.235689330457248,,1057.75,1374.75,7.235689330457248,0,1,1,,0.0,1.0,,0.0,0.0,0.0,795.1258572973721,,,1079.6665588791413,1062.1306065984159,795.1258572973721,877.3215220763317,436.22727618429855,557.0510820484325
1850,raspberrypi,159.0,2023-09-18,09:50:01,Whole,97.05712288170854,0.13793103448275862,3.6240536479653995,2.759809372593028,2286.78125,2043.63671875,0.012184545105580874,5,6,32,0.7592022293711365,0.0,0.9310344827586207,,0.0,0.0,0.0,555.8919531346882,,,1077.0870735525507,1526.5226561521586,555.8919531346882,708.305052672435,464.6741088343154,205.6958626635139
1851,raspberrypi,481.0,2023-09-18,09:50:01,Whole,463.6709030900565,1.0,3.093987678380611,69.47852750231286,2084.6447368421054,2291.9736842105262,3.093987678380611,0,1,19,4589.736964116846,0.0,0.6896551724137931,,0.0,0.0,0.0,791.9522260166312,,,1379.936546531872,1268.6009895781465,791.9522260166312,952.1525524610304,358.0640013974861,442.33425341205424
1852,raspberrypi,483.0,2023-09-18,09:50:01,Whole,95.66474563351728,0.0,1.5532028219270806,,2282.3229166666665,2039.59375,0.012184545105580874,5,6,12,0.004253472222222221,0.0,1.0,,0.0,0.0,0.0,550.1247925009741,,,1072.6052021389721,1523.5245739958962,550.1247925009741,703.4307414091389,458.69470290035315,199.46227927967584
1853,raspberrypi,494.0,2023-09-18,09:50:01,Whole,670.0078664782611,,,,2097.5,1434.5,,0,0,1,,0.017241379310344827,0.9827586206896551,,0.0,0.017241379310344827,0.017241379310344827,246.96890995476383,,,464.0668562626418,1645.7901307095296,246.96890995476383,303.9856851824725,41.39422759428025,79.04683701140492
1854,raspberrypi,17.0,2023-09-18,04:35:01,Whole,1163.4540713939425,,,,1759.5,2407.25,,0,0,1,,0.0,1.0,,0.0,0.0,0.0,795.4246901564613,,,1483.0970409772488,928.2030219920612,795.4246901564613,985.5899625535876,399.3304703412632,491.0176413885814
1855,raspberrypi,110.0,2023-09-18,04:35:01,Whole,1480.2271054302946,,,,1072.25,1859.25,,0,0,1,,0.0,1.0,,0.0,0.0,0.0,832.8512724151233,,,1349.964409411353,629.0774143949027,832.8512724151233,973.6013278820253,569.249571765685,692.0587809255533
1856,raspberrypi,404.0,2023-09-18,04:35:01,Whole,534.3357821585536,,,,2975.75,1788.75,,0,0,1,,0.0,1.0,,0.0,0.0,0.0,1029.3558600584204,,,1115.2105026752974,2260.6465281249466,1029.3558600584204,1022.1403539234501,640.0303127227224,854.4592545976967
1857,raspberrypi,485.0,2023-09-18,04:35:01,Whole,147.34219210054513,0.0,8.46451876592026,,2652.429347826087,1472.4728260869565,8.46451876592026,0,1,23,0.0030404485850414873,0.0,1.0,,0.0,0.0,0.0,697.8951285541222,,,666.0130081056129,2090.3760903289403,697.8951285541222,638.8761266901137,216.31926544284173,580.0354561226276
1858,raspberrypi,731.0,2023-09-18,04:35:01,Whole,1514.3083041877667,,8.46451876592026,,1046.25,1145.75,8.46451876592026,0,1,1,,0.0,1.0,,0.0,0.0,0.0,864.3361451244962,,,1006.3195308795985,1276.614998221003,864.3361451244962,910.6426116454816,405.0891188508966,576.4439108657909
1859,raspberrypi,159.0,2023-09-18,08:30:01,Whole,1064.226886094184,,5.540509516191843,,1233.0,1800.25,5.540509516191843,0,1,1,,0.0,1.0,,0.0,0.0,0.0,671.3078365325898,,,1194.719255348751,769.3403651180245,671.3078365325898,816.9019240290447,418.14409445676245,528.8303916720149
1860,raspberrypi,491.0,2023-09-18,08:30:01,Whole,9.602070911567443,0.30666666666666664,3.521453269299982,6.570949610279484,2275.0098684210525,2033.7927631578948,4.4920452524681185,1,3,76,12.428593019815299,0.7368421052631579,0.013157894736842105,,0.0,0.7368421052631579,0.0,541.4321449820617,,,1066.1663438997537,1518.3843662351085,541.4321449820617,696.2220338510144,444.5659377335523,186.5163536932285
1861,raspberrypi,638.0,2023-09-18,08:30:01,Whole,899.8182325538621,,4.4920452524681185,,3112.0,2355.0,4.4920452524681185,0,1,1,,0.0,1.0,,0.0,0.0,0.0,1373.9838035719179,,,1654.514554133373,2277.9359556972245,1373.9838035719179,1430.1087449830345,1122.681759933284,1083.4146783632666
1862,raspberrypi,987.0,2023-09-18,08:30:01,Whole,105.80040195612614,,0.5318050392399835,,2165.25,2037.25,0.5318050392399835,1,1,1,,0.013157894736842105,0.9868421052631579,,0.0,0.013157894736842105,0.0,480.78377380214033,,,1063.9037905798268,1413.364471000319,480.78377380214033,664.4196462169615,345.19315015264795,108.31570774926764
1863,raspberrypi,109.0,2023-09-18,10:30:01,Whole,1459.8425022085619,,5.850304855005296,,1679.5,2766.75,5.850304855005296,0,1,1,,0.0,1.0,,0.0,0.0,0.0,1160.2265331790852,,,1851.2805056246173,852.5947827808302,1160.2265331790852,1344.2298902153748,760.5096015295732,858.330639134718
1864,raspberrypi,110.0,2023-09-18,10:30:01,Whole,1210.1647255986509,,7.173425202570639,,1071.25,1859.5,7.173425202570639,0,1,1,,0.0,1.0,,0.0,0.0,0.0,833.8271334586349,,,1350.8602215074723,628.3404215633261,833.8271334586349,974.543795435733,570.228463729957,693.0163692880919
1865,raspberrypi,159.0,2023-09-18,10:30:01,Whole,491.8711446898917,1.0,4.640846291542671,20.99748999979579,1731.6041666666667,1574.875,4.72824215333838,0,6,6,108.8176349446345,0.08108108108108109,0.918918918918919,,0.0,0.08108108108108109,0.0,230.7862361535546,,,713.8621205692272,1275.3429054634812,230.7862361535546,414.2014940080051,230.75657092851498,81.87516995438926
1866,raspberrypi,404.0,2023-09-18,10:30:01,Whole,1333.73093698582,,9.201017475144054,,3121.0,2354.75,9.201017475144054,0,1,1,,0.0,1.0,,0.0,0.0,0.0,1381.2940157701053,,,1659.0764604163994,2286.9225370814825,1381.2940157701053,1436.619746416443,1128.1633984869475,1091.5725636279697
1867,raspberrypi,470.0,2023-09-18,10:30:01,Whole,1200.928112297873,,7.0475370708392875,,1613.5,2452.5,5.423900613992483,0,2,1,,0.0,1.0,,0.0,0.0,0.0,876.8438199663576,,,1567.5138600485432,777.3707234189162,876.8438199663576,1063.889461182661,458.54808137336613,581.2083938358351
1868,raspberrypi,486.0,2023-09-18,10:30:01,Whole,565.2336145849762,0.975609756097561,6.556579898179154,12.535210410149267,2179.5148809523807,834.4613095238095,4.1103020023995525,0,15,42,102.65600600474946,0.0,0.43243243243243246,,0.5675675675675675,0.0,0.5675675675675675,664.0617560656109,,,0.0,2117.957140883916,664.0617560656109,560.5124196476676,126.60855669077814,291.718136655566
1869,raspberrypi,493.0,2023-09-18,10:30:01,Whole,417.8632771531945,1.0,4.78347817040294,33.918660379218124,2297.608974358974,1798.3653846153845,2.120408286534868,0,27,39,397.2359504597795,0.3918918918918919,0.47297297297297297,,0.0,0.3918918918918919,0.16216216216216217,439.74898191303276,,,837.4317951635372,1631.8879285616179,439.74898191303276,540.3848610679482,316.82997402550063,151.77248383108753
1870,raspberrypi,496.0,2023-09-18,10:30:01,Whole,193.12042626755806,1.0,1.7564778821024785,9.205708749503643,2208.8529411764707,1591.3676470588234,1.6244200471189991,0,17,17,19.117754847266202,0.22972972972972974,0.7702702702702703,,0.0,0.22972972972972974,0.22972972972972974,311.2745255064057,,,619.7407172772887,1647.2793141120317,311.2745255064057,371.98885008530476,66.29240456180331,128.90797703088037
1871,raspberrypi,17.0,2023-09-18,05:45:01,Whole,1115.6454132937315,,,,2788.75,2387.0,,0,0,1,,0.0,1.0,,0.0,0.0,0.0,1140.9617267823792,,,1536.1455860713393,1953.1228636934484,1140.9617267823792,1233.2833192333876,979.1958032918585,813.7898041223069
1872,raspberrypi,493.0,2023-09-18,05:45:01,Whole,33.83765323231443,0.42857142857142855,,12.718077257176407,1649.3851351351352,2265.753378378379,,0,0,37,76.46762048163829,0.0,0.6052631578947368,,0.0,0.0,0.0,694.0572996511279,,,1379.4870437704888,852.1778235197199,694.0572996511279,882.1853281028438,271.09348400112333,400.43290543029275
1873,raspberrypi,110.0,2023-09-17,20:40:01,Whole,1656.3877618283473,,8.593651433698106,,817.75,750.0,6.9422559964465975,0,3,1,,0.0,1.0,,0.0,0.0,0.0,1247.691095187952,,,1190.6454358700548,1622.7282017066332,1247.691095187952,1254.175301823453,740.8551554683187,883.8717513931854
1874,raspberrypi,250.0,2023-09-17,20:40:01,Whole,1757.3896998440769,,9.905414992411709,,704.75,756.25,7.658034355451732,0,3,1,,0.0,1.0,,0.0,0.0,0.0,1337.8208798296553,,,1303.1969817753761,1608.4062191224093,1337.8208798296553,1349.629554278322,838.4058988821457,987.1974070115664
1875,raspberrypi,267.0,2023-09-17,20:40:01,Whole,1309.6274211080247,,7.586669942021145,,1048.25,1144.75,6.018723034526968,0,2,1,,0.0,1.0,,0.0,0.0,0.0,862.9044173628072,,,1004.1198167035793,1278.134402950964,862.9044173628072,909.0103263696021,403.1254720046511,574.4556032865378
1876,raspberrypi,470.0,2023-09-17,20:40:01,Whole,1481.0897391621445,,8.00036768511998,,865.75,1692.25,8.00036768511998,0,1,1,,0.0,1.0,,0.0,0.0,0.0,983.362510672671,,,1406.3345766116663,701.6897526191317,983.362510672671,1099.4206144647517,764.4122582616159,799.1666368851403
1877,raspberrypi,482.0,2023-09-17,20:40:01,Whole,261.3526910604397,1.0,4.1209739194190655,27.32248557048995,2261.353260869565,1202.3641304347825,2.019573121692802,0,44,23,1249.2257521495103,0.189873417721519,0.7215189873417721,,0.02531645569620253,0.189873417721519,0.26582278481012656,444.59275960559035,,,255.86557173849542,1919.7203843371133,444.59275960559035,382.0682697557031,119.65054261518466,163.41465351996058
1878,raspberrypi,484.0,2023-09-17,20:40:01,Whole,239.59945489237276,,3.2612564582017165,,2112.25,1326.75,1.9634677458875134,0,3,1,,0.012658227848101266,0.9873417721518988,,0.0,0.012658227848101266,0.012658227848101266,284.68781125226707,,,355.4087499220588,1725.1105551876938,284.68781125226707,303.08759953415085,70.61650404831325,82.05762672576498
1879,raspberrypi,485.0,2023-09-17,20:40:01,Whole,583.8984142057801,0.2,6.956240879204153,3.19742453053158,2638.7721774193546,1929.6612903225807,4.325497984594704,0,96,62,1.6359866509692358,0.0,0.8481012658227848,,0.0,0.0,0.0,764.1081012086514,,,1056.3486069209787,1896.5025458129924,764.1081012086514,819.2645540157639,503.12794041065786,512.2581775268268
1880,raspberrypi,493.0,2023-09-17,20:40:01,Whole,688.5511254435573,1.0,5.5522726653649785,31.303852192518367,2265.3152173913045,2119.092391304348,2.2424093555930025,0,43,23,700.2892538014539,0.13924050632911392,0.7215189873417721,,0.0,0.13924050632911392,0.0,603.3882794566723,,,1152.211755418092,1485.759295548629,603.3882794566723,764.5512841592731,467.4503706423367,208.22155722436685
1881,raspberrypi,496.0,2023-09-17,20:40:01,Whole,607.1341670160242,0.2878787878787879,6.189418082829921,12.081838479988885,2167.0111940298507,851.2649253731344,6.055614291687027,0,81,67,203.5748455645356,0.0,0.1518987341772152,,0.8481012658227848,0.0,0.8481012658227848,643.959569778849,,,0.0,2097.006202665879,643.959569778849,542.5332651122571,109.08612439088738,275.0691467283658
1882,raspberrypi,493.0,2023-09-18,04:45:01,Whole,133.71963195083728,0.84,,27.736917416689636,1691.7916666666667,2322.462962962963,,0,0,27,2871.4810808230645,0.0,0.25,,0.0,0.0,0.0,741.884911043635,,,1424.899489889026,878.9875227206787,741.884911043635,930.3764804608694,328.18484499010265,466.0672579042631
1883,raspberrypi,726.0,2023-09-18,04:45:01,Whole,1339.156778265247,,,,2974.0,1789.0,,0,0,1,,0.0,1.0,,0.0,0.0,0.0,1027.7466198147688,,,1114.2714604765274,2258.908058012883,1027.7466198147688,1020.6795106261022,638.6663850401577,852.6928346075416
1884,raspberrypi,190.0,2023-09-18,15:55:01,Whole,1235.4013948981615,,8.097392396143276,,1780.5,1125.0,5.159364895549455,0,2,1,,0.012658227848101266,0.9873417721518988,,0.0,0.012658227848101266,0.012658227848101266,355.06410550338904,,,332.43810324717646,1638.5568500906088,355.06410550338904,388.5748960660282,119.69690606774951,0.0
1885,raspberrypi,250.0,2023-09-18,15:55:01,Whole,1804.5862519499724,,10.53981705201682,,1011.0,1146.0,7.2450408529899475,0,2,1,,0.0,1.0,,0.0,0.0,0.0,896.0171457992684,,,1040.273495402308,1266.9212178498867,896.0171457992684,943.1845027457457,440.312056668412,611.6893485510507
1886,raspberrypi,379.0,2023-09-18,15:55:01,Whole,1971.6281781099042,,9.87787945243958,,784.75,1208.75,5.159364895549455,0,2,1,,0.0,1.0,,0.0,0.0,0.0,1086.8827974019948,,,1275.0619833340559,1163.0773488544273,1086.8827974019948,1145.8573112885585,667.6343568156929,839.3515164847704
1887,raspberrypi,470.0,2023-09-18,15:55:01,Whole,1666.6440627089614,,10.967879156285266,,1043.0,1374.75,8.923846747509838,0,2,1,,0.0,1.0,,0.0,0.0,0.0,809.0843183687554,,,1092.8645919489875,1057.2644255129906,809.0843183687554,891.0176848884745,449.8401226129385,571.7942731761208
1888,raspberrypi,482.0,2023-09-18,15:55:01,Whole,755.9810472533651,1.0,6.08298722282592,124.31110167639896,2172.75,2747.5,4.981185515730945,0,6,3,0.0,0.0,0.9746835443037974,,0.0,0.0,0.0,1150.2643496664314,,,1776.7315422692066,1338.581570428372,1150.2643496664314,1317.0301379206435,844.5116173721595,781.0862839652409
1889,raspberrypi,484.0,2023-09-18,15:55:01,Whole,937.7370100619403,1.0,6.0668584456621595,10.198039027185569,2001.75,1331.0,2.6434047886662517,0,4,2,,0.02531645569620253,0.9746835443037974,,0.0,0.02531645569620253,0.02531645569620253,224.51229396116494,,,380.95614689159373,1639.15958009849,224.51229396116494,307.7730423746908,160.5224666631548,9.318148938485038
1890,raspberrypi,486.0,2023-09-18,15:55:01,Whole,1301.6100434358857,0.9833333333333333,7.272340409059064,94.55254963395596,1938.3729838709678,1278.741935483871,9.794490385116955,0,71,62,10568.608476113046,0.012658227848101266,0.24050632911392406,,0.26582278481012656,0.012658227848101266,0.13924050632911392,819.1021255323861,,,645.8368382385509,1669.7062657077252,819.1021255323861,784.9297754553629,279.86104875445915,516.4852270947152
1891,raspberrypi,492.0,2023-09-18,15:55:01,Whole,902.5594734967145,0.0,10.321830602215494,,3137.2325949367087,2776.621835443038,9.828959991701744,0,73,79,0.05429371255007972,0.0,1.0,,0.0,0.0,0.0,1658.2184455059012,,,2035.0556558399933,2301.224692835448,1658.2184455059012,1743.2981625435427,1485.6135782796032,1325.7579821443248
1892,raspberrypi,494.0,2023-09-18,15:55:01,Whole,838.4908825591033,,7.598119343687867,,1864.0,1607.0,6.267498927755585,0,2,1,,0.012658227848101266,0.9873417721518988,,0.0,0.012658227848101266,0.0,190.85376449595222,,,686.7360985353157,1355.592281642901,190.85376449595222,382.3722910568375,226.68245520151223,71.34946616111135
1893,raspberrypi,666.0,2023-09-18,15:55:01,Whole,605.0129436848364,,7.061412032529233,,2001.75,2358.25,6.247597140215466,0,2,1,,0.0,1.0,,0.0,0.0,0.0,735.2837683141505,,,1392.7603752413554,1175.099631941374,735.2837683141505,923.5636405617448,420.88606681750935,382.0215235515988
1894,raspberrypi,17.0,2023-09-17,22:55:01,Whole,1333.719866421841,,7.1396559278247835,,1746.25,1995.75,7.1396559278247835,0,1,1,,0.012658227848101266,0.9873417721518988,,0.0,0.012658227848101266,0.012658227848101266,421.7574010840195,,,1092.3701674610272,1044.5066486325613,421.7574010840195,612.4278141293928,0.0,126.67022684758098
1895,raspberrypi,414.0,2023-09-17,22:55:01,Whole,1480.4325024930015,,7.94785540534704,,2875.25,2351.25,7.94785540534704,0,1,1,,0.0,1.0,,0.0,0.0,0.0,1182.550421121225,,,1537.9465873112483,2042.5962878745536,1182.550421121225,1261.7407230100341,986.3276665275773,869.1845787936944
1896,raspberrypi,432.0,2023-09-17,22:55:01,Whole,1309.8246847111466,,7.0742874644366935,,2741.0,2204.75,7.0742874644366935,0,1,1,,0.0,1.0,,0.0,0.0,0.0,989.4170413875094,,,1349.4561927120744,1929.5848330892259,989.4170413875094,1070.3775981104145,794.0308083590389,683.3485271049805
1897,raspberrypi,485.0,2023-09-17,22:55:01,Whole,60.93825203923014,0.0,6.953938172103161,,2524.131329113924,851.9509493670886,7.1069716961307385,0,4,79,0.04273079439106461,0.0,1.0,,0.0,0.0,0.0,843.9010632611636,,,216.68747041115228,2347.9295131040144,843.9010632611636,721.2606359511722,430.7627087276493,582.1886875045753
1898,raspberrypi,614.0,2023-09-17,22:55:01,Whole,1035.9891967695573,,5.653953890804126,,2793.25,1913.5,5.653953890804126,0,1,1,,0.0,1.0,,0.0,0.0,0.0,894.6031444711645,,,1111.794495935349,2048.717039087589,894.6031444711645,925.3194369532415,579.5782950544955,667.4580074256442
1899,raspberrypi,374.0,2023-09-18,04:05:01,Whole,403.7517597783539,,2.437725632432835,,2071.5,1437.75,2.437725632432835,0,1,1,,0.0125,0.9875,,0.0,0.0125,0.0125,231.5303572926557,,,470.36495538750006,1623.3270916906404,231.5303572926557,306.2547215288891,67.39747203691552,53.05247870328763
1900,raspberrypi,404.0,2023-09-18,04:05:01,Whole,756.6638239270583,,3.921385302393957,,2975.375,1789.0,3.921385302393957,0,2,2,,0.0,1.0,,0.0,0.0,0.0,1029.0519194360807,,,1115.1591201203566,2260.2114380436215,1029.0519194360807,1021.9013334634881,639.8401420404864,854.0605840049496
1901,raspberrypi,485.0,2023-09-18,04:05:01,Whole,71.376555747369,0.0,2.882772073305074,,2484.425,1209.5828125,2.1463067552073407,0,18,80,0.06680621807582858,0.0,0.0,,0.0,0.0,1.0,612.0916927845541,,,355.7152229252899,2090.0542647598613,612.0916927845541,511.04839553557605,140.211259820338,427.7080121445224
1902,raspberrypi,486.0,2023-09-18,04:05:01,Whole,374.5094654742671,0.5384615384615384,2.289205285088432,20.403489814272525,2117.9166666666665,1448.0166666666667,2.138611229657789,0,15,15,147.63236665570037,0.1875,0.8125,,0.0,0.1875,0.175,266.23654697250686,,,483.27622122183004,1655.6168077788445,266.23654697250686,314.4719277160394,0.0,153.75019639234904
1903,raspberrypi,17.0,2023-09-17,18:20:01,Whole,1640.9652509618684,,8.875379609246817,,2508.5,2663.25,6.455641175203087,0,3,1,,0.0,1.0,,0.0,0.0,0.0,1185.9522400871053,,,1723.0329313124303,1666.5302064196028,1185.9522400871053,1324.2453844726108,977.8132928498983,818.8174962090857
1904,raspberrypi,121.0,2023-09-17,18:20:01,Whole,849.1155881795353,,3.598428713187401,,1061.5,1741.5,0.08556285325886281,1,3,1,,0.0,1.0,,0.0,0.0,0.0,808.8382845048902,,,1279.3895650767897,726.3756167760178,808.8382845048902,938.5719582105464,598.4749023114169,638.9783700662153
1905,raspberrypi,190.0,2023-09-17,18:20:01,Whole,592.7387301725323,,0.8833128366811849,,2270.5,974.25,0.8833128366811849,1,1,1,,0.0,0.9875,,0.0125,0.0,0.0125,594.6484476913449,,,38.25842243065182,2079.4725599955987,594.6484476913449,495.43778643419546,157.66501319084,302.9818372650784
1906,raspberrypi,250.0,2023-09-17,18:20:01,Whole,863.7318243368557,0.0,3.5554847506165146,,1045.484375,1744.6953125,2.1463669025499668,1,50,16,0.00036380796329390114,0.0,1.0,,0.0,0.0,0.0,824.3620974900022,,,1293.7353981437354,716.2772242661623,824.3620974900022,953.5594484157848,613.2937467506817,654.6416236099029
1907,raspberrypi,272.0,2023-09-17,18:20:01,Whole,2089.756074036942,,11.067944555583358,,3113.0,2785.5,11.067944555583358,0,1,1,,0.0,1.0,,0.0,0.0,0.0,1647.440096115628,,,2032.2835755122762,2277.797337242285,1647.440096115628,1734.9095333140558,1481.3834217246851,1312.71103099622
1908,raspberrypi,404.0,2023-09-17,18:20:01,Whole,1067.107841587614,0.0,5.5835676881974745,,723.3928571428571,865.4642857142857,2.915103374005575,0,23,7,3.877409130971967e-27,0.0,1.0,,0.0,0.0,0.0,1267.836758860148,,,1283.7049479301497,1500.200826711002,1267.836758860148,1289.6866164140756,779.3424717172528,937.0197279312999
1909,raspberrypi,411.0,2023-09-17,18:20:01,Whole,670.0744410630193,,0.7458510506825109,,2216.25,757.0,0.016298734115721854,1,2,1,,0.0,0.9875,,0.0125,0.0,0.0,747.1576487950299,,,0.0,2200.2461309440837,747.1576487950299,635.9259275617999,213.4745395904112,377.1489345673518
1910,raspberrypi,481.0,2023-09-17,18:20:01,Whole,691.1012292535777,0.4430379746835443,5.580517806803586,6.936875064859095,2255.6,770.284375,6.630826460607686,3,111,80,24.27670292175171,0.0,0.0,,1.0,0.0,0.0,753.1695791257351,,,0.0,2216.592742185835,753.1695791257351,639.8984261379591,235.54898950507356,401.41304037926324
1911,raspberrypi,482.0,2023-09-17,18:20:01,Whole,447.72958516835564,,3.643407006359593,,2101.5,1469.0,3.4653383917557385,0,2,1,,0.0125,0.9875,,0.0,0.0125,0.0125,244.27018411373624,,,498.05327255221556,1627.9913736294686,244.27018411373624,310.5309628277252,41.718240350661276,86.05238669717018
1912,raspberrypi,485.0,2023-09-17,18:20:01,Whole,657.7836295423261,0.28205128205128205,4.3722138878795604,4.572434785176761,1554.544642857143,1852.267857142857,3.7794351841796714,0,88,42,4.608894759826679,0.0,0.475,,0.0,0.0,0.525,438.3458714481524,,,1042.440334114939,960.7332467861049,438.3458714481524,609.2996977382588,89.3055203966229,274.6038556050364
1913,raspberrypi,486.0,2023-09-17,18:20:01,Whole,694.8120980566498,0.0,5.004054353752136,,1044.525,1329.4583333333333,3.7794351841796714,0,68,30,0.06518938018688028,0.0,1.0,,0.0,0.0,0.0,815.0656698708775,,,1072.0341559058345,1100.6637275403043,815.0656698708775,890.0236720133965,432.53290507924214,572.9986945313638
1914,raspberrypi,488.0,2023-09-17,18:20:01,Whole,600.7225633012351,1.0,1.3633763174246905,58.949183231143415,1997.0714285714287,680.5,1.1893035290432217,0,8,7,161.834222323962,0.0,0.9125,,0.0875,0.0,0.025,759.2057824437817,,,72.41473676638292,2123.9046974178646,759.2057824437817,665.3911126906006,214.31642340464333,326.03111706599685
1915,raspberrypi,524.0,2023-09-17,18:20:01,Whole,861.5963998204738,,4.25384923477856,,1048.125,1744.625,2.362687286751857,0,4,2,,0.0,1.0,,0.0,0.0,0.0,821.906082077753,,,1291.658996046168,717.5220523653363,821.906082077753,951.2349042955468,610.7402608032701,652.2706813265265
1916,raspberrypi,621.0,2023-09-17,18:20:01,Whole,697.0518498899689,,3.5145110033425486,,2296.5,811.75,0.025790667717619817,1,2,1,,0.0,0.9875,,0.0125,0.0,0.0,737.1997068518374,,,0.0,2213.6139924913064,737.1997068518374,623.2638576801845,238.1150250254741,403.726584348857
1917,raspberrypi,190.0,2023-09-18,16:55:01,Whole,1390.0293826443385,,7.4181736503791464,,1463.0,2530.5,6.81766132669272,0,2,1,,0.0,1.0,,0.0,0.0,0.0,1004.6399126881364,,,1692.9286089050338,620.3297250856117,1004.6399126881364,1188.1733692829744,580.8184752655202,722.2806983089555
1918,raspberrypi,374.0,2023-09-18,16:55:01,Whole,538.7611934825079,,2.026295234593496,,1749.0,985.0,0.12234992270264633,1,2,1,,0.017543859649122806,0.9824561403508771,,0.0,0.017543859649122806,0.017543859649122806,472.14463040662173,,,288.662881124469,1731.9349390822942,472.14463040662173,465.7703070199697,152.45088147583027,0.0
1919,raspberrypi,470.0,2023-09-18,16:55:01,Whole,1357.794476939956,,,,2775.0,2541.75,,0,0,1,,0.0,1.0,,0.0,0.0,0.0,1240.8574087248282,,,1675.881073416632,1931.3292373485292,1240.8574087248282,1345.5486786391812,1114.1372212700373,897.4615080263045
1920,raspberrypi,484.0,2023-09-18,16:55:01,Whole,338.3499911846444,0.8269230769230769,4.142388669705132,34.46152586197618,2283.3449074074074,1316.2384259259259,3.0265303334020595,2,27,54,805.987458392325,0.21052631578947367,0.05263157894736842,,0.3684210526315789,0.21052631578947367,0.9473684210526315,485.6398338453936,,,385.1643267555649,1884.2827016701801,485.6398338453936,455.3597655558791,114.09070830034842,237.51219901646007
1921,raspberrypi,486.0,2023-09-18,16:55:01,Whole,542.2385023489221,1.0,3.986414373351174,15.101426646056378,1746.6607142857142,984.8571428571429,3.82175233998823,1,14,14,47.2853713027044,0.24561403508771928,0.7543859649122807,,0.0,0.24561403508771928,0.24561403508771928,475.3232098129602,,,292.09056709981576,1730.7945550194352,475.3232098129602,468.1628704237567,129.18886272186276,2.1196654439718685
1922,raspberrypi,492.0,2023-09-18,16:55:01,Whole,1747.7920108059825,,8.251644796671393,,3099.0,2805.75,7.319589777696851,0,2,1,,0.0,1.0,,0.0,0.0,0.0,1652.1931570970232,,,2044.4700691438863,2265.6345724502207,1652.1931570970232,1741.8564943340339,1492.4192170200204,1315.1481942410944
1923,raspberrypi,494.0,2023-09-18,16:55:01,Whole,195.00202829295705,1.0,5.6983621100439334,17.22003234285258,1974.015625,1371.5625,2.207591926294635,0,9,8,7.123729518507825e-27,0.14035087719298245,0.8596491228070176,,0.0,0.14035087719298245,0.10526315789473684,205.6256828554086,,,428.9221583135366,1591.6026559268025,205.6256828554086,312.23012388619134,172.07605480332498,0.0
1924,raspberrypi,541.0,2023-09-18,16:55:01,Whole,258.8499406170651,,0.5798229046780757,,2162.75,1588.5,0.5798229046780757,1,1,1,,0.017543859649122806,0.9824561403508771,,0.0,0.017543859649122806,0.017543859649122806,278.3017391587758,,,615.1470379290372,1609.8446714783556,278.3017391587758,360.783971167513,78.23532382624033,92.02085776418768
1925,raspberrypi,621.0,2023-09-18,16:55:01,Whole,717.8074757645049,,3.146882260225943,,1839.25,1970.25,3.146882260225943,0,1,1,,0.017543859649122806,0.9824561403508771,,0.0,0.017543859649122806,0.017543859649122806,366.98686773560934,,,1040.1887113664511,1138.9242483357582,366.98686773560934,575.2055261244755,17.671064677897775,48.76916516730496
1926,raspberrypi,628.0,2023-09-18,16:55:01,Whole,463.7788128981019,,0.17895591017820314,,2298.25,886.0,0.17895591017820314,1,1,1,,0.0,0.9824561403508771,,0.017543859649122806,0.0,0.0,678.2125491660175,,,3.3654652461607384,2161.397243742857,678.2125491660175,568.7792115516737,205.58905437853252,365.7362894164532
1927,raspberrypi,657.0,2023-09-18,16:55:01,Whole,1358.1220786247216,,9.27711367366281,,2768.25,2545.5,9.27711367366281,0,1,1,,0.0,1.0,,0.0,0.0,0.0,1239.1926568142778,,,1677.145037211065,1924.5219287114228,1239.1926568142778,1344.840609872693,1110.3527291790342,894.9231938141314
