,pi_ID,bee_ID,Date,Time,LR,distSC,meanAct,meanIBD,meanSpeed,meanX,meanY,medianMinDistToOthers,totalInt,totalIntFrames,trackedFrames,varSpeed,PropBroodTime,PropInactiveTime,PropLarvaeTime,PropNectarTime,PropPupaeTime,PropWaxPotTime,meanBroodDistM,meanEggDistM,meanLarvaeDistM,meanNectarDistM,meanPollenDistM,meanPupaeDistM,meanWaxPotDistM,medianClosesWaxPotDistM,medianClosestBroodDistM
0,raspberrypi,250.0,2023-08-10,07:00:01,Whole,1290.0045012549785,,6.726642350704143,,1665.5,487.75,6.726642350704143,0,1,1,,0.0,1.0,,0.0,0.0,0.0,1507.3186422992944,,,261.5452559880462,1409.1953252097192,1507.3186422992944,1426.0261792485605,953.8143400672195,1133.5268050872526
1,raspberrypi,304.0,2023-08-10,07:00:01,Whole,353.4171136107534,0.0,4.017877992668889,,2314.0227272727275,1204.6818181818182,2.3635963638193864,0,12,11,0.0704382222631656,0.0,0.8428571428571429,,0.15714285714285714,0.0,0.0,1018.0727257459287,,,111.60508496507013,798.8406347135319,1018.0727257459287,1070.115751308352,842.0439926610604,740.8213387486791
2,raspberrypi,305.0,2023-08-10,07:00:01,Whole,609.6872156645186,1.0,3.1289557090008286,26.418749526230307,2829.75,1115.3125,2.270479348080598,0,8,4,52.22434694061175,0.0,0.9714285714285714,,0.0,0.0,0.0,1184.3234995458222,,,405.411952831954,449.6496031440592,1184.3234995458222,1525.561879900798,1372.9788883013894,238.65093689724245
3,raspberrypi,309.0,2023-08-10,07:00:01,Whole,328.9125170024395,0.0,3.1860752264722367,,2728.662037037037,1511.2638888888887,2.609869093273898,0,30,27,0.039974802949407647,0.0,1.0,,0.0,0.0,0.0,1048.7578468226857,,,582.6675586754168,582.7994833214011,1048.7578468226857,1257.3877274026513,1141.078693847992,445.2861177582487
4,raspberrypi,316.0,2023-08-10,07:00:01,Whole,194.56020685252582,0.0,4.4093418667247235,,2240.95,1656.6480769230768,2.6106385617119976,0,41,65,0.07899366404569981,0.0,1.0,,0.0,0.0,0.0,865.8492432759894,,,543.7661918385858,990.3423664858673,865.8492432759894,768.2130446052305,642.8062723186454,625.6482236206124
5,raspberrypi,666.0,2023-08-10,07:00:01,Whole,800.2727628845446,,5.096189340251524,,3172.75,1332.75,5.096189340251524,0,1,1,,0.0,0.9857142857142858,,0.0,0.0,0.0,1309.281190968528,,,807.7286449993474,369.60169562398846,1309.281190968528,1728.5070958271535,1616.2074203456782,385.64976470317714
6,raspberrypi,683.0,2023-08-10,07:00:01,Whole,993.2626291269939,,5.690682351257473,,2528.0,2532.25,4.758112886260287,0,3,1,,0.0,1.0,,0.0,0.0,0.0,1180.505531103942,,,1452.1047517998584,1419.7794529831065,1180.505531103942,1085.6015959586769,811.417681860031,430.64027585854535
7,raspberrypi,739.0,2023-08-10,07:00:01,Whole,805.5849964195609,,4.646706360933337,,3114.0,1170.75,4.134646702428794,0,2,1,,0.0,0.9857142857142858,,0.0,0.0,0.0,1300.4345357042403,,,684.7171007115151,371.4266181775215,1300.4345357042403,1740.9922733141357,1623.0495374686177,217.96633473210466
8,raspberrypi,190.0,2023-08-09,18:35:01,Whole,1434.3485666878482,,8.59450506145127,,1095.0,1434.0,7.3820779197970525,0,3,1,,0.0,1.0,,0.0,0.0,0.0,1132.373708078007,,,930.7438488999496,1926.1953106217204,1132.373708078007,609.0121573493149,214.68813622573293,309.1187129039133
9,raspberrypi,304.0,2023-08-09,18:35:01,Whole,494.7584322357409,1.0,4.032572939319226,23.181488368064308,2846.931818181818,1885.2727272727273,1.7029999109405691,0,56,11,206.94923480779278,0.13924050632911392,0.8607594936708861,,0.0,0.13924050632911392,0.0,1079.355517219898,,,959.6938016664807,728.335570589701,1079.355517219898,1286.6043519974858,1124.8808523787216,57.47019763103799
10,raspberrypi,307.0,2023-08-09,18:35:01,Whole,1466.2426376974463,1.0,6.893033212225002,12.41219158730641,3255.125,881.75,3.290598883541534,0,26,4,0.0,0.05063291139240506,0.9493670886075949,,0.0,0.05063291139240506,0.0,1454.1480377828907,,,754.2375419453376,382.9637707868402,1454.1480377828907,2003.640444603101,1836.9535916740283,47.437790054907964
11,raspberrypi,308.0,2023-08-09,18:35:01,Whole,794.1105255679641,0.28846153846153844,5.329879277263232,11.996143892519251,3141.514150943396,2301.1485849056603,2.391886743808722,0,232,53,64.82863046154588,0.0379746835443038,0.7974683544303798,,0.0,0.0379746835443038,0.0,1386.9735454627457,,,1467.545976592123,1042.2023128515693,1386.9735454627457,1596.6665879719176,1390.6400429371959,209.4776217350146
12,raspberrypi,310.0,2023-08-09,18:35:01,Whole,1386.9203840389384,0.7580645161290323,9.966164243804071,32.14529611950918,1027.1626984126983,1933.0535714285713,5.9671356678604,0,260,63,462.6561658291208,0.16455696202531644,0.24050632911392406,,0.0,0.16455696202531644,0.0,1112.0969307055063,,,1304.2431884985806,2140.697215390332,1112.0969307055063,494.3486762448892,248.6401748553049,247.45121082265078
13,raspberrypi,311.0,2023-08-09,18:35:01,Whole,974.8266240039436,1.0,6.069588271802559,144.46252210921077,2676.903846153846,2620.2884615384614,4.132649573930323,0,36,13,14964.352259763695,0.0,0.8607594936708861,,0.0,0.0,0.0,1459.4969501669875,,,1684.7451389040566,1539.411677051576,1459.4969501669875,1422.6982385014992,1183.768027767891,597.5766472632171
14,raspberrypi,314.0,2023-08-09,18:35:01,Whole,392.194105032379,0.56,4.981969199117017,12.480095800471087,2761.9038461538457,2161.144230769231,1.618044289711604,13,216,52,153.47743404958192,0.6582278481012658,0.34177215189873417,,0.0,0.6582278481012658,0.0,1092.8856054761766,,,1165.6865012373537,997.0557303242692,1092.8856054761766,1206.648843799596,1004.3459921429118,15.605537646092031
15,raspberrypi,315.0,2023-08-09,18:35:01,Whole,558.5765718850434,0.2702702702702703,4.932312386660818,11.15882535871357,2781.7500000000005,1668.796875,2.665508685473955,0,155,40,46.312081043764174,0.0,0.4936708860759494,,0.0,0.0,0.0,1052.9308529675889,,,742.0406942850742,620.4261353160717,1052.9308529675889,1259.6124434414157,1107.7139779563886,272.93392674160987
16,raspberrypi,316.0,2023-08-09,18:35:01,Whole,833.9041337797257,1.0,6.093370658716389,77.62885610243731,2412.1825657894738,2553.2105263157896,3.3811639711426205,0,291,76,5244.968909697656,0.22784810126582278,0.05063291139240506,,0.0,0.22784810126582278,0.02531645569620253,1297.7409718889926,,,1583.9162292244873,1619.3908795487027,1297.7409718889926,1129.6126678919334,810.0527540471799,353.4224062104097
17,raspberrypi,319.0,2023-08-09,18:35:01,Whole,706.5428156199041,1.0,5.7411886917569435,75.82399592622603,2317.4618644067796,1526.4533898305085,4.343977263452678,13,245,59,4876.727534192387,0.26582278481012656,0.26582278481012656,,0.17721518987341772,0.26582278481012656,0.05063291139240506,1019.853771488836,,,588.4287719632226,983.2332787978072,1019.853771488836,1006.670073927572,879.3963685860921,314.2822255512631
18,raspberrypi,818.0,2023-08-09,18:35:01,Whole,756.5415206640719,,5.781105145540936,,3115.75,2256.5,1.9057789328441774,0,4,1,,0.012658227848101266,0.9873417721518988,,0.0,0.012658227848101266,0.0,1349.302172599301,,,1415.947463223113,999.029020215957,1349.302172599301,1564.2372750834736,1362.7878545451008,160.5392817462109
19,raspberrypi,304.0,2023-08-10,12:15:01,Whole,833.674831082473,1.0,5.977202779090041,8.051131872979848,3151.0625,1347.4375,4.342208471471366,0,5,4,1.9210511277759938,0.0,0.9466666666666667,,0.0,0.0,0.0,1307.4108878798363,,,796.7824803377746,415.8710930743314,1307.4108878798363,1712.6002199157008,1550.5678037260323,315.7596054382495
20,raspberrypi,306.0,2023-08-10,12:15:01,Whole,1295.6659611634727,,8.343322261621259,,3114.0,749.625,8.50232335032159,0,3,2,,0.02666666666666667,0.9733333333333334,,0.0,0.02666666666666667,0.0,1422.610290209865,,,609.739529384105,370.4464454115044,1422.610290209865,1963.0267541588782,1755.269244052095,0.0
21,raspberrypi,309.0,2023-08-10,12:15:01,Whole,672.4944207410365,1.0,4.840180145731298,77.02362294785102,3240.8214285714284,2151.8571428571427,1.3867575192474215,1,8,7,398.99630958473125,0.013333333333333334,0.9066666666666666,,0.0,0.013333333333333334,0.0,1406.2116997632793,,,1402.9509023105752,895.2547472287102,1406.2116997632793,1676.3683877207811,1491.2240983828253,246.5104030951309
22,raspberrypi,314.0,2023-08-10,12:15:01,Whole,1112.000379236105,0.5384615384615384,8.152083491369492,9.438050162428349,1598.8018292682927,1467.1524390243903,9.345309988520555,0,37,41,78.3738266976865,0.29333333333333333,0.4533333333333333,,0.0,0.29333333333333333,0.5466666666666666,875.0477828783686,,,563.5129844320387,1469.0833365908397,875.0477828783686,471.91515774992587,93.37407298672045,173.23246648639702
23,raspberrypi,315.0,2023-08-10,12:15:01,Whole,344.0739501529236,,4.641977650622864,,2783.5,2234.75,2.2738209672448484,0,2,1,,0.013333333333333334,0.9866666666666667,,0.0,0.013333333333333334,0.0,1132.6053456660622,,,1241.742684712934,1052.9778820492106,1132.6053456660622,1237.0805132133676,1031.1791976278637,39.5152689075621
24,raspberrypi,316.0,2023-08-10,12:15:01,Whole,706.6567061047986,1.0,5.797281926803936,40.886020362650626,3170.9354166666667,2330.5041666666666,9.180681692503825,1,39,60,994.1695049383377,0.17333333333333334,0.21333333333333335,,0.0,0.17333333333333334,0.0,1431.2356557022863,,,1515.4276082502063,1080.8092364549782,1431.2356557022863,1636.2602581526796,1445.386686832037,301.55433974830305
25,raspberrypi,319.0,2023-08-10,12:15:01,Whole,852.2918763521512,,6.183535816220844,,3405.5,1649.25,3.008924085789605,0,2,1,,0.0,0.9866666666666667,,0.0,0.0,0.0,1457.2072032877504,,,1173.1517719391347,543.1001647602569,1457.2072032877504,1864.5934513663976,1732.689283578577,561.0979219732163
26,raspberrypi,470.0,2023-08-10,12:15:01,Whole,1730.8705585886803,,8.940456839257516,,1663.0,488.5,4.948292996305553,0,2,1,,0.0,1.0,,0.0,0.0,0.0,1507.346222830597,,,263.32840517189635,1411.2554024891485,1507.346222830597,1424.9771285782865,952.4957266757688,1132.3755206038884
27,raspberrypi,524.0,2023-08-10,12:15:01,Whole,882.7349681890182,,6.4201615157353915,,2169.75,2709.0,5.698090326579724,0,2,1,,0.0,1.0,,0.0,0.0,0.0,1189.0594662571607,,,1593.6879994626065,1742.5037618186284,1189.0594662571607,896.4977796726474,573.5522132198469,552.1321550706107
28,raspberrypi,216.0,2023-08-10,10:10:01,Whole,712.4986317130587,,7.744127395371888,,3294.75,1983.0,2.850387559484411,0,2,1,,0.0,0.9821428571428571,,0.0,0.0,0.0,1404.052327181175,,,1309.2575387922213,733.5280830121376,1404.052327181175,1722.9341260406843,1567.7313275871518,303.24611022011277
29,raspberrypi,306.0,2023-08-10,10:10:01,Whole,1669.7206551160778,1.0,11.16063601153766,59.97891791496572,974.7604166666666,2472.9166666666665,9.718374321499322,0,7,12,1219.6125546581188,0.0,0.8035714285714286,,0.0,0.0,0.0,1308.5327706326125,,,1743.5866333131962,2423.759863088901,1308.5327706326125,660.2080736421962,472.0386372235901,466.8316401447986
30,raspberrypi,314.0,2023-08-10,10:10:01,Whole,412.9590046071482,1.0,4.780025458467553,12.668844295108064,2993.573275862069,2006.728448275862,9.288846223675641,0,9,29,45.48196951706332,0.5178571428571429,0.48214285714285715,,0.0,0.5178571428571429,0.0,1197.240806678355,,,1150.1046596493268,790.9533652175537,1197.240806678355,1426.4017759004607,1382.0123409925404,127.5128493430013
31,raspberrypi,316.0,2023-08-10,10:10:01,Whole,854.5621378930616,1.0,2.4711983600471426,10.51407072596596,3425.55,1906.05,1.8119455067303187,0,3,5,132.59613353877126,0.0,0.9107142857142857,,0.0,0.0,0.0,1495.4981773094883,,,1349.867290311248,702.7938577096369,1495.4981773094883,1855.0719154025383,1731.8995400731117,471.6692483221608
32,raspberrypi,666.0,2023-08-10,10:10:01,Whole,172.74686974132973,1.0,3.1361126959919883,5.232458265468711,2731.2960526315787,1979.453947368421,3.1361126959919883,0,1,19,50.225894479127305,0.3392857142857143,0.6607142857142857,,0.0,0.3392857142857143,0.0,1030.1501319591114,,,987.170595260468,858.7950320158711,1030.1501319591114,1168.08945278954,1011.522016428564,42.31668679438887
33,raspberrypi,110.0,2023-08-10,06:10:01,Whole,1779.0127246317534,,9.891710284413126,,1633.5,2545.0,9.40720310016235,0,2,1,,0.01694915254237288,0.9830508474576272,,0.0,0.01694915254237288,0.01694915254237288,1019.6805458252045,,,1511.3515671052967,1955.3396055159715,1019.6805458252045,478.93939954647163,168.78657180392435,168.10082936583493
34,raspberrypi,289.0,2023-08-10,06:10:01,Whole,726.0071886373415,,2.9929361130008623,,2186.0,766.0,2.9929361130008623,0,1,1,,0.0,0.9830508474576272,,0.01694915254237288,0.0,0.0,1246.5947507258666,,,0.0,895.5554011265491,1246.5947507258666,1329.3795819410377,969.5471574748233,785.8288012634572
35,raspberrypi,306.0,2023-08-10,06:10:01,Whole,337.5650677997951,0.6458333333333334,4.823073079141562,13.037158303454952,2800.905,856.3675,2.9929361130008623,0,48,50,77.88947931621412,0.3389830508474576,0.4406779661016949,,0.03389830508474576,0.3389830508474576,0.0,1275.3989614325062,,,300.82001312798474,456.13917867492955,1275.3989614325062,1655.7264454234203,1378.9668776423575,215.3774435021925
36,raspberrypi,307.0,2023-08-10,06:10:01,Whole,330.5323640565843,1.0,,2.2795132277649883,2875.375,1500.5,,0,0,7,3.219230913680218e-26,0.0,0.8813559322033898,,0.0,0.0,0.0,1117.7614072495448,,,670.6711694414499,491.9519973852374,1117.7614072495448,1395.884187199629,1275.9006322627724,444.3285548016896
37,raspberrypi,309.0,2023-08-10,06:10:01,Whole,741.1467507070855,1.0,5.763413618113948,17.955778269315633,3019.421296296296,1882.3472222222222,5.493781627315117,0,32,27,155.63173297162956,0.4576271186440678,0.5423728813559322,,0.0,0.4576271186440678,0.0,1186.4720143890042,,,1055.1199325909315,657.8206425541385,1186.4720143890042,1455.899126742693,1329.6869271150665,138.30453933410084
38,raspberrypi,316.0,2023-08-10,06:10:01,Whole,487.86939867696213,1.0,6.195054916211461,16.619127119024352,2394.1617647058824,884.9705882352941,1.8259045467383972,0,28,17,175.95976265833127,0.0,0.711864406779661,,0.288135593220339,0.0,0.0,1188.3723272806835,,,0.0,718.3852338565868,1188.3723272806835,1353.532210760421,1072.1655857071603,549.5775226425413
39,raspberrypi,524.0,2023-08-10,06:10:01,Whole,497.2405600094556,,1.2949231603796074,,2360.75,916.0,1.2949231603796074,0,1,1,,0.0,0.9830508474576272,,0.01694915254237288,0.0,0.0,1165.9539284180971,,,0.0,742.2200784282265,1165.9539284180971,1307.3250831742864,1012.5880866445214,613.7803658522826
40,raspberrypi,666.0,2023-08-10,06:10:01,Whole,874.50723891434,1.0,4.186375699885464,6.754628043053148,3184.375,409.125,3.2767964638221874,0,4,2,,0.03389830508474576,0.9661016949152542,,0.0,0.03389830508474576,0.0,1684.9712477724645,,,747.3134738413373,464.51639752735827,1684.9712477724645,2234.456605179082,1979.5798032098533,169.62166005778184
41,raspberrypi,726.0,2023-08-10,06:10:01,Whole,1333.5330418481426,,8.479969372932715,,2453.25,2477.25,8.409846774074719,0,2,1,,0.0,1.0,,0.0,0.0,0.0,1120.0249110699162,,,1384.5460664568925,1405.6742017676163,1120.0249110699162,995.8019810423801,724.8652173660179,441.5084896216051
42,raspberrypi,31.0,2023-08-10,02:45:01,Whole,565.0532193311112,,3.775543362569138,,2632.0,1364.75,2.5370856199903087,0,2,1,,0.0,1.0,,0.0,0.0,0.0,1042.912305289948,,,407.6370531118802,600.3976897447221,1042.912305289948,1232.1232844468457,1114.9192159008078,582.4023058817648
43,raspberrypi,305.0,2023-08-10,02:45:01,Whole,432.43692450146045,0.02531645569620253,3.1255986741656216,6.032338662340054,3269.0421875,2095.959375,4.198963880600225,2,132,80,1.2769471705650335,0.0,0.0,,0.0,0.0,0.0,1410.2718368852388,,,1376.9212119820602,841.5783725419353,1410.2718368852388,1699.5421018763143,1526.0706297875404,263.33995729833305
44,raspberrypi,306.0,2023-08-10,02:45:01,Whole,602.0373166979051,0.47435897435897434,3.6061927968899696,21.860881678487168,2979.28164556962,1127.375,5.080481374840493,5,132,79,262.4126706746568,0.775,0.0125,,0.0,0.775,0.0,1246.004857536496,,,550.7467936881364,406.1040869186382,1246.004857536496,1646.2914880708615,1582.8829294855293,176.93208664320719
45,raspberrypi,307.0,2023-08-10,02:45:01,Whole,616.850982793801,1.0,3.5436529539248323,23.854254812452478,2970.4210526315787,2311.157894736842,2.0376934548925854,0,46,19,1663.0630467762876,0.2375,0.7625,,0.0,0.2375,0.0,1283.081756739578,,,1394.0202565921459,1072.502202375355,1283.081756739578,1437.7255250974756,1199.0437419835932,168.35235084893108
46,raspberrypi,309.0,2023-08-10,02:45:01,Whole,333.7009699052545,1.0,2.80047460635865,10.0,3104.75,2038.75,0.9001537580423371,2,4,2,,0.025,0.975,,0.0,0.025,0.0,1269.6624452419549,,,1230.3024231190893,784.6407426865414,1269.6624452419549,1535.2339647588735,1371.0375213381685,105.3895291569366
47,raspberrypi,314.0,2023-08-10,02:45:01,Whole,341.08727203493623,0.13333333333333333,2.8356291102410114,3.6408530336320526,2907.4791666666665,1997.5416666666667,1.9312254826197595,0,45,18,1.3071919057084054,0.225,0.775,,0.0,0.225,0.0,1123.5788428056194,,,1086.13288499031,796.0288577284582,1123.5788428056194,1340.667968114742,1184.1216392230517,0.0
48,raspberrypi,316.0,2023-08-10,02:45:01,Whole,399.55403902101193,0.0,2.9726996377778776,,3037.0,1308.875,0.9391270118052988,5,11,5,0.0,0.0,0.9375,,0.0,0.0,0.0,1232.3880165364437,,,678.2017516472604,388.8673111193481,1232.3880165364437,1613.8405019288657,1505.6244188866006,358.63592689953936
49,raspberrypi,319.0,2023-08-10,02:45:01,Whole,220.36307490191388,,2.6006066875612563,,3030.25,1491.75,1.878097893432466,0,2,1,,0.0,0.9875,,0.0,0.0,0.0,1202.978176159278,,,778.9291206737316,442.3208414129683,1202.978176159278,1542.8894106459875,1421.7326036960321,484.27407963527753
50,raspberrypi,542.0,2023-08-10,02:45:01,Whole,248.31924659642885,0.0,2.5693965186389796,,3018.125,1466.0,1.6318624700038762,0,9,4,2.824649591421589e-26,0.0,0.95,,0.0,0.0,0.0,1198.8971139554912,,,753.2503086358373,429.69109205439554,1198.8971139554912,1539.6812233065846,1420.4721728988534,504.84798617898264
51,raspberrypi,560.0,2023-08-10,02:45:01,Whole,288.4322187339885,,2.706494466964671,,3370.0,1729.0,1.9354741920187615,0,2,1,,0.0,0.9875,,0.0,0.0,0.0,1432.4191198213118,,,1192.3327897011586,577.5636972846563,1432.4191198213118,1817.0996194677484,1681.4120745858481,483.8696034455161
52,raspberrypi,666.0,2023-08-10,02:45:01,Whole,407.8377749792653,,3.646036648512788,,2799.5,1999.5,2.466727703035546,0,3,1,,0.0125,0.9875,,0.0,0.0125,0.0,1063.5214359475092,,,1035.1006483424953,842.01693354252,1063.5214359475092,1234.45555945025,1079.459218933672,0.0
53,raspberrypi,896.0,2023-08-10,02:45:01,Whole,605.4043570108937,,3.4947141771330585,,2532.0,1957.75,3.117095984874836,0,2,1,,0.0,1.0,,0.0,0.0,0.0,952.7227327249524,,,895.3903863159544,954.9049062573988,952.7227327249524,974.6412203514965,817.8000734354813,238.89170830627398
54,raspberrypi,306.0,2023-08-10,14:20:01,Whole,711.7143950104082,,3.8191088899601193,,3192.75,745.75,2.0977600041312012,0,3,1,,0.01639344262295082,0.9836065573770492,,0.0,0.01639344262295082,0.0,1461.404766042131,,,688.4030990051406,375.90122924965823,1461.404766042131,2027.9799262175113,1828.723231923157,8.115461752809793
55,raspberrypi,307.0,2023-08-10,14:20:01,Whole,549.0951785213839,1.0,5.077897184093649,12.681730740049506,2971.1213235294117,1984.4007352941176,3.843703165868721,0,41,34,99.71955411869078,0.5573770491803278,0.4426229508196721,,0.0,0.5573770491803278,0.0,1164.51674787991,,,1110.3083488969312,763.1568436681669,1164.51674787991,1403.6338524412615,1284.7090017377977,50.12442642557528
56,raspberrypi,314.0,2023-08-10,14:20:01,Whole,361.62385317505846,0.9090909090909091,2.717505868330151,8.385684175672399,2994.3333333333335,1097.46875,1.2311984968487173,0,17,12,41.211205757385606,0.19672131147540983,0.8032786885245902,,0.0,0.19672131147540983,0.0,1255.1075495669647,,,546.5023365287485,389.282391068594,1255.1075495669647,1672.0348861214186,1526.0208570466264,164.3695440443536
57,raspberrypi,317.0,2023-08-10,14:20:01,Whole,916.1706847162814,,5.380415863190978,,2217.5,1141.25,4.99238250309136,0,2,1,,0.0,0.9836065573770492,,0.01639344262295082,0.0,0.0,1034.009279386921,,,28.375618828635538,868.2308326398338,1034.009279386921,1048.36532849514,777.2342958232343,805.6083965822078
58,raspberrypi,319.0,2023-08-10,14:20:01,Whole,239.68234947920388,0.9491525423728814,2.728099110036464,11.766239409486742,3180.2791666666667,1231.7270833333334,3.799858572713612,0,50,60,207.28976950784522,0.0,0.01639344262295082,,0.0,0.0,0.0,1329.34204963484,,,769.7907846427707,370.19814728457163,1329.34204963484,1774.2300758390122,1672.5614654759343,289.0420050382903
59,raspberrypi,525.0,2023-08-10,14:20:01,Whole,319.9834692692294,,1.8238208115779693,,2826.75,1253.75,1.8238208115779693,0,1,1,,0.0,1.0,,0.0,0.0,0.0,1143.6921604639801,,,472.2770849646792,464.5582265442037,1143.6921604639801,1452.06636860182,1325.0645266604238,376.83826528101895
60,raspberrypi,818.0,2023-08-10,14:20:01,Whole,405.8903536229092,,,,3115.0,1853.0,,0,0,1,,0.0,0.9836065573770492,,0.0,0.0,0.0,1249.6651384632698,,,1092.1771457600028,623.0450867132478,1249.6651384632698,1552.1981370615079,1409.4463522525991,208.93456490916205
61,raspberrypi,896.0,2023-08-10,14:20:01,Whole,319.57434298713963,,2.8773519471264377,,2826.5,1254.75,1.8142836242570457,0,2,1,,0.0,1.0,,0.0,0.0,0.0,1143.3405964000924,,,472.65820999071065,464.81846833934156,1143.3405964000924,1451.3769591259825,1324.6298320737133,377.8181890685954
62,raspberrypi,308.0,2023-08-10,13:05:01,Whole,974.0093277670203,1.0,6.674612865508816,61.52799724064196,2851.5,2136.75,6.67267699662655,0,3,4,4.3166468733693766e-27,0.05333333333333334,0.9466666666666667,,0.0,0.05333333333333334,0.0,1131.1091426151281,,,1182.5310968243055,941.503231962603,1131.1091426151281,1291.2972399915143,1106.5616059382087,0.0
63,raspberrypi,311.0,2023-08-10,13:05:01,Whole,380.71472882976394,,3.831962174626428,,3023.5,982.0,1.3930196287564565,0,3,1,,0.013333333333333334,0.9866666666666667,,0.0,0.013333333333333334,0.0,1298.6438760570304,,,540.7430987182242,379.94041420537997,1298.6438760570304,1756.871580777872,1585.3107561125116,43.54316200847556
64,raspberrypi,314.0,2023-08-10,13:05:01,Whole,847.5163520140034,1.0,5.752882910281515,93.15970337888162,2266.1484375,1896.5859375,6.945982907390374,0,28,16,4564.042276455848,0.02666666666666667,0.8,,0.0,0.02666666666666667,0.02666666666666667,884.1132282407921,,,814.6280358063792,1104.2338979482838,884.1132282407921,748.6982397732777,597.3482437587024,406.61669581868114
65,raspberrypi,316.0,2023-08-10,13:05:01,Whole,491.53142316380865,1.0,5.026083907732273,52.07406720934118,2920.323275862069,966.1875,2.8376123751685176,0,92,58,2941.4867327270763,0.21333333333333335,0.22666666666666666,,0.09333333333333334,0.21333333333333335,0.0,1330.8190811664583,,,500.2220531745243,485.43424068563286,1330.8190811664583,1713.9877583521757,1517.2206860290314,242.8593519357986
66,raspberrypi,319.0,2023-08-10,13:05:01,Whole,437.1967947232166,0.8493150684931506,5.50859485136106,20.44911345400922,2552.162162162162,776.6385135135135,3.548993794724776,0,104,74,458.05917953450444,0.09333333333333334,0.013333333333333334,,0.8666666666666667,0.09333333333333334,0.0,1272.447081167927,,,55.07822142920467,612.3740235759976,1272.447081167927,1537.9795719737458,1229.7808963821944,467.70396878431075
67,raspberrypi,425.0,2023-08-10,13:05:01,Whole,264.487637394478,,4.001759741213082,,2787.5,1426.0,3.72927330802912,0,3,1,,0.0,0.9866666666666667,,0.0,0.0,0.0,1089.1314782283332,,,556.0155180691659,519.9030151452972,1089.1314782283332,1342.6251461132251,1230.4497606348982,520.3384555503847
68,raspberrypi,441.0,2023-08-10,13:05:01,Whole,976.2811484022286,,6.952050468427729,,2203.5,2020.0,6.745061196370724,0,2,1,,0.0,1.0,,0.0,0.0,0.0,856.1033271479811,,,904.9911778848909,1211.9534339986885,856.1033271479811,657.8134760551658,484.79936842736794,454.6720431805262
69,raspberrypi,542.0,2023-08-10,13:05:01,Whole,878.0513337453881,,5.264401619766783,,3127.0,1943.0,3.5252069567274686,0,2,1,,0.013333333333333334,0.9866666666666667,,0.0,0.013333333333333334,0.0,1268.4939331840885,,,1168.5127571517382,688.0062917180958,1268.4939331840885,1558.1583616451271,1411.2241701896046,162.6642510046153
70,raspberrypi,818.0,2023-08-10,13:05:01,Whole,1095.4633396439554,0.09523809523809523,5.964302908743353,2.9501059303014867,2856.0489130434785,2261.1141304347825,7.025624490242473,0,47,23,0.6446003314622051,0.30666666666666664,0.6933333333333334,,0.0,0.30666666666666664,0.0,1182.87432758125,,,1295.2294298096863,1053.1720316449466,1182.87432758125,1311.9339769641615,1097.319592570244,39.767367230482165
71,raspberrypi,131.0,2023-08-09,21:00:01,Whole,727.2319334293697,,,,2395.25,634.0,,0,0,1,,0.0,0.9848484848484849,,0.015151515151515152,0.0,0.0,1342.5050200333437,,,0.0,746.709183894433,1342.5050200333437,1550.5262788177672,1212.3451194914383,601.4273949063534
72,raspberrypi,304.0,2023-08-09,21:00:01,Whole,781.4330009664419,,2.0901266141680503,,1945.0,2048.5,2.0901266141680503,0,1,1,,0.0,1.0,,0.0,0.0,0.0,789.5804909549016,,,954.0872667989636,1417.2003529063195,789.5804909549016,419.98870329077846,225.02534009544627,214.1677379182324
73,raspberrypi,306.0,2023-08-09,21:00:01,Whole,722.9594951255198,0.3469387755102041,6.120257203650777,6.776113597303973,2395.0384615384614,639.0144230769231,5.887425356761831,0,75,52,10.678446803796305,0.0,0.21212121212121213,,0.7878787878787878,0.0,0.0,1339.18725297218,,,0.0,745.8960845998286,1339.18725297218,1546.3966820482283,1213.55658273402,594.8200295407497
74,raspberrypi,314.0,2023-08-09,21:00:01,Whole,431.0503631046243,0.7857142857142857,2.171318648193513,18.75270297878918,1883.59765625,1597.95703125,2.0326539959479253,11,55,32,281.2682939297978,0.09090909090909091,0.5454545454545454,,0.0,0.09090909090909091,0.16666666666666666,837.2817151572672,,,563.0272514993736,1267.1752215352246,837.2817151572672,549.149004994222,288.13050369392647,339.3052436458465
75,raspberrypi,316.0,2023-08-09,21:00:01,Whole,491.79860465547625,1.0,4.322112330405959,13.701195104467542,1778.6354166666667,1682.9817708333333,2.3644146683953604,10,63,48,296.5336573575847,0.10606060606060606,0.2878787878787879,,0.0,0.10606060606060606,0.0,779.7423831826272,,,652.2426487875714,1378.524681674856,779.7423831826272,404.22524448255285,273.6351271529844,232.80341073537662
76,raspberrypi,319.0,2023-08-09,21:00:01,Whole,1361.3180647027837,,7.723539079721961,,3369.75,1609.0,7.062670972201127,0,2,1,,0.0,0.9848484848484849,,0.0,0.0,0.0,1429.1150989552275,,,1120.8184442281076,519.1466396275976,1429.1150989552275,1837.5080421266978,1707.6073268222592,561.6391182803222
77,raspberrypi,470.0,2023-08-09,21:00:01,Whole,1455.0878669847646,,8.347278712127423,,3128.5,2251.25,7.563274722685676,0,2,1,,0.015151515151515152,0.9848484848484849,,0.0,0.015151515151515152,0.0,1356.3515172718203,,,1418.443587532962,993.0488298577623,1356.3515172718203,1575.9491269414477,1375.6182598393882,168.33690628220032
78,raspberrypi,542.0,2023-08-09,21:00:01,Whole,600.9299699339741,,2.7428056670017393,,1679.5,1744.3333333333333,0.7338357618237057,1,4,3,,0.030303030303030304,0.9696969696969697,,0.0,0.030303030303030304,0.030303030303030304,758.3655587216829,,,751.4016561460963,1486.3736131043222,758.3655587216829,316.83445697742906,164.77937491910467,114.80301347394841
79,raspberrypi,666.0,2023-08-09,21:00:01,Whole,431.0258692769933,1.0,2.8169168042336947,2.1505813167606567,1647.4166666666667,1427.5,0.006811040976735258,2,4,3,,0.0,0.9545454545454546,,0.0,0.0,0.045454545454545456,888.4656162825432,,,501.7033870382664,1415.6830047085414,888.4656162825432,521.150225914267,139.7246197890516,237.2798342514812
80,raspberrypi,700.0,2023-08-09,21:00:01,Whole,297.3882363952422,,3.2126597970253368,,2174.5,1004.0,2.221453978209915,0,2,1,,0.0,0.9848484848484849,,0.015151515151515152,0.0,0.0,1102.2131969600448,,,0.0,894.2524057603525,1102.2131969600448,1126.759719569106,808.7408986235212,811.308875661798
81,raspberrypi,103.0,2023-08-10,00:15:01,Whole,2050.2218574432386,,9.305038192047384,,2695.0,438.0,6.827679074772471,0,2,1,,0.0,0.9864864864864865,,0.0,0.0,0.0,1516.1610104338793,,,295.63572006066903,581.3031032795739,1516.1610104338793,1883.0826215056184,1566.9623425714292,435.58611156423456
82,raspberrypi,127.0,2023-08-10,00:15:01,Whole,1186.4514037056153,,7.348271375184906,,2764.25,1311.5,7.348271375184906,0,1,1,,0.0,1.0,,0.0,0.0,0.0,1104.4883643309988,,,459.64090732981646,507.13829201492536,1104.4883643309988,1371.011725729382,1253.4870479952965,459.40633017390246
83,raspberrypi,172.0,2023-08-10,00:15:01,Whole,799.7606589139743,,5.380675292480821,,2894.25,1744.25,5.380675292480821,0,1,1,,0.0,0.9864864864864865,,0.0,0.0,0.0,1105.765950824083,,,868.3741793710101,600.727033319541,1105.765950824083,1351.39534324344,1213.41652311277,204.31198272563006
84,raspberrypi,307.0,2023-08-10,00:15:01,Whole,591.2519959515798,,4.269980116871358,,2942.25,2007.5,4.269980116871358,0,1,1,,0.013513513513513514,0.9864864864864865,,0.0,0.013513513513513514,0.0,1146.6162328555752,,,1112.7533397927104,792.3630886050096,1146.6162328555752,1374.7213744782603,1216.9760335003493,0.0
85,raspberrypi,309.0,2023-08-10,00:15:01,Whole,241.883664049263,0.136986301369863,6.629492703210239,3.947486517686964,2509.885135135135,2712.2972972972975,5.375918434281229,0,20,74,1.8990772113377874,0.0,0.8648648648648649,,0.0,0.0,0.0,1291.4185135749478,,,1625.7452913939044,1588.2411218346047,1291.4185135749478,1159.4657941725263,862.2908051284116,589.4865972757162
86,raspberrypi,314.0,2023-08-10,00:15:01,Whole,798.7878464038223,0.1,5.090702747452378,7.301540933255117,2895.5833333333335,1745.875,5.374464446232836,0,14,12,4.3712662787231755,0.013513513513513514,0.8378378378378378,,0.0,0.013513513513513514,0.0,1106.4735397605189,,,870.4743213762622,601.1533168166784,1106.4735397605189,1352.411637025964,1213.3254360208898,204.15175009244533
87,raspberrypi,441.0,2023-08-10,00:15:01,Whole,1253.1730248307836,,7.7066655499290775,,2829.25,1254.75,7.7066655499290775,0,1,1,,0.0,1.0,,0.0,0.0,0.0,1144.4603629836358,,,474.8910730806138,463.46075600662704,1144.4603629836358,1453.7497081642239,1327.3304197718107,376.3626734841819
88,raspberrypi,542.0,2023-08-10,00:15:01,Whole,1171.8147466115545,,5.12077027005598,,3488.25,1727.75,3.07841044163827,0,2,1,,0.0,0.9864864864864865,,0.0,0.0,0.0,1526.6603060375253,,,1286.0692179184045,592.6946720314725,1526.6603060375253,1933.25938693421,1797.9017870781504,583.1806777317626
89,raspberrypi,666.0,2023-08-10,00:15:01,Whole,790.0770699369343,,5.323356584642417,,2893.75,1754.5,5.323356584642417,0,1,1,,0.0,0.9864864864864865,,0.0,0.0,0.0,1105.113011982843,,,876.2929832995442,607.896266120383,1105.113011982843,1349.1194385461515,1210.4692788254083,194.14684135805481
90,raspberrypi,930.0,2023-08-10,00:15:01,Whole,788.2738581078922,,5.324939276041189,,2909.25,1763.0,5.324939276041189,0,1,1,,0.013513513513513514,0.9864864864864865,,0.0,0.013513513513513514,0.0,1113.6304797383807,,,892.3742948816368,605.683793478618,1113.6304797383807,1362.696432113643,1223.5729154370158,189.23855757842654
91,raspberrypi,250.0,2023-08-09,23:50:01,Whole,2196.9824957297415,0.0,12.53460439628106,,1662.0,488.375,12.534374724567748,0,4,4,1.0554332599439223e-26,0.0,1.0,,0.0,0.0,0.0,1507.683409673843,,,264.25629145417975,1412.1898269832022,1507.683409673843,1424.978813146203,952.3828125429038,1132.3356170736197
92,raspberrypi,305.0,2023-08-09,23:50:01,Whole,1585.207786166449,1.0,9.159749623981597,5.507452337515051,2863.75,634.125,9.43030629416544,0,6,5,0.0,0.06493506493506493,0.935064935064935,,0.0,0.06493506493506493,0.0,1412.301775105135,,,375.17202439927917,431.6741689245289,1412.301775105135,1849.895014211874,1588.4674398570653,178.44797152479475
93,raspberrypi,309.0,2023-08-09,23:50:01,Whole,248.19797953019247,0.0,7.728572874827546,,3091.496753246753,2450.3084415584417,2.501528149106189,0,25,77,0.10253882630993445,0.0,1.0,,0.0,0.0,0.0,1424.1444807851963,,,1570.2875524081492,1193.3016710737395,1424.1444807851963,1580.4108741972996,1348.8138761227963,287.60325486387137
94,raspberrypi,314.0,2023-08-09,23:50:01,Whole,279.1863809683538,0.07692307692307693,2.4788484489123963,2.0615528128088303,3179.0,1977.8666666666666,2.484626747387151,0,15,15,0.21829966082211985,0.09090909090909091,0.8051948051948052,,0.0,0.09090909090909091,0.0,1313.4344780497076,,,1228.5882148593869,719.073508822503,1313.4344780497076,1608.5487826139267,1455.6701622173496,195.31810205573734
95,raspberrypi,316.0,2023-08-09,23:50:01,Whole,1131.2805792544489,,7.661585987740962,,1904.25,2060.75,6.452255690817727,0,2,1,,0.012987012987012988,0.987012987012987,,0.0,0.012987012987012988,0.012987012987012988,781.9561910593608,,,974.0137688691573,1455.0293772199575,781.9561910593608,384.34228657401945,183.94856130054734,174.28025411519948
96,raspberrypi,306.0,2023-08-10,10:45:01,Whole,190.3721908061216,0.9024390243902439,3.104598141050006,5.753587879127599,3057.2122093023254,1208.7267441860465,1.6503271558212291,2,98,43,14.955194727364466,0.0,0.39436619718309857,,0.0,0.0,0.0,1261.8513871400137,,,648.5973477615022,380.2473935545993,1261.8513871400137,1674.079369153362,1558.6720496331377,246.80275497997957
97,raspberrypi,307.0,2023-08-10,10:45:01,Whole,946.0606397247611,1.0,5.49490982504511,16.974245196767956,2774.875,1950.25,5.029655940564108,0,7,4,,0.056338028169014086,0.9436619718309859,,0.0,0.056338028169014086,0.0,1061.5193435317035,,,981.8831611895032,820.6560965239576,1061.5193435317035,1220.9177035082232,1071.2138046079144,78.04822407814399
98,raspberrypi,310.0,2023-08-10,10:45:01,Whole,436.64640372952806,1.0,5.159615799573087,28.94660817916112,2744.248015873016,794.7996031746031,2.820294236002679,11,132,63,679.398390893047,0.30985915492957744,0.11267605633802817,,0.4788732394366197,0.30985915492957744,0.0,1338.2256813238976,,,272.2512952686323,539.5300882982124,1338.2256813238976,1682.1430083977732,1307.799333605453,424.20582324757095
99,raspberrypi,314.0,2023-08-10,10:45:01,Whole,216.85010743517975,0.7666666666666667,3.9831384049523653,20.05116657945773,3091.796370967742,848.4677419354839,1.6723295198163206,17,129,62,164.67770015193997,0.8732394366197183,0.1267605633802817,,0.0,0.8732394366197183,0.0,1377.2311847666363,,,591.2230488603923,372.7985588522434,1377.2311847666363,1888.4429563045876,1667.1150556243501,0.0
100,raspberrypi,315.0,2023-08-10,10:45:01,Whole,1110.0474084953826,1.0,6.810821439199682,101.59051460350707,3177.875,2120.9375,5.302574027922969,0,9,4,5849.859685189225,0.04225352112676056,0.9436619718309859,,0.0,0.04225352112676056,0.0,1352.69370223928,,,1344.2748285050388,866.9968845566748,1352.69370223928,1614.4715999251314,1393.174275428204,170.75750479285583
101,raspberrypi,392.0,2023-08-10,10:45:01,Whole,1269.329880410265,,7.020062772310991,,2203.75,2023.75,6.7935408430858155,0,2,1,,0.0,1.0,,0.0,0.0,0.0,856.8528149045221,,,908.7458644347203,1214.118293717672,856.8528149045221,658.0253422851746,484.78137294324193,453.4384331243159
102,raspberrypi,441.0,2023-08-10,10:45:01,Whole,803.1032273155599,,,,2191.75,1004.0,,0,0,1,,0.0,0.9859154929577465,,0.014084507042253521,0.0,0.0,1103.175728618606,,,0.0,879.7979633040982,1103.175728618606,1136.740366138782,823.0179618143056,794.3647718770138
103,raspberrypi,542.0,2023-08-10,10:45:01,Whole,675.4306086851508,0.6111111111111112,4.2721525187266645,2.980954907054031,3404.31875,1567.51875,4.374795413295208,0,46,20,1.358907683352155,0.0,0.7183098591549296,,0.0,0.0,0.0,1456.1450781448257,,,1126.745768867691,503.56988932784725,1456.1450781448257,1879.6724597195682,1752.6094560531315,613.3854279865658
104,raspberrypi,666.0,2023-08-10,10:45:01,Whole,168.74220742039518,0.0,2.0990287594063135,,3064.5,877.25,0.008099996432582109,8,25,8,4.156544265734334e-26,0.11267605633802817,0.8873239436619719,,0.0,0.11267605633802817,0.0,1351.7339648981122,,,564.0419575312964,372.6536221856109,1351.7339648981122,1848.7132261685845,1659.7900384588884,0.0
105,raspberrypi,130.0,2023-08-10,03:10:01,Whole,403.2331694030891,,2.3508374309344044,,2973.25,1588.0,2.3508374309344044,0,1,1,,0.0,0.9655172413793104,,0.0,0.0,0.0,1160.4682976495185,,,801.6900631751682,491.957599122269,1160.4682976495185,1461.6837965462926,1334.266246190229,375.0388551299796
106,raspberrypi,131.0,2023-08-10,03:10:01,Whole,1334.1150166229054,,,,3188.5,682.25,,0,0,1,,0.034482758620689655,0.9655172413793104,,0.0,0.034482758620689655,0.0,1488.9936251996924,,,688.6515537763412,377.2583279024893,1488.9936251996924,2062.3314478527545,1851.2498459563174,0.0
107,raspberrypi,145.0,2023-08-10,03:10:01,Whole,1912.6977187014184,,,,1134.75,2782.5,,0,0,1,,0.0,1.0,,0.0,0.0,0.0,1403.686076060528,,,1922.2558364048941,2474.2695061148706,1403.686076060528,788.6559957158206,530.4741032121663,526.726945525851
108,raspberrypi,304.0,2023-08-10,03:10:01,Whole,863.2178455533317,1.0,4.182739510507452,90.19007705950804,2951.0,2836.5,4.182739510507452,0,2,2,,0.0,0.9655172413793104,,0.0,0.0,0.0,1575.6861597526295,,,1863.2158207795376,1590.66342360335,1575.6861597526295,1597.5191470546254,1314.054196892213,618.3746612136811
109,raspberrypi,309.0,2023-08-10,03:10:01,Whole,54.11690574910104,0.13043478260869565,3.2667884707209285,3.6911937787957534,2866.234375,2031.6354166666667,4.030648864196049,0,3,24,1.564094710299178,0.8275862068965517,0.1724137931034483,,0.0,0.8275862068965517,0.0,1107.5831665005758,,,1094.8939598940558,841.2031352691913,1107.5831665005758,1300.0995224331898,1137.0431212068559,0.0
110,raspberrypi,313.0,2023-08-10,03:10:01,Whole,821.7785298857548,1.0,,32.86002510650289,3283.125,1267.875,,0,0,3,0.0,0.0,0.896551724137931,,0.0,0.0,0.0,1391.6482315071228,,,878.3382135769322,381.8113675641992,1391.6482315071228,1853.7563959410784,1743.7514661612472,354.11378731693037
111,raspberrypi,126.0,2023-08-09,23:30:01,Whole,1128.199783247359,,6.078012081152287,,3006.5,2251.0,5.87804080607121,0,2,1,,0.013157894736842105,0.9868421052631579,,0.0,0.013157894736842105,0.0,1270.635563586129,,,1354.8308645385089,1006.8874423159364,1270.635563586129,1456.6693741097934,1253.642967648821,75.2722100794449
112,raspberrypi,300.0,2023-08-09,23:30:01,Whole,1027.5679147826759,,6.040235232982538,,2978.0,2115.5,5.951976576705734,0,2,1,,0.013157894736842105,0.9868421052631579,,0.0,0.013157894736842105,0.0,1198.9865552578751,,,1223.4733457834113,882.4031171856318,1198.9865552578751,1413.6040412876746,1234.6808333502845,0.0
113,raspberrypi,306.0,2023-08-09,23:30:01,Whole,343.176521931913,0.5915492957746479,4.523381145805249,23.888394359263334,2313.9913194444443,1322.0086805555557,3.807185901949175,0,99,72,354.68509538250646,0.0,0.4473684210526316,,0.09210526315789473,0.0,0.0,975.5245420519119,,,239.7977338257042,824.7066849606708,975.5245420519119,999.475448810511,863.9598938319056,737.4803689312471
114,raspberrypi,307.0,2023-08-09,23:30:01,Whole,676.9186978302018,1.0,4.62077280425253,80.70006195784487,2706.8333333333335,1875.6666666666667,4.080442488782402,0,2,3,,0.039473684210526314,0.9605263157894737,,0.0,0.039473684210526314,0.0,1015.1403691413221,,,886.4371777834434,795.359710885145,1015.1403691413221,1151.3644332691063,983.3942875639507,124.72353100404285
115,raspberrypi,308.0,2023-08-09,23:30:01,Whole,813.7891977517062,1.0,5.455532004893156,5.72931585537651,2503.883333333333,857.8416666666667,2.282235038349794,0,32,15,17.369820722906894,0.0,0.8026315789473685,,0.19736842105263158,0.0,0.0,1216.0882485222387,,,8.53502407398278,636.0887158009808,1216.0882485222387,1443.275731579827,1164.1963686305226,467.44833722210706
116,raspberrypi,316.0,2023-08-09,23:30:01,Whole,446.45163520250844,0.5694444444444444,5.833588525181117,6.84539935391207,1836.4897260273972,1922.8082191780823,4.036947280256254,0,99,73,56.79156391277114,0.07894736842105263,0.07894736842105263,,0.0,0.07894736842105263,0.8157894736842105,753.6298310545546,,,857.0306955408668,1434.8435245096694,753.6298310545546,344.3275672378238,150.25573782956155,229.91786822779838
117,raspberrypi,425.0,2023-08-09,23:30:01,Whole,859.1493780341872,,4.595523033986845,,2771.75,1023.25,2.5573669151675804,0,2,1,,0.0,1.0,,0.0,0.0,0.0,1195.994345111232,,,312.12797811842944,470.58837349273995,1195.994345111232,1529.6828072699036,1334.206703838176,251.28416213153554
118,raspberrypi,430.0,2023-08-09,23:30:01,Whole,1128.7571908605446,,6.008370051709275,,3006.25,2252.25,5.724672189042197,0,2,1,,0.013157894736842105,0.9868421052631579,,0.0,0.013157894736842105,0.0,1271.0246543278777,,,1355.7951066413946,1008.1483781201969,1271.0246543278777,1456.6176886200228,1253.3697461640531,76.0790938193436
119,raspberrypi,683.0,2023-08-09,23:30:01,Whole,1301.6582634061524,1.0,8.109972670012477,457.57980671560335,1146.0,1655.375,5.427561917277746,0,15,7,8.207182640174571e-26,0.02631578947368421,0.9210526315789473,,0.0,0.02631578947368421,0.02631578947368421,1335.7475056502155,,,1250.4245059406705,2098.8231052617048,1335.7475056502155,844.3673793965942,362.89421410957755,509.72288918382856
120,raspberrypi,911.0,2023-08-09,23:30:01,Whole,726.0245840422165,,3.474812617694193,,2762.0,1253.5,2.056489282383365,0,3,1,,0.0,1.0,,0.0,0.0,0.0,1118.5904878045078,,,420.4924411796325,498.4496748617785,1118.5904878045078,1396.6963273703147,1261.5923771647251,413.8814475724423
121,raspberrypi,305.0,2023-08-10,02:20:01,Whole,800.9142415767456,0.0,5.001588803435349,,3123.0015625,2422.7578125,3.4089774534471453,0,122,80,0.12317977216089619,0.0,1.0,,0.0,0.0,0.0,1431.0875069838391,,,1561.7785620195257,1164.0834858329474,1431.0875069838391,1603.6847992824544,1377.1225581388733,282.34663686799956
122,raspberrypi,310.0,2023-08-10,02:20:01,Whole,967.2966602822904,0.27848101265822783,6.792817083957914,12.974770008533168,2390.9109375,813.421875,7.478749946901236,0,122,80,45.27782313483036,0.0,0.0,,1.0,0.0,0.0,1228.2673095064588,,,0.0,724.1801434092794,1228.2673095064588,1405.037296090016,1099.4973326983586,568.9573896103668
123,raspberrypi,319.0,2023-08-10,02:20:01,Whole,329.87349521211877,1.0,4.580285546751074,13.476249097504208,2933.1125,1990.40625,2.418952147494563,0,80,40,101.71545918801752,0.5,0.5,,0.0,0.5,0.0,1138.7480137702044,,,1093.6014208823813,781.3251327161538,1138.7480137702044,1366.1896183027477,1214.7657160308704,0.0
124,raspberrypi,666.0,2023-08-10,02:20:01,Whole,395.41178304641727,,4.989253279069628,,3158.0,1541.75,4.551407104190195,0,2,1,,0.0,0.9875,,0.0,0.0,0.0,1278.825667272477,,,910.0050798796258,468.82426203865907,1278.825667272477,1649.4163616058986,1523.9796596141841,489.38715508451685
125,raspberrypi,896.0,2023-08-10,02:20:01,Whole,371.8342946986281,,4.890155593109276,,2531.75,1958.0,3.8841494721793923,0,2,1,,0.0,1.0,,0.0,0.0,0.0,952.668087505996,,,895.5568953397851,955.2304495514937,952.668087505996,974.3860054548927,817.5228855235845,239.08594142849097
126,raspberrypi,17.0,2023-08-10,07:35:01,Whole,2028.6447297369523,,10.697147353209159,,790.625,1090.125,10.09342321551898,0,4,2,,0.0,1.0,,0.0,0.0,0.0,1668.1969308743876,,,1278.1997832813772,2293.3208424337804,1668.1969308743876,1224.4728206512498,913.369483351536,1011.9723552608519
127,raspberrypi,306.0,2023-08-10,07:35:01,Whole,659.9333643650635,1.0,4.358255026867833,13.75402120730454,2982.425,693.95,2.120525427812318,0,15,5,5.0087841720226285,0.06666666666666667,0.9333333333333333,,0.0,0.06666666666666667,0.0,1405.5625819739837,,,482.6453656994756,385.4063755580063,1405.5625819739837,1896.4849600411892,1663.432180416793,51.980367139589546
128,raspberrypi,307.0,2023-08-10,07:35:01,Whole,538.3510083099703,1.0,3.0158547209161357,13.81399458089483,2589.75,731.0,4.004856445452478,8,22,12,5.570304623946609e-26,0.0,0.84,,0.16,0.0,0.0,1302.2058247699147,,,89.28037394904845,586.4689376634494,1302.2058247699147,1593.774609583791,1305.6453297720764,389.53197600121194
129,raspberrypi,309.0,2023-08-10,07:35:01,Whole,806.9165857381008,0.64,5.2764861072904985,9.80573213178392,2658.5,460.89663461538464,2.4506253634932214,4,87,52,27.431195136956614,0.0,0.30666666666666664,,0.25333333333333335,0.0,0.0,1494.6089050637083,,,253.25273538872804,600.06543653828,1494.6089050637083,1843.3851914182903,1557.3783061099548,450.58527235112933
130,raspberrypi,314.0,2023-08-10,07:35:01,Whole,330.23793161368775,0.9230769230769231,4.494984696373589,36.56166777295834,2540.6111111111113,1017.625,2.4506253634932214,5,67,27,3193.038277278637,0.0,0.64,,0.30666666666666664,0.0,0.0,1156.7910429051658,,,115.5026165214466,622.184477436111,1156.7910429051658,1370.0481193481992,1146.2977994371395,472.51157610108635
131,raspberrypi,316.0,2023-08-10,07:35:01,Whole,528.2017959935655,0.7,5.82200073234408,15.367286319068029,2548.0852272727275,1778.9488636363637,1.5340850835226623,0,29,22,81.07078722096465,0.0,0.8133333333333334,,0.0,0.0,0.0,955.0596974226348,,,734.6110765341678,834.3330425603287,955.0596974226348,1018.1827789391582,893.6366662755443,294.51747812258293
132,raspberrypi,319.0,2023-08-10,07:35:01,Whole,751.3527044104508,0.6333333333333333,6.611738196554088,13.017690951447493,2809.79435483871,1995.217741935484,5.764674747102322,0,109,62,128.90556547343024,0.7866666666666666,0.17333333333333334,,0.0,0.7866666666666666,0.0,1083.72798353663,,,1040.1514023855586,838.6154457412226,1083.72798353663,1252.972575967037,1052.3529812620595,0.0
133,raspberrypi,542.0,2023-08-10,07:35:01,Whole,748.7194235478444,,5.366945096669715,,2468.625,1980.5,5.160608743405315,0,4,2,,0.013333333333333334,0.9866666666666667,,0.0,0.013333333333333334,0.0,937.3915868688442,,,909.4836225694236,1011.5382634255739,937.3915868688442,914.1294629182765,753.5861026779298,298.15193946305976
134,raspberrypi,666.0,2023-08-10,07:35:01,Whole,409.66433648652475,,2.8429426235570983,,2500.0,883.75,0.07035095715835685,1,3,1,,0.0,0.9866666666666667,,0.013333333333333334,0.0,0.0,1201.35645685742,,,9.29954467716766,637.857782968325,1201.35645685742,1421.8306020845564,1148.049061340806,471.93833802293125
135,raspberrypi,726.0,2023-08-10,07:35:01,Whole,1668.6384297728348,,8.61297901524041,,1025.5,1640.25,7.8229931026807025,0,2,1,,0.0,1.0,,0.0,0.0,0.0,1109.3605473605564,,,1103.3896604870565,2038.017782784186,1109.3605473605564,529.9465113408324,287.18032231523915,284.1696339753273
136,raspberrypi,304.0,2023-08-10,05:40:01,Whole,559.3952281905931,1.0,4.754870602482479,16.473884210295324,2994.8,973.95,2.881250558247616,0,10,5,46.98151870104314,0.06493506493506493,0.935064935064935,,0.0,0.06493506493506493,0.0,1289.072335018741,,,511.06590387447267,385.56853287290494,1289.072335018741,1737.6394489249824,1557.1219954987446,49.576475302663724
137,raspberrypi,306.0,2023-08-10,05:40:01,Whole,179.20899349334837,0.18421052631578946,3.417599736467339,3.296583201721108,2552.3587662337663,1306.8457792207791,4.637146611256773,1,62,77,1.7270053601155029,0.0,0.8181818181818182,,0.0,0.0,0.0,1034.2551590219196,,,313.42146203581683,640.6251652593198,1034.2551590219196,1193.8329770146993,1046.8362850765498,596.8543437150404
138,raspberrypi,307.0,2023-08-10,05:40:01,Whole,799.9967458383347,1.0,5.403211849013134,16.412429687807066,2933.2132352941176,2189.5625,4.982764628181059,0,42,34,67.23004638421556,0.44155844155844154,0.5584415584415584,,0.0,0.44155844155844154,0.0,1199.7542585185533,,,1267.3663957570727,964.7534631971305,1199.7542585185533,1377.865801031203,1157.9100252633216,1.9416983272698332
139,raspberrypi,310.0,2023-08-10,05:40:01,Whole,652.561564609238,1.0,4.227032807396201,28.8051730298574,2681.9875,800.1875,2.6272850979933975,0,23,20,651.708564963678,0.09090909090909091,0.7402597402597403,,0.15584415584415584,0.09090909090909091,0.0,1280.8143884499839,,,178.24178558970593,529.5627922875576,1280.8143884499839,1608.8818869277873,1279.2833290089231,368.39344351614875
140,raspberrypi,666.0,2023-08-10,05:40:01,Whole,514.6469226138532,,3.1625096745914596,,3120.5,1697.25,2.7814875183784924,0,2,1,,0.0,0.987012987012987,,0.0,0.0,0.0,1248.1333308370806,,,983.2712203368358,545.3244922913773,1248.1333308370806,1578.8876077686964,1444.327691684802,335.3891436072797
141,raspberrypi,812.0,2023-08-10,05:40:01,Whole,177.40404339862926,,1.3337815827677058,,2554.25,1307.5,0.0030443196032297485,1,2,1,,0.0,1.0,,0.0,0.0,0.0,1034.591285451054,,,315.053883748406,639.4493805760527,1034.591285451054,1195.0417026882378,1047.316919937909,596.2728723048637
142,raspberrypi,896.0,2023-08-10,05:40:01,Whole,1386.668907037177,,6.278401370275194,,1663.75,489.0,6.278401370275194,0,1,1,,0.0,1.0,,0.0,0.0,0.0,1506.7826884588335,,,262.4287731653607,1410.4494271694607,1506.7826884588335,1424.5746973050536,952.1862175493056,1132.005274793344
143,raspberrypi,158.0,2023-08-10,11:30:01,Whole,1020.3387061898258,,5.046001591449282,,2547.5,2931.75,5.046001591449282,0,1,1,,0.0,1.0,,0.0,0.0,0.0,1465.498836872129,,,1848.395912129612,1776.9154787705456,1465.498836872129,1321.7978949200315,1008.529209820962,771.0622237575884
144,raspberrypi,264.0,2023-08-10,11:30:01,Whole,650.1400328354888,,4.2793808994683395,,3235.25,1715.75,3.221705448869002,0,2,1,,0.0,0.9863013698630136,,0.0,0.0,0.0,1329.658480793125,,,1080.2659651542074,559.3450293392963,1329.658480793125,1687.3629030686386,1552.009362831232,391.16669387159254
145,raspberrypi,308.0,2023-08-10,11:30:01,Whole,389.88484637733313,1.0,2.9895051721613517,24.476280192800566,2969.4632352941176,2072.169117647059,3.2484172299077607,5,40,17,385.6764472649944,0.2328767123287671,0.7671232876712328,,0.0,0.2328767123287671,0.0,1191.8400140298513,,,1185.9895315201604,857.4088467267849,1191.8400140298513,1403.9338364621015,1347.0378237189339,80.84124973112958
146,raspberrypi,309.0,2023-08-10,11:30:01,Whole,616.8239455734283,1.0,4.11452256169385,34.63931103680667,2845.283163265306,1718.280612244898,4.257278466265624,0,82,49,299.396505941179,0.5616438356164384,0.3424657534246575,,0.0,0.5616438356164384,0.0,1202.4204714459802,,,932.871968647605,806.6609442069014,1202.4204714459802,1425.720621080539,1261.3847569019263,113.92909948311399
147,raspberrypi,314.0,2023-08-10,11:30:01,Whole,303.5122046590539,0.4166666666666667,3.8353053719560064,26.738665525329647,2334.498287671233,1989.0051369863013,3.914839286970728,1,85,73,770.5122990437824,0.1095890410958904,0.589041095890411,,0.0,0.1095890410958904,0.0,893.7030744746825,,,893.7321031105228,1105.474451620239,893.7030744746825,784.1975782540871,525.4947120902679,496.46052553618927
148,raspberrypi,441.0,2023-08-10,11:30:01,Whole,800.5032296508281,,5.638744331061977,,2986.75,1204.25,5.638744331061977,0,1,1,,0.0,0.9863013698630136,,0.0,0.0,0.0,1226.5215145260727,,,583.14847339582,396.19674515830087,1226.5215145260727,1614.0786916235004,1491.650160234887,265.4852967707314
149,raspberrypi,470.0,2023-08-10,11:30:01,Whole,591.6565671622485,,4.990981157922099,,2446.25,2480.5,2.5968703657072583,0,3,1,,0.0,1.0,,0.0,0.0,0.0,1119.4139676208156,,,1386.6358469346878,1411.7716787655509,1119.4139676208156,990.9363612820557,718.878948522109,448.8785753818531
150,raspberrypi,560.0,2023-08-10,11:30:01,Whole,649.6985841071997,,4.296416788658023,,3233.0,1710.25,3.2568262638410204,0,2,1,,0.0,0.9863013698630136,,0.0,0.0,0.0,1327.8633981846872,,,1074.949484014007,556.4758071787953,1327.8633981846872,1686.0573491701518,1550.9809225587182,393.62486469008377
151,raspberrypi,666.0,2023-08-10,11:30:01,Whole,112.50336753503274,,0.012907889301941346,,2509.75,1950.75,0.012907889301941346,1,1,1,,0.0,1.0,,0.0,0.0,0.0,944.0710411498616,,,882.3738903736896,963.8308468118682,944.0710411498616,953.4953982134515,796.5589191056208,262.1070860637041
152,raspberrypi,818.0,2023-08-10,11:30:01,Whole,171.4238302332093,1.0,1.502291759294446,9.299997709394017,2772.9615384615386,1981.0192307692307,1.2095861919341921,5,31,13,137.2825464784721,0.1780821917808219,0.821917808219178,,0.0,0.1780821917808219,0.0,1047.5245485569596,,,1006.7330016555775,839.4196541903214,1047.5245485569596,1208.7653917783282,1053.4931061975933,5.6240848215288395
153,raspberrypi,130.0,2023-08-10,05:05:01,Whole,477.59878607977646,,,,3374.5,1969.75,,0,0,1,,0.0,0.95,,0.0,0.0,0.0,1464.822115300399,,,1355.3831447990426,740.0584052074198,1464.822115300399,1802.092318812118,1648.5685630091143,383.8010949815673
154,raspberrypi,190.0,2023-08-10,05:05:01,Whole,40.397153492920566,,,,3191.75,1568.5,,0,0,1,,0.0,0.95,,0.0,0.0,0.0,1300.2131226926936,,,953.0661493291307,483.6965389554597,1300.2131226926936,1674.9217365589166,1547.711562596363,482.4092363053479
155,raspberrypi,304.0,2023-08-10,05:05:01,Whole,339.8036170969179,,,,3338.5,1832.25,,0,0,1,,0.0,0.95,,0.0,0.0,0.0,1415.9967434238401,,,1234.8351324876655,624.9360319984204,1415.9967434238401,1774.0590431816106,1633.686006919661,401.2011381969795
156,raspberrypi,305.0,2023-08-10,05:05:01,Whole,889.124958244884,,5.408267732388367,,2573.25,875.25,5.408267732388367,0,1,1,,0.0,0.95,,0.05,0.0,0.0,1217.6327923788153,,,78.02628338506122,586.6762858968651,1217.6327923788153,1477.8773035378824,1215.7688160614082,398.22474899747976
157,raspberrypi,307.0,2023-08-10,05:05:01,Whole,919.4334955490817,,,,3025.5,633.25,,0,0,1,,0.05,0.95,,0.0,0.05,0.0,1455.4950940872009,,,533.9640147458194,375.8171498806068,1455.4950940872009,1968.1427453421068,1728.6215745964562,85.22614705968424
158,raspberrypi,310.0,2023-08-10,05:05:01,Whole,844.6812418451855,1.0,,10.547511554864494,3044.25,706.5833333333334,,0,0,3,,0.15,0.85,,0.0,0.15,0.0,1417.6873945626792,,,543.3310239808819,374.00336608617766,1417.6873945626792,1935.2623680708912,1731.8741940058133,26.72640865487726
159,raspberrypi,314.0,2023-08-10,05:05:01,Whole,472.3138863965974,,,,3364.0,1969.0,,0,0,1,,0.0,0.95,,0.0,0.0,0.0,1456.2764002035105,,,1347.3991124917832,736.2257335686904,1456.2764002035105,1791.708939027317,1638.3653359790255,373.7978544329985
160,raspberrypi,441.0,2023-08-10,05:05:01,Whole,477.853115993687,,,,3384.75,1964.75,,0,0,1,,0.0,0.95,,0.0,0.0,0.0,1472.1059509238653,,,1359.1972421695439,738.5592986941268,1472.1059509238653,1812.342802179114,1659.5400672311798,394.9565525604655
161,raspberrypi,542.0,2023-08-10,05:05:01,Whole,290.330336550867,1.0,3.3149818995326763,52.52806401602528,3203.1,1796.025,3.3149818995326763,0,2,10,2231.1460312360587,0.25,0.5,,0.0,0.25,0.0,1315.010225363279,,,1120.165148928431,603.024339665648,1315.010225363279,1650.427981953083,1457.0485594930196,231.34381132215054
162,raspberrypi,683.0,2023-08-10,05:05:01,Whole,626.3808096092138,,,,2736.0,1082.25,,0,0,1,,0.0,1.0,,0.0,0.0,0.0,1163.631135624266,,,304.4043861618433,493.14905333513445,1163.631135624266,1466.8462175499865,1280.8502985525581,313.5049960867267
163,raspberrypi,821.0,2023-08-10,05:05:01,Whole,476.4761016723463,,1.221696066676986,,3382.75,1964.25,1.221696066676986,0,1,1,,0.0,0.95,,0.0,0.0,0.0,1470.4067254089475,,,1357.4165305952413,737.449641738726,1470.4067254089475,1810.3727928989847,1657.6606482717475,393.14016307157215
164,raspberrypi,190.0,2023-08-10,01:50:02,Whole,554.2552770672955,,3.9755423561943846,,2837.75,1215.5,1.426600313432519,0,2,1,,0.0,1.0,,0.0,0.0,0.0,1157.9234049460736,,,459.77880511271434,454.4632040996694,1157.9234049460736,1479.938401092322,1343.5458291383513,338.7272832872598
165,raspberrypi,216.0,2023-08-10,01:50:02,Whole,309.6251688128791,1.0,4.097759217127701,16.16516316032721,3027.75,1414.125,2.8958351457621445,0,4,2,,0.0,0.975,,0.0,0.0,0.0,1211.0835160810445,,,729.2014464076915,403.5805046699331,1211.0835160810445,1566.0335540667136,1450.3949312164075,464.26789403170875
166,raspberrypi,305.0,2023-08-10,01:50:02,Whole,717.507267162172,0.0,7.634985591839288,,3198.878125,2426.271875,7.980341725477661,0,70,80,0.06843855582524398,0.0,1.0,,0.0,0.0,0.0,1485.3093386005733,,,1603.8823619518207,1166.702380581667,1485.3093386005733,1677.5248586444877,1453.053753900139,334.437779337199
167,raspberrypi,306.0,2023-08-10,01:50:02,Whole,836.9158266460586,0.847457627118644,3.3191612254100686,10.838826809902221,2962.075,891.0895833333333,7.980341725477661,0,68,60,48.7234832902091,0.75,0.25,,0.0,0.75,0.0,1306.0780566862738,,,465.0162442113752,392.1906768586904,1306.0780566862738,1758.9777795832736,1561.0043223569717,31.210145951837035
168,raspberrypi,315.0,2023-08-10,01:50:02,Whole,469.2680387123595,,6.081413382188956,,2865.5,1296.25,6.081413382188956,0,1,1,,0.0,0.9875,,0.0,0.0,0.0,1150.0972465415146,,,528.6287436051978,451.8317726745032,1150.0972465415146,1466.3107617295825,1355.8756865796915,395.19482664256645
169,raspberrypi,425.0,2023-08-10,01:50:02,Whole,526.2038994758698,,3.97190166158599,,2992.5,1200.25,1.5263121739295402,0,2,1,,0.0,0.9875,,0.0,0.0,0.0,1230.2000452077118,,,586.445910859808,394.343665738547,1230.2000452077118,1620.9390167390718,1498.0882813967924,260.09603432994794
170,raspberrypi,533.0,2023-08-10,01:50:02,Whole,468.79999207936345,,4.119020900791926,,2865.0,1297.0,2.1594700343616675,0,2,1,,0.0,0.9875,,0.0,0.0,0.0,1149.7106187780741,,,528.6733505364091,452.17729535752034,1149.7106187780741,1465.538925867867,1355.2645008344803,396.08809694262095
171,raspberrypi,682.0,2023-08-10,01:50:02,Whole,1267.0027670150203,0.0,6.890867248434563,,2212.625,783.0,3.886085027883253,0,6,3,0.0,0.0,0.9625,,0.0375,0.0,0.0,1236.0683754899944,,,0.0,871.2195845563097,1236.0683754899944,1328.56361128781,977.0497419639626,758.1947417057527
172,raspberrypi,896.0,2023-08-10,01:50:02,Whole,1865.645138548668,,12.762219389674025,,1663.0,489.25,12.762219389674025,0,1,1,,0.0,1.0,,0.0,0.0,0.0,1506.7721734103109,,,262.9524460435097,1411.0612521712906,1506.7721734103109,1424.2356182804226,951.7667245105054,1131.6356372134699
173,raspberrypi,17.0,2023-08-09,19:10:01,Whole,805.0560606471266,0.0,7.804172966569121,,3174.695205479452,956.902397260274,4.556429988093455,0,183,73,0.07066074872382717,0.9125,0.0875,,0.0,0.9125,0.0,1382.2202431825672,,,684.0845820482907,370.7328520990818,1382.2202431825672,1896.634169032023,1736.746369494781,27.699799667957606
174,raspberrypi,190.0,2023-08-09,19:10:01,Whole,1435.2274421993613,,9.443753857717855,,1096.0,1435.25,4.740638102440917,0,4,1,,0.0,1.0,,0.0,0.0,0.0,1131.0729438071983,,,930.5301013796611,1925.4930975406671,1131.0729438071983,607.4745392885928,213.37852822880956,307.5357426495261
175,raspberrypi,300.0,2023-08-09,19:10:01,Whole,908.4375610063473,,7.494293826098961,,2906.75,2267.875,5.558840005675931,0,6,2,,0.025,0.975,,0.0,0.025,0.0,1214.9717674889182,,,1323.0457462214688,1044.9415668138065,1214.9717674889182,1362.3137198651523,1153.6787993961557,47.884413275786514
176,raspberrypi,304.0,2023-08-09,19:10:01,Whole,709.4279384601706,1.0,6.4725956642340465,4.875,3142.625,1800.5,4.357585378430078,0,9,3,0.0,0.0,0.9625,,0.0,0.0,0.0,1266.007082442685,,,1072.1183798742065,597.4166724181317,1266.007082442685,1584.8907325765767,1444.8893010929617,266.0086832820648
177,raspberrypi,305.0,2023-08-09,19:10:01,Whole,1382.1366144826927,1.0,7.32197402070401,69.68930602029147,2041.7767857142858,2717.589285714286,4.490745589360846,0,50,14,41.752588333238144,0.0,0.8375,,0.0,0.0,0.0,1184.5871412706485,,,1618.495025506036,1827.2330599512288,1184.5871412706485,835.0571303170605,524.6535006247009,502.6268563123458
178,raspberrypi,310.0,2023-08-09,19:10:01,Whole,1253.6237091106477,1.0,9.447424879804744,75.29117198909586,2337.781779661017,692.1355932203389,4.644201463071338,0,161,59,3401.4629757267007,0.05,0.275,,0.1,0.05,0.0,1549.6754365454506,,,577.960518539381,993.459296387887,1549.6754365454506,1720.8643711477314,1578.2745285183,568.4865863850433
179,raspberrypi,316.0,2023-08-09,19:10:01,Whole,742.5921621503294,0.0,5.830569615553424,,1913.2578125,1852.4765625,6.478199398469885,0,190,80,0.18624239646074278,0.0,1.0,,0.0,0.0,0.0,769.5467616711755,,,768.9761912542847,1338.8255713307367,769.5467616711755,423.5218104393536,261.8726328499296,338.30083913523146
180,raspberrypi,317.0,2023-08-09,19:10:01,Whole,1000.8450974581367,1.0,7.628144367561327,16.177749879021487,3087.885,2269.73,6.390956932579822,0,77,25,309.7612715749226,0.25,0.725,,0.0,0.25,0.0,1337.6011458467958,,,1413.6091976808511,1015.0210094233615,1337.6011458467958,1540.9366145727752,1342.4155838789331,137.16451074798462
181,raspberrypi,470.0,2023-08-09,19:10:01,Whole,982.8015001107287,,6.746088315948799,,2440.0,2419.25,3.336957767974882,0,4,1,,0.0,1.0,,0.0,0.0,0.0,1082.6969533978636,,,1325.1701049282888,1363.187298940802,1082.6969533978636,960.9310609238252,699.68160786119,414.76345198577394
182,raspberrypi,657.0,2023-08-09,19:10:01,Whole,821.5064673442427,,7.423737728452808,,1918.25,893.75,4.941207463660975,0,4,1,,0.0,0.9875,,0.0125,0.0,0.0,1173.5209727393835,,,0.0,1117.9065947771196,1173.5209727393835,1098.0862225993976,694.829925256975,832.4561338942669
183,raspberrypi,666.0,2023-08-09,19:10:01,Whole,842.243007238951,1.0,7.947400255912491,4.26042657111952,3284.0,1818.25,4.482189746198531,0,40,10,2.034945591108122e-26,0.0,0.875,,0.0,0.0,0.0,1372.3773768908313,,,1185.218577647447,613.4743488898109,1372.3773768908313,1721.7776740828513,1581.6801187891451,362.14044031789024
184,raspberrypi,739.0,2023-08-09,19:10:01,Whole,1533.7958591983397,,8.108426164814858,,1368.5,2441.0,4.147029832926399,0,2,1,,0.0125,0.9875,,0.0,0.0125,0.0125,1016.4553862158008,,,1512.0388017222635,2087.2738438914535,1016.4553862158008,395.7909512812959,116.96706476915823,113.33608664688744
185,raspberrypi,15.0,2023-08-10,06:45:01,Whole,1439.535293760557,,8.768684860865859,,3121.75,82.0,8.768684860865859,0,1,1,,0.0,0.9875,,0.0,0.0,0.0,1926.2182138661933,,,849.7599722026196,672.8527757455678,1926.2182138661933,2426.057303379247,2122.691444652358,502.65644901394944
186,raspberrypi,17.0,2023-08-10,06:45:01,Whole,1032.3106045363613,1.0,5.975797873272538,228.26696791690054,1862.0,597.75,4.406810102188259,0,23,10,5.240560765564226e-26,0.0125,0.875,,0.0625,0.0125,0.0,1481.9068942602294,,,347.7645525207129,1243.0583983499462,1481.9068942602294,1495.4806039967464,1053.1471469694236,1045.8082301197337
187,raspberrypi,307.0,2023-08-10,06:45:01,Whole,413.56910776727955,1.0,3.6599792324605502,11.254433694127414,2454.464285714286,919.9464285714286,3.5304066556488647,0,20,7,28.12401666938745,0.0,0.9125,,0.0875,0.0,0.0,1175.462780277639,,,0.0,670.5588001864663,1175.462780277639,1365.2095406329208,1094.5777408730355,522.0268370789092
188,raspberrypi,308.0,2023-08-10,06:45:01,Whole,479.5433989078304,,4.980910800683056,,2804.5,1595.75,2.2119893283009167,0,4,1,,0.0,0.9875,,0.0,0.0,0.0,1070.8612298076637,,,695.8670025271235,570.1647280814057,1070.8612298076637,1300.3860203051843,1173.483688995822,349.7463407562424
189,raspberrypi,309.0,2023-08-10,06:45:01,Whole,504.78977423994314,1.0,3.3010132371247276,36.05426831530613,2713.7727272727275,991.9090909090909,3.3186004361228933,0,15,11,380.61624618809077,0.0,0.8875,,0.05,0.0,0.0,1212.1434099854189,,,264.8094418773251,514.4569450825937,1212.1434099854189,1518.1283132196306,1299.617833459579,332.87179647490814
190,raspberrypi,310.0,2023-08-10,06:45:01,Whole,810.9553801562965,1.0,4.696096306164024,17.899895251090157,2627.625,550.625,5.617595951636309,0,4,3,0.0,0.0,0.9625,,0.0375,0.0,0.0,1424.3929653535283,,,180.19985589454777,592.5216897597184,1424.3929653535283,1753.9960942330297,1443.2900956189455,419.6103661764638
191,raspberrypi,316.0,2023-08-10,06:45:01,Whole,279.5471226127437,0.0,5.796126569086554,,2377.121875,1608.5828125,3.6964600497703524,0,39,80,0.11255838573437267,0.0,1.0,,0.0,0.0,0.0,910.2736228893874,,,517.5542522927351,866.2591490587677,910.2736228893874,905.651830826418,783.6267571266875,544.1915504125036
192,raspberrypi,470.0,2023-08-10,06:45:01,Whole,1126.093960458279,,5.948971855787381,,1281.75,1251.0,5.948971855787381,0,1,1,,0.0,0.9875,,0.0,0.0,0.0125,1116.018209742585,,,678.3104405931169,1721.8193635408893,1116.018209742585,681.6718785369759,189.35623701494836,382.8755575611136
193,raspberrypi,542.0,2023-08-10,06:45:01,Whole,1438.700559900469,,8.77060237262321,,3122.25,83.25,8.77060237262321,0,1,1,,0.0,0.9875,,0.0,0.0,0.0,1925.3627237731291,,,849.4156390826172,671.6437091406949,1925.3627237731291,2425.438290844266,2122.2668658733965,501.3356367080164
194,raspberrypi,812.0,2023-08-10,06:45:01,Whole,1118.1535311912298,0.0,5.275329831641093,,3041.0,410.75,3.9591816430584466,0,14,4,0.0,0.0,0.95,,0.0,0.0,0.0,1623.9083679768983,,,613.6908700824863,469.7971491451898,1623.9083679768983,2131.012273537756,1858.868406723231,233.39318601214572
195,raspberrypi,304.0,2023-08-09,17:00:01,Whole,1542.540770568541,1.0,8.744744378947209,6.257590742307071,2882.7954545454545,815.6363636363636,5.673474596363899,0,62,11,6.040342335325366,0.14285714285714285,0.8571428571428571,,0.0,0.14285714285714285,0.0,1314.5367183108062,,,378.4749736934469,416.8921747844904,1314.5367183108062,1743.1458412031436,1517.111505508721,88.4270695476592
196,raspberrypi,306.0,2023-08-09,17:00:01,Whole,1401.7148008555,0.0,10.024536733174054,,654.8636363636364,2594.0454545454545,1.7971727174569618,0,127,33,0.5150694196665937,0.0,1.0,,0.0,0.0,0.0,1623.0293901208772,,,2033.297346947899,2748.673013622467,1623.0293901208772,965.1432972812048,789.7188839447282,783.8628656804445
197,raspberrypi,307.0,2023-08-09,17:00:01,Whole,1062.2319573954883,0.6756756756756757,5.751376822789106,8.471190814077461,3003.221666666667,2055.4216666666666,5.010587920818215,5,264,75,27.978338731829133,0.974025974025974,0.025974025974025976,,0.0,0.974025974025974,0.0,1198.835236716883,,,1186.0683238546005,819.4194073803495,1198.835236716883,1435.6337174156806,1265.7701444337108,0.0
198,raspberrypi,310.0,2023-08-09,17:00:01,Whole,1042.840152020443,1.0,7.620708064076217,126.67506656681616,2279.8931451612902,2153.9475806451615,3.9885144975029316,0,226,62,9047.770855570727,0.11688311688311688,0.22077922077922077,,0.05194805194805195,0.11688311688311688,0.03896103896103896,1276.868891148886,,,1248.0662767028382,1488.7436447451978,1276.868891148886,1141.9837680873375,956.6939443991756,489.11451421423203
199,raspberrypi,311.0,2023-08-09,17:00:01,Whole,1499.09463284621,,8.430735837885635,,3047.5,1025.75,5.354437412790252,0,5,1,,0.012987012987012988,0.987012987012987,,0.0,0.012987012987012988,0.0,1297.847538432349,,,574.7511436089123,376.82438047256073,1297.847538432349,1753.676455116182,1594.739575750392,77.42830424804622
200,raspberrypi,314.0,2023-08-09,17:00:01,Whole,1108.1646357553948,0.24193548387096775,9.597825843309664,6.587852888337951,877.193359375,2338.732421875,5.146464692295795,0,233,64,17.64833516253847,0.0,0.8051948051948052,,0.0,0.0,0.0,1314.578296437422,,,1695.7477765369847,2435.004929869646,1314.578296437422,658.2853353336018,503.9605447709692,507.6735551166551
201,raspberrypi,316.0,2023-08-09,17:00:01,Whole,306.8535775162774,0.4,6.55535744735278,14.915671603854657,1747.9901315789473,1803.3634868421052,5.227511824590921,0,267,76,104.35358656148486,0.6363636363636364,0.025974025974025976,,0.0,0.6363636363636364,0.012987012987012988,755.3372089313023,,,779.0098244855692,1454.5191109069744,755.3372089313023,332.59719826897384,205.3275426672187,173.716157516704
202,raspberrypi,317.0,2023-08-09,17:00:01,Whole,1192.553169165824,1.0,7.781949391028248,56.45556647576802,3130.1785714285716,2030.375,0.6091929679095596,5,42,7,274.6165666801643,0.07792207792207792,0.922077922077922,,0.0,0.07792207792207792,0.0,1291.6425895027437,,,1238.9724302278664,778.439008410557,1291.6425895027437,1562.8357092005792,1400.2693633003596,136.76263418289918
203,raspberrypi,319.0,2023-08-09,17:00:01,Whole,1550.6838513196817,1.0,10.180381130507005,174.9013468301732,2016.736111111111,538.2222222222222,7.9779620690541675,0,36,9,7659.918895133103,0.0,0.8961038961038961,,0.05194805194805195,0.0,0.0,1445.083577251033,,,172.1746595818606,1106.12618993558,1445.083577251033,1499.4194244997207,1227.3562996799324,900.3018553309306
204,raspberrypi,441.0,2023-08-09,17:00:01,Whole,1095.322217797474,,8.183202647687482,,2761.25,1311.25,4.2157790903314165,0,4,1,,0.0,1.0,,0.0,0.0,0.0,1103.3816188095427,,,457.2388896596514,508.7905684906363,1103.3816188095427,1368.5262575717713,1250.5638795085392,460.896852573561
205,raspberrypi,458.0,2023-08-09,17:00:01,Whole,1120.0466375205397,,6.685353783870609,,2922.75,1497.75,2.976483397974445,0,4,1,,0.0,0.987012987012987,,0.0,0.0,0.0,1142.4230322720214,,,702.4600970741781,465.6010048498048,1142.4230322720214,1440.7079084528057,1320.329030212035,452.14181533301394
206,raspberrypi,653.0,2023-08-09,17:00:01,Whole,1086.6743305405946,,6.234243707121033,,2992.75,2312.25,1.2554955781322796,0,4,1,,0.012987012987012988,0.987012987012987,,0.0,0.012987012987012988,0.0,1290.0734058534779,,,1401.8424640878582,1068.9686511107643,1290.0734058534779,1453.8948973630231,1240.1151909986504,118.73974075057157
207,raspberrypi,666.0,2023-08-09,17:00:01,Whole,1124.4304200333738,,5.983943464919948,,859.5,2344.0,1.6411303862663968,0,3,1,,0.0,1.0,,0.0,0.0,0.0,1329.7867141071497,,,1710.2204923019133,2451.728520427062,1329.7867141071497,672.4407126325798,527.5269459302085,520.6053265797284
208,raspberrypi,683.0,2023-08-09,17:00:01,Whole,805.1600056596333,,6.140431086502056,,2471.0,2644.0,3.867635525265006,0,5,1,,0.0,1.0,,0.0,0.0,0.0,1230.8648123834369,,,1551.993608051524,1542.820412348278,1230.8648123834369,1090.2577518253713,796.5273780495131,554.079556645117
209,raspberrypi,818.0,2023-08-09,17:00:01,Whole,1127.3166404796063,,8.826449717075217,,2933.75,1502.75,3.00273407592551,0,5,1,,0.0,0.987012987012987,,0.0,0.0,0.0,1147.6078107721971,,,713.8803508160652,461.36309513261006,1147.6078107721971,1449.33333054549,1328.442722233872,448.9900107672015
210,raspberrypi,987.0,2023-08-09,17:00:01,Whole,901.9349052458149,,6.303139819989021,,2817.5,2251.75,1.6762536078759076,0,5,1,,0.012987012987012988,0.987012987012987,,0.0,0.012987012987012988,0.0,1157.5622163098528,,,1270.763355429065,1056.514406719744,1157.5622163098528,1272.9152354809669,1064.6665375387183,39.465050384761724
211,raspberrypi,128.0,2023-08-10,03:35:01,Whole,1252.013928442447,,7.86947867440197,,3222.25,722.25,7.86947867440197,0,1,1,,0.037037037037037035,0.9629629629629629,,0.0,0.037037037037037035,0.0,1489.9315525314587,,,719.0449050579598,382.14539229401674,1489.9315525314587,2065.3695331863464,1865.2019875284836,23.105757744383183
212,raspberrypi,183.0,2023-08-10,03:35:01,Whole,1964.6972471216072,,,,1662.5,488.5,,0,0,1,,0.0,1.0,,0.0,0.0,0.0,1507.4669127077827,,,263.76096383442615,1411.706413032245,1507.4669127077827,1424.9160845287342,952.3783928928328,1132.2938003030984
213,raspberrypi,190.0,2023-08-10,03:35:01,Whole,471.62386356137193,,3.58699490836029,,3070.5,1487.75,3.58699490836029,0,1,1,,0.0,0.9629629629629629,,0.0,0.0,0.0,1227.456483211635,,,807.7768335194312,440.02499698849147,1227.456483211635,1581.8527183944727,1460.5647319543975,502.6268952906704
214,raspberrypi,306.0,2023-08-10,03:35:01,Whole,292.4621453481034,1.0,4.70881109243815,19.388462233421233,3145.823529411765,2183.794117647059,3.58699490836029,0,3,17,145.62801071533173,0.5925925925925926,0.4074074074074074,,0.0,0.5925925925925926,0.0,1344.4893558432834,,,1372.628938496738,925.3463850758048,1344.4893558432834,1585.3562718228804,1395.5736937141899,156.54725430207068
215,raspberrypi,307.0,2023-08-10,03:35:01,Whole,281.016643684727,0.6,,2.3687784005919825,2696.5,1980.75,,0,0,6,0.06718826903933425,0.2222222222222222,0.7777777777777778,,0.0,0.2222222222222222,0.0,1016.3902661636469,,,973.9888836283936,877.7377669671654,1016.3902661636469,1133.9036965828075,979.451176230305,73.40159376852269
216,raspberrypi,319.0,2023-08-10,03:35:01,Whole,747.7910929401042,,,,3268.75,1261.75,,0,0,1,,0.0,0.9629629629629629,,0.0,0.0,0.0,1382.4355800351777,,,862.6965433817513,378.3689302862225,1382.4355800351777,1842.8219841266937,1733.4788496654382,342.88162411485996
217,raspberrypi,666.0,2023-08-10,03:35:01,Whole,437.07373273536155,,,,3037.0,1517.0,,0,0,1,,0.0,0.9629629629629629,,0.0,0.0,0.0,1204.3585720593248,,,800.3154799711301,454.84070655754124,1204.3585720593248,1541.6569912887342,1418.6915606302,462.9242857004092
218,raspberrypi,812.0,2023-08-10,03:35:01,Whole,303.2174703829792,,2.669959694552192,,2677.375,2003.375,2.669959694552192,0,1,2,,0.07407407407407407,0.9259259259259259,,0.0,0.07407407407407407,0.0,1012.6337016664492,,,987.3730905089204,905.2422436759744,1012.6337016664492,1114.8430139650468,958.7719859019568,87.14390040713246
219,raspberrypi,306.0,2023-08-10,00:25:01,Whole,476.77601338587783,0.0,8.42648296460139,,3153.8165584415583,2508.8327922077924,10.440135546414648,0,32,77,0.06910246400780912,0.0,1.0,,0.0,0.0,0.0,1496.46732959694,,,1651.7805799642617,1249.035976455069,1496.46732959694,1655.7435526885668,1418.4628247079108,370.4077197505213
220,raspberrypi,308.0,2023-08-10,00:25:01,Whole,661.3247343348946,,4.887088832288468,,2770.0,1643.5,4.887088832288468,0,1,1,,0.0,0.987012987012987,,0.0,0.0,0.0,1049.49655589654,,,713.9584169505433,614.0799665391398,1049.49655589654,1254.8102373364563,1124.2232023923295,307.1939492685388
221,raspberrypi,309.0,2023-08-10,00:25:01,Whole,1564.1304422596452,0.0,9.920438280928037,,1175.172619047619,2082.5773809523807,10.440580791638862,0,26,21,0.4699921145084009,0.2727272727272727,0.7272727272727273,,0.0,0.2727272727272727,0.2727272727272727,962.8829976046939,,,1308.410220016728,2060.879422106282,962.8829976046939,324.2439616498421,145.91266464761205,153.9401110794554
222,raspberrypi,433.0,2023-08-10,00:25:01,Whole,1394.4443676999422,,6.313030140958204,,1392.5,2718.5,3.466758462078938,0,2,1,,0.0,1.0,,0.0,0.0,0.0,1228.83033560034,,,1755.8581872163509,2243.0738453750723,1228.83033560034,647.0761121290307,372.7495126401499,369.6613948481258
223,raspberrypi,441.0,2023-08-10,00:25:01,Whole,965.9028819159707,,5.935910397236869,,2980.25,1372.0,5.935910397236869,0,1,1,,0.0,0.987012987012987,,0.0,0.0,0.0,1191.3125693701109,,,665.9567641931123,413.27804472075184,1191.3125693701109,1537.8406442472553,1426.0940547012467,430.07036162892916
224,raspberrypi,525.0,2023-08-10,00:25:01,Whole,1406.8640164085289,,9.595886037285178,,1320.25,2204.75,9.595886037285178,0,1,1,,0.012987012987012988,0.987012987012987,,0.0,0.012987012987012988,0.012987012987012988,894.0444906441046,,,1327.3771328845382,1996.5609470115044,894.0444906441046,257.51288158857767,69.96588652085809,60.97230528201648
225,raspberrypi,533.0,2023-08-10,00:25:01,Whole,1998.4972467104255,,12.347025006844868,,3154.75,351.75,11.10982302163461,0,4,3,,0.0,0.961038961038961,,0.0,0.0,0.0,1717.0881505951716,,,741.580331222412,493.7386609774275,1717.0881505951716,2252.5187174270327,1983.4565344755983,227.2516105578617
226,raspberrypi,542.0,2023-08-10,00:25:01,Whole,1992.0164857431466,,12.334842496691476,,3153.0,358.0,11.103367052785702,0,2,1,,0.0,0.987012987012987,,0.0,0.0,0.0,1711.2523559684803,,,737.4374502281855,490.66032578749156,1711.2523559684803,2246.924428286478,1981.1703468209844,226.41465766302306
227,raspberrypi,818.0,2023-08-10,00:25:01,Whole,709.9745937407506,1.0,6.852948750917431,24.714621178565533,2758.9166666666665,1594.1666666666667,5.0505311598499265,0,5,3,,0.0,0.961038961038961,,0.0,0.0,0.0,1050.4383959045247,,,667.5276477965812,598.5298926954715,1050.4383959045247,1258.9212392609943,1127.1761372175877,337.48635286504555
228,raspberrypi,17.0,2023-08-10,12:30:01,Whole,960.711434903976,1.0,,531.889455150222,1924.125,1131.0,,0,0,6,9.693522803355793e-26,0.034482758620689655,0.7931034482758621,,0.06896551724137931,0.034482758620689655,0.0,1284.2038200009013,,,605.4093181897377,1273.5506098985488,1284.2038200009013,1214.7065645182577,855.4549450259326,689.3348212502563
229,raspberrypi,106.0,2023-08-10,12:30:01,Whole,1973.6023837801513,,14.8798730076946,,1134.75,2783.0,14.8798730076946,0,1,1,,0.0,1.0,,0.0,0.0,0.0,1404.0724892748315,,,1922.699206453433,2474.5855078686573,1404.0724892748315,789.0928310544656,530.8932141109857,527.1471275489791
230,raspberrypi,130.0,2023-08-10,12:30:01,Whole,916.7507212365285,,0.005203336526937829,,3109.0,682.25,0.005203336526937829,1,1,1,,0.034482758620689655,0.9655172413793104,,0.0,0.034482758620689655,0.0,1453.0774759036963,,,609.5996172426362,369.5723866565135,1453.0774759036963,2000.286952966584,1779.7588097826142,26.033172506489322
231,raspberrypi,310.0,2023-08-10,12:30:01,Whole,609.2641437317433,1.0,7.21203985707583,76.76989687637908,2638.6339285714284,1957.0357142857142,7.21203985707583,0,1,14,5650.170586643767,0.3448275862068966,0.5172413793103449,,0.0,0.3448275862068966,0.0,1005.1537461636946,,,954.926942793818,909.8379821141359,1005.1537461636946,1082.594249436922,1087.361667610578,72.0806692369188
232,raspberrypi,314.0,2023-08-10,12:30:01,Whole,915.8786877523091,0.0,7.442538172110769,,3108.875,683.25,7.442538172110769,1,2,7,1.177381557056248e-26,0.2413793103448276,0.7586206896551724,,0.0,0.2413793103448276,0.0,1452.4496395382773,,,609.3657683054906,369.5689891898766,1452.4496395382773,1999.5689025791917,1779.201517471034,25.025489812580858
233,raspberrypi,369.0,2023-08-10,12:30:01,Whole,910.8029157254304,,7.21203985707583,,3105.75,687.25,7.21203985707583,0,1,1,,0.034482758620689655,0.9655172413793104,,0.0,0.034482758620689655,0.0,1448.9751435124977,,,605.8288875146736,369.5337995975709,1448.9751435124977,1994.66670787328,1774.6238233858787,20.730651730823112
234,raspberrypi,560.0,2023-08-10,12:30:01,Whole,827.0628909053381,,,,3295.5,1781.75,,0,0,1,,0.0,0.9655172413793104,,0.0,0.0,0.0,1378.1731922387132,,,1169.1171059091712,596.3405787768947,1378.1731922387132,1737.096074252597,1598.7388223137236,392.6041646683527
235,raspberrypi,683.0,2023-08-10,12:30:01,Whole,2009.3160455302186,,,,875.5,310.25,,0,0,1,,0.0,1.0,,0.0,0.0,0.0,1961.263526031445,,,1055.088625182884,2183.745866804008,1961.263526031445,1700.569893726474,1213.9411747372483,1399.9733888023454
236,raspberrypi,17.0,2023-08-10,05:35:01,Whole,2098.709250399816,,10.846776635274585,,702.0,1876.75,10.846776635274585,0,1,1,,0.0,1.0,,0.0,0.0,0.0,1374.5723732566605,,,1504.1106299262283,2405.7547772754415,1374.5723732566605,746.1782830840995,611.3960016919488,621.8573260799562
237,raspberrypi,128.0,2023-08-10,05:35:01,Whole,425.11250442726896,1.0,1.866124500298189,13.092220972776163,2891.5,1102.0,1.8642965105861788,0,5,5,0.0,0.0,0.948051948051948,,0.0,0.0,0.0,1210.6300044719987,,,453.0829052861589,421.92483370655805,1210.6300044719987,1583.1326262411737,1423.48677934581,214.88289654964808
238,raspberrypi,306.0,2023-08-10,05:35:01,Whole,50.080011185475534,0.19736842105263158,3.9887910709915477,6.016167931080392,2784.574675324675,1463.418831168831,2.605200228345211,0,19,77,6.1282796465703,0.0,0.0,,0.0,0.0,0.0,1081.1227594098214,,,581.7828548692971,532.8564583232758,1081.1227594098214,1325.8437030632983,1221.336354062233,498.47391426108425
239,raspberrypi,313.0,2023-08-10,05:35:01,Whole,582.7053080649705,,2.935620139315259,,2861.0,933.25,2.935620139315259,0,1,1,,0.012987012987012988,0.987012987012987,,0.0,0.012987012987012988,0.0,1257.1375529067811,,,371.52150297690963,426.61848377754893,1257.1375529067811,1653.574834628931,1450.069615996059,130.34791868551298
240,raspberrypi,316.0,2023-08-10,05:35:01,Whole,427.46199531562934,1.0,2.5324852847094834,15.373723722574576,2755.125,1935.75,2.487931191679676,0,8,8,217.63519427449455,0.1038961038961039,0.8961038961038961,,0.0,0.1038961038961039,0.0,1036.376489187824,,,958.3641278415398,813.0639638923336,1036.376489187824,1193.6648296533724,1045.1743772313714,50.46523197874605
241,raspberrypi,682.0,2023-08-10,05:35:01,Whole,627.4217725643169,1.0,3.532795013075892,20.19436802675439,2895.875,2122.75,3.532795013075892,0,2,2,,0.025974025974025976,0.974025974025974,,0.0,0.025974025974025976,0.0,1150.1832180097279,,,1189.0680979788317,912.5293102395035,1150.1832180097279,1333.4404859684894,1152.300276485893,0.0
242,raspberrypi,818.0,2023-08-10,05:35:01,Whole,640.7021738110919,,3.588893952105062,,2945.25,2124.25,3.588893952105062,0,1,1,,0.012987012987012988,0.987012987012987,,0.0,0.012987012987012988,0.0,1181.019598267937,,,1214.3888301050147,899.1654976713271,1181.019598267937,1382.0401022862386,1201.1219826749111,0.0
243,raspberrypi,896.0,2023-08-10,05:35:01,Whole,507.86448785700554,,2.618841972162365,,2531.75,1958.0,2.618841972162365,0,1,1,,0.0,1.0,,0.0,0.0,0.0,952.668087505996,,,895.5568953397851,955.2304495514937,952.668087505996,974.3860054548927,817.5228855235845,239.08594142849097
244,raspberrypi,250.0,2023-08-09,22:25:01,Whole,1713.482916266844,,10.45361240052689,,1661.5,488.75,10.45361240052689,0,1,1,,0.0,1.0,,0.0,0.0,0.0,1507.5172741743845,,,264.50127416536503,1412.5437907711705,1507.5172741743845,1424.547287764808,951.9013050713586,1131.884288679258
245,raspberrypi,309.0,2023-08-09,22:25:01,Whole,398.39527594188274,0.0,7.420281857836945,,2516.881329113924,2324.496835443038,3.599185966184104,0,61,79,0.0820758863268306,0.0,1.0,,0.0,0.0,0.0,1062.4528143640214,,,1246.5441942456796,1246.1389175099512,1062.4528143640214,1001.3026476646002,765.0496458434543,297.5095175798069
246,raspberrypi,310.0,2023-08-09,22:25:01,Whole,946.5667757927897,,6.238518907431503,,3358.0,1385.5,5.970311779270537,0,2,1,,0.0,0.9873417721518988,,0.0,0.0,0.0,1431.1918351286627,,,996.2114506624259,409.69570838881725,1431.1918351286627,1883.3584865178352,1765.528507085927,492.234960823031
247,raspberrypi,311.0,2023-08-09,22:25:01,Whole,588.2988780685557,1.0,6.2094989976412265,13.601600848245834,3157.3275862068967,2065.137931034483,3.5817513560967393,0,44,29,54.65373045259075,0.3670886075949367,0.6329113924050633,,0.0,0.3670886075949367,0.0,1316.377156996989,,,1283.0942081483483,806.7125193656312,1316.377156996989,1588.1899313700487,1417.8877632098731,153.47920847553885
248,raspberrypi,314.0,2023-08-09,22:25:01,Whole,1188.297754427778,0.72,7.199055629333086,27.669966424635813,2303.703703703704,783.5324074074074,7.9415898833802006,0,43,27,1544.4261198946267,0.0,0.6582278481012658,,0.34177215189873417,0.0,0.0,1243.2591060711761,,,0.0,798.3943287686548,1243.2591060711761,1382.3275363593384,1083.2016782961439,615.5823104596853
249,raspberrypi,542.0,2023-08-09,22:25:01,Whole,808.434430240971,,6.0619387218862055,,1778.0,1978.0,4.216582286825301,0,3,1,,0.012658227848101266,0.9873417721518988,,0.0,0.012658227848101266,0.012658227848101266,744.4690376744295,,,927.2769907373174,1509.1207028904716,744.4690376744295,287.02181538583204,79.89422994479337,164.28801675744003
250,raspberrypi,653.0,2023-08-09,22:25:01,Whole,984.0374282220674,,5.727691201041676,,1646.5,1636.5,5.727691201041676,0,1,1,,0.012658227848101266,0.9873417721518988,,0.0,0.012658227848101266,0.012658227848101266,791.0278397353298,,,672.3793967424774,1475.783551301282,791.0278397353298,362.31634502014595,143.0921646491289,115.8134801979342
251,raspberrypi,683.0,2023-08-09,22:25:01,Whole,2355.1804968286187,,13.407835695650853,,877.25,310.25,13.407835695650853,0,1,1,,0.0,1.0,,0.0,0.0,0.0,1960.302702030354,,,1053.4452771007593,2182.1087836320376,1960.302702030354,1699.9635976030042,1213.2359125625196,1399.3890354290463
252,raspberrypi,31.0,2023-08-10,06:25:01,Whole,1284.3529786779707,,7.480367543057852,,2920.5,587.0,7.480367543057852,0,1,1,,0.045454545454545456,0.9545454545454546,,0.0,0.045454545454545456,0.0,1457.0123091505009,,,441.46473157980137,409.42906237339537,1457.0123091505009,1922.8031699637029,1661.524354328254,175.06104436391644
253,raspberrypi,128.0,2023-08-10,06:25:01,Whole,1813.800217081476,,,,2239.25,253.5,,0,0,1,,0.0,1.0,,0.0,0.0,0.0,1622.9240480535268,,,206.7730089425607,1006.3180017864464,1622.9240480535268,1806.912409898663,1402.6892446711358,907.0135045169326
254,raspberrypi,305.0,2023-08-10,06:25:01,Whole,174.67533733069052,1.0,5.768444339461035,12.156172597133914,3159.69375,2005.73125,5.768444339461035,0,2,20,645.1632530362104,0.5909090909090909,0.09090909090909091,,0.0,0.5909090909090909,0.0,1304.5821244571916,,,1238.7067281741338,750.1614459882067,1304.5821244571916,1589.3513880877972,1389.5409598474757,124.89003463221901
255,raspberrypi,470.0,2023-08-10,06:25:01,Whole,686.391798787793,,4.056521135864218,,2479.0,1526.75,4.056521135864218,0,1,1,,0.0,1.0,,0.0,0.0,0.0,955.7134903115892,,,471.0998871477969,758.3967661695868,955.7134903115892,1027.7886664691953,913.3008477239476,536.1647481364099
256,raspberrypi,812.0,2023-08-10,06:25:01,Whole,337.6938191700321,,,,3043.0,2197.5,,0,0,1,,0.045454545454545456,0.9545454545454546,,0.0,0.045454545454545456,0.0,1273.4298781100044,,,1327.3167706515692,948.6838529324307,1273.4298781100044,1485.1403584252193,1292.1579923902418,67.34538778226894
257,raspberrypi,106.0,2023-08-10,09:20:01,Whole,1422.4354998566466,,6.765411585155247,,2284.25,2875.75,6.765411585155247,0,1,1,,0.0,1.0,,0.0,0.0,0.0,1343.1058969929181,,,1763.2445355444838,1828.781945423647,1343.1058969929181,1094.4978264435638,770.0667799452793,750.3271546915756
258,raspberrypi,216.0,2023-08-10,09:20:01,Whole,340.6548370779144,,,,2826.0,1253.25,,0,0,1,,0.0,1.0,,0.0,0.0,0.0,1143.5128739604297,,,471.3762534163507,464.86116995121205,1143.5128739604297,1451.6567815987858,1324.423023940359,376.81448810245354
259,raspberrypi,306.0,2023-08-10,09:20:01,Whole,885.6226420775416,1.0,6.367441857522676,28.57055001124837,3182.25,843.05,7.350118440741819,1,14,10,67.44845073054871,0.1282051282051282,0.8717948717948718,,0.0,0.1282051282051282,0.0,1425.3775660660178,,,679.3964412816719,375.40335821943717,1425.3775660660178,1965.1221909346484,1784.8159001295376,0.0
260,raspberrypi,307.0,2023-08-10,09:20:01,Whole,708.1179619805417,0.0,3.294811708069628,,2893.0555555555557,850.75,2.121696329712164,0,12,9,2.678989712192967e-26,0.11538461538461539,0.8846153846153846,,0.0,0.11538461538461539,0.0,1300.897725749539,,,390.89052366928587,413.0823608087135,1300.897725749539,1728.9103357368865,1510.1523535356998,79.19284936903905
261,raspberrypi,309.0,2023-08-10,09:20:01,Whole,540.8934317631258,0.21875,6.0973981718580905,28.22013142586531,2075.35,1686.4642857142858,4.292688911571774,0,51,35,146.0474832281306,0.0,0.9102564102564102,,0.0,0.0,0.0,823.4734043755409,,,576.8860119492887,1134.2326659338466,823.4734043755409,617.4392227694486,468.7742766781129,531.523386703916
262,raspberrypi,311.0,2023-08-10,09:20:01,Whole,553.5707932675398,,2.9363540518269247,,3030.5,1174.75,2.9363540518269247,0,2,2,,0.0,0.9871794871794872,,0.0,0.0,0.0,1258.5345743868934,,,610.6593698743311,392.06684578978786,1258.5345743868934,1666.5951308407077,1540.702704258494,241.7536406387736
263,raspberrypi,314.0,2023-08-10,09:20:01,Whole,402.3401385532347,,2.2963349322156863,,2899.0,1721.5,0.008778313783518848,1,2,1,,0.0,0.9871794871794872,,0.0,0.0,0.0,1109.3924400854517,,,853.1501831809126,583.3138902795971,1109.3924400854517,1360.1914574319487,1223.7360828930828,227.54738894217985
264,raspberrypi,316.0,2023-08-10,09:20:01,Whole,1029.1168450439202,1.0,7.206559840820033,28.026407898267728,3175.2,648.1,5.679220170183244,1,16,5,165.20783598211077,0.0641025641025641,0.9358974358974359,,0.0,0.0641025641025641,0.0,1503.5454951286763,,,679.5318837799782,377.7777555664382,1503.5454951286763,2072.9043375946158,1846.465101922472,12.099677946786763
265,raspberrypi,319.0,2023-08-10,09:20:01,Whole,1053.011632836881,1.0,7.485438684422561,166.17635048955648,2081.8046875,1349.6015625,3.9373149991168432,0,59,32,5499.337646013817,0.0641025641025641,0.6025641025641025,,0.11538461538461539,0.0641025641025641,0.02564102564102564,1242.6744430813205,,,692.8054152246757,1192.9139522056257,1242.6744430813205,1195.5574399913776,1034.65008649023,458.3029662782062
266,raspberrypi,447.0,2023-08-10,09:20:01,Whole,544.5472298964264,,2.530900158800567,,3069.25,1255.25,2.530900158800567,0,1,1,,0.0,0.9871794871794872,,0.0,0.0,0.0,1259.5429305563796,,,679.8765374756099,379.09339402164727,1259.5429305563796,1664.7268873147086,1559.6557346368463,302.433432813661
267,raspberrypi,666.0,2023-08-10,09:20:01,Whole,398.65187349563115,0.0,4.56263797031797,,2897.0833333333335,1717.86875,4.292688911571774,1,71,60,0.10213621856178917,0.0,0.23076923076923078,,0.0,0.0,0.0,1108.5013395103747,,,849.1058299539486,582.0467035541304,1108.5013395103747,1359.048826699471,1222.7218806599149,230.77581661773635
268,raspberrypi,683.0,2023-08-10,09:20:01,Whole,1223.9292417585023,,7.350944964787258,,2855.5,292.0,7.350944964787258,0,1,1,,0.0,0.9871794871794872,,0.0,0.0,0.0,1663.3830946811731,,,510.8479697714709,551.4986580043926,1663.3830946811731,2095.9132445499486,1783.8193867992345,449.09125703173305
269,raspberrypi,106.0,2023-08-09,22:00:01,Whole,1069.6877500576425,,4.644653360400534,,1692.0,2769.75,4.644653360400534,0,1,1,,0.0,1.0,,0.0,0.0,0.0,1201.5469469671723,,,1712.551764425552,2073.1817770843845,1201.5469469671723,708.151590210883,394.36896855600446,391.61641181109906
270,raspberrypi,126.0,2023-08-09,22:00:01,Whole,906.9066614348407,,5.356479870716768,,3006.25,2252.0,5.356479870716768,0,1,1,,0.017857142857142856,0.9821428571428571,,0.0,0.017857142857142856,0.0,1270.9130825311067,,,1355.5775799103885,1007.9049694423323,1270.9130825311067,1456.5791563928433,1253.3743072340258,75.88564737362117
271,raspberrypi,309.0,2023-08-09,22:00:01,Whole,620.1352198049711,,3.6572302552100284,,2823.0,1855.75,3.493909088066233,0,2,1,,0.017857142857142856,0.9821428571428571,,0.0,0.017857142857142856,0.0,1065.193658115567,,,920.9963561638465,717.1867771603954,1065.193658115567,1266.0769701930794,1120.524242981481,89.19763297048246
272,raspberrypi,311.0,2023-08-09,22:00:01,Whole,955.3424135720204,1.0,4.975513722764441,44.64042217188313,3021.6136363636365,1340.340909090909,6.2077229338650755,0,12,11,253.40439812893854,0.0,0.8035714285714286,,0.0,0.0,0.0,1220.9913348543666,,,691.6248633764543,410.6193778736773,1220.9913348543666,1589.1644922162086,1479.9938789804714,372.60262837412114
273,raspberrypi,314.0,2023-08-09,22:00:01,Whole,1450.3236022652893,,8.663209677415566,,3133.0,717.0,8.663209677415566,0,1,1,,0.017857142857142856,0.9821428571428571,,0.0,0.017857142857142856,0.0,1443.8534583696319,,,630.3375275662604,370.22031090350293,1443.8534583696319,1997.6594176611623,1786.2205297489863,0.0
274,raspberrypi,316.0,2023-08-09,22:00:01,Whole,366.1042164663085,1.0,6.239355944245647,33.45990525976628,1976.7901785714287,1960.5,6.344860852479659,0,17,56,485.09986057859066,0.03571428571428571,0.017857142857142856,,0.0,0.03571428571428571,0.017857142857142856,819.839539729294,,,878.2636354394128,1363.7044011098192,819.839539729294,498.73736724410264,279.96530503292723,310.0680993599219
275,raspberrypi,666.0,2023-08-09,22:00:01,Whole,1429.4127449978087,1.0,8.494122977124542,48.33541662176918,3127.625,740.0,8.494122977124542,0,2,2,,0.03571428571428571,0.9642857142857143,,0.0,0.03571428571428571,0.0,1432.5159238273059,,,623.6045436077046,370.3622108727559,1432.5159238273059,1979.627812353772,1771.7021786477376,0.0
276,raspberrypi,31.0,2023-08-09,17:05:01,Whole,436.83604278724323,,3.0909777543320205,,2302.75,2407.5,2.775610722334451,0,2,1,,0.0,1.0,,0.0,0.0,0.0,1030.3750493451225,,,1297.146084757268,1426.0733327687578,1030.3750493451225,833.1187372533018,562.6582431605024,524.0515169654207
277,raspberrypi,106.0,2023-08-09,17:05:01,Whole,603.5746895596502,,3.888261057638229,,2008.25,2256.5,2.9227115725775623,0,2,1,,0.0,1.0,,0.0,0.0,0.0,872.027281060448,,,1150.6845071246462,1500.4852124391282,872.027281060448,514.4984514795111,255.72731255422224,212.4783245169314
278,raspberrypi,190.0,2023-08-09,17:05:01,Whole,2001.7516135322107,1.0,9.527150903215363,5.129571132170798,3329.875,215.25,6.661566900126847,0,6,2,,0.0,0.9743589743589743,,0.0,0.0,0.0,1915.5568969594035,,,958.1084102263582,609.4662735582793,1915.5568969594035,2472.0898422006962,2207.6742946562167,374.49574440297437
279,raspberrypi,304.0,2023-08-09,17:05:01,Whole,358.1403678824617,0.9555555555555556,4.393763485447025,9.371166992394075,2927.896739130435,2142.0896739130435,3.4063447863295906,3,87,46,40.373003882313256,0.5897435897435898,0.41025641025641024,,0.0,0.5897435897435898,0.0,1178.7824213389492,,,1221.6016971238785,922.2176347737666,1178.7824213389492,1368.2200564707155,1188.6994906779303,0.0
280,raspberrypi,305.0,2023-08-09,17:05:01,Whole,500.72757420354964,1.0,4.8223432764451815,82.43421244124438,2996.8830645161293,2133.4596774193546,1.6890642701166982,6,73,31,1992.098632377212,0.24358974358974358,0.6282051282051282,,0.0,0.24358974358974358,0.0,1255.0775628760946,,,1271.505881135427,923.5617637058238,1255.0775628760946,1445.8276367891333,1339.7468418856072,170.50334434559917
281,raspberrypi,307.0,2023-08-09,17:05:01,Whole,974.7853161985604,1.0,5.6453449753800005,2.1866069605669876,3455.625,1637.875,2.920150430274981,0,6,3,0.0,0.0,0.9615384615384616,,0.0,0.0,0.0,1496.6047538334278,,,1208.113309448182,544.6030577577613,1496.6047538334278,1915.4658312832016,1784.088042564103,607.1998290004026
282,raspberrypi,309.0,2023-08-09,17:05:01,Whole,1011.0968891086085,1.0,7.558303984231261,88.54917678542931,2183.431818181818,2849.6704545454545,6.482427360724737,0,28,22,3438.829830153926,0.0,0.7307692307692307,,0.0,0.0,0.0,1367.3499148043124,,,1799.6307202082853,1911.9141716324157,1367.3499148043124,1075.2408923994917,709.6332521444767,651.2136824462232
283,raspberrypi,310.0,2023-08-09,17:05:01,Whole,841.248170005688,,6.129104473233427,,3407.75,1906.25,1.480451061173105,0,3,1,,0.0,0.9871794871794872,,0.0,0.0,0.0,1480.6823951249366,,,1335.83365488668,692.892096661722,1480.6823951249366,1837.2135052278481,1693.3482634180257,433.8708704442855
284,raspberrypi,311.0,2023-08-09,17:05:01,Whole,562.4437193921333,1.0,4.5490091485209,64.11592620337312,2859.4632352941176,2440.6617647058824,2.103483526806281,3,49,17,551.526882589585,0.0641025641025641,0.7948717948717948,,0.0,0.0641025641025641,0.01282051282051282,1312.3983158630244,,,1496.599788974247,1259.8563000143422,1312.3983158630244,1374.6817360377706,1263.3435512008846,275.3722830978687
285,raspberrypi,312.0,2023-08-09,17:05:01,Whole,1086.9803126791664,1.0,6.733616249617947,72.23211489532194,2925.153846153846,1053.8846153846155,5.934083457745783,0,30,13,950.9799855239144,0.07692307692307693,0.8461538461538461,,0.0,0.07692307692307693,0.0,1261.4777327560184,,,485.9895774717273,419.70250731325564,1261.4777327560184,1651.596712838912,1465.2423024807085,199.59329656985705
286,raspberrypi,316.0,2023-08-09,17:05:01,Whole,749.439070631087,1.0,5.098231253730289,18.284849555424486,1860.6352040816328,1925.9515306122448,5.334188744429294,1,93,49,247.07394599734226,0.16666666666666666,0.38461538461538464,,0.0,0.16666666666666666,0.24358974358974358,770.5998262267229,,,855.0145483773773,1421.755343148514,770.5998262267229,378.9545055887473,218.44646015783343,268.74183370195726
287,raspberrypi,317.0,2023-08-09,17:05:01,Whole,1008.6506451436296,,5.601092681001508,,2381.125,1257.75,2.921832572310058,0,4,2,,0.01282051282051282,0.9871794871794872,,0.0,0.01282051282051282,0.0,1040.5499990521482,,,439.4337764559586,829.8689849680288,1040.5499990521482,1099.351125404342,901.9455229420895,252.03162712468537
288,raspberrypi,319.0,2023-08-09,17:05:01,Whole,474.09882724776435,1.0,3.8502761429830947,35.69160646595174,2967.6125,1827.3,2.989043836073408,0,16,10,274.7680575262371,0.10256410256410256,0.8717948717948718,,0.0,0.10256410256410256,0.0,1155.7972190283651,,,980.098838020803,643.1994755841171,1155.7972190283651,1416.0751125938157,1269.5205494059912,133.39899067434143
289,raspberrypi,425.0,2023-08-09,17:05:01,Whole,1201.5799401867553,,4.703641084955899,,1648.75,2828.0,2.05439145449428,0,2,1,,0.0,1.0,,0.0,0.0,0.0,1257.182036486236,,,1779.5781584839524,2144.0479601853503,1257.182036486236,755.8261712943404,451.09495070510593,449.52491648106945
290,raspberrypi,542.0,2023-08-09,17:05:01,Whole,843.8723214953426,,0.20286549930562128,,1784.25,1800.5,0.20286549930562128,1,1,1,,0.0,1.0,,0.0,0.0,0.0,753.501630197552,,,758.0845450807578,1420.6642297402982,753.501630197552,347.5688214722749,212.22328935185357,246.0626538163554
291,raspberrypi,683.0,2023-08-09,17:05:01,Whole,583.039023060791,,3.2523097214862475,,2470.25,2644.5,3.2523097214862475,0,1,1,,0.0,1.0,,0.0,0.0,0.0,1230.933083020801,,,1552.369883262863,1543.581179956128,1230.933083020801,1089.8950935753905,796.0482313227852,554.9266385156752
292,raspberrypi,812.0,2023-08-09,17:05:01,Whole,761.0860951176834,,7.496236174914474,,3266.0,1736.5,7.496236174914474,0,1,1,,0.0,0.9871794871794872,,0.0,0.0,0.0,1353.2046217927402,,,1117.072400629436,571.714088104687,1353.2046217927402,1714.21816518439,1577.903074477185,398.6216595916635
293,raspberrypi,250.0,2023-08-09,21:35:01,Whole,599.0323018581862,,4.013746368506718,,2986.25,1369.25,4.013746368506718,0,1,1,,0.0,0.9841269841269841,,0.0,0.0,0.0,1194.9454240402788,,,669.2036971867869,410.6510141040469,1194.9454240402788,1544.342016014805,1432.688428535014,426.1848426658256
294,raspberrypi,306.0,2023-08-09,21:35:01,Whole,557.9737295439271,1.0,5.133913660516267,109.59937556414188,2230.025,728.6833333333333,4.723922228027649,1,40,30,3676.0932578834645,0.0,0.5238095238095238,,0.3492063492063492,0.0,0.0,1322.8880691580878,,,115.39505637796584,904.6639194327661,1322.8880691580878,1444.0620420695798,1102.7596317421528,728.2997813712675
295,raspberrypi,309.0,2023-08-09,21:35:01,Whole,387.13194160909836,1.0,5.325078253631788,48.925824979959366,2681.8340163934427,1125.1782786885246,4.928349827780148,1,45,61,1632.6455304906779,0.047619047619047616,0.031746031746031744,,0.3968253968253968,0.047619047619047616,0.0,1168.7299150563374,,,320.6868028919872,563.2181065647375,1168.7299150563374,1425.9158940012176,1221.3557926440105,468.58457747474563
296,raspberrypi,314.0,2023-08-09,21:35:01,Whole,1259.9757958562911,1.0,7.4705432744701845,13.902562713399282,1790.875,2224.375,7.494080530608329,0,3,3,0.0,0.047619047619047616,0.9523809523809523,,0.0,0.047619047619047616,0.047619047619047616,808.0090381988471,,,1159.670452883647,1636.4225407861977,808.0090381988471,319.9744723242409,47.40879090727175,0.0
297,raspberrypi,316.0,2023-08-09,21:35:01,Whole,915.1967961140424,1.0,5.163769747057353,14.437839385461062,1789.4375,1790.0625,4.35533230496813,0,20,10,42.38692436458306,0.0,0.8571428571428571,,0.0,0.0,0.0,756.5672337302823,,,747.32747500586,1412.1166203731273,756.5672337302823,356.8449604990621,224.58446878828434,262.5198169991091
298,raspberrypi,432.0,2023-08-09,21:35:01,Whole,1676.07998045099,,,,2442.0,2816.25,,0,0,1,,0.0,1.0,,0.0,0.0,0.0,1342.7240187590883,,,1718.314680587671,1708.9389722490519,1342.7240187590883,1167.6558234505994,855.6727079141804,713.7314066481489
299,raspberrypi,542.0,2023-08-09,21:35:01,Whole,847.3104986913979,,5.998646691866631,,1772.5,1671.25,5.998646691866631,0,1,1,,0.0,1.0,,0.0,0.0,0.0,781.5142103991335,,,643.4293910037954,1378.9530835694907,781.5142103991335,405.5562982833042,272.56376820042016,238.29230646335316
300,raspberrypi,979.0,2023-08-09,21:35:01,Whole,1259.188913579513,,,,1775.5,2214.25,,0,0,1,,0.015873015873015872,0.9841269841269841,,0.0,0.015873015873015872,0.015873015873015872,801.4803230740539,,,1153.9419809310546,1641.8220131699122,801.4803230740539,304.1812327710773,37.450472937022326,0.0
301,raspberrypi,145.0,2023-08-10,07:30:01,Whole,532.3773660037276,,4.371390426922948,,2172.75,1002.75,3.2952573109100207,0,2,1,,0.0,0.9830508474576272,,0.01694915254237288,0.0,0.0,1102.820324977846,,,0.0,895.6883812711831,1102.820324977846,1126.7502499787404,808.006785723396,812.7974747848449
302,raspberrypi,309.0,2023-08-10,07:30:01,Whole,777.0132573962034,0.0,5.668857914553213,,2589.824561403508,519.5394736842105,8.297859624650982,0,59,57,0.006571786874912794,0.0,0.03389830508474576,,0.9661016949152542,0.0,0.0,1441.0649622195301,,,162.95898317320805,628.3383484971807,1441.0649622195301,1755.260896972428,1433.9700660088542,468.02367533305176
303,raspberrypi,316.0,2023-08-10,07:30:01,Whole,884.7451756274554,0.6857142857142857,5.4788476102840935,10.66304241836324,2535.0690789473683,2175.3355263157896,8.356598214700742,0,42,38,68.72545858201354,0.11864406779661017,0.576271186440678,,0.0,0.11864406779661017,0.0,1008.82865434652,,,1106.2652390041615,1117.2909425099106,1008.82865434652,988.7163023369121,800.64820045033,217.22640439662683
304,raspberrypi,319.0,2023-08-10,07:30:01,Whole,567.7406047095094,0.47368421052631576,4.3961971261152755,8.601618885604754,2841.3,1817.6125,6.820098614998173,0,25,20,30.50760095850379,0.3389830508474576,0.6610169491525424,,0.0,0.3389830508474576,0.0,1074.9730855261043,,,898.3617958086146,679.7542002694433,1074.9730855261043,1288.5742908117502,1146.8718969601248,127.55293382965307
305,raspberrypi,560.0,2023-08-10,07:30:01,Whole,859.0052018735271,,,,3025.5,2051.75,,0,0,1,,0.01694915254237288,0.9830508474576272,,0.0,0.01694915254237288,0.0,1213.7065490190944,,,1195.208047443593,810.6993987373262,1213.7065490190944,1457.334953705156,1290.7281307105127,25.374572297274824
306,raspberrypi,930.0,2023-08-10,07:30:01,Whole,219.83248360971632,,3.4515803206287483,,2832.75,1253.75,2.908780181120686,0,2,1,,0.0,1.0,,0.0,0.0,0.0,1146.1396259905678,,,477.15706693652265,461.60873100200274,1146.1396259905678,1457.2435384459334,1330.9562244020149,373.6734801036766
307,raspberrypi,17.0,2023-08-10,05:50:02,Whole,1949.71227417387,,11.084446547672952,,701.75,1877.25,11.084446547672952,0,1,1,,0.0,1.0,,0.0,0.0,0.0,1374.8125205585422,,,1504.609060756639,2406.1429898593,1374.8125205585422,746.3554888278014,611.7095107355708,622.0548830681512
308,raspberrypi,190.0,2023-08-10,05:50:02,Whole,880.7654750058061,,6.9061014660045545,,1697.5,1047.25,4.661620764472283,0,2,1,,0.0,1.0,,0.0,0.0,0.0,1104.5509585150498,,,215.56522750717528,1317.7717019226975,1104.5509585150498,885.3054106782432,442.3632888150507,598.7237621246867
309,raspberrypi,250.0,2023-08-10,05:50:02,Whole,692.7811359737447,,3.922126895301262,,3197.75,1505.75,3.922126895301262,0,2,2,,0.0,0.9743589743589743,,0.0,0.0,0.0,1327.4209177489315,,,920.7201989353143,475.3161884284614,1327.4209177489315,1706.8337471352972,1585.211016997622,498.2625102119384
310,raspberrypi,306.0,2023-08-10,05:50:02,Whole,220.83439580260935,0.7368421052631579,6.320372742052685,18.529395171692897,2483.535714285714,1073.409090909091,6.583333372307231,0,20,77,193.82591359229986,0.0,0.28205128205128205,,0.6794871794871795,0.0,0.0,1109.8201986902036,,,111.51126379241805,660.5056346312688,1109.8201986902036,1282.5890883578052,1021.5684770380665,572.2465692151754
311,raspberrypi,307.0,2023-08-10,05:50:02,Whole,1001.9248396651611,1.0,9.176164899773248,20.445341306830596,3143.0,2069.7045454545455,6.586299213219145,0,13,11,154.93113205245177,0.1282051282051282,0.8589743589743589,,0.0,0.1282051282051282,0.0,1306.6546263194057,,,1278.4434725090896,812.2897869984533,1306.6546263194057,1574.1758471731016,1395.8128335581464,132.6226467843019
312,raspberrypi,317.0,2023-08-10,05:50:02,Whole,1564.4670034172052,1.0,9.857456036395284,161.70111316871012,2954.0,2770.0,9.857456036395284,0,2,3,0.0,0.0,0.9743589743589743,,0.0,0.0,0.0,1536.5021314981723,,,1804.8355243091507,1525.6264130378895,1536.5021314981723,1573.3097770799716,1291.237577721506,551.8007714981485
313,raspberrypi,336.0,2023-08-10,05:50:02,Whole,1286.7921763538466,,8.889730838269005,,1569.25,430.75,6.071798587551162,0,2,1,,0.0,1.0,,0.0,0.0,0.0,1576.3826620111925,,,373.40546051240227,1511.4812519688244,1576.3826620111925,1473.932869786774,991.569558815655,1178.1830522183363
314,raspberrypi,396.0,2023-08-10,05:50:02,Whole,336.7266923330406,,3.252946439572109,,2507.25,1595.5,3.252946439572109,0,1,1,,0.0,1.0,,0.0,0.0,0.0,952.411740640117,,,545.42764874058,765.9312761528693,952.411740640117,1026.5653349868653,903.3173182561094,464.3219138829652
315,raspberrypi,896.0,2023-08-10,05:50:02,Whole,696.2688447037253,,5.042337222660355,,2533.25,1957.75,5.042337222660355,0,1,1,,0.0,1.0,,0.0,0.0,0.0,953.1610473639341,,,895.7545722254522,954.1412441132982,953.1610473639341,975.8523413904189,819.0417110189637,237.66779296102231
316,raspberrypi,92.0,2023-08-10,01:55:01,Whole,692.1444628883012,,4.285567722495629,,3196.5,2422.0,0.04677217815983436,1,3,1,,0.0,1.0,,0.0,0.0,0.0,1481.5586822862774,,,1598.999174246329,1162.387409640945,1481.5586822862774,1674.2387426802295,1450.2096225008374,329.6529269577885
317,raspberrypi,250.0,2023-08-10,01:55:01,Whole,408.5836780268313,0.0,3.886390190965594,,2983.5,1371.0,5.578942665802814,0,8,7,3.584229705474027e-26,0.0,0.9113924050632911,,0.0,0.0,0.0,1193.1989743215113,,,667.9985792344648,411.908949431305,1193.1989743215113,1541.1763700937245,1429.4435800243064,428.43919447144117
318,raspberrypi,304.0,2023-08-10,01:55:01,Whole,435.69024340601123,1.0,4.612107933569136,98.99550653569095,2599.965909090909,1515.8068181818182,4.070397734701565,0,23,11,10410.95662562638,0.0,0.8734177215189873,,0.02531645569620253,0.0,0.0,1032.9239618669421,,,535.5196476064878,698.6940485923644,1032.9239618669421,1173.9979156959055,978.5874217789217,392.98309437928435
319,raspberrypi,305.0,2023-08-10,01:55:01,Whole,700.7795049477157,0.0,5.035326370424786,,3201.746835443038,2429.2136075949365,7.673626878539715,1,79,79,0.07074236123766192,0.0,1.0,,0.0,0.0,0.0,1488.7624040179176,,,1607.8967511479807,1169.705122095631,1488.7624040179176,1680.977763436462,1456.1055600788732,338.5058347925225
320,raspberrypi,309.0,2023-08-10,01:55:01,Whole,1021.9880693948394,0.8043478260869565,6.734998777097187,29.79087633503347,2576.25,833.4479166666666,8.952141681561011,0,65,48,770.0973672614626,0.08860759493670886,0.3924050632911392,,0.4936708860759494,0.08860759493670886,0.0,1252.12605910166,,,94.54757993587783,601.4615140276542,1252.12605910166,1519.14078873446,1202.081279258929,446.3635597304872
321,raspberrypi,311.0,2023-08-10,01:55:01,Whole,388.24823834675055,1.0,2.0844927930441473,43.03051243013497,3249.875,2015.625,1.4955169249286173,1,5,2,,0.0,0.9746835443037974,,0.0,0.0,0.0,1375.7776096646148,,,1303.4763876393563,759.7103254855657,1375.7776096646148,1678.521751590911,1518.1077014576256,252.5628878453416
322,raspberrypi,319.0,2023-08-10,01:55:01,Whole,400.46339160540197,1.0,3.7313427612405428,14.127996241569495,3116.4166666666665,1416.5,3.2288369767608964,0,6,3,62.36194439639647,0.0,0.9620253164556962,,0.0,0.0,0.0,1263.465977737042,,,803.0866014764715,405.0274445810732,1263.465977737042,1647.370471888559,1527.2674154955894,462.6404422692666
323,raspberrypi,542.0,2023-08-10,01:55:01,Whole,504.72701708853157,,4.718230486082863,,3448.0,1800.0,3.487634537379385,0,2,1,,0.0,0.9873417721518988,,0.0,0.0,0.0,1499.8825906214702,,,1297.5660630650823,621.407669555764,1499.8825906214702,1885.100687438676,1746.5948838315505,512.9425256882986
324,raspberrypi,818.0,2023-08-10,01:55:01,Whole,249.29237877411043,1.0,3.1237133878511427,2.3048861143232218,3015.9375,1982.9375,2.060567019301205,1,9,4,,0.05063291139240506,0.9493670886075949,,0.0,0.05063291139240506,0.0,1202.4259707182919,,,1134.6087378341922,759.9020182795379,1202.4259707182919,1449.391322553957,1351.4358767418346,85.49326830236761
325,raspberrypi,896.0,2023-08-10,01:55:01,Whole,1817.387391234203,,9.947045047850505,,1662.0,489.25,7.105504591088297,0,2,1,,0.0,1.0,,0.0,0.0,0.0,1507.01367040751,,,263.8182176539232,1411.9633697548743,1507.01367040751,1424.1136280890435,951.532117998933,1131.4722986887732
326,raspberrypi,950.0,2023-08-10,01:55:01,Whole,130.92916267908535,,3.093512532172829,,2814.0,1760.25,2.1935131063163085,0,2,1,,0.012658227848101266,0.9873417721518988,,0.0,0.012658227848101266,0.0,1062.5235417469282,,,835.3763148767339,655.3240610280699,1062.5235417469282,1271.105069312947,1131.6940446836318,185.10431935197664
327,raspberrypi,250.0,2023-08-10,04:50:01,Whole,651.911983446672,,3.6476747099890168,,2979.0,1371.25,3.5314520035414616,0,2,1,,0.0,0.9868421052631579,,0.0,0.0,0.0,1190.7733627576124,,,664.5048270668779,413.65955288798773,1190.7733627576124,1536.98866233404,1425.3220293868676,429.5915731648296
328,raspberrypi,306.0,2023-08-10,04:50:01,Whole,542.8776811615462,1.0,6.361310080306739,7.451789702687459,3165.9473684210525,731.8947368421053,3.274022741429459,0,21,19,27.751819616103717,0.25,0.75,,0.0,0.25,0.0,1455.1920376527416,,,663.1536401577656,373.4361067786488,1455.1920376527416,2015.0905943630241,1799.6516475008016,0.7745557615753569
329,raspberrypi,316.0,2023-08-10,04:50:01,Whole,104.12643678465578,0.56,6.341840541910192,5.411840134655368,2528.498355263158,811.2368421052631,3.3076487064399474,0,23,76,12.428310811232091,0.0,0.0,,1.0,0.0,0.0,1245.7510815811372,,,24.406296746696903,621.1658227459678,1245.7510815811372,1493.7057912542134,1210.9362856734729,445.55891733158893
330,raspberrypi,319.0,2023-08-10,04:50:01,Whole,1528.1303087349932,,8.08241708931238,,3091.75,2276.75,8.08241708931238,0,1,1,,0.013157894736842105,0.9868421052631579,,0.0,0.013157894736842105,0.0,1340.802442586271,,,1420.3604302083656,1020.9696788186825,1340.802442586271,1543.917307315688,1338.6467491358042,153.74131877090085
331,raspberrypi,683.0,2023-08-10,04:50:01,Whole,1827.1089093112664,,10.537093677425679,,877.25,309.75,8.849616522665626,0,2,1,,0.0,1.0,,0.0,0.0,0.0,1960.6633011314432,,,1053.6173409226847,2182.240076193879,1960.6633011314432,1700.4321278815403,1213.6936475725995,1399.8604409595982
332,raspberrypi,726.0,2023-08-10,04:50:01,Whole,1563.657263136767,,7.6853642759433685,,1283.0,1610.5,7.6853642759433685,0,1,1,,0.013157894736842105,0.9868421052631579,,0.0,0.013157894736842105,0.013157894736842105,921.091229576152,,,885.8705464552431,1793.186404873815,921.091229576152,375.60494482472865,38.13280035521245,51.270410344129715
333,raspberrypi,17.0,2023-08-10,00:45:01,Whole,954.8633469067141,0.0,5.7032517618617575,,1823.625,1337.125,4.67619769731511,0,8,4,1.7225779349071874e-27,0.0,1.0,,0.0,0.0,0.0,921.0367413716806,,,324.6635165231477,1238.5686143145476,921.0367413716806,670.5048680078836,337.44041036205533,422.0849019755356
334,raspberrypi,131.0,2023-08-10,00:45:01,Whole,641.2392965899505,,5.564795293545706,,2442.5,665.0,4.141737003543903,0,2,1,,0.0,0.9868421052631579,,0.013157894736842105,0.0,0.0,1325.6585806270841,,,0.0,703.7313427280268,1325.6585806270841,1552.4514092492964,1227.5985345795214,547.7585957617846
335,raspberrypi,306.0,2023-08-10,00:45:01,Whole,645.4162277951111,0.47368421052631576,6.212213789738656,3.9946864690650274,2442.01906779661,660.521186440678,4.092292401487352,0,124,59,3.889713171813792,0.0,0.2236842105263158,,0.7763157894736842,0.0,0.0,1328.6913143295556,,,0.0,705.1320544280222,1328.6913143295556,1555.855265759117,1235.2507528974918,555.4075868747638
336,raspberrypi,307.0,2023-08-10,00:45:01,Whole,828.3816742446589,0.9387755102040817,5.704973695998484,24.28608270503014,2965.573529411765,2011.3063725490197,4.53307365857314,0,119,51,548.2542066635131,0.5789473684210527,0.34210526315789475,,0.0,0.5789473684210527,0.0,1174.534104665318,,,1132.1192952026604,802.6589647786019,1174.534104665318,1400.3252586248846,1157.067839300098,13.28243197905445
337,raspberrypi,308.0,2023-08-10,00:45:01,Whole,351.649002090676,0.02666666666666667,5.3018791415742905,2.38812164681785,3106.6924342105262,1111.9177631578948,4.152599843820793,0,147,76,0.18172309514992444,1.0,0.0,,0.0,1.0,0.0,1308.2794810577677,,,656.9843725078129,371.3669543250299,1308.2794810577677,1761.591624781091,1629.2704598943385,158.9724076430356
338,raspberrypi,316.0,2023-08-10,00:45:01,Whole,509.74407557516173,1.0,5.613477524736511,84.92134100954299,2384.972222222222,1109.0833333333333,1.9013899899051627,0,68,27,6497.513689072265,0.0,0.6578947368421053,,0.2236842105263158,0.0,0.0,1098.0791578992287,,,204.07890482197416,771.0326076141863,1098.0791578992287,1202.5511567572037,1056.2149262195735,487.5769367181581
339,raspberrypi,319.0,2023-08-10,00:45:01,Whole,454.8073444667102,,3.559837592730661,,3115.5,1512.5,2.0741459057397145,0,3,1,,0.0,0.9868421052631579,,0.0,0.0,0.0,1253.2362763708784,,,858.4881034921789,452.9262017800826,1253.2362763708784,1617.0209845682266,1493.7077740818856,498.15002689762855
340,raspberrypi,437.0,2023-08-10,00:45:01,Whole,323.69227632315295,,3.193009472391615,,3045.5,1387.0,1.4574973370152369,0,4,1,,0.0,0.9868421052631579,,0.0,0.0,0.0,1224.9728448383926,,,727.855448570484,392.5215441251181,1224.9728448383926,1591.9629203498037,1477.9852317836599,435.5310631088348
341,raspberrypi,441.0,2023-08-10,00:45:01,Whole,603.0526420459648,,4.138544550919764,,3043.5,678.0,2.259000483632062,0,3,1,,0.013157894736842105,0.9868421052631579,,0.0,0.013157894736842105,0.0,1433.0792339940524,,,545.0441341080414,373.30059356446384,1433.0792339940524,1952.7620949646523,1723.3098142947185,37.084802410276424
342,raspberrypi,446.0,2023-08-10,00:45:01,Whole,1712.168630588673,,10.401944534919238,,1689.0,2543.0,10.400550367873098,0,2,1,,0.013157894736842105,0.9868421052631579,,0.0,0.013157894736842105,0.013157894736842105,1012.9199430397233,,,1493.8463952999928,1914.948079746039,1012.9199430397233,492.59864403719166,168.5019602965064,165.09936320266908
343,raspberrypi,973.0,2023-08-10,00:45:01,Whole,2238.5352089559747,,11.860816224635464,,1421.75,3002.25,9.198670105130166,0,4,1,,0.0,1.0,,0.0,0.0,0.0,1462.7426712499293,,,2011.6663460741338,2420.425470219294,1462.7426712499293,920.9997789365467,650.9853261130573,647.95732040703
344,raspberrypi,142.0,2023-08-10,08:05:01,Whole,969.247969725379,,3.5918693164458277,,2554.5,2012.25,1.8004779815118317,0,2,1,,0.0,1.0,,0.0,0.0,0.0,969.3308881129083,,,954.0911336184201,980.1645101718409,969.3308881129083,994.9900144124823,835.5833904142135,201.61455183306217
345,raspberrypi,250.0,2023-08-10,08:05:01,Whole,1557.5549877093,,8.176738314654408,,1662.5,488.75,8.176738314654408,0,1,1,,0.0,1.0,,0.0,0.0,0.0,1507.2755518385104,,,263.6356566250607,1411.641675850663,1507.2755518385104,1424.6689020657495,952.1353622389436,1132.04715430951
346,raspberrypi,308.0,2023-08-10,08:05:01,Whole,82.52786755943778,0.2597402597402597,4.276053426096886,7.941555599184889,3110.158653846154,1120.9663461538462,3.886569773448561,1,11,78,26.453841482969057,0.9743589743589743,0.0,,0.0,0.9743589743589743,0.0,1308.326072218992,,,663.3264322436745,371.2367065505653,1308.326072218992,1760.3827349822304,1632.765440905026,165.38685777001461
347,raspberrypi,309.0,2023-08-10,08:05:01,Whole,675.3132450036076,1.0,2.82548831371651,18.979018019908196,2802.25,1808.375,3.8485891496808984,0,8,7,0.0,0.07692307692307693,0.9102564102564102,,0.0,0.07692307692307693,0.0,1055.521299240933,,,869.7919880734235,694.9944329679241,1055.521299240933,1252.4833892077477,1109.2143051852502,139.1965422261713
348,raspberrypi,470.0,2023-08-10,08:05:01,Whole,687.7904603923034,,3.964133853644736,,2506.5,1596.0,3.964133853644736,0,1,1,,0.0,1.0,,0.0,0.0,0.0,952.0860566624705,,,545.6065885200326,766.6793416393317,952.0860566624705,1025.7116536643068,902.4204578490782,464.39307420512694
349,raspberrypi,818.0,2023-08-10,08:05:01,Whole,86.24943651940428,,0.005635664884272053,,3111.0,1116.25,0.005635664884272053,1,1,1,,0.01282051282051282,0.9871794871794872,,0.0,0.01282051282051282,0.0,1309.7457320729804,,,662.4850694044994,371.08938931803687,1309.7457320729804,1763.299456105228,1632.1069199643557,163.38583328221154
350,raspberrypi,131.0,2023-08-10,14:10:01,Whole,1531.4919087549206,,8.043388897284874,,2952.25,616.25,8.043388897284874,0,1,1,,0.017543859649122806,0.9824561403508771,,0.0,0.017543859649122806,0.0,1445.7079409971861,,,465.4285104978882,395.43481592650335,1445.7079409971861,1925.5861325727767,1673.4882080102147,133.00825159849188
351,raspberrypi,307.0,2023-08-10,14:10:01,Whole,218.24407039029074,1.0,3.6888218294779738,15.86568522888368,2805.106617647059,2084.143382352941,3.6340097994382607,0,27,34,284.5444418594226,0.5964912280701754,0.40350877192982454,,0.0,0.5964912280701754,0.0,1099.321864606922,,,1115.6303496707797,914.0754800053421,1099.321864606922,1249.819339775514,1092.1390424302222,0.0
352,raspberrypi,310.0,2023-08-10,14:10:01,Whole,643.8606160882471,1.0,4.051653423184299,209.57257838726954,2322.4375,2262.75,4.051653423184299,0,1,4,2429.564082167657,0.017543859649122806,0.9298245614035088,,0.0,0.017543859649122806,0.0,973.5451688340413,,,1173.218866762328,1315.2414397806888,973.5451688340413,804.8902214473802,556.6013244416749,285.29069559195756
353,raspberrypi,311.0,2023-08-10,14:10:01,Whole,958.3630110903879,,4.841262380917016,,3011.25,1191.25,1.4371844278198231,0,3,1,,0.0,0.9824561403508771,,0.0,0.0,0.0,1241.4216186940955,,,599.2424627613693,388.95824371882253,1241.4216186940955,1641.4581076631478,1518.2793172980257,246.84601405643207
354,raspberrypi,314.0,2023-08-10,14:10:01,Whole,62.41292813746952,1.0,4.755380978961075,10.160491982848178,2976.375,2191.375,1.5119136791595922,0,4,11,50.688077999787645,0.19298245614035087,0.8070175438596491,,0.0,0.19298245614035087,0.0,1225.5375881614323,,,1288.6058477393274,955.4703934411008,1225.5375881614323,1419.4244612010943,1234.6265908401472,12.11429566159569
355,raspberrypi,317.0,2023-08-10,14:10:01,Whole,567.9708605424419,1.0,4.684739283718639,63.6494752716698,3221.2268518518517,2557.2731481481483,3.887436482668201,0,28,27,7892.121121674753,0.0,0.5614035087719298,,0.0,0.0,0.0,1590.8290680869754,,,1743.7712240387934,1318.7343972743217,1590.8290680869754,1749.3390666307744,1553.2550964101902,503.63713667740524
356,raspberrypi,319.0,2023-08-10,14:10:01,Whole,654.2115699309505,1.0,3.7475603070021792,42.98605878654148,2913.875,1494.625,3.6340097994382607,0,19,11,1.350810353615784e-26,0.0,0.8070175438596491,,0.0,0.0,0.0,1141.794612548743,,,698.4325291853262,480.75514750188086,1141.794612548743,1438.7803012895067,1313.4569157821918,402.043894880522
357,raspberrypi,666.0,2023-08-10,14:10:01,Whole,324.6040877808111,,1.0227121975517128,,3232.25,1985.0,1.0227121975517128,0,1,1,,0.0,0.9824561403508771,,0.0,0.0,0.0,1355.672552161081,,,1268.7302484258018,727.6380288181024,1355.672552161081,1661.0803792870377,1505.8819323023718,242.54623656965495
358,raspberrypi,32.0,2023-08-09,20:55:01,Whole,352.7603649265182,0.0,4.174922101436337,,1878.642857142857,1889.642857142857,1.5734589991554555,0,17,7,0.0,0.0,1.0,,0.0,0.0,0.0,761.234896687498,,,813.610950932648,1384.5382293066875,761.234896687498,385.15121108111447,212.01298812668705,287.4640021712223
359,raspberrypi,190.0,2023-08-09,20:55:01,Whole,1049.9245331902955,,4.370983442345676,,1098.75,1433.5,3.1033685310631878,0,3,1,,0.0,1.0,,0.0,0.0,0.0,1129.9073395172577,,,927.2715448682145,1922.5779519378102,1129.9073395172577,607.0960756889971,211.23321541752256,306.71889849378636
360,raspberrypi,254.0,2023-08-09,20:55:01,Whole,639.4755784099368,,5.256872516274239,,2181.0,1003.0,4.67010846531872,0,2,1,,0.0,0.9871794871794872,,0.01282051282051282,0.0,0.0,1103.1173063620643,,,0.0,888.768475646179,1103.1173063620643,1131.295112274356,814.6714742879255,804.7362790546864
361,raspberrypi,289.0,2023-08-09,20:55:01,Whole,490.98861771425675,,4.026118259881565,,1644.75,1726.5,0.027618434351481324,1,3,1,,0.01282051282051282,0.9871794871794872,,0.0,0.01282051282051282,0.01282051282051282,761.0477570483953,,,750.70266661764,1509.1829585024034,761.0477570483953,307.0702527099633,180.2609823224424,118.61252510987693
362,raspberrypi,300.0,2023-08-09,20:55:01,Whole,334.7592280428662,0.09090909090909091,2.233914834167178,14.884975646604197,2052.8365384615386,1965.826923076923,2.1684486647348025,0,23,13,18.40308316511986,0.0,0.9871794871794872,,0.0,0.0,0.0,810.3370457258159,,,856.8927690478674,1291.2354568000542,810.3370457258159,526.5746486477977,332.51770400122257,323.76263168045443
363,raspberrypi,304.0,2023-08-09,20:55:01,Whole,348.46053729043615,0.48484848484848486,5.186694107772579,8.237118389580228,1862.9191176470588,1415.4963235294117,1.8124014279887632,0,56,34,36.85100059852531,0.0,0.7948717948717948,,0.0,0.0,0.0,883.2280101738487,,,373.7138479588449,1221.7835815935741,883.2280101738487,629.7557501779517,347.2336304860818,395.82935211303425
364,raspberrypi,306.0,2023-08-09,20:55:01,Whole,119.12957221086786,1.0,3.9181793367411553,9.58351853360329,2166.4166666666665,1536.3041666666666,2.0076223638011093,0,64,30,166.07817808294018,0.0,0.6538461538461539,,0.0,0.0,0.0,876.2028534776236,,,421.50502259732735,1003.1530516007901,876.2028534776236,762.7379168838419,631.7819744954777,646.8756490541205
365,raspberrypi,314.0,2023-08-09,20:55:01,Whole,1274.5421569512525,0.9,6.917141116114495,8.258113156092712,3362.25,1958.6136363636363,6.55795211479031,1,24,11,13.997945919802042,0.0,0.8589743589743589,,0.0,0.0,0.0,1452.9628179632605,,,1338.863033540936,725.9283740570521,1452.9628179632605,1790.2060547170915,1641.1595677728997,377.56751500250596
366,raspberrypi,315.0,2023-08-09,20:55:01,Whole,911.1852588925931,0.5652173913043478,5.111251942370881,21.95763310349773,3007.375,1878.864583333333,6.790134615678129,0,45,24,135.4434224301667,0.3076923076923077,0.6923076923076923,,0.0,0.3076923076923077,0.0,1179.5574654250386,,,1044.6221956812005,661.9934366650727,1179.5574654250386,1444.8761653658594,1266.3135331313258,126.9289288166234
367,raspberrypi,316.0,2023-08-09,20:55:01,Whole,444.8335464385977,0.46153846153846156,4.921232843189696,11.93224951403207,1696.80223880597,1735.1623134328358,2.1794756880107586,1,109,67,85.93051082674285,0.5897435897435898,0.15384615384615385,,0.0,0.5897435897435898,0.5,763.7683276161326,,,737.720069501095,1468.868071957127,763.7683276161326,333.97242388937514,179.13030949863102,117.67432978813163
368,raspberrypi,328.0,2023-08-09,20:55:01,Whole,796.268960714765,,6.937560044692349,,2068.5,846.25,5.040160545341128,0,2,1,,0.0,0.9871794871794872,,0.01282051282051282,0.0,0.0,1195.6760442884233,,,0.0,988.3163103375679,1195.6760442884233,1203.6958344973107,829.8316457198189,901.1655332867557
369,raspberrypi,447.0,2023-08-09,20:55:01,Whole,1278.124563605387,,8.302333328848224,,3366.5,1956.5,8.296609307599633,0,2,1,,0.0,0.9871794871794872,,0.0,0.0,0.0,1455.9649621167955,,,1340.3850237946026,725.1077752428398,1455.9649621167955,1794.4650840948127,1643.0794653107007,379.4268345075154
370,raspberrypi,463.0,2023-08-09,20:55:01,Whole,954.6913321887909,1.0,7.265985537633961,7.227880191737804,2339.5,709.625,6.369981060374263,0,25,12,5.526775279196513e-26,0.0,0.8461538461538461,,0.15384615384615385,0.0,0.0,1288.8665069936578,,,0.0,777.1816555407672,1288.8665069936578,1457.7890800497098,1120.3745146486224,639.668920584181
371,raspberrypi,657.0,2023-08-09,20:55:01,Whole,890.2457624198555,,6.191933795077358,,2560.0,2418.75,3.7123722729443367,0,3,1,,0.0,1.0,,0.0,0.0,0.0,1127.4094219387564,,,1348.0367463094608,1306.441812725836,1127.4094219387564,1070.5653527539987,817.934677571288,324.06985543886856
372,raspberrypi,666.0,2023-08-09,20:55:01,Whole,1257.376648911289,,5.8359540469985,,3343.5,1962.5,0.038447794991764206,1,4,1,,0.0,0.9871794871794872,,0.0,0.0,0.0,1438.721645949657,,,1328.3149530673734,724.3404173492108,1438.721645949657,1771.5501369576596,1619.3693903446374,355.6603116775266
373,raspberrypi,987.0,2023-08-09,20:55:01,Whole,1038.8970557499092,,4.57912076893681,,3037.0,2143.5,1.5646896889466502,0,2,1,,0.01282051282051282,0.9871794871794872,,0.0,0.01282051282051282,0.0,1249.112017747541,,,1278.3327397108926,896.9846522836617,1249.112017747541,1473.792207112919,1290.3030685657575,39.06862567966158
374,raspberrypi,17.0,2023-08-09,20:10:01,Whole,1517.0864032785767,1.0,10.6462449212281,2819.844554669636,2046.0,1093.875,10.6462449212281,0,2,2,,0.0,0.9787234042553191,,0.0,0.0,0.0,1645.1300413605297,,,1118.217236972766,1412.160156666799,1645.1300413605297,1676.342155809068,1361.3417183130455,836.8730077181092
375,raspberrypi,306.0,2023-08-09,20:10:01,Whole,1243.0310552629446,1.0,9.639383929058669,12.120458923065323,975.7801724137931,1751.5431034482758,4.514610233581793,0,52,29,73.31661878252807,0.0,0.425531914893617,,0.0,0.0,0.0,1160.7473063934103,,,1212.8374745867284,2121.1742919280414,1160.7473063934103,567.7503576690871,236.03062753767904,249.52354105793702
376,raspberrypi,307.0,2023-08-09,20:10:01,Whole,864.5983815309667,1.0,11.361352433960946,83.4640641234298,2944.75,2259.75,11.361352433960946,0,2,2,,0.0425531914893617,0.9574468085106383,,0.0,0.0425531914893617,0.0,1235.1902824888648,,,1333.51874494428,1028.3516970519702,1235.1902824888648,1398.0644092819603,1191.8681381240353,55.462049201714436
377,raspberrypi,311.0,2023-08-09,20:10:01,Whole,840.3337728654026,1.0,6.100885175800433,49.10317791776094,2983.483870967742,2083.2379032258063,3.5831998470909285,0,51,31,1487.375445494065,0.5319148936170213,0.3404255319148936,,0.0,0.5319148936170213,0.0,1217.9215512702374,,,1201.5941069195446,872.6714209846059,1217.9215512702374,1428.0147945436802,1264.4040291240603,61.026668029796525
378,raspberrypi,314.0,2023-08-09,20:10:01,Whole,271.62106780783313,0.2916666666666667,5.936628605901231,7.218951299257283,1926.6490384615386,1815.1778846153845,4.49091605138452,0,55,26,10.197510413496028,0.0,0.851063829787234,,0.0,0.0,0.0,775.2487571354873,,,729.6182194871568,1310.628562197781,775.2487571354873,446.76404641236167,298.6747637846088,371.0398770239643
379,raspberrypi,319.0,2023-08-09,20:10:01,Whole,1269.6128157992719,0.0,7.828836080253224,,3424.7053571428573,1504.0,3.4218770289117724,0,40,14,0.007997034304108886,0.0,0.7021276595744681,,0.0,0.0,0.0,1473.7559496794238,,,1111.2853744109004,476.1190573410562,1473.7559496794238,1914.0163697430833,1788.349194676934,627.7930052681106
380,raspberrypi,525.0,2023-08-09,20:10:01,Whole,951.4009382577802,,,,1323.75,2205.0,,0,0,1,,0.02127659574468085,0.9787234042553191,,0.0,0.02127659574468085,0.02127659574468085,891.7217244615664,,,1325.7869679557828,1993.8024469173422,891.7217244615664,255.50113433409658,66.57957795578555,57.56275145331689
381,raspberrypi,653.0,2023-08-09,20:10:01,Whole,875.5480325750759,,,,2743.25,1143.0,,0,0,1,,0.0,1.0,,0.0,0.0,0.0,1145.0427626268934,,,341.10697570239375,494.6305334204377,1145.0427626268934,1438.522817405148,1269.6799826697682,345.7264001303228
382,raspberrypi,243.0,2023-08-10,08:55:01,Whole,903.401579196915,0.0,,,3096.75,220.0,,0,0,7,8.960574263685067e-27,0.0,0.7407407407407407,,0.0,0.0,0.0,1800.4305224509012,,,751.5762387504122,561.4124298774699,1800.4305224509012,2306.743081045962,2016.3915245029684,374.7003031694648
383,raspberrypi,250.0,2023-08-10,08:55:01,Whole,1272.5102548763336,,,,1662.0,488.5,,0,0,1,,0.0,1.0,,0.0,0.0,0.0,1507.5877163807124,,,264.1936284477504,1412.157446702721,1507.5877163807124,1424.8552058821172,952.2612803079476,1132.212282806767
384,raspberrypi,307.0,2023-08-10,08:55:01,Whole,262.8189407442145,1.0,,25.172317129871544,2858.9464285714284,818.6071428571429,,0,0,7,6.9665003914695625,0.25925925925925924,0.7407407407407407,,0.0,0.25925925925925924,0.0,1311.0568375608118,,,361.417987379193,428.46144736593783,1311.0568375608118,1724.1550120809768,1469.9568624329738,132.71142344483627
385,raspberrypi,313.0,2023-08-10,08:55:01,Whole,695.4238704071456,1.0,,97.52662380829932,2667.4204545454545,1747.7954545454545,,0,0,11,300.0056048753306,0.0,0.6296296296296297,,0.0,0.0,0.0,1025.1111157661524,,,779.5349133409527,760.2015388000682,1025.1111157661524,1155.5101329565025,1035.8650125734414,301.69906609462726
386,raspberrypi,314.0,2023-08-10,08:55:01,Whole,862.5376892820968,,,,2728.0,1931.0,,0,0,1,,0.037037037037037035,0.9629629629629629,,0.0,0.037037037037037035,0.0,1023.6632119340021,,,941.9014349917029,823.2273706679377,1023.6632119340021,1166.8594691251649,1015.585114132858,68.09000779995668
387,raspberrypi,158.0,2023-08-09,21:15:01,Whole,1054.2778269253365,,2.414794462427702,,1296.0,1613.0,2.414794462427702,0,1,1,,0.016129032258064516,0.9838709677419355,,0.0,0.016129032258064516,0.016129032258064516,911.3950156058642,,,878.0642797986914,1782.0360388316406,911.3950156058642,367.6154842888496,28.875174637525532,40.16436596505521
388,raspberrypi,304.0,2023-08-09,21:15:01,Whole,626.6605766837972,1.0,3.5079015720409368,22.902750099668932,2909.578125,1998.21875,1.14912055072401,0,16,8,208.83785984014338,0.12903225806451613,0.8709677419354839,,0.0,0.12903225806451613,0.0,1130.4396226169442,,,1088.6476278898701,801.8670087438448,1130.4396226169442,1343.747248100178,1203.7426824094584,6.893716207201351
389,raspberrypi,307.0,2023-08-09,21:15:01,Whole,807.5540248668777,,,,2981.5,2225.0,,0,0,1,,0.016129032258064516,0.9838709677419355,,0.0,0.016129032258064516,0.0,1242.375326086016,,,1319.906549279028,986.4536112889141,1242.375326086016,1428.4498231836217,1229.4069482960617,39.327057352240985
390,raspberrypi,314.0,2023-08-09,21:15:01,Whole,321.42876635954195,0.8918918918918919,4.012129486336847,31.889438654413638,2455.6414473684213,1577.5855263157894,3.9644682558734297,0,56,38,941.5229561474184,0.0,0.45161290322580644,,0.0,0.0,0.0,954.5731786159347,,,557.48994297973,809.4109441728397,954.5731786159347,994.9253110660178,884.0252048166187,497.3235387409585
391,raspberrypi,316.0,2023-08-09,21:15:01,Whole,582.5520407454354,0.24444444444444444,5.827990288908846,17.44286552075981,1769.0807291666667,1641.5729166666667,4.894656614834027,0,53,48,101.1301222336493,0.0,0.8225806451612904,,0.0,0.0,0.0,790.9163550591518,,,618.0277573214748,1371.4393788334303,790.9163550591518,421.633523450648,257.63279007337763,227.7834128345075
392,raspberrypi,319.0,2023-08-09,21:15:01,Whole,834.3749549562756,1.0,4.371675797657417,12.532018062841187,3126.7321428571427,2016.0401785714287,5.114558106848964,0,46,28,45.32758920352708,0.3548387096774194,0.5483870967741935,,0.0,0.3548387096774194,0.0,1282.1704972434518,,,1226.0618860571287,762.37095224114,1282.1704972434518,1557.0550213655779,1375.0317550371892,121.01294443752384
393,raspberrypi,425.0,2023-08-09,21:15:01,Whole,1056.9010976643215,,,,1293.5,1611.75,,0,0,1,,0.016129032258064516,0.9838709677419355,,0.0,0.016129032258064516,0.016129032258064516,913.5913159640635,,,879.0323253549468,1783.9627892022145,913.5913159640635,369.627833973334,30.158740234557598,42.80511079349013
394,raspberrypi,638.0,2023-08-09,21:15:01,Whole,996.7112876224332,,6.168270953281686,,2162.0,2709.5,6.168270953281686,0,1,1,,0.0,1.0,,0.0,0.0,0.0,1187.7316599150645,,,1594.2276904968712,1747.0160434645868,1187.7316599150645,891.4484726753159,567.9495566492309,546.7697305193535
395,raspberrypi,683.0,2023-08-09,21:15:01,Whole,2041.2253477755776,,8.327585665986431,,876.75,310.25,8.327585665986431,0,1,1,,0.0,1.0,,0.0,0.0,0.0,1960.5771178026093,,,1053.914778428226,2182.576507605437,1960.5771178026093,1700.1366687057416,1213.4372191134416,1399.555802638296
396,raspberrypi,190.0,2023-08-09,17:25:01,Whole,1847.1110370287558,,10.040780732438906,,1101.1666666666667,1437.5833333333333,9.082676437685826,0,9,3,,0.0,1.0,,0.0,0.0,0.0,1126.2706919249351,,,927.3137158340279,1921.0860996392596,1126.2706919249351,602.5918139049014,207.64160104269797,301.9882343264421
397,raspberrypi,304.0,2023-08-09,17:25:01,Whole,415.57383716309386,1.0,3.4074412650196995,28.959835316100456,2837.0416666666665,1746.6666666666667,1.7962641647513413,0,18,6,346.7106576965112,0.05063291139240506,0.9367088607594937,,0.012658227848101266,0.05063291139240506,0.0,1146.4340485132368,,,859.7444647844328,732.1553900263268,1146.4340485132368,1352.3606153778967,1308.0039768948595,84.54825750398932
398,raspberrypi,307.0,2023-08-09,17:25:01,Whole,562.5122644222324,0.8589743589743589,6.570244409342809,70.08230918333788,2799.862341772152,1518.7231012658228,3.6172836928108674,0,169,79,4706.97320627868,0.10126582278481013,0.0,,0.02531645569620253,0.10126582278481013,0.0,1100.9954781440367,,,673.8313612845621,582.9105226058139,1100.9954781440367,1335.7219650109607,1243.6497972778154,358.21767597862424
399,raspberrypi,309.0,2023-08-09,17:25:01,Whole,386.35340170724817,0.9850746268656716,6.657731480528659,58.93924547068197,2813.0698529411766,2257.8125,1.518776586451372,11,158,68,6472.164914600094,0.569620253164557,0.13924050632911392,,0.0,0.569620253164557,0.0,1203.5511864980358,,,1303.1028555022801,1095.9045586016705,1203.5511864980358,1294.3459584803786,1242.872188892521,138.1677727551102
400,raspberrypi,310.0,2023-08-09,17:25:01,Whole,544.4089697517687,0.44155844155844154,8.049155386460411,30.93319715704119,3241.3333333333335,2395.5865384615386,2.789680310276217,11,168,78,539.5938878826113,0.0,0.569620253164557,,0.0,0.0,0.0,1503.6955034089767,,,1601.8383730127705,1137.8552023741158,1503.6955034089767,1714.2963331093952,1501.9641097983706,384.3398888546878
401,raspberrypi,314.0,2023-08-09,17:25:01,Whole,1778.7613631567895,1.0,9.515748274124967,83.21713446867368,1098.5,2145.0416666666665,9.323244331082584,0,28,9,2264.092938737574,0.05063291139240506,0.8987341772151899,,0.0,0.05063291139240506,0.06329113924050633,1088.45782997959,,,1409.5814808292769,2163.7316596430783,1088.45782997959,457.42718054549294,163.74956494544512,198.33819544804237
402,raspberrypi,463.0,2023-08-09,17:25:01,Whole,1246.2601572688336,,7.4415166109198845,,1696.0,1559.75,6.10421495684435,0,3,1,,0.012658227848101266,0.9873417721518988,,0.0,0.012658227848101266,0.012658227848101266,820.4472468044826,,,581.0646042254398,1407.907526275258,820.4472468044826,437.0758072634234,170.10427750735414,187.9050255187393
403,raspberrypi,542.0,2023-08-09,17:25:01,Whole,485.2392542432428,1.0,4.9356629194571395,16.800762631499797,3194.75,1676.875,3.9990047755114366,0,9,3,0.0,0.0,0.9620253164556962,,0.0,0.0,0.0,1299.8894160108853,,,1024.2029031835755,537.7567366454532,1299.8894160108853,1654.705561091442,1521.2943212666733,394.39148500436863
404,raspberrypi,683.0,2023-08-09,17:25:01,Whole,2614.9193217059724,,11.986776440301908,,875.75,311.0,8.22100186421548,0,4,1,,0.0,1.0,,0.0,0.0,0.0,1960.585558640072,,,1054.5963106884792,2183.3153219946453,1960.585558640072,1699.780633654509,1213.1540717569267,1399.1829662693865
405,raspberrypi,300.0,2023-08-09,17:30:01,Whole,401.38519494280433,1.0,3.8625283545005997,5.8893218331175365,3087.1666666666665,1974.3055555555557,1.3828603190523892,1,31,9,116.19774994640913,0.11538461538461539,0.8846153846153846,,0.0,0.11538461538461539,0.0,1243.8949978288956,,,1168.2683760024706,724.2635841887039,1243.8949978288956,1517.965265727288,1365.9166611022672,112.42075982163394
406,raspberrypi,307.0,2023-08-09,17:30:01,Whole,649.2192656244667,1.0,6.033032939824515,89.59235175596602,2359.73125,1554.23125,4.041844349349435,1,49,20,9173.311124884387,0.0,0.7564102564102564,,0.0,0.0,0.038461538461538464,992.284186990229,,,650.8641470745793,906.4979653009822,992.284186990229,981.3476916990934,1015.2795613002045,355.42909789867696
407,raspberrypi,308.0,2023-08-09,17:30:01,Whole,851.5770686609527,1.0,5.561820659749727,116.4021409252672,2586.2890625,2654.5703125,4.222607580045699,0,52,16,5261.6441460666065,0.038461538461538464,0.7948717948717948,,0.0,0.038461538461538464,0.0,1314.5149429046419,,,1614.1255203831404,1531.3673127313136,1314.5149429046419,1226.31033943249,1076.8764946027827,464.6979026066989
408,raspberrypi,309.0,2023-08-09,17:30:01,Whole,523.21485830658,0.96,5.115545810321228,80.75635013195271,2408.3799342105262,1926.9506578947369,3.78860507691887,0,155,76,3775.5487240635157,0.3076923076923077,0.038461538461538464,,0.10256410256410256,0.3076923076923077,0.02564102564102564,1030.1873676468372,,,880.1698778949536,1075.5761877942825,1030.1873676468372,1002.8491758732807,844.9216999822572,401.2665261624638
409,raspberrypi,310.0,2023-08-09,17:30:01,Whole,1353.3670543204607,1.0,8.676053659222765,6.784228078403735,3202.4453125,612.2109375,5.939490477346384,0,45,16,6.3968360706206875,0.20512820512820512,0.7948717948717948,,0.0,0.20512820512820512,0.0,1539.8188919502188,,,711.9364282893689,384.17273236707683,1539.8188919502188,2116.1742906845075,1892.9915815983913,0.0
410,raspberrypi,314.0,2023-08-09,17:30:01,Whole,1233.0533937506057,,6.632380041863584,,1523.25,1500.5,5.393679972666694,0,4,1,,0.01282051282051282,0.9871794871794872,,0.0,0.01282051282051282,0.01282051282051282,872.2700911359632,,,638.2482575851918,1545.4874348654926,872.2700911359632,423.4786756173364,0.0,113.28871312553947
411,raspberrypi,316.0,2023-08-09,17:30:01,Whole,260.1455020009686,1.0,4.191615686691583,6.3331641496746345,2951.25,1802.3125,1.8777381022553532,1,38,14,16.842888674382305,0.16666666666666666,0.8205128205128205,,0.0,0.16666666666666666,0.0,1138.0374512224819,,,949.1472700303511,614.2873101985618,1138.0374512224819,1397.6881305241957,1256.0719448885968,158.40648648710618
412,raspberrypi,319.0,2023-08-09,17:30:01,Whole,650.8335984991562,1.0,4.129568956102889,47.92097138624008,2326.0,2368.2453703703704,5.4098139455273735,0,40,27,1564.1056797884596,0.038461538461538464,0.6666666666666666,,0.0,0.038461538461538464,0.038461538461538464,1025.2794720960076,,,1275.4318227144756,1392.7198430920444,1025.2794720960076,844.4511604197947,579.5299407767533,338.6540501463958
413,raspberrypi,470.0,2023-08-09,17:30:01,Whole,658.8875844015529,,5.309681002937546,,2449.75,2478.25,2.037011346874563,0,4,1,,0.0,1.0,,0.0,0.0,0.0,1119.353069420973,,,1384.969966229058,1408.1894941319204,1119.353069420973,993.1033767873317,721.7150606990397,444.77303181906336
414,raspberrypi,542.0,2023-08-09,17:30:01,Whole,559.4345968160649,0.9375,4.476146597520794,30.313291995781228,3249.33,1773.495,3.3244419586264113,1,120,50,4111.092298873989,0.0,0.358974358974359,,0.0,0.0,0.0,1345.0879495088461,,,1130.9604780288491,590.6615595661918,1345.0879495088461,1693.4042271202663,1614.9967672888001,403.3955279709954
415,raspberrypi,714.0,2023-08-09,17:30:01,Whole,173.82136613526245,1.0,4.159309387807173,55.412656496508085,2526.25,1870.875,2.1260930161944276,0,7,2,,0.0,0.9871794871794872,,0.0,0.0,0.0,942.9818262360011,,,811.0953096687002,900.9083064901778,942.9818262360011,976.9857862417348,826.2458571764444,272.6483120555795
416,raspberrypi,818.0,2023-08-09,17:30:01,Whole,439.405193093538,,2.5545960873772855,,2860.0,2278.0,1.8187875608534505,0,3,1,,0.01282051282051282,0.9871794871794872,,0.0,0.01282051282051282,0.0,1193.0763240614995,,,1312.1006541502188,1067.4488397994385,1193.0763240614995,1318.7975158348816,1106.897326100978,55.99637193771733
417,raspberrypi,306.0,2023-08-10,12:35:01,Whole,493.90107349416223,,5.15929186691778,,2810.75,1900.0,3.684157861533148,0,3,1,,0.013513513513513514,0.9864864864864865,,0.0,0.013513513513513514,0.0,1059.6012145886104,,,952.9498475681346,756.9640478356132,1059.6012145886104,1249.9046209732844,1101.6205389484237,47.88081389342241
418,raspberrypi,307.0,2023-08-10,12:35:01,Whole,498.97225282219995,1.0,4.421882562695864,220.24854554746267,2611.96875,1314.046875,2.236516098510906,0,26,8,11905.044339931803,0.04054054054054054,0.9054054054054054,,0.0,0.04054054054054054,0.0,1076.4985017982106,,,490.9505746027325,664.5283288739485,1076.4985017982106,1254.332540211875,1274.164554444219,368.56592051915175
419,raspberrypi,308.0,2023-08-10,12:35:01,Whole,519.55591791526,1.0,5.092144653477133,64.28753552044742,2920.96484375,1779.875,2.0666229966632326,3,109,32,3233.560454581578,0.3108108108108108,0.5675675675675675,,0.02702702702702703,0.3108108108108108,0.0,1174.9633592258406,,,922.8504273442702,701.6473751508817,1174.9633592258406,1413.5018805078143,1273.4501916330537,156.08280944957858
420,raspberrypi,309.0,2023-08-10,12:35:01,Whole,648.5975919773492,1.0,5.981569795366351,46.84126909169523,2547.127840909091,979.0539772727273,3.0183686710848066,0,126,44,2610.297607100614,0.0,0.40540540540540543,,0.36486486486486486,0.0,0.0,1218.3176472126386,,,225.59180581622365,663.4777052188309,1218.3176472126386,1432.5286909232693,1067.7443649184338,599.1178897857469
421,raspberrypi,310.0,2023-08-10,12:35:01,Whole,929.8929074267807,0.9318181818181818,7.010382720503342,52.45053084561078,3183.913888888889,2285.4416666666666,3.3009686544148766,1,123,45,1369.0818804108426,0.08108108108108109,0.43243243243243246,,0.0,0.08108108108108109,0.0,1421.389096332738,,,1484.5564038838907,1038.4884954727213,1421.389096332738,1640.0998167492896,1490.8603274312743,274.5748132967302
422,raspberrypi,315.0,2023-08-10,12:35:01,Whole,511.37789140475024,1.0,2.9944576757718915,82.86537522330585,3078.5833333333335,935.4166666666666,1.1131630822652276,1,4,3,1170.9716782014602,0.04054054054054054,0.9594594594594594,,0.0,0.04054054054054054,0.0,1339.099168946194,,,587.2430448613834,374.2860705061935,1339.099168946194,1827.8239908786907,1632.892328115527,0.0
423,raspberrypi,319.0,2023-08-10,12:35:01,Whole,633.2045673798224,1.0,4.314884894687083,120.283908770702,2488.8303571428573,1065.8839285714287,3.2818478491007896,0,44,28,4795.746461813997,0.02702702702702703,0.6216216216216216,,0.20270270270270271,0.02702702702702703,0.0,1178.9537906415107,,,267.42777967640393,716.9813180583537,1178.9537906415107,1348.2107074394364,1149.2772913230415,585.4437030392206
424,raspberrypi,441.0,2023-08-10,12:35:01,Whole,522.8014346953629,0.12962962962962962,5.4664479861803175,4.316600883879156,3248.1071428571427,1021.6919642857143,2.7181472671362346,1,138,56,1.9047625809345954,0.7567567567567568,0.24324324324324326,,0.0,0.7567567567567568,0.0,1413.0702147343181,,,768.5866298977713,378.12890919432994,1413.0702147343181,1927.2784686236816,1786.6493801710953,123.45417332930874
425,raspberrypi,470.0,2023-08-10,12:35:01,Whole,433.87330918782226,,4.56032194663695,,2510.0,1597.5,3.876792019336346,0,4,1,,0.0,1.0,,0.0,0.0,0.0,953.0130148910351,,,548.3224193969811,764.8473290935196,953.0130148910351,1028.3397745635186,904.8139431956729,461.05084707833305
426,raspberrypi,542.0,2023-08-10,12:35:01,Whole,1036.3036814981303,,6.18327919193143,,3363.0,486.0,2.8380999804759157,0,4,1,,0.013513513513513514,0.9864864864864865,,0.0,0.013513513513513514,0.0,1731.5375565258314,,,895.1538434471663,476.04402262528436,1731.5375565258314,2319.0310730696965,2095.4788029602228,152.0363406397332
427,raspberrypi,669.0,2023-08-10,12:35:01,Whole,1861.9510355676919,,10.119823610400655,,1308.25,2375.0,7.669433215364011,0,4,1,,0.013513513513513514,0.9864864864864865,,0.0,0.013513513513513514,0.013513513513513514,1002.6095541302523,,,1481.0371200669547,2096.90083637277,1002.6095541302523,368.6147089158637,109.34935622982341,104.41509369197978
428,raspberrypi,726.0,2023-08-10,12:35:01,Whole,1891.1551416629327,,10.810293437220777,,1083.5,1928.5,9.83195614270246,0,4,1,,0.0,1.0,,0.0,0.0,0.0,1021.287997955286,,,1251.2441208791959,2077.9629519575174,1021.287997955286,395.16108156397553,255.52377192453665,237.29458048812825
429,raspberrypi,818.0,2023-08-10,12:35:01,Whole,612.8424747915493,,3.7303461775737197,,2944.5,1989.25,0.2262290920436481,2,9,2,,0.02702702702702703,0.972972972972973,,0.0,0.02702702702702703,0.0,1175.0754474028815,,,1103.3661765910306,813.284743527623,1175.0754474028815,1382.7127834572864,1220.8474638271025,131.52690148533242
430,raspberrypi,105.0,2023-08-10,14:05:01,Whole,1325.694320436723,,5.853995618791907,,2512.0,2704.25,5.258319867288212,0,2,1,,0.0,1.0,,0.0,0.0,0.0,1286.6103696039158,,,1618.1789263444132,1580.131239601337,1286.6103696039158,1156.7538694045036,859.3648080591158,581.6817891833517
431,raspberrypi,310.0,2023-08-10,14:05:01,Whole,576.0956690267342,1.0,5.846346717290831,97.78224316483825,2551.1693548387098,1271.75,6.4415469135034495,0,10,31,4528.973765793094,0.027777777777777776,0.1388888888888889,,0.2777777777777778,0.027777777777777776,0.0,1116.3008245334208,,,443.05735062460974,739.8173758251512,1116.3008245334208,1257.291209556122,847.6360515721215,450.6848558708715
432,raspberrypi,314.0,2023-08-10,14:05:01,Whole,150.8750099562664,1.0,,17.19163977793333,2890.4375,1355.5625,,0,0,4,177.733782618671,0.0,0.8888888888888888,,0.0,0.0,0.0,1149.2774824913488,,,584.5962059160399,449.5095723925316,1149.2774824913488,1463.2532167360998,1356.1291418668052,441.5418673378359
433,raspberrypi,319.0,2023-08-10,14:05:01,Whole,642.8718397143369,1.0,6.442022468794527,27.118374766936164,3318.35,1682.525,6.4415469135034495,0,10,10,1.4424885124041358e-29,0.0,0.7222222222222222,,0.0,0.0,0.0,1392.5204433276135,,,1125.0425655962654,550.3450980173259,1392.5204433276135,1775.0980623534697,1661.7178959452754,487.59110016794017
434,raspberrypi,300.0,2023-08-10,14:25:01,Whole,759.9491342854153,1.0,5.865176522940793,62.39582504952813,3190.3303571428573,2293.1741071428573,4.052986047118374,0,56,28,3810.9023655767046,0.08,0.6266666666666667,,0.0,0.08,0.0,1427.371410181526,,,1491.936294725934,1038.8551797849207,1427.371410181526,1649.6075207225115,1439.9025670489484,298.26836974387516
435,raspberrypi,304.0,2023-08-10,14:25:01,Whole,962.2687812838199,,5.417740515028044,,1872.75,1375.5,2.8394719025320003,0,2,1,,0.0,1.0,,0.0,0.0,0.0,901.6417742297549,,,333.46989321959035,1203.4943308580478,901.6417742297549,665.2989358939816,369.1668491897805,435.42033722706
436,raspberrypi,306.0,2023-08-10,14:25:01,Whole,938.119748008329,1.0,5.3948075239847,154.66812733278297,2385.05,996.0875,3.4147820559646065,0,19,10,6260.700383184804,0.013333333333333334,0.88,,0.06666666666666667,0.013333333333333334,0.0,1263.0883279998197,,,353.74394838607935,813.1708147712533,1263.0883279998197,1422.5974428359857,1053.891358302136,558.3919588016026
437,raspberrypi,307.0,2023-08-10,14:25:01,Whole,586.4438194610449,1.0,5.332149125929842,24.70335375182817,3014.5848214285716,2160.8616071428573,3.4390251129132268,0,52,28,112.16929968515761,0.22666666666666666,0.64,,0.0,0.22666666666666666,0.0,1255.5357621796045,,,1293.7010118296291,938.5682110803128,1255.5357621796045,1455.549172663819,1148.5928825026976,47.096393126687275
438,raspberrypi,310.0,2023-08-10,14:25:01,Whole,242.9015354824612,,2.7602343622697316,,3029.5,1606.5,2.298146371207471,0,3,1,,0.0,0.9866666666666667,,0.0,0.0,0.0,1192.489583368404,,,854.7741505571275,499.67901226617937,1192.489583368404,1510.5298956776412,1381.6049594637632,377.3988255597064
439,raspberrypi,314.0,2023-08-10,14:25:01,Whole,320.0143448408484,0.9864864864864865,3.826686043371185,20.55876160263237,2624.1116666666667,1463.3816666666667,4.18396736848844,1,84,75,547.6797364435455,0.0,0.02666666666666667,,0.0,0.0,0.0,1024.090086699676,,,505.0328638567014,644.759529346655,1024.090086699676,1183.1555391365323,1134.0155582148807,549.4550783641176
440,raspberrypi,317.0,2023-08-10,14:25:01,Whole,1387.8198362200098,1.0,8.768197435989604,68.15407510971015,2763.875,274.6666666666667,5.929711240753203,0,12,6,1778.2205689099833,0.0,0.92,,0.0,0.0,0.0,1659.111767737425,,,451.1809544661651,624.7507765872454,1659.111767737425,2054.3027282863554,1739.6030662114963,519.6421711256053
441,raspberrypi,319.0,2023-08-10,14:25:01,Whole,432.9154026044881,1.0,4.2548788965804185,75.05900741853725,3012.21875,1498.3125,2.6921521227879404,0,21,8,2614.345319746097,0.0,0.9066666666666666,,0.0,0.0,0.0,1238.8792220970836,,,774.5512324257663,544.6971408717304,1238.8792220970836,1544.509779070231,1329.2765023170182,543.8600578620647
442,raspberrypi,379.0,2023-08-10,14:25:01,Whole,252.28396068763558,,2.9722667417325033,,2824.75,1408.75,0.060232206605512754,1,2,1,,0.0,0.9866666666666667,,0.0,0.0,0.0,1108.8337548371555,,,570.1217353121904,494.31836385154725,1108.8337548371555,1382.919284975891,1271.4080822135272,514.3012695996376
443,raspberrypi,463.0,2023-08-10,14:25:01,Whole,1652.1773917855064,,6.453544235823263,,1175.5,1319.0,6.453544235823263,0,1,1,,0.0,1.0,,0.0,0.0,0.0,1137.0092456379848,,,804.0076327476531,1831.0653556907457,1137.0092456379848,658.9392379688749,199.19422948787462,352.65965945209473
444,raspberrypi,190.0,2023-08-09,21:10:01,Whole,1265.4299269233945,,4.427283723802963,,1096.75,1433.0,4.427283723802963,0,1,1,,0.0,1.0,,0.0,0.0,0.0,1131.5780340617703,,,928.7287312161423,1924.3620013047005,1131.5780340617703,608.6855400074534,213.29274252475682,308.5193479019715
445,raspberrypi,300.0,2023-08-09,21:10:01,Whole,489.15525116881923,1.0,4.085072015483827,174.34189743521048,2515.1666666666665,1229.25,3.94621113978941,0,3,3,3434.805597381089,0.0,0.9743589743589743,,0.01282051282051282,0.0,0.0,1056.66684860549,,,229.75370261476527,656.4744167149917,1056.66684860549,1212.9846913502145,1003.9618163085759,607.3751814754235
446,raspberrypi,309.0,2023-08-09,21:10:01,Whole,482.0006869476106,1.0,3.3266321064652997,48.901106057006466,2513.121875,1753.18125,5.032892075076991,0,35,40,2440.997354367209,0.21794871794871795,0.5,,0.0,0.21794871794871795,0.0,979.1941165043572,,,774.3300522982531,879.4017575807453,979.1941165043572,1009.7849025290806,1144.4808105143006,312.9964297492926
447,raspberrypi,316.0,2023-08-09,21:10:01,Whole,550.2989262655279,0.9841269841269841,5.498884843712685,16.943929441023368,1805.8923076923077,1778.075,5.526787766283159,1,67,65,293.6554007038672,0.10256410256410256,0.20512820512820512,,0.0,0.10256410256410256,0.14102564102564102,764.9405460353258,,,732.087560641825,1395.103244046972,764.9405460353258,378.118690253515,246.23466546386925,254.695751246324
448,raspberrypi,430.0,2023-08-09,21:10:01,Whole,980.0136485298044,,6.233931883154299,,3129.75,2250.5,4.809880800370166,0,2,1,,0.01282051282051282,0.9871794871794872,,0.0,0.01282051282051282,0.0,1356.9526759797798,,,1418.4968077767628,992.2368094323281,1356.9526759797798,1577.065305817244,1376.8812461505545,169.00049850891045
449,raspberrypi,441.0,2023-08-09,21:10:01,Whole,753.9946970511912,0.0,3.669643353611978,,3010.565,1326.615,5.611713698253021,0,37,25,0.02966239221023285,0.0,0.6794871794871795,,0.0,0.0,0.0,1215.0335407270775,,,665.2334943479535,397.8110909079176,1215.0335407270775,1582.919053662985,1473.3987878751063,379.7878395816965
450,raspberrypi,524.0,2023-08-09,21:10:01,Whole,595.6785443905685,,0.035502562317934395,,1745.5,1713.25,0.035502562317934395,1,1,1,,0.0,1.0,,0.0,0.0,0.0,767.9419062001377,,,692.867933035933,1417.7722684870357,767.9419062001377,366.1861984897445,266.2843462608418,214.28519511315767
451,raspberrypi,525.0,2023-08-09,21:10:01,Whole,651.4589072290571,,3.887324937354391,,2717.5,1140.0,1.7916557252823726,0,3,1,,0.0,1.0,,0.0,0.0,0.0,1137.841709100895,,,317.81114747590567,508.6662434777232,1137.841709100895,1419.2158076352946,1245.8059217770178,363.3026367311493
452,raspberrypi,542.0,2023-08-09,21:10:01,Whole,1051.3662364778188,0.0,4.406888990788732,,3387.5625,1585.85,2.369585131652565,0,21,10,0.0,0.0,0.8717948717948718,,0.0,0.0,0.0,1442.9637886773967,,,1122.6836532381762,510.17779117422094,1442.9637886773967,1859.5455743410155,1733.7470982279535,594.0819225960311
453,raspberrypi,896.0,2023-08-09,21:10:01,Whole,910.6940399104122,,4.310493477173575,,2986.5,2311.75,2.4755814049082514,0,2,1,,0.01282051282051282,0.9871794871794872,,0.0,0.01282051282051282,0.0,1285.8037680930854,,,1398.4601620156666,1069.5892010151267,1285.8037680930854,1447.7407707456578,1233.8541988362522,115.41697841629323
454,raspberrypi,128.0,2023-08-10,09:40:01,Whole,1824.7244049187739,,9.854136631319031,,3174.1666666666665,207.66666666666666,9.854136631319031,0,2,3,,0.0,0.9508196721311475,,0.0,0.0,0.0,1843.5094003127122,,,824.3842567430178,565.3473399959718,1843.5094003127122,2368.2019305741946,2085.660889691778,370.32544537807865
455,raspberrypi,305.0,2023-08-10,09:40:01,Whole,440.3469028767965,,2.47657997733981,,2518.25,2075.0,2.47657997733981,0,1,1,,0.0,1.0,,0.0,0.0,0.0,970.3715005245688,,,1004.4083253697615,1047.4085993308959,970.3715005245688,961.3249451311386,788.3719250082848,228.3450412030389
456,raspberrypi,307.0,2023-08-10,09:40:01,Whole,1669.248526508204,,,,1289.25,2126.5,,0,0,1,,0.01639344262295082,0.9836065573770492,,0.0,0.01639344262295082,0.01639344262295082,883.9039704715789,,,1277.7672997988473,1983.9684349761353,883.9039704715789,249.02587958777136,49.43107471278984,58.15411147635787
457,raspberrypi,308.0,2023-08-10,09:40:01,Whole,468.1949384526359,,2.0091530863207376,,2878.75,1557.25,2.0091530863207376,0,1,1,,0.0,0.9836065573770492,,0.0,0.0,0.0,1112.134288683911,,,714.2389657062852,510.19886894647266,1112.134288683911,1381.2000790428438,1256.723088038735,387.953636873243
458,raspberrypi,310.0,2023-08-10,09:40:01,Whole,1711.942633840719,,9.774487438958966,,1248.75,1880.25,9.774487438958966,0,1,1,,0.01639344262295082,0.9836065573770492,,0.0,0.01639344262295082,0.01639344262295082,880.9764330644446,,,1104.7666218382967,1913.2469675289854,880.9764330644446,274.8779689241995,87.38492336415013,85.82305617316239
459,raspberrypi,316.0,2023-08-10,09:40:01,Whole,288.25216962351715,1.0,6.690663579564942,24.396380049478317,3116.6554878048782,2243.432926829268,2.496383037020514,0,13,41,870.2566251724476,0.5409836065573771,0.3442622950819672,,0.0,0.5409836065573771,0.0,1347.0405211182347,,,1407.513987604205,988.7820515994205,1347.0405211182347,1564.333868738827,1344.0949817682383,147.30270400216537
460,raspberrypi,319.0,2023-08-10,09:40:01,Whole,169.62200655554875,0.84,3.785724280559609,20.7892972960524,2845.0046296296296,1906.9953703703704,2.47657997733981,0,14,27,267.48721482738364,0.4426229508196721,0.5573770491803278,,0.0,0.4426229508196721,0.0,1079.3826590172719,,,977.950206504677,746.8909714446346,1079.3826590172719,1284.0465345986393,1119.9025464643912,18.176752765473367
461,raspberrypi,470.0,2023-08-10,09:40:01,Whole,565.2320280402885,,3.4183926423206468,,2555.25,2418.75,2.8083654737790633,0,2,1,,0.0,1.0,,0.0,0.0,0.0,1125.5336513479751,,,1346.954985035234,1308.5378564831028,1125.5336513479751,1066.1844867556385,813.2420839140998,327.38903642145965
462,raspberrypi,818.0,2023-08-10,09:40:01,Whole,692.7246590924459,,,,2927.75,1327.0,,0,0,1,,0.0,0.9836065573770492,,0.0,0.0,0.0,1172.6134717350249,,,597.04209273474,428.37142781398853,1172.6134717350249,1508.3262597399937,1401.1514419597263,400.18541378184466
463,raspberrypi,17.0,2023-08-10,08:40:01,Whole,2045.0724732231085,,,,876.5,305.5,,0,0,1,,0.0,1.0,,0.0,0.0,0.0,1964.141195682324,,,1055.7897362721098,2184.0610678309968,1964.141195682324,1704.6743387154945,1217.8866547850373,1404.1175967298573
464,raspberrypi,80.0,2023-08-10,08:40:01,Whole,411.7532045476042,,1.4857659222077964,,2899.25,762.25,1.132556221467616,0,2,1,,0.020833333333333332,0.9791666666666666,,0.0,0.020833333333333332,0.0,1345.5344022124789,,,394.4972496226814,410.99054345825243,1345.5344022124789,1789.775369245942,1556.4778113005232,81.958520564474
465,raspberrypi,299.0,2023-08-10,08:40:01,Whole,822.0961047716044,,1.2535760376469662,,2193.25,531.0,1.2535760376469662,0,1,1,,0.0,0.9791666666666666,,0.020833333333333332,0.0,0.0,1409.3250314576946,,,0.0,936.9224067295343,1409.3250314576946,1537.6702020893615,1149.939031617975,824.8262460610696
466,raspberrypi,304.0,2023-08-10,08:40:01,Whole,965.5128512153533,,6.972454252536514,,3092.25,2042.75,6.972454252536514,0,1,1,,0.020833333333333332,0.9791666666666666,,0.0,0.020833333333333332,0.0,1261.1961802626474,,,1226.1143938641696,790.1408023419497,1261.1961802626474,1522.9724504701426,1358.0560242248446,92.30377824167417
467,raspberrypi,306.0,2023-08-10,08:40:01,Whole,566.6703618311856,1.0,3.5725265992541795,42.70003246238723,2581.9453125,731.015625,3.765628427205035,2,11,32,963.2429295287001,0.20833333333333334,0.3333333333333333,,0.4375,0.20833333333333334,0.0,1321.6835120636113,,,196.09902504298375,641.4477061993382,1321.6835120636113,1604.8234220575114,1125.6391421067688,636.048363322376
468,raspberrypi,307.0,2023-08-10,08:40:01,Whole,1023.2274654396373,1.0,8.106409888901291,36.664430990740776,3090.375,2095.676470588235,8.106409888901291,0,2,17,291.41455013355466,0.22916666666666666,0.6458333333333334,,0.0,0.22916666666666666,0.0,1278.715660885796,,,1272.8901080489622,852.5107629522163,1278.715660885796,1523.7686525358338,1374.110232157099,113.61262345016652
469,raspberrypi,315.0,2023-08-10,08:40:01,Whole,596.2647931162148,1.0,2.8029546275962907,10.494707660954111,3260.25,847.75,3.765628427205035,0,5,4,5.752531493052662e-26,0.08333333333333333,0.9166666666666666,,0.0,0.08333333333333333,0.0,1468.2401330743378,,,756.8875117793971,385.1458941941909,1468.2401330743378,2026.0349689085842,1853.2616824588017,45.536642042440036
470,raspberrypi,812.0,2023-08-10,08:40:01,Whole,657.5636987871342,,0.20322956272808151,,2266.375,689.875,0.20322956272808151,2,2,2,,0.0,0.9583333333333334,,0.041666666666666664,0.0,0.0,1298.5418615401375,,,0.0,840.0408620045753,1298.5418615401375,1434.805655028672,1080.2598183272985,715.4301558733923
471,raspberrypi,128.0,2023-08-09,18:45:01,Whole,593.6474440698112,,4.926352864896552,,2272.5,2134.25,4.302650462913189,0,2,1,,0.0,1.0,,0.0,0.0,0.0,904.649574784653,,,1022.3970214565186,1240.6077025169525,904.649574784653,730.2080278125164,535.5900198355553,475.06055652432315
472,raspberrypi,216.0,2023-08-09,18:45:01,Whole,1752.6665692817594,,10.439277052696323,,1423.0,3003.0,9.068624089252266,0,3,1,,0.0,1.0,,0.0,0.0,0.0,1463.0154112331666,,,2011.9742380044486,2420.1426647977382,1463.0154112331666,921.6280086731517,651.6439955102239,648.6165531620933
473,raspberrypi,305.0,2023-08-09,18:45:01,Whole,934.9655864082602,1.0,4.504995891816415,42.980480297970665,2854.25,1046.953125,1.3426000930513653,1,20,8,1789.296573915048,0.0379746835443038,0.9113924050632911,,0.0,0.0379746835443038,0.0,1216.587555123689,,,398.1247818502568,436.36214641203725,1216.587555123689,1583.5750328403676,1388.0088223858302,209.4919297364481
474,raspberrypi,308.0,2023-08-09,18:45:01,Whole,1126.0221212850781,,5.401581939348651,,3278.0,939.5,1.0384723847209154,0,4,1,,0.012658227848101266,0.9873417721518988,,0.0,0.012658227848101266,0.0,1453.4319574295937,,,783.5097808220371,385.8652649769283,1453.4319574295937,1993.3156135640954,1840.4509624196844,92.08422273794669
475,raspberrypi,309.0,2023-08-09,18:45:01,Whole,226.8047922475166,1.0,4.719197723667189,31.754189701474527,2990.09375,2032.9479166666667,1.916213247620708,0,37,12,105.5340117864485,0.1518987341772152,0.8481012658227848,,0.0,0.1518987341772152,0.0,1199.2112678922729,,,1168.6200115611898,804.976163639385,1199.2112678922729,1426.887258989671,1339.5019241743635,103.56325935548347
476,raspberrypi,310.0,2023-08-09,18:45:01,Whole,824.6689889831698,0.9230769230769231,7.957060003117437,43.26393486450807,3039.7911392405063,2718.5696202531644,2.6982638953104185,0,196,79,1473.0663364583502,0.0,0.08860759493670886,,0.0,0.0,0.0,1574.824635755129,,,1810.759943741442,1485.7117571636074,1574.824635755129,1644.0447284933182,1466.3678119060075,593.197135807678
477,raspberrypi,311.0,2023-08-09,18:45:01,Whole,442.4010374103285,0.32894736842105265,6.46981781516084,24.192910500453813,3115.1233766233768,2328.4496753246754,2.3024668024675154,0,192,77,216.4385257824126,0.12658227848101267,0.6835443037974683,,0.0,0.12658227848101267,0.0,1380.812148779346,,,1476.8911486727159,1070.876137718427,1380.812148779346,1576.1401722487483,1364.7577493387698,216.97142250806863
478,raspberrypi,314.0,2023-08-09,18:45:01,Whole,1006.3106504147173,1.0,3.768380372187329,17.684300166265743,3060.4829545454545,998.3181818181819,2.7888959981942127,1,62,22,98.05855978534751,0.27848101265822783,0.7215189873417721,,0.0,0.27848101265822783,0.0,1316.4803852879277,,,584.436457861908,376.1384518271787,1316.4803852879277,1781.8775996411239,1621.0096562220947,78.60116346974227
479,raspberrypi,315.0,2023-08-09,18:45:01,Whole,1206.1163798847354,0.6428571428571429,6.0039900878270025,5.085946007509505,2577.3944444444446,803.8083333333333,6.713521688114974,0,125,45,22.349529930000944,0.0,0.43037974683544306,,0.5569620253164557,0.0,0.0,1258.2538171949532,,,76.21312456901781,588.7225815928466,1258.2538171949532,1531.8363399987122,1258.0403091461178,395.9521204484014
480,raspberrypi,316.0,2023-08-09,18:45:01,Whole,1055.3553747251315,0.0,6.651444228121504,,1791.514423076923,1926.0288461538462,6.76710543552694,0,69,26,0.013757876095704596,0.0,0.6708860759493671,,0.0,0.0,0.3291139240506329,744.9050828989184,,,873.7056658476952,1472.3898401038023,744.9050828989184,308.61057210999786,120.53529316100825,214.7761218705533
481,raspberrypi,425.0,2023-08-09,18:45:01,Whole,1423.7605745111914,,8.703279917214768,,1923.25,894.5,5.3690621179469264,0,3,1,,0.0,0.9873417721518988,,0.012658227848101266,0.0,0.0,1172.5965383300618,,,0.0,1113.4125099213609,1172.5965383300618,1099.30711374514,697.3782669282984,834.3285226078161
482,raspberrypi,638.0,2023-08-09,18:45:01,Whole,724.7420151560403,,4.667763285436114,,2834.75,1254.5,1.8702169717614838,0,4,1,,0.0,1.0,,0.0,0.0,0.0,1146.7743191875463,,,479.2214606550286,460.73370555239256,1146.7743191875463,1458.6166908701762,1332.7791326185538,373.2709011880539
483,raspberrypi,657.0,2023-08-09,18:45:01,Whole,1184.1582546977418,,6.790299148998923,,2173.75,1004.0,2.3426211195553766,0,3,1,,0.0,0.9873417721518988,,0.012658227848101266,0.0,0.0,1102.1742073723165,,,0.0,894.8826212945094,1102.1742073723165,1126.329256269393,808.122458202603,812.0458295724661
484,raspberrypi,42.0,2023-08-09,19:15:01,Whole,1707.508913448985,,,,3378.75,1518.5,,0,0,1,,0.0,0.9807692307692307,,0.0,0.0,0.0,1437.8640047788615,,,1079.1165096472685,476.5058475988659,1437.8640047788615,1866.365282583534,1741.107720921174,622.177920012126
485,raspberrypi,305.0,2023-08-09,19:15:01,Whole,667.9726219398829,0.23529411764705882,6.857982217081016,13.439084605715635,1764.9166666666667,2706.1458333333335,5.3449260395651015,0,28,18,75.9201860326632,0.0,0.9230769230769231,,0.0,0.0,0.0,1142.980925729267,,,1634.2800947778721,1979.2762528280045,1142.980925729267,669.8386728908405,342.87381627760993,337.05338431588166
486,raspberrypi,306.0,2023-08-09,19:15:01,Whole,810.1497216829993,0.72,6.2321444451056935,17.34096002924985,982.0787037037037,2289.0138888888887,4.210740220296512,0,17,27,199.0877240652867,0.0,0.6538461538461539,,0.0,0.0,0.0,1201.9639131765457,,,1591.045949861507,2321.4324455018477,1201.9639131765457,547.9854496957794,333.7834376259873,326.53884269732544
487,raspberrypi,309.0,2023-08-09,19:15:01,Whole,1904.0727032119248,1.0,11.634215966019099,48.51249994138842,3052.75,647.75,9.282324072020847,0,8,3,3168.949698873578,0.057692307692307696,0.9423076923076923,,0.0,0.057692307692307696,0.0,1455.3688398340403,,,558.4301862911317,373.92274343947344,1455.3688398340403,1979.2706986331832,1720.5010566103008,64.12226326041467
488,raspberrypi,314.0,2023-08-09,19:15:01,Whole,381.64999072758746,,3.3717726713794884,,1927.0,1699.0,1.4843293214852338,0,2,1,,0.0,1.0,,0.0,0.0,0.0,792.630333026625,,,616.9493941082615,1259.718172136134,792.630333026625,494.8061185319375,378.06059549124194,393.5657948580483
489,raspberrypi,316.0,2023-08-09,19:15:01,Whole,378.8978469416017,0.0,5.037882984433388,,1640.4264705882354,1676.3014705882354,5.345179416437766,0,26,17,0.012326411181032464,0.3269230769230769,0.6730769230769231,,0.0,0.3269230769230769,0.3269230769230769,776.8105273947125,,,709.5033944581862,1494.7117794172445,776.8105273947125,334.55660772183575,157.16983195720445,106.25277080754445
490,raspberrypi,319.0,2023-08-09,19:15:01,Whole,1383.5229121419086,1.0,0.8393543597704369,15.225770111007018,3029.1704545454545,1506.1477272727273,0.8393543597704369,1,1,11,81.15120086307269,0.0,0.7884615384615384,,0.0,0.0,0.0,1201.0628833470246,,,787.3309368871024,449.64340440641666,1201.0628833470246,1537.6449135885257,1416.2117054132764,470.5832795573416
491,raspberrypi,470.0,2023-08-09,19:15:01,Whole,1401.0211456231998,,0.8393543597704369,,2983.5,1369.75,0.8393543597704369,1,1,1,,0.0,0.9807692307692307,,0.0,0.0,0.0,1193.4019670612429,,,667.2657763386317,411.7485043208759,1193.4019670612429,1541.650873336921,1430.0117106169514,427.2139473483534
492,raspberrypi,657.0,2023-08-09,19:15:01,Whole,1116.1898136869306,,,,2173.75,1004.75,,0,0,1,,0.0,0.9807692307692307,,0.019230769230769232,0.0,0.0,1101.7560667464866,,,0.0,894.9039595107515,1101.7560667464866,1125.7330761466321,807.6982221224955,812.1853450979642
493,raspberrypi,666.0,2023-08-09,19:15:01,Whole,259.31767972880016,,3.2553919143441776,,1544.25,1883.5,3.2553919143441776,0,1,1,,0.019230769230769232,0.9807692307692307,,0.0,0.019230769230769232,0.019230769230769232,733.3131353899873,,,936.8695035800342,1658.2990639176867,733.3131353899873,198.62133837855995,101.12332113278671,5.891242851519436
494,raspberrypi,987.0,2023-08-09,19:15:01,Whole,1281.3296734996268,,,,3029.25,2144.0,,0,0,1,,0.019230769230769232,0.9807692307692307,,0.0,0.019230769230769232,0.0,1243.6647407730939,,,1274.617714712677,898.8403926979058,1243.6647407730939,1466.211960186855,1282.5408564367435,31.848647043530406
495,raspberrypi,250.0,2023-08-09,22:10:01,Whole,1238.1076790812663,,7.228767089914312,,1662.0,488.5,7.228767089914312,0,1,1,,0.0,1.0,,0.0,0.0,0.0,1507.5877163807124,,,264.1936284477504,1412.157446702721,1507.5877163807124,1424.8552058821172,952.2612803079476,1132.212282806767
496,raspberrypi,309.0,2023-08-09,22:10:01,Whole,350.9320317353444,1.0,7.228767089914312,19.41468516355596,3098.3571428571427,744.0357142857143,7.228767089914312,0,1,7,7.333250974934526e-27,0.5,0.5,,0.0,0.5,0.0,1421.2086975898649,,,598.2847832879734,372.2666974899097,1421.2086975898649,1954.683447225555,1773.0325405200938,5.894047099147016
497,raspberrypi,310.0,2023-08-09,22:10:01,Whole,1267.6006698332494,1.0,,58.11034761554951,2971.75,2197.875,,0,0,2,,0.14285714285714285,0.8571428571428571,,0.0,0.14285714285714285,0.0,1224.8607695794371,,,1291.5514161135786,962.8821895495118,1224.8607695794371,1415.4104671165521,1221.1026944416867,20.117331533503233
498,raspberrypi,317.0,2023-08-09,22:10:01,Whole,322.022665219971,,,,2928.1666666666665,911.5833333333334,,0,0,3,,0.0,0.8571428571428571,,0.0,0.0,0.0,1338.1318804686523,,,489.17993862888153,431.0989278516978,1338.1318804686523,1743.9942020712022,1639.962724534564,251.49623426041046
499,raspberrypi,441.0,2023-08-09,22:10:01,Whole,451.52830752899644,,,,3265.5,966.75,,0,0,1,,0.07142857142857142,0.9285714285714286,,0.0,0.07142857142857142,0.0,1437.809588787898,,,775.2633334667685,382.46240068164445,1437.809588787898,1969.02207123828,1820.4738473094349,97.15733594850651
500,raspberrypi,683.0,2023-08-09,22:10:01,Whole,2037.5074232993607,,,,877.25,309.75,,0,0,1,,0.0,1.0,,0.0,0.0,0.0,1960.6633011314432,,,1053.6173409226847,2182.240076193879,1960.6633011314432,1700.4321278815403,1213.6936475725995,1399.8604409595982
501,raspberrypi,304.0,2023-08-10,01:20:01,Whole,355.1604859779876,0.6,4.3772288153354575,19.048617182116825,2418.3097826086955,1191.6902173913043,1.2132068627146662,1,80,23,169.96295320666812,0.0,0.7088607594936709,,0.24050632911392406,0.0,0.0,1043.2489288289523,,,144.26995855306865,717.302823173353,1043.2489288289523,1155.590572329662,953.5743616991585,629.6207356217327
502,raspberrypi,305.0,2023-08-10,01:20:01,Whole,846.9563968311062,0.9230769230769231,5.321349511775079,6.1011000599326906,3280.6724137931033,2023.176724137931,3.331032081582251,8,97,29,38.50184780197789,0.0,0.6329113924050633,,0.0,0.0,0.0,1401.4046327388965,,,1329.496244046303,771.1158281554274,1401.4046327388965,1708.9470158098236,1551.9870449569707,285.87537617800854
503,raspberrypi,306.0,2023-08-10,01:20:01,Whole,682.9609162623022,1.0,4.956429238211584,163.2204634839268,2524.796875,1805.171875,1.9040232716240753,3,57,16,16638.364769544238,0.012658227848101266,0.810126582278481,,0.02531645569620253,0.012658227848101266,0.0,1119.046463288448,,,852.2547403615765,1008.9931919918151,1119.046463288448,1160.7643119955167,863.2631341636961,448.9349409263158
504,raspberrypi,307.0,2023-08-10,01:20:01,Whole,1088.9943701344605,0.0,6.535028746667562,,3030.5865384615386,386.9519230769231,5.224369970943961,0,44,13,1.0704200678394773e-26,0.0,0.8354430379746836,,0.0,0.0,0.0,1639.138613878493,,,613.9602928276582,482.32760655336995,1639.138613878493,2140.691544940732,1863.825186957404,258.22588946389374
505,raspberrypi,309.0,2023-08-10,01:20:01,Whole,347.16839774013243,0.5692307692307692,3.6314981781777584,36.247223543780905,2810.582089552239,1111.7201492537313,2.6390391090528333,0,204,67,761.7034703191599,0.02531645569620253,0.5189873417721519,,0.06329113924050633,0.02531645569620253,0.0,1186.2356338701484,,,393.37917301590056,463.2038934709512,1186.2356338701484,1516.9333309468109,1345.5731949185858,283.9891031188678
506,raspberrypi,314.0,2023-08-10,01:20:01,Whole,225.50996152783475,0.2987012987012987,3.331435785708264,14.350760341286646,2755.1025641025644,1633.2804487179487,2.66436023334854,3,237,78,142.1905414800655,0.0,0.012658227848101266,,0.0,0.0,0.0,1044.183098715716,,,697.5977300273104,619.315081013996,1044.183098715716,1244.1344828508443,1111.0386759201529,311.3380723023357
507,raspberrypi,316.0,2023-08-10,01:20:01,Whole,738.7399309731657,1.0,5.454564875308631,3.281101187101672,3191.4,1958.775,2.8059702867556147,0,17,5,0.0,0.012658227848101266,0.9367088607594937,,0.0,0.012658227848101266,0.0,1319.634655596299,,,1222.2216153628463,700.6117854819406,1319.634655596299,1621.2387090734971,1474.8056077407484,216.04685405982136
508,raspberrypi,319.0,2023-08-10,01:20:01,Whole,463.4034873711317,0.6891891891891891,4.315447641256882,8.234029643715735,2238.565,1307.3866666666668,2.692121941415112,1,229,75,137.70399021776257,0.0,0.20253164556962025,,0.3670886075949367,0.0,0.0,964.2236531288628,,,196.37422181306306,878.9388419829645,964.2236531288628,949.2691414757916,734.3072715915964,781.73299501284
509,raspberrypi,542.0,2023-08-10,01:20:01,Whole,747.447042890364,1.0,3.5939898915402297,3.0906788766171336,3178.027777777778,1982.9166666666667,0.6497653291633879,8,35,9,1.5025690041538809e-25,0.06329113924050633,0.8860759493670886,,0.0,0.06329113924050633,0.0,1313.6327783149152,,,1231.8209819787032,724.1471491427537,1313.6327783149152,1607.5104887011173,1453.2523406439384,191.9789736384599
510,raspberrypi,987.0,2023-08-10,01:20:01,Whole,253.20195692211166,,1.9388934778012459,,2635.5,1172.0,1.304698553323297,0,4,1,,0.0,1.0,,0.0,0.0,0.0,1102.389347447779,,,270.96863939377005,561.8123282045406,1102.389347447779,1335.103961171172,1158.1148965241064,447.57732177765877
511,raspberrypi,17.0,2023-08-10,09:35:01,Whole,1495.0328830688154,,2.705068022635794,,1354.25,1951.5,2.705068022635794,0,1,1,,0.027777777777777776,0.9722222222222222,,0.0,0.027777777777777776,0.027777777777777776,802.7474109027703,,,1096.570647193197,1849.8947159649524,802.7474109027703,201.21921022189088,30.843819436764676,0.0
512,raspberrypi,300.0,2023-08-10,09:35:01,Whole,747.1888117270606,,8.369704851795245,,2950.5,1200.5,8.369704851795245,0,1,1,,0.0,1.0,,0.0,0.0,0.0,1210.1414516427756,,,549.3132423308255,407.2535903428517,1210.1414516427756,1584.2450766381664,1456.9282847461043,273.3804773508046
513,raspberrypi,307.0,2023-08-10,09:35:01,Whole,770.2413739187128,1.0,7.556342384569512,104.48803910229385,2738.4347826086955,2510.429347826087,8.488323431063035,0,4,23,12410.290840171363,0.05555555555555555,0.3888888888888889,,0.0,0.05555555555555555,0.05555555555555555,1337.762441692094,,,1570.4313682744003,1396.5509904619691,1337.762441692094,1320.1911736341583,1215.4162457046375,294.78277351502607
514,raspberrypi,308.0,2023-08-10,09:35:01,Whole,1254.392898151212,0.0,9.117484890573246,,2946.0416666666665,690.1666666666666,9.382997710235623,0,7,12,2.087939587309958e-25,0.3333333333333333,0.6666666666666666,,0.0,0.3333333333333333,0.0,1397.8463413467334,,,446.8713086391029,395.7203550320602,1397.8463413467334,1871.7120473934394,1628.9327860129702,79.39296919429454
515,raspberrypi,315.0,2023-08-10,09:35:01,Whole,638.6851091891851,1.0,9.628027770815665,126.8700251753233,3187.875,2426.28125,9.682527510361576,0,6,8,19.940608459417067,0.0,0.8055555555555556,,0.0,0.0,0.0,1501.1779620852608,,,1610.7565305725175,1170.8858210709645,1501.1779620852608,1688.6171436275447,1455.7293536313139,347.89602396719243
516,raspberrypi,682.0,2023-08-10,09:35:01,Whole,1250.3568428654805,,10.543654653516185,,2921.0,692.5,10.543654653516185,0,1,1,,0.027777777777777776,0.9722222222222222,,0.0,0.027777777777777776,0.0,1389.9832005330177,,,421.69145339175765,404.25404158439943,1389.9832005330177,1851.6577289780325,1608.499688925304,97.10032482501727
517,raspberrypi,304.0,2023-08-09,20:40:01,Whole,667.1374737560627,0.0,5.7295233226473625,,1921.451754385965,1631.5745614035088,5.907636665251115,0,109,57,0.07259069170177328,0.0,1.0,,0.0,0.0,0.0,808.1015500353607,,,553.6549295625343,1238.1914111597875,808.1015500353607,525.3851019813646,404.58340480512567,389.3962298410165
518,raspberrypi,306.0,2023-08-09,20:40:01,Whole,1208.8946650547516,0.59375,6.98174644962979,17.222867580230016,1023.625,2199.6742424242425,4.183718334089458,0,72,33,216.69055980078062,0.0,0.7564102564102564,,0.0,0.0,0.0,1133.3944576139606,,,1496.24439120559,2245.04711311631,1133.3944576139606,482.88559790749576,311.9402967437037,320.73912931976696
519,raspberrypi,307.0,2023-08-09,20:40:01,Whole,1179.0486522652195,,7.000622334069175,,3111.0,1438.0,6.22100488849419,0,2,1,,0.0,0.9871794871794872,,0.0,0.0,0.0,1257.617460042159,,,810.7446448765033,415.6140739263485,1257.617460042159,1635.292001367823,1516.9012961487865,484.8221940303994
520,raspberrypi,309.0,2023-08-09,20:40:01,Whole,862.1308868882248,0.9859154929577465,6.615450581719736,41.79457825220517,2565.7204861111113,2668.6197916666665,3.524846836184351,4,128,72,2265.7017388881604,0.14102564102564102,0.10256410256410256,,0.0,0.14102564102564102,0.14102564102564102,1383.654704487753,,,1701.9657281852387,1630.5917707304036,1383.654704487753,1263.8841745069974,1262.6954996934357,466.9817421196019
521,raspberrypi,310.0,2023-08-09,20:40:01,Whole,683.12710251618,1.0,7.6569829919974755,31.96011743035809,2910.6328125,2161.5546875,6.297355279197821,0,35,16,472.7331005404152,0.20512820512820512,0.7948717948717948,,0.0,0.20512820512820512,0.0,1174.5775590335002,,,1231.4706184196336,946.5311080675657,1174.5775590335002,1351.6783750186025,1147.2468206866884,0.0
522,raspberrypi,314.0,2023-08-09,20:40:01,Whole,1032.2539594495238,,5.1640570758675155,,1465.5,1530.0,2.417174506946344,0,5,2,,0.02564102564102564,0.9743589743589743,,0.0,0.02564102564102564,0.02564102564102564,872.9888000871165,,,699.6208697823174,1605.535903812763,872.9888000871165,399.0662283908087,0.0,76.55616600607746
523,raspberrypi,316.0,2023-08-09,20:40:01,Whole,899.324968288805,1.0,4.740520922167947,76.95849133728507,2812.15625,2881.7916666666665,1.2916492073704633,4,23,12,3417.0765471979203,0.0,0.8589743589743589,,0.0,0.0,0.0,1549.9871544042567,,,1874.3685279563854,1677.5169005831726,1549.9871544042567,1507.0511390872205,1234.8570430599746,688.9341819783316
524,raspberrypi,319.0,2023-08-09,20:40:01,Whole,986.7428320880083,1.0,4.4900217452707825,40.08002975943462,3201.9375,2276.125,1.5655464292111054,0,22,16,915.3908845649424,0.0,0.8076923076923077,,0.0,0.0,0.0,1430.7485880660201,,,1484.7611247897362,1018.1458783755456,1430.7485880660201,1659.6609922516072,1447.221604505683,285.73200901068765
525,raspberrypi,441.0,2023-08-09,20:40:01,Whole,1135.003098396958,,8.415228213028588,,2981.25,1371.0,5.638151465483439,0,3,1,,0.0,0.9871794871794872,,0.0,0.0,0.0,1192.0050581802277,,,666.1771925287562,412.76447685017627,1192.0050581802277,1539.1297721855383,1427.4393746683113,428.88865414120835
526,raspberrypi,700.0,2023-08-09,20:40:01,Whole,1220.1990939070715,,6.646022637672607,,2173.5,1003.75,6.646022637672607,0,1,1,,0.0,0.9871794871794872,,0.01282051282051282,0.0,0.0,1102.3007126230534,,,0.0,895.085691557578,1102.3007126230534,1126.3846227773192,808.057890308613,812.2451215488418
527,raspberrypi,767.0,2023-08-09,20:40:01,Whole,1219.9027220623877,,6.674337883998329,,2174.5,1004.0,3.4899441716312123,0,2,1,,0.0,0.9871794871794872,,0.01282051282051282,0.0,0.0,1102.2131969600448,,,0.0,894.2524057603525,1102.2131969600448,1126.759719569106,808.7408986235212,811.308875661798
528,raspberrypi,17.0,2023-08-10,04:10:01,Whole,1725.4624607039316,,11.300626007416309,,1961.625,503.375,11.300626007416309,0,1,2,,0.02564102564102564,0.9743589743589743,,0.0,0.02564102564102564,0.0,1692.2842233305505,,,800.7211759756317,1278.5234909661085,1692.2842233305505,1822.5470098824892,1466.6828596259807,709.0673298357635
529,raspberrypi,31.0,2023-08-10,04:10:01,Whole,899.3887239409081,,,,2518.25,877.5,,0,0,1,,0.0,0.9743589743589743,,0.02564102564102564,0.0,0.0,1207.4781066684463,,,25.144867625585448,624.947889272561,1207.4781066684463,1438.62659696498,1166.9459107367413,453.2198342565737
530,raspberrypi,106.0,2023-08-10,04:10:01,Whole,1923.07975908119,,,,1137.5,2781.75,,0,0,1,,0.0,1.0,,0.0,0.0,0.0,1401.564915516718,,,1920.320408511298,2471.7306986212757,1401.564915516718,786.7905684030871,528.3482517430018,524.6085928159999
531,raspberrypi,314.0,2023-08-10,04:10:01,Whole,175.48069248627593,1.0,6.307105734091676,75.12705423310813,2633.883333333333,1779.0083333333334,4.6132504907399925,0,3,15,1574.7749765317021,0.1282051282051282,0.6153846153846154,,0.0,0.1282051282051282,0.0,987.1011319195898,,,770.7455629846507,780.0768161415971,987.1011319195898,1097.5403437840735,970.5810381513695,301.88243846946756
532,raspberrypi,316.0,2023-08-10,04:10:01,Whole,596.7123207612643,0.8888888888888888,3.007440704118729,6.092713994265179,3023.95,2278.25,3.007440704118729,0,1,10,24.158052417735757,0.2564102564102564,0.7435897435897436,,0.0,0.2564102564102564,0.0,1294.6954918672648,,,1387.152931693692,1030.641520483996,1294.6954918672648,1478.0798006428122,1270.3977061726564,106.28258698232436
533,raspberrypi,463.0,2023-08-10,04:10:01,Whole,733.6783626680655,,4.6132504907399925,,3389.25,1372.5,4.6132504907399925,0,1,1,,0.0,0.9743589743589743,,0.0,0.0,0.0,1455.7185741049582,,,1018.4476990877165,417.2367760610788,1455.7185741049582,1916.7791007176759,1799.3671137616855,494.9124365893614
534,raspberrypi,812.0,2023-08-10,04:10:01,Whole,311.97071717371074,1.0,,4.870102195256814,2923.0,1480.7083333333333,,0,0,12,11.453881662937388,0.0,0.6923076923076923,,0.0,0.0,0.0,1144.9224125284586,,,691.1576357765404,460.97853503051385,1144.9224125284586,1446.6040578955651,1323.6538876758457,460.8848703600852
535,raspberrypi,305.0,2023-08-09,19:30:01,Whole,909.2352582270153,0.17647058823529413,7.104277843118406,13.128329608551235,1608.7788461538462,2547.75,4.803758610132533,0,157,52,41.57194924626953,0.6153846153846154,0.34615384615384615,,0.0,0.6153846153846154,0.6153846153846154,1025.5677026653584,,,1521.4330932008156,1974.7602482175444,1025.5677026653584,476.83205926675083,171.58032094226883,171.58662663496972
536,raspberrypi,306.0,2023-08-09,19:30:01,Whole,597.3647749825443,1.0,5.273998400585804,24.816097256924937,2197.4962686567164,1585.5298507462687,4.057050019304865,0,181,67,510.36216107965754,0.0,0.16666666666666666,,0.0,0.0,0.0,888.448758721943,,,527.4677415871471,1008.1110520308614,888.448758721943,782.7986651023406,724.5874429098342,372.7366934466946
537,raspberrypi,307.0,2023-08-09,19:30:01,Whole,927.2108736546412,0.25,6.365334655158275,3.005203820042827,3255.1875,1759.9125,3.462364452301414,0,35,10,0.653366725653374,0.0,0.8717948717948718,,0.0,0.0,0.0,1346.3577942518957,,,1124.6204126863345,582.6515680920926,1346.3577942518957,1700.3515237079018,1555.4601713145864,369.56322039608096
538,raspberrypi,309.0,2023-08-09,19:30:01,Whole,860.2301118323477,0.0,6.241289854211568,,3015.4791666666665,2646.3044871794873,6.358590872662168,0,211,78,0.09594912571650786,0.0,1.0,,0.0,0.0,0.0,1488.2572306930447,,,1711.7285338461552,1394.6133559680352,1488.2572306930447,1571.95422075855,1311.482597762205,441.26014390831585
539,raspberrypi,310.0,2023-08-09,19:30:01,Whole,855.7739440080005,1.0,5.0406196974924,87.00064032754824,2423.475,1371.088888888889,3.1209840977031447,0,152,45,2699.0234594659582,0.15384615384615385,0.4358974358974359,,0.19230769230769232,0.15384615384615385,0.05128205128205128,1080.087497561195,,,502.1308322763537,867.7387126596218,1080.087497561195,1143.8130106517203,940.1423850880637,383.94903676900174
540,raspberrypi,314.0,2023-08-09,19:30:01,Whole,344.0163490770486,1.0,4.64180491314009,30.83388807132036,2087.4314516129034,1973.024193548387,2.29449308416064,0,102,31,366.2751269820271,0.01282051282051282,0.6410256410256411,,0.0,0.01282051282051282,0.0,823.8388888974212,,,874.172802071132,1274.5601007486262,823.8388888974212,560.9786024101093,349.41970907284025,263.7264091418368
541,raspberrypi,317.0,2023-08-09,19:30:01,Whole,1114.5539254789646,1.0,7.501957596757559,77.3098473675896,3098.375,1215.0,5.6459372954725975,0,10,2,,0.0,0.9743589743589743,,0.0,0.0,0.0,1283.7426952289175,,,688.2017359937139,374.09611756352,1283.7426952289175,1708.1252846243362,1596.530168009339,262.607745032519
542,raspberrypi,392.0,2023-08-09,19:30:01,Whole,1329.3643967087266,,8.710681450221786,,1436.25,3002.5,8.353608204438215,0,2,1,,0.0,1.0,,0.0,0.0,0.0,1458.546714309843,,,2007.2738937924828,2411.015401437667,1458.546714309843,920.0367726879308,650.3256586040011,647.3031596685032
543,raspberrypi,441.0,2023-08-09,19:30:01,Whole,332.80560411110855,,3.9364326322702983,,2053.5,2130.25,3.0510331158364137,0,3,1,,0.0,1.0,,0.0,0.0,0.0,838.1825707103624,,,1020.4737171766853,1386.8695718553956,838.1825707103624,524.6069055772929,326.3735721209389,275.6332298655493
544,raspberrypi,470.0,2023-08-09,19:30:01,Whole,250.70449926070157,,2.86425054187925,,2462.25,2303.25,2.0519131290652934,0,4,1,,0.0,1.0,,0.0,0.0,0.0,1032.4793525805815,,,1214.7441105668008,1256.3473555227135,1032.4793525805815,944.1764803627669,709.5782920254925,334.29910396738524
545,raspberrypi,812.0,2023-08-09,19:30:01,Whole,970.7477188791506,,6.7024896257226105,,3291.0,1730.75,4.9428112261582235,0,3,1,,0.0,0.9871794871794872,,0.0,0.0,0.0,1371.7614442776348,,,1132.2846233203525,570.8151923036596,1371.7614442776348,1739.5124635554876,1603.544827256849,421.10091269184295
546,raspberrypi,17.0,2023-08-09,20:05:01,Whole,566.3884408999505,,2.7070351547261025,,1202.5,1942.5,2.2296898328891945,0,2,1,,0.012658227848101266,0.9873417721518988,,0.0,0.012658227848101266,0.012658227848101266,918.4067931663418,,,1182.167721509275,1978.2053892596737,918.4067931663418,298.3425417806492,148.70727775597223,117.73289742508253
547,raspberrypi,31.0,2023-08-09,20:05:01,Whole,1079.0278756660327,,5.989569372041646,,2801.0,2309.75,2.6702073357791183,0,3,1,,0.012658227848101266,0.9873417721518988,,0.0,0.012658227848101266,0.0,1177.727347664727,,,1317.7238307404468,1115.3357699805479,1177.727347664727,1268.210095087131,1048.3689956171547,99.64045619015624
548,raspberrypi,37.0,2023-08-09,20:05:01,Whole,1055.0180738085944,,7.320723976432179,,1414.0,3002.5,4.779442119346822,0,3,1,,0.0,1.0,,0.0,0.0,0.0,1465.3831555563552,,,2014.4102553231805,2425.7511320762674,1465.3831555563552,921.9808405849535,651.8355859275632,648.8039603194208
549,raspberrypi,130.0,2023-08-09,20:05:01,Whole,493.31387250019526,,4.549521098087607,,1795.5,1515.25,2.2103806280416856,0,3,1,,0.0,1.0,,0.0,0.0,0.0,838.4705886875506,,,493.09065265960936,1307.4857444355503,838.4705886875506,519.4175768366226,267.8751858621728,296.85449515206835
550,raspberrypi,304.0,2023-08-09,20:05:01,Whole,1291.127597771072,1.0,6.166792107373454,5.153882032022076,3050.375,2130.75,1.1482506215059307,0,4,2,,0.02531645569620253,0.9746835443037974,,0.0,0.02531645569620253,0.0,1254.5839402001634,,,1274.8346051303215,882.34257854424,1254.5839402001634,1485.9320618464462,1304.8858384671112,48.74403759872534
551,raspberrypi,305.0,2023-08-09,20:05:01,Whole,826.4192132627627,,4.724988902795335,,1614.75,2820.25,4.646754991704455,0,2,1,,0.0,1.0,,0.0,0.0,0.0,1255.7525697118492,,,1780.857555300488,2160.5588507536704,1255.7525697118492,743.0990397400179,444.6730351029563,443.85225579670407
552,raspberrypi,306.0,2023-08-09,20:05:01,Whole,907.1834193636763,0.0,7.698980813238837,,888.1360759493671,2239.7072784810125,5.045738914096834,0,114,79,0.07114172201732992,0.0,1.0,,0.0,0.0,0.0,1263.582361720613,,,1612.60240132232,2378.7072487612695,1263.582361720613,608.2450524821176,463.3574941508871,472.21461516860876
553,raspberrypi,307.0,2023-08-09,20:05:01,Whole,1333.88333164514,1.0,4.923397545543508,63.73623352866467,2871.8915094339623,1713.5448113207547,6.8397584123876225,0,97,53,2146.4391352027687,0.10126582278481013,0.3291139240506329,,0.16455696202531644,0.10126582278481013,0.0,1273.3600048336207,,,893.9453246933151,828.6455221594588,1273.3600048336207,1484.5654114741267,1327.9581717310662,259.41913662949423
554,raspberrypi,308.0,2023-08-09,20:05:01,Whole,1259.7349092222585,1.0,6.170488216255248,20.63560333501301,3023.75,1956.875,1.207681668563802,0,6,3,0.0,0.0379746835443038,0.9620253164556962,,0.0,0.0379746835443038,0.0,1195.2405440561947,,,1116.446630801378,721.4829865209351,1195.2405440561947,1455.941308074164,1307.4739491085836,71.13293925041438
555,raspberrypi,311.0,2023-08-09,20:05:01,Whole,1282.348473656526,,6.054289797740482,,3022.25,2260.75,1.084274418282613,0,2,1,,0.012658227848101266,0.9873417721518988,,0.0,0.012658227848101266,0.0,1285.632581906272,,,1371.1043212730735,1013.7707690189301,1285.632581906272,1473.5538169389565,1269.2410245254664,92.89887868562613
556,raspberrypi,316.0,2023-08-09,20:05:01,Whole,85.070407374142,0.0,4.368322540026419,,1819.0286458333333,1941.9140625,5.044211099048769,0,88,48,0.026556240121735047,0.0,0.3924050632911392,,0.0,0.0,0.6075949367088608,750.0097474868609,,,880.3760592051199,1458.1124681184356,750.0097474868609,325.5279510022072,133.26368719122377,213.45171276638158
557,raspberrypi,441.0,2023-08-09,20:05:01,Whole,489.9006611137488,,4.007622891804159,,1787.75,1518.25,2.1994702069665464,0,3,1,,0.0,1.0,,0.0,0.0,0.0,837.1030925312455,,,499.3516827377171,1315.1280655906298,837.1030925312455,513.0676547674126,260.04840907603574,288.56874096057624
558,raspberrypi,767.0,2023-08-09,20:05:01,Whole,1083.580110235763,,9.201227074846623,,2174.25,1004.25,9.201227074846623,0,1,1,,0.0,0.9873417721518988,,0.012658227848101266,0.0,0.0,1102.060796145786,,,0.0,894.4695401147499,1102.060796145786,1126.4174989831251,808.3933352417998,811.6009897236098
559,raspberrypi,304.0,2023-08-09,20:50:01,Whole,572.1895203559054,1.0,4.198307166583508,13.41677580993795,1881.625,2025.375,1.2657858899565513,0,14,7,6.057971082329775,0.01282051282051282,0.9230769230769231,,0.0,0.01282051282051282,0.01282051282051282,788.9005097885703,,,945.0603536219187,1454.9819620791732,788.9005097885703,392.8149104453367,209.15424610189723,245.20513364631384
560,raspberrypi,306.0,2023-08-09,20:50:01,Whole,909.2496913136052,1.0,5.561116336139769,80.3399893508139,1615.625,832.875,2.3513224685731626,0,22,10,3.7739105705773205e-26,0.0,0.8846153846153846,,0.05128205128205128,0.0,0.0,1280.309332551114,,,249.64882087757078,1401.3208209345407,1280.309332551114,1097.3109115375294,608.1759562141817,785.6413393249766
561,raspberrypi,309.0,2023-08-09,20:50:01,Whole,715.1940983034043,0.0,4.7869691962471395,,1932.0416666666667,2203.7875,1.9754123785249667,0,61,30,0.10534953832729362,0.38461538461538464,0.6153846153846154,,0.0,0.38461538461538464,0.38461538461538464,830.9375862138072,,,1109.2653292615448,1520.1192923353146,830.9375862138072,431.071486151291,190.04629240015421,141.59827678305302
562,raspberrypi,314.0,2023-08-09,20:50:01,Whole,752.5529068257725,0.5945945945945946,4.513834696108139,44.0528879944518,2349.71,884.57,6.005486964413826,1,124,75,4158.617556094091,0.05128205128205128,0.038461538461538464,,0.8589743589743589,0.05128205128205128,0.0,1221.7322904358869,,,83.67041484968692,788.3321944368545,1221.7322904358869,1364.4152388000118,1077.9996172962194,629.8012453431144
563,raspberrypi,315.0,2023-08-09,20:50:01,Whole,437.95001746871293,,4.227238024722218,,1809.75,1787.75,1.9377665460644986,0,3,1,,0.0,1.0,,0.0,0.0,0.0,758.7943543605633,,,737.1826499400531,1393.9834688392036,758.7943543605633,370.247907837117,236.665954753451,274.556367961837
564,raspberrypi,319.0,2023-08-09,20:50:01,Whole,403.8260689407142,0.16883116883116883,3.6446500584380974,4.808118824012187,2167.796474358974,1929.753205128205,5.832882082438307,0,126,78,4.121138601191632,0.0,0.8333333333333334,,0.0,0.0,0.0,834.0345630568795,,,814.5570017690284,1183.6504653901582,834.0345630568795,630.4115442256046,451.90345419256386,453.235531599829
565,raspberrypi,542.0,2023-08-09,20:50:01,Whole,437.5636448461435,,3.413442683907,,1808.75,1785.75,2.059219008271295,0,3,1,,0.0,1.0,,0.0,0.0,0.0,758.9807382113037,,,735.6484390360793,1393.957164241065,758.9807382113037,370.43783341588033,237.77907346238067,274.6355329672378
566,raspberrypi,666.0,2023-08-09,20:50:01,Whole,521.3237824837829,,2.732548734289035,,2673.25,1623.5,0.43593756655896554,1,3,1,,0.0,1.0,,0.0,0.0,0.0,1009.614055232921,,,644.7989668184775,665.5574938276579,1009.614055232921,1169.7241992026259,1041.4715393694655,354.7771584760258
567,raspberrypi,812.0,2023-08-09,20:50:01,Whole,870.829247381462,,4.364647498820427,,1962.0,678.5,2.16590084301409,0,2,1,,0.0,0.9871794871794872,,0.01282051282051282,0.0,0.0,1315.7106024164666,,,0.0,1102.27526804261,1315.7106024164666,1311.9327089407059,895.2534101106439,1017.704015452984
568,raspberrypi,308.0,2023-08-09,21:20:01,Whole,487.7564607532169,1.0,,107.70832804299434,2646.275,988.525,,0,0,5,5036.679760243626,0.0,0.8461538461538461,,0.15384615384615385,0.0,0.0,1182.1652882442445,,,183.7608639632414,544.3661186066591,1182.1652882442445,1457.936125686763,1204.1271763652471,384.2983734253009
569,raspberrypi,316.0,2023-08-09,21:20:01,Whole,859.8901147667614,,3.797304469610354,,2804.25,2314.25,3.797304469610354,0,1,1,,0.038461538461538464,0.9615384615384616,,0.0,0.038461538461538464,0.0,1181.6639681060772,,,1323.1212360265854,1118.4296103823963,1181.6639681060772,1272.3079539760868,1051.755117074595,102.87675144008142
570,raspberrypi,425.0,2023-08-09,21:20:01,Whole,838.8217597671029,,,,3009.25,2256.5,,0,0,1,,0.038461538461538464,0.9615384615384616,,0.0,0.038461538461538464,0.0,1274.9443792412017,,,1360.9717099332595,1011.7675741673908,1274.9443792412017,1460.2048299893331,1256.2989338250325,81.26849000771549
571,raspberrypi,542.0,2023-08-09,21:20:01,Whole,198.71364445979296,0.0,3.797304469610354,,2912.8055555555557,1581.6527777777778,3.797304469610354,0,1,18,0.19606407637903533,0.0,0.3076923076923077,,0.0,0.0,0.0,1127.432864264798,,,755.3852022206543,501.22392999533344,1127.432864264798,1406.2961031083917,1283.4294873707402,373.26152410872675
572,raspberrypi,683.0,2023-08-09,21:20:01,Whole,2203.7460059062314,,,,877.0,311.0,,0,0,1,,0.0,1.0,,0.0,0.0,0.0,1959.8991092018766,,,1053.4222720079192,2182.1458949326015,1959.8991092018766,1699.347390185613,1212.6500527729838,1398.765368019174
573,raspberrypi,767.0,2023-08-09,21:20:01,Whole,739.5594598534854,,,,2174.5,1004.0,,0,0,1,,0.0,0.9615384615384616,,0.038461538461538464,0.0,0.0,1102.2131969600448,,,0.0,894.2524057603525,1102.2131969600448,1126.759719569106,808.7408986235212,811.308875661798
574,raspberrypi,37.0,2023-08-09,23:15:01,Whole,580.3179058556049,,,,2981.0,1373.25,,0,0,1,,0.0,0.9871794871794872,,0.0,0.0,0.0,1191.5071100599994,,,667.299148006947,413.1549455480357,1191.5071100599994,1538.0491494373528,1426.1946493892156,431.1428714985809
575,raspberrypi,250.0,2023-08-09,23:15:01,Whole,586.0331901883459,,4.5281542533372665,,2986.0,1370.25,2.762303088299653,0,2,1,,0.0,0.9871794871794872,,0.0,0.0,0.0,1194.6503149236057,,,669.5853941260623,410.87073558113104,1194.6503149236057,1543.7351996084144,1432.0115618702355,427.2143259611555
576,raspberrypi,300.0,2023-08-09,23:15:01,Whole,853.8740602477155,,6.366365510370016,,2896.0,2284.75,5.227764735964374,0,2,1,,0.01282051282051282,0.9871794871794872,,0.0,0.01282051282051282,0.0,1216.8891693554356,,,1333.5119944627875,1063.7527091297698,1216.8891693554356,1354.9218556421317,1142.9220544789084,63.111650446216146
577,raspberrypi,306.0,2023-08-09,23:15:01,Whole,976.6744483427246,0.29545454545454547,6.8507282405051315,15.050735057683111,3059.9601063829787,817.2526595744681,8.187078984011208,1,69,47,81.85119478340854,0.6025641025641025,0.3974358974358974,,0.0,0.6025641025641025,0.0,1373.0142966336787,,,555.9654332370974,374.1611383633821,1373.0142966336787,1879.9481629561524,1645.2554306025359,0.0
578,raspberrypi,311.0,2023-08-09,23:15:01,Whole,1458.882098776559,1.0,9.017362615944077,349.0414975965345,2409.1785714285716,2854.3214285714284,6.114828550145586,0,18,7,9508.135380015457,0.0,0.9230769230769231,,0.0,0.0,0.0,1494.3929341627675,,,1868.0612774849901,1841.8699945644667,1494.3929341627675,1315.0157171632875,916.3667866789766,615.8620941730769
579,raspberrypi,314.0,2023-08-09,23:15:01,Whole,537.2887760354729,1.0,5.856538850257858,56.508286446623245,2862.551470588235,1283.5735294117646,3.523771534674112,1,38,17,2442.803217057467,0.038461538461538464,0.782051282051282,,0.0,0.038461538461538464,0.0,1161.4875875005478,,,538.3701022200313,461.7999822286237,1161.4875875005478,1479.318691961722,1368.7910336412285,463.7153408735195
580,raspberrypi,316.0,2023-08-09,23:15:01,Whole,651.1073678941584,0.0,6.384478773930874,,1930.15,1979.27,8.18646443115506,0,71,75,0.15461416067730066,0.0,1.0,,0.0,0.0,0.0,776.0332460870684,,,888.9554155025637,1390.073266675281,776.0332460870684,410.71444911491045,220.78419621258683,247.71875472884247
581,raspberrypi,319.0,2023-08-09,23:15:01,Whole,1008.9950569761628,,12.1955094074034,,3441.5,1619.5,12.1955094074034,0,1,1,,0.0,0.9871794871794872,,0.0,0.0,0.0,1485.1026336747404,,,1186.1914436266848,533.746266526877,1485.1026336747404,1905.110564876081,1774.6086678010013,607.7987804031519
582,raspberrypi,336.0,2023-08-09,23:15:01,Whole,1361.0416256945232,,12.1955094074034,,1105.25,1271.5,12.1955094074034,0,1,1,,0.0,1.0,,0.0,0.0,0.0,1207.5668110528438,,,846.0537184018233,1891.1162967555124,1207.5668110528438,733.4152369049633,283.46415858679387,428.76648166406585
583,raspberrypi,106.0,2023-08-10,07:20:01,Whole,1553.2847283536778,,,,2984.25,2484.5,,0,0,1,,0.0,1.0,,0.0,0.0,0.0,1374.8805342545415,,,1551.7895652593668,1238.9619624831853,1374.8805342545415,1488.0136987254607,1247.2490771294367,276.5224318352434
584,raspberrypi,142.0,2023-08-10,07:20:01,Whole,744.0613158144948,,4.590754842975579,,2886.0,1669.5,4.590754842975579,0,1,1,,0.0,0.9803921568627451,,0.0,0.0,0.0,1105.3416814558057,,,804.2633464148807,559.3643424365134,1105.3416814558057,1358.6167954885775,1225.7457527503486,276.9618536313128
585,raspberrypi,304.0,2023-08-10,07:20:01,Whole,764.1482017380146,1.0,4.687755738620521,13.100572506573902,2901.875,1684.875,4.687755738620521,0,2,2,,0.0,0.9607843137254902,,0.0,0.0,0.0,1113.0012076078842,,,826.1960147729329,559.3061616676487,1113.0012076078842,1370.4248040460354,1236.4689683491238,264.1355338707583
586,raspberrypi,306.0,2023-08-10,07:20:01,Whole,437.68002028804034,,,,3019.25,793.75,,0,0,1,,0.0196078431372549,0.9803921568627451,,0.0,0.0196078431372549,0.0,1366.4391148422037,,,514.146970045045,377.9138378386265,1366.4391148422037,1861.906812600755,1650.7426649745964,0.0
587,raspberrypi,309.0,2023-08-10,07:20:01,Whole,152.96404910989256,0.3181818181818182,3.7727220661148277,2.7143937202077217,2649.627659574468,824.5372340425532,3.349762659874593,0,11,47,1.2144797461232755,0.0,0.0784313725490196,,0.9215686274509803,0.0,0.0,1258.269343055673,,,146.21509910081127,538.4579389361625,1258.269343055673,1566.6561585714924,1307.4121665305559,324.21011885621635
588,raspberrypi,316.0,2023-08-10,07:20:01,Whole,509.68938691703926,0.0,3.345635795547547,,2268.6666666666665,1343.0833333333333,3.3482119661699867,0,7,9,0.005374960987109433,0.0,1.0,,0.0,0.0,0.0,955.5578001474789,,,235.46036748237879,862.4002646580436,955.5578001474789,948.9758664735408,760.4764680834342,799.4770933073157
589,raspberrypi,987.0,2023-08-10,07:20:01,Whole,350.4455973351604,,2.4667418873156626,,2832.5,1253.5,2.4667418873156626,0,1,1,,0.0,1.0,,0.0,0.0,0.0,1146.0993387192166,,,476.8084122070282,461.6973494891675,1146.0993387192166,1457.1458587041159,1330.757937332013,373.5913082642769
590,raspberrypi,111.0,2023-08-10,12:05:02,Whole,400.09514577546156,,3.5401145024022447,,2772.5,1679.0,2.554354864822412,0,2,1,,0.0,0.987012987012987,,0.0,0.0,0.0,1047.4321778715855,,,744.7149165805449,631.2117718718957,1047.4321778715855,1248.277563183563,1114.8296868089847,271.8837534207988
591,raspberrypi,299.0,2023-08-10,12:05:02,Whole,1179.478152558903,1.0,5.975697950326741,38.13484707485014,2528.9791666666665,906.6736111111111,1.9037128261915468,0,37,18,1188.2480752237204,0.0,0.7662337662337663,,0.23376623376623376,0.0,0.0,1195.0610662496529,,,55.70436663201741,618.487821953121,1195.0610662496529,1426.177583634184,1190.0969453568632,437.85200709655203
592,raspberrypi,307.0,2023-08-10,12:05:02,Whole,801.7492595151936,1.0,4.781463518273991,70.0508677783917,2789.8690476190477,1223.4940476190477,1.9713335379281527,0,40,21,1852.893001301961,0.03896103896103896,0.7272727272727273,,0.0,0.03896103896103896,0.0,1153.1140888152233,,,461.05627203093735,510.8032225124989,1153.1140888152233,1448.2030568009714,1257.2411686920063,422.7783248825718
593,raspberrypi,316.0,2023-08-10,12:05:02,Whole,124.89236512991536,1.0,4.047133519941732,36.38745590115021,3030.660714285714,2021.6339285714287,2.201352167044525,0,22,14,1824.7584442274713,0.18181818181818182,0.8181818181818182,,0.0,0.18181818181818182,0.0,1217.4661332304117,,,1176.7650347281997,789.5135665379102,1217.4661332304117,1462.479069987038,1348.493402210316,100.48445774338164
594,raspberrypi,317.0,2023-08-10,12:05:02,Whole,491.90379940139974,0.039473684210526314,5.162080516622605,2.0912289807927724,3262.3376623376626,2406.6136363636365,4.666694377235973,0,56,77,0.20277236841297092,0.0,0.961038961038961,,0.0,0.0,0.0,1521.4270818146879,,,1621.845382790744,1150.2015421308815,1521.4270818146879,1734.3854891443355,1514.3434509012714,368.0429268324708
595,raspberrypi,425.0,2023-08-10,12:05:02,Whole,599.1218610871133,,4.477845007448118,,2784.25,1426.25,3.3259645926673005,0,2,1,,0.0,0.987012987012987,,0.0,0.0,0.0,1087.679377972416,,,553.954310372306,521.8673282911132,1087.679377972416,1339.6049682925038,1227.480666659593,520.3974421904121
596,raspberrypi,666.0,2023-08-10,12:05:02,Whole,415.9727002186838,,5.012292584873875,,3451.25,1822.75,3.168859482969197,0,3,1,,0.0,0.987012987012987,,0.0,0.0,0.0,1504.8767369441935,,,1314.3631199931917,641.1024739072031,1504.8767369441935,1886.1128580224288,1746.702997482494,505.83864560814936
597,raspberrypi,17.0,2023-08-10,05:15:01,Whole,2466.314939519278,,11.839989116626004,,876.5,306.0,11.839989116626004,0,1,1,,0.0,1.0,,0.0,0.0,0.0,1963.7802966849306,,,1055.6164080657918,2183.9290236952984,1963.7802966849306,1704.2057282568892,1217.4287654669104,1403.6461101930458
598,raspberrypi,127.0,2023-08-10,05:15:01,Whole,888.6258586212009,,3.9861557988451306,,3156.25,649.75,3.9861557988451306,0,1,1,,0.025,0.975,,0.0,0.025,0.0,1491.7194103309378,,,660.5191709462913,373.34334697380797,1491.7194103309378,2057.0406636722832,1836.5568480572917,15.703240956269212
599,raspberrypi,289.0,2023-08-10,05:15:01,Whole,472.2668438084377,0.0,0.00913232534627248,,3274.875,1924.625,0.00913232534627248,1,1,7,1.1637495475759631e-26,0.0,0.825,,0.0,0.0,0.0,1378.2847323351018,,,1253.2437905550287,672.6503173095992,1378.2847323351018,1704.9469169781948,1559.570978489753,303.23087043378075
600,raspberrypi,304.0,2023-08-10,05:15:01,Whole,998.4458705439093,,,,3217.75,549.25,,0,0,1,,0.025,0.975,,0.0,0.025,0.0,1592.9677372423466,,,739.1470599876343,394.59985164906465,1592.9677372423466,2167.443181102491,1937.5924486485314,26.209143411050455
601,raspberrypi,306.0,2023-08-10,05:15:01,Whole,706.681413354414,1.0,,9.351637557134044,3092.9375,829.4583333333334,,0,0,6,0.0,0.15,0.85,,0.0,0.15,0.0,1386.0454746377472,,,589.2315402163812,374.84741666526554,1386.0454746377472,1900.2450377746434,1663.0362529673614,0.0
602,raspberrypi,307.0,2023-08-10,05:15:01,Whole,460.26367110225254,1.0,5.45944250828397,56.62019936884802,3278.9375,1149.5,5.823718565087308,0,5,6,1314.542841789878,0.05,0.85,,0.0,0.05,0.0,1409.4965838552898,,,836.3885348703083,382.5536207015417,1409.4965838552898,1898.3517407452125,1770.7617001196695,261.9432691479974
603,raspberrypi,313.0,2023-08-10,05:15:01,Whole,207.7283100207784,1.0,6.769960705893657,23.0337296989086,2954.306818181818,1349.6818181818182,4.483737202209834,0,3,11,245.23523942731785,0.0,0.725,,0.0,0.0,0.0,1182.8562481328504,,,635.6040062555484,427.2530727984343,1182.8562481328504,1523.147262882155,1377.2016926266792,445.24183484106084
604,raspberrypi,316.0,2023-08-10,05:15:01,Whole,449.274694139276,,,,3253.75,1910.75,,0,0,1,,0.0,0.975,,0.0,0.0,0.0,1359.8445298504678,,,1228.5993773427044,657.2403536178598,1359.8445298504678,1684.753416272475,1540.55847154428,289.685172586867
605,raspberrypi,317.0,2023-08-10,05:15:01,Whole,685.1472145029599,1.0,4.749494541154498,8.909980645435812,3163.25,2197.25,4.749494541154498,0,2,8,1.5597200045848801e-25,0.2,0.8,,0.0,0.2,0.0,1361.3273087058965,,,1393.2300563748324,938.0971599862271,1361.3273087058965,1603.2667052797412,1412.2438336700534,175.94396690786448
606,raspberrypi,542.0,2023-08-10,05:15:01,Whole,471.9963067112306,,0.00913232534627248,,3276.5,1923.25,0.00913232534627248,1,1,1,,0.0,0.975,,0.0,0.0,0.0,1379.3364838516475,,,1253.384358156915,671.5625778787353,1379.3364838516475,1706.6145024223815,1561.4510527399775,305.2629887761477
607,raspberrypi,896.0,2023-08-10,05:15:01,Whole,650.1305919672913,0.0,5.903633136468777,,2531.6041666666665,1958.0,5.967667898616905,0,4,6,0.0,0.0,1.0,,0.0,0.0,0.0,952.616992620455,,,895.5145256569573,955.3195897843473,952.616992620455,974.2447245170574,817.3604735203872,239.22637375831903
608,raspberrypi,250.0,2023-08-10,03:20:01,Whole,707.8277664711485,,,,2540.5,1115.75,,0,0,1,,0.0,0.9473684210526315,,0.05263157894736842,0.0,0.0,1099.3275642450428,,,162.37451097140558,618.1904955736095,1099.3275642450428,1294.338620693699,1085.2429599146164,498.4186705532545
609,raspberrypi,306.0,2023-08-10,03:20:01,Whole,275.64802807993226,1.0,,51.37131660362952,3317.328125,1379.328125,,0,0,16,5853.2337723776955,0.15789473684210525,0.15789473684210525,,0.0,0.15789473684210525,0.0,1420.655615252692,,,962.6106188111603,447.74614970449875,1420.655615252692,1863.4580412146486,1778.0127381385096,467.98141731009486
610,raspberrypi,313.0,2023-08-10,03:20:01,Whole,510.3828016541866,,,,2846.0,992.5,,0,0,1,,0.05263157894736842,0.9473684210526315,,0.0,0.05263157894736842,0.0,1230.0624286082138,,,371.975948159874,434.622424362311,1230.0624286082138,1606.6517034796063,1414.5174834403124,172.04343533759572
611,raspberrypi,470.0,2023-08-10,03:20:01,Whole,750.3621333716547,,,,2477.5,1526.75,,0,0,1,,0.0,1.0,,0.0,0.0,0.0,955.2516123274953,,,470.53281903974715,759.4837537416605,955.2516123274953,1026.4732364457352,912.0312691447737,537.0535196526299
612,raspberrypi,304.0,2023-08-09,21:45:01,Whole,237.37023288686458,1.0,1.7503862014068619,66.74869103661915,2235.0,1085.0,1.644907734304185,0,8,8,1.4271019682718252e-26,0.0,0.8823529411764706,,0.10294117647058823,0.0,0.0,1068.951143693785,,,53.377801156438046,855.5443561598115,1068.951143693785,1105.216729158203,818.7524967318418,766.547685540175
613,raspberrypi,319.0,2023-08-09,21:45:01,Whole,177.3970947747647,0.6119402985074627,5.385313108234119,37.30783858155886,2362.1286764705883,864.2904411764706,1.7621465065095385,0,9,68,2106.618925045978,0.0,0.0,,0.9411764705882353,0.0,0.0,1208.0047512803228,,,22.916945243642182,751.3921669977693,1208.0047512803228,1363.2125521778144,1123.3497476823252,507.6305279212199
614,raspberrypi,896.0,2023-08-09,21:45:01,Whole,1740.766586548045,,9.020240015061376,,2794.25,2594.0,9.020240015061376,0,1,1,,0.0,1.0,,0.0,0.0,0.0,1335.544975477924,,,1581.5464872603548,1384.6646815763206,1335.544975477924,1349.9594969618531,1084.4033402773869,377.9246464760614
615,raspberrypi,31.0,2023-08-10,04:20:01,Whole,969.7256165910118,,4.1786880307042535,,3115.25,2028.25,3.117748959121996,0,4,1,,0.012658227848101266,0.9873417721518988,,0.0,0.012658227848101266,0.0,1275.2095474073622,,,1228.1865587677062,773.1036429171642,1275.2095474073622,1545.4403000792174,1383.12336658842,118.14566044753803
616,raspberrypi,305.0,2023-08-10,04:20:01,Whole,277.3414620587044,1.0,2.3385233293863337,37.81807922979089,2869.5625,1353.71875,1.1893218166200406,3,23,8,104.19586393080209,0.0,0.8987341772151899,,0.0,0.0,0.0,1141.1294129241435,,,570.607927916361,462.769045709122,1141.1294129241435,1447.1363209971894,1337.560216937396,447.25819865180256
617,raspberrypi,306.0,2023-08-10,04:20:01,Whole,512.0063494679521,1.0,1.9080261120795772,9.658097481190232,3053.453125,799.8203125,2.624068489442968,0,17,16,71.13898341997326,0.20253164556962025,0.7974683544303798,,0.0,0.20253164556962025,0.0,1377.3919499220233,,,548.5831039195086,373.17387345637854,1377.3919499220233,1885.194718411709,1679.0997891653287,0.0
618,raspberrypi,307.0,2023-08-10,04:20:01,Whole,1107.3643826848556,1.0,5.331035085650587,25.45230597126396,2912.2083333333335,2241.625,2.3406979619227473,0,18,9,505.24139086935475,0.11392405063291139,0.8860759493670886,,0.0,0.11392405063291139,0.0,1206.804563868117,,,1302.461586482883,1019.0562210565308,1206.804563868117,1363.806220805028,1149.9386941304913,23.88171335250962
619,raspberrypi,309.0,2023-08-10,04:20:01,Whole,563.4252507266743,1.0,3.7475790670251077,80.58981743377133,2603.408653846154,1575.2692307692307,2.145851509475275,3,50,26,1209.486265889585,0.10126582278481013,0.6835443037974683,,0.02531645569620253,0.10126582278481013,0.0,1051.5966342046463,,,661.8339356479116,776.96627416439,1051.5966342046463,1178.7996308295442,1026.7201270242977,330.8860746104904
620,raspberrypi,310.0,2023-08-10,04:20:01,Whole,386.08148893479546,0.6103896103896104,6.009609695856632,11.010256504771748,2550.206730769231,797.3782051282051,2.689509002198188,0,75,78,58.62201871892105,0.0,0.012658227848101266,,0.9873417721518988,0.0,0.0,1256.9062871004412,,,45.604266994406714,606.9064123378516,1256.9062871004412,1518.3013164423937,1242.7826796615886,414.7465285572104
621,raspberrypi,311.0,2023-08-10,04:20:01,Whole,2167.4992862947392,,11.549298640573616,,1366.75,2876.25,10.773607057197763,0,2,1,,0.0,1.0,,0.0,0.0,0.0,1372.0495387912952,,,1912.0090789101523,2368.3029328384046,1372.0495387912952,804.4245147761039,532.5696246298792,529.4848193730857
622,raspberrypi,315.0,2023-08-10,04:20:01,Whole,2244.6320394725426,,8.979172619168425,,1356.75,2965.25,8.94833800457425,0,2,1,,0.0,1.0,,0.0,0.0,0.0,1452.2637091503907,,,1998.7309607696316,2437.5749324188278,1452.2637091503907,892.8497414600696,621.9753497943354,618.8964997760838
623,raspberrypi,316.0,2023-08-10,04:20:01,Whole,782.5178206570391,1.0,5.669854566231993,9.720504955934661,2745.025,1938.2,5.792555943026954,0,7,5,0.10946120219960524,0.06329113924050633,0.9367088607594937,,0.0,0.06329113924050633,0.0,1031.4618429396844,,,955.8986172941823,819.7654265742158,1031.4618429396844,1183.1058619556727,1032.6048822480793,51.203025921433635
624,raspberrypi,319.0,2023-08-10,04:20:01,Whole,942.6787347519764,,6.643826422244727,,3354.25,1824.5,6.643826422244727,0,1,1,,0.0,0.9873417721518988,,0.0,0.0,0.0,1427.5591879107537,,,1241.4432672627588,622.6312174846737,1427.5591879107537,1790.3008312369222,1650.339236094451,418.7281126416865
625,raspberrypi,666.0,2023-08-10,04:20:01,Whole,557.2210969653803,1.0,3.053681429301442,9.043789220055393,3174.75,1428.2500000000002,1.6804387406861272,0,27,10,5.99534287967969e-29,0.0,0.8734177215189873,,0.0,0.0,0.0,1299.4471344647623,,,858.404494268218,413.2284780415913,1299.4471344647623,1698.0086163828682,1579.5154245252302,480.4301661424533
626,raspberrypi,106.0,2023-08-10,09:50:01,Whole,1233.7153854053324,,5.521246091477973,,2155.0,2542.75,3.111328572397873,0,2,1,,0.0,1.0,,0.0,0.0,0.0,1069.1650821182193,,,1427.550976630345,1616.421089516825,1069.1650821182193,777.1086899775049,467.9845329209628,440.4147853042351
627,raspberrypi,190.0,2023-08-10,09:50:01,Whole,854.0784603360315,,4.768607422337739,,3210.5,1790.75,3.7743933041286173,0,2,1,,0.0,0.9864864864864865,,0.0,0.0,0.0,1314.8208872804503,,,1112.9677268074413,595.195116232258,1314.8208872804503,1652.599664581331,1513.4337790146321,321.0632451818086
628,raspberrypi,306.0,2023-08-10,09:50:01,Whole,888.6368371153651,,5.402515767871637,,3117.5,735.25,5.3486545401472885,0,3,2,,0.02702702702702703,0.972972972972973,,0.0,0.02702702702702703,0.0,1429.9213172560083,,,613.7890909023276,369.8278395881699,1429.9213172560083,1974.4366553424104,1764.4581854767214,0.0
629,raspberrypi,307.0,2023-08-10,09:50:01,Whole,631.0517050978634,0.9574468085106383,6.22442571906416,35.00268356608252,2077.2448979591836,1550.063775510204,5.308353223616776,0,42,49,1269.0810272612448,0.0,0.3783783783783784,,0.1891891891891892,0.0,0.013513513513513514,914.720731264076,,,507.8254873536233,1133.2421431895323,914.720731264076,745.4527054039389,397.84634437837235,408.4232930246095
630,raspberrypi,309.0,2023-08-10,09:50:01,Whole,330.15462105623413,0.9824561403508771,4.599198036954372,19.647675909508333,2752.491525423729,1178.5360169491526,4.893265847983846,0,40,59,296.1176490973741,0.02702702702702703,0.24324324324324326,,0.0,0.02702702702702703,0.0,1138.5050595968805,,,374.3301780608514,497.82742280281605,1138.5050595968805,1428.1045812752402,1243.5505165798058,383.7567209150329
631,raspberrypi,314.0,2023-08-10,09:50:01,Whole,666.8912968455975,,3.637155911336572,,3036.0,987.25,1.9684731566877465,0,4,2,,0.02702702702702703,0.972972972972973,,0.0,0.02702702702702703,0.0,1305.5934902263932,,,556.886150154725,384.8232000936662,1305.5934902263932,1764.474895168432,1595.609946656532,65.4683726069716
632,raspberrypi,441.0,2023-08-10,09:50:01,Whole,688.7241642225891,,6.611598194123557,,3113.75,1087.75,6.611598194123557,0,1,1,,0.013513513513513514,0.9864864864864865,,0.0,0.013513513513513514,0.0,1317.346325883352,,,655.9783691236494,370.6646142334905,1317.346325883352,1779.21742789161,1641.6830168173458,135.16219399817476
633,raspberrypi,470.0,2023-08-10,09:50:01,Whole,1126.870736374041,,8.28514225333007,,2449.0,2478.5,6.612285265540665,0,2,1,,0.0,1.0,,0.0,0.0,0.0,1119.230512470399,,,1385.0970514326623,1408.7593706038115,1119.230512470399,992.5407450324823,721.0493251726143,445.49710051914076
634,raspberrypi,17.0,2023-08-09,20:30:01,Whole,1521.324350539094,,6.649764875500636,,3271.5,304.75,5.856695718267822,0,2,1,,0.0,0.9873417721518988,,0.0,0.0,0.0,1812.742880061428,,,867.3467329345813,517.0568643047998,1812.742880061428,2368.6261611948757,2109.342809926742,274.56456381269015
635,raspberrypi,304.0,2023-08-09,20:30:01,Whole,386.22946172691974,0.2222222222222222,3.4283398564767418,18.100414359897954,2730.625,2133.2250000000004,3.138173641877273,0,21,10,57.50375393983058,0.12658227848101267,0.8734177215189873,,0.0,0.12658227848101267,0.0,1067.0778639224534,,,1127.7286836563628,985.1720022665248,1067.0778639224534,1172.5369856272735,990.5082030203718,17.03400416594981
636,raspberrypi,314.0,2023-08-09,20:30:01,Whole,142.3804734641988,0.7402597402597403,4.464803455265667,14.569187911450541,2873.721153846154,1632.5048076923076,3.1210088370655087,0,110,78,140.71648472127296,0.0,0.012658227848101266,,0.0,0.0,0.0,1103.2856681460285,,,768.3304972184485,550.7467567951328,1103.2856681460285,1357.660341822395,1222.6105902662703,336.1979192768531
637,raspberrypi,316.0,2023-08-09,20:30:01,Whole,533.3310389339682,1.0,4.537575021376941,40.4385060959322,2724.1947674418607,1272.4186046511627,1.8004662269054292,0,79,43,1441.7198094787486,0.012658227848101266,0.45569620253164556,,0.1518987341772152,0.012658227848101266,0.0,1124.8317490403854,,,419.0109118070645,543.1462741145954,1124.8317490403854,1376.010081314388,1269.6515384507231,495.4724523584904
638,raspberrypi,319.0,2023-08-09,20:30:01,Whole,569.7766529799105,0.9807692307692307,4.234414536536792,12.05918217620053,2952.615909090909,2331.043181818182,3.933037757305036,1,83,55,123.45219500680285,0.6962025316455697,0.3037974683544304,,0.0,0.6962025316455697,0.0,1274.7227986371913,,,1400.3301551363163,1095.3202693597398,1274.7227986371913,1419.5000030680574,1205.129415386295,144.35786494034525
639,raspberrypi,447.0,2023-08-09,20:30:01,Whole,533.8739380469284,,2.4404794583505476,,3013.5,2281.0,0.24437299111609967,1,3,1,,0.012658227848101266,0.9873417721518988,,0.0,0.012658227848101266,0.0,1288.9299325116435,,,1384.4022512304912,1034.9703700410696,1288.9299325116435,1468.362844597421,1260.403174408158,103.26319337569265
640,raspberrypi,821.0,2023-08-09,20:30:01,Whole,1588.2574843998661,,9.208567592322078,,3363.5,263.0,7.414395147589468,0,2,1,,0.0,0.9873417721518988,,0.0,0.0,0.0,1897.3095579532496,,,968.3697432468748,591.0572144171441,1897.3095579532496,2463.9283569955433,2209.20749497891,339.8954546575069
641,raspberrypi,17.0,2023-08-10,12:10:01,Whole,1053.6312692632434,,7.583796311411329,,2414.75,1674.625,6.077157916822611,0,4,2,,0.0,0.9743589743589743,,0.0,0.0,0.01282051282051282,1236.1184900023707,,,1025.3023313004176,1186.2275842246947,1236.1184900023707,1180.267454966369,858.2595672249819,325.4887979078069
642,raspberrypi,37.0,2023-08-10,12:10:01,Whole,1957.9163003759984,,10.398901245024694,,1414.25,3002.75,9.521256528383304,0,4,1,,0.0,1.0,,0.0,0.0,0.0,1465.5238794361856,,,2014.5654575077992,2425.766554107977,1465.5238794361856,922.2029581272195,652.0641039155441,649.0326130049442
643,raspberrypi,300.0,2023-08-10,12:10:01,Whole,273.8012377127456,1.0,6.145148627444008,17.583878458083195,3089.1022727272725,2040.5113636363637,2.4479903944168173,0,31,11,240.788691708916,0.14102564102564102,0.8589743589743589,,0.0,0.14102564102564102,0.0,1259.7341330563436,,,1222.495906860694,789.2029451207454,1259.7341330563436,1520.6267835629126,1348.4725674227086,86.81423545771477
644,raspberrypi,306.0,2023-08-10,12:10:01,Whole,699.1907330327067,1.0,6.076628971207898,73.60825656141272,3048.8690476190473,2126.569444444444,4.02131454952436,6,115,63,8795.641489559295,0.16666666666666666,0.21794871794871795,,0.10256410256410256,0.16666666666666666,0.0,1410.95066250407,,,1313.5882562052464,1060.8583438349224,1410.95066250407,1592.4402546027625,1493.1525368806952,356.7666804773395
645,raspberrypi,307.0,2023-08-10,12:10:01,Whole,630.5875477635915,1.0,5.790156068285596,29.54715093242772,3083.9749999999995,2413.4583333333335,1.361637213153823,6,64,30,390.3043454223728,0.1794871794871795,0.6282051282051282,,0.0,0.1794871794871795,0.0,1402.151242159678,,,1534.9537852783503,1161.3489671667048,1402.151242159678,1565.6156931495545,1339.2875701411615,249.21252678193304
646,raspberrypi,309.0,2023-08-10,12:10:01,Whole,428.3558757342628,1.0,3.285393860638403,72.19201750649998,2564.5227272727275,1640.8977272727273,2.272118524433279,0,31,11,323.4480370457788,0.01282051282051282,0.8589743589743589,,0.0,0.01282051282051282,0.0,973.981834930825,,,620.4091465672332,753.9739487848292,973.981834930825,1068.7072062516313,957.1591185642487,415.62178024066156
647,raspberrypi,310.0,2023-08-10,12:10:01,Whole,329.75044300599905,,1.652203780064303,,3124.5,1514.5,1.652203780064303,0,1,1,,0.0,0.9871794871794872,,0.0,0.0,0.0,1258.8411604175644,,,866.8379426477375,454.1378004048962,1258.8411604175644,1624.9740233863988,1501.4639094636536,499.8008007809666
648,raspberrypi,314.0,2023-08-10,12:10:01,Whole,518.5380100030641,0.38961038961038963,5.263481409095503,7.536093673934655,2900.980769230769,1284.4951923076924,4.626155039115795,0,130,78,21.740759582588474,0.0,0.01282051282051282,,0.0,0.0,0.0,1168.6657613852424,,,550.7150932400214,434.3092887981722,1168.6657613852424,1502.7403997444928,1394.5979424241923,368.6655478042121
649,raspberrypi,319.0,2023-08-10,12:10:01,Whole,240.41720041692906,1.0,3.53926906799536,14.618718663108329,3187.4583333333335,1873.2222222222222,3.0784281652841625,0,27,9,58.82749055111041,0.0,0.8846153846153846,,0.0,0.0,0.0,1304.8539914309144,,,1155.8027696275624,635.2220167639607,1304.8539914309144,1621.8765257508678,1477.3875855650092,251.9488416153741
650,raspberrypi,470.0,2023-08-10,12:10:01,Whole,1843.5285675633747,,11.450812747897679,,1663.0,488.5,7.585083892232418,0,4,1,,0.0,1.0,,0.0,0.0,0.0,1507.346222830597,,,263.32840517189635,1411.2554024891485,1507.346222830597,1424.9771285782865,952.4957266757688,1132.3755206038884
651,raspberrypi,542.0,2023-08-10,12:10:01,Whole,381.2215138779837,,2.9814096448590557,,2674.5,2053.5,2.1881628922299727,0,3,1,,0.01282051282051282,0.9871794871794872,,0.0,0.01282051282051282,0.0,1021.7729291307221,,,1032.7775627165024,946.045739453614,1021.7729291307221,1112.6327115613842,945.5225220354807,75.46719905729213
652,raspberrypi,37.0,2023-08-09,19:55:01,Whole,1711.9270027374362,,10.891525137942983,,1416.0,3003.0,10.38881589232833,0,4,1,,0.0,1.0,,0.0,0.0,0.0,1465.193469184781,,,2014.2340262668677,2424.785806240984,1465.193469184781,922.2791757565278,652.1712492461849,649.1406248266528
653,raspberrypi,306.0,2023-08-09,19:55:01,Whole,1451.4116306308915,1.0,6.94345678676615,65.94430474113904,1551.3984375,723.15625,8.635618724161581,0,27,16,114.19567330086126,0.0,0.8227848101265823,,0.08860759493670886,0.0,0.0,1394.2765959246756,,,330.71432297159845,1476.4968373667211,1394.2765959246756,1227.5805187245517,776.1190280152825,956.606032769522
654,raspberrypi,307.0,2023-08-09,19:55:01,Whole,736.6441429103795,0.0,6.60377489986121,,3207.4699367088606,2085.5917721518986,7.409013906533128,0,101,79,0.16433137357355085,0.0,0.0,,0.0,0.0,0.0,1359.6702035608453,,,1330.0058880434701,826.7413864086144,1359.6702035608453,1638.1942955041316,1466.0614622739906,201.88024922247584
655,raspberrypi,308.0,2023-08-09,19:55:01,Whole,500.11832545025555,1.0,4.88620930832337,68.58730211727469,2767.3125,1284.0,1.6118202601354366,2,18,8,2533.3116252081877,0.0,0.8987341772151899,,0.0,0.0,0.0,1118.9044851953709,,,452.4733358422826,509.12272430727023,1118.9044851953709,1393.8972411444029,1261.8663233385746,372.9266991524237
656,raspberrypi,309.0,2023-08-09,19:55:01,Whole,755.6311511053314,0.3829787234042553,5.869691002244438,25.593297208870172,1807.66,1767.845,7.4062231476651,0,73,50,440.74968838330074,0.0,0.6708860759493671,,0.0,0.0,0.1518987341772152,762.8616958349612,,,720.032004686393,1387.596353482561,762.8616958349612,379.1799064929556,271.8445549584263,285.95770906925674
657,raspberrypi,310.0,2023-08-09,19:55:01,Whole,1210.199136263626,1.0,6.624972475352086,78.47076634494056,2931.765625,615.359375,5.28119651767117,0,19,8,2640.444095085293,0.0379746835443038,0.8987341772151899,,0.0,0.0379746835443038,0.0,1527.0472680415103,,,573.2881280135291,526.8947980287649,1527.0472680415103,1954.0634774128955,1749.70479856,382.64528817738903
658,raspberrypi,319.0,2023-08-09,19:55:01,Whole,857.4521124260964,,6.220821162402835,,3415.5,1675.125,2.3781569125280533,0,5,2,,0.0,0.9746835443037974,,0.0,0.0,0.0,1466.5086608793963,,,1197.1651579679115,556.9964593176458,1466.5086608793963,1870.6617990065504,1737.583616758242,553.8400245210141
659,raspberrypi,404.0,2023-08-09,19:55:01,Whole,511.6800034162231,,4.910246567243425,,2974.25,1428.25,3.599710410187499,0,2,1,,0.0,0.9873417721518988,,0.0,0.0,0.0,1179.463345940661,,,695.4001691667349,424.4373849439652,1179.463345940661,1511.7904439984059,1395.9359188358396,486.3918977497174
660,raspberrypi,470.0,2023-08-09,19:55:01,Whole,143.7025665467996,,4.04247802706891,,2511.25,1596.5,3.6949235061638572,0,2,1,,0.0,1.0,,0.0,0.0,0.0,953.5824968755988,,,547.8751671647492,763.5288152501826,953.5824968755988,1029.8209165310143,906.3859567717116,461.06963916944335
661,raspberrypi,524.0,2023-08-09,19:55:01,Whole,521.385705352224,,4.783329276466848,,2532.5,1637.625,3.9723585744622887,0,4,2,,0.0,1.0,,0.0,0.0,0.0,1017.6050467214257,,,692.8647092086579,839.075748108881,1017.6050467214257,1087.0088876536618,927.1479614344937,414.5799040181071
662,raspberrypi,533.0,2023-08-09,19:55:01,Whole,999.0798541971973,,5.272511785310654,,2243.5,784.0,1.5782265281170111,0,3,1,,0.0,0.9873417721518988,,0.012658227848101266,0.0,0.0,1236.3468087033796,,,0.0,845.4163059832738,1236.3468087033796,1343.9860707452995,999.1996531524887,727.310919954427
663,raspberrypi,812.0,2023-08-09,19:55:01,Whole,1131.3888735477706,,7.338376222628011,,1956.75,775.0,5.323291759438321,0,2,1,,0.0,0.9873417721518988,,0.012658227848101266,0.0,0.0,1249.1570081103068,,,0.0,1093.0233603408226,1249.1570081103068,1221.0217526478173,812.6687521024135,954.8308548217467
664,raspberrypi,818.0,2023-08-09,19:55:01,Whole,309.5122516151164,1.0,4.760683223451264,107.2395819280305,2393.25,1745.375,4.325851405429478,2,16,10,1.2624298838432896e-25,0.0,0.8860759493670886,,0.0,0.0,0.0,917.1035643673159,,,693.2895570510472,930.6388136107325,917.1035643673159,886.1461998413046,736.2657731547063,444.5853675722055
665,raspberrypi,306.0,2023-08-10,00:20:01,Whole,805.1320569571169,0.0,7.855457204150249,,3148.7984375,2504.6546875,5.361658179715686,0,128,80,0.06651669128692433,0.0,1.0,,0.0,0.0,0.0,1490.8823813922395,,,1645.6710910592185,1244.9509607533496,1490.8823813922395,1649.792587615909,1412.9516059602067,364.1007051215539
666,raspberrypi,309.0,2023-08-10,00:20:01,Whole,1209.9608828491478,0.27848101265822783,11.683420712408013,12.557790658626528,1196.7765625,2333.59375,10.074195010423873,0,128,80,62.6796778793452,0.8,0.0,,0.0,0.8,0.775,1052.4042399198647,,,1502.0814283893753,2164.596271247822,1052.4042399198647,407.5793179036518,184.83224870703367,178.44572824222234
667,raspberrypi,319.0,2023-08-10,00:20:01,Whole,936.1809728871125,0.4230769230769231,5.847795608978369,3.2611956653625374,3002.439655172414,1491.719827586207,5.23429983444244,0,63,29,1.587683927758108,0.0,0.6375,,0.0,0.0,0.0,1186.951594304959,,,757.6568966077996,442.96737905909197,1186.951594304959,1516.9280229083654,1395.3498824855067,477.549305034021
668,raspberrypi,533.0,2023-08-10,00:20:01,Whole,2007.090714174348,,12.73875312103944,,3161.5,351.25,11.116476906256825,0,2,1,,0.0,0.9875,,0.0,0.0,0.0,1720.5533996912704,,,747.9347254649917,493.8334601877461,1720.5533996912704,2257.659563253637,1991.9900584496222,230.9108939631009
669,raspberrypi,542.0,2023-08-10,00:20:01,Whole,1183.6426740498184,1.0,6.3076902769134975,14.054317643987357,3408.784722222222,1592.4722222222222,4.654669486587618,0,41,18,75.2914858337672,0.0,0.775,,0.0,0.0,0.0,1460.4884985080146,,,1144.650548113642,516.1891887870469,1460.4884985080146,1879.8434801548776,1751.388432634842,618.5232009983722
670,raspberrypi,17.0,2023-08-10,10:40:01,Whole,2027.0323252209246,,10.340757610903704,,873.25,309.0,7.6665419653457425,0,2,1,,0.0,1.0,,0.0,0.0,0.0,1963.401182496969,,,1057.6311772571498,2186.1788577243487,1963.401182496969,1702.5220937818774,1215.993779999999,1401.9049138519479
671,raspberrypi,304.0,2023-08-10,10:40:01,Whole,942.9337519327785,,5.616740909149885,,3412.25,1846.0,3.5119681695168476,0,2,1,,0.0,0.9857142857142858,,0.0,0.0,0.0,1476.0855958356349,,,1299.3238727346168,641.662868751656,1476.0855958356349,1845.624303644272,1705.0905768081866,460.6715055961648
672,raspberrypi,305.0,2023-08-10,10:40:01,Whole,645.9933850039095,,2.929020260559423,,2796.5,2010.5,1.5981452649441603,0,2,1,,0.014285714285714285,0.9857142857142858,,0.0,0.014285714285714285,0.0,1064.3050902718194,,,1043.534148896769,852.4881719242373,1064.3050902718194,1231.4614465515144,1073.9996492997063,0.0
673,raspberrypi,306.0,2023-08-10,10:40:01,Whole,602.1218106215656,0.9111111111111111,5.7732602141548925,12.207387518490625,2051.324468085106,1117.154255319149,5.736641155966574,0,37,47,36.97013711496182,0.0,0.34285714285714286,,0.6571428571428571,0.0,0.0,1036.3743387961956,,,32.15208262514823,1006.5815879758117,1036.3743387961956,968.2400747918288,656.8024186029652,746.4927456145675
674,raspberrypi,307.0,2023-08-10,10:40:01,Whole,959.0273852633776,1.0,3.5533093183221087,28.023581447964148,3130.4583333333335,2183.2731481481483,8.28725284755903,0,17,27,238.58214925360343,0.2857142857142857,0.6285714285714286,,0.0,0.2857142857142857,0.0,1333.4234888133801,,,1364.8943390437469,929.0448935693825,1333.4234888133801,1569.9439844035842,1359.6290116898986,123.99709020946938
675,raspberrypi,308.0,2023-08-10,10:40:01,Whole,786.9271545577903,1.0,5.6093948168501,90.58701211975838,3149.8828125,1500.46875,5.389454072213069,0,18,16,6141.634541769727,0.04285714285714286,0.8,,0.0,0.04285714285714286,0.0,1367.086505984366,,,961.291521553369,592.9208350104648,1367.086505984366,1744.251933926236,1664.4486109654513,258.651343555224
676,raspberrypi,310.0,2023-08-10,10:40:01,Whole,1052.4430408966834,1.0,5.179808327547479,74.96588453131817,2409.3125,368.75,4.237030037671489,0,8,8,3098.5560543911533,0.0,0.9,,0.08571428571428572,0.0,0.0,1542.7795859995601,,,175.68031323214024,830.7509513222523,1542.7795859995601,1787.0762051179793,1400.2479971260393,726.4647805230614
677,raspberrypi,311.0,2023-08-10,10:40:01,Whole,560.9008512044286,,8.004507292621442,,2893.25,936.0,8.004507292621442,0,1,1,,0.014285714285714285,0.9857142857142858,,0.0,0.014285714285714285,0.0,1265.921837047537,,,403.64042222942936,414.32150488069124,1265.921837047537,1677.3693135869455,1478.9384050191425,102.52934933811638
678,raspberrypi,312.0,2023-08-10,10:40:01,Whole,823.2808373601692,,2.5409982518106298,,3206.25,1936.75,2.5409982518106298,0,1,1,,0.0,0.9857142857142858,,0.0,0.0,0.0,1327.276164811447,,,1215.3893708443115,678.1641621617382,1327.276164811447,1636.6347880680812,1489.9382346472748,235.61755977956412
679,raspberrypi,315.0,2023-08-10,10:40:01,Whole,590.8143515950812,1.0,5.083541910463296,72.03265318589897,3011.7,1213.275,5.07211214206491,0,6,5,0.0,0.04285714285714286,0.9285714285714286,,0.0,0.04285714285714286,0.0,1267.970163247686,,,662.747423456796,438.9128389347055,1267.970163247686,1663.1800390209455,1568.3884676932853,182.3413201328956
680,raspberrypi,316.0,2023-08-10,10:40:01,Whole,642.8419328308595,,5.9027891701227375,,3221.5,1355.5,5.37145426228984,0,3,2,,0.0,0.9714285714285714,,0.0,0.0,0.0,1339.94417110847,,,863.0019963098043,386.80871270046146,1339.94417110847,1765.587296031775,1651.1109919888374,424.6786913014851
681,raspberrypi,666.0,2023-08-10,10:40:01,Whole,1064.6174755421212,,6.91018835633889,,2285.25,2424.5,6.91018835633889,0,1,1,,0.0,1.0,,0.0,0.0,0.0,1034.211405194189,,,1312.834857907503,1449.304214648895,1034.211405194189,824.8295890949197,549.165553117351,513.6717507943355
682,raspberrypi,683.0,2023-08-10,10:40:01,Whole,2025.6457445153524,,,,872.5,312.75,,0,0,1,,0.0,1.0,,0.0,0.0,0.0,1961.1125504978786,,,1057.051233747446,2185.898574031239,1961.1125504978786,1699.272653961758,1212.8697671044556,1398.6253236724322
683,raspberrypi,736.0,2023-08-10,10:40:01,Whole,742.8176364147588,,4.024722096536221,,2433.75,673.5,2.801040530388954,0,2,1,,0.0,0.9857142857142858,,0.014285714285714285,0.0,0.0,1319.3060458706093,,,0.0,708.9286537618873,1319.3060458706093,1540.548579985307,1215.4336902288476,554.2220918756785
684,raspberrypi,818.0,2023-08-10,10:40:01,Whole,550.4275432984083,,2.0053501751360034,,2942.0,1776.375,2.0053501751360034,0,2,2,,0.0,1.0,,0.0,0.0,0.0,1245.831015723094,,,924.0966424561643,788.2296336508734,1245.831015723094,1462.4688366974062,1308.023976023419,472.42960423977354
685,raspberrypi,264.0,2023-08-10,00:10:01,Whole,536.5397856587019,,3.7413852734007187,,2821.25,2080.5,3.4260295735116926,0,2,1,,0.01282051282051282,0.9871794871794872,,0.0,0.01282051282051282,0.0,1094.59397457759,,,1117.192520337885,901.585332667372,1094.59397457759,1257.4907026756748,1084.5270236032118,0.0
686,raspberrypi,306.0,2023-08-10,00:10:01,Whole,270.6933643111691,0.0,5.633839628865687,,2523.908653846154,2673.9791666666665,2.6504879316837346,0,107,78,0.1012021445917003,0.0,1.0,,0.0,0.0,0.0,1270.3057649277923,,,1590.4937900136622,1548.1106593618606,1270.3057649277923,1150.3466848148967,857.0779572632756,549.5701580368541
687,raspberrypi,309.0,2023-08-10,00:10:01,Whole,316.7569324723342,0.02631578947368421,5.728444908230575,3.36345791576385,2097.8165584415583,2387.353896103896,2.6503188735786587,0,106,77,0.30675838323137716,0.0,0.9743589743589743,,0.0,0.0,0.0,960.4895485820313,,,1273.9273105592897,1532.7740139456664,960.4895485820313,646.4271716851763,358.57702348363847,323.76640255774055
688,raspberrypi,314.0,2023-08-10,00:10:01,Whole,577.0464392214269,1.0,2.966587931495433,7.451374092949768,2806.775,2026.225,2.766907120947075,0,25,10,45.91793828790518,0.1282051282051282,0.8717948717948718,,0.0,0.1282051282051282,0.0,1081.9572310832573,,,1062.2960394583638,868.2118415360053,1081.9572310832573,1245.6854511357587,1060.8183636116628,11.136891037340646
689,raspberrypi,316.0,2023-08-10,00:10:01,Whole,948.1766403335486,0.8333333333333334,4.630835105848249,7.550503987065198,3212.3839285714284,1919.1517857142858,5.246169492163171,0,31,14,8.735006085508704,0.0,0.8205128205128205,,0.0,0.0,0.0,1329.3498023742648,,,1206.4876251559435,661.3540990830394,1329.3498023742648,1643.4894768648226,1498.2563361134244,248.05151866839503
690,raspberrypi,328.0,2023-08-10,00:10:01,Whole,920.782957104814,,5.651624026489697,,2993.75,1713.75,5.5205100441791775,0,2,1,,0.0,0.9871794871794872,,0.0,0.0,0.0,1165.4105834385525,,,907.539673751075,554.0210570065424,1165.4105834385525,1453.108133721558,1317.3602515642517,265.1114301449003
691,raspberrypi,683.0,2023-08-10,00:10:01,Whole,2615.0571454610927,,13.65545048147447,,877.5,310.0,12.43721674115872,0,2,1,,0.0,1.0,,0.0,0.0,0.0,1960.3458298037854,,,1053.2965610491954,2181.9405660772586,1960.3458298037854,1700.1113835432827,1213.364199421549,1399.5414230014164
692,raspberrypi,792.0,2023-08-10,00:10:01,Whole,1442.967451792494,,7.978132618385734,,2174.25,1004.25,7.149987951903188,0,2,1,,0.0,0.9871794871794872,,0.01282051282051282,0.0,0.0,1102.060796145786,,,0.0,894.4695401147499,1102.060796145786,1126.4174989831251,808.3933352417998,811.6009897236098
693,raspberrypi,818.0,2023-08-10,00:10:01,Whole,484.511676051074,,3.3530346546751266,,2881.5,2307.75,2.642533728101914,0,2,1,,0.01282051282051282,0.9871794871794872,,0.0,0.01282051282051282,0.0,1220.0193401063061,,,1348.1201839774626,1089.3920426514985,1220.0193401063061,1345.369999699055,1128.7860946040428,85.13577824561114
694,raspberrypi,987.0,2023-08-10,00:10:01,Whole,686.9142268931392,,3.4844282857885,,3037.25,2143.0,1.632947130612739,0,3,1,,0.01282051282051282,0.9871794871794872,,0.0,0.01282051282051282,0.0,1249.1211227321562,,,1278.0445332030476,896.4554066724688,1249.1211227321562,1473.9959978605455,1290.5999395368358,39.158246121095374
695,raspberrypi,17.0,2023-08-10,10:20:01,Whole,1388.246605663625,1.0,7.784794833909135,92.71713402682786,1052.5,710.75,7.044596610383659,0,18,12,6.058451752097371e-27,0.0,0.8513513513513513,,0.0,0.0,0.0,1604.4128897597413,,,834.4509960760906,1958.6795592296626,1604.4128897597413,1285.9531590454026,776.7940945764217,964.3895004221258
696,raspberrypi,250.0,2023-08-10,10:20:01,Whole,822.6859729411461,,5.1433695834131745,,1547.0,898.75,3.989830462411182,0,2,1,,0.0,1.0,,0.0,0.0,0.0,1240.4989731001724,,,309.36088632659295,1457.2118151560398,1240.4989731001724,1007.3837118770924,526.6856585539724,710.1130946516835
697,raspberrypi,306.0,2023-08-10,10:20:01,Whole,146.22948856221228,0.8285714285714286,4.385913341703231,18.41956271687113,2306.3986486486488,1129.1554054054054,3.788730727527487,1,24,37,1008.2882149536755,0.0,0.5,,0.44594594594594594,0.0,0.0,1060.9766176258338,,,120.61903757280045,813.3993673541231,1060.9766176258338,1119.8746535471466,804.4346100711646,777.9179397973278
698,raspberrypi,307.0,2023-08-10,10:20:01,Whole,740.0245534197884,1.0,4.02855805547499,14.758472143145442,3033.375,982.5,4.02855805547499,0,2,2,,0.02702702702702703,0.972972972972973,,0.0,0.02702702702702703,0.0,1302.8361121600724,,,550.4796021055756,378.2916739702202,1302.8361121600724,1764.7869314293036,1594.511213191724,40.31054888379252
699,raspberrypi,309.0,2023-08-10,10:20:01,Whole,1797.5593162040623,1.0,9.223438414347337,177.67215065890983,1644.0,2823.7916666666665,9.359500455098663,0,5,6,1221.1336002970625,0.0,0.9324324324324325,,0.0,0.0,0.0,1289.419171714431,,,1795.3033867017928,2153.2978192320857,1289.419171714431,803.2640399470823,498.48333273117635,493.3814773364967
700,raspberrypi,312.0,2023-08-10,10:20:01,Whole,1296.5401916928909,,7.117061082261889,,3268.5,2064.0,7.117061082261889,0,1,1,,0.0,0.9864864864864865,,0.0,0.0,0.0,1401.4672342024533,,,1352.1551074635936,809.7730668766382,1401.4672342024533,1697.7150093770854,1529.3542733589547,263.8767601257782
701,raspberrypi,316.0,2023-08-10,10:20:01,Whole,681.6971767007147,1.0,7.029008643288238,17.450127422487203,2868.5625,1584.71875,3.484240110695718,0,8,4,12.442704408440125,0.0,0.9459459459459459,,0.0,0.0,0.0,1103.8496362379817,,,728.0386783208671,527.4643457278038,1103.8496362379817,1363.7082585437831,1237.4253059357184,359.9481113451009
702,raspberrypi,319.0,2023-08-10,10:20:01,Whole,406.182481192764,0.7692307692307693,6.634616278654705,38.670432518594225,2644.9085365853657,1013.8384146341464,4.820617438920497,0,19,41,1162.0480559911853,0.0,0.44594594594594594,,0.3783783783783784,0.0,0.0,1181.8267189067742,,,204.40837152903796,554.0017652734795,1181.8267189067742,1449.862330340612,1252.2348906681755,368.10966332923476
703,raspberrypi,666.0,2023-08-10,10:20:01,Whole,957.4987150766005,1.0,4.692635273620082,15.538762016325496,3102.375,1732.0,4.692181901638832,0,3,3,0.0,0.0,0.9594594594594594,,0.0,0.0,0.0,1235.851834436062,,,994.93555429021,562.4107440819922,1235.851834436062,1555.2973157937977,1418.7459508743304,296.3099635415034
704,raspberrypi,700.0,2023-08-10,10:20:01,Whole,986.5607283585022,,6.426459111312364,,2685.0,2096.5,6.426459111312364,0,1,1,,0.013513513513513514,0.9864864864864865,,0.0,0.013513513513513514,0.0,1037.170641083521,,,1076.6486966942641,975.5743563216363,1037.170641083521,1125.0133137873213,947.5315344065068,61.18019581676879
705,raspberrypi,812.0,2023-08-10,10:20:01,Whole,65.95532252618652,,0.07016907772434071,,2277.0,1229.75,0.07016907772434071,1,1,1,,0.0,0.9864864864864865,,0.013513513513513514,0.0,0.0,1001.5734142562926,,,125.83599494174183,832.4383216567799,1001.5734142562926,1027.136957357576,798.795439478226,785.0585275321828
706,raspberrypi,32.0,2023-08-09,19:40:01,Whole,448.2355124449888,,3.9637591641694234,,2808.25,2282.75,1.2872142006829472,1,9,2,,0.02531645569620253,0.9746835443037974,,0.0,0.02531645569620253,0.0,1167.9383525026644,,,1295.6009263570438,1088.0883076743148,1167.9383525026644,1269.6635026958982,1055.1624419902628,71.86732072993858
707,raspberrypi,126.0,2023-08-09,19:40:01,Whole,1057.7812456842516,,6.538332638374758,,2180.75,1003.0,4.377285104103825,0,6,1,,0.0,0.9873417721518988,,0.012658227848101266,0.0,0.0,1103.1036525258996,,,0.0,888.978118188908,1103.1036525258996,1131.1508441686717,814.4648733352851,804.981916793358
708,raspberrypi,272.0,2023-08-09,19:40:01,Whole,1202.208103924225,,6.418514770455045,,1454.25,2718.5,4.451762043068685,0,3,1,,0.0,1.0,,0.0,0.0,0.0,1207.1097597161454,,,1733.4588774220038,2198.9213456253283,1207.1097597161454,638.7888725817138,365.78011377878516,362.75906287690714
709,raspberrypi,300.0,2023-08-09,19:40:01,Whole,448.15437631738604,0.09090909090909091,4.718848496346756,4.25,2812.2395833333335,2276.7395833333335,2.259796450097241,0,48,12,1.4176269351245723,0.1518987341772152,0.8481012658227848,,0.0,0.1518987341772152,0.0,1166.9999823421329,,,1291.6141157814388,1081.220826979649,1166.9999823421329,1272.3585312464056,1058.8974954240866,65.40970751580628
710,raspberrypi,306.0,2023-08-09,19:40:01,Whole,886.2527470340283,0.20512820512820512,7.136456594276134,9.06005167764673,3205.2800632911394,2473.5822784810125,2.4712333915364413,1,326,79,17.936956851619243,0.0,0.7974683544303798,,0.0,0.0,0.0,1513.383495964158,,,1647.5684655870257,1214.147930307956,1513.383495964158,1695.3914850173114,1468.3863579601305,376.9665563855233
711,raspberrypi,307.0,2023-08-09,19:40:01,Whole,931.5805539324047,0.4838709677419355,6.025458224657912,4.922557256484385,3109.10546875,1381.75,3.4144777408977354,0,166,32,6.128510169264371,0.0,0.5949367088607594,,0.0,0.0,0.0,1263.2526018570898,,,777.9487903289812,387.4991976268969,1263.2526018570898,1652.419496171011,1539.1344729005984,428.34061628824037
712,raspberrypi,308.0,2023-08-09,19:40:01,Whole,817.8731497181999,,3.4404245906737256,,1826.25,1487.0,0.09646615881532736,1,5,1,,0.0,1.0,,0.0,0.0,0.0,850.9517333136848,,,453.95414399241855,1272.5552169315351,850.9517333136848,556.6138427498313,300.36041023643156,336.96119974182056
713,raspberrypi,309.0,2023-08-09,19:40:01,Whole,506.05932669805645,0.17543859649122806,5.12258041886504,11.314718716829619,1993.1788793103449,2268.1077586206898,3.922010080581766,0,259,58,31.853171783876896,0.2911392405063291,0.5949367088607594,,0.0,0.2911392405063291,0.0,873.5319080630668,,,1164.0123445714212,1518.6471677702154,873.5319080630668,505.76523178289364,235.9785898317709,194.16859729190057
714,raspberrypi,310.0,2023-08-09,19:40:01,Whole,787.8487420896405,1.0,5.64403396509549,130.62992054930123,2645.910714285714,2308.3492063492063,1.7816487986790261,6,273,63,12390.478560460188,0.16455696202531644,0.22784810126582278,,0.0,0.16455696202531644,0.012658227848101266,1293.0740259289294,,,1433.7518211836073,1291.5556654832722,1293.0740259289294,1293.0569655073757,1232.9459538389588,306.76812953161675
715,raspberrypi,315.0,2023-08-09,19:40:01,Whole,552.3787820586176,0.0,3.3546893373877578,,1944.875,1781.75,1.6247225261238731,0,31,8,9.601206606293197e-26,0.0,1.0,,0.0,0.0,0.0,782.0550991119616,,,692.8362552123275,1280.5028284449108,782.0550991119616,472.9911953554774,330.9256662529076,399.8658410432555
716,raspberrypi,316.0,2023-08-09,19:40:01,Whole,933.2825326295534,0.01282051282051282,4.634812873948828,2.6100766272276377,1599.988924050633,1619.9034810126582,3.924389343943787,8,326,79,0.14038162475910582,1.0,0.0,,0.0,1.0,1.0,800.6624478573541,,,684.0086542773322,1511.2437879152008,800.6624478573541,355.18345211301147,94.02377806632853,75.84208170897615
717,raspberrypi,319.0,2023-08-09,19:40:01,Whole,347.4351211369727,1.0,5.050898143523026,51.008163557426684,2725.2527173913045,1966.5923913043478,2.907227341237634,4,206,46,1936.0425005101447,0.46835443037974683,0.4177215189873418,,0.0,0.46835443037974683,0.0,1050.6204028423797,,,991.9419079205808,869.6880078194413,1050.6204028423797,1167.7373522094501,992.2240555279034,109.45053320667431
718,raspberrypi,542.0,2023-08-09,19:40:01,Whole,849.3059014954213,0.375,5.612741711989773,126.94623752684528,1676.2777777777778,1655.0694444444443,0.00422819582666205,7,54,9,4294.037407597243,0.08860759493670886,0.8987341772151899,,0.0,0.08860759493670886,0.0759493670886076,793.2141790579032,,,681.9143546889568,1458.840188619,793.2141790579032,376.72382591664865,93.36916783956087,75.71216461656529
719,raspberrypi,666.0,2023-08-09,19:40:01,Whole,1067.3778262201781,,6.908766174323647,,1396.75,1798.25,1.3960116174322295,0,6,1,,0.012658227848101266,0.9873417721518988,,0.0,0.012658227848101266,0.012658227848101266,793.8975167554877,,,947.9443323759403,1752.0559637171984,793.8975167554877,232.82492823129732,0.0,64.2465481776755
720,raspberrypi,669.0,2023-08-09,19:40:01,Whole,1058.8480878458945,,5.809078130707851,,2173.5,1003.75,3.418253294915727,0,4,1,,0.0,0.9873417721518988,,0.012658227848101266,0.0,0.0,1102.3007126230534,,,0.0,895.085691557578,1102.3007126230534,1126.3846227773192,808.057890308613,812.2451215488418
721,raspberrypi,818.0,2023-08-09,19:40:01,Whole,826.4167431491331,1.0,3.431878404833279,7.483690600231947,1798.875,1506.5,1.1493238272228192,2,41,11,6.603992893663545e-27,0.0,0.8734177215189873,,0.0,0.0,0.0,842.2605064226829,,,483.85882226544925,1302.033452320535,842.2605064226829,527.6200127933367,271.60900878115376,303.72617731405563
722,raspberrypi,987.0,2023-08-09,19:40:01,Whole,1061.8074203830872,,6.728711280017083,,2174.25,1000.5,4.359593681738715,0,5,1,,0.0,0.9873417721518988,,0.012658227848101266,0.0,0.0,1104.154280400903,,,0.0,894.3673957730728,1104.154280400903,1129.4000770361856,810.5190780071418,810.9107976530645
723,raspberrypi,31.0,2023-08-09,17:35:01,Whole,728.1470300365047,,4.907616315181495,,2792.0,1253.25,2.343979747413607,0,10,2,,0.01282051282051282,0.9743589743589743,,0.0,0.01282051282051282,0.0,1160.8177743754068,,,507.7273094255463,526.5145179035633,1160.8177743754068,1456.451045450028,1279.499799405031,242.7093828346315
724,raspberrypi,127.0,2023-08-09,17:35:01,Whole,1113.1861261804347,,7.184160375576194,,1293.0,1611.5,2.056405426561783,0,5,1,,0.01282051282051282,0.9871794871794872,,0.0,0.01282051282051282,0.01282051282051282,914.0311092735867,,,879.2266170909475,1784.3483536966992,914.0311092735867,370.031847939857,30.420516061932034,43.33428438143302
725,raspberrypi,190.0,2023-08-09,17:35:01,Whole,1518.4410111158807,,8.583386132631265,,1887.625,378.375,4.105464752860681,0,10,2,,0.0,0.9743589743589743,,0.02564102564102564,0.0,0.0,1549.666401471614,,,169.67395127368195,1245.7856026625302,1549.666401471614,1574.5538632418848,1127.2937970511512,1163.9199002096707
726,raspberrypi,304.0,2023-08-09,17:35:01,Whole,390.9207634805827,1.0,4.66157491149639,235.28416994137112,2224.75,2156.375,3.4746305198149505,0,13,3,0.0,0.0,0.9743589743589743,,0.0,0.0,0.0,906.8244073691166,,,1049.8281617300233,1288.1719480466238,906.8244073691166,702.1174346953334,484.19514949178244,356.745270182427
727,raspberrypi,307.0,2023-08-09,17:35:01,Whole,538.3027753153824,0.9024390243902439,5.479876462131227,17.280438611488854,2818.778409090909,2126.0142045454545,3.11478382895416,0,192,44,279.8795756496712,0.5641025641025641,0.4358974358974359,,0.0,0.5641025641025641,0.0,1111.4324170132643,,,1159.6296452103782,944.4176041866453,1111.4324170132643,1258.98477403217,1046.4572695535157,0.0
728,raspberrypi,308.0,2023-08-09,17:35:01,Whole,981.8664134828244,1.0,6.000647503370286,75.43856527095348,3096.45,1142.71875,5.833531097832984,0,99,20,2116.494791862902,0.11538461538461539,0.7435897435897436,,0.0,0.11538461538461539,0.0,1320.0395179196582,,,730.1560468457708,441.29488376317414,1320.0395179196582,1749.9640420548756,1724.0897928705629,211.36369418994656
729,raspberrypi,309.0,2023-08-09,17:35:01,Whole,743.9299136581477,0.9841269841269841,6.842788617659508,72.02890468661398,2125.375,2211.2596153846152,2.7676653924859926,0,282,65,3084.6635246484807,0.0,0.19230769230769232,,0.01282051282051282,0.0,0.0,1105.798202945092,,,1151.4129858767049,1482.7680421699517,1105.798202945092,886.1044295565351,633.4983753626627,639.7188962516954
730,raspberrypi,310.0,2023-08-09,17:35:01,Whole,1118.7406021709799,0.11688311688311688,8.099595638258588,10.072660064408659,3097.38141025641,2676.5673076923076,3.369522407282011,0,328,78,15.319442184091955,0.0,0.8846153846153846,,0.0,0.0,0.0,1556.2533259980253,,,1774.0445775095739,1418.2429706622208,1556.2533259980253,1658.9781257291181,1402.3953744636954,522.6018441309616
731,raspberrypi,311.0,2023-08-09,17:35:01,Whole,1001.2906544422112,,6.429009579779485,,2726.0,869.5,2.6760647805794724,0,5,1,,0.0,1.0,,0.0,0.0,0.0,1250.654677689879,,,227.17338716447847,491.4942430235119,1250.654677689879,1591.018218506266,1353.4492985154595,245.62069160158455
732,raspberrypi,313.0,2023-08-09,17:35:01,Whole,665.7521095628003,1.0,6.193080368294307,164.8417802015011,2351.75,2473.375,3.6442491594459043,0,9,2,,0.0,0.9871794871794872,,0.0,0.0,0.0,1084.3853386728201,,,1368.220559288906,1454.9813064286825,1084.3853386728201,904.8737624233571,626.4920949352809,508.186406293299
733,raspberrypi,314.0,2023-08-09,17:35:01,Whole,614.0925874288914,0.4117647058823529,5.25776188177022,11.653235756493249,1956.203947368421,1375.4868421052631,1.771070865281542,0,93,19,31.131325723076497,0.0,0.9102564102564102,,0.0,0.0,0.0,904.6392344902306,,,300.14922967565127,1130.9674463406407,904.6392344902306,713.532566397997,445.7950341557975,503.2481582816307
734,raspberrypi,316.0,2023-08-09,17:35:01,Whole,719.8966176150238,0.2236842105263158,5.478057938434744,20.592132730631977,1698.6201298701299,1604.6964285714287,2.4688321638247244,0,326,77,150.72606008207325,0.8846153846153846,0.01282051282051282,,0.0,0.8846153846153846,0.8974358974358975,802.3165624638393,,,618.5430268444672,1419.8109967165246,802.3165624638393,407.5980512776411,174.74085110795374,167.0664729600432
735,raspberrypi,317.0,2023-08-09,17:35:01,Whole,1236.4695562825484,1.0,8.763441254437154,42.41554107871312,3206.625,886.0,3.914907339687211,0,13,3,0.0,0.038461538461538464,0.9615384615384616,,0.0,0.038461538461538464,0.0,1422.1483499558717,,,706.6017728034931,374.9387281761457,1422.1483499558717,1961.0486980085432,1789.8100629778496,3.825913157261965
736,raspberrypi,319.0,2023-08-09,17:35:01,Whole,965.4819772661469,1.0,5.721154534948916,54.854673230513235,2357.1267361111113,892.6336805555555,4.373662599128136,0,311,72,5543.6721099687975,0.0641025641025641,0.07692307692307693,,0.7307692307692307,0.0641025641025641,0.0,1199.7614850076363,,,98.56349442005529,775.7223752364654,1199.7614850076363,1337.6953695170794,929.6447665814728,662.0166433073725
737,raspberrypi,818.0,2023-08-09,17:35:01,Whole,534.9548582808493,0.375,4.80481674876196,8.999771518980223,1868.735294117647,1940.5441176470588,1.9430206707224154,0,62,17,27.30390893208566,0.0,0.782051282051282,,0.0,0.0,0.21794871794871795,759.7106677835133,,,865.3466586117072,1417.8378706299086,759.7106677835133,365.21799805980663,177.37684303130993,237.18588702649893
738,raspberrypi,17.0,2023-08-09,21:40:01,Whole,1732.4812546946737,,5.937424934308248,,928.75,1400.5,5.937424934308248,0,1,1,,0.0,1.0,,0.0,0.0,0.0,1273.0730389381872,,,1060.7943701446925,2077.292375055216,1273.0730389381872,742.5194723955198,383.866154063456,461.4768369197202
739,raspberrypi,106.0,2023-08-09,21:40:01,Whole,743.8064338057591,,5.937424934308248,,1987.75,952.25,5.937424934308248,0,1,1,,0.0,0.9830508474576272,,0.01694915254237288,0.0,0.0,1131.7745028438997,,,0.0,1054.7327320806478,1131.7745028438997,1074.4428915107362,697.6254878791149,821.2419858738103
740,raspberrypi,304.0,2023-08-09,21:40:01,Whole,950.9736143488466,,4.722484981503624,,3292.75,1984.25,2.464641567208189,0,2,1,,0.0,0.9830508474576272,,0.0,0.0,0.0,1402.7239955177295,,,1308.8065618556589,734.4057779161706,1402.7239955177295,1720.939539050941,1565.5426293067699,300.99488905403007
741,raspberrypi,309.0,2023-08-09,21:40:01,Whole,511.0617642591388,1.0,6.001889609309317,47.46702180550967,2594.9632352941176,861.8382352941177,6.343510879703275,0,20,51,1155.4635467503474,0.13559322033898305,0.15254237288135594,,0.5254237288135594,0.13559322033898305,0.0,1261.911516994009,,,196.39222002560874,607.3724251849735,1261.911516994009,1534.8581611140291,1268.5536528729115,379.4722800370263
742,raspberrypi,310.0,2023-08-09,21:40:01,Whole,494.5299294059562,,4.345482194680875,,3137.5,1393.25,3.8619083731141326,0,3,2,,0.0,0.9661016949152542,,0.0,0.0,0.0,1279.3880318309677,,,808.129696946557,394.0872006499154,1279.3880318309677,1674.738769569584,1558.9815972841795,441.83650593015057
743,raspberrypi,314.0,2023-08-09,21:40:01,Whole,989.5373444871175,1.0,4.190133369699656,7.905043840819938,2869.5394736842104,2243.1710526315787,6.296950642721542,0,21,19,114.0688348701462,0.3220338983050847,0.6779661016949152,,0.0,0.3220338983050847,0.0,1181.8739940090172,,,1284.8211393365789,1032.3538551057504,1181.8739940090172,1322.1150908992756,1121.535337731785,20.464558567327202
744,raspberrypi,315.0,2023-08-09,21:40:01,Whole,499.2499434388888,0.0,7.73659896648022,,2898.75,1713.892857142857,2.7752184013981833,0,3,7,4.135903066616998e-26,0.0,0.8813559322033898,,0.0,0.0,0.0,1109.6246545416109,,,846.9872980615377,578.6301868355773,1109.6246545416109,1361.4315264274883,1225.5069235243384,234.88576799679538
745,raspberrypi,683.0,2023-08-09,21:40:01,Whole,2025.084632057371,,12.705731592534997,,877.5,310.25,12.705731592534997,0,1,1,,0.0,1.0,,0.0,0.0,0.0,1960.1655257683585,,,1053.210534456704,2181.8749258708067,1960.1655257683585,1699.8771089792863,1213.1353184011432,1399.3057091199255
746,raspberrypi,128.0,2023-08-09,19:50:01,Whole,744.1207149630238,,5.568914256266058,,2796.5,1679.75,1.8092969500330929,0,4,1,,0.0,0.9875,,0.0,0.0,0.0,1058.7937480817177,,,758.848041110238,617.1540383528522,1058.7937480817177,1270.9116802562119,1137.3765558856362,267.13661077151596
747,raspberrypi,305.0,2023-08-09,19:50:01,Whole,1067.4104040898512,1.0,7.568388799081318,51.61166203503759,2690.177364864865,2733.9425675675675,6.325238903977735,0,217,74,2054.5700849913783,0.0,0.0875,,0.0,0.0,0.0,1489.2060134450844,,,1780.9539083054194,1612.3549678980082,1489.2060134450844,1439.7430414486946,1196.9498208963855,602.6431546892472
748,raspberrypi,306.0,2023-08-09,19:50:01,Whole,968.7063313523106,0.3392857142857143,7.171901325982285,18.737661517268112,1284.1842105263158,2476.315789473684,4.497622844223443,0,186,57,136.0019267263748,0.1375,0.7625,,0.0,0.1375,0.1375,1090.4839426840147,,,1582.4901254158553,2174.3199587092377,1090.4839426840147,463.2816665691599,206.60537954490934,202.71711251551216
749,raspberrypi,307.0,2023-08-09,19:50:01,Whole,1230.7252467993515,0.38461538461538464,7.081755681660913,3.9852854351978353,2261.0333333333333,834.275,4.722230022868807,0,61,15,2.2275478721515243,0.0,0.8125,,0.1875,0.0,0.0,1205.8050400903342,,,0.0,826.3171782954263,1205.8050400903342,1312.2595078003703,975.795694243461,709.6984706515767
750,raspberrypi,308.0,2023-08-09,19:50:01,Whole,656.2662076267794,1.0,5.377251152733264,5.37536335981113,2803.75,2158.8541666666665,2.422988567553227,0,26,6,0.0,0.075,0.925,,0.0,0.075,0.0,1112.7241856774197,,,1180.8007607276802,977.6818737062758,1112.7241856774197,1247.6130547856085,1050.901430416072,0.0
751,raspberrypi,310.0,2023-08-09,19:50:01,Whole,873.4839133596404,1.0,4.7359312472017265,61.95028806644392,2346.155172413793,1322.967672413793,3.6371206027548357,0,184,58,3013.2737940176708,0.1125,0.2875,,0.1375,0.1125,0.0,1015.6295172173656,,,436.96941327867273,866.3464884643115,1015.6295172173656,1040.6334328428684,864.7218359131504,327.7612049229569
752,raspberrypi,314.0,2023-08-09,19:50:01,Whole,868.2447151194053,,5.005406995092874,,1596.75,1397.5,1.609569188328794,0,5,1,,0.0,0.9875,,0.0,0.0,0.0125,913.2033017443761,,,512.7624401430196,1454.7455307513496,913.2033017443761,531.8962648424507,109.72935183045666,236.44934431777415
753,raspberrypi,315.0,2023-08-09,19:50:01,Whole,130.32302417758189,,4.077455056982314,,2164.75,1930.5,1.0307410304686837,0,3,1,,0.0,1.0,,0.0,0.0,0.0,833.1790819202189,,,815.2313482370689,1186.287743913357,833.1790819202189,627.447960133278,460.52778798813034,462.3234455109316
754,raspberrypi,316.0,2023-08-09,19:50:01,Whole,222.54838874250845,0.012987012987012988,4.435873203054537,2.1505813167606567,1967.5528846153845,1944.2035256410256,4.490431976081967,0,219,78,0.1816204077943388,0.0,0.9875,,0.0,0.0,0.0,782.1104031055643,,,847.4436660877351,1342.394853730275,782.1104031055643,447.84520055312026,266.8017624244578,299.4170753344178
755,raspberrypi,319.0,2023-08-09,19:50:01,Whole,1090.8536007287998,1.0,6.930946080101,22.62423264505954,3176.734375,1682.125,6.401031327509867,0,14,8,2.489518799132678e-26,0.0,0.9,,0.0,0.0,0.0,1289.8482487791543,,,1014.8612422003301,540.3254613487663,1289.8482487791543,1638.0609739253287,1509.006227671084,384.97937474650547
756,raspberrypi,692.0,2023-08-09,19:50:01,Whole,850.2121191461824,,4.4769543094652615,,1319.5,2205.75,1.5289404413311718,0,4,1,,0.0125,0.9875,,0.0,0.0125,0.0125,895.0532045653175,,,1328.6207772927742,1997.6858753126987,895.0532045653175,258.42238366402097,70.35135167742094,61.38894362622612
757,raspberrypi,818.0,2023-08-09,19:50:01,Whole,670.5042707033043,,5.394332510792015,,2818.375,2161.75,3.782136451282815,0,7,2,,0.025,0.975,,0.0,0.025,0.0,1121.4088832928753,,,1189.1523954154027,976.2062474417745,1121.4088832928753,1262.024919820885,1072.3040020703293,0.0
758,raspberrypi,42.0,2023-08-10,00:50:01,Whole,820.2567146901631,,4.229091696262895,,2871.125,486.75,4.276624518322382,0,3,2,,0.0,0.9746835443037974,,0.0,0.0,0.0,1515.9787866238387,,,427.8211246379365,452.35355501492035,1515.9787866238387,1959.905482990425,1676.1880652388538,285.82210420654087
759,raspberrypi,233.0,2023-08-10,00:50:01,Whole,786.6939785914461,,4.1001955357086,,2895.75,515.0,4.099189806416348,0,2,1,,0.0,0.9873417721518988,,0.0,0.0,0.0,1501.3273652448468,,,439.88908378217485,434.05294236479796,1501.3273652448468,1956.187657509173,1680.1257778668414,248.75415249281843
760,raspberrypi,307.0,2023-08-10,00:50:01,Whole,909.8535658130744,,4.7911522461830485,,2908.375,2171.25,4.863342338332163,0,3,2,,0.02531645569620253,0.9746835443037974,,0.0,0.02531645569620253,0.0,1175.080142571598,,,1237.7348531940738,953.9833689298013,1175.080142571598,1350.6038694945348,1160.2367478747515,0.0
761,raspberrypi,308.0,2023-08-10,00:50:01,Whole,199.11382174219582,0.0,4.7091939447440465,,3271.9113924050635,1212.612341772152,2.274686589131128,0,59,79,0.16518816426425026,0.0,0.0,,0.0,0.0,0.0,1392.1012536908397,,,846.8937445790732,379.39774384949226,1392.1012536908397,1864.7222249879876,1758.3460477193396,299.29749032675335
762,raspberrypi,314.0,2023-08-10,00:50:01,Whole,244.1368033916339,0.0,4.070899616615549,,2841.6588541666665,1307.3151041666667,2.2746770212625615,0,57,48,0.13177700774538345,0.0,1.0,,0.0,0.0,0.0,1137.2352424736034,,,516.3592782481685,465.11055130948745,1137.2352424736034,1440.4620887694784,1330.6752393146971,415.9643236339515
763,raspberrypi,319.0,2023-08-10,00:50:01,Whole,720.0241164945503,1.0,3.8624010623967697,21.171416037396305,2765.2,1923.85,3.203493947264746,0,10,5,305.1740239619714,0.06329113924050633,0.9367088607594937,,0.0,0.06329113924050633,0.0,1039.3424838985813,,,952.1637516743992,798.7909456322557,1039.3424838985813,1203.8657141733108,1048.9622191032156,57.840893475602826
764,raspberrypi,470.0,2023-08-10,00:50:01,Whole,1357.3628758148811,,7.082641462060324,,2447.75,2477.75,6.373808693453874,0,2,1,,0.0,1.0,,0.0,0.0,0.0,1118.348726500052,,,1384.1577664921904,1408.7171978827128,1118.348726500052,991.1142718287246,719.6535151396758,445.9237367425295
765,raspberrypi,306.0,2023-08-10,01:25:01,Whole,1051.931926927607,,5.94961726694237,,3056.5,614.25,3.406101436829618,0,2,1,,0.0125,0.9875,,0.0,0.0125,0.0,1477.8806911304566,,,567.9324622219783,371.4142075144842,1477.8806911304566,2003.702991485027,1764.946276175505,96.1173646762809
766,raspberrypi,314.0,2023-08-10,01:25:01,Whole,297.61343786643465,0.17307692307692307,4.385365065543436,4.174879335862344,2839.0795454545455,1602.7318181818182,5.270511022648685,0,80,55,1.9582220029930715,0.0,0.3125,,0.0,0.0,0.0,1086.9706520504033,,,722.8425006716544,552.7245353290045,1086.9706520504033,1330.9311651860726,1203.7942000151347,340.06013677725633
767,raspberrypi,315.0,2023-08-10,01:25:01,Whole,502.29216269505514,1.0,3.193407735471425,40.00312487793922,2979.25,1277.0,1.398021232868527,0,6,2,,0.0,0.975,,0.0,0.0,0.0,1207.9060434636185,,,612.3876039273408,403.6532812869116,1207.9060434636185,1575.3664233549541,1467.430018913421,337.82469061966685
768,raspberrypi,316.0,2023-08-10,01:25:01,Whole,750.6254034471691,0.0,5.773479835799561,,1815.4944852941176,1694.3198529411766,5.316144672844064,0,95,68,0.06917815395202195,0.0,1.0,,0.0,0.0,0.0,778.9049073676532,,,647.8176248749965,1351.1034900184936,778.9049073676532,419.44143776004785,320.2639825679769,281.74056358298037
769,raspberrypi,319.0,2023-08-10,01:25:01,Whole,768.1615124093411,0.8297872340425532,5.386156378750225,9.677867224075113,3260.6625,1246.4,2.940711491602117,0,69,50,63.872563959784074,0.0,0.375,,0.0,0.0,0.0,1379.337397279449,,,849.247991681903,377.452749968697,1379.337397279449,1841.315945014395,1736.4324434479267,326.18285951663484
770,raspberrypi,525.0,2023-08-10,01:25:01,Whole,1397.3641028747263,,7.436335692266059,,1322.5,2205.0,3.6631748223943448,0,2,1,,0.0125,0.9875,,0.0,0.0125,0.0125,892.5929259201896,,,1326.4307247017741,1994.8326699005543,892.5929259201896,256.2577213268869,67.75885539212119,58.752694999390556
771,raspberrypi,672.0,2023-08-10,01:25:01,Whole,647.989659362717,,4.825800215410053,,2179.25,1003.75,4.031937443763799,0,3,1,,0.0,0.9875,,0.0125,0.0,0.0,1102.604791488358,,,0.0,890.2573349763397,1102.604791488358,1129.6910151780228,812.8030034427618,806.59533975894
772,raspberrypi,683.0,2023-08-10,01:25:01,Whole,1879.7572381562145,,8.470745208278933,,700.75,1877.5,5.838180683545056,0,2,1,,0.0,1.0,,0.0,0.0,0.0,1375.7644952430392,,,1505.5615525124788,2407.142531073084,1375.7644952430392,747.269174915362,612.7337328170939,623.0242899260134
773,raspberrypi,714.0,2023-08-10,01:25:01,Whole,715.3679243223706,,4.5571849822393915,,3017.25,2076.75,2.6003756524815524,0,2,1,,0.0125,0.9875,,0.0,0.0125,0.0,1213.9847373694413,,,1211.506602828304,836.4018112414359,1213.9847373694413,1450.0811816203595,1278.738776135577,12.484859147286642
774,raspberrypi,896.0,2023-08-10,01:25:01,Whole,422.8652323357384,,3.8610513266443927,,2531.25,1958.25,2.403309645327547,0,3,1,,0.0,1.0,,0.0,0.0,0.0,952.5259196731071,,,895.6509084826107,955.708821118111,952.5259196731071,973.8886272679438,816.9974117812201,239.5253507080647
775,raspberrypi,110.0,2023-08-10,09:25:01,Whole,1717.1842890688743,,9.923278936341509,,1582.0,2599.75,9.923278936341509,0,1,1,,0.0,1.0,,0.0,0.0,0.0,1073.255998284891,,,1579.129369521518,2028.4726392016926,1073.255998284891,523.0391379211441,230.54151036130008,231.08064915092987
776,raspberrypi,307.0,2023-08-10,09:25:01,Whole,596.577767573372,1.0,6.141505929965862,27.854217052295844,2430.421296296296,857.1064814814815,6.092886908889317,0,5,27,208.42985609170424,0.0,0.55,,0.45,0.0,0.0,1208.0707400767853,,,0.6919515607692183,692.5410428946279,1208.0707400767853,1396.5621755107752,1112.60667551522,540.8956598430265
777,raspberrypi,310.0,2023-08-10,09:25:01,Whole,861.1495544794783,1.0,7.523709644525066,41.30168057484281,3158.443181818182,2112.693181818182,7.523709644525066,0,1,11,792.5675794053585,0.16666666666666666,0.8166666666666667,,0.0,0.16666666666666666,0.0,1330.8967885063398,,,1322.0944222152723,854.6473043143609,1330.8967885063398,1591.9152264879303,1414.7424507681937,164.1089065533856
778,raspberrypi,315.0,2023-08-10,09:25:01,Whole,194.25316134667014,1.0,4.085187282792709,10.777772540116718,2944.978260869565,1324.7717391304348,2.4310820005853384,0,8,23,26.489034556082743,0.0,0.6166666666666667,,0.0,0.0,0.0,1181.8682098378142,,,611.16107115587,422.4052324500947,1181.8682098378142,1525.2313027971957,1432.5197274421128,365.1439502863072
779,raspberrypi,319.0,2023-08-10,09:25:01,Whole,453.66091417991095,,4.662064173253567,,3208.0,1420.5,4.662064173253567,0,1,1,,0.0,0.9833333333333333,,0.0,0.0,0.0,1322.065123672649,,,882.3190442816976,411.20316342491003,1322.065123672649,1731.5836012068442,1613.2287039488538,478.22459743928016
780,raspberrypi,470.0,2023-08-10,09:25:01,Whole,1114.4883962006156,,6.475047022004456,,2443.25,2418.75,6.475047022004456,0,1,1,,0.0,1.0,,0.0,0.0,0.0,1083.5814938000774,,,1325.1988866605666,1361.1557405556832,1083.5814938000774,963.6929141631149,702.7913256015788,411.8642878000484
781,raspberrypi,542.0,2023-08-10,09:25:01,Whole,451.62611658030596,1.0,3.883458067626751,16.05630717194959,2924.375,1769.875,2.4293893462682297,0,7,6,5.822109024893156e-26,0.06666666666666667,0.9,,0.0,0.06666666666666667,0.0,1122.3926848431258,,,907.2773736445329,603.2858038782053,1122.3926848431258,1376.288232545293,1236.7755329103834,186.9100629533394
782,raspberrypi,543.0,2023-08-10,09:25:01,Whole,677.1610598187362,,,,3069.25,1952.5,,0,0,1,,0.016666666666666666,0.9833333333333333,,0.0,0.016666666666666666,0.0,1227.352685777047,,,1140.0493398030583,706.5911368015287,1227.352685777047,1500.856242149828,1352.8063612119788,109.17470542002775
783,raspberrypi,307.0,2023-08-10,07:45:01,Whole,645.8883934681917,0.9444444444444444,4.1094399474928105,9.221638843976894,3113.7736486486488,2172.800675675676,4.717039882975081,0,63,37,83.35654654165727,0.5692307692307692,0.4307692307692308,,0.0,0.5692307692307692,0.0,1316.520499535776,,,1345.0562864755507,916.3143466600175,1316.520499535776,1552.6108510343563,1362.7709980389252,127.23603999337817
784,raspberrypi,309.0,2023-08-10,07:45:01,Whole,316.32685743647784,0.0,3.2425124388914526,,2761.7386363636365,1327.9886363636363,1.9170362022557499,0,28,11,0.0121819814003203,0.0,1.0,,0.0,0.0,0.0,1099.5141763593324,,,468.873194442189,511.7856248249221,1099.5141763593324,1361.2931414292593,1248.516060703325,474.47050406874894
785,raspberrypi,317.0,2023-08-10,07:45:01,Whole,293.47506544657165,0.0,3.5649306817979403,,3128.8938679245284,1274.1650943396226,4.4649745517467085,0,62,53,0.037910667399619895,0.0,0.18461538461538463,,0.0,0.0,0.0,1290.8063102223325,,,741.5316302292285,371.4752593824436,1290.8063102223325,1710.7095867060216,1603.2481999530435,322.1242431057114
786,raspberrypi,319.0,2023-08-10,07:45:01,Whole,673.365772105311,1.0,4.761111552178015,59.0301176093299,2673.8611111111113,1250.6898148148148,3.8134171098906617,0,43,27,3079.051873293762,0.0,0.6153846153846154,,0.16923076923076924,0.0,0.0,1159.9040953657363,,,450.60845003865205,667.4013329252844,1159.9040953657363,1369.1058962885684,1114.2225728581013,432.7353670477163
787,raspberrypi,414.0,2023-08-10,07:45:01,Whole,533.1769389636696,,4.049283505179336,,3246.5,2009.5,1.087759791348702,0,4,1,,0.0,0.9846153846153847,,0.0,0.0,0.0,1371.6871164789895,,,1296.5425811368934,753.2392832980553,1371.6871164789895,1675.0450629065951,1515.663209707956,250.08559677511576
788,raspberrypi,190.0,2023-08-09,19:00:01,Whole,695.8051245649652,,5.890545279864971,,2850.25,1831.5,3.504854240564994,0,4,1,,0.013157894736842105,0.9868421052631579,,0.0,0.013157894736842105,0.0,1079.5655596629,,,914.8712330883227,685.2445238142789,1079.5655596629,1295.4701850703277,1151.662534710345,112.45291664138705
789,raspberrypi,305.0,2023-08-09,19:00:01,Whole,353.12693601508187,1.0,3.916187588888736,33.47785426714851,2478.1,1648.025,1.7719042957596327,0,33,15,375.22958318045573,0.0,0.8157894736842105,,0.0,0.0,0.0,937.4264870869215,,,585.2101137181943,812.3057822539372,937.4264870869215,984.3739420450266,868.2097328545724,454.8673581038596
790,raspberrypi,306.0,2023-08-09,19:00:01,Whole,603.2616661338847,1.0,6.6102880974742,20.361819827728674,2713.720238095238,1974.392857142857,2.9393764033332728,0,49,21,130.88067293185085,0.27631578947368424,0.7236842105263158,,0.0,0.27631578947368424,0.0,1031.0494523022612,,,978.9065825210521,865.7070185957878,1031.0494523022612,1155.4089564835215,975.1276202929982,81.78778019372814
791,raspberrypi,307.0,2023-08-09,19:00:01,Whole,1157.9820245110893,1.0,8.167652279476739,142.22605635694092,3007.8359375,2396.2734375,2.8249763678950575,0,55,16,41764.55863552028,0.0,0.7894736842105263,,0.0,0.0,0.0,1409.7323711611537,,,1541.2348879776255,1189.4326234461075,1409.7323711611537,1537.5027415061893,1463.956503830313,273.33706791181777
792,raspberrypi,308.0,2023-08-09,19:00:01,Whole,1369.6316075658506,1.0,8.086926470559726,63.43981506395997,3264.9875,991.175,4.668556121027046,0,33,10,813.1531488863511,0.07894736842105263,0.868421052631579,,0.0,0.07894736842105263,0.0,1444.3683448329477,,,799.2390916552843,384.65372001440187,1444.3683448329477,1964.6786211926567,1799.0891425095642,151.66666502566113
793,raspberrypi,309.0,2023-08-09,19:00:01,Whole,1252.390439239023,1.0,6.483910784058365,54.75511212713355,2960.6477272727275,853.3409090909091,4.826472635304814,0,26,11,1012.8557596514657,0.09210526315789473,0.8552631578947368,,0.02631578947368421,0.09210526315789473,0.0,1356.268144553954,,,467.51190002584985,436.3800703545787,1356.268144553954,1795.3186318164062,1628.401763346824,73.81326785234491
794,raspberrypi,310.0,2023-08-09,19:00:01,Whole,1259.7328220367933,1.0,9.52290012238752,44.81807206383086,1001.5507812500001,2232.58203125,4.2063045062313105,0,97,32,3871.6774423369393,0.0,0.6052631578947368,,0.0,0.0,0.0,1188.8022453846831,,,1538.168670247992,2285.502574096814,1188.8022453846831,545.5330130741984,272.93985000765633,272.82816558167667
795,raspberrypi,311.0,2023-08-09,19:00:01,Whole,1039.069371941381,1.0,5.987020725988876,30.27129415799728,2848.625,1004.375,2.9337898881503532,0,44,11,6.2043033683515665e-27,0.07894736842105263,0.8552631578947368,,0.0,0.07894736842105263,0.0,1228.7079182241816,,,384.3006684465103,435.38127938246873,1228.7079182241816,1603.2911484313909,1412.8782434232623,176.58819456884152
796,raspberrypi,314.0,2023-08-09,19:00:01,Whole,47.09739983549761,0.18,4.543353363317689,37.382412756236356,2173.2139423076924,1808.016826923077,2.614626879015442,0,140,52,579.1872789459067,0.0,0.881578947368421,,0.0,0.0,0.0,833.707625768441,,,692.8168518033152,1114.2198698359298,833.707625768441,659.6841600104268,501.13933725773285,533.3371427621762
797,raspberrypi,316.0,2023-08-09,19:00:01,Whole,486.272121411034,0.0,5.722900225082221,,1681.139705882353,1675.3051470588234,2.6216713352740193,0,172,68,0.10862074291748287,0.8947368421052632,0.10526315789473684,,0.0,0.8947368421052632,0.8947368421052632,776.7057213774295,,,688.2529570837033,1459.0135660006626,776.7057213774295,353.7100298058844,191.66536547469167,147.05792475705397
798,raspberrypi,319.0,2023-08-09,19:00:01,Whole,781.7923055529632,1.0,5.552952221044929,21.56051882759747,2836.84375,2161.2421875,2.714785491256455,0,62,16,269.07585576944473,0.21052631578947367,0.7894736842105263,,0.0,0.21052631578947367,0.0,1130.4534423633834,,,1196.8030457849777,967.7258871495624,1130.4534423633834,1279.5641578165732,1086.252107985547,0.0
799,raspberrypi,429.0,2023-08-09,19:00:01,Whole,878.4357958048267,,4.709532997968128,,1293.75,1612.5,2.027199939057915,0,3,1,,0.013157894736842105,0.9868421052631579,,0.0,0.013157894736842105,0.013157894736842105,913.0917381198835,,,879.3625695863079,1783.9454259533131,913.0917381198835,369.019217787609,30.39413208357638,42.096032358384264
800,raspberrypi,657.0,2023-08-09,19:00:01,Whole,773.4806879018645,,4.2412787281416735,,2172.75,1004.25,4.185241167969972,0,2,1,,0.0,0.9868421052631579,,0.013157894736842105,0.0,0.0,1101.983127778896,,,0.0,895.7301995890118,1101.983127778896,1125.5569212076016,807.1565899961456,813.0748589276137
801,raspberrypi,128.0,2023-08-10,05:20:01,Whole,242.72357458674733,0.0,2.3905389033964934,,3038.375,1031.125,1.7234311494245664,0,24,11,3.1374696442866157e-27,0.1375,0.8625,,0.0,0.1375,0.0,1292.1938671875737,,,567.4113162972623,378.37422691990764,1292.1938671875737,1743.2062063998621,1584.4421035649086,84.85973200699316
802,raspberrypi,306.0,2023-08-10,05:20:01,Whole,1213.5768606353838,1.0,6.756356109341986,24.83133222521127,3233.214285714286,1990.7142857142858,5.807229788195425,0,19,7,377.74054990148056,0.0,0.9125,,0.0,0.0,0.0,1357.7575081376176,,,1273.7592578778206,733.4718040519609,1357.7575081376176,1662.1412548235792,1508.0023538199086,242.33231127258827
803,raspberrypi,309.0,2023-08-10,05:20:01,Whole,281.94227381591384,0.5714285714285714,4.761000651850921,4.460738339086967,2928.9647435897436,540.338141025641,2.2026362977181404,0,93,78,5.139180925116951,0.325,0.025,,0.0,0.325,0.0,1491.772147883068,,,463.10350653451184,417.4268608874229,1491.772147883068,1961.4066599136438,1694.576609350801,200.9306517613218
804,raspberrypi,310.0,2023-08-10,05:20:01,Whole,193.7578875655122,0.7333333333333333,4.943833478137676,33.28664591897745,3090.1742424242425,801.25,1.7866220800813188,0,60,33,384.15031572935743,0.4125,0.5875,,0.0,0.4125,0.0,1409.7954506941353,,,594.6868723553514,394.25888519600295,1409.7954506941353,1915.625788841887,1621.3491851867238,10.59887990314958
805,raspberrypi,313.0,2023-08-10,05:20:01,Whole,366.4294425289004,,2.6277645061201524,,2800.25,1047.0,2.6277645061201524,0,1,1,,0.0,1.0,,0.0,0.0,0.0,1196.0138175696864,,,347.4903789314441,457.84630531106177,1196.0138175696864,1538.5527441662452,1353.036370559961,240.78272912079183
806,raspberrypi,315.0,2023-08-10,05:20:01,Whole,294.47595779929657,0.0,3.190499813129609,,3339.5641025641025,884.7083333333334,1.859439942169602,0,74,39,0.1746982488856151,0.4875,0.5125,,0.0,0.4875,0.0,1513.3086290206304,,,838.6120881716145,404.9611103774232,1513.3086290206304,2073.5461930685065,1915.3583300157989,128.4878739702504
807,raspberrypi,470.0,2023-08-10,05:20:01,Whole,1009.6822988371346,,5.775842311807062,,2318.75,930.25,4.87395756781235,0,4,2,,0.0,0.9875,,0.0,0.0,0.0,1347.9828429320446,,,462.66729081908977,913.4934755495306,1347.9828429320446,1478.9690667834666,1186.8815709671699,782.019551581619
808,raspberrypi,495.0,2023-08-10,05:20:01,Whole,1157.7131571374593,,7.058318635241505,,2767.0,1909.25,7.058318635241505,0,1,1,,0.0125,0.9875,,0.0,0.0125,0.0,1039.2433398391202,,,940.0358057068195,786.3103895460881,1039.2433398391202,1206.4441400103578,1057.0221138613022,57.52487112864327
809,raspberrypi,666.0,2023-08-10,05:20:01,Whole,722.3450257085635,,4.315643411865996,,3095.875,1506.75,4.315643411865996,0,2,2,,0.0,0.975,,0.0,0.0,0.0,1242.610470691024,,,841.4778141058882,451.04375860437113,1242.610470691024,1600.17724382164,1477.3421316479203,486.10786694038023
810,raspberrypi,896.0,2023-08-10,05:20:01,Whole,1282.8681289797642,,7.641598443829459,,2531.5,1958.0,7.555137165400732,0,2,1,,0.0,1.0,,0.0,0.0,0.0,952.580474741664,,,895.4842591645106,955.3832587907991,952.580474741664,974.1437914863251,817.2745538033313,239.33079596376524
811,raspberrypi,37.0,2023-08-10,11:50:01,Whole,425.3020475011101,,2.1992859807967857,,2769.5,2316.25,1.6875089474478195,0,2,1,,0.013157894736842105,0.9868421052631579,,0.0,0.013157894736842105,0.0,1165.3650592381227,,,1312.083871804452,1131.9601290601722,1165.3650592381227,1239.3815850147555,1017.0928441322644,117.62085936175276
812,raspberrypi,304.0,2023-08-10,11:50:01,Whole,498.5077554558828,,2.8758919304809467,,2999.0,1485.75,2.8758919304809467,0,1,1,,0.0,0.9868421052631579,,0.0,0.0,0.0,1185.6208570226156,,,751.1225214136111,440.06047860048363,1185.6208570226156,1515.5427306462852,1395.1485793869635,480.3921075422064
813,raspberrypi,306.0,2023-08-10,11:50:01,Whole,1176.524688247967,1.0,7.140563791062208,4.098225350934147,3114.4166666666665,809.3333333333334,8.554150763739829,0,13,12,0.21528164803453756,0.15789473684210525,0.8421052631578947,,0.0,0.15789473684210525,0.0,1399.5463058364176,,,609.5907747721197,369.665002632107,1399.5463058364176,1928.0727187147058,1730.1400179152272,0.0
814,raspberrypi,309.0,2023-08-10,11:50:01,Whole,301.35901012210564,0.9056603773584906,4.152499370897323,22.574856781013835,3181.7708333333335,2224.127314814815,2.2332842808630176,0,39,54,487.64385624052414,0.19736842105263158,0.3684210526315789,,0.0,0.19736842105263158,0.0,1392.0297688129763,,,1429.29978168224,967.2659181822231,1392.0297688129763,1629.8360271468416,1443.5513589343468,231.81448978816763
815,raspberrypi,314.0,2023-08-10,11:50:01,Whole,193.97806096469662,0.8260869565217391,2.633455360153854,7.8937732835793515,2847.7047872340427,2022.8936170212767,2.1296633616634364,0,28,47,38.23119679196095,0.618421052631579,0.3815789473684211,,0.0,0.618421052631579,0.0,1096.021523272574,,,1078.7127216984293,841.2600532236166,1096.021523272574,1282.4991878918765,1125.3905470105203,0.0
816,raspberrypi,319.0,2023-08-10,11:50:01,Whole,642.5203502760771,,3.975576680552654,,3338.75,1417.5,3.975576680552654,0,1,1,,0.0,0.9868421052631579,,0.0,0.0,0.0,1414.195503792278,,,994.041215829975,422.5394449647563,1414.195503792278,1855.5437185420258,1736.085006457825,513.563976884306
817,raspberrypi,666.0,2023-08-10,11:50:01,Whole,230.71980542897396,,4.620493485704059,,2816.5,1905.5,3.4319749882966226,0,2,1,,0.013157894736842105,0.9868421052631579,,0.0,0.013157894736842105,0.0,1062.6121141140463,,,960.5775266744561,758.3849274056641,1062.6121141140463,1255.0973475921078,1106.5826683284945,41.180975030263426
818,raspberrypi,172.0,2023-08-09,17:55:01,Whole,144.5060408783505,,2.6031631928391183,,3032.25,2142.5,2.6031631928391183,0,1,1,,0.012658227848101266,0.9873417721518988,,0.0,0.012658227848101266,0.0,1245.318171491329,,,1274.9475105793754,896.846240093781,1245.318171491329,1469.0357776431908,1285.6715980883137,34.23788582915262
819,raspberrypi,304.0,2023-08-09,17:55:01,Whole,262.2522093937987,1.0,5.508240447717557,9.404034250752309,2924.0583333333334,2261.5416666666665,2.8054233597674,0,38,15,18.654058207598993,0.189873417721519,0.810126582278481,,0.0,0.189873417721519,0.0,1222.8667467766527,,,1325.3677380151737,1035.23930729015,1222.8667467766527,1378.0835772944577,1159.2862140922052,35.56533760109167
820,raspberrypi,306.0,2023-08-09,17:55:01,Whole,258.10367988435934,,6.129525872265527,,2727.25,2063.25,3.8415891030236815,0,2,1,,0.012658227848101266,0.9873417721518988,,0.0,0.012658227848101266,0.0,1044.2772544494987,,,1061.909876363424,928.0819085271924,1044.2772544494987,1164.5824436275245,995.1704260066463,21.82769070338196
821,raspberrypi,307.0,2023-08-09,17:55:01,Whole,1126.8269746933356,1.0,7.971375634100522,64.74019105472081,2957.4144736842104,966.4934210526316,8.417462641507372,0,35,19,2716.0573598356386,0.16455696202531644,0.7721518987341772,,0.0379746835443038,0.16455696202531644,0.0,1354.3060461471994,,,587.9430170372028,508.29732601891993,1354.3060461471994,1758.5678599953999,1760.5409687121626,113.07421630509636
822,raspberrypi,310.0,2023-08-09,17:55:01,Whole,705.6016255755045,0.41025641025641024,7.766271201171121,54.884878656613445,3191.21835443038,2665.1202531645567,7.159518891706838,0,85,79,1459.2109552275629,0.0,0.5949367088607594,,0.0,0.0,0.0,1615.2998685733871,,,1812.469908474202,1411.1140818171157,1615.2998685733871,1746.0269089253388,1522.1187117531554,497.3620284944119
823,raspberrypi,313.0,2023-08-09,17:55:01,Whole,436.67958577991806,,1.7557348797464127,,2954.75,2444.0,1.7557348797464127,0,1,1,,0.0,1.0,,0.0,0.0,0.0,1334.748078490995,,,1502.5653863661034,1204.180162062279,1334.748078490995,1448.430403672247,1212.3382977732797,230.05514143402573
824,raspberrypi,314.0,2023-08-09,17:55:01,Whole,1089.793705159055,1.0,6.551588865925829,20.575966080889454,1901.85,2060.425,7.1280328081744875,0,20,10,380.51233425554557,0.05063291139240506,0.8987341772151899,,0.0,0.05063291139240506,0.05063291139240506,802.9932089317615,,,977.9030916639229,1458.9860532406424,802.9932089317615,412.49929726809324,254.69972257391439,281.17958726516565
825,raspberrypi,316.0,2023-08-09,17:55:01,Whole,1071.5769579347877,1.0,6.358037765353056,56.664925809438664,2987.2992424242425,1036.219696969697,7.283872156198546,0,64,33,1831.1274690150149,0.20253164556962025,0.5949367088607594,,0.02531645569620253,0.20253164556962025,0.0,1387.6908376965343,,,620.2729877754024,508.6659388659925,1387.6908376965343,1788.548378593768,1605.3032490897965,198.4551721682999
826,raspberrypi,319.0,2023-08-09,17:55:01,Whole,1020.156027175874,,8.52431624680802,,2854.75,995.5,8.52431624680802,0,1,1,,0.012658227848101266,0.9873417721518988,,0.0,0.012658227848101266,0.0,1231.7717463625277,,,381.2214715100259,431.0799758774949,1231.7717463625277,1611.8980499684858,1421.6803982885665,166.47181343545446
827,raspberrypi,524.0,2023-08-09,17:55:01,Whole,1885.5353000677435,,12.780335926074155,,3120.25,127.75,12.780335926074155,0,1,1,,0.0,0.9873417721518988,,0.0,0.0,0.0,1887.0258731296913,,,821.8030596833955,627.4705684159101,1887.0258731296913,2390.7137307531625,2092.2769566223124,458.0711325369304
828,raspberrypi,657.0,2023-08-09,17:55:01,Whole,1732.6066080325033,,11.291422867549667,,1292.75,1611.5,11.291422867549667,0,1,1,,0.012658227848101266,0.9873417721518988,,0.0,0.012658227848101266,0.012658227848101266,914.1951238469535,,,879.4092162215277,1784.5761887742765,914.1951238469535,370.15260370727566,30.624330689906486,43.51023580475912
829,raspberrypi,666.0,2023-08-09,17:55:01,Whole,977.3141387130264,,7.144227898560452,,2002.25,1988.75,7.144227898560452,0,1,1,,0.0,1.0,,0.0,0.0,0.0,794.9369944440805,,,885.8740295528978,1340.1731309614834,794.9369944440805,473.2783016290645,289.22436287205636,295.82423613383344
830,raspberrypi,683.0,2023-08-09,17:55:01,Whole,2702.9510247208254,,14.841513716355825,,875.75,310.75,12.782454493813194,0,2,1,,0.0,1.0,,0.0,0.0,0.0,1960.7657626099015,,,1054.6821156822114,2183.380854695394,1960.7657626099015,1700.0148133936734,1213.3828084740085,1399.418571120227
831,raspberrypi,106.0,2023-08-10,07:50:01,Whole,1833.9166289472403,,9.382909922567292,,1635.75,2543.0,9.382909922567292,0,1,1,,0.013513513513513514,0.9864864864864865,,0.0,0.013513513513513514,0.013513513513513514,1017.7685533863303,,,1508.7781934080613,1952.409520274617,1017.7685533863303,477.55207755974465,166.63692602843423,165.86938340477363
832,raspberrypi,250.0,2023-08-10,07:50:01,Whole,227.95705884926934,,1.5351322350658425,,2787.0,1024.75,0.7156262813596358,1,2,1,,0.0,1.0,,0.0,0.0,0.0,1199.9742654802951,,,326.8646688486289,463.05823115996407,1199.9742654802951,1540.8745796201886,1348.0017895701865,239.10151774003094
833,raspberrypi,306.0,2023-08-10,07:50:01,Whole,221.0830660674086,1.0,3.381292127888548,25.920710880800485,2819.7132352941176,1047.0024509803923,2.946723431157269,1,45,51,519.7590668249364,0.10810810810810811,0.3108108108108108,,0.02702702702702703,0.10810810810810811,0.0,1214.7237945227303,,,377.32025963180723,455.741593370243,1214.7237945227303,1562.9362093685595,1378.9058033086017,259.22160366711597
834,raspberrypi,308.0,2023-08-10,07:50:01,Whole,473.8429931597543,0.625,3.0490897678993334,3.7205510344571273,2852.875,1690.475,3.3722415634269365,0,11,10,1.962464724006718,0.013513513513513514,0.8648648648648649,,0.0,0.013513513513513514,0.0,1086.5370384488597,,,800.7820908341741,590.7870710533416,1086.5370384488597,1322.5978639608943,1191.4495140959489,264.6090090499548
835,raspberrypi,309.0,2023-08-10,07:50:01,Whole,375.6160997034727,0.0,3.847744338444279,,2600.3194444444443,1438.8055555555557,4.32992882359969,0,9,18,0.02198150725484198,0.0,1.0,,0.0,0.0,0.0,1014.148989844867,,,449.40253823594145,642.5028407447282,1014.148989844867,1171.2459280815333,1063.0407901614874,553.2865911464983
836,raspberrypi,310.0,2023-08-10,07:50:01,Whole,329.1416963952802,1.0,2.8202420541884945,46.07315371829732,3166.473484848485,1073.814393939394,2.9439150949378035,0,33,33,765.258443192942,0.20270270270270271,0.5540540540540541,,0.0,0.20270270270270271,0.0,1357.59020742267,,,716.0321280840519,372.8736753712888,1357.59020742267,1836.842033498675,1717.8532384752734,205.0046925587319
837,raspberrypi,319.0,2023-08-10,07:50:01,Whole,388.12491219312807,,,,3015.5,1591.75,,0,0,1,,0.0,0.9864864864864865,,0.0,0.0,0.0,1185.0294791693027,,,834.4597032237839,492.5635042754443,1185.0294791693027,1500.8582643562584,1372.9697119034133,385.49011810717786
838,raspberrypi,458.0,2023-08-10,07:50:01,Whole,513.4998358261615,,2.780099397763412,,2835.0,1728.25,2.6538620404791406,0,2,1,,0.0,0.9864864864864865,,0.0,0.0,0.0,1074.7428768195637,,,820.6516767981411,623.0878746266003,1074.7428768195637,1297.2977928169064,1160.21394754986,215.64661416052775
839,raspberrypi,542.0,2023-08-10,07:50:01,Whole,908.8647801165758,,6.44516407255509,,3105.0,2106.25,4.320042042437957,0,2,1,,0.013513513513513514,0.9864864864864865,,0.0,0.013513513513513514,0.0,1287.5226364951397,,,1285.1614037309314,851.0680922692763,1287.5226364951397,1538.103768943178,1361.8808461508602,99.70092930866585
840,raspberrypi,666.0,2023-08-10,07:50:01,Whole,540.8547854705249,1.0,3.0064380713116745,32.166184832527215,3325.265625,1557.53125,2.533319932357475,0,15,8,225.12678065030224,0.0,0.8918918918918919,,0.0,0.0,0.0,1397.7793865599945,,,1055.6487848667716,489.92869382148064,1397.7793865599945,1806.2759708649583,1696.0143737507437,584.5017582622996
841,raspberrypi,997.0,2023-08-10,07:50:01,Whole,782.4869614161966,,6.5382240029153005,,2457.75,577.75,4.506161903158379,0,2,1,,0.0,0.9864864864864865,,0.013513513513513514,0.0,0.0,1385.9253901661634,,,21.111731698364963,711.1409347424191,1385.9253901661634,1631.5441982022833,1296.4294820482037,560.226816807788
842,raspberrypi,304.0,2023-08-10,12:40:01,Whole,292.72654608447687,1.0,2.7269033894681742,32.675666904366906,2978.7083333333335,1155.5694444444443,1.2431783644848924,0,28,9,19.555072215079445,0.03896103896103896,0.8831168831168831,,0.0,0.03896103896103896,0.0,1236.2129218877415,,,556.0855616611656,396.6016502705303,1236.2129218877415,1632.017294639911,1488.3382318753015,222.34969420780084
843,raspberrypi,306.0,2023-08-10,12:40:01,Whole,382.0989220025018,1.0,3.0373812771200654,3.892013814271299,3062.75,672.4886363636364,2.028258156630572,0,67,22,2.689199610774375,0.2857142857142857,0.7142857142857143,,0.0,0.2857142857142857,0.0,1442.7941151068142,,,564.8809806127955,371.53365551473644,1442.7941151068142,1970.9736840555206,1739.0954784538226,35.22121625580324
844,raspberrypi,307.0,2023-08-10,12:40:01,Whole,292.9890416142867,1.0,3.124977537644589,15.763059526441232,2510.78125,851.30625,1.6288252504790945,1,55,20,205.63847681135627,0.0,0.7402597402597403,,0.2597402597402597,0.0,0.0,1221.116139268443,,,16.028760051098942,632.1298640029047,1221.116139268443,1452.727742996088,1188.0070100938908,454.70865463022534
845,raspberrypi,309.0,2023-08-10,12:40:01,Whole,528.7711239902579,1.0,3.9418680381237134,56.47117970449907,2829.5236486486488,1422.5405405405406,3.2660341348075193,0,92,37,1569.5994747856726,0.22077922077922077,0.5324675324675324,,0.0,0.22077922077922077,0.0,1133.9215121551724,,,638.2458689713225,558.6895390481003,1133.9215121551724,1414.7422156131931,1215.743711457834,221.56339408428437
846,raspberrypi,310.0,2023-08-10,12:40:01,Whole,508.16238920497625,1.0,4.857482047238228,20.66680977930638,2354.2277397260273,687.6986301369863,3.7905613445742663,1,165,73,367.5083450434838,0.0,0.05194805194805195,,0.948051948051948,0.0,0.0,1306.0507651855817,,,6.426532307008109,771.6499619552519,1306.0507651855817,1485.0728773464587,1183.9326746976271,598.8980650405641
847,raspberrypi,314.0,2023-08-10,12:40:01,Whole,359.25684535014545,0.05263157894736842,3.0804312704018058,2.42706097986845,3142.83125,980.7875,1.218804379949356,10,87,40,0.26947071219071966,0.5194805194805194,0.4805194805194805,,0.0,0.5194805194805194,0.0,1358.1199473874299,,,657.1969319740131,369.77429538744514,1358.1199473874299,1857.391643969437,1700.3172710342726,37.12497867737051
848,raspberrypi,315.0,2023-08-10,12:40:01,Whole,1275.7089403005673,1.0,6.701921011461452,47.16934344474217,3097.9166666666665,2173.0,5.398091999432068,0,9,3,640.2935779839166,0.03896103896103896,0.961038961038961,,0.0,0.03896103896103896,0.0,1304.7165392919728,,,1336.476053544321,917.7184249055733,1304.7165392919728,1536.8773839485038,1355.2029864153285,108.23422250153573
849,raspberrypi,316.0,2023-08-10,12:40:01,Whole,474.03918764498115,1.0,3.3858853303449874,53.63043881246711,3052.902777777778,907.9916666666667,1.221154549574289,10,115,45,1141.433251567854,0.2597402597402597,0.42857142857142855,,0.03896103896103896,0.2597402597402597,0.0,1398.8927389032956,,,614.0080038414106,442.42601090449085,1398.8927389032956,1847.7907373686892,1707.9780868504283,233.6505488413315
850,raspberrypi,319.0,2023-08-10,12:40:01,Whole,899.4732727274327,,5.803311934659773,,3105.5,1777.0,4.632776877245789,0,4,1,,0.0,0.987012987012987,,0.0,0.0,0.0,1238.8307757454033,,,1029.5353772903977,584.9179955155162,1238.8307757454033,1551.5862405707433,1412.6070960787079,260.757556461121
851,raspberrypi,392.0,2023-08-10,12:40:01,Whole,581.3920558744047,,4.219677494257369,,2969.75,1487.75,2.7621962106368634,0,2,1,,0.0,0.987012987012987,,0.0,0.0,0.0,1169.0169048121322,,,730.3296344671871,442.14734621418734,1169.0169048121322,1487.6404805211341,1367.4408226707264,470.9726411446321
852,raspberrypi,17.0,2023-08-09,23:55:01,Whole,193.01074768636892,,3.2634546182331667,,2553.25,2302.0,2.9426049872618925,0,2,1,,0.0,1.0,,0.0,0.0,0.0,1065.6607564985181,,,1232.9754145500094,1209.6666111268046,1065.6607564985181,1029.7471061882927,800.4988719164454,254.71607822262993
853,raspberrypi,250.0,2023-08-09,23:55:01,Whole,1480.8814170187632,0.6,9.639665339805562,530.0625290682432,2103.2083333333335,782.0833333333334,7.068587478128149,0,13,6,84210.39478730642,0.0,0.948051948051948,,0.025974025974025976,0.0,0.0,1345.2019899772786,,,266.9901536251812,1037.2652489097152,1345.2019899772786,1402.8447390545086,952.2320436477344,999.7604103858812
854,raspberrypi,306.0,2023-08-09,23:55:01,Whole,67.4228365624131,0.375,3.4121337629429402,3.8959354213183808,2558.0065789473683,2047.5657894736842,3.2454959673819443,0,37,19,1.0108187936953592,0.14285714285714285,0.8311688311688312,,0.0,0.14285714285714285,0.0,977.8804820445555,,,988.9129625917434,1004.2363269973305,977.8804820445555,998.8598991091413,832.8573616351587,191.20446721810802
855,raspberrypi,309.0,2023-08-09,23:55:01,Whole,638.1784530712299,0.0,6.170351496981973,,3089.029220779221,2495.62012987013,3.6386470211933974,0,131,77,0.07108907951860655,0.0,1.0,,0.0,0.0,0.0,1446.653755817833,,,1608.9459698300639,1238.5315800729384,1446.653755817833,1590.4574131806048,1352.4899944453462,325.83139912033516
856,raspberrypi,314.0,2023-08-09,23:55:01,Whole,398.9600498037148,0.8,4.576830096145524,9.568569535880567,2973.0714285714284,2045.577380952381,2.3592235551469227,0,50,21,48.34203640466731,0.2727272727272727,0.7272727272727273,,0.0,0.2727272727272727,0.0,1176.0909030673295,,,1161.577162086377,818.0095564299004,1176.0909030673295,1405.6434790476603,1242.5054392820052,0.0
857,raspberrypi,316.0,2023-08-09,23:55:01,Whole,636.6406248663698,0.14864864864864866,5.454951328628953,68.65204480543689,1957.855,1982.035,5.402488472507311,0,130,75,1343.8945647297144,0.0,0.8571428571428571,,0.0,0.0,0.0,784.3211701964907,,,890.2182481195333,1371.509610771839,784.3211701964907,436.12049747654373,223.74882218754806,246.62508169711813
858,raspberrypi,319.0,2023-08-09,23:55:01,Whole,1358.9531060516692,1.0,7.745460355933157,25.702830481530373,3042.328125,833.09375,6.309923859829382,0,24,8,257.3506033328876,0.1038961038961039,0.8961038961038961,,0.0,0.1038961038961039,0.0,1359.684071774283,,,539.3613978014453,374.84091805637706,1359.684071774283,1856.818156117003,1648.6822815305827,0.0
859,raspberrypi,526.0,2023-08-09,23:55:01,Whole,1348.007224776401,,8.423817771134539,,1376.75,2718.75,4.749967342498464,0,3,1,,0.0,1.0,,0.0,0.0,0.0,1235.149098993472,,,1762.0558651069505,2254.609815958559,1235.149098993472,650.2783898424144,376.0542079441997,372.9373652493968
860,raspberrypi,31.0,2023-08-10,12:55:01,Whole,568.2392975720959,,2.7717058650390487,,3053.25,2157.75,0.19143970824946352,1,3,1,,0.013157894736842105,0.9868421052631579,,0.0,0.013157894736842105,0.0,1265.9144177160013,,,1299.082080236424,908.2522764784162,1265.9144177160013,1491.03401715926,1305.2000224120025,59.043230536067426
861,raspberrypi,306.0,2023-08-10,12:55:01,Whole,808.1708855545105,1.0,3.9817398979712544,66.1325610043948,3151.05,891.075,2.465245080368187,0,10,5,0.0,0.06578947368421052,0.9342105263157895,,0.0,0.06578947368421052,0.0,1391.4665720985902,,,654.2554648932373,370.219928998104,1391.4665720985902,1913.277008101623,1735.6259679102088,0.0
862,raspberrypi,309.0,2023-08-10,12:55:01,Whole,460.63577041994097,1.0,4.709516781412603,50.96856642404117,2770.3677536231885,1232.6159420289855,3.596502614850716,0,86,69,3523.7221758449405,0.23684210526315788,0.10526315789473684,,0.013157894736842105,0.23684210526315788,0.0,1146.5920662933038,,,461.6200105648036,523.3531359311852,1146.5920662933038,1432.0532750628602,1327.7248104775733,277.47740697307665
863,raspberrypi,311.0,2023-08-10,12:55:01,Whole,642.3418940717106,1.0,4.43621161416143,16.523801074556435,3141.056818181818,2197.1022727272725,2.027807696375174,1,24,11,10.027458149113237,0.10526315789473684,0.868421052631579,,0.0,0.10526315789473684,0.0,1344.8194145308173,,,1380.5446581202739,939.6548686773103,1344.8194145308173,1581.4553485874155,1390.0616451756791,155.39573538152396
864,raspberrypi,314.0,2023-08-10,12:55:01,Whole,357.99113599866587,0.4444444444444444,4.657943726448419,15.474622637809858,2835.2619863013697,1988.873287671233,3.301367761685096,0,85,73,76.30515461673025,0.9605263157894737,0.039473684210526314,,0.0,0.9605263157894737,0.0,1082.3256286178637,,,1042.7709927062413,818.9545225587167,1082.3256286178637,1270.268652534355,1098.2551744616578,0.0
865,raspberrypi,379.0,2023-08-10,12:55:01,Whole,299.17380314672937,,5.145242414838581,,2831.5,1932.25,5.145242414838581,0,1,1,,0.013157894736842105,0.9868421052631579,,0.0,0.013157894736842105,0.0,1071.1156481428088,,,991.2449670785811,772.3866408367937,1071.1156481428088,1268.0192186635793,1118.2758904489833,12.229903956048148
866,raspberrypi,533.0,2023-08-10,12:55:01,Whole,1069.8718869300499,,6.314981219601217,,2170.0,795.0,3.239343272327251,0,3,1,,0.0,0.9868421052631579,,0.013157894736842105,0.0,0.0,1227.6891927134482,,,0.0,905.7934656661689,1227.6891927134482,1296.6836743440088,937.8494192288076,800.2226887175539
867,raspberrypi,542.0,2023-08-10,12:55:01,Whole,1119.3756761203501,,7.637114120581424,,2781.5,515.0,7.637114120581424,0,1,1,,0.0,0.9868421052631579,,0.0,0.0,0.0,1475.7332570847104,,,334.17828688605,498.021587339898,1475.7332570847104,1879.3313838801732,1586.9534429206092,319.9728030007049
868,raspberrypi,666.0,2023-08-10,12:55:01,Whole,299.9209420294048,,5.1064274973291175,,2831.75,1933.0,5.1064274973291175,0,1,1,,0.013157894736842105,0.9868421052631579,,0.0,0.013157894736842105,0.0,1071.2736165189692,,,992.020119752023,772.8739622899693,1071.2736165189692,1268.222408270232,1118.4437108268394,11.455071810442831
869,raspberrypi,306.0,2023-08-10,06:15:01,Whole,220.82124950764623,0.0,,,2759.6,883.35,,0,0,5,0.0,0.0,1.0,,0.0,0.0,0.0,1251.9551804614675,,,262.5628995860811,473.52920934978954,1251.9551804614675,1607.0573153906632,1386.211189131382,203.21002068785344
870,raspberrypi,314.0,2023-08-10,06:15:01,Whole,151.27328627353782,1.0,,122.56651079428846,2718.55,1091.7,,0,0,5,622.0658533958704,0.08333333333333333,0.5833333333333334,,0.08333333333333333,0.08333333333333333,0.0,1161.515735748196,,,301.33509426608407,516.8888086224342,1161.515735748196,1450.6538421974774,1270.2950027187426,328.72649417389493
871,raspberrypi,441.0,2023-08-10,06:15:01,Whole,275.9152454219411,,,,2785.75,1369.5,,0,0,1,,0.0,1.0,,0.0,0.0,0.0,1099.844090300927,,,514.8070126755558,506.94690679781127,1099.844090300927,1364.164170993085,1257.0243303483705,497.24807527018345
872,raspberrypi,896.0,2023-08-10,06:15:01,Whole,878.8232388576499,,,,2532.5,1957.5,,0,0,1,,0.0,1.0,,0.0,0.0,0.0,952.8651066512753,,,895.2967614348163,954.4266002414456,952.8651066512753,975.13870298259,818.3256328624639,238.45299857081142
873,raspberrypi,306.0,2023-08-09,22:35:01,Whole,1495.144126539644,1.0,5.88015635559241,17.023387441158206,2930.7321428571427,667.3035714285714,9.691793615467907,0,8,7,125.65763603386037,0.09210526315789473,0.9078947368421053,,0.0,0.09210526315789473,0.0,1407.8470966356822,,,435.0121516276868,401.6472424365711,1407.8470966356822,1875.5896976350996,1633.6324143644647,107.71570639569855
874,raspberrypi,309.0,2023-08-09,22:35:01,Whole,311.97113293943363,0.7466666666666667,7.787281107506241,19.25639555838378,2783.3585526315787,2450.6726973684213,7.395680587258692,0,19,76,199.32356275410436,0.32894736842105265,0.02631578947368421,,0.0,0.32894736842105265,0.0,1248.3989258440101,,,1446.0873478856033,1255.7030129391353,1248.3989258440101,1290.6378024842631,1046.6654407742822,231.31548504933357
875,raspberrypi,316.0,2023-08-09,22:35:01,Whole,1154.291367583991,0.2,7.291490704481647,192.26284092356485,2977.625,1023.7857142857143,7.385660598122709,0,7,7,7317.956669425846,0.06578947368421052,0.9210526315789473,,0.0,0.06578947368421052,0.0,1272.2297434588354,,,513.4778625522249,406.6795418628008,1272.2297434588354,1696.9198795412487,1622.7619985621068,44.262091896705996
876,raspberrypi,319.0,2023-08-09,22:35:01,Whole,742.1478379431979,0.0,5.176261700821684,,3247.5625,1548.0625,5.1786667051109125,0,4,4,0.0,0.0,0.9473684210526315,,0.0,0.0,0.0,1340.1397133948606,,,985.7719743484981,477.1775845608936,1340.1397133948606,1733.3610070575378,1607.4447043677008,530.0961187795597
877,raspberrypi,714.0,2023-08-09,22:35:01,Whole,1395.1539710896038,,5.509809025019244,,2556.25,789.75,2.0492793682508386,0,2,1,,0.0,0.9868421052631579,,0.013157894736842105,0.0,0.0,1262.0303167722388,,,51.12991264298569,603.0733105825913,1262.0303167722388,1527.763284831626,1245.3094462944148,414.8326759166099
878,raspberrypi,17.0,2023-08-09,16:50:01,Whole,682.4185033718063,,3.6883251887117443,,2472.5,2643.75,3.6883251887117443,0,1,1,,0.0,1.0,,0.0,0.0,0.0,1231.2305747767905,,,1551.9827345624522,1541.964462581985,1231.2305747767905,1091.3800644123462,797.7938514214782,552.9907466497972
879,raspberrypi,128.0,2023-08-09,16:50:01,Whole,958.1749119728929,,5.153255345123551,,1517.75,1369.25,2.0807962960224327,0,4,1,,0.0,0.9864864864864865,,0.0,0.0,0.013513513513513514,948.4044166092236,,,549.9174934706459,1521.0394069191425,948.4044166092236,542.5930533981846,74.00607519966954,239.73035603279732
880,raspberrypi,190.0,2023-08-09,16:50:01,Whole,1273.4470380690514,,7.104698240868816,,1096.75,1434.25,3.793063906446571,0,5,1,,0.0,1.0,,0.0,0.0,0.0,1130.996794876045,,,929.3720915192976,1924.5987649253323,1130.996794876045,607.7575161026081,212.93847556032335,307.66629044969443
881,raspberrypi,306.0,2023-08-09,16:50:01,Whole,1449.1553800110792,1.0,9.428774895398055,34.84672481046074,855.4553571428571,2417.401785714286,11.863686903526979,0,24,14,79.95343031575484,0.0,0.8513513513513513,,0.0,0.0,0.0,1374.7731771623728,,,1770.8934491036587,2494.0922690626867,1374.7731771623728,720.433420199346,555.759795859253,549.1502302177607
882,raspberrypi,307.0,2023-08-09,16:50:01,Whole,440.89252231457016,,3.8063666445049007,,2673.5,2056.5,1.3900909856854504,0,5,1,,0.013513513513513514,0.9864864864864865,,0.0,0.013513513513513514,0.0,1022.1143344213343,,,1035.2045775810332,948.9420721214619,1022.1143344213343,1111.7556329880556,943.9084099262154,75.896334454494
883,raspberrypi,308.0,2023-08-09,16:50:01,Whole,774.5573171613366,,6.87432254877078,,1646.875,2505.375,4.760287025387398,0,8,2,,0.0,1.0,,0.0,0.0,0.0,1173.569774730994,,,1501.4343983039512,1925.260095517287,1173.569774730994,745.3035920466559,522.4429940689351,499.1660015244239
884,raspberrypi,310.0,2023-08-09,16:50:01,Whole,769.346854508766,0.7391304347826086,7.119576812678153,77.8941888300043,2483.6214285714286,2492.6839285714286,5.444770484969147,0,139,70,4653.30396826745,0.0,0.3108108108108108,,0.0,0.0,0.0,1241.935528529245,,,1503.022647591416,1490.8833984925693,1241.935528529245,1118.078595377572,778.8681483820493,369.19626520478073
885,raspberrypi,312.0,2023-08-09,16:50:01,Whole,1198.7750652620111,0.3333333333333333,8.44701829997542,22.20846299391679,2433.935344827586,824.2586206896551,5.528147755547707,0,98,29,275.1611073972243,0.0,0.6081081081081081,,0.3918918918918919,0.0,0.0,1228.6116497514954,,,0.0,692.4466315108757,1228.6116497514954,1425.8878557088158,1146.7596241329677,508.8633089470429
886,raspberrypi,314.0,2023-08-09,16:50:01,Whole,542.0287895574095,1.0,5.7951330226858895,46.005532699710265,2331.028301886792,2016.5495283018868,1.819967076079059,0,131,53,1983.517603152874,0.3918918918918919,0.28378378378378377,,0.0,0.3918918918918919,0.08108108108108109,1007.5752627263852,,,1011.9582666774189,1214.2211597193145,1007.5752627263852,906.7055506268954,791.1319756847822,135.00355616961033
887,raspberrypi,315.0,2023-08-09,16:50:01,Whole,558.1646871989993,0.0,4.874727122271489,,1796.1907894736842,1659.7565789473683,3.7221876787940658,0,72,19,0.13853962859561028,0.0,1.0,,0.0,0.0,0.0,786.6652049250454,,,623.2992471617605,1354.5137985960891,786.6652049250454,426.49551772647055,290.48329338072364,262.23778682536494
888,raspberrypi,316.0,2023-08-09,16:50:01,Whole,1929.3269801470672,,9.378061235378366,,749.75,773.25,6.846647861349809,0,2,1,,0.0,1.0,,0.0,0.0,0.0,1730.2682634313544,,,1096.6212632973682,2224.267900449316,1730.2682634313544,1339.2921052226377,887.566497457125,1040.3540905837879
889,raspberrypi,317.0,2023-08-09,16:50:01,Whole,1407.4295330492673,1.0,7.8174527454148866,252.29471853370217,3200.625,982.875,7.8174527454148866,0,2,2,,0.02702702702702703,0.972972972972973,,0.0,0.02702702702702703,0.0,1395.5239254502183,,,721.5161689773038,372.807943648355,1395.5239254502183,1908.4172817655933,1757.647255363005,88.31357327015618
890,raspberrypi,319.0,2023-08-09,16:50:01,Whole,306.3474253315981,0.6086956521739131,4.557955843168844,60.188751368163466,2367.32,2102.025,1.819967076079059,0,79,25,1996.6524181873795,0.05405405405405406,0.7972972972972973,,0.0,0.05405405405405406,0.04054054054054054,939.7847793320246,,,1025.02390378317,1163.1262711612228,939.7847793320246,834.912135836673,813.1224919726152,217.80024075337977
891,raspberrypi,653.0,2023-08-09,16:50:01,Whole,941.3977481342196,,4.165263002611819,,1417.5,1538.25,2.885710078454243,0,2,1,,0.013513513513513514,0.9864864864864865,,0.0,0.013513513513513514,0.013513513513513514,885.4299823396224,,,738.7289157897862,1651.1375075701428,885.4299823396224,395.03406786192744,0.0,75.17314637774236
892,raspberrypi,818.0,2023-08-09,16:50:01,Whole,1312.124928588682,,8.439481724580421,,1215.5,2828.75,6.7493214153672145,0,4,1,,0.0,1.0,,0.0,0.0,0.0,1397.7439473976242,,,1927.850611620916,2444.2257854446834,1397.7439473976242,798.4076049490835,532.1111504909954,528.6874300448176
893,raspberrypi,17.0,2023-08-10,09:55:01,Whole,1619.303968281717,0.0,11.368566805485761,,874.4545454545455,308.1136363636364,8.112536280613648,0,18,11,1.795122539975529e-27,0.0,1.0,,0.0,0.0,0.0,1963.378126024966,,,1056.8053915655987,2185.2850312088453,1963.378126024966,1702.9337486412312,1216.312930014261,1402.3328689930602
894,raspberrypi,304.0,2023-08-10,09:55:01,Whole,1181.5497644698683,,,,3199.25,1800.0,,0,0,1,,0.0,0.9838709677419355,,0.0,0.0,0.0,1307.1143406417655,,,1111.4136564822265,599.2489351080832,1307.1143406417655,1640.463683892529,1500.7955621713627,306.51492343517566
895,raspberrypi,306.0,2023-08-10,09:55:01,Whole,309.1396027503969,0.7818181818181819,7.0101577244629,17.704860605031488,2468.723684210526,719.7675438596492,6.319655780969096,0,35,57,701.8388029467343,0.06451612903225806,0.08064516129032258,,0.8387096774193549,0.06451612903225806,0.0,1296.877346705781,,,29.86203945565644,680.3391040926772,1296.877346705781,1528.9848603786213,1204.234717019026,546.3708258995936
896,raspberrypi,309.0,2023-08-10,09:55:01,Whole,810.4180497326074,1.0,5.50673461032723,51.59075475771076,2626.076923076923,1734.9711538461538,5.904669984358237,0,30,26,2723.8346203784995,0.24193548387096775,0.5806451612903226,,0.03225806451612903,0.24193548387096775,0.0,1006.7895058257551,,,725.8984294422221,784.6955700653781,1006.7895058257551,1125.37358024645,975.548129049441,167.8702987160587
897,raspberrypi,316.0,2023-08-10,09:55:01,Whole,1233.9560920696954,,7.537711023134946,,2730.25,2154.5,1.3897768097024732,0,3,1,,0.016129032258064516,0.9838709677419355,,0.0,0.016129032258064516,0.0,1074.6659379015068,,,1147.251788576956,1003.5279265948272,1074.6659379015068,1174.284330144131,984.0689202415865,28.379468553999033
898,raspberrypi,950.0,2023-08-10,09:55:01,Whole,1078.256242756105,,4.453397428448095,,3123.5,1729.75,2.426004163675488,0,2,1,,0.0,0.9838709677419355,,0.0,0.0,0.0,1250.2879253335248,,,1008.1635203027113,561.6228766925345,1250.2879253335248,1576.2180341941341,1439.8531997525265,309.76094369022553
899,raspberrypi,304.0,2023-08-10,01:15:01,Whole,339.7723446169541,1.0,,13.382117351437467,2761.6346153846152,2208.875,,0,0,13,162.1928156643887,0.48148148148148145,0.5185185185185185,,0.0,0.48148148148148145,0.0,1111.1298892289085,,,1209.5526639530774,1038.4961464363084,1111.1298892289085,1211.9304891604236,1018.1598155731031,30.424664083182307
900,raspberrypi,307.0,2023-08-10,01:15:01,Whole,1393.8591608078768,,,,3069.75,504.0,,0,0,1,,0.037037037037037035,0.9629629629629629,,0.0,0.037037037037037035,0.0,1561.8708724174696,,,608.0041294585571,421.6464378412326,1561.8708724174696,2086.869226707822,1832.1085224514227,149.0660637815498
901,raspberrypi,311.0,2023-08-10,01:15:01,Whole,403.30448586172037,,,,2767.0,2275.25,,0,0,1,,0.037037037037037035,0.9629629629629629,,0.0,0.037037037037037035,0.0,1143.8633049590612,,,1273.004657584501,1095.5683798499874,1143.8633049590612,1228.3852993410867,1013.897851287303,82.61701468360874
902,raspberrypi,542.0,2023-08-10,01:15:01,Whole,306.2625629546047,0.0,,,2949.5,1596.875,,0,0,11,0.08291481120257203,0.0,0.5925925925925926,,0.0,0.0,0.0,1146.1692732081333,,,791.4758639043325,497.4101781341535,1146.1692732081333,1436.8305697513279,1308.6393259476463,359.97748339815564
903,raspberrypi,739.0,2023-08-10,01:15:01,Whole,830.7350320658036,,,,2043.75,1588.5,,0,0,1,,0.0,1.0,,0.0,0.0,0.0,838.1971211079755,,,483.9574391452881,1120.6971083072317,838.1971211079755,638.3742217704104,518.955192931689,515.5890467227738
904,raspberrypi,103.0,2023-08-10,07:25:01,Whole,1170.00563465294,,6.448354771105685,,2266.25,845.75,6.448354771105685,0,1,1,,0.0,0.9772727272727273,,0.022727272727272728,0.0,0.0,1199.0882451133011,,,0.0,821.1753650728106,1199.0882451133011,1305.881519034313,976.7391545189355,703.4353905855849
905,raspberrypi,190.0,2023-08-10,07:25:01,Whole,680.8705880008168,1.0,4.031554792369037,22.04510937441463,3195.375,1554.8125,4.031554792369037,0,2,6,357.59045356012825,0.0,0.8636363636363636,,0.0,0.0,0.0,1303.521249829513,,,947.8020720609147,477.23522481360106,1303.521249829513,1681.7687977519552,1556.7893465757875,496.9894588386749
906,raspberrypi,316.0,2023-08-10,07:25:01,Whole,130.82121186227408,0.0,4.952205217065107,,2565.34375,2058.24375,4.215979319389044,0,4,40,0.03526170739150663,0.9090909090909091,0.09090909090909091,,0.0,0.9090909090909091,0.0,982.939581337799,,,1001.24047191061,1008.092508923522,982.939581337799,1006.3344534441418,838.0477054360026,182.742492782019
907,raspberrypi,987.0,2023-08-10,07:25:01,Whole,724.9441045010842,,4.376706087720601,,2832.75,1253.5,4.376706087720601,0,1,1,,0.0,1.0,,0.0,0.0,0.0,1146.2016963065487,,,477.0120831237261,461.5751697203824,1146.2016963065487,1457.3616723662014,1331.003434502226,373.4604302434408
908,raspberrypi,306.0,2023-08-10,13:00:01,Whole,152.5385063984393,0.3191489361702128,3.7166872653948335,4.344548442546215,2830.3010204081634,1281.1658163265306,3.846280781552963,0,124,49,5.2856038668356815,0.0,0.8051948051948052,,0.0,0.0,0.0,1138.5257518843237,,,491.5315790338234,466.89203606857996,1138.5257518843237,1442.3541615976465,1321.834497171776,402.330555472827
909,raspberrypi,307.0,2023-08-10,13:00:01,Whole,888.9177301745827,,4.438068660522049,,2787.375,2248.625,1.6975481667537726,0,7,2,,0.025974025974025976,0.974025974025974,,0.0,0.025974025974025976,0.0,1141.021864522789,,,1256.0412833386383,1064.1508018692034,1141.021864522789,1243.1908926787314,1034.6438664278826,49.58594319066057
910,raspberrypi,308.0,2023-08-10,13:00:01,Whole,428.9220452793442,1.0,3.8478553340053607,11.591404469653169,2918.3035714285716,1802.267857142857,2.6073410980992886,0,17,7,5.900544238418826,0.09090909090909091,0.9090909090909091,,0.0,0.09090909090909091,0.0,1118.2731639877002,,,929.3639932071145,629.7979282177353,1118.2731639877002,1365.5914027437186,1222.1734594585087,151.85544943093555
911,raspberrypi,311.0,2023-08-10,13:00:01,Whole,929.4995160044789,1.0,5.115986607660173,13.988920820097498,3224.735465116279,2262.2732558139537,1.853077780525175,0,109,43,312.53345117118494,0.0,0.45454545454545453,,0.0,0.0,0.0,1432.4350206100137,,,1481.949089350803,1004.0981465265119,1432.4350206100137,1672.3916229392444,1474.1956315443942,248.83630339999664
912,raspberrypi,314.0,2023-08-10,13:00:01,Whole,639.6438225761192,0.027777777777777776,2.7749797140920194,2.75,3013.6385135135133,2011.1554054054054,1.549540738424156,4,107,37,0.25608220228136336,0.4805194805194805,0.5194805194805194,,0.0,0.4805194805194805,0.0,1196.4318186566964,,,1154.9476267357743,774.9519304916907,1196.4318186566964,1445.0618577069372,1286.729510546601,30.340456231455533
913,raspberrypi,316.0,2023-08-10,13:00:01,Whole,856.5810367728221,0.06756756756756757,6.378064892551603,3.5106979363083917,2815.82,528.72,3.8803056266111566,0,165,75,0.7421408404637057,0.0,0.025974025974025976,,0.0,0.0,0.0,1473.0891384616955,,,360.43146269202197,473.3776314591602,1473.0891384616955,1891.989650481178,1599.2948035353315,286.3534902719242
914,raspberrypi,319.0,2023-08-10,13:00:01,Whole,139.63026170229278,0.5238095238095238,3.5011026604713837,17.27434218155909,3072.396739130435,1312.3478260869565,2.627223311436302,0,59,23,367.8637306176418,0.0,0.7012987012987013,,0.0,0.0,0.0,1251.7999989110085,,,710.7156253184795,380.9674152966897,1251.7999989110085,1644.6996436212414,1532.888752289839,371.84678286261266
915,raspberrypi,441.0,2023-08-10,13:00:01,Whole,839.6820175508288,,5.897076276715058,,2198.5,999.75,4.087645063923841,0,3,1,,0.0,0.987012987012987,,0.012987012987012988,0.0,0.0,1105.9357777141884,,,0.0,874.0453818704273,1105.9357777141884,1144.0301311994187,830.9912144072791,786.9371617925856
916,raspberrypi,542.0,2023-08-10,13:00:01,Whole,589.6991033603223,,3.941481962634724,,3123.5,1938.25,0.6838075425201687,1,3,1,,0.012987012987012988,0.987012987012987,,0.0,0.012987012987012988,0.0,1265.2080298084911,,,1162.620881743228,683.7761276573203,1265.2080298084911,1554.8943222403934,1408.389303493446,162.15332684898257
917,raspberrypi,666.0,2023-08-10,13:00:01,Whole,635.7468209288536,0.0,3.8443742885523107,,3011.34375,2007.46875,0.003877080844581988,3,11,4,0.0,0.05194805194805195,0.948051948051948,,0.0,0.05194805194805195,0.0,1194.080114459259,,,1150.6090657460172,772.0537971122941,1194.080114459259,1442.7941303765172,1285.5746689506166,30.55336600951165
918,raspberrypi,812.0,2023-08-10,13:00:01,Whole,146.06679527615742,,4.6939563721508994,,2827.25,1295.25,4.011126652500595,0,2,1,,0.0,1.0,,0.0,0.0,0.0,1133.868575885343,,,497.57632946794917,470.4306136432434,1133.868575885343,1433.2572153389647,1318.2717693043776,412.1904175273917
919,raspberrypi,818.0,2023-08-10,13:00:01,Whole,385.1038095540818,,2.458958332649779,,2852.25,1747.25,2.458958332649779,0,1,1,,0.0,0.987012987012987,,0.0,0.0,0.0,1082.8058203064304,,,846.1129366582079,625.5004266363167,1082.8058203064304,1310.3176068555179,1171.9739075912987,196.71872352512213
920,raspberrypi,128.0,2023-08-09,22:55:01,Whole,1385.2483462948078,,4.908632563880184,,899.25,1958.75,4.908632563880184,0,1,1,,0.0,1.0,,0.0,0.0,0.0,1191.7337217636496,,,1404.0669692181596,2254.0466761265343,1191.7337217636496,556.1185417469834,431.5687398911126,420.9452247523469
921,raspberrypi,190.0,2023-08-09,22:55:01,Whole,934.9844836479909,,6.400798027953849,,3030.0,2143.25,6.400798027953849,0,1,1,,0.01282051282051282,0.9871794871794872,,0.0,0.01282051282051282,0.0,1243.9470442357442,,,1274.3821259719582,897.9773580124769,1243.9470442357442,1466.8859702771867,1283.3595981939543,32.32591907474122
922,raspberrypi,250.0,2023-08-09,22:55:01,Whole,1285.8732167526016,,6.722357452223092,,1661.625,488.5,6.623287269157059,0,4,2,,0.0,1.0,,0.0,0.0,0.0,1507.6783973752486,,,264.5181995969772,1412.4957378459862,1507.6783973752486,1424.8096606285137,952.1735979907058,1132.1512841397155
923,raspberrypi,306.0,2023-08-09,22:55:01,Whole,1218.7400533198136,1.0,5.620329029736869,15.813862008541955,3086.9666666666667,752.1666666666666,8.504482265327354,0,18,15,47.43217534825951,0.19230769230769232,0.8076923076923077,,0.0,0.19230769230769232,0.0,1410.9919469241975,,,583.2388393071665,370.47926985536657,1410.9919469241975,1940.339662532557,1742.3135970178,0.0
924,raspberrypi,307.0,2023-08-09,22:55:01,Whole,601.595202836508,1.0,4.585932435785358,52.756571668816555,2728.5305555555556,1603.0944444444444,5.232824930821285,1,54,45,5291.7557162584835,0.28205128205128205,0.4358974358974359,,0.038461538461538464,0.28205128205128205,0.0,1072.3175831440649,,,702.6096753790126,674.5398634601761,1072.3175831440649,1260.8964608330245,1174.3766659769701,256.58812848581385
925,raspberrypi,310.0,2023-08-09,22:55:01,Whole,441.3523193516233,0.012987012987012988,5.353907525016859,4.562071897723665,1838.7916666666667,1804.3477564102564,5.259960910522831,1,72,78,0.41989980498780594,0.0,0.9871794871794872,,0.0,0.0,0.0,760.6324895347359,,,743.3164491955408,1377.2090520700308,760.6324895347359,383.7285272422462,236.25124477898208,290.84000987052184
926,raspberrypi,316.0,2023-08-09,22:55:01,Whole,499.8887100466214,0.0,3.8079530362531955,,1928.0833333333333,2019.8333333333333,1.2468854504241882,0,10,6,3.445506389064253e-27,0.0,1.0,,0.0,0.0,0.0,780.5777681542598,,,929.1174601483875,1413.8756633064397,780.5777681542598,405.6682617086952,210.84580222908085,218.99021681835745
927,raspberrypi,472.0,2023-08-09,22:55:01,Whole,266.58849780607585,,4.457460053666189,,2509.5,1594.25,3.637910960234782,0,2,1,,0.0,1.0,,0.0,0.0,0.0,953.3513575296389,,,545.1272564819235,763.7965200975698,953.3513575296389,1029.0380492448082,905.8907466930209,463.9200774132763
928,raspberrypi,987.0,2023-08-09,22:55:01,Whole,941.8540861845322,,4.140865648048958,,3038.5,2142.75,1.8342728195275124,0,2,1,,0.01282051282051282,0.9871794871794872,,0.0,0.01282051282051282,0.0,1249.9437159236695,,,1278.503853618654,895.9975062698153,1249.9437159236695,1475.2046183770344,1291.8682010264022,40.27901878386862
929,raspberrypi,110.0,2023-08-09,16:45:01,Whole,969.4154474092687,1.0,6.77446753385834,254.93185363935987,1464.0,1126.75,3.3386501806508884,0,15,3,0.0,0.0,0.9736842105263158,,0.0,0.0,0.013157894736842105,1121.9287224558423,,,472.2475309674184,1547.2442501884043,1121.9287224558423,782.9606867624888,287.71336198383216,477.95605789081253
930,raspberrypi,250.0,2023-08-09,16:45:01,Whole,600.8357189401098,,4.52853826937234,,1480.75,2077.75,3.421622946320367,0,3,1,,0.013157894736842105,0.9868421052631579,,0.0,0.013157894736842105,0.013157894736842105,759.2420508298121,,,1137.50509406804,1800.7617089849284,759.2420508298121,160.66527811388707,0.0,0.0
931,raspberrypi,300.0,2023-08-09,16:45:01,Whole,795.9705965963954,1.0,5.576397482805402,13.240303295598151,2839.337121212121,1939.0492424242425,1.9689004584508771,11,103,33,113.46625239600338,0.4342105263157895,0.5657894736842105,,0.0,0.4342105263157895,0.0,1081.779587177527,,,1001.4279131099275,778.7403513941002,1081.779587177527,1276.8724615777028,1107.371177391473,42.76952248076536
932,raspberrypi,307.0,2023-08-09,16:45:01,Whole,819.7416075219534,1.0,4.562299041807042,89.69885080453156,2564.9276315789475,1561.9802631578948,0.9284469539618069,11,52,19,9178.278634798138,0.13157894736842105,0.75,,0.06578947368421052,0.13157894736842105,0.0,1085.78419605396,,,629.4609612799546,805.6452514556338,1085.78419605396,1201.4645650208406,1087.6491658149705,187.886464475386
933,raspberrypi,308.0,2023-08-09,16:45:01,Whole,585.0523262756556,1.0,4.76591191689618,6.623379545914725,2587.5454545454545,2103.75,1.9689004584508771,0,41,11,8.049535303723953,0.14473684210526316,0.8552631578947368,,0.0,0.14473684210526316,0.0,1002.95567105788,,,1051.3652647356482,1030.9916618157445,1002.95567105788,1030.6006405387989,849.8124221813962,159.71653980060236
934,raspberrypi,309.0,2023-08-09,16:45:01,Whole,472.27887085339984,1.0,4.778797782939884,81.38322591180828,2024.013392857143,1434.236607142857,4.807017450329736,0,78,28,1718.558589810178,0.0,0.6447368421052632,,0.07894736842105263,0.0,0.0,901.778567246969,,,350.8919436375277,1100.0663565603115,901.778567246969,733.7790944139223,498.5688207733508,535.961406875419
935,raspberrypi,310.0,2023-08-09,16:45:01,Whole,1159.4482477130357,0.6491228070175439,7.819966243158051,28.969920790571575,917.2245762711865,1839.5635593220338,6.893932688618988,0,152,59,326.8575190933934,0.07894736842105263,0.5131578947368421,,0.0,0.07894736842105263,0.09210526315789473,1212.7895572126286,,,1315.3927351231014,2203.899016334568,1212.7895572126286,606.3510536662383,512.6690570614069,508.09100826790734
936,raspberrypi,314.0,2023-08-09,16:45:01,Whole,641.7462366277198,0.8387096774193549,4.969996450781451,77.81854703630324,2358.9296875,1482.1796875000002,3.702480707045207,1,71,32,2989.3683148745204,0.0,0.6447368421052632,,0.10526315789473684,0.0,0.0,1008.4699037619165,,,493.06116214661927,900.9021533565924,1008.4699037619165,1028.1895756804563,927.345824008768,389.46676877532343
937,raspberrypi,317.0,2023-08-09,16:45:01,Whole,1329.7368266346173,,4.9737280972662745,,3223.75,1258.25,3.437145764856353,0,3,1,,0.0,0.9868421052631579,,0.0,0.0,0.0,1352.8167947211418,,,820.1344820115578,372.0616645202922,1352.8167947211418,1803.0687505845451,1694.7144855047163,324.4484172457015
938,raspberrypi,319.0,2023-08-09,16:45:01,Whole,500.4856318451328,0.0,4.86098756598305,,2232.5289855072465,2343.913043478261,3.6723170389337594,0,176,69,0.10425086440623822,0.0,1.0,,0.0,0.0,0.0,975.7715539120965,,,1229.6269604698828,1417.517281369301,975.7715539120965,745.56198267149,483.44352468439297,444.65100009444075
939,raspberrypi,542.0,2023-08-09,16:45:01,Whole,954.8087382917279,1.0,7.706534049128649,7.878967254659712,2986.125,1702.75,3.6920968634926927,0,6,3,0.0,0.0,0.9605263157894737,,0.0,0.0,0.0,1161.0960470944483,,,894.2638666255383,548.7549563366061,1161.0960470944483,1447.8278106513987,1312.7506690709688,271.8268342003107
940,raspberrypi,666.0,2023-08-09,16:45:01,Whole,565.813278422605,,3.622198312013093,,2602.75,1769.0,0.019568973211738287,1,3,1,,0.0,1.0,,0.0,0.0,0.0,970.1474835625805,,,742.4162134110381,789.0290420180954,970.1474835625805,1067.036544685329,925.7663103668334,270.38606091390403
941,raspberrypi,818.0,2023-08-09,16:45:01,Whole,579.8163883095779,,4.002708109723583,,2577.0,2115.5,1.81098974930525,0,3,1,,0.013157894736842105,0.9868421052631579,,0.0,0.013157894736842105,0.0,1002.4880841559669,,,1059.4116875482366,1045.8109234808608,1002.4880841559669,1021.2350960505,837.8730562749658,169.99844912023192
942,raspberrypi,304.0,2023-08-10,13:55:01,Whole,218.92065601789614,1.0,3.36138205635453,10.93726657214292,3045.33,1132.995,2.1364800717100314,0,8,25,103.7287868313081,0.16393442622950818,0.6065573770491803,,0.0,0.16393442622950818,0.0,1280.98584373509,,,612.4544788991208,383.3134205630351,1280.98584373509,1705.4319171718842,1596.4148431730075,292.00204129149733
943,raspberrypi,306.0,2023-08-10,13:55:01,Whole,466.8723559145911,1.0,1.5729032043860198,19.38283891602168,3129.25,499.0,2.1364800717100314,1,3,4,8.330371159133885e-28,0.06557377049180328,0.9344262295081968,,0.0,0.06557377049180328,0.0,1589.2113291753615,,,666.4603432523551,421.0824359548841,1589.2113291753615,2133.7365714051434,1885.5589907301483,109.24329240981399
944,raspberrypi,307.0,2023-08-10,13:55:01,Whole,350.3685406682466,1.0,2.5195860578500664,36.129780059986096,2765.5489130434785,922.0326086956521,2.3988878680833463,0,19,23,2453.7503026031623,0.16393442622950818,0.6229508196721312,,0.16393442622950818,0.16393442622950818,0.0,1276.0311571994246,,,304.71460322485814,521.5099819599834,1276.0311571994246,1611.9070269609722,1347.9934980393605,245.16156600511317
945,raspberrypi,314.0,2023-08-10,13:55:01,Whole,262.11136727536547,1.0,2.2495328308569436,22.86874916891605,3093.278846153846,706.9326923076923,1.9838281060770349,0,5,13,16.799241277916774,0.21311475409836064,0.7868852459016393,,0.0,0.21311475409836064,0.0,1434.7568249378633,,,591.6579567174263,371.3780646060095,1434.7568249378633,1973.0958657983858,1749.8559845353732,2.449384645118073
946,raspberrypi,319.0,2023-08-10,13:55:01,Whole,287.8837255340834,1.0,5.637071614726984,8.736314897350617,3235.508333333333,789.0083333333333,2.796632548278672,0,14,15,110.29222995996825,0.2459016393442623,0.7540983606557377,,0.0,0.2459016393442623,0.0,1472.3817179356624,,,730.4131843722226,382.58046697481325,1472.3817179356624,2037.8533643179226,1852.3149608266594,26.803070850525657
947,raspberrypi,414.0,2023-08-10,13:55:01,Whole,548.307808088606,,2.935215299189409,,3363.75,1351.0,2.886652556446044,0,2,1,,0.0,0.9836065573770492,,0.0,0.0,0.0,1438.877765087242,,,986.158299557922,405.7497317016507,1438.877765087242,1899.6284344111293,1783.6926050094758,463.9337153056098
948,raspberrypi,425.0,2023-08-10,13:55:01,Whole,254.11840097335963,,,,2990.75,1200.0,,0,0,1,,0.0,1.0,,0.0,0.0,0.0,1229.397663785915,,,584.7723159613881,394.818179090834,1229.397663785915,1619.5250922839407,1496.425188168613,260.3158669403524
949,raspberrypi,470.0,2023-08-10,13:55:01,Whole,1573.6143264285452,,7.8750573226577965,,2441.5,2419.25,7.8750573226577965,0,1,1,,0.0,1.0,,0.0,0.0,0.0,1083.2300698534277,,,1325.4103499926634,1362.4419503644242,1083.2300698534277,962.2916793500503,701.1576743290997,413.56339724482393
950,raspberrypi,638.0,2023-08-10,13:55:01,Whole,2441.0495676358396,,14.017135076817414,,1378.0,2775.25,14.017135076817414,0,1,1,,0.0,1.0,,0.0,0.0,0.0,1282.0349114070525,,,1813.9137340417428,2291.380826325021,1282.0349114070525,704.4767246749548,431.1910914286107,428.0964048277411
951,raspberrypi,666.0,2023-08-10,13:55:01,Whole,296.8723647587346,,0.9796139352717145,,3126.25,680.0,0.9796139352717145,1,1,1,,0.01639344262295082,0.9836065573770492,,0.0,0.01639344262295082,0.0,1460.9429240587583,,,626.9926269244204,370.1523653612328,1460.9429240587583,2015.0430782548292,1796.2127514588155,19.586400582749484
952,raspberrypi,812.0,2023-08-10,13:55:01,Whole,612.3677808865423,,2.6529908031810128,,3201.0,369.5,1.8436477598484733,0,2,1,,0.0,0.9836065573770492,,0.0,0.0,0.0,1724.6870749002733,,,777.1955439714559,484.1615343491597,1724.6870749002733,2273.440288964412,2014.9208930973787,206.71504397631824
953,raspberrypi,183.0,2023-08-10,07:40:01,Whole,1437.965034369558,,5.436108578964031,,1663.5,488.25,5.436108578964031,0,1,1,,0.0,1.0,,0.0,0.0,0.0,1507.417020377589,,,263.02152185546146,1410.8692093980778,1507.417020377589,1425.2854990329115,952.8562620311136,1132.7040574218834
954,raspberrypi,190.0,2023-08-10,07:40:01,Whole,356.96629519154595,,4.081279667978201,,3110.25,1542.5,4.081279667978201,0,1,1,,0.0,0.9866666666666667,,0.0,0.0,0.0,1247.5441061279198,,,872.9864587158836,467.80761824914725,1247.5441061279198,1603.7988716312127,1478.6022009994065,468.45278740639435
955,raspberrypi,309.0,2023-08-10,07:40:01,Whole,447.62662914044853,0.04054054054054054,4.367155731672283,5.4286456193761765,2637.673333333333,901.3233333333334,6.787794820165262,1,45,75,1.1465229967140165,0.0,0.0,,1.0,0.0,0.0,1216.3751449160557,,,146.74523620912228,543.9650341844587,1216.3751449160557,1505.498441776068,1258.07140320716,341.16588784566613
956,raspberrypi,311.0,2023-08-10,07:40:01,Whole,664.5113825732742,,2.6418523971371015,,3088.25,669.75,2.6418523971371015,0,1,1,,0.013333333333333334,0.9866666666666667,,0.0,0.013333333333333334,0.0,1453.014316474883,,,590.4740236521047,369.7068052303907,1453.014316474883,1992.1359289857817,1766.8630415870823,37.68490094243815
957,raspberrypi,316.0,2023-08-10,07:40:01,Whole,863.1324063108283,0.3157894736842105,4.524633656156259,5.273323835869856,3274.7,2046.84375,6.789341149379365,1,42,40,8.606709754720981,0.0,0.4666666666666667,,0.0,0.0,0.0,1402.1319973922848,,,1343.22295553718,793.5338957633816,1402.1319973922848,1703.3927344909437,1538.0971689359167,271.92625651947236
958,raspberrypi,425.0,2023-08-10,07:40:01,Whole,452.2266882542917,,3.666585214966694,,2740.25,855.0,0.5955186611729744,1,2,1,,0.0,1.0,,0.0,0.0,0.0,1260.9408997422092,,,239.3227687973377,483.787925961665,1260.9408997422092,1611.0685423863372,1372.6955413577452,230.1497256596801
959,raspberrypi,524.0,2023-08-10,07:40:01,Whole,854.4518920938605,,3.3607340843923503,,3268.25,2040.5,0.05477114185583727,1,2,1,,0.0,0.9866666666666667,,0.0,0.0,0.0,1395.5745162906255,,,1334.199612561767,786.4141246036511,1395.5745162906255,1696.8780882010851,1532.3424114116542,266.04924600467405
960,raspberrypi,17.0,2023-08-10,01:05:01,Whole,2365.897451211295,,12.36144646313392,,878.0,310.75,12.36144646313392,0,1,1,,0.0,1.0,,0.0,0.0,0.0,1959.5306210582976,,,1052.5690731984869,2181.2759857929937,1959.5306210582976,1699.2356432022386,1212.476439854771,1398.6677036720469
961,raspberrypi,163.0,2023-08-10,01:05:01,Whole,919.9635242504418,,5.45362937080461,,2181.25,1002.75,5.070034893629702,0,2,1,,0.0,0.9836065573770492,,0.01639344262295082,0.0,0.0,1103.2700876159267,,,0.0,888.5519028422461,1103.2700876159267,1131.6375668263763,815.0188420686006,804.4441593016554
962,raspberrypi,304.0,2023-08-10,01:05:01,Whole,964.8124172845697,1.0,4.264470898841416,13.324378503329902,2937.125,713.375,4.264470898841416,0,1,5,0.0,0.08196721311475409,0.9180327868852459,,0.0,0.08196721311475409,0.0,1382.1550364729358,,,435.66410331980615,398.3016188068988,1382.1550364729358,1849.9264541515724,1612.7067264683633,71.55180442654351
963,raspberrypi,307.0,2023-08-10,01:05:01,Whole,347.63335596369916,0.21052631578947367,2.8441512125803516,5.491449638089513,2711.3,2002.34375,1.4616910021452112,0,26,20,3.9628917909672277,0.32786885245901637,0.6721311475409836,,0.0,0.32786885245901637,0.0,1025.421912329934,,,999.7084672996804,886.8787123484058,1025.421912329934,1148.0276007424197,991.8624756604772,55.622180734020944
964,raspberrypi,314.0,2023-08-10,01:05:01,Whole,188.33535790403445,,2.160186320598865,,2940.625,1530.75,2.160186320598865,1,2,2,,0.0,0.9672131147540983,,0.0,0.0,0.0,1147.9390361216138,,,738.231640829564,466.57367792538537,1147.9390361216138,1447.0838726516658,1324.0282570701565,422.739138007389
965,raspberrypi,316.0,2023-08-10,01:05:01,Whole,85.48718140256895,1.0,2.085433491877405,11.2036723789568,2836.680555555555,1724.661111111111,1.3541900028040583,4,30,45,65.2637903347668,0.2786885245901639,0.26229508196721313,,0.0,0.2786885245901639,0.0,1076.646933940981,,,819.9915056603938,622.1942613873324,1076.646933940981,1300.7471019702998,1150.6227670643086,206.92314335080363
966,raspberrypi,319.0,2023-08-10,01:05:01,Whole,572.0287724725035,,2.7281653524252927,,3329.75,1918.25,2.7281653524252927,0,1,1,,0.0,0.9836065573770492,,0.0,0.0,0.0,1420.313424623542,,,1287.3637255571077,678.2447567414714,1420.313424623542,1759.4828762621637,1614.5575604836747,356.5149428728341
967,raspberrypi,542.0,2023-08-10,01:05:01,Whole,62.69688388720247,,0.9196576136052012,,2769.75,1714.5,0.3576751947086342,1,2,1,,0.0,0.9836065573770492,,0.0,0.0,0.0,1043.5032938003676,,,772.9235381890733,652.9374266157238,1043.5032938003676,1237.6081553603883,1101.394737379168,237.80435445573067
968,raspberrypi,666.0,2023-08-10,01:05:01,Whole,179.8427903831302,0.25,3.971056925969444,3.3694389466107024,2940.909722222222,1543.2916666666667,1.202569704720939,4,13,18,0.8742363749861487,0.0,0.7049180327868853,,0.0,0.0,0.0,1146.7487081782708,,,747.2291509289098,473.6354521453678,1146.7487081782708,1443.638713896796,1314.7181229845778,411.5145388862603
969,raspberrypi,32.0,2023-08-09,21:25:01,Whole,987.8915180565772,,8.79681229993978,,2974.25,1927.0,4.415756221722985,0,3,1,,0.012658227848101266,0.9873417721518988,,0.0,0.012658227848101266,0.0,1157.529506516375,,,1063.3286273706894,709.3958831327652,1157.529506516375,1408.425857813859,1260.7967264661631,63.097176440933
970,raspberrypi,131.0,2023-08-09,21:25:01,Whole,1474.1675846021833,0.0,11.40472356108176,,1098.8466666666666,346.6066666666667,8.579439687836642,0,179,75,0.022178040609468843,0.0,1.0,,0.0,0.0,0.0,1820.0746974039002,,,833.6263123053583,1965.9793806895104,1820.0746974039002,1600.7729341385227,1105.333078889415,1305.5156457136454
971,raspberrypi,304.0,2023-08-09,21:25:01,Whole,1147.309728048339,1.0,6.125705584546588,7.973589216908531,3180.125,1890.0,6.117672210676819,0,3,3,0.0,0.0,0.9620253164556962,,0.0,0.0,0.0,1301.1370029697391,,,1163.1897538151509,643.2850097552315,1301.1370029697391,1613.3667628452167,1469.43063883329,235.90446394071571
972,raspberrypi,305.0,2023-08-09,21:25:01,Whole,1339.5911739488724,0.7872340425531915,7.129921485247502,44.68049576734875,2417.5178571428573,2581.683673469388,4.08787762307971,0,146,49,846.3082610085665,0.0,0.5316455696202531,,0.0,0.0,0.0,1248.5626749854403,,,1556.322040131704,1556.7798794050334,1248.5626749854403,1101.9709499296384,847.2168966124304,335.798869827988
973,raspberrypi,307.0,2023-08-09,21:25:01,Whole,794.2067225142871,1.0,4.120784027014463,83.39285401988165,2439.725,2013.9535714285714,2.740467712519184,1,113,35,4831.811724442966,0.12658227848101267,0.569620253164557,,0.0,0.12658227848101267,0.05063291139240506,973.402887695067,,,971.8714164809975,1068.463401904118,973.402887695067,927.3499600642139,827.9419133800153,223.88142940844716
974,raspberrypi,309.0,2023-08-09,21:25:01,Whole,513.1128025860927,1.0,6.197741397769775,42.169662202354566,2417.71511627907,1018.4709302325581,7.668208123158822,0,84,43,3697.6240309524596,0.0,0.46835443037974683,,0.4050632911392405,0.0,0.0,1133.3734044335672,,,102.41058429130135,717.7059507076347,1133.3734044335672,1280.8805407060368,1129.6442084244013,483.4704634238701
975,raspberrypi,310.0,2023-08-09,21:25:01,Whole,796.9752225856084,1.0,5.035463976785697,21.32773616185389,2788.769230769231,1853.6346153846155,1.7404384596979643,0,49,13,44.65884730017986,0.16455696202531644,0.8354430379746836,,0.0,0.16455696202531644,0.0,1049.9718162345691,,,903.3586668226727,734.1061186323635,1049.9718162345691,1233.7778985964728,1088.4836249877242,102.35363761568371
976,raspberrypi,314.0,2023-08-09,21:25:01,Whole,1222.2538284548193,,7.025289244468159,,3374.5,1453.75,3.3910823506902363,0,3,1,,0.0,0.9873417721518988,,0.0,0.0,0.0,1438.05730719563,,,1042.836879031132,444.768372809821,1438.05730719563,1879.095454072972,1757.3367046059375,561.0807411384237
977,raspberrypi,316.0,2023-08-09,21:25:01,Whole,773.8966699568974,1.0,5.1986781439793255,21.207952583453157,2922.0588235294117,1353.9264705882354,3.724784411016653,1,111,34,601.6738170207338,0.0,0.5822784810126582,,0.0,0.0,0.0,1168.370192707177,,,609.9454325575784,436.6604169109553,1168.370192707177,1495.4757559545726,1385.4205620865866,451.19786488119826
978,raspberrypi,392.0,2023-08-09,21:25:01,Whole,1308.451779577852,,7.9052160716429,,3126.75,2251.25,1.6192824943742365,0,3,1,,0.012658227848101266,0.9873417721518988,,0.0,0.012658227848101266,0.0,1355.0835074054476,,,1417.4902620638265,993.1437173309978,1355.0835074054476,1574.2361503213067,1373.8685228339716,166.85560356525772
979,raspberrypi,441.0,2023-08-09,21:25:01,Whole,1174.5182055970554,,7.211398358608011,,3329.25,1366.25,3.909704401630645,0,4,1,,0.0,0.9873417721518988,,0.0,0.0,0.0,1412.0468859009563,,,961.8702076446141,396.5541631526079,1412.0468859009563,1862.4143559278143,1745.9867709196553,462.7314973335548
980,raspberrypi,542.0,2023-08-09,21:25:01,Whole,806.599933240539,,5.446964434329784,,2957.75,1299.0,0.4654731562336987,1,5,1,,0.0,0.9873417721518988,,0.0,0.0,0.0,1192.7648935071293,,,605.9069055868702,413.1933156511996,1192.7648935071293,1546.7885525477625,1441.0774195005185,364.5563296150815
981,raspberrypi,708.0,2023-08-09,21:25:01,Whole,371.9815331456131,,6.054379864781544,,2172.75,1003.75,5.607155318378628,0,2,1,,0.0,0.9873417721518988,,0.012658227848101266,0.0,0.0,1102.2620861979906,,,0.0,895.7161064871668,1102.2620861979906,1125.9546185077495,807.4398047604202,812.982139592525
982,raspberrypi,812.0,2023-08-09,21:25:01,Whole,789.0430924915463,0.0,5.765114609217903,,2680.0,1964.125,11.680121077212046,1,7,5,0.0,0.06329113924050633,0.9367088607594937,,0.0,0.06329113924050633,0.0,1007.8161823431471,,,952.1820088995526,873.918301126567,1007.8161823431471,1118.3176717463582,964.3312848509231,94.3205063447501
983,raspberrypi,250.0,2023-08-09,23:40:01,Whole,1742.4678196886853,,11.024238347084813,,1661.375,488.375,11.024238347084813,0,1,2,,0.0,1.0,,0.0,0.0,0.0,1507.8345988224426,,,264.7972620432164,1412.7536535142954,1507.8345988224426,1424.9029869437106,952.2367999157989,1132.2340645073382
984,raspberrypi,304.0,2023-08-09,23:40:01,Whole,1091.4439195983905,,7.7767206647116955,,2960.0,1844.0,7.7767206647116955,0,1,1,,0.017857142857142856,0.9821428571428571,,0.0,0.017857142857142856,0.0,1143.9106936195415,,,987.6451586224962,643.6473286344375,1143.9106936195415,1401.1204678521797,1257.5706750696065,132.96458759919526
985,raspberrypi,309.0,2023-08-09,23:40:01,Whole,489.10360750004185,0.0,7.9193317525116385,,1671.0725806451612,2623.6532258064517,3.2056224456014646,0,15,31,0.1161679068382426,0.0,1.0,,0.0,0.0,0.0,1080.2836691893526,,,1576.363245879586,1982.7524942204589,1080.2836691893526,563.02587959291,247.21630986325027,244.94154593136065
986,raspberrypi,316.0,2023-08-09,23:40:01,Whole,168.37985001284505,0.0,4.890707891329702,,1895.9458333333334,2045.2041666666667,3.2047491840337408,0,11,30,0.02311850646787136,0.5357142857142857,0.4642857142857143,,0.0,0.5357142857142857,0.5357142857142857,777.053764039952,,,960.5885166200221,1452.5978457885344,777.053764039952,377.03258525488627,176.28215432535296,177.95422114571176
987,raspberrypi,542.0,2023-08-09,23:40:01,Whole,1306.9574964294554,,7.89209958263758,,3024.375,1492.75,6.5767190707453045,0,2,2,,0.0,0.9642857142857143,,0.0,0.0,0.0,1199.4719216415383,,,775.2100778586893,442.9563683848899,1199.4719216415383,1537.1115594151743,1415.9398115009385,481.43944052646117
988,raspberrypi,666.0,2023-08-09,23:40:01,Whole,1587.8381009324808,1.0,,49.750628136738136,3341.375,1479.125,,0,0,2,,0.0,0.9642857142857143,,0.0,0.0,0.0,1411.8699932275044,,,1026.8500802390713,452.8355425256558,1411.8699932275044,1840.692423474786,1717.7705586518628,572.1298493554768
989,raspberrypi,812.0,2023-08-09,23:40:01,Whole,1295.329683840977,,8.825871937472632,,3146.5,1760.25,8.825871937472632,0,1,1,,0.0,0.9821428571428571,,0.0,0.0,0.0,1267.0313601478856,,,1045.9931579021566,577.4308611327788,1267.0313601478856,1593.9850035411935,1456.0658473776286,299.0450757403355
990,raspberrypi,852.0,2023-08-09,23:40:01,Whole,1497.4661787128487,,,,3269.25,1536.5,,0,0,1,,0.0,0.9821428571428571,,0.0,0.0,0.0,1356.1403423567208,,,996.928130063101,473.2483384863557,1356.1403423567208,1756.9830644235872,1631.265933606772,551.633322141899
991,raspberrypi,987.0,2023-08-09,23:40:01,Whole,1106.92701550575,,7.476982759356727,,3036.5,2141.75,7.476982759356727,0,1,1,,0.017857142857142856,0.9821428571428571,,0.0,0.017857142857142856,0.0,1248.1456699051714,,,1276.5872591383193,895.3701577534205,1248.1456699051714,1473.1535807014109,1289.9743222403324,38.07418134698159
992,raspberrypi,307.0,2023-08-10,09:15:01,Whole,577.0560484137156,1.0,5.198775395141037,37.03892902735427,2467.089285714286,929.4047619047619,3.222636539195747,0,15,21,818.3500214712664,0.0,0.7101449275362319,,0.2898550724637681,0.0,0.0,1176.4164979999123,,,38.16701730832859,668.6841533315617,1176.4164979999123,1368.5805932461865,1171.522024687094,487.2246695012118
993,raspberrypi,309.0,2023-08-10,09:15:01,Whole,123.27512401101417,0.0,4.357382578325658,,2896.66447368421,1306.572368421053,3.524520322287922,0,37,57,0.010640899757312939,0.0,0.17391304347826086,,0.0,0.0,0.0,1161.9594690058436,,,559.8806364494719,439.01817829955326,1161.9594690058436,1489.2918480735416,1384.2647274534365,392.2985195998932
994,raspberrypi,310.0,2023-08-10,09:15:01,Whole,658.4318747430327,1.0,5.380364282913694,8.052391232326586,2861.03125,2029.7135416666667,3.6313407159465285,0,25,24,24.066573189817902,0.34782608695652173,0.6521739130434783,,0.0,0.34782608695652173,0.0,1107.8248384577682,,,1091.0781517146845,846.2165239409458,1107.8248384577682,1296.3240629902564,1110.8089137029594,0.0
995,raspberrypi,316.0,2023-08-10,09:15:01,Whole,669.0296382251572,0.6666666666666666,2.9117915532306062,26.76868506296116,3097.25,780.0,2.8788560987533085,0,4,4,220.81331400441957,0.057971014492753624,0.9420289855072463,,0.0,0.057971014492753624,0.0,1403.31729811522,,,592.302878423066,369.98129048243425,1403.31729811522,1931.631953648027,1721.9812555208,0.0
996,raspberrypi,470.0,2023-08-10,09:15:01,Whole,1439.7345795942238,,6.028836703270454,,1663.5,487.75,4.410516224154784,0,2,1,,0.0,1.0,,0.0,0.0,0.0,1507.7998025555846,,,263.2728967276342,1410.9988959663717,1507.7998025555846,1425.7798244117191,953.3422326365537,1133.197289131683
997,raspberrypi,584.0,2023-08-10,09:15:01,Whole,1159.6727357853163,,6.101374632184892,,2293.5,2422.5,6.101374632184892,0,1,1,,0.0,1.0,,0.0,0.0,0.0,1035.6654186065393,,,1311.4108322207096,1443.1192339183476,1035.6654186065393,831.2194997207076,556.7555163197225,521.0794529999561
998,raspberrypi,17.0,2023-08-10,03:25:01,Whole,459.56821994242404,,3.34262024465814,,2997.0,821.75,3.34262024465814,0,1,1,,0.015873015873015872,0.9841269841269841,,0.0,0.015873015873015872,0.0,1345.8606729715107,,,492.6422175170881,382.484849179762,1345.8606729715107,1827.495761213956,1618.9552644036128,0.0
999,raspberrypi,313.0,2023-08-10,03:25:01,Whole,262.98750589839835,,2.7654368610146474,,2830.5,983.5,2.7654368610146474,0,1,1,,0.015873015873015872,0.9841269841269841,,0.0,0.015873015873015872,0.0,1228.5805910214774,,,354.5245612775978,440.98500398822796,1228.5805910214774,1599.6120622391963,1403.1987892009295,180.47616744904627
1000,raspberrypi,314.0,2023-08-10,03:25:01,Whole,263.458867165014,1.0,2.0575411129513386,30.50635233991811,2463.346153846154,892.2644230769231,2.0575411129513386,1,2,52,632.5196917525558,0.1746031746031746,0.19047619047619047,,0.6190476190476191,0.1746031746031746,0.0,1203.2668145442926,,,90.37240063616122,682.0160461970762,1203.2668145442926,1402.6467132773412,1078.7035286015957,535.592413573523
1001,raspberrypi,319.0,2023-08-10,03:25:01,Whole,690.3341370412456,0.0,3.0540285528363937,,3062.975,1466.0125,3.0540285528363937,0,2,10,0.0044182033139658124,0.0,0.8412698412698413,,0.0,0.0,0.0,1225.2173225945742,,,788.5096536198034,429.1559690816915,1225.2173225945742,1581.518292735964,1461.797922680998,513.245771026458
1002,raspberrypi,666.0,2023-08-10,03:25:01,Whole,134.4893919320112,,0.4576919816772925,,2469.0,893.75,0.4576919816772925,1,1,1,,0.0,0.9841269841269841,,0.015873015873015872,0.0,0.0,1191.4821272716324,,,0.0,660.2209428029762,1191.4821272716324,1393.8802593085682,1116.2949249559679,503.7510687167186
1003,raspberrypi,858.0,2023-08-10,03:25:01,Whole,395.4610160293407,,3.6573902442253843,,2172.5,1004.0,3.6573902442253843,0,1,1,,0.0,0.9841269841269841,,0.015873015873015872,0.0,0.0,1102.1097566359456,,,0.0,895.9333021136179,1102.1097566359456,1125.6124671926827,807.0921577066852,813.2741321311337
1004,raspberrypi,987.0,2023-08-10,03:25:01,Whole,376.50540507369203,,,,2831.0,1254.25,,0,0,1,,0.0,1.0,,0.0,0.0,0.0,1145.2993706850293,,,476.02281055476277,462.53291174812654,1145.2993706850293,1455.4965415405893,1329.1433131291783,375.01656636621857
1005,raspberrypi,305.0,2023-08-10,10:50:01,Whole,934.6774472860156,,4.595187940357681,,3247.0833333333335,1991.4166666666667,1.8474023093479877,0,5,3,,0.0,0.961038961038961,,0.0,0.0,0.0,1370.567197360602,,,1283.960512964008,739.5073385827276,1370.567197360602,1677.2820508113984,1514.3470522033533,273.5616964991167
1006,raspberrypi,306.0,2023-08-10,10:50:01,Whole,580.9159637799864,0.6935483870967742,5.963398134388649,9.857437486815476,2085.7083333333335,1023.8511904761905,5.9199384216508255,0,69,63,61.68753459068124,0.0,0.18181818181818182,,0.8181818181818182,0.0,0.0,1089.369390486983,,,0.0,971.2429137752792,1089.369390486983,1063.4340156085034,740.4312027833901,836.4798001883502
1007,raspberrypi,310.0,2023-08-10,10:50:01,Whole,896.492969529706,1.0,6.660352864614085,76.31963622211696,2392.464285714286,1468.142857142857,2.9174783436749174,0,28,28,2234.6366520006836,0.0,0.6493506493506493,,0.16883116883116883,0.0,0.0,1232.617590514663,,,625.2901671677304,1041.202354650793,1232.617590514663,1284.0175827826479,1057.0036339368978,503.8281232780197
1008,raspberrypi,314.0,2023-08-10,10:50:01,Whole,644.3210662715048,0.8536585365853658,3.1426211336306205,6.724730626666641,2955.8255813953488,1884.2122093023256,6.053410782083674,2,52,43,25.63015859184596,0.5584415584415584,0.44155844155844154,,0.0,0.5584415584415584,0.0,1144.2136267341052,,,1018.2551557796018,680.6005439253005,1144.2136267341052,1394.0231398753056,1261.695922184417,109.4927332465904
1009,raspberrypi,447.0,2023-08-10,10:50:01,Whole,1068.9997461571008,,11.214866298296213,,3103.5,538.0,11.214866298296213,0,1,1,,0.012987012987012988,0.987012987012987,,0.0,0.012987012987012988,0.0,1548.918171005502,,,630.9112627984957,402.79396035136057,1548.918171005502,2088.799104801402,1843.5328252102963,102.01715443692592
1010,raspberrypi,666.0,2023-08-10,10:50:01,Whole,651.8269025084428,,3.1037968231355535,,2980.5,1871.375,0.08977522291506196,2,4,2,,0.025974025974025976,0.974025974025974,,0.0,0.025974025974025976,0.0,1158.2288599296933,,,1021.8577151561636,658.7656569889098,1158.2288599296933,1418.553806175495,1273.7473061106912,115.82099827067013
1011,raspberrypi,739.0,2023-08-10,10:50:01,Whole,993.6122122735962,1.0,5.706184813218947,2.9592134840941173,3257.95,2073.95,7.831790019713145,0,7,5,1.974163858360843e-26,0.0,0.935064935064935,,0.0,0.0,0.0,1395.7614114610262,,,1352.9305307740408,818.5053242606094,1395.7614114610262,1687.6256552034386,1517.8044833066403,252.99064497863716
1012,raspberrypi,818.0,2023-08-10,10:50:01,Whole,479.9596535199339,1.0,5.385343034771693,21.207385768610337,2970.9166666666665,1305.8125,5.246640263870983,0,8,6,18.837131910013078,0.0,0.922077922077922,,0.0,0.0,0.0,1198.2022927563917,,,620.7364113649811,409.3352204810162,1198.2022927563917,1555.7622124171694,1449.1959052551533,371.8369250264628
1013,raspberrypi,250.0,2023-08-09,20:20:01,Whole,949.2880560653933,,6.959681807259277,,2985.25,1369.5,6.474871875912741,0,2,1,,0.0,0.9873417721518988,,0.0,0.0,0.0,1194.3726491361424,,,668.5383987835903,411.0573531070262,1194.3726491361424,1543.3374898554139,1431.6840379509135,426.6245099200546
1014,raspberrypi,304.0,2023-08-09,20:20:01,Whole,429.95499616261844,1.0,4.904198172449646,31.857510723984642,2797.4416666666666,1899.3833333333334,4.634238866555872,0,28,15,146.8313436850738,0.16455696202531644,0.8227848101265823,,0.0,0.16455696202531644,0.0,1059.1707078602726,,,948.9629354653209,769.5216935091371,1059.1707078602726,1237.9351599735678,1118.5643083095288,66.42208841752878
1015,raspberrypi,306.0,2023-08-09,20:20:01,Whole,848.8627556709371,0.0,7.409985353335492,,3058.4556962025317,2808.990506329114,6.402899384279881,0,105,79,0.07216904094434204,0.0,1.0,,0.0,0.0,0.0,1616.2653243789632,,,1877.8639429684886,1552.4566525140558,1616.2653243789632,1678.272530546142,1402.6880534553793,609.1620963823641
1016,raspberrypi,313.0,2023-08-09,20:20:01,Whole,596.926583145047,1.0,3.7785546682192344,5.385164807134503,1980.0,1868.0,1.7117843573332172,0,24,8,9.203377227578472e-31,0.0,0.9113924050632911,,0.0,0.0,0.0,783.4211237443064,,,770.3041494625977,1293.4325731417125,783.4211237443064,474.38520659575715,309.9018595789474,364.53502181890025
1017,raspberrypi,315.0,2023-08-09,20:20:01,Whole,1211.1459444433876,1.0,6.662562361165881,102.50324474146095,2806.525,1014.6,4.7143982767422825,0,15,5,2817.6235066295426,0.0,0.9493670886075949,,0.0,0.0,0.0,1218.728127347684,,,348.6350900771655,457.73414484383306,1218.728127347684,1568.5841099842503,1377.0175527704139,235.15872884300836
1018,raspberrypi,316.0,2023-08-09,20:20:01,Whole,993.8946489266148,0.038461538461538464,5.604926176990583,3.1858541225631423,1740.4791666666667,1525.726851851852,9.496227246046342,0,93,54,0.4135278213498599,0.0,0.9746835443037974,,0.0,0.0,0.0,833.980950605659,,,528.9460903780714,1358.7038754019313,833.980950605659,483.09464101357145,213.10971758451527,243.3235133101482
1019,raspberrypi,319.0,2023-08-09,20:20:01,Whole,354.870692307191,1.0,3.8981118314537437,57.35620132072182,2165.494318181818,2125.778409090909,3.7760422605837576,0,47,22,3801.3362493930026,0.05063291139240506,0.7341772151898734,,0.0,0.05063291139240506,0.0379746835443038,877.9690374349794,,,1020.9562504729137,1311.7632958063107,877.9690374349794,637.9970570564216,462.7307980700675,359.31630715863065
1020,raspberrypi,304.0,2023-08-10,14:15:01,Whole,515.8154895802795,1.0,4.390120866933641,48.68266447007485,3287.926470588235,2207.735294117647,3.1145562920669754,0,44,17,201.83485565638992,0.0,0.7866666666666666,,0.0,0.0,0.0,1471.2766414209905,,,1483.6350536327893,965.917454332287,1471.2766414209905,1736.2164785333287,1546.6996863752559,323.5181686888061
1021,raspberrypi,306.0,2023-08-10,14:15:01,Whole,1229.013758410332,1.0,5.376227563590317,12.256361667811365,3277.25,666.8863636363636,2.0936811312867745,0,27,11,254.13754018644917,0.14666666666666667,0.8533333333333334,,0.0,0.14666666666666667,0.0,1555.2132074078165,,,778.5297776349239,401.34965496076654,1555.2132074078165,2141.917308321697,1945.0140716300102,39.6381982197345
1022,raspberrypi,307.0,2023-08-10,14:15:01,Whole,247.1378650594678,0.7301587301587301,4.917523971513574,8.499686019814707,3035.6953125,2089.724609375,3.907207004628005,0,41,64,39.65724552401763,0.8533333333333334,0.14666666666666667,,0.0,0.8533333333333334,0.0,1231.2300759573225,,,1232.51733389879,845.2374046846022,1231.2300759573225,1468.8919960616329,1297.5003503150958,31.769807564377018
1023,raspberrypi,310.0,2023-08-10,14:15:01,Whole,933.793775513159,1.0,4.635540614282874,73.6288269894437,3063.019230769231,942.0,2.1296499639263438,0,38,13,5388.781063688134,0.12,0.8266666666666667,,0.0,0.12,0.0,1366.7823445571591,,,595.5363091080816,388.4262356345521,1366.7823445571591,1829.5282479623868,1661.2158455462063,138.59316558396716
1024,raspberrypi,314.0,2023-08-10,14:15:01,Whole,552.0475123204404,1.0,4.316543095250589,38.68536689079404,2485.7291666666665,2058.6208333333334,3.257995999206776,1,59,30,2196.2245571624417,0.12,0.6,,0.0,0.12,0.0,1003.2260583761157,,,1026.7219373000173,1062.8832990218077,1003.2260583761157,971.7917214668493,744.740155014822,304.57298851746685
1025,raspberrypi,319.0,2023-08-10,14:15:01,Whole,553.6537149639355,1.0,2.6486149339150864,4.138708282785826,3264.25,1391.125,3.815090457663142,0,6,5,0.0,0.0,0.9333333333333333,,0.0,0.0,0.0,1363.3991173861955,,,916.0475900189031,401.33592805815334,1363.3991173861955,1793.5859861335136,1676.4084688471905,463.358374945846
1026,raspberrypi,461.0,2023-08-10,14:15:01,Whole,1967.34916212695,,8.70681996923803,,994.5,1804.75,6.676654022624967,0,2,1,,0.0,1.0,,0.0,0.0,0.0,1105.4150798076048,,,1230.5027565695934,2114.852324794586,1105.4150798076048,493.60578443105777,313.36853040670337,332.82346435565375
1027,raspberrypi,666.0,2023-08-10,14:15:01,Whole,984.8572889346791,,2.741242735465366,,2188.25,2464.75,0.6780731835548457,1,2,1,,0.0,1.0,,0.0,0.0,0.0,1029.0115979832724,,,1349.4754141324556,1536.2245069509472,1029.0115979832724,760.6842255872803,467.180566067124,435.05783482479444
1028,raspberrypi,919.0,2023-08-10,14:15:01,Whole,626.990628677084,,4.212654356310119,,3330.5,1347.75,4.212654356310119,0,1,1,,0.0,0.9866666666666667,,0.0,0.0,0.0,1414.9188143425085,,,954.7860954188852,393.9454288213283,1414.9188143425085,1869.5917855391938,1754.2236823919932,446.37891363620395
1029,raspberrypi,128.0,2023-08-10,04:40:01,Whole,784.9892379313178,1.0,6.304527496947346,15.881069489946446,2951.035714285714,848.0,6.307676429151267,0,5,7,110.74579155992402,0.18421052631578946,0.8157894736842105,,0.0,0.18421052631578946,0.0,1318.8463457775626,,,448.7709081634704,394.29732015960656,1318.8463457775626,1775.6368930050621,1581.28523313795,13.49472908680265
1030,raspberrypi,304.0,2023-08-10,04:40:01,Whole,421.56370573500953,0.9354838709677419,6.968952200541207,7.126920047122582,2935.7121212121215,2050.496212121212,7.301815113122258,0,11,33,11.176940759604404,0.868421052631579,0.13157894736842105,,0.0,0.868421052631579,0.0,1153.505728353452,,,1146.0486532398609,834.2721117560253,1153.505728353452,1369.1178933942713,1208.3972269426908,0.0
1031,raspberrypi,306.0,2023-08-10,04:40:01,Whole,1036.4569481356257,0.8333333333333334,7.633376904135068,7.680833336079002,3155.46875,610.59375,7.6916723924053025,0,6,8,52.12534212469634,0.21052631578947367,0.7894736842105263,,0.0,0.21052631578947367,0.0,1517.4382595403558,,,665.9138602487246,374.4189852368081,1517.4382595403558,2080.9603847977214,1855.0730332697299,27.0671243287873
1032,raspberrypi,542.0,2023-08-10,04:40:01,Whole,346.19185325021755,,,,3299.0,1495.0,,0,0,1,,0.0,0.9736842105263158,,0.0,0.0,0.0,1379.7504072034305,,,998.9520348674864,455.68643239516155,1379.7504072034305,1796.0634360558797,1672.5236465463972,572.8612715618668
1033,raspberrypi,17.0,2023-08-10,13:15:01,Whole,1176.8775993473178,,7.054904319021892,,1676.375,1519.125,4.895758289260198,0,6,2,,0.01282051282051282,0.9743589743589743,,0.0,0.01282051282051282,0.02564102564102564,839.709716977172,,,557.757105054267,1413.378920123892,839.709716977172,458.39871926799606,148.70997709167165,192.27658673439598
1034,raspberrypi,37.0,2023-08-10,13:15:01,Whole,348.20896310430885,,2.2267184092808394,,3161.5,1856.25,1.0837408662489685,0,4,1,,0.0,0.9871794871794872,,0.0,0.0,0.0,1283.7509324329108,,,1125.7089410417793,625.8001269681945,1283.7509324329108,1597.6238909886067,1455.0663552294634,241.13279088240662
1035,raspberrypi,127.0,2023-08-10,13:15:01,Whole,807.1490233708305,,4.618059581565547,,2287.0,2422.5,3.87931957434505,0,3,1,,0.0,1.0,,0.0,0.0,0.0,1033.6460467377988,,,1310.9570961069153,1446.742350744993,1033.6460467377988,825.5044304540769,550.418993218857,514.8158896089
1036,raspberrypi,307.0,2023-08-10,13:15:01,Whole,107.56200038350403,1.0,3.811057323532596,6.914252613365269,2788.558510638298,1914.656914893617,2.0238510297267087,0,136,47,29.49628682978558,0.6025641025641025,0.3974358974358974,,0.0,0.6025641025641025,0.0,1050.4076378998216,,,955.5837143538512,779.6445829394497,1050.4076378998216,1227.4184771309854,1082.9666672939252,53.055074924424474
1037,raspberrypi,308.0,2023-08-10,13:15:01,Whole,482.72433069222586,0.7368421052631579,4.830392751840729,13.186639124501955,3178.1071428571427,2131.5373376623374,2.457741209756531,8,182,77,123.57132376185452,0.41025641025641024,0.19230769230769232,,0.0,0.41025641025641024,0.0,1351.2026120915111,,,1348.6394032592184,873.4684468364301,1351.2026120915111,1612.3878517127023,1443.4703697929388,194.3690417952536
1038,raspberrypi,309.0,2023-08-10,13:15:01,Whole,1013.6608787641687,1.0,5.9583487613870165,53.70023551194477,2264.5555555555557,985.9583333333334,4.3513226825932625,0,60,18,1135.152297470221,0.0,0.782051282051282,,0.21794871794871795,0.0,0.0,1123.8368413433031,,,27.25241608908098,828.8701528607246,1123.8368413433031,1196.8785139735116,934.6655573244582,671.4980336490191
1039,raspberrypi,311.0,2023-08-10,13:15:01,Whole,1114.3964494961565,,7.565645938985187,,3069.75,727.75,7.549694136849533,0,2,1,,0.01282051282051282,0.9871794871794872,,0.0,0.01282051282051282,0.0,1414.861725583443,,,566.5002504945214,370.97654807031176,1414.861725583443,1941.6974272743537,1724.4936774173914,0.0
1040,raspberrypi,314.0,2023-08-10,13:15:01,Whole,509.3022097396993,0.987012987012987,4.612218731886206,51.379875537472515,2456.8653846153848,1771.014423076923,3.4437053641097095,1,182,78,2129.7265870088704,0.16666666666666666,0.01282051282051282,,0.0641025641025641,0.16666666666666666,0.01282051282051282,968.8049511467269,,,733.4511249216129,934.2870075806609,968.8049511467269,977.8162591404089,822.9126728650808,365.9669439459282
1041,raspberrypi,319.0,2023-08-10,13:15:01,Whole,717.1266603609396,0.6666666666666666,5.619125700551985,3.9169642707922394,3340.365,1323.825,4.299353637942624,0,62,25,2.428934492937271,0.0,0.6794871794871795,,0.0,0.0,0.0,1424.848567873059,,,953.4643572949769,396.95642689013243,1424.848567873059,1886.7793331465855,1780.9093629446775,432.35383869046154
1042,raspberrypi,441.0,2023-08-10,13:15:01,Whole,1065.0959265224024,1.0,4.863170471771455,48.7679454149957,1751.375,1842.5,1.1147686978506248,1,8,2,,0.01282051282051282,0.9743589743589743,,0.0,0.01282051282051282,0.02564102564102564,744.1882211770323,,,809.4697868522647,1466.4500997702198,744.1882211770323,309.2877275101199,160.51965108148065,198.49999839283095
1043,raspberrypi,818.0,2023-08-10,13:15:01,Whole,408.8092736621294,0.0,3.1769583406795947,,3138.0,2064.75,0.053944592443459415,8,29,8,1.8186754296372556e-25,0.10256410256410256,0.8974358974358975,,0.0,0.10256410256410256,0.0,1301.070722093659,,,1271.027040436601,807.2064961043205,1301.070722093659,1568.7490745564248,1399.962733774015,133.82253676777725
1044,raspberrypi,316.0,2023-08-09,21:55:01,Whole,498.12434942983725,0.05263157894736842,6.038306904278291,2.2777442079098416,1885.8133116883116,1861.2110389610389,5.14120927076344,0,79,77,0.31500133454860013,0.0,0.9487179487179487,,0.0,0.0,0.0,763.6702377043265,,,784.2916536929888,1365.0528170063824,763.6702377043265,399.0415052898268,234.4655121107685,315.802840702592
1045,raspberrypi,319.0,2023-08-09,21:55:01,Whole,494.2536121413295,0.42857142857142855,5.794758926458961,7.099915135901888,2876.9391025641025,1820.511217948718,5.14120927076344,0,79,78,16.874487709754526,1.0,0.0,,0.0,1.0,0.0,1094.4352223502954,,,920.5014593426757,663.7893256580173,1094.4352223502954,1322.8840675569122,1181.8245533993684,125.60716824732862
1046,raspberrypi,392.0,2023-08-09,21:55:01,Whole,728.9665146710049,,4.354369955149954,,2830.75,1253.25,2.905206893066228,0,2,1,,0.0,1.0,,0.0,0.0,0.0,1145.4460653396573,,,475.23822132816434,462.5206151862489,1145.4460653396573,1455.7537315723114,1329.0868163709956,374.2974418610505
1047,raspberrypi,470.0,2023-08-09,21:55:01,Whole,1522.0505997626055,,8.27343080539734,,1664.0,486.75,7.189589710042609,0,2,1,,0.0,1.0,,0.0,0.0,0.0,1508.4450481147237,,,263.3448875091364,1410.8077825153553,1508.4450481147237,1426.829784154531,954.4318013911852,1134.2657771524628
1048,raspberrypi,89.0,2023-08-09,18:25:01,Whole,446.30124002336817,,2.465964580382519,,2359.0,742.5,0.03691746604211868,1,3,1,,0.0,0.9868421052631579,,0.013157894736842105,0.0,0.0,1268.9127314054426,,,0.0,756.703858872027,1268.9127314054426,1441.9485735861015,1113.8410622486997,615.7925678131193
1049,raspberrypi,131.0,2023-08-09,18:25:01,Whole,1002.3461528007524,,6.08692888694312,,3424.25,349.0,1.3568788951560653,0,4,1,,0.0,0.9868421052631579,,0.0,0.0,0.0,1870.2642622235662,,,993.3495160723551,571.5987941944953,1870.2642622235662,2452.6636398265623,2215.8232765447356,294.90011633409625
1050,raspberrypi,304.0,2023-08-09,18:25:01,Whole,1130.636057294767,1.0,8.853469032550285,24.69936276364321,3052.464285714286,2109.035714285714,6.01358992242125,0,15,7,117.10477488394591,0.09210526315789473,0.9078947368421053,,0.0,0.09210526315789473,0.0,1250.4622192439633,,,1257.8568447582895,861.54652295593,1250.4622192439633,1487.1966489106906,1310.4999748226796,49.38676434343205
1051,raspberrypi,306.0,2023-08-09,18:25:01,Whole,555.8692257059848,1.0,2.570084565267281,35.69518475302457,2950.975,543.775,2.309361906735762,0,10,5,606.3675472632566,0.013157894736842105,0.9342105263157895,,0.0,0.013157894736842105,0.0,1495.4662289533144,,,483.03524544781084,413.3773930010314,1495.4662289533144,1974.5427834040681,1710.540795137255,206.85341968055548
1052,raspberrypi,310.0,2023-08-09,18:25:01,Whole,643.1339431012225,1.0,5.343424563161726,55.34552186088371,2678.5833333333335,424.53472222222223,2.4788037043562645,0,55,18,813.4701032764291,0.0,0.7631578947368421,,0.039473684210526314,0.0,0.0,1532.7843919884674,,,319.4764971474933,608.981939894182,1532.7843919884674,1894.3265621195933,1600.1592325433821,364.1945585962571
1053,raspberrypi,314.0,2023-08-09,18:25:01,Whole,462.6273033651198,0.4166666666666667,3.6679649925392463,14.98177546118307,2335.576612903226,763.5927419354839,4.011845931268857,4,129,62,257.40499780364866,0.013157894736842105,0.18421052631578946,,0.8026315789473685,0.013157894736842105,0.013157894736842105,1255.9628660832334,,,9.449539605807239,776.4447121511479,1255.9628660832334,1412.2461848719447,1107.5625501679854,621.1106054075698
1054,raspberrypi,315.0,2023-08-09,18:25:01,Whole,410.86144298853395,0.13636363636363635,5.347503501020866,6.605559518130664,3100.725,972.98,4.015250611246965,0,50,25,4.043183601417268,0.32894736842105265,0.6710526315789473,,0.0,0.32894736842105265,0.0,1337.2783955312384,,,614.3188517257771,370.61749842348036,1337.2783955312384,1826.002926855778,1660.3444687759609,19.37727905985504
1055,raspberrypi,316.0,2023-08-09,18:25:01,Whole,934.2892316787406,1.0,6.458199164628342,94.51531718782478,2320.784722222222,273.84027777777777,2.751298010988808,0,36,18,1568.283806781414,0.0,0.7894736842105263,,0.05263157894736842,0.0,0.0,1655.6650638103943,,,347.3404489888727,963.4888079488028,1655.6650638103943,1876.3558221422054,1540.776695533424,766.5990443914825
1056,raspberrypi,317.0,2023-08-09,18:25:01,Whole,1670.595138709039,1.0,9.973173087212661,114.8234335831383,2695.89375,2656.3375,6.963564606317178,0,66,20,6428.6156126885535,0.02631578947368421,0.7368421052631579,,0.0,0.02631578947368421,0.013157894736842105,1371.4982471641977,,,1651.4053549852658,1517.4769243938943,1371.4982471641977,1315.655264267309,1230.8042659743319,472.53370040101265
1057,raspberrypi,319.0,2023-08-09,18:25:01,Whole,414.69411908722026,0.8863636363636364,4.568760183599047,34.946582542658966,2911.3777173913045,1360.2146739130435,4.512259826344559,0,114,46,1424.0581675522187,0.039473684210526314,0.39473684210526316,,0.0,0.039473684210526314,0.0,1164.7658984255308,,,614.4784990255968,447.21208869665094,1164.7658984255308,1487.1487901099415,1348.6691062759514,487.8174939813542
1058,raspberrypi,470.0,2023-08-09,18:25:01,Whole,516.7701267812914,,4.58468457015326,,2781.0,1546.0,1.035704497185966,0,5,1,,0.0,0.9868421052631579,,0.0,0.0,0.0,1066.3002679605327,,,642.2324196350053,563.4587913493244,1066.3002679605327,1293.6781765877183,1171.168790920533,401.765278985568
1059,raspberrypi,542.0,2023-08-09,18:25:01,Whole,984.6101492027577,1.0,6.321910869312712,44.23699383631514,3312.2625,278.5125,5.472565840471442,0,32,10,350.26125372368574,0.02631578947368421,0.868421052631579,,0.0,0.02631578947368421,0.0,1860.0073268368094,,,922.7052685635514,570.982739283545,1860.0073268368094,2419.149333571259,2161.333360735806,319.8338380179875
1060,raspberrypi,666.0,2023-08-09,18:25:01,Whole,542.8872150005699,,5.219242277756094,,2233.5,750.25,0.3119727036576771,1,4,1,,0.0,0.9868421052631579,,0.013157894736842105,0.0,0.0,1257.7129871421728,,,0.0,857.7978326973354,1257.7129871421728,1366.9223700806535,1014.676965919235,739.775470679227
1061,raspberrypi,697.0,2023-08-09,18:25:01,Whole,214.12098981623052,,5.277403812031374,,2545.75,882.75,1.2502355294622942,0,4,1,,0.0,0.9868421052631579,,0.013157894736842105,0.0,0.0,1209.0568406505745,,,53.073069412789266,605.4069562512037,1209.0568406505745,1453.6152879916838,1188.1346899419289,426.29164945557636
1062,raspberrypi,734.0,2023-08-09,18:25:01,Whole,446.02013597741694,,2.3816919567889054,,2362.25,739.25,0.03934260288653493,1,3,1,,0.0,0.9868421052631579,,0.013157894736842105,0.0,0.0,1271.2086963086813,,,0.0,754.5615685391774,1271.2086963086813,1446.4288250105062,1118.4171943177312,612.9612608794707
1063,raspberrypi,773.0,2023-08-09,18:25:01,Whole,445.21844042046683,,2.0248068149972673,,2364.0,738.5,0.061485467595077205,1,2,1,,0.0,0.9868421052631579,,0.013157894736842105,0.0,0.0,1271.8123666452705,,,0.0,753.2753058304047,1271.8123666452705,1448.0371367407006,1120.243264388769,611.3182674559929
1064,raspberrypi,130.0,2023-08-09,17:40:01,Whole,1791.672683497256,,9.218676661156579,,2699.75,312.5,5.0676177339010735,0,3,1,,0.0,0.9875,,0.0,0.0,0.0,1613.977580213062,,,376.7860638042402,637.786393409394,1613.977580213062,1985.3711439650062,1654.2166389441434,527.0026536414849
1065,raspberrypi,190.0,2023-08-09,17:40:01,Whole,1411.6500186554274,,6.9465904062921675,,1360.8333333333333,1083.3333333333333,4.484962602796315,0,7,3,,0.0,0.9875,,0.0125,0.0,0.0,1269.7982100622144,,,676.2631741964453,1698.0821617860556,1269.7982100622144,929.0686293712305,212.27895690925027,306.46224393179807
1066,raspberrypi,264.0,2023-08-09,17:40:01,Whole,754.2362256078097,,8.556972345247866,,2966.75,2121.75,6.080828980719537,0,2,1,,0.0125,0.9875,,0.0,0.0125,0.0,1193.7893000651188,,,1223.065784804305,891.1298468527111,1193.7893000651188,1402.9859976884948,1222.7668104940833,0.0
1067,raspberrypi,300.0,2023-08-09,17:40:01,Whole,734.0271418444883,,7.60327255545204,,2946.75,2118.75,5.979844384208286,0,3,1,,0.0125,0.9875,,0.0,0.0125,0.0,1180.162937202375,,,1210.3738041983736,893.5975942233229,1180.162937202375,1383.1061970785113,1203.2672292342188,0.0
1068,raspberrypi,307.0,2023-08-09,17:40:01,Whole,720.6330501906587,1.0,5.8216269115696315,108.6950999688503,2403.9285714285716,1577.5642857142857,3.762506480000317,0,78,35,4023.3381409729423,0.15,0.575,,0.1125,0.15,0.0,1086.1111380785974,,,656.079607070933,986.1049898855579,1086.1111380785974,1120.4492896217332,888.2366534194962,349.6839484049002
1069,raspberrypi,308.0,2023-08-09,17:40:01,Whole,1007.6465345689387,1.0,8.602964898555985,33.93582383339163,3222.09375,1966.53125,8.088619356407227,0,16,8,123.70942087384346,0.025,0.9,,0.0,0.025,0.0,1344.841327046975,,,1248.8500495739631,711.1183780498505,1344.841327046975,1651.4954242335969,1498.3969034373558,239.60212089990574
1070,raspberrypi,310.0,2023-08-09,17:40:01,Whole,1120.748612489932,0.9743589743589743,9.912330154862428,48.92799713589688,2272.6329113924053,2780.8291139240505,6.6212748317183046,0,121,79,3630.193200729963,0.0,0.05,,0.0,0.0,0.0,1481.6545156471034,,,1843.2674190763719,1875.476085100228,1481.6545156471034,1274.5992819257447,1117.5392438905678,611.3134504160937
1071,raspberrypi,314.0,2023-08-09,17:40:01,Whole,1530.1542039565418,1.0,7.584741879786468,84.78082132201854,2359.532608695652,564.3260869565217,9.141380931698858,0,43,23,8766.73886134176,0.0,0.7125,,0.175,0.0,0.0,1415.616069120487,,,163.7285803809894,820.7502968562312,1415.616069120487,1610.908780789724,1380.902661182926,486.74845184634967
1072,raspberrypi,316.0,2023-08-09,17:40:01,Whole,424.1920975358275,0.0,6.151999359632734,,1803.3307291666667,1944.9661458333333,5.057281122331619,0,91,48,0.07276276856294399,0.0,0.4,,0.0,0.0,0.6,747.2516285371044,,,888.0015492613635,1472.2134289833125,747.2516285371044,312.83265333825915,119.76747472361876,206.61221248235057
1073,raspberrypi,392.0,2023-08-09,17:40:01,Whole,1167.6116847894789,,9.179898576097047,,1312.0,2775.5,9.179898576097047,0,1,1,,0.0,1.0,,0.0,0.0,0.0,1309.2324774567714,,,1839.5729987862683,2338.9633272303877,1309.2324774567714,719.3207522724011,447.591055156917,444.3644183308866
1074,raspberrypi,463.0,2023-08-09,17:40:01,Whole,853.7930134203389,,5.416163437223978,,1364.5,2081.5,2.3722504057500364,0,3,1,,0.0125,0.9875,,0.0,0.0125,0.0125,816.9778754334623,,,1199.1968067495136,1899.4001903450562,816.9778754334623,197.6430323563529,0.0,0.0
1075,raspberrypi,190.0,2023-08-10,09:30:01,Whole,434.6589931372534,,0.5498897191879861,,3327.0,1155.25,0.5498897191879861,1,1,1,,0.0,1.0,,0.0,0.0,0.0,1440.1477734275895,,,879.6542178117195,392.81203821535337,1440.1477734275895,1937.7182995993073,1833.800314113257,277.54421598472095
1076,raspberrypi,308.0,2023-08-10,09:30:01,Whole,477.39619936129276,1.0,4.438043990519503,15.969739424284532,3282.883333333333,1077.55,8.300113524246955,1,6,15,194.70873545719047,0.2682926829268293,0.6341463414634146,,0.0,0.2682926829268293,0.0,1424.660405171548,,,816.0167550037803,383.66892683459025,1424.660405171548,1932.1758595948293,1810.229252177554,178.2828129765404
1077,raspberrypi,310.0,2023-08-10,09:30:01,Whole,705.4384066353372,1.0,7.476039116274714,13.617126883226682,3132.0625,2201.609375,7.478575973776349,0,9,16,135.6416308351127,0.36585365853658536,0.6097560975609756,,0.0,0.36585365853658536,0.0,1339.7997480033846,,,1379.0700688159734,943.6507003216777,1339.7997480033846,1573.1898688074305,1377.6045506903533,139.6688731287531
1078,raspberrypi,314.0,2023-08-10,09:30:01,Whole,138.82279083262742,1.0,,3.020761493398643,2969.125,1602.875,,0,0,6,2.0447274663328626e-26,0.0,0.8536585365853658,,0.0,0.0,0.0,1156.862658405649,,,809.4120256237744,499.5347650573861,1156.862658405649,1453.924207682363,1325.4863685221542,359.60693854670933
1079,raspberrypi,470.0,2023-08-10,09:30:01,Whole,1128.1472124331347,1.0,8.326198261851019,56.243923282875635,2341.375,2364.25,8.317801938705873,0,5,5,0.0,0.0,0.9024390243902439,,0.0,0.0,0.0,1021.3434166619537,,,1258.9271864609477,1372.2937900065485,1021.3434166619537,851.5206171880114,593.801974086225,450.4903073331435
1080,raspberrypi,812.0,2023-08-10,09:30:01,Whole,1022.2668222827594,,,,3152.0,481.5,,0,0,1,,0.024390243902439025,0.975609756097561,,0.0,0.024390243902439025,0.0,1612.6211747954771,,,693.2183956568867,429.0241396841847,1612.6211747954771,2162.1464701356485,1914.0634633908703,111.10153488679984
1081,raspberrypi,818.0,2023-08-10,09:30:01,Whole,711.11789003927,1.0,7.476039116274714,25.89604062195034,3009.6875,793.7083333333334,7.478575973776349,0,9,12,513.3973112292201,0.2926829268292683,0.7073170731707317,,0.0,0.2926829268292683,0.0,1371.6895535838808,,,510.8479857656195,383.66449303483427,1371.6895535838808,1858.0152742293767,1651.4935119179245,39.48169451226693
1082,raspberrypi,17.0,2023-08-09,22:30:01,Whole,89.69316486544342,,2.924205007610438,,3061.75,1561.5,2.11176382715073,0,2,1,,0.0,0.987012987012987,,0.0,0.0,0.0,1215.537510943167,,,848.1180690038404,476.9016875527999,1215.537510943167,1552.677606286945,1426.5483219214075,431.78507784672024
1083,raspberrypi,250.0,2023-08-09,22:30:01,Whole,1809.557010922867,,11.667335108922272,,1661.5,488.75,11.667335108922272,0,1,1,,0.0,1.0,,0.0,0.0,0.0,1507.5172741743845,,,264.50127416536503,1412.5437907711705,1507.5172741743845,1424.547287764808,951.9013050713586,1131.884288679258
1084,raspberrypi,306.0,2023-08-09,22:30:01,Whole,1005.1077412351367,0.4864864864864865,6.686542649358717,5.5231201617430505,2962.1378205128203,648.974358974359,8.401451645176397,0,46,39,12.819963062474987,0.5064935064935064,0.4935064935064935,,0.0,0.5064935064935064,0.0,1427.3468008542468,,,468.94856861343436,391.3943878877777,1427.3468008542468,1910.8897168025026,1665.5368170158397,102.90667735434117
1085,raspberrypi,309.0,2023-08-09,22:30:01,Whole,605.569376611196,0.7763157894736842,5.953331221919079,12.904262865984,3139.839285714286,2244.2272727272725,8.310394015888253,0,61,77,163.36147531763976,0.5974025974025974,0.05194805194805195,,0.0,0.5974025974025974,0.0,1363.2201096851886,,,1420.2757110835128,988.336366730041,1363.2201096851886,1586.5283811866614,1347.896908043732,153.2272784965024
1086,raspberrypi,314.0,2023-08-09,22:30:01,Whole,342.0435700531202,1.0,4.037641182718679,17.31746393458613,2989.198529411765,1313.8308823529412,4.541183493839231,0,23,17,105.11247239926257,0.0,0.7792207792207793,,0.0,0.0,0.0,1206.1374807499024,,,640.5533453462009,403.81796008670875,1206.1374807499024,1568.9402227281153,1460.9923450665344,371.87766016201056
1087,raspberrypi,316.0,2023-08-09,22:30:01,Whole,1198.1870618565329,,7.772348647107769,,1869.5,1860.75,7.143245649039142,0,2,1,,0.0,1.0,,0.0,0.0,0.0,760.5726987896946,,,788.2004901485923,1377.9785036672934,760.5726987896946,386.41644664980714,222.28077869589475,303.5865812444478
1088,raspberrypi,470.0,2023-08-09,22:30:01,Whole,323.2482593814618,,1.8936284861653017,,3111.25,1967.5,1.6754931451798731,0,2,1,,0.012987012987012988,0.987012987012987,,0.0,0.012987012987012988,0.0,1260.5817582579564,,,1177.6909329730217,713.9697804503376,1260.5817582579564,1541.8509778732407,1390.5914849173143,136.89658383418825
1089,raspberrypi,666.0,2023-08-09,22:30:01,Whole,255.7650513039401,,4.2713702622372605,,2958.75,1411.0,4.2713702622372605,0,1,1,,0.0,0.987012987012987,,0.0,0.0,0.0,1173.7754450444793,,,672.5175572841408,428.07024442865975,1173.7754450444793,1503.7308270452813,1389.426914484356,472.7688108311379
1090,raspberrypi,17.0,2023-08-10,12:50:01,Whole,564.0041560170314,,2.5766402681873,,2551.75,2303.0,1.5224924102112656,0,3,1,,0.0,1.0,,0.0,0.0,0.0,1065.5496098907613,,,1233.5842560859176,1211.2261857818542,1065.5496098907613,1028.5751380435943,799.0280227539079,256.5187011913631
1091,raspberrypi,304.0,2023-08-10,12:50:01,Whole,401.6573427696998,1.0,5.477834277983706,10.263507620566527,2875.35,2259.0,2.2109689047896026,0,50,15,26.49623966606744,0.19480519480519481,0.8051948051948052,,0.0,0.19480519480519481,0.0,1193.2737849043408,,,1301.922997786059,1045.8083543453579,1193.2737849043408,1330.3932887715787,1143.7028947640579,42.940382395843784
1092,raspberrypi,308.0,2023-08-10,12:50:01,Whole,411.46687498293477,1.0,5.6044340847843666,77.29399481920305,2635.7268518518517,1856.8009259259259,3.3025943244642564,6,42,27,1831.8967744845704,0.15584415584415584,0.6493506493506493,,0.0,0.15584415584415584,0.0,1018.6667611632181,,,873.3043787843288,860.8080668879485,1018.6667611632181,1111.9895769991765,852.9316442394978,222.95782740656026
1093,raspberrypi,309.0,2023-08-10,12:50:01,Whole,841.5978390209797,1.0,6.2557964568743785,90.08556193900323,2955.7723214285716,1181.5044642857142,4.075526391514137,2,64,28,8402.654712649848,0.2597402597402597,0.6363636363636364,,0.0,0.2597402597402597,0.0,1263.924826199153,,,689.2778136351329,532.3806045948858,1263.924826199153,1630.9949526556659,1638.7716278770213,89.74121402402429
1094,raspberrypi,310.0,2023-08-10,12:50:01,Whole,1062.6296458264048,1.0,6.990291804370777,27.908348293936413,3057.4479166666665,809.6354166666666,1.2673372127169003,2,44,12,214.4927550547703,0.15584415584415584,0.8441558441558441,,0.0,0.15584415584415584,0.0,1374.9579901047591,,,553.4622659663987,373.7799502851747,1374.9579901047591,1882.4882587861193,1690.451977251003,0.0
1095,raspberrypi,314.0,2023-08-10,12:50:01,Whole,563.5120659547395,0.9538461538461539,6.9547702807636655,22.24228347558785,3241.632575757576,2293.935606060606,3.3988918739636858,0,100,66,620.0718102528512,0.025974025974025976,0.19480519480519481,,0.0,0.025974025974025976,0.0,1464.758907218744,,,1521.2725736050518,1038.2226561969194,1464.758907218744,1699.7566678954136,1511.6302891779114,289.32782626142085
1096,raspberrypi,315.0,2023-08-10,12:50:01,Whole,1181.8568829180292,,9.583364237994775,,3306.75,750.25,6.887269693030998,0,4,1,,0.012987012987012988,0.987012987012987,,0.0,0.012987012987012988,0.0,1537.5193868236597,,,802.1725220470375,403.3225601173249,1537.5193868236597,2117.9084260904287,1931.9222512532538,105.63874336231076
1097,raspberrypi,316.0,2023-08-10,12:50:01,Whole,1736.5703564660007,1.0,10.240412905843899,34.39146649041802,1192.1875,2157.28125,8.558715018298443,0,30,8,5.859939166145136,0.09090909090909091,0.9090909090909091,,0.0,0.09090909090909091,0.09090909090909091,979.0880163038534,,,1360.4880005670038,2081.575391993876,979.0880163038534,340.0641407563752,91.22790904783062,98.3731184721627
1098,raspberrypi,319.0,2023-08-10,12:50:01,Whole,174.4007080980727,1.0,3.7687197723160515,36.4909121238296,2975.154411764706,1745.8235294117646,3.0268393624641825,0,26,17,272.54817204050585,0.07792207792207792,0.7792207792207793,,0.0,0.07792207792207792,0.0,1158.9130249004397,,,920.0184189080147,578.9608644294385,1158.9130249004397,1433.9719592513677,1295.6671042860653,243.1646599650664
1099,raspberrypi,425.0,2023-08-10,12:50:01,Whole,1988.0847333779577,,12.034480611706611,,1139.75,2782.0,9.193227210608207,0,4,1,,0.0,1.0,,0.0,0.0,0.0,1400.500697434723,,,1919.5048354915953,2470.2002227115763,1400.500697434723,786.0242893783887,527.3398304887085,523.6081467762695
1100,raspberrypi,470.0,2023-08-10,12:50:01,Whole,1848.2762586238714,,10.547127770908048,,1662.75,488.5,8.595140953519067,0,4,1,,0.0,1.0,,0.0,0.0,0.0,1507.4065535452244,,,263.54467124481863,1411.4809048688535,1507.4065535452244,1424.9465858797494,952.437032139097,1132.3346351055234
1101,raspberrypi,818.0,2023-08-10,12:50:01,Whole,694.1331242917082,1.0,2.8232415628712038,41.00114123462439,2575.0,1617.25,0.8386395843236135,6,19,9,477.79707036811465,0.03896103896103896,0.8961038961038961,,0.0,0.03896103896103896,0.0,1055.6163538665664,,,750.4071750296853,852.876316265106,1055.6163538665664,1158.26821647001,759.320843202741,263.9337127247726
1102,raspberrypi,126.0,2023-08-09,16:35:01,Whole,1236.4785433144089,,7.773928450249948,,2183.75,996.75,3.930671656852083,0,6,1,,0.0,0.9875,,0.0125,0.0,0.0,1106.7511885666138,,,0.0,886.3008279632415,1106.7511885666138,1137.8382324597658,820.4700354262447,800.8888124391857
1103,raspberrypi,250.0,2023-08-09,16:35:01,Whole,1351.1767759867803,,8.658782889121252,,2987.125,1364.75,5.702058372102511,0,10,2,,0.0,0.975,,0.0,0.0,0.0,1196.1435894720485,,,667.2939139550014,409.76784048256513,1196.1435894720485,1546.850580272812,1435.5167766014852,421.6005942399525
1104,raspberrypi,301.0,2023-08-09,16:35:01,Whole,880.5991726776305,0.95,7.765896970558594,18.972469264066497,1062.0113636363637,2343.7727272727275,2.113079190098001,0,101,22,393.74978908189155,0.0,0.7625,,0.0,0.0,0.0,1163.6312961575345,,,1587.1285063294404,2281.833581806353,1163.6312961575345,512.9035762229224,321.9777503627713,315.2400172640105
1105,raspberrypi,304.0,2023-08-09,16:35:01,Whole,505.83018965075127,0.0,5.662516533595721,,1904.0185185185185,1701.9282407407406,3.6187143300252553,2,203,54,0.2823144835503732,0.0,1.0,,0.0,0.0,0.0,788.4600192424405,,,626.0660101312229,1279.9504887446494,788.4600192424405,476.5415659933862,359.87398623336145,372.4094769818718
1106,raspberrypi,305.0,2023-08-09,16:35:01,Whole,1474.9162510774324,,8.316683050355149,,2952.5,1143.5,6.097712423826371,0,4,1,,0.0,1.0,,0.0,0.0,0.0,1224.712417811717,,,525.717690843421,403.0178472191999,1224.712417811717,1613.4037478071202,1471.6772027506354,219.9532682484769
1107,raspberrypi,306.0,2023-08-09,16:35:01,Whole,1215.1598006807853,1.0,8.058267865490158,40.31026365042548,790.6666666666666,2623.1666666666665,2.2020946376020145,0,27,6,196.58247220814874,0.0,0.9375,,0.0,0.0,0.0,1531.1842443671542,,,1972.223421516568,2652.2756172689114,1531.1842443671542,879.0500959432123,684.9595332179347,679.3103239226948
1108,raspberrypi,307.0,2023-08-09,16:35:01,Whole,459.29945152524994,0.6388888888888888,5.870800713047401,105.19646540575856,1980.9309210526317,2008.9177631578948,3.513979477072392,2,146,38,9206.87615737093,0.025,0.6875,,0.025,0.025,0.05,956.1526181281188,,,982.9654569628908,1453.3259708468486,956.1526181281188,658.0726798006289,370.1804835113347,334.07657822421083
1109,raspberrypi,308.0,2023-08-09,16:35:01,Whole,1318.2836681457063,1.0,6.545890934334972,59.875419257019274,3106.016666666667,1813.275,2.881853014761344,1,40,15,2509.3685250503627,0.025,0.85,,0.0,0.025,0.0,1313.5700404636734,,,1084.632130562969,731.3464584744817,1313.5700404636734,1605.6493040819676,1510.1563359558404,244.6107448542344
1110,raspberrypi,309.0,2023-08-09,16:35:01,Whole,692.0785509605156,1.0,6.979174680613796,47.910014962020156,2417.1770833333335,2561.3255208333335,4.735275050496755,0,146,48,2086.746515878982,0.1625,0.4,,0.0,0.1625,0.025,1193.0669286567006,,,1486.7586166342874,1508.143311316677,1193.0669286567006,1048.9077675009673,798.4553834355293,494.70230496741834
1111,raspberrypi,310.0,2023-08-09,16:35:01,Whole,1166.5315565765425,1.0,7.350062481307891,126.23292302756862,2180.3932291666665,2151.1744791666665,4.377064677764547,1,185,48,6056.521347114069,0.0,0.4125,,0.125,0.0,0.0,1370.236844734294,,,1295.7974275257227,1571.540374405812,1370.236844734294,1232.3689257909925,995.1320304005699,564.6747591523895
1112,raspberrypi,312.0,2023-08-09,16:35:01,Whole,1038.8983694572464,,6.918571888362343,,2959.125,2071.875,4.852394985551385,0,7,2,,0.025,0.975,,0.0,0.025,0.0,1175.7886846639667,,,1177.2153531509339,846.4507740526788,1175.7886846639667,1393.829966416671,1223.177080953931,1.5277107413057252
1113,raspberrypi,314.0,2023-08-09,16:35:01,Whole,1520.2007065111247,,6.542573486739327,,3276.25,1499.75,2.853617009966196,0,6,1,,0.0,0.9875,,0.0,0.0,0.0,1363.0901581595333,,,982.349638132014,455.797601394814,1363.0901581595333,1773.1227379363602,1649.456698836245,571.0351319537459
1114,raspberrypi,316.0,2023-08-09,16:35:01,Whole,1263.135343199394,1.0,7.976723397433406,56.329943191876204,3108.75,1751.75,5.658135105304223,0,13,3,0.0,0.0,0.9625,,0.0,0.0,0.0,1240.91497617288,,,1013.9371021920819,572.7328103583603,1240.91497617288,1558.4212011874927,1420.7852014995347,283.27476315785646
1115,raspberrypi,319.0,2023-08-09,16:35:01,Whole,725.4279723963592,0.16,8.39658780551917,3.524769516352576,1353.9901315789473,2647.2055921052633,4.244488039395084,0,245,76,1.506851490637974,0.0,0.85,,0.0,0.0,0.0,1185.7261005661312,,,1705.2339338320305,2224.801557843181,1185.7261005661312,587.5898449615087,317.3279851374346,314.0847801717507
1116,raspberrypi,441.0,2023-08-09,16:35:01,Whole,1345.2999774857192,,8.866639900829531,,2980.0,1365.25,5.81491367360224,0,5,1,,0.0,0.9875,,0.0,0.0,0.0,1192.2864583779929,,,661.7943936182085,412.50008294743304,1192.2864583779929,1540.1864362234955,1428.9517100384091,423.5141979783242
1117,raspberrypi,524.0,2023-08-09,16:35:01,Whole,1534.3247968757112,,8.881240644638144,,3430.0,1881.5,6.510348967874198,0,3,1,,0.0,0.9875,,0.0,0.0,0.0,1495.0132830571927,,,1335.9764989472637,680.2270136984998,1495.0132830571927,1860.6198225813005,1718.8121291388202,463.2774125490273
1118,raspberrypi,542.0,2023-08-09,16:35:01,Whole,1347.427067956384,,7.00760235146226,,3034.75,1434.75,4.603853459176121,0,4,1,,0.0,0.9875,,0.0,0.0,0.0,1212.3507209395339,,,747.1167470995247,413.76390256359764,1212.3507209395339,1565.4340920733202,1448.228102306007,484.05409393711534
1119,raspberrypi,682.0,2023-08-09,16:35:01,Whole,1568.7399595292773,,6.29967833286068,,2569.875,852.875,6.927063565887881,1,8,2,,0.0,1.0,,0.0,0.0,0.0,1373.2198829513693,,,474.6517271860481,761.9507585295614,1373.2198829513693,1604.2232125906269,1350.0337018110813,621.4234294922586
1120,raspberrypi,707.0,2023-08-09,16:35:01,Whole,1037.7693934774052,,4.185291480245377,,894.75,2270.0,0.5003847430284879,1,5,1,,0.0,1.0,,0.0,0.0,0.0,1268.8988686524485,,,1631.0542252514626,2386.826577706055,1268.8988686524485,612.9440810757284,467.9434862486672,476.82655994888586
1121,raspberrypi,987.0,2023-08-09,16:35:01,Whole,1345.2614803252409,,7.535251044527865,,2979.75,1365.0,6.842659505911914,0,6,2,,0.0,0.975,,0.0,0.0,0.0,1192.195902044039,,,661.4454662689574,412.56331927576514,1192.195902044039,1540.0551713929588,1428.8440642632725,423.32135545942026
1122,raspberrypi,128.0,2023-08-09,19:05:01,Whole,685.920613873722,,4.05715936262235,,1853.25,1780.5,2.9406135146034384,0,4,1,,0.0,1.0,,0.0,0.0,0.0,766.2170435029179,,,716.1511268518666,1354.8474678575672,766.2170435029179,403.9622381520946,268.28654744632877,316.5212887645233
1123,raspberrypi,190.0,2023-08-09,19:05:01,Whole,1449.1628140706107,,7.236058019419212,,1097.25,1435.75,4.290046677580649,0,4,1,,0.0,1.0,,0.0,0.0,0.0,1129.9402242834856,,,929.7170380177415,1924.4141138364325,1129.9402242834856,606.3400236769553,212.03879423559556,306.27889860204345
1124,raspberrypi,305.0,2023-08-09,19:05:01,Whole,631.4225162611843,1.0,5.547136823131043,51.456959297148124,2724.0865384615386,1071.6826923076924,2.9510281346624185,0,36,13,815.4838961758977,0.0,0.8607594936708861,,0.012658227848101266,0.0,0.0,1184.9394811833213,,,334.31819892023515,516.4429634792754,1184.9394811833213,1479.8807080618417,1280.164068558151,335.00278404165124
1125,raspberrypi,306.0,2023-08-09,19:05:01,Whole,553.6358216338903,1.0,5.362944861083245,31.820631512214845,2919.519230769231,2037.2403846153845,1.6715716646014043,0,30,13,437.4348595135568,0.16455696202531644,0.8354430379746836,,0.0,0.16455696202531644,0.0,1147.3887270190896,,,1130.9252504299852,830.6450452810866,1147.3887270190896,1354.3584692467593,1274.7840834379751,22.914878485648615
1126,raspberrypi,307.0,2023-08-09,19:05:01,Whole,262.34879656490216,0.4230769230769231,5.010414919821993,41.35023051206027,2345.8924050632913,1839.0838607594937,1.970784045945443,0,164,79,952.549284878008,0.0,0.5822784810126582,,0.0,0.0,0.0,892.6249910044676,,,746.5223609035905,1007.209343678536,892.6249910044676,821.8292605421108,742.8132474100613,394.1559499048625
1127,raspberrypi,310.0,2023-08-09,19:05:01,Whole,1350.5722104246342,0.7619047619047619,6.863692617502013,2.9171303037880096,3186.494318181818,481.78409090909093,5.399812774510339,0,67,22,2.2209884271909157,0.27848101265822783,0.7215189873417721,,0.0,0.27848101265822783,0.0,1628.7340889701213,,,726.1375799584598,428.1705476721785,1628.7340889701213,2187.513191934451,1944.199182958766,99.14396108532118
1128,raspberrypi,314.0,2023-08-09,19:05:01,Whole,555.0881848467977,0.3194444444444444,5.891106943501061,22.15038849765124,2548.998287671233,2198.344178082192,1.970185822003833,0,159,73,323.87977511262824,0.25316455696202533,0.6962025316455697,,0.0,0.25316455696202533,0.0,1025.2329190572962,,,1137.4069523555872,1133.8680618306325,1025.2329190572962,1004.9257469108511,712.5513895107813,295.6759854020636
1129,raspberrypi,316.0,2023-08-09,19:05:01,Whole,924.0611441432053,1.0,6.346419008800029,6.96438541777135,2936.5185185185187,832.574074074074,5.651015116442055,0,66,27,74.29889564053377,0.34177215189873417,0.6582278481012658,,0.0,0.34177215189873417,0.0,1321.8151697120168,,,433.1465520265523,398.6818969209473,1321.8151697120168,1773.9499930994095,1556.2860348081922,41.17057284763867
1130,raspberrypi,319.0,2023-08-09,19:05:01,Whole,1374.4849412943627,1.0,9.094056087252543,26.37698141199687,1169.4711538461538,1555.951923076923,6.261586219399619,0,44,13,511.61158675028884,0.13924050632911392,0.8481012658227848,,0.0,0.13924050632911392,0.1518987341772152,1031.5975641948937,,,952.1904379649178,1891.3870252885577,1031.5975641948937,486.64613720999614,124.56965582246988,163.01741901537494
1131,raspberrypi,657.0,2023-08-09,19:05:01,Whole,747.0034188857687,,5.298492633061675,,2173.0,1004.5,4.3258961071357716,0,2,1,,0.0,0.9873417721518988,,0.012658227848101266,0.0,0.0,1101.8565817352949,,,0.0,895.5271558083368,1101.8565817352949,1125.5014736592643,807.221153225709,812.8756768542876
1132,raspberrypi,306.0,2023-08-10,05:45:01,Whole,35.58839769620851,0.02702702702702703,4.0851491737271575,2.187029860044394,2575.8616666666667,1289.4066666666668,3.355935186464539,0,3,75,0.16476057962964663,0.0,0.9736842105263158,,0.0,0.0,0.0,1046.451978137413,,,313.71910098558794,620.7392185580718,1046.451978137413,1222.365329775488,1072.248628422025,567.9397279448459
1133,raspberrypi,307.0,2023-08-10,05:45:01,Whole,1066.416849338727,,5.689010355996313,,3204.5,2194.5,5.689010355996313,0,1,1,,0.0,1.0,,0.0,0.0,0.0,1391.2496459873166,,,1414.8646352148855,935.3796385579831,1391.2496459873166,1643.4781512015973,1453.5789972282937,214.15748454052002
1134,raspberrypi,317.0,2023-08-10,05:45:01,Whole,613.8949075137035,,3.355935186464539,,2979.25,1798.25,3.355935186464539,0,1,1,,0.013157894736842105,0.9868421052631579,,0.0,0.013157894736842105,0.0,1155.3728406555474,,,963.059421606853,598.4838251006856,1155.3728406555474,1425.470771462271,1284.6224690848792,182.4897674372214
1135,raspberrypi,666.0,2023-08-10,05:45:01,Whole,592.0526045759638,,3.2105019787206195,,3141.0,1549.25,3.2105019787206195,0,1,1,,0.0,0.9868421052631579,,0.0,0.0,0.0,1267.0859529049671,,,901.2139757948923,471.95877555366235,1267.0859529049671,1631.272994599586,1505.4706394335703,475.0791564861087
1136,raspberrypi,896.0,2023-08-10,05:45:01,Whole,642.0443868260223,,,,2532.5,1958.0,,0,0,1,,0.0,1.0,,0.0,0.0,0.0,952.9309991602075,,,895.7750841035447,954.7721697762802,952.9309991602075,975.1126686803309,818.2678861486874,238.35142607220774
1137,raspberrypi,17.0,2023-08-10,03:50:01,Whole,1241.978056749528,,4.905861498417793,,3199.75,139.25,4.905861498417793,0,1,1,,0.0,0.9873417721518988,,0.0,0.0,0.0,1911.7376254089168,,,881.6990784634957,628.5297349828006,1911.7376254089168,2435.2699364102295,2147.2698509493275,436.5949681702577
1138,raspberrypi,306.0,2023-08-10,03:50:01,Whole,981.23012620114,1.0,3.2208268934430566,4.481596896620853,2893.5,2110.0,1.1783470829768978,0,17,12,1.4940181463717376e-25,0.1518987341772152,0.8481012658227848,,0.0,0.1518987341772152,0.0,1144.45907443604,,,1176.7168776435612,901.6875302096353,1144.45907443604,1330.2161844814984,1151.5644758796798,0.0
1139,raspberrypi,309.0,2023-08-10,03:50:01,Whole,422.2565659149759,1.0,6.4659796110209085,45.10802374962605,2431.533653846154,979.6217948717949,7.313500112698114,0,22,78,1392.0338087037994,0.0,0.012658227848101266,,0.6962025316455697,0.0,0.0,1168.5584054721799,,,138.48466085850606,721.1878182896123,1168.5584054721799,1328.6127668232741,1186.0502626949044,481.23834471651986
1140,raspberrypi,314.0,2023-08-10,03:50:01,Whole,986.8356902053143,0.6666666666666666,4.343795869302494,6.11930855316241,3091.9285714285716,2013.625,1.1759597224251732,0,12,7,9.870030766327421,0.08860759493670886,0.9113924050632911,,0.0,0.08860759493670886,0.0,1254.628636475759,,,1202.4911380914061,761.7228650778848,1254.628636475759,1522.3052150109297,1363.7340184575357,101.78698254325914
1141,raspberrypi,524.0,2023-08-10,03:50:01,Whole,1127.2728831568684,,5.6117595156355735,,1663.5,488.5,5.6117595156355735,0,1,1,,0.0,1.0,,0.0,0.0,0.0,1507.225646741105,,,262.8959526922867,1410.8044150881694,1507.225646741105,1425.0383380050605,952.6132815838732,1132.4574436677053
1142,raspberrypi,666.0,2023-08-10,03:50:01,Whole,993.7706070504564,,4.0683863382123295,,3104.5,2013.5,1.1783470829768978,0,2,1,,0.012658227848101266,0.9873417721518988,,0.0,0.012658227848101266,0.0,1264.0001710180618,,,1209.9377351398384,759.8772245097573,1264.0001710180618,1534.7096044423818,1375.087824932268,112.21615834767039
1143,raspberrypi,812.0,2023-08-10,03:50:01,Whole,936.3176582021697,,6.492801502292769,,2864.25,2073.0,6.492801502292769,0,1,1,,0.012658227848101266,0.9873417721518988,,0.0,0.012658227848101266,0.0,1116.551927679443,,,1130.2680930249066,878.425728452853,1116.551927679443,1299.359625951447,1128.175385997557,0.0
1144,raspberrypi,106.0,2023-08-10,09:05:01,Whole,828.76421259139,,4.44553587670841,,2560.5,1785.25,3.8639215362710857,0,2,1,,0.0,1.0,,0.0,0.0,0.0,953.9794269619085,,,741.4436758692634,826.0825742149784,953.9794269619085,1023.6325966378685,880.6311669833411,290.03735796033317
1145,raspberrypi,305.0,2023-08-10,09:05:01,Whole,905.651889658998,1.0,5.754211266114083,36.44190057634537,2671.21875,1896.140625,5.329553090531514,0,28,8,556.629208860511,0.10526315789473684,0.8947368421052632,,0.0,0.10526315789473684,0.0,1001.0106265828307,,,888.451973315184,830.0672323491541,1001.0106265828307,1115.6297913532242,953.3721984367686,133.7081413800906
1146,raspberrypi,306.0,2023-08-10,09:05:01,Whole,200.39005922238226,0.02564102564102564,4.695746497458621,2.6575364531836625,2872.775,810.2125,1.4593457708191198,3,85,40,0.21162917229457895,0.5263157894736842,0.47368421052631576,,0.0,0.5263157894736842,0.0,1314.4947025471067,,,368.05948620527977,420.828535037043,1314.4947025471067,1738.985967022272,1511.5388210528115,96.95885416696456
1147,raspberrypi,307.0,2023-08-10,09:05:01,Whole,224.25721467058926,1.0,3.719034690507423,20.65257683579519,2999.3823529411766,843.7205882352941,0.9106908675562825,12,49,17,73.49821279964773,0.2236842105263158,0.7763157894736842,,0.0,0.2236842105263158,0.0,1341.6980073303007,,,503.8720975436843,387.68207291881015,1341.6980073303007,1816.8532499626333,1528.0077964546554,53.532129337965856
1148,raspberrypi,310.0,2023-08-10,09:05:01,Whole,345.9347120850432,1.0,4.674757816226186,26.036586135490158,2572.198333333333,826.1466666666668,1.811472747487647,0,142,75,780.6742979216561,0.06578947368421052,0.013157894736842105,,0.7763157894736842,0.06578947368421052,0.0,1248.0715864232045,,,88.0315292631088,595.7080176890051,1248.0715864232045,1515.5369241152555,1227.5743419824053,423.87710936995006
1149,raspberrypi,314.0,2023-08-10,09:05:01,Whole,251.33612190754295,0.06666666666666667,4.244267698547022,6.015850262597517,3102.2254098360654,983.7090163934427,1.461141342157809,9,127,61,3.870802580463886,0.8026315789473685,0.19736842105263158,,0.0,0.8026315789473685,0.0,1335.3992701305312,,,617.9963816875322,370.66275457659947,1335.3992701305312,1821.6234153562582,1664.5480710766356,27.900803376948332
1150,raspberrypi,316.0,2023-08-10,09:05:01,Whole,1184.7207157324167,1.0,6.533085022338741,14.263800219366098,3148.9375,2156.3303571428573,6.095045967592769,0,35,14,194.02527632946732,0.17105263157894737,0.8157894736842105,,0.0,0.17105263157894737,0.0,1336.6244259586445,,,1351.5946133934679,897.8469120373737,1336.6244259586445,1585.3025441282823,1396.0874494474197,151.98815988208105
1151,raspberrypi,396.0,2023-08-10,09:05:01,Whole,1956.019472803139,,10.900974198556568,,2899.25,2965.0,10.233617716907153,0,3,1,,0.0,1.0,,0.0,0.0,0.0,1638.9897721966192,,,1966.6545091007838,1724.4661377123741,1638.9897721966192,1620.2613277732326,1323.5305759241799,742.625333251072
1152,raspberrypi,930.0,2023-08-10,09:05:01,Whole,245.24171563171737,,2.8860392548620073,,2829.75,1253.75,1.9169281462487429,0,3,1,,0.0,1.0,,0.0,0.0,0.0,1144.913392659258,,,474.715181698226,463.0791339536087,1144.913392659258,1454.6542381847132,1328.010264022506,375.2493544026787
1153,raspberrypi,17.0,2023-08-10,04:15:01,Whole,2435.772555681695,,14.135259873844223,,876.75,306.0,12.654983761661658,0,3,1,,0.0,1.0,,0.0,0.0,0.0,1963.6432230512426,,,1055.3818980606904,2183.6952506784382,1963.6432230512426,1704.1193433201413,1217.328347052032,1403.5628985414216
1154,raspberrypi,307.0,2023-08-10,04:15:01,Whole,104.92614844225751,0.12,6.234721038411355,8.50040848691664,2710.9903846153848,1949.7115384615386,2.0863861875716956,0,24,26,6.266456909390542,0.3611111111111111,0.6388888888888888,,0.0,0.3611111111111111,0.0,1018.3875931626887,,,951.5970230715476,846.4238098271787,1018.3875931626887,1149.2220616459938,996.5070357154676,71.09790238882985
1155,raspberrypi,309.0,2023-08-10,04:15:01,Whole,626.831195008804,1.0,8.955371622663046,18.329478446884558,3247.0291666666667,2241.8166666666666,7.178572724291339,0,35,30,173.958754503237,0.0,0.5972222222222222,,0.0,0.0,0.0,1442.1248845567147,,,1478.6717696996197,985.1506526539811,1442.1248845567147,1692.1559641581323,1498.4416716988326,272.8827992448917
1156,raspberrypi,310.0,2023-08-10,04:15:01,Whole,1011.9428806604789,1.0,9.109034304282883,144.31985104924723,2710.05,2411.9666666666667,4.368265483790466,0,18,15,7050.277692497915,0.0,0.8194444444444444,,0.0,0.0,0.0,1464.3739969422759,,,1574.553158143744,1452.332725014299,1464.3739969422759,1469.7447155447924,1374.1676101618198,564.6168590815888
1157,raspberrypi,316.0,2023-08-10,04:15:01,Whole,577.9557412943133,0.7674418604651163,6.685157445582524,51.24435705283946,2737.771739130435,1607.733695652174,3.9403972255805906,0,49,46,2210.6489368562025,0.3333333333333333,0.3611111111111111,,0.20833333333333334,0.3333333333333333,0.0,1168.9957456904335,,,714.2688292375776,787.2376878542427,1168.9957456904335,1353.035382201327,1139.764242878376,156.51765390223122
1158,raspberrypi,463.0,2023-08-10,04:15:01,Whole,1147.5115148837338,,5.90936265417167,,3135.25,772.25,3.407937012533031,0,2,1,,0.013888888888888888,0.9861111111111112,,0.0,0.013888888888888888,0.0,1422.878742268869,,,630.2077441916904,369.965674788282,1422.878742268869,1966.4398846240072,1765.4217018008267,0.0
1159,raspberrypi,542.0,2023-08-10,04:15:01,Whole,195.348611115023,1.0,,9.236688056332746,2873.75,2010.875,,0,0,5,0.0,0.06944444444444445,0.9305555555555556,,0.0,0.06944444444444445,0.0,1107.019077631639,,,1080.529467144255,820.1770777477651,1107.019077631639,1307.3595605392036,1149.279130322079,0.0
1160,raspberrypi,683.0,2023-08-10,04:15:01,Whole,2433.1164639989306,0.0,12.911287004170955,,877.0,309.875,10.114300494506992,0,12,6,3.231220682696924e-27,0.0,1.0,,0.0,0.0,0.0,1960.7103333546352,,,1053.8090362857595,2182.4410974983603,1960.7103333546352,1700.4015009515226,1213.679819031179,1399.8259325522458
1161,raspberrypi,812.0,2023-08-10,04:15:01,Whole,220.44452244903667,,1.8708430431851544,,2939.25,1978.25,1.8708430431851544,0,1,1,,0.013888888888888888,0.9861111111111112,,0.0,0.013888888888888888,0.0,1138.9608242062056,,,1086.442242396915,767.1259144646087,1138.9608242062056,1372.091830181881,1220.3444071017316,1.224390883938554
1162,raspberrypi,304.0,2023-08-10,02:25:01,Whole,1050.3010709936168,0.6071428571428571,6.776020785569588,17.079390017388658,3145.858870967742,1081.9153225806451,7.818615543168701,0,34,31,79.61628493014827,0.31645569620253167,0.620253164556962,,0.0,0.31645569620253167,0.0,1342.109402164756,,,694.9638259686848,385.9239397534317,1342.109402164756,1810.2498988654088,1750.6044346729223,115.49008776340149
1163,raspberrypi,305.0,2023-08-10,02:25:01,Whole,431.35795199213015,0.0,5.402148786999689,,3144.903481012658,2554.3227848101264,7.681098564349274,0,38,79,0.08910809405864464,0.0,1.0,,0.0,0.0,0.0,1515.2531750229086,,,1687.1665003132093,1294.6050840573075,1515.2531750229086,1660.771224290315,1417.3378874774526,404.26752506449907
1164,raspberrypi,309.0,2023-08-10,02:25:01,Whole,61.89658174812476,1.0,2.535797675648617,18.67652269561976,3137.0,2063.625,2.535797675648617,0,2,2,,0.02531645569620253,0.9746835443037974,,0.0,0.02531645569620253,0.0,1300.0406433786675,,,1269.5308588138728,806.2081192768078,1300.0406433786675,1567.7293921211606,1399.1424326101996,133.00410302231097
1165,raspberrypi,541.0,2023-08-10,02:25:01,Whole,613.191178074392,,4.409728892848726,,2533.5,1958.25,4.409728892848726,0,1,1,,0.0,1.0,,0.0,0.0,0.0,953.3147539783336,,,896.3057669644331,954.33440077401,953.3147539783336,976.068684420894,819.2324922904204,237.3215265083408
1166,raspberrypi,584.0,2023-08-10,02:25:01,Whole,884.8232400093074,,6.656640290141391,,2291.25,2422.5,4.4574747050771375,0,2,1,,0.0,1.0,,0.0,0.0,0.0,1034.9650185674257,,,1311.2508697046976,1444.3716003247268,1034.9650185674257,829.2401835688926,554.5617417339004,518.9107695176078
1167,raspberrypi,666.0,2023-08-10,02:25:01,Whole,340.79600630136395,,3.882319561066817,,3135.375,1801.5,3.3741210037951634,0,4,2,,0.0,0.9746835443037974,,0.0,0.0,0.0,1266.3875867162756,,,1068.168373649266,599.6089356266987,1266.3875867162756,1579.7439361850059,1440.0485416016027,280.2981908114349
1168,raspberrypi,812.0,2023-08-10,02:25:01,Whole,1469.9964038318315,,9.451911827433545,,2171.0,1004.25,9.451911827433545,0,1,1,,0.0,0.9873417721518988,,0.012658227848101266,0.0,0.0,1101.8937256093916,,,0.0,897.2016991538692,1101.8937256093916,1124.5543938224764,805.7147087787957,814.7944777255841
1169,raspberrypi,17.0,2023-08-09,18:10:02,Whole,2504.5427804941182,,12.976851671832625,,876.0,307.0,10.318491866485942,0,3,1,,0.0,1.0,,0.0,0.0,0.0,1963.3329134903195,,,1055.7393816876788,2184.132810615611,1963.3329134903195,1703.441516503092,1216.7141705343688,1402.8698394482917
1170,raspberrypi,126.0,2023-08-09,18:10:02,Whole,1331.8703713566683,,9.595979704019879,,2182.5,1003.25,8.268644072545818,0,2,1,,0.0,0.9875,,0.0125,0.0,0.0,1103.060784297285,,,0.0,887.5179597647536,1103.060784297285,1131.9633765885021,815.770983132332,803.3091127494748
1171,raspberrypi,130.0,2023-08-09,18:10:02,Whole,902.5964615025987,,6.937812029355939,,1459.75,2305.0,2.5351094589012804,0,5,1,,0.0125,0.9875,,0.0,0.0125,0.0125,876.0198445272309,,,1349.9509677804642,1937.6717824761124,876.0198445272309,259.95929120555144,0.0,0.0
1172,raspberrypi,138.0,2023-08-09,18:10:02,Whole,1314.0299082501997,,8.545747536879544,,3144.25,1267.0,5.0296122118603845,0,3,1,,0.0,0.9875,,0.0,0.0,0.0,1301.217849872805,,,752.0149768029744,370.3199095274165,1301.217849872805,1727.4531721489727,1620.0046034631519,316.5897105778792
1173,raspberrypi,307.0,2023-08-09,18:10:02,Whole,639.990295957413,1.0,5.438932563499409,46.88649208467602,2980.8333333333335,2160.9583333333335,3.7751140912280374,1,21,6,59.36886888037182,0.075,0.925,,0.0,0.075,0.0,1219.2356292864285,,,1265.88076805767,926.4849800405952,1219.2356292864285,1420.93827089551,1234.2605497949094,8.340363027270357
1174,raspberrypi,308.0,2023-08-09,18:10:02,Whole,1391.2603806004945,0.015873015873015872,8.635522461469556,2.2638462845343543,971.0384615384615,2303.873076923077,10.429424895720535,0,145,65,0.15972268582583418,0.0,0.9875,,0.0,0.0,0.0,1216.9024350561906,,,1608.4968052373927,2337.675227089008,1216.9024350561906,562.141808101887,412.5919711933406,405.45711698468165
1175,raspberrypi,310.0,2023-08-09,18:10:02,Whole,1007.0294986107701,0.0,8.871452207748877,,3220.8421875,2849.0515625,3.7832387661541453,0,164,80,0.07558336717803724,0.0,1.0,,0.0,0.0,0.0,1739.5529918651798,,,1983.3401515392063,1589.6585855421704,1739.5529918651798,1840.6268842658264,1568.4142943595175,701.2567185671151
1176,raspberrypi,311.0,2023-08-09,18:10:02,Whole,816.9500366657375,1.0,7.383335253414026,89.78527402657942,3129.1634615384614,2310.769230769231,3.3318442848459435,0,27,13,5316.018149769249,0.0125,0.85,,0.0,0.0125,0.0,1410.2002388663964,,,1481.3462592348021,1059.6191790516968,1410.2002388663964,1609.2585818985938,1452.9123839994058,234.942852535174
1177,raspberrypi,314.0,2023-08-09,18:10:02,Whole,821.2607512686803,1.0,5.917046338209712,7.522650980723337,1541.75,2288.625,2.952396446692959,0,33,10,7.810314607366933e-27,0.125,0.875,,0.0,0.125,0.125,839.0443679468298,,,1301.5951614500905,1864.1925782521234,839.0443679468298,239.39450568476488,0.0,0.0
1178,raspberrypi,316.0,2023-08-09,18:10:02,Whole,905.7699821034931,0.5625,6.289784601636318,5.378009886732158,2244.4117647058824,1424.8970588235295,5.675924208118729,0,51,17,7.468655934090184,0.0,0.8875,,0.0,0.0,0.0,922.9515851883241,,,313.3044831958553,903.5387001706574,922.9515851883241,882.5185254699613,726.5916015449639,751.3532922702422
1179,raspberrypi,317.0,2023-08-09,18:10:02,Whole,732.9981657253969,1.0,5.844521989312815,36.04007224276724,3091.365740740741,2278.0046296296296,3.109106364790117,1,59,27,1452.2221252074683,0.2375,0.675,,0.0,0.2375,0.0,1344.9056799429652,,,1424.3371504351555,1027.4883077885063,1344.9056799429652,1545.2364205277445,1304.7874023840027,123.38770450465893
1180,raspberrypi,319.0,2023-08-09,18:10:02,Whole,1545.4691872813833,1.0,9.848187138283855,103.86367944419415,2923.3,890.325,8.079440457865603,0,25,10,13530.747895519562,0.075,0.875,,0.0,0.075,0.0,1322.9419637603414,,,466.7783460435832,411.8885765466178,1322.9419637603414,1744.0701887582818,1556.90707472316,136.9703063079244
1181,raspberrypi,429.0,2023-08-09,18:10:02,Whole,1282.0223968823616,,6.130966162545744,,1295.0,1612.5,3.6974873649353173,0,4,1,,0.0125,0.9875,,0.0,0.0125,0.0125,912.272999318134,,,878.4508149583846,1782.8065244266731,912.272999318134,368.41887048326527,29.38350216163846,41.21961674863937
1182,raspberrypi,447.0,2023-08-09,18:10:02,Whole,2068.8063225039155,,12.038145932799628,,3384.25,524.25,12.038145932799628,0,1,1,,0.0125,0.9875,,0.0,0.0125,0.0,1720.4034335088895,,,907.1122297012355,475.38997591737143,1720.4034335088895,2312.1355008232645,2096.6556109690537,147.10207702424242
1183,raspberrypi,542.0,2023-08-09,18:10:02,Whole,884.6692141556632,,6.428643006630732,,3088.75,1818.25,1.9375210033000734,0,5,1,,0.0,0.9875,,0.0,0.0,0.0,1228.8521159247534,,,1048.7526147109722,605.3569569726562,1228.8521159247534,1530.0180704570669,1388.7988824591423,217.7062422699564
1184,raspberrypi,666.0,2023-08-09,18:10:02,Whole,796.0711819996659,1.0,7.706142091370772,2.946867451681154,1567.453125,2276.640625,3.1033372948047337,0,16,8,2.6511011783490975e-26,0.1,0.9,,0.0,0.1,0.1,826.2863405059949,,,1280.6516502857457,1837.3407704827237,826.2863405059949,232.54928734283968,0.0,0.0
1185,raspberrypi,896.0,2023-08-09,18:10:02,Whole,879.2282239885134,,8.609991379560634,,2777.5,1548.0,7.105447904051562,0,2,1,,0.0,0.9875,,0.0,0.0,0.0,1064.4292884129497,,,641.6248597508657,566.3919976278968,1064.4292884129497,1289.7941536847864,1167.1571571451257,400.24532193830896
1186,raspberrypi,17.0,2023-08-10,02:30:01,Whole,1219.9967747923706,1.0,8.409168402008595,161.749482415643,1889.5,1056.0,3.708239940890257,0,30,10,1.5842851331734624e-25,0.0,0.8860759493670886,,0.0759493670886076,0.0,0.0,1123.502116787957,,,232.88008979638533,1163.1070129832149,1123.502116787957,1006.1986486160139,555.9789172702632,527.1337116351237
1187,raspberrypi,304.0,2023-08-10,02:30:01,Whole,346.10082481292386,1.0,4.747436085506288,6.976756075201914,2851.6,1467.0750000000003,3.7079715868052814,0,20,10,13.000111864478729,0.0,0.8734177215189873,,0.0,0.0,0.0,1111.220162846886,,,630.2104735881179,495.0845341908414,1111.220162846886,1385.5519712413725,1269.3462600669595,475.5244071799546
1188,raspberrypi,305.0,2023-08-10,02:30:01,Whole,839.1736566550959,0.0,7.191996405532393,,3145.8053797468356,2553.246835443038,5.816910322904497,0,136,79,0.08384795853434462,0.0,1.0,,0.0,0.0,0.0,1515.251356367091,,,1686.656838844939,1293.512855161361,1515.251356367091,1661.2901201995774,1418.1173488893278,403.81851492802355
1189,raspberrypi,306.0,2023-08-10,02:30:01,Whole,969.4344208515013,1.0,5.507693892083209,90.35414785235925,2184.5446428571427,1106.6964285714287,3.1011028522100705,0,51,14,4636.757553307951,0.0,0.8227848101265823,,0.11392405063291139,0.0,0.0,1080.4793267921937,,,173.253085032911,937.1720633807017,1080.4793267921937,1077.8455864986422,796.0924441277641,661.5942243742348
1190,raspberrypi,309.0,2023-08-10,02:30:01,Whole,988.1376995802085,0.2692307692307692,5.308964635373768,27.733741827705256,2532.9560185185187,844.2199074074074,7.084170136039896,0,94,54,368.8586122137992,0.0,0.3291139240506329,,0.6582278481012658,0.0,0.0,1229.7901856446915,,,36.3948921821955,617.7249926151417,1229.7901856446915,1474.0768841152649,1202.2899471105027,440.83648607370566
1191,raspberrypi,310.0,2023-08-10,02:30:01,Whole,763.6702606802996,1.0,6.193342662361896,160.98724410907818,2551.639705882353,2176.176470588235,2.4474937511887696,0,58,17,7245.202840175795,0.0379746835443038,0.7848101265822784,,0.02531645569620253,0.0379746835443038,0.0,1259.0487507761145,,,1209.6892154712568,1239.8254476665957,1259.0487507761145,1265.3577746691988,1039.0058936051246,522.9519670409101
1192,raspberrypi,316.0,2023-08-10,02:30:01,Whole,405.1298429722653,1.0,6.458036829460344,17.815713946945245,2956.846153846154,2161.5865384615386,2.2429681609043284,0,45,13,368.4702535206772,0.16455696202531644,0.8354430379746836,,0.0,0.16455696202531644,0.0,1201.51882422974,,,1252.740401590772,931.6782347641715,1201.51882422974,1396.8418598415685,1205.682896607748,0.0
1193,raspberrypi,470.0,2023-08-10,02:30:01,Whole,1718.3962039945227,,8.394942688357983,,1663.5,488.0,3.749967779011644,0,5,1,,0.0,1.0,,0.0,0.0,0.0,1507.6084056496022,,,263.1471698839633,1410.9340363580031,1507.6084056496022,1425.5326611686842,953.0992457160764,1132.9506725768301
1194,raspberrypi,525.0,2023-08-10,02:30:01,Whole,1828.7538106451882,,9.870207398620197,,1560.0,431.5,5.353228964510623,0,3,1,,0.0,1.0,,0.0,0.0,0.0,1578.434166018993,,,381.02842373717664,1519.6421864931626,1578.434166018993,1472.6883169610871,989.5513240256605,1176.7073664738612
1195,raspberrypi,542.0,2023-08-10,02:30:01,Whole,374.2900011161855,1.0,3.201594880330619,6.799868208018137,2922.5089285714284,2143.0089285714284,2.444109807219505,1,25,14,49.051554861918696,0.17721518987341772,0.8227848101265823,,0.0,0.17721518987341772,0.0,1173.8453931447905,,,1220.0112308900036,923.2387286501364,1173.8453931447905,1361.5734376074577,1193.280311552493,0.0
1196,raspberrypi,666.0,2023-08-10,02:30:01,Whole,621.3089815306812,,7.1575064748012815,,3310.5,1497.75,5.375142368081035,0,3,1,,0.0,0.9873417721518988,,0.0,0.0,0.0,1387.9601807078757,,,1010.1499022296978,458.23639428625165,1387.9601807078757,1806.3052889539113,1682.539941666401,578.9722374855143
1197,raspberrypi,734.0,2023-08-10,02:30:01,Whole,365.71305859699174,,1.3069209245523217,,2874.5,2153.5,0.11705130111556675,1,2,1,,0.012658227848101266,0.9873417721518988,,0.0,0.012658227848101266,0.0,1148.4183369638326,,,1206.3573864960247,947.5830752380307,1148.4183369638326,1315.181702569346,1127.6058433434175,0.0
1198,raspberrypi,17.0,2023-08-10,07:55:01,Whole,232.55799712020547,,,,3091.0,987.5,,0,0,1,,0.018518518518518517,0.9814814814814815,,0.0,0.018518518518518517,0.0,1328.6934076006035,,,607.7980550842285,371.37003011124614,1328.6934076006035,1810.2083525689595,1647.6973669559366,34.05112062606706
1199,raspberrypi,250.0,2023-08-10,07:55:01,Whole,1316.425601902184,,6.975131488118507,,1662.75,488.75,6.975131488118507,0,1,1,,0.0,1.0,,0.0,0.0,0.0,1507.215192388162,,,263.4193183175401,1411.4161615690086,1507.215192388162,1424.699409042628,952.1940148301865,1132.0879975074236
1200,raspberrypi,304.0,2023-08-10,07:55:01,Whole,1280.6055267442857,,7.121804135372274,,2887.0,2311.0,7.121804135372274,0,1,1,,0.018518518518518517,0.9814814814814815,,0.0,0.018518518518518517,0.0,1224.8036121718987,,,1353.386414723468,1091.0071625322594,1224.8036121718987,1351.3422754594237,1134.3700751763045,88.59469195725862
1201,raspberrypi,309.0,2023-08-10,07:55:01,Whole,119.69665467600903,0.9019607843137255,5.877617167294377,23.604135242831784,2870.379716981132,1025.2264150943397,6.0067562076855445,0,4,53,204.26342108907235,0.5740740740740741,0.037037037037037035,,0.0,0.5740740740740741,0.0,1233.146402292386,,,409.6854211861871,431.1304088666408,1233.146402292386,1611.245924603979,1411.729099648331,187.69915912833045
1202,raspberrypi,666.0,2023-08-10,07:55:01,Whole,696.7807231255676,,4.375152118434149,,3356.25,1522.25,4.375152118434149,0,1,1,,0.0,0.9814814814814815,,0.0,0.0,0.0,1420.700566052403,,,1061.9295435874644,475.4344054272842,1420.700566052403,1843.862091216137,1718.510952212273,616.1391181637536
1203,raspberrypi,853.0,2023-08-10,07:55:01,Whole,901.2717499640063,,5.038380927252582,,2896.5,130.0,5.038380927252582,0,1,1,,0.0,0.9814814814814815,,0.0,0.0,0.0,1808.81191230471,,,645.1287495384797,663.5422790950199,1808.81191230471,2247.8179109647194,1922.5681891989873,544.5102909338831
1204,raspberrypi,17.0,2023-08-10,11:20:01,Whole,1108.9533841199395,,7.1226836620412834,,3297.75,468.0,4.3196805043716715,0,3,1,,0.013157894736842105,0.9868421052631579,,0.0,0.013157894736842105,0.0,1701.879736141978,,,836.7786906706158,448.0117296936577,1701.879736141978,2280.2107129327023,2046.88407790794,125.95999378518891
1205,raspberrypi,304.0,2023-08-10,11:20:01,Whole,1638.0284710116393,,8.788124798064676,,1353.75,1947.25,6.630875698400562,0,6,2,,0.0,1.0,,0.0,0.0,0.0,1289.5816374437034,,,1130.3127920894106,1959.5412391161358,1289.5816374437034,856.8740307213093,505.50355491048754,584.2702188841274
1206,raspberrypi,306.0,2023-08-10,11:20:01,Whole,721.8175732790597,0.6,4.254091372393648,6.549688324006641,3259.306818181818,943.7159090909091,2.395011298883588,0,39,11,43.86338072910088,0.14473684210526316,0.8552631578947368,,0.0,0.14473684210526316,0.0,1439.574050332458,,,765.6291542480286,381.8884483094779,1439.574050332458,1975.2290581025757,1819.8479671606083,78.39362872894527
1207,raspberrypi,307.0,2023-08-10,11:20:01,Whole,920.1637845584673,1.0,4.632644648989169,27.998616472441913,3178.0833333333335,616.1666666666666,1.722519016186855,0,14,3,106.09245125820887,0.039473684210526314,0.9605263157894737,,0.0,0.039473684210526314,0.0,1524.538143424658,,,687.2163104073556,378.7503363798174,1524.538143424658,2094.8683206746787,1875.1229727377902,0.29246589387005884
1208,raspberrypi,308.0,2023-08-10,11:20:01,Whole,281.07866714787974,0.14516129032258066,5.769167403634706,18.504505695246998,2864.0793650793653,1173.6349206349207,3.0682321670765753,0,174,63,53.42254559695988,0.02631578947368421,0.868421052631579,,0.0,0.02631578947368421,0.0,1179.6453199986695,,,461.02289313228283,438.63673954632606,1179.6453199986695,1523.1386223676573,1371.0139018258137,297.7479281748957
1209,raspberrypi,309.0,2023-08-10,11:20:01,Whole,770.1019886362217,1.0,6.95380200310215,44.18552670281468,2510.72265625,690.3828125,3.9203889393198446,0,161,64,1775.2790636832913,0.0,0.17105263157894737,,0.5657894736842105,0.0,0.0,1338.876299199645,,,133.75403877558202,683.1392479321905,1338.876299199645,1586.1177329992186,1265.4956742858403,479.1423536722769
1210,raspberrypi,310.0,2023-08-10,11:20:01,Whole,1105.0934869539071,1.0,7.472382774753886,80.49304497076083,2832.701923076923,2463.144230769231,3.1416867536167747,0,86,26,3771.165677045294,0.06578947368421052,0.6710526315789473,,0.0,0.06578947368421052,0.0,1312.2179405850452,,,1491.7673444172224,1287.6732198806772,1312.2179405850452,1356.7429097743081,1037.1344839143712,393.90805258510073
1211,raspberrypi,312.0,2023-08-10,11:20:01,Whole,1499.190589900439,,8.350202317724891,,1317.125,1671.5,7.7123586564578455,0,6,2,,0.0,0.9868421052631579,,0.013157894736842105,0.0,0.0,1180.844483441788,,,905.5911338291961,1826.1056735736638,1180.844483441788,756.8584075963332,483.4461350774807,554.5547863603741
1212,raspberrypi,314.0,2023-08-10,11:20:01,Whole,807.6869554088877,0.7931034482758621,6.297280064462288,7.007939440256077,3093.0719696969695,2111.8257575757575,1.6538563236449952,4,97,33,25.01431157072292,0.4342105263157895,0.5657894736842105,,0.0,0.4342105263157895,0.0,1280.4046399737595,,,1282.9456427098055,857.9383535598713,1280.4046399737595,1526.7716865949906,1348.2691036226042,84.64929135575377
1213,raspberrypi,317.0,2023-08-10,11:20:01,Whole,1534.4522530631914,,9.518731092149615,,2054.0,2586.25,6.50891835678781,0,8,2,,0.013157894736842105,0.9868421052631579,,0.0,0.013157894736842105,0.0,1338.6332594057922,,,1674.5920120124501,1799.1209262780553,1338.6332594057922,1095.5840635282752,850.7604226390508,339.2361197371254
1214,raspberrypi,319.0,2023-08-10,11:20:01,Whole,496.32129244491665,0.851063829787234,5.27016770256797,20.25279638906246,2834.795918367347,1881.2602040816328,2.779243581585808,0,151,49,345.4042071734083,0.5789473684210527,0.35526315789473684,,0.0,0.5789473684210527,0.0,1074.999236001107,,,949.8854063362289,736.4598889434524,1074.999236001107,1278.5404511409158,1121.4761024398672,29.484010671401705
1215,raspberrypi,425.0,2023-08-10,11:20:01,Whole,282.82176053583277,,3.6481274309727914,,2973.5,1488.75,1.7050398354867626,0,5,1,,0.0,0.9868421052631579,,0.0,0.0,0.0,1170.9648150668215,,,733.8030512549828,442.4844884719803,1170.9648150668215,1490.8137839371477,1370.4965256518312,470.88173434301405
1216,raspberrypi,441.0,2023-08-10,11:20:01,Whole,816.9993519162061,,5.553401165573033,,3126.25,2103.5,1.627503754035881,0,4,1,,0.013157894736842105,0.9868421052631579,,0.0,0.013157894736842105,0.0,1302.706274904987,,,1295.2536926680082,846.455290321893,1302.706274904987,1558.905077660884,1383.306587938183,120.78685320662211
1217,raspberrypi,657.0,2023-08-10,11:20:01,Whole,1092.328335122205,,8.487112635722433,,2502.5,2478.0,6.949376122180888,0,2,1,,0.0,1.0,,0.0,0.0,0.0,1138.5357118757333,,,1393.9426863130755,1383.5038448696998,1138.5357118757333,1040.1755782367088,772.8940980127588,406.6338382817346
1218,raspberrypi,683.0,2023-08-10,11:20:01,Whole,2131.4307203394305,0.0,12.580664884715857,,872.8653846153846,312.7692307692308,9.034242514319399,0,34,13,1.2689191516794718e-27,0.0,1.0,,0.0,0.0,0.0,1960.8974963196354,,,1056.7012329838296,2185.5516068450684,1960.8974963196354,1699.1272194234464,1212.692124828576,1398.4738312427035
1219,raspberrypi,821.0,2023-08-10,11:20:01,Whole,776.494871997655,1.0,2.3975325541757164,6.248280821218863,3087.90625,2079.03125,0.07869405078751618,4,16,4,7.5009801687827835,0.05263157894736842,0.9473684210526315,,0.0,0.05263157894736842,0.0,1267.039706356342,,,1253.071087549818,826.2789144145383,1267.039706356342,1519.8553280028636,1347.5866659434964,82.11534816788999
1220,raspberrypi,239.0,2023-08-10,08:30:02,Whole,1159.473920478109,,6.239506185510667,,3204.75,2040.25,5.33906034213642,0,3,1,,0.0,0.9866666666666667,,0.0,0.0,0.0,1346.1766523387207,,,1293.011571237037,781.4043862545865,1346.1766523387207,1634.0665615503149,1469.575876243301,203.25413583094425
1221,raspberrypi,250.0,2023-08-10,08:30:02,Whole,454.80427140267466,,2.7412039321792534,,2985.5,1370.5,1.9342225545261167,0,2,1,,0.0,0.9866666666666667,,0.0,0.0,0.0,1194.343614238247,,,669.3262058382318,411.0901676459362,1194.343614238247,1543.1855048946875,1431.4525605908163,427.5566178677544
1222,raspberrypi,306.0,2023-08-10,08:30:02,Whole,277.9987730229789,1.0,3.9679993187666467,9.06912441423797,3094.4270833333335,848.96875,0.9410665102509276,8,25,12,0.5896468206235466,0.16,0.84,,0.0,0.16,0.0,1378.3430988633468,,,591.7508490170678,372.86417743544615,1378.3430988633468,1889.8830235853668,1680.033344021194,0.0
1223,raspberrypi,307.0,2023-08-10,08:30:02,Whole,1099.3375372243738,1.0,6.025765044620179,32.37379341380926,3105.0,2006.875,5.125088634921338,0,5,2,,0.02666666666666667,0.9733333333333334,,0.0,0.02666666666666667,0.0,1263.1074221034603,,,1204.9750534611892,753.506966281626,1263.1074221034603,1535.2159712503733,1376.8139994682947,115.25966934306173
1224,raspberrypi,309.0,2023-08-10,08:30:02,Whole,267.9931800546029,0.8245614035087719,4.387874570610539,13.214296697403016,3083.7737068965516,1033.7521551724137,2.7739858393659627,8,69,58,184.42095653381404,0.7333333333333333,0.22666666666666666,,0.0,0.7333333333333333,0.0,1314.5424677994467,,,612.7819327257334,373.44811954804857,1314.5424677994467,1780.6889330206886,1641.1048018215797,61.434130674569246
1225,raspberrypi,310.0,2023-08-10,08:30:02,Whole,279.4771400445107,0.7971014492753623,5.112162333347659,23.442765988908626,2594.823214285714,823.2178571428572,2.845210166077789,0,70,70,513.5708377192777,0.10666666666666667,0.06666666666666667,,0.7466666666666667,0.10666666666666667,0.0,1252.904524695623,,,93.04918878229981,581.0482114048199,1252.904524695623,1532.827589419274,1240.6391689085174,420.17131317621084
1226,raspberrypi,736.0,2023-08-10,08:30:02,Whole,1752.7355811780328,,8.908148950598672,,1114.25,1272.0,7.54235941616881,0,2,1,,0.0,1.0,,0.0,0.0,0.0,1201.4635885060613,,,838.0715794609835,1882.6408975775569,1201.4635885060613,728.5342022221843,276.26293406595414,423.6203773611945
1227,raspberrypi,17.0,2023-08-10,05:55:01,Whole,2170.826175552093,,11.942688148179329,,876.75,307.25,8.63922717768589,0,2,1,,0.0,1.0,,0.0,0.0,0.0,1962.7411111254128,,,1054.9491992723788,2183.365516443337,1962.7411111254128,1702.947836167685,1216.1836699501782,1402.3841980550187
1228,raspberrypi,250.0,2023-08-10,05:55:01,Whole,1425.5342257434309,,5.8478984140962735,,1663.0,488.75,5.8478984140962735,0,1,1,,0.0,1.0,,0.0,0.0,0.0,1507.1548613892517,,,263.20300649894006,1411.1906530704264,1507.1548613892517,1424.72995737374,952.2527227229516,1132.1288914111274
1229,raspberrypi,304.0,2023-08-10,05:55:01,Whole,555.3469917966319,,3.437000086280326,,3108.0,1012.75,3.437000086280326,0,1,1,,0.02040816326530612,0.9795918367346939,,0.0,0.02040816326530612,0.0,1331.3191032347745,,,630.0612172588965,370.45892656605577,1331.3191032347745,1811.4773576283096,1656.4015860475229,59.94373623920127
1230,raspberrypi,307.0,2023-08-10,05:55:01,Whole,888.4335720948643,0.9642857142857143,8.535651263763167,17.27693872644984,3109.314655172414,2232.1594827586205,7.053620325182765,0,28,29,176.32797034957113,0.5918367346938775,0.40816326530612246,,0.0,0.5918367346938775,0.0,1335.3070625327057,,,1392.2940312845658,975.5660619848525,1335.3070625327057,1554.8402965070818,1350.3647465691495,141.9106936568942
1231,raspberrypi,310.0,2023-08-10,05:55:01,Whole,555.9811752226894,1.0,6.0123945646194406,44.44268968790987,2574.534090909091,959.4005681818181,6.76661800432977,0,30,44,1383.001056319294,0.10204081632653061,0.10204081632653061,,0.6326530612244898,0.10204081632653061,0.0,1193.1840604763656,,,153.63792893523157,623.3102907522704,1193.1840604763656,1429.316170904328,1097.0881878430241,493.4030374412538
1232,raspberrypi,666.0,2023-08-10,05:55:01,Whole,414.1515753222149,,4.174207914276308,,3119.5,1585.0,3.2856866780673246,0,2,1,,0.0,0.9795918367346939,,0.0,0.0,0.0,1250.8517632847843,,,907.217592942771,489.2289694176112,1250.8517632847843,1601.7663426255,1473.8586539861863,433.53460016435497
1233,raspberrypi,683.0,2023-08-10,05:55:01,Whole,2168.2096891170636,,,,878.0,310.25,,0,0,1,,0.0,1.0,,0.0,0.0,0.0,1959.8912365087,,,1052.741065221569,2181.407218802721,1959.8912365087,1699.704225611291,1212.9342483513158,1399.139171125526
1234,raspberrypi,818.0,2023-08-10,05:55:01,Whole,703.8016824335551,,,,3133.25,2007.75,,0,0,1,,0.02040816326530612,0.9795918367346939,,0.0,0.02040816326530612,0.0,1284.4652398376254,,,1222.9231323978597,751.1350103485128,1284.4652398376254,1563.0924239832875,1404.402563051363,141.29042424424082
1235,raspberrypi,17.0,2023-08-10,13:40:01,Whole,2039.8082216176867,,,,700.25,1877.0,,0,0,1,,0.0,1.0,,0.0,0.0,0.0,1376.2371904293905,,,1505.6661522164993,2407.444734734743,1376.2371904293905,747.7988706414907,613.1636714442498,623.5725563072297
1236,raspberrypi,172.0,2023-08-10,13:40:01,Whole,1580.0002512011083,,8.604815040502277,,1626.0,2347.75,4.76615663043123,0,4,1,,0.02,0.98,,0.0,0.02,0.02,868.1201102598635,,,1326.3495895653725,1834.7377768164638,868.1201102598635,299.8622758946994,0.0,0.0
1237,raspberrypi,306.0,2023-08-10,13:40:01,Whole,511.43022517736955,1.0,7.305946528975559,66.58960080513347,2251.8035714285716,814.2202380952381,9.178498485337707,0,19,21,1567.618297369244,0.0,0.6,,0.4,0.0,0.0,1228.6321741005593,,,26.59021363903967,854.981691203395,1228.6321741005593,1328.142629421212,1173.9458574758369,583.8111250984796
1238,raspberrypi,308.0,2023-08-10,13:40:01,Whole,1750.07106182362,1.0,9.299763857416147,158.84374258747857,3143.25,2716.9,10.884276265594771,0,15,10,34461.4986209032,0.0,0.82,,0.0,0.0,0.0,1637.6168418022476,,,1854.8568244883784,1480.09457712765,1637.6168418022476,1738.7490851018795,1570.5692783338416,662.8036681163837
1239,raspberrypi,310.0,2023-08-10,13:40:01,Whole,750.7845534370942,1.0,6.851223316376255,67.71989277023536,2614.525,579.8125,4.5134287658088965,0,22,30,3028.3758638614436,0.24,0.4,,0.12,0.24,0.0,1474.9341288846495,,,397.22422568047506,695.4117824112241,1474.9341288846495,1799.7393326110662,1642.1891482008796,373.9895795525292
1240,raspberrypi,311.0,2023-08-10,13:40:01,Whole,254.9565353835945,,,,2794.75,949.25,,0,0,1,,0.0,1.0,,0.0,0.0,0.0,1231.7302134280528,,,310.79822716128007,456.403517313251,1231.7302134280528,1592.2065182330034,1382.7345315591197,197.62482861718507
1241,raspberrypi,319.0,2023-08-10,13:40:01,Whole,582.0296480521339,1.0,7.159045053368094,25.908661693353036,3031.7045454545455,1457.340909090909,5.329913797611498,0,16,11,67.24848875013716,0.0,0.78,,0.0,0.0,0.0,1208.1664389325765,,,759.1786821924183,425.39056071772956,1208.1664389325765,1555.326882293817,1435.5847626255527,483.63878785157067
1242,raspberrypi,396.0,2023-08-10,13:40:01,Whole,1093.5507002354484,,,,1669.5,487.25,,0,0,1,,0.0,1.0,,0.0,0.0,0.0,1506.744619522356,,,258.34906589717565,1405.7194114753595,1506.744619522356,1427.0208705378907,955.2544763317364,1134.6883790297218
1243,raspberrypi,441.0,2023-08-10,13:40:01,Whole,395.5217915926753,,4.5134287658088965,,2196.75,1000.5,4.5134287658088965,0,1,1,,0.0,0.98,,0.02,0.0,0.0,1105.4137437903896,,,0.0,875.5252443585405,1105.4137437903896,1142.416577365536,829.1200239807915,788.7962522603707
1244,raspberrypi,470.0,2023-08-10,13:40:01,Whole,1098.778797219721,,,,1662.75,488.0,,0,0,1,,0.0,1.0,,0.0,0.0,0.0,1507.7893107484483,,,263.7956137111598,1411.610489387629,1507.7893107484483,1425.4409428601919,952.9230764213942,1132.8279144750666
1245,raspberrypi,525.0,2023-08-10,13:40:01,Whole,295.0830959420675,,3.2309522857736894,,2827.25,1254.0,3.2309522857736894,0,1,1,,0.0,1.0,,0.0,0.0,0.0,1143.8328692254765,,,472.82901391908166,464.3451494609878,1143.8328692254765,1452.3791279019376,1325.508122148313,376.7843951173236
1246,raspberrypi,190.0,2023-08-09,22:05:01,Whole,912.1646949825285,,6.738744072094657,,3030.5,2143.0,6.738744072094657,0,1,1,,0.015625,0.984375,,0.0,0.015625,0.0,1244.2225519817669,,,1274.436968342432,897.6447479379929,1244.2225519817669,1467.3566185295592,1283.8814135426453,32.72404934036052
1247,raspberrypi,307.0,2023-08-09,22:05:01,Whole,842.8261843605554,0.88,6.352197108127404,14.49068731726245,2944.096153846154,2189.7548076923076,6.359230166080423,0,18,26,410.8246615658586,0.40625,0.59375,,0.0,0.40625,0.0,1203.7402370124078,,,1271.1651974316103,962.069827928832,1203.7402370124078,1387.3838793261948,1204.0611198593747,0.0
1248,raspberrypi,316.0,2023-08-09,22:05:01,Whole,419.5084718544926,1.0,6.693940150499762,14.795181312868312,1746.359375,1794.232142857143,6.406900460660245,0,20,56,81.66106874501929,0.171875,0.125,,0.0,0.171875,0.1875,751.7618950633082,,,767.4999199817246,1450.154712552243,751.7618950633082,328.24508838910464,205.67552345957318,216.48359135946393
1249,raspberrypi,392.0,2023-08-09,22:05:01,Whole,997.9493889250612,,6.990879271277224,,2982.75,1370.25,6.990879271277224,0,1,1,,0.0,0.984375,,0.0,0.0,0.0,1192.9225370419795,,,666.9511789114661,412.09662351752183,1192.9225370419795,1540.7788344977096,1429.1163654993625,427.85307234720085
1250,raspberrypi,300.0,2023-08-09,23:20:01,Whole,1013.3657858512254,0.6666666666666666,9.491741546410784,3.5669612661689283,3078.6805555555557,2203.222222222222,5.7807155089241995,0,10,9,2.0736960354757996,0.11688311688311688,0.8831168831168831,,0.0,0.11688311688311688,0.0,1302.112816602123,,,1351.4581704283328,949.6227964076163,1302.112816602123,1521.3549625436171,1319.4078605811173,105.86779798782933
1251,raspberrypi,316.0,2023-08-09,23:20:01,Whole,121.28015271391104,0.16,7.922204717693272,7.2915458914407525,1977.6628289473683,1964.1940789473683,5.7807155089241995,0,10,76,9.542918374551293,0.0,0.8441558441558441,,0.0,0.0,0.0,786.3887679542999,,,865.4135269744377,1345.46161835632,786.3887679542999,454.25798601483456,269.64862029722644,287.11865898656254
1252,raspberrypi,319.0,2023-08-09,23:20:01,Whole,1376.4889285464535,,7.732354972630059,,3452.75,1719.0,7.732354972630059,0,1,1,,0.0,0.987012987012987,,0.0,0.0,0.0,1497.4276547518627,,,1252.183732756027,583.0419152009318,1497.4276547518627,1899.629205979619,1764.5744822441995,557.6528947831347
1253,raspberrypi,683.0,2023-08-09,23:20:01,Whole,2048.845386586854,,12.548661876532575,,877.0,310.0,10.230231521180956,0,2,1,,0.0,1.0,,0.0,0.0,0.0,1960.6201838854915,,,1053.766022484756,2182.408273479083,1960.6201838854915,1700.2843688060013,1213.5653925082763,1399.7080868076432
1254,raspberrypi,792.0,2023-08-09,23:20:01,Whole,956.9080759746512,,7.804104748079359,,2181.75,1003.0,7.804104748079359,0,1,1,,0.0,0.987012987012987,,0.012987012987012988,0.0,0.0,1103.1584265789136,,,0.0,888.139646113962,1103.1584265789136,1131.7281095165972,815.2914048540242,803.9993798322578
1255,raspberrypi,304.0,2023-08-10,01:45:01,Whole,481.3143526493936,,2.356013038333657,,2915.75,1922.75,1.8376628668518475,0,2,1,,0.012658227848101266,0.9873417721518988,,0.0,0.012658227848101266,0.0,1119.1268060086888,,,1027.06886983376,727.6844105853812,1119.1268060086888,1351.190576638086,1203.0591338564097,44.99657399219686
1256,raspberrypi,305.0,2023-08-10,01:45:01,Whole,85.60534500027761,0.15384615384615385,2.6454249442033793,6.0169204342208396,3137.1487341772154,2432.8291139240505,1.7156493870703213,0,28,79,4.949305046183417,0.0,0.8481012658227848,,0.0,0.0,0.0,1445.7944426256022,,,1577.6090279098673,1173.5974762724934,1445.7944426256022,1619.7328702781122,1390.3785408473832,298.06185778684755
1257,raspberrypi,306.0,2023-08-10,01:45:01,Whole,312.02890227673544,,1.8189889316905659,,2831.5,2316.5,1.7323368491958697,0,2,1,,0.012658227848101266,0.9873417721518988,,0.0,0.012658227848101266,0.0,1196.9880152294286,,,1335.744370699681,1111.9492081023823,1196.9880152294286,1299.0024317941886,1079.0646306879576,98.1824150392469
1258,raspberrypi,314.0,2023-08-10,01:45:01,Whole,227.2515735850728,1.0,1.7820634578779622,7.6099089105708515,3205.375,2129.9322916666665,1.7134736240642732,0,26,24,82.78684167628168,0.11392405063291139,0.7088607594936709,,0.0,0.11392405063291139,0.0,1372.1930166700236,,,1364.761468260346,871.7758151132347,1372.1930166700236,1639.6079241139444,1459.227249782332,199.87697667735432
1259,raspberrypi,328.0,2023-08-10,01:45:01,Whole,431.05544736900345,,2.5925600898825882,,2914.0,1981.75,2.5925600898825882,0,1,1,,0.012658227848101266,0.9873417721518988,,0.0,0.012658227848101266,0.0,1123.4572165787617,,,1075.9639429473357,779.3364219457984,1123.4572165787617,1347.1816251932266,1194.958997731214,0.0
1260,raspberrypi,533.0,2023-08-10,01:45:01,Whole,784.5232611622313,,4.424978079526193,,2766.5,1658.75,4.424978079526193,0,1,1,,0.0,0.9873417721518988,,0.0,0.0,0.0,1046.4120974595337,,,724.5629754563984,624.0629413526491,1046.4120974595337,1247.5710262722764,1115.757116297152,292.92937461738796
1261,raspberrypi,304.0,2023-08-10,10:35:01,Whole,156.85268236633922,,2.415890536531224,,2769.5,1612.0,1.8096888421605901,0,3,1,,0.0,0.9868421052631579,,0.0,0.0,0.0,1052.6222347131088,,,687.9334857191652,599.0368627029168,1052.6222347131088,1262.9425179237219,1134.9602902263184,338.2601728748043
1262,raspberrypi,305.0,2023-08-10,10:35:01,Whole,614.9535104756667,,3.91911357404694,,2753.25,2070.0,3.7936355311482064,2,8,2,,0.02631578947368421,0.9736842105263158,,0.0,0.02631578947368421,0.0,1068.547636807841,,,1079.0038370411578,926.1208896137157,1068.547636807841,1196.2466814889287,1021.1884908905369,35.65420757929064
1263,raspberrypi,306.0,2023-08-10,10:35:01,Whole,1129.949120628291,1.0,6.345300457012596,5.398044913567216,1664.0,1497.5,5.082640786989032,0,21,4,2.2574438094257084e-26,0.013157894736842105,0.9473684210526315,,0.0,0.013157894736842105,0.05263157894736842,850.9464325855432,,,547.0773044696607,1418.418964480859,850.9464325855432,469.9409375165217,137.91438699785346,196.05713748031158
1264,raspberrypi,307.0,2023-08-10,10:35:01,Whole,716.6259808451247,1.0,4.974647879359094,39.91636357879559,3259.6785714285716,1982.5,2.6330520515207074,0,18,14,849.2403313432736,0.02631578947368421,0.8289473684210527,,0.0,0.02631578947368421,0.0,1385.0002363327253,,,1290.824235612182,747.4617624949892,1385.0002363327253,1693.8805440939777,1559.3394388577478,301.54295891893423
1265,raspberrypi,308.0,2023-08-10,10:35:01,Whole,684.0829326208699,0.6363636363636364,3.8805429055808207,96.95967314209155,2536.5104166666665,2080.5052083333335,0.3344697894970789,14,72,24,9397.399837873088,0.13157894736842105,0.8026315789473685,,0.0,0.13157894736842105,0.0,1007.8296301820942,,,1034.2336126161588,1048.7221706839523,1007.8296301820942,1013.5784193997242,864.3275995182785,207.63170910048285
1266,raspberrypi,310.0,2023-08-10,10:35:01,Whole,782.123249350194,0.8285714285714286,5.883407000889779,58.15716179777869,2440.0472972972975,783.5777027027027,3.9038891931956305,0,98,37,1441.6076353019519,0.0,0.5263157894736842,,0.4605263157894737,0.0,0.0,1258.368773162067,,,38.38851195881309,699.9198287571162,1258.368773162067,1463.1156175689314,1258.7541453729393,472.92089553389565
1267,raspberrypi,312.0,2023-08-10,10:35:01,Whole,331.5912993094231,0.8333333333333334,5.195054537291701,31.270125233129445,2913.1704545454545,1735.0795454545455,1.9352024787387818,0,91,44,568.3823395418204,0.4342105263157895,0.4342105263157895,,0.0,0.4342105263157895,0.0,1127.5849988380278,,,874.2441782057954,608.8117831597148,1127.5849988380278,1382.31219815658,1247.314296239566,169.6465481528801
1268,raspberrypi,314.0,2023-08-10,10:35:01,Whole,684.5732984046967,1.0,5.230822725587527,23.023960103816403,3266.2992424242425,980.0227272727273,3.611500951750532,0,85,33,291.7383664069928,0.2236842105263158,0.5657894736842105,,0.0,0.2236842105263158,0.0,1445.804963023371,,,794.9784333143637,385.3416432747615,1445.804963023371,1969.75080672708,1814.8897820542281,172.37902502771271
1269,raspberrypi,315.0,2023-08-10,10:35:01,Whole,433.27720389921075,1.0,5.397612988089678,12.651800950350632,3005.360294117647,1080.1470588235295,3.141450382277474,0,66,17,342.84190382212506,0.2236842105263158,0.7763157894736842,,0.0,0.2236842105263158,0.0,1264.872420656173,,,551.0787252645258,387.06510113782474,1264.872420656173,1690.1798696767075,1533.1586238315158,141.06849564766355
1270,raspberrypi,470.0,2023-08-10,10:35:01,Whole,1080.3635899776273,,5.042751709867163,,2446.0,2480.0,2.690360919725757,0,6,2,,0.0,1.0,,0.0,0.0,0.0,1119.0338832663467,,,1386.1028736865915,1411.4657730281688,1119.0338832663467,990.5035998314239,718.5126737670869,448.7296423561036
1271,raspberrypi,542.0,2023-08-10,10:35:01,Whole,895.4344199176637,,6.1820240774354644,,3219.5,669.5,5.967117446018046,0,2,1,,0.013157894736842105,0.9868421052631579,,0.0,0.013157894736842105,0.0,1513.8775027342476,,,720.831859846018,384.29934550320945,1513.8775027342476,2094.4652642484293,1884.7220929909738,17.38061654177085
1272,raspberrypi,666.0,2023-08-10,10:35:01,Whole,2071.6843655456055,,8.823369114058162,,1414.5,3003.25,5.9758755819067035,0,6,1,,0.0,1.0,,0.0,0.0,0.0,1465.8841630772076,,,2014.9571552146272,2425.9635926196643,1465.8841630772076,922.6719124995701,652.5418781714158,649.5105314164714
1273,raspberrypi,683.0,2023-08-10,10:35:01,Whole,2235.130717981728,,11.275623179097545,,873.0,313.0,7.128877226602967,0,3,1,,0.0,1.0,,0.0,0.0,0.0,1960.6572113337097,,,1056.4959350505176,2185.3653574298423,1960.6572113337097,1698.86427114178,1212.4382912925792,1398.2215709123993
1274,raspberrypi,818.0,2023-08-10,10:35:01,Whole,431.2115772699855,0.8181818181818182,3.7229503788822966,8.418146346780203,2626.359375,1852.3125,0.7438623959124858,14,88,24,28.963120344011934,0.06578947368421052,0.7631578947368421,,0.0,0.06578947368421052,0.0,983.0901191430081,,,832.5497257631168,827.8088137380508,983.0901191430081,1077.9251986359016,885.9600880496749,227.43324484365283
1275,raspberrypi,950.0,2023-08-10,10:35:01,Whole,437.39234078641863,,3.5539350608842275,,3184.75,1262.0,2.851663594368664,0,3,1,,0.0,0.9868421052631579,,0.0,0.0,0.0,1327.116017920853,,,786.2891133589976,369.6680117630766,1327.116017920853,1766.1420614890028,1658.2541067263694,318.274738527774
1276,raspberrypi,31.0,2023-08-10,10:25:01,Whole,683.3667159409537,,4.943397044406345,,2348.0,2208.25,4.086451517996991,0,2,1,,0.0,1.0,,0.0,0.0,0.0,953.8139068361795,,,1103.3234901322182,1246.6502593911484,953.8139068361795,814.0009428796435,598.2709993063893,410.59809780932596
1277,raspberrypi,306.0,2023-08-10,10:25:01,Whole,1453.6912201779594,1.0,8.083766631545135,14.630874888399532,1716.5,1073.625,6.214364856118391,0,9,4,0.0,0.0,0.961038961038961,,0.0,0.0,0.0,1084.345854127145,,,212.59463852828054,1301.6580567627084,1084.345854127145,865.122583811511,430.23304874016713,581.1264703575227
1278,raspberrypi,307.0,2023-08-10,10:25:01,Whole,270.5547711752413,1.0,4.051276030548144,5.850635532794859,3015.375,2121.3977272727275,1.28724287869797,0,34,11,2.76038841853769,0.14285714285714285,0.8571428571428571,,0.0,0.14285714285714285,0.0,1226.158343967241,,,1248.1496778485403,879.6656229108813,1226.158343967241,1450.8866949183114,1270.218331498636,12.548904942535614
1279,raspberrypi,308.0,2023-08-10,10:25:01,Whole,605.3201285120069,1.0,5.052662843415535,37.36103982599163,3044.0535714285716,2447.091836734694,2.758505202988886,0,99,49,3932.3649503501847,0.05194805194805195,0.37662337662337664,,0.0,0.05194805194805195,0.0,1402.4576859763524,,,1552.0381535238328,1197.1943487891256,1402.4576859763524,1545.490245630898,1325.7845367951643,222.67368413940633
1280,raspberrypi,310.0,2023-08-10,10:25:01,Whole,803.2078919095215,1.0,6.645529707014661,48.4419877708682,2852.715909090909,1105.8587662337663,6.295182376590412,1,133,77,2142.2425689733714,0.35064935064935066,0.0,,0.2727272727272727,0.35064935064935066,0.0,1223.7292917049251,,,444.06464166775874,481.9908313085813,1223.7292917049251,1564.610806319153,1391.3953972908182,294.1098149897511
1281,raspberrypi,311.0,2023-08-10,10:25:01,Whole,486.9296225044025,1.0,3.279297737751842,96.46534351776289,2900.5,2345.625,1.638450878068907,0,6,2,,0.025974025974025976,0.974025974025974,,0.0,0.025974025974025976,0.0,1251.0482006327936,,,1390.9289302176003,1121.5469034285336,1251.0482006327936,1371.8081714413563,1149.306086986869,128.3584782928462
1282,raspberrypi,312.0,2023-08-10,10:25:01,Whole,402.60321675404066,1.0,8.018186621091719,59.63974684510583,2781.4545454545455,2214.0,5.621464824382388,0,16,11,342.2804244066389,0.12987012987012986,0.8571428571428571,,0.0,0.12987012987012986,0.0,1134.571161961212,,,1222.31624100076,1042.32352946722,1134.571161961212,1239.0026948122618,1017.1106865811898,43.99728406669203
1283,raspberrypi,316.0,2023-08-10,10:25:01,Whole,624.1193008141904,1.0,5.4696064927864905,36.77021039812935,3183.6428571428573,2423.420918367347,2.758505202988886,0,101,49,585.1926356612398,0.2857142857142857,0.38961038961038963,,0.0,0.2857142857142857,0.0,1495.0661470090213,,,1598.9752867303014,1166.4910904010858,1495.0661470090213,1687.088095553191,1443.9327825194434,251.32070879682536
1284,raspberrypi,319.0,2023-08-10,10:25:01,Whole,163.40011967769766,,4.768113106699629,,3100.0,1846.0,3.0072792074341597,0,3,1,,0.0,0.987012987012987,,0.0,0.0,0.0,1238.433894264572,,,1077.0275652922905,619.3371781053385,1238.433894264572,1538.1254805942597,1395.599104786582,203.6683250815826
1285,raspberrypi,425.0,2023-08-10,10:25:01,Whole,1667.9081792319328,,9.950001807055521,,1288.25,1613.25,9.882408604968276,0,2,1,,0.012987012987012988,0.987012987012987,,0.0,0.012987012987012988,0.012987012987012988,916.3854673348495,,,883.8927461958322,1789.1682307626204,916.3854673348495,371.2102982265933,35.311583054679545,45.53574836876825
1286,raspberrypi,441.0,2023-08-10,10:25:01,Whole,916.3968219764984,,6.220441684181986,,3054.25,954.25,2.3250062552083754,1,7,2,,0.025974025974025976,0.974025974025974,,0.0,0.025974025974025976,0.0,1320.7977683423883,,,565.1239785540662,375.5772927894764,1320.7977683423883,1797.622120313319,1623.577954366804,11.66665054586646
1287,raspberrypi,683.0,2023-08-10,10:25:01,Whole,2581.8826263280243,,13.133366189295591,,872.75,312.25,11.982408934337588,0,2,1,,0.0,1.0,,0.0,0.0,0.0,1961.3349116455659,,,1056.9869889326628,2185.795243112368,1961.3349116455659,1699.6534754572792,1213.2252068240714,1399.0119572735557
1288,raspberrypi,818.0,2023-08-10,10:25:01,Whole,1369.398131502693,,8.165613923490188,,1895.0,2750.5,6.944615982896316,0,2,1,,0.0,1.0,,0.0,0.0,0.0,1181.6123403863453,,,1655.1344098439847,1931.405393548888,1181.6123403863453,764.4856426779911,431.81635129137624,421.34400034985913
1289,raspberrypi,250.0,2023-08-10,06:40:01,Whole,1753.0315290085803,,9.632109344862862,,1321.0,2203.75,7.011989504780051,0,3,1,,0.013888888888888888,0.9861111111111112,,0.0,0.013888888888888888,0.013888888888888888,893.0372782778084,,,1326.1334980493305,1995.4361606037505,893.0372782778084,256.6058515846401,69.58903390517422,60.56420325327129
1290,raspberrypi,305.0,2023-08-10,06:40:01,Whole,45.8477090568086,0.0,2.0750851929792438,,2782.0,1286.625,1.3275571534812716,0,10,5,0.0,0.0,1.0,,0.0,0.0,0.0,1117.5974706390464,,,456.898159717384,492.8369566645434,1117.5974706390464,1397.9429059493878,1275.0984632885475,428.8547709785638
1291,raspberrypi,306.0,2023-08-10,06:40:01,Whole,306.75912226162893,0.631578947368421,5.2691453480191806,9.092147558808774,3055.221153846154,1096.423076923077,3.1626408693016366,0,36,39,63.2233392696736,0.5416666666666666,0.4583333333333333,,0.0,0.5416666666666666,0.0,1285.2661206444075,,,603.4221984534297,378.14310386641773,1285.2661206444075,1724.7813404594572,1571.6134773673728,142.22094750741064
1292,raspberrypi,309.0,2023-08-10,06:40:01,Whole,324.58716919819886,1.0,4.158720693915108,22.55986557503674,2692.8405172413795,937.0086206896551,3.6736804702487573,0,24,29,164.1738169211839,0.0,0.5972222222222222,,0.16666666666666666,0.0,0.0,1216.1234270136454,,,212.10641316894623,515.6747852409151,1216.1234270136454,1526.1110668939946,1299.503011948762,281.2806578666572
1293,raspberrypi,310.0,2023-08-10,06:40:01,Whole,696.5798843866388,1.0,7.008990050873053,8.094626703661751,2784.875,544.7916666666666,3.0443464096433885,0,21,12,42.812220381202714,0.0,0.8333333333333334,,0.0,0.0,0.0,1455.482458160259,,,325.92662270642285,489.1195110642547,1455.482458160259,1859.663747501704,1581.8013345609897,288.2751607988603
1294,raspberrypi,316.0,2023-08-10,06:40:01,Whole,591.6079723278443,0.0,5.058619725663951,,2620.7697368421054,1809.0427631578948,4.29038482138526,0,48,38,0.003740775636948664,0.0,1.0,,0.0,0.0,0.0,976.2602799776347,,,786.3231511629959,801.7806519922485,976.2602799776347,1076.8635182955165,932.4525969839137,229.3084455038486
1295,raspberrypi,441.0,2023-08-10,06:40:01,Whole,1228.4336107190297,,7.638527686285607,,2440.25,2419.75,7.638527686285607,0,1,1,,0.0,1.0,,0.0,0.0,0.0,1083.05736860629,,,1325.703624815851,1363.4805303919886,1083.05736860629,961.3450358006936,700.016780483279,414.8632415602383
1296,raspberrypi,542.0,2023-08-10,06:40:01,Whole,1194.477026193021,,5.347066151205292,,3109.0,91.0,5.347066151205292,0,1,1,,0.0,0.9861111111111112,,0.0,0.0,0.0,1913.5024985561774,,,834.1584385848021,663.3158242003943,1913.5024985561774,2410.9935606152076,2107.1443599462787,496.3563273185151
1297,raspberrypi,17.0,2023-08-10,03:00:01,Whole,2421.7366901146106,,13.595541458512683,,876.75,305.75,13.595541458512683,0,1,1,,0.0,1.0,,0.0,0.0,0.0,1963.823677031504,,,1055.4685569857377,2183.7612667160047,1963.823677031504,1704.3536579440745,1217.5573051728447,1403.798652883929
1298,raspberrypi,306.0,2023-08-10,03:00:01,Whole,455.1149121127702,0.9102564102564102,7.903442784407489,27.56025993795311,2514.3670886075947,2470.7990506329115,7.869130226398486,1,42,79,265.0718520192074,0.05063291139240506,0.10126582278481013,,0.0,0.05063291139240506,0.0,1153.9079958885275,,,1401.9295408039889,1386.7026884107656,1153.9079958885275,1058.4496201480385,758.6571370901307,414.65043436187204
1299,raspberrypi,307.0,2023-08-10,03:00:01,Whole,967.7234283521678,1.0,7.447576327016003,187.52309680565165,2592.75,1181.0535714285713,7.354406738541967,0,7,7,3828.6464223018493,0.0,0.9113924050632911,,0.0379746835443038,0.0,0.0,1126.9366202244864,,,320.53342679991937,638.1359908989918,1126.9366202244864,1322.20960064502,1150.1667628483603,453.06217240022556
1300,raspberrypi,310.0,2023-08-10,03:00:01,Whole,1433.8425104223193,0.8461538461538461,8.784979206533972,5.165221656405053,3226.1339285714284,805.9553571428571,8.656088172001411,0,14,14,2.170147752093714,0.17721518987341772,0.8227848101265823,,0.0,0.17721518987341772,0.0,1459.6593337785066,,,721.1872747352633,379.83125824391055,1459.6593337785066,2020.689063240355,1840.7825067740748,17.799751825713912
1301,raspberrypi,314.0,2023-08-10,03:00:01,Whole,1334.9554855222782,1.0,7.627783980988007,107.42968779728996,1961.75,1820.5833333333333,7.108256504744587,0,15,15,701.2681426748783,0.0,0.8227848101265823,,0.02531645569620253,0.0,0.0,1309.6701077744426,,,1113.151317301444,1427.8878036549208,1309.6701077744426,1192.211211164873,1086.6853411282275,367.4251585058724
1302,raspberrypi,315.0,2023-08-10,03:00:01,Whole,1615.8068760560705,,7.643032854326525,,3226.5,602.25,4.175956548646742,0,2,1,,0.012658227848101266,0.9873417721518988,,0.0,0.012658227848101266,0.0,1560.2302691997222,,,737.2901899343424,391.36167414606473,1560.2302691997222,2140.9685651802915,1920.687127343124,0.0
1303,raspberrypi,316.0,2023-08-10,03:00:01,Whole,962.6224199243925,1.0,7.673798032798623,29.33641082341192,3315.875,1494.625,7.673798032798623,0,2,2,,0.0,0.9746835443037974,,0.0,0.0,0.0,1392.1125972780953,,,1013.0708940848806,457.33690953935036,1392.1125972780953,1812.2614648934498,1688.639551072988,577.8265942861957
1304,raspberrypi,812.0,2023-08-10,03:00:01,Whole,553.6801157956038,,0.01722127228434316,,2336.0,2579.75,0.01722127228434316,1,1,1,,0.0,1.0,,0.0,0.0,0.0,1143.7063072874091,,,1471.574351501514,1549.4768519530232,1143.7063072874091,943.8037696434018,647.0625165882263,597.2214456304172
1305,raspberrypi,987.0,2023-08-10,03:00:01,Whole,820.0119784496973,,5.5732446928833586,,2979.0,1372.25,4.175956548646742,0,2,1,,0.0,0.9873417721518988,,0.0,0.0,0.0,1190.6102973895179,,,665.0940787700738,413.79175594374766,1190.6102973895179,1536.608835818926,1424.8670440424905,430.5702617809342
1306,raspberrypi,304.0,2023-08-10,11:00:01,Whole,349.2305987546753,1.0,3.5063437125090906,72.80126668744194,2364.8,1491.675,1.0118178980872996,5,21,10,1218.2705058633783,0.0,0.8666666666666667,,0.013333333333333334,0.0,0.0,942.0520820340745,,,411.4647322996013,838.399072862235,942.0520820340745,957.068301246944,836.8807486683252,614.4108172523552
1307,raspberrypi,306.0,2023-08-10,11:00:01,Whole,504.1817729864416,0.8648648648648649,5.0383082517222535,30.845298189044712,2326.2816666666668,1690.5933333333332,3.98347298368628,5,113,75,1925.3001820501881,0.0,0.14666666666666667,,0.02666666666666667,0.0,0.0,912.5706437377862,,,606.6737645631858,964.5000690226417,912.5706437377862,859.8981292753123,746.4686899113746,529.2590009472904
1308,raspberrypi,310.0,2023-08-10,11:00:01,Whole,314.14182929181453,0.9583333333333334,4.2034316394996445,41.94241656850455,2779.806506849315,1157.4777397260275,3.70460493201133,0,113,73,1314.5900051225706,0.0,0.06666666666666667,,0.12,0.0,0.0,1174.9969305973577,,,399.77085298075366,497.2737487279496,1174.9969305973577,1477.2824835569718,1300.9074900321602,386.0901256828747
1309,raspberrypi,311.0,2023-08-10,11:00:01,Whole,829.5145525693337,0.9444444444444444,4.383509208077093,3.349578498835881,3235.5375,764.44375,3.9112431880453125,0,44,20,0.7568311347344878,0.26666666666666666,0.7333333333333333,,0.0,0.26666666666666666,0.0,1481.3156659046397,,,730.6561648735876,383.1612477415016,1481.3156659046397,2051.7561868796765,1858.230382912836,31.877155601733932
1310,raspberrypi,319.0,2023-08-10,11:00:01,Whole,740.8096242466341,1.0,5.358143171193527,2.1618536285121412,3082.375,745.75,3.012951560186328,0,8,4,5.419898431604907e-26,0.05333333333333334,0.9466666666666667,,0.0,0.05333333333333334,0.0,1411.5555916445946,,,578.1250724703418,370.2718307979982,1411.5555916445946,1940.5053237367174,1728.1778535939916,0.0
1311,raspberrypi,392.0,2023-08-10,11:00:01,Whole,1432.7208797459425,,8.30566249867089,,1394.75,615.25,7.972772470752132,0,2,1,,0.0,1.0,,0.0,0.0,0.0,1494.1025249100576,,,469.9938468894076,1630.2645807142112,1494.1025249100576,1290.1995854230581,796.0247239832242,991.8913037866776
1312,raspberrypi,447.0,2023-08-10,11:00:01,Whole,681.9509144235557,1.0,2.8410200388729296,9.62106580137951,3228.75,1002.3125,1.2298061753481417,0,11,4,9.777639268288453,0.05333333333333334,0.9466666666666667,,0.0,0.05333333333333334,0.0,1404.9242622717088,,,745.63002792769,375.6276089380141,1404.9242622717088,1919.9128309380128,1777.1754013746709,96.9117121976837
1313,raspberrypi,714.0,2023-08-10,11:00:01,Whole,562.1955945640465,,3.409517514709338,,2704.75,1892.75,2.764098441061907,0,2,1,,0.013333333333333334,0.9866666666666667,,0.0,0.013333333333333334,0.0,1011.6791609826051,,,897.3566645551869,807.8200212503577,1011.6791609826051,1147.1683360382453,997.8148932807317,110.72638984078668
1314,raspberrypi,89.0,2023-08-09,18:15:01,Whole,1238.5464730595609,,10.759018421577744,,3099.75,622.0,10.759018421577744,0,1,1,,0.012658227848101266,0.9873417721518988,,0.0,0.012658227848101266,0.0,1487.6263605693794,,,609.0355571606867,369.55279496289734,1487.6263605693794,2031.2435774361504,1799.2039261323907,72.33746707091728
1315,raspberrypi,304.0,2023-08-09,18:15:01,Whole,464.33180575804556,1.0,4.180795639557511,27.15076123615799,3029.3571428571427,2191.285714285714,1.0912916211293135,0,24,7,461.40339715656876,0.08860759493670886,0.9113924050632911,,0.0,0.08860759493670886,0.0,1262.3123262790791,,,1315.1593966718392,944.8446646540311,1262.3123262790791,1471.6717201456438,1277.2608717753872,54.0725489697966
1316,raspberrypi,305.0,2023-08-09,18:15:01,Whole,479.9720912997087,1.0,3.6752960389776597,29.237686359890702,2865.68125,1348.46875,2.0548846704910493,3,55,20,125.2478615483523,0.0,0.759493670886076,,0.0,0.0,0.0,1142.841135438261,,,564.105496441288,463.78696939374674,1142.841135438261,1448.1085266888952,1329.227640903654,466.8750316622715
1317,raspberrypi,306.0,2023-08-09,18:15:01,Whole,236.37762652815934,1.0,5.036639994762611,27.401211492521746,2879.75,2017.3333333333333,3.4443176934655444,0,18,6,510.63367759428405,0.0759493670886076,0.9240506329113924,,0.0,0.0759493670886076,0.0,1112.3394534293352,,,1089.1541040158688,824.2872053065851,1112.3394534293352,1313.5070505881768,1156.0972019016667,0.0
1318,raspberrypi,307.0,2023-08-09,18:15:01,Whole,656.1136676914464,1.0,2.5314212411413246,6.574360974438673,3014.25,1208.0,0.9552053576406444,3,8,4,1.546167374233183e-26,0.0,0.9493670886075949,,0.0,0.0,0.0,1239.4048700790215,,,609.3821857245844,389.0349287215176,1239.4048700790215,1636.4713150167854,1517.8658600953286,262.58449676363136
1319,raspberrypi,308.0,2023-08-09,18:15:01,Whole,781.7765947315589,1.0,6.624118957301365,61.289407528024306,3099.065476190476,2487.717261904762,1.7934062010072236,2,100,42,2108.062019235351,0.1518987341772152,0.4810126582278481,,0.0,0.1518987341772152,0.0,1473.376248842924,,,1617.1167879742889,1233.1561888465558,1473.376248842924,1623.6614352614704,1381.7395246221204,379.4467630007063
1320,raspberrypi,309.0,2023-08-09,18:15:01,Whole,1119.662128150419,1.0,5.535677519437707,41.64821027795233,2848.5,720.5263157894736,3.85420348073179,0,99,38,804.8733259391175,0.34177215189873417,0.5189873417721519,,0.10126582278481013,0.34177215189873417,0.0,1370.694715195155,,,370.12004640799375,464.57290645924445,1370.694715195155,1785.9816018248264,1620.6853993821305,126.11558277562321
1321,raspberrypi,310.0,2023-08-09,18:15:01,Whole,1035.1770323364783,0.9459459459459459,7.535860507222398,74.94420165623303,2673.2933333333335,2491.3366666666666,3.2076755519213775,2,159,75,5415.873677801351,0.0759493670886076,0.10126582278481013,,0.0,0.0759493670886076,0.11392405063291139,1406.767179265937,,,1614.232307391124,1500.9766988722906,1406.767179265937,1359.7589037965706,1373.7681913910674,487.52004504929107
1322,raspberrypi,314.0,2023-08-09,18:15:01,Whole,250.89709488250801,1.0,3.450038405505026,39.07500610616209,2815.6785714285716,2050.8928571428573,1.6144865720273036,1,39,14,133.060651191773,0.17721518987341772,0.8227848101265823,,0.0,0.17721518987341772,0.0,1089.3217435492318,,,1089.5305691076867,880.878247205781,1089.3217435492318,1253.8995188400625,1080.0006844411637,0.0
1323,raspberrypi,315.0,2023-08-09,18:15:01,Whole,916.2410318128436,,4.0702460434064855,,3079.0,954.0,1.1353580145454758,0,4,1,,0.012658227848101266,0.9873417721518988,,0.0,0.012658227848101266,0.0,1331.3886399465082,,,589.3675210571369,372.0436161620655,1331.3886399465082,1818.011904790869,1646.8768174872373,1.2873881272432044
1324,raspberrypi,316.0,2023-08-09,18:15:01,Whole,850.0565930108576,1.0,5.575268623975932,103.34729795740054,2823.53125,1004.53125,1.671459920201711,0,23,8,1474.9200061303395,0.012658227848101266,0.8987341772151899,,0.012658227848101266,0.012658227848101266,0.0,1272.557305934672,,,441.1245086040892,500.8270691775889,1272.557305934672,1618.5625606609713,1384.5537635148917,274.99999351342217
1325,raspberrypi,319.0,2023-08-09,18:15:01,Whole,1217.1574382117353,1.0,7.773663940896347,42.16372120953305,2173.59375,766.19375,8.464614880536697,0,40,20,3895.0013292084045,0.0,0.7721518987341772,,0.22784810126582278,0.0,0.0,1256.978828423907,,,30.689476595417393,923.6195573004932,1256.978828423907,1328.9406842176575,1068.670552803499,745.7859126490491
1326,raspberrypi,441.0,2023-08-09,18:15:01,Whole,492.0608923929905,,4.907035440657199,,2976.75,1371.0,4.159863677726067,0,3,1,,0.0,0.9873417721518988,,0.0,0.0,0.0,1189.6263236295233,,,662.5398068840673,414.4951674833364,1189.6263236295233,1535.0381500028716,1423.4330304569796,429.8139489833643
1327,raspberrypi,447.0,2023-08-09,18:15:01,Whole,815.383496082483,0.0,6.322458812299636,,2071.0208333333335,1380.2708333333333,4.457699982440708,0,23,6,0.0,0.0,1.0,,0.0,0.0,0.0,913.0818259160499,,,277.00571568250683,1034.421658964886,913.0818259160499,784.8650532005108,584.4321232775364,626.2902429403048
1328,raspberrypi,542.0,2023-08-09,18:15:01,Whole,1535.3414206689577,,11.821567704754962,,1408.25,1088.0,10.906899515612798,0,2,1,,0.0,1.0,,0.0,0.0,0.0,1161.343737040635,,,495.3788544786142,1588.4719158005569,1161.343737040635,819.2128161930169,323.1266085680639,519.6097148341347
1329,raspberrypi,657.0,2023-08-09,18:15:01,Whole,1483.7410342204253,,9.55230792690128,,1291.5,1611.25,7.950112475693236,0,3,1,,0.012658227848101266,0.9873417721518988,,0.0,0.012658227848101266,0.012658227848101266,915.1280233222811,,,880.1519731817825,1785.6454220291357,915.1280233222811,370.9210433932,31.502008822669524,44.57077436370891
1330,raspberrypi,666.0,2023-08-09,18:15:01,Whole,333.3978998546095,,3.876626548446181,,2788.25,2145.75,0.1931160012457489,1,3,1,,0.012658227848101266,0.9873417721518988,,0.0,0.012658227848101266,0.0,1098.4410475753737,,,1162.0137596611075,971.8707618051028,1098.4410475753737,1230.0088529506165,1042.6878180073804,0.0
1331,raspberrypi,37.0,2023-08-09,20:00:01,Whole,497.4670307089046,,5.676031688445821,,2240.5,1116.5,3.089538560256232,0,3,1,,0.0,0.9846153846153847,,0.015384615384615385,0.0,0.0,1048.5132312239696,,,7.464418667703512,846.7188330088372,1048.5132312239696,1081.3171933753217,808.7496384294018,775.7866435208638
1332,raspberrypi,305.0,2023-08-09,20:00:01,Whole,1325.774731909228,0.0,6.68295631682081,,1666.1,2837.3416666666667,4.870953236354221,0,33,15,0.034913871311699526,0.0,1.0,,0.0,0.0,0.0,1262.9640793020324,,,1784.3748264219705,2139.7611340779226,1262.9640793020324,768.0847344398263,460.60720045930736,458.62367329903293
1333,raspberrypi,306.0,2023-08-09,20:00:01,Whole,804.2338026388787,1.0,5.331801454535439,49.30829204523089,2286.7125,849.31,5.829717916011126,0,65,50,1225.9001164051451,0.0,0.23076923076923078,,0.4307692307692308,0.0,0.0,1238.028644883683,,,191.51321944225714,879.4581321196911,1238.028644883683,1328.3967280991558,1120.1383443756981,616.732320588126
1334,raspberrypi,308.0,2023-08-09,20:00:01,Whole,858.7477370949181,,3.0770901622642604,,2071.0,2413.0,2.6274718899629783,0,2,1,,0.0,1.0,,0.0,0.0,0.0,968.2298650361444,,,1301.045598328813,1568.4808444216885,968.2298650361444,636.9450875651844,339.5210048165289,306.9444973546467
1335,raspberrypi,314.0,2023-08-09,20:00:01,Whole,338.6488358880763,,2.563542577619935,,1744.75,1769.0,0.9894012924523485,1,3,1,,0.0,1.0,,0.0,0.0,0.0,754.8987176549706,,,743.9978557564823,1440.5224927189656,754.8987176549706,337.0955292955387,222.76258562247244,226.88130308510733
1336,raspberrypi,316.0,2023-08-09,20:00:01,Whole,320.15104639469814,1.0,4.0307366678665915,19.28895001796618,1855.1853448275863,1824.4396551724137,5.7044298881712,1,68,58,225.7172828981622,0.0,0.13846153846153847,,0.0,0.0,0.18461538461538463,766.6221742424324,,,760.122857548355,1375.1454747859366,766.6221742424324,395.26819766634503,248.31364225219377,289.75658588016995
1337,raspberrypi,317.0,2023-08-09,20:00:01,Whole,964.8204676758519,1.0,6.541609051865514,134.28560980239095,2786.875,989.625,6.541609051865514,0,2,2,,0.0,0.9846153846153847,,0.0,0.0,0.0,1214.8884201040526,,,317.5667979605977,462.32671650253644,1214.8884201040526,1562.6362954976294,1361.75549986345,227.47169698020363
1338,raspberrypi,525.0,2023-08-09,20:00:01,Whole,945.7806996300518,,7.238990846732841,,1319.75,2204.75,3.724947467763114,0,2,1,,0.015384615384615385,0.9846153846153847,,0.0,0.015384615384615385,0.015384615384615385,894.3946694751847,,,1327.6353614276613,1996.9732523537034,894.3946694751847,257.81796645265644,70.43839753354273,61.448952312873004
1339,raspberrypi,666.0,2023-08-09,20:00:01,Whole,675.8816173215635,,4.674204420666295,,1373.625,1784.0,2.6425944522930758,0,5,2,,0.015384615384615385,0.9846153846153847,,0.0,0.015384615384615385,0.0,895.7097054172023,,,965.8369276808622,1769.7136189592661,895.7097054172023,368.13698959010827,221.88184521786485,200.6374833316379
1340,raspberrypi,669.0,2023-08-09,20:00:01,Whole,577.9726788586082,,4.769543452027773,,2174.75,1003.0,4.769543452027773,0,1,1,,0.0,0.9846153846153847,,0.015384615384615385,0.0,0.0,1102.7839086507329,,,0.0,894.014418766548,1102.7839086507329,1127.6980869497227,809.5128757831621,810.8779170477275
1341,raspberrypi,818.0,2023-08-09,20:00:01,Whole,648.2561658825471,,,,2325.0,2122.25,,0,0,1,,0.0,1.0,,0.0,0.0,0.0,917.9316758246358,,,1015.2399393069043,1198.6193762148669,917.9316758246358,778.8223381871172,589.4439343251685,421.9269388093329
1342,raspberrypi,128.0,2023-08-10,04:00:02,Whole,310.20960051229883,,,,2790.75,1679.5,,0,0,1,,0.0,0.9,,0.0,0.0,0.0,1056.0443672443996,,,755.3724194312199,620.4627352175812,1056.0443672443996,1265.5011616974382,1131.9916292319901,268.19781360461116
1343,raspberrypi,250.0,2023-08-10,04:00:02,Whole,317.3357783956924,,,,2982.5,1370.75,,0,0,1,,0.0,0.9,,0.0,0.0,0.0,1192.70858183347,,,667.0420763627205,412.25599771909106,1192.70858183347,1540.3615943302927,1428.6663647939497,428.3928965999976
1344,raspberrypi,314.0,2023-08-10,04:00:02,Whole,545.6734795186587,,,,2791.5,1926.5,,0,0,1,,0.1,0.9,,0.0,0.1,0.0,1051.2546097385468,,,966.7836481491781,787.1104346186203,1051.2546097385468,1229.1972399163494,1079.1732727127458,30.092931716896928
1345,raspberrypi,425.0,2023-08-10,04:00:02,Whole,1699.6472049369538,,,,1186.25,559.5,,0,0,1,,0.0,1.0,,0.0,0.0,0.0,1622.3828667081286,,,685.6377259643664,1835.65890916495,1622.3828667081286,1374.0814387385544,877.6236774585147,1079.9807304285564
1346,raspberrypi,524.0,2023-08-10,04:00:02,Whole,531.9360483911237,,,,3189.625,1308.0,,0,0,2,,0.0,0.8,,0.0,0.0,0.0,1324.7524697064728,,,813.405769752051,375.61373746187826,1324.7524697064728,1753.1877466057401,1642.1439410134492,370.47469855236614
1347,raspberrypi,683.0,2023-08-10,04:00:02,Whole,603.7071746297554,,,,2469.25,1443.875,,0,0,2,,0.1,0.8,,0.1,0.1,0.0,1083.0085588577006,,,479.7743220112302,852.4105345026461,1083.0085588577006,1181.3868572976533,946.0984268834005,402.54963133147623
1348,raspberrypi,739.0,2023-08-10,04:00:02,Whole,590.798608876155,,,,3060.75,955.75,,0,0,1,,0.1,0.9,,0.0,0.1,0.0,1322.3886950791393,,,571.7599058813632,373.95873271568803,1322.3886950791393,1801.939525230612,1629.053970015403,6.272628369630283
1349,raspberrypi,896.0,2023-08-10,04:00:02,Whole,578.886946000685,,,,2531.75,1958.5,,0,0,1,,0.0,1.0,,0.0,0.0,0.0,952.7342359501025,,,896.0353204788844,955.5760290055639,952.7342359501025,974.3601691531179,817.4653620913956,238.98535953775627
1350,raspberrypi,31.0,2023-08-10,03:15:01,Whole,259.0054334719923,,,,3123.0,1048.75,,0,0,1,,0.030303030303030304,0.9696969696969697,,0.0,0.030303030303030304,0.0,1331.0749445447739,,,653.6498355590616,369.97286049203524,1331.0749445447739,1806.1800941423753,1660.7372553575003,97.40167784603783
1351,raspberrypi,127.0,2023-08-10,03:15:01,Whole,807.0807281185492,,,,2920.75,188.5,,0,0,1,,0.0,0.9696969696969697,,0.0,0.0,0.0,1766.4136761529994,,,625.5519293867078,601.506223147395,1766.4136761529994,2216.775534676009,1901.0087044678257,482.58289217125514
1352,raspberrypi,310.0,2023-08-10,03:15:01,Whole,147.80887289605076,1.0,4.89951623691066,42.1457123009582,2817.589285714286,968.2276785714286,4.89951623691066,0,1,28,696.5150715542786,0.45454545454545453,0.15151515151515152,,0.030303030303030304,0.45454545454545453,0.0,1233.815239458569,,,347.9584183601155,455.2315499826824,1233.815239458569,1599.9647862663614,1423.2006929650174,172.31041903031715
1353,raspberrypi,319.0,2023-08-10,03:15:01,Whole,948.9797057089401,,4.89951623691066,,3189.5,1887.5,4.89951623691066,0,1,1,,0.0,0.9696969696969697,,0.0,0.0,0.0,1307.8581360267558,,,1167.664176560641,642.4056641814483,1307.8581360267558,1622.7659340721264,1479.025475880274,245.10390149631652
1354,raspberrypi,437.0,2023-08-10,03:15:01,Whole,536.8783034634379,,,,3303.5,1310.5,,0,0,1,,0.0,0.9696969696969697,,0.0,0.0,0.0,1399.9954010263973,,,914.3992605344715,385.79353115029073,1399.9954010263973,1857.1148296189015,1744.2874929799405,401.33166750944395
1355,raspberrypi,666.0,2023-08-10,03:15:01,Whole,605.7677556285008,,,,3272.0,1447.0,,0,0,1,,0.0,0.9696969696969697,,0.0,0.0,0.0,1363.749932024629,,,950.7655555521203,429.4917874386605,1363.749932024629,1783.7990354959636,1663.2246290320977,519.1166011632213
1356,raspberrypi,683.0,2023-08-10,03:15:01,Whole,191.51391884699228,,,,2873.75,802.5,,0,0,1,,0.030303030303030304,0.9696969696969697,,0.0,0.030303030303030304,0.0,1318.5405880426447,,,368.8076706570826,420.4885828879137,1318.5405880426447,1744.6618429509388,1515.5745871144713,97.5666256216722
1357,raspberrypi,216.0,2023-08-10,01:35:01,Whole,2174.649761099408,,12.170238017182541,,1663.0,489.25,12.170238017182541,0,1,1,,0.0,1.0,,0.0,0.0,0.0,1506.7721734103109,,,262.9524460435097,1411.0612521712906,1506.7721734103109,1424.2356182804226,951.7667245105054,1131.6356372134699
1358,raspberrypi,305.0,2023-08-10,01:35:01,Whole,185.22273997924327,0.0,6.503582592032391,,3262.0977564102564,2220.9358974358975,4.728001554865827,0,21,78,0.061422958453262046,0.0,1.0,,0.0,0.0,0.0,1444.4902614839198,,,1470.4496991016754,965.1859961965017,1444.4902614839198,1703.1008338846862,1509.882069690394,277.0571513070649
1359,raspberrypi,308.0,2023-08-10,01:35:01,Whole,1086.1352931915887,,6.50549835060247,,2950.75,1000.25,6.50549835060247,0,1,1,,0.01282051282051282,0.9871794871794872,,0.0,0.01282051282051282,0.0,1263.8147974033798,,,474.70362193594775,397.4673021002152,1263.8147974033798,1686.9665728239306,1510.5590766050125,98.22900034484134
1360,raspberrypi,314.0,2023-08-10,01:35:01,Whole,256.25880359648835,1.0,2.2372748308284733,9.636691669680708,2920.125,2038.625,1.9674480738670435,0,9,6,8.263760495259676,0.07692307692307693,0.9230769230769231,,0.0,0.07692307692307693,0.0,1143.7815766990898,,,1128.0099810818788,830.1776337559387,1143.7815766990898,1355.5104896685036,1194.7524955139309,0.0
1361,raspberrypi,533.0,2023-08-10,01:35:01,Whole,666.34820495236,,2.961635484669382,,2513.375,1909.625,3.091598407656063,0,3,2,,0.0,1.0,,0.0,0.0,0.0,941.4253650962684,,,845.3832551372784,934.5605404406709,941.4253650962684,960.3082458846183,806.2487656170192,270.65621895081426
1362,raspberrypi,682.0,2023-08-10,01:35:01,Whole,1281.5701679891017,,7.457964935350723,,3093.875,799.375,7.457964935350723,0,2,2,,0.02564102564102564,0.9743589743589743,,0.0,0.02564102564102564,0.0,1411.6705524064212,,,596.6952626158843,401.7574265409095,1411.6705524064212,1917.7023214215915,1717.0097703576212,59.99681596998805
1363,raspberrypi,818.0,2023-08-10,01:35:01,Whole,733.7054908766422,1.0,3.8396548621203683,27.945089034159714,2868.875,1393.375,4.728001554865827,0,10,8,895.9069153517007,0.0,0.8974358974358975,,0.0,0.0,0.0,1132.2335957374305,,,592.5699891139054,467.7978712977884,1132.2335957374305,1428.7810506045107,1321.3163115944924,487.8786143462509
1364,raspberrypi,936.0,2023-08-10,01:35:01,Whole,1450.8105321656033,,8.438370602259209,,2172.75,1003.5,8.438370602259209,0,1,1,,0.0,0.9871794871794872,,0.01282051282051282,0.0,0.0,1102.4016056567675,,,0.0,895.7091175572377,1102.4016056567675,1126.1534967807852,807.5814811035946,812.935876643454
1365,raspberrypi,106.0,2023-08-10,04:30:01,Whole,597.0886907295768,1.0,,3.877015604817706,2761.375,2313.375,,0,0,3,0.0,0.09090909090909091,0.9090909090909091,,0.0,0.09090909090909091,0.0,1159.986552141948,,,1306.480312546584,1132.1956863684422,1159.986552141948,1230.9458704006083,1008.8744486398787,118.66836763189161
1366,raspberrypi,319.0,2023-08-10,04:30:01,Whole,173.3977874753608,1.0,2.542319650992068,13.926046988591732,2864.4285714285716,1884.892857142857,2.1745213716784506,0,20,28,56.85430207685063,0.8484848484848485,0.15151515151515152,,0.0,0.8484848484848485,0.0,1088.549496085575,,,967.7246337494591,720.3930025610963,1088.549496085575,1304.0971298394882,1166.3875730990876,86.79191841597594
1367,raspberrypi,542.0,2023-08-10,04:30:01,Whole,425.99323998850764,1.0,2.644718322502221,25.100225212456188,3344.943181818182,1564.2045454545455,2.9094441184770945,0,14,11,12.912090871087408,0.0,0.6666666666666666,,0.0,0.0,0.0,1412.3986170597166,,,1075.1864027194265,494.90392362779545,1412.3986170597166,1824.1072316375532,1695.1593897160212,575.1068623874021
1368,raspberrypi,666.0,2023-08-10,04:30:01,Whole,251.83053731279264,0.0,2.1654822971696546,,2996.9375,1503.625,2.0874913397224515,0,12,10,0.0,0.0,0.696969696969697,,0.0,0.0,0.0,1182.4167870710821,,,761.2644288632106,449.04499601048576,1182.4167870710821,1508.0897943531927,1387.7366480838155,466.1993020969179
1369,raspberrypi,858.0,2023-08-10,04:30:01,Whole,1094.0989747451365,,,,2173.5,1004.25,,0,0,1,,0.0,0.9696969696969697,,0.030303030303030304,0.0,0.0,1102.021842270201,,,0.0,895.0997975035762,1102.021842270201,1125.9870638877044,807.7748650994506,812.3379139408314
1370,raspberrypi,17.0,2023-08-09,20:45:01,Whole,997.4773226161598,0.23076923076923078,6.273298877982935,459.19496283048323,1606.0,2395.03125,4.242323166365395,0,23,16,40541.172479347275,0.1794871794871795,0.8076923076923077,,0.0,0.1794871794871795,0.1794871794871795,994.823599822419,,,1397.2778767709965,1883.4192276214728,994.823599822419,477.0937132210234,155.80860944014864,152.7923746216781
1371,raspberrypi,158.0,2023-08-09,20:45:01,Whole,840.4752760074201,,7.171627455308303,,1294.5,1612.5,4.574556697044146,0,2,1,,0.01282051282051282,0.9871794871794872,,0.0,0.01282051282051282,0.01282051282051282,912.6002575844143,,,878.8154441871325,1783.2620709465427,912.6002575844143,368.65863859730825,29.787307827436393,41.569195067489076
1372,raspberrypi,304.0,2023-08-09,20:45:01,Whole,495.7252592233518,0.0,5.650466962200147,,1639.9618055555557,1570.3715277777778,3.1887739153517827,0,50,36,0.04866869427432105,0.46153846153846156,0.5384615384615384,,0.0,0.46153846153846156,0.46153846153846156,818.8925631551184,,,620.551492441181,1460.5380216188628,818.8925631551184,405.1191941302109,114.96357037959527,132.98197300428896
1373,raspberrypi,306.0,2023-08-09,20:45:01,Whole,1143.79607244306,1.0,8.507795446337047,43.978401187809844,2736.952205882353,727.6617647058823,7.973923248873222,0,39,34,2504.1510004850697,0.038461538461538464,0.5897435897435898,,0.0,0.038461538461538464,0.0,1419.8954602390359,,,440.6016319844848,601.1483186306613,1419.8954602390359,1754.8687386241606,1521.475198148862,508.3532367363127
1374,raspberrypi,316.0,2023-08-09,20:45:01,Whole,378.03530117744583,0.0,5.034115170998885,,2102.135593220339,1975.4872881355932,3.88755815754307,0,67,59,0.07981324768607108,0.0,1.0,,0.0,0.0,0.0,820.1175145176294,,,862.4402732484929,1258.09254552405,820.1175145176294,565.0897647934813,389.84744132900806,385.3611918407239
1375,raspberrypi,447.0,2023-08-09,20:45:01,Whole,966.4741468618633,0.0,7.529987288091587,,3047.775,1281.6,6.047338254844674,0,10,10,0.0011141368997533681,0.0,0.8717948717948718,,0.0,0.0,0.0,1243.010636000829,,,673.6797219086642,384.66182788670886,1243.010636000829,1634.5736953222647,1527.9734616849069,330.2657763001192
1376,raspberrypi,657.0,2023-08-09,20:45:01,Whole,595.6424789851479,,6.794155380999613,,2173.75,1004.5,5.0284751623764805,0,2,1,,0.0,0.9871794871794872,,0.01282051282051282,0.0,0.0,1101.8954200932674,,,0.0,894.8968083573614,1101.8954200932674,1125.9317830664374,807.8395881281583,812.1387754033118
1377,raspberrypi,666.0,2023-08-09,20:45:01,Whole,628.9322720192501,,4.024035886759947,,1507.0,1635.5,3.535654143935754,0,2,1,,0.01282051282051282,0.9871794871794872,,0.0,0.01282051282051282,0.01282051282051282,807.5755526976433,,,751.7912409735072,1598.6267814284752,807.5755526976433,319.4260551988463,28.58116381672147,0.0
1378,raspberrypi,708.0,2023-08-09,20:45:01,Whole,596.1251584330722,,5.034532885854354,,2173.5,1004.0,5.034532885854354,0,1,1,,0.0,0.9871794871794872,,0.01282051282051282,0.0,0.0,1102.1612640216913,,,0.0,895.0927253224452,1102.1612640216913,1126.1858334486167,807.9163547108287,812.2914854849478
1379,raspberrypi,17.0,2023-08-10,12:25:01,Whole,772.6550207137763,,5.1232761887223095,,3141.5,1950.625,0.9401561103011978,1,2,2,,0.01639344262295082,0.9672131147540983,,0.0,0.01639344262295082,0.0,1321.0058852146635,,,1228.0557312462263,783.8959071821731,1321.0058852146635,1598.5245452445743,1429.5705479408632,286.371303803226
1380,raspberrypi,31.0,2023-08-10,12:25:01,Whole,842.5368029896849,,6.940174631437506,,2074.125,2151.875,6.393199311241363,0,3,2,,0.0,1.0,,0.0,0.0,0.0,954.5735780293797,,,1041.041101989736,1425.9599959596994,954.5735780293797,680.3368511522775,455.34215433555653,473.39681198248843
1381,raspberrypi,300.0,2023-08-10,12:25:01,Whole,593.6648141601464,1.0,6.067339523096875,39.2168649945403,2842.25,1033.875,5.505216044913509,0,13,6,2.2744437619332212e-26,0.04918032786885246,0.9180327868852459,,0.0,0.04918032786885246,0.0,1214.4998331439524,,,384.68242761022935,439.52745084032176,1214.4998331439524,1580.0394552015657,1397.0637539431568,199.59016937657316
1382,raspberrypi,304.0,2023-08-10,12:25:01,Whole,368.706718716574,,3.171197447782459,,2954.25,1599.0,2.352039341108531,0,2,1,,0.0,0.9836065573770492,,0.0,0.0,0.0,1148.6713665034654,,,796.2940077248575,498.2440468407807,1148.6713665034654,1440.7835891387174,1312.6953596651986,359.2870935790121
1383,raspberrypi,306.0,2023-08-10,12:25:01,Whole,1040.2789204970559,1.0,5.869333530487354,68.43250183500307,2092.1304347826085,1269.1358695652175,6.694315732491225,0,55,46,3029.4975905582687,0.39344262295081966,0.26229508196721313,,0.09836065573770492,0.39344262295081966,0.13114754098360656,1136.5995278876294,,,637.6876857965486,1119.464133831809,1136.5995278876294,1083.438174669135,658.0790907156584,173.74424984368892
1384,raspberrypi,309.0,2023-08-10,12:25:01,Whole,792.5716332852892,1.0,6.601602257617682,27.39695957873975,3153.5725806451615,2109.064516129032,6.35862156250661,0,44,31,127.27371581242562,0.3442622950819672,0.4918032786885246,,0.0,0.3442622950819672,0.0,1330.521316740287,,,1320.328129140938,854.1530787798831,1330.521316740287,1589.4688710469202,1393.7282188971353,137.03092498848005
1385,raspberrypi,310.0,2023-08-10,12:25:01,Whole,527.8566284333779,,,,2948.75,1953.75,,0,0,1,,0.01639344262295082,0.9836065573770492,,0.0,0.01639344262295082,0.0,1142.7812096231128,,,1071.093611944331,742.021867836697,1142.7812096231128,1382.143381888837,1232.955974297172,27.303312321196472
1386,raspberrypi,311.0,2023-08-10,12:25:01,Whole,502.64455749069396,1.0,6.405967621469196,40.27794061269766,2095.625,1676.5,6.303983180301252,0,4,2,,0.0,0.9836065573770492,,0.0,0.0,0.0,828.7058442283185,,,564.9993391958316,1113.2045993565064,828.7058442283185,637.5250327156363,514.1483176502869,561.4375292310567
1387,raspberrypi,312.0,2023-08-10,12:25:01,Whole,629.0533143388776,1.0,6.234245596349923,144.99722739060334,2603.1826923076924,1862.9903846153845,8.078452199142099,1,14,13,11959.144870608096,0.11475409836065574,0.8032786885245902,,0.0,0.11475409836065574,0.01639344262295082,1102.9225897347976,,,924.6941468084788,964.1342235048229,1102.9225897347976,1184.767808172829,963.9467768309169,146.83524373522314
1388,raspberrypi,314.0,2023-08-10,12:25:01,Whole,1049.970957381606,,,,3229.0,739.0,,0,0,1,,0.01639344262295082,0.9836065573770492,,0.0,0.01639344262295082,0.0,1487.2174609223932,,,724.9045946275617,382.8233174542743,1487.2174609223932,2061.0541689123265,1864.6491944851794,38.56351442090796
1389,raspberrypi,315.0,2023-08-10,12:25:01,Whole,693.6371685327905,1.0,5.211022536224188,59.512638330647164,2974.925,1040.025,2.917069893228933,0,2,10,1624.6201920798503,0.09836065573770492,0.8360655737704918,,0.01639344262295082,0.09836065573770492,0.0,1284.8851396543696,,,510.8610724508344,421.2051975088227,1284.8851396543696,1695.5111101303946,1585.1626551217346,148.36364487332438
1390,raspberrypi,384.0,2023-08-10,12:25:01,Whole,927.7368473314888,,5.52321659612888,,1661.75,1641.25,2.155277900973143,0,3,1,,0.01639344262295082,0.9836065573770492,,0.0,0.01639344262295082,0.01639344262295082,788.7610395554153,,,668.4759250482798,1464.0489706411927,788.7610395554153,365.9115120642219,158.9264709947277,129.99148312370636
1391,raspberrypi,3.0,2023-08-10,14:00:01,Whole,686.099431730619,,4.090626248861318,,3045.25,1591.75,4.090626248861318,0,1,1,,0.0,0.984375,,0.0,0.0,0.0,1203.1569152734476,,,856.1042895268251,492.11642778215014,1203.1569152734476,1529.1974704659904,1401.1734646251414,397.38397610169073
1392,raspberrypi,80.0,2023-08-10,14:00:01,Whole,1425.2101286460893,,8.349690502367384,,2777.25,2312.5,8.349690502367384,0,1,1,,0.015625,0.984375,,0.0,0.015625,0.0,1167.2585714661598,,,1311.4136284176095,1125.848332080299,1167.2585714661598,1245.986254434642,1024.7128456664127,110.96201955485046
1393,raspberrypi,142.0,2023-08-10,14:00:01,Whole,699.4948523501239,,4.50880551924057,,3052.75,1604.75,4.483178287911941,0,2,1,,0.0,0.984375,,0.0,0.0,0.0,1206.9797999978834,,,870.4500010551619,498.56116087404416,1206.9797999978834,1533.1624829749192,1404.2659764090195,388.9810385180361
1394,raspberrypi,145.0,2023-08-10,14:00:01,Whole,843.4869096243077,,6.536498626344471,,2172.75,1003.75,6.536498626344471,0,1,1,,0.0,0.984375,,0.015625,0.0,0.0,1102.2620861979906,,,0.0,895.7161064871668,1102.2620861979906,1125.9546185077495,807.4398047604202,812.982139592525
1395,raspberrypi,306.0,2023-08-10,14:00:01,Whole,322.1345421179565,1.0,2.16051025404436,28.622543562723422,3198.75,646.0,1.0571876544562764,0,4,3,0.0,0.046875,0.953125,,0.0,0.046875,0.0,1515.8802261092133,,,703.1884115145222,381.25263821327127,1515.8802261092133,2092.507436602355,1876.2733887628988,3.5264104767045197
1396,raspberrypi,307.0,2023-08-10,14:00:01,Whole,1159.9675623469398,1.0,6.536498626344471,21.802081425444253,2852.75,2055.3,6.536498626344471,0,1,5,70.36454957995367,0.078125,0.921875,,0.0,0.078125,0.0,1105.82965854426,,,1109.4399649379968,867.5894863318454,1105.82965854426,1287.4153963709896,1115.8809665010613,0.0
1397,raspberrypi,311.0,2023-08-10,14:00:01,Whole,382.589152723766,,3.039337466327412,,3128.5,1270.5,2.833947600044954,0,2,1,,0.0,0.984375,,0.0,0.0,0.0,1291.1603484245118,,,739.5144680421458,371.45910600758094,1291.1603484245118,1711.8113894973958,1604.4356224117575,318.50634809891477
1398,raspberrypi,314.0,2023-08-10,14:00:01,Whole,163.96914665709411,0.8771929824561403,3.5870111269528113,14.947603668829629,3024.2586206896553,747.7478448275862,1.1620721187533756,1,9,58,141.59338615436477,0.90625,0.09375,,0.0,0.90625,0.0,1390.6258627498503,,,521.1341628769528,377.90619513290875,1390.6258627498503,1894.4291882774244,1680.4105332329755,0.0
1399,raspberrypi,319.0,2023-08-10,14:00:01,Whole,511.56397249763864,,,,3225.0,1371.0,,0,0,1,,0.0,0.984375,,0.0,0.0,0.0,1338.7282008512047,,,871.963940544724,387.97066257564813,1338.7282008512047,1763.5291759254242,1648.0537133609662,433.5247311681802
1400,raspberrypi,463.0,2023-08-10,14:00:01,Whole,711.6511855894066,,4.16334800149654,,3035.25,1617.75,4.16334800149654,0,1,1,,0.0,0.984375,,0.0,0.0,0.0,1195.3228227157333,,,866.7226668496953,505.22150270579084,1195.3228227157333,1513.322300345633,1383.6451809141852,369.60592832349244
1401,raspberrypi,666.0,2023-08-10,14:00:01,Whole,193.10503457052516,,2.3232134115389473,,3081.75,727.0,0.11199407250869405,1,2,1,,0.015625,0.984375,,0.0,0.015625,0.0,1419.6680085044873,,,578.523626791597,370.2037884851036,1419.6680085044873,1951.486080673818,1735.634536648562,0.0
1402,raspberrypi,17.0,2023-08-09,20:15:01,Whole,1750.4663064033323,,9.54024078072012,,825.25,1866.25,6.0375560113871005,0,2,1,,0.0,1.0,,0.0,0.0,0.0,1258.1684619609925,,,1400.016997245462,2289.2846246227296,1258.1684619609925,632.5775833282328,487.86163420030243,500.7892927730462
1403,raspberrypi,306.0,2023-08-09,20:15:01,Whole,791.7321634474866,0.0,7.983077510566093,,3264.6835443037976,2524.231012658228,7.504363656050983,0,107,79,0.11161474607120499,0.0,1.0,,0.0,0.0,0.0,1580.689005224159,,,1721.8286660175997,1267.6409665212545,1580.689005224159,1765.5868256074389,1530.4529058081437,450.917260264897
1404,raspberrypi,309.0,2023-08-09,20:15:01,Whole,469.2175235980649,0.9545454545454546,4.408511248975758,60.616308208100484,2342.2916666666665,1852.5677083333333,3.651542496239009,1,40,24,1209.5913289945408,0.11392405063291139,0.6962025316455697,,0.0,0.11392405063291139,0.0,907.4201108819569,,,791.4830545643016,1042.4690280094196,907.4201108819569,832.0618297125214,645.1373786920257,359.14916969906017
1405,raspberrypi,314.0,2023-08-09,20:15:01,Whole,842.508953594849,0.0,5.479995682671254,,1728.2222222222222,2403.8680555555557,2.995450929330356,0,36,18,0.4498294369802286,0.22784810126582278,0.7721518987341772,,0.0,0.22784810126582278,0.22784810126582278,906.0360653812859,,,1349.2955661955868,1794.8110318898657,906.0360653812859,387.0253661708961,47.574249416270135,37.12643127570031
1406,raspberrypi,316.0,2023-08-09,20:15:01,Whole,660.324798495186,0.3333333333333333,5.058193619339161,14.61618805951818,1973.953629032258,1864.7379032258063,3.6800417607150187,1,98,62,81.90375658434132,0.0,0.7468354430379747,,0.0,0.0,0.0,782.7591628528642,,,768.2261805451468,1296.8345582539698,782.7591628528642,470.85795565696526,294.50565578793544,351.6100181904536
1407,raspberrypi,441.0,2023-08-09,20:15:01,Whole,703.4171684742988,,7.349966276777435,,1854.5,2332.0,7.349966276777435,0,1,1,,0.012658227848101266,0.9873417721518988,,0.0,0.012658227848101266,0.012658227848101266,875.0570978732836,,,1249.6964295193366,1657.8379098272642,875.0570978732836,420.9979190346078,108.81606940755363,75.95603139555573
1408,raspberrypi,892.0,2023-08-09,20:15:01,Whole,933.0707322953755,,6.004752342286055,,2980.75,1370.5,5.8715515481702765,0,2,1,,0.0,0.9873417721518988,,0.0,0.0,0.0,1191.8216445649707,,,665.4788115573904,412.8903221291826,1191.8216445649707,1538.865032352387,1427.2216092905633,428.50010680226944
1409,raspberrypi,17.0,2023-08-10,00:55:01,Whole,1097.5040901272607,,5.9956178750100335,,2938.0,2334.75,5.9956178750100335,0,1,1,,0.013157894736842105,0.9868421052631579,,0.0,0.013157894736842105,0.0,1266.9460382840043,,,1396.8461458701463,1101.4922452497717,1266.9460382840043,1405.5178920840026,1186.201958408338,119.90509592370233
1410,raspberrypi,103.0,2023-08-10,00:55:01,Whole,1181.2948742784772,,6.809696556957461,,1967.75,711.25,6.809696556957461,0,1,1,,0.0,0.9868421052631579,,0.013157894736842105,0.0,0.0,1292.1425493320216,,,0.0,1091.8438496975093,1292.1425493320216,1283.6774957610564,871.1596353974865,1008.0878829060997
1411,raspberrypi,106.0,2023-08-10,00:55:01,Whole,590.8728166935389,,3.8859824737710316,,2446.0,1117.0,3.8859824737710316,0,1,1,,0.0,0.9868421052631579,,0.013157894736842105,0.0,0.0,1079.046754881242,,,97.98520084261389,686.0607515184604,1079.046754881242,1223.140200121926,996.4601976572908,584.208006053829
1412,raspberrypi,300.0,2023-08-10,00:55:01,Whole,935.9621063426836,1.0,4.282039654184123,47.592130209257064,2413.8125,1880.0416666666667,5.54383850707792,0,12,12,879.7687999143322,0.0,0.8552631578947368,,0.013157894736842105,0.0,0.0,939.3378918921354,,,816.876226321523,1013.0738519028637,939.3378918921354,902.1373542459563,708.9891654291133,364.31197027326897
1413,raspberrypi,306.0,2023-08-10,00:55:01,Whole,399.0106639466052,1.0,2.8653868737896118,9.091041875498346,3079.4545454545455,846.2727272727273,2.8653868737896118,0,1,11,13.774582538446856,0.14473684210526316,0.8552631578947368,,0.0,0.14473684210526316,0.0,1370.2864946912591,,,576.3772587424029,371.5294329472471,1370.2864946912591,1878.6696329864772,1690.082055028735,0.0
1414,raspberrypi,315.0,2023-08-10,00:55:01,Whole,173.8133295521216,0.015625,6.49199271713136,2.462214450449026,3193.498076923077,1203.1615384615384,5.723925349022186,0,16,65,0.23479626860602573,0.0,0.14473684210526316,,0.0,0.0,0.0,1342.2321496356271,,,770.574829376386,370.223629736916,1342.2321496356271,1797.809943601647,1692.9717860604835,263.6879818186939
1415,raspberrypi,384.0,2023-08-10,00:55:01,Whole,615.1846857685345,,3.752555834809041,,2567.5,828.0,3.752555834809041,0,1,1,,0.0,0.9868421052631579,,0.013157894736842105,0.0,0.0,1242.1551820197951,,,64.6151029083469,592.5969948490382,1242.1551820197951,1507.517261324174,1234.5941831977657,402.0487024218396
1416,raspberrypi,683.0,2023-08-10,00:55:01,Whole,2339.7241742814545,,12.809411127661958,,877.0,310.25,12.809411127661958,0,1,1,,0.0,1.0,,0.0,0.0,0.0,1960.4398993761754,,,1053.6800250921742,2182.342644210477,1960.4398993761754,1700.050117513432,1213.3365461362698,1399.4723999373591
1417,raspberrypi,190.0,2023-08-10,06:20:01,Whole,281.7847693719446,,,,3116.5,1597.75,,0,0,1,,0.0,0.8333333333333334,,0.0,0.0,0.0,1248.2240274005312,,,913.2216918308604,495.534328036768,1248.2240274005312,1595.835092601348,1467.1546654307451,420.7481763734654
1418,raspberrypi,306.0,2023-08-10,06:20:01,Whole,557.3876536113256,0.5,,2.3048861143232218,2738.9166666666665,869.8333333333334,,0,0,3,0.08037757961451036,0.0,0.8333333333333334,,0.0,0.0,0.0,1253.3908169354359,,,239.99623526622986,484.3421543730317,1253.3908169354359,1600.3232388946315,1365.3090030276376,232.6420357009041
1419,raspberrypi,739.0,2023-08-10,06:20:01,Whole,712.1677229195996,,,,3087.75,2089.25,,0,0,2,,0.3333333333333333,0.6666666666666666,,0.0,0.3333333333333333,0.0,1269.7233499258045,,,1261.3536079793764,836.3571677473061,1269.7233499258045,1520.1692930135148,1346.855429136744,82.0978876857102
1420,raspberrypi,304.0,2023-08-10,14:30:01,Whole,1433.4450536010138,,,,1682.25,1021.0,,0,0,1,,0.0,1.0,,0.0,0.0,0.0,1124.4998573795642,,,217.2024316988746,1330.937141239557,1124.4998573795642,906.920877960467,457.7355708214332,618.4629691159682
1421,raspberrypi,306.0,2023-08-10,14:30:01,Whole,990.7378852247091,,4.505654582868172,,3341.0,693.0,4.505654582868172,0,1,1,,0.05555555555555555,0.9444444444444444,,0.0,0.05555555555555555,0.0,1589.3285827589145,,,839.5585571149925,421.4870920208912,1589.3285827589145,2178.182043961714,1985.7061510567532,104.7673706772255
1422,raspberrypi,307.0,2023-08-10,14:30:01,Whole,453.9227610607368,,,,2966.75,1164.25,,0,0,1,,0.0,1.0,,0.0,0.0,0.0,1226.1149817147134,,,547.4337389893583,399.79175903508934,1226.1149817147134,1615.5204391435018,1480.668946269482,233.72124383901263
1423,raspberrypi,319.0,2023-08-10,14:30:01,Whole,369.63304693606,1.0,,34.065147278287235,3310.9886363636365,1776.4431818181818,,0,0,11,359.7067710221747,0.0,0.3888888888888889,,0.0,0.0,0.0,1390.857273897765,,,1179.2983834298511,595.9376030624618,1390.857273897765,1753.6636164188524,1613.5713351047543,396.72334876136006
1424,raspberrypi,425.0,2023-08-10,14:30:01,Whole,132.07699850965176,,4.505654582868172,,2976.75,1486.0,4.505654582868172,0,1,1,,0.0,0.9444444444444444,,0.0,0.0,0.0,1173.1040238729884,,,734.4320993361503,440.979667149413,1173.1040238729884,1494.7194950898277,1374.5650608539634,474.3328804722038
1425,raspberrypi,461.0,2023-08-10,14:30:01,Whole,1991.2245929547853,,,,1004.25,1816.25,,0,0,1,,0.0,1.0,,0.0,0.0,0.0,1095.5645948042854,,,1230.7036268926454,2109.717281550748,1095.5645948042854,482.31421147860596,304.3626339706042,327.496267398216
1426,raspberrypi,525.0,2023-08-10,14:30:01,Whole,396.60709625330264,,,,2827.0,1254.25,,0,0,1,,0.0,1.0,,0.0,0.0,0.0,1143.668758099477,,,472.77192749264094,464.50278965217484,1143.668758099477,1452.0450629694008,1325.2153315231487,377.1289806008512
1427,raspberrypi,818.0,2023-08-10,14:30:01,Whole,288.1335319249203,,,,3072.25,1343.0,,0,0,1,,0.0,0.9444444444444444,,0.0,0.0,0.0,1246.7885914123,,,726.0987114161289,382.32564856479223,1246.7885914123,1632.6245264680667,1521.301925556566,389.94627749268034
1428,raspberrypi,987.0,2023-08-10,14:30:01,Whole,972.6334223769983,,,,2434.5,2419.25,,0,0,1,,0.0,1.0,,0.0,0.0,0.0,1080.7481776148645,,,1324.3005482666565,1365.9287862127578,1080.7481776148645,955.944963549848,694.2701312829342,419.1762749840909
1429,raspberrypi,17.0,2023-08-10,03:40:01,Whole,1039.3734032634259,,,,1648.0,1368.25,,0,0,1,,0.0,0.9782608695652174,,0.0,0.0,0.021739130434782608,920.5449580896347,,,456.4739308894954,1402.232108827467,920.5449580896347,573.0030089879209,168.53969142343442,286.436264203903
1430,raspberrypi,110.0,2023-08-10,03:40:01,Whole,1570.390585887705,,,,1698.5,2542.5,,0,0,1,,0.021739130434782608,0.9782608695652174,,0.0,0.021739130434782608,0.021739130434782608,1011.9907387470425,,,1490.8508294100316,1907.9872171149773,1011.9907387470425,495.3740197837381,169.44651753016143,165.4762038807706
1431,raspberrypi,250.0,2023-08-10,03:40:01,Whole,302.13350302182283,,4.524121474457257,,2984.5,1370.5,4.524121474457257,0,1,1,,0.0,0.9782608695652174,,0.0,0.0,0.0,1193.81155517261,,,668.5155818758944,411.4667239576851,1193.81155517261,1542.2757385752277,1430.5615800017422,427.75197724639463
1432,raspberrypi,305.0,2023-08-10,03:40:01,Whole,294.0539903618482,1.0,6.264749301475358,37.17445638406723,2674.6145833333335,1048.4791666666667,6.264749301475358,0,2,12,686.7440982026847,0.021739130434782608,0.7608695652173914,,0.13043478260869565,0.021739130434782608,0.0,1163.715398347746,,,237.13985389425406,531.9994524882534,1163.715398347746,1441.694745249438,1212.119529845953,377.8185243087281
1433,raspberrypi,306.0,2023-08-10,03:40:01,Whole,1014.7140869030834,1.0,,26.953663943887108,3083.25,2255.5,,0,0,2,,0.043478260869565216,0.9565217391304348,,0.0,0.043478260869565216,0.0,1325.7649229388178,,,1397.8571959542385,1000.7520184377149,1325.7649229388178,1532.3493892247354,1330.3414037310426,134.0513646304842
1434,raspberrypi,307.0,2023-08-10,03:40:01,Whole,929.6555511413717,1.0,6.276618424019077,19.1584031513795,2979.55,2202.2083333333335,7.911934013163807,0,10,15,202.29173149664624,0.32608695652173914,0.6739130434782609,,0.0,0.32608695652173914,0.0,1233.2117822371567,,,1300.0286234589905,965.9365572696175,1233.2117822371567,1424.0059721968948,1204.194052276421,29.9954658995959
1435,raspberrypi,309.0,2023-08-10,03:40:01,Whole,617.0692035525399,1.0,6.0274994816042895,12.140193522757084,2466.568181818182,760.0852272727273,7.989956947916187,0,8,22,127.99955963167402,0.0,0.5434782608695652,,0.45652173913043476,0.0,0.0,1271.374707746351,,,13.46770669613062,676.872088937856,1271.374707746351,1494.0379633114426,1206.0350566088614,508.85372320536476
1436,raspberrypi,311.0,2023-08-10,03:40:01,Whole,963.478525220214,,,,3290.25,571.0,,0,0,1,,0.021739130434782608,0.9782608695652174,,0.0,0.021739130434782608,0.0,1622.8361307555808,,,805.6414682332511,418.88497416569896,1622.8361307555808,2209.889489083347,1991.6762449426014,42.330587331552245
1437,raspberrypi,317.0,2023-08-10,03:40:01,Whole,472.07256045278496,,4.014014467083964,,3144.75,1209.0,4.014014467083964,0,1,1,,0.0,0.9782608695652174,,0.0,0.0,0.0,1311.2856572385685,,,727.9481765704779,369.9281725104448,1311.2856572385685,1751.692466577649,1645.857943938227,259.1203779964552
1438,raspberrypi,319.0,2023-08-10,03:40:01,Whole,461.5026029739665,,,,3135.25,1428.75,,0,0,1,,0.0,0.9782608695652174,,0.0,0.0,0.0,1273.8244804033707,,,825.5459383798684,411.64899843542446,1273.8244804033707,1660.9050307710202,1542.8408181342081,476.8124749274199
1439,raspberrypi,9.0,2023-08-10,11:15:01,Whole,760.0881181001797,,3.7755314018919766,,3112.75,2031.75,0.07854532838767633,1,6,1,,0.012987012987012988,0.987012987012987,,0.0,0.012987012987012988,0.0,1274.1002531260226,,,1229.4755977728735,776.8212017227982,1274.1002531260226,1543.018014625504,1380.075276022696,114.83446029576942
1440,raspberrypi,31.0,2023-08-10,11:15:01,Whole,637.1536337095955,,3.750864634041991,,2618.25,816.25,0.9885159626960448,1,7,1,,0.0,0.987012987012987,,0.012987012987012988,0.0,0.0,1257.06287200906,,,114.14944849349672,559.0551304179478,1257.06287200906,1550.5839886677334,1284.1940762242755,351.50464823696626
1441,raspberrypi,250.0,2023-08-10,11:15:01,Whole,813.5658346347853,,4.147736341118182,,2675.375,1226.625,0.8666460885580394,2,12,2,,0.012987012987012988,0.974025974025974,,0.012987012987012988,0.012987012987012988,0.0,1316.1643021808716,,,557.5430918539968,768.1466959412119,1316.1643021808716,1538.9745853215597,1279.6427416130405,445.02307796310964
1442,raspberrypi,305.0,2023-08-10,11:15:01,Whole,825.8035393505558,1.0,4.210105887207669,20.446399437143448,3183.125,2053.456896551724,2.1276141571258353,2,128,29,298.16838627691254,0.23376623376623376,0.6233766233766234,,0.0,0.23376623376623376,0.0,1333.526666810844,,,1291.1734248046487,798.7561507701213,1333.526666810844,1613.2197124422944,1395.4210813436246,130.59953989982736
1443,raspberrypi,306.0,2023-08-10,11:15:01,Whole,829.483104219665,1.0,6.010555850619532,109.28578990891094,1991.5607142857143,1317.0428571428572,2.4980003010359333,3,169,35,4890.1864581820355,0.05194805194805195,0.5844155844155844,,0.09090909090909091,0.05194805194805195,0.07792207792207792,1107.2634669997385,,,544.1073723713017,1154.162855835597,1107.2634669997385,1008.6364560165715,848.4241595329463,435.3792463125198
1444,raspberrypi,307.0,2023-08-10,11:15:01,Whole,807.5871043098655,1.0,5.33847925381083,269.09759175601863,2069.875,1986.3749999999998,3.9162182404648282,0,10,4,2.908056841006738e-26,0.0,0.961038961038961,,0.0,0.0,0.0,861.5783325212094,,,878.6864833754361,1311.8928978802983,861.5783325212094,595.1712536044506,388.0227308283216,392.19130184282847
1445,raspberrypi,308.0,2023-08-10,11:15:01,Whole,266.56606737099804,0.7017543859649122,3.8369896170994506,11.49060998139151,2526.7974137931033,1700.3512931034484,2.815893141738179,2,258,58,226.23668312971435,0.0,0.4805194805194805,,0.0,0.0,0.0,947.2911058308782,,,650.17291938896,802.8935667419801,947.2911058308782,1012.6870989880719,876.9316021366515,360.4707623798239
1446,raspberrypi,310.0,2023-08-10,11:15:01,Whole,732.747836044393,1.0,4.715944466542647,28.958015766554738,2822.275,2150.5375,2.3654298020833315,0,199,40,508.25171597440476,0.5194805194805194,0.4805194805194805,,0.0,0.5194805194805194,0.0,1125.4353978920788,,,1183.360963624683,970.0872038458307,1125.4353978920788,1265.0440838669347,1044.895297056095,23.57807489579116
1447,raspberrypi,312.0,2023-08-10,11:15:01,Whole,805.7763214013278,0.9137931034482759,5.768425473390088,91.42068463376117,2870.664583333333,1778.15,3.093550228868865,1,264,60,6488.816267436587,0.03896103896103896,0.3116883116883117,,0.03896103896103896,0.03896103896103896,0.0,1284.3403075600067,,,1012.1857307514862,869.0938247048916,1284.3403075600067,1483.8851110920984,1335.9086190683174,420.1609422033387
1448,raspberrypi,314.0,2023-08-10,11:15:01,Whole,516.7039592304625,1.0,5.144276236588716,29.44946101434435,3053.2,1174.1375,3.737132378871075,1,48,10,1187.2552989595567,0.06493506493506493,0.8831168831168831,,0.0,0.06493506493506493,0.0,1267.270747646388,,,631.8819194607256,381.839772315642,1267.270747646388,1686.301293759169,1587.5737686644206,204.91954154587526
1449,raspberrypi,315.0,2023-08-10,11:15:01,Whole,635.3974466735427,,7.275500173599773,,2627.5,2088.75,7.275500173599773,0,1,1,,0.012987012987012988,0.987012987012987,,0.0,0.012987012987012988,0.0,1013.3269047245177,,,1049.53414954314,998.1516506297712,1013.3269047245177,1068.403663656042,892.3784304808952,118.68151188728794
1450,raspberrypi,316.0,2023-08-10,11:15:01,Whole,765.8802004934859,0.7297297297297297,5.512550377064502,12.000261102883265,2492.923333333333,698.3716666666667,2.4804326340863776,1,274,75,79.15360810948368,0.0,0.025974025974025976,,0.974025974025974,0.0,0.0,1309.3600921333602,,,9.950069023703712,660.0060956023212,1309.3600921333602,1556.4699390873518,1248.0612476650738,481.1191008898405
1451,raspberrypi,319.0,2023-08-10,11:15:01,Whole,759.8688422182626,0.4642857142857143,5.0218125845896395,70.74036304589426,2367.7541666666666,777.2666666666667,1.1676739410566035,5,155,30,5586.416698404663,0.03896103896103896,0.6103896103896104,,0.3116883116883117,0.03896103896103896,0.0,1270.9342068432509,,,77.40659175815648,771.082968556248,1270.9342068432509,1442.2581744875895,1064.8810808314809,731.0518086130166
1452,raspberrypi,447.0,2023-08-10,11:15:01,Whole,842.7989677931548,,4.919157492866398,,3373.5,1076.75,4.919157492866398,0,1,1,,0.0,1.0,,0.0,0.0,0.0,1489.087580119973,,,903.1655637322915,408.51753706444515,1489.087580119973,2012.5636912024768,1896.6750279576343,250.58299330335888
1453,raspberrypi,470.0,2023-08-10,11:15:01,Whole,1041.0389398950997,,6.104252143732752,,2446.75,2480.0,2.831403883472053,0,7,1,,0.0,1.0,,0.0,0.0,0.0,1119.300807655433,,,1386.221015814357,1411.107898437396,1119.300807655433,991.1700434747659,719.2391141409854,448.17240537169926
1454,raspberrypi,683.0,2023-08-10,11:15:01,Whole,498.3233921843467,1.0,6.536352840805765,136.6263700754726,2844.375,1835.875,6.182749712856679,0,11,6,5.452606576887634e-26,0.03896103896103896,0.922077922077922,,0.0,0.03896103896103896,0.0,1094.7000208906286,,,936.2122356954643,720.7493294645959,1094.7000208906286,1291.0305795726465,1145.149665661232,190.82122532205074
1455,raspberrypi,773.0,2023-08-10,11:15:01,Whole,517.6052097491153,,4.364692370190752,,3067.75,1194.5,0.05844295447476131,1,6,1,,0.0,0.987012987012987,,0.0,0.0,0.0,1270.1509478705389,,,651.735637682556,377.4695896331435,1270.1509478705389,1689.606123863652,1572.9722858608711,241.88907228623532
1456,raspberrypi,818.0,2023-08-10,11:15:01,Whole,250.4458111021803,1.0,3.814281191575958,3.5794552658190883,2500.75,1673.875,0.029165802821201636,2,10,2,,0.0,0.987012987012987,,0.0,0.0,0.0,940.002427802605,,,616.1703570663057,806.6705435619662,940.002427802605,995.081945544853,863.1337089154772,409.6717460158985
1457,raspberrypi,190.0,2023-08-10,08:00:01,Whole,684.310879526376,,,,3242.75,1556.5,,0,0,1,,0.0,0.9743589743589743,,0.0,0.0,0.0,1336.360435470495,,,986.7746609528695,480.9835528556382,1336.360435470495,1726.692687692547,1599.9620498372267,520.083375878757
1458,raspberrypi,304.0,2023-08-10,08:00:01,Whole,346.58898433821645,1.0,2.6806414965189003,3.031733208908726,2981.0625,1819.25,2.636157274631727,0,6,6,0.0,0.15384615384615385,0.8461538461538461,,0.0,0.15384615384615385,0.0,1157.1619438169685,,,980.7996660095938,616.7242984209261,1157.1619438169685,1424.6127967063637,1270.3755414614575,164.3222049748768
1459,raspberrypi,308.0,2023-08-10,08:00:01,Whole,243.42823340183946,1.0,2.179259471122148,59.10731591586994,2914.4821428571427,2294.7428571428572,2.636157274631727,0,8,35,1430.607092753515,0.5641025641025641,0.10256410256410256,,0.0,0.5641025641025641,0.0,1250.881333658963,,,1353.813443601724,1089.6423608371147,1250.881333658963,1380.8471038320301,1215.7609334395725,142.49668763099206
1460,raspberrypi,319.0,2023-08-10,08:00:01,Whole,639.8151564002206,,,,2974.25,1521.25,,0,0,1,,0.0,0.9743589743589743,,0.0,0.0,0.0,1167.5885179532527,,,756.1129269492503,458.64795337655505,1167.5885179532527,1481.4451050599573,1358.7574493552318,439.5669048341755
1461,raspberrypi,818.0,2023-08-10,08:00:01,Whole,709.1735934903431,,1.0586483925885646,,2453.75,1755.375,1.0586483925885646,0,1,2,,0.0,0.9743589743589743,,0.02564102564102564,0.0,0.0,1025.8127259849662,,,679.1445400261807,976.9437976862498,1025.8127259849662,1044.410997683019,832.5217090214522,479.97591311360225
1462,raspberrypi,950.0,2023-08-10,08:00:01,Whole,367.99753565027714,,2.7984885242589796,,3050.75,1815.625,2.7984885242589796,0,1,2,,0.02564102564102564,0.9487179487179487,,0.0,0.02564102564102564,0.0,1202.646186672928,,,1022.0184308072629,604.0355447382522,1202.646186672928,1493.1632096761487,1351.8272872341515,198.0625015346115
1463,raspberrypi,17.0,2023-08-10,09:00:01,Whole,2315.4916091491814,,12.097178270013256,,699.5,1876.75,12.097178270013256,0,1,1,,0.0,1.0,,0.0,0.0,0.0,1376.948973429103,,,1506.1206529419712,2408.0562019324825,1376.948973429103,748.5352733604141,613.8745283585594,624.3441709872349
1464,raspberrypi,300.0,2023-08-10,09:00:01,Whole,1493.6779407519261,,8.689188440095197,,2166.0,2552.0,8.195562522922609,0,2,1,,0.0,1.0,,0.0,0.0,0.0,1077.9769829829052,,,1436.7054980529394,1617.4528381520843,1077.9769829829052,791.2268516314097,482.042805703117,454.61133697807145
1465,raspberrypi,306.0,2023-08-10,09:00:01,Whole,103.2830443575418,1.0,4.091102612488743,30.532691262366637,2996.25,1236.4204545454545,1.1453907051386476,1,14,11,384.20321030777785,0.0,0.8181818181818182,,0.0,0.0,0.0,1226.9390084294143,,,607.7027405938144,396.55058858508863,1226.9390084294143,1609.8754655471948,1488.1472218717522,320.89347561170985
1466,raspberrypi,309.0,2023-08-10,09:00:01,Whole,320.73163543464113,0.8974358974358975,5.902895853939737,34.48766185633798,2897.4756097560976,1048.0975609756097,1.342838067142234,1,18,41,1121.140056778908,0.34545454545454546,0.2727272727272727,,0.2,0.34545454545454546,0.0,1261.1013997467755,,,441.5871502323982,454.8798605303366,1261.1013997467755,1633.181887853482,1471.087326235487,212.78946041667683
1467,raspberrypi,311.0,2023-08-10,09:00:01,Whole,638.1600968957528,,4.018360282329206,,3051.25,643.75,4.018360282329206,0,1,1,,0.01818181818181818,0.9818181818181818,,0.0,0.01818181818181818,0.0,1456.8094514661495,,,557.57666988094,372.14627364662033,1456.8094514661495,1980.6085725056562,1746.1863351227257,68.14790601976658
1468,raspberrypi,313.0,2023-08-10,09:00:01,Whole,883.3906348054004,,4.827354731711625,,3100.5,2138.75,4.384732669445141,0,2,1,,0.01818181818181818,0.9818181818181818,,0.0,0.01818181818181818,0.0,1294.2435866463316,,,1309.3016635130414,883.6089036068482,1294.2435866463316,1535.9095695140304,1353.966578316067,99.44239956427145
1469,raspberrypi,319.0,2023-08-10,09:00:01,Whole,680.8050209125415,,,,3421.0,1747.25,,0,0,1,,0.0,0.9818181818181818,,0.0,0.0,0.0,1473.8050188007178,,,1243.7630962309702,592.4543131223285,1473.8050188007178,1864.6449878489545,1728.274806371564,515.6764818912934
1470,raspberrypi,328.0,2023-08-10,09:00:01,Whole,241.14472597299525,,4.018360282329206,,3125.25,1418.5,4.018360282329206,0,1,1,,0.0,0.9818181818181818,,0.0,0.0,0.0,1268.6838278046657,,,811.5368219520892,406.22772215552027,1268.6838278046657,1654.9164911779183,1537.6477554169146,465.9497212047463
1471,raspberrypi,542.0,2023-08-10,09:00:01,Whole,544.4701662834239,,2.021749984406549,,3288.75,857.75,1.472451312416515,0,2,1,,0.01818181818181818,0.9818181818181818,,0.0,0.01818181818181818,0.0,1484.917873960627,,,785.9266321056625,391.5287627653944,1484.917873960627,2044.5344163209475,1876.6524221504544,75.02159673127285
1472,raspberrypi,666.0,2023-08-10,09:00:01,Whole,672.4001706115127,1.0,6.181887788772107,6.094310871624453,3104.5,1921.625,6.180921691626594,0,3,3,0.0,0.05454545454545454,0.9454545454545454,,0.0,0.05454545454545454,0.0,1248.9887360256564,,,1137.7254104197193,670.365712745471,1248.9887360256564,1536.9331166847026,1390.9478200014178,155.8715946388543
1473,raspberrypi,950.0,2023-08-10,09:00:01,Whole,468.16174277117324,1.0,,8.154293347678877,3101.9583333333335,1707.5416666666667,,0,0,12,5.665213355965865e-26,0.0,0.7818181818181819,,0.0,0.0,0.0,1236.4865991404724,,,977.3404200395589,550.4088630245259,1236.4865991404724,1559.6726319039383,1425.4284771835578,312.70440000254314
1474,raspberrypi,305.0,2023-08-10,07:10:01,Whole,131.20033312752875,0.0,4.518727755523348,,2849.7642857142855,1311.4089285714285,2.246263889008563,0,76,70,0.030815870249145044,0.0,1.0,,0.0,0.0,0.0,1139.8417726501757,,,525.26671372338,461.74816821214,1139.8417726501757,1445.7797701403972,1338.022439573513,415.73047646620853
1475,raspberrypi,306.0,2023-08-10,07:10:01,Whole,303.72412759441414,0.0,5.323495297398703,,2807.528846153846,878.5403846153846,2.2461389029200474,0,65,65,0.012914571540310376,0.8552631578947368,0.14473684210526316,,0.0,0.8552631578947368,0.0,1265.7534390494352,,,309.14387693525964,449.26952060015867,1265.7534390494352,1646.0868232711093,1422.9543473564872,166.0696725694993
1476,raspberrypi,309.0,2023-08-10,07:10:01,Whole,360.06603602306603,,2.316266542488931,,2624.5,1471.5833333333333,1.42661216581142,0,6,3,,0.0,1.0,,0.0,0.0,0.0,1015.540533655228,,,490.0670494314151,636.7539197366598,1015.540533655228,1178.7644517944345,1066.076671989307,513.776436072674
1477,raspberrypi,319.0,2023-08-10,07:10:01,Whole,844.8639293558272,1.0,4.8360537344257635,4.977739704121086,3205.125,1941.125,3.7338245380645882,0,13,12,8.381584009100833e-26,0.0,0.8421052631578947,,0.0,0.0,0.0,1327.1513448196029,,,1217.933856339341,682.7664861354863,1327.1513448196029,1635.3630150714919,1487.9090554937115,232.75053499249165
1478,raspberrypi,441.0,2023-08-10,07:10:01,Whole,664.2461387424667,,3.4705245290143134,,2197.75,1000.0,3.2097348940397668,0,2,1,,0.0,0.9868421052631579,,0.013157894736842105,0.0,0.0,1105.7514914395326,,,0.0,874.6775749651381,1105.7514914395326,1143.3947624409948,830.2290382932274,787.7205894798345
1479,raspberrypi,683.0,2023-08-10,07:10:01,Whole,2243.2531803770557,,11.737002137563016,,704.0,1875.75,11.454827367862574,0,2,1,,0.0,1.0,,0.0,0.0,0.0,1372.6671787487142,,,1501.9081916699413,2403.5977227898366,1372.6671787487142,744.4112394628049,609.2826075969353,619.971536236782
1480,raspberrypi,305.0,2023-08-10,01:30:01,Whole,822.4191900728708,0.0,7.062537488098513,,3278.4161184210525,2148.5625,7.1190114834281895,0,120,76,0.0462674529153646,0.0,1.0,,0.0,0.0,0.0,1432.9067181922076,,,1423.5130986779309,894.9148165896339,1432.9067181922076,1712.1293000183002,1530.4241846713553,276.5981091720761
1481,raspberrypi,306.0,2023-08-10,01:30:01,Whole,848.4389307034016,0.6578947368421053,8.035094807771934,3.811907919070938,3054.7896341463415,813.765243902439,6.432124572688819,0,85,41,4.306034863056388,0.5256410256410257,0.47435897435897434,,0.0,0.5256410256410257,0.0,1372.2977176415397,,,550.2507647272373,373.286117411781,1372.2977176415397,1877.9642949738172,1677.1067783177323,0.0
1482,raspberrypi,315.0,2023-08-10,01:30:01,Whole,155.15104100646766,,4.2687078880936635,,2534.75,1611.0,3.213527599407517,0,3,1,,0.0,1.0,,0.0,0.0,0.0,959.3732629909058,,,570.405742246113,753.3755685647683,959.3732629909058,1046.1303968030436,920.6938572566634,435.2822504457572
1483,raspberrypi,316.0,2023-08-10,01:30:01,Whole,757.3889799216246,0.0,6.007896625873238,,1952.0400641025642,1392.0721153846155,6.576227950018939,0,122,78,0.08578217318180897,0.0,1.0,,0.0,0.0,0.0,896.918715979146,,,316.70674872491554,1138.435929604264,896.918715979146,698.7167434427923,440.8392258175597,492.9451511440956
1484,raspberrypi,383.0,2023-08-10,01:30:01,Whole,1801.8591321432123,,10.55872657657619,,1291.5,2718.5,7.651568252008001,0,3,1,,0.0,1.0,,0.0,0.0,0.0,1271.8416329494576,,,1795.8561352911588,2316.7304478047727,1271.8416329494576,671.702868269603,400.80824584356014,397.46895716492503
1485,raspberrypi,411.0,2023-08-10,01:30:01,Whole,769.6776406557427,,5.5923286450976875,,2172.75,1004.5,2.30435904327928,0,4,1,,0.0,0.9871794871794872,,0.01282051282051282,0.0,0.0,1101.843688827282,,,0.0,895.737303757644,1101.843688827282,1125.3581021993377,807.015051617378,813.1213152944731
1486,raspberrypi,703.0,2023-08-10,01:30:01,Whole,1715.112501929652,,10.230803526754137,,1577.75,2886.5,7.955852728173637,0,3,1,,0.0,1.0,,0.0,0.0,0.0,1320.6197220438294,,,1854.6342719082309,2233.2268374860514,1320.6197220438294,804.6493637697936,514.2048802366307,513.9205481728901
1487,raspberrypi,987.0,2023-08-10,01:30:01,Whole,620.3706240227616,,5.4719452620256375,,3019.25,2101.25,1.360598073449293,0,4,1,,0.01282051282051282,0.9871794871794872,,0.0,0.01282051282051282,0.0,1222.4569315433293,,,1233.166534790002,859.480124201994,1222.4569315433293,1453.297501651702,1277.3811390713627,13.805281175233546
1488,raspberrypi,110.0,2023-08-10,05:25:01,Whole,775.638552624064,,6.531452444402995,,2230.5,2021.75,6.531452444402995,0,1,1,,0.0,1.0,,0.0,0.0,0.0,864.5732704977399,,,907.6418842237779,1194.266537279904,864.5732704977399,683.3316257719139,511.60549107760784,478.9328447484537
1489,raspberrypi,145.0,2023-08-10,05:25:01,Whole,662.0568498926885,,,,2172.75,1004.0,,0,0,1,,0.0,0.9583333333333334,,0.041666666666666664,0.0,0.0,1102.1225935705831,,,0.0,895.7231338316392,1102.1225935705831,1125.7557599802142,807.298174384216,813.0284670237694
1490,raspberrypi,250.0,2023-08-10,05:25:01,Whole,287.96994766652415,,4.198344918536996,,2986.0,1370.5,4.198344918536996,0,1,1,,0.0,0.9583333333333334,,0.0,0.0,0.0,1194.609867451563,,,669.7316465128872,410.90237732010166,1194.609867451563,1543.6404265770109,1431.8981015296145,427.4595933798379
1491,raspberrypi,307.0,2023-08-10,05:25:01,Whole,833.0289125910342,1.0,,36.07812621767765,3018.95,2173.15,,0,0,5,0.19313371731639437,0.20833333333333334,0.7916666666666666,,0.0,0.20833333333333334,0.0,1247.401042474473,,,1294.3166831135318,929.7536739524858,1247.401042474473,1458.8783587041041,1257.6943652860102,24.142668038734797
1492,raspberrypi,309.0,2023-08-10,05:25:01,Whole,419.8248285509642,1.0,6.531452444402995,72.22979887548402,2732.2727272727275,995.2386363636364,6.531452444402995,0,1,11,1885.051977119031,0.125,0.5416666666666666,,0.125,0.125,0.0,1201.9789050140962,,,273.3134165918684,497.04997438040914,1201.9789050140962,1520.08837852276,1281.2504818397667,332.41609041756817
1493,raspberrypi,317.0,2023-08-10,05:25:01,Whole,924.6921786471719,1.0,4.198344918536996,6.269968101992227,3262.75,2138.125,4.198344918536996,0,1,2,,0.0,0.9583333333333334,,0.0,0.0,0.0,1417.5318155443945,,,1405.5549216386548,882.8244920070367,1417.5318155443945,1695.8828736162757,1515.6134373148238,259.7085764915655
1494,raspberrypi,666.0,2023-08-10,05:25:01,Whole,584.9148881762874,,,,3127.25,1802.8333333333333,,0,0,3,,0.0,0.875,,0.0,0.0,0.0,1256.281347137785,,,1063.5767635641366,598.6139528449363,1256.281347137785,1570.034585777552,1415.2485206080873,278.2903997298258
1495,raspberrypi,683.0,2023-08-10,05:25:01,Whole,2126.2619214319575,,,,877.25,309.625,,0,0,2,,0.0,1.0,,0.0,0.0,0.0,1960.753464481622,,,1053.6603821300937,2182.2729153225796,1960.753464481622,1700.5492735890966,1213.808098077552,1399.9783082667714
1496,raspberrypi,37.0,2023-08-10,08:50:01,Whole,1883.788025576957,,7.80883955298344,,1704.5,1631.25,7.885420349892766,0,3,2,,0.0,1.0,,0.0,0.0,0.0,1547.3994403601255,,,1119.3693679960897,1812.2119367757684,1547.3994403601255,1318.765374615575,964.9391279838654,879.1450562597258
1497,raspberrypi,306.0,2023-08-10,08:50:01,Whole,182.50836749059528,1.0,4.363413496534433,49.79870094905185,2945.5535714285716,1361.142857142857,2.6447363938779738,0,23,14,413.7721796580335,0.02040816326530612,0.7142857142857143,,0.0,0.02040816326530612,0.0,1178.6537684347165,,,647.2313728773188,447.4960526338691,1178.6537684347165,1512.4689340788302,1373.7790260567544,420.1866717729384
1498,raspberrypi,307.0,2023-08-10,08:50:01,Whole,579.3255329971306,1.0,5.154075362020809,35.28513016043345,2999.690476190476,1966.6488095238096,4.9149317295408315,1,6,21,552.0942773890554,0.30612244897959184,0.5714285714285714,,0.0,0.30612244897959184,0.0,1198.1230729207632,,,1116.8714217742397,772.228406760865,1198.1230729207632,1434.0905809692647,1253.6924556670353,82.44131155108013
1499,raspberrypi,310.0,2023-08-10,08:50:01,Whole,576.8970038424396,0.96,3.98922356230942,48.05262363405742,2805.685185185185,906.4768518518518,2.935857492866629,1,32,27,832.6224169872586,0.24489795918367346,0.46938775510204084,,0.14285714285714285,0.24489795918367346,0.0,1260.0421600145166,,,318.45462706630303,467.1451669357346,1260.0421600145166,1629.69722061286,1382.813962288482,200.67462788481458
1500,raspberrypi,319.0,2023-08-10,08:50:01,Whole,519.4540911124474,,0.9759003615061486,,3237.0,1887.0,0.9759003615061486,1,1,1,,0.0,0.9795918367346939,,0.0,0.0,0.0,1343.7833830512343,,,1199.8690022376388,644.4649231219458,1343.7833830512343,1669.6389846684833,1526.29147318182,285.90146586606113
1501,raspberrypi,542.0,2023-08-10,08:50:01,Whole,494.14200549246823,0.0,3.2897660040679866,,3460.1944444444443,1572.388888888889,2.940232878223062,0,26,18,0.008424554562200991,0.0,0.6326530612244898,,0.0,0.0,0.0,1501.4449923113848,,,1178.855576784582,514.4886719412129,1501.4449923113848,1934.2135480285785,1819.043147335519,677.9790186551692
1502,raspberrypi,666.0,2023-08-10,08:50:01,Whole,172.24345309451903,,2.4086622252786887,,3003.75,1599.25,2.4086622252786887,0,1,1,,0.0,0.9795918367346939,,0.0,0.0,0.0,1177.4397517084192,,,831.2535891707153,496.5858993905407,1177.4397517084192,1487.7756056285843,1359.4370090035907,374.2225922866848
1503,raspberrypi,736.0,2023-08-10,08:50:01,Whole,562.2576613737323,,2.5322544660544035,,3029.5,866.0,0.9010303101885849,1,2,1,,0.02040816326530612,0.9795918367346939,,0.0,0.02040816326530612,0.0,1340.819509000793,,,528.1088934282257,377.064990984727,1340.819509000793,1827.0002803789569,1631.4873241139535,0.0
1504,raspberrypi,812.0,2023-08-10,08:50:01,Whole,664.1413118711437,,,,2646.25,1992.25,,0,0,1,,0.02040816326530612,0.9795918367346939,,0.0,0.02040816326530612,0.0,999.0822173277463,,,965.4430154695053,913.477991530837,999.0822173277463,1084.5788191975455,928.4000466502472,120.30246334267528
1505,raspberrypi,17.0,2023-08-09,22:40:01,Whole,260.91552374058955,,3.7141978851033266,,2552.75,2302.5,3.6764444639130835,0,2,1,,0.0,1.0,,0.0,0.0,0.0,1065.7010587569673,,,1233.3399000728132,1210.326350302811,1065.7010587569673,1029.39783133408,800.0131945898066,255.40761385424045
1506,raspberrypi,31.0,2023-08-09,22:40:01,Whole,371.7804663283324,,3.2069547424235942,,2776.5,1711.0,0.9321107813778676,1,3,1,,0.0,0.987012987012987,,0.0,0.0,0.0,1046.919427244014,,,773.6385978534636,646.8535285854081,1046.919427244014,1244.808752587565,1108.87269660879,239.7403567563913
1507,raspberrypi,250.0,2023-08-09,22:40:01,Whole,1859.899542060502,,10.4253474610599,,1661.75,488.75,7.696922871580506,0,3,1,,0.0,1.0,,0.0,0.0,0.0,1507.456800908238,,,264.2848301915572,1412.3182533756417,1507.456800908238,1424.5776292926419,951.9597363654473,1131.924929002275
1508,raspberrypi,264.0,2023-08-09,22:40:01,Whole,91.28719260388657,,3.677515686835131,,2739.25,2029.75,3.0705698267566084,0,2,1,,0.012987012987012988,0.987012987012987,,0.0,0.012987012987012988,0.0,1041.252059035805,,,1036.127281178748,894.9681293619813,1041.252059035805,1175.455676693192,1013.8903511674791,20.78821695456864
1509,raspberrypi,300.0,2023-08-09,22:40:01,Whole,381.0948963072621,,2.7534366351838413,,3030.25,2121.5,1.34802573381607,0,4,1,,0.012987012987012988,0.987012987012987,,0.0,0.012987012987012988,0.0,1236.8334903303812,,,1256.151476360223,876.8562705767986,1236.8334903303812,1465.440657694815,1285.8770143723084,27.187811632173833
1510,raspberrypi,308.0,2023-08-09,22:40:01,Whole,453.83030794104843,1.0,3.435128314439295,40.16064934514508,2969.1160714285716,2387.1964285714284,1.661245326576722,0,44,14,1123.353785357656,0.09090909090909091,0.8311688311688312,,0.0,0.09090909090909091,0.0,1315.0686613280277,,,1458.3802928436623,1150.4405337713663,1315.0686613280277,1448.3305247424607,1209.9262747759617,175.51633610074776
1511,raspberrypi,309.0,2023-08-09,22:40:01,Whole,662.5278734904658,0.2631578947368421,4.298976738791755,6.111926240422036,3269.8376623376626,2305.253246753247,7.207702164083579,0,137,77,11.811267690969665,0.0,0.7402597402597403,,0.0,0.0,0.0,1482.854017000829,,,1542.9310996542224,1049.8828913746784,1482.854017000829,1722.575114152011,1516.1936880925268,315.66474942587035
1512,raspberrypi,310.0,2023-08-09,22:40:01,Whole,826.0680943609576,1.0,5.280989412737481,171.65309088127464,1907.6666666666667,1757.7916666666667,1.5275493699382907,0,15,6,29542.37185453983,0.012987012987012988,0.948051948051948,,0.0,0.012987012987012988,0.0,816.5864422230655,,,705.1281250246708,1321.2951784007778,816.5864422230655,503.84685125173974,321.80127425850407,309.8636424806333
1513,raspberrypi,311.0,2023-08-09,22:40:01,Whole,313.5989052061758,1.0,3.1139070557429904,24.161727225097135,2804.375,1788.875,0.9780624666656292,3,16,5,0.0,0.05194805194805195,0.935064935064935,,0.0,0.05194805194805195,0.0,1057.0789821830272,,,854.3216646312482,680.3504640325862,1057.0789821830272,1257.2620889386503,1115.5617774846999,158.03303098897797
1514,raspberrypi,316.0,2023-08-09,22:40:01,Whole,748.8717394291009,0.013157894736842105,5.389364763912035,2.0155644370746373,1912.1152597402597,1958.7094155844156,7.2075286482977585,0,137,77,0.13018068119696344,0.0,0.987012987012987,,0.0,0.0,0.0,770.0957956228183,,,872.6493767072224,1393.1222773719464,770.0957956228183,398.0041665848408,210.29080650282407,251.43554102202282
1515,raspberrypi,542.0,2023-08-09,22:40:01,Whole,493.72868076182294,0.0,3.160073596055981,,2954.8846153846152,1670.6442307692307,3.535932886406917,4,76,26,0.07623622254591594,0.0,0.6623376623376623,,0.0,0.0,0.0,1143.9479837331721,,,849.5116451845659,533.8945093910155,1143.9479837331721,1424.3386762081807,1290.5093900501543,288.23457951487154
1516,raspberrypi,666.0,2023-08-09,22:40:01,Whole,774.135597917707,,4.333015014658959,,3241.25,1557.75,1.5939751523649042,0,4,1,,0.0,0.987012987012987,,0.0,0.0,0.0,1335.2449814076756,,,986.2918223905538,481.4906046931234,1335.2449814076756,1724.9525897859241,1598.1570781376936,518.2050622781986
1517,raspberrypi,682.0,2023-08-09,22:40:01,Whole,353.20826582227824,,3.7073876648434267,,3003.0,2115.25,1.727762329283143,0,2,1,,0.012987012987012988,0.987012987012987,,0.0,0.012987012987012988,0.0,1215.040972240696,,,1236.3232252056482,876.3656027512045,1215.040972240696,1438.1845350533185,1259.530623744298,0.0
1518,raspberrypi,818.0,2023-08-09,22:40:01,Whole,373.8708726193794,1.0,6.135230433962643,5.852349955359813,3021.5,2129.75,1.59491414288467,0,5,2,,0.025974025974025976,0.974025974025974,,0.0,0.025974025974025976,0.0,1233.1794481798702,,,1258.4291905611508,886.5000522669595,1233.1794481798702,1457.4393310906428,1276.2794602852398,20.419990283628195
1519,raspberrypi,106.0,2023-08-09,19:45:02,Whole,489.08230578237385,,3.1075056250193738,,2770.0,1911.75,1.9321420200204475,0,2,1,,0.01282051282051282,0.9871794871794872,,0.0,0.01282051282051282,0.0,1040.7057190107703,,,943.6462551037082,786.6504600317212,1040.7057190107703,1209.185855224095,1059.6646147370618,53.78278990699681
1520,raspberrypi,300.0,2023-08-09,19:45:02,Whole,703.8975358994222,1.0,4.653243135394865,242.06066311047843,2772.714285714286,1205.0,2.730083049758285,0,27,7,10381.585884811015,0.01282051282051282,0.9102564102564102,,0.0,0.01282051282051282,0.0,1183.9047142981756,,,514.4052437381522,567.4515905286448,1183.9047142981756,1449.125415068097,1439.6859469930212,370.4373838726463
1521,raspberrypi,306.0,2023-08-09,19:45:02,Whole,310.4519865900894,0.5405405405405406,4.4559097168984945,47.62702038914401,2269.5816666666665,1864.125,1.9196537719968476,0,167,75,1601.4623172688678,0.0,0.48717948717948717,,0.0,0.0,0.0,870.7553538135546,,,766.0042117848502,1078.9002592619486,870.7553538135546,744.0221006115606,514.570391182198,505.5432089520913
1522,raspberrypi,307.0,2023-08-09,19:45:02,Whole,1169.4961087625036,1.0,7.852616666678788,112.39302806425343,3163.921875,2477.2421875,6.355791257390352,0,29,16,14323.915125944224,0.01282051282051282,0.7948717948717948,,0.0,0.01282051282051282,0.0,1498.7339142707099,,,1634.8159517043264,1220.9095868581317,1498.7339142707099,1668.90931049602,1454.653489908132,341.4401923823496
1523,raspberrypi,308.0,2023-08-09,19:45:02,Whole,470.9101376500638,0.25,5.483746235258472,58.652622010507656,2531.132575757576,2082.8560606060605,1.851781261486503,0,108,33,814.263286062723,0.01282051282051282,0.8974358974358975,,0.0,0.01282051282051282,0.0,981.5993905408588,,,1015.6151774115009,1048.4029918396172,981.5993905408588,978.4417241977422,790.440574915845,217.46933483137056
1524,raspberrypi,310.0,2023-08-09,19:45:02,Whole,665.3796370044835,0.9850746268656716,5.562684380009708,20.727943249481733,2528.108455882353,1010.3731617647059,4.403148636518766,0,155,68,257.92449858863733,0.0,0.1282051282051282,,0.8461538461538461,0.0,0.0,1145.512545680593,,,109.93387324822704,624.285434635427,1145.512545680593,1354.7917478127836,1153.6090401290808,440.15059387708806
1525,raspberrypi,314.0,2023-08-09,19:45:02,Whole,974.7466293846529,,5.477357147030662,,1394.25,1506.5,1.8420317837892015,0,3,1,,0.01282051282051282,0.9871794871794872,,0.0,0.01282051282051282,0.01282051282051282,913.0058844838054,,,733.5826206282422,1664.2854724882366,913.0058844838054,423.63180343387285,0.0,113.31472308685203
1526,raspberrypi,315.0,2023-08-09,19:45:02,Whole,462.22892809789863,,3.0836186545340927,,1898.5,1688.75,1.0172098360818769,0,4,1,,0.0,1.0,,0.0,0.0,0.0,790.5617489770394,,,615.0329652729667,1279.2697915289132,790.5617489770394,479.05153099137743,368.6690870422252,364.604818221279
1527,raspberrypi,316.0,2023-08-09,19:45:02,Whole,634.9547079904472,1.0,4.71363510378836,12.876297845945581,1732.985294117647,1731.5551470588234,2.886857242923067,1,110,34,82.95933467721535,0.23076923076923078,0.5769230769230769,,0.0,0.23076923076923078,0.01282051282051282,765.5473612787142,,,716.1919136206885,1436.7462915343654,765.5473612787142,352.72949606333805,218.3370393477069,190.38275746542135
1528,raspberrypi,447.0,2023-08-09,19:45:02,Whole,1096.088717383668,,6.254606012203677,,3449.25,1758.25,4.649189846221657,0,5,1,,0.0,0.9871794871794872,,0.0,0.0,0.0,1497.2480349966172,,,1272.8696055305657,601.4410963465896,1497.2480349966172,1891.0177580334155,1754.2577073720606,534.0920049544458
1529,raspberrypi,463.0,2023-08-09,19:45:02,Whole,876.0577896585014,,5.366170447205055,,3219.0,1813.0,4.347587384794021,0,3,1,,0.0,0.9871794871794872,,0.0,0.0,0.0,1322.6938984153144,,,1134.6006833547601,606.7018697380528,1322.6938984153144,1658.3887267783002,1518.2105942092148,313.01598555495605
1530,raspberrypi,542.0,2023-08-09,19:45:02,Whole,698.2937556200931,0.0,4.50743191356281,,1666.4642857142858,1732.5714285714287,2.600404772274197,1,15,7,8.071751123225745e-27,0.08974358974358974,0.9102564102564102,,0.0,0.08974358974358974,0.07692307692307693,759.9028200707955,,,745.5389364353426,1492.948725591174,759.9028200707955,314.2696562487701,191.89238926859346,139.32081592556221
1531,raspberrypi,683.0,2023-08-09,19:45:02,Whole,1995.836436740884,,9.812070062134403,,876.25,310.75,8.155535936509066,0,5,1,,0.0,1.0,,0.0,0.0,0.0,1960.4911391535884,,,1054.212513363389,2182.9130863522596,1960.4911391535884,1699.8414454914755,1213.1811174267498,1399.2514443353584
1532,raspberrypi,697.0,2023-08-09,19:45:02,Whole,843.7320071646453,,5.12406741742168,,3201.5,1689.25,5.095717220445548,0,2,1,,0.0,0.9871794871794872,,0.0,0.0,0.0,1304.7087753005994,,,1037.4215460839387,544.2510859632844,1304.7087753005994,1658.9695031878255,1524.947462991395,388.83503786811843
1533,raspberrypi,739.0,2023-08-09,19:45:02,Whole,500.8379292402819,,4.849603310376196,,1905.5,1434.0,2.2496456092385935,0,3,1,,0.0,1.0,,0.0,0.0,0.0,876.3790028547022,,,372.75915167161776,1189.2759882725252,876.3790028547022,640.540000133266,386.3551055095344,431.80175323996673
1534,raspberrypi,190.0,2023-08-09,18:05:01,Whole,1642.7268508757622,,8.9560411385752,,1096.75,1436.0,4.638327845790542,0,4,1,,0.0,1.0,,0.0,0.0,0.0,1130.1845501978441,,,930.2743277757754,1924.9313038708876,1130.1845501978441,606.4604639572033,212.4498585612866,306.4758906592672
1535,raspberrypi,307.0,2023-08-09,18:05:01,Whole,1408.2976394063653,0.9545454545454546,7.862245321856573,59.79352189817719,2326.56,815.46,8.171728626554318,0,62,25,2993.9824775932107,0.0,0.6875,,0.3,0.0,0.0,1240.271120468735,,,45.01876424230657,788.7690233489186,1240.271120468735,1388.1298759095546,1119.4886812492384,562.2097605730323
1536,raspberrypi,308.0,2023-08-09,18:05:01,Whole,617.673309561774,1.0,4.797056249570444,82.88915876789791,2298.904411764706,2692.8676470588234,2.8006978887659146,1,39,17,4598.387835444671,0.0,0.8,,0.0,0.0,0.0,1221.202995005733,,,1591.5706390412063,1675.783201959091,1221.202995005733,988.9472747702448,671.937179987791,593.7393784869905
1537,raspberrypi,310.0,2023-08-09,18:05:01,Whole,1185.7305125718985,0.6031746031746031,8.06466706284175,43.31377749817715,1750.6942307692307,2535.973076923077,4.662198462428089,0,155,65,997.3176710986403,0.0,0.525,,0.0,0.0,0.0,1414.3951928206602,,,1735.5365783631892,2032.4465790806457,1414.3951928206602,1070.1297039616468,755.0060679541401,632.7805531681169
1538,raspberrypi,311.0,2023-08-09,18:05:01,Whole,658.1738997381417,1.0,9.942249855942284,35.96201050856617,3206.0392156862745,2164.6470588235293,2.8530257822252905,0,134,51,428.303707668479,0.0875,0.3625,,0.0,0.0875,0.0,1389.9772874541363,,,1395.6087515058978,907.3444175837254,1389.9772874541363,1647.5495482578644,1480.5132369616992,244.6057554720051
1539,raspberrypi,316.0,2023-08-09,18:05:01,Whole,735.3000274460585,0.0,8.812926592638792,,3094.3125,2685.571875,2.390061782719856,0,185,80,0.12909835911563494,0.0,1.0,,0.0,0.0,0.0,1559.5337058965354,,,1780.686767794453,1427.3680408585747,1559.5337058965354,1659.1641147772734,1397.901457994587,501.7553995852244
1540,raspberrypi,319.0,2023-08-09,18:05:01,Whole,1615.0441909869742,1.0,8.080716781725439,86.5417443353663,2301.5738636363635,641.1534090909091,8.022264486309803,0,69,22,1624.2022235706274,0.0125,0.7375,,0.1125,0.0125,0.0,1425.3283376093398,,,245.42248868920979,912.2353131539696,1425.3283376093398,1593.1334754684522,1240.9288675591197,770.7193598322178
1541,raspberrypi,525.0,2023-08-09,18:05:01,Whole,1241.1997058854329,,7.932176145387214,,1321.5,2204.75,6.127707868725252,0,3,1,,0.0125,0.9875,,0.0,0.0125,0.0125,893.1701930750943,,,1326.7320457940007,1995.5303199777804,893.1701930750943,256.7518474541527,68.78532490121641,59.78130392730402
1542,raspberrypi,683.0,2023-08-09,18:05:01,Whole,2516.345632011795,,11.80429839427967,,875.875,310.375,10.374925919676283,0,8,2,,0.0,1.0,,0.0,0.0,0.0,1960.967445539433,,,1054.6935242249915,2183.36227481517,1960.967445539433,1700.3227603115429,1213.6755172455514,1399.730219431558
1543,raspberrypi,818.0,2023-08-09,18:05:01,Whole,547.6532261536496,,2.9071547756028675,,2140.25,2526.75,0.02429367033852007,1,3,1,,0.0,1.0,,0.0,0.0,0.0,1055.110436547826,,,1411.7901753574893,1612.4080261708934,1055.110436547826,756.057902869216,447.5083582807124,419.56729815394397
1544,raspberrypi,17.0,2023-08-09,19:20:01,Whole,1104.3876318044906,,5.745432786046837,,2924.25,853.0,1.4424021958668085,0,3,1,,0.012658227848101266,0.9873417721518988,,0.0,0.012658227848101266,0.0,1308.6738350214885,,,422.1112295648663,402.31798047948445,1308.6738350214885,1751.6619454041786,1539.7843111650598,46.80125758837643
1545,raspberrypi,264.0,2023-08-09,19:20:01,Whole,502.08995125809184,,3.1729936852275995,,2831.25,2154.25,1.204007202622454,0,3,1,,0.012658227848101266,0.9873417721518988,,0.0,0.012658227848101266,0.0,1124.341742563584,,,1187.8441702996713,963.1382578951304,1124.341742563584,1272.917513141632,1084.5047087015905,0.0
1546,raspberrypi,300.0,2023-08-09,19:20:01,Whole,507.1112645550159,,3.4207722919665553,,2841.25,2149.5,2.9230612866355137,0,3,1,,0.012658227848101266,0.9873417721518988,,0.0,0.012658227848101266,0.0,1128.1196474476321,,,1187.9212081948554,955.279715670976,1128.1196474476321,1282.2269580413297,1094.9482032833419,0.0
1547,raspberrypi,305.0,2023-08-09,19:20:01,Whole,1116.0380722244083,0.0,6.73535056379062,,1832.7727272727273,2782.4772727272725,4.880504007252245,0,38,11,1.3858025498720117e-25,0.0,1.0,,0.0,0.0,0.0,1206.0084696611948,,,1696.396864107754,1993.8017899619472,1206.0084696611948,765.5842808325202,436.5400981148731,429.001261275445
1548,raspberrypi,307.0,2023-08-09,19:20:01,Whole,696.1893810354443,1.0,5.760726388232852,34.11185179242223,1910.8515625,1411.7695312500002,2.409834281617268,2,64,32,4642.81761750495,0.0,0.5949367088607594,,0.05063291139240506,0.0,0.0,896.7555449865888,,,374.38386130736507,1191.208912207443,896.7555449865888,669.8035605384675,382.558170410121,415.6242579691405
1549,raspberrypi,308.0,2023-08-09,19:20:01,Whole,799.2041010675823,1.0,5.320187950355656,136.18248174506618,2958.8333333333335,2418.847222222222,3.787544474133367,1,18,9,9015.044225148251,0.012658227848101266,0.8987341772151899,,0.0,0.012658227848101266,0.0,1343.9938788649317,,,1494.610049711294,1206.5917681797591,1343.9938788649317,1449.933938702078,1351.1385762854795,289.8478024250571
1550,raspberrypi,309.0,2023-08-09,19:20:01,Whole,558.255824099416,1.0,5.473692571830075,37.52492319767543,2868.3341346153848,1633.798076923077,4.219697057332204,0,119,52,1157.6467192264229,0.45569620253164556,0.34177215189873417,,0.0,0.45569620253164556,0.0,1128.6764547286327,,,796.1855484709837,614.0613904723284,1128.6764547286327,1386.6941759556412,1210.6238734326814,124.68442946242101
1551,raspberrypi,310.0,2023-08-09,19:20:01,Whole,804.9467544846009,1.0,5.795632515486143,19.95776791126703,3194.1875,1598.6875,2.0610519431353316,0,9,4,,0.0,0.9493670886075949,,0.0,0.0,0.0,1308.2779971312946,,,975.6167401931826,502.36815963297965,1308.2779971312946,1673.8919676054895,1503.3423978214967,508.5121974914281
1552,raspberrypi,311.0,2023-08-09,19:20:01,Whole,1045.7176694803652,1.0,5.882476242457603,135.21197350004834,3004.9,976.05,6.120284450406359,0,11,5,6.906634997391003e-26,0.05063291139240506,0.9367088607594937,,0.0,0.05063291139240506,0.0,1312.1459320854044,,,535.4865371949693,419.8268701224479,1312.1459320854044,1746.6032262642047,1538.6845745246812,108.51129298701808
1553,raspberrypi,314.0,2023-08-09,19:20:01,Whole,309.66010394969436,0.9622641509433962,4.441909582551118,28.267138866350535,2350.9681818181816,1961.0954545454545,3.0704198002454457,1,102,55,779.560911895134,0.20253164556962025,0.3291139240506329,,0.0,0.20253164556962025,0.0,911.6091842900219,,,877.4453331221753,1095.6581911045248,911.6091842900219,818.119432615053,645.1145038786789,396.5048771619572
1554,raspberrypi,316.0,2023-08-09,19:20:01,Whole,688.0548699497004,1.0,4.7245617118887,14.162965704721163,1773.169642857143,1662.1517857142858,1.2044866374976146,2,29,14,27.093908206355312,0.0,0.8354430379746836,,0.0,0.0,0.0,784.5949031675822,,,635.204203781269,1375.1514695734395,784.5949031675822,411.7252275161272,257.8882763412744,226.83141368216658
1555,raspberrypi,319.0,2023-08-09,19:20:01,Whole,505.2678602288875,1.0,4.226736447026373,77.40830044000751,2545.3387096774195,2185.7903225806454,2.988591460059287,0,83,31,3437.1825833344005,0.17721518987341772,0.6075949367088608,,0.0,0.17721518987341772,0.012658227848101266,1066.560164821663,,,1150.1325300832552,1134.1864813962738,1066.560164821663,1047.4086453350844,912.6101841096724,199.18996589008904
1556,raspberrypi,470.0,2023-08-09,19:20:01,Whole,716.6004953154408,,4.096697927160739,,2976.75,1373.0,4.096697927160739,0,1,1,,0.0,0.9873417721518988,,0.0,0.0,0.0,1189.299236984442,,,663.7207959278428,414.7629220337989,1189.299236984442,1534.2778265765962,1422.5221198576119,431.76971646877223
1557,raspberrypi,657.0,2023-08-09,19:20:01,Whole,1167.7842549278978,,6.9478371592440915,,1292.25,1611.0,5.185614683468861,0,4,1,,0.012658227848101266,0.9873417721518988,,0.0,0.012658227848101266,0.012658227848101266,914.7470762483912,,,879.4331592910532,1784.8918344256685,914.7470762483912,370.72030606177736,30.74441549463822,44.21733763617297
1558,raspberrypi,666.0,2023-08-09,19:20:01,Whole,823.0783642545238,,5.353890252817203,,2986.25,1231.25,3.5658091506040113,0,3,1,,0.0,0.9873417721518988,,0.0,0.0,0.0,1220.5306365706745,,,595.3989261347174,398.01647822664324,1220.5306365706745,1601.4189262982761,1485.9586846498235,291.6574553878809
1559,raspberrypi,818.0,2023-08-09,19:20:01,Whole,590.9380843619302,1.0,4.299489118615021,71.57540586963961,2381.0833333333335,2431.3333333333335,1.9074366728919474,0,12,3,216.36004919271812,0.0,0.9746835443037974,,0.0,0.0,0.0,1069.9138476148,,,1329.2987798200975,1403.2044965554214,1069.9138476148,914.1181178141445,647.7539205417219,474.35766151446705
1560,raspberrypi,17.0,2023-08-10,11:55:01,Whole,2211.616139518077,,12.5693229682889,,700.5,1877.25,12.5693229682889,0,1,1,,0.0,1.0,,0.0,0.0,0.0,1376.0008172171101,,,1505.6138190503227,2407.2936148799818,1376.0008172171101,747.5339917769135,612.9486454397914,623.2983880464432
1561,raspberrypi,250.0,2023-08-10,11:55:01,Whole,225.640234415735,,3.4474048772137573,,3098.25,1488.0,1.128150263427035,0,4,1,,0.0,0.984375,,0.0,0.0,0.0,1244.5329912712464,,,829.88924045012,440.3732738214279,1244.5329912712464,1607.857389624746,1486.2875424479869,513.8391198484954
1562,raspberrypi,300.0,2023-08-10,11:55:01,Whole,608.7416845694073,1.0,4.310855841983106,83.60029583250703,3121.6875,1865.3125,3.1928285786816897,0,4,8,8158.798644060769,0.0625,0.875,,0.0,0.0625,0.0,1314.9355822753018,,,1122.8190482002801,734.1119913158703,1314.9355822753018,1609.497177536922,1446.232253470188,202.72512156383246
1563,raspberrypi,304.0,2023-08-10,11:55:01,Whole,298.34079358083903,0.2,3.5928389123518136,12.19120406957449,3095.2604166666665,1267.1041666666667,3.497145730394097,0,33,12,28.89253713654484,0.0,0.8125,,0.0,0.0,0.0,1272.24962729976,,,708.4619491823423,375.2234961824835,1272.24962729976,1683.2339787744959,1575.6902528170322,316.60866630302155
1564,raspberrypi,306.0,2023-08-10,11:55:01,Whole,918.6660463417786,1.0,5.265579445199975,7.195602047900792,3295.7916666666665,650.6309523809524,4.079471382562741,0,53,21,2.040437194644833,0.328125,0.671875,,0.0,0.328125,0.0,1577.8599555798571,,,798.9974684459036,409.8941552828221,1577.8599555798571,2166.3415870979975,1956.8189888967336,51.50646432096212
1565,raspberrypi,314.0,2023-08-10,11:55:01,Whole,651.9145216445636,0.8571428571428571,6.242714631816952,16.115331755300033,2956.931818181818,2102.7017045454545,3.7712096209025234,0,79,44,287.33662607034023,0.6875,0.3125,,0.0,0.6875,0.0,1192.0576606672548,,,1205.118656982645,885.324552372047,1192.0576606672548,1395.1101145067753,1254.2171712018178,25.92423654842254
1566,raspberrypi,315.0,2023-08-10,11:55:01,Whole,568.573778818957,1.0,7.056133477940901,25.51768461890135,3059.75,931.2916666666666,6.783825547678171,0,7,9,36.494774788897836,0.140625,0.859375,,0.0,0.140625,0.0,1331.1164875739576,,,566.5754511313842,375.2544453203765,1331.1164875739576,1814.879311025344,1618.7810466136743,0.0
1567,raspberrypi,319.0,2023-08-10,11:55:01,Whole,541.289753480182,1.0,4.76735313291077,93.48295692472271,2520.9813829787236,1286.3617021276596,4.277854857376829,0,73,47,4548.234017467748,0.0,0.28125,,0.265625,0.0,0.0,1126.7624727694351,,,413.1719031308315,740.3748601450361,1126.7624727694351,1272.3951354889562,1029.5972469230867,500.79735897632486
1568,raspberrypi,441.0,2023-08-10,11:55:01,Whole,592.7687611373353,,2.533103473283023,,3150.75,1990.5,2.533103473283023,0,1,1,,0.015625,0.984375,,0.0,0.015625,0.0,1294.3194726893655,,,1220.332482454267,732.7528979579881,1294.3194726893655,1580.4646607886727,1424.7682712033657,163.52588898490993
1569,raspberrypi,683.0,2023-08-10,11:55:01,Whole,900.3935831686751,,7.341017859855066,,2270.75,2135.25,7.341017859855066,0,1,1,,0.0,1.0,,0.0,0.0,0.0,904.3951439204232,,,1023.2703980213414,1242.432429326019,904.3951439204232,728.673424459084,533.6605936043451,476.8754394929523
1570,raspberrypi,145.0,2023-08-10,11:25:01,Whole,612.5087393720281,,3.316095959721538,,2169.0,1006.75,3.316095959721538,0,1,1,,0.0,0.9863013698630136,,0.0136986301369863,0.0,0.0,1100.3977652299352,,,0.0,898.9568206897713,1100.3977652299352,1121.4198401039125,802.6500910103632,817.2255245602049
1571,raspberrypi,190.0,2023-08-10,11:25:01,Whole,1108.7397734948286,1.0,5.894611162787103,11.410658394676444,3030.825,470.775,5.891658925799266,0,14,10,0.0,0.0958904109589041,0.863013698630137,,0.0136986301369863,0.0958904109589041,0.0,1612.032667027203,,,645.399597508476,526.8609993792431,1612.032667027203,2091.407452671916,1948.7106109810575,173.6917433583508
1572,raspberrypi,273.0,2023-08-10,11:25:01,Whole,1520.0252423923787,,6.384430470870234,,1318.5,2206.25,6.384430470870234,0,1,1,,0.0136986301369863,0.9863013698630136,,0.0,0.0136986301369863,0.0136986301369863,895.9962577666673,,,1329.565466892241,1998.76370796438,895.9962577666673,259.26024976674495,71.14012974903768,62.19827521944565
1573,raspberrypi,300.0,2023-08-10,11:25:01,Whole,329.79128564254523,1.0,3.700698841314283,76.3748977086058,2896.25,1243.0,3.700698841314283,0,1,3,0.0,0.0,0.9726027397260274,,0.0,0.0,0.0,1176.7668357469236,,,524.8012227089245,433.8530380650945,1176.7668357469236,1517.4875781095614,1395.3445509981873,333.8753194111794
1574,raspberrypi,307.0,2023-08-10,11:25:01,Whole,967.3062062201632,1.0,6.893001378739563,46.77655558266983,3240.230769230769,2155.269230769231,4.317756742209925,0,17,13,52.69558677020673,0.0,0.8356164383561644,,0.0,0.0,0.0,1417.4354802179155,,,1408.0696395390064,899.4488810556068,1417.4354802179155,1684.5512514923632,1503.0931810132472,278.37751497176964
1575,raspberrypi,309.0,2023-08-10,11:25:01,Whole,528.538926603312,1.0,5.492907377497444,80.07468536407977,2209.6574074074074,1589.6898148148148,1.863502083469765,0,46,27,6661.208250825946,0.0,0.6438356164383562,,0.0547945205479452,0.0,0.0,905.7375405229393,,,526.6917228064443,1014.0766884571814,905.7375405229393,809.3872277727645,792.1541782291897,383.34034293383127
1576,raspberrypi,312.0,2023-08-10,11:25:01,Whole,883.0710726571106,1.0,5.234064325469882,35.59845502265512,2966.125,634.25,4.949333954392757,0,13,6,0.0,0.0684931506849315,0.9178082191780822,,0.0136986301369863,0.0684931506849315,0.0,1446.8479118317528,,,480.12521272133307,422.58367819404555,1446.8479118317528,1930.1739954208124,1730.803973285525,68.12050852799891
1577,raspberrypi,314.0,2023-08-10,11:25:01,Whole,95.85145021040297,0.3582089552238806,3.5771176606381507,28.10887041654323,2556.5404411764707,1482.2573529411766,3.316095959721538,1,65,68,815.6658993782587,0.0,0.6712328767123288,,0.0,0.0,0.0,991.2789241051893,,,467.9772971853085,689.3032116260998,991.2789241051893,1115.3908315433075,992.756819568237,516.1844887458386
1578,raspberrypi,316.0,2023-08-10,11:25:01,Whole,927.6536176359281,0.0,4.299901899242739,,2911.0,543.7,5.004986623942427,0,9,5,6.291486193880315e-26,0.0136986301369863,0.9315068493150684,,0.0,0.0136986301369863,0.0,1486.3478862166548,,,447.83758965386477,425.67621090392123,1486.3478862166548,1948.0092006417474,1668.0446554373184,256.3067063879003
1579,raspberrypi,319.0,2023-08-10,11:25:01,Whole,376.83139479160894,,2.0686486900826226,,2917.5,1652.5,2.0686486900826226,0,1,1,,0.0,0.9863013698630136,,0.0,0.0,0.0,1123.8142681057748,,,811.2922251100069,532.3437785484969,1123.8142681057748,1392.6174913142302,1260.8990189464994,298.8153574788511
1580,raspberrypi,525.0,2023-08-10,11:25:01,Whole,261.04028093548953,,3.044355798206606,,2823.25,1257.25,1.8789289106216904,0,2,1,,0.0,1.0,,0.0,0.0,0.0,1141.3967792450776,,,471.49224929340045,466.7787501310605,1141.3967792450776,1447.3898791539984,1320.967288923611,381.6648096779015
1581,raspberrypi,542.0,2023-08-10,11:25:01,Whole,485.9370791028055,,2.578272938741962,,2768.0,1884.0,2.578272938741962,0,1,1,,0.0136986301369863,0.9863013698630136,,0.0,0.0136986301369863,0.0,1038.8456514657064,,,918.2218133166177,766.9002646890315,1038.8456514657064,1209.5760914906255,1061.6561562856803,78.65390176265225
1582,raspberrypi,666.0,2023-08-10,11:25:01,Whole,25.860817737799458,,0.0077715784920953995,,2595.0,1414.75,0.0077715784920953995,1,1,1,,0.0,1.0,,0.0,0.0,0.0,1017.9878773124503,,,426.38572977359667,638.8583028967953,1017.9878773124503,1177.248095938814,1071.5856354752589,577.5746365216171
1583,raspberrypi,17.0,2023-08-10,06:55:01,Whole,1948.986530396646,,10.333506595178166,,876.5,306.25,9.916002203098639,0,2,1,,0.0,1.0,,0.0,0.0,0.0,1963.5998629812732,,,1055.5298035203625,2183.863036216436,1963.5998629812732,1703.9714296241546,1217.1998321563515,1403.410374047612
1584,raspberrypi,304.0,2023-08-10,06:55:01,Whole,491.13464812266244,,5.128368445097211,,2126.75,1366.75,1.610713644370266,0,3,1,,0.0,1.0,,0.0,0.0,0.0,924.2620036287487,,,253.48996705623307,984.0317261590765,924.2620036287487,830.9284562592617,616.657263356796,659.8155426308738
1585,raspberrypi,309.0,2023-08-10,06:55:01,Whole,385.2647663747763,,3.960251791018148,,2872.0,1492.25,3.3607054059691017,0,2,1,,0.0,0.987012987012987,,0.0,0.0,0.0,1117.2560172958908,,,662.4109662206317,491.20909622749895,1117.2560172958908,1395.5173987392534,1276.2393685287582,452.3647612557977
1586,raspberrypi,310.0,2023-08-10,06:55:01,Whole,683.6611285892993,0.3114754098360656,6.260893131342944,6.819644835477089,2932.157258064516,627.5483870967741,6.420869742102234,0,65,62,17.603603349807965,0.8051948051948052,0.19480519480519481,,0.0,0.8051948051948052,0.0,1433.2011886771154,,,443.5527636782107,402.37500648394297,1433.2011886771154,1903.3954379068743,1656.0845101341647,139.68632953178252
1587,raspberrypi,316.0,2023-08-10,06:55:01,Whole,556.8848911811407,0.06451612903225806,5.390311135094901,7.556682898728632,2241.943359375,1652.5527343749998,6.3700407621558135,0,65,64,3.9517613109636516,0.0,0.948051948051948,,0.0,0.0,0.0,866.7666044338912,,,539.7591788743499,987.8107921165256,866.7666044338912,770.6807403431803,644.5086723592646,624.7333202108946
1588,raspberrypi,317.0,2023-08-10,06:55:01,Whole,1451.6057871046287,1.0,8.221560746319673,39.769711224604954,3077.65625,2591.546875,6.47921570403482,0,15,8,219.5411222967863,0.0,0.9090909090909091,,0.0,0.0,0.0,1494.5762184875662,,,1689.7618518815898,1335.1737303095274,1494.5762184875662,1611.1020033052907,1354.230476525795,407.1927957805867
1589,raspberrypi,441.0,2023-08-10,06:55:01,Whole,572.8868853723586,,4.4655904550969145,,3154.75,1351.25,3.909222794303616,0,2,1,,0.0,0.987012987012987,,0.0,0.0,0.0,1295.4377937241586,,,801.1168119249592,373.7781313161861,1295.4377937241586,1705.2909665668328,1592.0560849760432,401.4901268364538
1590,raspberrypi,525.0,2023-08-10,06:55:01,Whole,1302.7150440462635,,7.196738914451583,,1562.5,430.5,7.154091767520745,0,2,1,,0.0,1.0,,0.0,0.0,0.0,1578.492753887291,,,379.3637248663386,1517.6572914546405,1578.492753887291,1473.8132595266673,990.8793685110529,1177.894480078982
1591,raspberrypi,812.0,2023-08-10,06:55:01,Whole,511.5674615273289,,3.333417849186668,,2693.0,722.0,1.3039767519719074,0,4,2,,0.0,0.987012987012987,,0.012987012987012988,0.0,0.0,1324.1966801153233,,,192.03014615157014,519.1838164294646,1324.1966801153233,1669.2784386693622,1397.3207803655387,290.99488131986595
1592,raspberrypi,818.0,2023-08-10,06:55:01,Whole,689.0643773829272,,4.77203011172978,,2809.75,1878.25,3.1582102410582924,0,2,1,,0.012987012987012988,0.987012987012987,,0.0,0.012987012987012988,0.0,1058.6776968225543,,,933.5974925579317,740.851493455438,1058.6776968225543,1250.838191962224,1103.793119999846,69.2486761434231
1593,raspberrypi,31.0,2023-08-10,13:50:01,Whole,481.304013041422,,3.0635708033166886,,2755.25,959.0,3.0635708033166886,0,1,1,,0.0,1.0,,0.0,0.0,0.0,1217.0482009793618,,,275.4076539492865,476.51691165973193,1217.0482009793618,1555.7290185179966,1342.5418811573545,237.96874316248068
1594,raspberrypi,111.0,2023-08-10,13:50:01,Whole,740.6392570279124,,,,2772.75,1677.75,,0,0,1,,0.0,0.9666666666666667,,0.0,0.0,0.0,1047.6528885797948,,,743.8148713424623,630.3783607986242,1047.6528885797948,1248.8136482541343,1115.4643175300855,273.0587754886885
1595,raspberrypi,190.0,2023-08-10,13:50:01,Whole,492.27970336807067,,0.457382496495279,,2187.75,629.5,0.457382496495279,1,1,1,,0.0,0.9666666666666667,,0.03333333333333333,0.0,0.0,1338.8442339309113,,,0.0,917.022669639314,1338.8442339309113,1448.224976487856,1070.388976499506,803.8313566748919
1596,raspberrypi,312.0,2023-08-10,13:50:01,Whole,496.8987173523844,1.0,2.7508417443790183,30.11692732762841,2239.6736111111113,873.6666666666666,4.740074604598995,1,7,18,1022.2522990466543,0.0,0.43333333333333335,,0.43333333333333335,0.0,0.0,1216.6532325867734,,,125.04635088552557,898.7056184725767,1216.6532325867734,1289.9787685570793,1108.5178044161044,709.6981987953241
1597,raspberrypi,314.0,2023-08-10,13:50:01,Whole,1621.9552397087896,1.0,,68.48818304062426,1146.0,2250.839285714286,,0,0,7,840.0956655527373,0.1,0.8,,0.0,0.1,0.1,1051.0649836225944,,,1461.7887457245674,2164.7202150123285,1051.0649836225944,404.7693455161829,212.4176290418796,204.62383696699942
1598,raspberrypi,319.0,2023-08-10,13:50:01,Whole,1018.4626590233253,1.0,4.731571933325087,17.16117006491717,3217.515625,672.8125,4.809182434479847,0,5,8,46.82227539237821,0.26666666666666666,0.7333333333333333,,0.0,0.26666666666666666,0.0,1512.5430757180952,,,719.0245576406062,383.77397707210656,1512.5430757180952,2091.1872081912693,1883.212430230979,12.002263390928434
1599,raspberrypi,447.0,2023-08-10,13:50:01,Whole,956.6981129494972,,,,3234.25,912.5,,0,0,1,,0.03333333333333333,0.9666666666666667,,0.0,0.03333333333333333,0.0,1431.2239864194312,,,736.6532881636958,378.1342015197969,1431.2239864194312,1969.9562891226421,1807.2192244504026,40.6886020477866
1600,raspberrypi,254.0,2023-08-10,12:00:01,Whole,1056.236026119843,,5.0643814027041065,,2917.0,240.0,2.6897896022156886,0,3,1,,0.0,0.9841269841269841,,0.0,0.0,0.0,1722.470900780101,,,591.1865149741989,564.8632012660576,1722.470900780101,2174.6306557939874,1864.3553552240692,443.8316673919666
1601,raspberrypi,306.0,2023-08-10,12:00:01,Whole,483.5013881131864,1.0,3.109753012311417,21.145498723315313,3089.348214285714,858.0446428571429,1.254657746614018,5,61,28,284.20060950586196,0.4444444444444444,0.5555555555555556,,0.0,0.4444444444444444,0.0,1372.351735498956,,,594.1266601402701,373.3856181423952,1372.351735498956,1880.9945056029694,1652.7799796664128,0.0
1602,raspberrypi,307.0,2023-08-10,12:00:01,Whole,796.8226959704449,1.0,4.916609020321608,13.942543930359337,3068.25,520.5,8.917252591128236,3,9,9,0.0,0.14285714285714285,0.8571428571428571,,0.0,0.14285714285714285,0.0,1549.1962393306758,,,602.4324159094963,413.57312299186424,1549.1962393306758,2074.8544965210854,1822.2129827621093,141.1898318701398
1603,raspberrypi,310.0,2023-08-10,12:00:01,Whole,713.3265830626536,1.0,4.0218597306807204,16.984100487087264,3203.823529411765,661.2352941176471,1.4285402287618745,5,30,17,104.84157450008323,0.2698412698412698,0.7301587301587301,,0.0,0.2698412698412698,0.0,1520.1561610553874,,,707.1004634873059,391.9940456049011,1520.1561610553874,2087.353362948149,1943.4452476390634,11.792963962387596
1604,raspberrypi,311.0,2023-08-10,12:00:01,Whole,632.4132870423499,1.0,0.902507390483959,10.146004447564566,2963.5,668.75,0.9022560377366293,3,3,9,3.6062212810103395e-30,0.14285714285714285,0.8571428571428571,,0.0,0.14285714285714285,0.0,1415.5139115799234,,,467.1264431204528,391.23992754608474,1415.5139115799234,1898.8859209677319,1657.185063943942,83.83807651989893
1605,raspberrypi,314.0,2023-08-10,12:00:01,Whole,891.3254948273026,1.0,5.997544758564881,27.877625182715516,2437.721153846154,1996.2283653846155,7.146791505955366,1,75,52,1202.4368388494054,0.38095238095238093,0.1746031746031746,,0.0,0.38095238095238093,0.0,946.079334891557,,,944.8712745181709,1071.8250372222346,946.079334891557,897.4553029401959,816.8720044899459,221.86771785477538
1606,raspberrypi,315.0,2023-08-10,12:00:01,Whole,548.3791892519029,1.0,3.7971709750730276,7.0819715466566455,3281.0,916.5,1.22382228593837,0,30,10,1.0621716265961466e-25,0.15873015873015872,0.8412698412698413,,0.0,0.15873015873015872,0.0,1461.9677132968332,,,783.7109918915293,387.42368453614966,1461.9677132968332,2007.5342498652606,1850.33220699312,84.60489222458885
1607,raspberrypi,425.0,2023-08-10,12:00:01,Whole,229.60064180911354,,3.788313119715377,,2776.375,1226.125,3.661149132592094,0,2,2,,0.0,0.9841269841269841,,0.0,0.0,0.0,1140.9909851574857,,,431.9546803040274,497.1251444220951,1140.9909851574857,1432.6796653687663,1278.7628765235575,388.13511965517574
1608,raspberrypi,441.0,2023-08-10,12:00:01,Whole,106.99446602867702,,0.9582906037274003,,2959.25,1372.75,0.9582906037274003,1,1,1,,0.0,0.9841269841269841,,0.0,0.0,0.0,1180.196177689889,,,649.5107383135226,421.71853816444,1180.196177689889,1518.4747026427592,1407.073954071377,435.4427728555887
1609,raspberrypi,463.0,2023-08-10,12:00:01,Whole,291.77607946761856,,0.9582906037274003,,3107.25,1484.75,0.9582906037274003,1,1,1,,0.0,0.9841269841269841,,0.0,0.0,0.0,1250.4761588783945,,,835.1105393762878,438.8967563373102,1250.4761588783945,1617.2931706146037,1495.853195292447,520.6942012376691
1610,raspberrypi,542.0,2023-08-10,12:00:01,Whole,595.8209706124388,1.0,3.8699211880172655,4.140123790419798,3408.75,1579.625,3.480325648209074,0,32,11,1.1184294611800122e-28,0.0,0.8253968253968254,,0.0,0.0,0.0,1459.4498379539061,,,1137.0054779887514,509.9882110160568,1459.4498379539061,1881.388283635556,1752.8451198552577,610.08103524034
1611,raspberrypi,666.0,2023-08-10,12:00:01,Whole,840.2818570048183,,0.028580119043634514,,2808.0,2132.5,0.028580119043634514,1,1,1,,0.015873015873015872,0.9841269841269841,,0.0,0.015873015873015872,0.0,1104.04849366386,,,1158.2288460114562,952.4493417637962,1104.04849366386,1248.0919037036147,1063.8781638681671,0.0
1612,raspberrypi,111.0,2023-08-10,11:10:01,Whole,538.7425693821788,,3.9531509401923306,,2771.0,1681.75,2.1445676323725684,0,4,1,,0.0,0.9868421052631579,,0.0,0.0,0.0,1046.5044077638204,,,746.1716214176613,633.6279716096135,1046.5044077638204,1246.1990977733985,1112.5356973569033,269.4954737673389
1613,raspberrypi,300.0,2023-08-10,11:10:01,Whole,315.07313615347243,1.0,5.875320544716018,37.08418664234051,2584.472222222222,1956.763888888889,4.670140172792102,0,26,9,175.32257625539572,0.07894736842105263,0.8947368421052632,,0.0,0.07894736842105263,0.0,973.5094846993514,,,911.7181403029258,925.008604352917,973.5094846993514,1027.4971665912265,874.6487509888375,163.02344156777875
1614,raspberrypi,304.0,2023-08-10,11:10:01,Whole,893.859083128499,,8.971372458205304,,2066.25,2761.625,7.254080799141596,0,5,2,,0.0,1.0,,0.0,0.0,0.0,1217.2293014970373,,,1654.9571552062944,1843.8007110459125,1217.2293014970373,879.0034913733895,552.8023002938091,536.4843649779906
1615,raspberrypi,305.0,2023-08-10,11:10:01,Whole,1703.3022595390673,1.0,10.355895288576946,40.861336630849024,2807.28125,285.1458333333333,8.835905194106276,0,29,12,870.1149314478131,0.0,0.8421052631578947,,0.0,0.0,0.0,1659.583693393753,,,479.46120516429363,595.3782336488136,1659.583693393753,2071.929653705172,1779.8429803298482,513.3341949106962
1616,raspberrypi,306.0,2023-08-10,11:10:01,Whole,1336.9876354135706,0.9864864864864865,9.922482291807283,72.20356249087732,1831.655,2703.185,7.728292428990263,0,122,75,7135.770455404127,0.0,0.039473684210526314,,0.0,0.0,0.0,1488.8198782494924,,,1850.2832232237522,2106.5487544786056,1488.8198782494924,1141.987058110568,738.938389631584,661.4963433416168
1617,raspberrypi,307.0,2023-08-10,11:10:01,Whole,1218.5744242146284,1.0,7.669975129669819,30.90678701223024,2924.701923076923,872.2307692307693,14.313548590889159,0,19,13,857.3845976334214,0.17105263157894737,0.8289473684210527,,0.0,0.17105263157894737,0.0,1303.643983828369,,,426.87774875841956,404.4327075850846,1303.643983828369,1741.5241497015252,1529.4168267758344,61.25939221929603
1618,raspberrypi,308.0,2023-08-10,11:10:01,Whole,904.6054209162941,1.0,7.1188293048972575,84.5400586261719,2578.215277777778,1089.5,3.5088789696125327,0,39,18,6604.071444922707,0.0,0.7894736842105263,,0.15789473684210525,0.0,0.0,1147.141113098879,,,231.65426745185349,623.105643254315,1147.141113098879,1363.9481814238316,1199.7550325121024,415.6189010680265
1619,raspberrypi,309.0,2023-08-10,11:10:01,Whole,753.0064928681381,1.0,6.825198328402405,109.23816204277219,2741.9475806451615,1967.6653225806451,4.299653577058847,0,66,31,8466.516066440274,0.06578947368421052,0.5921052631578947,,0.05263157894736842,0.06578947368421052,0.0,1199.8041675764139,,,1007.5342950217812,1000.1788600339696,1199.8041675764139,1302.7429612053297,1182.9824936990458,451.35127480762503
1620,raspberrypi,315.0,2023-08-10,11:10:01,Whole,1149.1158926415521,1.0,7.411386936272307,58.939005796632976,2844.298076923077,1328.3365384615386,6.069708811784212,0,32,13,5422.38608027491,0.09210526315789473,0.8421052631578947,,0.0,0.09210526315789473,0.013157894736842105,1282.139740030446,,,814.7180751538237,650.8358893138967,1282.139740030446,1572.3617559109305,1582.3756089426874,163.65486456511667
1621,raspberrypi,316.0,2023-08-10,11:10:01,Whole,1442.5304706465363,1.0,10.89562231502914,94.62503875393485,911.875,1554.1,9.01809753509365,0,27,10,4.769347851512208e-26,0.0,0.9078947368421053,,0.0,0.0,0.0,1262.6580248130665,,,1180.4158991832692,2143.242144969494,1262.6580248130665,702.5290605198861,385.03406592317015,402.5955997666112
1622,raspberrypi,319.0,2023-08-10,11:10:01,Whole,595.7610017874322,1.0,6.308177415475184,54.30864658969509,2830.9285714285716,1703.1964285714287,5.5558636655537,0,12,7,447.1955033813868,0.02631578947368421,0.9078947368421053,,0.0,0.02631578947368421,0.0,1077.792788409918,,,798.0353198193574,618.2397329934441,1077.792788409918,1302.3573019795342,1165.1672072951853,255.17910273808292
1623,raspberrypi,463.0,2023-08-10,11:10:01,Whole,547.5198109430543,,3.4263825574024582,,2793.5,2096.5,1.6981118236773953,0,4,1,,0.013157894736842105,0.9868421052631579,,0.0,0.013157894736842105,0.0,1084.3237017718457,,,1119.4810594006997,926.7725537032043,1084.3237017718457,1231.1766286725817,1054.5633213389488,0.0
1624,raspberrypi,470.0,2023-08-10,11:10:01,Whole,598.8720133088647,,8.418588095543187,,2445.75,2480.5,8.370328307925512,0,2,1,,0.0,1.0,,0.0,0.0,0.0,1119.2360093235545,,,1386.5570965379331,1412.010222567518,1119.2360093235545,990.4920905854457,718.3946678339485,449.24993954174136
1625,raspberrypi,524.0,2023-08-10,11:10:01,Whole,1608.5536791292575,,13.344365619318856,,841.25,1186.75,13.344365619318856,0,1,1,,0.0,1.0,,0.0,0.0,0.0,1437.7559527148005,,,1063.966079316935,2135.007387302853,1437.7559527148005,953.6250315170118,548.7505793190662,663.3513162947237
1626,raspberrypi,542.0,2023-08-10,11:10:01,Whole,1886.2414946669478,,9.69263323768551,,1020.25,501.5,8.087469768426994,0,3,1,,0.0,1.0,,0.0,0.0,0.0,1746.4175293699238,,,860.5526153301564,2003.3214337388881,1746.4175293699238,1472.7917893936901,981.9330308387964,1173.463569519669
1627,raspberrypi,682.0,2023-08-10,11:10:01,Whole,1098.3014363172488,,7.639689355981095,,2561.25,843.0,1.6076127090734602,0,3,1,,0.0,0.9868421052631579,,0.013157894736842105,0.0,0.0,1232.9145403617238,,,60.314814855796044,596.1278856546261,1232.9145403617238,1492.514833828315,1221.5178221250128,408.44212304882683
1628,raspberrypi,714.0,2023-08-10,11:10:01,Whole,1551.891921348531,,9.152795355467417,,2665.75,401.5,2.9098346496201386,0,2,1,,0.0,0.9868421052631579,,0.0,0.0,0.0,1538.9612142406902,,,293.3980632082615,616.8788901663763,1538.9612142406902,1894.1775096779668,1568.9287080828478,482.0682290162937
1629,raspberrypi,818.0,2023-08-10,11:10:01,Whole,398.6140876209286,,,,2669.25,1993.5,,0,0,1,,0.013157894736842105,0.9868421052631579,,0.0,0.013157894736842105,0.0,1007.9017907332453,,,975.1338855331319,901.9707272009881,1007.9017907332453,1107.0126891420555,951.2618788716009,97.3897171170745
1630,raspberrypi,126.0,2023-08-09,16:55:01,Whole,839.1075770791388,0.0,6.140372730898642,,2182.375,1002.0,4.382174392823931,0,16,9,0.0,0.0,0.8783783783783784,,0.12162162162162163,0.0,0.0,1103.7491888253498,,,0.0,887.5881472703103,1103.7491888253498,1132.8814985472352,816.370854960946,803.1995448040697
1631,raspberrypi,306.0,2023-08-09,16:55:01,Whole,1195.4629987237481,1.0,8.563472644167849,75.82959924835097,1465.1704545454545,2566.900568181818,9.461774469991264,0,50,44,2033.1688545296408,0.13513513513513514,0.43243243243243246,,0.0,0.13513513513513514,0.05405405405405406,1295.1411192019752,,,1694.982223359414,2130.8015054454854,1295.1411192019752,821.9563920658657,593.4923217532635,516.6012774168614
1632,raspberrypi,307.0,2023-08-09,16:55:01,Whole,696.7739982946991,1.0,8.131012471006835,29.072094905337487,2876.21875,2023.296875,9.550767158047059,0,22,16,215.63803867261797,0.21621621621621623,0.7837837837837838,,0.0,0.21621621621621623,0.0,1114.197122550938,,,1093.0994250348986,831.6755336219944,1114.197122550938,1311.5179054162854,1149.264776930028,0.0
1633,raspberrypi,309.0,2023-08-09,16:55:01,Whole,875.1604649867901,1.0,2.413993728750891,5.074953214734484,3031.1785714285716,2135.625,2.413993728750891,0,2,7,0.646944841907348,0.0945945945945946,0.9054054054054054,,0.0,0.0945945945945946,0.0,1242.1996858093398,,,1268.5781220434583,890.3902984666859,1242.1996858093398,1467.4214799765466,1286.9264994371779,32.15508003606496
1634,raspberrypi,314.0,2023-08-09,16:55:01,Whole,1032.0928408102252,,11.758270783203384,,3237.75,1897.25,11.758270783203384,0,1,1,,0.0,0.9864864864864865,,0.0,0.0,0.0,1345.6812795892913,,,1207.7835888519742,649.59954797588,1345.6812795892913,1669.725709967359,1525.9554493520152,281.57988355054795
1635,raspberrypi,315.0,2023-08-09,16:55:01,Whole,568.4718369261963,1.0,6.018314379225736,54.7972171109812,2734.8928571428573,1714.875,6.076658599190386,0,21,14,83.89456102692743,0.06756756756756757,0.8108108108108109,,0.0,0.06756756756756757,0.0,1039.8227302750142,,,769.6868618496216,689.9645956582818,1039.8227302750142,1214.52773498787,1066.9622988383503,254.59353245636902
1636,raspberrypi,316.0,2023-08-09,16:55:01,Whole,826.7978407934213,1.0,9.147100718225865,44.28355726300405,2461.2272727272725,1058.0984848484848,6.266074449482438,0,16,33,748.7912261477885,0.0,0.5540540540540541,,0.33783783783783783,0.0,0.0,1114.4615577375912,,,106.27884765797705,680.587219874189,1114.4615577375912,1277.1179751890047,1054.715109047897,539.5631435878237
1637,raspberrypi,542.0,2023-08-09,16:55:01,Whole,985.4779136851544,,3.2341218300762624,,3138.25,1517.75,3.2341218300762624,0,1,1,,0.0,0.9864864864864865,,0.0,0.0,0.0,1267.488638502298,,,879.7367237168933,456.153259863009,1267.488638502298,1637.0946616738663,1513.277422513789,502.39718598134834
1638,raspberrypi,683.0,2023-08-09,16:55:01,Whole,2029.2042365027257,,9.12655139366279,,876.25,309.0,9.12655139366279,0,1,1,,0.0,1.0,,0.0,0.0,0.0,1961.7529995070051,,,1054.8144674029909,2183.37253796768,1961.7529995070051,1701.4809910191816,1214.782731394538,1400.9010020674414
1639,raspberrypi,304.0,2023-08-09,18:40:01,Whole,634.3276227391896,0.0,,,1987.75,1771.9107142857142,,0,0,7,0.0,0.0,1.0,,0.0,0.0,0.0,791.7940888864912,,,674.3481971980951,1241.4739547263794,791.7940888864912,511.0643729227076,370.22384089580225,443.56467897448937
1640,raspberrypi,308.0,2023-08-09,18:40:01,Whole,684.3991039692431,1.0,4.612457055377448,45.312587470066134,2688.4375,801.1875,3.9542208091411175,1,4,6,122.58838902347419,0.15,0.7,,0.15,0.15,0.0,1315.0457019237792,,,250.37795885000375,568.920592887628,1315.0457019237792,1640.8192382603595,1386.7484132427594,321.44816375666124
1641,raspberrypi,311.0,2023-08-09,18:40:01,Whole,807.2968716823239,1.0,3.451802156989368,6.189709201569974,3200.375,1030.75,2.949383504837619,0,2,4,,0.2,0.8,,0.0,0.2,0.0,1385.0352267826372,,,724.1770118941083,379.0825145731102,1385.0352267826372,1882.6562191027776,1756.015426226093,129.77742738595543
1642,raspberrypi,317.0,2023-08-09,18:40:01,Whole,1090.880511658922,,,,3360.75,1966.5,,0,0,1,,0.0,0.95,,0.0,0.0,0.0,1453.2101756390125,,,1343.3321806265296,732.9102781691813,1453.2101756390125,1788.5406936023148,1635.6119996474351,371.27335008947523
1643,raspberrypi,319.0,2023-08-09,18:40:01,Whole,649.2896511834281,,4.466215123789493,,3073.75,1564.5,2.949383504837619,0,2,1,,0.0,0.95,,0.0,0.0,0.0,1222.7974442699858,,,859.1367579132182,478.40734388025953,1222.7974442699858,1563.2959441014455,1436.9025259429684,434.3756934396405
1644,raspberrypi,470.0,2023-08-09,18:40:01,Whole,1555.3290176735052,,,,2174.25,2878.25,,0,0,1,,0.0,1.0,,0.0,0.0,0.0,1320.922772357135,,,1762.929231832857,1882.5454097958846,1320.922772357135,1025.0110348405187,695.7747497426295,678.8415582853281
1645,raspberrypi,683.0,2023-08-09,18:40:01,Whole,1894.8063566652127,,8.143155347102754,,876.25,311.0,8.143155347102754,0,1,1,,0.0,1.0,,0.0,0.0,0.0,1960.3109156347502,,,1054.1266792456297,2182.8475427328804,1960.3109156347502,1699.6072424325293,1212.9523459873749,1399.0158124023035
1646,raspberrypi,818.0,2023-08-09,18:40:01,Whole,857.5768965919817,,0.36940532252455427,,2658.0,666.875,0.36940532252455427,1,1,2,,0.05,0.9,,0.05,0.05,0.0,1433.4749671792404,,,355.46848721840547,661.9228320885725,1433.4749671792404,1757.7675509548656,1479.6701283049297,453.44046792090114
1647,raspberrypi,987.0,2023-08-09,18:40:01,Whole,1954.7107460217903,,,,1418.0,3002.75,,0,0,1,,0.0,1.0,,0.0,0.0,0.0,1464.3480537577805,,,2013.3498967241399,2423.276491867572,1464.3480537577805,921.8412161186792,651.7646949834617,648.735010427544
1648,raspberrypi,17.0,2023-08-10,03:30:01,Whole,557.195286605265,,,,3275.75,1464.5,,0,0,1,,0.0,0.9767441860465116,,0.0,0.0,0.0,1365.0669442771728,,,963.0798214893571,438.438679690894,1365.0669442771728,1782.319590006683,1660.6915266851443,536.9686724604092
1649,raspberrypi,306.0,2023-08-10,03:30:01,Whole,1169.951975284346,1.0,7.4017871886500375,41.506269820204714,3134.875,2083.84375,7.4017871886500375,0,2,8,103.73657654775667,0.18604651162790697,0.813953488372093,,0.0,0.18604651162790697,0.0,1304.789027298297,,,1284.585520234001,826.6431521317984,1304.789027298297,1567.1243685341817,1395.5253041202154,133.3716205516052
1650,raspberrypi,314.0,2023-08-10,03:30:01,Whole,297.59689427206865,0.7941176470588235,7.4017871886500375,5.319965089603543,3197.6071428571427,619.1535714285715,7.4017871886500375,0,2,35,24.712785696500493,0.813953488372093,0.18604651162790697,,0.0,0.813953488372093,0.0,1532.9104756848033,,,706.0699672774795,383.46367155485757,1532.9104756848033,2108.105495550292,1871.2446911175775,3.5321132555825585
1651,raspberrypi,524.0,2023-08-10,03:30:01,Whole,497.8656904712924,,,,2981.25,1370.0,,0,0,1,,0.0,0.9767441860465116,,0.0,0.0,0.0,1192.1679911295598,,,665.5898385386874,412.63461693125964,1192.1679911295598,1539.5097737382118,1427.894412313742,427.90924718333315
1652,raspberrypi,106.0,2023-08-10,10:05:01,Whole,2016.3671509249089,,,,1411.0,3004.75,,0,0,1,,0.0,1.0,,0.0,0.0,0.0,1468.3060331651636,,,2017.5140424098745,2429.3783845093994,1468.3060331651636,924.5012227583883,654.3312200703037,651.2981638373908
1653,raspberrypi,250.0,2023-08-10,10:05:01,Whole,722.5769596783318,,,,2430.5,1116.0,,0,0,1,,0.0,0.9545454545454546,,0.045454545454545456,0.0,0.0,1076.5791279877308,,,87.56400058897168,697.4906041896293,1076.5791279877308,1212.5221053576497,982.4394469068886,598.0091685242298
1654,raspberrypi,305.0,2023-08-10,10:05:01,Whole,714.4037510011382,1.0,3.8748049809185385,23.090799033381245,3253.875,1030.125,2.5252513780810415,0,10,6,1.8254241346814213e-26,0.2727272727272727,0.7272727272727273,,0.0,0.2727272727272727,0.0,1415.4411942361137,,,776.5878929753518,379.5835563151023,1415.4411942361137,1928.3270115791613,1791.8850787208762,133.91926026642915
1655,raspberrypi,306.0,2023-08-10,10:05:01,Whole,1973.8653429082487,,,,1002.0,2161.25,,0,0,1,,0.0,1.0,,0.0,0.0,0.0,1136.2360249623864,,,1478.6802565503172,2245.1433359555986,1136.2360249623864,485.98576710666543,331.8250005559541,340.4971367013762
1656,raspberrypi,309.0,2023-08-10,10:05:01,Whole,765.4351180177349,,,,2174.75,1868.5,,0,0,1,,0.0,1.0,,0.0,0.0,0.0,832.8742305870481,,,753.1791514274332,1144.4220681137529,832.8742305870481,646.526434608648,487.9329991510662,505.91208803745167
1657,raspberrypi,310.0,2023-08-10,10:05:01,Whole,524.0462322872742,1.0,3.720149596964524,71.89246599769449,2929.2375,1144.2625,4.561642743481297,0,14,10,1646.6262493666359,0.13636363636363635,0.5454545454545454,,0.0,0.13636363636363635,0.0,1219.4223908118029,,,509.4850454849976,419.595561650171,1219.4223908118029,1595.5152330290382,1505.8627335535884,245.45050400540075
1658,raspberrypi,311.0,2023-08-10,10:05:01,Whole,535.1743061428002,0.35714285714285715,5.207016789854947,8.57403879831968,3259.425,2061.883333333333,5.156828807468237,0,16,15,12.770391096619809,0.0,0.3181818181818182,,0.0,0.0,0.0,1393.8637175631336,,,1344.6629797191842,806.6821789730427,1393.8637175631336,1688.6848634190344,1519.2633772599877,253.29158728194992
1659,raspberrypi,432.0,2023-08-10,10:05:01,Whole,1124.804811500098,,,,2508.5,2707.0,,0,0,1,,0.0,1.0,,0.0,0.0,0.0,1287.2352354774089,,,1620.287257308691,1583.9854670340326,1287.2352354774089,1155.3884576619414,857.4648373677619,585.8368823283027
1660,raspberrypi,931.0,2023-08-10,10:05:01,Whole,2063.242848001426,,,,876.5,2004.25,,0,0,1,,0.0,1.0,,0.0,0.0,0.0,1217.5259020763172,,,1451.6959049075683,2291.3355063072427,1217.5259020763172,576.815118418728,447.43605716081913,446.4220926860843
1661,raspberrypi,970.0,2023-08-10,10:05:01,Whole,451.13191758716897,,,,2477.5,1528.75,,0,0,1,,0.0,1.0,,0.0,0.0,0.0,954.8463160037238,,,472.3854035929806,760.2395937640563,954.8463160037238,1025.6499076366897,910.9668810932669,535.4447116947333
1662,raspberrypi,17.0,2023-08-09,23:25:01,Whole,647.3519558166905,,,,2435.75,1057.0,,0,0,1,,0.0,0.9821428571428571,,0.017857142857142856,0.0,0.0,1104.1995790350447,,,46.22339551647502,688.4344463929061,1104.1995790350447,1255.8396351741076,1010.616197115992,571.7763553619017
1663,raspberrypi,305.0,2023-08-09,23:25:01,Whole,187.3275840499529,0.8867924528301887,9.426090082187905,8.18321215496484,3209.925925925926,1093.9050925925926,5.740738455016594,0,6,54,30.180989713750787,0.7857142857142857,0.05357142857142857,,0.0,0.7857142857142857,0.0,1373.7347361945517,,,749.8914648235711,373.5834252558213,1373.7347361945517,1860.367648117756,1721.9910228025988,159.60675082047982
1664,raspberrypi,308.0,2023-08-09,23:25:01,Whole,851.7845574497333,,5.740738455016594,,2948.75,2048.375,5.740738455016594,0,1,2,,0.03571428571428571,0.9642857142857143,,0.0,0.03571428571428571,0.0,1167.3145181129871,,,1154.8948588626681,829.4073875718742,1167.3145181129871,1383.1654093454144,1216.555996432513,32.20813826864614
1665,raspberrypi,313.0,2023-08-09,23:25:01,Whole,2555.337798684389,,7.015132329594432,,1036.75,2762.25,0.056041649489086146,1,2,1,,0.0,1.0,,0.0,0.0,0.0,1446.687605060152,,,1951.6385715472925,2536.1332386294966,1446.687605060152,819.2584032755248,573.4928636834042,569.3643784893828
1666,raspberrypi,316.0,2023-08-09,23:25:01,Whole,2724.622951730176,,14.898907039395196,,795.0,2714.75,14.898907039395196,0,1,1,,0.0,1.0,,0.0,0.0,0.0,1581.5691606882244,,,2042.6828782170696,2698.5908509397223,1581.5691606882244,933.7895734353702,724.8230951050316,719.8003378628036
1667,raspberrypi,319.0,2023-08-09,23:25:01,Whole,493.8126565615137,,3.2600302292911825,,3114.75,1699.5,3.2600302292911825,0,1,1,,0.0,0.9821428571428571,,0.0,0.0,0.0,1244.2113933862875,,,980.7068918188104,546.337033680522,1244.2113933862875,1572.9032445612766,1438.2078155544093,330.46683739110154
1668,raspberrypi,463.0,2023-08-09,23:25:01,Whole,815.8862186829675,,4.753172279859103,,2387.25,754.25,4.753172279859103,0,1,1,,0.0,0.9821428571428571,,0.017857142857142856,0.0,0.0,1263.7311841106662,,,0.0,732.8872313560021,1263.7311841106662,1448.9793859170065,1128.3964557066047,586.3937175243365
1669,raspberrypi,888.0,2023-08-09,23:25:01,Whole,2546.7777901024997,,6.992755564677335,,1039.5,2751.75,0.056041649489086146,1,2,1,,0.0,1.0,,0.0,0.0,0.0,1437.2967297834757,,,1941.1698621064766,2527.611910386192,1437.2967297834757,809.2027301794266,563.788434191875,559.6381736777658
1670,raspberrypi,31.0,2023-08-09,18:00:01,Whole,149.82919373210075,1.0,3.290423242182409,14.120286824282289,2963.875,2275.0,0.7375611829736366,6,34,6,6.66587464911755e-26,0.07894736842105263,0.9210526315789473,,0.0,0.07894736842105263,0.0,1253.9413626168205,,,1355.5614620576407,1038.544991596617,1253.9413626168205,1419.1030337631971,1210.7750099970297,72.56665858455591
1671,raspberrypi,158.0,2023-08-09,18:00:01,Whole,1750.0532206118257,,11.134074263933108,,1135.5,2783.25,9.194334490790979,0,6,1,,0.0,1.0,,0.0,0.0,0.0,1403.8451838691824,,,1922.574365595542,2474.1804510373904,1403.8451838691824,788.9810413514498,530.6944072651771,526.9513328254793
1672,raspberrypi,307.0,2023-08-09,18:00:01,Whole,770.0192102337388,1.0,6.525181419001244,84.52461926564509,2401.279929577465,2479.7218309859154,1.7963464850549187,13,345,71,4062.015899659546,0.19736842105263158,0.07894736842105263,,0.0,0.19736842105263158,0.0,1330.8040266895998,,,1588.2035257740097,1555.7513741713965,1330.8040266895998,1213.859999716715,1080.3488585637008,288.2771668920492
1673,raspberrypi,309.0,2023-08-09,18:00:01,Whole,223.87186693508346,1.0,4.764273142579055,48.00679685616716,2931.4302325581393,2337.0232558139537,1.4429571204291805,3,235,43,756.8134336676322,0.34210526315789475,0.4473684210526316,,0.0,0.34210526315789475,0.0,1276.8924547440229,,,1401.6780392271608,1124.5439150461032,1276.8924547440229,1402.354375397758,1174.843104052603,164.27970387833577
1674,raspberrypi,310.0,2023-08-09,18:00:01,Whole,605.9576877200192,0.4266666666666667,5.620666719024603,14.093955415290505,3187.2730263157896,2760.845394736842,1.727146857682341,8,362,76,100.59745955103259,0.0,0.5789473684210527,,0.0,0.0,0.0,1665.5357881302202,,,1891.5124637855984,1503.4982207089106,1665.5357881302202,1774.8685464617113,1545.952684112228,610.7939018688444
1675,raspberrypi,311.0,2023-08-09,18:00:01,Whole,338.3749011652797,1.0,3.988193744954971,32.73549409539074,3144.550531914894,2277.8617021276596,1.1174460487645554,15,249,47,434.9286651866374,0.27631578947368424,0.39473684210526316,,0.0,0.27631578947368424,0.0,1381.3189289024124,,,1450.6805600892303,1021.6427463939215,1381.3189289024124,1597.170624217428,1399.1479921158596,203.2376201066775
1676,raspberrypi,313.0,2023-08-09,18:00:01,Whole,339.94823947065163,1.0,4.309699454787839,78.29731718532639,2520.6458333333335,2298.9895833333335,2.6139063817274493,0,89,12,3414.9987587384303,0.02631578947368421,0.8552631578947368,,0.0,0.02631578947368421,0.0,1065.963443336223,,,1224.7256063984573,1230.8101079302035,1065.963443336223,1012.0729187013058,827.7908711814005,310.7417439238552
1677,raspberrypi,314.0,2023-08-09,18:00:01,Whole,308.84741670362814,1.0,3.2981981816350245,11.293884982109159,3035.121710526316,2075.3322368421054,1.1075796474242179,14,211,38,136.536999844525,0.5,0.5,,0.0,0.5,0.0,1226.9775816950116,,,1220.2101378773457,831.4092636080359,1226.9775816950116,1467.7351074677774,1298.1786263602048,33.035490275415256
1678,raspberrypi,316.0,2023-08-09,18:00:01,Whole,614.3583167547846,1.0,4.967786126173427,52.420395399834156,2959.6892361111113,2542.6579861111113,1.3153014149597706,10,349,72,2882.7494812057435,0.0,0.06578947368421052,,0.0,0.0,0.0,1485.5369225131521,,,1664.235324651728,1341.5088669016577,1485.5369225131521,1565.9132127544851,1374.6936154738037,452.70149804430844
1679,raspberrypi,317.0,2023-08-09,18:00:01,Whole,1537.177169736048,1.0,9.029452893218668,55.671610094723135,2791.325,772.9375,4.93302037709787,0,69,10,720.5702593713078,0.013157894736842105,0.868421052631579,,0.02631578947368421,0.013157894736842105,0.0,1371.8858672227836,,,359.86552981507896,523.1158696039196,1371.8858672227836,1732.742817660159,1529.0335266054526,324.70695223233906
1680,raspberrypi,319.0,2023-08-09,18:00:01,Whole,954.540508584876,0.9285714285714286,5.323899428742951,50.348725697982296,2250.967672413793,1548.2112068965516,4.8349881403361366,1,287,58,2344.674925873746,0.0,0.3026315789473684,,0.039473684210526314,0.0,0.0,918.0685337908454,,,480.0474412050713,962.2832412654362,918.0685337908454,853.8427261104094,689.1290185233361,520.4728617873116
1681,raspberrypi,441.0,2023-08-09,18:00:01,Whole,347.0859247060795,,4.90274415966797,,3065.5,2051.25,0.8201622989988024,1,6,1,,0.013157894736842105,0.9868421052631579,,0.0,0.013157894736842105,0.0,1243.211802334929,,,1217.4501488347933,802.4946786036483,1243.211802334929,1496.7747499411882,1330.294333734921,64.33799616989313
1682,raspberrypi,447.0,2023-08-09,18:00:01,Whole,683.0416710380913,,4.329419232599601,,2372.25,1771.5,0.30381186105052504,1,8,1,,0.0,1.0,,0.0,0.0,0.0,891.4500191253208,,,675.580648184836,947.8259095731886,891.4500191253208,849.8325358135338,706.8978849016959,454.6370591453434
1683,raspberrypi,533.0,2023-08-09,18:00:01,Whole,338.483634263848,,2.657434268662126,,2745.75,1960.25,1.5891687762479552,0,6,1,,0.013157894736842105,0.9868421052631579,,0.0,0.013157894736842105,0.0,1033.572105405129,,,975.962261064735,836.4021283084144,1033.572105405129,1182.7240166183303,1030.1577968745178,36.60693542146164
1684,raspberrypi,812.0,2023-08-09,18:00:01,Whole,1437.2107897979763,,7.22217488726405,,2176.5,1004.0,3.362074046701003,0,4,1,,0.0,0.9868421052631579,,0.013157894736842105,0.0,0.0,1102.3183383095618,,,0.0,892.5725405994219,1102.3183383095618,1127.9090485434324,810.3910234677617,809.3437669502815
1685,raspberrypi,250.0,2023-08-10,04:35:02,Whole,944.5803099413305,1.0,5.216819315510142,794.7120744332503,2324.125,929.375,5.216819315510142,0,1,3,0.0,0.0,0.9538461538461539,,0.015384615384615385,0.0,0.0,1285.4940045158949,,,310.8176472594739,864.4740849425636,1285.4940045158949,1414.123379561149,974.5872373902391,651.7636293278723
1686,raspberrypi,300.0,2023-08-10,04:35:02,Whole,786.7915222112773,1.0,5.015090147442701,2.503855052405548,2584.6875,921.8125,5.216819315510142,0,3,12,7.518830502887769e-30,0.0,0.8153846153846154,,0.16923076923076924,0.0,0.0,1220.5888127086187,,,122.1430569064624,599.3072492471289,1220.5888127086187,1475.6990830689401,1212.7053045834978,415.01141333698644
1687,raspberrypi,306.0,2023-08-10,04:35:02,Whole,956.517868152549,,,,3189.5,795.5,,0,0,1,,0.015384615384615385,0.9846153846153847,,0.0,0.015384615384615385,0.0,1441.4607376502909,,,684.4058954226016,374.24624097212705,1441.4607376502909,1996.6676559440177,1806.2722001232632,0.0
1688,raspberrypi,307.0,2023-08-10,04:35:02,Whole,510.04869695451,0.5,5.663507791000539,3.567979299722177,3191.8108974358975,1959.429487179487,12.249052072621797,0,16,39,2.4292538556399257,0.0,0.4,,0.0,0.0,0.0,1319.9525293320803,,,1222.8713990495803,700.5851446139851,1319.9525293320803,1621.614200170693,1469.9405825303754,211.99299077026203
1689,raspberrypi,314.0,2023-08-10,04:35:02,Whole,1662.1243584069537,1.0,10.203135167256786,39.3744670297246,2047.86875,1804.80625,13.054730801242025,0,11,20,243.9398851190618,0.13846153846153847,0.7076923076923077,,0.0,0.13846153846153847,0.0,1594.8627948631552,,,1463.6102759870193,1592.276715213861,1594.8627948631552,1549.80199138278,1346.5724168220718,576.9736784394289
1690,raspberrypi,319.0,2023-08-10,04:35:02,Whole,658.7230983866509,,,,3360.75,1969.0,,0,0,1,,0.0,0.9846153846153847,,0.0,0.0,0.0,1453.679470063439,,,1345.097569295913,735.2905777980562,1453.679470063439,1788.4908766507676,1635.1667828628324,370.64843037137666
1691,raspberrypi,384.0,2023-08-10,04:35:02,Whole,832.3636413453203,1.0,6.6120531364524435,4.670385423067351,2556.25,857.625,6.6120531364524435,0,2,2,,0.0,0.9692307692307692,,0.03076923076923077,0.0,0.0,1224.1750367616953,,,57.809645383820424,598.9460166791928,1224.1750367616953,1478.6599084597158,1209.7810921295504,413.9833480850818
1692,raspberrypi,542.0,2023-08-10,04:35:02,Whole,640.2699466122523,,8.059993248176324,,3419.5,1660.25,1.9436196564118124,0,2,1,,0.0,0.9846153846153847,,0.0,0.0,0.0,1468.4716916651453,,,1190.9307304525714,550.247413575666,1468.4716916651453,1876.309914372021,1743.8859539920138,564.9840223224804
1693,raspberrypi,666.0,2023-08-10,04:35:02,Whole,843.6311276469452,,,,3276.75,978.25,,0,0,1,,0.015384615384615385,0.9846153846153847,,0.0,0.015384615384615385,0.0,1442.6118455590695,,,788.284571957859,384.4803216457518,1442.6118455590695,1973.0527530322954,1827.9686935327784,113.12088751124527
1694,raspberrypi,736.0,2023-08-10,04:35:02,Whole,935.6495170155771,,6.224952704651352,,3046.0,762.75,6.224952704651352,0,1,1,,0.015384615384615385,0.9846153846153847,,0.0,0.015384615384615385,0.0,1390.1815368198513,,,541.1686207624168,373.6355953981365,1390.1815368198513,1901.7116845251196,1688.026382998994,0.0
1695,raspberrypi,987.0,2023-08-10,04:35:02,Whole,355.17069842089165,,3.2217793207787078,,2985.25,1370.25,3.2217793207787078,0,1,1,,0.0,0.9846153846153847,,0.0,0.0,0.0,1194.2510377478086,,,668.9771761840857,411.1524158240484,1194.2510377478086,1543.0528650517315,1431.3433128088943,427.3600914634212
1696,raspberrypi,995.0,2023-08-10,04:35:02,Whole,475.9614863227562,,1.9197023757813876,,2859.25,2128.75,1.9197023757813876,0,1,1,,0.015384615384615385,0.9846153846153847,,0.0,0.015384615384615385,0.0,1130.8034433425555,,,1177.3807617411592,930.2061609372904,1130.8034433425555,1297.9812245674811,1115.2005157061878,0.0
1697,raspberrypi,31.0,2023-08-10,05:30:01,Whole,1157.974932495308,,5.255025422417535,,2900.25,507.75,5.255025422417535,0,1,1,,0.0,0.9852941176470589,,0.0,0.0,0.0,1507.7189126510555,,,446.67134196523904,436.920495037311,1507.7189126510555,1964.472619694761,1687.9316701426997,252.60044579390825
1698,raspberrypi,190.0,2023-08-10,05:30:01,Whole,311.25030526274077,,1.9827952891729503,,3117.25,1673.5,1.9827952891729503,0,1,1,,0.0,0.9852941176470589,,0.0,0.0,0.0,1246.192632312188,,,964.5285525353595,533.3938081787952,1246.192632312188,1580.2046206791417,1447.002700207506,354.1225761882846
1699,raspberrypi,306.0,2023-08-10,05:30:01,Whole,150.39450461508258,0.0,3.880080472828456,,2767.34375,1516.6171875,3.132970316795835,0,20,64,0.06276736935867648,0.0,0.058823529411764705,,0.0,0.0,0.0,1064.5519226291017,,,610.7710495956915,560.6842330960653,1064.5519226291017,1290.8951887645842,1171.1275940916223,432.78562183195584
1700,raspberrypi,317.0,2023-08-10,05:30:01,Whole,775.0751529226322,0.75,4.352327370033849,34.844994060999795,3157.5416666666665,2351.875,4.123475707568747,0,3,6,271.278206697309,0.029411764705882353,0.9264705882352942,,0.0,0.029411764705882353,0.0,1423.2332121489867,,,1519.3634522473214,1092.558508614731,1423.2332121489867,1623.9833033075874,1400.3126909014845,270.89037895281325
1701,raspberrypi,485.0,2023-08-10,05:30:01,Whole,1750.0710033397772,,,,1455.75,2775.0,,0,0,1,,0.0,1.0,,0.0,0.0,0.0,1254.813676495446,,,1785.9719076984516,2236.352091234441,1254.813676495446,694.0852306700159,422.165153996991,419.1456355974629
1702,raspberrypi,714.0,2023-08-10,05:30:01,Whole,682.5425173844578,,4.279734950018908,,3150.5,2251.25,4.279734950018908,0,1,1,,0.014705882352941176,0.9852941176470589,,0.0,0.014705882352941176,0.0,1372.3731110341914,,,1430.5326440341437,992.1297934037954,1372.3731110341914,1597.4895441654373,1397.6150060460263,187.19275905067994
1703,raspberrypi,818.0,2023-08-10,05:30:01,Whole,436.63202597911487,1.0,3.0199679776186903,19.57613870536195,2869.5,2090.403846153846,3.0362273058921283,0,13,13,6.114744866293943e-26,0.19117647058823528,0.8088235294117647,,0.0,0.19117647058823528,0.0,1126.2090005912019,,,1148.6381291229284,894.4329066776638,1126.2090005912019,1305.6846938007404,1127.0328815435366,0.0
1704,raspberrypi,997.0,2023-08-10,05:30:01,Whole,984.9520702303993,,4.390631827708803,,2964.5,689.75,4.390631827708803,0,1,1,,0.014705882352941176,0.9852941176470589,,0.0,0.014705882352941176,0.0,1402.9512840423,,,465.20027663170305,390.02736573395293,1402.9512840423,1885.7122192200477,1647.997127778588,67.20294539195557
1705,raspberrypi,250.0,2023-08-10,06:05:01,Whole,692.1748769754101,,3.365933823955073,,2985.0,1370.75,2.775365798396875,0,3,1,,0.0,0.9873417721518988,,0.0,0.0,0.0,1194.0370218483506,,,669.0672632454516,411.3101357134402,1194.0370218483506,1542.635816522865,1430.8935593229148,427.8992643256771
1706,raspberrypi,306.0,2023-08-10,06:05:01,Whole,692.030317426616,0.11842105263157894,3.9313987527189833,11.096552861444248,2763.9334415584417,883.4107142857143,3.2660368130436854,0,105,77,18.397233572303158,0.12658227848101267,0.8481012658227848,,0.0,0.12658227848101267,0.0,1252.8149999212715,,,266.84843892667595,471.0830181807067,1252.8149999212715,1610.1458827700328,1375.9300547355958,216.07528080828683
1707,raspberrypi,307.0,2023-08-10,06:05:01,Whole,676.3070584656571,0.6923076923076923,3.9843292865980153,7.0853105335456075,2471.8958333333335,759.7569444444445,1.7644670519978136,0,38,18,51.63149756032622,0.0,0.7848101265822784,,0.21518987341772153,0.0,0.0,1278.427823657594,,,31.261607151929045,676.5469880750937,1278.427823657594,1504.1137660333206,1208.8553651413163,519.9755186375394
1708,raspberrypi,310.0,2023-08-10,06:05:01,Whole,1257.540527062238,1.0,7.663653949391248,126.96962102320005,1697.7817164179105,2229.291044776119,9.210132856794205,0,96,67,10730.76038961583,0.20253164556962025,0.1518987341772152,,0.0,0.20253164556962025,0.10126582278481013,1206.1657212495418,,,1348.728178022198,1786.2223246650203,1206.1657212495418,862.8723733588713,651.0496221152921,462.04265439442634
1709,raspberrypi,316.0,2023-08-10,06:05:01,Whole,282.6807605439796,1.0,5.1750183060913635,9.905837414684298,2246.9583333333335,1115.7261904761904,2.847287373167377,0,35,21,63.661573208772566,0.0,0.7341772151898734,,0.26582278481012656,0.0,0.0,1050.622864287489,,,23.011968786563397,842.6660433020722,1050.622864287489,1086.9197511510138,849.5738133878683,751.9919699387145
1710,raspberrypi,470.0,2023-08-10,06:05:01,Whole,692.1748769754101,,5.247745537732847,,2985.0,1370.75,2.777706099679582,0,3,1,,0.0,0.9873417721518988,,0.0,0.0,0.0,1194.0370218483506,,,669.0672632454516,411.3101357134402,1194.0370218483506,1542.635816522865,1430.8935593229148,427.8992643256771
1711,raspberrypi,145.0,2023-08-10,07:15:01,Whole,725.0569028444329,,4.214309802207394,,2173.25,1002.5,1.668171787506807,0,5,1,,0.0,0.9868421052631579,,0.013157894736842105,0.0,0.0,1102.9855294609633,,,0.0,895.261231967145,1102.9855294609633,1127.235613606627,808.5603650447454,812.2600010254712
1712,raspberrypi,250.0,2023-08-10,07:15:01,Whole,1438.271993457772,,8.33436857006463,,1662.25,488.25,6.035796530344169,0,4,1,,0.0,1.0,,0.0,0.0,0.0,1507.7186725228983,,,264.10262329930566,1411.9966906740592,1507.7186725228983,1425.1328137086873,952.5628561442684,1132.49967196561
1713,raspberrypi,305.0,2023-08-10,07:15:01,Whole,335.1329204689887,0.0,4.437030358519222,,2701.6944444444443,1692.5416666666667,2.6148430954402,0,61,27,0.026445633093528997,0.0,1.0,,0.0,0.0,0.0,1014.6095895563394,,,718.7575820115682,682.4405547767929,1014.6095895563394,1177.9060761979613,1042.3256492146672,280.2605816060507
1714,raspberrypi,306.0,2023-08-10,07:15:01,Whole,395.0482096215612,1.0,4.103513355107436,18.724648949473817,2927.0416666666665,1032.9374999999998,1.643754103926959,0,91,42,172.97431447672042,0.15789473684210525,0.4473684210526316,,0.0,0.15789473684210525,0.0,1269.8213808492378,,,492.8650857099966,418.2825997766273,1269.8213808492378,1663.0580653851164,1471.8354837622214,229.01714680822786
1715,raspberrypi,308.0,2023-08-10,07:15:01,Whole,537.3484007696775,,3.453367007978949,,2488.5,931.75,1.3474050419291157,0,5,1,,0.0,0.9868421052631579,,0.013157894736842105,0.0,0.0,1174.3006238381374,,,15.69119109245463,645.4195670957415,1174.3006238381374,1379.6691020897558,1114.235791968584,489.4833731376999
1716,raspberrypi,310.0,2023-08-10,07:15:01,Whole,488.5714416591959,0.8666666666666667,3.9837619692527144,7.177089612830328,2757.6875,884.921370967742,1.6524069746056083,0,99,62,26.93688475013587,0.0,0.3157894736842105,,0.0,0.0,0.0,1251.6559979660667,,,262.2607715597877,475.0018885321426,1251.6559979660667,1605.1503243918205,1376.7799583406627,214.33740295447663
1717,raspberrypi,314.0,2023-08-10,07:15:01,Whole,785.5948222762872,1.0,5.529624310464376,8.604439230151977,2876.078125,2151.7239583333335,2.835864073547172,0,100,48,56.53249915160074,0.631578947368421,0.3684210526315789,,0.0,0.631578947368421,0.0,1149.797008189602,,,1206.1297320640215,946.4228157678418,1149.797008189602,1317.0111016677188,1107.5612542646386,0.0
1718,raspberrypi,319.0,2023-08-10,07:15:01,Whole,527.2584011313032,1.0,3.6682009524056625,23.43608329051593,2816.0,1898.0,1.151458392268181,0,9,3,0.0,0.039473684210526314,0.9605263157894737,,0.0,0.039473684210526314,0.0,1062.38035934158,,,953.9518419267561,752.8906151005912,1062.38035934158,1255.2030809234045,1107.0949583110696,50.34869414994071
1719,raspberrypi,470.0,2023-08-10,07:15:01,Whole,187.56074681004142,,3.080711494969473,,2985.0,1370.5,2.7412461330477442,0,2,1,,0.0,0.9868421052631579,,0.0,0.0,0.0,1194.0775101492204,,,668.9208509243983,411.2782833905602,1194.0775101492204,1542.7306088872544,1431.0070534049994,427.65407923391126
1720,raspberrypi,524.0,2023-08-10,07:15:01,Whole,1396.8179498630914,,7.148606794736137,,1412.75,1187.75,7.148606794736137,0,1,1,,0.0,1.0,,0.0,0.0,0.0,1095.7113037148029,,,532.916297180665,1591.837308881088,1095.7113037148029,719.9488073923156,223.36044002194222,419.93697391072124
1721,raspberrypi,682.0,2023-08-10,07:15:01,Whole,555.6782142777308,,2.0265402647212327,,2517.75,891.25,2.0265402647212327,0,1,1,,0.0,0.9868421052631579,,0.013157894736842105,0.0,0.0,1200.0629480221007,,,28.465228715743933,624.9205025772931,1200.0629480221007,1428.4382409960992,1159.6068488706264,455.00310686317835
1722,raspberrypi,818.0,2023-08-10,07:15:01,Whole,592.3992600080805,1.0,3.984911279358222,17.507141400011598,2458.25,885.75,1.3858454438683712,0,8,2,,0.0,0.9736842105263158,,0.02631578947368421,0.0,0.0,1194.3725455117826,,,0.0,668.4439358676061,1194.3725455117826,1392.6465608571498,1111.2695658947669,513.7619114316166
1723,raspberrypi,66.0,2023-08-10,01:10:01,Whole,1193.3474942138075,,,,1282.5,1249.5,,0,0,1,,0.0,0.9411764705882353,,0.0,0.0,0.058823529411764705,1116.5334467195933,,,676.95328739722,1720.9301443460954,1116.5334467195933,682.8887745751781,190.39483172989992,384.21361794328425
1724,raspberrypi,111.0,2023-08-10,01:10:01,Whole,202.0303081683431,,1.3817190474461836,,2443.25,1059.25,1.3817190474461836,0,1,1,,0.0,0.9411764705882353,,0.058823529411764705,0.0,0.0,1104.4403435323663,,,53.05827354785339,683.0083208444216,1104.4403435323663,1259.6168996678978,1016.5058532760991,565.4352774177942
1725,raspberrypi,304.0,2023-08-10,01:10:01,Whole,598.5099248669079,,,,2915.75,1290.75,,0,0,2,,0.058823529411764705,0.8823529411764706,,0.0,0.058823529411764705,0.0,1193.8221097130631,,,652.099531905746,501.1545042835229,1193.8221097130631,1539.564852080863,1380.2443535862067,135.16660368191756
1726,raspberrypi,307.0,2023-08-10,01:10:01,Whole,1059.0667745324633,,,,3159.75,2067.25,,0,0,1,,0.058823529411764705,0.9411764705882353,,0.0,0.058823529411764705,0.0,1318.2557522364878,,,1286.1791026178607,808.5588039361772,1318.2557522364878,1590.3173129918757,1421.1509620848558,155.2213757539786
1727,raspberrypi,441.0,2023-08-10,01:10:01,Whole,715.7514909572208,,,,3185.25,1353.5,,0,0,1,,0.0,0.9411764705882353,,0.0,0.0,0.0,1314.6076700701478,,,828.7309603333238,376.518164321409,1314.6076700701478,1732.651734210304,1618.8210134360638,408.18789888288984
1728,raspberrypi,542.0,2023-08-10,01:10:01,Whole,744.3018475109134,0.0,,,3007.375,1779.625,,0,0,3,0.0,0.0,0.8235294117647058,,0.0,0.0,0.0,1173.1807486381745,,,966.3922891622856,586.5887815219683,1173.1807486381745,1455.480102107024,1315.8601518168343,209.98417094190572
1729,raspberrypi,941.0,2023-08-10,01:10:01,Whole,390.8326191624837,0.0,1.3817190474461836,,2182.25,1000.625,1.3817190474461836,0,1,9,0.0,0.0,0.47058823529411764,,0.5294117647058824,0.0,0.0,1104.50796613007,,,0.0,887.6559916178448,1104.50796613007,1133.899330324344,817.0425435961461,803.0686861571976
1730,raspberrypi,17.0,2023-08-09,23:00:01,Whole,1782.4674941584103,,9.356932776765875,,877.0,307.0,8.200815853125984,0,3,1,,0.0,1.0,,0.0,0.0,0.0,1962.784420868713,,,1054.8010963182023,2183.197624991118,1962.784420868713,1703.0957286960056,1216.312142122779,1402.5367012905886
1731,raspberrypi,300.0,2023-08-09,23:00:01,Whole,245.5929211315644,,,,2051.75,1386.0,,0,0,1,,0.0,1.0,,0.0,0.0,0.0,907.7114895592388,,,283.3515920453446,1051.7353562375213,907.7114895592388,766.7927828972796,539.2675812388861,583.8178120625761
1732,raspberrypi,305.0,2023-08-09,23:00:01,Whole,1007.4579828731892,1.0,5.495459856676434,6.082762530298219,2879.75,2231.0,5.262764430804335,0,4,2,,0.02702702702702703,0.972972972972973,,0.0,0.02702702702702703,0.0,1181.4837937602767,,,1278.0512831457636,1017.6997303392125,1181.4837937602767,1330.0517394346505,1127.5057016284945,8.367666922878072
1733,raspberrypi,306.0,2023-08-09,23:00:01,Whole,916.3884701010243,1.0,5.7832418847161255,38.07896717180662,2941.25,1916.59375,5.3724521069369935,0,12,4,103.5977636927113,0.05405405405405406,0.9459459459459459,,0.0,0.05405405405405406,0.0,1135.5250005804505,,,1036.1933805887388,713.0219916172689,1135.5250005804505,1376.6513298426682,1225.401447836498,59.53235699334054
1734,raspberrypi,310.0,2023-08-09,23:00:01,Whole,369.3299516210668,0.0,5.317652863122333,,1897.9323770491803,1957.3831967213114,0.5135122087809273,60,124,61,0.01714592893607344,0.0,1.0,,0.0,0.0,0.0,766.8250280145259,,,874.5486206336176,1403.5162783811866,766.8250280145259,386.2592049606108,197.5116196099625,243.4884689814942
1735,raspberrypi,314.0,2023-08-09,23:00:01,Whole,844.3907585474759,0.6785714285714286,5.6425132574608154,8.026276644998262,2392.3491379310344,850.7693965517242,6.307894759626392,2,118,58,33.35798997175613,0.0,0.21621621621621623,,0.7837837837837838,0.0,0.0,1206.4757926326158,,,0.0,720.4083882721843,1206.4757926326158,1377.0637721046132,1070.8339536978194,591.3274756101599
1736,raspberrypi,316.0,2023-08-09,23:00:01,Whole,439.06683271869974,0.0,5.590815974063023,,1799.9756944444443,1976.6614583333333,0.5204811537449047,60,136,72,0.07112055351565304,0.972972972972973,0.02702702702702703,,0.0,0.972972972972973,0.972972972972973,748.2434512292191,,,919.2199833974523,1490.8898616633305,748.2434512292191,303.9712597353535,100.40589678241473,174.39105870778232
1737,raspberrypi,319.0,2023-08-09,23:00:01,Whole,994.5564250198086,1.0,6.366831897307598,23.751050177820193,3009.3928571428573,1958.7142857142858,5.688527903777329,0,22,7,24.656805207467347,0.0945945945945946,0.9054054054054054,,0.0,0.0945945945945946,0.0,1185.7575382868588,,,1109.5225339828883,727.8554003346738,1185.7575382868588,1441.8553729493951,1283.3067023272504,60.01347971516489
1738,raspberrypi,384.0,2023-08-09,23:00:01,Whole,244.0593559351057,,3.1749962766405884,,2052.25,1387.5,3.0478363294167115,0,2,1,,0.0,1.0,,0.0,0.0,0.0,907.1601807810492,,,284.7199195799155,1051.687794078565,907.1601807810492,766.1158292654833,539.4352793186722,583.6096053501772
1739,raspberrypi,666.0,2023-08-09,23:00:01,Whole,853.0741663815157,,4.9269149923700795,,2371.6666666666665,832.9166666666666,0.06906833949453767,2,9,3,,0.0,0.9594594594594594,,0.04054054054054054,0.0,0.0,1214.7152105691284,,,0.0,737.5430304447254,1214.7152105691284,1377.9790039764455,1071.442394677498,600.5837557874764
1740,raspberrypi,126.0,2023-08-09,19:35:01,Whole,1317.2379448646238,,7.168207720080685,,2182.0,1003.25,3.3420928407347685,0,6,1,,0.0,0.9875,,0.0125,0.0,0.0,1103.0331563284494,,,0.0,887.937060530453,1103.0331563284494,1131.6744408406166,815.3574849378522,803.8003378340179
1741,raspberrypi,300.0,2023-08-09,19:35:01,Whole,248.78948552417123,0.0,4.133304831872948,,2830.8,2238.4285714285716,0.6537236753181722,35,186,35,0.010900231204054995,0.4375,0.5625,,0.0,0.4375,0.0,1158.1073622182998,,,1263.990867917357,1039.862383618376,1158.1073622182998,1283.59895097382,1078.4153460307366,22.49951609280845
1742,raspberrypi,305.0,2023-08-09,19:35:01,Whole,705.3183778618032,0.0,5.545442948053275,,2080.3898026315787,2753.0838815789475,4.6961683037069095,0,365,76,0.050219373899765524,0.0,1.0,,0.0,0.0,0.0,1205.0810872241186,,,1640.0715294693102,1826.6867253183955,1205.0810872241186,869.7367339813912,539.8101809233694,522.5051940414362
1743,raspberrypi,306.0,2023-08-09,19:35:01,Whole,786.1265711764287,0.0,5.907001655031588,,3132.603125,2819.903125,2.7322343054158016,0,372,80,0.08328689762157697,0.0,1.0,,0.0,0.0,0.0,1666.9330379789815,,,1918.4185868544707,1560.019244852709,1666.9330379789815,1749.0588586051415,1476.0315782083146,641.1823949050814
1744,raspberrypi,307.0,2023-08-09,19:35:01,Whole,462.41952716483735,1.0,4.280220852494302,134.43832070337749,2418.6796875,1893.90625,1.6846255663872676,1,98,16,6253.273894416956,0.075,0.8,,0.0125,0.075,0.0,951.0850832594298,,,824.986293024527,1025.0203698457854,951.0850832594298,914.949317101194,810.5238884624332,228.31885743301478
1745,raspberrypi,309.0,2023-08-09,19:35:01,Whole,327.611702984773,0.0,4.140449142821041,,2898.5953125,2345.175,2.006512224975656,35,372,80,0.07380659153521656,1.0,0.0,,0.0,1.0,0.0,1248.9774073824938,,,1389.2641892433094,1120.590634388382,1248.9774073824938,1369.8556092204162,1147.2752641460843,123.54964062390934
1746,raspberrypi,310.0,2023-08-09,19:35:01,Whole,556.9476899651814,0.3116883116883117,4.34911674508967,6.133431847563924,2785.7195512820513,1739.9759615384614,2.6850874192902614,0,369,78,13.737759731991895,0.3125,0.025,,0.0,0.3125,0.0,1049.8557436277526,,,803.0324175197957,659.2571978816159,1049.8557436277526,1247.9302259186709,1105.3085901818936,198.42357668828745
1747,raspberrypi,314.0,2023-08-09,19:35:01,Whole,873.0581845322052,0.0,4.634875568529772,,1986.4609375,1620.3723958333333,1.8989873368220487,0,261,48,0.14334699782936056,0.0,1.0,,0.0,0.0,0.0,820.5128949001579,,,526.2462252773722,1179.8209077708425,820.5128949001579,578.5234316544672,466.2787200171875,454.55920527620793
1748,raspberrypi,316.0,2023-08-09,19:35:01,Whole,791.7421061998317,0.0,4.847717018978293,,1848.3939393939395,1962.189393939394,1.8914415389946924,1,186,33,0.07041184095794621,0.0,0.5875,,0.0,0.0,0.4125,756.6103826470106,,,891.5638524809385,1445.0164163347465,756.6103826470106,344.6904624784047,149.9345476931988,210.86976290551635
1749,raspberrypi,657.0,2023-08-09,19:35:01,Whole,968.5967916838003,,5.362857583862207,,2505.5,1913.25,2.430355197768959,0,11,2,,0.0,0.9875,,0.0125,0.0,0.0,1304.55319072563,,,905.6819492428651,1244.972765060324,1304.55319072563,1308.8555948835844,1005.6233612582203,706.369236151251
1750,raspberrypi,726.0,2023-08-09,19:35:01,Whole,1029.8787355401248,,5.746891497146833,,3117.75,1378.0,2.587035999953216,0,5,1,,0.0,0.9875,,0.0,0.0,0.0,1268.9850667080873,,,783.2326067905497,385.8045316681777,1268.9850667080873,1661.708698189689,1547.2452769785511,425.1211600403485
1751,raspberrypi,853.0,2023-08-09,19:35:01,Whole,337.4900088911599,,3.4545505910360492,,2288.5,2423.25,2.016236400015667,0,5,1,,0.0,1.0,,0.0,0.0,0.0,1034.5255048038146,,,1311.807756208751,1446.4992917821996,1034.5255048038146,827.1444626577298,552.0489746697336,516.4622810942991
1752,raspberrypi,987.0,2023-08-09,19:35:01,Whole,462.98225098773895,,3.0876705341781583,,2804.0,2664.75,1.7190347814645504,0,4,1,,0.0,1.0,,0.0,0.0,0.0,1385.3793482275532,,,1651.690974094541,1449.9913273990896,1385.3793482275532,1388.3529961055349,1114.512775554562,446.567798142524
1753,raspberrypi,103.0,2023-08-10,07:05:01,Whole,120.71101562344279,,2.5013127504733514,,2711.25,1145.0,1.2579597407160628,0,5,1,,0.0,1.0,,0.0,0.0,0.0,1134.2097376696051,,,315.35975504445963,512.7658274199009,1134.2097376696051,1411.3629979728005,1238.39629136925,371.305622744615
1754,raspberrypi,172.0,2023-08-10,07:05:01,Whole,720.3812705865341,,4.16119753072312,,3254.25,1763.75,2.5003704412403844,0,4,1,,0.0,0.9868421052631579,,0.0,0.0,0.0,1345.7684064330167,,,1126.3982685486044,584.3788782705727,1345.7684064330167,1698.9137267522153,1561.2369737704828,371.714505660589
1755,raspberrypi,250.0,2023-08-10,07:05:01,Whole,1324.0441747639964,,7.855695828293268,,1663.0,487.75,6.874041279392548,0,2,1,,0.0,1.0,,0.0,0.0,0.0,1507.920376943445,,,263.7050743706265,1411.449846603074,1507.920376943445,1425.7186488155885,953.2247578941531,1133.115416547579
1756,raspberrypi,304.0,2023-08-10,07:05:01,Whole,611.26592536886,1.0,3.7421937548774857,29.67427286703141,2746.839285714286,1861.892857142857,3.179717397758001,0,23,7,1092.6484747662043,0.06578947368421052,0.9210526315789473,,0.0,0.06578947368421052,0.0,1053.614109098593,,,906.032079965267,767.3863423354837,1053.614109098593,1207.169700671597,1112.9142478466265,161.82557892850943
1757,raspberrypi,306.0,2023-08-10,07:05:01,Whole,462.2201283400345,0.9848484848484849,3.4507813337329893,37.2308089883398,3083.8451492537315,1045.0130597014927,1.6590220405955185,7,149,67,649.1182778061075,0.3815789473684211,0.11842105263157894,,0.02631578947368421,0.3815789473684211,0.0,1336.6556224366109,,,632.0546322607998,391.55244375823327,1336.6556224366109,1786.6428416266215,1644.0097627862563,213.10439064592015
1758,raspberrypi,309.0,2023-08-10,07:05:01,Whole,560.8915045532744,1.0,4.555719286778552,8.0355648205302,2474.375,770.75,2.25503361373686,0,66,25,32.942790210785816,0.0,0.6710526315789473,,0.32894736842105265,0.0,0.0,1263.112084586856,,,12.03758263365238,665.2916026095132,1263.112084586856,1489.8222808170312,1230.0358902930773,470.8324559826751
1759,raspberrypi,310.0,2023-08-10,07:05:01,Whole,355.91760086745745,0.8043478260869565,3.6926837494900173,7.406527583468257,2907.744680851064,951.8670212765958,1.601588335385052,5,124,47,42.711401057001765,0.618421052631579,0.3815789473684211,,0.0,0.618421052631579,0.0,1265.0787878532044,,,421.97208435146416,410.62060120866954,1265.0787878532044,1679.661494551289,1471.151277181523,115.80497501902234
1760,raspberrypi,316.0,2023-08-10,07:05:01,Whole,661.5147057723118,0.41818181818181815,5.212261006702479,11.547495352083647,2203.2412280701756,1650.5219298245613,5.32106622552757,0,110,57,50.5516603069921,0.0,0.6973684210526315,,0.0,0.0,0.0,858.9564256585685,,,539.3670215905308,1018.0163717222183,858.9564256585685,739.9027094968806,640.711176894144,578.10290258257
1761,raspberrypi,319.0,2023-08-10,07:05:01,Whole,928.6066638072366,1.0,4.574826508036384,10.349661972703156,3030.3382352941176,2143.705882352941,5.045399287887205,1,44,17,7.216872611743454,0.2236842105263158,0.7763157894736842,,0.0,0.2236842105263158,0.0,1244.9341395554168,,,1275.0560490549342,898.7131095348637,1244.9341395554168,1467.5102647654078,1293.7908671119171,40.3304783636614
1762,raspberrypi,389.0,2023-08-10,07:05:01,Whole,605.965896582971,,3.1580206586490527,,3310.5,1069.5,0.09268547640962536,1,2,1,,0.0,1.0,,0.0,0.0,0.0,1445.165985757872,,,840.2599545687713,390.03181116516794,1445.165985757872,1959.8138689687967,1837.0069055929973,200.45403326499496
1763,raspberrypi,447.0,2023-08-10,07:05:01,Whole,938.1829179091674,,3.801778298734255,,3082.0,2135.25,0.20824517217130042,1,3,1,,0.013157894736842105,0.9868421052631579,,0.0,0.013157894736842105,0.0,1279.3687214000713,,,1296.02655589463,882.2372444183817,1279.3687214000713,1517.4156119497586,1335.8920644009502,80.61633761826201
1764,raspberrypi,987.0,2023-08-10,07:05:01,Whole,175.0770491279155,,2.081539900289167,,2910.75,1277.75,0.6030740765759474,1,4,1,,0.0,0.9868421052631579,,0.0,0.0,0.0,1174.568485520502,,,554.9892312798827,429.3002421372588,1174.568485520502,1514.3040930006748,1403.5065563205417,359.8370926794356
1765,raspberrypi,106.0,2023-08-09,17:45:01,Whole,589.7408720170414,,6.372120940509336,,2752.25,2195.0,4.180144569035669,0,5,1,,0.012658227848101266,0.9873417721518988,,0.0,0.012658227848101266,0.0,1100.4206325927944,,,1193.0580456565926,1029.5652517727822,1100.4206325927944,1200.7178457352045,1002.1874430157852,30.58716587464616
1766,raspberrypi,307.0,2023-08-09,17:45:01,Whole,769.6716796123353,1.0,4.643356865390344,64.25258312086284,2992.096153846154,1064.7692307692307,1.4863636303161507,4,57,13,1018.0952851929384,0.12658227848101267,0.8354430379746836,,0.0,0.12658227848101267,0.0,1289.0999684919652,,,560.5230812203646,421.4307718557809,1289.0999684919652,1706.9135301323176,1495.04696524881,118.55695300399897
1767,raspberrypi,308.0,2023-08-09,17:45:01,Whole,723.6380566625254,1.0,5.68464545616177,12.395695507641426,3162.287878787879,2036.5151515151515,2.3261176913834456,0,107,33,96.38950383501573,0.4050632911392405,0.5822784810126582,,0.0,0.4050632911392405,0.0,1312.9253826725421,,,1263.5437898168796,778.1128357726068,1312.9253826725421,1592.1398736451163,1424.8219688950953,158.78271079084888
1768,raspberrypi,310.0,2023-08-09,17:45:01,Whole,476.19542235201936,0.9672131147540983,4.986034484295958,32.575317467015694,2594.0866935483873,2059.6028225806454,2.40756170706473,0,153,62,1114.034585267674,0.569620253164557,0.22784810126582278,,0.0,0.569620253164557,0.0,1008.5707143556995,,,1022.0854554698614,1011.5267791412184,1008.5707143556995,1046.736109529458,923.8025148781,83.31939808929894
1769,raspberrypi,314.0,2023-08-09,17:45:01,Whole,820.921667739366,0.6206896551724138,4.829554988141547,22.47543491222202,2947.32421875,920.13671875,1.063418538912752,15,104,32,603.964503783129,0.25316455696202533,0.6075949367088608,,0.0,0.25316455696202533,0.0,1298.234364292057,,,476.22242366071174,407.84534533264514,1298.234364292057,1733.033724572372,1646.7863808309573,0.0
1770,raspberrypi,315.0,2023-08-09,17:45:01,Whole,1142.7583020784218,0.9,5.732760090382068,19.15974281039892,3074.3988095238096,619.0535714285714,0.9971575803953696,11,91,21,567.7033820955862,0.26582278481012656,0.7341772151898734,,0.0,0.26582278481012656,0.0,1482.010930034254,,,584.7391578103686,374.6062769493752,1482.010930034254,2014.1319406470031,1796.347716988724,76.85461699931122
1771,raspberrypi,316.0,2023-08-09,17:45:01,Whole,664.0505539150722,0.5897435897435898,6.009513710782227,12.002930347283225,1914.626582278481,1797.626582278481,4.309114085881943,0,163,79,93.60316038470843,0.0,0.4177215189873418,,0.0,0.0,0.0,775.1980243568536,,,716.0339853959223,1312.5500309293407,775.1980243568536,444.30208302933534,305.98117170294046,380.1279938908946
1772,raspberrypi,657.0,2023-08-09,17:45:01,Whole,741.0843097686468,,5.416313177704918,,2173.5,1004.75,4.234722559764566,0,6,1,,0.0,0.9873417721518988,,0.012658227848101266,0.0,0.0,1101.743079334225,,,0.0,895.114057108063,1101.743079334225,1125.5895841069487,807.4920239204803,812.4309643734925
1773,raspberrypi,17.0,2023-08-10,02:55:01,Whole,429.21992845209877,,3.9790147665384237,,3062.75,1363.5,3.9790147665384237,0,1,1,,0.0,0.9782608695652174,,0.0,0.0,0.0,1238.2643875005097,,,729.0870109493719,385.84813739802786,1238.2643875005097,1616.3225605026016,1503.723375176028,410.8772809071022
1774,raspberrypi,309.0,2023-08-10,02:55:01,Whole,892.4999423687274,1.0,5.714431960802357,24.64398201107601,2528.4305555555557,846.8472222222222,5.491366019495117,0,3,18,795.7193691849893,0.0,0.6086956521739131,,0.391304347826087,0.0,0.0,1227.2023481583356,,,36.930578203677165,620.9126662975771,1227.2023481583356,1468.3881651824286,1216.4129262389952,439.7964468212091
1775,raspberrypi,314.0,2023-08-10,02:55:01,Whole,635.3621547839963,0.0,7.67291509637353,,2941.4814814814813,2315.787037037037,7.67291509637353,0,1,27,0.039495672169067166,0.5869565217391305,0.41304347826086957,,0.0,0.5869565217391305,0.0,1259.5338982461112,,,1381.412311497158,1082.4668677722846,1259.5338982461112,1404.954633696054,1186.0168041647698,102.67417763557762
1776,raspberrypi,316.0,2023-08-10,02:55:01,Whole,586.9106886223833,,,,3356.25,1530.75,,0,0,1,,0.0,0.9782608695652174,,0.0,0.0,0.0,1420.373771456116,,,1066.446637029992,479.553686474037,1420.373771456116,1841.797917156657,1715.9931783512804,609.6563522956726
1777,raspberrypi,542.0,2023-08-10,02:55:01,Whole,588.2975552915865,,5.491366019495117,,3357.25,1529.25,5.491366019495117,0,1,1,,0.0,0.9782608695652174,,0.0,0.0,0.0,1421.1822742172042,,,1066.4931211597516,478.94959363478984,1421.1822742172042,1843.119708365132,1717.3904224161115,611.4463967376785
1778,raspberrypi,792.0,2023-08-10,02:55:01,Whole,926.8761238813099,,,,2180.25,1003.0,,0,0,1,,0.0,0.9782608695652174,,0.021739130434782608,0.0,0.0,1103.076424235022,,,0.0,889.3974522680562,1103.076424235022,1130.8624044863402,814.0517353692294,805.4731992563883
1779,raspberrypi,31.0,2023-08-10,03:55:01,Whole,859.0516857053685,,3.7578761257669298,,2194.0,2050.0,3.7578761257669298,0,1,1,,0.0,1.0,,0.0,0.0,0.0,859.0477505043089,,,934.8107716844434,1237.4306453195024,859.0477505043089,649.1328447706985,473.84080931166665,434.64742663891843
1780,raspberrypi,307.0,2023-08-10,03:55:01,Whole,162.70804444988391,1.0,2.078807573495966,29.38878729864123,3197.625,2135.5231481481483,2.078807573495966,0,2,27,123.82548169316618,0.23404255319148937,0.44680851063829785,,0.0,0.23404255319148937,0.0,1368.3048513854953,,,1364.698380656271,877.4873802807303,1368.3048513854953,1632.4932430491056,1462.1073753758926,205.82849083752794
1781,raspberrypi,314.0,2023-08-10,03:55:01,Whole,156.75375014012445,1.0,2.496241374739493,22.762849898166323,2897.6513157894738,2124.8026315789475,2.496241374739493,0,2,19,130.99056634767942,0.40425531914893614,0.5957446808510638,,0.0,0.40425531914893614,0.0,1154.3764221115853,,,1192.9046778918205,916.9797384895035,1154.3764221115853,1335.6408592352682,1187.9101696830335,0.0
1782,raspberrypi,425.0,2023-08-10,03:55:01,Whole,333.1353408614619,,2.338448601810648,,2785.25,2314.5,2.338448601810648,0,1,1,,0.02127659574468085,0.9787234042553191,,0.0,0.02127659574468085,0.0,1172.223340785657,,,1316.2208473367841,1124.954362166985,1172.223340785657,1254.1084363238735,1032.7736084020871,109.64506251297757
1783,raspberrypi,458.0,2023-08-10,03:55:01,Whole,280.0690319971551,,1.8191665451812835,,2933.25,1859.0,1.8191665451812835,0,1,1,,0.02127659574468085,0.9787234042553191,,0.0,0.02127659574468085,0.0,1127.5663643718206,,,984.1192174988671,667.2914298806866,1127.5663643718206,1373.397001164071,1228.784364206122,108.3075575262163
1784,raspberrypi,542.0,2023-08-10,03:55:01,Whole,642.7848883443227,,,,3520.25,1674.25,,0,0,1,,0.0,0.9787234042553191,,0.0,0.0,0.0,1549.9401368464141,,,1282.0749823574984,581.1357163746915,1549.9401368464141,1972.4501672276556,1839.448393317728,638.6355406579145
1785,raspberrypi,818.0,2023-08-10,03:55:01,Whole,392.01932092428956,,1.234606623712056,,2762.75,1847.25,1.234606623712056,0,1,1,,0.02127659574468085,0.9787234042553191,,0.0,0.02127659574468085,0.0,1035.9115208739165,,,883.4522650759627,743.1475744187458,1035.9115208739165,1208.4460431487717,1062.7601243989882,113.91340000725302
1786,raspberrypi,31.0,2023-08-09,18:55:01,Whole,955.626206575289,,6.148544676951745,,2111.5,1124.5,3.8706343794483864,0,2,1,,0.0,0.987012987012987,,0.012987012987012988,0.0,0.0,1033.9141713043703,,,15.216509096103607,955.222265629691,1033.9141713043703,995.4230882660663,691.1577749684507,778.5381055672686
1787,raspberrypi,127.0,2023-08-09,18:55:01,Whole,402.4332326937599,,3.894957771694267,,2294.75,2422.75,3.2157697432131176,0,2,1,,0.0,1.0,,0.0,0.0,0.0,1036.1931606742774,,,1311.7503682239803,1442.622864008656,1036.1931606742774,832.4262497771527,558.0298328896529,522.3509288300814
1788,raspberrypi,190.0,2023-08-09,18:55:01,Whole,1432.5337760599546,,8.95739377068238,,1100.25,1437.0,4.146836980707312,0,3,1,,0.0,1.0,,0.0,0.0,0.0,1127.2006994806566,,,927.7953163483353,1921.8352160059235,1127.2006994806566,603.5828893071185,208.80981182546753,303.2310089397596
1789,raspberrypi,304.0,2023-08-09,18:55:01,Whole,1080.1288464106756,,6.250507740072552,,2074.75,1091.625,3.997332002004139,0,3,2,,0.0,0.987012987012987,,0.012987012987012988,0.0,0.0,1071.4415849313752,,,180.97302786405842,1007.6285478701095,1071.4415849313752,1018.3214153559838,677.7149364387828,456.566586021097
1790,raspberrypi,307.0,2023-08-09,18:55:01,Whole,837.0111578141859,1.0,7.160613676552898,105.62233884163142,2764.630681818182,2482.0852272727275,4.475997994323394,2,74,44,11421.338444273368,0.06493506493506493,0.44155844155844154,,0.0,0.06493506493506493,0.025974025974025976,1361.8714821246003,,,1573.531362623626,1373.7742619147512,1361.8714821246003,1374.6332886352166,1295.9709883612359,296.36491316947894
1791,raspberrypi,313.0,2023-08-09,18:55:01,Whole,191.01064231609553,,3.677987429874374,,2379.0,2224.5,2.6386226360341345,0,4,1,,0.0,1.0,,0.0,0.0,0.0,970.3032548321145,,,1123.4689406872988,1240.5453294003644,970.3032548321145,846.6933537123764,627.7794249819126,384.27304165775547
1792,raspberrypi,314.0,2023-08-09,18:55:01,Whole,399.74181567723116,1.0,4.054470790056382,6.209871174187111,2047.1,1851.1,1.7449867628120264,0,9,5,0.0,0.0,0.961038961038961,,0.0,0.0,0.0,799.6290972346146,,,743.529332214737,1232.503545645258,799.6290972346146,536.3657851873255,377.35241831980926,420.48290135728973
1793,raspberrypi,316.0,2023-08-09,18:55:01,Whole,672.8249118577846,0.7105263157894737,5.243617884961948,17.581725807982277,1782.0844155844156,1778.1185064935064,7.027287618740203,0,104,77,151.01829282583105,0.025974025974025976,0.2727272727272727,,0.0,0.025974025974025976,0.06493506493506493,759.3909435676113,,,738.8828121664396,1413.9414896930189,759.3909435676113,358.88902730833456,212.59322666966034,248.89373577425533
1794,raspberrypi,317.0,2023-08-09,18:55:01,Whole,750.4114900833611,1.0,5.637253872154847,16.042463950969147,3144.409574468085,2138.9228723404253,5.277967736763175,2,76,47,270.06715894031754,0.5584415584415584,0.38961038961038963,,0.0,0.5584415584415584,0.0,1327.7794194982707,,,1334.9112750858073,880.9706830723177,1327.7794194982707,1579.5409371273618,1388.2331567946949,132.9207263227885
1795,raspberrypi,736.0,2023-08-09,18:55:01,Whole,1747.467261688006,,9.87955219442126,,3057.5,415.0,9.87955219442126,0,1,1,,0.0,0.987012987012987,,0.0,0.0,0.0,1626.5039407218048,,,627.194667342404,466.5650497756737,1626.5039407218048,2139.5782616196516,1870.1190889486984,219.42166213547833
1796,raspberrypi,896.0,2023-08-09,18:55:01,Whole,682.7547175664355,,4.691318451970641,,2791.75,2595.5,2.8688698546103377,0,2,1,,0.0,1.0,,0.0,0.0,0.0,1335.2412898702341,,,1582.158688957101,1386.7509328302026,1335.2412898702341,1348.2969954499265,1082.3981909610886,379.8121200080956
1797,raspberrypi,31.0,2023-08-10,11:40:01,Whole,156.0347106692673,,1.6293602320445886,,2876.5,856.5,1.300053591586358,0,4,1,,0.014084507042253521,0.9859154929577465,,0.0,0.014084507042253521,0.0,1293.789932851915,,,374.90697017591873,419.36558614777914,1293.789932851915,1712.5931501087598,1494.8258303662458,94.6117024296715
1798,raspberrypi,127.0,2023-08-10,11:40:01,Whole,1319.9371961449435,,8.19945338841111,,2783.0,2316.75,8.19945338841111,0,1,1,,0.014084507042253521,0.9859154929577465,,0.0,0.014084507042253521,0.0,1172.2481265158783,,,1317.4800424701154,1127.7814517008787,1172.2481265158783,1252.4464636736768,1030.6020805329247,112.58268018928982
1799,raspberrypi,308.0,2023-08-10,11:40:01,Whole,331.19378487738413,1.0,4.400918524397902,72.63250786163286,2814.9921875,1299.3125,3.125441049344465,0,25,16,1119.1719304248277,0.0,0.7746478873239436,,0.0,0.0,0.0,1134.8581550545887,,,514.388335491062,499.61329811194673,1134.8581550545887,1426.6961135363651,1303.9047411995653,337.0121619017354
1800,raspberrypi,311.0,2023-08-10,11:40:01,Whole,247.35431993443905,1.0,3.5654319915263666,68.30951058316192,3091.25,1176.375,1.6908480493704432,0,15,7,2.665718770922843e-27,0.014084507042253521,0.9154929577464789,,0.0,0.014084507042253521,0.0,1294.2115607869823,,,665.9140626585819,384.36791195452736,1294.2115607869823,1721.6069414170554,1599.6299738282687,222.9207105076237
1801,raspberrypi,312.0,2023-08-10,11:40:01,Whole,371.42419104409436,1.0,4.9368675127744135,50.37477384989541,2709.293103448276,883.3793103448274,2.4991446271578353,0,25,29,1087.0306681769914,0.0,0.5915492957746479,,0.1267605633802817,0.0,0.0,1270.4445286888647,,,268.92477749453394,528.5625580391054,1270.4445286888647,1588.6050565803243,1326.8320318064389,360.22863254951983
1802,raspberrypi,314.0,2023-08-10,11:40:01,Whole,250.2358704420991,0.47619047619047616,3.6370757935755713,3.290340574390902,3126.034090909091,854.5795454545455,1.0331372681151463,5,45,22,2.5203289554229773,0.30985915492957744,0.6901408450704225,,0.0,0.30985915492957744,0.0,1388.6013187144308,,,623.4045705620294,369.5528625933199,1388.6013187144308,1911.5667626057323,1727.9389132697834,0.0
1803,raspberrypi,316.0,2023-08-10,11:40:01,Whole,316.9714645668966,0.9333333333333333,3.8459748161665974,10.55163100630434,3077.494680851064,731.8936170212766,1.0427361965542983,3,59,47,150.60984939036607,0.6619718309859155,0.3380281690140845,,0.0,0.6619718309859155,0.0,1422.859852419636,,,581.34642384084,375.8907868122381,1422.859852419636,1946.239401084502,1765.755849268798,29.96444448271872
1804,raspberrypi,392.0,2023-08-10,11:40:01,Whole,1951.7471160479215,0.0,9.472599912462009,,2287.0714285714284,2745.1071428571427,8.301588961208292,0,14,7,6.203854595110673e-26,0.014084507042253521,0.9859154929577465,,0.0,0.014084507042253521,0.014084507042253521,1361.1513973395777,,,1700.0710189245972,1808.1300107558518,1361.1513973395777,1127.329929218082,935.1702055160474,811.027796304663
1805,raspberrypi,441.0,2023-08-10,11:40:01,Whole,338.49172251536646,,2.3054531941740666,,3264.25,1004.75,1.5141225126394393,0,2,1,,0.014084507042253521,0.9859154929577465,,0.0,0.014084507042253521,0.0,1427.735728532487,,,780.8909451035047,381.3123364907907,1427.735728532487,1949.4003745381472,1808.6222764516888,121.62602036502717
1806,raspberrypi,666.0,2023-08-10,11:40:01,Whole,260.0242584423497,0.0,1.7394410187989606,,3131.75,845.875,0.03183026288345989,4,11,3,0.0,0.04225352112676056,0.9577464788732394,,0.0,0.04225352112676056,0.0,1394.4488382627371,,,628.4897825260078,369.6024698131707,1394.4488382627371,1921.1327427784388,1733.862109876464,0.0
1807,raspberrypi,818.0,2023-08-10,11:40:01,Whole,1259.1058926830567,,7.458864112016499,,1985.75,1842.25,6.140948785856527,0,3,1,,0.0,1.0,,0.0,0.0,0.0,785.5293104590248,,,743.8759640203184,1276.1670517719865,785.5293104590248,486.18800850929523,327.821695711157,388.21356122072973
1808,raspberrypi,304.0,2023-08-10,12:45:01,Whole,309.81824627105914,,3.4571038989025373,,2800.5,1464.25,1.9530116927965568,0,3,1,,0.0,0.9866666666666667,,0.0,0.0,0.0,1087.929324887472,,,592.8065115704703,523.2853500500696,1087.929324887472,1339.8338797588042,1224.0547758376392,481.13391978395794
1809,raspberrypi,306.0,2023-08-10,12:45:01,Whole,597.1419257505447,0.967741935483871,4.534350039782793,23.729364911943332,3126.31640625,1244.43359375,4.0960910001826605,0,56,32,571.9649196747145,0.0,0.5733333333333334,,0.0,0.0,0.0,1295.2768273915697,,,727.366972684259,374.440768980249,1295.2768273915697,1720.6708179940267,1594.1479890481155,300.23495326579643
1810,raspberrypi,307.0,2023-08-10,12:45:01,Whole,665.9665987472436,1.0,6.179079545442525,34.61962163087335,2198.707191780822,1594.2739726027398,6.411517729137902,1,87,73,1421.9343900156452,0.09333333333333334,0.02666666666666667,,0.28,0.09333333333333334,0.013333333333333334,939.3116573330951,,,567.2404966467054,1067.4612692382937,939.3116573330951,828.2054526562066,585.4208458918224,386.1565175915186
1811,raspberrypi,309.0,2023-08-10,12:45:01,Whole,509.50490132573145,1.0,4.33629939950147,42.91232770802982,2623.7444444444445,837.9361111111111,3.583887829654587,1,72,45,793.7678375882382,0.13333333333333333,0.4,,0.37333333333333335,0.13333333333333333,0.0,1256.475609557239,,,150.36165044264735,568.4549357886923,1256.475609557239,1548.2633362622994,1278.789666517516,377.1873671592519
1812,raspberrypi,314.0,2023-08-10,12:45:01,Whole,753.6725753226203,1.0,3.9850745229201494,52.251345676451244,3100.96875,815.8125,1.7932759894297183,0,9,4,0.0,0.05333333333333334,0.9466666666666667,,0.0,0.05333333333333334,0.0,1394.594066342792,,,596.7441700529115,375.2909328473203,1394.594066342792,1914.517952240114,1723.6301485645877,0.0
1813,raspberrypi,316.0,2023-08-10,12:45:01,Whole,1433.1770253511613,1.0,7.056499977683057,16.30375723568037,1913.75,2599.25,4.659041626136254,0,6,3,0.0,0.0,0.9733333333333334,,0.0,0.0,0.0,1064.2694277632054,,,1502.7803332942137,1805.2454718498311,1064.2694277632054,648.3743132781912,314.5687141107493,299.19600145871254
1814,raspberrypi,317.0,2023-08-10,12:45:01,Whole,470.3624854441682,,4.87816175420213,,2821.75,1678.75,4.87816175420213,0,1,1,,0.0,0.9866666666666667,,0.0,0.0,0.0,1071.2801283213416,,,772.6360093921762,601.6129355363433,1071.2801283213416,1295.1864491706935,1161.7026798920324,265.6802725750925
1815,raspberrypi,441.0,2023-08-10,12:45:01,Whole,929.6756565772556,,5.270035969883404,,3253.0,718.25,2.8519031342278622,0,2,1,,0.013333333333333334,0.9866666666666667,,0.0,0.013333333333333334,0.0,1512.65162468467,,,749.9831326643452,389.7164805761825,1512.65162468467,2092.4134173588213,1894.945438061664,49.40710956508155
1816,raspberrypi,463.0,2023-08-10,12:45:01,Whole,1243.9313620348817,,6.757185994193507,,1666.75,2199.25,4.1234595324667715,0,2,1,,0.013333333333333334,0.9866666666666667,,0.0,0.013333333333333334,0.013333333333333334,784.4855530615763,,,1172.7829914374133,1716.0775918731479,784.4855530615763,228.6925821429592,0.0,0.0
1817,raspberrypi,666.0,2023-08-10,12:45:01,Whole,845.5279025976849,,5.499161158810837,,3129.25,707.0,2.084294405517506,0,2,1,,0.013333333333333334,0.9866666666666667,,0.0,0.013333333333333334,0.0,1447.2057164179432,,,627.3700314507148,370.10436170052753,1447.2057164179432,2000.7986953169345,1787.1150972803446,5.708081821976819
1818,raspberrypi,17.0,2023-08-10,11:05:01,Whole,1105.3472209534602,,5.008561792225773,,3237.0,986.0,4.268902645310695,0,2,1,,0.014084507042253521,0.9859154929577465,,0.0,0.014084507042253521,0.0,1414.0998021137054,,,750.5582515515457,377.02838901385996,1414.0998021137054,1935.0248987121715,1787.6511464224461,89.23874513375559
1819,raspberrypi,300.0,2023-08-10,11:05:01,Whole,313.07410028659325,1.0,,26.370924006326387,3186.0833333333335,2077.8333333333335,,0,0,3,974.1487341051177,0.014084507042253521,0.9577464788732394,,0.0,0.014084507042253521,0.0,1341.206889734207,,,1310.791907574129,818.9726876935999,1341.206889734207,1616.741228853062,1459.9960611170225,194.9535580262432
1820,raspberrypi,305.0,2023-08-10,11:05:01,Whole,256.33932654160134,,4.228147210011894,,3130.5,1995.5,4.228147210011894,0,1,1,,0.014084507042253521,0.9859154929577465,,0.0,0.014084507042253521,0.0,1279.9778457693747,,,1211.5943320789625,739.288817990988,1279.9778457693747,1560.419666564893,1403.9400213064414,142.81508451340537
1821,raspberrypi,306.0,2023-08-10,11:05:01,Whole,1394.660444125282,1.0,7.037838997799012,13.488127668293895,1703.159090909091,2784.5227272727275,8.058856850059035,0,8,11,20.312031856079216,0.0,0.8591549295774648,,0.0,0.0,0.0,1213.2564077066077,,,1724.331188400709,2076.8573300481653,1213.2564077066077,725.2566029442163,410.15743696160115,407.25427816169895
1822,raspberrypi,309.0,2023-08-10,11:05:01,Whole,369.9881753304785,0.8979591836734694,5.728260660854168,18.895206623451795,3235.828431372549,2108.360294117647,2.9120464974597073,0,28,51,305.83755222983325,0.07042253521126761,0.30985915492957744,,0.0,0.07042253521126761,0.0,1388.661519908313,,,1366.2777797951994,852.3207373085334,1388.661519908313,1667.7722631031022,1490.7154115087674,227.56420918268063
1823,raspberrypi,310.0,2023-08-10,11:05:01,Whole,340.8115164436677,0.8620689655172413,4.560311868220601,35.75112220049608,2750.9314516129034,1750.8024193548388,3.035490813189915,0,28,31,1470.4396749437478,0.028169014084507043,0.5774647887323944,,0.0,0.028169014084507043,0.0,1040.059565180842,,,806.4047663306634,689.8233831703826,1040.059565180842,1213.0285066639444,1148.4516096631078,226.47511735275003
1824,raspberrypi,425.0,2023-08-10,11:05:01,Whole,1642.4925806390859,,10.593118815305125,,1288.0,1613.75,10.593118815305125,0,1,1,,0.014084507042253521,0.9859154929577465,,0.0,0.014084507042253521,0.014084507042253521,916.3305473488526,,,884.4165706715562,1789.536389129176,916.3305473488526,371.00939250575476,35.8029859480005,45.38193219372509
1825,raspberrypi,437.0,2023-08-10,11:05:01,Whole,1591.226587809421,,,,2770.75,443.25,,0,0,1,,0.0,0.9859154929577465,,0.0,0.0,0.0,1526.1443624964027,,,357.22256481441235,527.6366552942472,1526.1443624964027,1926.380630649189,1622.1277807759657,380.42253954270603
1826,raspberrypi,447.0,2023-08-10,11:05:01,Whole,1109.2354801086205,,,,3239.5,982.75,,0,0,1,,0.014084507042253521,0.9859154929577465,,0.0,0.014084507042253521,0.0,1416.5198826639028,,,752.4190074701505,377.4770138627657,1416.5198826639028,1938.7778140954745,1790.9730729290561,88.59617377280453
1827,raspberrypi,470.0,2023-08-10,11:05:01,Whole,623.0544576733901,,4.106267523465197,,2445.75,2481.0,4.106267523465197,0,2,2,,0.0,1.0,,0.0,0.0,0.0,1119.5274019632068,,,1387.0508695467704,1412.4354923955357,1119.5274019632068,990.7031063861378,718.5192710241221,449.5847774136486
1828,raspberrypi,542.0,2023-08-10,11:05:01,Whole,120.41218557760432,,2.7066886683397358,,2770.0,1975.0,2.7066886683397358,0,1,1,,0.014084507042253521,0.9859154929577465,,0.0,0.014084507042253521,0.0,1045.222878451448,,,999.9099083507858,835.9835714822846,1045.222878451448,1205.9738445521027,1053.0807212579273,8.232378685570609
1829,raspberrypi,894.0,2023-08-10,11:05:01,Whole,620.8024018541163,,4.9184690485614055,,2448.75,2480.75,4.9184690485614055,0,1,1,,0.0,1.0,,0.0,0.0,0.0,1120.4506797752795,,,1387.2785470423596,1410.79348263328,1120.4506797752795,993.2635888353162,721.3626621916625,447.19268938985726
1830,raspberrypi,896.0,2023-08-10,11:05:01,Whole,915.1264167242244,,4.598851131178777,,2547.0,1177.25,3.326860167520629,0,2,1,,0.0,1.0,,0.0,0.0,0.0,1076.8865010321135,,,210.02375215617116,621.1808481172679,1076.8865010321135,1261.999191682448,1071.817010349484,523.4538408450134
1831,raspberrypi,304.0,2023-08-10,11:35:01,Whole,144.73511965011087,0.0,5.208499975958371,,3089.375,790.25,1.1176903293415217,0,6,12,6.924361194969385e-26,0.19672131147540983,0.8032786885245902,,0.0,0.19672131147540983,0.0,1395.9140570634302,,,584.2469040329333,370.15365802168645,1395.9140570634302,1919.2831311047692,1716.1799267584795,0.0
1832,raspberrypi,312.0,2023-08-10,11:35:01,Whole,320.1454425338433,0.9767441860465116,5.076878414518437,28.35209166870674,2826.891666666667,845.7055555555555,1.6910071483033067,0,16,45,492.18068150789634,0.26229508196721313,0.2786885245901639,,0.22950819672131148,0.26229508196721313,0.0,1325.1073975906843,,,334.3988276035088,499.24206865184914,1325.1073975906843,1700.3380793600797,1391.0963141905788,212.6359109137428
1833,raspberrypi,316.0,2023-08-10,11:35:01,Whole,341.87721903247984,0.8947368421052632,1.3761995855568474,19.347394510065335,3253.48125,690.85625,1.5940450569621423,0,17,20,398.9483323817665,0.32786885245901637,0.6721311475409836,,0.0,0.32786885245901637,0.0,1529.2318396511412,,,754.0202906396817,392.5111932883053,1529.2318396511412,2109.7837976824444,1905.9835270053431,9.56880200514194
1834,raspberrypi,392.0,2023-08-10,11:35:01,Whole,2149.7173592758254,,10.739735304896161,,2453.25,2934.5,10.739735304896161,0,1,1,,0.0,1.0,,0.0,0.0,0.0,1436.2387804144323,,,1837.027682419663,1812.336023808718,1436.2387804144323,1254.1884126154748,935.7275428082353,811.9886938882838
1835,raspberrypi,441.0,2023-08-10,11:35:01,Whole,183.33463934202845,,1.420211600829149,,2924.0,663.5,1.420211600829149,0,1,1,,0.01639344262295082,0.9836065573770492,,0.0,0.01639344262295082,0.0,1408.254950136621,,,428.8068064832226,403.99430742477176,1408.254950136621,1873.1967055491705,1625.3221694040292,114.19706015253813
1836,raspberrypi,653.0,2023-08-10,11:35:01,Whole,1666.5996719334537,,9.3061102373398,,1288.5,849.75,9.3061102373398,0,1,1,,0.0,1.0,,0.0,0.0,0.0,1371.1186270145083,,,560.1089618305566,1702.790794482487,1371.1186270145083,1070.1268361387663,572.5474099283749,774.0184293797753
1837,raspberrypi,812.0,2023-08-10,11:35:01,Whole,913.2444953986303,1.0,6.506057295811687,6.914658342969665,3268.375,1702.0,6.506057295811687,0,2,2,,0.0,0.9672131147540983,,0.0,0.0,0.0,1353.7548075510654,,,1096.4591608678365,554.8348970306538,1353.7548075510654,1721.8969077659988,1587.3022123182532,424.1638422642087
1838,raspberrypi,944.0,2023-08-10,11:35:01,Whole,237.75709055499814,,,,2717.75,858.25,,0,0,1,,0.0,1.0,,0.0,0.0,0.0,1254.3936614747417,,,217.4166995294176,496.3093748173036,1254.3936614747417,1592.4263589844224,1351.1689388111809,252.82510580690257
1839,raspberrypi,17.0,2023-08-10,13:20:02,Whole,1544.2857635272442,,9.22966048238546,,1603.1666666666667,1368.8333333333333,7.781779887075161,1,6,3,,0.0,1.0,,0.0,0.0,0.0,1480.6871817763504,,,1062.4271375407886,1687.6378320143126,1480.6871817763504,1289.8779238909844,1216.5130776654953,436.68996770856376
1840,raspberrypi,130.0,2023-08-10,13:20:02,Whole,395.15321086969175,,4.528586671650775,,2825.75,1253.25,4.528586671650775,0,1,1,,0.0,1.0,,0.0,0.0,0.0,1143.4114735200028,,,471.17325656339057,464.9849576848178,1143.4114735200028,1451.4412524272718,1324.1775767934334,376.94786324427065
1841,raspberrypi,304.0,2023-08-10,13:20:02,Whole,553.1412918225899,,3.153689064110395,,3161.0,1914.25,1.688330210037164,0,3,1,,0.0,0.987012987012987,,0.0,0.0,0.0,1289.8457071263826,,,1168.5582796623887,656.5640654171531,1289.8457071263826,1593.027643683107,1447.8947262854883,206.67348741470423
1842,raspberrypi,308.0,2023-08-10,13:20:02,Whole,494.3139070771331,0.19298245614035087,5.5029821136131485,7.591688455346499,2569.290254237288,2103.4661016949153,3.185368747662863,1,86,59,24.8516231270628,0.6233766233766234,0.2727272727272727,,0.0,0.6233766233766234,0.0,996.2173266008696,,,1045.7871641302984,1040.6011212073686,996.2173266008696,1012.7934037577879,839.8116499581754,170.3111131570719
1843,raspberrypi,309.0,2023-08-10,13:20:02,Whole,471.2242105180892,0.7258064516129032,5.528386798832409,8.829302883003395,2736.25,1155.53515625,4.778145929293979,1,85,64,48.06078474643045,0.0,0.4155844155844156,,0.0,0.0,0.0,1139.1753559520314,,,342.7457547568327,500.20412995838603,1139.1753559520314,1426.3845542645674,1260.2668821498733,368.82720411596887
1844,raspberrypi,311.0,2023-08-10,13:20:02,Whole,938.8009698709881,1.0,4.9958857585981775,19.63450144444449,3275.25,890.6666666666666,3.2358732765561413,0,17,6,23.48294128513401,0.07792207792207792,0.922077922077922,,0.0,0.07792207792207792,0.0,1465.5786951881926,,,775.5134990587829,386.93227653786914,1465.5786951881926,2016.1106848027237,1852.6745973417833,70.23318980925681
1845,raspberrypi,314.0,2023-08-10,13:20:02,Whole,431.04010804483005,0.9545454545454546,5.6597080065330125,17.129284550574912,2958.609375,1956.796875,2.5151874562479,1,58,24,118.95828358553204,0.09090909090909091,0.7012987012987013,,0.0,0.09090909090909091,0.0,1199.0697383077008,,,1079.2648736661372,793.5361407285005,1199.0697383077008,1416.3971695789994,1167.3046608081695,217.30598564889965
1846,raspberrypi,316.0,2023-08-10,13:20:02,Whole,1916.8171348832336,,10.704788771921844,,786.5,1850.5,9.330321668627846,0,3,1,,0.0,1.0,,0.0,0.0,0.0,1294.8721016261006,,,1420.818134366458,2319.7547450593593,1294.8721016261006,670.7687296869389,524.3695563380905,541.460273449911
1847,raspberrypi,317.0,2023-08-10,13:20:02,Whole,699.8515501886673,,4.184913187932377,,3164.0,1109.5,2.24683347047697,0,2,1,,0.012987012987012988,0.987012987012987,,0.0,0.012987012987012988,0.0,1341.6446991137336,,,710.4887868679784,369.6055302069017,1341.6446991137336,1812.718910586473,1685.2191363448453,165.03592142330405
1848,raspberrypi,447.0,2023-08-10,13:20:02,Whole,121.50061884924278,,2.4936612334508363,,2791.5,1691.0,2.4936612334508363,0,1,1,,0.0,0.987012987012987,,0.0,0.0,0.0,1055.5089988054942,,,765.2866663916,626.4205924324417,1055.5089988054942,1263.5545694651678,1129.1575754280855,256.71645646945404
1849,raspberrypi,666.0,2023-08-10,13:20:02,Whole,120.87432781468284,,2.460764876901634,,2790.75,1691.0,0.08124027004406309,1,4,1,,0.0,0.987012987012987,,0.0,0.0,0.0,1055.1480816851688,,,764.864963924708,626.8688553117577,1055.1480816851688,1262.839963817373,1128.4431247841346,256.8316415416928
1850,raspberrypi,683.0,2023-08-10,13:20:02,Whole,2239.7481733001773,,11.88367294430942,,876.0,310.5,10.652413700297785,0,3,1,,0.0,1.0,,0.0,0.0,0.0,1960.808664657647,,,1054.5331712529737,2183.212530359695,1960.808664657647,1700.162309648201,1213.5107049950236,1399.5706118359112
1851,raspberrypi,818.0,2023-08-10,13:20:02,Whole,486.27685109851313,,2.6108122927761523,,2576.75,2097.25,0.0038014707854086794,1,3,1,,0.012987012987012988,0.987012987012987,,0.0,0.012987012987012988,0.0,997.1146680555547,,,1041.8770514111602,1031.6960073361408,997.1146680555547,1019.5505476486882,840.938082649311,169.42795264002675
1852,raspberrypi,190.0,2023-08-10,02:15:01,Whole,960.1932649035757,,5.041342384874267,,3157.25,1439.75,5.024817658570111,0,2,1,,0.0,0.9875,,0.0,0.0,0.0,1286.7364719864147,,,849.949831553603,417.9658576271448,1286.7364719864147,1677.9896209622787,1558.9656695961683,489.714970101678
1853,raspberrypi,304.0,2023-08-10,02:15:01,Whole,150.1573436312066,0.056338028169014086,3.2490304497966407,2.1204537198108278,2842.7517361111113,2361.878472222222,1.474321124905027,0,73,72,0.30817734425081095,0.9,0.1,,0.0,0.9,0.0,1226.6122563136937,,,1381.9043833571134,1151.2041597807724,1226.6122563136937,1320.225606996057,1092.5283693033155,140.95593656443324
1854,raspberrypi,305.0,2023-08-10,02:15:01,Whole,135.4770863889471,0.0,3.265555176100796,,3122.4328125,2418.484375,1.474321124905027,0,73,80,0.08639292659930485,0.0,1.0,,0.0,0.0,0.0,1428.5559039924324,,,1557.7956717914924,1159.8511629990828,1428.5559039924324,1602.111496670151,1376.1751366957167,278.5501430928744
1855,raspberrypi,37.0,2023-08-10,02:50:01,Whole,2182.29213880055,,9.663492856086172,,1413.25,3001.5,9.663492856086172,0,1,1,,0.0,1.0,,0.0,0.0,0.0,1464.7419748836935,,,2013.708512568253,2425.5236990905023,1464.7419748836935,921.068257560601,650.9014967426334,647.8694524098773
1856,raspberrypi,142.0,2023-08-10,02:50:01,Whole,561.1650355428359,,5.358218324450332,,3472.0,1746.0,2.769227092111607,0,2,1,,0.0,0.9868421052631579,,0.0,0.0,0.0,1514.71628910936,,,1283.6896384402235,598.7079054826675,1514.71628910936,1914.9087575540664,1778.7350756704284,559.9157122425844
1857,raspberrypi,304.0,2023-08-10,02:50:01,Whole,558.5610284229671,0.0,5.153973329231158,,3469.252403846154,1745.608173076923,7.662719283700906,0,49,52,0.02294247158410948,0.0,0.3157894736842105,,0.0,0.0,0.0,1512.4628326829004,,,1281.2491954548625,598.1290702010971,1512.4628326829004,1912.2585007697874,1776.422646687034,557.9328292905416
1858,raspberrypi,306.0,2023-08-10,02:50:01,Whole,980.0780950672056,0.6585365853658537,7.502512528346096,4.3910925550562965,2366.813953488372,714.0058139534884,7.7006422969729575,0,38,43,6.47868817542618,0.0,0.4342105263157895,,0.5657894736842105,0.0,0.0,1287.8181686698174,,,0.0,754.7190791188954,1287.8181686698174,1469.571149057475,1138.823306406351,607.5550102336779
1859,raspberrypi,314.0,2023-08-10,02:50:01,Whole,511.80176408169876,0.5517241379310345,5.653033783704746,3.6421666442004286,3001.5666666666666,1991.1416666666667,2.789502245771205,0,22,30,5.8406724254613565,0.39473684210526316,0.6052631578947368,,0.0,0.39473684210526316,0.0,1184.37170601301,,,1131.6506632731844,759.5778070299644,1184.37170601301,1433.2769321709566,1273.9840038895954,30.67314816086727
1860,raspberrypi,896.0,2023-08-10,02:50:01,Whole,654.224379155352,,5.727250024813238,,2531.25,1958.25,4.964372127346644,0,4,2,,0.0,1.0,,0.0,0.0,0.0,952.5259196731071,,,895.6509084826107,955.708821118111,952.5259196731071,973.8886272679438,816.9974117812201,239.5253507080647
1861,raspberrypi,950.0,2023-08-10,02:50:01,Whole,559.6423697818433,0.0,7.867200934475044,,3470.0,1746.5,7.867196993030374,0,4,4,1.7232929556583406e-26,0.0,0.9473684210526315,,0.0,0.0,0.0,1513.1321659764528,,,1282.3808430316712,598.6626129602904,1513.1321659764528,1912.8796731313553,1776.6793022918887,557.935887159224
1862,raspberrypi,17.0,2023-08-10,01:00:01,Whole,869.2096090961711,,,,3056.75,181.5,,0,0,1,,0.0,0.9841269841269841,,0.0,0.0,0.0,1817.1652314320818,,,739.0031676294548,582.5212787976423,1817.1652314320818,2308.8479301160164,2009.0938521015005,424.2568887617406
1863,raspberrypi,128.0,2023-08-10,01:00:01,Whole,302.3010651125717,,2.266740029974295,,2434.25,1114.25,2.266740029974295,0,1,1,,0.0,0.9841269841269841,,0.015873015873015872,0.0,0.0,1078.0383022272074,,,88.48940819579309,694.5076942091632,1078.0383022272074,1216.3934805241813,986.5718504944359,593.8727306392344
1864,raspberrypi,250.0,2023-08-10,01:00:01,Whole,860.2823543235689,,4.96743557011798,,1662.75,488.5,4.96743557011798,0,1,1,,0.0,1.0,,0.0,0.0,0.0,1507.4065535452244,,,263.54467124481863,1411.4809048688535,1507.4065535452244,1424.9465858797494,952.437032139097,1132.3346351055234
1865,raspberrypi,306.0,2023-08-10,01:00:01,Whole,205.70652373530507,0.6557377049180327,3.617087800046138,46.48107658958968,2463.1068548387098,823.5645161290323,3.617087800046138,0,2,62,3631.884091464782,0.015873015873015872,0.015873015873015872,,0.9365079365079365,0.015873015873015872,0.031746031746031744,1241.3336041227417,,,88.13268607396245,686.6058588671274,1241.3336041227417,1449.7786957210167,1254.7917362965898,397.92122751606877
1866,raspberrypi,250.0,2023-08-10,00:35:01,Whole,273.32586590837747,,5.67802077947568,,2438.0,2420.25,3.907985581589793,0,2,1,,0.0,1.0,,0.0,0.0,0.0,1082.530630147822,,,1325.8391992419865,1365.0171086751936,1082.530630147822,959.4927609754827,697.8927916626633,416.9639510612326
1867,raspberrypi,306.0,2023-08-10,00:35:01,Whole,926.1173625388964,0.0,6.905206424510858,,3173.256329113924,2600.9588607594937,11.305347791421442,0,77,79,0.06991775145736992,0.0,1.0,,0.0,0.0,0.0,1559.9272102796194,,,1741.6914019484118,1340.915256450736,1559.9272102796194,1702.254718179898,1454.3793196801173,458.8832873490235
1868,raspberrypi,307.0,2023-08-10,00:35:01,Whole,732.7685816306489,1.0,6.126087044499146,32.55188166604198,3086.625,2250.375,1.867376425586058,0,4,2,,0.02531645569620253,0.9746835443037974,,0.0,0.02531645569620253,0.0,1326.0264932296584,,,1395.3076147776474,995.3946284648259,1326.0264932296584,1534.890963051999,1333.7962904150252,133.7323345161035
1869,raspberrypi,309.0,2023-08-10,00:35:01,Whole,1288.2375492394158,0.2542372881355932,9.92247580810731,5.72111804935672,1109.0875,1849.4895833333333,11.306751746474438,0,66,60,5.597576085127466,0.0,0.810126582278481,,0.0,0.0,0.012658227848101266,999.9266423851034,,,1176.9273556142632,2026.3016088304103,999.9266423851034,386.83848674686146,199.44958672905702,220.82969218204312
1870,raspberrypi,314.0,2023-08-10,00:35:01,Whole,1477.0973387474955,1.0,10.201470981904617,17.728216390852126,3010.45,832.9625,9.234420148440952,0,11,10,108.49039268471095,0.12658227848101267,0.8734177215189873,,0.0,0.12658227848101267,0.0,1347.4045573614162,,,507.5972498799306,380.57466161679866,1347.4045573614162,1831.9123248144142,1619.1409489274693,0.0
1871,raspberrypi,437.0,2023-08-10,00:35:01,Whole,1390.56754581983,,8.293668838656856,,3122.25,995.5,8.293668838656856,0,1,1,,0.012658227848101266,0.9873417721518988,,0.0,0.012658227848101266,0.0,1343.0682634748393,,,640.0379662358787,369.78368061980586,1343.0682634748393,1832.3877511715743,1675.0856109547954,44.687617259507945
1872,raspberrypi,441.0,2023-08-10,00:35:01,Whole,1430.5272999483936,,8.320593749511252,,3183.75,989.0,8.320593749511252,0,1,1,,0.012658227848101266,0.9873417721518988,,0.0,0.012658227848101266,0.0,1379.8600314136308,,,698.8658453732423,371.06609499653905,1379.8600314136308,1887.9384271534439,1735.7840780718177,59.88065060831828
1873,raspberrypi,472.0,2023-08-10,00:35:01,Whole,583.0455064816216,,6.7894523276161,,2509.0,1594.75,6.2264111165332885,0,2,1,,0.0,1.0,,0.0,0.0,0.0,953.1076961142492,,,545.3988248083228,764.3665687463399,953.1076961142492,1028.4096773958272,905.2147373878453,463.83315676669815
1874,raspberrypi,525.0,2023-08-10,00:35:01,Whole,1234.3746931710934,,8.944648531083233,,3356.5,1430.25,6.117288290018194,0,2,1,,0.0,0.9873417721518988,,0.0,0.0,0.0,1426.2763205388453,,,1015.7269912830648,431.01186353656226,1426.2763205388453,1868.613661702916,1748.2871397097056,532.2857074586062
1875,raspberrypi,128.0,2023-08-10,00:05:01,Whole,807.4123102972172,,3.9142954051773264,,2794.75,1678.25,1.2319618463935842,0,3,1,,0.0,0.9875,,0.0,0.0,0.0,1058.069185030798,,,756.6179273919943,617.3755754234965,1058.069185030798,1269.599262428481,1136.1819064727301,268.86006315625883
1876,raspberrypi,250.0,2023-08-10,00:05:01,Whole,2003.7354377564359,0.0,10.40071690948051,,1662.0,488.5,9.065670498985243,0,9,3,0.0,0.0,1.0,,0.0,0.0,0.0,1507.5877258643595,,,264.19363725768795,1412.157448628775,1507.5877258643595,1424.8552196678338,952.2612803079476,1132.212282806767
1877,raspberrypi,304.0,2023-08-10,00:05:01,Whole,900.1156156548004,,4.305220197498358,,2957.0,1683.0,1.5404174719547343,0,3,1,,0.0,0.9875,,0.0,0.0,0.0,1144.515600072703,,,860.1924303270557,539.9592349804469,1144.515600072703,1423.7344616841592,1289.9098150180096,279.5822882387426
1878,raspberrypi,306.0,2023-08-10,00:05:01,Whole,346.99927514784457,0.0,6.997779601494287,,2522.9734375,2674.2171875,2.7432295642304485,0,119,80,0.0505704260036875,0.0,1.0,,0.0,0.0,0.0,1270.117856665955,,,1590.558484192452,1548.691781762741,1270.117856665955,1149.6891836193295,856.375733229452,550.3024135569386
1879,raspberrypi,307.0,2023-08-10,00:05:01,Whole,2122.7977582781277,,11.934707478990065,,2803.25,286.0,11.45390072368202,0,2,1,,0.0,0.9875,,0.0,0.0,0.0,1655.8516406783322,,,472.8931498521801,586.9529640037094,1655.8516406783322,2068.289501793855,1748.4143004294153,493.15113750168985
1880,raspberrypi,309.0,2023-08-10,00:05:01,Whole,288.91083912309534,0.0,6.752168917648381,,2079.7046875,2381.453125,2.7432295642304485,0,119,80,0.11303782517551436,0.0,1.0,,0.0,0.0,0.0,952.5859279579757,,,1269.0187441181213,1539.9762939924879,952.5859279579757,628.3430430285093,339.29843795606325,304.44892179076095
1881,raspberrypi,310.0,2023-08-10,00:05:01,Whole,1948.158707810269,,11.623665516199313,,3199.75,602.0,10.86247746501158,0,3,1,,0.0125,0.9875,,0.0,0.0125,0.0,1544.8888556808224,,,710.9940198309714,383.93371332156084,1544.8888556808224,2120.405688080941,1897.004636097196,0.0
1882,raspberrypi,311.0,2023-08-10,00:05:01,Whole,1814.4067751378748,,10.368453910140685,,2985.25,657.5,10.054384098684638,0,2,1,,0.0125,0.9875,,0.0,0.0125,0.0,1428.267688273591,,,490.23159008574504,384.59292428305366,1428.267688273591,1922.2883168035096,1681.6629277738136,80.48036712591168
1883,raspberrypi,314.0,2023-08-10,00:05:01,Whole,548.1497506882544,0.5217391304347826,3.8348916814336147,15.589414701256175,2671.2740384615386,1907.9375,3.9553761496205184,0,58,26,112.28152091166972,0.325,0.675,,0.0,0.325,0.0,1000.0208513411249,,,897.8280793276493,838.1406326542076,1000.0208513411249,1113.7592561356457,965.2256485595474,144.09282204421493
1884,raspberrypi,316.0,2023-08-10,00:05:01,Whole,1041.0355741199764,,5.2215645443817875,,3300.0,1899.75,3.226043856516549,0,3,1,,0.0,0.9875,,0.0,0.0,0.0,1394.1892130504405,,,1253.1903211554043,654.9622533181445,1394.1892130504405,1731.0409596411855,1587.6456196933113,336.234233227677
1885,raspberrypi,542.0,2023-08-10,00:05:01,Whole,1213.7852887035906,,7.116237858163103,,3429.25,1774.5,6.593579302564699,0,2,1,,0.0,0.9875,,0.0,0.0,0.0,1482.4764521551401,,,1267.0311022423305,606.6792630762361,1482.4764521551401,1869.4126725883182,1731.895828306887,508.6396091080784
1886,raspberrypi,666.0,2023-08-10,00:05:01,Whole,598.1119393225598,,4.1853836236007735,,2773.25,1923.75,4.085098790629509,0,2,1,,0.0125,0.9875,,0.0,0.0125,0.0,1042.7449769727377,,,955.778582408004,794.1578361840353,1042.7449769727377,1211.5259406450214,1061.3778650862612,42.0339993661926
1887,raspberrypi,688.0,2023-08-10,00:05:01,Whole,697.4413372967248,,4.422698043203859,,3029.75,2143.25,3.7906921813228673,0,2,1,,0.0125,0.9875,,0.0,0.0125,0.0,1243.765946589087,,,1274.2489756090756,898.0224826253209,1243.765946589087,1466.6400891519836,1283.110766280258,32.08829561555498
1888,raspberrypi,896.0,2023-08-10,00:05:01,Whole,1059.7341541100434,,7.8123493764707765,,1320.25,2205.25,4.018662122237646,0,3,1,,0.0125,0.9875,,0.0,0.0125,0.0125,894.2861228063376,,,1327.8053428923454,1996.8141991130885,894.2861228063376,257.73860423069647,69.80282746931148,60.82175977287987
1889,raspberrypi,304.0,2023-08-10,12:20:01,Whole,110.75872434697729,,,,2376.5,1340.25,,0,0,1,,0.0,1.0,,0.0,0.0,0.0,978.5155272819787,,,260.16691510354036,777.2542940880257,978.5155272819787,1033.7036436551145,866.5810765387739,747.6272810817084
1890,raspberrypi,306.0,2023-08-10,12:20:01,Whole,1076.6280605251839,1.0,8.521500043548432,18.838590711621716,3137.6071428571427,731.0,4.398085579839235,0,10,7,4.5817041375236366e-26,0.09859154929577464,0.9014084507042254,,0.0,0.09859154929577464,0.0,1441.1540704889437,,,634.4653743650334,371.33844500407224,1441.1540704889437,1993.029574324076,1787.7561649464076,0.0
1891,raspberrypi,309.0,2023-08-10,12:20:01,Whole,556.4755336057269,0.7924528301886793,6.117239716545639,44.122849577827026,2541.490909090909,899.175,4.733120095180499,0,27,55,4468.420224688912,0.0,0.22535211267605634,,0.676056338028169,0.0,0.0,1205.2428343297267,,,79.5528582577193,616.103197466585,1205.2428343297267,1442.720415887123,1193.9072952716629,440.68360002831935
1892,raspberrypi,312.0,2023-08-10,12:20:01,Whole,117.70055072910604,1.0,6.658158400133177,73.61156498811854,2322.0,1384.375,3.017655888562186,0,7,6,1.474223259677027e-26,0.0,0.9154929577464789,,0.014084507042253521,0.0,0.0,957.3548401124523,,,293.0830405066186,834.2945820339094,957.3548401124523,971.9105859940952,805.5986801416627,720.5863395888086
1893,raspberrypi,314.0,2023-08-10,12:20:01,Whole,1410.7109159610318,0.36363636363636365,8.778506778324383,18.02161274924132,1537.2239583333333,2562.7291666666665,9.210627895411028,0,18,24,108.52288314815458,0.028169014084507043,0.8873239436619719,,0.0,0.028169014084507043,0.028169014084507043,1067.0474639674953,,,1564.780358349061,2040.4701068705535,1067.0474639674953,505.376475259317,230.58482377455886,231.39088833793537
1894,raspberrypi,315.0,2023-08-10,12:20:01,Whole,1063.6554014290946,,7.809192379619135,,2955.25,2174.875,7.809192379619135,0,1,2,,0.028169014084507043,0.971830985915493,,0.0,0.028169014084507043,0.0,1212.3001715071118,,,1264.5123522191564,945.4597986178844,1212.3001715071118,1401.32456331957,1211.6884515914448,43.814094076499785
1895,raspberrypi,316.0,2023-08-10,12:20:01,Whole,868.4224785186599,1.0,5.610780636044053,8.0156097709407,1414.0,1519.0,5.611620857806427,0,4,4,0.0,0.056338028169014086,0.9436619718309859,,0.0,0.056338028169014086,0.056338028169014086,897.5753731550589,,,727.7951636319112,1649.3872222142777,897.5753731550589,411.05292040817443,0.0,94.49322789509542
1896,raspberrypi,437.0,2023-08-10,12:20:01,Whole,598.4491728582287,,6.036145131220392,,1674.5,1436.25,6.036145131220392,0,1,1,,0.0,0.9859154929577465,,0.0,0.0,0.014084507042253521,880.5968344406712,,,491.66762498251177,1393.448576388837,880.5968344406712,523.6874572739247,161.89047668072874,246.93295241062856
1897,raspberrypi,447.0,2023-08-10,12:20:01,Whole,609.5150914604159,,6.813552952481576,,1666.5,1459.5,5.461352522449599,0,2,1,,0.0,0.9859154929577465,,0.0,0.0,0.014084507042253521,869.5662468341962,,,515.003059328835,1406.3069308217323,869.5662468341962,501.4188744044945,147.45643886822728,224.3476799761225
1898,raspberrypi,524.0,2023-08-10,12:20:01,Whole,692.1797855007488,,6.257849594801149,,2961.0,1372.25,3.3050712941912694,0,2,1,,0.0,0.9859154929577465,,0.0,0.0,0.0,1181.1860599590962,,,650.6127590165904,420.9307122616722,1181.1860599590962,1520.2546389858999,1408.857945037852,434.5416715269556
1899,raspberrypi,683.0,2023-08-10,12:20:01,Whole,1748.1720025791212,,9.609930894897495,,875.5,310.5,8.970746032072084,0,2,1,,0.0,1.0,,0.0,0.0,0.0,1961.0833107028047,,,1055.0027550934576,2183.6802934057096,1961.0833107028047,1700.3357167629536,1213.7124400653172,1399.7377878821378
1900,raspberrypi,126.0,2023-08-09,16:40:01,Whole,1332.8182364319784,,7.587888001369547,,2183.0,999.0,3.606325210490442,0,5,1,,0.0,0.987012987012987,,0.012987012987012988,0.0,0.0,1105.4546964298736,,,0.0,886.9851538786727,1105.4546964298736,1135.620685557498,818.5789714419614,802.0339565111335
1901,raspberrypi,300.0,2023-08-09,16:40:01,Whole,874.5018266741187,0.0784313725490196,5.447081639395149,2.601573901800924,1930.2948113207547,1656.2877358490566,6.35287574807726,0,139,53,0.4375400628670578,0.0,0.948051948051948,,0.0,0.0,0.0,802.9086932783647,,,574.9105078609693,1240.120618316495,802.9086932783647,518.5325774028983,412.04391482602057,396.1332081910586
1902,raspberrypi,306.0,2023-08-09,16:40:01,Whole,1145.173566598107,,6.745924768689612,,1943.25,1305.75,1.8187462456435268,0,3,1,,0.0,1.0,,0.0,0.0,0.0,936.1780855627577,,,240.04390410936782,1127.140266479727,936.1780855627577,758.0225535929385,459.6185862842488,533.6752184283783
1903,raspberrypi,307.0,2023-08-09,16:40:01,Whole,774.8168354298382,1.0,6.637846413107653,64.89272258196605,2615.553125,2724.76875,1.8722345610024895,1,103,40,5719.567062488008,0.0,0.4935064935064935,,0.0,0.0,0.0,1439.8095379537103,,,1759.936545960513,1648.2097089469764,1439.8095379537103,1338.45345997156,1334.4870481316743,461.4944091628879
1904,raspberrypi,309.0,2023-08-09,16:40:01,Whole,339.44905258129165,0.48,4.913266683158187,9.221703186302092,2734.956730769231,2005.4423076923076,3.179418785801961,0,54,26,25.22817966848497,0.33766233766233766,0.6623376623376623,,0.0,0.33766233766233766,0.0,1035.2477704460493,,,1012.2817100368934,877.5549231549744,1035.2477704460493,1171.1795960448223,1010.9317727508095,35.563058488906485
1905,raspberrypi,310.0,2023-08-09,16:40:01,Whole,497.1105324662135,0.8947368421052632,6.1517338185270924,60.7413312474204,2578.301948051948,2613.3246753246754,2.7045965631327236,1,181,77,3169.1367995072205,0.14285714285714285,0.11688311688311688,,0.0,0.14285714285714285,0.11688311688311688,1281.2298521941752,,,1576.9701533660314,1510.8214659230107,1281.2298521941752,1181.6402029617884,1043.3159640146894,416.12308788830194
1906,raspberrypi,313.0,2023-08-09,16:40:01,Whole,752.445328542323,1.0,6.440382275546485,20.414149043431035,3237.9759615384614,2535.0384615384614,2.812690502217052,0,70,26,234.90172556926606,0.0,0.6883116883116883,,0.0,0.0,0.0,1571.8561827697301,,,1719.0647566885045,1277.5054260008774,1571.8561827697301,1747.3748389384853,1506.640346331241,468.5956143962368
1907,raspberrypi,314.0,2023-08-09,16:40:01,Whole,1571.2486903492606,,9.193370601216875,,1048.125,1853.0625,6.458317596821367,0,13,4,,0.025974025974025976,0.974025974025974,,0.0,0.025974025974025976,0.025974025974025976,1088.9800348622152,,,1235.92875610433,2093.5850264130313,1088.9800348622152,482.9361169009964,248.5667071817879,281.6468087200486
1908,raspberrypi,316.0,2023-08-09,16:40:01,Whole,471.3638792782757,0.09090909090909091,5.958300219256264,20.396748064046783,3009.663043478261,2242.3804347826085,2.0055866350834344,0,69,23,33.85023074385985,0.2987012987012987,0.7012987012987013,,0.0,0.2987012987012987,0.0,1268.9740606495163,,,1348.9110464201724,997.9591242747506,1268.9740606495163,1458.4691034843229,1257.7196001760046,72.35319504168189
1909,raspberrypi,319.0,2023-08-09,16:40:01,Whole,701.9241801743881,1.0,4.549080650016027,4.00195264839553,2973.65625,1731.25,1.882048178572686,0,10,4,0.0,0.0,0.948051948051948,,0.0,0.0,0.0,1152.6970334622495,,,907.711448396364,563.424910671015,1152.6970334622495,1430.5092296309128,1285.5106067928236,240.2763443332763
1910,raspberrypi,666.0,2023-08-09,16:40:01,Whole,1563.2972427997524,,10.177450421530981,,1090.25,1700.125,8.535065443495261,0,6,2,,0.012987012987012988,0.987012987012987,,0.0,0.012987012987012988,0.012987012987012988,1041.3010466359015,,,1092.6379399664186,1996.577986097401,1041.3010466359015,454.66245615031653,218.7306639978952,227.86085436683854
1911,raspberrypi,987.0,2023-08-09,16:40:01,Whole,1014.7114030129007,,6.009591168567556,,2977.0,1367.25,3.5614953119027724,0,3,1,,0.0,0.987012987012987,,0.0,0.0,0.0,1190.3749363484085,,,660.5348887384966,413.9041373890618,1190.3749363484085,1536.6963198887745,1425.3688616801473,426.0950686936119
1912,raspberrypi,106.0,2023-08-09,17:50:01,Whole,1403.728264345472,,9.919783173976208,,1291.0,2605.25,8.03362494511218,0,2,1,,0.0,1.0,,0.0,0.0,0.0,1181.9664441593745,,,1693.6408629724258,2245.6549966314074,1181.9664441593745,568.5171717110688,298.18127837005125,294.6367688001006
1913,raspberrypi,304.0,2023-08-09,17:50:01,Whole,724.4784092845082,1.0,6.274211877810259,14.625255190504614,2703.592741935484,2091.2540322580644,4.539534619436385,0,122,31,148.51267719061957,0.3924050632911392,0.6075949367088608,,0.0,0.3924050632911392,0.0,1044.2996780653407,,,1079.1684752340634,963.1349190157222,1044.2996780653407,1143.5228947903254,945.9756778544784,68.78506542224139
1914,raspberrypi,306.0,2023-08-09,17:50:01,Whole,670.6352951199214,1.0,6.659551410194506,81.73429717524311,2759.245535714286,1316.044642857143,3.8964192513283016,0,116,28,1523.7021604075987,0.0,0.6582278481012658,,0.0,0.0,0.0,1135.0789311091557,,,551.9315125680836,578.393496576977,1135.0789311091557,1374.408517287613,1348.6850688891243,372.3349397587481
1915,raspberrypi,307.0,2023-08-09,17:50:01,Whole,1090.7712119683147,1.0,7.0097149508809204,121.76498902495581,2182.3529411764707,2617.705882352941,3.4512512169889766,0,77,17,2970.5305692692114,0.0,0.7974683544303798,,0.0,0.0,0.0,1152.1904008178153,,,1517.653371400865,1670.16391631419,1152.1904008178153,879.9251821647558,572.754496307692,473.99306250341385
1916,raspberrypi,308.0,2023-08-09,17:50:01,Whole,1322.7227410177231,1.0,8.265166604940699,54.58980279397344,1555.016304347826,2674.9021739130435,4.4297142568157595,0,81,23,2444.7623003775107,0.08860759493670886,0.7341772151898734,,0.0,0.08860759493670886,0.08860759493670886,1159.609947102768,,,1669.719762615702,2108.7243949085782,1159.609947102768,617.0840611756911,361.43865876518566,360.9090735046045
1917,raspberrypi,310.0,2023-08-09,17:50:01,Whole,834.1731828371146,1.0,7.205001375471018,90.007400968957,2184.9645833333334,840.9833333333333,3.729815035958697,1,162,60,3954.7626758360184,0.0,0.25316455696202533,,0.5443037974683544,0.0,0.012658227848101266,1258.4078189032089,,,164.27344519850163,934.4563325054312,1258.4078189032089,1333.5257138324903,1107.9314915316772,571.2268617878512
1918,raspberrypi,314.0,2023-08-09,17:50:01,Whole,661.7803995369824,0.9444444444444444,4.7244177199284225,15.974245848212858,1565.342105263158,1462.7697368421052,2.513883641847222,0,54,19,70.84831236619938,0.1518987341772152,0.759493670886076,,0.0,0.1518987341772152,0.24050632911392406,885.5044055328506,,,582.7319609821794,1498.278324262612,885.5044055328506,469.98493270649834,61.978899627967024,164.30904042585752
1919,raspberrypi,315.0,2023-08-09,17:50:01,Whole,1505.0274490447277,1.0,8.508015920318474,37.233217696030515,1504.75,2877.125,5.4661855540389155,0,6,2,,0.0,0.9873417721518988,,0.0,0.0,0.0,1329.2720601305807,,,1866.8314902423938,2274.710315261962,1329.2720601305807,792.8606702483736,518.2964223802343,518.9744526570748
1920,raspberrypi,316.0,2023-08-09,17:50:01,Whole,554.4248537032873,0.3076923076923077,4.933118354579173,12.741694083946461,1814.8634259259259,1930.9976851851852,3.7320988502202104,0,159,54,47.019889508982345,0.24050632911392406,0.3291139240506329,,0.0,0.24050632911392406,0.5949367088607594,750.2184485517998,,,871.2757977250212,1456.3185904289394,750.2184485517998,326.17159751037997,119.69698042764131,203.48234936751788
1921,raspberrypi,317.0,2023-08-09,17:50:01,Whole,796.8591497011315,1.0,6.3378995376398395,81.54062680277093,2928.1458333333335,1192.8541666666667,3.0189597549003864,0,29,6,0.011892430708426065,0.012658227848101266,0.9240506329113924,,0.0,0.012658227848101266,0.0,1203.3787913839235,,,530.3671897003989,418.4964427227299,1203.3787913839235,1569.7107294314246,1427.4271383615483,310.94090413043045
1922,raspberrypi,319.0,2023-08-09,17:50:01,Whole,867.5011768790363,1.0,7.597989830525686,67.04444901511799,2721.5174418604647,898.2994186046511,2.947506511431431,1,155,43,3784.587954749061,0.08860759493670886,0.46835443037974683,,0.189873417721519,0.08860759493670886,0.0,1267.4134843451434,,,287.77143264370983,524.4465192266139,1267.4134843451434,1591.1146739948515,1319.7687699878868,318.07746189005576
1923,raspberrypi,429.0,2023-08-09,17:50:01,Whole,926.5719389121897,,5.220155303928088,,1295.5,1612.25,1.3418009450287094,0,5,1,,0.012658227848101266,0.9873417721518988,,0.0,0.012658227848101266,0.012658227848101266,912.0582680229644,,,877.9151593668628,1782.2807736343827,912.0582680229644,368.3423514642875,28.832392634035045,41.05124729007987
1924,raspberrypi,431.0,2023-08-09,17:50:01,Whole,466.23258952728514,,4.032299347458784,,2213.0,2019.25,2.1325741096271407,0,2,1,,0.0,1.0,,0.0,0.0,0.0,858.8252880043336,,,904.4917903035162,1204.849969864391,858.8252880043336,666.791232391947,494.3288456325402,463.70976751804517
1925,raspberrypi,682.0,2023-08-09,17:50:01,Whole,755.2091244312155,1.0,5.216004941683884,27.89608234480819,2358.55,811.35,4.898317081106055,0,14,5,164.2517308600189,0.0,0.9367088607594937,,0.06329113924050633,0.0,0.0,1226.588914681663,,,0.0,749.7387743920865,1226.588914681663,1387.1798130253937,1066.195972606843,610.4540373398571
1926,raspberrypi,818.0,2023-08-09,17:50:01,Whole,969.1005023225263,,7.822422699397141,,1919.8333333333333,1514.75,3.837944828426926,0,8,3,,0.0,0.9746835443037974,,0.02531645569620253,0.0,0.0,1212.5061892006463,,,605.7428091034545,1370.7877159062489,1212.5061892006463,1050.8120308859964,621.7984098605664,581.1165385305195
1927,raspberrypi,216.0,2023-08-10,02:35:01,Whole,1162.6053785326885,,8.068735231182561,,2570.75,799.5,8.068735231182561,0,1,1,,0.0,0.9873417721518988,,0.012658227848101266,0.0,0.0,1258.6397096654216,,,65.84425959219533,592.2089894905891,1258.6397096654216,1530.3020411503196,1252.3130452886546,399.70818712639436
1928,raspberrypi,305.0,2023-08-10,02:35:01,Whole,401.59042667435483,0.0,6.470449311958256,,3291.362341772152,2185.5648734177216,8.107934851895328,0,32,79,0.09307547855344182,0.0,1.0,,0.0,0.0,0.0,1454.8337263774195,,,1460.4699182695113,933.2319785274738,1454.8337263774195,1728.1279459027603,1540.717774022651,295.8116302059208
1929,raspberrypi,306.0,2023-08-10,02:35:01,Whole,276.787413739381,0.0,3.362044684489068,,2823.5,1733.5,3.362044684489068,0,2,2,,0.0,0.9746835443037974,,0.0,0.0,0.0,1068.5902627248968,,,818.4284308551612,632.9065559804792,1068.5902627248968,1285.2213086343756,1147.731501010323,210.92945595918908
1930,raspberrypi,314.0,2023-08-10,02:35:01,Whole,1169.4630266103084,0.0,4.325179281929829,,2554.568181818182,799.8011363636364,8.108997647842715,1,24,22,0.1758612675079245,0.0,0.7215189873417721,,0.27848101265822783,0.0,0.0,1256.0361668151031,,,49.73209857812065,603.4833893511775,1256.0361668151031,1519.3072906527916,1238.4825882296802,416.7377138616003
1931,raspberrypi,319.0,2023-08-10,02:35:01,Whole,322.0796397574499,,1.9445558514870451,,3397.5,1824.5,1.9445558514870451,0,1,1,,0.0,0.9873417721518988,,0.0,0.0,0.0,1461.8385151922282,,,1274.146242190139,627.1754318071293,1461.8385151922282,1832.9338131627521,1693.1924992432118,456.8274497906807
1932,raspberrypi,470.0,2023-08-10,02:35:01,Whole,1289.1165952082886,,6.732917773442143,,2087.0,1042.5,4.96068811280917,0,3,2,,0.0,1.0,,0.0,0.0,0.0,1230.2890359556225,,,405.2875629798999,1087.5568567678613,1230.2890359556225,1227.0550454929128,929.1319951091843,797.2386584608746
1933,raspberrypi,525.0,2023-08-10,02:35:01,Whole,1792.341325694477,,10.17965940915325,,1320.0,2204.75,10.17965940915325,0,1,1,,0.012658227848101266,0.9873417721518988,,0.0,0.012658227848101266,0.012658227848101266,894.2195473014956,,,1327.5062333263588,1996.7670957895095,894.2195473014956,257.66537622953905,70.20212174847934,61.21061134517224
1934,raspberrypi,812.0,2023-08-10,02:35:01,Whole,300.27065430801065,,3.3960406145156368,,2787.75,1763.0,3.3960406145156368,0,2,2,,0.02531645569620253,0.9746835443037974,,0.0,0.02531645569620253,0.0,1049.4704692330047,,,823.5312446321686,672.0760472933904,1049.4704692330047,1245.3254648195787,1105.586806023939,186.53826957145483
1935,raspberrypi,821.0,2023-08-10,02:35:01,Whole,1171.2136383634847,,4.059269187958669,,2552.25,799.0,0.005322059099568438,1,2,1,,0.0,0.9873417721518988,,0.012658227848101266,0.0,0.0,1256.1271274488586,,,47.338031566497705,605.146407838406,1256.1271274488586,1518.3339519586718,1236.9490237575048,418.20570209346533
1936,raspberrypi,306.0,2023-08-10,00:30:01,Whole,350.9741902566863,0.025974025974025976,4.7844417204537555,4.978076937934969,3138.940705128205,2466.7195512820513,7.281687127790828,0,45,78,0.5949860401465251,0.0,0.9743589743589743,,0.0,0.0,0.0,1464.3275534122624,,,1607.8307449166005,1207.3334986624382,1464.3275534122624,1630.0543846485377,1398.4182401054136,327.3076500766314
1937,raspberrypi,307.0,2023-08-10,00:30:01,Whole,181.80582041722462,,1.7251247974489603,,3161.5,2138.75,1.7251247974489603,0,1,1,,0.01282051282051282,0.9871794871794872,,0.0,0.01282051282051282,0.0,1340.0466898410666,,,1344.4833759796115,879.7042162063419,1340.0466898410666,1596.0236257226986,1414.7020395728543,159.46775561537535
1938,raspberrypi,310.0,2023-08-10,00:30:01,Whole,1122.7250135827708,1.0,5.569552160663408,124.48362620075454,2678.154761904762,1605.857142857143,7.352141043193028,0,44,42,7421.581929053829,0.1794871794871795,0.46153846153846156,,0.05128205128205128,0.1794871794871795,0.0,1279.3019186968859,,,907.3831304211285,916.0210872907063,1279.3019186968859,1444.1986283887916,1272.897406011095,329.00003495192584
1939,raspberrypi,470.0,2023-08-10,00:30:01,Whole,782.9032556838328,,5.924393055547791,,2982.0,1370.75,5.716766610370097,0,2,1,,0.0,0.9871794871794872,,0.0,0.0,0.0,1192.4433409835842,,,666.6372978429936,412.4461377677868,1192.4433409835842,1539.9068271681583,1428.2210275114546,428.49292988501645
1940,raspberrypi,666.0,2023-08-10,00:30:01,Whole,628.5880952839485,,4.228401308583574,,3114.25,1539.5,3.6687820622179608,0,2,1,,0.0,0.9871794871794872,,0.0,0.0,0.0,1250.332331395327,,,874.2173820759956,466.387705609058,1250.332331395327,1608.4015715741732,1483.3703999382444,472.78511715394677
1941,raspberrypi,17.0,2023-08-10,00:40:01,Whole,2028.7947553925746,,11.004570096664496,,711.5,2250.0,6.32536796027788,0,4,1,,0.0,1.0,,0.0,0.0,0.0,1426.5953207593977,,,1741.2214473170711,2537.088168594353,1426.5953207593977,769.3492629082365,635.3468303907914,644.0771819027983
1942,raspberrypi,216.0,2023-08-10,00:40:01,Whole,693.855857264807,,7.854908829809866,,3130.25,1307.75,7.150280044548532,0,2,1,,0.0,0.987012987012987,,0.0,0.0,0.0,1286.415985362011,,,758.4442123868664,371.8494651775635,1286.415985362011,1698.8728912357465,1588.9430225519006,355.77698472554385
1943,raspberrypi,250.0,2023-08-10,00:40:01,Whole,1714.987459024496,,7.980531443574232,,1661.75,488.75,4.154596221623795,0,2,1,,0.0,1.0,,0.0,0.0,0.0,1507.456800908238,,,264.2848301915572,1412.3182533756417,1507.456800908238,1424.5776292926419,951.9597363654473,1131.924929002275
1944,raspberrypi,304.0,2023-08-10,00:40:01,Whole,1011.2254653134647,1.0,5.27598848835598,13.982538477938501,3005.6666666666665,888.75,1.2593389834320268,0,18,3,12.164735425938506,0.03896103896103896,0.961038961038961,,0.0,0.03896103896103896,0.0,1321.9862399218541,,,506.88239255862976,381.71358302990734,1321.9862399218541,1794.7004169595482,1602.1465916473971,0.0
1945,raspberrypi,306.0,2023-08-10,00:40:01,Whole,668.1581110245116,0.9605263157894737,7.604183078366858,60.404537468020216,2772.6672077922076,2174.1623376623374,3.4050687200189835,0,166,77,4261.292172014148,0.07792207792207792,0.03896103896103896,,0.0,0.07792207792207792,0.012987012987012988,1220.7830260778978,,,1262.7549223601027,1103.3203901689744,1220.7830260778978,1278.7577155576228,1257.5692862929955,298.0806052421484
1946,raspberrypi,307.0,2023-08-10,00:40:01,Whole,615.0801484119186,1.0,6.243263450076091,193.47798848615983,2302.4210526315787,1832.654605263158,2.501479217124263,2,123,38,14560.990857265511,0.06493506493506493,0.5064935064935064,,0.03896103896103896,0.06493506493506493,0.0,996.8346240356433,,,787.1529681594013,1106.0551715538654,996.8346240356433,915.6885261389825,732.7503637625641,420.86129142148684
1947,raspberrypi,309.0,2023-08-10,00:40:01,Whole,740.376613096786,1.0,6.215682059639791,77.4059952489468,2307.150568181818,1954.278409090909,3.0187667644309024,2,138,44,2132.1111480855575,0.05194805194805195,0.44155844155844154,,0.11688311688311688,0.05194805194805195,0.0,1083.545402413263,,,917.8484288253331,1200.274233201415,1083.545402413263,1003.9209585370709,798.4410863511627,450.7133214126978
1948,raspberrypi,316.0,2023-08-10,00:40:01,Whole,1507.981740362696,1.0,7.30985743868783,28.72399315210082,3371.25,502.125,2.8260186224987494,0,38,7,219.71657754434463,0.07792207792207792,0.9090909090909091,,0.0,0.07792207792207792,0.0,1726.6990069059923,,,900.2501944291602,477.30118349099826,1726.6990069059923,2315.7076725776374,2110.5322036235666,165.65468107138935
1949,raspberrypi,317.0,2023-08-10,00:40:01,Whole,863.8344941355745,1.0,7.303399608085614,148.077766706796,3083.2321428571427,2541.4464285714284,3.754509176547596,0,84,21,12075.04074826442,0.0,0.7532467532467533,,0.0,0.0,0.0,1510.478619287528,,,1676.3671847302785,1302.7769053934828,1510.478619287528,1635.402358356893,1529.8342577700175,487.21884020812377
1950,raspberrypi,319.0,2023-08-10,00:40:01,Whole,767.6246252657735,0.925,6.555817209570454,42.50507600743467,3114.6615853658536,1207.966463414634,3.2707043114244154,0,145,41,908.2261646942375,0.2727272727272727,0.4675324675324675,,0.0,0.2727272727272727,0.0,1308.437643913978,,,748.8494126095602,424.28546547989185,1308.437643913978,1735.8672267191678,1641.545661080401,189.63934046163297
1951,raspberrypi,458.0,2023-08-10,00:40:01,Whole,452.9754207262015,,3.8019093474724213,,2874.25,2271.5,1.3792028545184485,0,4,1,,0.012987012987012988,0.987012987012987,,0.0,0.012987012987012988,0.0,1197.8546455369824,,,1312.2072302425127,1057.2255209962618,1197.8546455369824,1331.4175101380172,1121.1583270182086,48.82101456997364
1952,raspberrypi,542.0,2023-08-10,00:40:01,Whole,1309.5673115956754,1.0,6.824901705448945,2.885849095153799,3071.125,596.75,3.1177773099770762,0,12,3,0.0,0.03896103896103896,0.961038961038961,,0.0,0.03896103896103896,0.0,1494.7378636761773,,,585.7480785548852,375.6027402793789,1494.7378636761773,2026.0635766840508,1786.2434933635536,110.49743024255537
1953,raspberrypi,683.0,2023-08-10,00:40:01,Whole,2056.1669167521277,,9.05220278600065,,1147.375,1656.25,6.0586813791032075,0,6,2,,0.0,1.0,,0.0,0.0,0.0,1712.5837807540358,,,1533.5645010336098,2302.9242081362127,1712.5837807540358,1311.1603776061017,932.7485910558967,1024.3170282700494
1954,raspberrypi,818.0,2023-08-10,00:40:01,Whole,473.2894027113069,1.0,5.48383438059124,48.08602317721856,2968.375,2242.0,3.264439719739709,0,12,3,0.0,0.03896103896103896,0.961038961038961,,0.0,0.03896103896103896,0.0,1241.8877518806703,,,1328.8379854343468,1006.2547926565231,1241.8877518806703,1418.1392789883323,1215.7324881847605,45.656195450345166
1955,raspberrypi,31.0,2023-08-09,23:05:01,Whole,1358.8177143373623,,5.606754840255659,,3219.0,599.75,1.2791987355524745,0,2,1,,0.0136986301369863,0.9863013698630136,,0.0,0.0136986301369863,0.0,1557.4734104405095,,,730.3392771020151,389.37506301132987,1557.4734104405095,2136.698229856156,1915.1475643985775,0.0
1956,raspberrypi,250.0,2023-08-09,23:05:01,Whole,1259.0157382735279,,7.666802340736284,,1661.75,488.5,7.615342122408015,0,2,1,,0.0,1.0,,0.0,0.0,0.0,1507.6481608930892,,,264.4100004135909,1412.3829722061234,1507.6481608930892,1424.8248285929305,952.2028069875212,1132.171600123196
1957,raspberrypi,304.0,2023-08-09,23:05:01,Whole,846.8552978810876,,5.889131697932996,,3007.0,2022.0,5.889131697932996,0,1,1,,0.0136986301369863,0.9863013698630136,,0.0,0.0136986301369863,0.0,1193.6692864546603,,,1160.1968380795831,786.8153803813609,1193.6692864546603,1438.5643856753513,1277.6660699342458,19.266858922639614
1958,raspberrypi,310.0,2023-08-09,23:05:01,Whole,1127.2738477919881,0.4411764705882353,5.879456795143916,7.505602472034468,3118.528571428571,828.4357142857143,8.781653789460805,0,37,35,52.01753211002904,0.4794520547945205,0.5205479452054794,,0.0,0.4794520547945205,0.0,1394.6699765623193,,,614.359284401022,369.98735029318095,1394.6699765623193,1920.4251598001035,1738.6948652912247,0.0
1959,raspberrypi,316.0,2023-08-09,23:05:01,Whole,566.0961072192032,0.0,8.071383682356913,,1866.9554794520548,1968.777397260274,8.780677740373234,0,38,73,0.08273642378978137,0.0,0.0,,0.0,0.0,1.0,760.9103604461955,,,893.092461977864,1433.7828135187528,760.9103604461955,358.7411551226294,164.4896238435361,215.68748779391544
1960,raspberrypi,250.0,2023-08-10,04:25:01,Whole,824.6144601039324,,,,1662.5,488.5,,0,0,1,,0.0,1.0,,0.0,0.0,0.0,1507.4669127077827,,,263.76096383442615,1411.706413032245,1507.4669127077827,1424.9160845287342,952.3783928928328,1132.2938003030984
1961,raspberrypi,304.0,2023-08-10,04:25:01,Whole,955.987876655609,,,,2861.5,1751.0,,0,0,1,,0.25,0.75,,0.0,0.25,0.0,1087.5710538461904,,,854.5154579288132,622.8750122436278,1087.5710538461904,1318.5689216934122,1180.0099461378975,193.45799146785504
1962,raspberrypi,317.0,2023-08-10,04:25:01,Whole,941.0479074215616,,,,2902.0,739.25,,0,0,1,,0.25,0.75,,0.0,0.25,0.0,1358.6009628042796,,,398.35778216770296,410.3051819763441,1358.6009628042796,1806.8004785483092,1569.5490876225804,88.22591504112403
1963,raspberrypi,437.0,2023-08-10,04:25:01,Whole,1335.0646432148894,,,,897.75,1817.5,,0,0,1,,0.0,1.0,,0.0,0.0,0.0,1192.631559281997,,,1312.9658677383604,2207.288331534263,1192.631559281997,575.5021384221641,410.6832535551587,428.9629897343033
1964,raspberrypi,250.0,2023-08-10,08:15:01,Whole,318.17788571193347,,0.9698406286361853,,2984.25,1370.0,0.7276432627884477,1,2,1,,0.0,0.9866666666666667,,0.0,0.0,0.0,1193.7597681773727,,,668.0200999912274,411.4972298427642,1193.7597681773727,1542.2380699243406,1430.5660411914948,427.3108637240997
1965,raspberrypi,304.0,2023-08-10,08:15:01,Whole,1001.3282289793499,,6.459943063628288,,2996.25,2072.0,4.657175225190058,0,2,1,,0.013333333333333334,0.9866666666666667,,0.0,0.013333333333333334,0.0,1197.9185491640246,,,1196.1327440085258,836.7079032627482,1197.9185491640246,1429.1904989022212,1258.6723176948476,0.0
1966,raspberrypi,305.0,2023-08-10,08:15:01,Whole,491.4307326327828,1.0,4.017893853306824,14.59374725820351,2854.7083333333335,1572.6041666666667,2.443476684123096,0,12,6,102.62583245459697,0.0,0.92,,0.0,0.0,0.0,1098.175431464712,,,709.8535079853705,530.354313215289,1098.175431464712,1354.1669106971426,1225.5092537017829,372.7988034627399
1967,raspberrypi,308.0,2023-08-10,08:15:01,Whole,293.68511810960126,0.17567567567567569,3.634349614853221,5.860203992335889,3127.595,1178.1966666666667,2.7100001587999203,0,79,75,5.028242157611749,0.0,0.0,,0.0,0.0,0.0,1306.896138965832,,,700.139172972098,370.73759343484346,1306.896138965832,1749.7276857659547,1622.753773186318,225.98840150444107
1968,raspberrypi,319.0,2023-08-10,08:15:01,Whole,510.33795669475313,0.8225806451612904,4.2774441294163275,35.44595386960554,2512.5416666666665,817.9781746031746,5.152822185986417,1,78,63,5190.838979080098,0.25333333333333335,0.16,,0.49333333333333335,0.25333333333333335,0.0,1277.5303342468328,,,184.10011290669493,680.906945332132,1277.5303342468328,1513.9736787564332,1100.4142317046549,726.8117722280642
1969,raspberrypi,328.0,2023-08-10,08:15:01,Whole,1008.5037764120099,,4.8619199362651555,,2938.5,2086.0,4.775056620909261,0,2,1,,0.013333333333333334,0.9866666666666667,,0.0,0.013333333333333334,0.0,1164.6686778224557,,,1177.9227359380911,865.4363738075109,1164.6686778224557,1372.974305404021,1199.4820000190593,0.0
1970,raspberrypi,524.0,2023-08-10,08:15:01,Whole,317.4860043826239,,2.0839177745716584,,2981.5,1370.5,1.307133329029496,0,2,1,,0.0,0.9866666666666667,,0.0,0.0,0.0,1192.2189559883902,,,666.085776627827,412.6041554256809,1192.2189559883902,1539.5470574580934,1427.889450676427,428.34852179721565
1971,raspberrypi,533.0,2023-08-10,08:15:01,Whole,446.639795917275,,2.5784562132831,,2505.75,797.25,1.4514622909226373,0,2,1,,0.0,0.9866666666666667,,0.013333333333333334,0.0,0.0,1250.614101938508,,,0.80533065540601,638.578722703183,1250.614101938508,1489.1557370606527,1198.9626559638723,464.7296512981052
1972,raspberrypi,584.0,2023-08-10,08:15:01,Whole,1452.6102038657677,,7.782728122532207,,2291.75,2422.25,7.782728122532207,0,1,1,,0.0,1.0,,0.0,0.0,0.0,1034.9825210726342,,,1311.036777586636,1443.894790309469,1034.9825210726342,829.5730426317645,554.9936687766913,519.3260313716412
1973,raspberrypi,666.0,2023-08-10,08:15:01,Whole,723.2827785387742,1.0,4.837097496697704,21.57327629267284,3068.28125,1769.34375,3.2002020604528614,0,8,4,0.0,0.0,0.9466666666666667,,0.0,0.0,0.0,1213.6549881382891,,,999.8310018554073,581.0661932602657,1213.6549881382891,1516.8054154676204,1363.8201842407648,218.4483348789778
1974,raspberrypi,31.0,2023-08-10,13:25:01,Whole,1223.301171171659,,9.012171284734936,,2517.75,797.75,9.012171284734936,0,1,1,,0.0,0.987012987012987,,0.012987012987012988,0.0,0.0,1251.9367856341937,,,12.815434689969095,629.8324949574269,1251.9367856341937,1496.5734275588195,1208.686739575768,452.7205847363648
1975,raspberrypi,304.0,2023-08-10,13:25:01,Whole,661.2401075417093,,4.351559390501491,,3457.0,1759.25,4.223098515910151,0,2,1,,0.0,0.987012987012987,,0.0,0.0,0.0,1503.5761505853293,,,1279.6410405554343,602.9724711064423,1503.5761505853293,1898.5163927868525,1761.7380217287553,540.2980236108384
1976,raspberrypi,308.0,2023-08-10,13:25:01,Whole,522.0394518228952,0.07894736842105263,5.581363666554681,3.51768402314188,2974.5665584415583,2482.2126623376626,3.733439778027492,0,77,77,0.9381485332136337,0.0,0.922077922077922,,0.0,0.0,0.0,1367.7790814182285,,,1545.5799282628232,1238.2127289544128,1367.7790814182285,1478.1891789495457,1237.6098588730247,271.86203440465874
1977,raspberrypi,310.0,2023-08-10,13:25:01,Whole,1060.8295250083977,1.0,7.572105186239416,58.44381755853267,2628.220238095238,941.7738095238095,8.517752578940339,0,52,42,5780.419183497906,0.06493506493506493,0.45454545454545453,,0.38961038961038963,0.06493506493506493,0.0,1229.8328384885958,,,201.38157879199983,584.127395932893,1229.8328384885958,1502.1507547188503,1238.1180811509394,409.8182665920583
1978,raspberrypi,312.0,2023-08-10,13:25:01,Whole,227.64932059673762,0.6666666666666666,5.040765696582185,9.313294768405783,2773.575,2196.9375,1.8439339519607665,0,42,30,47.81705439677915,0.38961038961038963,0.6103896103896104,,0.0,0.38961038961038963,0.0,1111.6013974817536,,,1203.1523733438676,1023.4249590429653,1111.6013974817536,1221.854464450951,1013.850505464903,20.250699698991227
1979,raspberrypi,319.0,2023-08-10,13:25:01,Whole,865.0143405558232,,5.928406880336111,,3423.0,1346.5,5.556608922054008,0,2,1,,0.0,0.987012987012987,,0.0,0.0,0.0,1483.9046900394885,,,1038.0494729310572,430.87989719999376,1483.9046900394885,1956.6337844093532,1840.3111026907388,489.7543741874845
1980,raspberrypi,666.0,2023-08-10,13:25:01,Whole,1266.6526170922737,,6.726287071702432,,1583.5,2184.0,6.097293089619327,0,2,1,,0.012987012987012988,0.987012987012987,,0.0,0.012987012987012988,0.012987012987012988,775.1936760252338,,,1188.9393193786516,1772.7601325046746,775.1936760252338,188.60548169588196,15.851328611438163,0.0
1981,raspberrypi,913.0,2023-08-10,13:25:01,Whole,212.72872266902405,,4.494245718027575,,2751.25,2175.75,1.9541269771445355,0,2,1,,0.012987012987012988,0.987012987012987,,0.0,0.012987012987012988,0.0,1091.9666645232232,,,1174.8763912982713,1013.0927600417783,1091.9666645232232,1197.2278891893964,1002.7874220098074,19.906685542096398
1982,raspberrypi,17.0,2023-08-10,04:55:02,Whole,1475.395264766562,,5.373364710018977,,1400.25,1417.75,5.373364710018977,0,1,1,,0.0,0.9857142857142858,,0.0,0.0,0.014285714285714285,961.1360396628388,,,670.8817254994244,1638.7366128628723,961.1360396628388,495.1028692430102,0.0,195.46491943015798
1983,raspberrypi,183.0,2023-08-10,04:55:02,Whole,1626.4009113685095,,11.213198787348286,,1664.25,488.25,10.882309639567632,0,2,1,,0.0,1.0,,0.0,0.0,0.0,1507.2363703952835,,,262.37318033717935,1410.192790095723,1507.2363703952835,1425.3776062270929,953.0329686595369,1132.827296783569
1984,raspberrypi,250.0,2023-08-10,04:55:02,Whole,244.28512588502852,,3.815714013087648,,2985.25,1370.5,2.542862382754345,0,3,1,,0.0,0.9857142857142858,,0.0,0.0,0.0,1194.2105435539358,,,669.1235176546841,411.184184878202,1194.2105435539358,1542.9580536803278,1431.2298027769373,427.6052939555269
1985,raspberrypi,306.0,2023-08-10,04:55:02,Whole,733.3613094627888,0.41935483870967744,5.373771331460459,5.841658534425802,3022.628787878788,867.3636363636364,6.996709544990299,0,32,33,13.073784938106039,0.4714285714285714,0.5285714285714286,,0.0,0.4714285714285714,0.0,1337.4352720474537,,,521.4696121523417,378.2200750500742,1337.4352720474537,1820.7267039355463,1626.4099858369627,0.0
1986,raspberrypi,307.0,2023-08-10,04:55:02,Whole,607.8025283980911,1.0,5.16144777936441,15.706473632734326,3169.2430555555557,2109.9305555555557,1.683475214819455,2,29,18,226.5008391926181,0.12857142857142856,0.7857142857142857,,0.0,0.12857142857142856,0.0,1340.167065850483,,,1326.306642028643,852.312978945793,1340.167065850483,1603.77366394033,1432.6692467280773,190.512554833993
1987,raspberrypi,309.0,2023-08-10,04:55:02,Whole,951.9384134440875,1.0,4.915151592899651,23.174608950314568,2472.75,717.125,3.7417322781817015,0,3,2,,0.0,0.9714285714285714,,0.02857142857142857,0.0,0.0,1295.1837867482673,,,0.0,672.1483706055415,1295.1837867482673,1529.4663463341424,1218.683602751863,507.1299420768308
1988,raspberrypi,314.0,2023-08-10,04:55:02,Whole,458.2381483279135,,4.420048640765599,,3065.0,1996.75,1.5781070591956468,0,2,1,,0.014285714285714285,0.9857142857142858,,0.0,0.014285714285714285,0.0,1231.3678903103914,,,1172.899916144425,749.877792855076,1231.3678903103914,1495.7521915765465,1339.4043669745338,82.36319885127332
1989,raspberrypi,316.0,2023-08-10,04:55:02,Whole,281.48372101123476,1.0,3.8249142492349164,5.6496117541457105,2792.25,1855.4166666666667,1.5781070591956468,0,2,3,1.4137740548372575,0.04285714285714286,0.9571428571428572,,0.0,0.04285714285714286,0.0,1049.882040447529,,,905.072876382434,733.0290736089423,1049.882040447529,1236.1688536714394,1090.6707305766172,96.88539786916235
1990,raspberrypi,319.0,2023-08-10,04:55:02,Whole,778.8471629529979,0.9795918367346939,4.935785958298502,53.19613466565131,2763.6775,1819.8475,2.4617225041799426,2,51,50,3247.919627166881,0.18571428571428572,0.3142857142857143,,0.18571428571428572,0.18571428571428572,0.0,1248.3268809301576,,,937.200088045286,971.0886523724446,1248.3268809301576,1384.9093138244318,1135.1017387486827,267.5301933144985
1991,raspberrypi,542.0,2023-08-10,04:55:02,Whole,285.07090807501316,0.0,2.486898274432056,,2741.279411764706,1840.0588235294117,2.2900253216312874,0,17,17,0.16006355365987093,0.24285714285714285,0.7571428571428571,,0.0,0.24285714285714285,0.0,1026.150190275188,,,866.8692070497501,750.1057104287144,1026.150190275188,1188.5153841732883,1042.8304194940608,129.59660862160473
1992,raspberrypi,106.0,2023-08-10,11:45:01,Whole,1917.9444648005888,,8.596159506884893,,1300.25,2377.25,8.596159506884893,0,1,1,,0.017857142857142856,0.9821428571428571,,0.0,0.017857142857142856,0.017857142857142856,1009.0554524776876,,,1486.8549467875619,2104.5296369559437,1009.0554524776876,374.41386706554584,117.22047752472265,112.23746286861468
1993,raspberrypi,110.0,2023-08-10,11:45:01,Whole,1846.9722950351997,,10.885534661389352,,1703.25,2774.0,7.282932787182451,0,3,1,,0.0,1.0,,0.0,0.0,0.0,1204.1022195380995,,,1714.0506063919179,2069.0129122490334,1204.1022195380995,715.013008733235,399.6114889783918,396.52494751098595
1994,raspberrypi,307.0,2023-08-10,11:45:01,Whole,745.2688153070002,0.6304347826086957,7.587883589138356,14.92501537205141,2959.3489583333335,2170.4583333333335,6.584988540140029,0,51,48,212.37697960712612,0.8571428571428571,0.14285714285714285,,0.0,0.8571428571428571,0.0,1205.9385213041985,,,1261.6392037584874,939.5163575860745,1205.9385213041985,1400.1976391634053,1222.26696601342,0.0
1995,raspberrypi,308.0,2023-08-10,11:45:01,Whole,569.6768282580687,1.0,5.632659891078004,42.347830111817586,2859.9635416666665,926.0364583333334,1.564467688318172,3,50,24,626.6632110819356,0.2857142857142857,0.5714285714285714,,0.10714285714285714,0.2857142857142857,0.0,1273.5718144758293,,,385.84658387499957,463.9715647977073,1273.5718144758293,1662.3224617761596,1517.1547858621493,69.12156966716736
1996,raspberrypi,310.0,2023-08-10,11:45:01,Whole,770.1935765881717,1.0,6.074528199656234,24.11497143960828,3181.65625,687.25,1.5803844520236676,0,24,12,174.70940551875225,0.21428571428571427,0.7857142857142857,,0.0,0.21428571428571427,0.0,1484.9643861246186,,,681.7811438757668,377.4171304321327,1484.9643861246186,2054.155691539331,1838.33019176289,2.8808298896464137
1997,raspberrypi,315.0,2023-08-10,11:45:01,Whole,596.0064220578918,1.0,7.0007020857503495,24.681785466224646,3178.7430555555557,872.7569444444445,1.3976904655732332,0,41,18,348.09061315222846,0.32142857142857145,0.6785714285714286,,0.0,0.32142857142857145,0.0,1415.632139464017,,,681.4673364979141,380.87553366684284,1415.632139464017,1945.1119890228417,1783.521716916693,18.039174191002274
1998,raspberrypi,319.0,2023-08-10,11:45:01,Whole,347.928819802213,,2.089396458130873,,2914.25,1769.75,2.089396458130873,0,1,1,,0.017857142857142856,0.9821428571428571,,0.0,0.017857142857142856,0.0,1116.3349083092255,,,900.7742721014383,607.8905713218351,1116.3349083092255,1366.4503371695166,1226.9268715768894,184.0286546844345
1999,raspberrypi,683.0,2023-08-10,11:45:01,Whole,2369.1995960524905,,12.143851207533272,,873.75,313.0,10.427521168727171,0,4,1,,0.0,1.0,,0.0,0.0,0.0,1960.2443484695368,,,1055.7909729635799,2184.6634694704835,1960.2443484695368,1698.6029191293903,1212.1340453665673,1397.9693119338124
2000,raspberrypi,818.0,2023-08-10,11:45:01,Whole,663.4318545305446,1.0,3.6366822837713,18.24119258111782,3098.2727272727275,836.25,7.223613322862578,3,13,11,12.667370942322357,0.17857142857142858,0.8035714285714286,,0.017857142857142856,0.17857142857142858,0.0,1397.327641913805,,,618.6765256180266,413.4893793384224,1397.327641913805,1901.7923193647575,1792.0259741428106,0.0
2001,raspberrypi,300.0,2023-08-09,17:10:01,Whole,119.51336356363163,1.0,3.4148271893670317,20.615528128088304,2630.3333333333335,1865.25,2.894367883325229,0,10,3,,0.02564102564102564,0.9743589743589743,,0.0,0.02564102564102564,0.0,983.1731420533096,,,846.5159360552367,834.9653055329132,983.1731420533096,1078.4282285524569,1003.4473443756838,134.67116120519808
2002,raspberrypi,304.0,2023-08-09,17:10:01,Whole,677.6892988075043,0.28,4.080536866111673,5.148296148562917,2025.751644736842,1497.9819078947369,2.554332142861405,1,218,76,5.493520122379335,0.0,0.7307692307692307,,0.0,0.0,0.0,863.0193684518064,,,398.39399659462515,1105.1054396932116,863.0193684518064,676.8804351784926,504.2080797189809,523.1143456586766
2003,raspberrypi,307.0,2023-08-09,17:10:01,Whole,493.1318475365502,1.0,4.61304511645885,21.471889127124438,2959.035714285714,2152.0059523809523,2.24616792479052,0,73,21,549.4296010520573,0.24358974358974358,0.7307692307692307,,0.0,0.24358974358974358,0.0,1210.4699052183105,,,1253.0751596093858,929.398224226757,1210.4699052183105,1401.2691174795193,1159.1119089722458,12.511364249151342
2004,raspberrypi,309.0,2023-08-09,17:10:01,Whole,494.6240689604292,1.0,4.064107693608724,22.024702807861953,3052.5089285714284,2059.901785714286,2.279129611969306,0,44,14,38.35621315493585,0.1794871794871795,0.8205128205128205,,0.0,0.1794871794871795,0.0,1238.464925161866,,,1217.2044958932636,815.3534848720179,1238.464925161866,1485.5854173002147,1315.3123597415704,56.20120155321332
2005,raspberrypi,310.0,2023-08-09,17:10:01,Whole,846.9046922439611,0.0,5.248145493093269,,3128.5,2501.0929487179487,4.6285399273590615,0,223,78,0.13584874741168154,0.0,1.0,,0.0,0.0,0.0,1475.467717572016,,,1632.6356865409748,1241.9525698943116,1475.467717572016,1629.4940579219995,1392.3600812666555,349.76336986003304
2006,raspberrypi,311.0,2023-08-09,17:10:01,Whole,305.22269488917453,,4.155807742594386,,2319.25,1876.5,2.4400393982133783,0,3,1,,0.0,1.0,,0.0,0.0,0.0,875.3042775601425,,,770.5820304193171,1044.0255632538106,875.3042775601425,779.2431440342606,623.6240138524488,464.92100468114654
2007,raspberrypi,314.0,2023-08-09,17:10:01,Whole,549.3294036687952,0.875,3.912808631685548,43.640492926400306,2562.9615384615386,1366.2846153846153,2.767343818225454,1,190,65,1641.4137598069572,0.0,0.28205128205128205,,0.0,0.0,0.0,1036.4622577705918,,,421.9066640913179,675.6894402893721,1036.4622577705918,1178.2361817330009,994.4043147918446,642.0881258978993
2008,raspberrypi,315.0,2023-08-09,17:10:01,Whole,561.9973280417989,1.0,4.669512043486729,44.278738366886664,2927.065476190476,1361.6369047619048,4.323889422819375,0,73,21,2304.75586128435,0.0,0.7307692307692307,,0.0,0.0,0.0,1168.6588231578846,,,623.0706660944531,441.71303984478874,1168.6588231578846,1494.1507919944788,1382.444544071601,437.86913473144284
2009,raspberrypi,316.0,2023-08-09,17:10:01,Whole,571.0360324353778,1.0,4.436441917165107,32.10779001208876,2059.6617647058824,1866.7941176470588,1.5515971543291163,1,62,17,1044.6542720067284,0.02564102564102564,0.7948717948717948,,0.0,0.02564102564102564,0.02564102564102564,808.9763460414598,,,761.0811509533551,1233.253417110834,808.9763460414598,551.1751395397383,410.85108359076145,456.6515645831822
2010,raspberrypi,319.0,2023-08-09,17:10:01,Whole,335.4466840450203,1.0,4.13254043880598,27.615665843864782,2700.625,2149.375,2.8647565544995457,0,6,2,,0.02564102564102564,0.9743589743589743,,0.0,0.02564102564102564,0.0,1060.7204731250417,,,1131.6354323063015,1012.2840063491983,1060.7204731250417,1144.9153300860846,955.308133745073,54.65608502019691
2011,raspberrypi,524.0,2023-08-09,17:10:01,Whole,755.2272462755423,,4.7753070688081305,,1895.0,2035.75,2.8757734518136058,0,4,1,,0.01282051282051282,0.9871794871794872,,0.0,0.01282051282051282,0.01282051282051282,775.2089130679323,,,951.5679336702701,1448.0516108726226,775.2089130679323,376.3785324428421,176.08162944627475,183.617253012426
2012,raspberrypi,770.0,2023-08-09,17:10:01,Whole,704.5060872911089,,4.009005338570613,,2002.0,1485.5,0.021541097775039545,1,4,1,,0.0,1.0,,0.0,0.0,0.0,864.3534597214976,,,391.42662189745494,1121.2394889253715,864.3534597214976,667.9773087729272,475.64593416018073,499.43513901062204
2013,raspberrypi,818.0,2023-08-09,17:10:01,Whole,577.608413760141,,3.8779125664931935,,3153.5,1602.75,2.363113045774791,0,4,1,,0.0,0.9871794871794872,,0.0,0.0,0.0,1272.6639760249714,,,944.6633786504801,499.06982051339446,1272.6639760249714,1630.1598313947625,1501.0614711825756,433.53787325022927
2014,raspberrypi,306.0,2023-08-09,20:35:01,Whole,877.4284207123757,0.0,6.550042369029438,,3185.012658227848,2436.5632911392404,7.5421300868966,0,139,79,0.1063314665260645,0.0,1.0,,0.0,0.0,0.0,1480.6417022655537,,,1605.3530207448032,1176.7702667762135,1480.6417022655537,1666.622068663588,1440.1961609648724,332.5099794858223
2015,raspberrypi,310.0,2023-08-09,20:35:01,Whole,931.2270436598353,1.0,6.211326512991106,42.29601856136081,2704.3201219512193,1019.0365853658539,5.0450088633820815,0,85,41,2707.2863980733564,0.0,0.4810126582278481,,0.26582278481012656,0.0,0.0,1271.54182097383,,,336.60309677819964,599.0087865858002,1271.54182097383,1546.7004694934396,1228.6300263706435,516.5179646567794
2016,raspberrypi,314.0,2023-08-09,20:35:01,Whole,626.6992922000343,0.02564102564102564,4.289645023235715,2.07578268670201,1962.9066455696202,1634.7863924050632,5.412567177329681,13,139,79,0.19503410875332836,0.0,0.9746835443037974,,0.0,0.0,0.0,813.1638590445455,,,545.7372792495366,1204.7863762830812,813.1638590445455,553.5373833004323,445.82339682230025,430.4561349715222
2017,raspberrypi,319.0,2023-08-09,20:35:01,Whole,311.51929077485795,1.0,4.000378347627126,40.213492760515095,2766.375,2053.625,2.928800529084825,0,5,2,,0.02531645569620253,0.9746835443037974,,0.0,0.02531645569620253,0.0,1058.53049920871,,,1069.153870881372,902.1503623810061,1058.53049920871,1202.7157755154842,1035.6005740039082,0.0
2018,raspberrypi,470.0,2023-08-09,20:35:01,Whole,346.16409250771903,,4.602926099113323,,2776.5,1547.0,4.217309872500049,0,3,1,,0.0,0.9873417721518988,,0.0,0.0,0.0,1064.1177240465945,,,640.2203304636835,566.6086513261757,1064.1177240465945,1289.1919170942576,1166.653315735535,401.3727981660566
2019,raspberrypi,542.0,2023-08-09,20:35:01,Whole,602.6141592883451,0.0,4.830184852390018,,1959.4038461538462,1815.7211538461538,0.933329658439275,13,29,13,0.015122410571700341,0.0,1.0,,0.0,0.0,0.0,781.5246691169318,,,722.8753503724977,1284.4297939469182,781.5246691169318,472.5906308406051,320.8866344263447,394.1894713075902
2020,raspberrypi,669.0,2023-08-09,20:35:01,Whole,902.7171082712157,,6.244614321077609,,2173.75,1003.75,3.436496388817982,0,2,1,,0.0,0.9873417721518988,,0.012658227848101266,0.0,0.0,1102.3136412958925,,,0.0,894.8755853883304,1102.3136412958925,1126.528022533693,808.2639622291172,811.9994534555129
2021,raspberrypi,708.0,2023-08-09,20:35:01,Whole,902.9428097632542,,6.2473734222710045,,2173.75,1003.5,3.4385396062137166,0,2,1,,0.0,0.9873417721518988,,0.012658227848101266,0.0,0.0,1102.4531020697127,,,0.0,894.8685879011759,1102.4531020697127,1126.7268085606484,808.4055122203242,811.9531418836809
2022,raspberrypi,896.0,2023-08-09,20:35:01,Whole,265.57229798202627,,4.164011854507719,,2826.5,1794.75,3.794782909675705,0,2,1,,0.012658227848101266,0.9873417721518988,,0.0,0.012658227848101266,0.0,1067.709498711517,,,871.1148198484573,671.5069715162358,1067.709498711517,1277.497146314462,1135.8260369948616,149.61699414588153
2023,raspberrypi,172.0,2023-08-10,08:25:01,Whole,723.5232758624626,,,,3184.75,1949.25,,0,0,1,,0.0,0.9696969696969697,,0.0,0.0,0.0,1312.882815834508,,,1210.5517407225202,690.4555268999657,1312.882815834508,1614.9434496013844,1466.2807924593149,210.84425923010085
2024,raspberrypi,183.0,2023-08-10,08:25:01,Whole,1550.7954056785093,,,,1663.5,488.5,,0,0,1,,0.0,1.0,,0.0,0.0,0.0,1507.225646741105,,,262.8959526922867,1410.8044150881694,1507.225646741105,1425.0383380050605,952.6132815838732,1132.4574436677053
2025,raspberrypi,310.0,2023-08-10,08:25:01,Whole,484.62231720118837,1.0,1.770420423734091,63.18170909598682,2744.294117647059,852.125,1.770420423734091,0,1,17,3072.699520403675,0.15151515151515152,0.48484848484848486,,0.15151515151515152,0.15151515151515152,0.0,1266.094841364909,,,244.5116149533044,487.3614130667303,1266.094841364909,1618.1734878804052,1380.6193464334979,219.30215800475224
2026,raspberrypi,316.0,2023-08-10,08:25:01,Whole,792.0664852192687,1.0,,19.627949628688317,3365.625,1956.4375,,0,0,4,82.33414006051133,0.0,0.8787878787878788,,0.0,0.0,0.0,1455.2987997196901,,,1339.8030519150539,725.0555001485308,1455.2987997196901,1793.6193878451404,1637.7874089813058,374.1940115017666
2027,raspberrypi,463.0,2023-08-10,08:25:01,Whole,450.19138558609234,,1.770420423734091,,3214.25,840.75,1.770420423734091,0,1,1,,0.030303030303030304,0.9696969696969697,,0.0,0.030303030303030304,0.0,1439.7781959650688,,,710.5575028970175,376.68816880499537,1439.7781959650688,1991.6368815348776,1812.6243013302276,0.0
2028,raspberrypi,542.0,2023-08-10,08:25:01,Whole,716.5804836470252,1.0,,4.534266237496427,3468.375,1802.0,,0,0,9,9.015553202525849e-31,0.0,0.7272727272727273,,0.0,0.0,0.0,1516.6268732276758,,,1314.7835496328487,633.9174462900671,1516.6268732276758,1905.0026031682646,1766.48119986604,530.2597395939624
2029,raspberrypi,682.0,2023-08-10,08:25:01,Whole,728.6249076736234,,,,3185.25,536.5,,0,0,1,,0.030303030303030304,0.9696969696969697,,0.0,0.030303030303030304,0.0,1585.7150995128372,,,710.4632897004935,400.8387502057123,1585.7150995128372,2150.90779143814,1915.2577086539075,47.02417161332074
2030,raspberrypi,111.0,2023-08-10,03:05:01,Whole,607.7796778683331,,5.3335458574163574,,2897.75,1610.75,5.3335458574163574,0,1,1,,0.0,0.9871794871794872,,0.0,0.0,0.0,1116.472161985247,,,766.7991604224133,522.4151917968109,1116.472161985247,1384.1534955876648,1255.5027591319097,336.73167199205756
2031,raspberrypi,127.0,2023-08-10,03:05:01,Whole,823.4497349932898,0.0,5.5450160895866185,,2933.027777777778,197.5,2.118343559151136,0,11,9,1.3723954544227393e-25,0.0,0.8846153846153846,,0.0,0.0,0.0,1762.489968187747,,,629.6130414189794,588.6341852570068,1762.489968187747,2217.4610903060334,1904.3320928932253,468.17097295686875
2032,raspberrypi,190.0,2023-08-10,03:05:01,Whole,750.4425451545153,,5.848554680821775,,3365.5,1683.75,5.848554680821775,0,1,1,,0.0,0.9871794871794872,,0.0,0.0,0.0,1426.959806277904,,,1161.117049724809,555.0047705728799,1426.959806277904,1819.656071032864,1686.0829711483884,508.28100036774265
2033,raspberrypi,250.0,2023-08-10,03:05:01,Whole,356.61154253829125,,4.235296666204196,,2985.25,1370.625,3.896370127917758,0,4,2,,0.0,0.9743589743589743,,0.0,0.0,0.0,1194.1903071928125,,,669.196708959179,411.2000898300969,1194.1903071928125,1542.9106638897501,1431.1730640208516,427.72789735784954
2034,raspberrypi,304.0,2023-08-10,03:05:01,Whole,945.3386031763386,1.0,4.571763982641638,9.208710399519697,3337.875,1907.25,1.5278929858338282,2,16,7,1.5194092123280864e-26,0.0,0.9102564102564102,,0.0,0.0,0.0,1425.1237701190803,,,1285.6190694612965,670.215204617898,1425.1237701190803,1768.112388530444,1624.6489344627073,368.10299324392247
2035,raspberrypi,306.0,2023-08-10,03:05:01,Whole,426.2396182112234,0.868421052631579,5.048446191118951,10.129202374829655,2984.5275974025976,593.1915584415584,4.8257595990482995,2,64,77,56.97495754609059,0.9358974358974359,0.01282051282051282,,0.0,0.9358974358974359,0.0,1470.662520776522,,,502.3834772281361,391.2829973173463,1470.662520776522,1964.8548818183006,1706.3266987288976,133.2706000782664
2036,raspberrypi,307.0,2023-08-10,03:05:01,Whole,423.6121909995227,0.0,4.612629438196144,,3197.75,630.125,1.1479380616007957,2,8,4,,0.05128205128205128,0.9487179487179487,,0.0,0.05128205128205128,0.0,1524.7822434013335,,,704.4152830938888,381.5842381473583,1524.7822434013335,2101.3980845724104,1882.5622381440123,0.0
2037,raspberrypi,311.0,2023-08-10,03:05:01,Whole,1214.4012074254206,1.0,5.643364165550588,34.16661980842439,3272.28125,2204.0,3.787297301707852,2,28,16,456.25640688086116,0.0,0.8076923076923077,,0.0,0.0,0.0,1451.0596681434693,,,1464.9156230812948,949.7802042018608,1451.0596681434693,1715.057311078236,1531.283342029492,297.9211465543672
2038,raspberrypi,314.0,2023-08-10,03:05:01,Whole,512.374931619031,0.4444444444444444,4.672959066386177,9.504525639611813,2917.6964285714284,1517.3392857142858,4.8257595990482995,0,22,21,20.009096136473122,0.0,0.7307692307692307,,0.0,0.0,0.0,1137.2907272607936,,,712.5594103395422,474.45403272929343,1137.2907272607936,1429.777388455285,1312.781168047282,435.01880834830695
2039,raspberrypi,666.0,2023-08-10,03:05:01,Whole,506.81772266759947,,4.855460433917905,,2913.0,1510.75,3.889530906106464,0,4,2,,0.0,0.9743589743589743,,0.0,0.0,0.0,1135.6203879774419,,,704.4995079569306,474.73527682686745,1135.6203879774419,1427.4750239134903,1306.219661452623,437.8774342681449
2040,raspberrypi,818.0,2023-08-10,03:05:01,Whole,1252.2363218488172,1.0,8.57451537463618,95.02664100135289,2630.375,2205.0,8.57451537463618,0,2,2,,0.02564102564102564,0.9743589743589743,,0.0,0.02564102564102564,0.0,1054.8694831358537,,,1160.790424284754,1091.9778970348752,1054.8694831358537,1084.8969747366966,881.0550964916015,143.67117381782833
2041,raspberrypi,892.0,2023-08-10,03:05:01,Whole,357.3297023763408,,3.6396348787424357,,2980.0,1370.75,3.298538936814952,0,3,1,,0.0,0.9871794871794872,,0.0,0.0,0.0,1191.3838676697874,,,665.0190501325503,413.20990384609377,1191.3838676697874,1538.088016795107,1426.4400181176227,428.897411239197
2042,raspberrypi,300.0,2023-08-10,14:35:01,Whole,508.0884867558575,,5.635489321808917,,2854.25,1265.75,5.635489321808917,0,1,1,,0.0,1.0,,0.0,0.0,0.0,1152.2070634727656,,,501.6355672901619,452.8912901743753,1152.2070634727656,1470.2715699666635,1349.890279962924,373.2640380056725
2043,raspberrypi,304.0,2023-08-10,14:35:01,Whole,957.0539393880207,,5.767101934636897,,3369.0,1806.0,5.767101934636897,0,1,1,,0.0,0.9855072463768116,,0.0,0.0,0.0,1437.3564390296183,,,1240.4557142988558,615.0629242040048,1437.3564390296183,1806.6605528998564,1667.5566110638797,440.71421350341586
2044,raspberrypi,306.0,2023-08-10,14:35:01,Whole,599.4382307622625,1.0,4.391528505572128,75.4342950419206,2554.8872950819673,1514.8647540983607,3.1769388552586704,0,32,61,5085.178965981336,0.17391304347826086,0.11594202898550725,,0.0,0.17391304347826086,0.057971014492753624,1064.7450784514833,,,688.9403294189377,812.3494424903695,1064.7450784514833,1156.575525298434,1071.3431664370837,310.9746085262753
2045,raspberrypi,307.0,2023-08-10,14:35:01,Whole,332.6643900257051,1.0,5.079620277427822,71.01171990744879,2332.17,1431.885,2.9460922769907696,0,25,25,5878.58337301874,0.0,0.6521739130434783,,0.043478260869565216,0.0,0.0,960.2878574819913,,,390.222777322512,855.7238006661609,960.2878574819913,963.7029811636643,685.1171461367965,692.1079465289382
2046,raspberrypi,310.0,2023-08-10,14:35:01,Whole,690.6990737643094,1.0,5.710976098010542,20.80817147180405,2790.0,2160.75,5.710976098010542,0,2,6,1.0060500896464608e-25,0.08695652173913043,0.9130434782608695,,0.0,0.08695652173913043,0.0,1105.4279618378403,,,1176.610061350009,984.4731535221824,1105.4279618378403,1233.7234596237229,1042.8448190653833,0.0
2047,raspberrypi,525.0,2023-08-10,14:35:01,Whole,1292.444390527835,,3.829029579028518,,1320.5,2204.75,3.829029579028518,0,1,1,,0.014492753623188406,0.9855072463768116,,0.0,0.014492753623188406,0.014492753623188406,893.8694995878454,,,1327.2480601086652,1996.354806021501,893.8694995878454,257.36048268200216,69.72969202560749,60.734034276609535
2048,raspberrypi,666.0,2023-08-10,14:35:01,Whole,1070.2432701002188,0.0,3.834324254841944,,1421.1785714285713,1882.2857142857142,3.797603857801797,0,5,7,2.0689381005521612e-26,0.10144927536231885,0.8985507246376812,,0.0,0.10144927536231885,0.10144927536231885,769.5698505244497,,,1001.5598297927979,1763.4028456383344,769.5698505244497,195.80933606575215,22.938480506405753,0.0
2049,raspberrypi,992.0,2023-08-10,14:35:01,Whole,806.5818047191211,,4.154409078709809,,3245.75,1485.5,4.154409078709809,0,1,1,,0.0,0.9855072463768116,,0.0,0.0,0.0,1342.435682250484,,,949.0149899972705,446.1428644264097,1342.435682250484,1747.9847042508325,1625.354147099953,549.7110258822285
2050,raspberrypi,309.0,2023-08-09,22:50:01,Whole,735.051048523776,0.038461538461538464,8.111299588948585,31.372065362909783,3196.465189873418,2300.034810126582,6.738486930029713,0,107,79,63.14318837503453,0.0,0.9620253164556962,,0.0,0.0,0.0,1426.1356286859045,,,1496.6623458128204,1040.628880646859,1426.1356286859045,1649.9473088300358,1445.5705962652598,253.6221550537136
2051,raspberrypi,310.0,2023-08-09,22:50:01,Whole,1198.6214696933791,0.896551724137931,6.4945756107432695,35.30747414050492,2543.804166666667,709.9208333333333,7.271865992732776,0,58,30,1358.4067411399972,0.0,0.620253164556962,,0.2911392405063291,0.0,0.0,1316.291392135986,,,88.1582456920878,633.455020957185,1316.291392135986,1580.335360479378,1173.2863925308234,476.1228396276199
2052,raspberrypi,316.0,2023-08-09,22:50:01,Whole,662.0626624171513,0.0,7.884801824362179,,1925.1215277777778,2014.0086805555557,6.737446578657917,0,102,72,0.06944331417690072,0.0,1.0,,0.0,0.0,0.0,779.0142040708155,,,923.9959659595393,1412.9114047901148,779.0142040708155,403.38418742421914,208.89437077869067,220.58406051287696
2053,raspberrypi,447.0,2023-08-09,22:50:01,Whole,581.6791848599502,,1.897236679997975,,3158.75,1932.75,1.897236679997975,0,1,1,,0.0,0.9873417721518988,,0.0,0.0,0.0,1290.717814932781,,,1181.0770441969132,675.025605207104,1290.717814932781,1589.9063346580633,1443.9766049571228,195.26537229678988
2054,raspberrypi,542.0,2023-08-09,22:50:01,Whole,454.3729704632734,,4.797815025134728,,2998.5,1731.375,3.113247845713071,0,5,2,,0.0,0.9746835443037974,,0.0,0.0,0.0,1167.9267717697917,,,923.9318681943279,562.6970285090845,1167.9267717697917,1454.5362082228623,1317.7196799819237,251.59736227744284
2055,raspberrypi,683.0,2023-08-09,22:50:01,Whole,2330.5820509642554,,13.058195678460851,,876.75,310.0,10.32836633442101,0,2,1,,0.0,1.0,,0.0,0.0,0.0,1960.7573925465454,,,1054.0007612277864,2182.642131406309,1960.7573925465454,1700.3709083580209,1213.6660481550068,1399.7914759960165
2056,raspberrypi,728.0,2023-08-09,22:50:01,Whole,1740.8751634501582,,8.402993414537706,,1999.75,261.0,3.9383916337698377,0,3,1,,0.0,1.0,,0.0,0.0,0.0,1629.53647935249,,,224.21001379260582,1196.282632141368,1629.53647935249,1717.127383543367,1279.8699481198705,1109.2422570784033
2057,raspberrypi,306.0,2023-08-09,17:15:01,Whole,1509.021231909778,1.0,7.908190131899,48.26233809349571,1906.482142857143,250.67857142857142,6.32695062522837,0,74,14,115.47419477366026,0.0,0.8289473684210527,,0.013157894736842105,0.0,0.0,1657.1095756277396,,,297.0362305622936,1281.6688588855714,1657.1095756277396,1713.0278275776045,1256.4697599877754,1197.8699540749162
2058,raspberrypi,307.0,2023-08-09,17:15:01,Whole,866.285419891334,1.0,6.664806636765927,15.183831661278438,2911.3088235294117,2251.4779411764707,5.0508661685149105,0,55,17,121.18430711162219,0.2236842105263158,0.7763157894736842,,0.0,0.2236842105263158,0.0,1210.2725679803325,,,1310.6703772585524,1028.4495452050053,1210.2725679803325,1364.0788832443416,1161.47200132495,33.36422167539064
2059,raspberrypi,308.0,2023-08-09,17:15:01,Whole,656.6636705228703,1.0,5.124996248177511,61.870668301365036,2806.590909090909,1624.909090909091,3.1165749838679697,0,101,22,488.65649358403044,0.14473684210526316,0.7105263157894737,,0.0,0.14473684210526316,0.0,1094.7291763298922,,,761.9979208746321,643.4167072433686,1094.7291763298922,1323.2210818869203,1133.183623750614,186.425998573975
2060,raspberrypi,309.0,2023-08-09,17:15:01,Whole,611.8409233608704,1.0,5.304448759719296,59.73302018742128,1789.83984375,1758.62890625,3.841652743123837,0,93,32,1008.9049486593651,0.25,0.5789473684210527,,0.0,0.25,0.3157894736842105,853.2397176483181,,,786.1171462468374,1443.3164939201265,853.2397176483181,486.7467223049005,136.5023360441087,166.20629657270447
2061,raspberrypi,310.0,2023-08-09,17:15:01,Whole,1342.9703243195277,1.0,8.494728555447683,69.46087267466822,1810.984375,2549.097222222222,5.336510655464706,0,230,72,4386.838293472675,0.11842105263157894,0.05263157894736842,,0.0,0.11842105263157894,0.06578947368421052,1364.651010257473,,,1701.7571691236133,1978.7923269167072,1364.651010257473,1016.0744317842501,680.7327729431024,517.3325838659445
2062,raspberrypi,311.0,2023-08-09,17:15:01,Whole,1431.2782242199971,1.0,7.154309023636556,24.554963856621736,3262.625,714.375,3.220506869770228,0,58,11,1.800706492984496e-27,0.14473684210526316,0.8552631578947368,,0.0,0.14473684210526316,0.0,1525.2662428852504,,,762.4270968711052,394.424952349328,1525.2662428852504,2103.0770613491313,1905.3161957278057,34.012030680709096
2063,raspberrypi,314.0,2023-08-09,17:15:01,Whole,355.4045637810441,1.0,4.128982278226301,42.94281490347771,1910.840909090909,1647.5681818181818,1.6932538485988493,0,39,11,126.61491668635942,0.0,0.881578947368421,,0.0,0.0,0.0,808.5791438145965,,,572.2083364197639,1256.8661150603027,808.5791438145965,515.762917703331,377.8069661967457,362.09754867450397
2064,raspberrypi,316.0,2023-08-09,17:15:01,Whole,395.2673236345368,0.9333333333333333,5.498629364991388,29.7515236327267,1910.3333333333333,1876.9114583333333,4.264643443987547,0,165,48,540.1453566454021,0.07894736842105263,0.42105263157894735,,0.0,0.07894736842105263,0.11842105263157894,785.6535860223272,,,806.2360856084271,1360.5086013921775,785.6535860223272,437.876119087183,243.28325198726304,311.65912172557
2065,raspberrypi,317.0,2023-08-09,17:15:01,Whole,1108.6408739229055,1.0,7.955492431829233,58.01428307694969,3164.2916666666665,1106.75,5.845314069009539,0,18,6,7.519778756732587,0.06578947368421052,0.9210526315789473,,0.0,0.06578947368421052,0.0,1344.6684524040686,,,710.5405892550808,373.7432493372816,1344.6684524040686,1814.7669171604502,1694.9440785942165,165.2711084526525
2066,raspberrypi,319.0,2023-08-09,17:15:01,Whole,809.1221174725216,1.0,5.70181590509315,80.36120225919007,2678.6369047619046,1161.4642857142858,4.36004870288127,1,207,63,4014.2683013984993,0.07894736842105263,0.17105263157894737,,0.10526315789473684,0.07894736842105263,0.0,1179.1951457237271,,,433.47937781584665,597.2279251084722,1179.1951457237271,1425.7030451780931,1345.654631161107,408.28177681274167
2067,raspberrypi,441.0,2023-08-09,17:15:01,Whole,803.9374047724792,1.0,5.577188907289565,151.62944719879613,2171.6375,994.375,2.8015879294728756,1,50,10,0.0,0.013157894736842105,0.881578947368421,,0.07894736842105263,0.013157894736842105,0.013157894736842105,1134.921361328037,,,167.61316064497663,950.3033052802782,1134.921361328037,1142.3228111863502,840.2821919927305,610.724624438429
2068,raspberrypi,682.0,2023-08-09,17:15:01,Whole,801.1079054425314,,8.740277867893846,,2933.25,2103.75,8.443308802770996,0,2,1,,0.013157894736842105,0.9868421052631579,,0.0,0.013157894736842105,0.0,1166.8564301168647,,,1190.6356110136178,883.4467532781904,1166.8564301168647,1368.8207807790939,1191.7917347610273,0.0
2069,raspberrypi,821.0,2023-08-09,17:15:01,Whole,388.9756534737253,,5.297627181171563,,1947.0,1449.25,2.061362945713881,0,6,1,,0.0,1.0,,0.0,0.0,0.0,872.727607339218,,,372.2553343052504,1157.6072749129646,872.727607339218,655.4410659625725,424.79560314842666,462.038478260606
2070,raspberrypi,42.0,2023-08-10,06:50:01,Whole,1864.1032752699798,,8.960090371245204,,1300.5,2375.75,6.840631504913478,0,3,1,,0.012658227848101266,0.9873417721518988,,0.0,0.012658227848101266,0.012658227848101266,1007.890416411157,,,1485.4202715060194,2103.4960185852983,1007.890416411157,373.17190679237564,116.17622226061754,111.17386912812448
2071,raspberrypi,250.0,2023-08-10,06:50:01,Whole,373.77757141369057,,2.851310533085744,,2983.0,1370.0,1.7694889639405733,0,3,1,,0.0,0.9873417721518988,,0.0,0.0,0.0,1193.0958754647743,,,667.0071137154173,411.9697303786518,1193.0958754647743,1541.1011669340276,1429.452713983475,427.55828272534916
2072,raspberrypi,304.0,2023-08-10,06:50:01,Whole,418.2600116270551,0.0,4.388090539800463,,2277.346153846154,1189.6826923076924,2.1732194087534724,0,34,13,0.025675369563423762,0.0,0.8354430379746836,,0.16455696202531644,0.0,0.0,1018.9926345004673,,,87.03874641571723,825.8438386279306,1018.9926345004673,1054.3698254119722,820.6178230210612,760.0305117139004
2073,raspberrypi,306.0,2023-08-10,06:50:01,Whole,215.99743196075678,0.16981132075471697,2.489241977292386,4.395301222840839,2884.8727272727274,1038.3909090909092,1.7612719171821396,0,119,55,2.588811208690632,0.6962025316455697,0.3037974683544304,,0.0,0.6962025316455697,0.0,1227.4657918462342,,,423.3394180084806,421.01944390584686,1227.4657918462342,1611.9668638593876,1438.7015293252543,169.6713291663405
2074,raspberrypi,309.0,2023-08-10,06:50:01,Whole,146.16212553919362,,2.447567420215798,,2577.75,1226.5,1.8174191618521656,0,3,1,,0.0,1.0,,0.0,0.0,0.0,1067.396786210509,,,267.0294349420414,607.737204351381,1067.396786210509,1258.047809146581,1088.0158910976363,526.5253303582197
2075,raspberrypi,310.0,2023-08-10,06:50:01,Whole,506.929447192845,0.0,4.775451382368332,,2962.596153846154,706.6923076923077,1.7632676967519587,0,150,78,0.101251081732163,0.9873417721518988,0.012658227848101266,,0.0,0.9873417721518988,0.0,1392.5505869716437,,,461.43427236605976,390.44735806406356,1392.5505869716437,1873.259122640992,1638.3867349201666,56.379967550927546
2076,raspberrypi,316.0,2023-08-10,06:50:01,Whole,560.534433051165,0.0,3.846249522766342,,2372.471518987342,1595.900316455696,3.9155157439328097,0,150,79,0.09919908053052197,0.0,1.0,,0.0,0.0,0.0,911.1389777000046,,,504.1309876048347,864.4058676582927,911.1389777000046,906.4895239663723,786.2831748383021,556.3495489937059
2077,raspberrypi,414.0,2023-08-10,06:50:01,Whole,184.0451996143526,,2.9348991377186198,,2832.75,1254.0,2.9056035845864683,0,2,1,,0.0,1.0,,0.0,0.0,0.0,1146.0775808723604,,,477.3021021673929,461.64232466119927,1146.0775808723604,1457.1254349956907,1330.9090559653464,373.8865643950582
2078,raspberrypi,190.0,2023-08-09,21:05:01,Whole,1756.659979145378,,9.603215682611415,,1096.25,1433.75,7.572719872629362,0,3,1,,0.0,1.0,,0.0,0.0,0.0,1131.5891476436288,,,929.5433309619955,1924.9736757923736,1131.5891476436288,608.4336975201999,213.5592387505344,308.37295123587
2079,raspberrypi,250.0,2023-08-09,21:05:01,Whole,698.9220563311657,,4.671625725316894,,3474.5,1663.0,2.462177694495636,0,3,1,,0.0,0.9875,,0.0,0.0,0.0,1512.3904947742076,,,1237.7824477042905,559.4208433667884,1512.3904947742076,1929.533743184186,1797.0034619357116,607.2036806287438
2080,raspberrypi,305.0,2023-08-09,21:05:01,Whole,948.6408833049423,1.0,4.620436675205997,17.338540884399702,2828.25,905.25,2.480815060556035,0,7,3,0.0,0.0375,0.9625,,0.0,0.0375,0.0,1259.4689317197408,,,333.977135917161,440.08743786915295,1259.4689317197408,1645.240887610822,1430.853473940547,151.68173795144412
2081,raspberrypi,309.0,2023-08-09,21:05:01,Whole,1043.4439194789522,1.0,6.101174776542688,34.26958885810578,2490.5689655172414,868.0948275862069,6.995750799563213,0,51,29,1799.3325979385606,0.0,0.6375,,0.275,0.0,0.0,1233.2304507227448,,,102.35360169981698,669.1729376233166,1233.2304507227448,1447.6430220435352,1157.122832941255,558.801930727558
2082,raspberrypi,310.0,2023-08-09,21:05:01,Whole,623.185083190945,1.0,4.583893557229432,2.7300412084801944,3345.0,1547.625,2.868025023634467,0,10,3,0.0,0.0,0.9625,,0.0,0.0,0.0,1411.3464390073486,,,1066.0848356922472,486.401368239378,1411.3464390073486,1826.9816334571126,1700.3240021471172,589.5227341868762
2083,raspberrypi,314.0,2023-08-09,21:05:01,Whole,614.5047689734228,0.7096774193548387,4.952443842822454,66.65006620137486,3197.5238095238096,2260.876984126984,1.6399477732427936,2,103,63,3508.4430611552507,0.0,0.2125,,0.0,0.0,0.0,1440.383728837809,,,1478.5650112628407,1005.5601635048799,1440.383728837809,1671.6481827396317,1485.3433269703967,229.56078308079222
2084,raspberrypi,316.0,2023-08-09,21:05:01,Whole,972.3869729267471,1.0,6.666732780897478,17.294013605231008,1834.25,1809.1574074074074,5.897155948972879,0,61,27,83.63336049230149,0.0,0.6625,,0.0,0.0,0.05,764.6112392740562,,,751.0324007083595,1385.3182163687025,764.6112392740562,385.00385398331497,241.80374805103628,272.6314913763922
2085,raspberrypi,319.0,2023-08-09,21:05:01,Whole,191.23642846404454,0.8939393939393939,4.613578144916142,9.236483400453203,2934.935661764706,1988.7775735294117,1.6635324260292161,0,120,68,68.88325683864572,0.85,0.15,,0.0,0.85,0.0,1138.8012059887608,,,1093.226675184253,778.2490200348242,1138.8012059887608,1367.782671042921,1213.073609885127,0.0
2086,raspberrypi,542.0,2023-08-09,21:05:01,Whole,498.4349897311007,1.0,4.056659601741809,203.48357267881505,2884.7375,1806.825,2.126753293933958,2,22,10,35720.71440341759,0.0125,0.875,,0.0,0.0125,0.0,1184.985197023347,,,1000.209033435912,780.0574365348958,1184.985197023347,1358.917716699358,1458.6531618795173,341.6526760199879
2087,raspberrypi,544.0,2023-08-09,21:05:01,Whole,389.015253277421,,3.8835131496001054,,2509.75,1596.75,2.9693201489252177,0,4,1,,0.0,1.0,,0.0,0.0,0.0,953.045788066087,,,547.5337301226846,764.699440895666,953.045788066087,1028.3786405938815,904.9425179204998,461.79550165390424
2088,raspberrypi,17.0,2023-08-10,04:05:01,Whole,2533.6723350595257,,13.853047463373809,,877.0,306.75,12.217654884005041,0,2,1,,0.0,1.0,,0.0,0.0,0.0,1962.964842470386,,,1054.8876110054669,2183.2635542658945,1962.964842470386,1703.330037329134,1216.5410872342948,1402.7724500972743
2089,raspberrypi,262.0,2023-08-10,04:05:01,Whole,1618.0474013122605,,9.184301664179138,,1699.25,2542.0,7.1946385411245375,0,3,1,,0.012658227848101266,0.9873417721518988,,0.0,0.012658227848101266,0.012658227848101266,1011.5535543627315,,,1490.1717845737057,1907.1250099186739,1011.5535543627315,495.17755731674214,169.08155242984054,165.061318558478
2090,raspberrypi,304.0,2023-08-10,04:05:01,Whole,541.2971866757977,,3.3293191749253572,,2690.5,2047.5,2.4057677541039832,0,2,1,,0.012658227848101266,0.9873417721518988,,0.0,0.012658227848101266,0.0,1026.4030365091915,,,1033.1598480085531,933.1917953322253,1026.4030365091915,1128.0975537338907,962.4376072110172,61.12781898309726
2091,raspberrypi,307.0,2023-08-10,04:05:01,Whole,597.1397044266014,1.0,6.421171989804577,18.352077721903683,3166.3271276595747,2209.93085106383,4.930677367651957,1,53,47,325.28791250898297,0.2911392405063291,0.4177215189873418,,0.0,0.2911392405063291,0.0,1369.6957073182025,,,1406.7924801481252,952.950917656822,1369.6957073182025,1608.3244335559411,1421.8251542975947,194.72156856625023
2092,raspberrypi,309.0,2023-08-10,04:05:01,Whole,340.4055484541965,0.9102564102564102,5.787889141028373,8.779019789960287,3023.2357594936707,1292.001582278481,4.922896688199905,0,54,79,55.70165385537678,0.0,0.0,,0.0,0.0,0.0,1227.9876913955732,,,658.0554882178127,392.0263455928993,1227.9876913955732,1608.327560961132,1499.6239592726806,353.6113591651577
2093,raspberrypi,739.0,2023-08-10,04:05:01,Whole,684.9566016098009,,6.376103852813659,,3035.75,946.5,1.6390036098294578,0,3,1,,0.012658227848101266,0.9873417721518988,,0.0,0.012658227848101266,0.0,1313.9729984070098,,,545.475526323688,377.25307021209585,1313.9729984070098,1786.3956644746365,1608.5416098352696,6.209055626319625
2094,raspberrypi,792.0,2023-08-10,04:05:01,Whole,1062.3561061512366,,6.408203778747449,,2180.25,1003.0,4.620236308705816,0,2,1,,0.0,0.9873417721518988,,0.012658227848101266,0.0,0.0,1103.076424235022,,,0.0,889.3974522680562,1103.076424235022,1130.8624044863402,814.0517353692294,805.4731992563883
2095,raspberrypi,811.0,2023-08-10,04:05:01,Whole,641.8582841228415,,2.5144092049704883,,3224.5,2245.25,0.06527104956511014,1,2,1,,0.0,1.0,,0.0,0.0,0.0,1424.957196008442,,,1467.696624434832,986.8111038013469,1424.957196008442,1669.210332424291,1471.7137852518374,250.64518344317267
2096,raspberrypi,896.0,2023-08-10,04:05:01,Whole,601.4780475391885,,4.142926574455961,,2531.5,1957.75,4.142926574455961,0,1,1,,0.0,1.0,,0.0,0.0,0.0,952.5474925897978,,,895.2450388707864,955.210543756351,952.5474925897978,974.1567968019016,817.3034247999244,239.38133132408973
2097,raspberrypi,190.0,2023-08-09,18:50:01,Whole,818.7636954938857,0.0,6.696487247970938,,2795.46875,2840.5625,2.4635485084827193,0,17,8,4.8430494413402823e-26,0.0,1.0,,0.0,0.0,0.0,1500.330965138614,,,1816.6730543007614,1621.718573024823,1500.330965138614,1466.2551362448894,1173.9407749735135,621.9901394531073
2098,raspberrypi,304.0,2023-08-09,18:50:01,Whole,528.6455396119657,,4.0942712973413,,2158.75,1683.5,2.1858915054486747,0,3,1,,0.0,1.0,,0.0,0.0,0.0,841.6188268995974,,,568.3392522917854,1066.0901672754294,841.6188268995974,687.3036930086242,559.8397826423559,620.8494285047881
2099,raspberrypi,305.0,2023-08-09,18:50:01,Whole,1552.6726544421579,,9.100452079097572,,3183.25,665.75,8.690206635269165,0,3,1,,0.012658227848101266,0.9873417721518988,,0.0,0.012658227848101266,0.0,1494.8982763821255,,,685.2504314240612,376.9619824186269,1494.8982763821255,2068.2253088234506,1853.667899356281,0.0
2100,raspberrypi,306.0,2023-08-09,18:50:01,Whole,339.1120629673671,0.6818181818181818,7.051302900636441,40.25129072442936,2715.09,2326.085,2.067108123059749,0,75,25,1079.8750084884202,0.22784810126582278,0.6962025316455697,,0.0,0.22784810126582278,0.0,1147.7581471416302,,,1305.5647509625437,1161.9650186115064,1147.7581471416302,1192.988749747525,985.0423895000945,95.64716809399027
2101,raspberrypi,307.0,2023-08-09,18:50:01,Whole,729.1137665268164,1.0,5.595242641805325,101.25860201756984,2114.68,1577.8,2.254300044604198,0,77,25,4347.045767217843,0.02531645569620253,0.6962025316455697,,0.10126582278481013,0.02531645569620253,0.02531645569620253,988.51653948521,,,545.3519186268568,1152.7769306129098,988.51653948521,858.4346199446926,630.6311895010481,456.0016809048452
2102,raspberrypi,310.0,2023-08-09,18:50:01,Whole,743.0668118523681,0.5,6.810110237389466,16.3455187644052,3124.39082278481,2500.5981012658226,2.6396265161200154,0,162,79,162.29762263669764,0.0,0.5063291139240507,,0.0,0.0,0.0,1472.8224553362807,,,1630.3694779082857,1241.8458796357074,1472.8224553362807,1625.7924745864227,1391.2527900392215,357.1595313060503
2103,raspberrypi,313.0,2023-08-09,18:50:01,Whole,809.0452738605597,0.0,6.107049813836197,,2729.8333333333335,2850.902777777778,2.5992723446248043,0,20,9,0.0011160714285714285,0.0,1.0,,0.0,0.0,0.0,1477.906051477001,,,1808.631875341065,1647.1687301522707,1477.906051477001,1417.227694844705,1120.1440806497073,642.2145401413464
2104,raspberrypi,314.0,2023-08-09,18:50:01,Whole,465.13020136043764,,5.713574051906564,,2978.0,2150.0,1.8363390467063794,0,3,1,,0.012658227848101266,0.9873417721518988,,0.0,0.012658227848101266,0.0,1210.2563862267964,,,1253.1128522830952,915.2311731530983,1210.2563862267964,1416.3710192461342,1230.9519121320202,0.0
2105,raspberrypi,315.0,2023-08-09,18:50:01,Whole,757.7653185797469,1.0,4.685920470586799,15.574418127172521,1906.25,1625.9375,0.9255263017734421,3,10,4,,0.0,0.9873417721518988,,0.0,0.0,0.0,814.8809049833096,,,558.472884072503,1252.2771205114864,814.8809049833096,526.6321595098683,404.5754296079227,403.1014017875392
2106,raspberrypi,316.0,2023-08-09,18:50:01,Whole,825.5013215601974,0.6666666666666666,6.437059024939417,11.443747781469932,1759.192857142857,1760.7803571428572,7.23189241289829,3,142,70,64.33988499510384,0.3670886075949367,0.17721518987341772,,0.0,0.3670886075949367,0.26582278481012656,763.6216948097567,,,732.0518267334595,1427.2940558667522,763.6216948097567,355.807233853652,231.40372392369102,205.600856332949
2107,raspberrypi,319.0,2023-08-09,18:50:01,Whole,997.4633591723431,1.0,7.2915930135560965,79.77157323795593,3103.175,1270.775,5.920909605224263,0,52,15,6539.767055699744,0.0,0.8227848101265823,,0.0,0.0,0.0,1289.440646853913,,,739.5882171364186,426.72038864823105,1289.440646853913,1692.2642545240649,1636.326269679775,280.0414296362106
2108,raspberrypi,683.0,2023-08-09,18:50:01,Whole,2407.6283208146056,,11.49652317573556,,876.0,310.5,7.355231331946339,0,5,1,,0.0,1.0,,0.0,0.0,0.0,1960.808664657647,,,1054.5331712529737,2183.212530359695,1960.808664657647,1700.162309648201,1213.5107049950236,1399.5706118359112
2109,raspberrypi,739.0,2023-08-09,18:50:01,Whole,1245.2126110831794,,8.264824597249623,,3041.75,939.0,8.256158842705675,0,2,1,,0.012658227848101266,0.9873417721518988,,0.0,0.012658227848101266,0.0,1318.9256756779266,,,550.0377376167035,376.2320019455942,1318.9256756779266,1795.4679363444266,1616.723136460674,0.0
2110,raspberrypi,840.0,2023-08-09,18:50:01,Whole,1568.8874836734294,,9.161459547070407,,3232.75,672.0,8.678945460167256,0,3,1,,0.012658227848101266,0.9873417721518988,,0.0,0.012658227848101266,0.0,1521.211031108693,,,733.7304666219006,387.4419625868852,1521.211031108693,2103.452442813878,1895.6378457202316,20.86475993484313
2111,raspberrypi,17.0,2023-08-09,19:25:01,Whole,1177.3761561532608,,,,3263.5,574.25,,0,0,1,,0.017241379310344827,0.9827586206896551,,0.0,0.017241379310344827,0.0,1602.4285741462709,,,778.7615588046767,407.5841511966611,1602.4285741462709,2187.041450008871,1966.382336808278,19.059682273517623
2112,raspberrypi,190.0,2023-08-09,19:25:01,Whole,1264.0142729471172,,8.246862124225718,,1097.75,1435.0,8.246862124225718,0,1,1,,0.0,1.0,,0.0,0.0,0.0,1129.928455781409,,,928.9017560112804,1923.8018715805956,1129.928455781409,606.5908709647545,211.76800706377134,306.42337623421395
2113,raspberrypi,300.0,2023-08-09,19:25:01,Whole,782.0689237782075,,,,2824.0,1952.625,,0,0,2,,0.034482758620689655,0.9655172413793104,,0.0,0.034482758620689655,0.0,1069.209018720457,,,1005.4371598172503,792.3899640669476,1069.209018720457,1259.7835770288918,1108.8979371667501,4.813229746182614
2114,raspberrypi,304.0,2023-08-09,19:25:01,Whole,969.5492201217642,,,,1524.0,829.5,,0,0,1,,0.0,1.0,,0.0,0.0,0.0,1295.5782129791837,,,323.7712405335157,1482.6413916979877,1295.5782129791837,1074.8902976608194,590.5325760244184,777.1496701339984
2115,raspberrypi,305.0,2023-08-09,19:25:01,Whole,1482.8219197636536,0.0,8.035542188881992,,1680.5714285714287,2645.125,10.771077866826328,0,18,14,0.06176617832472983,0.0,1.0,,0.0,0.0,0.0,1097.2287551978986,,,1594.6104719510297,1991.2849885265719,1097.2287551978986,585.9616911205713,269.2857732666828,266.6698015953953
2116,raspberrypi,306.0,2023-08-09,19:25:01,Whole,711.6038486833412,,7.215209516005994,,3050.25,1486.25,5.165257514188123,0,2,1,,0.0,0.9827586206896551,,0.0,0.0,0.0,1215.406945823553,,,790.9749617585992,439.33261338430134,1215.406945823553,1563.315322882276,1442.3326924447754,496.38300162061023
2117,raspberrypi,309.0,2023-08-09,19:25:01,Whole,479.6342315780085,1.0,6.222844870082661,80.82596627755507,2620.9166666666665,1178.2760416666667,3.7971063606460254,0,10,24,2729.057271564506,0.08620689655172414,0.5862068965517241,,0.10344827586206896,0.08620689655172414,0.017241379310344827,1147.8341527235712,,,389.3923280037855,633.2427023482687,1147.8341527235712,1363.4227271390632,1183.276326424285,490.9112772020848
2118,raspberrypi,310.0,2023-08-09,19:25:01,Whole,620.0467711032877,0.6428571428571429,7.03618464374223,8.911965668301013,2482.189516129032,719.8790322580645,10.735112272475805,0,19,31,87.8185095589623,0.0,0.46551724137931033,,0.5344827586206896,0.0,0.0,1295.1212200277637,,,9.551157022729805,665.4386197183736,1295.1212200277637,1533.8280160356674,1218.693485674801,527.0118837367644
2119,raspberrypi,542.0,2023-08-09,19:25:01,Whole,619.5715891869236,,,,1898.25,1742.0,,0,0,1,,0.0,1.0,,0.0,0.0,0.0,779.688428647448,,,666.1295950987228,1301.2604140355695,779.688428647448,453.6293166352766,326.63534713101103,369.63654803120323
2120,raspberrypi,657.0,2023-08-09,19:25:01,Whole,369.61684422522944,,,,2173.5,1004.75,,0,0,1,,0.0,0.9827586206896551,,0.017241379310344827,0.0,0.0,1101.743079334225,,,0.0,895.114057108063,1101.743079334225,1125.5895841069487,807.4920239204803,812.4309643734925
2121,raspberrypi,818.0,2023-08-09,19:25:01,Whole,917.8664767421898,1.0,6.050188961914666,243.51256241835975,2221.375,2192.25,3.6688998432920297,0,8,4,7.350921459211476e-26,0.017241379310344827,0.9482758620689655,,0.0,0.017241379310344827,0.017241379310344827,914.9929123213276,,,1103.09945778592,1328.3107085954912,914.9929123213276,695.8439098572018,475.4328202996009,252.30370288521578
2122,raspberrypi,103.0,2023-08-09,23:45:01,Whole,1443.3346807742744,,7.507206566810481,,2256.25,251.25,5.823686080313854,0,2,1,,0.0,1.0,,0.0,0.0,0.0,1624.6901877009875,,,211.2764853229666,994.1320567396307,1624.6901877009875,1815.8217985077692,1413.8924666141752,894.2539994112981
2123,raspberrypi,250.0,2023-08-09,23:45:01,Whole,1480.7898828557968,,10.097659567933785,,1661.0,488.75,10.097659567933785,0,1,1,,0.0,1.0,,0.0,0.0,0.0,1507.6383060770336,,,264.9342411174443,1412.9948828819947,1507.6383060770336,1424.4867288231562,951.7846085333256,1131.8031602332624
2124,raspberrypi,304.0,2023-08-09,23:45:01,Whole,847.637072317481,0.3684210526315789,6.116015180945118,7.6172803009783925,3090.0833333333335,995.2142857142857,7.8403606577557685,0,29,21,9.903744098235968,0.2727272727272727,0.7272727272727273,,0.0,0.2727272727272727,0.0,1326.4230828802877,,,608.696412965411,371.55299045628186,1326.4230828802877,1805.4814271863959,1645.2294036231656,48.30631348586623
2125,raspberrypi,306.0,2023-08-09,23:45:01,Whole,470.2130121356531,1.0,6.373178155636654,51.09159102380403,2803.882575757576,1852.7575757575758,2.780668145060812,0,30,33,2384.2972048011748,0.2857142857142857,0.5714285714285714,,0.0,0.2857142857142857,0.0,1106.7242338731176,,,936.3395378925989,796.5786877051286,1106.7242338731176,1293.0786780203828,1042.8781803463137,45.81588446619949
2126,raspberrypi,314.0,2023-08-09,23:45:01,Whole,828.9686815590107,,4.616073058455575,,3332.625,1975.75,2.4443882024307526,0,6,2,,0.0,0.974025974025974,,0.0,0.0,0.0,1432.573351813686,,,1330.146666845052,734.3828884420294,1432.573351813686,1760.5269880152407,1606.2925057389418,341.73364886808866
2127,raspberrypi,316.0,2023-08-09,23:45:01,Whole,723.6148933898434,0.7619047619047619,7.774911834967851,18.60064318635256,1911.0087209302326,1964.0377906976744,7.824526419441292,0,39,43,176.1049996282956,0.0,0.5844155844155844,,0.0,0.0,0.11688311688311688,772.4828934675423,,,878.7216119297271,1397.6922392733463,772.4828934675423,399.2993701094685,207.87170174246302,230.54731383332754
2128,raspberrypi,542.0,2023-08-09,23:45:01,Whole,448.0025898048704,0.4782608695652174,3.6182930345341293,3.4718236074949163,3011.8798076923076,1621.2740384615386,2.621866110888276,0,29,26,2.167023496124875,0.0,0.6623376623376623,,0.0,0.0,0.0,1180.8362733673596,,,852.6051115411708,507.4102092237935,1180.8362733673596,1490.1575495196032,1361.9245062918185,356.07285470139095
2129,raspberrypi,666.0,2023-08-09,23:45:01,Whole,803.5231419617512,,9.158136101850614,,3306.0,1973.5,5.130945746900373,0,3,1,,0.0,0.987012987012987,,0.0,0.0,0.0,1411.0848935775368,,,1310.065951555023,726.3291342635583,1411.0848935775368,1734.2110351852104,1580.4951288777604,316.5840392108647
2130,raspberrypi,683.0,2023-08-09,23:45:01,Whole,2162.7256452779047,,12.516234531774243,,877.0,309.875,11.123830663334127,0,5,2,,0.0,1.0,,0.0,0.0,0.0,1960.7103314181647,,,1053.8090410993123,2182.441099656232,1960.7103314181647,1700.4014966632333,1213.6798195037259,1399.8259326319044
2131,raspberrypi,250.0,2023-08-10,06:00:01,Whole,1824.7726301785624,,,,1663.5,488.5,,0,0,1,,0.0,1.0,,0.0,0.0,0.0,1507.225646741105,,,262.8959526922867,1410.8044150881694,1507.225646741105,1425.0383380050605,952.6132815838732,1132.4574436677053
2132,raspberrypi,305.0,2023-08-10,06:00:01,Whole,347.9293276121918,0.5952380952380952,3.589877603888638,6.643769904445094,3265.0,1954.7296511627908,6.307299438082433,3,22,43,35.71449226431904,0.0,0.24561403508771928,,0.0,0.0,0.0,1375.6530000670707,,,1268.342934489057,701.0007054499316,1375.6530000670707,1694.162713957756,1545.1971411659135,284.56948072877435
2133,raspberrypi,306.0,2023-08-10,06:00:01,Whole,904.3732326452603,0.0,6.355754380268419,,2697.980769230769,859.0288461538462,6.32315086252601,0,13,13,0.12383325810598297,0.0,1.0,,0.0,0.0,0.0,1249.8475765126984,,,197.98046999962116,507.78380079981764,1249.8475765126984,1577.5590682991176,1332.0838029105887,274.69932337167523
2134,raspberrypi,307.0,2023-08-10,06:00:01,Whole,397.70583356295833,,3.046972956801781,,2762.75,1999.0,3.046972956801781,0,1,1,,0.017543859649122806,0.9824561403508771,,0.0,0.017543859649122806,0.0,1045.2089519854844,,,1018.2469703344116,858.7720688043057,1045.2089519854844,1198.425954821679,1043.8932530432162,4.8189989368181045
2135,raspberrypi,309.0,2023-08-10,06:00:01,Whole,342.80394539009865,1.0,1.1262387727990666,26.219175293308222,3063.5,2037.375,1.0916770833303249,3,8,8,1.7102504425191536e-25,0.14035087719298245,0.8596491228070176,,0.0,0.14035087719298245,0.0,1239.0935307802888,,,1205.574426524688,791.8757437391924,1239.0935307802888,1494.5431674358726,1330.5819002421542,65.94210744577194
2136,raspberrypi,311.0,2023-08-10,06:00:01,Whole,1332.7106950369466,,6.119734481694498,,2642.0,2977.5,4.194196523274434,0,2,1,,0.0,1.0,,0.0,0.0,0.0,1535.415422101682,,,1911.230782393513,1791.54856107231,1535.415422101682,1422.8792173322454,1111.9512060040988,785.2188005577622
2137,raspberrypi,316.0,2023-08-10,06:00:01,Whole,398.06527360588547,1.0,5.286325973246111,79.72897338614784,2752.8173076923076,1458.2403846153845,3.9068527398118857,0,3,13,10601.09943637798,0.0,0.7894736842105263,,0.0,0.0,0.0,1080.6996273639095,,,587.4011245703078,564.4536743814785,1080.6996273639095,1302.0276263992844,1297.008990598259,493.408619159012
2138,raspberrypi,525.0,2023-08-10,06:00:01,Whole,828.8009720306993,,4.480464523048211,,2373.0,2211.0,4.194196523274434,0,2,1,,0.0,1.0,,0.0,0.0,0.0,963.1532145837925,,,1109.2679700367532,1233.8601509004893,963.1532145837925,838.2547678066013,622.8988450675874,386.82340703094053
2139,raspberrypi,584.0,2023-08-10,06:00:01,Whole,331.75335114378186,,3.2876396585984304,,2986.25,1372.25,3.2876396585984304,0,1,1,,0.0,0.9824561403508771,,0.0,0.0,0.0,1194.4606275672866,,,670.9591088513976,411.0309432268035,1194.4606275672866,1543.2054653460461,1431.3276888543805,429.12838615587873
2140,raspberrypi,37.0,2023-08-10,01:40:01,Whole,463.07413250103474,,4.2508027057494315,,3056.0,1385.75,3.3596153824406394,0,2,1,,0.0,0.9873417721518988,,0.0,0.0,0.0,1231.1860711462743,,,735.8057088024298,389.3466679940134,1231.1860711462743,1602.0625091466197,1488.006113515677,433.49682491910096
2141,raspberrypi,305.0,2023-08-10,01:40:01,Whole,545.8732355569429,0.34615384615384615,4.869667212737829,8.868159160038513,3166.1867088607596,2386.03164556962,1.6411167369140562,1,113,79,33.65038887498636,0.0,0.6582278481012658,,0.0,0.0,0.0,1443.0030871015344,,,1552.4708251657314,1126.3264582156032,1443.0030871015344,1636.9593334882045,1416.563719374122,282.5947978458918
2142,raspberrypi,307.0,2023-08-10,01:40:01,Whole,904.7492738250409,0.6,5.582617870196463,41.36381132218062,2992.15988372093,974.8139534883721,7.104801217151566,0,76,43,1403.9346255368446,0.379746835443038,0.46835443037974683,,0.10126582278481013,0.379746835443038,0.0,1311.0307856121813,,,510.21533677249573,422.40224686984686,1311.0307856121813,1742.9725328494071,1706.9859460713428,42.65635946183808
2143,raspberrypi,311.0,2023-08-10,01:40:01,Whole,296.06509685483945,,3.659195344417561,,2792.25,1748.8125,2.4865930872887563,0,10,4,,0.012658227848101266,0.9493670886075949,,0.0,0.012658227848101266,0.0,1052.3083330151014,,,813.9556778858534,660.4898199897475,1052.3083330151014,1252.265806291495,1113.3162736245138,200.1165310206291
2144,raspberrypi,313.0,2023-08-10,01:40:01,Whole,632.1451955067298,1.0,5.05230973739364,95.20464942980898,2631.9464285714284,2268.0714285714284,2.6573967996982004,0,14,7,1428.6209223366077,0.05063291139240506,0.9113924050632911,,0.0,0.05063291139240506,0.0,1092.0499865915158,,,1226.373942344388,1157.394541600322,1092.0499865915158,1099.92791861185,912.5082363826028,183.61803100467145
2145,raspberrypi,314.0,2023-08-10,01:40:01,Whole,301.8303018268625,1.0,3.9035511875068467,17.74625135057768,3071.7991071428573,2138.0758928571427,1.4340068899557707,0,56,28,448.71505218887154,0.27848101265822783,0.6455696202531646,,0.0,0.27848101265822783,0.0,1275.1220303680177,,,1295.0850061799233,889.5752265623812,1275.1220303680177,1508.5116376567773,1276.6940119475312,40.15362356741599
2146,raspberrypi,319.0,2023-08-10,01:40:01,Whole,1104.1718982532648,1.0,5.084285726333279,9.593345575190268,3198.7109375,752.046875,8.376988156680033,0,25,16,14.576415534590932,0.20253164556962025,0.7974683544303798,,0.0,0.20253164556962025,0.0,1463.673323031168,,,694.6936392562839,376.7934001191101,1463.673323031168,2029.4254934316534,1832.1609474835655,7.075802752519621
2147,raspberrypi,470.0,2023-08-10,01:40:01,Whole,1957.616755355971,,10.380746049743026,,1663.0,488.5,8.131179141142612,0,2,1,,0.0,1.0,,0.0,0.0,0.0,1507.346222830597,,,263.32840517189635,1411.2554024891485,1507.346222830597,1424.9771285782865,952.4957266757688,1132.3755206038884
2148,raspberrypi,666.0,2023-08-10,01:40:01,Whole,275.15594020835425,0.0,2.6798413161785875,,3010.5,2117.0,1.6013681052949904,0,14,12,5.442637840235969e-26,0.1518987341772152,0.8481012658227848,,0.0,0.1518987341772152,0.0,1220.9981856810978,,,1241.7815412043576,876.4388082134057,1220.9981856810978,1445.6896776435658,1266.7721579203912,6.951962275993154
2149,raspberrypi,987.0,2023-08-10,01:40:01,Whole,632.4734239549472,,1.294688783437106,,3211.5,2465.25,0.4739146982312531,1,2,1,,0.0,1.0,,0.0,0.0,0.0,1513.4257869052637,,,1643.6592727012812,1205.9692541333256,1513.4257869052637,1699.1402748996081,1469.746676686507,371.47663453225607
2150,raspberrypi,127.0,2023-08-10,13:10:01,Whole,781.5536494516253,,6.369662661403367,,2825.0,1253.75,6.369662661403367,0,1,1,,0.0,1.0,,0.0,0.0,0.0,1142.9820782795655,,,470.8566251945164,465.4250193420145,1142.9820782795655,1450.5574414028877,1323.346283401189,377.7711010236334
2151,raspberrypi,145.0,2023-08-10,13:10:01,Whole,1077.1673198049452,,9.01835216513177,,2172.75,1004.0,9.01835216513177,0,1,1,,0.0,0.98,,0.02,0.0,0.0,1102.1225935705831,,,0.0,895.7231338316392,1102.1225935705831,1125.7557599802142,807.298174384216,813.0284670237694
2152,raspberrypi,304.0,2023-08-10,13:10:01,Whole,1234.4050751934965,,,,2502.5,766.75,,0,0,1,,0.0,0.98,,0.02,0.0,0.0,1268.1976113063372,,,0.0,643.8336032591181,1268.1976113063372,1509.9795647968165,1213.462647457873,470.4678403989535
2153,raspberrypi,307.0,2023-08-10,13:10:01,Whole,279.88088314498896,1.0,5.533372799657178,43.43339808769795,2845.28125,2079.703125,1.761708021620616,0,8,8,2.2355686965239298e-26,0.16,0.84,,0.0,0.16,0.0,1112.8299427888592,,,1129.8602618136104,894.6675473732853,1112.8299427888592,1282.4708722999153,1105.5016954012135,0.0
2154,raspberrypi,309.0,2023-08-10,13:10:01,Whole,637.3007392563401,1.0,5.565932123549156,64.02722273083218,2884.75,1600.75,5.5185289500983865,0,4,9,4457.94429093914,0.1,0.84,,0.02,0.1,0.0,1178.401862866828,,,785.8811438779016,655.1339281606927,1178.401862866828,1451.772082462413,1262.4368257843832,1.5324068731111424
2155,raspberrypi,316.0,2023-08-10,13:10:01,Whole,1304.2600212860164,,,,2038.0,815.25,,0,0,1,,0.0,0.98,,0.02,0.0,0.0,1216.8670977103511,,,0.0,1017.3873546891866,1216.8670977103511,1217.3414170573858,831.9684968706738,931.6521965031858
2156,raspberrypi,319.0,2023-08-10,13:10:01,Whole,261.929103944725,0.975,6.3135182668996075,47.62308543499041,2548.935975609756,2238.8993902439024,2.679786315281742,0,13,41,4090.3297075345204,0.46,0.22,,0.0,0.46,0.0,1051.811029494724,,,1176.672388632199,1163.9648031161198,1051.811029494724,1030.7285000112322,862.9529897363967,179.43973940782942
2157,raspberrypi,447.0,2023-08-10,13:10:01,Whole,566.0604991535118,,6.369662661403367,,2070.75,2230.0,6.369662661403367,0,1,1,,0.0,1.0,,0.0,0.0,0.0,877.668746495175,,,1118.4893108386605,1439.9376746840755,877.668746495175,561.8166825572231,320.26207036308324,275.3799356907631
2158,raspberrypi,470.0,2023-08-10,13:10:01,Whole,1769.834335084717,,9.179492261827557,,1663.625,488.5,9.179492261827557,0,2,2,,0.0,1.0,,0.0,0.0,0.0,1507.195529734323,,,262.7878760612438,1410.6916858448117,1507.195529734323,1425.0536747465967,952.6427200751335,1132.4779673634926
2159,raspberrypi,17.0,2023-08-10,09:45:01,Whole,513.0598037944409,,2.8911464933537263,,2431.5,1115.5,2.8911464933537263,0,1,1,,0.0,0.9866666666666667,,0.013333333333333334,0.0,0.0,1076.9825163857113,,,87.78062880174804,696.6908984692925,1076.9825163857113,1213.5762890383096,983.5538890234859,596.8929162210187
2160,raspberrypi,304.0,2023-08-10,09:45:01,Whole,460.10424754651694,,3.4918696743257587,,2734.375,1462.875,2.1013454059679395,0,3,2,,0.0,0.9866666666666667,,0.0,0.0,0.0,1066.2260914931053,,,550.7846052807876,567.1132280577831,1066.2260914931053,1284.147021749161,1170.8354455484878,503.35775258234446
2161,raspberrypi,307.0,2023-08-10,09:45:01,Whole,111.80982291462334,0.13513513513513514,4.478788631054314,7.063407884223079,2404.3366666666666,1674.5466666666666,2.422824786070709,0,34,75,7.4182621410323755,0.0,0.8666666666666667,,0.0,0.0,0.0,909.040912865176,,,588.2240333542375,875.8850470050319,909.040912865176,906.8066368381989,770.4144286204986,478.6024854172017
2162,raspberrypi,309.0,2023-08-10,09:45:01,Whole,382.9972096327222,0.23076923076923078,3.6743019366205623,3.8199494615621408,1927.9375,1602.9732142857142,2.4218466812609094,0,29,28,2.5001829423046984,0.0,0.92,,0.0,0.0,0.0,817.0676185061441,,,524.4174792974226,1222.3714736292823,817.0676185061441,545.9398183141144,408.05943836712936,400.7850612404966
2163,raspberrypi,319.0,2023-08-10,09:45:01,Whole,1524.1146649958791,1.0,7.8091253020854685,37.35053547139586,3375.625,523.75,7.8091253020854685,0,2,2,,0.02666666666666667,0.9733333333333334,,0.0,0.02666666666666667,0.0,1714.5986729038211,,,898.8519240466161,471.221717359411,1714.5986729038211,2305.6653324869435,2089.213554106249,139.99981787867648
2164,raspberrypi,683.0,2023-08-10,09:45:01,Whole,1374.0365594216876,,7.126116023306893,,2913.25,379.25,7.126116023306893,0,1,1,,0.0,0.9866666666666667,,0.0,0.0,0.0,1608.8092333370203,,,512.7940642521471,497.41754740154914,1608.8092333370203,2066.9846826910643,1773.8395392551424,349.09329586015906
2165,raspberrypi,304.0,2023-08-10,06:30:01,Whole,521.0496380260579,0.0,5.479225178199204,,2181.1875,1484.9791666666667,3.830494530605806,0,24,18,0.09108347403677695,0.0,1.0,,0.0,0.0,0.0,892.0953580920757,,,369.67987813117196,972.8016099031422,892.0953580920757,799.930624736265,654.5866698336761,671.1716547429312
2166,raspberrypi,305.0,2023-08-10,06:30:01,Whole,876.6658280617183,0.0,2.7211721700878453,,3193.875,2222.625,2.7211721700878453,0,2,2,,0.0,1.0,,0.0,0.0,0.0,1393.4254099263837,,,1431.4904857285528,963.2350553158454,1393.4254099263837,1636.2493979815674,1441.7244891715993,213.6279425596447
2167,raspberrypi,306.0,2023-08-10,06:30:01,Whole,596.5049254495307,1.0,5.292665289784327,21.381056694853285,2807.473214285714,916.0535714285714,4.308185108181286,0,44,28,163.39657405307113,0.16883116883116883,0.6493506493506493,,0.0,0.16883116883116883,0.0,1253.9875783516525,,,335.212856948854,457.9863224688557,1253.9875783516525,1623.5856035659378,1385.679558775062,198.407092666033
2168,raspberrypi,309.0,2023-08-10,06:30:01,Whole,682.1211533610515,1.0,4.893399122904621,10.42722911480616,2502.758333333333,845.075,1.4468191891361828,0,31,15,70.00174478607262,0.0,0.8051948051948052,,0.19480519480519481,0.0,0.0,1223.1543536506115,,,10.448187941847754,637.7474430993616,1223.1543536506115,1451.9981921249334,1179.0425808481282,462.2712641245788
2169,raspberrypi,316.0,2023-08-10,06:30:01,Whole,365.36080082788516,0.013157894736842105,6.341572700962185,2.0615528128088303,2835.948051948052,1836.844155844156,4.110534999879,0,66,77,0.1494963667715514,1.0,0.0,,0.0,1.0,0.0,1071.944171744343,,,911.6987974661351,696.52562351364,1071.944171744343,1280.888723668136,1136.487777655169,107.0117218597839
2170,raspberrypi,542.0,2023-08-10,06:30:01,Whole,1478.9937543577107,,8.991462558197565,,3182.25,98.0,8.832003103244565,0,2,1,,0.0,0.987012987012987,,0.0,0.0,0.0,1938.273625387433,,,889.7296788995795,664.2849022221395,1938.273625387433,2453.8476074951145,2159.150866857324,478.84562281704154
2171,raspberrypi,683.0,2023-08-10,06:30:01,Whole,2176.6623473319773,,10.646864061512696,,877.5,310.0,8.921291557543132,0,3,1,,0.0,1.0,,0.0,0.0,0.0,1960.3458298037854,,,1053.2965610491954,2181.9405660772586,1960.3458298037854,1700.1113835432827,1213.364199421549,1399.5414230014164
2172,raspberrypi,700.0,2023-08-10,06:30:01,Whole,1322.6619968633706,,5.9859211321692,,2172.75,2709.0,5.6583929055979425,0,2,1,,0.0,1.0,,0.0,0.0,0.0,1189.7246071023792,,,1593.681014989002,1740.9221411712708,1189.7246071023792,898.5971746390486,575.8562037503856,554.3504080261487
2173,raspberrypi,17.0,2023-08-10,13:30:01,Whole,245.0857243022614,,3.3028878576165703,,3228.25,580.5,0.6461548655110064,1,2,1,,0.013333333333333334,0.9866666666666667,,0.0,0.013333333333333334,0.0,1575.7717449885747,,,742.9669254522237,394.2221791242907,1575.7717449885747,2155.839953748849,1932.2056648270277,0.0
2174,raspberrypi,304.0,2023-08-10,13:30:01,Whole,1264.2497265839747,,6.2552587398145105,,1867.0,678.75,4.815606384586529,0,2,1,,0.0,0.9866666666666667,,0.013333333333333334,0.0,0.0,1326.700972682138,,,0.0,1186.6602119796103,1326.700972682138,1281.419637547144,846.6646856200707,1003.5844887709804
2175,raspberrypi,310.0,2023-08-10,13:30:01,Whole,297.0519418753847,0.40540540540540543,4.8476301460669715,4.036345539681128,3351.0066666666667,609.9266666666666,6.167580266562731,1,26,75,3.4055458582320117,1.0,0.0,,0.0,1.0,0.0,1641.9841194963012,,,858.9719701037934,438.4321591519959,1641.9841194963012,2234.442989496925,2028.4050631904329,90.46920298764019
2176,raspberrypi,818.0,2023-08-10,13:30:01,Whole,902.4373229024037,0.5714285714285714,5.659017237318692,6.851540316375089,2467.453125,1420.140625,6.167580266562731,0,26,24,12.424664529365565,0.0,0.84,,0.0,0.0,0.0,977.7457892315144,,,368.717667152388,731.0555367838919,977.7457892315144,1066.1479117881345,939.1251678212038,649.8492794710744
2177,raspberrypi,17.0,2023-08-09,16:30:01,Whole,1187.1007519473826,,6.45163580298935,,2936.125,931.5,0.49470726469944193,2,8,2,,0.02564102564102564,0.9743589743589743,,0.0,0.02564102564102564,0.0,1292.2730456188676,,,449.58709657083386,406.0919878271874,1292.2730456188676,1719.1680136924967,1525.5688745268887,107.60120307797015
2178,raspberrypi,109.0,2023-08-09,16:30:01,Whole,730.652436331654,,5.467854664453069,,2192.25,2644.5,0.9843947706691696,1,6,1,,0.0,1.0,,0.0,0.0,0.0,1147.6197292873594,,,1529.2521517505559,1677.5080825387959,1147.6197292873594,869.0912348710008,552.5685501297132,528.2578114327767
2179,raspberrypi,190.0,2023-08-09,16:30:01,Whole,668.1549674645622,,4.107806609713027,,2834.75,2312.5,0.33018471663798277,1,3,1,,0.01282051282051282,0.9871794871794872,,0.0,0.01282051282051282,0.0,1196.6763548291626,,,1333.353797635553,1107.230171418653,1196.6763548291626,1301.2757392117217,1082.1853140930466,93.6387999458978
2180,raspberrypi,250.0,2023-08-09,16:30:01,Whole,891.3712296446055,,6.517675648185957,,2989.0,1363.5,2.7126920551746183,0,4,1,,0.0,0.9871794871794872,,0.0,0.0,0.0,1197.3459132361684,,,668.0965917692197,408.9258857879371,1197.3459132361684,1549.031835156572,1437.755642163871,420.0135318976378
2181,raspberrypi,300.0,2023-08-09,16:30:01,Whole,407.7722843163702,0.11363636363636363,6.157964005651504,12.218661736158388,1902.925,1803.4055555555556,3.786839941314976,0,143,45,52.04536397434993,0.0,0.9358974358974359,,0.0,0.0,0.0,771.6605331914626,,,724.056036306591,1324.3330176261227,771.6605331914626,432.0877496610067,285.38469871991464,353.677388653788
2182,raspberrypi,301.0,2023-08-09,16:30:01,Whole,1118.1298104511245,1.0,7.658543350856565,78.77578942797082,3305.6666666666665,2335.0833333333335,2.0355561356351926,0,14,3,,0.0,0.9743589743589743,,0.0,0.0,0.0,1538.7221429130743,,,1594.718969806876,1084.765153121744,1538.7221429130743,1777.657781239773,1560.728495638598,436.1951133738593
2183,raspberrypi,304.0,2023-08-09,16:30:01,Whole,256.83507028303524,,5.353475147543624,,2230.4166666666665,1712.4166666666667,1.6923857514706562,0,11,3,,0.0,1.0,,0.0,0.0,0.0,857.9470024355695,,,608.509571399814,1025.277508168928,857.9470024355695,739.9375407260972,505.08731543911546,551.8085379758197
2184,raspberrypi,305.0,2023-08-09,16:30:01,Whole,1121.3396551835835,1.0,7.877141110267376,32.643699409091354,1385.25,2578.5,4.813947213006341,0,13,4,4.90734591919887e-26,0.01282051282051282,0.9615384615384616,,0.0,0.01282051282051282,0.01282051282051282,1116.6287166775778,,,1629.7340211388596,2158.082844055913,1116.6287166775778,515.4377077728726,237.85434662788143,234.66923989485645
2185,raspberrypi,306.0,2023-08-09,16:30:01,Whole,1371.289605956566,1.0,8.661545303237585,70.206704842755,974.8515625,1747.625,6.1883181007837065,0,63,16,1187.5060840595895,0.0,0.8076923076923077,,0.0,0.0,0.02564102564102564,1192.5349349200833,,,1216.5877252192372,2128.633821893821,1192.5349349200833,610.5913949674449,372.36031647683996,431.76021738382104
2186,raspberrypi,307.0,2023-08-09,16:30:01,Whole,925.7618675989579,1.0,5.93560932773463,167.77893539163523,2067.3175675675675,2707.7060810810813,3.1549672582310953,1,135,37,17939.26835126663,0.02564102564102564,0.5512820512820513,,0.0,0.02564102564102564,0.01282051282051282,1243.8412083600365,,,1647.1862835896247,1843.4982526567944,1243.8412083600365,916.6518291427188,616.5558676195382,588.90851048336
2187,raspberrypi,308.0,2023-08-09,16:30:01,Whole,732.3298946670524,1.0,5.612013002721046,112.79990262096982,2724.7045454545455,2167.3011363636365,2.1352103080352784,0,70,22,4868.828546842504,0.15384615384615385,0.7307692307692307,,0.0,0.15384615384615385,0.0,1185.8085843945898,,,1247.1992910037548,1063.7090108032285,1185.8085843945898,1252.7879531770259,1221.3646265849416,186.95186762917052
2188,raspberrypi,309.0,2023-08-09,16:30:01,Whole,1238.3278023734815,1.0,8.780062060343488,42.89634199881059,3046.171875,972.58984375,6.7249904620845085,2,126,32,1676.9947677130654,0.2564102564102564,0.5897435897435898,,0.02564102564102564,0.2564102564102564,0.0,1347.7933082339164,,,575.3896003672698,405.842845755992,1347.7933082339164,1797.7311268617814,1558.6538906322198,106.54471057453546
2189,raspberrypi,310.0,2023-08-09,16:30:01,Whole,1387.4104515803176,1.0,9.443727320985275,126.68123265265103,1958.1136363636363,657.1306818181819,4.730357610532036,0,96,22,3160.6913543794317,0.0,0.7307692307692307,,0.10256410256410256,0.0,0.0,1402.82894217981,,,300.7350811278542,1176.0996698156202,1402.82894217981,1402.6065224835195,839.941132346046,778.1558801760257
2190,raspberrypi,311.0,2023-08-09,16:30:01,Whole,1179.2308635927436,1.0,9.76431179001822,190.36549742339628,3184.25,2678.375,4.3934838249524075,0,13,4,8000.966086114344,0.0,0.9615384615384616,,0.0,0.0,0.0,1617.9196294614665,,,1819.8062530815005,1422.0691283800525,1617.9196294614665,1744.6690222315146,1528.776432377215,549.9153588334984
2191,raspberrypi,312.0,2023-08-09,16:30:01,Whole,739.6718398048365,1.0,6.261371378151048,67.49175247437614,2388.053030303031,2256.4166666666665,2.24371829017736,0,121,33,6120.341200276196,0.038461538461538464,0.6025641025641025,,0.0,0.038461538461538464,0.0,1160.3789816898247,,,1216.3998647002322,1322.5634253800072,1160.3789816898247,1069.0794075397205,704.2693857537104,538.5955988536374
2192,raspberrypi,314.0,2023-08-09,16:30:01,Whole,672.0395093950901,1.0,6.070488602415507,58.42529688152915,2717.62012987013,2357.3376623376626,2.898088205671889,1,240,77,3872.50459120703,0.2692307692307692,0.02564102564102564,,0.0,0.2692307692307692,0.0,1208.6034703968612,,,1349.6070126661737,1220.6780814851256,1208.6034703968612,1234.0995960042258,1012.562106344421,232.43773659773936
2193,raspberrypi,447.0,2023-08-09,16:30:01,Whole,1049.7591982101494,,7.880214701548049,,1273.5,2169.5,4.878784891130858,0,2,1,,0.01282051282051282,0.9871794871794872,,0.0,0.01282051282051282,0.01282051282051282,912.3764504718001,,,1322.3559009925898,2017.8705989848386,912.3764504718001,273.5185477711005,86.56819200456343,94.52557025586974
2194,raspberrypi,683.0,2023-08-09,16:30:01,Whole,2149.1141779385616,0.0,12.527778398471312,,878.25,303.4583333333333,9.402075026976384,0,49,12,3.446585894197304e-27,0.0,1.0,,0.0,0.0,0.0,1964.65692853687,,,1054.8587379711362,2182.965249607541,1964.65692853687,1705.984804847103,1219.0276152585388,1405.4312738540555
2195,raspberrypi,733.0,2023-08-09,16:30:01,Whole,1092.95827590027,,8.717559053277643,,1394.25,2542.25,7.802982965587713,0,3,1,,0.0,1.0,,0.0,0.0,0.0,1083.5211412720453,,,1592.9405567773426,2128.679975215173,1083.5211412720453,479.3135277784629,200.50035941607814,197.31013384749116
2196,raspberrypi,818.0,2023-08-09,16:30:01,Whole,1427.2915513572805,,8.233958097268935,,1036.0,2596.25,3.2227143014442277,0,4,1,,0.0,1.0,,0.0,0.0,0.0,1330.930454128374,,,1809.8195472907637,2438.519504249272,1330.930454128374,690.009408908716,459.8005008179629,455.01868576234205
2197,raspberrypi,250.0,2023-08-10,02:10:01,Whole,2166.4157203976847,,12.403871457759402,,1662.375,488.75,12.403871457759402,0,2,2,,0.0,1.0,,0.0,0.0,0.0,1507.3057742428532,,,263.7438654542647,1411.7544416624146,1507.3057742428532,1424.6537106150874,952.1061189138287,1132.0268087795944
2198,raspberrypi,305.0,2023-08-10,02:10:01,Whole,270.43905572425695,0.0,6.2023234587340434,,3130.7323717948716,2390.269230769231,1.7026768487558428,0,56,78,0.046692031027764584,0.0,1.0,,0.0,0.0,0.0,1420.309622389888,,,1537.6727728185874,1131.3817830510045,1420.309622389888,1603.5957914032463,1381.99385630767,261.8255360029294
2199,raspberrypi,307.0,2023-08-10,02:10:01,Whole,1175.9127285489608,,7.459001620689057,,2986.875,952.125,7.459001620689057,0,2,2,,0.02531645569620253,0.9746835443037974,,0.0,0.02531645569620253,0.0,1292.6761219280327,,,498.62577554694496,386.94111970220035,1292.6761219280327,1743.2981789554806,1560.6621444841694,38.25746487907821
2200,raspberrypi,314.0,2023-08-10,02:10:01,Whole,192.16113695358533,1.0,2.8785133649200696,13.331265101213516,2917.5625,2217.2946428571427,1.4461310836087722,0,29,28,209.71638229987988,0.35443037974683544,0.6455696202531646,,0.0,0.35443037974683544,0.0,1199.3823541925503,,,1283.2537578182055,994.8200931233905,1199.3823541925503,1365.2370532520506,1165.6190363096882,18.765190736332826
2201,raspberrypi,316.0,2023-08-10,02:10:01,Whole,723.3485656542363,0.15,3.077506287883146,10.19407273122839,3309.5170454545455,1436.965909090909,5.000337921981753,1,25,22,10.381968590213564,0.0,0.7215189873417721,,0.0,0.0,0.0,1391.367199932772,,,978.0335261869245,428.50054577720897,1391.367199932772,1822.2046064169308,1703.1783644385196,521.3846333661891
2202,raspberrypi,525.0,2023-08-10,02:10:01,Whole,906.5904709438396,,4.383979281583142,,2826.75,1254.5,2.697307928609429,0,2,1,,0.0,1.0,,0.0,0.0,0.0,1143.5046671541395,,,472.71499283907707,464.6605626191173,1143.5046671541395,1451.7110067089436,1324.9225681594075,377.47357859321477
2203,raspberrypi,542.0,2023-08-10,02:10:01,Whole,685.2393844129343,,2.558220184914466,,3261.25,1462.25,0.2756375878500678,1,2,1,,0.0,0.9873417721518988,,0.0,0.0,0.0,1354.9887670848357,,,949.5704503508239,435.9979053285066,1354.9887670848357,1769.2236881611263,1647.8427319652255,530.9183734573428
2204,raspberrypi,858.0,2023-08-10,02:10:01,Whole,1443.2187671257434,,,,2173.5,1003.75,,0,0,1,,0.0,0.9873417721518988,,0.012658227848101266,0.0,0.0,1102.3007126230534,,,0.0,895.085691557578,1102.3007126230534,1126.3846227773192,808.057890308613,812.2451215488418
2205,raspberrypi,106.0,2023-08-10,13:35:01,Whole,1944.794054935322,,11.29340181139833,,2167.25,2708.0,11.29340181139833,0,1,1,,0.0,1.0,,0.0,0.0,0.0,1187.7674905155968,,,1592.6974045012942,1742.99902744908,1187.7674905155968,894.0495207292798,570.9934788716827,549.6124254709922
2206,raspberrypi,306.0,2023-08-10,13:35:01,Whole,664.8553250816739,1.0,3.874162009215851,95.92456456194505,2511.097222222222,1400.3055555555557,3.3532726449639103,0,34,18,4799.82144117465,0.025974025974025976,0.7662337662337663,,0.05194805194805195,0.025974025974025976,0.0,1032.5544152381403,,,458.4644335188407,740.8401244883032,1032.5544152381403,1141.9744512609086,1076.7575928122005,460.03754705392157
2207,raspberrypi,308.0,2023-08-10,13:35:01,Whole,269.90472837468155,0.013157894736842105,6.283956452239616,2.3048861143232218,2941.8214285714284,662.1915584415584,2.933288090975619,0,68,77,0.16926577699886453,1.0,0.0,,0.0,1.0,0.0,1413.622933083007,,,446.60779986144814,397.64421879296725,1413.622933083007,1887.119555760088,1641.524591119707,102.65492236030816
2208,raspberrypi,319.0,2023-08-10,13:35:01,Whole,377.32756363292015,0.9787234042553191,3.007983043775982,51.43121899259036,2550.3673469387754,913.3316326530612,2.8220660991307898,0,65,49,3119.545300998353,0.07792207792207792,0.37662337662337664,,0.4675324675324675,0.07792207792207792,0.0,1233.0831441828361,,,157.32090701370308,643.5689434576135,1233.0831441828361,1465.465532974347,1105.6430074617997,549.330866308609
2209,raspberrypi,17.0,2023-08-10,05:10:01,Whole,2010.3108553281393,,12.190482241785258,,704.0,1874.75,12.190482241785258,0,1,1,,0.0,1.0,,0.0,0.0,0.0,1372.6637653479386,,,1501.3132559672497,2403.2818945945355,1372.6637653479386,744.5302941865639,609.1533457636322,620.0765537722618
2210,raspberrypi,74.0,2023-08-10,05:10:01,Whole,783.6907732682004,,,,2881.5,844.75,,0,0,1,,0.03125,0.96875,,0.0,0.03125,0.0,1300.4454864893085,,,378.8090909084529,417.37198761451054,1300.4454864893085,1723.769246695113,1504.2854698021818,88.52922446705311
2211,raspberrypi,304.0,2023-08-10,05:10:01,Whole,533.2760452604076,1.0,6.8132644699323315,24.129835455390687,2703.75,2066.4772727272725,6.8132644699323315,0,1,11,7.193879341075253,0.3125,0.6875,,0.0,0.3125,0.0,1062.4441970597543,,,1066.7002939360252,970.4900933383524,1062.4441970597543,1162.1569082733884,998.5132142694038,9.864907021245813
2212,raspberrypi,310.0,2023-08-10,05:10:01,Whole,904.0361958370294,,6.8132644699323315,,3011.0,758.75,6.8132644699323315,0,1,1,,0.03125,0.96875,,0.0,0.03125,0.0,1379.0858765212174,,,506.30195400920485,379.0857197728027,1379.0858765212174,1877.0204157130977,1658.112074410225,0.0
2213,raspberrypi,314.0,2023-08-10,05:10:01,Whole,328.5529535911996,,0.27447069616093955,,3019.375,1573.25,0.27447069616093955,1,1,2,,0.0,0.9375,,0.0,0.0,0.0,1189.2057434959638,,,825.9262984226267,483.3633076823634,1189.2057434959638,1509.9227950887816,1383.2374053899798,404.13922649065626
2214,raspberrypi,319.0,2023-08-10,05:10:01,Whole,751.5126890849612,,,,3445.25,1544.25,,0,0,1,,0.0,0.96875,,0.0,0.0,0.0,1488.5295715796979,,,1149.3605658838478,498.4249501994217,1488.5295715796979,1924.333886629421,1797.4916400476102,660.9103424753192
2215,raspberrypi,524.0,2023-08-10,05:10:01,Whole,371.3702839861208,,,,2983.25,1370.5,,0,0,1,,0.0,0.96875,,0.0,0.0,0.0,1193.1473200185249,,,667.502785602612,411.9392425740409,1193.1473200185249,1541.138675347388,1429.4480444866986,427.99863107547003
2216,raspberrypi,525.0,2023-08-10,05:10:01,Whole,1633.864014229642,,9.620805452975901,,1561.0,431.25,9.620805452975901,0,1,1,,0.0,1.0,,0.0,0.0,0.0,1578.3411862995865,,,380.2868153256764,1518.8063867089477,1578.3411862995865,1472.9884363361668,989.933312915839,1177.0320805387498
2217,raspberrypi,666.0,2023-08-10,05:10:01,Whole,352.13191662043477,1.0,7.3619194636407,5.184259791597722,3046.673076923077,1575.6923076923076,9.620805452975901,1,3,13,1.2928325831305073e-26,0.0,0.59375,,0.0,0.0,0.0,1205.2331278121474,,,846.3781133725544,484.08083549962873,1205.2331278121474,1534.7202295760474,1406.9349895622067,413.6019679347152
2218,raspberrypi,683.0,2023-08-10,05:10:01,Whole,2233.5897204037547,,,,877.5,309.75,,0,0,2,,0.0,1.0,,0.0,0.0,0.0,1960.526273825357,,,1053.3827153606162,2182.006270022499,1960.526273825357,1700.345840399283,1213.5933211464524,1399.7773564053136
2219,raspberrypi,896.0,2023-08-10,05:10:01,Whole,388.2357293937951,,,,2532.0,1958.0,,0,0,1,,0.0,1.0,,0.0,0.0,0.0,952.7557124934502,,,895.6295782269256,955.0776649630599,952.7557124934502,974.6282229783491,817.7712181550573,238.84109492238923
2220,raspberrypi,950.0,2023-08-10,05:10:01,Whole,468.27995578990846,,,,2807.0,2061.25,,0,0,1,,0.03125,0.96875,,0.0,0.03125,0.0,1081.9324813520373,,,1093.6126395998806,890.7769610684006,1081.9324813520373,1242.675054485261,1073.8582635046516,0.0
2221,raspberrypi,130.0,2023-08-10,14:40:01,Whole,878.3142762334143,,6.405236773724735,,1587.25,1490.25,2.5207319937835924,0,3,1,,0.0136986301369863,0.9863013698630136,,0.0,0.0136986301369863,0.0136986301369863,864.5265469273623,,,588.412194426998,1485.1639604117304,864.5265469273623,448.6011948989653,63.22718996665557,150.78428784872926
2222,raspberrypi,304.0,2023-08-10,14:40:01,Whole,1132.9636953202426,1.0,7.85232480077224,16.168961234026437,3457.3828125,1702.234375,9.940045604610345,0,19,16,66.28223764868048,0.0,0.7808219178082192,,0.0,0.0,0.0,1500.8650846936978,,,1246.7034462725478,575.8688301580128,1500.8650846936978,1907.202146716131,1776.771812419714,585.3189906990276
2223,raspberrypi,306.0,2023-08-10,14:40:01,Whole,556.0257683181685,1.0,6.442033323862843,26.366741516448236,1943.5548780487804,1013.875,4.955413335213028,0,51,41,1569.0366657399709,0.0,0.4520547945205479,,0.3287671232876712,0.0,0.0,1114.0652896026681,,,120.50824764615261,1100.915388694828,1114.0652896026681,1024.4800048440845,777.4339783647843,716.5706107318881
2224,raspberrypi,307.0,2023-08-10,14:40:01,Whole,998.4479540158782,,5.963874600009327,,3048.0,2015.0,5.607839642575877,0,3,2,,0.0273972602739726,0.9726027397260274,,0.0,0.0273972602739726,0.0,1222.4519876218149,,,1177.846077384394,771.3134093778901,1222.4519876218149,1478.9758974215001,1319.3044185344957,59.95346205469342
2225,raspberrypi,311.0,2023-08-10,14:40:01,Whole,1170.9957757297443,1.0,5.6384639201177515,68.99602075898515,3038.6944444444443,2207.1666666666665,5.751962303883591,0,18,9,1029.1603576154441,0.0821917808219178,0.8904109589041096,,0.0,0.0821917808219178,0.0,1301.497713600715,,,1347.8850073779697,977.4396399033393,1301.497713600715,1496.3090243433928,1229.3789812109687,134.71394063198446
2226,raspberrypi,319.0,2023-08-10,14:40:01,Whole,541.0857351339524,1.0,6.625161990345145,117.73540727920962,2378.1004464285716,1039.6026785714287,4.265015107106435,0,42,56,11651.504354675335,0.0821917808219178,0.2328767123287671,,0.4520547945205479,0.0821917808219178,0.0136986301369863,1174.3891506585508,,,243.35749168256174,820.15116770753,1174.3891506585508,1288.66797260517,1095.2903428665932,506.14640145495724
2227,raspberrypi,560.0,2023-08-10,14:40:01,Whole,920.012832718477,,4.74157634760439,,3234.0,1675.25,1.5939884504798616,0,2,1,,0.0,0.9863013698630136,,0.0,0.0,0.0,1328.0127351369208,,,1052.9294442002988,539.1801057927051,1328.0127351369208,1693.0635133861872,1559.8130724312027,420.38362635126975
2228,raspberrypi,714.0,2023-08-10,14:40:01,Whole,1088.938923702416,,5.55269594331914,,3228.75,1970.25,2.691854512688923,0,3,1,,0.0,0.9863013698630136,,0.0,0.0,0.0,1350.2030519693637,,,1255.365468008442,712.6843034931596,1350.2030519693637,1657.8605958590224,1505.1917710605655,243.77839125675862
2229,raspberrypi,813.0,2023-08-10,14:40:01,Whole,1536.6982737462306,,8.97118866009704,,999.75,1802.5,8.97118866009704,0,1,1,,0.0,1.0,,0.0,0.0,0.0,1100.9155598976645,,,1225.0586508883362,2109.3448952074805,1100.9155598976645,489.69801717096493,308.0223743656235,327.13066339375314
2230,raspberrypi,17.0,2023-08-09,22:20:01,Whole,1717.0467247691681,,7.605645292750935,,876.0,307.0,4.164356561757812,0,2,1,,0.0,1.0,,0.0,0.0,0.0,1963.3329134903195,,,1055.7393816876788,2184.132810615611,1963.3329134903195,1703.441516503092,1216.7141705343688,1402.8698394482917
2231,raspberrypi,250.0,2023-08-09,22:20:01,Whole,1144.6488021198002,,5.168284561669969,,2328.0,1399.0,4.205988073963339,0,3,2,,0.015151515151515152,0.9848484848484849,,0.0,0.015151515151515152,0.0,1398.3701722682692,,,831.9235622013479,1238.8962087476164,1398.3701722682692,1439.5283964520104,1096.6247222869983,624.1356394973462
2232,raspberrypi,307.0,2023-08-09,22:20:01,Whole,358.4376088496926,1.0,5.861096210861396,55.247290918367284,2454.48125,944.890625,2.2633346446825815,7,42,40,2229.261293600604,0.0,0.3939393939393939,,0.3787878787878788,0.0,0.0,1191.3325192153757,,,129.8860158253454,698.0503021833073,1191.3325192153757,1373.9624840594333,1116.0048111937094,620.7521686408325
2233,raspberrypi,309.0,2023-08-09,22:20:01,Whole,481.8640957182673,1.0,3.7016248347817946,29.925350447711864,2370.1356382978724,1117.1356382978724,1.9729021853693087,7,54,47,1518.9420668827295,0.0,0.3181818181818182,,0.3939393939393939,0.0,0.0,1100.9393512878482,,,249.8405412065972,805.4928746522862,1100.9393512878482,1188.2904726263623,1196.219176401134,435.8047786317783
2234,raspberrypi,314.0,2023-08-09,22:20:01,Whole,270.5355136152996,1.0,2.4397571722201947,60.18403400220927,2282.48,1339.73,2.221983111874725,1,37,25,2569.9802593657873,0.015151515151515152,0.6212121212121212,,0.25757575757575757,0.015151515151515152,0.0,988.4828883214832,,,268.2157223720973,882.500820308562,988.4828883214832,986.9210495449389,905.0119488632583,624.9713573490448
2235,raspberrypi,316.0,2023-08-09,22:20:01,Whole,483.22353165940285,1.0,3.3737715979977945,26.795599545714843,2617.5625,1557.7708333333333,3.3737715979977945,0,2,6,936.4687645654413,0.0,0.9242424242424242,,0.0,0.0,0.0,997.6900720105886,,,560.6201013447561,673.9886248472462,997.6900720105886,1140.09194780355,1038.591651730998,422.3514583116978
2236,raspberrypi,350.0,2023-08-09,22:20:01,Whole,391.95710527969175,,2.9472128470478136,,2438.5,1527.0,1.9239421175992169,0,2,1,,0.0,1.0,,0.0,0.0,0.0,943.4962722831842,,,456.8862444090085,788.0876303286868,943.4962722831842,992.3262071254803,879.1145803742054,560.7700919178953
2237,raspberrypi,470.0,2023-08-09,22:20:01,Whole,476.3784750723943,,2.9119332147803236,,2512.25,1596.75,2.9119332147803236,0,1,1,,0.0,1.0,,0.0,0.0,0.0,953.876442411633,,,548.4890062854602,762.9292383890609,953.876442411633,1030.6356637194906,907.1542992594834,460.2584339449736
2238,raspberrypi,666.0,2023-08-09,22:20:01,Whole,912.6180860955759,,4.3928615240394056,,1991.5,1966.75,0.045046522254749206,1,3,1,,0.0,1.0,,0.0,0.0,0.0,789.8089906963052,,,865.7132928059557,1336.1653596836213,789.8089906963052,465.8293688183544,283.68599872644216,301.50221895123207
2239,raspberrypi,17.0,2023-08-10,02:00:01,Whole,530.8102192283951,,4.261073121891385,,2552.0,2303.0,3.6271720160856056,0,2,1,,0.0,1.0,,0.0,0.0,0.0,1065.6455820099545,,,1233.644419448228,1211.1061376560483,1065.6455820099545,1028.8120053155405,799.2779167712544,256.3089295921127
2240,raspberrypi,216.0,2023-08-10,02:00:01,Whole,714.595785852528,,9.78512346542237,,3197.75,1318.75,4.568658389768986,0,2,1,,0.0,0.9873417721518988,,0.0,0.0,0.0,1327.2266716617125,,,823.1718066186547,369.88329498965334,1327.2266716617125,1756.5776631062254,1644.7927465652529,376.48905844862935
2241,raspberrypi,305.0,2023-08-10,02:00:01,Whole,326.07333385514113,0.0,5.3170700526700845,,3246.409810126582,2203.012658227848,7.917260009150503,0,55,79,0.09323467360397635,0.0,1.0,,0.0,0.0,0.0,1426.1341889375713,,,1446.6914356813108,946.0241324349554,1426.1341889375713,1685.6387709097878,1494.879115651245,256.6759079931363
2242,raspberrypi,306.0,2023-08-10,02:00:01,Whole,1401.109314865519,0.5454545454545454,10.05764610072097,27.1386677188661,2975.8958333333335,601.578125,8.214343363226922,0,38,24,280.2245575453695,0.25316455696202533,0.6962025316455697,,0.0,0.25316455696202533,0.0,1463.185873756721,,,493.06716601574936,397.4362427913592,1463.185873756721,1953.025799621658,1680.7673505980408,113.4809349642492
2243,raspberrypi,309.0,2023-08-10,02:00:01,Whole,1395.9531871104,1.0,11.331498271413674,190.8115335224573,2198.435,2809.475,6.909400354211521,0,40,25,9933.426945037123,0.0,0.7088607594936709,,0.012658227848101266,0.0,0.0,1536.1310618319771,,,1878.7932485361014,1971.1586059889032,1536.1310618319771,1295.1229799729115,888.8551694625359,665.7780205768354
2244,raspberrypi,315.0,2023-08-10,02:00:01,Whole,1231.3277447360226,,7.499936890943473,,2996.75,771.0,7.499936890943473,0,1,1,,0.012658227848101266,0.9873417721518988,,0.0,0.012658227848101266,0.0,1368.2902348910804,,,491.7458857062657,382.0528055196029,1368.2902348910804,1858.4082885375037,1639.9697083820515,0.0
2245,raspberrypi,425.0,2023-08-10,02:00:01,Whole,239.69164160169353,,2.8937726024426498,,2767.5,1911.75,2.8937726024426498,0,1,1,,0.012658227848101266,0.9873417721518988,,0.0,0.012658227848101266,0.0,1039.5777127565323,,,942.4811589227502,787.9446414077438,1039.5777127565323,1206.7443206166824,1057.1862700028094,55.17311711194418
2246,raspberrypi,666.0,2023-08-10,02:00:01,Whole,376.46481477469905,,3.9341533290598516,,3110.25,1645.875,2.9733324304225404,0,3,2,,0.0,0.9746835443037974,,0.0,0.0,0.0,1243.6858001626335,,,943.2941747521965,519.5879149991958,1243.6858001626335,1581.2001375719974,1449.7220911871123,375.53230202398214
2247,raspberrypi,17.0,2023-08-09,18:30:01,Whole,806.3908486227522,,6.553332252388566,,1770.75,2003.0,5.692988688741974,0,4,1,,0.0125,0.9875,,0.0,0.0125,0.0125,745.3710183156519,,,953.2868588557499,1527.700902274984,745.3710183156519,277.5911120012082,62.42936594771605,138.42109095071456
2248,raspberrypi,190.0,2023-08-09,18:30:01,Whole,1560.5731155592844,,6.546248344106897,,1096.0,1436.25,4.207519755661868,0,3,1,,0.0,1.0,,0.0,0.0,0.0,1130.609493315763,,,931.0457662270906,1925.683320518716,1130.609493315763,606.7343801941546,213.10168189786242,306.8574759296174
2249,raspberrypi,250.0,2023-08-09,18:30:01,Whole,1663.5735502799193,,10.759617069891945,,1010.0,2502.0,9.791527676751686,0,3,1,,0.0,1.0,,0.0,0.0,0.0,1289.8226249445274,,,1745.169224715597,2406.9140746834764,1289.8226249445274,641.4610176706278,430.8938113167803,425.45271300744963
2250,raspberrypi,300.0,2023-08-09,18:30:01,Whole,1691.0588325945653,,7.47572944260684,,885.25,2017.25,2.150363052398938,0,5,1,,0.0,1.0,,0.0,0.0,0.0,1211.050683957982,,,1454.2727582360214,2288.4394295297716,1211.050683957982,569.2208487094343,437.55488571256774,439.23183964998816
2251,raspberrypi,304.0,2023-08-09,18:30:01,Whole,520.7773004689193,1.0,3.20820131903227,10.719590735094043,3049.8333333333335,2147.412037037037,1.0327216746882675,11,70,27,70.47971861763605,0.3375,0.6625,,0.0,0.3375,0.0,1260.0661894517757,,,1288.6625302399523,898.7526929751933,1260.0661894517757,1486.875150197191,1297.8091944189148,53.75469054411806
2252,raspberrypi,305.0,2023-08-09,18:30:01,Whole,107.56807194482457,1.0,3.8553664927722515,7.676099269811457,2511.625,1848.75,3.2098107003944425,0,12,6,6.95873926018085e-27,0.0,0.9375,,0.0,0.0,0.0,936.9311046334495,,,785.2448846655907,896.4796964962463,936.9311046334495,966.1064007351564,816.9030226383456,295.32416530698424
2253,raspberrypi,306.0,2023-08-09,18:30:01,Whole,558.2938801139694,1.0,2.7667726916732183,16.20549461002519,2950.25,2347.75,1.0960601189485808,2,23,7,1.6039751013677788e-26,0.0875,0.9125,,0.0,0.0875,0.0,1281.4132645690022,,,1414.2274581999368,1111.7750289523542,1281.4132645690022,1420.260303390225,1199.084526607852,135.68323756373556
2254,raspberrypi,307.0,2023-08-09,18:30:01,Whole,1101.6529094092282,1.0,8.772535970001668,45.333488727295034,2968.65,911.0666666666667,6.938686623696254,0,47,15,488.12959210546194,0.175,0.8125,,0.0,0.175,0.0,1307.1578539453187,,,479.52596617717705,395.05801330908594,1307.1578539453187,1754.758711240968,1605.1322484058437,48.97323188763907
2255,raspberrypi,309.0,2023-08-09,18:30:01,Whole,811.6070398305085,0.8780487804878049,6.154035747022532,19.666375748329834,1774.278409090909,1847.190340909091,5.1086154622853375,0,95,44,74.6404171376191,0.2875,0.45,,0.0,0.2875,0.325,753.170975727964,,,806.4733025763832,1451.9714192021147,753.170975727964,329.73891868867184,167.25677719012668,191.21602448446285
2256,raspberrypi,310.0,2023-08-09,18:30:01,Whole,986.2102539102248,1.0,6.356093986014667,150.04709893699723,2475.87,1648.58,4.314363298051492,0,64,25,6203.171764254194,0.0125,0.7,,0.075,0.0125,0.0125,1300.6910111810414,,,897.7912469349321,1181.1961549408352,1300.6910111810414,1324.2927326866718,978.8452724376741,528.6177974554544
2257,raspberrypi,311.0,2023-08-09,18:30:01,Whole,666.0569485651436,1.0,5.733452562588894,200.09312068245734,2907.5,2468.625,1.578157997649965,0,15,4,1.7771458472818954e-26,0.0,0.9625,,0.0,0.0,0.0,1336.2895977870444,,,1518.5913384623443,1245.8649200149903,1336.2895977870444,1421.194010464322,1170.841332839916,260.8319303451721
2258,raspberrypi,313.0,2023-08-09,18:30:01,Whole,985.6475741737838,,8.696412586652045,,3335.0,1309.25,8.696412586652045,0,1,1,,0.0,0.9875,,0.0,0.0,0.0,1422.6518617828233,,,942.5150646153472,394.78438559820444,1422.6518617828233,1886.7550428074053,1773.576464400256,413.6600979271634
2259,raspberrypi,314.0,2023-08-09,18:30:01,Whole,302.416831231928,0.7142857142857143,4.8950678962414855,16.07556751780194,2863.614864864865,1974.0067567567567,1.5798286274955446,1,105,37,177.3931525828319,0.4625,0.5375,,0.0,0.4625,0.0,1099.8105911900277,,,1043.8345249383267,795.6566483482405,1099.8105911900277,1300.64734626732,1144.9140923986085,15.4554031420477
2260,raspberrypi,315.0,2023-08-09,18:30:01,Whole,1535.6372529042574,1.0,7.405593641953162,3.3606465616752974,1065.75,1649.375,3.9422223513978465,0,35,9,9.015553202525849e-31,0.0,0.9,,0.0,0.0,0.0,1073.0992579292908,,,1076.8739622390754,2003.2718219361263,1073.0992579292908,494.5499876777267,251.67724471464044,243.13948550262504
2261,raspberrypi,316.0,2023-08-09,18:30:01,Whole,788.8418383547667,1.0,5.989149718103818,50.22403583477307,2845.890625,2448.2834821428573,2.4412533098217346,9,121,56,2034.0779446736187,0.125,0.3125,,0.0,0.125,0.0,1359.2334143675641,,,1541.1091317224086,1283.9389271347504,1359.2334143675641,1410.320184256927,1379.70512822327,291.81044076681667
2262,raspberrypi,319.0,2023-08-09,18:30:01,Whole,893.5923093079917,1.0,7.25089409448194,77.84983940775699,3099.0416666666665,1278.5916666666667,4.431720544765501,0,29,15,2358.6521920353166,0.05,0.8125,,0.0,0.05,0.0,1301.2039319532814,,,726.6006730276895,433.97459464259134,1301.2039319532814,1704.0748467135656,1539.4692836022057,299.78712289991097
2263,raspberrypi,666.0,2023-08-09,18:30:01,Whole,301.3748182905547,,1.5301380865366685,,2875.25,1919.0,0.025166246654720725,1,4,1,,0.0125,0.9875,,0.0,0.0125,0.0,1094.602903526123,,,1002.2135197608502,741.725059993732,1094.602903526123,1311.6871383844077,1163.2289731278606,29.85093314247392
2264,raspberrypi,692.0,2023-08-09,18:30:01,Whole,1014.3046121988403,,6.8719337815049055,,2173.75,1004.25,4.944850885428474,0,2,1,,0.0,0.9875,,0.0125,0.0,0.0,1102.0348003033264,,,0.0,894.889695618067,1102.0348003033264,1126.1305097771667,807.9810001619066,812.0922702249371
2265,raspberrypi,31.0,2023-08-09,17:20:01,Whole,1389.6724869014274,,7.493339461375104,,2915.5,789.5,6.212184270832211,0,3,1,,0.012658227848101266,0.9873417721518988,,0.0,0.012658227848101266,0.0,1335.7425578282289,,,410.3692437211051,404.9472058706308,1335.7425578282289,1784.5530984125787,1558.769744046628,58.70875708710072
2266,raspberrypi,127.0,2023-08-09,17:20:01,Whole,827.8886444012576,1.0,3.943742746748991,1653.1982828747434,2044.375,1962.75,1.6492881060193392,0,6,2,,0.02531645569620253,0.9746835443037974,,0.0,0.02531645569620253,0.012658227848101266,1043.7729291370235,,,1097.7632148893192,1451.7170828506967,1043.7729291370235,814.7884108725801,534.18926955553,73.63579518391766
2267,raspberrypi,304.0,2023-08-09,17:20:01,Whole,846.9608320833707,,6.219733897463452,,3083.5,1833.0,2.7142501407799036,0,4,1,,0.0,0.9873417721518988,,0.0,0.0,0.0,1225.9788142332113,,,1056.3910687607704,612.6957383306255,1225.9788142332113,1523.251404470957,1381.2488785837272,202.86711476644004
2268,raspberrypi,305.0,2023-08-09,17:20:01,Whole,377.2440070801164,1.0,4.161695728817034,36.84718218459536,2555.625,2137.325,5.710826305873401,0,10,5,199.4902475828573,0.05063291139240506,0.9493670886075949,,0.0,0.05063291139240506,0.0,1010.0637005681846,,,1084.0317179514918,1076.261002543098,1010.0637005681846,1013.2515675649893,890.2524825576585,133.54916801134019
2269,raspberrypi,307.0,2023-08-09,17:20:01,Whole,804.3064028893605,1.0,5.970803578016993,123.32413198650102,2749.1875,1391.96875,4.31000292734926,0,12,4,4713.659579664112,0.0,0.9620253164556962,,0.0,0.0,0.0,1086.5908295481213,,,506.5333160666686,537.9829072083448,1086.5908295481213,1326.4432228792732,1231.2299230556182,528.5617342264811
2270,raspberrypi,309.0,2023-08-09,17:20:01,Whole,455.77398721387743,1.0,4.454543467530724,32.74003513449181,2693.8607954545455,1999.252840909091,3.1604787160608367,0,95,44,812.9998474297192,0.46835443037974683,0.45569620253164556,,0.0,0.46835443037974683,0.0,1031.4856457835535,,,997.2148589122149,908.6658793996554,1031.4856457835535,1135.0536517544588,968.015419574334,76.79737052060203
2271,raspberrypi,310.0,2023-08-09,17:20:01,Whole,1020.6346310192465,0.8648648648648649,7.113900750567345,59.079152116246426,2549.595,2502.6316666666667,3.764110334056001,0,134,75,2356.9557188444624,0.0,0.189873417721519,,0.0,0.0,0.0,1384.3322347576327,,,1626.0703959084744,1529.802848080456,1384.3322347576327,1310.9209317209857,1321.888326293944,320.4967154806892
2272,raspberrypi,314.0,2023-08-09,17:20:01,Whole,976.0444246360423,1.0,4.515890938906372,14.7648230602334,3231.5,2037.75,1.7548474505277085,0,6,2,,0.0,0.9746835443037974,,0.0,0.0,0.0,1366.3058841238121,,,1308.2107299455333,780.1901533688366,1366.3058841238121,1660.4857030478927,1496.408785226687,230.11533745238137
2273,raspberrypi,316.0,2023-08-09,17:20:01,Whole,766.9641009235394,0.0,7.123176499721912,,1598.892857142857,1616.7467532467533,5.9241982423256045,0,135,77,0.08273626932299911,0.9746835443037974,0.02531645569620253,,0.0,0.9746835443037974,0.9746835443037974,802.1001225147496,,,682.0374134830291,1511.2045882548691,802.1001225147496,356.943753267713,91.36916228816753,75.69790832774517
2274,raspberrypi,317.0,2023-08-09,17:20:01,Whole,1217.4745271424395,,7.728866504413233,,2984.25,1038.0,6.809763076088254,0,5,2,,0.02531645569620253,0.9746835443037974,,0.0,0.02531645569620253,0.0,1267.5166433525253,,,518.4880531124696,393.3138249958775,1267.5166433525253,1694.3623014659481,1530.6899574631932,116.75646527007524
2275,raspberrypi,714.0,2023-08-09,17:20:01,Whole,1279.3076404344865,,10.477269101772718,,3047.25,1007.5,8.116017877659125,0,2,1,,0.012658227848101266,0.9873417721518988,,0.0,0.012658227848101266,0.0,1302.4181235677245,,,569.8399322568262,376.5337830679323,1302.4181235677245,1763.0157286860642,1599.9362855403065,59.75373020178763
2276,raspberrypi,896.0,2023-08-09,17:20:01,Whole,791.2852748900199,,4.601957125061142,,2791.75,2594.75,1.6723429697651042,0,4,1,,0.0,1.0,,0.0,0.0,0.0,1334.772899675994,,,1581.4487158290015,1386.0354067131773,1334.772899675994,1347.9961926628505,1082.196288039654,379.07243599934486
2277,raspberrypi,106.0,2023-08-10,08:45:01,Whole,1776.8131327268327,,,,1300.0,2374.5,,0,0,1,,0.02702702702702703,0.972972972972973,,0.0,0.02702702702702703,0.02702702702702703,1007.3602781052157,,,1484.566668986774,2103.200216928327,1007.3602781052157,372.5086219818063,115.90145650213798,110.87573325935416
2278,raspberrypi,250.0,2023-08-10,08:45:01,Whole,189.06725014636595,,3.330407102899657,,2983.75,1371.25,3.330407102899657,0,1,1,,0.0,0.972972972972973,,0.0,0.0,0.0,1193.29126798912,,,668.3476459108558,411.84630803200355,1193.29126798912,1541.309007795605,1429.5527999488963,428.63488329600364
2279,raspberrypi,307.0,2023-08-10,08:45:01,Whole,543.0638057429707,1.0,3.330407102899657,65.41097668913403,2679.005681818182,915.9886363636364,3.330407102899657,0,1,22,3138.1388141689085,0.0,0.43243243243243246,,0.35135135135135137,0.0,0.0,1235.700466644848,,,202.78983909858164,533.8021272361763,1235.700466644848,1538.8278276773833,1275.2432526808984,356.20912566510447
2280,raspberrypi,317.0,2023-08-10,08:45:01,Whole,793.9793189051042,0.9230769230769231,,14.13911377987304,3092.5089285714284,2166.2321428571427,,0,0,14,189.21520701664414,0.3783783783783784,0.6216216216216216,,0.0,0.3783783783783784,0.0,1297.7903160489964,,,1327.664401017925,911.6955881318379,1297.7903160489964,1530.5401901081786,1345.0413655919142,95.75267015382117
2281,raspberrypi,37.0,2023-08-10,08:35:01,Whole,57.85462648735079,,1.3329202061263101,,2831.0,1253.25,1.3329202061263101,0,1,1,,0.0,1.0,,0.0,0.0,0.0,1145.5481593704017,,,475.44174600991556,462.39803119128527,1145.5481593704017,1455.9694600179225,1329.3322946873916,374.16586979720495
2282,raspberrypi,128.0,2023-08-10,08:35:01,Whole,436.4981035763032,,1.8758797841524086,,2958.0,825.25,1.0666560673144996,0,2,1,,0.012987012987012988,0.987012987012987,,0.0,0.012987012987012988,0.0,1330.5949700795509,,,453.8491413796118,391.97218729420433,1330.5949700795509,1794.9060985071512,1581.9467154265858,11.642279057437364
2283,raspberrypi,306.0,2023-08-10,08:35:01,Whole,227.9992703033521,1.0,2.6007493832061965,33.28570352260901,2852.3923611111113,1220.90625,2.015304937386927,3,37,36,1608.006685593356,0.05194805194805195,0.5324675324675324,,0.03896103896103896,0.05194805194805195,0.0,1178.7335911646821,,,483.2920788845125,460.03873730818725,1178.7335911646821,1501.6339271527547,1401.6217437152982,409.3114494008972
2284,raspberrypi,307.0,2023-08-10,08:35:01,Whole,1008.3613756277371,1.0,4.421982573456313,16.411542633774143,3128.466346153846,2170.0721153846152,7.6534130946586085,0,34,26,292.1079927001081,0.33766233766233766,0.6623376623376623,,0.0,0.33766233766233766,0.0,1327.059152983629,,,1351.5805077473221,912.6157890120778,1327.059152983629,1567.0929060307499,1367.7025042641844,139.21132715367955
2285,raspberrypi,310.0,2023-08-10,08:35:01,Whole,435.2298811906501,0.8450704225352113,4.431064006917812,37.10322880721698,2595.734375,862.7152777777778,2.6221527050459494,3,64,72,941.9139254748375,0.05194805194805195,0.07792207792207792,,0.6233766233766234,0.05194805194805195,0.0,1238.1610368666659,,,136.27938133089626,585.1072950543388,1238.1610368666659,1508.7995716888265,1286.3940563247438,404.67559342928905
2286,raspberrypi,314.0,2023-08-10,08:35:01,Whole,750.3747744775195,,4.4510958593375145,,2705.0,1970.75,2.426522864737408,0,2,1,,0.012987012987012988,0.987012987012987,,0.0,0.012987012987012988,0.0,1018.3636799709433,,,968.2694261699962,865.5890203468687,1018.3636799709433,1142.498639237481,988.6387686954592,68.56326917236319
2287,raspberrypi,542.0,2023-08-10,08:35:01,Whole,393.98277749384226,1.0,4.154724904629646,3.4916194308658555,3096.375,1460.25,3.4220397557341258,0,8,5,0.0,0.0,0.935064935064935,,0.0,0.0,0.0,1246.1637353486824,,,811.7940944205753,426.48028911409403,1246.1637353486824,1614.5695756507278,1494.858993354095,506.8045541886863
2288,raspberrypi,17.0,2023-08-10,10:00:01,Whole,1716.698972916841,,8.648873420988387,,701.25,1877.0,8.648873420988387,0,1,1,,0.0,1.0,,0.0,0.0,0.0,1375.2865372170306,,,1504.8622081042456,2406.5241898889913,1375.2865372170306,746.8560473669874,612.1723074847491,622.5777825326326
2289,raspberrypi,306.0,2023-08-10,10:00:01,Whole,75.5999042537964,0.8904109589041096,4.857461685119584,5.867228411334906,2351.337837837838,1997.2820945945946,3.094509534719344,0,29,74,20.453228700457366,0.0,0.12162162162162163,,0.0,0.0,0.0,898.2296853204953,,,894.7493951442656,1096.7559086582608,898.2296853204953,799.0118134786062,628.2052412078442,408.54168218172333
2290,raspberrypi,309.0,2023-08-10,10:00:01,Whole,478.75982694747677,1.0,2.3847944300242,23.687655012685404,2082.875,1617.625,2.3881317762416447,0,6,6,3.857529826530748e-26,0.0,0.9324324324324325,,0.0,0.0,0.0,838.3857809273278,,,508.4474189055677,1099.822746190432,838.3857809273278,654.4070294383381,543.841659762998,551.0882323831754
2291,raspberrypi,311.0,2023-08-10,10:00:01,Whole,625.0631417434084,0.18181818181818182,5.078174109652461,17.96277429049759,3037.5178571428573,1942.392857142857,3.1515514732793393,0,16,14,45.21897194515206,0.13513513513513514,0.8108108108108109,,0.0,0.13513513513513514,0.0,1210.4085101485673,,,1114.5767832172667,722.6346804403688,1210.4085101485673,1471.5754744548929,1240.388190771714,76.80014909523636
2292,raspberrypi,316.0,2023-08-10,10:00:01,Whole,358.65367508789353,0.0,2.377409860663593,,2754.625,2078.5,2.1777457320739484,0,7,6,5.682165100306948e-26,0.08108108108108109,0.918918918918919,,0.0,0.08108108108108109,0.0,1059.735958730995,,,1086.8909733105297,928.1700665378107,1059.735958730995,1192.073354677237,1019.2305160416612,0.0
2293,raspberrypi,425.0,2023-08-10,10:00:01,Whole,1180.4042694011796,,5.801518480314366,,1288.0,1612.5,5.801518480314366,0,1,1,,0.013513513513513514,0.9864864864864865,,0.0,0.013513513513513514,0.013513513513513514,916.882917913699,,,883.5644051887343,1789.1858816442477,916.882917913699,371.82005281338246,35.08925582154063,46.22874798923009
2294,raspberrypi,653.0,2023-08-10,10:00:01,Whole,1305.4852946363642,,7.843246090415552,,1300.5,1282.25,6.580360056985376,0,2,1,,0.0,0.9864864864864865,,0.0,0.0,0.013513513513513514,1087.772206603955,,,676.7573083091281,1708.2762745376388,1087.772206603955,646.6522275951223,153.1152150807659,348.91506941465923
2295,raspberrypi,304.0,2023-08-10,10:15:01,Whole,1535.4968483088078,1.0,9.39720483625401,3.0321407538273033,2285.5,708.75,12.94415053300757,0,9,8,1.0777164594255704e-25,0.0,0.8431372549019608,,0.1568627450980392,0.0,0.0,1286.5980572905914,,,0.0,820.9865294946349,1286.5980572905914,1428.99104588362,1080.9866498656042,693.1631189788495
2296,raspberrypi,306.0,2023-08-10,10:15:01,Whole,898.5845442306457,1.0,11.507741982635968,64.84460504842428,1548.029761904762,2774.407738095238,11.794158042498356,0,20,42,1338.1866808432828,0.0,0.21568627450980393,,0.0,0.0,0.0,1357.3064592579005,,,1824.6748338614323,2208.502204198508,1357.3064592579005,878.5468406536969,590.7131951096974,562.519901198158
2297,raspberrypi,309.0,2023-08-10,10:15:01,Whole,1844.3497889927235,,11.469343880510122,,2572.75,458.0,11.469343880510122,0,1,1,,0.0,0.9803921568627451,,0.0196078431372549,0.0,0.0,1483.581511843449,,,185.51635732159735,661.3341715600178,1483.581511843449,1794.3662330374502,1462.107142675995,516.4290158903499
2298,raspberrypi,319.0,2023-08-10,10:15:01,Whole,1422.9975459168163,,11.18786301426321,,3392.75,1767.5,11.18786301426321,0,1,1,,0.0,0.9803921568627451,,0.0,0.0,0.0,1452.8358873768323,,,1234.1302635662607,598.8799139365782,1452.8358873768323,1834.3507367866532,1697.005867727994,480.9775618490238
2299,raspberrypi,384.0,2023-08-10,10:15:01,Whole,1389.4165117472287,,4.281537109617576,,2630.75,965.25,4.281537109617576,0,1,1,,0.0,0.9803921568627451,,0.0196078431372549,0.0,0.0,1184.468952627814,,,159.67761303822624,548.9103955765086,1184.468952627814,1457.9667504098654,1226.1145577640182,358.0731578390091
2300,raspberrypi,542.0,2023-08-10,10:15:01,Whole,1135.350006323844,1.0,6.8292170259832785,4.218611935425285,3157.8,1998.125,6.805089768179151,0,6,5,1.9065011177164422,0.09803921568627451,0.9019607843137255,,0.0,0.09803921568627451,0.0,1301.142397958801,,,1230.698992571455,739.9275955179119,1301.142397958801,1587.373021332107,1430.242602700359,167.7819187405892
2301,raspberrypi,666.0,2023-08-10,10:15:01,Whole,1115.8299838084454,1.0,6.576188134961737,3.8846206736022215,2978.375,1613.25,4.023055555293498,0,7,4,1.1431186162331377e-26,0.0,0.9215686274509803,,0.0,0.0,0.0,1161.4241881350383,,,823.3039820494214,504.3573746979021,1161.4241881350383,1460.115919077263,1330.9312057605462,352.510513170517
2302,raspberrypi,818.0,2023-08-10,10:15:01,Whole,818.9443568960661,1.0,7.285867990555288,34.69752174530767,2767.05,1839.625,10.129611987203488,0,3,10,466.4854619923064,0.19607843137254902,0.803921568627451,,0.0,0.19607843137254902,0.0,1042.7055290434446,,,883.3824302749366,736.6324738067744,1042.7055290434446,1215.3464042195635,1093.268696232281,144.48874675273876
2303,raspberrypi,31.0,2023-08-10,13:45:01,Whole,524.9686500010715,,3.656396770754579,,2412.25,1047.0,3.656396770754579,0,1,1,,0.0,0.9868421052631579,,0.013157894736842105,0.0,0.0,1105.068947677178,,,22.88237020745987,705.441379969738,1105.068947677178,1246.2662007134834,993.5903576987591,590.9358471507916
2304,raspberrypi,304.0,2023-08-10,13:45:01,Whole,310.9217838605689,0.9166666666666666,4.293795442889805,9.321581112558851,3036.575,1421.6666666666667,1.3892487276641283,1,32,15,55.14547960320861,0.0,0.8026315789473685,,0.0,0.0,0.0,1218.7359673930425,,,741.7220808173904,414.35511349265306,1218.7359673930425,1572.7219989261555,1450.2382709787512,451.2834257120703
2305,raspberrypi,306.0,2023-08-10,13:45:01,Whole,921.8611349565002,0.0,5.160949707624046,,3075.25,608.95,3.0298208772995694,0,20,5,0.0,0.06578947368421052,0.9342105263157895,,0.0,0.06578947368421052,0.0,1487.7785023923814,,,587.3515726898037,369.97925767851643,1487.7785023923814,2021.1941855358966,1783.9165615763648,99.09347942476846
2306,raspberrypi,307.0,2023-08-10,13:45:01,Whole,721.2806295217329,1.0,4.861940335782309,117.24413870489232,2447.4261363636365,906.6079545454545,4.806548473333279,0,78,22,1146.7543910429774,0.0,0.7236842105263158,,0.18421052631578946,0.0,0.0,1230.4897180530354,,,191.6482456926963,743.8195895316976,1230.4897180530354,1400.4682870407942,1085.3404805388673,571.9029907608137
2307,raspberrypi,308.0,2023-08-10,13:45:01,Whole,151.79408581155613,0.41333333333333333,3.360564067044564,9.485522807471057,2836.902960526316,1570.8651315789473,1.9667727298822817,2,181,76,80.618760669819,0.0,0.0,,0.0,0.0,0.0,1090.0855559900524,,,697.0687316377669,540.9394271408585,1090.0855559900524,1338.5760460051815,1214.4175183126083,350.3907463860484
2308,raspberrypi,310.0,2023-08-10,13:45:01,Whole,885.9865638599698,1.0,5.270070996011562,61.914650256222075,2657.824324324324,658.3648648648649,4.264275588518398,0,121,37,2201.0048537886073,0.2236842105263158,0.5263157894736842,,0.15789473684210525,0.2236842105263158,0.0,1410.1792094392783,,,313.2592789865691,629.954937219849,1410.1792094392783,1742.2927257143444,1539.509876340254,284.3993201639867
2309,raspberrypi,314.0,2023-08-10,13:45:01,Whole,697.3819722544482,0.9795918367346939,5.060406394934405,42.54494052612406,2216.156862745098,1901.2328431372548,3.7480686225532827,0,152,51,1364.7151133549285,0.0,0.3684210526315789,,0.0,0.0,0.0,859.5415577226559,,,799.908748646437,1142.2698236122058,859.5415577226559,695.3069603221492,510.50088953853884,453.5684398377757
2310,raspberrypi,319.0,2023-08-10,13:45:01,Whole,558.5765477203535,0.9347826086956522,4.498719108528259,18.864108100486554,3176.6822916666665,1796.2942708333333,2.23166681581617,0,144,48,181.05536555146253,0.0,0.3684210526315789,,0.0,0.0,0.0,1293.216033551632,,,1094.4621232083318,598.3411567523609,1293.216033551632,1619.500340462273,1459.5401734804377,272.23909946433207
2311,raspberrypi,470.0,2023-08-10,13:45:01,Whole,1051.1079423356794,,4.678385274705865,,2451.0,2477.25,2.9531744387904153,0,3,1,,0.0,1.0,,0.0,0.0,0.0,1119.219178668545,,,1384.183186718315,1406.7434672723004,1119.219178668545,993.7979968438317,722.6828155474545,443.17517615983775
2312,raspberrypi,818.0,2023-08-10,13:45:01,Whole,71.84852758306273,,2.6552856909524474,,2786.5,1509.75,0.03989224670652253,1,4,1,,0.0,0.9868421052631579,,0.0,0.0,0.0,1074.1734023653387,,,617.6828260643613,546.5609323675906,1074.1734023653387,1310.8395553998143,1191.3701556545234,437.1092558929664
2313,raspberrypi,309.0,2023-08-09,22:45:01,Whole,625.7074140778004,0.22784810126582278,4.232390954705693,8.809077991925285,3206.7,2297.759375,3.8832202713394937,0,190,80,21.715084738741297,0.0,0.775,,0.0,0.0,0.0,1432.7101394197648,,,1500.5204697763647,1038.616610007688,1432.7101394197648,1659.5794301703002,1459.0653940383618,264.98997544175836
2314,raspberrypi,310.0,2023-08-09,22:45:01,Whole,452.08129699507975,0.3026315789473684,3.9305909947487305,13.196846996518591,2782.4805194805194,1532.8717532467533,3.871158638807713,0,187,77,55.468851571773264,0.0,0.2375,,0.0,0.0,0.0,1070.2267566957853,,,633.5388012003124,560.2227456577904,1070.2267566957853,1301.0879407894445,1178.9010185797467,444.62998254478566
2315,raspberrypi,314.0,2023-08-09,22:45:01,Whole,349.0339913141331,1.0,3.4909506366123537,19.91531227362855,2992.703125,2091.4765625,1.5846386672139023,0,96,32,312.08589105111946,0.4,0.6,,0.0,0.4,0.0,1204.7038384510158,,,1212.1053817278996,856.6376892373308,1204.7038384510158,1428.091773278733,1255.4673337032311,0.0
2316,raspberrypi,316.0,2023-08-09,22:45:01,Whole,765.039493966649,0.0,5.208051035401426,,1909.890625,2015.2328125,5.180833413709382,0,190,80,0.05154713170345128,0.0,0.4125,,0.0,0.0,0.5875,775.5604868929411,,,928.3263247238359,1425.2742013783095,775.5604868929411,390.10019239699403,193.59088219487225,208.62127723803874
2317,raspberrypi,657.0,2023-08-09,22:45:01,Whole,145.8863943093446,,3.315408027040299,,2528.25,1957.75,2.7892524158535887,0,3,1,,0.0,1.0,,0.0,0.0,0.0,951.4096220331054,,,894.3048393881998,957.1995860726585,951.4096220331054,971.0083916413784,814.0752982685816,242.56466110230582
2318,raspberrypi,309.0,2023-08-10,03:45:01,Whole,151.63555907525935,0.6153846153846154,7.808250617995492,23.320472494460613,2546.7216981132074,833.6816037735849,6.693383396297761,0,5,53,381.648218480301,0.0,0.03636363636363636,,0.9272727272727272,0.0,0.0,1236.919559201962,,,47.58029252293805,608.1444016596749,1236.919559201962,1490.42601477675,1209.9192599581302,435.67406501528694
2319,raspberrypi,314.0,2023-08-10,03:45:01,Whole,1090.3482381415195,1.0,6.7364264973845485,19.510954107916803,2706.3333333333335,2038.8333333333333,6.736620219905005,0,3,3,7.33283959752902,0.05454545454545454,0.9454545454545454,,0.0,0.05454545454545454,0.0,1030.5989142573985,,,1031.2421623558039,918.4722764618245,1030.5989142573985,1143.4424187704105,976.6255814991146,50.970375695136795
2320,raspberrypi,404.0,2023-08-10,03:45:01,Whole,1846.1044820419702,,9.767298623457346,,857.5,1810.5,9.496418463003282,0,2,1,,0.0,1.0,,0.0,0.0,0.0,1230.3552993764245,,,1340.171483941162,2242.012597110278,1230.3552993764245,613.2475172568223,450.4874705271162,465.9303885517795
2321,raspberrypi,666.0,2023-08-10,03:45:01,Whole,1097.1030436509536,,8.073282517846899,,2679.375,2050.5,6.650146572690517,0,2,2,,0.03636363636363636,0.9636363636363636,,0.0,0.03636363636363636,0.0,1023.8104190797715,,,1031.890674270025,941.457318271321,1023.8104190797715,1117.8604468809408,951.5301245553692,74.70606872053419
2322,raspberrypi,683.0,2023-08-10,03:45:01,Whole,2014.2920833774622,,,,702.5,1876.75,,0,0,1,,0.0,1.0,,0.0,0.0,0.0,1374.0971111895005,,,1503.708769981786,2405.294531928427,1374.0971111895005,745.7069810561592,610.900314874563,621.3599682051043
2323,raspberrypi,17.0,2023-08-10,06:35:01,Whole,1881.0655760206769,,11.085822337016063,,1065.5,2099.25,11.085822337016063,0,1,1,,0.0,1.0,,0.0,0.0,0.0,1062.400796498302,,,1390.3171231354768,2162.9584846655043,1062.400796498302,417.69665717056614,258.0532648302361,266.14450054247646
2324,raspberrypi,128.0,2023-08-10,06:35:01,Whole,1259.279451691928,,6.694066537489044,,1769.25,2060.5,5.196223908000799,0,2,1,,0.01282051282051282,0.9871794871794872,,0.0,0.01282051282051282,0.01282051282051282,753.290702914424,,,1008.4240239412622,1559.2181644793518,753.290702914424,272.24913024714743,48.96299883912816,85.89328304122046
2325,raspberrypi,250.0,2023-08-10,06:35:01,Whole,324.8434631021956,0.0,3.8968634515502716,,2934.1363636363635,1466.1818181818182,2.204821507281388,0,19,11,2.642382512750156e-25,0.0,0.8717948717948718,,0.0,0.0,0.0,1183.3285894963813,,,727.9497226809085,498.4729995363569,1183.3285894963813,1488.5979905050478,1429.7303633027939,428.08446674304844
2326,raspberrypi,306.0,2023-08-10,06:35:01,Whole,404.8297776207287,0.0,5.237952161939426,,2837.2417763157896,886.7450657894736,4.159217913951546,0,81,76,0.032083218948942976,0.9743589743589743,0.02564102564102564,,0.0,0.9743589743589743,0.0,1269.8228654947795,,,339.7435984735923,435.81754619850057,1269.8228654947795,1663.5968542731907,1446.5866319464935,138.4336221141105
2327,raspberrypi,316.0,2023-08-10,06:35:01,Whole,400.5431218651657,0.09230769230769231,3.0554578401034345,5.787330771991653,2692.065298507462,1678.740671641791,4.159771004851325,1,76,67,3.0380475673950196,0.01282051282051282,0.9102564102564102,,0.0,0.01282051282051282,0.0,1011.7457664808239,,,701.9847132752046,681.237172355828,1011.7457664808239,1172.289204801902,1035.5097078879683,298.4864063647375
2328,raspberrypi,441.0,2023-08-10,06:35:01,Whole,630.0381948719836,,3.833899570763835,,2198.75,999.75,3.347920489913873,0,2,1,,0.0,0.9871794871794872,,0.01282051282051282,0.0,0.0,1105.9511069131936,,,0.0,873.8368940584983,1105.9511069131936,1144.1763575205953,831.1988958699105,786.6915295799241
2329,raspberrypi,524.0,2023-08-10,06:35:01,Whole,237.94577751093502,,3.6405368232522854,,2982.75,1370.25,2.2030212734180226,0,3,1,,0.0,0.9871794871794872,,0.0,0.0,0.0,1192.9225370419795,,,666.9511789114661,412.09662351752183,1192.9225370419795,1540.7788344977096,1429.1163654993625,427.85307234720085
2330,raspberrypi,542.0,2023-08-10,06:35:01,Whole,400.96449416681924,,2.082072694244832,,2687.5,1678.5,0.0014431458962591579,1,2,1,,0.0,1.0,,0.0,0.0,0.0,1009.7735868384169,,,699.4851991202083,683.9056432585894,1009.7735868384169,1167.9743753031232,1034.7253727188906,298.67743776948146
2331,raspberrypi,17.0,2023-08-10,08:10:01,Whole,2287.5183739347513,,12.263093659663118,,876.5,305.5,11.60842719170188,0,2,1,,0.0,1.0,,0.0,0.0,0.0,1964.141195682324,,,1055.7897362721098,2184.0610678309968,1964.141195682324,1704.6743387154945,1217.8866547850373,1404.1175967298573
2332,raspberrypi,304.0,2023-08-10,08:10:01,Whole,653.6732087334701,,5.4916663740068765,,2912.25,2014.875,4.337093511906434,0,3,2,,0.025974025974025976,0.974025974025974,,0.0,0.025974025974025976,0.0,1140.8177251325014,,,1103.5147106338704,819.8216273510607,1140.8177251325014,1349.1406441641086,1184.9855537542485,18.15776520016157
2333,raspberrypi,305.0,2023-08-10,08:10:01,Whole,871.0671566839458,1.0,3.883984283636727,32.54420071226208,3112.375,2212.625,2.3745946473461936,0,4,2,,0.025974025974025976,0.974025974025974,,0.0,0.025974025974025976,0.0,1329.354623480149,,,1377.2907617120231,955.7929492390543,1329.354623480149,1555.0471218881166,1360.735118195459,135.32187857046893
2334,raspberrypi,308.0,2023-08-10,08:10:01,Whole,192.2784356968874,0.0,4.847700156659616,,2946.9204545454545,1180.0795454545455,3.335060038319481,1,45,77,0.13665835219486983,0.0,1.0,,0.0,0.0,0.0,1213.2838031563874,,,536.6782830429595,407.05028397934643,1213.2838031563874,1590.8241761498496,1457.4680351598918,256.3959483375639
2335,raspberrypi,309.0,2023-08-10,08:10:01,Whole,458.0114629464406,0.5454545454545454,4.581859422029543,5.8426884993127715,2865.978260869565,1823.7065217391305,3.3250046373329742,0,29,23,12.32431073148696,0.2987012987012987,0.7012987012987013,,0.0,0.2987012987012987,0.0,1088.1955278060186,,,916.9885784478581,671.5197700746849,1088.1955278060186,1311.779400046226,1170.6709658079778,119.43502680294705
2336,raspberrypi,313.0,2023-08-10,08:10:01,Whole,888.7456765584708,1.0,5.581372946298958,26.201221657922904,2661.625,2222.075,5.5803221803580705,0,5,5,50.86964484318915,0.06493506493506493,0.935064935064935,,0.0,0.06493506493506493,0.0,1073.5322867897717,,,1187.059771934888,1091.925976014793,1073.5322867897717,1117.0317926770867,915.1327571342412,112.93085897015425
2337,raspberrypi,315.0,2023-08-10,08:10:01,Whole,558.7685457138764,1.0,4.273961686932419,6.011031525453847,2986.71875,815.34375,1.7777183387329285,0,9,8,2.195104076390618e-26,0.1038961038961039,0.8961038961038961,,0.0,0.1038961038961039,0.0,1346.9013604629135,,,484.63659502353585,385.6453125150772,1346.9013604629135,1823.7083460878403,1600.0082235440418,0.0
2338,raspberrypi,584.0,2023-08-10,08:10:01,Whole,1218.6418681004889,,6.257420700351228,,2293.25,2422.5,4.279185101975824,0,3,1,,0.0,1.0,,0.0,0.0,0.0,1035.5875238822086,,,1311.3929070137135,1443.2582919567474,1035.5875238822086,830.999522506545,556.5117447970094,520.8384608723015
2339,raspberrypi,818.0,2023-08-10,08:10:01,Whole,192.4452222012939,,3.543066178371171,,2946.25,1179.75,0.005514252726996547,1,3,1,,0.0,1.0,,0.0,0.0,0.0,1213.058203699603,,,535.9293146965479,407.25049883808487,1213.058203699603,1590.4033069026575,1457.218964658709,255.7040780484072
2340,raspberrypi,950.0,2023-08-10,08:10:01,Whole,632.5614264526112,,2.706592028981413,,2966.5,1995.875,2.630091479253994,0,3,2,,0.025974025974025976,0.974025974025974,,0.0,0.025974025974025976,0.0,1161.3010726146808,,,1116.084215937597,775.2083836356712,1161.3010726146808,1398.9531259843625,1243.2609790974498,9.799643151689096
2341,raspberrypi,250.0,2023-08-10,09:10:01,Whole,657.098590117544,,2.7746204889662525,,2770.1666666666665,2765.25,2.7746204889662525,0,2,3,,0.0,1.0,,0.0,0.0,0.0,1452.9034708689817,,,1743.9403347796076,1583.5027422733922,1452.9034708689817,1410.5971723004357,1343.4659211985368,717.4641995980046
2342,raspberrypi,304.0,2023-08-10,09:10:01,Whole,86.58191170378127,0.8888888888888888,4.486853618680913,28.725125992750456,2944.6625,2246.025,4.486853618680913,0,1,10,323.44227200736145,0.1724137931034483,0.8275862068965517,,0.0,0.1724137931034483,0.0,1229.8683682395267,,,1321.791363129209,1015.2246037040793,1229.8683682395267,1396.5462121825856,1212.5371144165792,63.06847092971336
2343,raspberrypi,309.0,2023-08-10,09:10:01,Whole,1160.0332312369917,1.0,6.5709342179688575,17.00721213611173,2999.4166666666665,1052.5,6.55557984797766,0,3,3,112.32197071458789,0.05172413793103448,0.9482758620689655,,0.0,0.05172413793103448,0.0,1268.9785850151825,,,536.3508410427055,386.60234301071387,1268.9785850151825,1699.3509324221848,1540.5565099631167,117.50513735485997
2344,raspberrypi,316.0,2023-08-10,09:10:01,Whole,120.70245886208919,0.8695652173913043,4.772788732509487,4.3659641724661515,2888.9122340425533,2327.0398936170213,4.902318136303917,0,9,47,5.198957527705594,0.8103448275862069,0.1896551724137931,,0.0,0.8103448275862069,0.0,1234.189211949142,,,1368.818139360613,1105.8727294890487,1234.189211949142,1356.5638516164622,1138.0738461986607,103.41549394615157
2345,raspberrypi,319.0,2023-08-10,09:10:01,Whole,817.2268584007857,1.0,4.814799941418276,25.428153041648322,2854.5,1392.4166666666667,4.780422295299953,0,3,3,142.00556578102214,0.0,0.9482758620689655,,0.0,0.0,0.0,1125.481202396831,,,580.9588508958659,474.67605138010407,1125.481202396831,1416.1619568340448,1306.2166158492896,490.55219537832943
2346,raspberrypi,542.0,2023-08-10,09:10:01,Whole,875.5256865953686,,4.708826950182738,,3073.375,1350.875,4.708826950182738,0,2,2,,0.0,0.9655172413793104,,0.0,0.0,0.0,1246.8020640019672,,,732.8544073802396,386.05814800031493,1246.8020640019672,1630.830477638262,1518.8764897958745,399.870286597559
2347,raspberrypi,17.0,2023-08-09,20:25:01,Whole,1757.1436725171227,,8.613698275192835,,876.5,306.5,8.613698275192835,0,1,1,,0.0,1.0,,0.0,0.0,0.0,1963.4194398099612,,,1055.4432386900198,2183.7970717987473,1963.4194398099612,1703.7371353915821,1216.9709064166607,1403.1746426538973
2348,raspberrypi,103.0,2023-08-09,20:25:01,Whole,752.9470957221309,,7.5005459346853405,,1035.75,2651.25,3.708186587209689,0,2,1,,0.0,1.0,,0.0,0.0,0.0,1368.3713876700024,,,1856.6904725359827,2470.5145252921893,1368.3713876700024,731.558294135613,495.0977325274119,490.57221779518187
2349,raspberrypi,304.0,2023-08-09,20:25:01,Whole,1503.4180347538916,1.0,5.013857754042933,15.976545308670458,2891.0833333333335,1903.25,2.3497836651525197,0,5,3,,0.0379746835443038,0.9620253164556962,,0.0,0.0379746835443038,0.0,1104.6953881972113,,,997.6398925176319,723.2115495779357,1104.6953881972113,1328.4370200454223,1154.4981495390184,55.50484998544886
2350,raspberrypi,305.0,2023-08-09,20:25:01,Whole,753.3157994262838,0.0,3.7034227373777058,,1034.5,2651.0,3.7029241382102174,0,8,8,1.871003766672413e-25,0.0,1.0,,0.0,0.0,0.0,1369.0368456683925,,,1857.1293157033078,2471.351369795824,1369.0368456683925,732.1047750378989,495.8648178942063,491.333464226911
2351,raspberrypi,306.0,2023-08-09,20:25:01,Whole,591.5106912876162,0.0,8.819139697265046,,798.7610759493671,1973.1946202531647,11.23900816956213,0,44,79,0.03860317912885886,0.0,1.0,,0.0,0.0,0.0,1287.2576222380053,,,1488.7415356102763,2349.916984200523,1287.2576222380053,648.7829361802156,528.2298713903932,521.7130085483207
2352,raspberrypi,307.0,2023-08-09,20:25:01,Whole,1658.8228049630059,,6.737514748367461,,3022.25,2283.25,1.8809784463370198,0,2,1,,0.012658227848101266,0.9873417721518988,,0.0,0.012658227848101266,0.0,1295.822964157651,,,1390.6548132527146,1035.7892458252427,1295.822964157651,1477.265055216196,1269.1618536210083,110.31368581929968
2353,raspberrypi,308.0,2023-08-09,20:25:01,Whole,1712.6283971921116,1.0,9.822228657985661,20.50967310605435,3100.59375,1999.3625,11.973239786807078,0,22,20,205.5080646799831,0.25316455696202533,0.7468354430379747,,0.0,0.25316455696202533,0.0,1262.3035619797024,,,1196.6513204067041,749.3783282426002,1262.3035619797024,1533.0783881929783,1382.196309897734,133.03019853465244
2354,raspberrypi,458.0,2023-08-09,20:25:01,Whole,1693.125815204193,,11.777189779024873,,3065.0,2234.75,11.777189779024873,0,1,1,,0.012658227848101266,0.9873417721518988,,0.0,0.012658227848101266,0.0,1304.0854740667114,,,1370.57190802291,982.2547050817326,1304.0854740667114,1511.4686272032425,1312.52328412555,106.59657140095416
2355,raspberrypi,470.0,2023-08-09,20:25:01,Whole,1184.9127112974575,0.0,5.696246920894303,,2509.125,1597.25,9.042710176636087,0,4,3,0.0,0.0,1.0,,0.0,0.0,0.0,952.7612675440877,,,547.758334767169,765.3588771692249,952.7612675440877,1027.6380392990302,904.1564275653907,461.78749255818116
2356,raspberrypi,533.0,2023-08-09,20:25:01,Whole,616.4481682998937,,6.026958889527365,,1840.5,1566.0,5.7728025984757165,0,2,1,,0.0,1.0,,0.0,0.0,0.0,820.6883601210434,,,519.6573807330317,1284.1803620049072,820.6883601210434,511.1065879278777,314.48873994073926,321.10151710809004
2357,raspberrypi,669.0,2023-08-09,20:25:01,Whole,1708.6031107706824,,11.703088941572826,,2983.75,1370.75,11.703088941572826,0,1,1,,0.0,0.9873417721518988,,0.0,0.0,0.0,1193.372336011106,,,668.0544005447193,411.7820565953517,1193.372336011106,1541.4986250054114,1429.7798563090882,428.14471832473225
2358,raspberrypi,682.0,2023-08-09,20:25:01,Whole,1549.0768335603836,,10.176143458716105,,2377.75,793.5,10.176143458716105,0,1,1,,0.0,0.9873417721518988,,0.012658227848101266,0.0,0.0,1238.751820102161,,,0.0,735.9889077795806,1238.751820102161,1412.3389626927635,1096.8315285714884,592.7457637722841
2359,raspberrypi,818.0,2023-08-09,20:25:01,Whole,1667.0639322352467,,10.672880834606904,,2386.0,650.0,10.672880834606904,0,1,1,,0.0,0.9873417721518988,,0.012658227848101266,0.0,0.0,1331.0953926790496,,,0.0,750.7108771983311,1331.0953926790496,1532.278331088727,1194.7530025271817,606.2129741293177
2360,raspberrypi,896.0,2023-08-09,20:25:01,Whole,1419.5553873151898,,10.335953353699901,,2772.0,2311.75,10.335953353699901,0,1,1,,0.012658227848101266,0.9873417721518988,,0.0,0.012658227848101266,0.0,1164.3104247538229,,,1308.7976916792884,1126.9786827321327,1164.3104247538229,1240.7807468166063,1019.4418479612661,112.48328676267718
2361,raspberrypi,979.0,2023-08-09,20:25:01,Whole,745.9715426013421,,3.6643513069438542,,1033.75,2642.25,3.6643513069438542,0,1,1,,0.0,1.0,,0.0,0.0,0.0,1363.5296825449393,,,1850.0633487455807,2466.836325378402,1363.5296825449393,725.8591453772289,490.6530598865317,486.08094143807165
2362,raspberrypi,31.0,2023-08-09,21:50:01,Whole,745.6945190991589,,3.770521429471349,,2758.5,1821.25,0.8596896536868955,1,3,1,,0.013333333333333334,0.9866666666666667,,0.0,0.013333333333333334,0.0,1034.0508903309585,,,858.6765393743726,727.4203621376391,1034.0508903309585,1207.743260396515,1063.7351462716586,139.44011713649888
2363,raspberrypi,128.0,2023-08-09,21:50:01,Whole,1866.773540133587,,9.339682990428937,,3065.75,177.75,8.024653859942944,0,2,1,,0.0,0.9866666666666667,,0.0,0.0,0.0,1823.673013001457,,,748.5478816278467,583.905148677348,1823.673013001457,2317.546867112451,2018.4362584908226,424.6532609873189
2364,raspberrypi,309.0,2023-08-09,21:50:01,Whole,301.07915907620816,1.0,3.890214474217315,16.848033009461904,1771.085,1628.565,0.7783467952122395,23,41,25,547.3042695518087,0.14666666666666667,0.68,,0.013333333333333334,0.14666666666666667,0.0,803.4874551969799,,,621.926265630378,1374.1181318028202,803.4874551969799,438.90034114692367,224.5033604529196,221.34548016683607
2365,raspberrypi,316.0,2023-08-09,21:50:01,Whole,262.97130279503585,0.2972972972972973,5.299604731165929,16.03107569426663,1764.2383333333332,1777.34,0.9182309918167896,23,59,75,112.96179669081958,0.0,0.7066666666666667,,0.0,0.0,0.05333333333333334,756.16709672796,,,744.7338575320608,1427.9590307293838,756.16709672796,346.4824976518051,227.9600607741997,226.42361793571865
2366,raspberrypi,319.0,2023-08-09,21:50:01,Whole,755.3293866524843,0.9259259259259259,4.212225113339455,8.81617353811437,2772.141666666667,1678.2166666666667,5.137943310609231,1,48,30,17.11000896393774,0.0,0.6,,0.0,0.0,0.0,1047.8297497331985,,,743.9171178483033,632.0137767345102,1047.8297497331985,1248.741470206989,1114.0327720560197,244.9684157233287
2367,raspberrypi,683.0,2023-08-09,21:50:01,Whole,1025.9677905433662,,5.892410890465637,,2472.0,2644.25,5.892410890465637,0,1,1,,0.0,1.0,,0.0,0.0,0.0,1231.3870745196325,,,1552.3976915618705,1542.6192545347049,1231.3870745196325,1091.2257221907462,797.5420789359459,553.6895723463232
2368,raspberrypi,987.0,2023-08-09,21:50:01,Whole,553.5075018646955,,2.9937398846355827,,2521.0,1957.25,1.856305815515085,0,2,1,,0.0,1.0,,0.0,0.0,0.0,948.8128234299376,,,891.7564142904971,961.3080770586641,948.8128234299376,964.0137372654871,806.9332745284681,249.76909698151576
2369,raspberrypi,307.0,2023-08-09,22:15:01,Whole,478.7101176017757,1.0,10.48311265611777,10.554788998115946,3031.7434210526317,2110.6184210526317,8.55444772692575,0,5,19,76.3400862389121,0.7307692307692307,0.2692307692307692,,0.0,0.7307692307692307,0.0,1235.5919636057909,,,1247.97909468338,866.2364233374843,1235.5919636057909,1466.8247903424126,1290.700908743544,28.065305400301014
2370,raspberrypi,314.0,2023-08-09,22:15:01,Whole,1357.3278910171314,1.0,4.279021673075398,188.82559976290355,2269.7916666666665,716.0,8.27096553638105,1,4,6,5145.473248359516,0.0,0.8076923076923077,,0.11538461538461539,0.0,0.0,1413.3357775492118,,,360.57517549373375,951.7281908550192,1413.3357775492118,1541.0271065270554,1266.3519643532127,557.45957327779
2371,raspberrypi,319.0,2023-08-09,22:15:01,Whole,271.57248449956097,1.0,,6.25,3050.0833333333335,1801.1666666666667,,0,0,3,,0.0,0.8846153846153846,,0.0,0.0,0.0,1201.7163790749678,,,1010.4727226692736,596.7802064321478,1201.7163790749678,1494.283753348649,1354.0455446392955,205.85276002645267
2372,raspberrypi,542.0,2023-08-09,22:15:01,Whole,200.70939992599378,,,,2938.25,1838.5,,0,0,1,,0.038461538461538464,0.9615384615384616,,0.0,0.038461538461538464,0.0,1130.2584122744202,,,970.3525997705349,648.5446772207181,1130.2584122744202,1380.463711366089,1237.0299629423957,128.7298155527935
2373,raspberrypi,683.0,2023-08-09,22:15:01,Whole,2368.661114408771,,14.42435884314414,,877.5,310.25,14.42435884314414,0,1,1,,0.0,1.0,,0.0,0.0,0.0,1960.1655257683585,,,1053.210534456704,2181.8749258708067,1960.1655257683585,1699.8771089792863,1213.1353184011432,1399.3057091199255
2374,raspberrypi,773.0,2023-08-09,22:15:01,Whole,1223.9233217374551,,4.311397767927183,,2675.25,473.75,0.07792987839799452,1,2,1,,0.0,0.9615384615384616,,0.0,0.0,0.0,1486.4542312570136,,,259.6262151783698,582.035695115034,1486.4542312570136,1843.075429477455,1528.835166607789,425.93906265093267
2375,raspberrypi,190.0,2023-08-10,10:30:01,Whole,951.9499826652059,,2.280586956890204,,2140.0,920.25,0.9999962691811701,1,2,1,,0.0,0.9857142857142858,,0.014285714285714285,0.0,0.0,1149.4782631157836,,,0.0,923.2769872154099,1149.4782631157836,1175.9130331997437,831.8023583664735,833.7696294376582
2376,raspberrypi,250.0,2023-08-10,10:30:01,Whole,637.4461501668954,,5.92334183665984,,3304.0,1971.25,5.92334183665984,0,1,1,,0.0,0.9857142857142858,,0.0,0.0,0.0,1409.0849257396299,,,1307.0572992326727,723.7303721845008,1409.0849257396299,1732.2728414618332,1578.9360304852632,315.2671138893745
2377,raspberrypi,304.0,2023-08-10,10:30:01,Whole,278.35705879939854,,,,2983.25,1806.5,,0,0,1,,0.014285714285714285,0.9857142857142858,,0.0,0.014285714285714285,0.0,1157.980443943573,,,972.0096232377095,603.3438462890003,1157.980443943573,1428.2817715596564,1286.9916765295839,176.09744310577608
2378,raspberrypi,306.0,2023-08-10,10:30:01,Whole,1434.7330729167804,1.0,7.61324766710885,61.89370599220311,1866.375,1290.8947368421052,5.298287313857688,1,34,19,2043.2714080096578,0.0,0.7428571428571429,,0.17142857142857143,0.0,0.0,1383.6873975627834,,,638.7639904505064,1388.1185514656263,1383.6873975627834,1288.0481740443813,991.1512726244935,714.1824156052095
2379,raspberrypi,307.0,2023-08-10,10:30:01,Whole,586.0577788847869,1.0,6.056058309648416,23.90190260324044,3029.983333333333,2161.325,2.708133870519408,0,44,15,271.8438279190152,0.21428571428571427,0.7857142857142857,,0.0,0.21428571428571427,0.0,1252.4835742561336,,,1290.5659480381937,917.6777991845707,1252.4835742561336,1469.0337676112497,1318.477668198515,56.42517947760422
2380,raspberrypi,308.0,2023-08-10,10:30:01,Whole,57.94344447775027,0.5333333333333333,4.914263452962778,14.63638045462402,2805.5073529411766,1673.6985294117646,3.1568016266743966,0,48,17,50.8223369801558,0.0,0.7571428571428571,,0.0,0.0,0.0,1063.9423668816746,,,759.1385965121093,608.7926155736369,1063.9423668816746,1281.0635277652598,1138.4609394331706,271.1509204746986
2381,raspberrypi,310.0,2023-08-10,10:30:01,Whole,861.6368616104635,0.9811320754716981,5.717571395520253,41.50635625054788,2613.4113636363636,809.0954545454546,6.054450808921769,0,109,55,609.285075046331,0.08571428571428572,0.21428571428571427,,0.4714285714285714,0.08571428571428572,0.0,1270.2615351249287,,,139.24500263586913,575.8289575028645,1270.2615351249287,1560.7007616704886,1272.7904391582185,411.12283434004587
2382,raspberrypi,311.0,2023-08-10,10:30:01,Whole,628.9911196941018,,4.820591237079173,,3249.25,1256.75,3.1568016266743966,0,4,1,,0.0,0.9857142857142858,,0.0,0.0,0.0,1369.9643473240378,,,842.8259202398824,375.19713056145235,1369.9643473240378,1826.8962843212328,1718.1916309194044,331.16742066450206
2383,raspberrypi,312.0,2023-08-10,10:30:01,Whole,658.5842000916185,1.0,4.876134914348023,70.79427998457187,2428.1666666666665,1952.9166666666667,2.6728515235181076,0,41,24,5070.570689732102,0.15714285714285714,0.6571428571428571,,0.02857142857142857,0.15714285714285714,0.0,1002.3521279217849,,,889.8390606309658,1100.5101650982624,1002.3521279217849,958.2629661679011,710.3236849945938,323.5628351099622
2384,raspberrypi,314.0,2023-08-10,10:30:01,Whole,950.0525087236397,,5.509970577234311,,3179.0833333333335,796.0833333333334,2.557288958546483,0,5,3,,0.04285714285714286,0.9571428571428572,,0.0,0.04285714285714286,0.0,1435.8681069379174,,,674.1383935599926,373.2426812025261,1435.8681069379174,1987.9078578872916,1793.5353670524169,0.0
2385,raspberrypi,316.0,2023-08-10,10:30:01,Whole,1084.831188458832,0.9545454545454546,6.513491585345936,28.880800496887392,3297.1305555555555,2584.1805555555557,3.9063103936331207,0,99,45,293.02851488288496,0.0,0.4,,0.0,0.0,0.0,1639.9625138990446,,,1790.797849329049,1333.0402813932192,1639.9625138990446,1819.964942926447,1575.8008926050436,549.3133653075547
2386,raspberrypi,319.0,2023-08-10,10:30:01,Whole,173.45794360447883,,4.957839665052685,,2928.75,1655.25,4.4852552839700985,0,2,1,,0.0,0.9857142857142858,,0.0,0.0,0.0,1129.9195519593225,,,820.7168566073422,527.6025135980246,1129.9195519593225,1402.730804034937,1270.8003636608878,298.53288841344363
2387,raspberrypi,560.0,2023-08-10,10:30:01,Whole,526.3424218425163,,5.865107577176862,,3276.0,1724.75,5.675764345431955,0,2,1,,0.0,0.9857142857142858,,0.0,0.0,0.0,1360.207960555262,,,1116.970298006549,566.6570778971297,1360.207960555262,1725.745104585939,1590.032732403682,413.93328656724657
2388,raspberrypi,666.0,2023-08-10,10:30:01,Whole,923.10242190552,,4.071948928744272,,3165.75,819.5,3.6586425735184447,0,2,1,,0.014285714285714285,0.9857142857142858,,0.0,0.014285714285714285,0.0,1420.669619804044,,,661.1802248346462,371.4025227168107,1420.669619804044,1963.7313843381742,1775.2223983398758,0.0
2389,raspberrypi,818.0,2023-08-10,10:30:01,Whole,319.1762162133732,,4.397666962324029,,2473.75,1496.5,3.666796030095404,0,3,1,,0.0,1.0,,0.0,0.0,0.0,960.547435124427,,,441.1440847445205,751.1393161473111,960.547435124427,1036.0114039825232,925.3518969006769,563.8025594593307
2390,raspberrypi,821.0,2023-08-10,10:30:01,Whole,984.1182873959791,,6.686052405926969,,3234.5,786.75,5.298287313857688,0,2,1,,0.014285714285714285,0.9857142857142858,,0.0,0.014285714285714285,0.0,1471.9717529943887,,,729.3608624467824,381.96934811775736,1471.9717529943887,2038.2835010084038,1851.2374248001524,25.442527551750757
2391,raspberrypi,111.0,2023-08-09,21:30:01,Whole,1404.619621112413,,10.152312885501424,,1291.0,1611.25,9.143896304324354,0,3,1,,0.0125,0.9875,,0.0,0.0125,0.0125,915.456960198385,,,880.5175361080771,1786.101166314605,915.456960198385,371.16410489136246,31.91187431648865,44.926146674080485
2392,raspberrypi,128.0,2023-08-09,21:30:01,Whole,759.8684648466767,,6.332993905707825,,1921.25,1748.0,3.898009035421185,0,5,1,,0.0,1.0,,0.0,0.0,0.0,782.5256073336813,,,665.7649712369221,1284.9077621548536,782.5256073336813,468.2763444952399,337.47222907706913,391.8821613815292
2393,raspberrypi,305.0,2023-08-09,21:30:01,Whole,848.2164311495624,0.3291139240506329,7.226210698957579,7.43039490191402,3110.2140625,2648.4203125,2.8969009073687393,1,267,80,19.402754144670382,0.0,0.675,,0.0,0.0,0.0,1547.617414712328,,,1754.807154816776,1389.8154168282858,1547.617414712328,1660.5272484152192,1393.7937475997846,487.3505478533208
2394,raspberrypi,306.0,2023-08-09,21:30:01,Whole,812.5235969563245,1.0,7.489290945400754,73.58369342405611,2287.613175675676,1947.150337837838,4.547491102653932,0,256,74,3016.982969958272,0.0875,0.0875,,0.125,0.0875,0.0125,1142.4114801739818,,,1002.4091966645482,1246.8850952941507,1142.4114801739818,1060.1276057241437,779.2184461200346,434.8872508761465
2395,raspberrypi,308.0,2023-08-09,21:30:01,Whole,874.8439111212563,1.0,6.782276913088665,156.77833565628254,2717.0723684210525,2435.9210526315787,1.5061078786176936,1,63,19,17356.581224711383,0.0125,0.775,,0.0,0.0125,0.0,1385.0789317128801,,,1560.8145391625528,1365.5812156643549,1385.0789317128801,1401.8243603200292,1272.519862171912,274.6228820228571
2396,raspberrypi,309.0,2023-08-09,21:30:01,Whole,506.3655625639099,1.0,4.733979280797989,52.898219529457116,2477.099537037037,1495.2314814814815,2.534328141041349,0,183,54,2569.5961975581613,0.05,0.35,,0.1375,0.05,0.0,990.6989895852047,,,456.6462407996332,779.8773916710188,990.6989895852047,1070.0260665142657,946.0159608469545,590.4755106613208
2397,raspberrypi,315.0,2023-08-09,21:30:01,Whole,928.3823838423699,0.9,5.6323916706934,9.987984060182733,2353.2083333333335,1110.5208333333333,1.4524120836106564,0,57,12,18.365429599360162,0.0,0.8625,,0.1,0.0,0.0,1078.6121304979006,,,139.59769924453022,783.479096386088,1078.6121304979006,1166.1513278069108,1108.2822770091097,495.25620727540047
2398,raspberrypi,316.0,2023-08-09,21:30:01,Whole,1273.6319856790963,1.0,6.28057480863529,76.8581801098691,2149.5416666666665,854.1770833333334,4.107827545351877,0,102,24,2866.9726443998843,0.0125,0.7,,0.2375,0.0125,0.025,1216.8747698587745,,,122.7527347702226,951.3809080664553,1216.8747698587745,1255.861325113811,1104.6958992889117,541.9569311087719
2399,raspberrypi,319.0,2023-08-09,21:30:01,Whole,380.38018912104934,0.9322033898305084,5.323322293784418,9.450703062135165,2997.4897540983607,2104.3586065573772,2.5981283067737344,0,229,61,55.230064756659935,0.7625,0.2375,,0.0,0.7625,0.0,1208.4219834347066,,,1224.1955423732063,867.3192884832728,1208.4219834347066,1432.078872884966,1252.8659755226774,0.0
2400,raspberrypi,682.0,2023-08-09,21:30:01,Whole,1161.9487683700052,,5.660811875951472,,2455.5,787.75,0.09445111510795631,1,5,1,,0.0,0.9875,,0.0125,0.0,0.0,1250.0315035527653,,,0.0,676.6893525107231,1250.0315035527653,1464.3480568384382,1162.933204765533,515.4702760741222
2401,raspberrypi,683.0,2023-08-09,21:30:01,Whole,1626.9916481228563,,8.51438514567102,,1433.5,3002.5,7.745851947511687,0,3,1,,0.0,1.0,,0.0,0.0,0.0,1459.3727737928753,,,2008.145625685886,2412.831344495453,1459.3727737928753,920.2498303740746,650.4764584499633,647.4530463654088
2402,raspberrypi,812.0,2023-08-09,21:30:01,Whole,362.85545740400386,,3.5661128086769573,,2962.25,1733.25,1.86547471525297,0,5,1,,0.0,0.9875,,0.0,0.0,0.0,1145.6382538078492,,,901.8768812472331,564.7904402379213,1145.6382538078492,1419.1002939272664,1282.0589646104397,234.35709749869216
2403,raspberrypi,818.0,2023-08-09,21:30:01,Whole,1123.2238221526543,1.0,5.725980530505739,29.475191000664996,2547.514705882353,821.5808823529412,4.588819186953438,1,67,17,188.06355002445707,0.0125,0.7875,,0.175,0.0125,0.0,1247.0688843748685,,,79.42709298273887,613.5151672235795,1247.0688843748685,1503.2367134439783,1194.5990021432278,470.09164068305324
2404,raspberrypi,987.0,2023-08-09,21:30:01,Whole,499.452653336271,,3.3539540232020064,,2982.75,2311.75,1.1237298104821316,0,5,1,,0.0125,0.9875,,0.0,0.0125,0.0,1283.3983580991685,,,1396.703719183503,1070.27052900051,1283.3983580991685,1444.1067250348358,1230.1054884408186,113.74866910924467
2405,raspberrypi,250.0,2023-08-10,08:20:01,Whole,1396.6414158095117,,7.329908704348353,,1662.25,488.25,6.733553245538339,0,2,1,,0.0,1.0,,0.0,0.0,0.0,1507.7186725228983,,,264.10262329930566,1411.9966906740592,1507.7186725228983,1425.1328137086873,952.5628561442684,1132.49967196561
2406,raspberrypi,304.0,2023-08-10,08:20:01,Whole,131.64447098511906,1.0,2.4806409104855502,15.042583550350853,2930.075,903.1125,1.295458777715042,1,28,20,140.1259656944391,0.31746031746031744,0.6825396825396826,,0.0,0.31746031746031744,0.0,1294.1769018130049,,,438.051247515027,403.9522035608612,1294.1769018130049,1727.4390408114107,1501.5971724722722,79.56980376103259
2407,raspberrypi,308.0,2023-08-10,08:20:01,Whole,422.71518434147185,1.0,1.8489718489188214,14.729765078985697,3160.6029411764707,1151.514705882353,1.889655015551386,0,25,17,67.99886297091831,0.23809523809523808,0.7619047619047619,,0.0,0.23809523809523808,0.0,1373.7520625859336,,,799.0823887172139,459.0066605945906,1373.7520625859336,1816.969629028374,1793.500904273258,179.38236824206894
2408,raspberrypi,313.0,2023-08-10,08:20:01,Whole,97.50507092716359,1.0,1.5102057487838154,17.23442922929261,2987.640625,947.984375,1.4441207784393566,0,16,8,38.64935733058865,0.12698412698412698,0.873015873015873,,0.0,0.12698412698412698,0.0,1294.5403591170032,,,498.95907705051695,387.39772317006,1294.5403591170032,1746.257780709664,1567.1574332242799,29.670306854928228
2409,raspberrypi,319.0,2023-08-10,08:20:01,Whole,138.57473570397673,0.8166666666666667,2.7841376025297233,18.39881471876388,3038.3850806451615,763.7701612903226,1.4200088642352062,2,55,62,409.86898821997625,0.9841269841269841,0.015873015873015872,,0.0,0.9841269841269841,0.0,1392.539269127443,,,537.3738017149373,378.3701154708525,1392.539269127443,1897.1383138923356,1681.8156716724934,0.0
2410,raspberrypi,458.0,2023-08-10,08:20:01,Whole,297.7611260899066,,1.7187138999845226,,2916.75,573.75,1.5814752346613377,0,2,1,,0.015873015873015872,0.9841269841269841,,0.0,0.015873015873015872,0.0,1465.1165876977295,,,441.383599220672,412.1791736606723,1465.1165876977295,1929.3426148639867,1665.3974367851347,188.07897935395607
2411,raspberrypi,818.0,2023-08-10,08:20:01,Whole,241.275891587864,1.0,1.4125884835196683,60.28031881746059,2879.8055555555557,828.4722222222222,1.076711273753649,3,14,9,3.136090233342625e-26,0.09523809523809523,0.8571428571428571,,0.0,0.09523809523809523,0.0,1326.8075880085996,,,394.98186775941247,428.13737129884265,1326.8075880085996,1740.9103564356574,1524.284684404088,161.53780625749386
2412,raspberrypi,17.0,2023-08-09,23:10:01,Whole,1913.444197746889,,,,876.5,306.5,,0,0,1,,0.0,1.0,,0.0,0.0,0.0,1963.4194398099612,,,1055.4432386900198,2183.7970717987473,1963.4194398099612,1703.7371353915821,1216.9709064166607,1403.1746426538973
2413,raspberrypi,99.0,2023-08-09,23:10:01,Whole,770.9748221614376,,4.133381813079207,,2173.75,1003.75,3.0274424543222147,0,2,1,,0.0,0.9855072463768116,,0.014492753623188406,0.0,0.0,1102.3136412958925,,,0.0,894.8755853883304,1102.3136412958925,1126.528022533693,808.2639622291172,811.9994534555129
2414,raspberrypi,250.0,2023-08-09,23:10:01,Whole,1358.367125161442,,,,1661.75,488.5,,0,0,1,,0.0,1.0,,0.0,0.0,0.0,1507.6481608930892,,,264.4100004135909,1412.3829722061234,1507.6481608930892,1424.8248285929305,952.2028069875212,1132.171600123196
2415,raspberrypi,300.0,2023-08-09,23:10:01,Whole,196.59073056500105,0.375,2.97804038723692,2.4761205220073945,2150.259259259259,1582.462962962963,2.332724009637921,2,22,27,1.0916207858599762,0.0,0.8695652173913043,,0.0,0.0,0.0,859.8250375864116,,,468.2168071824251,1031.8741289898198,859.8250375864116,724.994294386227,594.2246382106299,595.0075453291794
2416,raspberrypi,316.0,2023-08-09,23:10:01,Whole,292.9862752973163,0.38461538461538464,4.252711488152731,2.5533742551529963,1898.8819444444443,1978.0324074074074,2.339441843638151,0,25,54,1.1832667813260926,0.0,0.4492753623188406,,0.0,0.0,0.4492753623188406,768.7897971228044,,,894.4539649663774,1413.6874798619488,768.7897971228044,384.2549662557092,187.8608119733282,224.98124597316274
2417,raspberrypi,319.0,2023-08-09,23:10:01,Whole,1308.8292107999691,1.0,7.3041965874110275,5.9204979451366535,3395.4444444444443,1542.1944444444443,8.136456017711348,0,8,9,9.343413185936954e-26,0.0,0.8695652173913043,,0.0,0.0,0.0,1449.8755004490397,,,1105.7845134768888,490.1706771341612,1449.8755004490397,1876.8289169866603,1749.1103149335388,627.9928021247795
2418,raspberrypi,384.0,2023-08-09,23:10:01,Whole,185.73975844380115,0.0,0.6715148657029054,,2134.1666666666665,1625.5833333333333,0.07124097634923877,2,3,3,,0.0,1.0,,0.0,0.0,0.0,848.5287334544839,,,516.0205997992302,1062.798660523535,848.5287334544839,692.9454227336741,661.7468924062983,673.9991666316566
2419,raspberrypi,111.0,2023-08-09,23:35:01,Whole,831.2448659455131,,4.769393557355098,,3131.25,2250.25,1.25754908647885,0,4,1,,0.013157894736842105,0.9868421052631579,,0.0,0.013157894736842105,0.0,1357.9396646208343,,,1419.1065973527561,991.9111050775323,1357.9396646208343,1578.4980504143925,1378.3854795656184,170.14470686387475
2420,raspberrypi,127.0,2023-08-09,23:35:01,Whole,261.1056341038505,,4.793737936712795,,2817.75,1425.0,4.0541674819596665,0,3,1,,0.0,0.9868421052631579,,0.0,0.0,0.0,1102.6617241522224,,,576.474313122688,502.3139619176029,1102.6617241522224,1370.2708317662393,1257.522541887565,519.3149733374764
2421,raspberrypi,300.0,2023-08-09,23:35:01,Whole,551.9836474827115,1.0,4.406159463112672,39.18306394349477,2757.375,2129.5,2.3946134212784327,0,7,2,,0.02631578947368421,0.9736842105263158,,0.0,0.02631578947368421,0.0,1077.621484006691,,,1134.6999318345975,970.5832172931258,1077.621484006691,1198.356568346209,1014.1499141002755,2.8793135073275664
2422,raspberrypi,305.0,2023-08-09,23:35:01,Whole,808.2160566749553,0.0,5.081760066974561,,3281.3963815789475,2059.0986842105262,7.1674596065601435,0,157,76,0.07486999152737253,0.0,0.0,,0.0,0.0,0.0,1410.354492828876,,,1356.8606472399345,806.5652659273696,1410.354492828876,1710.326341869725,1542.684559266333,277.0006899981581
2423,raspberrypi,306.0,2023-08-09,23:35:01,Whole,1064.659720252426,0.0,6.745197604934367,,2670.84126984127,531.6646825396825,8.492306337474199,0,145,63,0.027612861800282395,0.0,1.0,,0.0,0.0,0.0,1444.1419705129883,,,227.16514472543898,567.25680700545,1444.1419705129883,1795.5690862428155,1489.1312925546354,393.76694722776494
2424,raspberrypi,307.0,2023-08-09,23:35:01,Whole,251.0037431834521,,4.220236087791979,,2867.0,1637.75,3.051313914088065,0,2,1,,0.0,0.9868421052631579,,0.0,0.0,0.0,1097.7810886704929,,,767.6251378262186,553.288293447097,1097.7810886704929,1348.0875796363061,1217.5700165328637,306.8235875040888
2425,raspberrypi,316.0,2023-08-09,23:35:01,Whole,838.9525083997247,0.0,5.855360083551815,,1893.6570945945946,2015.543918918919,7.1674596065601435,0,157,74,0.06183889760375109,0.0,0.02631578947368421,,0.0,0.0,0.9736842105263158,771.8206731831277,,,932.1605369353899,1437.9490289389419,771.8206731831277,376.1213908526311,177.46177803938193,196.74275315132553
2426,raspberrypi,319.0,2023-08-09,23:35:01,Whole,887.4774563570809,1.0,6.177364415298292,42.02316387099074,1745.475,1739.4,1.6128767952973135,0,20,5,7.061181029144893,0.013157894736842105,0.9342105263157895,,0.0,0.013157894736842105,0.013157894736842105,763.1695197712038,,,717.2505220706046,1428.6932355667823,763.1695197712038,354.1507161641907,225.0083400608391,208.68086068683817
2427,raspberrypi,441.0,2023-08-09,23:35:01,Whole,839.4795028094306,,5.909150370070324,,3458.75,1620.25,2.4460872539700347,0,3,1,,0.0,0.9868421052631579,,0.0,0.0,0.0,1498.8157653755306,,,1201.0361248596598,536.6640064073083,1498.8157653755306,1921.7466841843755,1791.1938142677584,620.6354426538495
2428,raspberrypi,447.0,2023-08-09,23:35:01,Whole,743.0746611569241,,5.642554622858711,,1885.0,1483.5,2.7509813213090624,0,3,1,,0.0,1.0,,0.0,0.0,0.0,854.8256797897734,,,426.33605532227244,1220.5944416739744,854.8256797897734,593.3964344073912,359.1805237278532,391.40765132939
2429,raspberrypi,542.0,2023-08-09,23:35:01,Whole,493.94203746050107,0.0,5.612047048369418,,3099.535714285714,1478.107142857143,3.139835781390485,0,26,7,0.023872875703131572,0.0,0.9078947368421053,,0.0,0.0,0.0,1246.294538376541,,,824.9535741801228,435.4478834886614,1246.294538376541,1612.037398016163,1491.0707766013857,523.18104077645
2430,raspberrypi,714.0,2023-08-09,23:35:01,Whole,803.625015188247,,5.432246347573155,,2499.5,800.5,1.6425928038046835,0,3,1,,0.0,0.9868421052631579,,0.013157894736842105,0.0,0.0,1247.9005117585996,,,0.0,642.8703764865047,1247.9005117585996,1482.6886776843364,1191.9600129870812,470.7971990608579
2431,raspberrypi,130.0,2023-08-09,18:20:01,Whole,1692.8503064066442,,9.53552443045182,,2276.75,538.75,5.704564680380652,0,3,1,,0.0,0.9875,,0.0125,0.0,0.0,1403.914848076917,,,0.0,865.7255274439741,1403.914848076917,1569.318816226534,1197.270701773201,743.362411833836
2432,raspberrypi,250.0,2023-08-09,18:20:01,Whole,1023.7336919705624,,6.428990777437895,,2232.375,1711.625,7.003882250792582,0,6,2,,0.0,0.9875,,0.0125,0.0,0.0,1069.7560418998464,,,655.6167839252148,1170.0543514930155,1069.7560418998464,979.3537882102346,682.3103556696501,668.4560677483048
2433,raspberrypi,306.0,2023-08-09,18:20:01,Whole,140.85170945327604,0.975609756097561,3.642911798623928,8.12543500842799,3066.1964285714284,2086.8958333333335,1.1774077841350585,17,151,42,28.79534906796647,0.5,0.475,,0.0,0.5,0.0,1254.7848027228267,,,1248.9461150526975,840.670663764955,1254.7848027228267,1499.1616424215645,1323.8468997656237,65.14925569818914
2434,raspberrypi,307.0,2023-08-09,18:20:01,Whole,351.4541614226987,1.0,3.5792185767422446,16.687569148658067,3249.4166666666665,1964.46875,3.6943647179417507,0,42,12,15.723419528246687,0.0,0.85,,0.0,0.0,0.0,1366.0113881157556,,,1265.2121920462075,709.3545417026716,1366.0113881157556,1679.022286942731,1527.3847854123337,261.35029235805376
2435,raspberrypi,308.0,2023-08-09,18:20:01,Whole,982.8054953241418,1.0,4.718666527156298,16.96536191388822,2997.340909090909,1120.6704545454545,1.6945316704383142,0,92,22,257.25049845875924,0.275,0.725,,0.0,0.275,0.0,1250.9265328935269,,,557.8412904342224,389.65236021970964,1250.9265328935269,1663.0829320165765,1518.3387203043303,185.3757860471759
2436,raspberrypi,309.0,2023-08-09,18:20:01,Whole,744.8557279121111,1.0,6.061011666305527,76.29529122625713,2464.780844155844,2424.9983766233768,2.7649675094446544,18,213,77,4956.041543452577,0.375,0.0375,,0.0,0.375,0.075,1250.9531455942067,,,1491.0293014231927,1443.1319147617342,1250.9531455942067,1153.7980108442207,941.2987358223979,222.70314978228103
2437,raspberrypi,310.0,2023-08-09,18:20:01,Whole,654.3164449308633,0.012658227848101266,6.413685146983156,2.5124689052802225,3069.121875,2740.034375,2.9966895867486865,1,215,80,0.11329061849427469,0.0,0.9875,,0.0,0.0,0.0,1578.1659982270212,,,1819.2524980768205,1483.0920978164668,1578.1659982270212,1658.006668125684,1389.7267367117051,545.5067480943162
2438,raspberrypi,311.0,2023-08-09,18:20:01,Whole,970.8382204139767,1.0,6.44772560212435,19.91968452581747,3210.758333333333,1173.3833333333334,4.013816388453028,0,40,15,272.2875323066704,0.025,0.8125,,0.0,0.025,0.0,1359.449031368344,,,775.8408285336832,373.61457846882524,1359.449031368344,1826.2027739502737,1718.910160807525,247.53670652749213
2439,raspberrypi,314.0,2023-08-09,18:20:01,Whole,137.14797134897,,2.615287160386825,,2894.0,2233.5,1.8615890961025852,0,3,1,,0.0125,0.9875,,0.0,0.0125,0.0,1190.968873511218,,,1286.5813503654535,1015.942828487274,1190.968873511218,1344.3078596277617,1141.6525467320075,11.971501977231554
2440,raspberrypi,316.0,2023-08-09,18:20:01,Whole,1470.3804854145415,0.0,6.603943543795282,,3183.75,652.75,2.608207463034093,0,50,10,1.4360774524560025e-25,0.125,0.875,,0.0,0.125,0.0,1502.8205881067238,,,687.3676016981152,377.5715018262134,1502.8205881067238,2076.5698506167664,1859.8348646876761,9.190991263896482
2441,raspberrypi,319.0,2023-08-09,18:20:01,Whole,738.6486328853348,1.0,4.440717768929274,9.768588465129689,3200.15234375,1416.35546875,1.9716041545548881,0,127,32,52.616371002997816,0.0,0.6,,0.0,0.0,0.0,1318.301989225027,,,873.8129636169973,409.5040035269244,1318.301989225027,1725.738146950415,1606.6707042835765,466.70220523877583
2442,raspberrypi,441.0,2023-08-09,18:20:01,Whole,218.17890329211053,,5.680156969690955,,2986.0,2311.5,2.256314187899429,0,2,1,,0.0125,0.9875,,0.0,0.0125,0.0,1285.361207658252,,,1398.0048077704612,1069.435977575597,1285.361207658252,1447.2079307983686,1233.347844678445,114.9685686214475
2443,raspberrypi,250.0,2023-08-10,02:40:01,Whole,343.47214572641786,0.0,2.854613914812852,,2984.3541666666665,1370.5208333333333,1.2049542362544667,0,26,12,5.514537417876153e-26,0.0,0.8481012658227848,,0.0,0.0,0.0,1193.7306840555925,,,668.409615123217,411.5244864807512,1193.7306840555925,1542.1351829932235,1430.3611280420068,427.8014681314053
2444,raspberrypi,305.0,2023-08-10,02:40:01,Whole,542.109680677369,0.0,4.756267074968654,,3283.6746794871797,2195.4070512820513,5.287051508291863,0,100,78,0.11360501454955474,0.0,1.0,,0.0,0.0,0.0,1452.1791475286316,,,1463.415771754117,942.0525230659175,1452.1791475286316,1721.5327986161417,1532.6481496058195,290.70599013599747
2445,raspberrypi,306.0,2023-08-10,02:40:01,Whole,486.2314794260972,0.0,3.595936311137193,,3124.0490506329115,1183.6487341772151,5.287051508291863,0,100,79,0.07779871725706335,0.0,0.0,,0.0,0.0,0.0,1303.73577421635,,,698.9414080524635,370.8255170932945,1303.73577421635,1744.1802409538013,1630.287067075172,231.5063589984311
2446,raspberrypi,470.0,2023-08-10,02:40:01,Whole,648.2086594273816,,4.435486675438201,,2510.25,1596.75,3.819542157530592,0,2,1,,0.0,1.0,,0.0,0.0,0.0,953.2117224028365,,,547.7242985488201,764.3452447778891,953.2117224028365,1028.8299652045873,905.3847655431292,461.48751195473756
2447,raspberrypi,542.0,2023-08-10,02:40:01,Whole,564.6332410912249,1.0,3.6847989183299954,2.98117293339588,2599.277777777778,1771.7222222222222,4.074784616719756,0,20,9,0.5029037091635479,0.0,0.9113924050632911,,0.0,0.0,0.0,968.758815907546,,,743.5423570625702,792.8945500032992,968.758815907546,1063.208167675747,920.8092827576173,271.1101653633735
2448,raspberrypi,17.0,2023-08-10,10:55:01,Whole,1343.7607229168711,,7.302650779107327,,1580.75,1985.75,6.640684994737143,0,4,1,,0.013157894736842105,0.9868421052631579,,0.0,0.013157894736842105,0.013157894736842105,726.8943171619377,,,1009.8473586748769,1673.66818010919,726.8943171619377,176.40500881334802,0.0,6.424889631832528
2449,raspberrypi,306.0,2023-08-10,10:55:01,Whole,722.3666161014995,1.0,4.601459507530079,24.23915675940436,2343.9244791666665,805.4401041666666,3.554941494266702,0,145,48,473.8724321865864,0.0,0.3684210526315789,,0.631578947368421,0.0,0.0,1234.3978053492165,,,10.4588466511266,770.3870790997886,1234.3978053492165,1386.1511714334526,1001.9878001993369,686.8586835951876
2450,raspberrypi,307.0,2023-08-10,10:55:01,Whole,723.398653713222,1.0,4.084399714389012,16.250779771283657,2924.6666666666665,658.0,2.7447056697761782,0,11,3,9.636813650475759,0.039473684210526314,0.9605263157894737,,0.0,0.039473684210526314,0.0,1411.8946169882581,,,430.42966719870805,403.964256897719,1411.8946169882581,1877.3779276804037,1627.5259520528148,116.85273823067202
2451,raspberrypi,308.0,2023-08-10,10:55:01,Whole,290.2447217358171,0.7586206896551724,3.0359436558078405,5.664142750347757,3051.0889830508477,1285.7118644067796,1.4326815561244493,9,171,59,13.810891974130874,0.0,0.2236842105263158,,0.0,0.0,0.0,1244.226915665597,,,679.0576603707867,384.6985129397365,1244.226915665597,1635.9526853132977,1529.096111706278,326.5521308802195
2452,raspberrypi,309.0,2023-08-10,10:55:01,Whole,412.37143961507775,1.0,4.532127460963648,104.92695626579568,2534.0394736842104,1208.3947368421052,2.587549636688305,0,60,19,4774.320860178871,0.0,0.7763157894736842,,0.06578947368421052,0.0,0.0,1080.2561157305365,,,300.06188905359215,667.5837599678717,1080.2561157305365,1245.2452665269238,1161.9977726514737,446.3829198979389
2453,raspberrypi,310.0,2023-08-10,10:55:01,Whole,315.54064484216264,0.92,3.7554648661767422,19.7169445313673,2923.5756578947367,1409.9638157894738,1.8245471425015076,1,219,76,338.4007918865536,0.2894736842105263,0.0,,0.0,0.2894736842105263,0.0,1167.3908887850225,,,684.4015255032704,494.8410315028913,1167.3908887850225,1485.6368616925004,1252.136847007911,303.0260499110806
2454,raspberrypi,314.0,2023-08-10,10:55:01,Whole,713.0107305706226,1.0,4.754533716172456,21.273516399504807,2966.875,2051.25,3.6480516494137842,0,6,2,,0.02631578947368421,0.9736842105263158,,0.0,0.02631578947368421,0.0,1173.189202017931,,,1162.9257277348202,824.9546096684365,1173.189202017931,1399.5806133870237,1233.026127666177,0.0
2455,raspberrypi,319.0,2023-08-10,10:55:01,Whole,726.5352711258513,1.0,4.159602354294046,79.17473087162227,2677.3645833333335,1824.0729166666667,2.3319367983452683,1,209,72,8502.841284735796,0.013157894736842105,0.05263157894736842,,0.0,0.013157894736842105,0.013157894736842105,1219.079222625161,,,959.7496785072076,958.3648300884366,1219.079222625161,1331.9416896086439,1292.3540566122374,425.4890983575988
2456,raspberrypi,447.0,2023-08-10,10:55:01,Whole,417.12010391452634,,3.4501227878734224,,2975.5,1000.75,0.9305325956587444,1,4,1,,0.013157894736842105,0.9868421052631579,,0.0,0.013157894736842105,0.0,1273.3283484795372,,,498.71401837265404,390.7848072057284,1273.3283484795372,1707.0300363345616,1533.8357114446962,83.65269931266032
2457,raspberrypi,533.0,2023-08-10,10:55:01,Whole,206.77283128872824,,2.3732197306290983,,2978.75,1382.0,0.5049051701894944,1,4,1,,0.0,0.9868421052631579,,0.0,0.0,0.0,1188.9057077029634,,,670.6727338383873,415.21468862610743,1188.9057077029634,1532.7044513993408,1420.2350653237531,440.16687578143535
2458,raspberrypi,682.0,2023-08-10,10:55:01,Whole,313.54282738824446,,2.112613112311339,,3069.75,1265.0,0.01856124759923899,1,4,1,,0.0,0.9868421052631579,,0.0,0.0,0.0,1258.093844718042,,,684.8879225288545,379.35175766252405,1258.093844718042,1661.1259650579723,1555.3533537056783,312.14256797041577
2459,raspberrypi,818.0,2023-08-10,10:55:01,Whole,328.9250571201068,0.7,2.137224628376752,3.7434089438621743,3082.53125,1255.3541666666667,0.6029040587772763,6,37,12,5.046282431674636,0.0,0.8421052631578947,,0.0,0.0,0.0,1267.0550700578056,,,691.8764027006729,377.16090727077665,1267.0550700578056,1676.6029878996105,1576.6555769631595,299.7407616054254
2460,raspberrypi,17.0,2023-08-10,05:00:01,Whole,1726.9459240759963,,,,2895.25,130.25,,0,0,1,,0.0,0.975,,0.0,0.0,0.0,1808.2526811091045,,,644.0362069333228,663.7940876721796,1808.2526811091045,2246.8666098494577,1921.486643980903,545.0014636327076
2461,raspberrypi,306.0,2023-08-10,05:00:01,Whole,1221.972953801651,,7.483908198666782,,3183.875,632.375,7.399084784040339,0,2,2,,0.05,0.95,,0.0,0.05,0.0,1518.4864570701661,,,691.2771779676865,380.58965571476926,1518.4864570701661,2089.3347681651853,1869.2800454021103,0.0
2462,raspberrypi,307.0,2023-08-10,05:00:01,Whole,326.51247484433657,1.0,3.6172926281438564,23.16491333385165,3168.095588235294,2156.404411764706,3.4271560788505404,2,22,34,84.94997778496982,0.725,0.15,,0.0,0.725,0.0,1352.3948552339684,,,1363.4780167466797,897.4946655052227,1352.3948552339684,1605.053356386886,1425.5641848556472,173.24414109779553
2463,raspberrypi,316.0,2023-08-10,05:00:01,Whole,117.03996294601085,,1.6524506691672152,,3158.125,1922.625,0.8793589853441629,2,3,2,,0.0,0.95,,0.0,0.0,0.0,1288.821247776604,,,1172.9958482550444,665.043525606903,1288.821247776604,1589.7590732622737,1444.2457101627342,199.83693875757123
2464,raspberrypi,319.0,2023-08-10,05:00:01,Whole,388.45716610753385,0.0,2.4424915785521564,,3065.133333333333,1460.15,3.7049584289037725,0,16,15,0.029958425558787492,0.0,0.625,,0.0,0.0,0.0,1227.1720127725416,,,786.6721088889938,426.2248332365463,1227.1720127725416,1585.3940917189632,1466.100553132523,507.8766662548128
2465,raspberrypi,542.0,2023-08-10,05:00:01,Whole,322.8010760625644,1.0,4.03771664207501,9.751001551122839,2840.1428571428573,2008.0535714285713,2.5104945857488765,0,8,7,0.0,0.125,0.825,,0.0,0.125,0.0,1106.8542685854222,,,1076.0428379718612,845.7948812595858,1106.8542685854222,1275.6235892910183,994.4626464658336,50.24249653993962
2466,raspberrypi,543.0,2023-08-10,05:00:01,Whole,263.8735652028368,,1.1881063729935024,,3221.75,1634.5,1.1881063729935024,0,1,1,,0.0,0.975,,0.0,0.0,0.0,1319.2857889078346,,,1017.5362326780175,518.1956432914952,1319.2857889078346,1689.0537514592913,1558.0061072131512,444.46551321514596
2467,raspberrypi,683.0,2023-08-10,05:00:01,Whole,2676.576543188664,,,,877.5,309.75,,0,0,1,,0.0,1.0,,0.0,0.0,0.0,1960.5261443927739,,,1053.3826274881085,2182.00622937317,1960.5261443927739,1700.345662523221,1213.59308805007,1399.7771416529392
2468,raspberrypi,17.0,2023-08-10,02:05:01,Whole,2863.79608357918,,16.219897457807992,,875.5,306.5,16.219897457807992,0,1,1,,0.0,1.0,,0.0,0.0,0.0,1963.9680228054347,,,1056.381450085431,2184.7322360986145,1963.9680228054347,1704.0830801345503,1217.3731112301086,1403.5079779257771
2469,raspberrypi,250.0,2023-08-10,02:05:01,Whole,774.5797968028983,,4.672292779261529,,2984.625,1371.375,4.672292779261529,0,2,2,,0.0,0.9736842105263158,,0.0,0.0,0.0,1193.7363502141789,,,669.1297413051972,411.5315568047136,1193.7363502141789,1542.0577794916342,1430.2757964692532,428.58551658571696
2470,raspberrypi,305.0,2023-08-10,02:05:01,Whole,308.8552682611351,0.05172413793103448,8.500402559779413,2.98724138815582,3196.929166666667,2424.383333333333,2.4474300634381945,0,13,60,0.41787640479632054,0.0,0.9605263157894737,,0.0,0.0,0.0,1483.020528530778,,,1601.248749536095,1164.777321306515,1483.020528530778,1675.2090168879786,1450.485112277162,330.9653292050386
2471,raspberrypi,306.0,2023-08-10,02:05:01,Whole,1257.9541473331042,1.0,7.200095475189878,53.75932204701735,3040.972222222222,894.8333333333334,5.807990530200369,0,11,9,393.4848516540892,0.10526315789473684,0.881578947368421,,0.0,0.10526315789473684,0.0,1353.9233164414659,,,557.7865292731159,406.4267937640393,1353.9233164414659,1820.503153952722,1606.4034327574952,63.60588649514044
2472,raspberrypi,314.0,2023-08-10,02:05:01,Whole,137.6368320540171,1.0,2.892574590825966,10.438888159181234,2945.916666666666,2096.067708333333,2.4935300724469887,1,19,24,39.25586539405005,0.3157894736842105,0.6842105263157895,,0.0,0.3157894736842105,0.0,1173.0748065820385,,,1190.6993987897283,873.4352831079425,1173.0748065820385,1380.9306374797995,1224.1204635311615,0.0
2473,raspberrypi,525.0,2023-08-10,02:05:01,Whole,571.731365156974,,2.2731833877480883,,2533.25,1957.5,2.2731833877480883,0,1,1,,0.0,1.0,,0.0,0.0,0.0,953.1281359444422,,,895.5154557455123,953.9684113971489,953.1281359444422,975.8653743353831,819.0705945809184,237.71879205238912
2474,raspberrypi,666.0,2023-08-10,02:05:01,Whole,111.5956529746704,,3.095668206824654,,2973.25,2094.5,0.015340851306284481,1,2,1,,0.013157894736842105,0.9868421052631579,,0.0,0.013157894736842105,0.0,1189.4712411003063,,,1203.0540057160144,863.7366221310949,1189.4712411003063,1407.6215548166956,1232.675792194004,0.0
2475,raspberrypi,858.0,2023-08-10,02:05:01,Whole,1451.724817309443,,9.042486584254057,,2171.5,1004.25,9.042486584254057,0,1,1,,0.0,0.9868421052631579,,0.013157894736842105,0.0,0.0,1101.919135932396,,,0.0,896.7811906295935,1101.919135932396,1124.8406673733564,806.1265659765604,814.3031465937769
