,pi_ID,bee_ID,Date,Time,LR,distSC,meanAct,meanIBD,meanSpeed,meanX,meanY,medianMinDistToOthers,totalInt,totalIntFrames,trackedFrames,varSpeed,PropBroodTime,PropInactiveTime,PropLarvaeTime,PropNectarTime,PropPupaeTime,PropWaxPotTime,meanBroodDistM,meanEggDistM,meanLarvaeDistM,meanNectarDistM,meanPollenDistM,meanPupaeDistM,meanWaxPotDistM,medianClosesWaxPotDistM,medianClosestBroodDistM
0,raspberrypi,106.0,2023-09-02,15:50:01,Whole,625.2803699560304,,1.2562319767246874,,2269.0,330.75,0.6208496839055186,1,2,1,,0.0,1.0,,0.0,0.0,,1339.0351771005414,,,1934.6715597412137,1539.995675708761,1339.0351771005414,,,1332.2638842743943
1,raspberrypi,224.0,2023-09-02,15:50:01,Whole,972.8911335916271,0.0,5.315209429610839,,3107.796875,1621.96875,3.158762245912971,0,24,8,5.514537417662162e-26,0.0,1.0,,0.0,0.0,,1868.7708539301398,,,1112.6207612517303,1006.8581788950173,1868.7708539301398,,,1771.713149256875
2,raspberrypi,225.0,2023-09-02,15:50:01,Whole,893.7847697982398,1.0,6.6148721570172855,182.64160835656725,1774.34375,360.78125,3.8271761553289716,0,16,8,5278.872963080688,0.0,0.8985507246376812,,0.0,0.0,,1016.5645182985734,,,1951.3041791987848,1771.8868470943912,1016.5645182985734,,,913.6464792708009
3,raspberrypi,234.0,2023-09-02,15:50:01,Whole,1032.5449415112366,0.2631578947368421,5.721914833090182,10.911261384459635,2578.625,1957.803125,6.750470953710085,1,88,40,23.32958604669973,0.0,0.855072463768116,,0.0,0.0,,1454.576903941941,,,495.176482713695,960.87819725639,1454.576903941941,,,1343.682937855208
4,raspberrypi,236.0,2023-09-02,15:50:01,Whole,286.3866407429719,0.014705882352941176,5.189471832385661,10.253048327204938,2441.896739130435,653.5489130434783,3.6664365976167246,0,126,69,1.5294434209429382,0.0,0.9855072463768116,,0.0,0.0,,1316.9540549346634,,,1637.496769069627,1265.2351865987405,1316.9540549346634,,,1292.7326991808934
5,raspberrypi,237.0,2023-09-02,15:50:01,Whole,919.4715108371278,1.0,7.270881107007085,45.825434822188356,2249.8954081632655,267.9770408163265,3.630674293099721,1,99,49,1036.9381745635515,0.0,0.30434782608695654,,0.0,0.0,,1417.591075946963,,,2083.7701705178984,1665.0730551548863,1417.591075946963,,,1312.9568031840136
6,raspberrypi,238.0,2023-09-02,15:50:01,Whole,1239.6543861666016,,8.712382999545984,,1699.0,1950.5,7.716310313872219,0,2,1,,0.0,1.0,,0.0,0.0,,717.0031762058804,,,447.27385931877546,1213.801845477363,717.0031762058804,,,569.6065394973178
7,raspberrypi,258.0,2023-09-02,15:50:01,Whole,699.4317440174292,1.0,4.514846919309895,121.34726413671063,2404.676470588235,1438.875,3.3514354597571083,0,39,17,9357.81007485934,0.0,0.7681159420289855,,0.014492753623188406,0.0,,1226.23727453115,,,928.3339672008068,1090.3278428810506,1226.23727453115,,,1187.610868548589
8,raspberrypi,954.0,2023-09-02,15:50:01,Whole,1028.039366291561,,4.921326098638707,,2592.25,1951.375,1.6786333248770873,1,6,2,,0.0,1.0,,0.0,0.0,,1464.3269195585467,,,509.16078793293474,960.939586486443,1464.3269195585467,,,1342.9583847460203
9,raspberrypi,37.0,2023-09-01,23:40:01,Whole,1508.097570583368,,8.367597417436194,,2722.375,2420.0,6.84012081736577,0,10,2,,0.0,1.0,,0.0,0.0,,1808.974495175017,,,515.221945025113,1093.337023694376,1808.974495175017,,,1673.8747498118137
10,raspberrypi,106.0,2023-09-01,23:40:01,Whole,917.8755127278063,,4.87376768057914,,1199.5,1960.25,1.6276003898650586,0,5,1,,0.0,1.0,,0.0,0.0,,488.99120760231625,,,830.1622026538196,1558.4572118474396,488.99120760231625,,,338.674708250196
11,raspberrypi,224.0,2023-09-01,23:40:01,Whole,658.7894466009935,0.0,4.9831587065043905,,1491.0097402597403,1839.9318181818182,0.8989932798530598,61,337,77,0.11086108590721735,0.0,1.0,,0.0,0.0,,497.5060224965796,,,668.3102209506177,1362.3491493720292,497.5060224965796,,,345.6583715050285
12,raspberrypi,226.0,2023-09-01,23:40:01,Whole,448.46155658315934,0.0,5.165154596256463,,1872.215,807.9366666666666,0.7216906992270081,74,334,75,0.03777396837626969,0.0,1.0,,0.0,0.0,,743.5406789563949,,,1466.120777090955,1458.7493090858393,743.5406789563949,,,732.8790147610154
13,raspberrypi,227.0,2023-09-01,23:40:01,Whole,421.30973781584316,0.38235294117647056,5.230120711318983,2.5490889271266983,1383.7229729729727,1092.162162162162,2.5249928853501222,0,175,37,1.232036593542505,0.42857142857142855,0.5324675324675324,,0.0,0.42857142857142855,,191.61652913649402,,,1342.5962199299806,1635.3662968689728,191.61652913649402,,,178.16787464840198
14,raspberrypi,228.0,2023-09-01,23:40:01,Whole,510.14477408677124,0.0,4.143036446226522,,1629.5,1734.6188524590166,0.8981312715496943,61,278,61,0.13399307668504906,0.0,1.0,,0.0,0.0,,520.4884197933708,,,663.3049710817938,1293.436716671787,520.4884197933708,,,380.1033279463552
15,raspberrypi,232.0,2023-09-01,23:40:01,Whole,1112.9437541994062,,5.637600400953927,,815.25,684.0,3.6091681854712885,0,5,1,,0.0,1.0,,0.0,0.0,,455.876326005339,,,1990.7761509168597,2211.1877035434445,455.876326005339,,,349.9357104542431
16,raspberrypi,233.0,2023-09-01,23:40:01,Whole,408.7827262512606,0.0,5.058376265360619,,2170.5779220779223,1139.4366883116884,2.3030336974683254,0,337,77,0.10042678043116354,0.0,1.0,,0.0,0.0,,917.8708404176884,,,1121.12382630385,1176.7991597625396,917.8708404176884,,,855.5200189646512
17,raspberrypi,237.0,2023-09-01,23:40:01,Whole,484.2404074657528,0.0,5.2498133310837645,,1739.8316666666667,763.0416666666666,0.7216906992270081,74,332,75,0.04996488791625439,0.0,1.0,,0.0,0.0,,660.030631067259,,,1533.150455807786,1554.5336755082576,660.030631067259,,,654.6950977954508
18,raspberrypi,392.0,2023-09-01,23:40:01,Whole,1405.7432429389487,0.0,7.922869186403271,,3040.640625,1859.59375,5.830741035576463,0,41,8,1.1030135903316023e-26,0.0,1.0,,0.0,0.0,,1855.4690819782036,,,918.5579299590704,1019.7549568029201,1855.4690819782036,,,1745.961291100391
19,raspberrypi,17.0,2023-09-02,05:50:01,Whole,1329.3080354916779,0.0,8.197752596522033,,2943.719827586207,980.9094827586207,5.331688131566883,0,151,29,0.09052750082227005,0.0,0.6329113924050633,,0.0,0.0,,1703.1596819558401,,,1502.944090292959,975.2995868642739,1703.1596819558401,,,1644.2486465728573
20,raspberrypi,131.0,2023-09-02,05:50:01,Whole,1589.2535446131958,,8.224444970982177,,3008.25,2727.5,4.480793943911916,0,7,1,,0.0,1.0,,0.0,0.0,,2217.232654646138,,,754.4822391439511,1238.80523740817,2217.232654646138,,,2078.796727439807
21,raspberrypi,221.0,2023-09-02,05:50:01,Whole,1246.762028175738,0.0,8.139743658615439,,1029.6819620253164,710.0838607594936,5.266090503372055,0,389,79,0.1534981851753415,0.0,1.0,,0.0,0.0,,381.02856854813547,,,1849.9352338520532,2041.9305559501718,381.02856854813547,,,283.8561305452363
22,raspberrypi,229.0,2023-09-02,05:50:01,Whole,785.8579500050693,0.5972222222222222,5.858842548197486,22.944804094506946,2052.9640410958905,2427.469178082192,1.1715301590660834,14,369,73,533.5041594318664,0.0,0.0759493670886076,,0.8227848101265823,0.0,,1311.3515480354558,,,48.68854446046798,999.0351701187428,1311.3515480354558,,,1251.1764574340057
23,raspberrypi,230.0,2023-09-02,05:50:01,Whole,856.5140509539607,1.0,5.982870985578741,180.2532900878486,2378.28125,2001.01953125,2.3562578919854773,5,163,32,6104.407084589421,0.012658227848101266,0.6075949367088608,,0.05063291139240506,0.012658227848101266,,1338.2282866761432,,,683.5013389023287,1153.9428592600957,1338.2282866761432,,,1263.083096375036
24,raspberrypi,233.0,2023-09-02,05:50:01,Whole,968.2032272834139,,4.340331192232548,,876.25,1435.5,1.9712999181708135,0,6,1,,0.012658227848101266,0.9873417721518988,,0.0,0.012658227848101266,,78.69725113394757,,,1395.5021584538179,1904.4040312476136,78.69725113394757,,,29.09078973196779
25,raspberrypi,234.0,2023-09-02,05:50:01,Whole,732.7826983972818,0.987012987012987,5.910295135208709,23.465813992655466,2100.99358974359,2337.889423076923,1.1692777047776473,17,385,78,253.93467944838252,0.0,0.012658227848101266,,0.9113924050632911,0.0,,1278.3896949102377,,,31.77358311257649,1001.7647116351754,1278.3896949102377,,,1181.9183284057467
26,raspberrypi,236.0,2023-09-02,05:50:01,Whole,338.81620398904465,0.05128205128205128,5.491383561171387,3.608978246285404,2000.4303797468353,1397.7025316455697,4.260796304513361,2,389,79,0.6347292830344653,0.0,0.9493670886075949,,0.0,0.0,,744.3251655755712,,,865.423796321941,1177.296171687025,744.3251655755712,,,650.6998224124658
27,raspberrypi,237.0,2023-09-02,05:50:01,Whole,607.2244966896989,0.14102564102564102,5.723030670380036,7.918976690396153,1206.9003164556962,1715.0411392405063,4.2818293903015885,5,389,79,9.410405684473837,1.0,0.0,,0.0,1.0,,252.98152053970628,,,962.7178560519284,1587.4834283460425,252.98152053970628,,,99.05330100701642
28,raspberrypi,392.0,2023-09-02,05:50:01,Whole,1240.8530140988246,0.0,6.712469581618779,,3040.75,1860.359375,4.836954054492854,0,48,8,0.0002606423311919844,0.0,1.0,,0.0,0.0,,1855.7865477725659,,,918.2421439379226,1019.8927244760014,1855.7865477725659,,,1746.2198752785491
29,raspberrypi,964.0,2023-09-02,05:50:01,Whole,636.4632475641283,0.0,5.3984665158690195,,1177.75,1718.0,0.013942910591068771,5,28,5,0.0,0.06329113924050633,0.9367088607594937,,0.0,0.06329113924050633,,247.58824503399268,,,983.2748917487676,1608.937751616731,247.58824503399268,,,95.83473144156514
30,raspberrypi,987.0,2023-09-02,05:50:01,Whole,879.5397426513409,1.0,4.0208046214758495,5.038738819276991,1120.0,1138.5,2.250107712580994,0,20,4,1.1809247751158547e-27,0.05063291139240506,0.9493670886075949,,0.0,0.05063291139240506,,21.66939239560149,,,1444.0609705495062,1804.2163289955224,21.66939239560149,,,0.0
31,raspberrypi,17.0,2023-09-02,06:55:01,Whole,1501.1222513856487,,8.399320098683367,,2946.25,980.75,6.069566418208034,0,4,2,,0.0,0.9746835443037974,,0.0,0.0,,1705.676851706216,,,1504.3431970913798,974.8944243168975,1705.676851706216,,,1646.7403474361902
32,raspberrypi,37.0,2023-09-02,06:55:01,Whole,2373.6497346564956,,10.203417137707852,,2980.75,2725.0,4.476483264742708,0,3,1,,0.0,1.0,,0.0,0.0,,2193.7124474053144,,,727.4427712536178,1225.6913711973311,2193.7124474053144,,,2054.903443945423
33,raspberrypi,110.0,2023-09-02,06:55:01,Whole,1927.8147570803653,,10.758990221315198,,2974.0,2090.0,8.656280116094367,0,2,1,,0.0,1.0,,0.0,0.0,,1869.404214100275,,,752.7236095165547,1037.310333372861,1869.404214100275,,,1749.0860426516792
34,raspberrypi,224.0,2023-09-02,06:55:01,Whole,325.2795983572352,0.0,7.367600027929167,,1771.7884615384614,922.3926282051282,4.688952458772614,0,93,78,0.043897185638536736,0.0,1.0,,0.0,0.0,,601.7411496819619,,,1370.637686640267,1462.9339170968278,601.7411496819619,,,583.5303843159938
35,raspberrypi,237.0,2023-09-02,06:55:01,Whole,590.7744154088391,0.0,9.433743830437747,,882.8417721518987,737.2056962025316,4.688952458772614,0,93,79,0.1378574176355496,0.0,1.0,,0.0,0.0,,382.08895886840594,,,1908.1583414301722,2137.218760375454,382.08895886840594,,,276.7792146650381
36,raspberrypi,392.0,2023-09-02,06:55:01,Whole,1853.7127051067534,0.0,8.393943576776367,,3040.625,1860.0,8.144837364788494,0,19,9,0.0,0.0,1.0,,0.0,0.0,,1855.5668227331514,,,918.3279555513262,1019.8080800332083,1855.5668227331514,,,1746.0664080924544
37,raspberrypi,414.0,2023-09-02,06:55:01,Whole,1021.7370184422215,,5.766382767394055,,831.75,1729.75,5.133705150346514,0,2,1,,0.0,1.0,,0.0,0.0,,316.98989003711415,,,1263.6739390191508,1884.0674106143438,316.98989003711415,,,216.36550983554756
38,raspberrypi,517.0,2023-09-02,06:55:01,Whole,1023.1374825071235,,5.772067036386474,,830.75,1730.75,5.137838396027856,0,2,1,,0.0,1.0,,0.0,0.0,,318.32745467977105,,,1264.0462671942162,1884.7581108429117,318.32745467977105,,,217.77788438778364
39,raspberrypi,37.0,2023-09-01,17:55:01,Whole,1330.585798809305,,7.643398889639821,,2677.5,2582.0,4.959221298153431,0,3,1,,0.0,1.0,,0.0,0.0,,1866.6159321937535,,,397.4971387193306,1056.7924633813404,1866.6159321937535,,,1725.8402917858618
40,raspberrypi,221.0,2023-09-01,17:55:01,Whole,558.6905761166732,0.0,5.573069216524225,,1834.7884615384614,1203.301282051282,3.8061531943619666,0,138,78,0.11786832817974992,0.0,1.0,,0.0,0.0,,579.7368703827021,,,1082.7706748652888,1319.5569270415222,579.7368703827021,,,514.5635598347936
41,raspberrypi,224.0,2023-09-01,17:55:01,Whole,435.5613415606531,1.0,3.982550316494915,31.993301648825383,1334.3461538461538,1444.0865384615386,2.845902441912583,0,33,13,533.2375041170187,0.16666666666666666,0.8333333333333334,,0.0,0.16666666666666666,,141.20961986819412,,,1071.8474194738806,1558.0784277621235,141.20961986819412,,,0.0
42,raspberrypi,226.0,2023-09-01,17:55:01,Whole,1119.8833271930482,0.7,7.195547013436916,5.657948046070283,760.1770833333334,1057.0729166666667,4.300978007849945,0,33,12,21.448917145016104,0.15384615384615385,0.8461538461538461,,0.0,0.15384615384615385,,193.5092367247949,,,1739.098153742653,2107.0887416548685,193.5092367247949,,,104.13131038011204
43,raspberrypi,228.0,2023-09-01,17:55:01,Whole,969.0518517536809,0.0,4.512605318463563,,1166.3375,894.425,3.80220893969215,0,24,10,0.008246720338542604,0.1282051282051282,0.8717948717948718,,0.0,0.1282051282051282,,213.25168153179825,,,1621.4681212362646,1863.8314746837868,213.25168153179825,,,137.5001779353055
44,raspberrypi,232.0,2023-09-01,17:55:01,Whole,1005.2044932257963,,5.410013935171456,,1464.0,2719.0,1.4168282822116154,0,3,1,,0.0,1.0,,0.0,0.0,,1287.9105005104684,,,492.03125862198436,1390.3412173843087,1287.9105005104684,,,1135.3680557929442
45,raspberrypi,236.0,2023-09-01,17:55:01,Whole,459.0854333804133,0.8888888888888888,4.914346027532696,25.700665079999904,1446.1,1324.34375,2.2230222005788596,0,45,20,237.94863101214705,0.24358974358974358,0.7435897435897436,,0.0,0.24358974358974358,,212.23079081296078,,,1109.760707053232,1516.8417384309525,212.23079081296078,,,135.84005919488988
46,raspberrypi,237.0,2023-09-01,17:55:01,Whole,888.024914458755,0.0,6.703884689434517,,1719.202302631579,2617.5131578947367,7.321265774863834,0,136,76,0.06082299381021026,0.0,0.02564102564102564,,0.0,0.0,,1282.7177548699108,,,217.4569211811682,1167.0744519467273,1282.7177548699108,,,1128.323238680853
47,raspberrypi,392.0,2023-09-01,17:55:01,Whole,1396.2498101710592,,9.139928895337412,,3044.25,1860.0,7.1094716190497484,0,3,1,,0.0,1.0,,0.0,0.0,,1859.045239929082,,,921.3959382558212,1020.7915841789644,1859.045239929082,,,1749.5930172146861
48,raspberrypi,432.0,2023-09-01,17:55:01,Whole,112.04003963504539,,3.709282498961155,,1545.25,1704.5,2.4319566482568655,0,4,1,,0.0,1.0,,0.0,0.0,,436.4796516256365,,,736.1158147187446,1352.2168377031053,436.4796516256365,,,293.63337780350105
49,raspberrypi,470.0,2023-09-01,17:55:01,Whole,1658.3996153336595,,8.536039206615772,,3241.5,2211.25,8.134572996179768,0,2,1,,0.0,1.0,,0.0,0.0,,2162.771955170008,,,973.0492464534611,1164.3302648127355,2162.771955170008,,,2042.1528781003356
50,raspberrypi,515.0,2023-09-01,17:55:01,Whole,1258.619756077597,,6.421579177961821,,2677.5,2464.25,5.016192972054949,0,2,1,,0.0,1.0,,0.0,0.0,,1794.9741096859977,,,383.6271735860718,1026.73763299788,1794.9741096859977,,,1656.988633089282
51,raspberrypi,525.0,2023-09-01,17:55:01,Whole,868.308422611297,,5.385309680203596,,1763.25,870.5,1.7541897545805374,0,2,1,,0.0,1.0,,0.0,0.0,,619.2824479633255,,,1423.1717773376652,1490.7285081613604,619.2824479633255,,,609.0011091863801
52,raspberrypi,224.0,2023-09-02,16:20:01,Whole,2133.4830615232504,,12.044909841000894,,735.5625,315.9375,10.313256935007507,0,12,4,,0.0,1.0,,0.0,0.0,,828.4732246969913,,,2340.148018572082,2449.0684750049295,828.4732246969913,,,725.7180201881492
53,raspberrypi,225.0,2023-09-02,16:20:01,Whole,1059.7492259017015,,6.152159594856996,,1101.25,1326.75,1.4760497355719144,0,4,1,,0.013888888888888888,0.9861111111111112,,0.0,0.013888888888888888,,3.047174861391852,,,1309.5887609026481,1758.391519555284,3.047174861391852,,,0.0
54,raspberrypi,226.0,2023-09-02,16:20:01,Whole,772.4258409807021,1.0,7.4353326044074395,100.59097024872662,1919.6081081081081,1988.7195945945946,4.648994549688013,0,76,37,4066.413979307981,0.0,0.4861111111111111,,0.2777777777777778,0.0,,975.9202832385703,,,363.4639730365913,1129.5881928736007,975.9202832385703,,,961.3345233048428
55,raspberrypi,234.0,2023-09-02,16:20:01,Whole,1552.7401329613774,0.0,11.101675052827137,,2938.1944444444443,2205.8611111111113,9.046969176044888,0,21,9,1.4900010529925237e-25,0.0,1.0,,0.0,0.0,,1884.775974431861,,,680.1560989635043,1048.320645297452,1884.775974431861,,,1759.6028301544477
56,raspberrypi,236.0,2023-09-02,16:20:01,Whole,216.22637138216956,0.0,7.203152988612624,,1187.9714285714285,2273.6875,2.8168377287732898,0,117,70,0.1631728800693797,0.0,1.0,,0.0,0.0,,797.2903974938921,,,732.6764557124255,1555.8907908808915,797.2903974938921,,,649.4351095870741
57,raspberrypi,237.0,2023-09-02,16:20:01,Whole,538.3672190491333,0.045454545454545456,9.017273234195955,2.0508164059029723,1130.016791044776,2816.339552238806,2.8171070124753723,0,118,67,0.24582182327795035,0.0,0.9583333333333334,,0.0,0.0,,1334.1839094951476,,,838.463766229306,1702.6208750643702,1334.1839094951476,,,1189.9337377813983
58,raspberrypi,414.0,2023-09-02,16:20:01,Whole,2692.266555466014,,13.3145128488111,,3165.5,320.5,9.586180580879647,0,4,1,,0.0,0.9861111111111112,,0.0,0.0,,2111.5920636234505,,,2190.031575897324,1345.7071883974997,2111.5920636234505,,,2087.371792016485
59,raspberrypi,987.0,2023-09-02,16:20:01,Whole,964.7471848525056,,5.902602943119614,,891.5,1521.0,1.4760497355719144,0,4,1,,0.013888888888888888,0.9861111111111112,,0.0,0.013888888888888888,,120.08477745288954,,,1330.0737818812797,1872.6411349836385,120.08477745288954,,,39.42673481070696
60,raspberrypi,220.0,2023-09-02,06:25:01,Whole,300.3223531865951,1.0,4.77949030016943,15.148216374902848,1535.0170454545455,1324.75,4.090056322218982,0,66,22,224.9500447754147,0.1282051282051282,0.7307692307692307,,0.0,0.1282051282051282,,282.0575970007774,,,1066.6908108985338,1456.9600835818278,282.0575970007774,,,197.12616485554616
61,raspberrypi,221.0,2023-09-02,06:25:01,Whole,601.9201566569059,0.025974025974025976,5.593224593119996,2.588691100739246,1253.9134615384614,558.6570512820513,1.8424071151731523,0,183,78,0.23827461052843643,0.0,0.9743589743589743,,0.0,0.0,,556.180121481999,,,1879.5635894234035,1960.5819050245614,556.180121481999,,,479.6149175019294
62,raspberrypi,233.0,2023-09-02,06:25:01,Whole,346.81076900336353,,4.422998592640247,,1295.75,1167.0,2.6712439523004585,0,3,1,,0.01282051282051282,0.9871794871794872,,0.0,0.01282051282051282,,87.23680690921702,,,1321.3767809825238,1668.5887144344847,87.23680690921702,,,69.39711830219167
63,raspberrypi,236.0,2023-09-02,06:25:01,Whole,1209.4679706671002,0.0,7.19391933193345,,2647.4695512820513,1672.5849358974358,9.20911903561184,2,183,78,0.0645592051295452,0.0,1.0,,0.0,0.0,,1428.021657019836,,,759.5680862376151,961.687297292842,1428.021657019836,,,1322.928148083631
64,raspberrypi,237.0,2023-09-02,06:25:01,Whole,704.579334455475,0.012987012987012988,5.393482258572877,2.0155644370746373,966.2724358974359,769.8157051282051,1.8424071151731523,0,183,78,0.1637771059250107,0.0,0.9871794871794872,,0.0,0.0,,329.3520383810055,,,1833.9308334396926,2061.314445514493,329.3520383810055,,,227.16340842727672
65,raspberrypi,414.0,2023-09-02,06:25:01,Whole,1221.9997902104903,,7.700775006251681,,720.25,1867.5,5.802128833910531,0,3,1,,0.0,1.0,,0.0,0.0,,489.65867288103715,,,1302.33661270916,1962.6857710576523,489.65867288103715,,,393.403628813653
66,raspberrypi,470.0,2023-09-02,06:25:01,Whole,1308.4504855355578,,6.863894248304069,,2740.25,1710.5,0.5151224237599878,2,6,2,,0.0,1.0,,0.0,0.0,,1527.0008654801445,,,786.7496236062188,961.2924874546312,1527.0008654801445,,,1420.9852543037957
67,raspberrypi,930.0,2023-09-02,06:25:01,Whole,409.46785063494417,,4.716780668538778,,1287.5,1280.25,3.1127545666536767,0,3,1,,0.01282051282051282,0.9871794871794872,,0.0,0.01282051282051282,,59.63401039082687,,,1231.2195452286423,1636.908880387682,59.63401039082687,,,0.0
68,raspberrypi,80.0,2023-09-02,12:15:01,Whole,1592.4054955768183,0.0,7.802227251228494,,929.90625,538.609375,6.13451096112102,1,83,16,0.007197781946595651,0.0,1.0,,0.0,0.0,,563.0163735924896,,,2048.2784356557136,2195.0569897931878,563.0163735924896,,,460.9462393659463
69,raspberrypi,220.0,2023-09-02,12:15:01,Whole,566.4496175944986,1.0,5.365969228491409,59.10582362495058,2054.5625,1860.41875,2.5692549162049456,3,271,60,2506.897228429429,0.0,0.21621621621621623,,0.16216216216216217,0.0,,1042.4473868733717,,,553.1020344325733,1109.062576271248,1042.4473868733717,,,986.6858061940255
70,raspberrypi,221.0,2023-09-02,12:15:01,Whole,414.28892230324277,0.041666666666666664,5.904888440021992,2.0155644370746373,1673.1472602739725,1465.390410958904,3.5559298205051775,0,323,73,0.24997545083093212,0.0,0.9594594594594594,,0.0,0.0,,437.64394619114915,,,880.7897572364162,1331.0433372783364,437.64394619114915,,,328.572012796109
71,raspberrypi,224.0,2023-09-02,12:15:01,Whole,1096.1738747558388,0.0273972602739726,7.842756056128216,2.25,3090.1182432432433,1556.4155405405406,5.204021721218323,1,323,74,0.27728608301911334,0.0,0.972972972972973,,0.0,0.0,,1841.746450746454,,,1142.1092816524197,995.3303093214616,1841.746450746454,,,1747.8983156200675
72,raspberrypi,225.0,2023-09-02,12:15:01,Whole,1534.2831396728816,1.0,9.171660914574769,130.33486114174173,3030.95,2849.45,5.096675800226525,0,25,5,9871.931961550532,0.0,0.9459459459459459,,0.0,0.0,,2311.2612584783396,,,820.0920123551584,1310.403146633863,2311.2612584783396,,,2198.2163954079488
73,raspberrypi,228.0,2023-09-02,12:15:01,Whole,879.7317805159039,1.0,6.4305012270596835,42.456874938682624,1162.8402777777778,1513.798611111111,3.0119647618284615,0,93,18,1749.3940323178053,0.24324324324324326,0.7567567567567568,,0.0,0.24324324324324326,,125.05804534442478,,,1142.7750356903734,1668.3934547769409,125.05804534442478,,,11.67965354473236
74,raspberrypi,237.0,2023-09-02,12:15:01,Whole,598.9919168123558,0.9859154929577465,5.654419116722766,55.68936923718364,2269.0868055555557,1701.1163194444443,2.633491736191966,3,322,72,2915.0969661290796,0.0,0.04054054054054054,,0.40540540540540543,0.0,,1176.301338712169,,,622.220751902166,1056.9694888481295,1176.301338712169,,,1154.4894420722162
75,raspberrypi,258.0,2023-09-02,12:15:01,Whole,1256.8174815023517,0.23636363636363636,8.696188798581844,3.6323040030378744,1473.7410714285713,2851.9977678571427,5.134834925429562,0,263,56,2.1827591649412774,0.0,0.8243243243243243,,0.0,0.0,,1418.9738581328165,,,545.3272301085982,1427.6470379027255,1418.9738581328165,,,1255.164884259941
76,raspberrypi,286.0,2023-09-02,12:15:01,Whole,930.2058779862186,,4.849362701335936,,2908.5,1491.0,0.9968208921253231,1,5,1,,0.0,1.0,,0.0,0.0,,1653.890216338842,,,1062.951084277234,963.7068106973256,1653.890216338842,,,1562.5339473457962
77,raspberrypi,441.0,2023-09-02,12:15:01,Whole,1625.7351382094434,,8.295409058397583,,1138.0,338.0,6.2032058040711675,0,4,1,,0.0,1.0,,0.0,0.0,,754.1618706545548,,,2128.350105225253,2156.9713520039613,754.1618706545548,,,664.518098992298
78,raspberrypi,445.0,2023-09-02,12:15:01,Whole,1593.2036648922103,0.0,9.227846464953451,,928.0125,539.2625,6.128712239286078,1,95,20,8.75439497975234e-06,0.0,1.0,,0.0,0.0,,562.7164756406811,,,2048.708103072877,2196.097267978398,562.7164756406811,,,461.4218143857157
79,raspberrypi,492.0,2023-09-02,12:15:01,Whole,584.0008651938497,,5.199392597289612,,2509.0,1417.75,1.046844520238184,0,7,1,,0.0,1.0,,0.0,0.0,,1250.0543078021688,,,919.1898983611334,999.0126085750107,1250.0543078021688,,,1160.9842581880134
80,raspberrypi,221.0,2023-09-02,04:40:01,Whole,742.5636925051352,0.0,5.829687170890049,,934.3365384615385,812.0769230769231,2.829170963662606,0,371,78,0.10418057562517981,0.9873417721518988,0.012658227848101266,,0.0,0.9873417721518988,,295.41860693234156,,,1817.2968174527657,2066.788943531272,295.41860693234156,,,190.95755368501764
81,raspberrypi,224.0,2023-09-02,04:40:01,Whole,747.2353185807734,0.0,5.139113441058759,,1228.1314935064936,1943.4545454545455,3.583495099931365,0,368,77,0.08016762882601061,0.0,1.0,,0.0,0.0,,478.32346875875214,,,813.5575309994128,1538.0109782488273,478.32346875875214,,,326.85027020380244
82,raspberrypi,225.0,2023-09-02,04:40:01,Whole,273.37513118951824,0.0,4.0940099726205625,,1450.3589743589744,996.5384615384615,1.0958050275968156,0,370,78,0.07640306678847922,0.0,1.0,,0.0,0.0,,295.4662204523212,,,1399.6374548808012,1628.3754913955822,295.4662204523212,,,292.2507070307066
83,raspberrypi,233.0,2023-09-02,04:40:01,Whole,785.371222581009,0.0,5.639018651131824,,2297.9398734177216,1106.4303797468353,3.476514335025868,0,373,79,0.08945842748728806,0.0,1.0,,0.0,0.0,,1047.8948660231977,,,1166.8374271947546,1134.3776147049691,1047.8948660231977,,,987.1000449219953
84,raspberrypi,234.0,2023-09-02,04:40:01,Whole,278.0129699836381,0.0,3.9138712807085025,,1722.862341772152,1456.5981012658228,1.8312651702105955,0,373,79,0.06452080667468853,0.0,1.0,,0.0,0.0,,483.0332696589536,,,870.3544592678783,1304.6148110427848,483.0332696589536,,,377.12877729838306
85,raspberrypi,237.0,2023-09-02,04:40:01,Whole,76.52965738304522,0.0,2.8619509161218066,,1470.6666666666667,1207.546052631579,1.0945972155075276,1,287,57,0.0016380603947659348,0.7215189873417721,0.27848101265822783,,0.0,0.7215189873417721,,228.19216589383188,,,1200.1973538655689,1536.4432428471725,228.19216589383188,,,174.62071198369145
86,raspberrypi,392.0,2023-09-02,04:40:01,Whole,1628.1906417537627,,8.68741330734862,,3040.625,1860.0,5.462810448269094,0,8,2,,0.0,1.0,,0.0,0.0,,1855.5668197323928,,,918.3280276373803,1019.8081514597416,1855.5668197323928,,,1746.0664143016502
87,raspberrypi,414.0,2023-09-02,04:40:01,Whole,1035.2807889544665,,5.720909105304594,,831.25,2025.0,2.0901050677419843,0,6,1,,0.0,1.0,,0.0,0.0,,583.9477745264287,,,1142.3739058463702,1857.1379804420135,583.9477745264287,,,464.84491170930596
88,raspberrypi,964.0,2023-09-02,04:40:01,Whole,76.53717883270431,,2.4450361832398704,,1470.25,1208.0,0.004634074080212991,1,6,1,,0.012658227848101266,0.9873417721518988,,0.0,0.012658227848101266,,227.71114404553015,,,1199.979441847193,1536.5601247051145,227.71114404553015,,,174.06250243169464
89,raspberrypi,37.0,2023-09-02,01:40:01,Whole,1670.658931009,,9.493060065651957,,2981.0,2724.625,8.360506056647433,0,9,2,,0.0,1.0,,0.0,0.0,,2193.687022153691,,,727.5717885768153,1225.635232925384,2193.687022153691,,,2054.8896264288683
90,raspberrypi,221.0,2023-09-02,01:40:01,Whole,248.5117755353862,0.0,5.44987614468013,,1896.51582278481,1181.0791139240507,1.5816594604828584,0,311,79,0.10542538536781665,0.0,1.0,,0.0,0.0,,642.9945379070714,,,1093.421777776875,1294.21166782694,642.9945379070714,,,580.053061702782
91,raspberrypi,229.0,2023-09-02,01:40:01,Whole,1379.2263682142204,0.0,8.858521793084378,,3436.548828125,890.498046875,6.5112126446243845,0,264,64,0.004412017455152122,0.0,0.189873417721519,,0.0,0.0,,2203.2773426897606,,,1862.4816693666178,1076.8127636201625,2203.2773426897606,,,2144.801783614822
92,raspberrypi,233.0,2023-09-02,01:40:01,Whole,197.14894445922258,0.0,5.569559566468787,,2195.240506329114,1112.993670886076,1.5816594604828584,0,311,79,0.07131480016717232,0.0,1.0,,0.0,0.0,,945.9504786547628,,,1149.0778160397276,1174.7597692007107,945.9504786547628,,,886.0721621981177
93,raspberrypi,234.0,2023-09-02,01:40:01,Whole,518.2341884202783,0.0,5.840177809456758,,1600.0379746835442,1271.0253164556962,1.6002227465199772,0,311,79,0.060389015595186876,0.0,1.0,,0.0,0.0,,344.35243770844795,,,1088.261810390807,1433.0404898740558,344.35243770844795,,,270.23703984885685
94,raspberrypi,236.0,2023-09-02,01:40:01,Whole,733.4070124589394,0.0,5.6449283910611445,,1625.6708860759493,1838.0981012658228,2.930644948585806,0,311,79,0.10643311781576155,0.0,1.0,,0.0,0.0,,585.6840718749123,,,581.005110833773,1276.1434863667314,585.6840718749123,,,439.6862584254661
95,raspberrypi,392.0,2023-09-02,01:40:01,Whole,1082.6785677490695,0.0,6.689525336329764,,3040.9583333333335,1859.8541666666667,5.40721317322019,0,30,6,0.0,0.0,1.0,,0.0,0.0,,1855.846215312386,,,918.6879431007237,1019.8777552853873,1855.846215312386,,,1746.183695976009
96,raspberrypi,726.0,2023-09-02,01:40:01,Whole,954.3981060625969,,5.381875527222993,,1268.75,1730.25,1.9245108880242847,0,5,1,,0.012658227848101266,0.9873417721518988,,0.0,0.012658227848101266,,288.0905931615187,,,905.5626754654768,1538.4920178663883,288.0905931615187,,,133.78346752651882
97,raspberrypi,896.0,2023-09-02,01:40:01,Whole,1326.5841670348952,,7.275214632898656,,2427.25,2584.25,5.652524487300758,0,4,1,,0.0,0.9873417721518988,,0.012658227848101266,0.0,,1679.8044226746588,,,158.11364748994367,989.455539445645,1679.8044226746588,,,1534.5552729808182
98,raspberrypi,221.0,2023-09-01,18:40:01,Whole,396.2803786536968,0.3037974683544304,6.389868705336135,43.517709621949656,2365.865625,1200.403125,4.447993829276618,0,427,80,906.0602605285499,0.0,0.7,,0.0,0.0,,1105.6189575856079,,,1102.0912332238609,1094.061767801058,1105.6189575856079,,,950.3662286994112
99,raspberrypi,224.0,2023-09-01,18:40:01,Whole,1125.7173915271824,0.0,6.874194404648165,,1589.5,2232.9734375,5.878769964814556,0,427,80,0.13431713829460998,0.0,1.0,,0.0,0.0,,881.4648816606823,,,359.40792681437523,1251.2211984367436,881.4648816606823,,,727.3832796955151
100,raspberrypi,225.0,2023-09-01,18:40:01,Whole,916.8623601319745,0.2236842105263158,6.694058977522593,7.592862736002537,1111.1266233766235,856.9691558441558,0.9044420475984174,49,415,77,16.497182502383822,0.95,0.0375,,0.0,0.95,,238.60704561743202,,,1682.4749674253403,1919.0376292764402,238.60704561743202,,,127.20582480545247
101,raspberrypi,226.0,2023-09-01,18:40:01,Whole,1185.6536618393998,,6.475048208450113,,809.5,935.75,1.4661473412285064,0,5,1,,0.0125,0.9875,,0.0,0.0125,,239.85349875324033,,,1796.1660086214474,2112.035754870147,239.85349875324033,,,136.95858076273933
102,raspberrypi,227.0,2023-09-01,18:40:01,Whole,746.1588137592354,,5.833044439568108,,1274.9166666666667,905.1666666666666,0.9870417431233429,2,18,3,,0.025,0.975,,0.0,0.025,,246.33543640064943,,,1558.7455573708337,1783.634361070663,246.33543640064943,,,192.6980253097685
103,raspberrypi,228.0,2023-09-01,18:40:01,Whole,725.390321241781,1.0,6.117773335185891,10.753723430311934,1365.25,1572.25,3.5023015656357424,0,102,18,211.92007073379364,0.225,0.775,,0.0,0.225,,223.6019488981099,,,954.2618443514735,1503.4546688293758,223.6019488981099,,,72.55398645035729
104,raspberrypi,229.0,2023-09-01,18:40:01,Whole,1548.325236041279,0.0,10.330227765185496,,3463.7390625,762.7390625,4.813373764425381,0,427,80,0.0493824201842112,0.0,0.0,,0.0,0.0,,2254.1885908399026,,,1978.1238846301142,1128.1419864077266,2254.1885908399026,,,2202.0154886663386
105,raspberrypi,232.0,2023-09-01,18:40:01,Whole,1084.7878258380235,0.06578947368421052,6.841625521293159,4.992653627707862,983.3912337662338,725.2142857142857,0.9044420475984174,47,416,77,2.781117580903927,0.0,0.9375,,0.0,0.0,,370.50458987950464,,,1861.7765267655675,2068.5456268136277,370.50458987950464,,,262.3015179906814
106,raspberrypi,234.0,2023-09-01,18:40:01,Whole,1456.2884612831733,,8.723001516267514,,1136.0,2367.0,2.4484209894453417,0,13,2,,0.0,1.0,,0.0,0.0,,885.8840782090894,,,770.8797470170821,1604.285998619935,885.8840782090894,,,740.6080110736659
107,raspberrypi,237.0,2023-09-01,18:40:01,Whole,614.402054549879,1.0,5.9772044647802876,122.65769077207794,1944.4811320754718,1458.5259433962265,2.529744042226798,0,302,53,7854.418129017202,0.025,0.35,,0.125,0.025,,842.2586573995226,,,886.194264540343,1252.2056506869853,842.2586573995226,,,663.6176906803787
108,raspberrypi,258.0,2023-09-01,18:40:01,Whole,1336.8748818191962,0.5483870967741935,9.342747448225651,3.9903712427151343,3115.734375,483.3671875,2.2986551695424517,0,199,32,3.3176777179431554,0.0,0.6,,0.0,0.0,,2002.066870779016,,,2022.2976431168213,1190.1143983469904,2002.066870779016,,,1972.430737561798
109,raspberrypi,392.0,2023-09-01,18:40:01,Whole,1271.4103810917009,,8.379673111585934,,3041.375,1860.0,4.2553296686542526,0,11,2,,0.0,1.0,,0.0,0.0,,1856.2864484804163,,,918.9624350209374,1020.0109143115453,1856.2864484804163,,,1746.7960222539205
110,raspberrypi,432.0,2023-09-01,18:40:01,Whole,683.2600168898498,,5.349706248796028,,1540.25,1704.25,1.1695760394295092,0,6,1,,0.0,1.0,,0.0,0.0,,432.5384303095138,,,739.2940322090437,1355.4796459330391,432.5384303095138,,,289.4297636690542
111,raspberrypi,987.0,2023-09-01,18:40:01,Whole,1711.1297585892273,,9.479851374647264,,2624.0,2755.5,5.990799509470823,0,4,1,,0.0,1.0,,0.0,0.0,,1940.327317209503,,,410.33537997275533,1099.2150506044497,1940.327317209503,,,1795.3476643612566
112,raspberrypi,172.0,2023-09-02,09:10:01,Whole,2202.3464686678926,,11.399696425431463,,2991.0,2724.5,9.761497387247626,0,4,1,,0.0,1.0,,0.0,0.0,,2201.611722634275,,,737.1010274713194,1229.9254103523117,2201.611722634275,,,2062.971754585742
113,raspberrypi,224.0,2023-09-02,09:10:01,Whole,514.2382727181559,0.7272727272727273,5.323200068675563,48.19791519098184,1410.5192307692307,1017.5448717948718,1.259269443806407,10,210,78,2598.8763339388706,0.5128205128205128,0.0,,0.01282051282051282,0.5128205128205128,,352.3680423507062,,,1416.4947749543808,1670.7202880410305,352.3680423507062,,,184.03131823639828
114,raspberrypi,225.0,2023-09-02,09:10:01,Whole,461.3235303266028,0.3116883116883117,5.5889078672815,7.598172532729521,1513.2179487179487,960.1378205128206,1.481516410316113,3,210,78,35.370392049602344,0.0,0.6923076923076923,,0.0,0.0,,365.6313831624135,,,1409.2443882328628,1602.9613551002872,365.6313831624135,,,371.37686880184833
115,raspberrypi,233.0,2023-09-02,09:10:01,Whole,505.2497279379943,0.9714285714285714,3.685626543795078,110.42330288085019,1522.0555555555557,1352.0069444444443,1.0712476671194031,11,116,36,20718.484551204238,0.3333333333333333,0.5512820512820513,,0.038461538461538464,0.3333333333333333,,400.86855284167325,,,1115.3328425318755,1521.788028284976,400.86855284167325,,,125.15328260799012
116,raspberrypi,237.0,2023-09-02,09:10:01,Whole,819.057461212412,0.0,5.244008894410418,,721.2982456140351,1960.1425438596489,5.137440155712674,24,171,57,0.011405601550035236,0.0,1.0,,0.0,0.0,,568.4211107676554,,,1267.5526015993419,1955.1609264180152,568.4211107676554,,,465.2270888499544
117,raspberrypi,379.0,2023-09-02,09:10:01,Whole,1399.757771842489,,8.336290012012489,,2639.0,1639.25,6.768757337641271,0,3,1,,0.0,1.0,,0.0,0.0,,1412.2687700475744,,,782.324441553943,963.0166217884715,1412.2687700475744,,,1309.07941628247
118,raspberrypi,392.0,2023-09-02,09:10:01,Whole,322.0582362717391,,3.433114927462846,,1222.75,1670.0,2.8786307873513177,0,4,1,,0.01282051282051282,0.9871794871794872,,0.0,0.01282051282051282,,214.79067072033655,,,979.9316764469061,1584.0001834121258,214.79067072033655,,,60.70072164797844
119,raspberrypi,414.0,2023-09-02,09:10:01,Whole,674.6594855659273,0.0,4.823476698658291,,899.2327586206897,1915.4913793103449,0.9475874179017839,22,96,29,0.01143964287220769,0.0,1.0,,0.0,0.0,,459.9215224993807,,,1119.1113441289986,1806.2476503520325,459.9215224993807,,,336.93140745189146
120,raspberrypi,425.0,2023-09-02,09:10:01,Whole,321.9566441062272,,3.141720124072513,,1221.75,1669.75,2.092156830777939,0,5,1,,0.01282051282051282,0.9871794871794872,,0.0,0.01282051282051282,,214.1973602808303,,,980.843542320195,1584.7951188054708,214.1973602808303,,,60.12438880832562
121,raspberrypi,517.0,2023-09-02,09:10:01,Whole,676.6041440212389,,4.619195740369452,,898.75,1917.5,0.9394206490300397,1,3,1,,0.0,1.0,,0.0,0.0,,461.9670980138387,,,1118.7303334384897,1806.4818851875718,461.9670980138387,,,338.9885313991101
122,raspberrypi,683.0,2023-09-02,09:10:01,Whole,673.5466917781754,,4.2558913986884885,,899.75,1914.5,0.9522914809560595,1,4,1,,0.0,1.0,,0.0,0.0,,458.83368914913666,,,1119.0461197784662,1805.8986388961798,458.83368914913666,,,335.8404468235997
123,raspberrypi,896.0,2023-09-02,09:10:01,Whole,229.0332674202275,,2.815822319932908,,1044.75,1397.0,1.8691069418306325,0,4,1,,0.01282051282051282,0.9871794871794872,,0.0,0.01282051282051282,,28.475934090549828,,,1297.052307945799,1781.7907787002293,28.475934090549828,,,0.0
124,raspberrypi,964.0,2023-09-02,09:10:01,Whole,820.0615564304825,,6.239236902352421,,720.75,1961.0,5.783544695113164,0,2,1,,0.0,1.0,,0.0,0.0,,569.4265018364391,,,1267.779475954343,1955.5903560733836,569.4265018364391,,,466.23274297541013
125,raspberrypi,987.0,2023-09-02,09:10:01,Whole,1111.7048359234286,,6.097644135714986,,1923.875,2036.875,3.459156303358769,0,6,2,,0.0,1.0,,0.0,0.0,,1053.9521034983775,,,647.2059544167457,1262.624983248167,1053.9521034983775,,,916.7252035163006
126,raspberrypi,37.0,2023-09-02,02:15:01,Whole,1804.7428295537256,,8.68175243477041,,2981.1666666666665,2724.25,4.475131154748093,0,11,3,,0.0,1.0,,0.0,0.0,,2193.5951610471434,,,727.6213963839497,1225.543175503765,2193.5951610471434,,,2055.1384132435765
127,raspberrypi,220.0,2023-09-02,02:15:01,Whole,276.67635533189235,0.0,6.863766025695422,,1443.7772435897436,1500.7596153846155,1.2310959900875846,0,170,78,0.06580817526883653,0.9873417721518988,0.012658227848101266,,0.0,0.9873417721518988,,238.8248857147241,,,960.9713238998854,1466.2022028397982,238.8248857147241,,,110.03157146506626
128,raspberrypi,233.0,2023-09-02,02:15:01,Whole,576.6031557626114,0.0,6.58694698840833,,2186.2120253164558,1109.256329113924,4.333308399971188,0,171,79,0.06394910106430624,0.0,1.0,,0.0,0.0,,937.6745835672434,,,1152.1874987372832,1179.9033414058658,937.6745835672434,,,878.389122419713
129,raspberrypi,258.0,2023-09-02,02:15:01,Whole,513.6364473350624,0.0,7.643250228473937,,1221.862012987013,1587.9431818181818,1.2310959900875846,0,169,77,0.06719538487972442,0.9746835443037974,0.02531645569620253,,0.0,0.9746835443037974,,146.80735871832894,,,1036.8182742189854,1601.783385645829,146.80735871832894,,,0.0
130,raspberrypi,392.0,2023-09-02,02:15:01,Whole,1392.0237089332113,0.0,7.072789532594909,,3040.7727272727275,1859.5227272727273,5.870165480270901,0,35,11,0.0,0.0,1.0,,0.0,0.0,,1855.5761248439144,,,918.7075346265354,1019.7806146296798,1855.5761248439144,,,1746.0722708921635
131,raspberrypi,470.0,2023-09-02,02:15:01,Whole,1739.3406656627903,,9.717469740619132,,3300.125,2152.5,7.877848371476233,0,6,2,,0.0,1.0,,0.0,0.0,,2194.9911191697124,,,1043.4312495909599,1175.4070665475183,2194.9911191697124,,,2077.2357201731647
132,raspberrypi,221.0,2023-09-01,17:30:01,Whole,353.48707203375744,0.2631578947368421,5.568769443515042,10.891272995312693,1644.965909090909,1037.0795454545455,2.6471852979201174,1,372,77,44.06604292873282,0.0,0.7402597402597403,,0.0,0.0,,440.8662789683366,,,1292.3251827690417,1489.9153622558033,440.8662789683366,,,415.2413665816971
133,raspberrypi,225.0,2023-09-01,17:30:01,Whole,391.60059573494635,0.0,5.3604941386615765,,1372.4545454545455,1714.219696969697,3.7725192932953973,0,169,33,0.14491196973095424,0.42857142857142855,0.5714285714285714,,0.0,0.42857142857142855,,326.01675058458216,,,841.0684909696214,1466.6931578539577,326.01675058458216,,,174.38815507504174
134,raspberrypi,228.0,2023-09-01,17:30:01,Whole,1533.9844398436994,0.0,8.029628741578469,,1012.3896103896104,2800.8311688311687,5.897327459181158,1,372,77,0.1577120653951122,0.0,1.0,,0.0,0.0,,1319.0241142514215,,,944.5654601837435,1798.7491830803356,1319.0241142514215,,,1178.7450181458114
135,raspberrypi,231.0,2023-09-01,17:30:01,Whole,185.28745845848155,0.0,4.868440390152507,,1632.465909090909,1315.25,1.4226483734135245,0,65,11,0.0,0.0,1.0,,0.0,0.0,,375.66679787421884,,,1034.9836323163206,1399.1180371468358,375.66679787421884,,,291.64668820627344
136,raspberrypi,234.0,2023-09-01,17:30:01,Whole,898.1636146700604,0.0,7.25235192642451,,2092.944805194805,705.0714285714286,2.86994429894229,0,372,77,0.06844203593210614,0.0,1.0,,0.0,0.0,,984.2559672284788,,,1553.520788022135,1395.1684646149702,984.2559672284788,,,971.0130591490258
137,raspberrypi,236.0,2023-09-01,17:30:01,Whole,954.8258103527926,0.0,8.024860933088485,,1196.4642857142858,408.76984126984127,1.354049171464392,0,327,63,0.040048470661865995,0.0,1.0,,0.0,0.0,,690.7042813841045,,,2039.8729337128425,2078.7832909303243,690.7042813841045,,,606.2378641390425
138,raspberrypi,237.0,2023-09-01,17:30:01,Whole,1667.3615276539122,0.14285714285714285,8.361230983918713,2.429368037610658,1163.34375,2972.8515625,1.1817939142613594,1,172,32,0.4703467216372331,0.0,0.948051948051948,,0.0,0.0,,1491.9483906764635,,,873.8610044872783,1736.0401615349697,1491.9483906764635,,,1346.5076263197066
139,raspberrypi,238.0,2023-09-01,17:30:01,Whole,711.363366256111,0.0,6.930775366806694,,1342.61,626.385,1.3550613688109083,0,363,75,0.10345400975475395,0.0,1.0,,0.0,0.0,,521.4508960456166,,,1782.3227527345484,1867.4797395321834,521.4508960456166,,,457.72481719816017
140,raspberrypi,366.0,2023-09-01,17:30:01,Whole,1728.2045414891645,,10.460935290078924,,2940.25,2201.25,8.88080316391419,0,6,1,,0.0,1.0,,0.0,0.0,,1884.5965366142173,,,683.439769007141,1048.0300953745361,1884.5965366142173,,,1759.5510911994206
141,raspberrypi,470.0,2023-09-01,17:30:01,Whole,1169.1062960488098,,8.009334378918851,,2190.25,2233.0,6.5235334717442415,0,6,1,,0.0,0.987012987012987,,0.012987012987012988,0.0,,1268.8873778565785,,,43.882656562260735,977.9962583387465,1268.8873778565785,,,1126.8286324972707
142,raspberrypi,628.0,2023-09-01,17:30:01,Whole,277.68029166392444,,4.963556448669044,,1507.5,1058.75,0.7424325742843747,1,6,1,,0.0,1.0,,0.0,0.0,,310.6065963919389,,,1319.8155194827007,1566.860534219883,310.6065963919389,,,292.43605118361586
143,raspberrypi,683.0,2023-09-01,17:30:01,Whole,1645.9240803787904,,8.167737760903206,,1090.0,2936.5,0.40957131420989645,2,6,1,,0.0,1.0,,0.0,0.0,,1453.3625258105546,,,922.3920222014945,1782.118654601438,1453.3625258105546,,,1310.4696095457912
144,raspberrypi,220.0,2023-09-02,08:20:01,Whole,751.7272752700347,1.0,6.293090664539035,146.81945866998345,2326.5,2543.056818181818,2.9975338114995913,0,27,11,20013.89316391076,0.0,0.8701298701298701,,0.09090909090909091,0.0,,1581.9700884753174,,,187.0180228329199,1026.8617266381445,1581.9700884753174,,,1462.9001028864861
145,raspberrypi,224.0,2023-09-02,08:20:01,Whole,1164.578545178712,0.02631578947368421,7.135826572472448,3.5351128778706187,2900.633116883117,2736.746753246753,12.928645022570743,0,102,77,0.3780380225769075,0.0,0.974025974025974,,0.0,0.0,,2137.456517162743,,,655.01312063547,1196.8903439374349,2137.456517162743,,,1997.4579399126662
146,raspberrypi,258.0,2023-09-02,08:20:01,Whole,1349.771153919496,0.06578947368421052,9.905539392181579,6.3595042631315115,1238.7288961038962,851.1331168831168,12.929265460334058,0,102,77,3.0169684003665718,0.0,0.935064935064935,,0.0,0.0,,277.4954351549535,,,1623.4536009171652,1831.6755101239778,277.4954351549535,,,212.57553398003782
147,raspberrypi,392.0,2023-09-02,08:20:01,Whole,883.2144662938325,0.0,6.781278653503125,,3038.9895833333335,1860.0729166666667,4.581606416876563,0,29,12,0.00014893478754670998,0.0,1.0,,0.0,0.0,,1854.0179529842758,,,916.9059905899518,1019.3772496990816,1854.0179529842758,,,1744.4701939997417
148,raspberrypi,430.0,2023-09-02,08:20:01,Whole,1151.7955842235688,,8.466486368064642,,3307.5,1866.25,4.9627656808529705,0,2,1,,0.0,1.0,,0.0,0.0,,2114.391660306149,,,1148.8689855052712,1114.327239059056,2114.391660306149,,,2007.8286739201556
149,raspberrypi,441.0,2023-09-02,08:20:01,Whole,745.3656113965511,,6.594242751851588,,1821.5,1175.25,3.390449460273122,0,2,1,,0.0,1.0,,0.0,0.0,,570.4722267720409,,,1112.9794783505604,1336.4332060285674,570.4722267720409,,,510.0837503943824
150,raspberrypi,37.0,2023-09-01,18:10:01,Whole,1595.8599899613614,,8.880854508524004,,2624.625,2756.625,5.551555960810131,0,8,2,,0.0,1.0,,0.0,0.0,,1941.5540420038913,,,411.438542953132,1099.898787813099,1941.5540420038913,,,1796.5655899445742
151,raspberrypi,221.0,2023-09-01,18:10:01,Whole,306.4159462282319,1.0,5.701103522339138,20.552506693036733,1804.7622950819673,1096.639344262295,1.4830198650716975,7,232,61,457.97982585048516,0.0,0.2625,,0.0,0.0,,571.3452240156951,,,1197.2726486325762,1375.8675824027653,571.3452240156951,,,507.35815311459817
152,raspberrypi,224.0,2023-09-01,18:10:01,Whole,562.8444329170061,0.0,5.279991488395752,,1532.603515625,1877.1328125,3.8337895129696826,0,252,64,0.030352850165017677,0.0,1.0,,0.0,0.0,,552.3789927254055,,,612.6189762782831,1328.6324222602582,552.3789927254055,,,401.25230615852644
153,raspberrypi,228.0,2023-09-01,18:10:01,Whole,597.9033190127253,0.0,6.323170582846464,,1764.2208333333333,789.5666666666667,1.3838574293002754,0,125,30,0.0023788733701246485,0.0,1.0,,0.0,0.0,,663.7867954960298,,,1502.242058705476,1527.7523956291031,663.7867954960298,,,663.703670513652
154,raspberrypi,230.0,2023-09-01,18:10:01,Whole,505.6869049896519,0.1518987341772152,6.491784994920256,4.819555292345325,1550.121875,950.55,1.3881691080402998,7,297,80,3.2756084465893593,0.0,0.85,,0.0,0.0,,400.4016593744299,,,1404.9019225425477,1583.5735556395105,400.4016593744299,,,400.3241867030634
155,raspberrypi,232.0,2023-09-01,18:10:01,Whole,1519.4074157210425,,8.487206628824788,,1299.0,2817.75,5.006681396348283,0,5,1,,0.0,1.0,,0.0,0.0,,1350.926495820625,,,682.7724631080082,1559.7294342164018,1350.926495820625,,,1201.882650012633
156,raspberrypi,236.0,2023-09-01,18:10:01,Whole,1097.178338732745,0.0,7.125508237534153,,856.1160714285714,839.2232142857143,3.626752902227176,0,60,14,0.006134438982639765,0.175,0.825,,0.0,0.175,,297.6746698338549,,,1841.9638698973904,2114.242186363703,297.6746698338549,,,192.0335496697257
157,raspberrypi,237.0,2023-09-01,18:10:01,Whole,656.2479694382412,0.0,5.372038996987234,,2377.971875,1710.05625,4.0232559350348165,0,297,80,0.12793076127470895,0.0,1.0,,0.0,0.0,,1179.03685459982,,,599.2992876826258,990.7364900318879,1179.03685459982,,,1066.7345100265825
158,raspberrypi,239.0,2023-09-01,18:10:01,Whole,405.6479810197993,1.0,4.8456334263885115,84.58846087198155,1899.2857142857142,1695.4970238095239,1.8755566651555409,0,153,42,4223.660922616977,0.0375,0.4875,,0.0,0.0375,,748.5802790331271,,,614.6360783323124,1179.1192680414604,748.5802790331271,,,584.9136430655885
159,raspberrypi,515.0,2023-09-01,18:10:01,Whole,1384.4045314569921,,7.713426788414671,,2675.25,2464.5,4.184367817822847,0,5,1,,0.0,1.0,,0.0,0.0,,1793.3064235562315,,,381.38197786090444,1026.1718429492835,1793.3064235562315,,,1655.2724182101192
160,raspberrypi,853.0,2023-09-01,18:10:01,Whole,1193.5181088619975,,6.222730175209916,,2420.75,2409.75,3.620864269856671,0,5,1,,0.0,0.9875,,0.0125,0.0,,1558.9293047550602,,,129.82394057968168,967.5152101396812,1558.9293047550602,,,1417.2885897840235
161,raspberrypi,987.0,2023-09-01,18:10:01,Whole,1596.2423357843315,,9.099449011661592,,2626.0,2756.25,5.5487635153907515,0,5,1,,0.0,1.0,,0.0,0.0,,1942.2961696246682,,,412.44352896677725,1100.2261868489245,1942.2961696246682,,,1797.3352745757734
162,raspberrypi,37.0,2023-09-02,05:30:01,Whole,1978.8002803269178,0.0,11.184113806452919,,2980.9761904761904,2724.5654761904757,8.820052320984836,0,85,21,0.0012319648100069895,0.0,1.0,,0.0,0.0,,2193.6322949657824,,,727.5316489338524,1225.5988379173216,2193.6322949657824,,,2054.7645974903153
163,raspberrypi,221.0,2023-09-02,05:30:01,Whole,778.6533394476239,0.0,7.269572366712162,,1023.254746835443,799.2911392405064,3.1040178193315864,0,272,79,0.18663024346022053,0.012658227848101266,0.9873417721518988,,0.0,0.012658227848101266,,292.76069991080465,,,1777.9203370906173,2006.9113875847079,292.76069991080465,,,194.49413056774077
164,raspberrypi,224.0,2023-09-02,05:30:01,Whole,540.7908729665166,0.0,5.282251921418868,,1231.4621710526317,1894.2105263157894,2.8168552145511327,0,266,76,0.08705832741758603,0.0,1.0,,0.0,0.0,,431.2908463887683,,,836.5497440507412,1541.216384556668,431.2908463887683,,,278.9805896770623
165,raspberrypi,225.0,2023-09-02,05:30:01,Whole,490.0788505467772,0.0,6.220935781863678,,1606.7215189873418,944.0284810126582,3.1040178193315864,0,272,79,0.0573706732703011,0.0,1.0,,0.0,0.0,,450.13108729733733,,,1392.601533916029,1551.2675499625566,450.13108729733733,,,443.2687392686604
166,raspberrypi,234.0,2023-09-02,05:30:01,Whole,270.6566129013112,0.0,5.102001264485157,,1692.745253164557,1602.7784810126582,2.817416388486817,0,272,79,0.028269775986341023,0.0,1.0,,0.0,0.0,,504.206437581017,,,747.5371160454222,1284.8660165279966,504.206437581017,,,378.4603788254092
167,raspberrypi,258.0,2023-09-02,05:30:01,Whole,878.6014555184629,0.0,6.287787825557385,,892.825,2062.7,1.9534505158628332,0,41,10,4.038633005390982e-26,0.0,1.0,,0.0,0.0,,602.839497696272,,,1072.060945716365,1803.15031196574,602.839497696272,,,476.1702132820971
168,raspberrypi,392.0,2023-09-02,05:30:01,Whole,1609.229520402018,0.0,9.245400861797044,,3040.75,1859.625,7.085507783749835,0,20,5,0.0,0.0,1.0,,0.0,0.0,,1855.582687208723,,,918.6337301864047,1019.7889123454732,1855.582687208723,,,1746.1011942388536
169,raspberrypi,510.0,2023-09-02,05:30:01,Whole,491.1756094140208,,3.4617748238464143,,1034.625,1598.25,1.8345748072543366,0,8,2,,0.02531645569620253,0.9746835443037974,,0.0,0.02531645569620253,,128.43015403983063,,,1169.8486190392046,1742.4952023363048,128.43015403983063,,,0.0
170,raspberrypi,106.0,2023-09-01,22:05:01,Whole,1422.88871131309,,7.697192657561891,,1175.75,2421.5,4.005537994288042,0,7,1,,0.0,1.0,,0.0,0.0,,943.036434537139,,,727.7725464578241,1575.928550347085,943.036434537139,,,796.2821711891719
171,raspberrypi,220.0,2023-09-01,22:05:01,Whole,789.3028805737637,0.0,5.694830745111938,,1866.128125,2067.4265625,2.0493429872003786,0,437,80,0.07167421080492267,0.0,1.0,,0.0,0.0,,917.5333439070068,,,255.58573637399053,1107.6156565206502,917.5333439070068,,,771.7377148798921
172,raspberrypi,224.0,2023-09-01,22:05:01,Whole,472.99254227819375,0.012658227848101266,4.826275527320089,2.358495283014151,1772.215625,1681.7875,2.0493429872003786,0,437,80,0.14360860566154296,0.0,0.9875,,0.0,0.0,,610.5425525216045,,,642.8769913576828,1222.56518607368,610.5425525216045,,,481.3988559800258
173,raspberrypi,225.0,2023-09-01,22:05:01,Whole,941.15073498463,,5.487231521632241,,1118.75,1423.5,2.042055956219807,0,6,1,,0.0125,0.9875,,0.0,0.0125,,50.682519673278776,,,1226.4414879019187,1718.5345812901537,50.682519673278776,,,0.0
174,raspberrypi,226.0,2023-09-01,22:05:01,Whole,355.8738385592372,0.0,5.1000747723172,,1845.0743670886077,1010.5981012658228,1.5835518330888123,0,433,79,0.07366143292367539,0.0,1.0,,0.0,0.0,,633.3754017623564,,,1270.0549760739736,1385.1026563007636,633.3754017623564,,,597.5630293554149
175,raspberrypi,229.0,2023-09-01,22:05:01,Whole,1474.3365107786228,0.0,10.046903242807906,,3382.2167721518986,664.9335443037975,6.811463342566143,0,433,79,0.03403096231003437,0.0,0.0125,,0.0,0.0,,2198.2487839242085,,,2006.5665324448807,1147.1460451804464,2198.2487839242085,,,2152.089084629306
176,raspberrypi,233.0,2023-09-01,22:05:01,Whole,215.39900956736642,0.0,5.301464645448143,,2137.628125,1102.7125,1.5835518330888123,0,437,80,0.04171843460758192,0.0,1.0,,0.0,0.0,,891.1546843796098,,,1156.4387002678723,1203.6401677338577,891.1546843796098,,,833.4582916086919
177,raspberrypi,234.0,2023-09-01,22:05:01,Whole,628.4640929860522,0.6721311475409836,4.794452500408844,5.820619071383958,1431.531746031746,1211.107142857143,2.2139739514812833,0,349,63,11.834560646540185,0.7875,0.2125,,0.0,0.7875,,193.4984855680848,,,1215.4720165523863,1561.3649378672126,193.4984855680848,,,156.1250702099205
178,raspberrypi,237.0,2023-09-01,22:05:01,Whole,905.7177956209479,,5.38581092473647,,1203.75,982.25,1.5515601070966967,0,6,1,,0.0125,0.9875,,0.0,0.0125,,148.03289562782177,,,1526.9361872906761,1801.7244297157354,148.03289562782177,,,89.42601092883521
179,raspberrypi,347.0,2023-09-01,22:05:01,Whole,950.1529230735044,1.0,4.96500549261557,7.95519680774775,1107.0,1400.375,1.5675463487284844,0,34,5,0.0,0.0625,0.9375,,0.0,0.0625,,37.77544429570277,,,1251.3290359487069,1733.5447771849217,37.77544429570277,,,0.0
180,raspberrypi,366.0,2023-09-01,22:05:01,Whole,1264.3282415128838,,7.525702000050651,,2936.25,2203.75,5.569744586515605,0,6,1,,0.0,1.0,,0.0,0.0,,1882.1018714407041,,,678.8905686933176,1047.2986999095288,1882.1018714407041,,,1756.8982992961078
181,raspberrypi,392.0,2023-09-01,22:05:01,Whole,1136.4225008702126,0.0,7.479068213013873,,3040.6875,1860.232142857143,6.086134908959126,0,80,14,3.6763582782274487e-26,0.0,1.0,,0.0,0.0,,1855.6912442634975,,,918.2570261762438,1019.8577696313791,1855.6912442634975,,,1746.1364857227682
182,raspberrypi,432.0,2023-09-01,22:05:01,Whole,1137.9142535227481,,6.969610829386299,,3042.25,1860.5,6.094964001478406,0,6,1,,0.0,1.0,,0.0,0.0,,1857.2648084514817,,,919.4365646233666,1020.3188155547832,1857.2648084514817,,,1747.7630304979864
183,raspberrypi,656.0,2023-09-01,22:05:01,Whole,906.1353030436665,0.0,5.671383303279674,,1203.5,981.7279411764706,3.313173344264325,1,104,17,0.12229042709917001,0.2125,0.7875,,0.0,0.2125,,148.36222407466846,,,1527.5121759556441,1802.107132301714,148.36222407466846,,,89.6009917639914
184,raspberrypi,987.0,2023-09-01,22:05:01,Whole,902.6441462768136,0.0,4.295541916055281,,1167.9166666666667,1119.6,1.517987572629552,1,95,15,0.02273558523958009,0.1875,0.8125,,0.0,0.1875,,34.193847921408064,,,1431.927909919947,1776.1928756661855,34.193847921408064,,,0.0
185,raspberrypi,37.0,2023-09-01,22:50:01,Whole,1813.041734928604,0.0,9.47276733673416,,2982.0,2724.375,6.364205323713845,0,30,4,1.0136488385383208e-25,0.0,1.0,,0.0,0.0,,2194.336225341509,,,728.4547607117412,1225.9589468165764,2194.336225341509,,,2055.5594840921003
186,raspberrypi,224.0,2023-09-01,22:50:01,Whole,693.5285274337085,0.0,5.499478025056395,,1663.4109375,1819.1140625,1.2645467383268194,0,489,80,0.05726288135080605,0.0,1.0,,0.0,0.0,,600.3882921648143,,,574.2059382458474,1256.8001368463536,600.3882921648143,,,456.8709047525293
187,raspberrypi,226.0,2023-09-01,22:50:01,Whole,340.94787201211074,0.0,5.832257860826612,,1825.4695512820513,908.2147435897435,1.0863048631481185,0,479,78,0.03368654104303317,0.0,1.0,,0.0,0.0,,655.3418015147641,,,1374.2868754743524,1438.8639319600393,655.3418015147641,,,635.1495598251748
188,raspberrypi,228.0,2023-09-01,22:50:01,Whole,534.0343741623581,0.0,5.347170359125316,,1607.9025974025976,1580.590909090909,1.2644819044297397,0,474,77,0.03255343007767917,0.0,1.0,,0.0,0.0,,419.10824989300255,,,806.312720787115,1340.750648146502,419.10824989300255,,,291.1683399956564
189,raspberrypi,229.0,2023-09-01,22:50:01,Whole,1523.9197416169118,0.0,9.388151882549923,,3400.3828125,630.9140625,7.021867581115562,0,489,80,0.022395710709412507,0.0,0.0,,0.0,0.0,,2224.759511016191,,,2044.803093390626,1166.3967004251865,2224.759511016191,,,2180.1192782225485
190,raspberrypi,233.0,2023-09-01,22:50:01,Whole,165.17903932462332,0.0,5.20537219474704,,2134.078125,1127.05,1.9533089249994884,0,489,80,0.06854388628445766,0.0,1.0,,0.0,0.0,,883.7522516213803,,,1132.0116126960124,1197.007551772785,883.7522516213803,,,823.364837425215
191,raspberrypi,236.0,2023-09-01,22:50:01,Whole,492.1358050591267,0.0,6.288522520869676,,1616.2015625,886.4625,1.0863385099050735,0,489,80,0.08451370784695815,0.0,1.0,,0.0,0.0,,489.4804551328094,,,1444.6227421132999,1570.432732784099,489.4804551328094,,,488.2498338046315
192,raspberrypi,258.0,2023-09-01,22:50:01,Whole,513.4876228951846,0.0,5.7495828813712935,,1492.0203125,1333.9859375,1.4072752683769585,0,489,80,0.12328779386502682,1.0,0.0,,0.0,1.0,,240.08330074790757,,,1078.226408712267,1481.516876761365,240.08330074790757,,,150.54627200639982
193,raspberrypi,392.0,2023-09-01,22:50:01,Whole,1237.4759714296335,0.0,7.135719668481623,,3040.828125,1859.921875,6.018218048820239,0,58,8,0.2698683261758408,0.0,1.0,,0.0,0.0,,1855.7400347497214,,,918.5414994116215,1019.8519994477275,1855.7400347497214,,,1746.2575018268149
194,raspberrypi,441.0,2023-09-01,22:50:01,Whole,1023.5743872603879,,6.458242206523627,,2460.75,2115.75,4.391019017683561,0,7,1,,0.0,1.0,,0.0,0.0,,1421.9763247921724,,,300.2068066262683,960.4426102214572,1421.9763247921724,,,1290.5037521255042
195,raspberrypi,987.0,2023-09-01,22:50:01,Whole,1534.191478552649,,8.80987694165396,,2670.75,2581.75,6.523709059580535,0,7,1,,0.0,1.0,,0.0,0.0,,1861.2054138640206,,,390.8533589695597,1054.5742792603116,1861.2054138640206,,,1720.3165223057504
196,raspberrypi,97.0,2023-09-02,08:05:01,Whole,542.5966949718685,,2.775650200208923,,1101.0,1437.5,2.2226320938819915,0,4,1,,0.012987012987012988,0.987012987012987,,0.0,0.012987012987012988,,54.30907361981251,,,1228.702088891577,1728.3125911067896,54.30907361981251,,,0.0
197,raspberrypi,110.0,2023-09-02,08:05:01,Whole,1461.92786469559,,9.037348216208429,,1755.25,2812.5,7.6262651295348505,0,3,1,,0.0,0.987012987012987,,0.0,0.0,,1474.654219907859,,,300.72484802216576,1185.1431527567377,1474.654219907859,,,1320.3414177504494
198,raspberrypi,220.0,2023-09-02,08:05:01,Whole,308.33739106434024,0.0,3.7071748416626975,,1488.035,1625.1125,1.9900364333996614,0,181,50,0.14351130537136397,0.0,1.0,,0.0,0.0,,342.41639081383425,,,833.9669033972853,1406.6457622459372,342.41639081383425,,,202.12058533146117
199,raspberrypi,223.0,2023-09-02,08:05:01,Whole,239.881243340331,0.0,3.4342594513624873,,1815.25,1194.4285714285713,0.8207174746844562,7,32,7,1.5509636523887868e-26,0.0,1.0,,0.0,0.0,,561.679981284166,,,1095.5983525632798,1333.2449013189407,561.679981284166,,,498.3651884129739
200,raspberrypi,228.0,2023-09-02,08:05:01,Whole,549.546634637415,,3.351145876388601,,1106.5,1497.5,2.817802877837279,0,4,1,,0.012987012987012988,0.987012987012987,,0.0,0.012987012987012988,,83.87970127812262,,,1182.5492056804055,1709.2364018300136,83.87970127812262,,,0.0
201,raspberrypi,233.0,2023-09-02,08:05:01,Whole,106.85793945497298,0.0,4.282383302381481,,1742.3652597402597,1335.6331168831168,1.990934286436052,7,247,77,0.05721927570527124,0.0,1.0,,0.0,0.0,,484.46581852565635,,,978.2674908705362,1328.329109665875,484.46581852565635,,,397.9706100668659
202,raspberrypi,236.0,2023-09-02,08:05:01,Whole,358.3974623925189,0.02666666666666667,4.587389051721263,3.328595089698707,1433.90625,1060.2697368421052,1.3471799007498115,0,247,76,0.38221773567887307,0.0,0.974025974025974,,0.0,0.0,,248.10718526154852,,,1348.6306236229418,1614.0510816359813,248.10718526154852,,,239.3961894904118
203,raspberrypi,258.0,2023-09-02,08:05:01,Whole,614.5241643961723,0.0,5.386068838864237,,1238.1136363636363,888.1534090909091,1.3462169303549807,1,230,66,0.07170342272303395,0.8571428571428571,0.14285714285714285,,0.0,0.8571428571428571,,244.15640308350436,,,1591.206583056551,1816.2031621000779,244.15640308350436,,,182.62105701548245
204,raspberrypi,366.0,2023-09-02,08:05:01,Whole,1421.944827185622,,7.9222330975575685,,3002.75,1751.625,4.693620278262714,0,8,2,,0.0,1.0,,0.0,0.0,,1791.8095573222845,,,983.4245778830004,1037.9065871719781,1791.8095573222845,,,1687.3786725940895
205,raspberrypi,392.0,2023-09-02,08:05:01,Whole,1491.8257192564872,,7.707942620085126,,3041.75,1858.5,3.758856542178709,0,4,1,,0.0,1.0,,0.0,0.0,,1856.230566760194,,,920.079827625713,1019.9004190546349,1856.230566760194,,,1746.8141513734893
206,raspberrypi,470.0,2023-09-02,08:05:01,Whole,1441.8662407524691,0.3783783783783784,7.094070842267877,33.03624672817416,2654.2236842105262,2377.0855263157896,7.035761544173899,0,149,38,300.7093864632588,0.0,0.8181818181818182,,0.0,0.0,,1725.9898587454159,,,367.62603114125744,1004.5345574312284,1725.9898587454159,,,1573.572997498939
207,raspberrypi,707.0,2023-09-02,08:05:01,Whole,607.8244413322112,,1.5966692761905623,,1246.0,890.25,0.04202504284412357,1,3,1,,0.012987012987012988,0.987012987012987,,0.0,0.012987012987012988,,245.66846865229246,,,1585.5813591493445,1809.8557856244197,245.66846865229246,,,185.96373742639972
208,raspberrypi,896.0,2023-09-02,08:05:01,Whole,533.5543326255824,,3.496699444986013,,1544.5,1880.75,1.3492400031109524,0,4,1,,0.0,1.0,,0.0,0.0,,562.623568738487,,,601.7287309754174,1320.2670309096425,562.623568738487,,,412.13167192935373
209,raspberrypi,930.0,2023-09-02,08:05:01,Whole,660.4894905047577,,3.0151367700728384,,982.75,1267.25,2.3628137289245013,0,4,1,,0.012987012987012988,0.987012987012987,,0.0,0.012987012987012988,,0.0,,,1433.4149434198675,1865.9935544005957,0.0,,,0.0
210,raspberrypi,997.0,2023-09-02,08:05:01,Whole,981.2989304145126,,5.179144478413708,,891.25,1992.75,3.618022168629005,0,4,1,,0.0,1.0,,0.0,0.0,,535.8709925043377,,,1096.846370654914,1807.497097677944,535.8709925043377,,,411.2836739094446
211,raspberrypi,110.0,2023-09-02,14:55:01,Whole,1648.6332807652232,,11.830500187465658,,1302.25,2192.5,10.857222313317514,0,3,1,,0.0,1.0,,0.0,0.0,,737.6824771021606,,,642.5686673144696,1463.9312510694335,737.6824771021606,,,585.5730317783097
212,raspberrypi,224.0,2023-09-02,14:55:01,Whole,573.9727747146615,0.3283582089552239,8.672357845727092,6.269912125457341,3270.301470588235,1238.9393382352941,5.999887142879198,0,118,68,23.643855874675513,0.0,0.6764705882352942,,0.0,0.0,,2004.6737460606219,,,1492.7361955422741,1011.821669690375,2004.6737460606219,,,1912.8863556934355
213,raspberrypi,225.0,2023-09-02,14:55:01,Whole,962.8489671016067,1.0,6.467098747052503,213.31650455009336,2841.8948863636365,1428.9857954545455,2.8924375083439644,0,89,44,36772.0322198058,0.0,0.38235294117647056,,0.029411764705882353,0.0,,1743.2764504506004,,,1267.409923565237,1143.863472589184,1743.2764504506004,,,1803.74472472945
214,raspberrypi,226.0,2023-09-02,14:55:01,Whole,925.2283421808827,1.0,7.2667606299868215,127.88848169065106,2965.092105263158,1473.6809210526317,3.4869730849473197,0,86,38,9613.797852075066,0.0,0.47058823529411764,,0.07352941176470588,0.0,,1894.658875671487,,,1219.8920236968086,1113.411265175236,1894.658875671487,,,1911.384164459637
215,raspberrypi,228.0,2023-09-02,14:55:01,Whole,1425.6804951361942,,7.6123894165106725,,1583.875,2279.625,4.7467421413376325,0,5,2,,0.0,1.0,,0.0,0.0,,920.0001363153207,,,349.5174696355088,1253.2526071938516,920.0001363153207,,,765.8073587480596
216,raspberrypi,236.0,2023-09-02,14:55:01,Whole,1517.022331331627,1.0,6.406640770323453,69.54792864257335,1945.513888888889,2832.8981481481483,9.390528501248163,0,44,27,1422.3964074997368,0.0,0.6029411764705882,,0.16176470588235295,0.0,,1606.911640578695,,,274.71804328502265,1162.4568869784648,1606.911640578695,,,1432.2744457630695
217,raspberrypi,237.0,2023-09-02,14:55:01,Whole,1382.8451064501717,1.0,6.167904491002454,29.37553218120423,2255.7291666666665,2879.6875,3.6193906231330337,0,21,6,358.95701133879356,0.0,0.9117647058823529,,0.0,0.0,,1788.5032745805406,,,260.8321754110013,1059.5307897885086,1788.5032745805406,,,1639.1511108019606
218,raspberrypi,220.0,2023-09-01,21:45:01,Whole,825.1998867298447,0.0,5.713975422472885,,1833.7278481012659,2075.621835443038,3.4556560462687265,0,315,79,0.07179240016005516,0.0,1.0,,0.0,0.0,,900.4305361531099,,,266.3574571856199,1122.4520850242434,900.4305361531099,,,753.3932166991445
219,raspberrypi,226.0,2023-09-01,21:45:01,Whole,383.2947539897129,0.0,5.539576246029491,,1840.5237341772151,1026.3022151898733,1.3656504180430138,0,315,79,0.08128719015915352,0.0,1.0,,0.0,0.0,,624.0174653198203,,,1255.3919631154513,1381.3417323264714,624.0174653198203,,,586.1264146590229
220,raspberrypi,229.0,2023-09-01,21:45:01,Whole,1398.8994656835491,0.0,8.469898288686172,,3354.1105072463765,657.4438405797102,6.857625282238149,0,284,69,0.025495802567580023,0.0,0.12658227848101267,,0.0,0.0,,2173.137045905296,,,1996.4352765485014,1143.086788147217,2173.137045905296,,,2127.7707231105037
221,raspberrypi,233.0,2023-09-01,21:45:01,Whole,210.44745193963848,0.0,5.207926721324603,,2097.721518987342,1088.2120253164558,1.3656504180430138,0,315,79,0.09035159104011024,0.0,1.0,,0.0,0.0,,854.8224635002853,,,1170.3717210391537,1227.0142787383866,854.8224635002853,,,799.6928516354274
222,raspberrypi,234.0,2023-09-01,21:45:01,Whole,639.556401810449,0.0,5.603747965785554,,1501.873417721519,1494.376582278481,2.982926083964211,0,315,79,0.061106274248518666,1.0,0.0,,0.0,1.0,,287.6880774412139,,,934.5194630407751,1429.5156648320535,287.6880774412139,,,164.4414084821311
223,raspberrypi,366.0,2023-09-01,21:45:01,Whole,1226.2286610889955,,7.559439561612104,,2937.5,2203.75,5.73589261172857,0,5,1,,0.0,1.0,,0.0,0.0,,1883.2236717204423,,,680.0883165321738,1047.6827159759057,1883.2236717204423,,,1758.0418011541456
224,raspberrypi,392.0,2023-09-01,21:45:01,Whole,1087.383497515991,0.0,6.953839921163563,,3041.3035714285716,1860.607142857143,6.294660726577001,0,35,7,0.01562835301973252,0.0,1.0,,0.0,0.0,,1856.3865095439717,,,918.5786300660247,1020.0776266888624,1856.3865095439717,,,1747.0334415787058
225,raspberrypi,525.0,2023-09-01,21:45:01,Whole,987.5990057800457,,4.000715650519313,,1290.0,1847.75,2.128680409006732,0,4,1,,0.0,1.0,,0.0,0.0,,404.8060417502875,,,815.0607893853946,1503.4626211670088,404.8060417502875,,,250.7391354445838
226,raspberrypi,106.0,2023-09-02,04:45:01,Whole,1242.6926612098478,,6.61142379619441,,1177.5,2421.75,2.532855293949083,0,5,1,,0.0,1.0,,0.0,0.0,,943.4397326062331,,,726.0148314957596,1574.4838655068102,943.4397326062331,,,796.619285744541
227,raspberrypi,221.0,2023-09-02,04:45:01,Whole,738.5170038324907,0.0,6.308821241954145,,934.4224683544304,811.4335443037975,2.786786695202718,0,324,79,0.11444322254582527,0.9875,0.0125,,0.0,0.9875,,296.0152541649797,,,1817.7720128092046,2066.9962772990657,296.0152541649797,,,191.60611705438598
228,raspberrypi,224.0,2023-09-02,04:45:01,Whole,769.0965638184791,0.0,4.9326863059032915,,1221.4,1933.0166666666667,3.568764726718948,0,259,60,0.029690088232060364,0.0,1.0,,0.0,0.0,,466.6622530734377,,,824.6609073884375,1544.343110467054,466.6622530734377,,,315.57367016226914
229,raspberrypi,225.0,2023-09-02,04:45:01,Whole,255.0989567844894,0.0,4.546213314243273,,1440.740625,998.54375,2.7730550657914526,0,325,80,0.05393060995495422,0.0,1.0,,0.0,0.0,,286.8648078223242,,,1401.741871649633,1633.8496974404575,286.8648078223242,,,282.5678547944996
230,raspberrypi,233.0,2023-09-02,04:45:01,Whole,766.6473759315192,0.0,5.718278049449263,,2296.55,1105.68125,3.4753669162663847,0,325,80,0.07228981244449445,0.0,1.0,,0.0,0.0,,1046.6376137726807,,,1167.3757631046715,1135.164353328135,1046.6376137726807,,,985.8620765781691
231,raspberrypi,234.0,2023-09-02,04:45:01,Whole,287.5504499641248,0.0,3.8838180149527775,,1721.9791666666667,1456.4134615384614,2.7728887795819612,0,322,78,0.038983650185141626,0.0,1.0,,0.0,0.0,,482.1416415491471,,,870.8387324236056,1305.1686892728007,482.1416415491471,,,376.2156257021088
232,raspberrypi,237.0,2023-09-02,04:45:01,Whole,92.84026941500046,0.0,3.9217680582702896,,1447.8229166666667,1236.7916666666667,1.2314883478034053,0,112,24,0.002363357275212947,0.3,0.7,,0.0,0.3,,201.62068553499466,,,1184.760340990732,1541.5698724436152,201.62068553499466,,,140.57410982811462
233,raspberrypi,392.0,2023-09-02,04:45:01,Whole,1626.3399133263788,,8.729088089124518,,3041.125,1860.5,5.47510980233848,0,11,2,,0.0,1.0,,0.0,0.0,,1856.185436468425,,,918.4845919468816,1020.0140725417568,1856.185436468425,,,1746.668693390165
234,raspberrypi,973.0,2023-09-02,04:45:01,Whole,399.53113656239356,,3.3842594697819397,,1533.25,1632.75,1.3343043194413606,0,5,1,,0.0,1.0,,0.0,0.0,,382.9877496820305,,,801.516713167855,1375.4645100409211,382.9877496820305,,,244.93389001764777
235,raspberrypi,145.0,2023-09-02,14:25:01,Whole,1480.0150172892397,,8.49831972284026,,3298.0,2135.25,5.535567552740844,0,5,1,,0.0,1.0,,0.0,0.0,,2186.8375743445986,,,1045.6891362565982,1169.9911924034766,2186.8375743445986,,,2069.665564155241
236,raspberrypi,221.0,2023-09-02,14:25:01,Whole,733.6269951123123,1.0,4.859297501195191,58.17119710168865,1219.857142857143,1399.5714285714287,2.776854869325266,0,42,7,2720.9016933077896,0.09859154929577464,0.9014084507042254,,0.0,0.09859154929577464,,72.0387047993891,,,1177.8465870772177,1651.5832328953193,72.0387047993891,,,0.0
237,raspberrypi,224.0,2023-09-02,14:25:01,Whole,729.0348646019128,1.0,6.451184908350645,35.6355687459535,2131.228873239437,2364.345070422535,2.8805938913633278,0,289,71,720.6774597445786,0.0,0.014084507042253521,,0.9154929577464789,0.0,,1324.4672202230718,,,63.268466582588474,999.6188893095185,1324.4672202230718,,,1177.250471423183
238,raspberrypi,225.0,2023-09-02,14:25:01,Whole,404.56826472402946,0.0,5.982574326248052,,1620.4612676056338,2013.5968309859154,2.897488513873441,0,289,71,0.14788811836900206,0.0,1.0,,0.0,0.0,,713.9532464459162,,,454.50243374835844,1252.2756029649145,713.9532464459162,,,562.6516962098349
239,raspberrypi,226.0,2023-09-02,14:25:01,Whole,1344.761151553864,0.4878048780487805,8.911121461347465,12.282244118165938,2511.4226190476193,516.7916666666666,5.785499377182301,0,189,42,60.777335750131805,0.0,0.7183098591549296,,0.0,0.0,,1439.8180471395858,,,1785.5533943115547,1319.1052617785558,1439.8180471395858,,,1409.7017377278096
240,raspberrypi,228.0,2023-09-02,14:25:01,Whole,411.93180196867326,0.6285714285714286,5.723392691911415,31.069603126427605,2200.7764084507044,1725.4330985915492,3.8754256665158477,0,289,71,1566.389594916837,0.0,0.36619718309859156,,0.16901408450704225,0.0,,1046.5229632016537,,,551.8747175324113,1036.0484572395458,1046.5229632016537,,,925.4498012043653
241,raspberrypi,236.0,2023-09-02,14:25:01,Whole,1201.8552562048283,1.0,7.365243428482345,12.853741957973975,960.83203125,935.77734375,5.689330467105617,0,156,32,202.30197374716943,0.4507042253521127,0.5492957746478874,,0.0,0.4507042253521127,,174.3475943157845,,,1702.8626542256213,1997.578366000831,174.3475943157845,,,54.238756597626335
242,raspberrypi,237.0,2023-09-02,14:25:01,Whole,1382.9762221375067,1.0,9.337958645099842,54.340716618813154,3187.1875,1274.1363636363637,5.109027710158955,0,86,22,2147.5142807215357,0.0,0.6901408450704225,,0.0,0.0,,1926.1572178893703,,,1416.0682188583683,998.0289521019934,1926.1572178893703,,,1868.9882631552032
243,raspberrypi,238.0,2023-09-02,14:25:01,Whole,1089.9376780390028,0.0,8.065426996789949,,853.2906976744187,2065.2238372093025,3.968869114315063,0,201,43,0.03731972123767679,0.0,1.0,,0.0,0.0,,615.4557798304982,,,1108.9661388048196,1836.914346998507,615.4557798304982,,,492.5859310463179
244,raspberrypi,37.0,2023-09-02,01:15:01,Whole,1977.9350899144347,,10.794004546413275,,2982.25,2724.75,8.622052980726858,0,14,2,,0.0,1.0,,0.0,0.0,,2194.761168924646,,,728.8036260958212,1226.2319091852337,2194.761168924646,,,2055.980567587858
245,raspberrypi,136.0,2023-09-02,01:15:01,Whole,343.7250090437874,,3.2271517453304415,,1769.0,745.75,0.5657897612400521,1,7,1,,0.0,1.0,,0.0,0.0,,693.3345050785867,,,1544.3112645525364,1546.317759958268,693.3345050785867,,,688.5834161417539
246,raspberrypi,221.0,2023-09-02,01:15:01,Whole,145.73995073770382,0.0,4.108559393654772,,1867.06875,1142.3875,1.584624654410463,0,483,80,0.056947174187933776,0.0,1.0,,0.0,0.0,,620.2969622636281,,,1136.4480425950255,1323.2975226639755,620.2969622636281,,,563.8030591480634
247,raspberrypi,229.0,2023-09-02,01:15:01,Whole,1367.480994479755,0.0,8.54150855342748,,3223.4328125,505.4515625,6.193157566403564,0,483,80,0.04111879430797364,0.0,0.0,,0.0,0.0,,2094.8621206570956,,,2054.5529295382644,1179.1841381004126,2094.8621206570956,,,2059.773809630356
248,raspberrypi,233.0,2023-09-02,01:15:01,Whole,208.25425923622961,0.0,4.3891840734374306,,2165.390625,1070.471875,1.584624654410463,0,483,80,0.07416050815846899,0.0,1.0,,0.0,0.0,,924.1748540967785,,,1189.729839394106,1202.3549918386677,924.1748540967785,,,869.5431217960797
249,raspberrypi,234.0,2023-09-02,01:15:01,Whole,446.8833492310872,0.0,4.619123925977581,,1539.7628205128206,1180.3028846153845,1.7016389880177072,0,473,78,0.08736882040424307,0.0,1.0,,0.0,0.0,,298.7642789695143,,,1195.4176534300059,1501.4345984440988,298.7642789695143,,,248.26425972187593
250,raspberrypi,236.0,2023-09-02,01:15:01,Whole,893.5470866748128,0.0,6.1542699447298945,,1569.6359375,1834.2125,3.380108332457581,0,483,80,0.05801834330541821,0.0,1.0,,0.0,0.0,,543.8737485086474,,,619.2922265299454,1311.859049180839,543.8737485086474,,,395.6877892685102
251,raspberrypi,237.0,2023-09-02,01:15:01,Whole,418.3985174460145,0.0,4.761147330360673,,1805.1012658227849,642.6012658227849,1.7409582388620846,1,478,79,0.03717078550033327,0.0,1.0,,0.0,0.0,,785.716884661867,,,1639.581426707705,1578.8312764705643,785.716884661867,,,773.2638229470757
252,raspberrypi,258.0,2023-09-02,01:15:01,Whole,525.9820436169841,0.0,4.943766772816011,,1497.84375,781.484375,1.7410078829843638,1,483,80,0.06848272851978068,0.0,1.0,,0.0,0.0,,472.9924829323166,,,1581.6662190727006,1691.8521301178548,472.9924829323166,,,442.98842598238843
253,raspberrypi,392.0,2023-09-02,01:15:01,Whole,1361.4494363411472,,7.861058687011724,,3041.0,1859.75,6.086376598285264,0,14,2,,0.0,1.0,,0.0,0.0,,1855.8572642947647,,,918.7785200790031,1019.8741359379512,1855.8572642947647,,,1746.373351070233
254,raspberrypi,987.0,2023-09-02,01:15:01,Whole,360.54700286954073,,3.1430230893208293,,1614.5,931.0,0.9768863398236588,1,7,1,,0.0,1.0,,0.0,0.0,,463.43068259851304,,,1402.622114028278,1552.0688079242843,463.43068259851304,,,457.8747811338277
255,raspberrypi,17.0,2023-09-02,09:35:01,Whole,2205.005435586748,,11.658513084483738,,3171.5,2554.5,9.416516246253329,0,4,1,,0.0,1.0,,0.0,0.0,,2256.592787548763,,,882.225660348769,1242.1618722905962,2256.592787548763,,,2124.6905634851305
256,raspberrypi,221.0,2023-09-02,09:35:01,Whole,339.0774203295683,0.0,4.908414622019465,,940.2111486486486,1335.2347972972973,1.8827528394007091,30,181,74,0.041414776123674855,0.9736842105263158,0.02631578947368421,,0.0,0.9736842105263158,,5.04083812633352,,,1414.8860306998113,1879.5380222614333,5.04083812633352,,,0.0
257,raspberrypi,227.0,2023-09-02,09:35:01,Whole,304.0980790312723,0.0,4.141153100415264,,1059.7791666666667,1235.2166666666667,0.8031559073075837,30,92,30,0.11884646585847974,0.39473684210526316,0.6052631578947368,,0.0,0.39473684210526316,,0.0,,,1405.8985921644585,1817.137787445438,0.0,,,0.0
258,raspberrypi,236.0,2023-09-02,09:35:01,Whole,381.2197453634319,0.02666666666666667,4.436245213677844,2.303888111313037,1579.702302631579,1664.2384868421052,1.8233944451431618,0,181,76,0.18906857855187917,0.0,0.9736842105263158,,0.0,0.0,,438.7737598256373,,,749.4639947060869,1338.9746927691933,438.7737598256373,,,300.8684117606164
259,raspberrypi,237.0,2023-09-02,09:35:01,Whole,575.9941532926416,,4.000120184012979,,1163.4166666666667,902.75,2.5140197056137494,0,11,3,,0.039473684210526314,0.9605263157894737,,0.0,0.039473684210526314,,204.63838500917973,,,1615.8331323059435,1862.4381362942572,204.63838500917973,,,128.8939506368952
260,raspberrypi,258.0,2023-09-02,09:35:01,Whole,39.48633376374589,0.0,4.233398804148674,,1265.6840277777778,1508.5399305555557,1.7848877574059687,0,179,72,0.12669821870411752,0.9473684210526315,0.05263157894736842,,0.0,0.9473684210526315,,124.03700889211703,,,1064.482471281036,1588.3442286861266,124.03700889211703,,,0.0
261,raspberrypi,425.0,2023-09-02,09:35:01,Whole,1098.7687841867782,,6.167189729701624,,2141.5,2115.0,3.7162783957301215,0,4,1,,0.0,0.9868421052631579,,0.013157894736842105,0.0,,1157.0160316680922,,,146.3047720451965,999.4660093113571,1157.0160316680922,,,1017.4771351678426
262,raspberrypi,224.0,2023-09-02,11:20:01,Whole,817.2841694452576,1.0,4.422255409414922,14.20480393569445,1387.8359375,1045.8671875,4.683198688065789,0,49,16,149.50779891085267,0.06493506493506493,0.7922077922077922,,0.0,0.06493506493506493,,222.2840477957575,,,1382.3406623755784,1650.5817324239986,222.2840477957575,,,231.0245610825638
263,raspberrypi,228.0,2023-09-02,11:20:01,Whole,798.7657064420665,0.02666666666666667,6.986739585563185,6.656763477847174,2581.6134868421054,1646.5180921052631,7.168732550924948,0,167,76,1.1497791142618317,0.0,0.974025974025974,,0.0,0.0,,1358.0612285279733,,,745.5708081661459,966.941243802103,1358.0612285279733,,,1254.5917931285612
264,raspberrypi,230.0,2023-09-02,11:20:01,Whole,773.996437820786,0.0,4.519404397936672,,1193.78125,1263.125,3.6877387203705663,0,47,16,0.017393235095907882,0.2077922077922078,0.7922077922077922,,0.0,0.2077922077922078,,13.580749545066816,,,1300.0973949469349,1709.3030485288887,13.580749545066816,,,0.0
265,raspberrypi,236.0,2023-09-02,11:20:01,Whole,879.3894895913518,1.0,6.599058136473687,108.7023982263633,1783.4245689655172,1944.8728448275863,2.429405298257812,0,146,58,8507.85290356528,0.06493506493506493,0.2597402597402597,,0.1038961038961039,0.06493506493506493,,1029.9694648803957,,,787.7331278890557,1326.9331314296983,1029.9694648803957,,,738.2125697227198
266,raspberrypi,237.0,2023-09-02,11:20:01,Whole,603.0799136957634,0.2894736842105263,4.7608527418090825,12.53018790464413,1230.327922077922,1978.8068181818182,4.7003103946544105,0,167,77,53.95596238196472,0.0,0.7142857142857143,,0.0,0.0,,513.6628828042324,,,794.4664678857984,1532.8643528225698,513.6628828042324,,,361.71059193279984
267,raspberrypi,447.0,2023-09-02,11:20:01,Whole,789.552010712737,,5.605120255117951,,1179.5,1256.0,1.4822625898670232,0,4,1,,0.012987012987012988,0.987012987012987,,0.0,0.012987012987012988,,5.604708755619555,,,1314.42614354085,1721.9263689536704,5.604708755619555,,,0.0
268,raspberrypi,34.0,2023-09-02,14:50:01,Whole,1132.4998636529747,,7.4061170607860065,,1743.25,2932.25,2.501695804613457,0,2,1,,0.0,0.9857142857142858,,0.0,0.0,,1580.0460258393243,,,400.14887197696345,1251.2983211489761,1580.0460258393243,,,1425.8566188604796
269,raspberrypi,220.0,2023-09-02,14:50:01,Whole,1526.4378609084688,,9.976602860490756,,745.25,2977.0,7.2130738531096386,0,2,1,,0.0,1.0,,0.0,0.0,,1525.6958394116232,,,1255.2153444105472,2094.1666871477387,1525.6958394116232,,,1395.9166188188874
270,raspberrypi,224.0,2023-09-02,14:50:01,Whole,820.2855230438117,1.0,7.480120088712432,79.43087823775709,1858.3662280701753,2011.8684210526317,3.740856530132773,0,110,57,3855.284659521424,0.11428571428571428,0.21428571428571427,,0.11428571428571428,0.11428571428571428,,1042.7259223445874,,,734.8181846053405,1320.6903426668086,1042.7259223445874,,,624.8091935623191
271,raspberrypi,225.0,2023-09-02,14:50:01,Whole,985.976556657505,0.0,6.033041055838695,,2157.162162162162,2682.449324324324,2.7061884775856755,0,73,37,0.09962674761034879,0.0,0.4714285714285714,,0.5285714285714286,0.0,,1571.1402954855723,,,40.2796837552339,993.6635320711508,1571.1402954855723,,,1420.3228492688893
272,raspberrypi,226.0,2023-09-02,14:50:01,Whole,766.0569035092343,1.0,6.287992403556972,3.25,2101.75,2462.625,4.10259019749871,0,5,2,,0.0,0.9714285714285714,,0.02857142857142857,0.0,,1366.4427145695497,,,0.0,977.0956021555841,1366.4427145695497,,,1217.4760287364788
273,raspberrypi,228.0,2023-09-02,14:50:01,Whole,1098.4081392031833,0.7857142857142857,8.806648692038651,121.23478364519865,1616.1487068965516,973.5193965517242,5.302431035410147,0,115,58,21417.602905870503,0.08571428571428572,0.37142857142857144,,0.05714285714285714,0.08571428571428572,,686.2886169430045,,,1452.9765232812997,1642.545541697833,686.2886169430045,,,523.8309358073624
274,raspberrypi,234.0,2023-09-02,14:50:01,Whole,1571.48222255427,,9.339067707107075,,1266.0,294.75,1.396698078412818,0,3,1,,0.0,1.0,,0.0,0.0,,814.8371436672355,,,2118.7384311394385,2098.6057407220915,814.8371436672355,,,733.8559262956106
275,raspberrypi,237.0,2023-09-02,14:50:01,Whole,1143.334159467588,0.2,7.537494170744988,16.486737093797547,1744.609375,2943.046875,2.509038198649138,0,21,8,51.26883127594019,0.0,0.8857142857142857,,0.0,0.0,,1590.5628177013268,,,408.0736131389473,1256.4918908032498,1590.5628177013268,,,1437.9629416460766
276,raspberrypi,238.0,2023-09-02,14:50:01,Whole,641.5924372970953,1.0,6.066310915292104,33.832347688782434,1135.1290322580646,1540.149193548387,3.328092246325285,0,59,31,833.5203231365563,0.44285714285714284,0.5571428571428572,,0.0,0.44285714285714284,,112.11537582158536,,,1133.8625993015837,1678.5831615095785,112.11537582158536,,,0.0
277,raspberrypi,37.0,2023-09-02,01:25:01,Whole,1619.293167674756,0.0,8.613128791268933,,2981.75,2725.0,8.517722954280677,0,67,11,3.6763583327954634e-26,0.0,1.0,,0.0,0.0,,2194.5117309282964,,,728.3988436779797,1226.124920817077,2194.5117309282964,,,2055.7181034143186
278,raspberrypi,106.0,2023-09-02,01:25:01,Whole,1020.7199345838424,,5.830111925491232,,1808.0,2288.75,2.6650537403831804,0,8,1,,0.0,0.9875,,0.0125,0.0,,1046.5017895602084,,,138.71028991543153,1112.0251277747732,1046.5017895602084,,,894.8360123274736
279,raspberrypi,221.0,2023-09-02,01:25:01,Whole,305.706294069844,0.0,4.69424084830512,,1894.15625,1177.634375,1.5747553475847864,1,374,80,0.09167914240893661,0.0,1.0,,0.0,0.0,,641.1423702261168,,,1097.195041098235,1296.6259724411393,641.1423702261168,,,578.7335285393885
280,raspberrypi,229.0,2023-09-02,01:25:01,Whole,1350.6260307887308,0.0,9.341612990104096,,3424.290625,857.75625,6.4893549135813915,0,374,80,0.06420714569373871,0.0,0.0,,0.0,0.0,,2196.865518306765,,,1879.6132726091535,1077.8081540651722,2196.865518306765,,,2140.2630542908087
281,raspberrypi,233.0,2023-09-02,01:25:01,Whole,218.2092055845679,0.0,5.107463798685863,,2193.853125,1114.875,1.580310780427025,0,374,80,0.03164151089959057,0.0,1.0,,0.0,0.0,,944.2987053295246,,,1147.102094127346,1174.7376731562495,944.2987053295246,,,884.2866762638149
282,raspberrypi,234.0,2023-09-02,01:25:01,Whole,559.7257568620455,0.0,4.922737059079479,,1602.7484375,1268.2125,1.5759708227084352,0,374,80,0.09805063972729787,0.0,1.0,,0.0,0.0,,347.13287927063095,,,1089.8066736301375,1432.287831311265,347.13287927063095,,,273.6314278127617
283,raspberrypi,236.0,2023-09-02,01:25:01,Whole,734.5026922515493,0.0,4.7028254120710855,,1606.0359375,1813.7125,2.8152606662425566,26,374,80,0.07648138768036833,0.0,1.0,,0.0,0.0,,554.6643106233104,,,612.3048734570023,1292.6194435165617,554.6643106233104,,,408.89876829308855
284,raspberrypi,378.0,2023-09-02,01:25:01,Whole,636.7344947956551,0.0,4.684789566976203,,1626.7788461538462,1679.7836538461538,0.699912369544139,26,144,26,0.030363967148838343,0.0,1.0,,0.0,0.0,,486.0183259105024,,,711.1511439528101,1306.5653461971322,486.0183259105024,,,349.50989562356943
285,raspberrypi,392.0,2023-09-02,01:25:01,Whole,1028.4891788703746,0.0,6.5040817420316435,,3040.714285714286,1859.8214285714287,5.538384359690103,0,74,14,1.2144465194887515e-25,0.0,1.0,,0.0,0.0,,1855.6029325378993,,,918.4987357387525,1019.8070149706366,1855.6029325378993,,,1746.0985271663826
286,raspberrypi,683.0,2023-09-02,01:25:01,Whole,1258.3859084899746,,6.93707675916687,,1241.5,2191.5,2.7121723920116256,0,5,1,,0.0,1.0,,0.0,0.0,,723.8286259428039,,,700.776646537224,1511.927290174555,723.8286259428039,,,573.5187081477112
287,raspberrypi,987.0,2023-09-02,01:25:01,Whole,385.1195870611112,,4.211322117289854,,1794.0,1207.5,0.5381862366731369,1,8,1,,0.0,1.0,,0.0,0.0,,539.2877854481633,,,1087.7234772379957,1340.5320787118408,539.2877854481633,,,474.23322978586964
288,raspberrypi,17.0,2023-09-02,05:00:01,Whole,1637.9785835091661,,9.129866742770103,,2943.5,979.5,6.823295989058961,0,3,1,,0.0,0.9871794871794872,,0.0,0.0,,1703.171526747096,,,1504.0573075482075,975.5244627762244,1703.171526747096,,,1644.3457652772904
289,raspberrypi,37.0,2023-09-02,05:00:01,Whole,2186.898033803472,,11.952042797067053,,2982.375,2724.375,9.840647229089432,0,6,2,,0.0,1.0,,0.0,0.0,,2194.636013234948,,,728.8133766327609,1226.121500878569,2194.636013234948,,,2055.8650876809334
290,raspberrypi,106.0,2023-09-02,05:00:01,Whole,877.0969952598366,,4.692406536845085,,1329.75,409.5,2.7984179637575366,0,3,1,,0.0,1.0,,0.0,0.0,,719.6208260330209,,,1988.8137066137035,1991.8928557109432,719.6208260330209,,,646.2964448592857
291,raspberrypi,129.0,2023-09-02,05:00:01,Whole,326.2379582483891,,3.449464715248116,,1393.25,1607.5,1.9938176965791865,0,3,1,,0.01282051282051282,0.9871794871794872,,0.0,0.01282051282051282,,259.3371204732917,,,906.3227298116194,1474.6630137211762,259.3371204732917,,,113.71502123560177
292,raspberrypi,184.0,2023-09-02,05:00:01,Whole,1696.367257558567,,9.439197315973455,,2426.25,2585.0,6.9428571684768885,0,3,1,,0.0,0.9871794871794872,,0.01282051282051282,0.0,,1679.5992293167296,,,157.46151569271092,989.3756054828708,1679.5992293167296,,,1534.318692925311
293,raspberrypi,221.0,2023-09-02,05:00:01,Whole,639.7150919732653,0.0,6.927140830608969,,938.6055194805194,784.137987012987,3.653616088100537,1,200,77,0.061338574797550935,0.0,1.0,,0.0,0.0,,321.3144114003411,,,1837.714833023503,2075.5073600217875,321.3144114003411,,,217.36865750190228
294,raspberrypi,224.0,2023-09-02,05:00:01,Whole,680.8804972097751,0.0,6.167109355144846,,1236.6121794871794,1960.3814102564102,5.48751660392387,1,201,78,0.15574533550149283,0.0,1.0,,0.0,0.0,,496.72617698271165,,,797.7305097428125,1529.6904672133537,496.72617698271165,,,344.87522084965826
295,raspberrypi,225.0,2023-09-02,05:00:01,Whole,427.61165722692255,0.0,5.629306748704912,,1621.6025641025642,969.6282051282051,3.6534385796644506,1,201,78,0.05213700600819303,0.0,1.0,,0.0,0.0,,449.73039621324745,,,1363.6646243590321,1531.417760224464,449.73039621324745,,,436.9314788968343
296,raspberrypi,234.0,2023-09-02,05:00:01,Whole,446.4666029842099,0.0,4.73155849092214,,1710.4791666666667,1527.4583333333333,2.9166554060059795,0,68,18,0.027221697717381487,0.0,1.0,,0.0,0.0,,491.39120596757004,,,809.0685996330479,1293.0732490183184,491.39120596757004,,,375.3644951845332
297,raspberrypi,392.0,2023-09-02,05:00:01,Whole,1799.7681613242157,,10.056306915346545,,3040.5,1860.125,8.648963321670234,0,12,4,,0.0,1.0,,0.0,0.0,,1855.481592743307,,,918.155570591563,1019.792005252795,1855.481592743307,,,1745.9448081093392
298,raspberrypi,485.0,2023-09-02,05:00:01,Whole,563.4420297633731,,3.746410003139764,,1276.25,1847.0,0.6172643898699879,1,3,1,,0.0,1.0,,0.0,0.0,,399.2938219445245,,,826.5394198350962,1513.804283550633,399.2938219445245,,,245.4320316373077
299,raspberrypi,656.0,2023-09-02,05:00:01,Whole,351.11534138408837,0.0,5.074999658398823,,983.6071428571429,1276.0535714285713,2.5520201839706997,0,56,14,0.007284382284382283,0.1794871794871795,0.8205128205128205,,0.0,0.1794871794871795,,0.0,,,1426.4225440072496,1862.7190149682008,0.0,,,0.0
300,raspberrypi,887.0,2023-09-02,05:00:01,Whole,639.4247601950245,,3.307708535620114,,939.25,784.0,0.006076312626982443,1,3,1,,0.0,1.0,,0.0,0.0,,321.29106943696127,,,1837.4605912872169,2075.0898749028743,321.29106943696127,,,217.41467905299848
301,raspberrypi,896.0,2023-09-02,05:00:01,Whole,497.34119665069835,,3.3233210154638404,,1506.75,820.0,0.9766769601719738,1,3,1,,0.0,1.0,,0.0,0.0,,450.96224009541925,,,1542.4130223978586,1668.3212140481492,450.96224009541925,,,426.8992068328114
302,raspberrypi,987.0,2023-09-02,05:00:01,Whole,1958.979125098207,,10.328370844503173,,2629.25,2756.75,7.9235645380455955,0,5,1,,0.0,1.0,,0.0,0.0,,1945.0035746681879,,,415.513343611444,1101.5755561520482,1945.0035746681879,,,1800.0849977635387
303,raspberrypi,35.0,2023-09-02,11:50:01,Whole,770.2375459761133,,,,1552.75,745.5,,0,0,1,,0.0,1.0,,0.0,0.0,,535.4689036307797,,,1598.1136225973812,1674.7405457157618,535.4689036307797,,,508.3794531321905
304,raspberrypi,80.0,2023-09-02,11:50:01,Whole,1505.0672014499326,0.0,8.24529853258157,,943.125,332.125,4.745662697536059,0,2,4,0.0,0.0,1.0,,0.0,0.0,,764.9214351133933,,,2220.5898102044935,2292.779695807085,764.9214351133933,,,664.7805551394929
305,raspberrypi,221.0,2023-09-02,11:50:01,Whole,1303.9623064263096,,,,859.0,1026.75,,0,0,1,,0.017241379310344827,0.9827586206896551,,0.0,0.017241379310344827,,138.58934711993237,,,1694.8760715798444,2040.3502100866758,138.58934711993237,,,37.441968780450054
306,raspberrypi,227.0,2023-09-02,11:50:01,Whole,692.8400994860859,1.0,9.178682321364079,155.8530890979476,2563.627358490566,1356.1745283018868,9.96623999924681,0,15,53,12618.59113075716,0.0,0.10344827586206896,,0.034482758620689655,0.0,,1393.283717840428,,,1050.1313678959464,1067.3012768781232,1393.283717840428,,,1343.7546383966728
307,raspberrypi,236.0,2023-09-02,11:50:01,Whole,1392.7217771648939,1.0,5.8698128285656175,35.34910989420384,773.225,1052.1375,8.60706108184503,0,13,10,0.0,0.15517241379310345,0.8448275862068966,,0.0,0.15517241379310345,,215.9846514518564,,,1739.2157766695334,2102.234628665219,215.9846514518564,,,119.3541696039685
308,raspberrypi,258.0,2023-09-02,11:50:01,Whole,1862.3769538756635,,11.700549452983902,,2826.25,2970.5,11.700549452983902,0,1,1,,0.0,1.0,,0.0,0.0,,2234.9844159343556,,,696.8852189387883,1284.8435613842166,2234.9844159343556,,,2089.6594459927032
309,raspberrypi,402.0,2023-09-02,11:50:01,Whole,774.7276474639356,,5.471792230205885,,1545.5,747.25,5.471792230205885,0,1,1,,0.0,1.0,,0.0,0.0,,529.3853980380993,,,1598.667799204062,1678.3772904972816,529.3853980380993,,,501.6081820762121
310,raspberrypi,944.0,2023-09-02,11:50:01,Whole,775.8697994666733,,4.508601812529182,,1548.75,741.5,4.352104209963464,0,2,1,,0.0,1.0,,0.0,0.0,,535.7464822295883,,,1603.1428540560112,1679.1522545928008,535.7464822295883,,,507.73504841435874
311,raspberrypi,954.0,2023-09-02,11:50:01,Whole,1506.046085386051,,7.9477906358708035,,943.5,330.0,4.393673608115917,0,2,1,,0.0,1.0,,0.0,0.0,,766.9795373613738,,,2222.2771703744042,2293.676145854981,766.9795373613738,,,666.8756475041649
312,raspberrypi,17.0,2023-09-02,00:30:01,Whole,1138.7708009770733,,6.345553542370142,,1368.0,1968.5,1.3232878273425366,0,5,1,,0.0,1.0,,0.0,0.0,,546.141648036734,,,681.6256499085341,1430.1967454031899,546.141648036734,,,391.8539089314911
313,raspberrypi,37.0,2023-09-02,00:30:01,Whole,1882.8699974051876,,8.912363851483802,,2982.75,2724.75,2.7003554308331412,0,8,1,,0.0,1.0,,0.0,0.0,,2195.1608674940016,,,729.2816615797963,1226.4486078771552,2195.1608674940016,,,2056.3880124293264
314,raspberrypi,106.0,2023-09-02,00:30:01,Whole,1250.428709810142,,6.79608259128892,,1191.25,1960.5,2.170461490166266,0,6,1,,0.0,1.0,,0.0,0.0,,487.8173552953406,,,837.2811013211751,1564.8744928369547,487.8173552953406,,,337.89787994954906
315,raspberrypi,221.0,2023-09-02,00:30:01,Whole,213.48701181707034,0.0,5.202447794377988,,1870.7375,1139.0125,1.3220161668009676,0,431,80,0.05746811511313636,0.0,1.0,,0.0,0.0,,624.4766035800258,,,1139.1410023957555,1322.536318957401,624.4766035800258,,,568.4234910823342
316,raspberrypi,224.0,2023-09-02,00:30:01,Whole,1022.0823284384219,,6.282180199032889,,1176.25,1563.0,2.666271311256442,0,7,1,,0.0125,0.9875,,0.0,0.0125,,126.12236536006286,,,1086.87485632204,1641.3150394889387,126.12236536006286,,,0.0
317,raspberrypi,229.0,2023-09-02,00:30:01,Whole,1276.322766885155,0.0,8.849857761890574,,3223.7768987341774,520.2231012658228,6.42174965033875,0,427,79,0.07166380682569667,0.0,0.0125,,0.0,0.0,,2090.1964196935182,,,2041.945441843605,1171.842882451115,2090.1964196935182,,,2054.273093520742
318,raspberrypi,233.0,2023-09-02,00:30:01,Whole,55.568656289605244,0.0,5.08949771860772,,2123.896875,1100.9140625,1.3220161668009676,1,431,80,0.049855253732670766,0.0,1.0,,0.0,0.0,,878.0384790571682,,,1157.9086364044354,1210.4934755823765,878.0384790571682,,,820.9142114674789
319,raspberrypi,236.0,2023-09-02,00:30:01,Whole,915.8483788672389,0.0,5.855927338048323,,1599.0515625,1858.1578125,3.968613430349351,0,431,80,0.0730793648144938,0.0,1.0,,0.0,0.0,,581.3924600074533,,,582.0141121973348,1289.1442015067487,581.3924600074533,,,433.5766779940692
320,raspberrypi,237.0,2023-09-02,00:30:01,Whole,507.14645886382095,0.0,6.534563947868054,,1828.79375,631.771875,1.9422152815155784,0,431,80,0.026460165709604695,0.0,1.0,,0.0,0.0,,810.5354342125215,,,1646.6553767851685,1571.5008986098533,810.5354342125215,,,799.0570103382479
321,raspberrypi,258.0,2023-09-02,00:30:01,Whole,621.43890449653,0.0,6.622305313456415,,1505.9003164556962,824.7120253164557,1.9421888355024692,0,426,79,0.11478818721000093,0.0,1.0,,0.0,0.0,,447.0531886780335,,,1538.2735253746966,1666.697505344654,447.0531886780335,,,423.5488745233662
322,raspberrypi,366.0,2023-09-02,00:30:01,Whole,1420.3685086956186,0.0,6.944715597261362,,2937.25,2203.75,7.073558726216832,0,76,12,6.01585900056074e-26,0.0,1.0,,0.0,0.0,,1882.9993012007403,,,679.8487564256762,1047.6058589337817,1882.9993012007403,,,1757.8130905055555
323,raspberrypi,379.0,2023-09-02,00:30:01,Whole,116.01662822162258,,3.30351551437793,,2186.0,1043.25,0.43747082050970615,1,6,1,,0.0,1.0,,0.0,0.0,,949.7846236164582,,,1218.0470909091298,1202.8512411568527,949.7846236164582,,,897.637138059664
324,raspberrypi,392.0,2023-09-02,00:30:01,Whole,1245.6508025907128,0.0,6.464090653580126,,3041.776785714286,1860.3125,6.149822966433649,0,90,14,0.009204545454545455,0.0,1.0,,0.0,0.0,,1856.7587180981243,,,919.1359245561952,1020.1639693957582,1856.7587180981243,,,1747.3414817085527
325,raspberrypi,441.0,2023-09-02,00:30:01,Whole,595.3042010239731,,4.69787817461248,,2636.5,879.0,2.8843775462767467,0,6,1,,0.0,1.0,,0.0,0.0,,1424.2116562452743,,,1468.9457559189027,1085.937406696928,1424.2116562452743,,,1377.0673330219909
326,raspberrypi,933.0,2023-09-02,00:30:01,Whole,1686.32051187997,,8.712923689602135,,3268.75,2266.0,2.3996892831433043,0,7,1,,0.0,1.0,,0.0,0.0,,2209.5495927793645,,,989.806760445005,1191.9542690233493,2209.5495927793645,,,2087.499867071929
327,raspberrypi,221.0,2023-09-02,09:30:01,Whole,487.7025878672929,,2.901875784162695,,988.25,1281.25,2.901875784162695,0,1,1,,0.013513513513513514,0.9864864864864865,,0.0,0.013513513513513514,,0.0,,,1419.4569820303539,1857.6090729577163,0.0,,,0.0
328,raspberrypi,233.0,2023-09-02,09:30:01,Whole,162.1357403838295,0.1232876712328767,2.5499881068570818,11.789432855820722,1497.912162162162,1062.1756756756756,3.2069129221698454,0,27,74,21.36532896845334,0.013513513513513514,0.8648648648648649,,0.0,0.013513513513513514,,300.91157337310017,,,1320.6080973196936,1571.7612180342132,300.91157337310017,,,290.24937791333815
329,raspberrypi,234.0,2023-09-02,09:30:01,Whole,152.1789140640778,,1.5574517165128914,,1361.25,1325.0,1.5574517165128914,0,1,1,,0.013513513513513514,0.9864864864864865,,0.0,0.013513513513513514,,115.4294478806781,,,1152.9423926280353,1571.7364765821194,115.4294478806781,,,26.09192988478094
330,raspberrypi,258.0,2023-09-02,09:30:01,Whole,466.01706525631505,0.0,3.190636819895659,,1419.875,1683.905,3.2169872135957385,0,25,25,0.04056911781089526,0.33783783783783783,0.6621621621621622,,0.0,0.33783783783783783,,332.3028354827967,,,830.9725591848797,1439.790907586942,332.3028354827967,,,184.46596143626235
331,raspberrypi,221.0,2023-09-02,09:50:01,Whole,217.03913528118983,1.0,2.941040450108231,21.117920425970894,1234.7777777777778,1297.361111111111,2.356697415956963,0,27,9,86.02988024650801,0.11688311688311688,0.8831168831168831,,0.0,0.11688311688311688,,40.936236204630134,,,1248.426871415655,1669.426912641798,40.936236204630134,,,0.0
332,raspberrypi,228.0,2023-09-02,09:50:01,Whole,401.20118399174845,1.0,3.278095021255033,76.56947875714064,1582.859375,1080.7604166666667,2.3587476394025577,0,57,24,1045.3049191864432,0.09090909090909091,0.7142857142857143,,0.0,0.09090909090909091,,429.93997988927765,,,1309.816764052906,1531.0103433546903,429.93997988927765,,,469.7103659894407
333,raspberrypi,230.0,2023-09-02,09:50:01,Whole,664.4021622011838,,3.584337843404945,,1279.25,1928.75,1.6217965455011871,0,2,1,,0.0,1.0,,0.0,0.0,,477.6626246433947,,,777.6725282693669,1500.7259233723155,477.6626246433947,,,324.3033936442247
334,raspberrypi,233.0,2023-09-02,09:50:01,Whole,442.95135780911755,0.05263157894736842,3.199429798719324,2.652388999723866,1339.939935064935,857.8717532467532,4.93989038442719,0,111,77,0.4580534919067112,0.0,0.948051948051948,,0.0,0.0,,319.0726806769637,,,1571.7713149544697,1759.878379127114,319.0726806769637,,,275.684397813857
335,raspberrypi,236.0,2023-09-02,09:50:01,Whole,517.8006813184033,0.0,4.026626395444563,,1561.485,1792.555,4.9427368988681035,0,111,75,0.16151885697781349,0.0,1.0,,0.0,0.0,,508.1977405247485,,,656.5291992431308,1324.5527753446581,508.1977405247485,,,361.53648769633924
336,raspberrypi,238.0,2023-09-02,09:50:01,Whole,431.2497310660299,,3.139300651582687,,1058.5,1107.0,1.9062348021127102,0,2,1,,0.012987012987012988,0.987012987012987,,0.0,0.012987012987012988,,41.1231588635202,,,1506.3032239305442,1860.583121597667,41.1231588635202,,,0.0
337,raspberrypi,711.0,2023-09-02,09:50:01,Whole,709.9620006121032,,4.067472647236546,,964.75,769.0,2.0023136272157913,0,2,1,,0.0,1.0,,0.0,0.0,,330.43499411368913,,,1835.4572474083707,2062.78699861333,330.43499411368913,,,228.05099723143942
338,raspberrypi,110.0,2023-09-02,13:35:01,Whole,928.9592787737216,,12.04022300065753,,1197.75,2016.75,12.04022300065753,0,1,1,,0.0,1.0,,0.0,0.0,,544.3046988671542,,,805.7596793152763,1554.806305641585,544.3046988671542,,,394.5220684784322
339,raspberrypi,224.0,2023-09-02,13:35:01,Whole,943.8766484683753,0.0,8.643515509199242,,2371.0043103448274,2704.1724137931033,9.107963008013838,0,22,29,0.0590307508470205,0.0,0.3409090909090909,,0.6590909090909091,0.0,,1726.0138123212582,,,174.3902471211832,1002.4608068426246,1726.0138123212582,,,1577.7816594370738
340,raspberrypi,228.0,2023-09-02,13:35:01,Whole,1183.223384718773,,7.834038168841174,,958.375,2107.0,7.7627527390463955,0,2,2,,0.0,1.0,,0.0,0.0,,633.6294474199316,,,996.2428826521538,1746.4205841310732,633.6294474199316,,,500.2097118494741
341,raspberrypi,234.0,2023-09-02,13:35:01,Whole,1463.3367246142861,,,,2488.0,388.5,,0,0,1,,0.0,1.0,,0.0,0.0,,1483.875032052203,,,1906.4943832267948,1413.7118305724084,1483.875032052203,,,1476.8238606578072
342,raspberrypi,236.0,2023-09-02,13:35:01,Whole,926.2057207933051,1.0,9.2085556765642,18.440939837831557,1376.325,1223.55,9.223846972509266,0,5,5,749.3569005299693,0.11363636363636363,0.8863636363636364,,0.0,0.11363636363636363,,138.73823210463266,,,1231.4745872543517,1593.9913965305093,138.73823210463266,,,97.78504608230762
343,raspberrypi,237.0,2023-09-02,13:35:01,Whole,1592.83551651963,1.0,12.04022300065753,35.66322210722636,3162.285714285714,613.875,12.04022300065753,0,1,7,513.5041736633018,0.0,0.8409090909090909,,0.0,0.0,,2002.1227484543663,,,1931.8444730309748,1120.6408419534796,2002.1227484543663,,,1914.5751624069828
344,raspberrypi,258.0,2023-09-02,13:35:01,Whole,843.2255279333992,1.0,8.289709995721982,110.34110804821152,1699.4602272727273,1142.1477272727273,8.236482472115691,0,17,22,3394.7936180978027,0.09090909090909091,0.5227272727272727,,0.0,0.09090909090909091,,500.3268714574256,,,1213.183201147026,1437.868580933104,500.3268714574256,,,365.774620989784
345,raspberrypi,37.0,2023-09-02,07:15:01,Whole,1332.162217843439,0.0,6.389828600057298,,2980.21875,2724.65625,4.3935519919306705,0,118,24,0.000544688046400125,0.0,1.0,,0.0,0.0,,2193.0814964617284,,,726.8340965345137,1225.3105354701274,2193.0814964617284,,,2054.3005339596857
346,raspberrypi,190.0,2023-09-02,07:15:01,Whole,1342.477494121459,,5.232932730108831,,2993.0,2725.0,5.161278088216377,0,2,1,,0.0,1.0,,0.0,0.0,,2203.5125433039893,,,739.1600916411617,1231.017310572417,2203.5125433039893,,,2064.8931548238957
347,raspberrypi,224.0,2023-09-02,07:15:01,Whole,480.27054870312196,0.4230769230769231,6.191186920228863,9.419251403976801,2021.3053797468353,2376.8148734177216,0.8863594854582674,58,304,79,75.51662094858725,0.0,0.0,,1.0,0.0,,1249.1209687872893,,,0.0,1007.5660019936576,1249.1209687872893,,,1099.298650035583
348,raspberrypi,228.0,2023-09-02,07:15:01,Whole,861.6099901848696,1.0,5.896196591516006,141.74491026825365,2174.481818181818,2417.8681818181817,2.8905341213864153,11,229,55,7336.814575712232,0.06329113924050633,0.31645569620253167,,0.1518987341772152,0.06329113924050633,,1427.3905259431092,,,482.75346597651065,1199.160290023665,1427.3905259431092,,,1289.3603874892615
349,raspberrypi,233.0,2023-09-02,07:15:01,Whole,599.1182389090364,0.6666666666666666,6.080730918675217,84.50161600675597,2110.4240506329115,2215.2262658227846,0.8863594854582674,57,304,79,7365.914732936599,0.0,0.0,,0.810126582278481,0.0,,1263.8907492108776,,,192.39438484020553,1031.8500108161388,1263.8907492108776,,,1249.8868901562184
350,raspberrypi,236.0,2023-09-02,07:15:01,Whole,957.200918276934,1.0,7.266027992129227,165.7172525137769,2363.6875,1942.8125,4.22773123537328,1,194,40,17162.391466283832,0.05063291139240506,0.4936708860759494,,0.02531645569620253,0.05063291139240506,,1355.4000959427044,,,843.7869327216058,1227.0814103915798,1355.4000959427044,,,1274.90008317919
351,raspberrypi,237.0,2023-09-02,07:15:01,Whole,1514.1260762868712,0.0,8.982531071919004,,1088.6587837837837,646.643581081081,5.751305694938198,0,295,74,0.07732677005343334,0.0,1.0,,0.0,0.0,,443.9990583073156,,,1874.8920458557102,2029.7313943130305,443.9990583073156,,,352.2056500745564
352,raspberrypi,250.0,2023-09-02,07:15:01,Whole,1200.8746767091368,,8.215688382677508,,2637.0,935.75,6.888031563197123,0,6,1,,0.0,1.0,,0.0,0.0,,1411.3345867720238,,,1415.5141228892705,1066.2191493667135,1411.3345867720238,,,1359.8224861402964
353,raspberrypi,392.0,2023-09-02,07:15:01,Whole,1111.9599006000797,,7.330585508634667,,3040.3333333333335,1860.0,4.477607444953463,0,16,3,,0.0,1.0,,0.0,0.0,,1855.2869703313195,,,918.0814356404003,1019.7294933747874,1855.2869703313195,,,1745.4005024604146
354,raspberrypi,441.0,2023-09-02,07:15:01,Whole,1128.4334082481646,,7.756683555612031,,1164.5,1076.25,2.254792503522117,0,5,1,,0.012658227848101266,0.9873417721518988,,0.0,0.012658227848101266,,53.884903444292505,,,1469.0395921067511,1793.9771516327933,53.884903444292505,,,0.0
355,raspberrypi,458.0,2023-09-02,07:15:01,Whole,1064.0188342924946,,6.546761503612495,,921.75,1564.0,2.0100040727557684,0,6,1,,0.012658227848101266,0.9873417721518988,,0.0,0.012658227848101266,,135.13352358239425,,,1279.923193443644,1839.2330795375478,135.13352358239425,,,36.830600874861176
356,raspberrypi,470.0,2023-09-02,07:15:01,Whole,1346.137139508798,,5.985825996680574,,3240.5,2210.75,0.9767281365326312,1,6,1,,0.0,1.0,,0.0,0.0,,2161.656846416462,,,972.1751921273858,1163.7513891384674,2161.656846416462,,,2041.0403427203298
357,raspberrypi,896.0,2023-09-02,07:15:01,Whole,1085.0883770362445,0.5652173913043478,6.180183444301802,7.058630490592915,1092.3541666666667,1215.765625,2.983482379843737,0,95,24,10.900768067503087,0.3037974683544304,0.6962025316455697,,0.0,0.3037974683544304,,1.1767988824622055,,,1400.1502181213025,1799.0224002972486,1.1767988824622055,,,0.0
358,raspberrypi,37.0,2023-09-02,04:30:01,Whole,1987.2737800659188,0.0,10.504389526921695,,2981.88,2724.71,9.21841543408379,0,122,25,0.013925540604082052,0.0,1.0,,0.0,0.0,,2194.441464076719,,,728.4381160508987,1226.0540008975145,2194.441464076719,,,2055.7337961295248
359,raspberrypi,221.0,2023-09-02,04:30:01,Whole,824.3070591995909,0.0,6.663783983896913,,923.5507812499999,834.6074218750001,1.9985128498824756,0,280,64,0.06115092183440126,0.810126582278481,0.189873417721519,,0.0,0.810126582278481,,276.89706688210094,,,1805.273872734777,2065.4048938341866,276.89706688210094,,,171.80615095137134
360,raspberrypi,225.0,2023-09-02,04:30:01,Whole,500.4246589470113,0.0,5.434414962169446,,1307.0118243243244,887.4408783783783,1.9987631490427655,1,336,74,0.015518981574814465,0.0,1.0,,0.0,0.0,,277.36002143101734,,,1559.7059698287067,1769.2548482495467,277.36002143101734,,,229.51756347739988
361,raspberrypi,233.0,2023-09-02,04:30:01,Whole,689.2014405260248,0.05128205128205128,6.0686535924569585,3.769545460635978,2277.9525316455697,1085.2278481012659,4.152648542488228,0,348,79,0.7383102869565598,0.0,0.9493670886075949,,0.0,0.0,,1031.5884926544395,,,1185.075389880988,1149.2099180669902,1031.5884926544395,,,971.544229034675
362,raspberrypi,234.0,2023-09-02,04:30:01,Whole,145.80187839703885,0.0,4.8309586231977635,,1536.242088607595,1401.737341772152,1.693223659983337,0,348,79,0.09488214404196198,1.0,0.0,,0.0,1.0,,291.99846845276227,,,997.610792230233,1432.897444493624,291.99846845276227,,,188.1734958480936
363,raspberrypi,251.0,2023-09-02,04:30:01,Whole,500.37735070699983,,3.947032931765899,,1305.75,888.5,0.006005984161571885,1,6,1,,0.0,1.0,,0.0,0.0,,275.83002029725276,,,1559.3303183007145,1769.6578148054919,275.83002029725276,,,227.90042008369258
364,raspberrypi,392.0,2023-09-02,04:30:01,Whole,1537.1438134556931,0.0,8.972268725876024,,3040.7678571428573,1859.625,5.607337612265779,0,86,14,9.775770875670462e-26,0.0,1.0,,0.0,0.0,,1855.5998206346092,,,918.6488354124583,1019.7937367780755,1855.5998206346092,,,1746.1011942698974
365,raspberrypi,656.0,2023-09-02,04:30:01,Whole,460.54610950625334,0.0,5.25892097312135,,1237.5989583333333,1541.435763888889,1.6908062721490817,0,328,72,0.029793493611538505,0.9113924050632911,0.08860759493670886,,0.0,0.9113924050632911,,130.0556241234346,,,1059.0895795478834,1600.82562119852,130.0556241234346,,,0.0
366,raspberrypi,896.0,2023-09-02,04:30:01,Whole,1578.7086360943904,,9.168029116769485,,3187.5,1440.75,5.030030232910152,0,5,1,,0.0,1.0,,0.0,0.0,,1926.8347492858868,,,1292.0677485612089,1007.5182638140483,1926.8347492858868,,,1839.7427020869075
367,raspberrypi,987.0,2023-09-02,04:30:01,Whole,926.4873342746147,,5.780949653360901,,953.5,1927.0,2.4683432484631553,0,7,1,,0.0,1.0,,0.0,0.0,,458.0204560133583,,,1064.947183346644,1759.9649419216958,458.0204560133583,,,328.18578293387816
368,raspberrypi,988.0,2023-09-02,04:30:01,Whole,344.9360777558866,0.0,4.7522588172430815,,1272.0294117647059,1279.3529411764705,1.3645421068166321,0,100,17,0.00021921834641551406,0.21518987341772153,0.7848101265822784,,0.0,0.21518987341772153,,52.341954047305926,,,1240.803089265098,1648.1137502627666,52.341954047305926,,,0.0
369,raspberrypi,127.0,2023-09-01,22:40:01,Whole,822.3519874336064,,5.3121471332242685,,1071.75,1583.5,2.8621870029403,0,8,1,,0.0125,0.9875,,0.0,0.0125,,122.68579223359804,,,1150.6169534761486,1716.5733943227626,122.68579223359804,,,0.0
370,raspberrypi,190.0,2023-09-01,22:40:01,Whole,468.12107957614006,,4.800605528056233,,1538.75,1105.75,0.858145565766726,1,8,1,,0.0,1.0,,0.0,0.0,,319.4449993472006,,,1264.3872562766937,1529.1011405945355,319.4449993472006,,,287.1488257511684
371,raspberrypi,220.0,2023-09-01,22:40:01,Whole,628.9670036975164,0.012658227848101266,5.411691431257715,6.914658342969665,1846.065625,2055.246875,1.8336992038596878,0,531,80,0.633785705238152,0.0,0.9875,,0.0,0.0,,894.6968199328894,,,276.48529704815985,1119.0770777830019,894.6968199328894,,,749.402830083673
372,raspberrypi,221.0,2023-09-01,22:40:01,Whole,1304.0616044119731,0.0,7.636186508662385,,708.7734375,2002.3953125,5.1718285082484785,0,531,80,0.06469672226630453,0.0,1.0,,0.0,0.0,,611.250007009716,,,1265.7395331094688,1964.1011291309571,611.250007009716,,,506.8594671812634
373,raspberrypi,224.0,2023-09-01,22:40:01,Whole,375.6858927180313,0.0,4.650173279311192,,1676.5822784810127,1743.5759493670887,1.8363745450221667,0,528,79,0.07823312827056075,0.0,1.0,,0.0,0.0,,563.2647603184414,,,630.8144728986238,1263.5489406471572,563.2647603184414,,,424.7290155113528
374,raspberrypi,226.0,2023-09-01,22:40:01,Whole,535.2280627798656,0.0,5.059631267125168,,1890.1116666666667,892.035,1.5921694110261395,0,501,75,0.037096205763205506,0.0,1.0,,0.0,0.0,,719.8013046218243,,,1380.3813998305961,1410.5472453894968,719.8013046218243,,,697.703578385816
375,raspberrypi,229.0,2023-09-01,22:40:01,Whole,1724.521695669957,0.0,10.375231086090976,,3392.0304487179487,599.4887820512821,7.080646883978376,0,522,78,0.07684603146520623,0.0,0.025,,0.0,0.0,,2225.457584084331,,,2065.662190020356,1177.6867703568241,2225.457584084331,,,2182.472621058098
376,raspberrypi,232.0,2023-09-01,22:40:01,Whole,966.0105358409734,0.9803921568627451,6.644425092663908,59.96626833604363,1823.0542452830189,2308.7169811320755,2.270828473371267,0,368,53,2849.132747332274,0.0875,0.3375,,0.5,0.0875,,1079.962752086586,,,197.13391904530533,1132.2336742824455,1079.962752086586,,,1094.1205653341824
377,raspberrypi,233.0,2023-09-01,22:40:01,Whole,402.1802897564433,0.0,4.976516896989852,,2115.9446202531644,1102.1044303797469,1.5925497525429544,0,528,79,0.11568355000695403,0.0,1.0,,0.0,0.0,,870.056726655431,,,1156.5922452083319,1213.721509199298,870.056726655431,,,812.876560446678
378,raspberrypi,236.0,2023-09-01,22:40:01,Whole,580.1554317400756,0.0,4.904149298538552,,1562.096875,941.2609375,1.7124994564922227,1,531,80,0.10515536189535823,0.0,1.0,,0.0,0.0,,415.1581896131148,,,1409.588914455742,1580.0097041752274,415.1581896131148,,,413.7418738474538
379,raspberrypi,237.0,2023-09-01,22:40:01,Whole,543.9581065279223,,4.435028538720689,,1434.5,1113.75,1.1067572346392824,0,8,1,,0.0,1.0,,0.0,0.0,,224.38960622076192,,,1300.2697938527895,1593.5324287706198,224.38960622076192,,,201.4818470712154
380,raspberrypi,392.0,2023-09-01,22:40:01,Whole,1239.7081686039862,0.0,7.6648925692362315,,3040.8125,1859.9375,6.17241869811531,0,28,4,,0.0,1.0,,0.0,0.0,,1855.729379892202,,,918.5199141139285,1019.8499386956194,1855.729379892202,,,1746.159067225657
381,raspberrypi,80.0,2023-09-02,13:55:01,Whole,1319.9298968116857,,6.828093334070167,,1157.75,497.25,1.9242165121424484,0,4,1,,0.0,1.0,,0.0,0.0,,598.0892094441242,,,1975.7022670267913,2057.0649531039444,598.0892094441242,,,511.1281919093153
382,raspberrypi,221.0,2023-09-02,13:55:01,Whole,300.92365882471915,0.0,6.911454615686333,,1292.012323943662,1816.6021126760563,3.3075503582567323,0,221,71,0.12207724010449889,0.0,1.0,,0.0,0.0,,376.63112855362874,,,832.4718316774723,1506.7029475395354,376.63112855362874,,,222.37934534129104
383,raspberrypi,224.0,2023-09-02,13:55:01,Whole,1305.4669945425674,,7.7502143036698135,,766.875,728.625,4.879764292388875,0,8,2,,0.0,1.0,,0.0,0.0,,436.8215509555379,,,1984.0194517047348,2228.2774067251007,436.8215509555379,,,331.1269498275423
384,raspberrypi,228.0,2023-09-02,13:55:01,Whole,959.0560475272663,1.0,6.792011825690338,94.24106780164769,1815.6788194444443,868.2829861111111,5.209434221368615,0,223,72,7484.460965409126,0.0,0.013888888888888888,,0.0,0.0,,705.5606182434277,,,1438.4866089437305,1480.3002295020578,705.5606182434277,,,615.2755741400664
385,raspberrypi,234.0,2023-09-02,13:55:01,Whole,1318.7533595047014,,7.453956058379581,,1160.6666666666667,497.5,3.3265594154959186,0,12,3,,0.0,1.0,,0.0,0.0,,598.199333067077,,,1974.2151488083225,2054.962076374407,598.199333067077,,,511.9442876923745
386,raspberrypi,236.0,2023-09-02,13:55:01,Whole,404.2115502625378,0.0,7.112883700764971,,1910.1631944444443,1985.826388888889,3.305387357357498,0,223,72,0.12352975846570821,0.0,1.0,,0.0,0.0,,895.8436940909411,,,309.19598728658724,1098.8812973736685,895.8436940909411,,,754.2243407163553
387,raspberrypi,237.0,2023-09-02,13:55:01,Whole,868.4280355680065,0.8857142857142857,8.45700963231882,55.608174271220626,1321.9911971830986,2406.7904929577467,2.9849205849441316,0,221,71,1385.1982756658442,0.0,0.013888888888888888,,0.2777777777777778,0.0,,1057.7261920470316,,,668.0069687296772,1529.5342029934495,1057.7261920470316,,,974.3006524166549
388,raspberrypi,258.0,2023-09-02,13:55:01,Whole,1944.7998353708083,,10.120430109242792,,3133.75,2922.0,7.022363382865471,0,4,1,,0.0,1.0,,0.0,0.0,,2435.134054109566,,,940.6156623275028,1392.614185123968,2435.134054109566,,,2294.8257091131973
389,raspberrypi,414.0,2023-09-02,13:55:01,Whole,1945.1981394647096,,10.703111282750843,,3134.25,2922.0,7.957306198281232,0,4,1,,0.0,1.0,,0.0,0.0,,2435.526005281208,,,941.071307443468,1392.8517624153803,2435.526005281208,,,2295.2245904670876
390,raspberrypi,954.0,2023-09-02,13:55:01,Whole,1318.730610700685,,6.699604228706976,,1160.0,497.75,1.420146818898776,0,4,1,,0.0,1.0,,0.0,0.0,,597.8694801091668,,,1974.2775477091943,2055.280962197586,597.8694801091668,,,511.106187109772
391,raspberrypi,220.0,2023-09-02,13:20:01,Whole,1282.9928473939055,,7.062448703130602,,1049.75,1640.5,3.435478810487049,0,4,1,,0.014285714285714285,0.9857142857142858,,0.0,0.014285714285714285,,162.92746308667185,,,1131.7873717444834,1722.2860129808892,162.92746308667185,,,25.962044274356174
392,raspberrypi,221.0,2023-09-02,13:20:01,Whole,1078.2769654946148,1.0,4.3642532024155,39.95631556588678,1398.5648148148148,1169.2592592592594,1.413669066305226,0,122,27,2021.1464755905465,0.08571428571428572,0.6428571428571429,,0.0,0.08571428571428572,,215.45780407746497,,,1277.8556639102767,1603.2283403087204,215.45780407746497,,,223.9467940106753
393,raspberrypi,224.0,2023-09-02,13:20:01,Whole,720.9568841967457,0.0,7.82058992905031,,3020.1829710144925,1895.9818840579708,2.09703774775076,0,223,69,0.03539951181806923,0.0,1.0,,0.0,0.0,,1846.3378357430615,,,882.022752118729,1019.4314789418436,1846.3378357430615,,,1734.3039645358983
394,raspberrypi,228.0,2023-09-02,13:20:01,Whole,467.2359422486423,1.0,6.910774146542924,133.85618567521786,2245.691037735849,1982.2665094339623,3.2078777063620234,0,188,53,5577.402698111963,0.0,0.2571428571428571,,0.21428571428571427,0.0,,1206.2749002612265,,,396.0573299638231,1025.4547991111258,1206.2749002612265,,,1066.5109604974868
395,raspberrypi,234.0,2023-09-02,13:20:01,Whole,1399.5879935130386,0.0,5.626958749635628,,1481.375,569.375,2.7782804044253826,1,62,12,8.106977604874102e-27,0.0,1.0,,0.0,0.0,,634.2811536955019,,,1787.6570569244675,1808.65702044278,634.2811536955019,,,583.5947002772463
396,raspberrypi,236.0,2023-09-02,13:20:01,Whole,716.6838681414498,0.0,7.670150994593926,,2791.1534090909086,2231.100378787879,2.09613632651433,0,220,66,0.07264600455660726,0.0,1.0,,0.0,0.0,,1765.9015268338767,,,532.1997749547863,1012.244597191158,1765.9015268338767,,,1637.0874999505709
397,raspberrypi,237.0,2023-09-02,13:20:01,Whole,853.5997686260738,0.7288135593220338,4.705217314895063,8.514969048118845,1764.4708333333333,1044.1395833333333,3.506406076764343,1,206,60,37.49987856920438,0.0,0.38571428571428573,,0.0,0.0,,547.534158804669,,,1253.8673968592366,1417.1016814167215,547.534158804669,,,502.3107274642842
398,raspberrypi,404.0,2023-09-02,13:20:01,Whole,1589.4340045786803,,8.800538627198556,,1008.5,800.75,4.132565269659405,0,4,1,,0.014285714285714285,0.9857142857142858,,0.0,0.014285714285714285,,292.6486609687082,,,1784.77972635342,2017.0228727409722,292.6486609687082,,,193.02937017461736
399,raspberrypi,441.0,2023-09-02,13:20:01,Whole,588.3800776260174,,4.709123311063218,,1813.0,1403.75,1.9086430423310754,0,6,1,,0.0,1.0,,0.0,0.0,,560.7410369987609,,,892.9320054349025,1269.330679673109,560.7410369987609,,,464.9169062120419
400,raspberrypi,445.0,2023-09-02,13:20:01,Whole,1398.501506261907,,6.177425526696424,,1483.0,569.5,0.008469148067930596,1,6,1,,0.0,1.0,,0.0,0.0,,634.9924343856942,,,1787.0331978575505,1807.581423674983,634.9924343856942,,,584.4939881959243
401,raspberrypi,825.0,2023-09-02,13:20:01,Whole,861.3715458379619,,4.6764591568997815,,1730.0,1064.75,0.09681197960444733,1,6,1,,0.0,1.0,,0.0,0.0,,508.6995664621287,,,1241.8606584642926,1428.7078679888896,508.6995664621287,,,470.6792893881485
402,raspberrypi,944.0,2023-09-02,13:20:01,Whole,1398.0739578130754,,6.598908651502236,,3188.25,2786.0,3.5304074065268005,0,3,1,,0.0,1.0,,0.0,0.0,,2397.2739681932767,,,943.7106628033623,1349.5090960452064,2397.2739681932767,,,2260.3186070972224
403,raspberrypi,17.0,2023-09-01,21:00:01,Whole,946.7128157746517,,6.2371772836819455,,1279.75,1846.75,2.4614948927329827,0,5,1,,0.0,1.0,,0.0,0.0,,400.25659581923827,,,823.8748286223506,1511.2310386359788,400.25659581923827,,,246.33383321467582
404,raspberrypi,37.0,2023-09-01,21:00:01,Whole,1410.1689647184862,,7.312003317245474,,2983.875,2725.125,4.5103551093761505,0,9,2,,0.0,1.0,,0.0,0.0,,2196.2854199484827,,,730.4671548119202,1227.101958535364,2196.2854199484827,,,2057.522244355283
405,raspberrypi,220.0,2023-09-01,21:00:01,Whole,598.9533567049915,0.025974025974025976,5.574554595195537,10.956972126383777,1741.3108974358975,1968.4086538461538,3.1924301773891792,0,304,78,4.459278297561669,0.0,0.9743589743589743,,0.0,0.0,,759.3189014905623,,,407.35204165144285,1186.9535681854848,759.3189014905623,,,613.1944981918284
406,raspberrypi,226.0,2023-09-01,21:00:01,Whole,621.1649089155695,0.0,6.095617771357845,,1817.3573717948718,1062.3125,1.6110416219487513,0,304,78,0.061926801833830133,0.0,1.0,,0.0,0.0,,591.352691542583,,,1224.3738796619245,1380.0769352094221,591.352691542583,,,549.0446968401309
407,raspberrypi,229.0,2023-09-01,21:00:01,Whole,1518.7806086027654,0.13157894736842105,10.422198492409777,2.2005681084665385,3518.314024390244,840.0091463414634,7.284891539994802,0,178,41,0.5148101353338116,0.0,0.47435897435897434,,0.0,0.0,,2292.4216929738873,,,1954.2052160337466,1145.7473671358796,2292.4216929738873,,,2236.110705299168
408,raspberrypi,232.0,2023-09-01,21:00:01,Whole,884.3142442909729,0.4722222222222222,6.069543696121763,27.47404273812761,2096.3527397260273,2438.876712328767,3.180635033417317,0,291,73,515.7406241938193,0.0,0.07692307692307693,,0.9230769230769231,0.0,,1346.426668368012,,,6.781189312944113,985.906013603042,1346.426668368012,,,1227.58038654877
409,raspberrypi,233.0,2023-09-01,21:00:01,Whole,483.43914949227195,0.0,6.087635964093653,,2128.6923076923076,1083.8814102564102,1.6110416219487513,0,304,78,0.06419029775117643,0.0,1.0,,0.0,0.0,,885.8294153498234,,,1175.035736848083,1214.23559177677,885.8294153498234,,,830.5034304387473
410,raspberrypi,250.0,2023-09-01,21:00:01,Whole,809.0596748992269,,4.309988468703157,,1767.0,870.5,1.0241236834255432,0,4,1,,0.0,1.0,,0.0,0.0,,622.464648459034,,,1422.3993672594554,1488.584248237869,622.464648459034,,,611.8802534035524
411,raspberrypi,366.0,2023-09-01,21:00:01,Whole,987.8442527172881,,5.895634297945893,,2936.0,2204.0,1.8580415144038185,0,6,1,,0.0,1.0,,0.0,0.0,,1881.9874237160197,,,678.5794746689162,1047.27180275233,1881.9874237160197,,,1756.7706443661068
412,raspberrypi,392.0,2023-09-01,21:00:01,Whole,907.4203858176976,0.0,5.44370109379746,,3041.140625,1860.1302083333333,5.436159523105493,0,111,24,0.0027135923299574836,0.0,1.0,,0.0,0.0,,1856.0977137491213,,,918.6947437026234,1019.9659125805165,1856.0977137491213,,,1746.604932813218
413,raspberrypi,414.0,2023-09-01,21:00:01,Whole,1264.031220343683,,7.628451571164605,,951.5,1847.75,4.120382861654305,0,5,1,,0.0,1.0,,0.0,0.0,,381.6920767711094,,,1101.8568692054132,1769.560100471383,381.6920767711094,,,254.28707556856634
414,raspberrypi,470.0,2023-09-01,21:00:01,Whole,876.1527983571049,,5.059827350093845,,2404.5,2412.0,1.5182995286584253,0,4,1,,0.0,0.9871794871794872,,0.01282051282051282,0.0,,1547.9036075382564,,,113.41891735003708,966.011303432689,1547.9036075382564,,,1405.8763946311801
415,raspberrypi,653.0,2023-09-01,21:00:01,Whole,1026.567277444607,,6.137496965553338,,2675.25,2465.25,2.9274653200817484,0,4,1,,0.0,1.0,,0.0,0.0,,1793.749275925661,,,381.39599782784893,1026.3371870416831,1793.749275925661,,,1655.6960900887113
416,raspberrypi,657.0,2023-09-01,21:00:01,Whole,1003.6455159162141,,5.113148594168398,,1510.5,819.5,2.020238183077583,0,4,1,,0.0,1.0,,0.0,0.0,,453.8741552233156,,,1541.6103317308075,1666.1843041242018,453.8741552233156,,,430.2495292519601
417,raspberrypi,987.0,2023-09-01,21:00:01,Whole,1532.3399987222706,,8.924286536332296,,651.0,1557.0,6.014169054606974,0,5,1,,0.0,1.0,,0.0,0.0,,318.20726494963486,,,1507.4009316794002,2064.546038462511,318.20726494963486,,,276.3896944229
418,raspberrypi,37.0,2023-09-02,03:50:01,Whole,1820.378136122438,,10.235601516196754,,2981.9166666666665,2724.3333333333335,8.71240083794915,0,17,3,,0.0,1.0,,0.0,0.0,,2194.2446121011208,,,728.3629033264593,1225.9045562624588,2194.2446121011208,,,2055.428221892258
419,raspberrypi,106.0,2023-09-02,03:50:01,Whole,920.2773617470081,,4.651065092221011,,1177.25,2420.5,1.356801534114733,0,5,1,,0.0,1.0,,0.0,0.0,,942.1733740792718,,,726.3093809770207,1574.562611105335,942.1733740792718,,,795.3582151061854
420,raspberrypi,220.0,2023-09-02,03:50:01,Whole,274.51058388006555,0.02564102564102564,5.137079664241894,2.7446917413347003,1533.9082278481012,1857.7246835443038,1.1780004904786545,0,360,79,0.29807057688044064,0.0,0.975,,0.0,0.0,,538.104922825052,,,625.690368470628,1330.9430603355522,538.104922825052,,,387.8584268227755
421,raspberrypi,224.0,2023-09-02,03:50:01,Whole,171.18893990576748,0.0,5.620686559054607,,1485.8015625,1431.6078125,1.0953425985891831,0,364,80,0.10597250377861538,1.0,0.0,,0.0,1.0,,251.50797752705972,,,996.4724970648965,1456.9876635391279,251.50797752705972,,,138.77695351189806
422,raspberrypi,228.0,2023-09-02,03:50:01,Whole,998.0405393806988,0.0,7.424345339986663,,894.7724358974359,842.8429487179487,4.307153680244659,0,196,39,0.023945728429280305,0.4875,0.5125,,0.0,0.4875,,278.7518904404934,,,1815.703848311547,2083.572186822308,278.7518904404934,,,173.04477412827484
423,raspberrypi,233.0,2023-09-02,03:50:01,Whole,865.734362762026,0.0,6.587435121751622,,2294.509375,1122.6140625,4.469450006472965,0,364,80,0.05226288960759906,0.0,1.0,,0.0,0.0,,1042.2367361269876,,,1150.326235725477,1130.71570223,1042.2367361269876,,,979.8600184633156
424,raspberrypi,236.0,2023-09-02,03:50:01,Whole,118.23102684696077,0.0,5.309458817986605,,1459.11875,1642.2296875,1.0953425985891831,0,364,80,0.13118885059767793,1.0,0.0,,0.0,1.0,,331.05742728244746,,,837.8701254575874,1422.0551959878017,331.05742728244746,,,187.46986491793493
425,raspberrypi,237.0,2023-09-02,03:50:01,Whole,659.9800669580517,0.0,6.058204623157168,,1260.1060126582279,2171.3734177215188,2.1493425576092875,0,361,79,0.12242496061784285,0.0,1.0,,0.0,0.0,,707.6610867016741,,,689.228488337809,1497.555286530125,707.6610867016741,,,556.5948037691109
426,raspberrypi,392.0,2023-09-02,03:50:01,Whole,1503.421264829957,,7.815682265986169,,3040.5,1859.5,5.415295243593986,0,5,1,,0.0,1.0,,0.0,0.0,,1855.3081168078934,,,918.48901133309,1019.7037392428714,1855.3081168078934,,,1745.829054495121
427,raspberrypi,470.0,2023-09-02,03:50:01,Whole,1827.377110926896,,9.428240722315792,,3299.25,2152.75,7.431070974279269,0,5,1,,0.0,1.0,,0.0,0.0,,2194.265947729288,,,1042.5217135048567,1175.0679946437172,2194.265947729288,,,2076.4897787204627
428,raspberrypi,896.0,2023-09-02,03:50:01,Whole,1049.400699691258,,5.676162634749613,,2468.25,2114.5,5.005911128927624,0,5,1,,0.0,1.0,,0.0,0.0,,1427.7907455141158,,,306.55900132372585,960.460142539584,1427.7907455141158,,,1296.541177699263
429,raspberrypi,224.0,2023-09-02,13:30:01,Whole,1179.3820584957045,0.43478260869565216,8.992848841126525,12.970766562314946,2214.6666666666665,2702.5807291666665,5.6400745690312535,0,167,48,119.64907408001058,0.0,0.323943661971831,,0.6619718309859155,0.0,,1622.7002992639718,,,79.29750500912293,989.4596705748316,1622.7002992639718,,,1463.2914438373368
430,raspberrypi,227.0,2023-09-02,13:30:01,Whole,636.9367525057498,0.34285714285714286,6.3645620195295285,39.8333215596598,1525.286971830986,1535.8309859154929,1.8273505178774276,0,235,71,714.9953495044472,0.2112676056338028,0.6619718309859155,,0.0,0.2112676056338028,,330.65076437748195,,,888.3107457656372,1404.595697218469,330.65076437748195,,,214.14905729795882
431,raspberrypi,228.0,2023-09-02,13:30:01,Whole,312.32215141533914,0.0,5.829874224083324,,1875.100352112676,1655.6778169014085,1.8291845486001972,0,235,71,0.14896421148131916,0.0,1.0,,0.0,0.0,,690.7671188407835,,,633.5588694466476,1175.0653679518634,690.7671188407835,,,568.1282546627939
432,raspberrypi,234.0,2023-09-02,13:30:01,Whole,953.0496314778902,0.0,7.032022975130381,,1253.4807692307693,1822.9951923076924,2.0011382784585865,0,89,26,0.1372646904759767,0.0,1.0,,0.0,0.0,,369.1581235225538,,,859.1312941632461,1534.4069229030029,369.1581235225538,,,215.60764074140684
433,raspberrypi,236.0,2023-09-02,13:30:01,Whole,1363.3035415039121,0.9855072463768116,7.901569074077962,66.13624878110328,3130.244642857143,653.8660714285714,8.937703237701692,0,233,70,4469.729568510696,0.0,0.028169014084507043,,0.0,0.0,,1981.5765369653932,,,1916.6170790306726,1190.9112588111125,1981.5765369653932,,,2023.0448705305612
434,raspberrypi,237.0,2023-09-02,13:30:01,Whole,1118.5112157542749,1.0,7.2407292283545015,23.923535018549842,3062.717105263158,874.9013157894736,2.435232992395831,0,72,19,408.4169392297333,0.0,0.7323943661971831,,0.0,0.0,,1842.920620509749,,,1656.395069553476,993.0638353562722,1842.920620509749,,,1801.3083901836944
435,raspberrypi,470.0,2023-09-02,13:30:01,Whole,1296.7079196373852,,6.90861815841593,,2926.0,479.5,2.2629595261602513,0,5,1,,0.0,0.9859154929577465,,0.0,0.0,,1828.5195279616278,,,1945.4832048383234,1216.36145509328,1828.5195279616278,,,1801.464798338173
436,raspberrypi,37.0,2023-09-02,07:25:01,Whole,1497.9503818006378,0.0,8.471311173403663,,2981.223214285714,2724.464285714286,6.353688074494284,0,4,14,0.07469505043397577,0.0,1.0,,0.0,0.0,,2193.769000408156,,,727.7381417829746,1225.6617418777173,2193.769000408156,,,2054.252235117455
437,raspberrypi,199.0,2023-09-02,07:25:01,Whole,651.3846977904321,,5.966256610676984,,1813.0,2347.5,5.578825146859685,0,2,1,,0.0,0.9814814814814815,,0.018518518518518517,0.0,,1097.1033099958117,,,109.19889142346602,1104.6047816334885,1097.1033099958117,,,944.8478103107477
438,raspberrypi,220.0,2023-09-02,07:25:01,Whole,566.1470534394646,0.0,6.182118095773695,,1463.9218750000002,1325.31875,5.578825146859685,0,9,40,0.02853154515557652,0.7407407407407407,0.25925925925925924,,0.0,0.7407407407407407,,212.54456154948193,,,1099.3896521668187,1502.5601110541234,212.54456154948193,,,124.95062414537932
439,raspberrypi,392.0,2023-09-02,07:25:01,Whole,1163.8941681263357,0.0,7.87077503570968,,3040.875,1859.9,8.594372344879137,0,6,5,0.005208333333333333,0.0,1.0,,0.0,0.0,,1855.7789514435367,,,918.5929611192757,1019.861703366701,1855.7789514435367,,,1746.0085202614566
440,raspberrypi,656.0,2023-09-02,07:25:01,Whole,966.6054948124311,,7.527882660187088,,958.75,1434.1666666666667,2.6714382247813915,0,3,3,,0.05555555555555555,0.9444444444444444,,0.0,0.05555555555555555,,49.308518380148314,,,1333.9277988820832,1839.1336991420224,49.308518380148314,,,0.0
441,raspberrypi,973.0,2023-09-02,07:25:01,Whole,363.9618435413169,,,,1530.25,1633.25,,0,0,1,,0.0,1.0,,0.0,0.0,,380.85831418630676,,,802.8092925486856,1377.2829065333694,380.85831418630676,,,242.56615863841668
442,raspberrypi,997.0,2023-09-02,07:25:01,Whole,893.2823873523948,,6.970709450640654,,999.25,1790.75,3.394817695420454,0,2,1,,0.018518518518518517,0.9814814814814815,,0.0,0.018518518518518517,,316.8451744373842,,,1088.3429860854758,1737.7655831137115,316.8451744373842,,,184.46316117266204
443,raspberrypi,37.0,2023-09-01,19:50:01,Whole,1797.6123764576478,,10.429288646118065,,2978.5,2725.0,5.373364710018977,0,6,1,,0.0,1.0,,0.0,0.0,,2191.9148826065166,,,725.29211756019,1224.7172645835253,2191.9148826065166,,,2053.0710005693363
444,raspberrypi,80.0,2023-09-01,19:50:01,Whole,941.154946351581,0.0,6.207774143630526,,1223.0892857142858,2180.1785714285716,2.92198853115394,0,90,14,0.004304407713498624,0.0,1.0,,0.0,0.0,,709.5316087992846,,,721.7125009235249,1526.8167491358292,709.5316087992846,,,559.8875508346925
445,raspberrypi,221.0,2023-09-01,19:50:01,Whole,604.2636984572728,0.16326530612244897,6.196555593837934,16.943010642126307,1536.65625,843.4206730769231,2.2231313601327822,0,305,52,52.11019763714811,0.0,0.9,,0.0,0.0,,456.10688633146776,,,1510.4036328870138,1638.98341351496,456.10688633146776,,,434.9422047945583
446,raspberrypi,224.0,2023-09-01,19:50:01,Whole,561.7847656147445,0.9746835443037974,5.367640600566411,51.68230036584296,1732.7359375,1443.9828125,2.537209833499881,1,413,80,3360.4097199005155,0.425,0.0125,,0.0,0.425,,596.5585179026376,,,1016.7456042568231,1386.2694683609543,596.5585179026376,,,306.0553752646163
447,raspberrypi,228.0,2023-09-01,19:50:01,Whole,492.1259295413305,1.0,6.3728296969174485,28.711388590157114,2162.4825949367087,1209.0553797468353,3.0365887578740827,1,408,79,1628.2843297084376,0.0,0.025,,0.0,0.0,,908.085187071336,,,1084.4155115421904,1178.5633264199219,908.085187071336,,,878.2957144667562
448,raspberrypi,230.0,2023-09-01,19:50:01,Whole,1058.052392917942,0.16666666666666666,8.348788201168691,8.9865697103838,770.6397058823529,1024.5073529411766,3.9162584273811274,0,341,68,18.23531308041074,0.85,0.15,,0.0,0.85,,204.103886897446,,,1755.6048256576871,2110.0805253986177,204.103886897446,,,104.41737661315216
449,raspberrypi,232.0,2023-09-01,19:50:01,Whole,617.0012587835471,1.0,5.752924746333195,67.0076575002144,1812.6351351351352,1662.0777027027027,1.457398487031337,15,215,37,5080.459621538741,0.0,0.55,,0.0875,0.0,,733.8406173199521,,,749.814386553307,1294.400056645372,733.8406173199521,,,300.15769548075696
450,raspberrypi,237.0,2023-09-01,19:50:01,Whole,753.5944857133624,0.9367088607594937,5.701617975488023,54.778294106025356,2016.5984375,2098.7484375,4.313327163733416,0,413,80,3310.1704928394665,0.0,0.075,,0.5875,0.0,,1080.8179726377793,,,264.694051712065,1061.4482250794065,1080.8179726377793,,,1074.158809338084
451,raspberrypi,238.0,2023-09-01,19:50:01,Whole,320.5879823947969,0.4888888888888889,5.8598879478427,5.000362790210186,1472.3164893617022,1259.9281914893618,1.8058360275212957,15,289,47,9.313311086737047,0.5875,0.4125,,0.0,0.5875,,222.47254416713287,,,1152.8552243590202,1517.9067803068633,222.47254416713287,,,154.00910660047592
452,raspberrypi,258.0,2023-09-01,19:50:01,Whole,1788.2670338128494,0.7692307692307693,9.719088075749013,7.574849197526175,3251.0535714285716,421.9107142857143,6.913272706634944,0,88,14,33.69109036934942,0.0,0.825,,0.0,0.0,,2150.266598896224,,,2140.7844980640402,1264.5884935758181,2150.266598896224,,,2119.67116139262
453,raspberrypi,366.0,2023-09-01,19:50:01,Whole,1424.69651799683,,6.666543273102681,,2937.75,2203.75,1.7530287101297102,0,7,1,,0.0,1.0,,0.0,0.0,,1883.448049182321,,,680.3278836238039,1047.7596087450002,1883.448049182321,,,1758.2705169695641
454,raspberrypi,392.0,2023-09-01,19:50:01,Whole,1361.9232749557204,0.0,7.7003253668213185,,3041.5694444444443,1859.8333333333333,3.7757400364079277,0,104,18,0.003195227721788245,0.0,1.0,,0.0,0.0,,1856.4267829045434,,,919.2158629352521,1020.0400728701275,1856.4267829045434,,,1746.9327276917684
455,raspberrypi,954.0,2023-09-01,19:50:01,Whole,941.3921952344175,,5.616340242668153,,1223.5,2180.75,3.844372947020424,0,4,1,,0.0,1.0,,0.0,0.0,,710.1616979457234,,,721.1499640501108,1526.4784132284142,710.1616979457234,,,560.4332420457802
456,raspberrypi,987.0,2023-09-01,19:50:01,Whole,1608.2274119758774,,9.019020244859684,,2631.75,2755.5,3.6159880114465146,0,5,1,,0.0,1.0,,0.0,0.0,,1945.968140856632,,,417.0703429783919,1101.938641271531,1945.968140856632,,,1801.1091882444662
457,raspberrypi,64.0,2023-09-02,09:20:01,Whole,1070.404908717258,,6.5157714482926865,,719.75,1809.5,4.34865064366693,0,3,1,,0.0,1.0,,0.0,0.0,,442.2297239371051,,,1326.4399337712669,1968.795210171882,442.2297239371051,,,351.381034948159
458,raspberrypi,220.0,2023-09-02,09:20:01,Whole,1133.106726547641,,,,2686.25,1311.25,,0,0,1,,0.0,1.0,,0.0,0.0,,1421.3295073609868,,,1089.6341717055898,978.9955653831588,1421.3295073609868,,,1340.9260960553115
459,raspberrypi,221.0,2023-09-02,09:20:01,Whole,581.5369144278084,0.4657534246575342,7.23765236144055,26.2523281082218,2125.251689189189,2444.866554054054,1.0317170966643414,19,137,74,417.52446169793194,0.0,0.013333333333333334,,0.9866666666666667,0.0,,1370.280417219629,,,1.430838756601016,977.1049480641153,1370.280417219629,,,1232.3526260587655
460,raspberrypi,228.0,2023-09-02,09:20:01,Whole,1078.2389022292462,,6.368954880397043,,713.25,1801.0,5.188206574801576,0,4,1,,0.0,1.0,,0.0,0.0,,439.11466056528104,,,1335.9361645699264,1975.2972351372728,439.11466056528104,,,350.07254141289263
461,raspberrypi,238.0,2023-09-02,09:20:01,Whole,457.93940492714074,0.7076923076923077,6.539545791560777,7.744030281576161,1957.0359848484848,2405.8598484848485,1.0304977414225622,19,135,66,88.1658845188792,0.0,0.12,,0.88,0.0,,1230.1264168407993,,,0.0,1028.9413806894877,1230.1264168407993,,,1076.1559464997536
462,raspberrypi,258.0,2023-09-02,09:20:01,Whole,1021.7278296470117,0.47692307692307695,4.442250746642569,18.082793920962462,1249.5435606060605,1110.1875,7.170025470413979,2,135,66,176.08827264564715,0.88,0.12,,0.0,0.88,,117.8933883244874,,,1394.3896800863363,1723.9257836115698,117.8933883244874,,,44.95426475536209
463,raspberrypi,656.0,2023-09-02,09:20:01,Whole,1118.4692545800744,,5.990210563199417,,1085.25,1105.5,1.163120841475325,0,3,1,,0.013333333333333334,0.9866666666666667,,0.0,0.013333333333333334,,39.4830413161079,,,1491.2886506656062,1841.2863275598859,39.4830413161079,,,0.0
464,raspberrypi,987.0,2023-09-02,09:20:01,Whole,1197.9036457833945,,5.722366378609424,,1158.375,960.375,0.057963978097249236,2,7,2,,0.02666666666666667,0.9733333333333334,,0.0,0.02666666666666667,,189.8647174639776,,,1570.1849223787997,1845.2575351998726,189.8647174639776,,,133.54319293694016
465,raspberrypi,221.0,2023-09-01,18:35:01,Whole,431.46477578419046,0.0,6.827520512487583,,2291.296875,1215.159375,5.319359248264786,0,551,80,0.10219604728362958,0.0,1.0,,0.0,0.0,,1029.9669098864988,,,1058.3432125908364,1105.2801537936111,1029.9669098864988,,,958.6927942769321
466,raspberrypi,224.0,2023-09-01,18:35:01,Whole,873.1214281224404,0.0,6.7402859644074535,,1659.775,2267.70625,1.3975691907363983,0,551,80,0.11262882956289151,0.0,1.0,,0.0,0.0,,946.602871773585,,,281.1259091554405,1202.560492745754,946.602871773585,,,793.2255778837166
467,raspberrypi,225.0,2023-09-01,18:35:01,Whole,987.6571658226258,0.0,8.004748657182864,,1068.296875,933.2390625,0.9539104619547704,78,551,80,0.13287222353097958,1.0,0.0,,0.0,1.0,,159.0297519798516,,,1641.396370025662,1918.4259202436751,159.0297519798516,,,66.12168118190984
468,raspberrypi,226.0,2023-09-01,18:35:01,Whole,1205.4912764851076,0.0,8.064771638171536,,775.46875,1054.1875,1.6356920633582341,0,36,4,0.0,0.05,0.95,,0.0,0.05,,182.6271337165096,,,1730.6341298028426,2095.9861773078433,182.6271337165096,,,92.62804029550745
469,raspberrypi,228.0,2023-09-01,18:35:01,Whole,978.9545628029492,1.0,8.162358849352794,128.62679509709227,2142.565340909091,2248.7017045454545,2.9068995004783615,0,324,44,16405.6077629218,0.0,0.475,,0.05,0.0,,1260.3812877827481,,,516.3065934951987,1192.977149783893,1260.3812877827481,,,1087.6683032736905
470,raspberrypi,229.0,2023-09-01,18:35:01,Whole,1681.5598898315347,0.0,10.5026103371153,,3462.5,765.6359375,2.843433783025206,0,551,80,0.052966333462966024,0.0,0.0,,0.0,0.0,,2252.361658404431,,,1975.091757504922,1126.5958968112202,2252.361658404431,,,2200.0423072736166
471,raspberrypi,232.0,2023-09-01,18:35:01,Whole,1154.2238725976317,0.0,8.652926190247337,,971.525641025641,775.6858974358975,0.9534841874580089,78,539,78,0.09989455787451225,0.0,1.0,,0.0,0.0,,322.64165493852653,,,1826.1286967755004,2054.9073852869496,322.64165493852653,,,220.55803977938982
472,raspberrypi,234.0,2023-09-01,18:35:01,Whole,1157.1419215228395,0.0,7.92213625047392,,1194.157327586207,2335.6831896551726,1.5696501671809782,0,406,58,0.02694035043397744,0.0,1.0,,0.0,0.0,,859.5390849750029,,,716.509069206236,1553.535756300088,859.5390849750029,,,711.7031705390414
473,raspberrypi,237.0,2023-09-01,18:35:01,Whole,1119.8389934716213,0.21666666666666667,7.527081314140543,4.9214232966458,1470.0201612903227,2459.7762096774195,1.3951873935856267,0,440,62,5.639989509767741,0.0,0.8375,,0.0,0.0,,1041.6560827909516,,,432.95806077288734,1340.1812741119163,1041.6560827909516,,,888.1083029482253
474,raspberrypi,258.0,2023-09-01,18:35:01,Whole,1556.4936115286796,0.8245614035087719,10.217276917695127,13.264212117083675,3118.794491525424,444.135593220339,2.560406006658988,0,422,59,184.35152313450246,0.0,0.2625,,0.0,0.0,,2019.7507087926083,,,2061.262489808278,1242.283167804104,2019.7507087926083,,,1889.239567152869
475,raspberrypi,366.0,2023-09-01,18:35:01,Whole,1276.4204764768836,,8.876452829442638,,2937.625,2204.0,6.09110322624363,0,14,2,,0.0,1.0,,0.0,0.0,,1883.4456847847125,,,680.1367078586629,1047.7711132161855,1883.4456847847125,,,1758.2571205946388
476,raspberrypi,392.0,2023-09-01,18:35:01,Whole,1199.852348616826,,8.421054713291852,,3041.25,1860.0,5.096769621506789,0,8,1,,0.0,1.0,,0.0,0.0,,1856.1665078444264,,,918.856676162407,1019.9770807866829,1856.1665078444264,,,1746.6744186526337
477,raspberrypi,445.0,2023-09-01,18:35:01,Whole,1096.84444188665,,7.29329229655426,,889.0,1058.5,1.1269304442740076,0,9,1,,0.0125,0.9875,,0.0,0.0125,,98.26946189489469,,,1651.2341387669233,2005.971020834197,98.26946189489469,,,0.0
478,raspberrypi,653.0,2023-09-01,18:35:01,Whole,1277.2636189606503,,8.281406872890477,,2675.0,2464.0,5.349312925220225,0,7,1,,0.0,1.0,,0.0,0.0,,1792.8096352177276,,,381.1232096337961,1025.992959486369,1792.8096352177276,,,1654.7837440849837
479,raspberrypi,987.0,2023-09-01,18:35:01,Whole,1497.67929375421,,10.047662263249736,,2624.5,2755.5,5.580401964212619,0,7,1,,0.0,1.0,,0.0,0.0,,1940.6908428550073,,,410.76916189747834,1099.3903439559613,1940.6908428550073,,,1795.7189738238692
480,raspberrypi,221.0,2023-09-02,00:55:01,Whole,127.3792117504828,0.0,4.340988545201582,,1851.16875,1131.65,1.5272520583561113,0,470,80,0.0936654885307755,0.0,1.0,,0.0,0.0,,606.9152294825833,,,1149.8551453961998,1335.706306108657,606.9152294825833,,,552.597511410225
481,raspberrypi,229.0,2023-09-02,00:55:01,Whole,1391.391972273407,0.0,8.835646770052767,,3222.261824324324,511.0912162162162,6.309078937559518,0,443,74,0.06309933340027703,0.0,0.075,,0.0,0.0,,2091.847459890312,,,2049.0840368229433,1175.5808382902637,2091.847459890312,,,2056.463726977199
482,raspberrypi,233.0,2023-09-02,00:55:01,Whole,216.2407096279811,0.0,4.657636302872632,,2143.112341772152,1084.251582278481,1.5272520583561113,0,466,79,0.05818484643931284,0.0,1.0,,0.0,0.0,,899.8230120274818,,,1175.0597021574579,1207.5474857336117,899.8230120274818,,,844.0877130273097
483,raspberrypi,234.0,2023-09-02,00:55:01,Whole,509.80475101072733,0.0,4.817200279437735,,1440.625,1166.7171875,1.9934942398380586,0,470,80,0.08648767234304047,1.0,0.0,,0.0,1.0,,210.96987391095126,,,1250.2003707426315,1570.3739085291738,210.96987391095126,,,172.01867510754064
484,raspberrypi,236.0,2023-09-02,00:55:01,Whole,874.4121940627392,0.0,6.019209757116909,,1564.690625,1827.0265625,3.468811232547597,0,470,80,0.06414425332254023,0.0,1.0,,0.0,0.0,,535.255150158343,,,627.9692063882942,1316.2772318660345,535.255150158343,,,387.2284234484598
485,raspberrypi,237.0,2023-09-02,00:55:01,Whole,419.5874495626813,0.0,5.174656289137859,,1828.6578125,627.4296875,1.8547657804970623,0,470,80,0.022931924658754235,0.0,1.0,,0.0,0.0,,813.2399283492284,,,1650.9707470452026,1573.9057740684211,813.2399283492284,,,801.3459716775818
486,raspberrypi,238.0,2023-09-02,00:55:01,Whole,756.0454817619542,,4.50585470534113,,1227.25,1305.5,1.313561668944318,0,7,1,,0.0125,0.9875,,0.0,0.0125,,38.817584236445285,,,1246.1092127944632,1672.0190567701231,38.817584236445285,,,0.0
487,raspberrypi,258.0,2023-09-02,00:55:01,Whole,492.8551545385552,0.0,4.948563419448481,,1506.5868055555557,786.4322916666666,1.854492661310733,1,433,72,0.005829518888149082,0.0,1.0,,0.0,0.0,,475.04199704947666,,,1574.0667740633924,1684.0120284000634,475.04199704947666,,,446.8018591958183
488,raspberrypi,392.0,2023-09-02,00:55:01,Whole,1381.7959599217284,,7.938268568208686,,3040.75,1859.625,6.663235907365735,0,11,2,,0.0,1.0,,0.0,0.0,,1855.5826863593354,,,918.6337350304318,1019.788907623991,1855.5826863593354,,,1746.1011979951516
489,raspberrypi,653.0,2023-09-02,00:55:01,Whole,1935.4807438197909,,10.826395328006305,,3197.25,2499.25,9.108886035102719,0,8,1,,0.0,1.0,,0.0,0.0,,2250.9026732921375,,,904.2156610772724,1233.8167081099332,2250.9026732921375,,,2120.842729589547
490,raspberrypi,987.0,2023-09-02,00:55:01,Whole,493.7052318410356,,4.600673736475806,,1506.0,785.75,0.00639168649480626,1,8,1,,0.0,1.0,,0.0,0.0,,475.1568667580732,,,1574.9060557131631,1684.7020538936927,475.1568667580732,,,446.75447399969335
491,raspberrypi,17.0,2023-09-02,12:55:01,Whole,1231.1223404085017,,6.686951372989106,,2073.25,821.25,4.505812664376343,0,2,1,,0.0,1.0,,0.0,0.0,,914.0038875516018,,,1437.5280338554478,1347.9391436938467,914.0038875516018,,,890.0751457387228
492,raspberrypi,221.0,2023-09-02,12:55:01,Whole,621.2109617176654,0.0,6.555083018473095,,1999.6589285714285,1689.0464285714286,5.290131065525334,0,134,70,0.17119405418320693,0.0,1.0,,0.0,0.0,,817.762119831636,,,575.8899862671117,1111.2479168829313,817.762119831636,,,696.8754894905885
493,raspberrypi,224.0,2023-09-02,12:55:01,Whole,487.0411801872783,0.013888888888888888,6.673118875059885,3.25,1159.6934931506848,2275.625,5.286230002982977,1,134,73,0.25699402161540313,0.0,0.9863013698630136,,0.0,0.0,,796.449148674367,,,760.0674396197688,1579.2572847214174,796.449148674367,,,649.9032989212025
494,raspberrypi,228.0,2023-09-02,12:55:01,Whole,730.3661038504864,0.782608695652174,6.211894172102889,14.816819999321268,996.0096153846154,2457.221153846154,1.1176849527576072,1,76,26,178.07133104538272,0.0,0.7534246575342466,,0.0,0.0,,979.7075724659726,,,906.983611814315,1734.4326083363278,979.7075724659726,,,834.8802108856162
495,raspberrypi,236.0,2023-09-02,12:55:01,Whole,1125.8218942286699,0.96875,8.337143740689228,43.81843798217486,931.6838235294117,836.1727941176471,7.2013056050580175,0,91,34,1671.4869127327042,0.3150684931506849,0.547945205479452,,0.0,0.3150684931506849,,290.9986495584143,,,1803.7524205614495,2062.1857226960165,290.9986495584143,,,173.5135779037929
496,raspberrypi,237.0,2023-09-02,12:55:01,Whole,1583.424563531047,,9.537848037822659,,791.25,390.5,9.156411711722898,0,2,1,,0.0,1.0,,0.0,0.0,,740.1029706375182,,,2247.2760944402658,2369.8070955097082,740.1029706375182,,,635.2092449022097
497,raspberrypi,258.0,2023-09-02,12:55:01,Whole,1904.272663611751,,9.48852809634911,,3046.5,2809.25,7.917060506180289,0,3,1,,0.0,1.0,,0.0,0.0,,2297.016484989377,,,816.8799661111996,1293.9395956305543,2297.016484989377,,,2157.5264319419675
498,raspberrypi,647.0,2023-09-02,12:55:01,Whole,908.9368487479445,,6.0587286143020815,,1731.0,2698.75,3.674733718412646,0,4,1,,0.0,0.9863013698630136,,0.0,0.0,,1361.123308083867,,,245.94579165321466,1171.4308292825822,1361.123308083867,,,1206.803720201372
499,raspberrypi,106.0,2023-09-02,08:15:01,Whole,924.4727550762871,,7.4657282871947865,,2117.5,1852.125,4.748008890071951,0,4,2,,0.0,1.0,,0.0,0.0,,1114.1379087007663,,,905.3236364764238,1297.248694884325,1114.1379087007663,,,983.7426817665774
500,raspberrypi,224.0,2023-09-02,08:15:01,Whole,1053.3448920389353,0.0,7.319993799892705,,2887.779220779221,2731.746753246753,12.720626935085738,0,68,77,0.08222935824247216,0.0,1.0,,0.0,0.0,,2124.2809495743136,,,641.2281462133584,1189.4120681626148,2124.2809495743136,,,1983.762046328445
501,raspberrypi,258.0,2023-09-02,08:15:01,Whole,1411.3302302244115,0.0,8.930705895003687,,1250.204326923077,890.6298076923077,12.720680505305445,0,67,52,0.08638739193486042,0.6753246753246753,0.3246753246753247,,0.0,0.6753246753246753,,247.1724318457657,,,1583.2391084420758,1806.789500391986,247.1724318457657,,,188.3798437496121
502,raspberrypi,392.0,2023-09-02,08:15:01,Whole,832.5199105719416,,7.537154396511539,,3039.0,1860.375,4.56631708518925,0,4,2,,0.0,1.0,,0.0,0.0,,1854.111901685103,,,916.7535436638057,1019.4226241296604,1854.111901685103,,,1744.5725894250072
503,raspberrypi,441.0,2023-09-02,08:15:01,Whole,852.3143202047871,0.0,6.520003530629623,,1816.7613636363637,1169.5454545454545,3.26077076134977,0,21,11,0.000390625,0.0,1.0,,0.0,0.0,,566.7431307961058,,,1119.5622272523947,1341.0273143870745,566.7431307961058,,,507.4484579053245
504,raspberrypi,470.0,2023-09-02,08:15:01,Whole,612.7940686994082,,6.381378122447697,,2650.5,2351.25,2.3151892652701407,0,2,1,,0.0,1.0,,0.0,0.0,,1708.046748356007,,,366.03551462502884,998.8941378604676,1708.046748356007,,,1572.6488891805031
505,raspberrypi,17.0,2023-09-02,03:55:01,Whole,950.6722056986056,,5.927541853664173,,1061.75,742.75,4.178186767331303,0,5,1,,0.0,1.0,,0.0,0.0,,347.69967066470946,,,1805.353427737925,2004.125455446976,347.69967066470946,,,253.32700441750765
506,raspberrypi,37.0,2023-09-02,03:55:01,Whole,1841.304678975769,0.0,9.415981071392943,,2981.25,2724.71875,8.712074815824579,0,25,4,0.0,0.0,1.0,,0.0,0.0,,2193.9433450603647,,,727.8383601208984,1225.7852855178471,2193.9433450603647,,,2055.1002131430496
507,raspberrypi,172.0,2023-09-02,03:55:01,Whole,1849.0043066856845,,10.27929366888534,,2991.0,2725.0,8.767754856081012,0,6,1,,0.0,1.0,,0.0,0.0,,2201.910992846342,,,737.2461248304519,1230.145175127754,2201.910992846342,,,2063.26067937241
508,raspberrypi,220.0,2023-09-02,03:55:01,Whole,313.28621832047094,0.0,5.974291957482689,,1528.738924050633,1862.0933544303798,1.1881198948418128,0,403,79,0.05486982795315453,0.0,1.0,,0.0,0.0,,538.2288641678468,,,626.0989848125611,1333.6129426251707,538.2288641678468,,,387.7963329613674
509,raspberrypi,224.0,2023-09-02,03:55:01,Whole,141.52030408404732,0.0,5.839669917689373,,1486.4711538461538,1431.4935897435898,1.1067722887512308,0,400,78,0.11404472322072202,0.9873417721518988,0.012658227848101266,,0.0,0.9873417721518988,,252.1002973653628,,,996.2262345148964,1456.581506509523,252.1002973653628,,,139.45650297647424
510,raspberrypi,228.0,2023-09-02,03:55:01,Whole,973.8543820310027,0.0,8.225837734607257,,894.0056818181819,842.7765151515151,4.312577843879288,0,350,66,0.03295656428216688,0.8354430379746836,0.16455696202531644,,0.0,0.8354430379746836,,279.09486955755244,,,1816.2160642308593,2084.175991082974,279.09486955755244,,,173.27957749904238
511,raspberrypi,230.0,2023-09-02,03:55:01,Whole,774.4858207994431,,5.393097545743826,,1143.5,899.5,1.3206822547112864,0,7,1,,0.012658227848101266,0.9873417721518988,,0.0,0.012658227848101266,,202.6127953214032,,,1628.9626891285402,1877.937303531602,202.6127953214032,,,122.67768821573097
512,raspberrypi,233.0,2023-09-02,03:55:01,Whole,853.0080383637967,0.0,6.712867245214132,,2297.8132911392404,1117.7911392405063,4.491418930442688,0,403,79,0.07053461103141893,0.0,1.0,,0.0,0.0,,1046.1509012991037,,,1155.58145455171,1130.8964562771807,1046.1509012991037,,,984.1977079578451
513,raspberrypi,236.0,2023-09-02,03:55:01,Whole,141.30378042829767,0.0,5.855812268114198,,1456.4287974683543,1643.6787974683543,1.1067722887512308,0,403,79,0.07340049067254494,1.0,0.0,,0.0,1.0,,330.0046345612026,,,838.4002059238675,1423.541559783007,330.0046345612026,,,185.96665060762186
514,raspberrypi,237.0,2023-09-02,03:55:01,Whole,691.1628525338268,0.0,7.151386383006265,,1260.128164556962,2172.0300632911394,2.1176060208325778,0,403,79,0.11730962011369866,0.0,1.0,,0.0,0.0,,708.3080544787275,,,688.9979127792507,1497.521194566024,708.3080544787275,,,557.2470292557616
515,raspberrypi,392.0,2023-09-02,03:55:01,Whole,1509.544686150284,0.0,8.492227699279717,,3040.25,1860.2916666666667,5.421264486566285,0,75,12,0.004761904761904762,0.0,1.0,,0.0,0.0,,1855.2880300937813,,,917.8552061067676,1019.7479675625019,1855.2880300937813,,,1745.767813756093
516,raspberrypi,470.0,2023-09-02,03:55:01,Whole,1837.7148065939323,,9.434676671139723,,3299.0,2153.0,7.4360989113386236,0,5,1,,0.0,1.0,,0.0,0.0,,2194.1232496338753,,,1042.218394632726,1175.0175474725384,2194.1232496338753,,,2076.3348464370456
517,raspberrypi,657.0,2023-09-02,03:55:01,Whole,733.7542177920927,,5.287669387609903,,1504.25,819.25,3.151662859297637,0,7,1,,0.0,1.0,,0.0,0.0,,449.79489790861885,,,1543.970644185104,1670.2451740263577,449.79489790861885,,,425.29776738443115
518,raspberrypi,845.0,2023-09-02,03:55:01,Whole,1863.076863115039,,10.349535872508664,,3007.75,2726.75,8.844765690394325,0,6,1,,0.0,1.0,,0.0,0.0,,2216.3844483810894,,,753.7877163254946,1238.2533881928516,2216.3844483810894,,,2077.9563811737808
519,raspberrypi,37.0,2023-09-01,23:25:01,Whole,1877.3474420946209,,10.10210216723287,,2980.5,2724.5,8.894043880699384,0,6,1,,0.0,1.0,,0.0,0.0,,2193.212358077807,,,727.0571095564123,1225.363789840824,2193.212358077807,,,2054.4097909830957
520,raspberrypi,106.0,2023-09-01,23:25:01,Whole,1287.6690824194914,,6.78503088030444,,1178.5,2421.75,3.4017353116639075,0,6,1,,0.0,1.0,,0.0,0.0,,943.5291938900733,,,725.0154481873169,1573.6434859054496,943.5291938900733,,,796.6705837662914
521,raspberrypi,190.0,2023-09-01,23:25:01,Whole,474.2997246711063,,3.0463606095133864,,2187.5,1042.25,0.49124821974363597,1,6,1,,0.0,1.0,,0.0,0.0,,951.4546307509454,,,1219.138798513151,1202.5447884474092,951.4546307509454,,,899.3794321004746
522,raspberrypi,224.0,2023-09-01,23:25:01,Whole,628.9827049842353,0.0,5.559988393925597,,1499.1740506329113,1845.9683544303798,1.170266033725379,1,413,79,0.07601354341899029,0.0,1.0,,0.0,0.0,,507.26635387835825,,,658.2784263217945,1355.8740279231683,507.26635387835825,,,356.18493768349515
523,raspberrypi,226.0,2023-09-01,23:25:01,Whole,432.3483736800721,0.0,5.948308718161375,,1876.4647435897436,861.3076923076923,1.1860644964031466,0,409,78,0.08930947833249837,0.0,1.0,,0.0,0.0,,721.4023424557024,,,1412.6710532159439,1431.7041148964954,721.4023424557024,,,704.0181001516333
524,raspberrypi,228.0,2023-09-01,23:25:01,Whole,403.0125923474303,0.0,5.190857584785419,,1587.209375,1637.1328125,1.1703527068445123,0,416,80,0.05595446857491394,0.0,1.0,,0.0,0.0,,429.71947885775074,,,768.2312611063508,1340.3231421854734,429.71947885775074,,,294.6062520144793
525,raspberrypi,233.0,2023-09-01,23:25:01,Whole,439.1049336803009,0.0,5.183673694166115,,2192.896875,1137.2,2.1675635203514987,1,416,80,0.05654642032517982,0.0,1.0,,0.0,0.0,,940.1498842857729,,,1124.7657139229038,1167.8963279200473,940.1498842857729,,,877.7085412233123
526,raspberrypi,236.0,2023-09-01,23:25:01,Whole,122.70714610376763,0.0,5.216345483096723,,1661.725,1320.109375,1.6814606805418886,0,416,80,0.06925399643035698,0.0,1.0,,0.0,0.0,,404.49264836359737,,,1019.6662123145549,1380.0248847115056,404.49264836359737,,,320.2131144216658
527,raspberrypi,237.0,2023-09-01,23:25:01,Whole,577.9998315323062,0.0,6.761579926100259,,1704.3515625,709.1859375,1.1861114192920834,0,416,80,0.048052182262082896,0.0,1.0,,0.0,0.0,,667.2199067618153,,,1593.349950667674,1601.7412841143428,667.2199067618153,,,652.5471907642353
528,raspberrypi,366.0,2023-09-01,23:25:01,Whole,1480.3568086749983,,8.129345391690892,,2937.0,2204.0,6.716540911084064,0,6,1,,0.0,1.0,,0.0,0.0,,1882.884781823891,,,679.5377162037685,1047.5789075743178,1882.884781823891,,,1757.6853682716505
529,raspberrypi,392.0,2023-09-01,23:25:01,Whole,1388.187002075987,0.0,7.6627694438121425,,3040.875,1859.875,5.7524097724017835,0,36,6,4.653012550753399e-26,0.0,1.0,,0.0,0.0,,1855.7719982370204,,,918.60609392067,1019.8579938355772,1855.7719982370204,,,1746.2806671743654
530,raspberrypi,470.0,2023-09-01,23:25:01,Whole,1752.3171661326862,,9.48832171121663,,3299.25,2153.0,7.75513046887702,0,6,1,,0.0,1.0,,0.0,0.0,,2194.356194425951,,,1042.460886318416,1175.132926906801,2194.356194425951,,,2076.571207721401
531,raspberrypi,987.0,2023-09-01,23:25:01,Whole,1008.4450542462637,1.0,5.5852136881273555,285.02284638109916,1851.625,2133.375,2.9123599065612784,1,48,8,5.277584637382598e-26,0.025,0.9125,,0.0375,0.025,,972.5016379019661,,,465.0125088705438,1234.4464085657487,972.5016379019661,,,806.7460172648305
532,raspberrypi,220.0,2023-09-02,03:05:01,Whole,252.20154668136902,0.0,3.69181534669018,,1543.915625,1842.196875,1.0054259813620745,1,315,80,0.10988007563663708,0.0,1.0,,0.0,0.0,,532.688159180763,,,630.281824837509,1327.0315712438273,532.688159180763,,,383.38797190157277
533,raspberrypi,225.0,2023-09-02,03:05:01,Whole,526.8889692703873,0.0,4.852671808843771,,1311.0233333333333,1143.8833333333334,2.796423123175144,0,303,75,0.1487283184721637,0.9375,0.0625,,0.0,0.9375,,109.19967616382618,,,1333.1168478407326,1666.1009937759554,109.19967616382618,,,97.09430164672992
534,raspberrypi,233.0,2023-09-02,03:05:01,Whole,852.1460195157156,0.0,5.77350266851163,,2296.2610759493673,1123.0522151898733,5.059484023886364,0,314,79,0.075243182025019,0.0,1.0,,0.0,0.0,,1043.9047261247435,,,1150.1491377221023,1129.8908516227598,1043.9047261247435,,,981.4445571876413
535,raspberrypi,236.0,2023-09-02,03:05:01,Whole,127.89953166375501,0.0,3.529792909317491,,1476.2836538461538,1659.6538461538462,1.0054259813620745,1,312,78,0.06864829986362295,0.0,1.0,,0.0,0.0,,355.34009677531054,,,813.5649081804646,1406.7866608185495,355.34009677531054,,,211.3953342049593
536,raspberrypi,237.0,2023-09-02,03:05:01,Whole,653.6941501692125,0.0,4.9934968098430845,,1258.4015625,2159.3203125,2.203632275813971,0,315,80,0.1007658954853152,0.0,1.0,,0.0,0.0,,695.5206888034274,,,694.7615698283101,1499.2361990381146,695.5206888034274,,,544.3432047482136
537,raspberrypi,392.0,2023-09-02,03:05:01,Whole,1479.7666484904971,,8.056666359490782,,3041.375,1859.625,5.4079882514791775,0,10,2,,0.0,1.0,,0.0,0.0,,1856.182410557695,,,919.1623929272342,1019.9579059116056,1856.182410557695,,,1746.7092359155492
538,raspberrypi,648.0,2023-09-02,03:05:01,Whole,370.0494574316541,,2.9674258622483767,,1216.75,1621.5,1.3570109282930796,0,5,1,,0.0125,0.9875,,0.0,0.0125,,167.61953298527317,,,1017.1799239748814,1598.3343700981504,167.61953298527317,,,13.338493325048972
539,raspberrypi,17.0,2023-09-02,16:00:01,Whole,1072.106473165344,,8.325134478545506,,3165.25,1624.0,6.69971146510398,0,2,1,,0.0,1.0,,0.0,0.0,,1925.7379690892037,,,1156.1965171547438,1023.0625459756386,1925.7379690892037,,,1828.9882788992948
540,raspberrypi,34.0,2023-09-02,16:00:01,Whole,1183.8062131688437,,5.945450951269698,,1082.25,1776.0,0.019556860418153365,1,5,1,,0.013888888888888888,0.9861111111111112,,0.0,0.013888888888888888,,294.9245540272893,,,1026.1631683953824,1673.520288627502,294.9245540272893,,,152.08587243228877
541,raspberrypi,110.0,2023-09-02,16:00:01,Whole,644.1440471874812,,5.4037114628009375,,2640.25,1636.5,2.534317050916185,0,4,1,,0.0,1.0,,0.0,0.0,,1412.8943388397397,,,785.3071716894101,963.0351148564969,1412.8943388397397,,,1309.8950780601272
542,raspberrypi,224.0,2023-09-02,16:00:01,Whole,1066.350999155074,0.0,7.881862056535875,,3125.2261029411766,1564.8860294117646,5.734614055419421,0,258,68,0.07082542834560761,0.0,1.0,,0.0,0.0,,1877.6133067940796,,,1162.7802758615935,1004.7434760330932,1877.6133067940796,,,1783.4265860760272
543,raspberrypi,225.0,2023-09-02,16:00:01,Whole,923.2670717755235,0.014084507042253521,6.096884793953118,2.2638462845343543,1292.3489583333333,2083.980902777778,3.696519623347582,6,265,72,0.1806569579632496,0.0,0.9861111111111112,,0.0,0.0,,630.2272655810654,,,691.5056790035457,1476.3959043752802,630.2272655810654,,,477.4354630115885
544,raspberrypi,226.0,2023-09-02,16:00:01,Whole,1295.9671906047338,1.0,7.768811023506885,30.595932917809694,1059.75,2706.75,3.44679148330172,0,28,7,4.148524837248675e-26,0.0,0.9166666666666666,,0.0,0.0,,1224.084781204912,,,874.4222088457902,1730.3196311916652,1224.084781204912,,,1081.972928557441
545,raspberrypi,234.0,2023-09-02,16:00:01,Whole,492.807688234397,0.0,5.68762558158423,,2707.525,2133.7,3.541211969424422,0,95,20,0.043531346234292737,0.0,1.0,,0.0,0.0,,1646.4610017800765,,,492.6911095029759,982.2703889596362,1646.4610017800765,,,1519.5623262611684
546,raspberrypi,236.0,2023-09-02,16:00:01,Whole,521.0914905499023,1.0,5.458279416629444,47.89483134852843,1889.9084507042253,1981.3485915492959,4.156465147987965,0,263,71,1961.5166174887138,0.1388888888888889,0.027777777777777776,,0.4861111111111111,0.1388888888888889,,935.955404236083,,,410.6916900042946,1156.2578799188814,935.955404236083,,,885.9317142830705
547,raspberrypi,237.0,2023-09-02,16:00:01,Whole,1084.0526688596624,0.10144927536231885,8.180575512643257,4.247024177919409,2976.9035714285715,2891.2714285714287,5.506660227202283,0,262,70,1.8780942560019833,0.0,0.9027777777777778,,0.0,0.0,,2294.2012065642066,,,785.7284081119626,1304.4364498883212,2294.2012065642066,,,2152.3493138509884
548,raspberrypi,238.0,2023-09-02,16:00:01,Whole,1100.1181448395441,0.625,5.765320642966099,17.637039468518353,1147.4615384615386,1859.1538461538462,1.1785006913417762,7,120,26,140.94424067604464,0.1388888888888889,0.6527777777777778,,0.0,0.1388888888888889,,383.7615612757361,,,926.5977916303702,1611.416216908122,383.7615612757361,,,257.7317746450291
549,raspberrypi,224.0,2023-09-02,12:10:01,Whole,860.0672928381829,0.17647058823529413,7.589261923488798,3.7012852324168666,3077.5990566037735,1654.129716981132,6.149830835721053,0,138,53,2.2399603103652455,0.0,0.88,,0.0,0.0,,1844.547494892467,,,1068.928880273669,1003.084308418275,1844.547494892467,,,1745.3468527197597
550,raspberrypi,225.0,2023-09-02,12:10:01,Whole,1006.5931516961532,1.0,7.561298878781429,207.0948451856684,2683.6875,2177.125,2.2036869445609693,0,47,16,22624.384033061473,0.0,0.8,,0.04,0.0,,1660.622627236052,,,590.5354780372595,1087.4458642830982,1660.622627236052,,,1563.6301731985466
551,raspberrypi,227.0,2023-09-02,12:10:01,Whole,668.9747948562223,1.0,6.928799900223714,74.6971949694452,2115.6047297297296,1793.1722972972973,5.52367369522648,0,163,74,3344.9764560330855,0.013333333333333334,0.013333333333333334,,0.2,0.013333333333333334,,1009.9971706467813,,,570.7995193306556,1120.892071241763,1009.9971706467813,,,951.7846171532358
552,raspberrypi,234.0,2023-09-02,12:10:01,Whole,957.9391574381804,,7.989015754713121,,1613.4166666666667,699.75,2.4081240709313008,0,8,3,,0.0,1.0,,0.0,0.0,,667.3724114544874,,,1658.8886373091527,1675.3040755024654,667.3724114544874,,,800.7709936625124
553,raspberrypi,236.0,2023-09-02,12:10:01,Whole,1585.4723890480814,1.0,10.00849916327056,85.70612898132636,1195.4583333333333,2489.4236111111113,6.702013103960921,0,53,18,2569.212780351014,0.0,0.76,,0.02666666666666667,0.0,,1050.6979984640425,,,714.8546964036206,1582.8994036507988,1050.6979984640425,,,925.8406997459107
554,raspberrypi,237.0,2023-09-02,12:10:01,Whole,1095.1458424538873,0.0,7.625296585715862,,2067.576666666667,270.945,7.5314817385987105,0,165,75,0.07216398577561023,0.0,1.0,,0.0,0.0,,1229.313143650726,,,1987.8569720370651,1669.9487487690956,1229.313143650726,,,1207.713724660824
555,raspberrypi,952.0,2023-09-02,12:10:01,Whole,767.5670232701897,,6.936293597129737,,1866.5,696.25,2.4194012765216883,0,4,1,,0.0,1.0,,0.0,0.0,,800.0397236969628,,,1577.5711655647367,1517.0021768337115,800.0397236969628,,,797.8461738445169
556,raspberrypi,230.0,2023-09-02,09:45:01,Whole,688.6366452916988,0.0,3.509662976569682,,1489.5,1010.625,4.03763690996741,0,9,8,5.698887500630409e-26,0.0,1.0,,0.0,0.0,,318.8721399240102,,,1371.151353674677,1597.363180105539,318.8721399240102,,,313.50416845887327
557,raspberrypi,236.0,2023-09-02,09:45:01,Whole,94.11428933496909,0.04,4.820033034341278,2.6065931361211194,1522.435855263158,1791.9473684210527,4.037934215101354,0,10,76,0.3417844419097487,0.0,0.9605263157894737,,0.0,0.0,,480.91652758874403,,,682.1211420198412,1349.9253110471088,480.91652758874403,,,332.4382994340078
558,raspberrypi,492.0,2023-09-02,09:45:01,Whole,1079.268340654701,,4.503221463136415,,966.75,765.0,2.981489697913982,0,2,1,,0.0,1.0,,0.0,0.0,,333.98930917415333,,,1837.6633523341231,2063.0641184615083,333.98930917415333,,,231.76716724799238
559,raspberrypi,930.0,2023-09-02,09:45:01,Whole,766.7248324703987,,4.397309619439601,,1057.5,1078.25,4.397309619439601,0,1,1,,0.013157894736842105,0.9868421052631579,,0.0,0.013157894736842105,,55.2756884738577,,,1529.7533336114182,1871.492581646127,55.2756884738577,,,0.0
560,raspberrypi,17.0,2023-09-02,06:40:01,Whole,1337.416404039411,0.0,7.944275111937318,,2945.25,980.6458333333334,3.888294946514478,0,31,6,0.01351103106801159,0.0,0.9240506329113924,,0.0,0.0,,1704.7089658771733,,,1503.9346586960007,975.0756061134941,1704.7089658771733,,,1645.9163540597156
561,raspberrypi,37.0,2023-09-02,06:40:01,Whole,2071.475187250334,,10.12441598166201,,2979.875,2724.375,5.083411911757576,0,12,2,,0.0,1.0,,0.0,0.0,,2192.638122390912,,,726.4230610104015,1225.0389522758442,2192.638122390912,,,2053.8284353183517
562,raspberrypi,106.0,2023-09-02,06:40:01,Whole,802.9029191743377,,4.650982695673921,,1197.0,1844.0,1.725786730541971,0,6,1,,0.0,1.0,,0.0,0.0,,374.58135133107714,,,892.9921320852682,1574.254168427381,374.58135133107714,,,223.28948022494583
563,raspberrypi,220.0,2023-09-02,06:40:01,Whole,133.52785438269706,0.0,4.489986308297589,,1592.448717948718,1292.2708333333333,0.8287852546032141,73,340,78,0.08283547992345731,0.0,1.0,,0.0,0.0,,336.33164750975754,,,1071.7210337208658,1430.8765028989915,336.33164750975754,,,257.5704532367208
564,raspberrypi,221.0,2023-09-02,06:40:01,Whole,704.2289834315343,0.0,7.030902280290516,,1254.4335443037974,559.8164556962025,1.7512695266887055,0,342,79,0.09930675575687477,0.0,1.0,,0.0,0.0,,555.2002155227818,,,1878.2928119502678,1959.6368559628459,555.2002155227818,,,478.68298340562956
565,raspberrypi,225.0,2023-09-02,06:40:01,Whole,271.47806146560407,0.0,4.412242949491392,,1457.263698630137,1378.8373287671234,0.8283770582370511,73,324,73,0.0769172258043031,0.9240506329113924,0.0759493670886076,,0.0,0.9240506329113924,,212.34639158963805,,,1056.4095804586068,1490.8591086807128,212.34639158963805,,,110.32690935174733
566,raspberrypi,234.0,2023-09-02,06:40:01,Whole,547.9830666374647,0.0,5.544569184705038,,1196.705357142857,1509.482142857143,1.506712185895348,1,75,14,0.0011883195316563222,0.17721518987341772,0.8227848101265823,,0.0,0.17721518987341772,,106.12696645297986,,,1110.4166402294636,1638.5863985461565,106.12696645297986,,,0.0
567,raspberrypi,236.0,2023-09-02,06:40:01,Whole,1150.0012553448105,0.0,6.022511163347001,,2649.9462025316457,1673.503164556962,5.803159214067385,4,342,79,0.11987265681915042,0.0,1.0,,0.0,0.0,,1430.6396704798926,,,760.243821885691,961.5710735349326,1430.6396704798926,,,1325.4987268802931
568,raspberrypi,237.0,2023-09-02,06:40:01,Whole,760.0752145092073,0.0,7.004527803167053,,977.506329113924,755.7658227848101,1.7512695266887055,0,342,79,0.06200945673909539,0.0,1.0,,0.0,0.0,,341.23732196073337,,,1839.3963581978971,2059.23838768034,341.23732196073337,,,239.79391645163506
569,raspberrypi,238.0,2023-09-02,06:40:01,Whole,496.0583645730144,,3.376064586203582,,1310.25,1549.0,0.6220145976906487,1,6,1,,0.012658227848101266,0.9873417721518988,,0.0,0.012658227848101266,,159.72647515042965,,,1004.682575528208,1546.5301900728023,159.72647515042965,,,12.265665238758686
570,raspberrypi,392.0,2023-09-02,06:40:01,Whole,1582.9087545141217,,8.066863397724667,,3040.6666666666665,1860.0,2.2331905670465613,0,17,3,,0.0,1.0,,0.0,0.0,,1855.6068020143334,,,918.3633656666734,1019.8195087966672,1855.6068020143334,,,1745.6437083040414
571,raspberrypi,470.0,2023-09-02,06:40:01,Whole,1246.9874630444617,0.0,6.95501213092022,,2739.75,1710.6875,0.5030270963600999,4,21,4,,0.0,1.0,,0.0,0.0,,1526.5624662508108,,,786.281043011576,961.2795231424163,1526.5624662508108,,,1420.6401551573535
572,raspberrypi,963.0,2023-09-02,06:40:01,Whole,495.23884169813624,,3.924787096864983,,1311.25,1548.75,1.156870973889865,0,5,1,,0.012658227848101266,0.9873417721518988,,0.0,0.012658227848101266,,160.24970602761852,,,1004.2147245834205,1545.8772237028552,160.24970602761852,,,12.899136666734307
573,raspberrypi,973.0,2023-09-02,06:40:01,Whole,479.29566321120353,,4.002154483125155,,1533.25,1633.0,1.3656766484610248,0,5,1,,0.0,1.0,,0.0,0.0,,383.13258140957055,,,801.3107751355085,1375.4080470412894,383.13258140957055,,,245.0562734602324
574,raspberrypi,227.0,2023-09-02,10:35:01,Whole,357.6593144982897,0.013333333333333334,2.8258351367452836,2.1360009363293826,1478.0575657894738,1366.8125,2.602138601796225,0,138,76,0.3015517578902087,1.0,0.0,,0.0,1.0,,230.22928451914845,,,1056.3245585315642,1480.7227080127484,230.22928451914845,,,132.93779828224214
575,raspberrypi,230.0,2023-09-02,10:35:01,Whole,161.30090668012053,0.0,1.814008984890621,,1479.625,944.9375,1.5551320547237881,0,24,8,0.0009868515937648957,0.0,1.0,,0.0,0.0,,348.5607931108764,,,1435.5963787096803,1630.6803644651618,348.5607931108764,,,340.6818500364395
576,raspberrypi,234.0,2023-09-02,10:35:01,Whole,387.8271052501649,0.0,2.4814232326728276,,1545.9467592592594,653.6296296296297,2.185722857469856,0,116,54,0.0973985948967933,0.0,1.0,,0.0,0.0,,600.7944610052723,,,1687.8235188713152,1724.727088400366,600.7944610052723,,,564.865524387373
577,raspberrypi,237.0,2023-09-02,10:35:01,Whole,202.97747068627038,0.04,2.1727798808416385,2.268266792119122,1809.671052631579,985.3371710526316,2.1901368546021494,0,138,76,0.2269722436639608,0.0,0.9605263157894737,,0.0,0.0,,609.6504705099451,,,1301.367351992553,1414.9778263185774,609.6504705099451,,,579.5826460239103
578,raspberrypi,221.0,2023-09-02,13:15:02,Whole,1287.315426925219,1.0,5.838467729858861,255.26168106950232,2503.613970588235,935.4338235294117,4.751363203325205,0,149,34,31494.425519058314,0.0,0.547945205479452,,0.0,0.0,,1468.329383849187,,,1631.774913093797,1368.6368552260958,1468.329383849187,,,1607.5307200452621
579,raspberrypi,224.0,2023-09-02,13:15:02,Whole,1031.2257347511743,0.3787878787878788,8.335196392187314,5.1805243244638834,2955.179104477612,1823.9440298507463,4.035232940482234,0,245,67,12.451232778592342,0.0,0.6575342465753424,,0.0,0.0,,1763.6880693242533,,,868.1003532887212,994.9048362801142,1763.6880693242533,,,1650.9930959117326
580,raspberrypi,227.0,2023-09-02,13:15:02,Whole,700.3188312921285,0.05555555555555555,5.406981567359076,3.969031096558516,1504.515410958904,1060.501712328767,3.6221257347709352,0,268,73,1.1139993258656116,0.0,0.9452054794520548,,0.0,0.0,,307.27016396443076,,,1319.371067232903,1568.0951793169531,307.27016396443076,,,289.1085167795925
581,raspberrypi,228.0,2023-09-02,13:15:02,Whole,460.69177727902735,0.803921568627451,6.504712750915255,42.69119907356828,2283.502358490566,1752.7594339622642,3.840591440206009,0,221,53,1573.116847998523,0.0,0.4383561643835616,,0.0136986301369863,0.0,,1134.3949330134753,,,549.5600153602653,1017.8725698712915,1134.3949330134753,,,968.5715853722636
582,raspberrypi,234.0,2023-09-02,13:15:02,Whole,1271.1988417400928,1.0,7.475363940448063,2.698450629985499,1310.2045454545455,502.8636363636364,3.0331648542219694,0,55,11,1.0529320932437455e-26,0.0,0.8767123287671232,,0.0,0.0,,625.1774460270321,,,1908.9373703735378,1953.0302835507528,625.1774460270321,,,552.6433548199064
583,raspberrypi,236.0,2023-09-02,13:15:02,Whole,1097.042195353415,0.8823529411764706,8.475733035102401,53.48564446333202,1423.5670289855072,2420.286231884058,5.876538465943523,0,251,69,3102.890126622476,0.0,0.0684931506849315,,0.4246575342465753,0.0,,1106.2553413273963,,,558.0989168079717,1448.7824447976136,1106.2553413273963,,,1133.6425828929387
584,raspberrypi,237.0,2023-09-02,13:15:02,Whole,777.35049221266,1.0,5.633648269713602,48.10792574127343,1184.8392857142858,1459.3392857142858,2.183072512726058,0,32,7,3285.268726090152,0.0958904109589041,0.9041095890410958,,0.0,0.0958904109589041,,91.08026710016607,,,1156.6105059639908,1661.7521703016623,91.08026710016607,,,0.0
585,raspberrypi,238.0,2023-09-02,13:15:02,Whole,1165.2121884424355,1.0,7.230027896186174,12.139433203866412,846.1125,1225.00625,3.531868676160554,0,73,20,60.560339405577665,0.273972602739726,0.726027397260274,,0.0,0.273972602739726,,61.3522067056897,,,1559.3293926912186,1985.4754319245806,61.3522067056897,,,14.083281807872055
586,raspberrypi,258.0,2023-09-02,13:15:02,Whole,921.7391605399406,1.0,5.972103028236204,22.63677563415583,1990.875,2522.75,3.178717178453284,0,17,4,2.2340540835859054e-27,0.0,0.9452054794520548,,0.0547945205479452,0.0,,1343.5067867122048,,,0.0,1005.807405123378,1343.5067867122048,,,1191.8506756320626
587,raspberrypi,400.0,2023-09-02,13:15:02,Whole,1032.345489254056,,4.913178377053792,,1193.75,2307.0,2.199659241417813,0,5,1,,0.0,1.0,,0.0,0.0,,831.0157758178551,,,721.0765099478435,1552.382060221196,831.0157758178551,,,683.1118839160006
588,raspberrypi,656.0,2023-09-02,13:15:02,Whole,1029.7249682008664,,6.261121215670118,,994.0,1215.25,2.7526206344080126,0,3,1,,0.0136986301369863,0.9863013698630136,,0.0,0.0136986301369863,,3.944767938707386,,,1464.1753004372677,1873.2832872269764,3.944767938707386,,,0.0
589,raspberrypi,726.0,2023-09-02,13:15:02,Whole,560.6694040081205,,5.101351689692582,,2354.75,1216.25,4.332736233414102,0,3,1,,0.0,1.0,,0.0,0.0,,1092.9467812881242,,,1068.5881246226568,1082.0050499174358,1092.9467812881242,,,1020.9385371014389
590,raspberrypi,17.0,2023-09-01,23:50:01,Whole,1228.2925288794127,,6.844507899799121,,2946.5,979.5,4.248347978731644,0,6,1,,0.0,0.9871794871794872,,0.0,0.0,,1706.1251767392769,,,1505.5509375926006,975.0155411392,1706.1251767392769,,,1647.2672554727433
591,raspberrypi,37.0,2023-09-01,23:50:01,Whole,1864.007210048903,0.0,10.468190634933165,,2979.3863636363635,2724.2954545454545,8.760753352316133,0,72,11,0.00467767601518123,0.0,1.0,,0.0,0.0,,2192.1996115823267,,,725.9324473337718,1224.7919863155275,2192.1996115823267,,,2053.4501822812877
592,raspberrypi,106.0,2023-09-01,23:50:01,Whole,1049.5166444854913,,5.592670528550493,,1289.75,2247.5,2.3732065910958298,0,6,1,,0.0,1.0,,0.0,0.0,,788.2968793290329,,,639.1679010543576,1473.2444792409697,788.2968793290329,,,636.8544002449906
593,raspberrypi,224.0,2023-09-01,23:50:01,Whole,592.6783167864484,0.0,4.5203312796843,,1461.0785256410256,1820.6778846153845,1.1831283388670844,2,421,78,0.08277663374136206,0.0,1.0,,0.0,0.0,,464.12861566393644,,,703.0805865196088,1385.8399608564655,464.12861566393644,,,312.40762297680556
594,raspberrypi,225.0,2023-09-01,23:50:01,Whole,523.2939914968766,0.0,4.309516211144095,,1269.5,1482.8333333333333,0.7130309170955418,2,19,3,,0.038461538461538464,0.9615384615384616,,0.0,0.038461538461538464,,114.99076329513558,,,1081.4056495953316,1592.0459926180706,114.99076329513558,,,0.0
595,raspberrypi,226.0,2023-09-01,23:50:01,Whole,518.9473717989736,0.0,5.348988741656843,,1881.099025974026,805.6363636363636,0.9682405571907848,79,418,77,0.07044639190969086,0.0,1.0,,0.0,0.0,,752.273809452123,,,1467.215038941771,1455.0066723568084,752.273809452123,,,741.359804029147
596,raspberrypi,228.0,2023-09-01,23:50:01,Whole,388.6070969058194,0.0,4.19413497992325,,1641.9375,1680.1554054054054,1.182993406617084,0,407,74,0.02592500164308027,0.0,1.0,,0.0,0.0,,498.7223032855016,,,703.0382007441275,1297.3340406543905,498.7223032855016,,,363.0720944038257
597,raspberrypi,233.0,2023-09-01,23:50:01,Whole,419.10772969699366,0.0,4.912948344657402,,2135.171474358974,1116.8461538461538,2.074435409318849,0,421,78,0.08713699174477196,0.0,1.0,,0.0,0.0,,886.4077429795665,,,1142.2413680398631,1199.9409801247061,886.4077429795665,,,827.195106470673
598,raspberrypi,237.0,2023-09-01,23:50:01,Whole,624.1582702447771,0.0,5.795708277907876,,1735.349025974026,687.6525974025974,0.9682405571907848,78,419,77,0.08558466448283382,0.0,1.0,,0.0,0.0,,704.3061631198377,,,1607.8644494579096,1594.7579017083438,704.3061631198377,,,690.336102118435
599,raspberrypi,238.0,2023-09-01,23:50:01,Whole,393.80532136806266,0.0,4.319388250463013,,1406.6966666666667,1477.1033333333332,1.6040981643293546,5,411,75,0.051655853084561124,0.9615384615384616,0.038461538461538464,,0.0,0.9615384615384616,,195.8815831861857,,,1001.5865109387322,1497.4136260343264,195.8815831861857,,,67.95288800256188
600,raspberrypi,392.0,2023-09-01,23:50:01,Whole,1390.203148839851,0.0,7.953071930844045,,3041.159090909091,1859.8863636363637,6.049073081151936,0,67,11,0.009237141834643922,0.0,1.0,,0.0,0.0,,1856.0477688832002,,,918.8404576908855,1019.9364829923982,1856.0477688832002,,,1746.3733360473495
601,raspberrypi,441.0,2023-09-01,23:50:01,Whole,629.9373246553731,,3.5215401173711607,,1288.25,1724.25,1.0212877036805301,0,6,1,,0.01282051282051282,0.9871794871794872,,0.0,0.01282051282051282,,290.9604708835825,,,894.9508406315751,1525.2659417696823,290.9604708835825,,,136.69211397901105
602,raspberrypi,987.0,2023-09-01,23:50:01,Whole,422.9703183181673,1.0,4.6455566448230226,114.84973339250979,1551.125,1268.25,0.8434836683553879,10,79,12,7.007609193259293e-27,0.0641025641025641,0.8589743589743589,,0.0,0.0641025641025641,,412.1026596151996,,,1145.91952525155,1488.4661847764362,412.1026596151996,,,257.6654843818388
603,raspberrypi,17.0,2023-09-02,06:35:01,Whole,1272.0059662663898,0.0,7.4519863834966165,,2947.5,981.1666666666666,3.8894312840330523,0,16,3,,0.0,0.9625,,0.0,0.0,,1706.8404809402732,,,1504.6055700040724,974.6304549933541,1706.8404809402732,,,1647.7881921202281
604,raspberrypi,37.0,2023-09-02,06:35:01,Whole,2031.7126359205613,,10.796525046145232,,2979.75,2724.375,5.69241496084239,0,9,2,,0.0,1.0,,0.0,0.0,,2192.537951020604,,,726.3034245371163,1224.9842404599494,2192.537951020604,,,2053.7263346247228
605,raspberrypi,97.0,2023-09-02,06:35:01,Whole,663.1270114027714,,5.821279746408397,,1114.625,1490.0,2.4069786687529455,0,9,2,,0.025,0.975,,0.0,0.025,,81.74249045691272,,,1182.0321040672252,1704.9250980873778,81.74249045691272,,,0.0
606,raspberrypi,106.0,2023-09-02,06:35:01,Whole,845.3294141398268,,5.163709933775554,,1196.5,1844.5,2.566162735877667,0,5,1,,0.0,1.0,,0.0,0.0,,374.96560137672003,,,893.126190786285,1574.5689444541388,374.96560137672003,,,223.7034472564238
607,raspberrypi,220.0,2023-09-02,06:35:01,Whole,204.10506333140447,0.0,4.782725310993522,,1538.178125,1295.484375,4.035358194905294,23,293,80,0.1305083010107842,0.0,1.0,,0.0,0.0,,283.53907503919476,,,1091.457594626081,1463.8815210768535,283.53907503919476,,,204.10584894467863
608,raspberrypi,221.0,2023-09-02,06:35:01,Whole,737.5313031635627,0.0,7.192279974428846,,1254.734375,559.3625,1.8080377782715575,0,293,80,0.12182886561013088,0.0,1.0,,0.0,0.0,,555.7134776025414,,,1878.585078948688,1959.671586792887,555.7134776025414,,,479.2666996891469
609,raspberrypi,225.0,2023-09-02,06:35:01,Whole,349.0640423951698,0.0,4.906246165279964,,1470.5978260869565,1429.8695652173913,0.775981172190827,23,101,23,0.0009169704588658106,0.2875,0.7125,,0.0,0.2875,,236.8260199652758,,,1005.8391363162256,1467.4535402584902,236.8260199652758,,,123.37651386477583
610,raspberrypi,236.0,2023-09-02,06:35:01,Whole,1092.0977032680544,0.0,6.314600340066615,,2649.9828125,1672.7765625,6.060497212761841,3,293,80,0.10791358827800887,0.0,1.0,,0.0,0.0,,1430.504638355116,,,760.8584839776545,961.5853546071736,1430.504638355116,,,1325.390171832187
611,raspberrypi,237.0,2023-09-02,06:35:01,Whole,821.4933327643431,0.0,7.2106787200337665,,967.9134615384615,760.4326923076923,1.8079864022847931,0,288,78,0.1312253404587727,0.0,1.0,,0.0,0.0,,338.2644171400025,,,1840.813239039307,2064.209131501313,338.2644171400025,,,236.34653247332486
612,raspberrypi,380.0,2023-09-02,06:35:01,Whole,649.1696200441506,,5.469425589984784,,1135.25,1497.5,2.329818239088066,0,5,1,,0.0125,0.9875,,0.0,0.0125,,88.20884057841413,,,1162.0010472240974,1687.4422346353595,88.20884057841413,,,0.0
613,raspberrypi,392.0,2023-09-02,06:35:01,Whole,1525.4024725719648,0.0,8.147231717844267,,3041.090277777778,1860.048611111111,2.2382537427627525,0,78,18,0.01053965023717896,0.0,1.0,,0.0,0.0,,1856.0267655922485,,,918.6957435530696,1019.9408473329426,1856.0267655922485,,,1746.5702111844164
614,raspberrypi,402.0,2023-09-02,06:35:01,Whole,787.4954419493156,,5.6005852172369694,,1214.5,1786.0,3.033366619183268,0,3,1,,0.0125,0.9875,,0.0,0.0125,,322.42932898598195,,,912.5183749750242,1569.5534733773588,322.42932898598195,,,169.73483749066824
615,raspberrypi,425.0,2023-09-02,06:35:01,Whole,844.3138717840224,,5.162206660829349,,1198.25,1844.5,2.5604792128719667,0,5,1,,0.0,1.0,,0.0,0.0,,375.33186764611224,,,891.6767226568813,1573.2247042363542,375.33186764611224,,,223.98445031254764
616,raspberrypi,470.0,2023-09-02,06:35:01,Whole,1189.0306546556885,,7.035683564619227,,2739.75,1710.4166666666667,0.5008410751817548,3,14,3,,0.0,1.0,,0.0,0.0,,1526.4965167513947,,,786.4861617072105,961.2746084153691,1526.4965167513947,,,1420.4474158786356
617,raspberrypi,105.0,2023-09-02,15:05:01,Whole,1294.4250883692337,,8.48591700116877,,1479.0,1702.0,5.851556571986324,0,4,1,,0.0,1.0,,0.0,0.0,,386.1412953427256,,,778.8460698289773,1396.0610009298714,386.1412953427256,,,239.7603636118951
618,raspberrypi,220.0,2023-09-02,15:05:01,Whole,1545.7879059862526,,11.457791707097773,,1300.25,1488.25,9.464029666504999,0,4,1,,0.014285714285714285,0.9857142857142858,,0.0,0.014285714285714285,,126.97366214069713,,,1057.4806993134396,1568.6467542525988,126.97366214069713,,,0.0
619,raspberrypi,224.0,2023-09-02,15:05:01,Whole,1054.572735723675,0.028985507246376812,9.46092606986828,2.4330014999112413,3193.942857142857,1266.1892857142857,8.646180598016228,0,151,70,0.27754166884863574,0.0,0.9714285714285714,,0.0,0.0,,1927.9737857236573,,,1420.4152528580264,991.430437508965,1927.9737857236573,,,1850.6054926803151
620,raspberrypi,226.0,2023-09-02,15:05:01,Whole,1156.0725621091585,1.0,8.629122154933524,54.96389550168388,1557.9619565217392,2145.1304347826085,9.667197834113985,0,34,23,1109.2144728753167,0.04285714285714286,0.6714285714285714,,0.08571428571428572,0.04285714285714286,,794.9986972751262,,,452.9489892726073,1292.7013245430312,794.9986972751262,,,688.8104586540915
621,raspberrypi,228.0,2023-09-02,15:05:01,Whole,634.0501348862416,1.0,7.8975151113071975,262.73679963125903,2964.8055555555557,2351.3263888888887,3.0842396760655326,0,57,18,11886.672632202211,0.0,0.7571428571428571,,0.04285714285714286,0.0,,1997.1404878151911,,,778.0307317173795,1195.2899208142544,1997.1404878151911,,,1734.4947553818479
622,raspberrypi,234.0,2023-09-02,15:05:01,Whole,727.7248165864765,1.0,7.337499145987706,8.48559439809123,2530.5170454545455,2895.0738636363635,3.047352929470963,0,120,44,40.041320487272536,0.0,0.38571428571428573,,0.0,0.0,,1974.780388823758,,,422.6551166101201,1133.6893851622226,1974.780388823758,,,1824.5088184175015
623,raspberrypi,237.0,2023-09-02,15:05:01,Whole,850.5115126608033,0.5434782608695652,8.729254516181179,14.095597581019058,3080.324468085106,2936.119680851064,3.0347908498605882,0,125,47,329.5705049591666,0.0,0.6428571428571429,,0.0,0.0,,2402.412989974536,,,898.3491718121563,1375.709570081006,2402.412989974536,,,2283.152168142085
624,raspberrypi,238.0,2023-09-02,15:05:01,Whole,1526.42098734096,1.0,8.636079287620689,57.3529633983466,1198.09375,1990.734375,7.71732463401434,0,39,16,264.1978527172421,0.07142857142857142,0.7857142857142857,,0.0,0.07142857142857142,,544.9749729817798,,,866.5190943581576,1578.9961290746392,544.9749729817798,,,386.39138947434253
625,raspberrypi,991.0,2023-09-02,15:05:01,Whole,1443.8166436830434,,9.864118133475728,,1277.0,2530.5,6.5715991336997535,0,4,1,,0.0,1.0,,0.0,0.0,,1063.774505795047,,,629.4931647921685,1505.3224844379017,1063.774505795047,,,914.1654879834775
626,raspberrypi,17.0,2023-09-02,07:45:01,Whole,1501.995399377385,,8.536911026433291,,2946.25,980.5,8.04344037229024,0,2,1,,0.0,0.9868421052631579,,0.0,0.0,,1705.7171806893598,,,1504.5594592243197,974.926302017334,1705.7171806893598,,,1646.796912854882
627,raspberrypi,37.0,2023-09-02,07:45:01,Whole,1400.6268803582395,0.0,7.336291154659003,,2980.7083333333335,2724.40625,4.646840854388227,0,26,12,9.208855428309173e-29,0.0,1.0,,0.0,0.0,,2193.3227082846,,,727.2289116710739,1225.4132302693213,2193.3227082846,,,2054.4460578626413
628,raspberrypi,87.0,2023-09-02,07:45:01,Whole,678.0473884710576,,2.8826064437800056,,1389.875,1425.375,0.701923178302544,2,6,2,,0.02631578947368421,0.9736842105263158,,0.0,0.02631578947368421,,161.19917917545632,,,1053.648863809537,1522.899649619147,161.19917917545632,,,42.818714793529296
629,raspberrypi,220.0,2023-09-02,07:45:01,Whole,542.2601765071637,0.0,4.838731466399995,,1485.6743421052631,1523.0723684210527,6.018864811798418,2,130,76,0.08867862517809952,1.0,0.0,,0.0,1.0,,285.576960253729,,,919.077033069495,1432.696586495268,285.576960253729,,,157.58599743427854
630,raspberrypi,223.0,2023-09-02,07:45:01,Whole,660.771148652219,0.0,3.9816416641660703,,1650.0833333333333,1317.861111111111,1.3559937536816347,0,18,9,3.3972793185617153e-26,0.0,1.0,,0.0,0.0,,393.00028316728174,,,1025.9896836899602,1387.684146008411,393.00028316728174,,,309.1671239475487
631,raspberrypi,225.0,2023-09-02,07:45:01,Whole,609.1449710500744,0.5789473684210527,5.265651686733969,4.1637280743493195,1297.6369047619048,1626.1845238095239,1.0861572765345422,0,47,21,4.711331033453989,0.27631578947368424,0.7236842105263158,,0.0,0.27631578947368424,,211.26178061452282,,,956.3851671975184,1538.1023398410323,211.26178061452282,,,59.06060616268107
632,raspberrypi,236.0,2023-09-02,07:45:01,Whole,794.962073662329,,4.583355876364836,,1077.25,1645.0,2.2052818166667616,0,2,1,,0.013157894736842105,0.9868421052631579,,0.0,0.013157894736842105,,165.22522421600405,,,1107.3689727034364,1699.905334962139,165.22522421600405,,,23.382239684863407
633,raspberrypi,238.0,2023-09-02,07:45:01,Whole,629.5739852394604,0.04,6.898945073189874,3.1770429580497583,2104.0855263157896,2514.8832236842104,6.024033353935674,0,130,76,0.42292444441150207,0.0,0.0,,1.0,0.0,,1407.5585499403942,,,0.0,972.6476348196967,1407.5585499403942,,,1257.9914460286916
634,raspberrypi,392.0,2023-09-02,07:45:01,Whole,1237.731818254819,,6.917316980751163,,3041.0,1860.0,5.188289791889285,0,6,2,,0.0,1.0,,0.0,0.0,,1855.9266577195845,,,918.6453877976277,1019.9096155292148,1855.9266577195845,,,1746.4312480369135
635,raspberrypi,422.0,2023-09-02,07:45:01,Whole,1276.6793504925704,,5.752594588556183,,960.75,1004.0,3.6775489540645045,0,3,1,,0.013157894736842105,0.9868421052631579,,0.0,0.013157894736842105,,105.20725697860625,,,1647.624528341207,1970.932591135003,105.20725697860625,,,0.0
636,raspberrypi,470.0,2023-09-02,07:45:01,Whole,1504.8698241506406,,8.184125498732131,,3299.75,2152.5,6.457227196003713,0,2,1,,0.0,1.0,,0.0,0.0,,2194.64165864218,,,1043.067532857505,1175.2338865665479,2194.64165864218,,,2076.881138725927
637,raspberrypi,656.0,2023-09-02,07:45:01,Whole,866.4859534711511,1.0,4.7516563960923595,3.5158371849548313,1116.0,1437.25,1.9639705834291303,0,8,4,1.5796939627050761e-28,0.05263157894736842,0.9473684210526315,,0.0,0.05263157894736842,,56.60950526229317,,,1218.4191882831321,1717.0314675715636,56.60950526229317,,,0.0
638,raspberrypi,221.0,2023-09-02,14:05:01,Whole,1129.2880916956653,0.6545454545454545,7.539345405525513,61.084843695959826,1321.872807017544,1171.438596491228,3.3035031742822456,0,196,57,3828.359209433236,0.4507042253521127,0.19718309859154928,,0.0,0.4507042253521127,,439.74208268400594,,,1446.1609402182974,1721.6519334996456,439.74208268400594,,,121.64909387721471
639,raspberrypi,224.0,2023-09-02,14:05:01,Whole,1051.0490709345288,1.0,7.165532926111383,92.32744925883371,2529.91796875,2400.001953125,4.525853152545299,0,213,64,6349.176467560385,0.0,0.09859154929577464,,0.028169014084507043,0.0,,1685.323425586479,,,713.3564800421448,1257.0336552206181,1685.323425586479,,,1645.7343668604226
640,raspberrypi,225.0,2023-09-02,14:05:01,Whole,763.0832331565073,0.0,7.114457811998255,,1994.3732394366198,2602.507042253521,3.2000793274761685,0,228,71,0.16241001649463288,0.0,0.0,,1.0,0.0,,1409.9864466838876,,,0.0,1001.8792122186692,1409.9864466838876,,,1257.7743952892324
641,raspberrypi,234.0,2023-09-02,14:05:01,Whole,745.8710616543656,1.0,6.674293938567425,52.72620795306104,1451.1640625,2342.6015625,2.014398217635592,0,75,16,543.1173159541743,0.0,0.7887323943661971,,0.014084507042253521,0.0,,934.616309762248,,,470.97836923835797,1355.247739123058,934.616309762248,,,817.3851478575084
642,raspberrypi,236.0,2023-09-02,14:05:01,Whole,1071.4783137389888,1.0,8.103076994468188,146.23949791881032,2679.4821428571427,1207.0357142857142,4.89984234782889,0,51,14,17002.983574071342,0.0,0.8309859154929577,,0.0,0.0,,1472.782191461691,,,1236.6987463798637,1084.9195292438553,1472.782191461691,,,1475.3995326225513
643,raspberrypi,237.0,2023-09-02,14:05:01,Whole,956.5063194320398,1.0,8.183987459522688,51.97969778580496,1333.1004464285713,1292.5357142857142,2.9922802054025692,0,181,56,2449.0984456434353,0.16901408450704225,0.22535211267605634,,0.0,0.16901408450704225,,447.72626949303606,,,1222.8394889765084,1651.5857905893035,447.72626949303606,,,262.44469123490944
644,raspberrypi,238.0,2023-09-02,14:05:01,Whole,1718.586271085975,1.0,10.632710414483876,25.437678233434436,3337.125,839.6375,5.852556312719731,0,84,20,480.6685068896885,0.0,0.7183098591549296,,0.0,0.0,,2117.878869416325,,,1845.0116770825105,1064.1360031572713,2117.878869416325,,,2124.5400696776783
645,raspberrypi,441.0,2023-09-02,14:05:01,Whole,489.4633653551253,,5.152059175898128,,1478.25,1703.5,2.2279366032904493,0,6,1,,0.0,1.0,,0.0,0.0,,386.66212655711865,,,778.166264914682,1396.2540914537287,386.66212655711865,,,240.15688011746502
646,raspberrypi,220.0,2023-09-01,19:30:01,Whole,233.58856923064712,0.0,5.047688079286565,,1639.367088607595,1565.4778481012659,1.8864826119039533,4,374,79,0.06570870590113057,0.0,1.0,,0.0,0.0,,440.460478214335,,,804.689891788048,1325.3201082067335,440.460478214335,,,316.0113046633495
647,raspberrypi,221.0,2023-09-01,19:30:01,Whole,1083.4086718597484,0.9615384615384616,7.809737294499142,28.474820140391166,2020.256329113924,2351.7025316455697,3.2116601192986343,0,374,79,666.586980216715,0.0,0.0,,1.0,0.0,,1231.678783981025,,,13.177636691939146,1012.5632953939598,1231.678783981025,,,1090.6701221921999
648,raspberrypi,225.0,2023-09-01,19:30:01,Whole,716.036789855369,0.0,5.8634671742029685,,1023.2083333333334,1661.4583333333333,3.219363878475632,0,43,6,1.3782025556257013e-26,0.0759493670886076,0.9240506329113924,,0.0,0.0759493670886076,,187.20826323237733,,,1140.3147993543564,1739.3134034341924,187.20826323237733,,,54.76354126578599
649,raspberrypi,228.0,2023-09-01,19:30:01,Whole,890.0315801639136,0.3717948717948718,5.8439262934256515,5.2134942666343065,1035.261075949367,698.4541139240506,3.338927042007294,10,374,79,14.44945088396784,0.0,0.6329113924050633,,0.0,0.0,,392.54324376366,,,1857.0527282367468,2043.3202367313243,392.54324376366,,,288.09828045047493
650,raspberrypi,230.0,2023-09-01,19:30:01,Whole,1001.5593706315512,0.0,6.3918835082398875,,780.1130952380952,853.0654761904761,1.183341181704901,0,142,21,0.033394800303676836,0.0,1.0,,0.0,0.0,,323.84714145921265,,,1878.451777498247,2166.7516248354686,323.84714145921265,,,219.64238075680234
651,raspberrypi,232.0,2023-09-01,19:30:01,Whole,797.3986587038845,0.0,5.542858664502765,,1005.9903846153846,875.6009615384617,1.0203521381953595,10,160,26,0.16431101916621488,0.3291139240506329,0.6708860759493671,,0.0,0.3291139240506329,,218.92013735728514,,,1724.1589036252217,1987.3937562954652,218.92013735728514,,,117.97002237518075
652,raspberrypi,234.0,2023-09-01,19:30:01,Whole,579.4351253475982,1.0,5.565254393853859,36.70683885379823,1906.1087662337663,1595.4107142857142,1.8444083204212884,4,370,77,1784.8699766683296,0.0,0.0379746835443038,,0.0,0.0,,798.0435943058643,,,716.7815715277762,1202.8251808235352,798.0435943058643,,,632.1568128740943
653,raspberrypi,237.0,2023-09-01,19:30:01,Whole,483.6914965503297,0.0,5.50073966590391,,1658.7386363636363,849.0545454545454,3.338927042007294,0,287,55,0.11201487494595914,0.0,1.0,,0.0,0.0,,544.9809396775565,,,1468.6719868208618,1561.5866928589467,544.9809396775565,,,542.9423986571007
654,raspberrypi,258.0,2023-09-01,19:30:01,Whole,1675.1090731575835,0.9615384615384616,10.006113094948525,12.590988859234786,3090.3055555555557,462.05555555555554,7.268097748678291,0,172,27,82.28334603323701,0.0,0.6582278481012658,,0.0,0.0,,1986.4417415028274,,,2030.1548252891823,1212.671666155519,1986.4417415028274,,,1979.4521344193347
655,raspberrypi,392.0,2023-09-01,19:30:01,Whole,1478.9215448474108,,9.029565044124768,,3040.9166666666665,1860.4166666666667,5.314084123568889,0,19,3,,0.0,1.0,,0.0,0.0,,1855.9623722243985,,,918.3525465462975,1019.9458087589842,1855.9623722243985,,,1746.4891202992592
656,raspberrypi,656.0,2023-09-01,19:30:01,Whole,498.5085605452952,,4.910813943671832,,1543.0,848.0,2.6332489635285605,0,7,1,,0.0,1.0,,0.0,0.0,,457.3514652276428,,,1503.921264595974,1632.791415263272,457.3514652276428,,,441.8224531730897
657,raspberrypi,17.0,2023-09-02,08:50:01,Whole,1487.0357842194626,,7.1146975594535204,,2943.0,980.75,7.1146975594535204,0,1,1,,0.0,0.987012987012987,,0.0,0.0,,1702.476687832423,,,1502.7241757563736,975.4427764096811,1702.476687832423,,,1643.5748783671024
658,raspberrypi,225.0,2023-09-02,08:50:01,Whole,398.30986279528855,0.0,6.892487434225664,,1593.5974025974026,1256.064935064935,5.73785364751481,0,85,77,0.07639035213547182,0.0,1.0,,0.0,0.0,,339.00947130480154,,,1104.549219017419,1441.9172718204095,339.00947130480154,,,268.2990054364708
659,raspberrypi,234.0,2023-09-02,08:50:01,Whole,388.08469988953544,1.0,6.422109644833902,20.29518800284125,1335.9583333333333,1386.9166666666667,1.4374507764845659,0,16,6,154.92518079466024,0.07792207792207792,0.922077922077922,,0.0,0.07792207792207792,,111.5170538014086,,,1116.3702303537823,1571.1232957813345,111.5170538014086,,,3.042218872559488
660,raspberrypi,237.0,2023-09-02,08:50:01,Whole,931.200369446414,0.0,9.4367745254851,,740.5353260869565,1968.4021739130435,5.737834382244846,0,76,46,0.028198744218287806,0.0,1.0,,0.0,0.0,,566.8955687918414,,,1246.6570199913635,1938.0220935889567,566.8955687918414,,,460.8775835934129
661,raspberrypi,392.0,2023-09-02,08:50:01,Whole,1437.097230712729,0.0,7.5855851052823215,,3039.125,1860.2,8.085248028902493,0,38,15,0.012584370418835766,0.0,1.0,,0.0,0.0,,1854.1832026401112,,,916.9526622229897,1019.4316318328677,1854.1832026401112,,,1744.5435949081498
662,raspberrypi,470.0,2023-09-02,08:50:01,Whole,1246.3405058168382,,8.95546076416252,,2649.875,2351.125,7.854417040923115,0,3,2,,0.0,1.0,,0.0,0.0,,1707.4586130577418,,,365.4440306393456,998.7385678191346,1707.4586130577418,,,1572.0520625951199
663,raspberrypi,598.0,2023-09-02,08:50:01,Whole,842.410652532249,,2.3081738806461423,,1505.0,818.75,2.3081738806461423,0,1,1,,0.0,1.0,,0.0,0.0,,450.65903272598723,,,1544.1845879094062,1670.0009347516618,450.65903272598723,,,426.1986800974071
664,raspberrypi,653.0,2023-09-02,08:50:01,Whole,1332.9108123705716,,8.372451930350445,,2674.5,2465.0,8.372451930350445,0,1,1,,0.0,1.0,,0.0,0.0,,1792.9968818437158,,,380.64135048603845,1026.0753600599837,1792.9968818437158,,,1654.936042892297
665,raspberrypi,656.0,2023-09-02,08:50:01,Whole,1760.0807507008433,0.0,9.574942964971807,,3012.375,2726.375,7.511121444386694,0,32,12,1.127975996089846e-25,0.0,1.0,,0.0,0.0,,2219.8757392612997,,,758.1116227852299,1240.1261834889424,2219.8757392612997,,,2081.526657346553
666,raspberrypi,896.0,2023-09-02,08:50:01,Whole,1750.1648967549152,,9.096140862913863,,2999.75,2726.5,4.477349386403041,0,3,1,,0.0,1.0,,0.0,0.0,,2209.8177654527026,,,746.0552497712333,1234.6294980559317,2209.8177654527026,,,2071.27156763988
667,raspberrypi,37.0,2023-09-02,07:20:01,Whole,1036.160857500896,0.0,7.193674561609026,,2981.2434210526317,2724.7960526315787,4.478621202078008,0,4,19,0.00024947605414299894,0.0,1.0,,0.0,0.0,,2193.984293621339,,,727.8546621785396,1225.8157579762649,2193.984293621339,,,2055.605363053734
668,raspberrypi,125.0,2023-09-02,07:20:01,Whole,1553.6514669864473,,1.8348649771926286,,974.25,1092.5,1.8348649771926286,0,1,1,,0.02857142857142857,0.9714285714285714,,0.0,0.02857142857142857,,62.05185033227825,,,1570.2121956501194,1928.9230480744332,62.05185033227825,,,0.0
669,raspberrypi,392.0,2023-09-02,07:20:01,Whole,841.0256138259507,,4.478621202078008,,3040.6666666666665,1859.9166666666667,4.478621202078008,0,1,3,,0.0,1.0,,0.0,0.0,,1855.5836738127325,,,918.4079034468656,1019.8078465437356,1855.5836738127325,,,1745.5858397982227
670,raspberrypi,441.0,2023-09-02,07:20:01,Whole,255.70158619304792,,6.646811467568791,,2455.25,2116.75,4.147490331767442,0,2,1,,0.0,1.0,,0.0,0.0,,1417.7644390149526,,,295.5138752640195,960.4502088340048,1417.7644390149526,,,1286.1246750357764
671,raspberrypi,445.0,2023-09-02,07:20:01,Whole,1493.8559040412774,,11.050522377175884,,891.125,1336.25,10.989905761074112,0,3,2,,0.05714285714285714,0.9428571428571428,,0.0,0.05714285714285714,,29.80783966817004,,,1449.853716687421,1917.9722359215266,29.80783966817004,,,17.44994252189923
672,raspberrypi,656.0,2023-09-02,07:20:01,Whole,1231.7944005608736,1.0,1.8348649771926286,13.928854706626423,1269.4270833333333,1238.0416666666667,1.8348649771926286,0,1,12,33.63258221786003,0.34285714285714286,0.6571428571428571,,0.0,0.34285714285714286,,45.527497360084986,,,1276.3270412427298,1663.2707832174965,45.527497360084986,,,0.7108829654867748
673,raspberrypi,684.0,2023-09-02,07:20:01,Whole,1489.8751655739954,,,,904.75,1319.0,,0,0,1,,0.02857142857142857,0.9714285714285714,,0.0,0.02857142857142857,,14.277114775887668,,,1451.7211629716137,1911.8868114413865,14.277114775887668,,,14.116094123642569
674,raspberrypi,692.0,2023-09-02,07:20:01,Whole,789.2522596145293,,,,1532.75,1631.25,,0,0,1,,0.0,1.0,,0.0,0.0,,381.7159768510122,,,803.0359438433545,1376.1252521585916,381.7159768510122,,,243.76505840871093
675,raspberrypi,37.0,2023-09-02,11:45:01,Whole,1197.220090161562,,6.0245861121543856,,2061.5,790.5,0.8890116073336374,1,5,1,,0.0,1.0,,0.0,0.0,,916.7406255300763,,,1468.4939150305424,1368.2905081036108,916.7406255300763,,,896.6456139702848
676,raspberrypi,80.0,2023-09-02,11:45:01,Whole,1578.0140301216506,,7.244869693506745,,1026.25,600.0,5.149758020102703,0,3,1,,0.0,1.0,,0.0,0.0,,490.8177881208727,,,1946.2852414295442,2096.2595257338735,490.8177881208727,,,393.7705750186793
677,raspberrypi,221.0,2023-09-02,11:45:01,Whole,1100.6376462772917,1.0,4.90834619852153,142.06994504672497,2158.366666666667,1529.135,3.546774852261142,7,217,75,11273.365264528407,0.0,0.013333333333333334,,0.013333333333333334,0.0,,1278.2855303618412,,,1023.7181443409821,1272.459374040418,1278.2855303618412,,,1263.9076782117183
678,raspberrypi,225.0,2023-09-02,11:45:01,Whole,850.1315909039786,1.0,5.152289405435969,132.46343743766244,1832.0,1439.5848214285713,3.3276831396594946,0,95,28,16254.502811410239,0.17333333333333334,0.6533333333333333,,0.0,0.17333333333333334,,637.417905955045,,,1049.2727042199797,1364.4388683216075,637.417905955045,,,196.80566115466823
679,raspberrypi,227.0,2023-09-02,11:45:01,Whole,705.0738318278146,1.0,5.473136861767162,16.940233679493815,2422.279761904762,2327.3005952380954,3.359693297220172,0,150,42,184.48518453958025,0.0,0.44,,0.49333333333333335,0.0,,1509.5273918662022,,,156.43935394226682,963.8335840321919,1509.5273918662022,,,1384.0761293103346
680,raspberrypi,230.0,2023-09-02,11:45:01,Whole,822.2191191525922,1.0,4.917934327065179,61.532198308140735,2242.9326923076924,2660.0,1.1687131957286847,6,53,13,754.2720237418248,0.0,0.8266666666666667,,0.16,0.0,,1611.2793176651658,,,83.24656593323354,991.6144671356346,1611.2793176651658,,,1480.787522638137
681,raspberrypi,236.0,2023-09-02,11:45:01,Whole,523.6935544551026,0.2112676056338028,6.3329295244553645,5.325727397037967,1629.3385416666667,2450.496527777778,4.033935760597348,0,215,72,7.462661653767161,0.0,0.8,,0.0,0.0,,1093.282005764729,,,273.6369209246181,1220.0344126660937,1093.282005764729,,,934.6703429295954
682,raspberrypi,237.0,2023-09-02,11:45:01,Whole,714.3504197374565,0.9444444444444444,5.726373725364947,7.726817796325274,1121.015625,1823.8370535714287,4.122588262603651,0,164,56,60.84720858086144,0.30666666666666664,0.29333333333333333,,0.0,0.30666666666666664,,345.6050083036182,,,968.229800107009,1636.460225284843,345.6050083036182,,,202.75993539245442
683,raspberrypi,414.0,2023-09-02,11:45:01,Whole,909.3122646914647,0.0,4.972435017463763,,912.125,1933.25,1.3904350062061848,0,6,2,,0.0,1.0,,0.0,0.0,,473.4373507977131,,,1100.1210518854314,1793.9670937804353,473.4373507977131,,,348.2888133927785
684,raspberrypi,441.0,2023-09-02,11:45:01,Whole,471.2623780455175,,4.999833082640539,,1619.0,1537.5,1.831256043828194,0,5,1,,0.0,1.0,,0.0,0.0,,410.70322283393114,,,838.908169991292,1344.600231427451,410.70322283393114,,,288.6391716722421
685,raspberrypi,954.0,2023-09-02,11:45:01,Whole,1578.2846141109019,,6.371836890052635,,1027.0,599.25,2.584933868099207,0,3,1,,0.0,1.0,,0.0,0.0,,491.52565925686974,,,1946.5592827695502,2096.0923284016017,491.52565925686974,,,394.5336437649148
686,raspberrypi,220.0,2023-09-01,21:40:01,Whole,566.1045149199629,0.0,6.166698665079159,,1833.540625,2074.4921875,3.9475192489443525,0,330,80,0.063555048467434,0.0,1.0,,0.0,0.0,,899.4916920564064,,,267.39075002817356,1122.698499844672,899.4916920564064,,,752.3666001829196
687,raspberrypi,226.0,2023-09-01,21:40:01,Whole,593.077949544711,0.0,6.388276522363963,,1834.9625,1021.775,1.424067823113735,0,330,80,0.1320088397081865,0.0,1.0,,0.0,0.0,,620.2815915250233,,,1260.8431872573742,1386.1992385921608,620.2815915250233,,,583.3911856498933
688,raspberrypi,229.0,2023-09-01,21:40:01,Whole,1583.5421633488315,0.0,10.091187683222781,,3353.734375,626.8229166666666,6.900201193729393,0,119,24,0.021848206027232902,0.0,0.7,,0.0,0.0,,2181.088452008792,,,2021.3904008407092,1156.1648500314552,2181.088452008792,,,2137.3194884219724
689,raspberrypi,233.0,2023-09-01,21:40:01,Whole,470.4634709898513,0.0,5.998868844777293,,2101.359375,1093.490625,1.424067823113735,0,330,80,0.0819792166827014,0.0,1.0,,0.0,0.0,,857.373296879495,,,1165.0960154118063,1223.459969919848,857.373296879495,,,801.4984417743001
690,raspberrypi,234.0,2023-09-01,21:40:01,Whole,660.3627036780712,0.0,6.690646445054394,,1431.2088607594937,1424.360759493671,2.9435572005266315,0,328,79,0.06404375299953768,0.9875,0.0125,,0.0,0.9875,,198.66818541848355,,,1031.505680064557,1495.1821248027713,198.66818541848355,,,83.8311709061384
691,raspberrypi,258.0,2023-09-01,21:40:01,Whole,1611.2229341005086,1.0,10.28361110177108,31.609640101214286,2954.5343137254904,2912.845588235294,7.068488541841826,0,238,51,1497.479019856996,0.0,0.3875,,0.0,0.0,,2291.566202638399,,,778.7396523815239,1313.835771640395,2291.566202638399,,,2206.09234249344
692,raspberrypi,366.0,2023-09-01,21:40:01,Whole,1071.6378196454095,,7.683270135077666,,2936.0,2203.75,5.7297808017966645,0,5,1,,0.0,1.0,,0.0,0.0,,1881.8775288037725,,,678.6510366830203,1047.221986276593,1881.8775288037725,,,1756.6696143808042
693,raspberrypi,392.0,2023-09-01,21:40:01,Whole,1008.7688874054124,0.0,6.917610863245351,,3040.9134615384614,1860.0865384615386,5.827272255119331,0,64,13,1.6084003005433632e-26,0.0,1.0,,0.0,0.0,,1855.8676222588517,,,918.5258260681892,1019.8982830472803,1855.8676222588517,,,1746.3686738281692
694,raspberrypi,470.0,2023-09-01,21:40:01,Whole,676.8460996130808,,5.462715077292643,,2467.5,2116.0,3.2807012520308505,0,4,1,,0.0,1.0,,0.0,0.0,,1427.9065632147033,,,304.99236813716465,960.4606322413842,1427.9065632147033,,,1296.58076369758
695,raspberrypi,887.0,2023-09-01,21:40:01,Whole,1415.5579081556248,,8.765763392494128,,722.0,1153.0,3.9223080692882824,0,6,1,,0.0125,0.9875,,0.0,0.0125,,187.0246633714483,,,1698.552973400754,2106.3421921300546,187.0246633714483,,,120.96611388405287
696,raspberrypi,37.0,2023-09-01,17:20:01,Whole,1436.086065615632,,6.917497487986007,,2981.0,2724.75,2.4798692557330866,0,10,1,,0.0,1.0,,0.0,0.0,,2193.7620796513793,,,727.6084306525827,1225.6900139555742,2193.7620796513793,,,2054.9621062091155
697,raspberrypi,80.0,2023-09-01,17:20:01,Whole,888.6032505819392,,6.370850144609238,,2136.25,625.0,0.0017377777800800624,1,9,1,,0.0,1.0,,0.0,0.0,,1061.9065595171683,,,1633.9739685281018,1416.8569524070635,1061.9065595171683,,,1053.6295280681688
698,raspberrypi,107.0,2023-09-01,17:20:01,Whole,1150.908845674039,,8.093499909392383,,3309.25,1866.25,2.146737609553702,0,10,1,,0.0,1.0,,0.0,0.0,,2116.084664996702,,,1150.4430402164846,1115.0770469144504,2116.084664996702,,,2009.5407151633606
699,raspberrypi,220.0,2023-09-01,17:20:01,Whole,797.3259147584824,,6.345422006526435,,1417.5,1509.75,1.7893118958196819,0,10,1,,0.0125,0.9875,,0.0,0.0125,,220.43289629031813,,,968.7429438599927,1481.6045108619055,220.43289629031813,,,87.95872161685404
700,raspberrypi,221.0,2023-09-01,17:20:01,Whole,562.0222700062999,0.012658227848101266,6.405884516781957,2.0155644370746373,1693.7046875,1299.64375,2.6454332511901253,0,675,80,0.15049740430263894,0.0,0.9875,,0.0,0.0,,435.4537747520734,,,1027.8368895451372,1367.548235547459,435.4537747520734,,,355.035551845722
701,raspberrypi,225.0,2023-09-01,17:20:01,Whole,1049.716592495131,0.1111111111111111,6.9827360895365835,2.0155644370746373,1183.9431818181818,1312.1704545454545,2.6451866733243676,0,94,11,0.3578406749045887,0.1375,0.8625,,0.0,0.1375,,23.50916628819897,,,1267.479118785233,1701.43527569816,23.50916628819897,,,0.0
702,raspberrypi,227.0,2023-09-01,17:20:01,Whole,981.4417763836947,1.0,6.850372610550326,29.57130787393514,2090.84375,2478.2638888888887,1.3375866211740461,1,313,36,428.7597555452831,0.0,0.55,,0.45,0.0,,1373.199651961837,,,7.173274323182404,986.0316153411449,1373.199651961837,,,1190.5652932203789
703,raspberrypi,228.0,2023-09-01,17:20:01,Whole,929.2951268707599,0.1917808219178082,6.775569054820924,5.819990977895488,3088.8783783783783,1825.7162162162163,1.8462074689140435,0,626,74,8.370870586914096,0.0,0.825,,0.0,0.0,,1892.866224645854,,,977.4469255836345,1028.4230766337532,1892.866224645854,,,1785.2336457628107
704,raspberrypi,229.0,2023-09-01,17:20:01,Whole,1500.7298009303504,0.0,9.835385403260176,,3455.0734375,665.1515625,6.28509089810903,0,675,80,0.043954871608064876,0.0,0.0,,0.0,0.0,,2268.5202101885757,,,2049.6471531173497,1166.432465876513,2268.5202101885757,,,2221.4510973802826
705,raspberrypi,231.0,2023-09-01,17:20:01,Whole,1273.2484457669539,1.0,8.408802239202627,130.0311674553659,1768.7583333333334,2358.2166666666667,3.0110229805560214,0,132,15,5187.701885210805,0.0,0.8375,,0.05,0.0,,1301.6505163600136,,,625.1212471237249,1379.7883734211696,1301.6505163600136,,,1402.9717493718176
706,raspberrypi,232.0,2023-09-01,17:20:01,Whole,1087.1435881053942,0.05194805194805195,7.202039373773914,5.533122755383854,1804.0849358974358,2516.684294871795,2.9939139092323113,1,662,78,1.529475531918088,0.0,0.025,,0.975,0.0,,1234.3357289629398,,,105.50101644320664,1103.0984606412887,1234.3357289629398,,,1078.5667248949012
707,raspberrypi,234.0,2023-09-01,17:20:01,Whole,889.1048869883489,0.0,7.650793094659175,,2137.1515625,624.4171875,4.159336837998976,1,675,80,0.06194659178564745,0.0,1.0,,0.0,0.0,,1062.974346036197,,,1634.5756561901273,1416.746677262188,1062.974346036197,,,1054.8567676787798
708,raspberrypi,236.0,2023-09-01,17:20:01,Whole,839.9107515133608,0.8227848101265823,7.15300317828528,95.10146223902937,1818.3375,1151.003125,1.8791305676960022,0,675,80,4617.3934764783135,0.0125,0.1875,,0.0625,0.0125,,853.1586218893336,,,1208.9218046237459,1436.1151065294216,853.1586218893336,,,859.5231715452553
709,raspberrypi,237.0,2023-09-01,17:20:01,Whole,633.343591858797,0.8734177215189873,6.2556228693851335,10.896262338804544,1664.86875,1822.43125,2.615085035264538,0,675,80,138.5822565417749,0.0,0.1375,,0.0,0.0,,604.360485020528,,,571.2125973994571,1255.6168327167752,604.360485020528,,,464.3059884924043
710,raspberrypi,238.0,2023-09-01,17:20:01,Whole,1376.1032058408248,1.0,8.867181039611673,42.154048036735674,1198.492924528302,663.7099056603773,3.7118396985906275,0,459,53,881.1912018544682,0.175,0.35,,0.0,0.175,,529.422276093752,,,1848.6351284047112,1969.1897319912819,529.422276093752,,,511.74321939972685
711,raspberrypi,239.0,2023-09-01,17:20:01,Whole,1061.0700100632525,0.0,6.5772686776100455,,3037.490625,2180.265625,1.8462613911472698,1,675,80,0.07417355353142756,0.0,1.0,,0.0,0.0,,1963.627017458133,,,782.638396521618,1075.5640622155893,1963.627017458133,,,1840.9879616474086
712,raspberrypi,430.0,2023-09-01,17:20:01,Whole,1150.1182965103926,,7.210978301591908,,3308.5,1866.0,1.1495662148683687,0,10,1,,0.0,1.0,,0.0,0.0,,2115.2967587925277,,,1149.877652608776,1114.7071190128825,2115.2967587925277,,,2008.7552048421855
713,raspberrypi,432.0,2023-09-01,17:20:01,Whole,1315.266229386025,,6.550913077212964,,3247.25,2325.0,1.3136972233749682,0,10,1,,0.0,1.0,,0.0,0.0,,2214.66590515577,,,960.518324925705,1199.452116924881,2214.66590515577,,,2090.4199668096708
714,raspberrypi,435.0,2023-09-01,17:20:01,Whole,1714.5685728247495,,9.967396567016696,,613.25,2122.25,5.559409940581322,0,10,1,,0.0,1.0,,0.0,0.0,,761.0636329309943,,,1326.3174761986606,2046.8767397305337,761.0636329309943,,,659.905640029743
715,raspberrypi,495.0,2023-09-01,17:20:01,Whole,969.081456318927,,7.070079461235684,,3009.5,2064.75,0.6183000238536497,1,9,1,,0.0,1.0,,0.0,0.0,,1892.6558533159418,,,795.2449296637451,1043.4565081815456,1892.6558533159418,,,1773.9081356458614
716,raspberrypi,37.0,2023-09-01,21:35:01,Whole,1803.843166155988,,10.672994036395504,,2981.625,2725.0,7.155199665128322,0,15,2,,0.0,1.0,,0.0,0.0,,2194.4118021282784,,,728.2793233000443,1226.0706962849742,2194.4118021282784,,,2055.6163563126056
717,raspberrypi,106.0,2023-09-01,21:35:01,Whole,1267.1088958885732,,7.942468614509407,,1178.25,2421.25,3.6398169693520486,0,7,1,,0.0,1.0,,0.0,0.0,,943.0091301177698,,,725.2829913056205,1573.8009669675644,943.0091301177698,,,796.1583324328587
718,raspberrypi,220.0,2023-09-01,21:35:01,Whole,711.2275568093613,0.0,5.003926408210794,,1774.415625,2044.39375,3.2892868179476586,0,583,80,0.07842167065904432,0.0,1.0,,0.0,0.0,,836.9304238573735,,,326.8460066917616,1157.746815721575,836.9304238573735,,,689.0768748645825
719,raspberrypi,226.0,2023-09-01,21:35:01,Whole,315.5516370258754,0.0,5.909375904550367,,1829.137658227848,1019.9098101265823,1.588994726935472,0,579,79,0.09508603928448178,0.0,1.0,,0.0,0.0,,615.4655647921059,,,1263.7414558705436,1390.1577918521327,615.4655647921059,,,579.1467856994184
720,raspberrypi,229.0,2023-09-01,21:35:01,Whole,1731.931970793727,0.0,11.205740807763732,,3449.58125,718.128125,7.121489467562107,0,583,80,0.1244124677502943,0.0,0.0,,0.0,0.0,,2250.3632258195294,,,2004.290390294544,1142.743012378917,2250.3632258195294,,,2200.65534725301
721,raspberrypi,230.0,2023-09-01,21:35:01,Whole,1079.8696758842614,0.0,7.051790287013348,,756.5484375,1231.509375,2.811845402602402,0,583,80,0.049776556049278706,1.0,0.0,,0.0,1.0,,139.46339081774238,,,1619.8211668240324,2054.9242240992003,139.46339081774238,,,93.72293850658258
722,raspberrypi,232.0,2023-09-01,21:35:01,Whole,750.3976825913326,1.0,5.728848650467838,64.59832118452671,1910.8782894736842,2040.532894736842,2.0174925099188425,0,313,38,2386.837054770597,0.0,0.55,,0.225,0.0,,970.7412731684531,,,383.3462615531502,1133.6986011808765,970.7412731684531,,,955.3890989070512
723,raspberrypi,233.0,2023-09-01,21:35:01,Whole,374.00433479358765,0.0,6.066204127185402,,2125.1625,1103.96875,1.5891716495860797,0,583,80,0.08185343862635157,0.0,1.0,,0.0,0.0,,878.7445597878254,,,1154.878948608531,1208.8635735519038,878.7445597878254,,,821.1718865910257
724,raspberrypi,234.0,2023-09-01,21:35:01,Whole,559.6847075667962,0.8205128205128205,6.3504773503214995,28.498394346998698,1359.7767857142858,1146.9940476190477,1.2083594767200339,17,320,42,838.3866616821795,0.3,0.4875,,0.0,0.3,,263.0696294744044,,,1306.9427136109935,1643.878481219845,263.0696294744044,,,183.59847267468678
725,raspberrypi,236.0,2023-09-01,21:35:01,Whole,463.3305123901393,0.8421052631578947,4.857673735228347,5.006549247261443,1397.6637931034484,1497.5560344827586,1.6217463301681103,14,459,58,6.256612076257107,0.725,0.275,,0.0,0.725,,197.75685275110268,,,990.3304708816696,1498.30607493559,197.75685275110268,,,73.9837583473246
726,raspberrypi,237.0,2023-09-01,21:35:01,Whole,556.037244452985,0.0,5.626462459315861,,1298.738782051282,1175.9375,1.7204103140782945,3,575,78,0.08675636579731247,0.975,0.025,,0.0,0.975,,86.08102000540467,,,1312.2132844815128,1663.4152322886703,86.08102000540467,,,63.93472812069817
727,raspberrypi,250.0,2023-09-01,21:35:01,Whole,742.3542568172015,,5.044158839311439,,1292.25,1845.75,1.8877080915027458,0,9,1,,0.0,1.0,,0.0,0.0,,403.75757196505555,,,814.4650976802475,1502.088328366132,403.75757196505555,,,249.6531740479368
728,raspberrypi,366.0,2023-09-01,21:35:01,Whole,1404.862328854031,,8.441342993413977,,2936.0,2203.5,4.378039854016704,0,9,1,,0.0,1.0,,0.0,0.0,,1881.7676581988994,,,678.7226643307408,1047.1721898019857,1881.7676581988994,,,1756.5686108204318
729,raspberrypi,392.0,2023-09-01,21:35:01,Whole,1282.6493156287595,0.375,7.813992046768876,84.80011446678742,2933.152777777778,1950.6527777777778,6.1302038286626,0,202,27,1754.3706927793955,0.0,0.875,,0.0125,0.0,,1792.4631695843798,,,780.5045816219945,1008.6094924519673,1792.4631695843798,,,1746.4080806075044
730,raspberrypi,414.0,2023-09-01,21:35:01,Whole,888.7373764441483,,5.372105348412551,,979.75,1589.5,2.176587451259126,0,9,1,,0.0125,0.9875,,0.0,0.0125,,131.48360491382812,,,1218.3586903711343,1787.640450708629,131.48360491382812,,,13.622684825443315
731,raspberrypi,425.0,2023-09-01,21:35:01,Whole,1268.0529597291936,,6.908224703976066,,1177.25,2421.75,3.6466523519104226,0,9,1,,0.0,1.0,,0.0,0.0,,943.4175045428561,,,726.2646775318772,1574.693986525186,943.4175045428561,,,796.6066141778415
732,raspberrypi,669.0,2023-09-01,21:35:01,Whole,926.4712792341926,,5.854855183682852,,2048.0,2236.25,1.7250320775711252,0,10,1,,0.0,0.9875,,0.0125,0.0,,1165.4441765638308,,,28.10012718714549,1012.976795854385,1165.4441765638308,,,1019.850090209485
733,raspberrypi,987.0,2023-09-01,21:35:01,Whole,945.4980067699331,0.0,6.179540062670513,,1107.8653846153845,1681.6538461538462,2.100760397578713,0,112,13,0.008880270968716714,0.15,0.85,,0.0,0.15,,272.92164277525205,,,1154.4093345192375,1733.5855521065978,272.92164277525205,,,14.08672990942577
734,raspberrypi,221.0,2023-09-02,11:55:01,Whole,274.93189346032074,0.06666666666666667,6.302820189770151,12.684256057399875,956.5180921052631,1873.985197368421,4.4577173260818,0,69,76,22.318287526253133,0.0,0.9342105263157895,,0.0,0.0,,406.060964662296,,,1085.4493479599848,1762.6092512532432,406.060964662296,,,265.3739012673252
735,raspberrypi,225.0,2023-09-02,11:55:01,Whole,1028.8362383026129,1.0,6.008385746637694,216.5448421118681,1964.1114864864865,2134.820945945946,7.3450750275294965,0,48,37,7694.489829961088,0.0,0.5131578947368421,,0.11842105263157894,0.0,,1178.8118902715316,,,534.0954339873522,1199.012092657535,1178.8118902715316,,,1172.2978363320792
736,raspberrypi,227.0,2023-09-02,11:55:01,Whole,649.1932587293992,,3.997325737745068,,1175.25,1116.0,3.997325737745068,0,1,1,,0.013157894736842105,0.9868421052631579,,0.0,0.013157894736842105,,34.980242668647364,,,1430.1598286612686,1771.9118182932402,34.980242668647364,,,0.0
737,raspberrypi,228.0,2023-09-02,11:55:01,Whole,866.6121200068542,0.043478260869565216,7.1699436336682485,2.0155644370746373,742.6342592592592,1033.6666666666667,4.438661207812176,0,36,27,0.16881258288764533,0.35526315789473684,0.6447368421052632,,0.0,0.35526315789473684,,220.8033705015253,,,1768.1310067771124,2128.987684249702,220.8033705015253,,,131.58363532594504
738,raspberrypi,441.0,2023-09-02,11:55:01,Whole,1555.0065373319862,,9.309248604010467,,2637.75,1151.5,9.309248604010467,0,1,1,,0.0,1.0,,0.0,0.0,,1378.8883437083146,,,1214.309143056732,1011.7231055721196,1378.8883437083146,,,1310.6199243168412
739,raspberrypi,445.0,2023-09-02,11:55:01,Whole,465.80494949366965,,3.4490808051191006,,1048.25,1327.0,2.9077670159123983,0,2,1,,0.013157894736842105,0.9868421052631579,,0.0,0.013157894736842105,,0.0,,,1345.0326118023381,1798.3854232620643,0.0,,,0.0
740,raspberrypi,467.0,2023-09-02,11:55:01,Whole,968.5544388276791,,6.02507604510259,,2111.25,2115.5,6.02507604510259,0,1,1,,0.0,0.9868421052631579,,0.013157894736842105,0.0,,1133.4925909068643,,,143.32520248103344,1007.4582532669688,1133.4925909068643,,,993.1102356688987
741,raspberrypi,954.0,2023-09-02,11:55:01,Whole,1909.2217542777169,,7.758519112413367,,2855.5,798.5,4.138982081570257,0,2,1,,0.0,0.9868421052631579,,0.0,0.0,,1655.9448927314306,,,1624.9593275355835,1044.4635966877474,1655.9448927314306,,,1610.3617587301503
742,raspberrypi,220.0,2023-09-02,16:15:01,Whole,589.5164674892553,1.0,4.825076427873132,22.85431424645557,2274.8790322580644,2541.3185483870966,1.9853948151757552,0,94,31,425.77496533270255,0.0,0.5753424657534246,,0.4246575342465753,0.0,,1543.125811287594,,,56.77271439411065,974.7807461794569,1543.125811287594,,,1448.194592422863
743,raspberrypi,224.0,2023-09-02,16:15:01,Whole,945.9160351201621,0.0,7.231303240406685,,2655.9774305555557,2523.215277777778,5.784379347073216,0,186,72,0.16752371070736594,0.0,1.0,,0.0,0.0,,1813.2870658747795,,,366.2866740838682,1034.4086969871646,1813.2870658747795,,,1673.7868295911644
744,raspberrypi,225.0,2023-09-02,16:15:01,Whole,1477.0334687382579,,9.814149199782232,,822.0,1220.5,8.020718126597481,0,2,1,,0.0136986301369863,0.9863013698630136,,0.0,0.0136986301369863,,80.08620228747043,,,1579.62154305424,2005.7869223692142,80.08620228747043,,,27.625678329277463
745,raspberrypi,234.0,2023-09-02,16:15:01,Whole,294.2824325686066,0.0,4.23717806582897,,1540.0625,2627.70625,2.95121156089444,0,60,20,0.00013377890251183968,0.0,1.0,,0.0,0.0,,1223.2200793460524,,,389.25263828156415,1306.9805775942439,1223.2200793460524,,,1069.4842460424238
746,raspberrypi,236.0,2023-09-02,16:15:01,Whole,725.839490164326,0.12698412698412698,6.642007094664369,8.938123112188986,1248.208984375,1841.57421875,4.259464448034964,0,178,64,13.71467424856933,0.0,0.8904109589041096,,0.0,0.0,,385.3691610013409,,,852.40639364351,1535.654896235432,385.3691610013409,,,227.18810419148997
747,raspberrypi,237.0,2023-09-02,16:15:01,Whole,774.6589200932144,1.0,6.572742276900977,30.530873336709274,1007.0451388888889,2635.65625,3.853099483294726,0,188,72,547.6752126457923,0.0,0.0273972602739726,,0.0,0.0,,1156.9547344499272,,,926.3268200192049,1766.52482856184,1156.9547344499272,,,1041.5142812404213
748,raspberrypi,258.0,2023-09-02,16:15:01,Whole,1295.8014952310732,,9.54485559971357,,2872.5,2984.25,8.929341588171816,0,2,1,,0.0,1.0,,0.0,0.0,,2277.9842883330093,,,742.6903625080538,1311.6799536885037,2277.9842883330093,,,2133.08836529075
749,raspberrypi,106.0,2023-09-02,03:15:01,Whole,938.9805338574336,,4.786536116765041,,1176.5,2421.25,1.3821378259679373,0,5,1,,0.0,1.0,,0.0,0.0,,942.8534683150833,,,727.0318800072619,1575.2717222689796,942.8534683150833,,,796.0695880077564
750,raspberrypi,220.0,2023-09-02,03:15:01,Whole,288.55850898536517,0.0,4.777612308731767,,1537.8944805194806,1847.3181818181818,1.094376270723735,0,344,77,0.09290252736484492,0.0,1.0,,0.0,0.0,,532.6688359837973,,,630.568211745307,1330.0801505172403,532.6688359837973,,,382.9072299967995
751,raspberrypi,224.0,2023-09-02,03:15:01,Whole,313.30931760617784,0.14473684210526316,4.981382641270724,5.084244090511539,1382.5568181818182,1292.9707792207791,1.869296467754636,0,343,77,5.358003409558348,0.9625,0.0375,,0.0,0.9625,,135.13419788384562,,,1168.573869441651,1567.1047073761338,135.13419788384562,,,58.58765461633507
752,raspberrypi,228.0,2023-09-02,03:15:01,Whole,951.0124707585759,0.0,6.214137684336831,,930.7701612903226,835.5524193548387,3.3344978415027327,0,155,31,0.0316239527088173,0.3875,0.6125,,0.0,0.3875,,273.86798233923906,,,1800.2766248847906,2059.6278302925057,273.86798233923906,,,169.16855500399348
753,raspberrypi,233.0,2023-09-02,03:15:01,Whole,865.5707804925281,0.0,6.310069563294738,,2295.8069620253164,1122.8322784810127,4.789340329390511,0,349,79,0.047866400604592914,0.0,1.0,,0.0,0.0,,1043.4865628369516,,,1150.3000216014202,1130.1371509629387,1043.4865628369516,,,981.0168086639646
754,raspberrypi,236.0,2023-09-02,03:15:01,Whole,115.04138199253052,0.0,4.633785089700345,,1472.5390625,1645.6625,1.094390962286113,0,352,80,0.07751830046748188,0.0,1.0,,0.0,0.0,,343.38283389180845,,,826.9048373313035,1412.330998823731,343.38283389180845,,,200.3146997056131
755,raspberrypi,237.0,2023-09-02,03:15:01,Whole,673.4335263149703,0.0,5.756566742172953,,1259.5015625,2167.3875,2.1896275439458344,0,352,80,0.11635406040314426,0.0,1.0,,0.0,0.0,,703.6378496776499,,,691.0822060611376,1498.1371876028452,703.6378496776499,,,552.6235950734097
756,raspberrypi,392.0,2023-09-02,03:15:01,Whole,1523.1931533778052,,7.945832687749364,,3041.375,1859.5,5.4116447162542505,0,10,2,,0.0,1.0,,0.0,0.0,,1856.1478075362377,,,919.2291054424699,1019.9402437733212,1856.1478075362377,,,1746.6803867602302
757,raspberrypi,463.0,2023-09-02,03:15:01,Whole,1787.6025961136252,,9.937910246821632,,3309.25,1865.5,6.487401695042471,0,6,1,,0.0,1.0,,0.0,0.0,,2115.897831734385,,,1150.7707701370432,1114.9318990080626,2115.897831734385,,,2009.385533195845
758,raspberrypi,988.0,2023-09-02,03:15:01,Whole,690.6796284329974,0.0,3.994263641461841,,1140.71875,1001.21875,1.6729469696674037,0,22,4,0.0,0.05,0.95,,0.0,0.05,,107.20721841354171,,,1544.6349486772315,1839.275239133261,107.20721841354171,,,33.625553099240435
759,raspberrypi,185.0,2023-09-02,16:30:01,Whole,808.057929873705,,4.341319316389164,,1514.0,2590.75,1.6850338590201284,0,3,1,,0.0,1.0,,0.0,0.0,,1179.8038548470158,,,404.7115866328356,1321.2838166921697,1179.8038548470158,,,1026.2094746473304
760,raspberrypi,224.0,2023-09-02,16:30:01,Whole,2297.383044980279,,13.805353828253288,,752.75,307.0,11.659435999487597,0,3,1,,0.0,1.0,,0.0,0.0,,831.317473328279,,,2338.4460593018443,2441.298953698879,831.317473328279,,,726.2326769869142
761,raspberrypi,225.0,2023-09-02,16:30:01,Whole,693.2310307439908,1.0,7.251564205167025,73.29480267903129,1863.9010416666667,2192.640625,2.309629969137058,0,123,48,5314.805256768865,0.0,0.3561643835616438,,0.273972602739726,0.0,,1120.862756435986,,,428.7298729771722,1184.0255847815902,1120.862756435986,,,1231.3646131154576
762,raspberrypi,226.0,2023-09-02,16:30:01,Whole,1164.311514707093,,5.939590810646456,,1280.0,2869.25,3.5679472447212186,0,3,1,,0.0,1.0,,0.0,0.0,,1399.3243383839817,,,722.2207338331943,1594.9833789972465,1399.3243383839817,,,1250.9028075999931
763,raspberrypi,234.0,2023-09-02,16:30:01,Whole,521.5949026301507,0.9710144927536232,6.276597405748881,21.231740516260547,1698.6589285714285,2191.8303571428573,3.7563007385451876,0,149,70,521.2289380337733,0.0684931506849315,0.0410958904109589,,0.3835616438356164,0.0684931506849315,,906.7583522674306,,,294.6910332924815,1192.4722823774716,906.7583522674306,,,819.6067807425198
764,raspberrypi,236.0,2023-09-02,16:30:01,Whole,891.5516075543122,,5.895655780986191,,1294.5,2293.75,2.0848032904540137,0,3,1,,0.0,1.0,,0.0,0.0,,834.4659151328109,,,624.2804571265508,1470.1076731199698,834.4659151328109,,,683.1702019680561
765,raspberrypi,237.0,2023-09-02,16:30:01,Whole,1510.0184684605258,1.0,9.876893946717605,22.30833117358601,1238.5833333333333,926.875,7.091450654969143,0,18,6,30.49065864534657,0.0684931506849315,0.9315068493150684,,0.0,0.0684931506849315,,211.0422453884949,,,1557.3291443037813,1799.7716695657782,211.0422453884949,,,148.62012508134447
766,raspberrypi,238.0,2023-09-02,16:30:01,Whole,1005.1852343222896,0.0,10.974496849662906,,3114.775684931507,2454.8801369863013,6.811226170211083,0,149,73,0.15747922858196794,0.0,1.0,,0.0,0.0,,2157.3244808726104,,,820.814170432736,1181.1076949029414,2157.3244808726104,,,2027.226572752564
767,raspberrypi,258.0,2023-09-02,16:30:01,Whole,1342.8074559052525,1.0,6.966615309599338,41.029034971809146,1628.8124999999998,902.7125,2.5175086455215,0,58,20,1266.5417390717625,0.0273972602739726,0.7397260273972602,,0.0,0.0273972602739726,,492.62700223098614,,,1436.760285180224,1561.4246586329327,492.62700223098614,,,605.7845014015486
768,raspberrypi,462.0,2023-09-02,16:30:01,Whole,2297.9993182383932,,13.855210459299943,,751.75,307.0,11.86283460730301,0,3,1,,0.0,1.0,,0.0,0.0,,831.6254182220935,,,2338.97727010687,2442.0211569735566,831.6254182220935,,,726.5263033775337
769,raspberrypi,37.0,2023-09-02,06:15:01,Whole,2074.9575818954672,,9.99575017391032,,2982.25,2725.25,5.149211001477341,0,9,2,,0.0,1.0,,0.0,0.0,,2195.06134736083,,,728.9501374906635,1226.4513920320733,2195.06134736083,,,2056.2704308304
770,raspberrypi,221.0,2023-09-02,06:15:01,Whole,714.9677930050483,0.0,7.993266889813935,,1242.5949367088608,551.6740506329114,2.214175919535449,0,243,79,0.1326262537279875,0.0,1.0,,0.0,0.0,,560.0912500944335,,,1890.5620356410989,1971.7265537245833,560.0912500944335,,,482.0429910457216
771,raspberrypi,224.0,2023-09-02,06:15:01,Whole,234.93458425121386,1.0,5.871115449553791,26.934658413168982,1475.6083333333333,1317.9541666666667,3.7052981954722237,0,106,30,255.47630448135462,0.3291139240506329,0.620253164556962,,0.0,0.3291139240506329,,235.04753759488023,,,1101.5133634378426,1498.93926081146,235.04753759488023,,,162.72852998839164
772,raspberrypi,227.0,2023-09-02,06:15:01,Whole,1188.0239685564377,0.7222222222222222,7.909247687323675,96.89444493633225,1912.6184210526317,2288.9473684210525,4.789297471792003,0,52,19,4176.391204260865,0.0,0.759493670886076,,0.16455696202531644,0.0,,1117.4478124138793,,,176.99150329816152,1090.3019339136335,1117.4478124138793,,,1171.2440629652892
773,raspberrypi,233.0,2023-09-02,06:15:01,Whole,305.2384922398984,0.7407407407407407,5.886457301230349,57.50005096988288,1389.5689655172414,1069.8189655172414,2.635228664779265,0,99,29,2051.5690770352808,0.22784810126582278,0.6455696202531646,,0.0,0.22784810126582278,,232.5987735807111,,,1367.7264672304816,1645.657636051662,232.5987735807111,,,117.18091580724152
774,raspberrypi,236.0,2023-09-02,06:15:01,Whole,1092.8491364542604,0.0,6.794149724002857,,2590.740506329114,1667.1598101265822,6.087287925901026,0,243,79,0.047218415456031476,0.0,1.0,,0.0,0.0,,1371.7430521568892,,,732.7201575881791,965.1855191883094,1371.7430521568892,,,1265.9821347601148
775,raspberrypi,237.0,2023-09-02,06:15:01,Whole,834.8340956731075,0.0,7.967639734656304,,879.457191780822,779.9657534246576,2.213391397655008,0,231,73,0.10464366079335902,0.0,1.0,,0.0,0.0,,342.9365595995052,,,1875.39813768051,2121.3170269321954,342.9365595995052,,,237.31024448415562
776,raspberrypi,392.0,2023-09-02,06:15:01,Whole,1581.9558244416419,0.0,8.179130510348141,,3041.21875,1860.53125,2.5285626396799383,0,34,8,0.0,0.0,1.0,,0.0,0.0,,1856.2840324735143,,,918.5471044342586,1020.0437571139103,1856.2840324735143,,,1746.7902486804126
777,raspberrypi,414.0,2023-09-02,06:15:01,Whole,960.8450389482714,,6.391924513254561,,839.75,1709.75,4.806174192420586,0,4,1,,0.0,1.0,,0.0,0.0,,296.17156420610473,,,1266.8128603484613,1880.35577312898,296.17156420610473,,,196.22560421885882
778,raspberrypi,470.0,2023-09-02,06:15:01,Whole,1948.7107995524404,,10.795283737162446,,3299.0,2153.25,4.436744241581077,0,4,1,,0.0,1.0,,0.0,0.0,,2194.2135278383394,,,1042.1576030374727,1175.0824885015513,2194.2135278383394,,,2076.41630811455
779,raspberrypi,517.0,2023-09-02,06:15:01,Whole,961.8667124950199,,6.729280594767613,,838.5,1709.75,4.805109290542608,0,3,1,,0.0,1.0,,0.0,0.0,,296.79358453563253,,,1267.8889467582915,1881.3949791261211,296.79358453563253,,,197.08060454668933
780,raspberrypi,110.0,2023-09-01,20:45:01,Whole,565.3107413318048,,3.8729357706256704,,1509.75,1707.5,1.2066786549788628,0,7,1,,0.0,1.0,,0.0,0.0,,412.0651733075554,,,755.2665172723714,1374.611247127717,412.0651733075554,,,267.0626591244728
781,raspberrypi,220.0,2023-09-01,20:45:01,Whole,568.6666972809775,0.0,4.350197080124539,,1797.640625,1901.15,1.5164043904596853,0,485,80,0.07842690029903748,0.0,1.0,,0.0,0.0,,755.3901692705545,,,433.9628163921696,1167.258393025398,755.3901692705545,,,613.4270749516943
782,raspberrypi,223.0,2023-09-01,20:45:01,Whole,273.1397820310428,0.0,3.8563260895117044,,1677.343023255814,1347.0639534883721,0.9740213022622151,41,271,43,0.016166667542194445,0.0,1.0,,0.0,0.0,,421.3873980246998,,,988.909952357409,1362.4934965236994,421.3873980246998,,,331.6423126405042
783,raspberrypi,226.0,2023-09-01,20:45:01,Whole,367.72449171981384,0.0,4.156789407383407,,1635.6942567567567,1163.1891891891892,0.9767507284337049,41,461,74,0.030474327435454633,0.0,1.0,,0.0,0.0,,393.34208647821674,,,1175.8329826675692,1448.0359996537486,393.34208647821674,,,341.60343554116383
784,raspberrypi,228.0,2023-09-01,20:45:01,Whole,346.05765106905403,0.0,3.7575751365763197,,1725.4446202531647,1616.3449367088608,1.4150938527755046,0,482,79,0.0880596856279651,0.0,1.0,,0.0,0.0,,539.3126073579721,,,721.5285296155123,1263.0109006592247,539.3126073579721,,,413.9041387164509
785,raspberrypi,229.0,2023-09-01,20:45:01,Whole,1574.6383960409396,0.0,9.625354787006868,,3456.69375,894.4828125,6.922882565833218,0,485,80,0.06103218761253854,0.0,0.0,,0.0,0.0,,2222.4689807252616,,,1872.629739334654,1090.402433739394,2222.4689807252616,,,2163.6782081394767
786,raspberrypi,233.0,2023-09-01,20:45:01,Whole,303.58052575087095,0.0,4.740139311897548,,2133.46875,1111.209375,2.584139632662086,0,485,80,0.04457221810580515,0.0,1.0,,0.0,0.0,,885.6533478880979,,,1147.8305653428679,1202.6187393806363,885.6533478880979,,,827.1367852308437
787,raspberrypi,234.0,2023-09-01,20:45:01,Whole,836.4860420016444,0.0,4.958647674591677,,1205.7910447761194,1734.5074626865671,2.752376564341586,1,419,67,0.023460120283120913,0.8375,0.1625,,0.0,0.8375,,270.5478840200139,,,951.0739020701911,1584.7533389620025,270.5478840200139,,,117.60556902276815
788,raspberrypi,237.0,2023-09-01,20:45:01,Whole,524.6057198403759,0.0,4.596639780738008,,1592.5548245614036,969.7850877192982,1.0228911441675828,0,366,57,0.0281647403901758,0.0,1.0,,0.0,0.0,,425.1019252375016,,,1372.6438900115427,1549.150082378609,425.1019252375016,,,415.37429561954025
789,raspberrypi,258.0,2023-09-01,20:45:01,Whole,732.2312225297522,,4.730651673038497,,1222.25,1430.5,2.388002779339585,0,6,1,,0.0125,0.9875,,0.0,0.0125,,79.80906620625929,,,1151.8874103806868,1639.9502850498172,79.80906620625929,,,0.0
790,raspberrypi,366.0,2023-09-01,20:45:01,Whole,1301.8946455511186,,7.805239873501513,,2936.0,2204.0,6.080044053715739,0,8,1,,0.0,1.0,,0.0,0.0,,1881.9874237160197,,,678.5794746689162,1047.27180275233,1881.9874237160197,,,1756.7706443661068
791,raspberrypi,392.0,2023-09-01,20:45:01,Whole,1202.9689684827167,,6.745903724496092,,3041.5,1860.0,5.427716034541278,0,6,1,,0.0,1.0,,0.0,0.0,,1856.4063891164064,,,919.0681938794678,1020.0447478364079,1856.4063891164064,,,1746.9176258552072
792,raspberrypi,997.0,2023-09-01,20:45:01,Whole,835.4011576607174,,4.598244988800322,,1206.75,1734.0,0.0034659248857205854,1,7,1,,0.0125,0.9875,,0.0,0.0125,,270.3263696305331,,,950.6461373090485,1584.1176123214436,270.3263696305331,,,117.35675326235256
793,raspberrypi,17.0,2023-09-02,08:45:01,Whole,1977.235814929091,,11.238839323145973,,3177.0,2670.25,11.238839323145973,0,1,1,,0.0,1.0,,0.0,0.0,,2322.8367766505676,,,904.4858121386353,1291.489471459669,2322.8367766505676,,,2188.2205078515553
794,raspberrypi,37.0,2023-09-02,08:45:01,Whole,1863.3085638665734,,10.608444765748972,,2981.5,2724.75,10.608444765748972,0,1,1,,0.0,1.0,,0.0,0.0,,2194.161686229575,,,728.0864675972182,1225.9066760099438,2194.161686229575,,,2055.369461874641
795,raspberrypi,221.0,2023-09-02,08:45:01,Whole,824.2150010568677,,4.1984856896241185,,813.75,1652.5,4.1984856896241185,0,1,1,,0.013157894736842105,0.9868421052631579,,0.0,0.013157894736842105,,263.9583477243276,,,1318.7626477676918,1911.0913184018461,263.9583477243276,,,176.43839618403953
796,raspberrypi,225.0,2023-09-02,08:45:01,Whole,222.245839119114,0.10666666666666667,7.166131233784608,5.958400996569678,1528.5674342105262,1253.9868421052631,7.474825524666387,0,21,76,6.121072558049225,0.0,0.8947368421052632,,0.0,0.0,,276.39897489858663,,,1133.1090493499312,1483.4984988413717,276.39897489858663,,,198.21538837610402
797,raspberrypi,237.0,2023-09-02,08:45:01,Whole,929.3010682394919,0.0,4.985017374469921,,779.0,1864.625,4.955751039181892,0,4,4,0.125,0.0,1.0,,0.0,0.0,,458.18544377835923,,,1249.633026038392,1912.5548464321223,458.18544377835923,,,353.95978575572764
798,raspberrypi,367.0,2023-09-02,08:45:01,Whole,929.3828091710307,,4.951473907321866,,778.0,1862.75,4.951473907321866,0,1,1,,0.0,1.0,,0.0,0.0,,457.01348501108043,,,1251.3112822379653,1913.5839566176728,457.01348501108043,,,353.21547820796025
799,raspberrypi,392.0,2023-09-02,08:45:01,Whole,1479.7442298855378,,8.460941158268469,,3039.0,1859.75,8.460941158268469,0,1,1,,0.0,1.0,,0.0,0.0,,1853.9382404426606,,,917.0872634437928,1019.334587320084,1853.9382404426606,,,1744.427696123459
800,raspberrypi,441.0,2023-09-02,08:45:01,Whole,1262.300213036936,0.0,5.351735060261,,2444.4444444444443,2409.6111111111113,7.4761518715915,0,10,9,1.9697389444368828e-27,0.0,0.881578947368421,,0.11842105263157894,0.0,,1577.1370221041907,,,153.32992432430288,970.2454646970964,1577.1370221041907,,,1436.045802790075
801,raspberrypi,653.0,2023-09-02,08:45:01,Whole,1862.0121171492067,,6.8647471297941,,2979.5,2725.0,3.207480021299959,0,2,1,,0.0,1.0,,0.0,0.0,,2192.713705892305,,,726.2479050905838,1225.1500427956569,2192.713705892305,,,2053.8853273922077
802,raspberrypi,887.0,2023-09-02,08:45:01,Whole,838.5371839975577,,4.238405645969908,,797.5,1646.0,4.238405645969908,0,1,1,,0.013157894736842105,0.9868421052631579,,0.0,0.013157894736842105,,268.71632244734985,,,1335.9930635561147,1925.7012449668605,268.71632244734985,,,185.38561891894224
803,raspberrypi,964.0,2023-09-02,08:45:01,Whole,930.2549444387487,,4.961700135786579,,778.0,1864.75,4.961700135786579,0,1,1,,0.0,1.0,,0.0,0.0,,458.7569393653912,,,1250.4949982082758,1913.3966023713042,458.7569393653912,,,354.8104952084756
804,raspberrypi,37.0,2023-09-02,02:55:01,Whole,1268.6528561413013,1.0,7.8591180037955075,432.67227872981414,2356.0625,2361.0833333333335,5.2857500977666865,1,28,6,0.0,0.0,0.9493670886075949,,0.012658227848101266,0.0,,1483.3637132190188,,,450.8130974719408,1151.8325316571356,1483.3637132190188,,,1407.8461079367808
805,raspberrypi,106.0,2023-09-02,02:55:01,Whole,1486.9864060075251,,8.341739192821588,,3041.25,1860.0,5.402506822371055,0,5,1,,0.0,1.0,,0.0,0.0,,1856.1665078444264,,,918.856676162407,1019.9770807866829,1856.1665078444264,,,1746.6744186526337
806,raspberrypi,141.0,2023-09-02,02:55:01,Whole,1858.8053902845554,,10.186515609646419,,3267.5,2265.75,7.737757812919107,0,5,1,,0.0,1.0,,0.0,0.0,,2208.30655603151,,,988.6123535517902,1191.3022930062743,2208.30655603151,,,2086.246876210294
807,raspberrypi,155.0,2023-09-02,02:55:01,Whole,1695.4880610392481,,9.24246942306073,,3042.5,2322.25,7.286674432718944,0,5,1,,0.0,1.0,,0.0,0.0,,2030.3424600199996,,,757.6997443207374,1111.762439624509,2030.3424600199996,,,1902.975551887622
808,raspberrypi,185.0,2023-09-02,02:55:01,Whole,895.9088020008495,,4.71869546044616,,1249.5,2186.0,1.9709216563842635,0,5,1,,0.0,1.0,,0.0,0.0,,719.9052258513832,,,694.7715277855475,1505.644804647082,719.9052258513832,,,569.2889102388519
809,raspberrypi,220.0,2023-09-02,02:55:01,Whole,459.44782999585794,0.02564102564102564,5.633031510390636,2.0155644370746373,1562.389240506329,1830.889240506329,1.6175995687224698,1,308,79,0.12500450349915274,0.0,0.9746835443037974,,0.0,0.0,,536.529803510691,,,626.5310818251302,1317.072073115682,536.529803510691,,,387.86306377499625
810,raspberrypi,225.0,2023-09-02,02:55:01,Whole,568.1996295704474,0.0,7.2798061068943225,,1196.8658536585365,1015.1951219512196,1.1420593800339018,0,175,41,0.10019230899241911,0.5189873417721519,0.4810126582278481,,0.0,0.5189873417721519,,117.534353611873,,,1502.5160141853753,1793.7511180712563,117.534353611873,,,61.935136527519035
811,raspberrypi,226.0,2023-09-02,02:55:01,Whole,459.10574138537805,0.0,5.905594944170949,,1455.7708333333333,954.5208333333334,1.0463995312624579,5,83,18,0.22652893033359997,0.0,1.0,,0.0,0.0,,324.74299503658017,,,1436.001425271257,1642.095619810209,324.74299503658017,,,311.9944228844073
812,raspberrypi,233.0,2023-09-02,02:55:01,Whole,708.6989844776323,0.0,6.219358471777163,,2296.7990506329115,1124.110759493671,4.716037615280456,0,308,79,0.049364710090880254,0.0,1.0,,0.0,0.0,,1044.2935612480487,,,1149.181351899543,1129.3550095039163,1044.2935612480487,,,981.6977248985854
813,raspberrypi,236.0,2023-09-02,02:55:01,Whole,451.28115895299356,1.0,5.903500232573925,36.95995948290127,1412.161858974359,1552.2852564102564,1.5513806423222554,4,306,78,1115.1605072061743,0.26582278481012656,0.02531645569620253,,0.0,0.26582278481012656,,387.5576396236545,,,983.9777061002238,1499.3951803378782,387.5576396236545,,,245.6599109361781
814,raspberrypi,258.0,2023-09-02,02:55:01,Whole,346.3523125119031,0.01282051282051282,6.511182485391819,2.1213203435596424,1378.8354430379748,1143.8939873417721,1.1491012383958237,1,308,79,0.19343695286242182,1.0,0.0,,0.0,1.0,,164.805459094426,,,1299.307308600681,1619.751465042862,164.805459094426,,,140.47477072396273
815,raspberrypi,392.0,2023-09-02,02:55:01,Whole,1487.5810882455062,,8.513741460823557,,3041.75,1860.375,5.407073111668428,0,10,2,,0.0,1.0,,0.0,0.0,,1856.7503575272717,,,919.079990302867,1020.1656231463132,1856.7503575272717,,,1747.2476745729605
816,raspberrypi,987.0,2023-09-02,02:55:01,Whole,1700.2342923396054,,9.621197430108221,,2630.0,2755.75,7.295799493205419,0,6,1,,0.0,1.0,,0.0,0.0,,1944.8644785636084,,,415.6707954764624,1101.4257426247343,1944.8644785636084,,,1799.9741208810933
817,raspberrypi,37.0,2023-09-02,06:20:01,Whole,2223.9850046653937,0.0,12.154003059701113,,2978.6136363636365,2724.25,5.670510843046803,0,55,11,0.003968253968253968,0.0,1.0,,0.0,0.0,,2191.554969063369,,,725.1804098421082,1224.43778948434,2191.554969063369,,,2052.6066137724456
818,raspberrypi,110.0,2023-09-02,06:20:01,Whole,1384.9245263227137,,7.854405095639689,,2753.0,1449.5,1.3554340943407714,0,6,1,,0.0,1.0,,0.0,0.0,,1495.2949679076273,,,1003.5058046147749,962.793350163066,1495.2949679076273,,,1405.5502693453554
819,raspberrypi,190.0,2023-09-02,06:20:01,Whole,480.5881139356575,,4.586638603253887,,967.5,1370.5,2.1002695660833877,0,4,1,,0.01282051282051282,0.9871794871794872,,0.0,0.01282051282051282,,17.30156878672159,,,1370.770821087646,1848.640868369692,17.30156878672159,,,0.0
820,raspberrypi,221.0,2023-09-02,06:20:01,Whole,622.008870497366,0.025974025974025976,7.1165189298169835,2.2131032289414323,1247.3060897435898,555.5272435897435,1.754608567217393,0,326,78,0.22277924590096196,0.0,0.9743589743589743,,0.0,0.0,,557.5254734965406,,,1885.1170210688392,1966.5950944722426,557.5254734965406,,,480.16978551925826
821,raspberrypi,224.0,2023-09-02,06:20:01,Whole,721.9677469032706,,5.165746177963846,,965.125,1732.875,2.2157684925258536,0,10,2,,0.01282051282051282,0.9871794871794872,,0.0,0.01282051282051282,,269.6482339012698,,,1151.3766958742954,1775.9349788505845,269.6482339012698,,,145.84403088628736
822,raspberrypi,233.0,2023-09-02,06:20:01,Whole,241.7909514957612,0.0,5.7425175703933595,,1192.6458333333333,1032.6458333333333,1.659790711454213,0,326,78,0.053822725879005516,1.0,0.0,,0.0,1.0,,101.45099825965498,,,1490.0179495060536,1790.076623529591,101.45099825965498,,,47.76081240948595
823,raspberrypi,236.0,2023-09-02,06:20:01,Whole,1341.2199181033113,0.0,7.105161400555919,,2633.966346153846,1681.8076923076924,8.162383045525631,0,326,78,0.05132687571337916,0.0,1.0,,0.0,0.0,,1417.1337652473187,,,744.2772664512449,962.0372597254191,1417.1337652473187,,,1311.35172613907
824,raspberrypi,237.0,2023-09-02,06:20:01,Whole,554.8014204464592,0.0,6.663920668141501,,992.8701298701299,780.7288961038961,1.6597006026567989,0,324,77,0.10460021622971297,0.0,1.0,,0.0,0.0,,314.34822162994305,,,1810.0991031481956,2037.0936516994825,314.34822162994305,,,213.67568232514841
825,raspberrypi,392.0,2023-09-02,06:20:01,Whole,1784.9994898476816,,9.749575528882723,,3040.375,1860.125,2.2910789179536524,0,10,2,,0.0,1.0,,0.0,0.0,,1855.3616579164227,,,918.0498110277736,1019.7581921621156,1855.3616579164227,,,1745.8521713687546
826,raspberrypi,441.0,2023-09-02,06:20:01,Whole,647.4762563615939,,5.728526642876579,,1304.0,1799.25,3.859201166590645,0,6,1,,0.0,1.0,,0.0,0.0,,365.4731002454816,,,834.0433061791832,1500.6605556833003,365.4731002454816,,,211.15519276697952
827,raspberrypi,987.0,2023-09-02,06:20:01,Whole,835.5470293455058,0.0,7.482431392096293,,628.7033333333334,1482.6266666666668,3.7249314904887236,0,317,75,0.06472486409881639,0.0,1.0,,0.0,0.0,,303.225232698213,,,1566.2847751046058,2097.9617527895657,303.225232698213,,,280.5999851971552
828,raspberrypi,220.0,2023-09-02,07:55:01,Whole,423.30936276410023,0.0,3.8059706583250286,,1493.4444444444443,1628.7291666666667,2.0365311693766914,0,110,36,0.016421647765860102,0.0,1.0,,0.0,0.0,,348.8681234770367,,,827.849510259482,1402.2660830936131,348.8681234770367,,,208.51545133555018
829,raspberrypi,223.0,2023-09-02,07:55:01,Whole,372.7160560725149,,1.5622587665606589,,1809.5,1199.5,0.7285826072509388,1,2,1,,0.0,1.0,,0.0,0.0,,555.4152259062753,,,1091.9292384397372,1334.6760787833225,555.4152259062753,,,491.36853886589245
830,raspberrypi,233.0,2023-09-02,07:55:01,Whole,328.6936517398212,0.0136986301369863,4.028604134863652,4.802343178074636,1744.4155405405406,1325.3108108108108,2.1867603692979682,1,176,74,0.36853851965355927,0.0,0.9864864864864865,,0.0,0.0,,485.9677803082856,,,987.4926364345384,1330.319127126183,485.9677803082856,,,401.49867207114755
831,raspberrypi,236.0,2023-09-02,07:55:01,Whole,147.41526490666328,0.0,4.315861379050552,,1359.7533783783783,1083.6030405405406,1.59948608395438,0,176,74,0.09096484518727653,1.0,0.0,,0.0,1.0,,176.8621110986639,,,1361.385944706654,1654.721463276383,176.8621110986639,,,174.46322992891533
832,raspberrypi,237.0,2023-09-02,07:55:01,Whole,440.098419580312,,2.584137126030353,,1015.75,1081.5,0.8416852552123345,2,7,2,,0.02702702702702703,0.972972972972973,,0.0,0.02702702702702703,,59.233311362907486,,,1552.7074283911459,1901.479080736995,59.233311362907486,,,0.0
833,raspberrypi,258.0,2023-09-02,07:55:01,Whole,443.6119174411776,0.0,3.916258892820176,,1088.21875,934.9770833333333,1.5966088093128614,2,159,60,0.04754989080520717,0.8108108108108109,0.1891891891891892,,0.0,0.8108108108108109,,158.86364233152722,,,1628.8510385446646,1903.2418711945234,158.86364233152722,,,69.877564174657
834,raspberrypi,366.0,2023-09-02,07:55:01,Whole,1328.6108130126934,,6.968893500666351,,2694.0,1639.25,5.160262574902027,0,4,1,,0.0,1.0,,0.0,0.0,,1465.8949572509591,,,813.7696238307619,960.8309573135576,1465.8949572509591,,,1363.4496137207043
835,raspberrypi,968.0,2023-09-02,07:55:01,Whole,1952.3274258444073,,9.612597226363597,,3041.75,2321.0,8.448390154599647,0,2,1,,0.0,1.0,,0.0,0.0,,2029.0991206802369,,,757.1307889607374,1111.141727959142,2029.0991206802369,,,1901.7592919277392
836,raspberrypi,997.0,2023-09-02,07:55:01,Whole,954.1754161076725,,5.436697727870099,,885.25,1987.75,5.2754789922278915,0,2,1,,0.0,1.0,,0.0,0.0,,532.6730254060249,,,1104.238395251599,1812.8649777551127,532.6730254060249,,,408.90256213298585
837,raspberrypi,106.0,2023-09-02,09:15:01,Whole,377.67206292602623,,,,1196.5,1843.75,,0,0,1,,0.0,1.0,,0.0,0.0,,374.2329535571392,,,893.5463378193215,1574.673002096828,374.2329535571392,,,222.96296345266555
838,raspberrypi,172.0,2023-09-02,09:15:01,Whole,2290.8464469197406,,11.956281005139253,,2993.0,2723.75,11.551523682495011,0,2,1,,0.0,1.0,,0.0,0.0,,2202.764993003449,,,738.798550798793,1230.4679209909066,2202.764993003449,,,2064.171495106744
839,raspberrypi,237.0,2023-09-02,09:15:01,Whole,112.54665797331954,0.0,6.665478091793027,,723.0326086956521,1961.873188405797,0.9699402781947666,48,49,69,0.05429549973406366,0.0,1.0,,0.0,0.0,,569.1224048218136,,,1265.3361629151932,1953.5600144041625,569.1224048218136,,,465.6282499815228
840,raspberrypi,414.0,2023-09-02,09:15:01,Whole,78.99807793993595,0.0,6.260720769148783,,905.8697916666669,1918.580729166667,0.9699402781947666,48,49,48,0.012911921186870264,0.0,1.0,,0.0,0.0,,461.0414778926066,,,1111.7912309239841,1800.4198797009503,461.0414778926066,,,337.27034780391
841,raspberrypi,441.0,2023-09-02,09:15:01,Whole,1910.7308647833252,,,,2676.75,2464.0,,0,0,1,,0.0,1.0,,0.0,0.0,,1794.2214577994594,,,382.872952003795,1026.4752870043424,1794.2214577994594,,,1656.2283436326195
842,raspberrypi,220.0,2023-09-02,03:00:01,Whole,337.2314765910441,0.0,5.210522511392456,,1543.3544303797469,1850.9762658227849,1.0515757646590085,0,354,79,0.11263166216866627,0.0,1.0,,0.0,0.0,,538.9822763467073,,,624.1776440787086,1325.9073788525145,538.9822763467073,,,389.25490324345185
843,raspberrypi,225.0,2023-09-02,03:00:01,Whole,616.2068867275897,0.038461538461538464,6.386757414480862,2.429791198883892,1188.2990506329113,1022.1044303797469,3.600695457606699,0,354,79,0.2941822654031917,1.0,0.0,,0.0,1.0,,107.89808710809668,,,1501.245753777981,1797.1887215549748,107.89808710809668,,,51.615462012103876
844,raspberrypi,226.0,2023-09-02,03:00:01,Whole,576.4771950489985,0.0,4.539164734864102,,1438.8614864864865,950.3614864864865,1.3431589936982027,0,187,37,0.0008905023260311856,0.0,1.0,,0.0,0.0,,314.8950683891521,,,1446.5234338696366,1654.8232341836701,314.8950683891521,,,300.75446657783107
845,raspberrypi,233.0,2023-09-02,03:00:01,Whole,834.2144885969263,0.0,5.6064292477389825,,2296.6012658227846,1123.9003164556962,5.064570377186796,0,354,79,0.07133636280834144,0.0,1.0,,0.0,0.0,,1044.1266339245326,,,1149.3603327362293,1129.497218971468,1044.1266339245326,,,981.5710179141647
846,raspberrypi,236.0,2023-09-02,03:00:01,Whole,169.34298519722262,0.0,5.107500601565786,,1473.0133333333333,1659.8416666666667,1.051334707370217,0,341,75,0.07557853731110642,0.0,1.0,,0.0,0.0,,353.03177235638714,,,815.4373646961246,1408.9239584683683,353.03177235638714,,,208.83374461536985
847,raspberrypi,237.0,2023-09-02,03:00:01,Whole,712.9572141984403,0.0,6.609877503539122,,1271.3433544303798,2166.3481012658226,2.1507766433940803,0,354,79,0.10261077235653147,0.0,1.0,,0.0,0.0,,705.1195770195927,,,680.2260098221533,1488.8349825827713,705.1195770195927,,,553.6654321978841
848,raspberrypi,392.0,2023-09-02,03:00:01,Whole,1521.589574973677,,8.430994453854842,,3041.125,1859.625,5.404796576748056,0,12,2,,0.0,1.0,,0.0,0.0,,1855.94252243097,,,918.9509084782595,1019.8902737141625,1855.94252243097,,,1746.4660224157547
849,raspberrypi,470.0,2023-09-02,03:00:01,Whole,1423.3601033313614,,7.733802969544282,,2963.75,1745.25,4.7080642839634175,0,5,1,,0.0,1.0,,0.0,0.0,,1751.9893361903223,,,923.0593950492355,988.2797159917856,1751.9893361903223,,,1647.060332490871
850,raspberrypi,525.0,2023-09-02,03:00:01,Whole,674.730155353229,,4.085643108584713,,1761.0,870.25,1.7133453759081165,0,6,1,,0.0,1.0,,0.0,0.0,,617.5021489293624,,,1423.8837263392813,1492.12936496368,617.5021489293624,,,607.4377761163503
851,raspberrypi,653.0,2023-09-02,03:00:01,Whole,1866.508821009314,,9.849280356849539,,2979.5,2725.25,8.681602710893788,0,5,1,,0.0,1.0,,0.0,0.0,,2192.8639423442833,,,726.3214124750725,1225.2597118048661,2192.8639423442833,,,2054.0304121895215
852,raspberrypi,150.0,2023-09-01,18:50:01,Whole,1100.2025249223161,,7.0705941451552725,,2225.5,2487.0,0.7591989919619994,1,7,1,,0.0,0.9873417721518988,,0.012658227848101266,0.0,,1468.2037513986363,,,0.0,960.8394815199151,1468.2037513986363,,,1321.0792730812448
853,raspberrypi,221.0,2023-09-01,18:50:01,Whole,1047.7481951933248,0.2692307692307692,6.861458588174095,14.503838857523213,2136.3955696202534,2441.1487341772154,1.6844909286332912,1,528,79,132.59906888974277,0.0,0.0,,1.0,0.0,,1374.4896817256629,,,0.0,972.4973901508131,1374.4896817256629,,,1178.5882353354511
854,raspberrypi,223.0,2023-09-01,18:50:01,Whole,336.9828953516885,1.0,4.8267590177799935,2.2745573439926967,1799.375,1239.59375,1.724676610531203,0,63,8,3.13114670500324e-27,0.0,0.9240506329113924,,0.0,0.0,,541.5437301215733,,,1055.2772982946651,1326.8277806535962,541.5437301215733,,,470.51064702558665
855,raspberrypi,224.0,2023-09-01,18:50:01,Whole,680.2687947052889,0.8974358974358975,6.559874166833443,40.264230069661984,2406.7974683544303,1805.7088607594937,2.250285610679619,0,528,79,1802.188285939567,0.0,0.11392405063291139,,0.13924050632911392,0.0,,1296.4408178765498,,,622.8274035227216,1021.6224460479909,1296.4408178765498,,,1384.2489217436416
856,raspberrypi,225.0,2023-09-01,18:50:01,Whole,686.3918573951013,0.9,6.821075192944523,44.42186021753044,1482.8076923076924,1096.298076923077,2.6160320880096752,1,92,13,356.95079446200003,0.02531645569620253,0.8734177215189873,,0.0,0.02531645569620253,,279.21947094708617,,,1296.7119782727168,1569.728209732143,279.21947094708617,,,258.7295062996021
857,raspberrypi,226.0,2023-09-01,18:50:01,Whole,413.5030434131012,0.01282051282051282,5.930821567337026,2.1213203435596424,2020.2737341772151,988.1439873417721,2.6757481663046114,0,528,79,0.09182103426539705,0.0,0.9873417721518988,,0.0,0.0,,804.852665165575,,,1272.5232367981318,1302.2344885468844,804.852665165575,,,764.5530790513076
858,raspberrypi,229.0,2023-09-01,18:50:01,Whole,1431.2638310688008,0.2608695652173913,8.34687702515979,26.186971471000778,3452.405,931.24,3.2439726496074606,0,179,25,144.1374118376157,0.0,0.6835443037974683,,0.0,0.0,,2212.9537799426425,,,1842.6262648219035,1084.4139785045472,2212.9537799426425,,,2148.5200083016125
859,raspberrypi,230.0,2023-09-01,18:50:01,Whole,1269.3591129626134,1.0,7.243862144892303,198.3022259136485,2449.3511029411766,1431.920955882353,2.6812324872068163,1,466,68,26540.464651374754,0.0759493670886076,0.16455696202531644,,0.02531645569620253,0.0759493670886076,,1480.9360603210034,,,1370.3911653558291,1363.42028917692,1480.9360603210034,,,1723.6058594343317
860,raspberrypi,232.0,2023-09-01,18:50:01,Whole,1189.261865133271,,7.295485148656604,,1218.75,594.25,0.6537779034330093,1,8,1,,0.0,1.0,,0.0,0.0,,513.4115132023836,,,1861.891036268248,1965.9433303352243,513.4115132023836,,,434.0129821469344
861,raspberrypi,234.0,2023-09-01,18:50:01,Whole,1209.2694909404968,0.15384615384615385,8.351514576598492,6.210453919438629,1293.987341772152,491.60759493670884,2.1572223514285955,1,528,79,5.335286414224757,0.0,0.8481012658227848,,0.0,0.0,,631.1700669261697,,,1925.4718848012112,1969.6261142263093,631.1700669261697,,,556.3794773206757
862,raspberrypi,236.0,2023-09-01,18:50:01,Whole,907.7214475200944,0.07792207792207792,7.202093667242921,3.432269773867136,1700.7483974358975,578.3589743589744,2.1655697129491824,0,522,78,0.8658931438659042,0.0,0.9240506329113924,,0.0,0.0,,756.4072372272904,,,1721.9304092073398,1672.5135712376423,756.4072372272904,,,732.1656168313045
863,raspberrypi,237.0,2023-09-01,18:50:01,Whole,733.2176733602565,0.9871794871794872,6.0700749436274455,14.702094105620954,2227.9794303797466,2115.0079113924053,1.7262597291994652,0,528,79,170.81431506257462,0.0,0.012658227848101266,,0.6075949367088608,0.0,,1226.818264555452,,,171.2219649493849,982.0536870424329,1226.818264555452,,,1085.8065559452923
864,raspberrypi,258.0,2023-09-01,18:50:01,Whole,1490.348708250675,1.0,7.931697700904493,49.95310300672021,3287.375,495.25,1.9815958726855676,0,16,2,,0.0,0.9746835443037974,,0.0,0.0,,2158.5129840924833,,,2095.9952046163735,1207.1230773543953,2158.5129840924833,,,2122.710439668489
865,raspberrypi,366.0,2023-09-01,18:50:01,Whole,1165.7070953772306,,7.466219031062244,,2937.75,2203.5,3.4443057937759622,0,8,1,,0.0,1.0,,0.0,0.0,,1883.3382612934552,,,680.3993741466647,1047.7096878815303,1883.3382612934552,,,1758.1695950526064
866,raspberrypi,392.0,2023-09-01,18:50:01,Whole,1052.0636095728707,0.0,6.977841289417476,,3041.9583333333335,1860.34375,1.6808317347896522,0,92,12,6.89327046448527e-26,0.0,1.0,,0.0,0.0,,1856.941580951052,,,919.2729056412513,1020.2175888211925,1856.941580951052,,,1747.4694499657935
867,raspberrypi,987.0,2023-09-01,18:50:01,Whole,1552.4047118619349,,8.564500503786471,,2864.1666666666665,2735.5833333333335,4.5669931020335,0,23,3,,0.0,1.0,,0.0,0.0,,2111.382627960372,,,624.1468243496562,1184.7047847538772,2111.382627960372,,,2056.8815385707867
868,raspberrypi,34.0,2023-09-02,16:25:01,Whole,301.9983170322207,,2.993045915471267,,1644.5,1530.75,0.01932355050675174,1,2,1,,0.0,1.0,,0.0,0.0,,431.4371482569658,,,833.3916131745025,1330.9069725732722,431.4371482569658,,,311.65501925039064
869,raspberrypi,220.0,2023-09-02,16:25:01,Whole,690.1756319782022,1.0,7.121632033946388,29.426387710561038,2075.1726190476193,2412.8273809523807,5.047356346700343,0,71,21,343.4146908502553,0.0,0.7083333333333334,,0.2916666666666667,0.0,,1311.7100301867627,,,30.496168988268145,1004.4732334452212,1311.7100301867627,,,1158.8268807939357
870,raspberrypi,224.0,2023-09-02,16:25:01,Whole,1790.013906339988,0.0,11.361932550740828,,755.75,315.73214285714283,6.615732290359791,0,47,14,0.03305243999680682,0.0,1.0,,0.0,0.0,,822.0870397818578,,,2329.454750608667,2434.5095593667074,822.0870397818578,,,717.0992241329793
871,raspberrypi,226.0,2023-09-02,16:25:01,Whole,906.463643574091,1.0,6.479604815282161,49.163874053643376,2303.730072463768,1638.2971014492753,4.72367707609144,0,170,69,2170.1507090016103,0.013888888888888888,0.041666666666666664,,0.2361111111111111,0.013888888888888888,,1221.086912394388,,,741.5380598040277,1092.4111914047933,1221.086912394388,,,1196.6349260614077
872,raspberrypi,234.0,2023-09-02,16:25:01,Whole,1289.5510150734078,0.25,5.780560434473659,12.219349409849936,2980.05,2105.0,5.78473955638034,0,6,5,26.39749634525423,0.0,0.9861111111111112,,0.0,0.0,,1880.8164673045908,,,752.7000220322459,1041.808377345882,1880.8164673045908,,,1757.8845069351255
873,raspberrypi,236.0,2023-09-02,16:25:01,Whole,1006.2033972130577,1.0,8.182326969266907,93.76718233440462,1852.6666666666667,2818.75,4.64254072895545,0,10,3,372.18103413303265,0.0,0.9583333333333334,,0.0,0.0,,1522.8172066225652,,,250.14474936966099,1138.6218971658186,1522.8172066225652,,,1388.552487094285
874,raspberrypi,237.0,2023-09-02,16:25:01,Whole,940.6160752698368,0.42105263157894735,7.844106855714471,5.170070288807556,1039.8081896551723,2470.2327586206898,5.792048945032825,0,154,58,7.169503041574314,0.0,0.6666666666666666,,0.0,0.0,,988.1460489436995,,,863.2925463700343,1697.9911055626314,988.1460489436995,,,845.0084552106654
875,raspberrypi,238.0,2023-09-02,16:25:01,Whole,304.83384623522306,0.014492753623188406,5.740701039554535,2.0155644370746373,1644.4053571428572,1527.8428571428572,4.760796764616351,1,171,70,0.17565058829377067,0.0,0.9861111111111112,,0.0,0.0,,430.28390810352613,,,836.043031098249,1331.7033847654552,430.28390810352613,,,310.8501584254141
876,raspberrypi,445.0,2023-09-02,16:25:01,Whole,1444.1231220040536,,9.000145285274826,,3159.5833333333335,1956.75,4.618966762210448,0,11,3,,0.0,1.0,,0.0,0.0,,1997.4268814663537,,,976.6835694877606,1073.716041598545,1997.4268814663537,,,1900.0394359904183
877,raspberrypi,221.0,2023-09-02,00:50:01,Whole,89.86835178564377,0.0759493670886076,4.085081620840478,7.748611384741994,1846.81875,1126.896875,1.5531151859265235,0,489,80,14.477695309269844,0.0,0.925,,0.0,0.0,,603.6824072533415,,,1155.3327619789723,1339.7883229065696,603.6824072533415,,,550.1852358620317
878,raspberrypi,226.0,2023-09-02,00:50:01,Whole,399.0970484934888,1.0,4.0526208316510655,109.5313545394245,1790.3295454545455,1355.590909090909,1.2783684570755853,0,92,11,4762.324742880253,0.025,0.875,,0.0,0.025,,544.3562160853054,,,968.6444212951424,1314.5081844372287,544.3562160853054,,,401.0231984339275
879,raspberrypi,229.0,2023-09-02,00:50:01,Whole,1417.3151563277129,0.0,9.075288210151252,,3222.4851973684213,512.3569078947369,6.3012601295273445,0,473,76,0.059731131475278226,0.0,0.05,,0.0,0.0,,2091.6290319693144,,,2048.1003894009336,1175.0654097446795,2091.6290319693144,,,2056.1063431448965
880,raspberrypi,230.0,2023-09-02,00:50:01,Whole,894.8216385202031,0.9411764705882353,5.684855935577203,13.509425229992742,1304.5822368421052,1732.858552631579,1.452566677333579,0,259,38,126.44562423819958,0.325,0.55,,0.0,0.325,,306.94206496228014,,,877.331650794437,1512.266834701487,306.94206496228014,,,167.27572786099333
881,raspberrypi,233.0,2023-09-02,00:50:01,Whole,213.8952038416252,0.0379746835443038,4.5132617611022035,5.931830618177629,2144.978125,1085.771875,1.5543057804548968,0,489,80,1.9862795933234885,0.0,0.9625,,0.0,0.0,,901.3624199268069,,,1173.6025260731549,1206.1746737901838,901.3624199268069,,,845.4726513032847
882,raspberrypi,236.0,2023-09-02,00:50:01,Whole,803.7704213143852,0.0,5.00853633448,,1585.390625,1822.5265625,2.32058173191086,0,489,80,0.09479606710769341,0.0,1.0,,0.0,0.0,,546.259876697146,,,618.1929774447956,1303.9370880374763,546.259876697146,,,399.14945870311624
883,raspberrypi,237.0,2023-09-02,00:50:01,Whole,480.8477614981748,0.0,5.233295773927613,,1828.565625,627.3140625,1.8490223655964975,0,489,80,0.028336285239846142,0.0,1.0,,0.0,0.0,,813.2455368800938,,,1651.0986088055258,1574.0186219410075,813.2455368800938,,,801.2965018960999
884,raspberrypi,238.0,2023-09-02,00:50:01,Whole,692.5180122391073,0.43243243243243246,4.397855917472243,9.482512497419517,1300.5929487179487,1381.503205128205,2.0784186997515297,0,274,39,48.276923854972964,0.4875,0.5125,,0.0,0.4875,,91.06860555522552,,,1141.4134106504866,1597.4238695051092,91.06860555522552,,,0.0
885,raspberrypi,258.0,2023-09-02,00:50:01,Whole,526.8953079629414,0.0,4.8719649197586445,,1507.0743243243244,784.668918918919,1.8488470659030842,1,459,74,0.04841503764579404,0.0,1.0,,0.0,0.0,,476.65513176542237,,,1575.56598177538,1684.5334299869198,476.65513176542237,,,448.21383298736947
886,raspberrypi,366.0,2023-09-02,00:50:01,Whole,1494.4891865743948,,8.60459896219911,,2936.0,2203.5,7.07437336982885,0,7,1,,0.0,1.0,,0.0,0.0,,1881.7676581988994,,,678.7226643307408,1047.1721898019857,1881.7676581988994,,,1756.5686108204318
887,raspberrypi,392.0,2023-09-02,00:50:01,Whole,1346.4376102932713,0.0,8.083887458010036,,3040.96875,1859.75,6.111252209222872,0,66,8,1.8093387870451986e-26,0.0,1.0,,0.0,0.0,,1855.8272832553264,,,918.7520998600796,1019.8656993765976,1855.8272832553264,,,1746.285396799277
888,raspberrypi,445.0,2023-09-02,00:50:01,Whole,872.8993045095632,,5.072212367601172,,1305.75,1705.75,1.5644383134085775,0,7,1,,0.0125,0.9875,,0.0,0.0125,,282.8404348359635,,,894.6277425864018,1516.0108438995649,282.8404348359635,,,128.93655013268156
889,raspberrypi,987.0,2023-09-02,00:50:01,Whole,526.9494655095507,,3.768122625173204,,1507.5,784.0,0.0052272967604596425,1,9,1,,0.0,1.0,,0.0,0.0,,477.42482640344207,,,1576.054325211136,1684.5798296135729,477.42482640344207,,,449.01385918913627
890,raspberrypi,110.0,2023-09-01,17:25:01,Whole,1042.1463674456215,,7.773209652027991,,2335.5,2411.0,6.248963654789955,0,6,1,,0.0,0.9875,,0.0125,0.0,,1495.039622058005,,,45.42283391281376,961.2554381037437,1495.039622058005,,,1351.6250247075811
891,raspberrypi,220.0,2023-09-01,17:25:01,Whole,304.7466475252505,0.3137254901960784,5.729004839485459,4.202151544158323,1388.8608490566037,1555.6603773584907,2.6465035203847544,0,303,53,3.8588903203959073,0.6625,0.3375,,0.0,0.6625,,222.55877426787316,,,949.3848960687912,1489.8244875312305,222.55877426787316,,,78.47521627352123
892,raspberrypi,221.0,2023-09-01,17:25:01,Whole,1045.7905245872967,0.0,7.519658594623839,,2464.528125,887.628125,1.946757919547517,0,437,80,0.0719574402528747,0.0,1.0,,0.0,0.0,,1256.6530832571616,,,1413.1615055473787,1145.7192093110405,1256.6530832571616,,,1212.5913783137653
893,raspberrypi,225.0,2023-09-01,17:25:01,Whole,599.7175286280768,0.0,5.528053247252508,,1252.75,1182.75,2.01858157224203,0,21,3,0.0,0.0375,0.9625,,0.0,0.0375,,47.69810677996955,,,1331.4254529194948,1693.3546828592503,47.69810677996955,,,32.843176050186855
894,raspberrypi,228.0,2023-09-01,17:25:01,Whole,1421.4332930207593,0.0,7.925192319233133,,1122.040625,2894.2390625,2.3432602638824953,0,437,80,0.21682595608714111,0.0,1.0,,0.0,0.0,,1411.7433165105954,,,875.5274385301888,1737.9996734066103,1411.7433165105954,,,1268.0559198075618
895,raspberrypi,231.0,2023-09-01,17:25:01,Whole,741.7183746455113,1.0,5.582105573199401,129.24705747563817,1984.4639423076924,2115.324519230769,3.322458228006961,0,302,52,3131.8087632335337,0.0,0.3625,,0.175,0.0,,1115.9652500375942,,,388.4603741399291,1121.2131115688555,1115.9652500375942,,,968.8144855077595
896,raspberrypi,232.0,2023-09-01,17:25:01,Whole,1174.8336874502572,0.1590909090909091,7.034913612727322,3.1198843619129755,1543.1861111111111,2757.2194444444444,2.2757133788266675,0,254,45,1.4481700852617194,0.0,0.9125,,0.0,0.0,,1347.0701275583974,,,437.12237477212324,1336.6540699659477,1347.0701275583974,,,1192.834894838598
897,raspberrypi,234.0,2023-09-01,17:25:01,Whole,952.1350640543897,0.0,7.35648805914223,,2117.325,740.265625,1.946757919547517,0,437,80,0.065676377679905,0.0,1.0,,0.0,0.0,,988.8352121534265,,,1518.4218332523446,1365.3870889246732,988.8352121534265,,,970.9111500214617
898,raspberrypi,237.0,2023-09-01,17:25:01,Whole,667.8226305235003,0.0,5.566527357525744,,1191.2417763157894,2034.3322368421052,2.64483389665149,1,204,38,0.03265951517678575,0.0,1.0,,0.0,0.0,,560.6607529200047,,,804.109912492442,1558.6302770018979,560.6607529200047,,,411.82025299737296
899,raspberrypi,238.0,2023-09-01,17:25:01,Whole,1013.4953039427379,0.02531645569620253,7.928237749732089,2.187029860044394,1354.3046875,635.96875,3.975751228447137,0,437,80,0.2834603631499532,0.0,0.975,,0.0,0.0,,517.4642353624945,,,1769.0099265003519,1855.010546478146,517.4642353624945,,,455.87609726144495
900,raspberrypi,392.0,2023-09-01,17:25:01,Whole,1378.3683131203766,,8.662965993587697,,3043.125,1861.125,4.969417383241476,0,14,2,,0.0,1.0,,0.0,0.0,,1858.2779203213406,,,919.8450312465351,1020.6453537165257,1858.2779203213406,,,1748.7590594140013
901,raspberrypi,470.0,2023-09-01,17:25:01,Whole,1084.8061733635068,,7.169632885256403,,2433.375,2379.125,3.401828935632609,0,13,2,,0.0,0.9875,,0.0125,0.0,,1549.8255685812412,,,214.3611573891203,1008.9741094913361,1549.8255685812412,,,1409.0445885903741
902,raspberrypi,964.0,2023-09-01,17:25:01,Whole,663.4417830979456,,5.1279082482181755,,1201.5,2039.25,0.019679262221715847,1,7,1,,0.0,1.0,,0.0,0.0,,567.0910615686037,,,792.733689726289,1550.1783306314846,567.0910615686037,,,417.3069563421634
903,raspberrypi,37.0,2023-09-02,04:10:01,Whole,1734.224113027668,0.0,9.250674457616753,,2980.6875,2724.4270833333335,6.041886018518996,0,69,12,0.09291655912620271,0.0,1.0,,0.0,0.0,,2193.3184496588647,,,727.2150351831843,1225.413134640591,2193.3184496588647,,,2054.540974472907
904,raspberrypi,220.0,2023-09-02,04:10:01,Whole,269.9543059428495,0.0,5.752189362062514,,1528.1787974683543,1864.9509493670887,1.2008777653755127,0,390,79,0.057343667244606863,0.0,1.0,,0.0,0.0,,540.1037190434035,,,624.4318869427888,1333.5130555794294,540.1037190434035,,,389.5531300072305
905,raspberrypi,224.0,2023-09-02,04:10:01,Whole,244.93018994850672,0.0,6.1032958623517946,,1486.871875,1431.996875,1.1086610326188509,0,393,80,0.09454824485978915,1.0,0.0,,0.0,1.0,,252.61719574215405,,,995.5885969158455,1456.1790414775792,252.61719574215405,,,139.81436078565972
906,raspberrypi,228.0,2023-09-02,04:10:01,Whole,1079.6956247653554,0.0,9.501171503172186,,893.797619047619,843.2678571428571,4.314194964248235,0,217,42,0.016324520403996894,0.525,0.475,,0.0,0.525,,278.71449572735946,,,1815.9471376655897,2084.1311921991573,278.71449572735946,,,172.91489177308995
907,raspberrypi,233.0,2023-09-02,04:10:01,Whole,817.432613431947,0.0,6.754243920728493,,2294.959375,1127.48125,4.4584651473592505,0,393,80,0.03490221620993557,0.0,1.0,,0.0,0.0,,1042.0342085022667,,,1145.5770135330674,1129.0494739664623,1042.0342085022667,,,979.1277641821769
908,raspberrypi,236.0,2023-09-02,04:10:01,Whole,189.73227732966944,0.0,5.868875975252812,,1454.8078125,1644.284375,1.1086610326188509,0,393,80,0.09233604555971245,1.0,0.0,,0.0,1.0,,329.20053837393857,,,838.9334353661164,1424.4977199455245,329.20053837393857,,,185.04672180566448
909,raspberrypi,237.0,2023-09-02,04:10:01,Whole,671.7568278028342,0.0,6.9168494602784625,,1260.6171875,2172.9234375,2.1062906922794173,0,393,80,0.07632242325223326,0.0,1.0,,0.0,0.0,,709.2819753135177,,,688.2497345731847,1497.1124461073152,709.2819753135177,,,558.2105261164031
910,raspberrypi,392.0,2023-09-02,04:10:01,Whole,1419.0790501806914,0.0,8.569867532228422,,3041.75,1860.375,5.402756594537606,0,47,9,0.0,0.0,1.0,,0.0,0.0,,1856.7503609367836,,,919.0799283214526,1020.1655352154127,1856.7503609367836,,,1747.2476745645147
911,raspberrypi,470.0,2023-09-02,04:10:01,Whole,1740.0745339297287,0.0,9.241103750503216,,3299.75,2152.875,3.3808592012136502,0,57,10,1.3556562198465613e-25,0.0,1.0,,0.0,0.0,,2194.7769804627405,,,1042.9762749966426,1175.3312953308002,2194.7769804627405,,,2077.0032298844185
912,raspberrypi,653.0,2023-09-02,04:10:01,Whole,1735.2153842880787,,10.233703714418304,,2981.5,2725.0,8.720322588564128,0,6,1,,0.0,1.0,,0.0,0.0,,2194.311805482497,,,728.159760999974,1226.0163579293387,2194.311805482497,,,2055.514424704809
913,raspberrypi,106.0,2023-09-02,02:50:01,Whole,992.1167224462588,,5.669886084725977,,1177.25,2421.75,3.854497682706427,0,5,1,,0.0,1.0,,0.0,0.0,,943.4175045428561,,,726.2646775318772,1574.693986525186,943.4175045428561,,,796.6066141778415
914,raspberrypi,220.0,2023-09-02,02:50:01,Whole,414.9852324799808,0.09090909090909091,5.098246920687445,3.9895903491273565,1442.775641025641,1467.5625,1.6459472809706728,0,257,78,1.234377167839694,0.9873417721518988,0.012658227848101266,,0.0,0.9873417721518988,,224.0192859825945,,,989.0417256634697,1475.620581537048,224.0192859825945,,,96.1417398947116
915,raspberrypi,224.0,2023-09-02,02:50:01,Whole,710.0581242878123,0.21794871794871795,5.455551655824293,3.2194086353130444,2043.4367088607594,2329.5696202531644,5.332288615933651,6,258,79,1.687484426954741,0.0,0.0,,1.0,0.0,,1228.7493925762624,,,0.0,1004.7246523006157,1228.7493925762624,,,1080.9745802483917
916,raspberrypi,229.0,2023-09-02,02:50:01,Whole,614.1883678348622,1.0,4.12359064470252,85.67284237548537,1948.5364583333333,1687.6666666666667,2.0534382322661218,5,96,24,3964.7960639706275,0.0,0.6962025316455697,,0.10126582278481013,0.0,,883.4923327094198,,,656.811679761384,1202.8445061811742,883.4923327094198,,,678.8300928833542
917,raspberrypi,230.0,2023-09-02,02:50:01,Whole,586.9059002132486,0.6935483870967742,5.647924268004028,7.066169276201121,1225.1904761904761,1689.8650793650793,1.5954725964763865,0,219,63,17.233956070219335,0.7974683544303798,0.20253164556962025,,0.0,0.7974683544303798,,234.57003976653624,,,965.020526505812,1578.3938929376177,234.57003976653624,,,78.35157027443725
918,raspberrypi,233.0,2023-09-02,02:50:01,Whole,720.1631607197053,0.0,6.003967819188169,,2294.3908227848106,1124.5933544303796,4.723583557104828,0,258,79,0.04451341545644243,0.0,1.0,,0.0,0.0,,1041.8547459526067,,,1148.3507895648165,1130.1556043909384,1041.8547459526067,,,979.2424901945233
919,raspberrypi,236.0,2023-09-02,02:50:01,Whole,870.4293075384691,,4.352515212921394,,1164.0,1076.5,2.4067978881783842,0,5,1,,0.012658227848101266,0.9873417721518988,,0.0,0.012658227848101266,,53.731571913011024,,,1469.1132881820424,1794.2459488644363,53.731571913011024,,,0.0
920,raspberrypi,237.0,2023-09-02,02:50:01,Whole,640.143907253929,,4.14741019835476,,1283.25,2020.625,1.69004105955658,0,9,2,,0.0,1.0,,0.0,0.0,,566.7716439414298,,,727.7754230981756,1488.1957176826902,566.7716439414298,,,413.9833873902425
921,raspberrypi,392.0,2023-09-02,02:50:01,Whole,1223.9236852051567,1.0,7.1211991944691775,215.14388354075976,3021.025,1731.85,5.4086926059157125,0,17,5,0.0,0.0,0.9746835443037974,,0.0,0.0,,1811.1986119705984,,,985.257322472495,1002.6840357880473,1811.1986119705984,,,1746.3154889887198
922,raspberrypi,425.0,2023-09-02,02:50:01,Whole,1184.4163437655159,,6.878933856917146,,2974.25,1434.75,3.859007746338787,0,4,1,,0.0,1.0,,0.0,0.0,,1714.061956787261,,,1148.3949727518127,966.750523270576,1714.061956787261,,,1626.4210558143513
923,raspberrypi,430.0,2023-09-02,02:50:01,Whole,716.3256910310404,,4.284603128375143,,2044.75,2335.75,0.03226972325485337,1,4,1,,0.0,0.9873417721518988,,0.012658227848101266,0.0,,1234.1585911351824,,,0.0,1003.6956030002832,1234.1585911351824,,,1086.3042622385171
924,raspberrypi,470.0,2023-09-02,02:50:01,Whole,1568.8551511949092,,8.803933185966331,,3300.25,2152.5,6.538955941167803,0,4,1,,0.0,1.0,,0.0,0.0,,2195.1076071490625,,,1043.552489498832,1175.4648022528183,2195.1076071490625,,,2077.3539149486464
925,raspberrypi,896.0,2023-09-02,02:50:01,Whole,1200.046901627547,,5.819956767976807,,1573.75,482.25,2.6582042279596862,0,5,1,,0.0,1.0,,0.0,0.0,,755.9363131723728,,,1844.951240028338,1800.379955439017,755.9363131723728,,,709.2821792985312
926,raspberrypi,964.0,2023-09-02,02:50:01,Whole,640.7808424025706,,4.719403028513364,,1283.25,2021.75,2.9446260920102505,0,3,1,,0.0,1.0,,0.0,0.0,,567.8535781161445,,,727.2477823580703,1488.0976864822378,567.8535781161445,,,415.073433366574
927,raspberrypi,106.0,2023-09-02,02:05:01,Whole,1205.3895731078942,,6.29660560362363,,1176.5,2421.0,5.129078087413213,0,3,1,,0.0,1.0,,0.0,0.0,,942.6046282712512,,,727.0408134343968,1575.2454275426926,942.6046282712512,,,795.8198989567344
928,raspberrypi,220.0,2023-09-02,02:05:01,Whole,223.0586648221414,0.07894736842105263,4.715948544815769,6.856666827570762,1440.6103896103896,1432.6396103896104,1.2016097979586262,0,210,77,4.2329265004524075,0.9746835443037974,0.02531645569620253,,0.0,0.9746835443037974,,210.36275760091544,,,1019.5296421222918,1486.6433319040632,210.36275760091544,,,94.27394438050985
929,raspberrypi,233.0,2023-09-02,02:05:01,Whole,605.9354061128357,0.0,5.421141888349166,,2189.034810126582,1093.5284810126582,4.207965619692592,0,211,79,0.10609310689766172,0.0,1.0,,0.0,0.0,,943.041473602449,,,1168.0669554206893,1183.954152947442,943.041473602449,,,885.3514588904243
930,raspberrypi,234.0,2023-09-02,02:05:01,Whole,296.9589459359927,1.0,3.618613745220607,4.896736689885764,1382.8653846153845,1120.375,1.5290846575966095,3,43,13,3.3203685587078167,0.16455696202531644,0.8354430379746836,,0.0,0.16455696202531644,,178.09618378217328,,,1318.0603564263304,1625.5512646135198,178.09618378217328,,,159.54226249245758
931,raspberrypi,237.0,2023-09-02,02:05:01,Whole,245.64584360897402,1.0,2.714691089105955,76.76509800989362,1617.4166666666667,1056.5,2.4680757949907695,0,9,3,2896.8019550628533,0.0,0.9746835443037974,,0.0,0.0,,409.85609075359935,,,1283.2581748891891,1499.58276236545,409.85609075359935,,,409.20195606434834
932,raspberrypi,258.0,2023-09-02,02:05:01,Whole,429.4170674774814,0.0,5.283150437065936,,1208.5113636363637,1424.9188311688313,1.2016097979586262,0,210,77,0.06429975151139217,0.9746835443037974,0.02531645569620253,,0.0,0.9746835443037974,,73.4221443932775,,,1165.0792739758801,1651.4817100296539,73.4221443932775,,,0.0
933,raspberrypi,366.0,2023-09-02,02:05:01,Whole,1597.0540923947497,,9.152651547311981,,2936.0,2203.75,6.910904304225,0,5,1,,0.0,1.0,,0.0,0.0,,1881.8775288037725,,,678.6510366830203,1047.221986276593,1881.8775288037725,,,1756.6696143808042
934,raspberrypi,392.0,2023-09-02,02:05:01,Whole,1528.4441356201282,0.0,8.549222178132462,,3041.5625,1859.703125,5.917618010350417,0,32,8,3.5843049631125337e-26,0.0,1.0,,0.0,0.0,,1856.3840032004455,,,919.2793778561871,1020.0197169462801,1856.3840032004455,,,1746.8761988240553
935,raspberrypi,425.0,2023-09-02,02:05:01,Whole,1527.0074954878894,,8.061897501392988,,3040.0,1859.75,5.910700665171904,0,3,1,,0.0,1.0,,0.0,0.0,,1854.8977262876592,,,917.9327537781423,1019.6040555319369,1854.8977262876592,,,1745.4005024604146
936,raspberrypi,656.0,2023-09-02,02:05:01,Whole,423.7590788664814,0.2222222222222222,5.001735017934177,8.260748539438389,1279.1208333333334,1048.4375,1.9395579656341932,3,102,30,18.355672050205218,0.34177215189873417,0.6329113924050633,,0.0,0.34177215189873417,,140.21369549454005,,,1431.781585996049,1723.4212581454785,140.21369549454005,,,105.32885876392365
937,raspberrypi,173.0,2023-09-02,12:00:01,Whole,1400.6809343229556,,8.105300207536352,,2142.25,2353.75,5.389012866371702,0,5,1,,0.0,0.9868421052631579,,0.013157894736842105,0.0,,1314.9209883946073,,,0.0,977.4187573709909,1314.9209883946073,,,1168.7482759680597
938,raspberrypi,217.0,2023-09-02,12:00:01,Whole,1924.3755609375974,,9.79688664101367,,1328.75,2997.0,6.224510256182746,0,5,1,,0.0,1.0,,0.0,0.0,,1532.5547013099413,,,746.4030960347338,1611.268178371366,1532.5547013099413,,,1383.439099888871
939,raspberrypi,221.0,2023-09-02,12:00:01,Whole,764.5743692254406,0.09333333333333334,5.64006964218219,4.445652620974494,1259.3930921052631,1793.047697368421,4.144330536541966,0,327,76,2.548047202256043,1.0,0.0,,0.0,1.0,,342.84774709851996,,,872.6712178311237,1534.6642112286022,342.84774709851996,,,189.48458329361495
940,raspberrypi,224.0,2023-09-02,12:00:01,Whole,705.8737240507331,1.0,5.67842212228141,71.10047277751423,1559.831081081081,768.8614864864865,1.6263032862845723,5,321,74,2953.407815873664,0.3026315789473684,0.02631578947368421,,0.0,0.3026315789473684,,674.8600655753794,,,1675.4535923296594,1725.4327705714218,674.8600655753794,,,533.6086222645627
941,raspberrypi,225.0,2023-09-02,12:00:01,Whole,556.9808633132079,1.0,3.6497722023936854,132.88916147699405,1519.514705882353,1310.9779411764705,1.6800343142790488,0,89,17,10002.887944341976,0.06578947368421052,0.8026315789473685,,0.0,0.06578947368421052,,470.98084750403893,,,1106.947079911966,1507.9820160695565,470.98084750403893,,,332.7056519157504
942,raspberrypi,228.0,2023-09-02,12:00:01,Whole,334.0326706894549,0.32,5.052507892441478,11.166697801891466,1864.5493421052631,1190.8404605263158,3.0938005028819315,2,327,76,46.22191837967758,0.0,0.6842105263157895,,0.0,0.0,,610.6839682796235,,,1089.4430525798518,1307.939133205009,610.6839682796235,,,560.9935160763324
943,raspberrypi,230.0,2023-09-02,12:00:01,Whole,1178.2564942962329,1.0,6.008079633954766,197.8857898252291,2405.1141304347825,1702.0271739130435,2.202628082608383,2,108,23,8530.226196590873,0.013157894736842105,0.7105263157894737,,0.02631578947368421,0.013157894736842105,,1323.4910976547862,,,994.2845121777028,1285.183978686703,1323.4910976547862,,,861.2727215844686
944,raspberrypi,236.0,2023-09-02,12:00:01,Whole,723.8744085571097,1.0,4.938310758465292,5.415995551373727,917.5125,1440.025,2.5652603249053416,0,56,10,0.0,0.13157894736842105,0.868421052631579,,0.0,0.13157894736842105,,58.622926991439066,,,1361.1330000171297,1870.3749291611412,58.622926991439066,,,0.0
945,raspberrypi,237.0,2023-09-02,12:00:01,Whole,377.0119466654552,0.04,5.761259777289625,3.7025224818477525,1465.3059210526317,717.4720394736842,2.1929174691087234,2,327,76,0.6359451384919154,0.0,0.9605263157894737,,0.0,0.0,,502.6243235139193,,,1652.9347892694475,1743.14193139918,502.6243235139193,,,463.66297335883013
946,raspberrypi,238.0,2023-09-02,12:00:01,Whole,795.6338908580198,0.17391304347826086,6.6109797299687205,4.427585755804172,1292.0771276595744,332.0558510638298,2.192944412151038,3,193,47,2.5160951837185075,0.0,0.8947368421052632,,0.0,0.0,,784.2712284664664,,,2074.600509240115,2060.228619381661,784.2712284664664,,,705.7815401883935
947,raspberrypi,441.0,2023-09-02,12:00:01,Whole,1086.5108768864498,,6.685111311747685,,2631.375,1172.5,4.0226126908679625,0,10,2,,0.0,1.0,,0.0,0.0,,1370.8537274230189,,,1192.469958882355,1009.4015178019232,1370.8537274230189,,,1300.9993715944177
948,raspberrypi,37.0,2023-09-01,22:25:01,Whole,1723.0217392583818,,9.810845952054018,,2983.5,2725.0,6.718113828593874,0,6,1,,0.0,1.0,,0.0,0.0,,2195.910508087626,,,730.0719894404056,1226.8836848370054,2195.910508087626,,,2057.1441125162514
949,raspberrypi,190.0,2023-09-01,22:25:01,Whole,698.6529440980378,,4.615360914960422,,1504.75,819.5,1.2386422949353655,0,6,1,,0.0,1.0,,0.0,0.0,,449.9567268551327,,,1543.5649256080794,1669.8143383975143,449.9567268551327,,,425.559406198568
950,raspberrypi,220.0,2023-09-01,22:25:01,Whole,765.3563770877884,0.0,6.0370872875662736,,1866.115625,2058.315625,2.0943787759897003,0,404,80,0.07540496373963385,0.0,1.0,,0.0,0.0,,911.191843122873,,,263.4256249512905,1108.87671074443,911.191843122873,,,765.7220396065661
951,raspberrypi,224.0,2023-09-01,22:25:01,Whole,501.9096169972121,0.0,5.7345402785111705,,1687.878125,1693.8921875,2.0943787759897003,0,404,80,0.0997143132786727,0.0,1.0,,0.0,0.0,,544.4733456218235,,,668.4805737072368,1267.2603859378162,544.4733456218235,,,410.0356585746988
952,raspberrypi,226.0,2023-09-01,22:25:01,Whole,431.2826815824614,,4.104196500796182,,1859.125,900.5,1.6147771271293194,0,12,2,,0.0,1.0,,0.0,0.0,,688.5545916029903,,,1376.409704427029,1423.6660503232777,688.5545916029903,,,667.2934832458589
953,raspberrypi,229.0,2023-09-01,22:25:01,Whole,1544.5369117796577,0.0,9.681460599262156,,3371.966346153846,584.4567307692307,7.018227854857963,0,398,78,0.10241127309463986,0.0,0.025,,0.0,0.0,,2210.5940786095716,,,2066.6518518420435,1179.0490468486498,2210.5940786095716,,,2168.7475895665916
954,raspberrypi,230.0,2023-09-01,22:25:01,Whole,595.1274180730675,0.0,6.438540671782725,,1466.0383333333334,1056.2633333333333,0.8140243537357582,72,383,75,0.024047955203035966,0.0,1.0,,0.0,0.0,,276.620661473228,,,1338.7260420765542,1594.569729382495,276.620661473228,,,264.24334116428906
955,raspberrypi,233.0,2023-09-01,22:25:01,Whole,240.97816130011543,0.0,5.764948143384252,,2109.3765625,1088.09375,3.3258718846062765,0,404,80,0.050063906052536404,0.0,1.0,,0.0,0.0,,866.2021597163498,,,1170.5334510097553,1221.6393940338548,866.2021597163498,,,810.8316759293265
956,raspberrypi,366.0,2023-09-01,22:25:01,Whole,1292.9084854216358,,7.87482857922008,,2936.75,2203.5833333333335,5.57652518957912,0,17,3,,0.0,1.0,,0.0,0.0,,1882.4773528700352,,,679.4173997101868,1047.4190120168917,1882.4773528700352,,,1757.3556845883752
957,raspberrypi,392.0,2023-09-01,22:25:01,Whole,1173.0839520834809,,7.374536531868087,,3040.25,1860.0,6.149801749609264,0,12,2,,0.0,1.0,,0.0,0.0,,1855.2070137529317,,,918.0108181829585,1019.7068322680457,1855.2070137529317,,,1745.7016155875272
958,raspberrypi,485.0,2023-09-01,22:25:01,Whole,1417.1746962861553,,8.41769047767388,,3307.75,1866.75,6.629987031000206,0,6,1,,0.0,1.0,,0.0,0.0,,2114.7582728979087,,,1148.8753060113852,1114.5309842952347,2114.7582728979087,,,2008.1769044442797
959,raspberrypi,656.0,2023-09-01,22:25:01,Whole,569.4502570739678,0.0,6.27393880179076,,1444.5584415584415,1212.3782467532467,0.8140263233255443,72,394,77,0.015737715395134626,0.9625,0.0375,,0.0,0.9625,,202.94122171965307,,,1207.856622501314,1551.945441342779,202.94122171965307,,,149.66941194895523
960,raspberrypi,887.0,2023-09-01,22:25:01,Whole,1244.9529918885335,,6.776400130152215,,874.25,1824.0,4.252781900948059,0,12,2,,0.0,1.0,,0.0,0.0,,382.3003040698668,,,1181.3337153909515,1836.3600436958477,382.3003040698668,,,267.0973308960027
961,raspberrypi,987.0,2023-09-01,22:25:01,Whole,1651.834866929128,,9.429909982971168,,2808.625,2740.625,6.039235031063754,0,12,2,,0.0,1.0,,0.0,0.0,,2072.004598741658,,,574.7229523397289,1165.0107755316783,2072.004598741658,,,1930.2011827592041
962,raspberrypi,37.0,2023-09-01,18:25:01,Whole,1732.8971915803254,,9.216493302344228,,2982.25,2725.25,5.481189248754743,0,6,1,,0.0,1.0,,0.0,0.0,,2195.061346733586,,,728.95010148343,1226.451219579199,2195.061346733586,,,2056.270430664743
963,raspberrypi,224.0,2023-09-01,18:25:01,Whole,777.2703648622744,0.5,7.944191836252869,9.826900684356875,1304.864224137931,909.9590517241379,3.692265407776958,3,323,58,57.459446693927845,0.02564102564102564,0.6282051282051282,,0.0,0.02564102564102564,,259.9301607277716,,,1540.7020534992243,1761.3378279687022,259.9301607277716,,,217.22890280883533
964,raspberrypi,225.0,2023-09-01,18:25:01,Whole,466.8664165174149,0.0,5.7124710779974945,,1633.125,1655.2339743589744,3.1433805797125873,0,424,78,0.1504174510030926,0.0,1.0,,0.0,0.0,,477.8548347188498,,,728.9952438126032,1308.1056489405432,477.8548347188498,,,343.8022022459927
965,raspberrypi,228.0,2023-09-01,18:25:01,Whole,447.04397745698833,0.025974025974025976,5.7940797135233515,4.406101187101672,2383.775641025641,1473.4903846153845,2.6606328702173325,0,424,78,0.6121209759286184,0.0,0.9743589743589743,,0.0,0.0,,1132.2424456276922,,,825.7593774019507,1020.5288693816349,1132.2424456276922,,,1037.5137610456086
966,raspberrypi,230.0,2023-09-01,18:25:01,Whole,234.2649774168803,0.1038961038961039,6.1593679650069015,4.462536111015572,2029.179487179487,1099.798076923077,2.658845670213822,0,424,78,2.8523768648265615,0.0,0.8974358974358975,,0.0,0.0,,785.8833510456686,,,1160.5848800707208,1255.602054926069,785.8833510456686,,,723.5712873488263
967,raspberrypi,232.0,2023-09-01,18:25:01,Whole,1017.6016975257643,1.0,5.794687466088567,55.68240352445242,2012.5869565217392,2282.366847826087,4.1455992486533155,0,261,46,4708.837152234142,0.038461538461538464,0.41025641025641024,,0.5,0.038461538461538464,,1180.5563883700838,,,129.1271726126643,1058.9274396195856,1180.5563883700838,,,1102.0321631598742
968,raspberrypi,234.0,2023-09-01,18:25:01,Whole,1250.4605765229242,0.0,6.800523731030246,,1262.875,2360.75,3.7717170741372548,1,72,11,7.606597270375656e-27,0.0,1.0,,0.0,0.0,,894.1077437745378,,,645.2694760055613,1498.5672902261801,894.1077437745378,,,744.0840124977399
969,raspberrypi,236.0,2023-09-01,18:25:01,Whole,715.0010153998011,1.0,6.9610835607924555,107.22047852991815,1960.985119047619,869.3154761904761,2.082223197941336,3,222,42,7635.12978040892,0.07692307692307693,0.48717948717948717,,0.0,0.07692307692307693,,845.1830572742496,,,1481.959132243889,1434.8396850400554,845.1830572742496,,,807.5711693241801
970,raspberrypi,237.0,2023-09-01,18:25:01,Whole,933.5592359439734,0.8636363636363636,6.660639635535178,15.237698572331707,1081.6059782608695,1574.9347826086957,3.1144020685995235,0,272,46,177.2606499099842,0.5641025641025641,0.4230769230769231,,0.0,0.5641025641025641,,171.3660747040525,,,1164.4571562487988,1718.869249907296,171.3660747040525,,,30.303357702234607
971,raspberrypi,258.0,2023-09-01,18:25:01,Whole,1613.2327317227425,0.9607843137254902,10.632941556212915,5.826326177911874,3215.3632075471696,310.02830188679246,7.320569304832278,0,306,53,12.557000925259478,0.0,0.32051282051282054,,0.0,0.0,,2161.8472003012284,,,2222.9427344064334,1365.459042095539,2161.8472003012284,,,2148.1607413567303
972,raspberrypi,366.0,2023-09-01,18:25:01,Whole,1312.3938279171791,,8.80513995143847,,2936.25,2204.0,4.723862845242738,0,8,1,,0.0,1.0,,0.0,0.0,,1882.2117545282374,,,678.8190262844694,1047.3485341744472,1882.2117545282374,,,1756.9993176089054
973,raspberrypi,392.0,2023-09-01,18:25:01,Whole,1205.405840770306,,7.328482136262095,,3042.125,1860.125,3.941683754438521,0,14,2,,0.0,1.0,,0.0,0.0,,1857.0407846479156,,,919.5305088526102,1020.2318384398927,1857.0407846479156,,,1747.5545853442823
974,raspberrypi,441.0,2023-09-01,18:25:01,Whole,1003.8138297880841,,5.917864346786675,,2146.125,1670.75,2.14210512664705,0,15,2,,0.0,1.0,,0.0,0.0,,1180.5772693446115,,,947.1496166458535,1320.1646042305276,1180.5772693446115,,,1105.4359422677535
975,raspberrypi,445.0,2023-09-01,18:25:01,Whole,1250.8373891505398,,5.883536151861704,,1259.25,2358.75,3.7924426587030626,0,6,1,,0.0,1.0,,0.0,0.0,,891.5197065774464,,,649.0955663933414,1501.4033537191658,891.5197065774464,,,741.5954928280847
976,raspberrypi,666.0,2023-09-01,18:25:01,Whole,1750.2728873158708,,9.772361861046354,,3010.5,2726.0,4.47305448622013,0,7,1,,0.0,1.0,,0.0,0.0,,2218.1462689562395,,,756.2076199926944,1239.1333533598988,2218.1462689562395,,,2079.7761232041726
977,raspberrypi,896.0,2023-09-01,18:25:01,Whole,493.71813457447143,,5.675231423937594,,1763.75,872.25,1.7930921377431484,0,7,1,,0.0,1.0,,0.0,0.0,,618.8230455237469,,,1421.3561746072671,1489.6546374975053,618.8230455237469,,,608.2629920179105
978,raspberrypi,987.0,2023-09-01,18:25:01,Whole,1577.446830230008,,8.548652445670507,,2624.25,2756.125,2.9391356936633013,0,14,2,,0.0,1.0,,0.0,0.0,,1940.9380194433945,,,410.8634164186863,1099.5605319189324,1940.9380194433945,,,1795.951956101671
979,raspberrypi,988.0,2023-09-01,18:25:01,Whole,1251.630228692094,,6.599127607189466,,1263.75,2362.75,0.01131485285047992,1,9,1,,0.0,1.0,,0.0,0.0,,896.2275507033114,,,644.1799540694885,1497.9789562488832,896.2275507033114,,,746.1881180788833
980,raspberrypi,220.0,2023-09-02,13:50:01,Whole,1427.3892438395028,,9.11662706516186,,3456.5,863.0,5.078904258691597,0,6,1,,0.0,0.9861111111111112,,0.0,0.0,,2227.5907055144567,,,1896.3477023582711,1094.7415867497039,2227.5907055144567,,,2170.4000113384413
981,raspberrypi,221.0,2023-09-02,13:50:01,Whole,600.5832006379437,0.04225352112676056,6.145024403620178,2.5044086478151013,1743.0208333333333,1925.4149305555557,1.2944309141211874,0,341,72,0.3607295884401986,0.0,0.9583333333333334,,0.0,0.0,,730.620932987594,,,441.5593502088493,1192.74036859155,730.620932987594,,,585.6611871347955
982,raspberrypi,224.0,2023-09-02,13:50:01,Whole,943.4737044493721,0.0,7.154775043673489,,2083.3461538461534,591.4903846153846,2.768371429499297,0,319,65,0.10236035676040467,0.0,1.0,,0.0,0.0,,1035.9679850018517,,,1667.1545594825081,1461.209596465268,1035.9679850018517,,,1032.7967999731356
983,raspberrypi,228.0,2023-09-02,13:50:01,Whole,970.4303795265635,0.9710144927536232,7.2141141099874755,20.728431015435223,2600.0410714285713,650.45,2.795330804917153,0,337,70,227.10060587153046,0.0,0.06944444444444445,,0.0,0.0,,1463.3472429440474,,,1678.4796720846407,1207.9279611096194,1463.3472429440474,,,1442.225095275571
984,raspberrypi,234.0,2023-09-02,13:50:01,Whole,971.9963793749264,0.0,7.516564526557124,,1442.3969298245613,2145.1403508771928,1.9265327933988416,0,292,57,0.019071240652740143,0.0,1.0,,0.0,0.0,,737.7996035824845,,,529.6560928532958,1360.0847675705677,737.7996035824845,,,583.4600282188026
985,raspberrypi,236.0,2023-09-02,13:50:01,Whole,509.9152479787395,0.014084507042253521,6.17763374363912,2.3048861143232218,1984.8802083333333,1993.6631944444443,1.2944309141211874,0,341,72,0.22312018798090064,0.0,0.9861111111111112,,0.0,0.0,,959.1279832889188,,,278.72198519643473,1066.0843189148613,959.1279832889188,,,819.6386703249086
986,raspberrypi,237.0,2023-09-02,13:50:01,Whole,1438.8845993440564,0.8205128205128205,9.535434501076592,11.160737456712166,2945.99375,2754.890625,6.3723726531805385,0,212,40,189.0052035501627,0.0,0.5555555555555556,,0.0,0.0,,2184.378776659028,,,703.9456227245449,1224.1562961771758,2184.378776659028,,,2052.557535769485
987,raspberrypi,238.0,2023-09-02,13:50:01,Whole,1351.1039067306824,1.0,8.859844782617072,7.485852233364985,3365.705882352941,856.3014705882352,4.18770642477029,0,185,34,84.18770158315029,0.0,0.5277777777777778,,0.0,0.0,,2140.108298394988,,,1844.2122558949295,1062.240880314508,2140.108298394988,,,2171.4766054721267
988,raspberrypi,336.0,2023-09-02,13:50:01,Whole,912.5230542924099,,6.745468011450708,,1308.5,1307.0,3.9175837432962153,0,7,1,,0.013888888888888888,0.9861111111111112,,0.0,0.013888888888888888,,74.67609705533955,,,1197.2760572115951,1613.8440265660397,74.67609705533955,,,0.0
989,raspberrypi,517.0,2023-09-02,13:50:01,Whole,1276.570604759949,,7.101373671190221,,928.5,1358.75,5.129727403942582,0,4,1,,0.013888888888888888,0.9861111111111112,,0.0,0.013888888888888888,,18.168527485755575,,,1407.16704286524,1882.354966128841,18.168527485755575,,,0.0
990,raspberrypi,106.0,2023-09-02,08:10:01,Whole,809.9239108134243,,7.350749125621895,,1195.75,1844.0,4.908000138308373,0,2,1,,0.0,1.0,,0.0,0.0,,374.32171057058366,,,894.0275605355282,1575.2146105962058,374.32171057058366,,,223.0912748702411
991,raspberrypi,224.0,2023-09-02,08:10:01,Whole,1320.1442734867906,0.3466666666666667,9.670795351629222,6.231145886004863,2881.5115131578946,2702.621710526316,12.629016611145062,0,112,76,16.48936936650318,0.0,0.6578947368421053,,0.0,0.0,,2101.35490071637,,,626.0664779902651,1174.558986417224,2101.35490071637,,,1961.921380850772
992,raspberrypi,233.0,2023-09-02,08:10:01,Whole,669.9097102495448,1.0,4.963038682049496,24.26659135599331,1405.2395833333333,1408.7395833333333,2.0022035141765206,0,35,12,139.94892335735358,0.15789473684210525,0.8421052631578947,,0.0,0.15789473684210525,,174.89999713189803,,,1059.3257554024722,1517.6740069284535,174.89999713189803,,,70.92515294946489
993,raspberrypi,236.0,2023-09-02,08:10:01,Whole,983.0080644223807,1.0,4.89184116161097,12.38759460105149,1277.75,1052.5,0.9096481831840912,7,33,11,3.772508151190261e-27,0.14473684210526316,0.8552631578947368,,0.0,0.14473684210526316,,138.03017372216695,,,1428.7425822623313,1722.846257732088,138.03017372216695,,,111.36978728102426
994,raspberrypi,258.0,2023-09-02,08:10:01,Whole,1130.3639328712127,0.09333333333333334,5.148218763961194,3.846514223535781,1230.03125,892.2911184210526,12.629016611145062,7,112,76,1.3426415533139897,1.0,0.0,,0.0,1.0,,237.2751455697909,,,1591.5100257221184,1820.069732871756,237.2751455697909,,,176.23481956180055
995,raspberrypi,367.0,2023-09-02,08:10:01,Whole,1047.7357502782058,,6.748975097991727,,1135.75,1125.75,1.3038789230376964,0,2,1,,0.013157894736842105,0.9868421052631579,,0.0,0.013157894736842105,,28.082699152647493,,,1445.0076524855172,1797.117107996018,28.082699152647493,,,0.0
996,raspberrypi,392.0,2023-09-02,08:10:01,Whole,1052.212155378264,0.0,8.467537617771582,,3039.8593749999995,1859.8593750000002,4.424431962545819,0,17,8,4.825141407086201e-26,0.0,1.0,,0.0,0.0,,1854.79316297773,,,917.7554624281311,1019.5815500031556,1854.79316297773,,,1745.2827587007223
997,raspberrypi,441.0,2023-09-02,08:10:01,Whole,595.9241046599461,,6.546582233634791,,1814.75,1155.5,3.321069230591198,0,2,1,,0.0,1.0,,0.0,0.0,,567.1544341236347,,,1133.7129122139347,1347.0835548702437,567.1544341236347,,,510.1396635088356
998,raspberrypi,711.0,2023-09-02,08:10:01,Whole,486.72890286528025,,6.3946905808789225,,2348.5,2059.25,4.472199742666252,0,2,1,,0.0,1.0,,0.0,0.0,,1296.7720050251662,,,271.8490805410863,967.6995843880559,1296.7720050251662,,,1164.873915637554
999,raspberrypi,988.0,2023-09-02,08:10:01,Whole,1014.3634763986036,,7.93729171704419,,1149.0,1165.75,1.4659117709570644,0,3,1,,0.013157894736842105,0.9868421052631579,,0.0,0.013157894736842105,,8.55926862201845,,,1404.894504567303,1773.6787805260428,8.55926862201845,,,0.0
1000,raspberrypi,17.0,2023-09-02,05:45:01,Whole,1472.6003047050633,0.0,8.303852845183945,,2943.8636363636365,980.0681818181819,4.647883262015421,0,66,11,0.0801770251998925,0.0,0.8625,,0.0,0.0,,1703.4373994729294,,,1503.745310097425,975.386733042593,1703.4373994729294,,,1644.4566348380788
1001,raspberrypi,37.0,2023-09-02,05:45:01,Whole,1962.3874015574352,,10.191266436157381,,2980.875,2724.5,7.277771961458139,0,10,2,,0.0,1.0,,0.0,0.0,,2193.5121192499614,,,727.4157426419074,1225.5262759281222,2193.5121192499614,,,2054.7153664012735
1002,raspberrypi,221.0,2023-09-02,05:45:01,Whole,778.5497825363157,0.02531645569620253,8.215040387919565,3.4889613736972196,1036.90625,799.9875,3.153732183840024,0,301,80,0.4631814034674825,0.3,0.6875,,0.0,0.3,,291.256281501636,,,1769.931931923688,1996.7078600619375,291.256281501636,,,195.30965658458413
1003,raspberrypi,224.0,2023-09-02,05:45:01,Whole,569.2248619943861,0.0,6.132590713459864,,1250.821875,1895.028125,2.90951838419397,1,301,80,0.15979245946172044,0.0,1.0,,0.0,0.0,,437.1523236326327,,,819.8903557650868,1526.375983474931,437.1523236326327,,,284.4822165547128
1004,raspberrypi,225.0,2023-09-02,05:45:01,Whole,425.4245894745891,0.06329113924050633,6.42214931250039,3.736917275853563,1619.425,983.9453125,3.1519450826366544,0,301,80,0.7889923970698213,0.0,0.9375,,0.0,0.0,,441.0327968353588,,,1350.7135800790184,1526.8144743283679,441.0327968353588,,,425.7498374856258
1005,raspberrypi,230.0,2023-09-02,05:45:01,Whole,651.315966317722,1.0,5.579250151480904,105.4592746272188,1985.2456896551723,1054.2025862068965,2.11919279879812,0,141,29,5857.434653886775,0.0,0.6625,,0.0,0.0,,800.9716741415498,,,1270.3756907295872,1334.7183231883405,800.9716741415498,,,781.0681143478608
1006,raspberrypi,234.0,2023-09-02,05:45:01,Whole,603.6515348059047,0.0,5.626174607017182,,1813.225,1934.815625,2.9102301378241613,0,301,80,0.05962236016920825,0.0,1.0,,0.0,0.0,,789.0032374792281,,,396.947496170779,1153.6475567498449,789.0032374792281,,,646.1408251140175
1007,raspberrypi,392.0,2023-09-02,05:45:01,Whole,1576.78221860984,0.0,7.409040518715313,,3040.78125,1860.1875,5.435552620852564,0,19,4,0.0,0.0,1.0,,0.0,0.0,,1855.7687978260444,,,918.3601911723558,1019.8768459733091,1855.7687978260444,,,1746.1561645107222
1008,raspberrypi,404.0,2023-09-02,05:45:01,Whole,784.9925155357053,0.0,6.856071986980165,,1051.0769230769233,2020.4134615384614,1.2185488846834782,0,76,13,0.014592946654709098,0.0,1.0,,0.0,0.0,,538.9075506009721,,,938.104549965323,1672.5311459863492,538.9075506009721,,,398.4698117045074
1009,raspberrypi,425.0,2023-09-02,05:45:01,Whole,498.6067774802635,,4.596016746000395,,1219.5,1788.5,0.5704005629713199,1,5,1,,0.0125,0.9875,,0.0,0.0125,,326.1832389816219,,,907.0225850461334,1565.3685465873668,326.1832389816219,,,173.32537212815103
1010,raspberrypi,470.0,2023-09-02,05:45:01,Whole,1920.1152696302802,,8.92105960686545,,3299.0,2153.0,2.012911153188197,0,5,1,,0.0,1.0,,0.0,0.0,,2194.1232496338753,,,1042.218394632726,1175.0175474725384,2194.1232496338753,,,2076.3348464370456
1011,raspberrypi,38.0,2023-09-02,11:30:01,Whole,1103.0146236690948,,5.662005020991991,,1276.5,2527.5,3.0398427351200694,0,2,1,,0.0,1.0,,0.0,0.0,,1060.7343137080452,,,629.7187398615602,1505.2702448988332,1060.7343137080452,,,911.1256340821744
1012,raspberrypi,221.0,2023-09-02,11:30:01,Whole,1983.587421402094,1.0,10.7105278742632,165.88027175610904,3111.6666666666665,742.8333333333334,9.758863711872586,0,6,3,6361.783384238828,0.0,0.9594594594594594,,0.0,0.0,,1921.5917166530865,,,1795.8815333571413,1048.216873445074,1921.5917166530865,,,1879.991080423367
1013,raspberrypi,224.0,2023-09-02,11:30:01,Whole,107.57750443776078,1.0,2.3277951856344568,3.2299573968182016,1271.642857142857,1530.8214285714287,2.109201248422201,0,17,7,1.0683502576872637,0.0945945945945946,0.9054054054054054,,0.0,0.0945945945945946,,134.8320223139262,,,1043.868306155675,1578.59765387066,134.8320223139262,,,0.0
1014,raspberrypi,227.0,2023-09-02,11:30:01,Whole,375.93251857461206,,2.9762643248912943,,1439.5,1097.75,1.459742466419147,0,2,1,,0.0,1.0,,0.0,0.0,,235.36932520722544,,,1312.4321801790468,1596.1715968486674,235.36932520722544,,,216.16214072498732
1015,raspberrypi,228.0,2023-09-02,11:30:01,Whole,25.913859229458787,,2.627622392575344,,1238.5,1445.5,2.5645997882982146,0,2,1,,0.013513513513513514,0.9864864864864865,,0.0,0.013513513513513514,,90.73159657862534,,,1129.9274200528214,1624.1449334232716,90.73159657862534,,,0.0
1016,raspberrypi,236.0,2023-09-02,11:30:01,Whole,501.19808785356116,0.0136986301369863,4.659719419707031,2.25,1215.0,925.035472972973,5.246475869228623,0,92,74,0.22449879553788404,1.0,0.0,,0.0,1.0,,202.17717537371297,,,1570.4208728481383,1816.8912757618968,202.17717537371297,,,139.448352624643
1017,raspberrypi,237.0,2023-09-02,11:30:01,Whole,517.5198994055787,0.0,4.652468226110807,,1225.106418918919,1941.429054054054,5.246406949870601,0,92,74,0.15548494715762284,0.0,1.0,,0.0,0.0,,475.67636373829373,,,817.1917125906559,1540.5614025472319,475.67636373829373,,,324.04528013868526
1018,raspberrypi,987.0,2023-09-02,11:30:01,Whole,230.188896952064,1.0,2.389574609547575,15.109625450354486,1080.25,1273.875,1.803047331604799,0,13,5,0.0,0.06756756756756757,0.9324324324324325,,0.0,0.06756756756756757,,0.0,,,1363.2319892118144,1789.8790811930498,0.0,,,0.0
1019,raspberrypi,37.0,2023-09-02,04:00:01,Whole,1771.9794494589362,0.0,10.24402344656324,,2981.175,2724.575,8.72084176375575,0,58,10,1.4121249612197648e-26,0.0,1.0,,0.0,0.0,,2193.79687267096,,,727.724462427727,1225.6892057570376,2193.79687267096,,,2054.918978017119
1020,raspberrypi,220.0,2023-09-02,04:00:01,Whole,262.207894678647,0.0,5.548647254476078,,1528.5765625,1863.1921875,1.1931282338120426,0,365,80,0.06832740701656304,0.0,1.0,,0.0,0.0,,538.9821765203369,,,625.4202986815851,1333.5393661153012,538.9821765203369,,,388.4189366139457
1021,raspberrypi,224.0,2023-09-02,04:00:01,Whole,213.66171142980994,0.0,5.451037883980698,,1486.7025316455697,1431.9224683544303,1.10439798280117,0,362,79,0.10973514330881397,0.9875,0.0125,,0.0,0.9875,,252.43790595736397,,,995.739411700206,1456.3105190776341,252.43790595736397,,,139.705785087568
1022,raspberrypi,228.0,2023-09-02,04:00:01,Whole,1045.1705226334104,0.0,8.498754845924807,,894.3387096774194,842.75,4.313253290779483,0,166,31,0.06962672697346184,0.3875,0.6125,,0.0,0.3875,,278.99725077887024,,,1816.0379181002083,2083.9364089559817,278.99725077887024,,,173.21774550920495
1023,raspberrypi,233.0,2023-09-02,04:00:01,Whole,856.1746660905586,0.0,5.571975832830559,,2296.396875,1110.240625,4.498515489003205,0,365,80,0.11313837557084554,0.0,1.0,,0.0,0.0,,1045.821550163068,,,1162.842655555764,1133.7984044845266,1045.821550163068,,,984.7278772225172
1024,raspberrypi,236.0,2023-09-02,04:00:01,Whole,149.4449173702502,0.0,5.428345255850956,,1456.3953125,1643.66875,1.10439798280117,0,365,80,0.08637554434564199,1.0,0.0,,0.0,1.0,,329.97306636665184,,,838.4288692386566,1423.5662602022353,329.97306636665184,,,185.96665060762186
1025,raspberrypi,237.0,2023-09-02,04:00:01,Whole,656.8447767903147,0.0,6.967030962710237,,1260.5078125,2172.4578125,2.1135405322672356,0,365,80,0.10026939751463607,0.0,1.0,,0.0,0.0,,708.8040960230319,,,688.5016885061675,1497.2104861433472,708.8040960230319,,,557.7395341550434
1026,raspberrypi,392.0,2023-09-02,04:00:01,Whole,1459.8806150883722,,8.573464836078392,,3041.0,1859.6666666666667,5.454478765476721,0,16,3,,0.0,1.0,,0.0,0.0,,1855.8341333751405,,,918.8229552659028,1019.8623599695379,1855.8341333751405,,,1746.3733360473495
1027,raspberrypi,525.0,2023-09-02,04:00:01,Whole,1240.7579531313045,,6.9550368972962096,,2642.25,934.75,2.000817774992543,0,6,1,,0.0,1.0,,0.0,0.0,,1416.6593827603842,,,1418.2182020911048,1064.8171789041799,1416.6593827603842,,,1365.133329401086
1028,raspberrypi,944.0,2023-09-02,04:00:01,Whole,1484.5878618683703,,8.271101935108783,,2946.25,980.75,3.4192248350587686,0,6,1,,0.0,0.9875,,0.0,0.0,,1705.676797015808,,,1504.3427677721534,974.8935834387369,1705.676797015808,,,1646.7402732477565
1029,raspberrypi,110.0,2023-09-01,22:15:01,Whole,1030.7204707970059,,5.593023847858491,,2974.25,2090.0,1.2381249840669686,0,8,1,,0.0,1.0,,0.0,0.0,,1869.6344832786262,,,752.9544509141792,1037.3838135028989,1869.6344832786262,,,1749.3204253909687
1030,raspberrypi,220.0,2023-09-01,22:15:01,Whole,676.0947255878428,0.0,5.391183828719491,,1824.7483974358975,2061.628205128205,1.9862257654194404,0,421,78,0.07918018384760861,0.0,1.0,,0.0,0.0,,884.1594465875796,,,282.9715529348701,1128.9003253707244,884.1594465875796,,,737.3980713434818
1031,raspberrypi,224.0,2023-09-01,22:15:01,Whole,479.5558782219147,0.0,4.957285567591116,,1725.3259493670887,1690.0585443037974,1.986299374090727,0,425,79,0.0839096788924971,0.0,1.0,,0.0,0.0,,574.1442780616344,,,654.7693996943851,1246.6734179497207,574.1442780616344,,,441.9696475618764
1032,raspberrypi,226.0,2023-09-01,22:15:01,Whole,564.6060417537936,0.025974025974025976,5.3911579570455705,19.549034626046364,1846.485576923077,994.2323717948718,1.6570751275516407,1,423,78,9.770163110652879,0.0,0.9746835443037974,,0.0,0.0,,640.292198711087,,,1285.9394464169513,1390.94787879993,640.292198711087,,,606.5626173632471
1033,raspberrypi,229.0,2023-09-01,22:15:01,Whole,1473.5722861156562,0.0,8.93557689571588,,3385.9883333333332,665.4016666666666,6.795154293400489,0,411,75,0.06267111227667954,0.0,0.05063291139240506,,0.0,0.0,,2201.7643561918676,,,2008.3874744551556,1147.9312845122772,2201.7643561918676,,,2155.642256452713
1034,raspberrypi,233.0,2023-09-01,22:15:01,Whole,363.7420410255272,0.038461538461538464,4.981370006558784,7.392962217872641,2145.1107594936707,1105.876582278481,1.6573031174272035,1,425,79,2.575151167367629,0.0,0.9620253164556962,,0.0,0.0,,897.9423303245226,,,1153.5160929706683,1199.1923005609538,897.9423303245226,,,840.361391808392
1035,raspberrypi,237.0,2023-09-01,22:15:01,Whole,740.5984452080797,0.0,5.654408737187867,,1462.2375,1197.825,2.245137835767846,0,121,20,0.03813979284784746,0.25316455696202533,0.7468354430379747,,0.0,0.25316455696202533,,222.46081052953718,,,1212.6751875845005,1545.29888766165,222.46081052953718,,,171.9224785146771
1036,raspberrypi,258.0,2023-09-01,22:15:01,Whole,873.8116241008433,0.33766233766233766,5.9559508764699025,84.41194010926158,2095.9278846153848,2255.8958333333335,2.117099249381967,2,423,78,8486.622289685585,0.0,0.02531645569620253,,0.8987341772151899,0.0,,1265.2512488547432,,,113.05174741703344,1008.8626151485063,1265.2512488547432,,,1144.1082440171263
1037,raspberrypi,392.0,2023-09-01,22:15:01,Whole,971.4550847882077,0.0,5.735403753745351,,3040.8,1859.825,5.645801738347355,0,33,5,0.0,0.0,1.0,,0.0,0.0,,1855.6861702740284,,,918.5693309238866,1019.830684146137,1855.6861702740284,,,1746.1880093531743
1038,raspberrypi,653.0,2023-09-01,22:15:01,Whole,989.2815811841409,1.0,6.297996859208954,185.16286612006178,2866.5,2087.125,4.384728723506785,0,51,8,3.6350710512584224e-27,0.0,0.9113924050632911,,0.0,0.0,,1801.4694304759928,,,747.5658052778402,1044.8004099419209,1801.4694304759928,,,1649.287060555661
1039,raspberrypi,656.0,2023-09-01,22:15:01,Whole,780.6254740536378,0.0,6.14647366620723,,1429.6666666666667,1171.5833333333333,2.345910427054156,0,19,3,,0.0379746835443038,0.9620253164556962,,0.0,0.0379746835443038,,199.66390716753585,,,1250.902979942557,1575.9104910516364,199.66390716753585,,,160.43431068202997
1040,raspberrypi,37.0,2023-09-01,17:40:01,Whole,1522.2733749642744,,8.941646041759794,,2625.5,2757.0,6.164519066540536,0,3,1,,0.0,1.0,,0.0,0.0,,1942.4472133279337,,,412.3830816761576,1100.3606912363375,1942.4472133279337,,,1797.4661760915772
1041,raspberrypi,106.0,2023-09-01,17:40:01,Whole,1176.8934234573037,,8.044746895993022,,2024.875,2588.625,3.6155015127265067,0,9,2,,0.0,1.0,,0.0,0.0,,1474.0860598650652,,,629.6009618635152,1354.57594396498,1474.0860598650652,,,1325.5713828952312
1042,raspberrypi,130.0,2023-09-01,17:40:01,Whole,1522.9886688171184,,9.578454135139355,,2626.75,2756.75,9.578454135139355,0,1,1,,0.0,1.0,,0.0,0.0,,1943.1846139192953,,,413.3428458059005,1100.6963488635597,1943.1846139192953,,,1798.2271399493795
1043,raspberrypi,221.0,2023-09-01,17:40:01,Whole,842.0462863760677,0.9393939393939394,6.413417464116269,63.41645065421484,1674.295955882353,2228.3069852941176,4.772635104590607,0,187,68,5666.13956769069,0.17721518987341772,0.1518987341772152,,0.569620253164557,0.17721518987341772,,1012.7345346288668,,,398.95736431769865,1273.6831418819,1012.7345346288668,,,1115.3674597282557
1044,raspberrypi,224.0,2023-09-01,17:40:01,Whole,211.1508138988152,0.3548387096774194,4.827750735008977,10.955405361991524,1346.951171875,1747.693359375,3.23174996869921,0,176,64,82.63464559836656,0.22784810126582278,0.6708860759493671,,0.0,0.22784810126582278,,341.1676433899914,,,836.7307099632442,1479.0072505363273,341.1676433899914,,,197.85380585674065
1045,raspberrypi,225.0,2023-09-01,17:40:01,Whole,680.7736817956445,0.0,5.038443078350576,,1185.25,1108.25,3.295836515857088,0,15,7,1.0339341473081514e-26,0.08860759493670886,0.9113924050632911,,0.0,0.08860759493670886,,42.08602494706189,,,1430.909015336379,1767.4808701071458,42.08602494706189,,,4.760992059129023
1046,raspberrypi,230.0,2023-09-01,17:40:01,Whole,519.539857525535,1.0,6.231017749887782,29.410272401327262,1025.9375,1727.3482142857142,1.2874475521791264,0,58,14,49.219820668794256,0.17721518987341772,0.8227848101265823,,0.0,0.17721518987341772,,259.20358457332105,,,1100.2608890112647,1726.5707910870128,259.20358457332105,,,123.74294946502278
1047,raspberrypi,238.0,2023-09-01,17:40:01,Whole,943.6788503271509,0.0,6.614987019016232,,1042.7833333333333,887.2354166666667,4.775322496343962,0,161,60,0.08537296247521721,0.759493670886076,0.24050632911392406,,0.0,0.759493670886076,,204.39133205992954,,,1693.7988279645804,1955.6506970021242,204.39133205992954,,,107.57521431037367
1048,raspberrypi,239.0,2023-09-01,17:40:01,Whole,1376.6751695349635,1.0,5.4563436560490635,353.0786214286659,2649.0,1996.4318181818182,4.738927774116447,1,28,11,28398.513433369873,0.0,0.8734177215189873,,0.0,0.0,,1636.230815565997,,,901.041606079725,1182.5655554775644,1636.230815565997,,,1439.919269797445
1049,raspberrypi,347.0,2023-09-01,17:40:01,Whole,676.2946294172029,,3.1843178723348293,,1189.75,1110.75,1.9016020984313975,0,3,1,,0.012658227848101266,0.9873417721518988,,0.0,0.012658227848101266,,43.050676529466,,,1426.3152701807744,1763.3579041007579,43.050676529466,,,8.211028796197809
1050,raspberrypi,366.0,2023-09-01,17:40:01,Whole,1640.4693718651072,1.0,9.519963716591306,56.11254811141226,3141.7727272727275,2020.5,6.2627387200059434,0,36,11,1.4029102338450474e-26,0.0,0.8860759493670886,,0.0,0.0,,2005.9014341327747,,,935.8169363492925,1082.0695830788934,2005.9014341327747,,,1888.468155684335
1051,raspberrypi,392.0,2023-09-01,17:40:01,Whole,843.7147056464282,,6.421041344368677,,2182.75,2236.5,5.343645578728978,0,3,1,,0.0,0.9873417721518988,,0.012658227848101266,0.0,,1265.4225065196242,,,37.84111811749091,979.0798302340327,1265.4225065196242,,,1123.0815476352313
1052,raspberrypi,441.0,2023-09-01,17:40:01,Whole,524.3281310639588,0.38461538461538464,4.967262840386196,307.25230504672953,1950.1473214285713,1692.2232142857144,2.8676672814023214,1,86,28,90327.75265625055,0.0,0.8734177215189873,,0.0379746835443038,0.0,,799.2798020907563,,,671.7945727243649,1188.6455378410815,799.2798020907563,,,457.5681596740371
1053,raspberrypi,656.0,2023-09-01,17:40:01,Whole,421.17198545355365,1.0,5.464869073203383,3.936609695210873,1145.0357142857142,1545.607142857143,1.1729810301050123,0,31,7,0.15622492908610872,0.08860759493670886,0.9113924050632911,,0.0,0.08860759493670886,,112.53149352873233,,,1121.4444151024202,1668.7595669450907,112.53149352873233,,,0.0
1054,raspberrypi,930.0,2023-09-01,17:40:01,Whole,1522.9778911151282,,8.517886523562515,,2625.75,2757.75,3.630489062679966,0,5,1,,0.0,1.0,,0.0,0.0,,1943.143707022521,,,412.9737821946896,1100.7590521098298,1943.143707022521,,,1798.1542073885196
1055,raspberrypi,130.0,2023-09-02,00:25:01,Whole,594.9288484777815,,4.333595852266199,,1307.75,1302.25,2.16501361092152,0,7,1,,0.0125,0.9875,,0.0,0.0125,,73.32707631625927,,,1201.615063924511,1615.8337359120683,73.32707631625927,,,0.0
1056,raspberrypi,221.0,2023-09-02,00:25:01,Whole,27.564423957919058,0.12658227848101267,3.8716920614220145,4.009834516430204,1866.196875,1133.703125,1.335100747694863,0,494,80,1.9647210750933863,0.0,0.875,,0.0,0.0,,621.0793709682794,,,1145.1644393428019,1326.874897252956,621.0793709682794,,,567.7856005062396
1057,raspberrypi,223.0,2023-09-02,00:25:01,Whole,571.7048278345637,0.0,4.197313884116074,,1434.0,1506.625,1.3842825146946227,0,21,3,0.0,0.0375,0.9625,,0.0,0.0375,,233.05583155771495,,,961.7270448426789,1471.2549412826572,233.05583155771495,,,102.5214776867056
1058,raspberrypi,224.0,2023-09-02,00:25:01,Whole,833.9150600301384,0.0,4.691678518505108,,1271.5703125,1719.9609375,1.373882472758058,0,494,80,0.08790427300418113,1.0,0.0,,0.0,1.0,,279.87916624817706,,,910.2433008018803,1538.2999037144755,279.87916624817706,,,125.5639727161192
1059,raspberrypi,226.0,2023-09-02,00:25:01,Whole,410.3624369846373,1.0,3.6280392407038464,81.87866012010514,1609.9625,1400.425,1.8664724046346433,1,72,10,1482.2521544700091,0.0,0.8875,,0.0,0.0,,384.6695599356404,,,966.8161703924121,1392.5646178588158,384.6695599356404,,,247.20556758169994
1060,raspberrypi,228.0,2023-09-02,00:25:01,Whole,240.27562759517633,,3.1289070841968707,,1650.25,1210.0,0.6074821090616106,1,8,1,,0.0,1.0,,0.0,0.0,,398.9546750474885,,,1126.8577253197798,1422.8702152996652,398.9546750474885,,,336.9252154870974
1061,raspberrypi,229.0,2023-09-02,00:25:01,Whole,1493.8400459524967,0.31746031746031744,9.598483208507812,4.600079939574494,3230.767307692308,507.96346153846156,6.4265207577374595,0,414,65,6.726474588692858,0.0,0.1875,,0.0,0.0,,2100.965900102447,,,2056.065477397874,1183.591607776165,2100.965900102447,,,2055.6095811289783
1062,raspberrypi,233.0,2023-09-02,00:25:01,Whole,246.22630198239557,0.0,4.440665707120254,,2124.309375,1100.771875,1.335100747694863,0,494,80,0.08733732161692744,0.0,1.0,,0.0,0.0,,878.4666547905355,,,1158.0586463312734,1210.3543345642452,878.4666547905355,,,821.2260720060556
1063,raspberrypi,236.0,2023-09-02,00:25:01,Whole,783.2496873528138,0.05063291139240506,4.598044252536699,9.12149822017156,1510.28125,1842.2046875,1.3738767881238845,0,494,80,4.3887500636096775,0.0,0.95,,0.0,0.0,,511.1930776766622,,,653.2345301423906,1349.1186151990446,511.1930776766622,,,357.87746018276266
1064,raspberrypi,237.0,2023-09-02,00:25:01,Whole,524.8479197563754,0.0,5.236067636925497,,1829.2046875,631.834375,1.9421770373858849,0,494,80,0.03311534015416132,0.0,1.0,,0.0,0.0,,810.8049499643573,,,1646.5334288294748,1571.2413085299086,810.8049499643573,,,799.3455708265196
1065,raspberrypi,258.0,2023-09-02,00:25:01,Whole,489.3220387879111,0.0,4.648512799112593,,1512.61875,835.0640625,1.9420797763368516,0,494,80,0.09250912881489774,0.0,1.0,,0.0,0.0,,444.45780324201746,,,1526.250911322172,1657.731080002051,444.45780324201746,,,423.11196304247596
1066,raspberrypi,392.0,2023-09-02,00:25:01,Whole,1355.542224649161,0.0,7.973179831378904,,3041.0729166666665,1859.78125,6.1446312437079795,0,79,12,1.3230213822404819e-05,0.0,1.0,,0.0,0.0,,1855.9358957348986,,,918.8235751391434,1019.8983201931645,1855.9358957348986,,,1746.4022745995478
1067,raspberrypi,425.0,2023-09-02,00:25:01,Whole,1451.566171221407,,7.5727923445447685,,1176.5,2421.375,3.4032549751217003,0,15,2,,0.0,1.0,,0.0,0.0,,942.9779938148167,,,727.0274448940249,1575.284900692428,942.9779938148167,,,796.1945519730617
1068,raspberrypi,37.0,2023-09-02,05:05:01,Whole,2041.9216101655331,,9.856336287322938,,2980.25,2725.0,4.479474022068888,0,5,1,,0.0,1.0,,0.0,0.0,,2193.3129224959284,,,726.9648072535861,1225.4747924158037,2193.3129224959284,,,2054.4961696048827
1069,raspberrypi,106.0,2023-09-02,05:05:01,Whole,1296.8231261219432,,7.237717184310534,,1876.5,2582.0,4.5715130069969545,0,4,1,,0.0,0.9873417721518988,,0.012658227848101266,0.0,,1327.7938979096339,,,60.66550969607573,1058.8920373033418,1327.7938979096339,,,1174.472471270457
1070,raspberrypi,221.0,2023-09-02,05:05:01,Whole,777.201198497461,0.0,8.276392284512186,,939.6570512820513,782.5608974358975,3.6480146140922236,0,251,78,0.0988873008510317,0.0,1.0,,0.0,0.0,,322.58732637369394,,,1838.4110780908318,2075.4070349690355,322.58732637369394,,,218.77906996284634
1071,raspberrypi,224.0,2023-09-02,05:05:01,Whole,656.1966398859735,0.0,5.7140022305014675,,1241.1598101265822,1965.3465189873418,3.276620600545029,0,252,79,0.15053729992561118,0.0,1.0,,0.0,0.0,,502.6134703326479,,,791.3185762116227,1525.6818291662964,502.6134703326479,,,350.62127516451517
1072,raspberrypi,225.0,2023-09-02,05:05:01,Whole,409.8391875174396,0.0,6.419238788733385,,1621.0664556962026,969.3575949367089,2.955350112543298,0,252,79,0.05047140482445302,0.0,1.0,,0.0,0.0,,449.40550888249356,,,1364.0862887072276,1531.857024801509,449.40550888249356,,,436.7204864699589
1073,raspberrypi,234.0,2023-09-02,05:05:01,Whole,300.7790893998269,0.0,5.101208991362489,,1707.6756756756756,1535.1233108108108,2.9552332245550104,0,243,74,0.009255114385740039,0.0,1.0,,0.0,0.0,,491.37866916263147,,,803.0964327429549,1292.7424862349437,491.37866916263147,,,374.2072889828139
1074,raspberrypi,392.0,2023-09-02,05:05:01,Whole,1650.9728212105135,0.0,8.34263040063563,,3040.6666666666665,1859.9166666666667,7.083680536324634,0,73,18,9.075579375542992e-06,0.0,1.0,,0.0,0.0,,1855.5836911037268,,,918.4076874858864,1019.8075845303729,1855.5836911037268,,,1746.011736715791
1075,raspberrypi,653.0,2023-09-02,05:05:01,Whole,420.2696321680109,,3.2784566761690486,,1293.0,1731.5,1.235411785645515,0,4,1,,0.012658227848101266,0.9873417721518988,,0.0,0.012658227848101266,,299.5683765365522,,,886.5714617614044,1520.4577807149276,299.5683765365522,,,145.30817762092553
1076,raspberrypi,37.0,2023-09-02,04:25:01,Whole,1575.5228620018713,0.15,8.495962300155693,382.79426770641294,2881.5113636363635,2696.414772727273,5.3460179400543,1,96,22,19660.28002214433,0.0,0.9620253164556962,,0.02531645569620253,0.0,,2101.3651451869364,,,646.1250735352304,1198.533068395968,2101.3651451869364,,,2054.7808958984033
1077,raspberrypi,106.0,2023-09-02,04:25:01,Whole,1013.7523905458742,,6.950770083335497,,1177.625,2421.75,3.8442324147700604,0,9,2,,0.0,1.0,,0.0,0.0,,943.4510388045107,,,725.8899087701744,1574.3788415527756,943.4510388045107,,,796.6258356467188
1078,raspberrypi,221.0,2023-09-02,04:25:01,Whole,1136.3136773048968,0.0,8.665319600106605,,922.7294303797469,838.132911392405,5.151699683506422,0,275,79,0.09565253310108512,1.0,0.0,,0.0,1.0,,273.79002044790695,,,1802.904461631878,2064.55896117246,273.79002044790695,,,168.62344756975662
1079,raspberrypi,224.0,2023-09-02,04:25:01,Whole,381.8677664363371,0.0,5.320162267557678,,1403.724358974359,1712.3285256410256,4.674191871166579,0,273,78,0.08191554485992442,0.9746835443037974,0.02531645569620253,,0.0,0.9746835443037974,,343.4212884536455,,,820.7911317178213,1445.1987520160756,343.4212884536455,,,192.78258131353593
1080,raspberrypi,228.0,2023-09-02,04:25:01,Whole,824.3369185386601,0.5128205128205128,5.707383373908764,21.16099607232902,1991.2911392405063,2390.381329113924,4.673871900851876,1,275,79,421.22107088506374,0.0,0.0,,1.0,0.0,,1240.0658415790524,,,4.240287451132381,1017.4577836661134,1240.0658415790524,,,1098.0135277665424
1081,raspberrypi,233.0,2023-09-02,04:25:01,Whole,728.0570424491872,0.0,6.84067571828149,,2278.1803797468356,1078.25,5.575322035210221,0,275,79,0.0645370310107559,0.0,1.0,,0.0,0.0,,1032.9752381669584,,,1192.022676326153,1151.398436174782,1032.9752381669584,,,975.3422762846092
1082,raspberrypi,237.0,2023-09-02,04:25:01,Whole,333.4408932995681,,3.947442208701296,,1463.625,1462.75,1.328990546839893,0,8,2,,0.02531645569620253,0.9746835443037974,,0.0,0.02531645569620253,,241.4948262178836,,,981.7964273353248,1463.0907609501169,241.4948262178836,,,121.106162642844
1083,raspberrypi,392.0,2023-09-02,04:25:01,Whole,1299.9254084753306,0.0,7.372484416603557,,3041.090909090909,1860.1477272727273,4.47446887388014,0,51,11,2.2010627935854123e-34,0.0,1.0,,0.0,0.0,,1856.0548790834575,,,918.6433693168467,1019.9549740871705,1856.0548790834575,,,1746.6208531979596
1084,raspberrypi,656.0,2023-09-02,04:25:01,Whole,374.8473345641821,,3.98936782824711,,1423.5,1449.75,1.3620288336109525,0,4,1,,0.012658227848101266,0.9873417721518988,,0.0,0.012658227848101266,,199.95465522503514,,,1014.5604982672783,1493.3634783759428,199.95465522503514,,,78.8970606644439
1085,raspberrypi,987.0,2023-09-02,04:25:01,Whole,1444.202079062739,,8.506494031088671,,2629.75,2756.5,3.600595507364108,0,4,1,,0.0,1.0,,0.0,0.0,,1945.196230595908,,,415.82403836815314,1101.6480365355478,1945.196230595908,,,1800.2895683473598
1086,raspberrypi,17.0,2023-09-02,05:55:01,Whole,1398.9902400077399,,8.120974796474224,,2944.625,981.125,5.155609157083364,0,8,2,,0.0,0.9746835443037974,,0.0,0.0,,1704.0161569924062,,,1503.207713056353,975.1177698786571,1704.0161569924062,,,1645.072569929598
1087,raspberrypi,37.0,2023-09-02,05:55:01,Whole,1766.9195054081933,,9.385922754464676,,2979.125,2724.625,4.72992221839201,0,8,2,,0.0,1.0,,0.0,0.0,,2192.188779187453,,,725.7793026065278,1224.8234026456712,2192.188779187453,,,2053.36231595975
1088,raspberrypi,106.0,2023-09-02,05:55:01,Whole,1004.1044370061975,,6.145052985746571,,1176.0,2422.0,3.80464717487474,0,4,1,,0.0,1.0,,0.0,0.0,,943.5560386076081,,,727.505183254041,1575.7711563325322,943.5560386076081,,,796.7938696731325
1089,raspberrypi,221.0,2023-09-02,05:55:01,Whole,1058.0395997183398,0.01282051282051282,8.608736093387286,2.0155644370746373,1049.5569620253164,683.2278481012659,5.522061573815701,0,246,79,0.16094869470968207,0.0,0.9873417721518988,,0.0,0.0,,407.0495778730622,,,1862.6816790373564,2040.1062116126773,407.0495778730622,,,311.56100340501666
1090,raspberrypi,236.0,2023-09-02,05:55:01,Whole,400.7654853258067,0.0,5.460893118566296,,2036.1012658227849,1395.4462025316457,3.868099888271018,0,246,79,0.10560397006475424,0.0,1.0,,0.0,0.0,,779.3046945902378,,,864.9720474299734,1161.6994918194387,779.3046945902378,,,687.9622160605584
1091,raspberrypi,237.0,2023-09-02,05:55:01,Whole,349.67026408442706,0.0,5.389489672100893,,1355.1012658227849,1708.2009493670887,3.8681983105604525,1,246,79,0.08564839494789606,1.0,0.0,,0.0,1.0,,311.114147387526,,,857.5485143410473,1480.1350700742091,311.114147387526,,,158.43846106170568
1092,raspberrypi,238.0,2023-09-02,05:55:01,Whole,939.2099696896395,0.358974358974359,6.054490553218874,25.23358277446727,2130.0822784810125,2355.0664556962024,5.085984226286111,0,246,79,573.6550649300762,0.0,0.0,,0.9620253164556962,0.0,,1310.0946970511009,,,16.33947231973318,980.6029373472788,1310.0946970511009,,,1166.9321162344024
1093,raspberrypi,392.0,2023-09-02,05:55:01,Whole,1412.397037856981,,7.811135522670118,,3040.625,1860.75,4.849307793641233,0,8,2,,0.0,1.0,,0.0,0.0,,1855.775163481676,,,917.9281516139058,1019.9141642555554,1855.775163481676,,,1746.2402572019682
1094,raspberrypi,525.0,2023-09-02,05:55:01,Whole,168.19238592981355,,3.442267264210923,,1520.75,1632.5,0.9381505092999691,1,4,1,,0.0,1.0,,0.0,0.0,,372.7905096519865,,,808.8601517161014,1383.5900449798105,372.7905096519865,,,233.94845320162702
1095,raspberrypi,988.0,2023-09-02,05:55:01,Whole,557.9111178454258,,4.407022893688925,,1106.5,1563.5,1.4844863985877519,0,4,1,,0.012658227848101266,0.9873417721518988,,0.0,0.012658227848101266,,115.90429405223132,,,1137.581497177844,1694.0815339726255,115.90429405223132,,,0.0
1096,raspberrypi,185.0,2023-09-02,13:00:01,Whole,590.791640007859,,6.355671797699485,,1605.75,1562.25,0.8508188993768424,1,5,1,,0.0,1.0,,0.0,0.0,,409.0142222785716,,,823.383169030842,1346.5372772598475,409.0142222785716,,,283.05097674715046
1097,raspberrypi,190.0,2023-09-02,13:00:01,Whole,287.7034188132811,,4.520050947480665,,2072.5,2206.5,0.34971865004315583,1,5,1,,0.0,0.9859154929577465,,0.014084507042253521,0.0,,1162.925260252615,,,53.440185772374264,1008.6363643349033,1162.925260252615,,,1018.7077294535509
1098,raspberrypi,220.0,2023-09-02,13:00:01,Whole,1039.5400548538983,,6.793841528682733,,1066.5,1674.0,2.90881925696404,0,4,1,,0.014084507042253521,0.9859154929577465,,0.0,0.014084507042253521,,194.32966029847194,,,1098.1200695247032,1702.8861317189114,194.32966029847194,,,53.975032196877606
1099,raspberrypi,224.0,2023-09-02,13:00:01,Whole,1370.4671543308903,0.18571428571428572,8.642836747300711,2.747141743521628,1172.4172535211267,2948.5228873239435,5.469733169919233,0,261,71,0.92704638017539,0.0,0.8169014084507042,,0.0,0.0,,1468.1706034041633,,,854.2609635181364,1717.8072501753009,1468.1706034041633,,,1322.753735881749
1100,raspberrypi,227.0,2023-09-02,13:00:01,Whole,413.29917020074123,1.0,4.686629390841048,118.00809552233295,2051.3783783783783,2094.1824324324325,1.6375720015344688,11,149,37,18996.53944522599,0.0,0.4788732394366197,,0.30985915492957744,0.0,,1099.560080763139,,,259.96761343687336,1063.111973461667,1099.560080763139,,,1008.8275640848756
1101,raspberrypi,228.0,2023-09-02,13:00:01,Whole,1672.3143335972616,0.24285714285714285,10.316461002378892,5.098487799203165,2739.7042253521126,383.61267605633805,8.21050458348283,0,261,71,6.346763953021616,0.0,0.7605633802816901,,0.0,0.0,,1703.1711593374507,,,1972.0661147360695,1336.3695107300425,1703.1711593374507,,,1689.1956975392202
1102,raspberrypi,234.0,2023-09-02,13:00:01,Whole,637.8493468196996,0.0,6.046884169654961,,1600.195652173913,1494.9782608695652,5.432461209494268,0,174,46,0.07865800134095796,0.0,1.0,,0.0,0.0,,377.9379174084486,,,885.318395023458,1367.0932273683475,377.9379174084486,,,260.5770861109674
1103,raspberrypi,236.0,2023-09-02,13:00:01,Whole,1232.0185059519226,1.0,9.074360763744112,140.53138627472939,3219.359375,1960.6875,6.2580663318454475,0,61,16,6389.29496968157,0.0,0.7887323943661971,,0.0,0.0,,2103.19002666653,,,1101.4750107862783,1127.9650194023216,2103.19002666653,,,2000.8940955843327
1104,raspberrypi,237.0,2023-09-02,13:00:01,Whole,514.2494542689636,0.7014925373134329,5.663828086469585,26.942395172439426,2146.082720588235,2420.5036764705883,4.872543245789201,9,257,68,676.1097875469495,0.0,0.04225352112676056,,0.9577464788732394,0.0,,1367.0074156192422,,,9.903538252804156,976.8926753795499,1367.0074156192422,,,1193.000127482302
1105,raspberrypi,258.0,2023-09-02,13:00:01,Whole,1290.401067349421,0.6111111111111112,8.905438736961532,27.056784140591194,3090.2368421052633,2713.5789473684213,4.986409409503721,0,80,19,543.1807519868888,0.0,0.8450704225352113,,0.0,0.0,,2276.754664542285,,,832.1162697586359,1270.5647341867766,2276.754664542285,,,2146.0144795918045
1106,raspberrypi,425.0,2023-09-02,13:00:01,Whole,1007.3469480399813,,6.529178704982242,,1323.75,1249.75,1.9113337642639912,0,5,1,,0.014084507042253521,0.9859154929577465,,0.0,0.014084507042253521,,86.27505469051934,,,1236.4856794980274,1621.3216144882326,86.27505469051934,,,28.71005531413826
1107,raspberrypi,37.0,2023-09-01,23:05:01,Whole,1691.197466529113,,8.769696327320101,,2981.5,2724.25,3.6538094370954695,0,8,1,,0.0,1.0,,0.0,0.0,,2193.8614980200227,,,727.9400663834772,1225.6874123925086,2193.8614980200227,,,2055.079590862322
1108,raspberrypi,106.0,2023-09-01,23:05:01,Whole,1249.060457015408,,7.956988088548979,,1177.0,2421.75,4.435816770245485,0,8,1,,0.0,1.0,,0.0,0.0,,943.3953313884753,,,726.5145236514616,1574.9041179806834,943.3953313884753,,,796.5940037912183
1109,raspberrypi,221.0,2023-09-01,23:05:01,Whole,544.4304663382028,0.0,4.6570417760073255,,1399.4493670886077,1592.2310126582279,1.6689901179375775,19,523,79,0.08657561847240883,1.0,0.0,,0.0,1.0,,253.6857181742129,,,914.1821397635617,1473.8820308818422,253.6857181742129,,,109.76514078992793
1110,raspberrypi,224.0,2023-09-01,23:05:01,Whole,542.3979146494237,0.0,4.459723810147081,,1593.4495967741937,1850.836693548387,1.667867826732171,19,416,62,0.02848493493609338,0.0,1.0,,0.0,0.0,,572.2340215080292,,,591.2238239831526,1293.908541161892,572.2340215080292,,,424.4201101632777
1111,raspberrypi,226.0,2023-09-01,23:05:01,Whole,594.3425909495978,0.0,5.752077890042938,,1879.455,819.57,1.0911743637520568,0,504,75,0.011298274641636052,0.0,1.0,,0.0,0.0,,743.9193254318646,,,1453.6196091743018,1449.3300098978198,743.9193254318646,,,731.1465467465445
1112,raspberrypi,228.0,2023-09-01,23:05:01,Whole,429.54105274889776,0.0,3.655727915526294,,1570.3194444444446,1671.25,0.9367130845454936,37,136,18,0.0003348214285714285,0.0,1.0,,0.0,0.0,,435.34566856766173,,,748.8265420179604,1343.3388104099831,435.34566856766173,,,296.2715473036998
1113,raspberrypi,232.0,2023-09-01,23:05:01,Whole,518.9966363315066,0.9701492537313433,4.608167693052658,75.63650151646075,2348.4944852941176,1558.7904411764705,1.7935295018652555,5,467,68,11370.570775488002,0.0,0.17721518987341772,,0.02531645569620253,0.0,,1140.020726075979,,,833.3961681161769,1087.3588605578805,1140.020726075979,,,822.3169823190842
1114,raspberrypi,233.0,2023-09-01,23:05:01,Whole,389.12762665527794,0.0,5.080745240023854,,2147.3512658227846,1101.9082278481012,2.0068374818114867,0,523,79,0.05096513742236171,0.0,1.0,,0.0,0.0,,900.8064320873268,,,1157.5591184596176,1199.5389753052514,900.8064320873268,,,843.0407062655397
1115,raspberrypi,236.0,2023-09-01,23:05:01,Whole,270.23568565413353,0.012987012987012988,4.526735703782308,8.696263565463044,1697.2195512820513,1250.9310897435898,2.2356413550673957,2,520,78,0.9540437855106962,0.0,0.9873417721518988,,0.0,0.0,,440.4586409099984,,,1072.792673512751,1381.2198449585712,440.4586409099984,,,369.5750329731161
1116,raspberrypi,237.0,2023-09-01,23:05:01,Whole,645.7756930007479,0.027777777777777776,5.9159125228288,4.249980983504155,1667.597602739726,815.8150684931506,1.0909183131408506,0,495,73,0.6439148462072067,0.0,0.9746835443037974,,0.0,0.0,,571.7137439798387,,,1498.4780233471158,1571.6439638035372,571.7137439798387,,,566.0459636650347
1117,raspberrypi,258.0,2023-09-01,23:05:01,Whole,1417.6813002026092,1.0,7.747528176891876,133.47163955269676,2651.085,2597.095,5.504310167841963,0,340,50,5858.63231776242,0.0,0.3924050632911392,,0.10126582278481013,0.0,,1867.8140169635067,,,500.4052722779107,1140.2940842818907,1867.8140169635067,,,1916.6834547761484
1118,raspberrypi,392.0,2023-09-01,23:05:01,Whole,1212.370636152999,0.0,7.216468901483528,,3040.485294117647,1859.889705882353,3.0532340017603943,3,121,17,0.0004974919271588719,0.0,1.0,,0.0,0.0,,1855.4021508119781,,,918.268623431583,1019.7547719132629,1855.4021508119781,,,1745.9042801170008
1119,raspberrypi,524.0,2023-09-01,23:05:01,Whole,505.7597703828164,,3.3329760923406186,,1500.25,1704.5,0.40012166661088316,3,9,1,,0.0,1.0,,0.0,0.0,,403.11209295485435,,,763.5208705470975,1381.4677044504715,403.11209295485435,,,257.76167909518836
1120,raspberrypi,220.0,2023-09-02,03:25:01,Whole,406.9822285211885,0.0,4.440380390532418,,1537.8259493670887,1848.764240506329,1.1001013230157717,0,437,79,0.09415138629820768,0.0,1.0,,0.0,0.0,,533.7284810328638,,,629.553159936716,1329.8807719384436,533.7284810328638,,,384.0189856735335
1121,raspberrypi,224.0,2023-09-02,03:25:01,Whole,56.775558512502634,0.08,4.359189365638045,2.8637905110074136,1439.7006578947369,1397.2763157894738,1.3064825377842704,0,430,76,0.7364472683904087,0.9620253164556962,0.0379746835443038,,0.0,0.9620253164556962,,199.51991709566212,,,1049.8160577779609,1497.18108772413,199.51991709566212,,,91.53440659826654
1122,raspberrypi,228.0,2023-09-02,03:25:01,Whole,817.5429065730485,0.0,6.718346796599142,,922.2212837837837,836.0760135135135,1.2674217817370468,0,421,74,0.10763468472095994,0.9367088607594937,0.06329113924050633,,0.0,0.9367088607594937,,275.9025537692505,,,1804.8668225748297,2065.789354296052,275.9025537692505,,,170.78743046514907
1123,raspberrypi,230.0,2023-09-02,03:25:01,Whole,618.9208403094613,0.0,5.45891939658035,,1155.4699074074074,911.8819444444445,1.2660583929196205,0,315,54,0.010923114877662995,0.6835443037974683,0.31645569620253167,,0.0,0.6835443037974683,,193.89993075403748,,,1612.1509231431178,1864.3078414918962,193.89993075403748,,,116.99820046574368
1124,raspberrypi,233.0,2023-09-02,03:25:01,Whole,893.1999337500895,0.0,5.964524172813707,,2295.4272151898736,1122.9446202531647,4.637254343117704,0,437,79,0.10560350102178825,0.0,1.0,,0.0,0.0,,1043.0971144519815,,,1150.1332579334048,1130.2523647584248,1043.0971144519815,,,980.6569163027023
1125,raspberrypi,236.0,2023-09-02,03:25:01,Whole,197.88569636321893,0.0,4.225852239367701,,1471.5760135135135,1646.3175675675675,1.0998041466432096,0,422,74,0.036671303497012364,0.0,1.0,,0.0,0.0,,343.0807351020423,,,826.9770907348725,1412.8285528350425,343.0807351020423,,,199.89135672932713
1126,raspberrypi,237.0,2023-09-02,03:25:01,Whole,748.813378503124,0.0,5.713804408372645,,1259.338141025641,2168.974358974359,2.19115935763673,0,435,78,0.0909741448683297,0.0,1.0,,0.0,0.0,,705.1571367809927,,,690.7250254294861,1498.2239494854093,705.1571367809927,,,554.0766653114435
1127,raspberrypi,470.0,2023-09-02,03:25:01,Whole,1184.2036840295816,,6.428008377208124,,2632.5,1639.0,3.1838365414452605,0,6,1,,0.0,1.0,,0.0,0.0,,1405.8828339519182,,,778.9554019330658,963.4095772640518,1405.8828339519182,,,1302.6183015948016
1128,raspberrypi,987.0,2023-09-02,03:25:01,Whole,1752.1848582079422,,9.531387910867467,,2630.25,2756.0,7.332808431885824,0,7,1,,0.0,1.0,,0.0,0.0,,1945.21777460239,,,416.01162170231004,1101.6171367153752,1945.21777460239,,,1800.3271706420746
1129,raspberrypi,17.0,2023-09-02,15:35:01,Whole,1041.7151201477272,,7.772597184445323,,2972.25,1612.25,6.618235359909795,0,4,1,,0.0,1.0,,0.0,0.0,,1733.661670478204,,,1017.8411199919435,977.9598858617005,1733.661670478204,,,1635.8627008669303
1130,raspberrypi,220.0,2023-09-02,15:35:01,Whole,793.3861195098406,0.0,7.980784210626395,,2608.735576923077,2866.2115384615386,2.233327388863158,0,188,52,0.12792427292695818,0.0,1.0,,0.0,0.0,,2007.0951735165245,,,460.41390484143693,1144.8296863812277,2007.0951735165245,,,1858.813325134282
1131,raspberrypi,224.0,2023-09-02,15:35:01,Whole,1042.1092813717946,0.014492753623188406,6.821908919076679,2.2638462845343543,1091.8428571428572,2239.167857142857,6.356397056905408,1,224,70,0.21901263381921976,0.0,0.9857142857142858,,0.0,0.0,,756.7281817532385,,,833.7996753442503,1634.6023796518657,756.7281817532385,,,614.6804034278216
1132,raspberrypi,225.0,2023-09-02,15:35:01,Whole,1447.6678828768531,1.0,10.38189761564032,218.296723967944,2880.9308035714284,1142.8839285714287,5.859906066877057,2,207,56,15912.655046234177,0.014285714285714285,0.21428571428571427,,0.0,0.014285714285714285,,1718.6099539740376,,,1435.7597930819143,1152.9063490539056,1718.6099539740376,,,1814.2481038874257
1133,raspberrypi,228.0,2023-09-02,15:35:01,Whole,2232.8214482102585,1.0,12.084648819138026,109.91968432386219,3274.2833333333333,345.34166666666664,2.911650229086868,2,65,15,2406.0769787688305,0.0,0.8,,0.0,0.0,,2210.905164149519,,,2246.3509134890296,1424.9766255615223,2210.905164149519,,,2287.542351047674
1134,raspberrypi,234.0,2023-09-02,15:35:01,Whole,1427.0443535933373,,7.1896952073188345,,800.5,2739.0,2.989891610032485,0,5,1,,0.0,1.0,,0.0,0.0,,1281.8151883617397,,,1133.3489550136778,1965.6900031163586,1281.8151883617397,,,1151.6000834642891
1135,raspberrypi,236.0,2023-09-02,15:35:01,Whole,597.5768172941413,0.2463768115942029,7.00669477035427,3.3310006192517774,2176.8660714285716,2826.6321428571428,2.2365332393182538,0,224,70,1.5371833424525159,0.0,0.0,,1.0,0.0,,1698.3723196994733,,,185.19885298028402,1052.7321626300352,1698.3723196994733,,,1546.5762465788769
1136,raspberrypi,237.0,2023-09-02,15:35:01,Whole,638.3983378428087,0.88,7.063982972880998,4.237040593009243,1733.1064814814815,2727.3611111111113,2.3470794604878003,0,117,27,6.790922373016095,0.0,0.6142857142857143,,0.0,0.0,,1388.0054682427535,,,261.00169731706114,1176.6193128270065,1388.0054682427535,,,1236.2063155840992
1137,raspberrypi,474.0,2023-09-02,15:35:01,Whole,1042.1882442653393,,6.373665666701979,,1091.75,2238.0,0.006553570413278838,1,5,1,,0.0,1.0,,0.0,0.0,,755.5561491640334,,,834.1281366893281,1634.6468027760427,755.5561491640334,,,612.24509304758
1138,raspberrypi,954.0,2023-09-02,15:35:01,Whole,1425.9318411512593,,7.82317022514766,,801.5,2738.5,2.9807503913017777,0,5,1,,0.0,1.0,,0.0,0.0,,1281.1384018366525,,,1132.265036851291,1964.6646563487375,1281.1384018366525,,,1150.8778495375884
1139,raspberrypi,190.0,2023-09-02,08:00:01,Whole,2219.344632961658,,11.713872272912758,,3000.0,2724.5,9.673852923202878,0,3,1,,0.0,1.0,,0.0,0.0,,2208.8242835653873,,,745.7180232131423,1233.8575960841576,2208.8242835653873,,,2070.323405490144
1140,raspberrypi,220.0,2023-09-02,08:00:01,Whole,440.78691920075516,0.0,3.8765865701302755,,1494.6195652173913,1629.2880434782608,1.9814333243445632,0,81,23,0.0036825249278150183,0.0,1.0,,0.0,0.0,,350.13185766917434,,,826.7041809450247,1401.3674076088137,350.13185766917434,,,209.93379986709485
1141,raspberrypi,223.0,2023-09-02,08:00:01,Whole,428.9765832845836,,3.5538734273975727,,1813.75,1193.375,0.8231835594815301,2,9,2,,0.0,1.0,,0.0,0.0,,560.3495242666547,,,1096.9558869038058,1334.4303569579406,560.3495242666547,,,497.2109812950872
1142,raspberrypi,233.0,2023-09-02,08:00:01,Whole,381.03045523383224,0.0,4.323557343170015,,1741.7922077922078,1335.7597402597403,2.389081211152876,2,210,77,0.05104548345190002,0.0,1.0,,0.0,0.0,,483.9092120221921,,,978.3208292770398,1328.6158971031987,483.9092120221921,,,397.4736784891536
1143,raspberrypi,236.0,2023-09-02,08:00:01,Whole,126.12303828194422,0.0,4.6687867830122745,,1356.2233333333334,1079.5566666666666,1.4951226635382857,0,208,75,0.07852006633143475,0.974025974025974,0.025974025974025976,,0.0,0.974025974025974,,176.25596527574163,,,1366.6231008757352,1658.630027149965,176.25596527574163,,,175.6199569606491
1144,raspberrypi,237.0,2023-09-02,08:00:01,Whole,388.5150463964346,,2.524449265517155,,1014.3125,1085.625,0.9188482025225689,4,15,4,,0.05194805194805195,0.948051948051948,,0.0,0.05194805194805195,,57.518615305022124,,,1550.3629220793323,1901.1013301519279,57.518615305022124,,,0.0
1145,raspberrypi,258.0,2023-09-02,08:00:01,Whole,387.6550028836891,0.05263157894736842,5.427202279880188,6.379921007798763,1110.3798701298701,928.7938311688312,1.4928822202266703,11,210,77,3.004363701009414,1.0,0.0,,0.0,1.0,,167.9449491293795,,,1621.8810908504324,1889.7114719242495,167.9449491293795,,,77.24153578745958
1146,raspberrypi,392.0,2023-09-02,08:00:01,Whole,1782.4309938786807,,8.638698758661326,,3041.75,1859.5,7.21455108531288,0,5,1,,0.0,1.0,,0.0,0.0,,1856.507591706311,,,919.5462671458317,1020.0417259246392,1856.507591706311,,,1747.0451534691747
1147,raspberrypi,682.0,2023-09-02,08:00:01,Whole,1347.2617611903868,,7.591016316080389,,2471.75,1998.5,5.090630821186663,0,4,1,,0.0,1.0,,0.0,0.0,,1375.3024572891009,,,393.485453729693,961.4409332342691,1375.3024572891009,,,1249.0717513563673
1148,raspberrypi,896.0,2023-09-02,08:00:01,Whole,696.178292733863,,4.2105274965483925,,1540.25,1881.0,3.0012985537719983,0,3,1,,0.0,1.0,,0.0,0.0,,560.1590618840677,,,604.5085478138808,1323.001834095215,560.1590618840677,,,409.52333318124386
1149,raspberrypi,964.0,2023-09-02,08:00:01,Whole,388.7487711703096,0.0,3.526707529563716,,1014.3214285714286,1084.8214285714287,0.9173595117010319,9,56,14,0.0019224955312507168,0.18181818181818182,0.8181818181818182,,0.0,0.18181818181818182,,57.89621168417044,,,1550.9872533469136,1901.3778715076485,57.89621168417044,,,0.0
1150,raspberrypi,997.0,2023-09-02,08:00:01,Whole,929.5282546475881,0.0,4.908000186219854,,891.625,1990.25,4.716126628003465,0,44,11,0.0,0.0,1.0,,0.0,0.0,,533.3765919281063,,,1097.3908869531479,1807.3214019471084,533.3765919281063,,,408.8226380284028
1151,raspberrypi,224.0,2023-09-02,15:45:01,Whole,573.719236964295,0.29577464788732394,4.643125580164733,12.084003823522897,948.5173611111111,2010.248263888889,2.475813440480797,2,250,72,79.71039161158619,0.0,0.7083333333333334,,0.0,0.0,,540.2900601384446,,,1037.156581373519,1758.2821943071876,540.2900601384446,,,405.70314889450714
1152,raspberrypi,225.0,2023-09-02,15:45:01,Whole,791.3871562035342,0.2222222222222222,7.249190473963193,17.232970318347586,1670.44921875,1090.12890625,5.299825268032386,2,235,64,155.65421137620618,0.0,0.8055555555555556,,0.0,0.0,,445.7627513606719,,,1234.3826605245165,1454.2175839700053,445.7627513606719,,,412.9079202189366
1153,raspberrypi,226.0,2023-09-02,15:45:01,Whole,1139.5799838956639,1.0,6.556584442689161,12.692179704250877,1175.1666666666667,2953.5625,4.573575462812514,0,29,6,133.5551824733361,0.0,0.9444444444444444,,0.0,0.0,,1473.7239313830396,,,854.5187675697853,1717.8616042001477,1473.7239313830396,,,1336.499502085944
1154,raspberrypi,234.0,2023-09-02,15:45:01,Whole,791.866951309546,,4.623156859074738,,1255.0,2614.75,1.7850957564898895,0,4,1,,0.0,1.0,,0.0,0.0,,1143.8355541962826,,,663.1117977438994,1539.442110633638,1143.8355541962826,,,995.1854170618803
1155,raspberrypi,236.0,2023-09-02,15:45:01,Whole,1132.9590755992951,1.0,7.073372438546379,240.2972956677152,2039.859375,1607.140625,4.114487476098683,2,250,72,29606.04199575249,0.125,0.013888888888888888,,0.125,0.125,,1181.6425281605223,,,1019.9186055068811,1319.6143305292098,1181.6425281605223,,,1231.8304871187656
1156,raspberrypi,237.0,2023-09-02,15:45:01,Whole,423.29086099733746,1.0,3.629216238182566,21.315170691476382,1405.786231884058,2166.1684782608695,1.401631794721885,2,245,69,207.52641752347338,0.0,0.041666666666666664,,0.09722222222222222,0.0,,763.5832726701964,,,561.4020065790497,1398.656260714781,763.5832726701964,,,680.8506471563194
1157,raspberrypi,238.0,2023-09-02,15:45:01,Whole,257.918533797829,0.0,4.181169809820755,,1739.3125,1965.40625,1.3961327438849584,0,37,8,0.1987025487464921,0.0,1.0,,0.0,0.0,,755.7845298186988,,,410.9550508132234,1188.5364173487344,755.7845298186988,,,612.0966647620467
1158,raspberrypi,258.0,2023-09-02,15:45:01,Whole,979.8640546562148,0.5416666666666666,6.826874214008986,28.66495436503402,1459.8,2837.15,4.469024153477399,0,100,25,720.775445315672,0.0,0.8055555555555556,,0.0,0.0,,1403.344116525937,,,553.2870413862875,1434.3760813099734,1403.344116525937,,,1230.6340652319907
1159,raspberrypi,445.0,2023-09-02,15:45:01,Whole,807.604831897184,1.0,6.270923575337163,10.14061296224247,1221.125,2619.5,2.0658092885241146,0,20,5,0.0,0.0,0.9444444444444444,,0.0,0.0,,1144.4890251049396,,,697.296473311555,1569.2294309885117,1144.4890251049396,,,996.7913310392473
1160,raspberrypi,37.0,2023-09-02,07:30:01,Whole,1766.5419226137585,0.0,7.618417866051889,,2981.9772727272725,2724.7045454545455,10.762510367016674,0,12,11,0.0,0.0,1.0,,0.0,0.0,,2194.5159627638377,,,728.5295106537965,1226.0938630690953,2194.5159627638377,,,2055.536918924676
1161,raspberrypi,220.0,2023-09-02,07:30:01,Whole,318.14992339396986,0.0,6.231217743583401,,1473.2878289473683,1286.327302631579,10.758508224904357,0,18,76,0.03271015670735355,0.987012987012987,0.012987012987012988,,0.0,0.987012987012987,,221.18853862177386,,,1129.0700378148529,1508.6574690597104,221.18853862177386,,,144.52513185111516
1162,raspberrypi,392.0,2023-09-02,07:30:01,Whole,1329.4347908636228,0.0,6.545958055101692,,2924.225,1958.025,8.617242059561084,0,5,5,0.0,0.0,0.987012987012987,,0.012987012987012988,0.0,,1794.787432122701,,,770.5166384358743,1009.3656012159124,1794.787432122701,,,1746.1880093531743
1163,raspberrypi,441.0,2023-09-02,07:30:01,Whole,821.2330281241705,,4.609218039290433,,1189.25,2132.5,4.609218039290433,0,1,1,,0.0,1.0,,0.0,0.0,,657.4362361549022,,,768.8958522139342,1555.1153715686694,657.4362361549022,,,508.8177677377986
1164,raspberrypi,896.0,2023-09-02,07:30:01,Whole,987.4556896962888,,3.4569231387743034,,959.25,857.5,3.4569231387743034,0,1,1,,0.012987012987012988,0.987012987012987,,0.0,0.012987012987012988,,245.23869865592286,,,1765.841512626186,2029.376042743792,245.23869865592286,,,141.4522529790157
1165,raspberrypi,997.0,2023-09-02,07:30:01,Whole,794.5077296884066,,3.707550505285559,,978.0,1805.25,3.707550505285559,0,1,1,,0.0,1.0,,0.0,0.0,,334.8967018769694,,,1099.2562592580027,1753.0664847477512,334.8967018769694,,,205.13908070577523
1166,raspberrypi,37.0,2023-09-02,03:20:01,Whole,1810.1594117185707,,8.573815881632523,,2983.25,2725.0,4.4747841483782045,0,7,1,,0.0,1.0,,0.0,0.0,,2195.7106373259703,,,729.8329405914947,1226.77521363556,2195.7106373259703,,,2056.940369290204
1167,raspberrypi,106.0,2023-09-02,03:20:01,Whole,1468.936031882453,,6.752708183929658,,3041.0,1860.25,0.0038723667905824037,1,7,1,,0.0,1.0,,0.0,0.0,,1855.996035758923,,,918.5118889058331,1019.9447856322619,1855.996035758923,,,1746.4891202992592
1168,raspberrypi,220.0,2023-09-02,03:20:01,Whole,304.2548010809443,0.0,5.401964367331847,,1537.5432692307693,1848.4102564102564,1.0966250967022144,0,343,78,0.07273975430583773,0.0,1.0,,0.0,0.0,,533.2761035430952,,,630.0049227230356,1330.1248826650374,533.2761035430952,,,383.4890600130811
1169,raspberrypi,224.0,2023-09-02,03:20:01,Whole,322.0774253873915,,3.430827728479459,,1364.75,1337.0,1.6922303180475236,0,5,1,,0.012658227848101266,0.9873417721518988,,0.0,0.012658227848101266,,119.47653917242276,,,1140.9859518058645,1565.6927583508357,119.47653917242276,,,25.904148032887917
1170,raspberrypi,228.0,2023-09-02,03:20:01,Whole,982.0631767741319,0.0,8.199501386979996,,930.5211038961039,837.7256493506494,5.024908013688607,0,339,77,0.03688499106509423,0.9746835443037974,0.02531645569620253,,0.0,0.9746835443037974,,271.8602934316882,,,1798.660409204321,2058.9127262644265,271.8602934316882,,,167.05733820550935
1171,raspberrypi,233.0,2023-09-02,03:20:01,Whole,812.7828804748551,0.0,6.462849911827982,,2295.576923076923,1123.3285256410256,5.037244738427184,0,343,78,0.09993718018001117,0.0,1.0,,0.0,0.0,,1043.193181755347,,,1149.7754234626152,1130.0756754026534,1043.193181755347,,,980.7445206905226
1172,raspberrypi,236.0,2023-09-02,03:20:01,Whole,163.11267727896848,0.0,5.374799548144133,,1472.0304487179487,1646.3910256410256,1.0966250967022144,0,343,78,0.04630574022506933,0.0,1.0,,0.0,0.0,,343.4711544566768,,,826.640501432332,1412.50962654633,343.4711544566768,,,200.33425160561066
1173,raspberrypi,237.0,2023-09-02,03:20:01,Whole,707.1707822697448,0.0,6.5913262743177565,,1259.0727848101267,2168.5680379746836,2.1910346500981146,0,345,79,0.07458493871215327,0.0,1.0,,0.0,0.0,,704.7054275072751,,,691.1070222452496,1498.4442632161708,704.7054275072751,,,553.6270690488589
1174,raspberrypi,392.0,2023-09-02,03:20:01,Whole,1468.7004553096474,0.0,6.753174008843456,,3040.8981481481483,1859.601851851852,5.409174107609687,1,137,27,0.012518369977600599,0.0,1.0,,0.0,0.0,,1855.7184349975835,,,918.7713901403536,1019.8256915346951,1855.7184349975835,,,1746.2807434423266
1175,raspberrypi,987.0,2023-09-02,03:20:01,Whole,1581.4225653532083,,9.029135345545571,,2629.5,2756.25,7.329830721321125,0,5,1,,0.0,1.0,,0.0,0.0,,1944.842930846481,,,415.4831075035028,1101.4565626427848,1944.842930846481,,,1799.936512021808
1176,raspberrypi,988.0,2023-09-02,03:20:01,Whole,725.3895001316387,,4.415070727106084,,1136.5,997.75,1.3459531662274733,0,12,3,,0.0379746835443038,0.9620253164556962,,0.0,0.0379746835443038,,109.03981403429272,,,1549.8537331041132,1843.6520742422163,109.03981403429272,,,34.03582174911392
1177,raspberrypi,221.0,2023-09-02,10:20:01,Whole,695.474248900631,0.896551724137931,4.107576208386318,48.24854041479422,1096.0725806451612,1778.6451612903227,4.110181786503727,4,58,31,4864.615163151432,0.2727272727272727,0.6103896103896104,,0.0,0.2727272727272727,,359.9548830512296,,,1106.0336801095748,1710.1377335895108,359.9548830512296,,,0.0
1178,raspberrypi,224.0,2023-09-02,10:20:01,Whole,708.6370153092787,1.0,4.831222084177831,158.75907928170122,1694.046875,1997.5078125,2.9021779472245925,0,32,16,12664.153522099825,0.09090909090909091,0.8051948051948052,,0.05194805194805195,0.09090909090909091,,810.3984770866113,,,673.1673956056701,1372.1279307235259,810.3984770866113,,,383.1218939583302
1179,raspberrypi,227.0,2023-09-02,10:20:01,Whole,328.93428953585334,0.55,5.301946194032878,32.91511705233099,1379.909090909091,2191.7102272727275,3.8054515007287026,0,35,22,439.91933357233125,0.0,0.8571428571428571,,0.0,0.0,,763.239427583817,,,571.586518818346,1406.5108624259435,763.239427583817,,,648.9206438120151
1180,raspberrypi,228.0,2023-09-02,10:20:01,Whole,543.6991562907637,1.0,2.4635953646887403,16.012202378186455,1049.5,1997.25,0.8730569369161567,4,15,5,0.0,0.0,0.948051948051948,,0.0,0.0,,516.2742253478343,,,948.6416092051907,1675.384167076747,516.2742253478343,,,375.6811369163711
1181,raspberrypi,237.0,2023-09-02,10:20:01,Whole,611.7971584196474,0.868421052631579,5.027998686092576,29.840399245916462,1866.327922077922,1959.7613636363637,4.581396725426773,0,74,77,1178.165346001385,0.05194805194805195,0.012987012987012988,,0.5324675324675324,0.05194805194805195,,903.1410233748588,,,437.1130795172721,1166.7997761095892,903.1410233748588,,,988.3595409920845
1182,raspberrypi,227.0,2023-09-02,10:15:01,Whole,383.8362420384467,0.5454545454545454,4.59493944751224,5.6105434957216955,1402.0964285714285,1541.7642857142857,3.6826954776254768,1,50,35,6.811977617060881,0.4666666666666667,0.5333333333333333,,0.0,0.4666666666666667,,225.7744497521381,,,952.5315792896636,1484.244326489591,225.7744497521381,,,82.74128964550496
1183,raspberrypi,230.0,2023-09-02,10:15:01,Whole,2032.6611448521855,1.0,9.616718842136146,189.54469700523066,3511.3645833333335,1858.5729166666667,10.704728247952488,0,26,12,9623.28381684472,0.0,0.88,,0.0,0.0,,2376.9981828041796,,,1458.6195128111522,1279.589693764261,2376.9981828041796,,,2285.92782140327
1184,raspberrypi,233.0,2023-09-02,10:15:01,Whole,1080.176776572609,1.0,5.888904103803914,213.40179268659116,2382.625,483.59375,4.075353075006471,0,18,8,943.2040245073545,0.0,0.9066666666666666,,0.0,0.0,,1359.3228239081018,,,1802.4038676054117,1402.9290413138133,1359.3228239081018,,,1324.8750945698957
1185,raspberrypi,236.0,2023-09-02,10:15:01,Whole,737.7573958813629,0.7575757575757576,6.821411910181874,9.009459237757055,1046.5110294117646,1670.2316176470588,5.19376663427904,0,45,34,71.86507804750508,0.4533333333333333,0.5466666666666666,,0.0,0.4533333333333333,,192.76297123303192,,,1116.391111731862,1719.335182083776,192.76297123303192,,,54.86459263597246
1186,raspberrypi,237.0,2023-09-02,10:15:01,Whole,362.95313372608103,0.013513513513513514,5.742612493513267,2.4748737341529163,1688.7516666666668,891.465,3.738858396739994,0,92,75,0.2554139385579363,0.0,0.9866666666666667,,0.0,0.0,,545.8588002494381,,,1419.9357048018287,1524.69787961629,545.8588002494381,,,539.2052695764485
1187,raspberrypi,238.0,2023-09-02,10:15:01,Whole,413.78076792349043,,2.2329119796915537,,1254.75,1359.5,1.1742215803141747,0,2,1,,0.013333333333333334,0.9866666666666667,,0.0,0.013333333333333334,,65.84926740781982,,,1186.5080265423862,1636.236336794375,65.84926740781982,,,0.0
1188,raspberrypi,258.0,2023-09-02,10:15:01,Whole,482.45139793912233,,2.3256253648840994,,1269.5,1543.5,0.645406082092887,1,2,1,,0.013333333333333334,0.9866666666666667,,0.0,0.013333333333333334,,139.44572193237707,,,1035.8907731289291,1577.1097959981125,139.44572193237707,,,0.0
1189,raspberrypi,821.0,2023-09-02,10:15:01,Whole,1335.9930167835353,,8.653723629563439,,1275.0,2533.75,5.145983316519555,0,3,1,,0.0,1.0,,0.0,0.0,,1066.6628870418726,,,631.7911988836822,1507.5099620678864,1066.6628870418726,,,917.1229264783672
1190,raspberrypi,37.0,2023-09-01,20:35:02,Whole,1797.0881073756411,,10.36788694671939,,2983.0,2725.0,7.433865364865397,0,8,1,,0.0,1.0,,0.0,0.0,,2195.5107759698813,,,729.5938975318395,1226.66675824572,2195.5107759698813,,,2056.7366352733907
1191,raspberrypi,220.0,2023-09-01,20:35:02,Whole,474.00591947459804,0.0,5.204463803878251,,1808.70625,1891.434375,3.5235590251430895,0,510,80,0.04988487063656775,0.0,1.0,,0.0,0.0,,757.7686797449458,,,437.37214766516627,1163.1369532526924,757.7686797449458,,,616.6708110215859
1192,raspberrypi,221.0,2023-09-01,20:35:02,Whole,591.1000899226434,,3.9172086125040124,,1186.25,1612.25,0.0018254512112416035,1,8,1,,0.0125,0.9875,,0.0,0.0125,,150.87233896943576,,,1045.787596265283,1623.0739518138735,150.87233896943576,,,0.0
1193,raspberrypi,226.0,2023-09-01,20:35:02,Whole,256.1559134707874,0.0,5.447746567471055,,1620.0381944444443,1198.4496527777778,1.1297452939105148,0,473,72,0.05517767615136116,0.0,1.0,,0.0,0.0,,371.5847395917733,,,1148.1880231543328,1445.155669820333,371.5847395917733,,,313.0663359468162
1194,raspberrypi,228.0,2023-09-01,20:35:02,Whole,794.2067114325392,0.0,5.9086954918223356,,1039.0064935064936,1783.9107142857142,1.1478140518569389,0,500,77,0.06606328200067,0.9625,0.0375,,0.0,0.9625,,304.89508670948857,,,1058.1165627905546,1706.739163233659,304.89508670948857,,,167.21995958108627
1195,raspberrypi,229.0,2023-09-01,20:35:02,Whole,1785.2013608805996,0.0,10.30183380595511,,3451.75,895.7234375,6.767357885475706,0,510,80,0.036067849131155454,0.0,0.0,,0.0,0.0,,2217.396149687528,,,1868.449461139337,1086.790268987405,2217.396149687528,,,2158.5666482831894
1196,raspberrypi,233.0,2023-09-01,20:35:02,Whole,514.5664518728771,0.0,6.012524324472033,,2159.63125,1115.853125,2.818444108937703,0,510,80,0.04166453157863561,0.0,1.0,,0.0,0.0,,910.5540020720499,,,1144.1280011433023,1189.3557134553262,910.5540020720499,,,850.9095074419051
1197,raspberrypi,234.0,2023-09-01,20:35:02,Whole,926.0413504538348,0.0,6.596504095539519,,851.9878472222222,1663.920138888889,1.1476176626438719,0,476,72,0.06000398480969287,0.9,0.1,,0.0,0.9,,251.91104785575436,,,1280.314335733528,1877.513937651764,251.91104785575436,,,154.94250560759912
1198,raspberrypi,237.0,2023-09-01,20:35:02,Whole,464.3736179951167,0.0,6.086166056939853,,1598.4119318181818,981.2556818181819,1.1269662920456962,0,313,44,0.02281477582400291,0.0,1.0,,0.0,0.0,,424.37274709869087,,,1359.8991251739083,1540.7927786714479,424.37274709869087,,,413.0312668823156
1199,raspberrypi,366.0,2023-09-01,20:35:02,Whole,1426.0170312089833,,8.60789825934194,,2938.0,2204.0,6.048727964561726,0,8,1,,0.0,1.0,,0.0,0.0,,1883.7822328192865,,,680.496051086616,1047.8864899548796,1883.7822328192865,,,1758.6001746021313
1200,raspberrypi,392.0,2023-09-01,20:35:02,Whole,1367.7598622594696,,8.241843139331097,,3041.375,1860.0,5.411796594785907,0,15,2,,0.0,1.0,,0.0,0.0,,1856.286455618082,,,918.96248282912,1020.0110279082235,1856.286455618082,,,1746.7960273580318
1201,raspberrypi,887.0,2023-09-01,20:35:02,Whole,591.5303934436631,0.01282051282051282,5.396458966497227,2.1360009363293826,1185.857594936709,1612.4319620253164,1.1655509557487371,1,507,79,0.11262326495337172,0.9875,0.0125,,0.0,0.9875,,150.8875502096088,,,1045.9526884745721,1623.3302517742477,150.8875502096088,,,0.0
1202,raspberrypi,973.0,2023-09-01,20:35:02,Whole,987.650757744183,,5.851788916012124,,1204.5,2247.75,2.536772020348321,0,8,1,,0.0,1.0,,0.0,0.0,,773.5872486511378,,,721.9517620276747,1541.7862002060533,773.5872486511378,,,624.972722628724
1203,raspberrypi,221.0,2023-09-02,13:10:01,Whole,686.7542511958294,0.5882352941176471,5.686055856557417,14.503213641772774,1136.76875,1312.2875,1.9605772094713998,0,46,20,272.6796553353981,0.28169014084507044,0.7183098591549296,,0.0,0.28169014084507044,,19.41486702785297,,,1298.574260498353,1736.8885002641532,19.41486702785297,,,0.0
1204,raspberrypi,224.0,2023-09-02,13:10:01,Whole,1317.3082207100142,0.0,9.157257338871759,,2941.3618421052633,1820.578947368421,9.246247017582608,0,167,57,0.03393605871815383,0.0,1.0,,0.0,0.0,,1749.415301719926,,,858.9281299621188,991.6516864177586,1749.415301719926,,,1641.8824862011172
1205,raspberrypi,227.0,2023-09-02,13:10:01,Whole,495.029294959406,0.0,6.010479566440942,,1320.51875,1051.5875,2.772171084070802,0,169,60,0.08837608682267005,0.8450704225352113,0.15492957746478872,,0.0,0.8450704225352113,,165.84038382536636,,,1408.300726153679,1693.547825027348,165.84038382536636,,,151.28018768643614
1206,raspberrypi,228.0,2023-09-02,13:10:01,Whole,1551.313730895571,1.0,9.246506776747289,72.13662133882062,2524.25,2472.8630952380954,4.353905648166512,0,73,21,6677.173055531811,0.0,0.7323943661971831,,0.11267605633802817,0.0,,1703.2442599218061,,,344.4774713501506,1049.907674150732,1703.2442599218061,,,1766.5787489000988
1207,raspberrypi,236.0,2023-09-02,13:10:01,Whole,786.7467088773561,0.0,6.886882052185886,,1347.600352112676,514.487676056338,2.769973063790868,0,180,71,0.19865891436005184,0.0,1.0,,0.0,0.0,,626.3804395430604,,,1884.359323152991,1922.6199064602943,626.3804395430604,,,555.9666919981764
1208,raspberrypi,237.0,2023-09-02,13:10:01,Whole,972.2719075915556,1.0,7.45139197766454,42.49845829958713,1587.9875,238.475,1.5901400671039083,0,69,20,1008.39952926382,0.0,0.7464788732394366,,0.0,0.0,,994.9266868419073,,,2090.8806936235246,1945.285994643274,994.9266868419073,,,869.1896485992386
1209,raspberrypi,414.0,2023-09-02,13:10:01,Whole,1964.0006412064702,,10.449488690149591,,757.25,2816.25,7.5744501883571,0,4,1,,0.0,1.0,,0.0,0.0,,1365.9258855552346,,,1193.7329898898809,2026.967835937703,1365.9258855552346,,,1237.0853568425891
1210,raspberrypi,944.0,2023-09-02,13:10:01,Whole,556.4896629804076,,6.54993811668998,,2138.0,709.25,4.204148886225282,0,4,1,,0.0,1.0,,0.0,0.0,,1021.4390930646445,,,1549.7815925242594,1371.1143701652209,1021.4390930646445,,,1005.4469952346958
1211,raspberrypi,190.0,2023-09-01,17:45:01,Whole,1246.6909845661032,,9.685585506103347,,1196.25,1074.25,8.560419248518569,0,2,1,,0.01282051282051282,0.9871794871794872,,0.0,0.01282051282051282,,71.69204225383461,,,1453.1083833741984,1771.949000326105,71.69204225383461,,,28.444155025004562
1212,raspberrypi,224.0,2023-09-01,17:45:01,Whole,1012.8505563791298,1.0,6.567637555242796,7.032961503626948,1295.3343023255813,1321.860465116279,7.21481836123636,0,82,43,15.690285935592469,0.5512820512820513,0.44871794871794873,,0.0,0.5512820512820513,,72.52989434097925,,,1192.8034353943294,1618.6435483149041,72.52989434097925,,,0.0
1213,raspberrypi,228.0,2023-09-01,17:45:01,Whole,1302.4809555456295,1.0,6.777291080990252,75.66883627730677,2398.16,652.95,8.404402851157247,0,47,25,1452.145609906468,0.0,0.6923076923076923,,0.0,0.0,,1305.033448058577,,,1633.6374392601667,1312.9241693811766,1305.033448058577,,,1249.7048904122062
1214,raspberrypi,236.0,2023-09-01,17:45:01,Whole,1555.2340064193386,,7.613078273877425,,1039.75,793.5,1.0842288944592866,0,3,1,,0.0,1.0,,0.0,0.0,,297.5804079383989,,,1773.8624260425258,1997.4652141028196,297.5804079383989,,,200.9022960245188
1215,raspberrypi,237.0,2023-09-01,17:45:01,Whole,560.7835968123501,0.3246753246753247,6.90766702712863,2.9696689409744867,2083.826923076923,2478.6201923076924,5.024460315737819,0,120,78,1.1153684135306647,0.0,0.0,,1.0,0.0,,1366.8068379505453,,,0.0,979.8797538550223,1366.8068379505453,,,1217.2487433159179
1216,raspberrypi,239.0,2023-09-01,17:45:01,Whole,820.3469049242473,0.9767441860465116,7.557191478932746,42.966537216983774,2846.1444444444446,2264.6444444444446,4.358352215588085,0,82,45,2023.8610047769291,0.0,0.44871794871794873,,0.01282051282051282,0.0,,1834.313895395499,,,578.4626899723706,1038.3582655730072,1834.313895395499,,,1681.4320850340634
1217,raspberrypi,441.0,2023-09-01,17:45:01,Whole,455.48627030657406,,4.342489722897032,,1846.25,1549.75,3.004330452762142,0,4,1,,0.0,1.0,,0.0,0.0,,626.0249639847596,,,743.3427620664843,1213.7198788412102,626.0249639847596,,,512.7424356197424
1218,raspberrypi,887.0,2023-09-01,17:45:01,Whole,1430.8598000414513,,7.149414449204604,,1014.75,1002.0,1.0842288944592866,0,3,1,,0.01282051282051282,0.9871794871794872,,0.0,0.01282051282051282,,97.38442049987474,,,1616.3931429452741,1931.227485828838,97.38442049987474,,,0.0
1219,raspberrypi,930.0,2023-09-01,17:45:01,Whole,454.2923912174806,,5.159507116745604,,1847.25,1550.5,3.1248962274675196,0,3,1,,0.0,1.0,,0.0,0.0,,627.20048491908,,,742.3520078233282,1213.025733365503,627.20048491908,,,513.8714151745688
1220,raspberrypi,987.0,2023-09-01,17:45:01,Whole,981.9156378949908,,5.696819765785364,,2626.25,2756.0,2.6444212523043955,0,6,2,,0.0,1.0,,0.0,0.0,,1942.307098068799,,,412.53790956994095,1100.211012494679,1942.307098068799,,,1797.3542425587102
1221,raspberrypi,37.0,2023-09-01,20:55:01,Whole,1607.9307911654805,0.0,7.903550387038401,,2982.5208333333335,2724.9375,4.476219784204105,0,34,6,0.0,0.0,1.0,,0.0,0.0,,2195.0902189370795,,,729.117438869463,1226.431533921581,2195.0902189370795,,,2056.249386895186
1222,raspberrypi,110.0,2023-09-01,20:55:01,Whole,1083.4500464250966,,6.007207022322047,,1320.75,631.25,3.2914727950004923,0,5,1,,0.0,1.0,,0.0,0.0,,508.6763496624938,,,1786.3032291645525,1879.358991688383,508.6763496624938,,,442.64089456472607
1223,raspberrypi,220.0,2023-09-01,20:55:01,Whole,371.7756255251699,0.16455696202531644,5.122822117481722,9.755434826042368,1777.0125,1926.865625,2.7750744667384746,0,334,80,26.024103244713114,0.0,0.8375,,0.0,0.0,,757.6254506499001,,,423.49744051145007,1174.373330649039,757.6254506499001,,,620.3777707280669
1224,raspberrypi,226.0,2023-09-01,20:55:01,Whole,504.49508345126543,0.0379746835443038,5.26901697989194,15.230648079859884,1790.0,1068.4,1.8470319122406849,0,334,80,17.253352863243446,0.0,0.9625,,0.0,0.0,,563.8439632891245,,,1224.1122418387038,1393.0403979720245,563.8439632891245,,,520.4093726981041
1225,raspberrypi,227.0,2023-09-01,20:55:01,Whole,774.421512285115,0.8108108108108109,5.811682845280389,101.22088063803977,1997.85,2081.4383333333335,2.683179578443806,1,319,75,11119.11821400894,0.0,0.0625,,0.6125,0.0,,1137.36339473316,,,312.9906656438363,1091.7640507532124,1137.36339473316,,,1107.4657411954029
1226,raspberrypi,233.0,2023-09-01,20:55:01,Whole,527.7491150057864,0.10126582278481013,5.2561847448094365,12.091627186853927,2135.665625,1113.084375,1.8470319122406849,1,334,80,19.14658263956378,0.0,0.9,,0.0,0.0,,887.7224849510255,,,1146.0472766272865,1201.1141493691323,887.7224849510255,,,829.7136615539237
1227,raspberrypi,237.0,2023-09-01,20:55:01,Whole,477.65345420275514,0.02531645569620253,5.604460106605533,14.045288730778674,1389.3921875,1557.99375,2.77820389386421,0,334,80,6.234905574710531,1.0,0.0,,0.0,1.0,,224.32133806196828,,,947.2020848660974,1488.8823854160175,224.32133806196828,,,81.77905943326763
1228,raspberrypi,392.0,2023-09-01,20:55:01,Whole,1210.4170530115941,0.0,6.469909724191449,,3041.34375,1860.0416666666667,5.537348505017671,0,64,12,0.00010850694444444449,0.0,1.0,,0.0,0.0,,1856.268029651078,,,918.9137844047951,1020.0083455180836,1856.268029651078,,,1746.7504207239926
1229,raspberrypi,220.0,2023-09-01,18:00:01,Whole,684.4439485497668,1.0,4.010642870893764,2.9780533327817627,1217.875,1339.625,2.797328640576282,1,32,12,2.5951610794076125e-26,0.15,0.85,,0.0,0.15,,45.315660162964484,,,1224.863896687629,1668.615507845947,45.315660162964484,,,0.0
1230,raspberrypi,226.0,2023-09-01,18:00:01,Whole,1213.8459840920048,0.01694915254237288,6.9487958591643295,4.430011286667337,849.7684426229508,958.5327868852459,5.019150690038785,0,192,61,0.4545912698345643,0.7625,0.2375,,0.0,0.7625,,197.66356152267957,,,1752.8054015633097,2072.417077891543,197.66356152267957,,,94.5188005364154
1231,raspberrypi,232.0,2023-09-01,18:00:01,Whole,933.0244748572682,0.0,6.165215995390084,,1418.0625,2756.6875,3.4773364774464093,0,32,8,0.002814352831930172,0.0,1.0,,0.0,0.0,,1313.1580838923367,,,549.138881121217,1439.5785242179277,1313.1580838923367,,,1161.5366801864352
1232,raspberrypi,236.0,2023-09-01,18:00:01,Whole,583.1942401194856,0.3116883116883117,5.59756279647123,5.440605894266461,1962.7371794871794,2359.0673076923076,1.2417954538023406,23,222,78,12.8139006328577,0.0,0.025,,0.975,0.0,,1197.3991686060804,,,0.6042644728450156,1030.9007639192016,1197.3991686060804,,,1048.6339634581313
1233,raspberrypi,237.0,2023-09-01,18:00:01,Whole,825.0507565057338,0.7857142857142857,6.625960808218437,21.875008186885083,2199.9982394366198,2484.492957746479,1.1809590098724674,23,207,71,361.9256886087568,0.0,0.1125,,0.8625,0.0,,1449.3925146615347,,,28.007217170131273,973.6993931153008,1449.3925146615347,,,1249.5108233662856
1234,raspberrypi,239.0,2023-09-01,18:00:01,Whole,398.9612628014243,0.06779661016949153,5.527988994806866,5.588428474104168,1682.925,1458.5666666666666,4.8703722322269645,0,183,60,2.05142112913187,0.0,0.95,,0.0,0.0,,445.2338413771314,,,883.2603894393546,1327.156922985379,445.2338413771314,,,337.6154336786416
1235,raspberrypi,250.0,2023-09-01,18:00:01,Whole,852.2664329262444,,5.215741773189829,,1316.5,1079.75,2.48324173781212,0,2,1,,0.0125,0.9875,,0.0,0.0125,,146.19763350339554,,,1385.7155031634825,1685.670612978235,146.19763350339554,,,138.4650331167713
1236,raspberrypi,441.0,2023-09-01,18:00:01,Whole,625.0961077400344,1.0,5.32417700147775,56.930330229149384,1214.875,2289.75,3.8904103973668716,0,8,2,,0.0,0.9875,,0.0,0.0,,816.6096478040733,,,703.6761297384692,1534.5720388875202,816.6096478040733,,,667.8136659993661
1237,raspberrypi,470.0,2023-09-01,18:00:01,Whole,850.895205513931,,7.802244119339741,,1323.25,1078.25,7.421233658981477,0,2,1,,0.0125,0.9875,,0.0,0.0125,,152.02177293833904,,,1383.695031077729,1681.598392627815,152.02177293833904,,,145.364642282495
1238,raspberrypi,657.0,2023-09-01,18:00:01,Whole,1049.8652411319686,,6.793222574650803,,1507.75,819.25,3.0438817370110223,0,3,1,,0.0,1.0,,0.0,0.0,,452.174349590189,,,1542.778158924599,1668.0343579149294,452.174349590189,,,428.1487708751399
1239,raspberrypi,930.0,2023-09-01,18:00:01,Whole,1315.9624455673666,,7.090276967936072,,2626.25,2756.75,3.0376344625843874,0,4,1,,0.0,1.0,,0.0,0.0,,1942.820986620936,,,412.9090497749832,1100.5206816664006,1942.820986620936,,,1797.855734608605
1240,raspberrypi,988.0,2023-09-01,18:00:01,Whole,735.3961451506214,1.0,4.261777227869244,5.022156879848362,1199.9166666666667,1288.6666666666667,2.4586361232017486,1,33,9,4.470096986557061,0.1125,0.8875,,0.0,0.1125,,23.5836194502033,,,1276.272468414198,1697.0625520894882,23.5836194502033,,,0.0
1241,raspberrypi,38.0,2023-09-02,10:45:01,Whole,1181.5319972081331,,5.608445181401931,,1275.25,2525.75,3.1184341244161122,0,5,1,,0.0,1.0,,0.0,0.0,,1058.807557583149,,,630.8101911674544,1506.0426725975715,1058.807557583149,,,909.2253606659067
1242,raspberrypi,221.0,2023-09-02,10:45:01,Whole,255.3521757815223,0.0,3.759737261291383,,1612.5974025974026,1661.1948051948052,1.8697557739197348,0,330,77,0.18514767102353863,0.0,1.0,,0.0,0.0,,463.9681852495223,,,734.4074378524708,1319.2709208550502,463.9681852495223,,,328.2681014325208
1243,raspberrypi,224.0,2023-09-02,10:45:01,Whole,556.1425647953381,0.04,4.386112226807176,4.749854982339839,1429.3026315789473,912.6365131578947,2.3805750801734247,0,327,76,1.1332482070649375,0.0,0.961038961038961,,0.0,0.0,,333.2060641928589,,,1484.9287164780487,1677.0009855019116,333.2060641928589,,,308.3665682737899
1244,raspberrypi,225.0,2023-09-02,10:45:01,Whole,863.5162525864799,0.0,5.75382486753983,,1896.698051948052,2246.7305194805194,3.1815774739829648,0,330,77,0.21119448826579407,0.0,0.0,,1.0,0.0,,1069.0591320170627,,,93.80936679921922,1071.244189613473,1069.0591320170627,,,919.8289886348402
1245,raspberrypi,227.0,2023-09-02,10:45:01,Whole,547.7270273720875,,4.046025848674567,,1166.0,1203.75,2.0481286004746413,0,6,1,,0.012987012987012988,0.987012987012987,,0.0,0.012987012987012988,,0.0,,,1364.2438275651728,1748.5920071927894,0.0,,,0.0
1246,raspberrypi,228.0,2023-09-02,10:45:01,Whole,598.4109116172095,0.0,4.09858397043047,,1369.779255319149,1929.2579787234042,1.8670483667847524,0,222,47,0.07494876127962669,0.0,1.0,,0.0,0.0,,511.0691161327535,,,702.5000508567775,1433.7048964758553,511.0691161327535,,,356.856122278272
1247,raspberrypi,234.0,2023-09-02,10:45:01,Whole,866.2203173092248,0.0,5.588113426939276,,1816.6607142857142,558.8086734693877,2.5027841492242735,0,231,49,0.031035111251522484,0.0,1.0,,0.0,0.0,,850.3697809750538,,,1720.6091559287036,1618.1788812070704,850.3697809750538,,,831.2466366499386
1248,raspberrypi,237.0,2023-09-02,10:45:01,Whole,421.8116992653833,0.0,4.697930697576637,,1870.405844155844,1040.547077922078,2.3806662405925705,0,330,77,0.1476989515201422,0.0,1.0,,0.0,0.0,,647.7380816620919,,,1236.3140087101565,1359.4604309853726,647.7380816620919,,,606.3195625352216
1249,raspberrypi,445.0,2023-09-02,10:45:01,Whole,796.7284154670493,,5.285839971014074,,878.5,1343.75,3.6035095840077522,0,5,1,,0.012987012987012988,0.987012987012987,,0.0,0.012987012987012988,,40.92202200757124,,,1454.082261807331,1925.9236259001536,40.92202200757124,,,32.12857267756874
1250,raspberrypi,987.0,2023-09-02,10:45:01,Whole,667.7597763212351,,4.540548280874371,,1014.5,1528.25,2.766898731922821,0,6,1,,0.012987012987012988,0.987012987012987,,0.0,0.012987012987012988,,93.24548431436479,,,1230.0236824855574,1773.2053769563918,93.24548431436479,,,0.0
1251,raspberrypi,17.0,2023-09-02,06:00:01,Whole,1312.1616491543875,0.0,7.571875949808066,,2944.5535714285716,980.7678571428571,5.447358839134938,0,21,7,0.013541666666666662,0.0,0.9113924050632911,,0.0,0.0,,1704.0035042783343,,,1503.4819103693112,975.1770267235652,1704.0035042783343,,,1645.0357937330216
1252,raspberrypi,37.0,2023-09-02,06:00:01,Whole,366.57815925590523,,2.9691364682302885,,1360.25,1417.5,1.2610637913297063,0,3,1,,0.012658227848101266,0.9873417721518988,,0.0,0.012658227848101266,,131.65688431053798,,,1077.075282185907,1545.4386829957446,131.65688431053798,,,12.549848524972134
1253,raspberrypi,220.0,2023-09-02,06:00:01,Whole,269.1846026782259,1.0,4.903491389923937,29.90153108055844,1434.549107142857,1245.84375,1.1878218797716782,12,89,28,334.43604326660034,0.24050632911392406,0.6582278481012658,,0.0,0.24050632911392406,,222.46892157508128,,,1185.1233694454193,1551.6577849544478,222.46892157508128,,,131.12540285838674
1254,raspberrypi,221.0,2023-09-02,06:00:01,Whole,771.6383291314553,0.2564102564102564,6.546690619137059,7.132299969568723,1159.753164556962,598.1851265822785,4.76481848245876,0,212,79,26.405417982701525,0.0,0.7468354430379747,,0.0,0.0,,499.2049096920458,,,1884.7869777001854,2004.4851904640389,499.2049096920458,,,445.45431457911855
1255,raspberrypi,236.0,2023-09-02,06:00:01,Whole,372.0245005007696,0.0,4.621834021179667,,1969.0696202531647,1382.9746835443038,2.272320171962378,0,212,79,0.061708959490311535,0.0,1.0,,0.0,0.0,,711.8329160657881,,,883.3950664551355,1195.9536248827442,711.8329160657881,,,621.1868182399552
1256,raspberrypi,237.0,2023-09-02,06:00:01,Whole,806.3314598427296,,6.292329966920838,,859.25,1032.5,2.9309522186065844,0,4,1,,0.012658227848101266,0.9873417721518988,,0.0,0.012658227848101266,,134.1855329473579,,,1690.373997868608,2038.110458132153,134.1855329473579,,,33.46343633297266
1257,raspberrypi,258.0,2023-09-02,06:00:01,Whole,301.8475001256207,0.14102564102564102,4.4937791243259415,5.607688459121683,1546.2974683544303,1475.4382911392406,2.2713220250650323,13,212,79,5.686657643297066,0.0,0.8607594936708861,,0.0,0.0,,321.3834936247814,,,928.244329481856,1406.0483607708575,321.3834936247814,,,196.17044270542343
1258,raspberrypi,392.0,2023-09-02,06:00:01,Whole,1542.9741419680504,0.0,9.818696517382218,,3040.4615384615386,1860.3653846153845,6.055720805435077,0,44,13,0.03828943550694589,0.0,1.0,,0.0,0.0,,1855.511453359385,,,917.9948574043622,1019.8155590404494,1855.511453359385,,,1745.9538570101104
1259,raspberrypi,525.0,2023-09-02,06:00:01,Whole,456.5074959729909,,2.873151484624382,,1532.0,1633.5,0.8243160425592017,1,4,1,,0.0,1.0,,0.0,0.0,,382.41409995538925,,,801.6085447323753,1376.099480270838,382.41409995538925,,,244.21248157017843
1260,raspberrypi,928.0,2023-09-02,06:00:01,Whole,1791.1256859152877,,9.861274458035467,,3309.0,1866.5,7.35522702799001,0,4,1,,0.0,1.0,,0.0,0.0,,2115.9051369509953,,,1150.10896224151,1115.0182265578615,2115.9051369509953,,,2009.3479208421938
1261,raspberrypi,964.0,2023-09-02,06:00:01,Whole,797.404081465139,,6.253433190632227,,866.0,1044.5,2.9489936912177765,0,4,1,,0.012658227848101266,0.9873417721518988,,0.0,0.012658227848101266,,120.90251579742997,,,1676.8950049175542,2028.6452825404979,120.90251579742997,,,20.580191344760266
1262,raspberrypi,987.0,2023-09-02,06:00:01,Whole,834.7214061220025,,5.250511323216663,,2458.5,986.5,3.252470513530764,0,3,1,,0.0,1.0,,0.0,0.0,,1226.738204233557,,,1315.6033929781056,1111.8181715343587,1226.738204233557,,,1174.30629761347
1263,raspberrypi,108.0,2023-09-02,11:05:01,Whole,778.1528165938569,,6.156179426312969,,2397.5,993.75,4.700019333899524,0,3,1,,0.0,1.0,,0.0,0.0,,1165.8595991400489,,,1295.1380230328632,1132.4573358125856,1165.8595991400489,,,1113.9769614198176
1264,raspberrypi,224.0,2023-09-02,11:05:01,Whole,690.5097787312959,0.17105263157894737,6.293269922887519,3.4209375754067115,2193.4902597402597,2446.2175324675327,3.4773159027148655,0,217,77,1.6344835674502405,0.0,0.0,,1.0,0.0,,1416.6560500402582,,,0.0,964.1350934447416,1416.6560500402582,,,1270.4081747742607
1265,raspberrypi,225.0,2023-09-02,11:05:01,Whole,872.9464439293118,0.6909090909090909,5.443368290392956,14.402628227363074,2473.4495614035086,909.0175438596491,6.176432240239962,1,171,57,114.73170142523317,0.0,0.5064935064935064,,0.0,0.0,,1260.337657949724,,,1394.7771941529147,1134.9718923371277,1260.337657949724,,,1254.1152281330294
1266,raspberrypi,227.0,2023-09-02,11:05:01,Whole,612.3488131381972,1.0,5.125064008680315,85.81227120352528,1860.8863636363637,1742.6732954545455,2.4996333325764373,0,145,44,2879.0818377392734,0.05194805194805195,0.44155844155844154,,0.15584415584415584,0.05194805194805195,,756.2234158915285,,,595.3241754964068,1200.3793493085016,756.2234158915285,,,606.5389105810527
1267,raspberrypi,228.0,2023-09-02,11:05:01,Whole,587.0262973244347,0.0,5.951081616630163,,2789.228896103896,2130.0438311688313,3.4790307897967248,0,217,77,0.10911869294257677,0.0,1.0,,0.0,0.0,,1717.78706082351,,,567.4974334403591,997.0633035384133,1717.78706082351,,,1593.0597998115675
1268,raspberrypi,230.0,2023-09-02,11:05:01,Whole,1301.393502563289,1.0,6.449729779240856,167.6936706389795,2431.7053571428573,762.1160714285714,3.00830086783757,1,65,14,8750.158818721344,0.012987012987012988,0.8441558441558441,,0.0,0.012987012987012988,,1440.9542073032678,,,1696.1811227590697,1328.8896995007312,1440.9542073032678,,,1499.4316861538025
1269,raspberrypi,236.0,2023-09-02,11:05:01,Whole,1120.2413495082046,1.0,7.467985237853428,36.325487695732,1265.84375,1410.6875,6.622456295297463,0,12,4,54.922790500834694,0.05194805194805195,0.948051948051948,,0.0,0.05194805194805195,,87.80187706500702,,,1139.738146403965,1614.0623673824389,87.80187706500702,,,0.0
1270,raspberrypi,258.0,2023-09-02,11:05:01,Whole,936.2216156850131,0.0,5.381814138031471,,1754.0263157894738,1027.9605263157894,2.8189441242567845,0,80,19,0.00685948103138642,0.0,1.0,,0.0,0.0,,543.2026513360363,,,1271.6254297908592,1429.2697178893818,543.2026513360363,,,509.87782505104394
1271,raspberrypi,441.0,2023-09-02,11:05:01,Whole,616.4978857488616,,4.43293358415547,,2660.0,2287.25,1.0524355543442239,0,4,1,,0.0,1.0,,0.0,0.0,,1681.183352951647,,,390.299048695119,991.636341915106,1681.183352951647,,,1547.944289696658
1272,raspberrypi,220.0,2023-09-02,12:05:01,Whole,1309.7484009054149,0.0,7.6911556473120095,,3305.869318181818,1765.8267045454545,6.7112299873889665,0,178,44,0.022263271560864134,0.0,1.0,,0.0,0.0,,2089.8147209718045,,,1194.2976713753944,1095.2016853120977,2089.8147209718045,,,1987.544159675054
1273,raspberrypi,221.0,2023-09-02,12:05:01,Whole,1120.8350285483946,0.0,7.473918713212796,,2248.7668918918916,2558.1537162162163,6.835446267293789,0,267,74,0.1705786422741918,0.0,0.013333333333333334,,0.9866666666666667,0.0,,1535.8571596205816,,,0.0,961.3701405280974,1535.8571596205816,,,1388.335639377492
1274,raspberrypi,228.0,2023-09-02,12:05:01,Whole,398.3273681212329,0.013513513513513514,6.415207339015101,2.4748737341529163,2193.338333333333,1093.8266666666666,3.952370094952822,0,268,75,0.23192285746710478,0.0,0.9866666666666667,,0.0,0.0,,947.2040949677332,,,1168.0622818014667,1181.9803054915333,947.2040949677332,,,889.5321143833924
1275,raspberrypi,230.0,2023-09-02,12:05:01,Whole,544.9629853560313,0.5492957746478874,6.651097096780683,6.250520200442766,1490.2447916666667,1407.095486111111,3.9518793276342077,0,262,72,31.818011671118796,0.96,0.04,,0.0,0.96,,249.47333158500652,,,1015.3664835603781,1461.0615972883827,249.47333158500652,,,149.5771951121568
1276,raspberrypi,236.0,2023-09-02,12:05:01,Whole,748.4217864365596,,5.730014205525723,,1286.0,1408.0,1.0553334311260438,0,5,1,,0.013333333333333334,0.9866666666666667,,0.0,0.013333333333333334,,93.45792946868345,,,1129.025951244297,1600.1664565422534,93.45792946868345,,,0.0
1277,raspberrypi,237.0,2023-09-02,12:05:01,Whole,1068.7850887573002,0.0,8.789213649393966,,1414.1183333333333,586.7733333333333,4.266167946261358,0,268,75,0.11519257629165283,0.0,1.0,,0.0,0.0,,587.1142351366101,,,1793.2588572474851,1841.74707868024,587.1142351366101,,,529.9253381688828
1278,raspberrypi,258.0,2023-09-02,12:05:01,Whole,1729.6421191338095,,9.18380057471789,,2806.5,3005.25,3.687839770283901,0,5,1,,0.0,1.0,,0.0,0.0,,2245.067916940924,,,701.7688800687295,1297.5726852103626,2245.067916940924,,,2099.00304878233
1279,raspberrypi,441.0,2023-09-02,12:05:01,Whole,1376.382162940053,,7.573245594061312,,3409.0,1441.0,1.758660009058776,0,5,1,,0.0,1.0,,0.0,0.0,,2147.5488298592436,,,1460.9595038595592,1091.0784023539545,2147.5488298592436,,,2061.215119800008
1280,raspberrypi,220.0,2023-09-02,14:40:01,Whole,902.8421023272736,1.0,6.294386406673023,87.10573430030739,2360.068181818182,1093.465909090909,2.7168275261909325,2,86,22,1700.2899231623703,0.0,0.704225352112676,,0.028169014084507043,0.0,,1206.513504104037,,,1266.8709934877209,1170.2819440424928,1206.513504104037,,,1261.302533356667
1281,raspberrypi,221.0,2023-09-02,14:40:01,Whole,641.2060205265545,0.02564102564102564,6.166790381922406,3.25,2245.034375,2007.6125,3.1047592089833227,0,189,40,0.25392624426685745,0.0,0.9859154929577465,,0.0,0.0,,1181.6653201643962,,,274.41881520648747,987.0274389615269,1181.6653201643962,,,1049.8257643099264
1282,raspberrypi,224.0,2023-09-02,14:40:01,Whole,1407.2674948928336,0.030303030303030304,8.680602052295498,2.4066780206653733,1100.2873134328358,313.9813432835821,7.4033192972667985,1,284,67,0.31346901492269036,0.0,0.971830985915493,,0.0,0.0,,775.923816094816,,,2165.9344184874794,2195.644788538136,775.923816094816,,,683.9258941334947
1283,raspberrypi,225.0,2023-09-02,14:40:01,Whole,813.274855515924,0.532258064516129,6.798742983905076,8.78915025215245,1192.813492063492,2009.436507936508,4.875860658871517,1,273,63,43.466276717655376,0.0,0.5352112676056338,,0.0,0.0,,536.7020983741888,,,813.5341548678886,1559.3697401507688,536.7020983741888,,,386.6425901763346
1284,raspberrypi,226.0,2023-09-02,14:40:01,Whole,610.3147117148584,1.0,5.842596749161267,38.95498690537596,2158.1290322580644,1198.6895161290322,3.0256407156335348,1,128,31,2279.4988941558104,0.0,0.5915492957746479,,0.0,0.0,,932.8901274240916,,,1118.1748698565498,1215.7520764624796,932.8901274240916,,,710.3088121490347
1285,raspberrypi,228.0,2023-09-02,14:40:01,Whole,1062.8275038024567,1.0,7.553390238791494,206.61968994852643,2254.415492957746,2172.2253521126763,3.376230370892947,2,293,71,12712.660678723223,0.04225352112676056,0.0,,0.28169014084507044,0.04225352112676056,,1414.8326341253996,,,542.6282380345026,1134.9729991833258,1414.8326341253996,,,1374.0081049560742
1286,raspberrypi,236.0,2023-09-02,14:40:01,Whole,1170.3069224691133,0.6086956521739131,8.736679571584833,117.75387013895453,2631.8297872340427,970.8005319148937,6.9558203506511,1,213,47,16127.783548513844,0.056338028169014086,0.352112676056338,,0.0,0.056338028169014086,,1455.6650198672155,,,1530.1301901034024,1133.9582668351666,1455.6650198672155,,,1757.073230080216
1287,raspberrypi,237.0,2023-09-02,14:40:01,Whole,1502.387568674487,1.0,7.733503883315653,24.080722239771703,1193.0625,2870.3375,4.10524754424737,1,100,20,162.4286580634256,0.0,0.7323943661971831,,0.0,0.0,,1391.7242088256817,,,802.1137082042096,1669.5941026815626,1391.7242088256817,,,1244.8406114321479
1288,raspberrypi,238.0,2023-09-02,14:40:01,Whole,1168.2618967360065,,6.075832577236832,,695.25,1265.25,3.937376183176959,0,4,1,,0.014084507042253521,0.9859154929577465,,0.0,0.014084507042253521,,195.88820563631248,,,1643.6026378569713,2095.1305220007216,195.88820563631248,,,161.81884110448416
1289,raspberrypi,261.0,2023-09-02,14:40:01,Whole,1245.8587852558885,,7.102574153874137,,1735.25,2754.75,2.9427088851929324,0,6,1,,0.0,0.9859154929577465,,0.0,0.0,,1413.7835256658896,,,275.99385972368805,1181.899008844158,1413.7835256658896,,,1259.4665989136606
1290,raspberrypi,474.0,2023-09-02,14:40:01,Whole,1406.2551392423181,,8.28142016523324,,1099.75,315.5,0.009109897763627516,1,6,1,,0.0,1.0,,0.0,0.0,,774.3886700523531,,,2164.785353299795,2195.1455102958016,774.3886700523531,,,682.2324301900081
1291,raspberrypi,80.0,2023-09-02,14:30:01,Whole,1825.8215579192836,,10.015929843069795,,2995.5,259.25,3.3496470148690496,0,7,1,,0.0,1.0,,0.0,0.0,,1986.732148679185,,,2175.5719322081395,1398.2773123776183,1986.732148679185,,,1970.065303641136
1292,raspberrypi,185.0,2023-09-02,14:30:01,Whole,1175.1754476713254,,7.370887306362018,,1900.0,2817.0,3.3556373958476717,0,4,1,,0.0,0.9857142857142858,,0.0,0.0,,1542.850991487249,,,218.11951055592465,1117.460136802068,1542.850991487249,,,1388.7959666127647
1293,raspberrypi,220.0,2023-09-02,14:30:01,Whole,1053.174764412723,,7.33177148102661,,2853.0,1770.25,4.165568071654185,0,6,1,,0.0,1.0,,0.0,0.0,,1650.9730383392628,,,822.8133978496703,972.896322863244,1650.9730383392628,,,1543.3007864539127
1294,raspberrypi,221.0,2023-09-02,14:30:01,Whole,445.64399080351933,0.43478260869565216,6.50631608541475,17.963000239137337,1834.3375,2077.4410714285714,4.776547281720974,0,324,70,289.9219901848482,0.0,0.04285714285714286,,0.6571428571428571,0.0,,904.171425613906,,,265.4307168486723,1125.611901725133,904.171425613906,,,844.7976808832848
1295,raspberrypi,224.0,2023-09-02,14:30:01,Whole,1466.8943785738056,0.14492753623188406,10.282844515961656,3.9417877837343758,791.0660714285714,587.5964285714285,8.191642279993404,0,324,70,2.676262983352595,0.0,0.8571428571428571,,0.0,0.0,,554.2411873307008,,,2083.327236340025,2273.194679987916,554.2411873307008,,,445.94855163107286
1296,raspberrypi,225.0,2023-09-02,14:30:01,Whole,754.9426245006969,0.028985507246376812,6.564227292669251,2.942462886413988,2363.0214285714287,1134.567857142857,3.955513549274475,0,324,70,0.3029146912518361,0.0,0.9714285714285714,,0.0,0.0,,1108.3566959210843,,,1150.2776025782102,1101.073693433288,1108.3566959210843,,,1043.9455340601808
1297,raspberrypi,226.0,2023-09-02,14:30:01,Whole,1184.4741746784584,1.0,7.266863317847297,104.05250843054073,2410.875,2523.432142857143,3.3576004592362096,0,150,35,8543.834457307938,0.0,0.5142857142857142,,0.02857142857142857,0.0,,1686.2288392103642,,,493.12889086814766,1128.7486326105377,1686.2288392103642,,,1735.2988913931604
1298,raspberrypi,228.0,2023-09-02,14:30:01,Whole,1202.9529641476588,0.5909090909090909,7.245404328257237,20.22634316814661,2706.358695652174,847.9673913043479,2.3133113752193046,0,123,23,691.8366252343568,0.0,0.8142857142857143,,0.0,0.0,,1500.2788279396273,,,1522.2208472257466,1075.1835205772431,1500.2788279396273,,,1451.4901920871018
1299,raspberrypi,234.0,2023-09-02,14:30:01,Whole,1265.2674670484403,,7.498738643821659,,1076.25,612.75,1.481455162129384,0,6,1,,0.0,1.0,,0.0,0.0,,477.3309891439027,,,1910.5406783005635,2054.805767326065,477.3309891439027,,,384.13174143162246
1300,raspberrypi,236.0,2023-09-02,14:30:01,Whole,1032.521495331077,1.0,7.667595154108708,154.45818953078725,1360.67,1291.16,3.4192826971451296,0,128,25,19767.717679468282,0.17142857142857143,0.6571428571428571,,0.0,0.17142857142857143,,553.9636334585784,,,1426.9713014507975,1699.461451522282,553.9636334585784,,,227.971630147495
1301,raspberrypi,237.0,2023-09-02,14:30:01,Whole,1012.8028971090138,1.0,7.75892111020685,45.90386383830095,2080.95,2616.975,4.149500693834342,0,107,20,811.0437400093971,0.0,0.7142857142857143,,0.2714285714285714,0.0,,1476.4783788357736,,,52.182650689296906,1008.3149113467099,1476.4783788357736,,,1308.4898674800386
1302,raspberrypi,238.0,2023-09-02,14:30:01,Whole,1237.4120784222462,0.1,9.663360887344323,8.68679479496877,839.7761627906976,2416.9738372093025,5.501465985942385,0,230,43,8.092860766417374,0.0,0.9428571428571428,,0.0,0.0,,958.9042022876247,,,1063.7194944548287,1865.5962661675844,958.9042022876247,,,830.4762806448184
1303,raspberrypi,258.0,2023-09-02,14:30:01,Whole,1249.6162102260487,0.22580645161290322,8.373640226366696,3.9377628367950073,2806.3598484848485,2396.003787878788,4.715209025438591,0,180,33,2.5335167862697734,0.0,0.9,,0.0,0.0,,1862.9003275924074,,,514.8017912258179,1048.812945428224,1862.9003275924074,,,1728.6131066759358
1304,raspberrypi,556.0,2023-09-02,14:30:01,Whole,1263.1665938875844,,8.17029842752359,,3055.5,1452.0,3.93025305231829,0,7,1,,0.0,1.0,,0.0,0.0,,1796.2796224778813,,,1190.1773452145471,978.818202377008,1796.2796224778813,,,1708.0114324661981
1305,raspberrypi,38.0,2023-09-02,13:05:01,Whole,1544.4959858585094,,8.002797295235835,,1276.25,2526.75,1.692920275013828,0,6,1,,0.0,1.0,,0.0,0.0,,1059.954227724677,,,629.9013899640631,1505.3624229520142,1059.954227724677,,,910.3490541314786
1306,raspberrypi,220.0,2023-09-02,13:05:01,Whole,686.4948368589125,0.0,6.115439720300783,,1711.7574626865671,821.6194029850745,2.7320864342385147,1,322,67,0.07132313774763296,0.0,1.0,,0.0,0.0,,603.1947673654455,,,1482.1394215937155,1542.912992567545,603.1947673654455,,,602.2565257578502
1307,raspberrypi,221.0,2023-09-02,13:05:01,Whole,981.7979425551199,1.0,8.814355341300992,57.54655441731166,2480.1390845070423,2024.943661971831,3.5671178037486233,0,327,71,5558.463795584693,0.0,0.014084507042253521,,0.08450704225352113,0.0,,1439.499047113512,,,592.1602352551863,1085.744542267802,1439.499047113512,,,1226.581154916585
1308,raspberrypi,224.0,2023-09-02,13:05:01,Whole,1303.8844098333564,0.6666666666666666,9.874383002306132,23.649579661820074,3436.3899253731342,860.9701492537314,6.103385725752157,0,322,67,604.4386065922499,0.0,0.056338028169014086,,0.0,0.0,,2208.819639076277,,,1888.465462987269,1114.3974568234576,2208.819639076277,,,2238.9250666478165
1309,raspberrypi,227.0,2023-09-02,13:05:01,Whole,1229.6625500941925,1.0,9.435357321966633,22.431716658887936,3245.1370967741937,635.0766129032259,1.9410171983425077,0,145,31,309.2564988067042,0.0,0.5633802816901409,,0.0,0.0,,2075.0646135143934,,,1955.1444948335022,1126.046450130489,2075.0646135143934,,,2028.110861055294
1310,raspberrypi,228.0,2023-09-02,13:05:01,Whole,1094.2926792921514,,8.138480914891053,,2667.0,301.75,5.138780137506335,0,5,1,,0.0,1.0,,0.0,0.0,,1681.1391747076045,,,2030.6586666990513,1420.4373782046546,1681.1391747076045,,,1672.5522978880542
1311,raspberrypi,234.0,2023-09-02,13:05:01,Whole,734.591325843878,0.14754098360655737,7.132916567296963,7.113822323673225,1855.3951612903224,1939.2258064516127,2.716359507946742,0,308,62,7.3936577229084675,0.0,0.8732394366197183,,0.0,0.0,,824.0837512598223,,,374.0502860294465,1131.92667351243,824.0837512598223,,,695.0741742042844
1312,raspberrypi,236.0,2023-09-02,13:05:01,Whole,1209.9151581231881,0.5932203389830508,7.227098898597362,5.684731143826813,1359.0958333333333,433.87708333333336,2.7249258301394756,0,299,60,15.847903395932914,0.0,0.5070422535211268,,0.0,0.0,,705.8631854199591,,,1955.789571786009,1959.589926233204,705.8631854199591,,,632.4160554474688
1313,raspberrypi,237.0,2023-09-02,13:05:01,Whole,1441.49358375792,1.0,9.576319934157704,45.20673522525662,1520.1964285714287,2526.1178571428572,3.4049558709024375,0,164,35,932.4900961637869,0.0,0.5211267605633803,,0.2112676056338028,0.0,,1178.8404503949237,,,404.2676204878084,1345.8237657053749,1178.8404503949237,,,1058.6098630940908
1314,raspberrypi,393.0,2023-09-02,13:05:01,Whole,1586.0273547729478,,9.400063519105737,,797.5,571.25,3.0525489288343644,0,6,1,,0.0,1.0,,0.0,0.0,,567.1243767181063,,,2093.0669712891186,2276.0714090523543,567.1243767181063,,,461.4191350264216
1315,raspberrypi,414.0,2023-09-02,13:05:01,Whole,1509.683992708186,,8.4165958538773,,1065.25,309.5,1.614455397536464,0,6,1,,0.0,1.0,,0.0,0.0,,779.7346846077793,,,2184.992933150746,2221.674079685029,779.7346846077793,,,685.564923094455
1316,raspberrypi,430.0,2023-09-02,13:05:01,Whole,512.5552949887343,,5.345911029404113,,1801.25,984.25,0.9518708524656121,1,6,1,,0.0,1.0,,0.0,0.0,,602.3732734227932,,,1304.080164156035,1420.14455198831,602.3732734227932,,,573.003977716916
1317,raspberrypi,17.0,2023-09-02,10:30:01,Whole,1799.1318424418162,,8.573524490055888,,3306.25,1327.25,7.968113565232471,0,2,1,,0.0,1.0,,0.0,0.0,,2040.3231533300054,,,1456.321985687571,1033.6762179617026,2040.3231533300054,,,1959.520325860535
1318,raspberrypi,224.0,2023-09-02,10:30:01,Whole,250.74906232546795,1.0,2.5465741170328013,37.799781406369924,1359.8375,1349.2625,1.4233143705292122,0,26,10,532.5397371678157,0.1282051282051282,0.8717948717948718,,0.0,0.1282051282051282,,136.34015309961904,,,1136.1080210891728,1566.7242296266127,136.34015309961904,,,70.24058171692332
1319,raspberrypi,225.0,2023-09-02,10:30:01,Whole,459.17846827684485,1.0,2.921785936338665,16.282779829618697,1060.9583333333333,1214.3854166666667,1.7947665917740994,0,35,12,66.87939447932169,0.15384615384615385,0.8461538461538461,,0.0,0.15384615384615385,,4.342043016713661,,,1421.6427098455515,1823.2782669189478,4.342043016713661,,,0.0
1320,raspberrypi,227.0,2023-09-02,10:30:01,Whole,226.81538978487117,0.9322033898305084,3.8532049598686022,10.396469895048325,1644.6458333333333,1329.0145833333333,1.6894385825176388,0,125,60,69.44436602023221,0.0,0.2948717948717949,,0.0,0.0,,395.1651878847053,,,1019.6961154230279,1388.8684640463139,395.1651878847053,,,328.2784808555638
1321,raspberrypi,234.0,2023-09-02,10:30:01,Whole,493.3258568222697,0.3333333333333333,3.7960490285029387,25.503593658700233,1538.25,669.8437499999999,2.4067113096328403,0,66,28,196.10250115851508,0.0,0.8846153846153846,,0.0,0.0,,585.1819789866165,,,1674.6884894362447,1721.9542935624122,585.1819789866165,,,572.9432320087174
1322,raspberrypi,236.0,2023-09-02,10:30:01,Whole,681.6515177716199,0.9523809523809523,3.898127657162231,8.162479822366672,1070.6931818181818,1678.3295454545455,3.947833524132553,0,63,22,71.81256569789551,0.28205128205128205,0.717948717948718,,0.0,0.28205128205128205,,200.83979679706155,,,1092.3376831877895,1699.008007623348,200.83979679706155,,,61.55193995577082
1323,raspberrypi,237.0,2023-09-02,10:30:01,Whole,316.601246968179,0.0,4.148966258752215,,1795.434294871795,1016.1009615384615,1.7716495393574938,0,153,78,0.1664634610694167,0.0,1.0,,0.0,0.0,,585.503182704778,,,1274.0628737012548,1410.4785595795488,585.503182704778,,,551.605383448062
1324,raspberrypi,445.0,2023-09-02,10:30:01,Whole,790.0817492659866,0.0,4.3244183008037265,,727.171052631579,1226.0657894736842,1.801241766809787,0,47,19,0.0011617701506077484,0.24358974358974358,0.7564102564102564,,0.0,0.24358974358974358,,167.70695506161084,,,1645.2707836566076,2080.2403456762327,167.70695506161084,,,122.14041283300341
1325,raspberrypi,987.0,2023-09-02,10:30:01,Whole,424.18991150511295,,3.3208920441423557,,1090.5,1160.0,2.671878210819594,0,3,1,,0.01282051282051282,0.9871794871794872,,0.0,0.01282051282051282,,12.13195418128565,,,1444.8107616745845,1818.6356036273082,12.13195418128565,,,0.0
1326,raspberrypi,37.0,2023-09-01,22:20:01,Whole,1716.5884871137341,,9.982789559443606,,2981.0,2724.625,6.709019030697653,0,12,2,,0.0,1.0,,0.0,0.0,,2193.6870661490375,,,727.5718044990498,1225.6353336101863,2193.6870661490375,,,2054.889668836188
1327,raspberrypi,220.0,2023-09-01,22:20:01,Whole,807.3716372309884,0.0,5.719755970699321,,1865.9446202531647,2057.4351265822784,2.0968569416789244,0,388,79,0.0566422456463825,0.0,1.0,,0.0,0.0,,910.458790107681,,,264.2716071633135,1109.0808976854996,910.458790107681,,,765.0308916683284
1328,raspberrypi,224.0,2023-09-01,22:20:01,Whole,557.3566999844422,0.0,5.3166056379850835,,1691.867088607595,1690.5585443037974,2.0968569416789244,0,388,79,0.08106281863174516,0.0,1.0,,0.0,0.0,,546.0404201282028,,,669.5332040349483,1265.6616447332324,546.0404201282028,,,412.11644381755457
1329,raspberrypi,226.0,2023-09-01,22:20:01,Whole,420.39669133379175,0.0,6.190702415823712,,1862.0046296296296,904.925925925926,1.586222603715363,0,288,54,0.022748015179639983,0.0,1.0,,0.0,0.0,,689.2074174382301,,,1371.598452006638,1420.1478653293611,689.2074174382301,,,667.1775677854368
1330,raspberrypi,229.0,2023-09-01,22:20:01,Whole,1478.6939930428475,0.0,9.276857935527998,,3367.420608108108,578.6976351351351,7.020886393531444,0,371,74,0.013600748962599538,0.0,0.06329113924050633,,0.0,0.0,,2207.941603230657,,,2068.8633827335593,1180.3913664190484,2207.941603230657,,,2166.4847586806627
1331,raspberrypi,230.0,2023-09-01,22:20:01,Whole,636.7674954110487,0.0,5.870567053114838,,1464.451923076923,1055.988782051282,2.1964046981804057,12,385,78,0.04678526043687934,0.0,1.0,,0.0,0.0,,275.4283803321175,,,1339.6307100219751,1595.7077743317436,275.4283803321175,,,263.373928930458
1332,raspberrypi,233.0,2023-09-01,22:20:01,Whole,189.75318779663598,0.0,5.1793159378662645,,2107.26582278481,1089.9588607594937,1.5875466787136399,0,388,79,0.10889015698790015,0.0,1.0,,0.0,0.0,,863.7927674295789,,,1168.6531589375077,1221.960380764053,863.7927674295789,,,808.273548305327
1333,raspberrypi,237.0,2023-09-01,22:20:01,Whole,623.7526479079261,0.0,5.180967622033564,,1442.1363636363637,1210.3863636363637,0.8058639597153763,11,67,11,0.0012400793650793652,0.13924050632911392,0.8607594936708861,,0.0,0.13924050632911392,,201.1163659537673,,,1210.748187325851,1554.2240888387028,201.1163659537673,,,148.76157208302376
1334,raspberrypi,366.0,2023-09-01,22:20:01,Whole,1275.6186397721663,,6.93975883726174,,2936.5,2203.625,3.7184721109405117,0,13,2,,0.0,1.0,,0.0,0.0,,1882.271296197955,,,679.1659320945611,1047.3506048925099,1882.271296197955,,,1757.0764978910997
1335,raspberrypi,392.0,2023-09-01,22:20:01,Whole,1139.6726244147721,0.0,6.436933259970367,,3040.375,1859.875,6.148421158779149,0,31,5,0.0,0.0,1.0,,0.0,0.0,,1855.2922392866328,,,918.1832001762621,1019.7229298613022,1855.2922392866328,,,1745.7942555998507
1336,raspberrypi,470.0,2023-09-01,22:20:01,Whole,1516.649520917606,,8.882027515127739,,3299.0,2152.75,7.415214255982334,0,6,1,,0.0,1.0,,0.0,0.0,,2194.0329941771233,,,1042.2792337356689,1174.9526234994842,2194.0329941771233,,,2076.25340906293
1337,raspberrypi,656.0,2023-09-01,22:20:01,Whole,624.1767027352952,,4.491162153644121,,1441.75,1210.0,0.8037553100244867,1,5,1,,0.012658227848101266,0.9873417721518988,,0.0,0.012658227848101266,,200.84115912631373,,,1211.2701486529759,1554.6111394229283,200.84115912631373,,,148.51016879352565
1338,raspberrypi,896.0,2023-09-01,22:20:01,Whole,933.7380005482867,,6.0059133596302745,,2467.0,2116.0,3.1177846988028883,0,5,1,,0.0,1.0,,0.0,0.0,,1427.4764754865703,,,304.62380523041963,960.4582060152558,1427.4764754865703,,,1296.1391001901288
1339,raspberrypi,987.0,2023-09-01,22:20:01,Whole,560.6200906157029,,4.555144283289802,,1619.25,931.25,1.0274915012804287,0,5,1,,0.0,1.0,,0.0,0.0,,467.2184123769159,,,1400.951636413592,1549.0664609484952,467.2184123769159,,,461.1228487361134
1340,raspberrypi,220.0,2023-09-02,15:25:01,Whole,880.3867626105151,0.0,4.804614075317588,,1221.5416666666667,1852.6354166666667,3.8838024313794404,0,28,12,1.5258230486570863e-26,0.0,1.0,,0.0,0.0,,388.5863738065451,,,867.8492137310805,1554.2755978574014,388.5863738065451,,,236.63840440287495
1341,raspberrypi,225.0,2023-09-02,15:25:01,Whole,461.3940834326102,0.0,6.056326289035662,,1973.4839285714286,1827.6553571428572,5.040271223496315,0,92,70,0.22600173155326134,0.0,1.0,,0.0,0.0,,856.8194651883925,,,443.27218124338935,1096.8873015317884,856.8194651883925,,,725.3812005615506
1342,raspberrypi,228.0,2023-09-02,15:25:01,Whole,1701.4765046641223,1.0,8.717574501505132,33.717808721801596,3557.125,2942.5,7.43359780746151,0,6,3,0.0,0.0,0.9714285714285714,,0.0,0.0,,2789.92904620783,,,1342.8179965172812,1625.3507119696524,2789.92904620783,,,2654.864530708675
1343,raspberrypi,236.0,2023-09-02,15:25:01,Whole,522.4535742110894,0.058823529411764705,5.928368295080645,2.2784449559632614,2125.8097826086955,2792.338768115942,5.040323845274521,0,91,69,0.29271152976562465,0.0,0.014285714285714285,,0.9857142857142858,0.0,,1640.8543571618413,,,143.8468065417669,1049.385126259428,1640.8543571618413,,,1488.4602972926045
1344,raspberrypi,258.0,2023-09-02,15:25:01,Whole,451.57781601520657,0.0,3.3982104922363763,,1535.642857142857,2318.5,3.3934548839878236,0,16,7,0.011601967458754648,0.0,1.0,,0.0,0.0,,934.0440658702223,,,383.4070426695629,1285.9870893321531,934.0440658702223,,,779.6787838488548
1345,raspberrypi,445.0,2023-09-02,15:25:01,Whole,1275.0647482693714,,6.732919165274517,,868.0,2901.5,5.709829752603906,0,3,1,,0.0,1.0,,0.0,0.0,,1431.5825071933186,,,1113.764650749168,1958.9637503770543,1431.5825071933186,,,1297.0707404114298
1346,raspberrypi,37.0,2023-09-02,00:20:01,Whole,1726.1793802734587,,9.15183605432069,,2981.625,2724.25,3.639616401890073,0,11,2,,0.0,1.0,,0.0,0.0,,2193.961475777164,,,728.0596336646947,1225.7416788948412,2193.961475777164,,,2055.18150498032
1347,raspberrypi,221.0,2023-09-02,00:20:01,Whole,231.91993497820803,0.0,4.91033415414888,,1836.74375,1136.65,1.4554241906339846,0,359,80,0.06375007934499981,0.0,1.0,,0.0,0.0,,591.9763813612809,,,1147.676679755824,1341.7472217341233,591.9763813612809,,,537.1194162145223
1348,raspberrypi,223.0,2023-09-02,00:20:01,Whole,573.056043864611,,3.5560502464125032,,1456.5,1612.0,1.5835039594826616,0,6,1,,0.0125,0.9875,,0.0,0.0125,,309.74009030237556,,,863.3706636262218,1430.5919858567127,309.74009030237556,,,168.33167697853676
1349,raspberrypi,224.0,2023-09-02,00:20:01,Whole,857.1776100527927,0.375,5.949078752519874,3.6763798876113327,1177.0036764705883,1687.875,4.386768053855725,0,183,34,3.062130984712629,0.425,0.575,,0.0,0.425,,218.24077830283358,,,1002.972677847451,1615.0394731988222,218.24077830283358,,,57.36903144179837
1350,raspberrypi,226.0,2023-09-02,00:20:01,Whole,674.4452452261863,1.0,4.8758957813276185,11.407575748425437,1283.4204545454545,1331.784090909091,2.1807391343048934,0,56,11,46.496450820261146,0.1375,0.8625,,0.0,0.1375,,70.54285884063617,,,1191.866637767395,1624.163584057448,70.54285884063617,,,0.0
1351,raspberrypi,228.0,2023-09-02,00:20:01,Whole,961.3049665833125,0.9873417721518988,6.329991045482353,96.93231515098421,2103.5078125,2003.3828125,5.082868674683778,0,359,80,11998.030378183113,0.0,0.0,,0.6,0.0,,1236.651320878475,,,410.65830017184896,1076.9567018101789,1236.651320878475,,,1148.2538359787068
1352,raspberrypi,233.0,2023-09-02,00:20:01,Whole,287.442167558456,0.012658227848101266,5.498731256002225,5.460082416960389,2115.2125,1093.896875,1.4553735342540566,0,359,80,0.38712229444401813,0.0,0.9875,,0.0,0.0,,870.8141913210409,,,1164.789941356935,1216.9108014784683,870.8141913210409,,,814.6164178812667
1353,raspberrypi,234.0,2023-09-02,00:20:01,Whole,541.0272383617935,1.0,4.291734951545918,41.039642357427695,1418.0,1303.5,2.2759215161195074,0,12,3,756.8080103488528,0.0375,0.9625,,0.0,0.0375,,168.86959613077076,,,1141.312039285938,1539.9925788699197,168.86959613077076,,,100.928074053801
1354,raspberrypi,236.0,2023-09-02,00:20:01,Whole,396.24419041899307,0.7777777777777778,4.51724812481256,10.728301543666165,1612.05,1527.4125,2.3176526090890017,0,60,10,51.90748621587255,0.0,0.9125,,0.0,0.0,,400.4828867334779,,,851.1207719568047,1351.451780540537,400.4828867334779,,,276.06205039443375
1355,raspberrypi,237.0,2023-09-02,00:20:01,Whole,713.3766516787304,0.0,6.4800006342484995,,1798.10917721519,639.1756329113924,2.5760541509676007,0,355,79,0.1141431890040718,0.0,1.0,,0.0,0.0,,782.7331830020946,,,1644.0918526496337,1584.5446528998855,782.7331830020946,,,769.5617195052715
1356,raspberrypi,258.0,2023-09-02,00:20:01,Whole,1622.8230281153442,1.0,9.684490520563868,181.36967786795296,2936.671875,1611.73046875,7.051141762029653,0,168,32,11411.891543180995,0.0,0.6125,,0.0125,0.0,,2065.4767960388563,,,1414.903106660604,1293.9514736314009,2065.4767960388563,,,2125.1091403992114
1357,raspberrypi,366.0,2023-09-02,00:20:01,Whole,1309.0856171207622,0.0,7.710460525708158,,2936.625,2203.75,6.182051982052636,0,52,12,7.519823751182407e-26,0.0,1.0,,0.0,0.0,,1882.4384102963168,,,679.249891812119,1047.4138984017363,1882.4384102963168,,,1757.2413365939424
1358,raspberrypi,392.0,2023-09-02,00:20:01,Whole,1203.8135654757452,,7.92110545192725,,3041.0,1859.75,6.0813353682048685,0,6,1,,0.0,1.0,,0.0,0.0,,1855.8572502439856,,,918.7785000128217,1019.8741298179411,1855.8572502439856,,,1746.3733360473495
1359,raspberrypi,429.0,2023-09-02,00:20:01,Whole,648.6546401134617,1.0,3.593185226443441,59.17275167521218,1415.25,1005.375,2.1528023809117776,0,37,8,2.4814408634632147e-26,0.0375,0.9125,,0.0,0.0375,,268.9622031296021,,,1409.664360102112,1650.784889039312,268.9622031296021,,,256.83442025552586
1360,raspberrypi,517.0,2023-09-02,00:20:01,Whole,1834.5289446613863,,9.06587391661523,,1199.75,3005.0,4.790217719396371,0,5,1,,0.0,1.0,,0.0,0.0,,1526.3003965825137,,,858.6134196504115,1720.5672589327667,1526.3003965825137,,,1380.2636005433822
1361,raspberrypi,628.0,2023-09-02,00:20:01,Whole,859.0586588710256,,6.631510450314094,,1179.75,1698.5,4.46772648452616,0,4,1,,0.0125,0.9875,,0.0,0.0125,,229.10070097428058,,,994.003290049581,1610.9427356997262,229.10070097428058,,,76.96861371806224
1362,raspberrypi,896.0,2023-09-02,00:20:01,Whole,537.4094801340743,,4.954275004845389,,1479.375,1577.0,2.189162853332127,0,11,2,,0.025,0.975,,0.0,0.025,,309.0338824121412,,,878.4813069883548,1423.799268539402,309.0338824121412,,,173.31110397744717
1363,raspberrypi,987.0,2023-09-02,00:20:01,Whole,1107.5616291833928,,5.479578282440885,,958.0,858.0,4.482950279922429,0,4,1,,0.0125,0.9875,,0.0,0.0125,,245.0516698709398,,,1766.1609690214568,2030.098705666659,245.0516698709398,,,141.19072792202994
1364,raspberrypi,997.0,2023-09-02,00:20:01,Whole,830.3952871446447,,5.639967225180395,,1206.25,1687.5,4.326335738053934,0,5,1,,0.0125,0.9875,,0.0,0.0125,,225.75533806770522,,,980.7963833116326,1592.9762962710977,225.75533806770522,,,72.27033629055538
1365,raspberrypi,37.0,2023-09-01,23:20:01,Whole,1874.6633143142758,,10.096992166582472,,2979.75,2724.5,8.858473682446554,0,6,1,,0.0,1.0,,0.0,0.0,,2192.613037821743,,,726.3400757791517,1225.039027658515,2192.613037821743,,,2053.7988432135808
1366,raspberrypi,223.0,2023-09-01,23:20:01,Whole,365.44385759768534,0.0,3.561772214548697,,1460.6923076923076,1485.6153846153845,1.021704990385832,0,242,39,0.03894723348160604,0.5064935064935064,0.4935064935064935,,0.0,0.5064935064935064,,247.23109017120711,,,964.0984133529593,1458.8786699983475,247.23109017120711,,,122.22038876261459
1367,raspberrypi,224.0,2023-09-01,23:20:01,Whole,620.7834897013905,0.0,4.690417443172365,,1502.655,1851.9116666666666,1.1939252592086216,0,430,75,0.03350673849304652,0.0,1.0,,0.0,0.0,,514.0904937750872,,,651.6035640857301,1352.5647525436373,514.0904937750872,,,362.9616497369791
1368,raspberrypi,226.0,2023-09-01,23:20:01,Whole,443.78405473081136,0.0,4.891567324809774,,1875.4144736842106,860.6990131578947,1.1834656827986407,0,434,76,0.11444649822098833,0.0,1.0,,0.0,0.0,,720.7633885152292,,,1413.4191689583995,1432.551637229842,720.7633885152292,,,703.5006405165593
1369,raspberrypi,228.0,2023-09-01,23:20:01,Whole,390.44202987698884,0.0,4.057934638419344,,1587.7597402597403,1636.9172077922078,1.0261585275449066,0,436,77,0.039602228350104365,0.0,1.0,,0.0,0.0,,430.0607421594592,,,768.1222490685274,1340.0294400386374,430.0607421594592,,,294.94106430787076
1370,raspberrypi,233.0,2023-09-01,23:20:01,Whole,449.3151064237914,0.0,4.753365209930599,,2192.37012987013,1137.0714285714287,2.171001458713108,0,436,77,0.06604179593266105,0.0,1.0,,0.0,0.0,,939.6483808333352,,,1124.8563941940706,1168.1627590307971,939.6483808333352,,,877.1931704704677
1371,raspberrypi,236.0,2023-09-01,23:20:01,Whole,111.21863539137851,0.0,3.9302845531270356,,1662.766447368421,1319.2220394736842,1.3558687578030628,0,434,76,0.03756950623612423,0.0,1.0,,0.0,0.0,,405.48125911091495,,,1020.1206720076558,1379.680420056849,405.48125911091495,,,321.327264500248
1372,raspberrypi,237.0,2023-09-01,23:20:01,Whole,588.7041053891196,0.0,5.498051617689898,,1705.735,706.8016666666666,1.1834637372352765,0,428,75,0.09025771808438159,0.0,1.0,,0.0,0.0,,669.8160272712419,,,1595.3718366893445,1602.1377709230528,669.8160272712419,,,654.9743010810333
1373,raspberrypi,392.0,2023-09-01,23:20:01,Whole,1391.7534243352097,0.0,7.765733777685572,,3041.15,1859.9333333333334,5.756363086694828,0,98,15,0.005373560354082748,0.0,1.0,,0.0,0.0,,1856.052056076187,,,918.8076871690563,1019.9406764214236,1856.052056076187,,,1746.596661925441
1374,raspberrypi,987.0,2023-09-01,23:20:01,Whole,731.874653599286,,4.24969321290461,,1071.875,1509.75,2.742907380955628,0,12,2,,0.025974025974025976,0.974025974025974,,0.0,0.025974025974025976,,86.2083205576574,,,1199.3565392410824,1732.8529956198943,86.2083205576574,,,0.0
1375,raspberrypi,37.0,2023-09-01,23:45:01,Whole,1846.569429000556,,10.218928393845141,,2982.5,2724.25,8.831263762410519,0,5,1,,0.0,1.0,,0.0,0.0,,2194.6609245729087,,,728.8963614017086,1226.1208799408976,2194.6609245729087,,,2055.8945165443943
1376,raspberrypi,106.0,2023-09-01,23:45:01,Whole,1301.2053440294662,,7.347587041011333,,1177.25,2421.25,3.4154394610221224,0,6,1,,0.0,1.0,,0.0,0.0,,942.9198509233463,,,726.2823557614704,1574.6413358807335,942.9198509233463,,,796.1072540779093
1377,raspberrypi,190.0,2023-09-01,23:45:01,Whole,604.3853855551491,,3.078699237028492,,1806.25,685.5,0.40621314257808755,2,5,1,,0.0,1.0,,0.0,0.0,,759.2576556162608,,,1597.0598448287071,1555.740550830771,759.2576556162608,,,751.1823379721213
1378,raspberrypi,224.0,2023-09-01,23:45:01,Whole,643.6689907777345,0.0,5.8681952851326455,,1458.3180379746836,1822.3465189873418,1.0531445551108665,0,342,79,0.07901302084010824,0.0,1.0,,0.0,0.0,,463.8341241672109,,,703.8678510726347,1387.437976594195,463.8341241672109,,,311.8990798240699
1379,raspberrypi,226.0,2023-09-01,23:45:01,Whole,475.3508906566496,0.0,6.2139123550584054,,1871.9166666666667,817.2548076923077,0.988998266470158,78,338,78,0.07552873042850862,0.0,1.0,,0.0,0.0,,738.6059404890214,,,1456.93086657732,1454.5188476819571,738.6059404890214,,,727.260781147172
1380,raspberrypi,228.0,2023-09-01,23:45:01,Whole,452.5324553089375,0.0,5.456752424074494,,1617.254746835443,1694.4319620253164,1.0531445551108665,0,342,79,0.0629608315080127,0.0,1.0,,0.0,0.0,,486.664912215061,,,703.7341982672219,1309.2288562193517,486.664912215061,,,348.1769028654676
1381,raspberrypi,233.0,2023-09-01,23:45:01,Whole,362.6558520050508,0.0,5.6583476757390185,,2137.0585443037976,1114.134493670886,2.055688664097392,0,342,79,0.0893152872430997,0.0,1.0,,0.0,0.0,,888.6930754875012,,,1145.0050482404822,1200.0076192483152,888.6930754875012,,,829.8043114739296
1382,raspberrypi,237.0,2023-09-01,23:45:01,Whole,606.1084893533592,0.0,6.76431759359131,,1728.411858974359,690.5480769230769,0.988998266470158,78,339,78,0.08464191782940118,0.0,1.0,,0.0,0.0,,697.2710424882118,,,1606.440175334853,1597.2650313515712,697.2710424882118,,,682.92078663804
1383,raspberrypi,238.0,2023-09-01,23:45:01,Whole,1322.2244149495518,1.0,7.560022700115956,129.80665600158835,2501.741666666667,2279.9,6.23732090631921,0,79,15,7855.12379165908,0.0,0.8354430379746836,,0.06329113924050633,0.0,,1598.9430995243233,,,449.88801944413876,1075.5067091285182,1598.9430995243233,,,1602.614345617745
1384,raspberrypi,392.0,2023-09-01,23:45:01,Whole,1347.8990647490477,0.0,7.0857700563535975,,3040.9444444444443,1860.2777777777778,6.050852843595568,0,50,9,7.754929407361024e-26,0.0,1.0,,0.0,0.0,,1855.9504665238987,,,918.4501872414892,1019.9338011279307,1855.9504665238987,,,1746.35478800106
1385,raspberrypi,987.0,2023-09-01,23:45:01,Whole,1675.4098495555083,,8.60658263729554,,2631.25,2755.5,5.086445457211018,0,6,1,,0.0,1.0,,0.0,0.0,,1945.6038192073574,,,416.6351044312543,1101.7625035225024,1945.6038192073574,,,1800.7370762670544
1386,raspberrypi,97.0,2023-09-02,03:10:01,Whole,879.8256643603243,,4.89096492398471,,1104.25,837.5,2.347711983486023,0,6,1,,0.012658227848101266,0.9873417721518988,,0.0,0.012658227848101266,,256.1279964414946,,,1702.3358164645788,1932.0714809150284,256.1279964414946,,,167.6140752991857
1387,raspberrypi,220.0,2023-09-02,03:10:01,Whole,339.4969784974907,0.0,4.546359246751656,,1540.5237341772151,1848.9462025316457,1.1015883433767324,0,386,79,0.10888313018720915,0.0,1.0,,0.0,0.0,,535.6067538423877,,,627.5886153861719,1328.0915847238582,535.6067538423877,,,385.9043301944864
1388,raspberrypi,224.0,2023-09-02,03:10:01,Whole,347.7747157219983,1.0,4.725649827594934,25.1405352829356,1545.7942307692308,1211.0230769230768,1.0785536014539827,25,329,65,273.3954437899562,0.12658227848101267,0.20253164556962025,,0.0,0.12658227848101267,,326.9375233498194,,,1167.9428949971273,1491.810757274754,326.9375233498194,,,266.84643996475586
1389,raspberrypi,230.0,2023-09-02,03:10:01,Whole,455.61562358215633,0.358974358974359,5.200092311270424,5.143526936239468,1753.113924050633,1084.0522151898733,1.3181353654188699,15,386,79,10.091413960576798,0.0,0.6455696202531646,,0.0,0.0,,525.1343542347583,,,1217.4270904756984,1408.1461625963098,525.1343542347583,,,486.42748123016736
1390,raspberrypi,233.0,2023-09-02,03:10:01,Whole,762.4564609511801,0.0,5.995396062890803,,2296.3958333333335,1123.1923076923076,2.828255119898835,0,383,78,0.06944647770233928,0.0,1.0,,0.0,0.0,,1044.0187987785432,,,1150.030384585476,1129.794865964464,1044.0187987785432,,,981.5248499834779
1391,raspberrypi,236.0,2023-09-02,03:10:01,Whole,218.03730838143747,0.0,4.411972690940812,,1468.713141025641,1648.6923076923076,1.1015883433767324,10,383,78,0.08469728010066649,0.0,1.0,,0.0,0.0,,342.47683362760563,,,826.8630786349834,1414.2174205863457,342.47683362760563,,,198.2229159781034
1392,raspberrypi,237.0,2023-09-02,03:10:01,Whole,747.1618543551456,0.0,5.7595073078724015,,1259.4588607594937,2164.5474683544303,2.1823668138607797,0,386,79,0.10936986011352222,0.0,1.0,,0.0,0.0,,700.8507094448678,,,692.0450505235115,1498.2492722635125,700.8507094448678,,,549.7303124361368
1393,raspberrypi,250.0,2023-09-02,03:10:01,Whole,609.9471042692269,,3.861082161706012,,1066.25,1597.0,2.183565752898412,0,11,2,,0.02531645569620253,0.9746835443037974,,0.0,0.02531645569620253,,193.60061049960063,,,1146.4027548607705,1723.0294043478239,193.60061049960063,,,87.73692191465031
1394,raspberrypi,392.0,2023-09-02,03:10:01,Whole,1430.6435007645998,,7.701344054876839,,3041.75,1859.0,5.4098339054231985,0,6,1,,0.0,1.0,,0.0,0.0,,1856.3690230298344,,,919.8129672167449,1019.9710480360731,1856.3690230298344,,,1746.9295923336747
1395,raspberrypi,425.0,2023-09-02,03:10:01,Whole,436.0793694594609,,2.8205546718478516,,1263.5,1729.5,1.143138446950168,0,6,1,,0.012658227848101266,0.9873417721518988,,0.0,0.012658227848101266,,285.2997536476877,,,910.0155962528379,1542.5053044258639,285.2997536476877,,,131.01698642524636
1396,raspberrypi,653.0,2023-09-02,03:10:01,Whole,1826.527350070122,,9.745777625316197,,3196.5,2499.5,8.48899742937791,0,6,1,,0.0,1.0,,0.0,0.0,,2250.374736620907,,,903.4765955238734,1233.5547704432802,2250.374736620907,,,2120.29660051539
1397,raspberrypi,987.0,2023-09-02,03:10:01,Whole,1467.5197319899958,,8.23777124895133,,2671.5,2581.25,6.957277616063872,0,6,1,,0.0,1.0,,0.0,0.0,,1861.4748796264712,,,391.47687258292336,1054.6670407372235,1861.4748796264712,,,1720.6100873204155
1398,raspberrypi,37.0,2023-09-02,04:35:01,Whole,2137.7283715122003,,11.436585562782287,,2980.5,2724.75,9.1665565576556,0,8,2,,0.0,1.0,,0.0,0.0,,2193.362645184029,,,727.1304233936056,1225.474080863193,2193.362645184029,,,2054.554911890998
1399,raspberrypi,106.0,2023-09-02,04:35:01,Whole,1384.5661796585632,,7.731274304357319,,1177.25,2422.0,5.6408826281875974,0,4,1,,0.0,1.0,,0.0,0.0,,943.666332068771,,,726.255939997179,1574.7203621077567,943.666332068771,,,796.8562944630962
1400,raspberrypi,221.0,2023-09-02,04:35:01,Whole,717.5735363712362,0.0,7.8306735065774955,,933.4256329113924,812.3417721518987,1.9694647524743056,0,222,79,0.08762972876973601,1.0,0.0,,0.0,1.0,,295.40734043934594,,,1817.6077778049341,2067.3540525539242,295.40734043934594,,,190.91788162012497
1401,raspberrypi,225.0,2023-09-02,04:35:01,Whole,355.10080938310557,0.0,6.487941779739882,,1308.061403508772,885.4517543859649,1.9679566312072527,0,178,57,0.2065270085139605,0.0,1.0,,0.0,0.0,,279.541610148131,,,1561.0117097027266,1769.397418158563,279.541610148131,,,230.36896470654065
1402,raspberrypi,233.0,2023-09-02,04:35:01,Whole,690.4630821710786,0.0,6.230929696038294,,2280.990506329114,1092.882911392405,3.554956681699116,0,222,79,0.053974132495200416,0.0,1.0,,0.0,0.0,,1033.309845964321,,,1177.8850002451775,1145.482270364566,1033.309845964321,,,974.0690306461256
1403,raspberrypi,234.0,2023-09-02,04:35:01,Whole,378.69790339104765,0.0,5.293027391681641,,1700.3512658227849,1463.001582278481,3.554956681699116,0,222,79,0.07412316883620268,0.0,1.0,,0.0,0.0,,462.996145170464,,,872.5489540985427,1315.807910758561,462.996145170464,,,355.3769997325718
1404,raspberrypi,392.0,2023-09-02,04:35:01,Whole,1636.9876867289352,,8.800365172982175,,3041.0,1859.5,5.574061978218688,0,4,1,,0.0,1.0,,0.0,0.0,,1855.7878996374498,,,918.9118657720649,1019.8388202727316,1855.7878996374498,,,1746.3154889887198
1405,raspberrypi,525.0,2023-09-02,04:35:01,Whole,287.3602015283525,,3.1596047918673023,,1762.75,870.5,2.3558478697396446,0,4,1,,0.0,1.0,,0.0,0.0,,618.8585071179114,,,1423.2753938588805,1491.0146743644054,618.8585071179114,,,608.6177481985169
1406,raspberrypi,987.0,2023-09-02,04:35:01,Whole,1955.3717961901866,,10.541188427392283,,2631.25,2756.0,8.23157667627953,0,4,1,,0.0,1.0,,0.0,0.0,,1945.9461371171024,,,416.88145099747334,1101.9693262271912,1945.9461371171024,,,1801.0711062713526
1407,raspberrypi,988.0,2023-09-02,04:35:01,Whole,339.6315132969975,,3.1933011298705636,,1362.25,1352.0,1.8372461366357848,0,4,1,,0.012658227848101266,0.9873417721518988,,0.0,0.012658227848101266,,118.7333798355638,,,1129.8610486615223,1562.9188563209837,118.7333798355638,,,19.83505897311042
1408,raspberrypi,17.0,2023-09-02,01:45:01,Whole,1021.3968165760891,,5.636635521253726,,3173.25,1330.5,2.650888609465551,0,6,1,,0.0,1.0,,0.0,0.0,,1907.5992120319972,,,1359.369387284277,992.3540157009143,1907.5992120319972,,,1826.4888763568622
1409,raspberrypi,37.0,2023-09-02,01:45:01,Whole,1657.9066951503605,,8.670893381132256,,2981.0,2724.25,4.47286418999866,0,6,1,,0.0,1.0,,0.0,0.0,,2193.4618412394566,,,727.4619536127198,1225.470773543386,2193.4618412394566,,,2054.6721833394668
1410,raspberrypi,221.0,2023-09-02,01:45:01,Whole,262.9554400495109,0.4430379746835443,5.3359670201531735,6.109621607603752,1912.059375,1183.85,1.493479706284794,0,332,80,13.571561068978923,0.0,0.5625,,0.0,0.0,,658.0652681045376,,,1088.4000615296156,1285.244588053224,658.0652681045376,,,597.5224358376176
1411,raspberrypi,229.0,2023-09-02,01:45:01,Whole,1344.4863797351693,0.0,7.480934266689228,,3436.9427083333335,890.0,6.50148235838281,0,304,72,0.02302529677801829,0.0,0.1,,0.0,0.0,,2203.7476636332267,,,1863.116166016336,1077.139636689828,2203.7476636332267,,,2145.3715697823973
1412,raspberrypi,233.0,2023-09-02,01:45:01,Whole,182.71573557945666,0.0759493670886076,5.37769132089419,2.962195934863461,2198.44375,1111.1875,1.493479706284794,0,332,80,0.5462301530556286,0.0,0.925,,0.0,0.0,,949.377221007252,,,1151.1176070685083,1173.979511499746,949.377221007252,,,888.1123989212313
1413,raspberrypi,234.0,2023-09-02,01:45:01,Whole,559.5660371968613,0.05063291139240506,5.74635280612534,3.8186558012794904,1594.08125,1256.23125,1.7026916393018297,0,332,80,0.8398665223382193,0.0,0.95,,0.0,0.0,,339.47148112905734,,,1104.2133173090351,1441.5656449134635,339.47148112905734,,,266.3422812808353
1414,raspberrypi,236.0,2023-09-02,01:45:01,Whole,759.9307659526752,0.06329113924050633,6.156396631997407,2.3812970026371754,1624.9796875,1834.84375,2.985791910885124,0,332,80,0.33073731124508804,0.0,0.9375,,0.0,0.0,,582.9220304911585,,,584.0089418730953,1277.143429686727,582.9220304911585,,,437.155959957563
1415,raspberrypi,258.0,2023-09-02,01:45:01,Whole,963.3132368487323,,3.906577857614538,,1226.75,1022.5,2.237521085887193,0,4,1,,0.0125,0.9875,,0.0,0.0125,,126.88078751115611,,,1480.5956311185253,1769.818635590615,126.88078751115611,,,81.38058936773095
1416,raspberrypi,366.0,2023-09-02,01:45:01,Whole,1204.8212964273698,,6.486059548377456,,2935.75,2203.75,4.328273866665579,0,11,2,,0.0,1.0,,0.0,0.0,,1881.6532036026965,,,678.4115222735322,1047.1453622555753,1881.6532036026965,,,1756.440944937885
1417,raspberrypi,392.0,2023-09-02,01:45:01,Whole,1056.202190362765,0.0,5.330104633825237,,3040.65625,1860.0416666666667,5.409103080873825,0,63,12,5.349805401075655e-35,0.0,1.0,,0.0,0.0,,1855.6083764464784,,,918.3321794104994,1019.8224176454078,1855.6083764464784,,,1746.0727782879667
1418,raspberrypi,656.0,2023-09-02,01:45:01,Whole,1033.1745151821683,1.0,4.006931200843603,62.355457860559405,1120.5,1302.625,2.446350246307504,0,12,3,0.0,0.0375,0.9625,,0.0,0.0375,,9.758677057398932,,,1315.2152685585286,1751.3479318365153,9.758677057398932,,,0.0
1419,raspberrypi,220.0,2023-09-01,21:05:01,Whole,926.4997315371031,0.10126582278481013,6.151116169575155,8.342009270431747,1741.3375,1983.5265625,4.931802532308174,0,381,80,13.150442288464241,0.0,0.9,,0.0,0.0,,770.2423923703604,,,395.442203352005,1184.731745999476,770.2423923703604,,,622.432864668611
1420,raspberrypi,223.0,2023-09-01,21:05:01,Whole,1198.9187658132225,,8.098532809916374,,2067.25,2417.0,2.796535252315351,0,6,1,,0.0,0.9875,,0.0125,0.0,,1309.4202008311524,,,0.0,989.4238505666384,1309.4202008311524,,,1160.557639197874
1421,raspberrypi,226.0,2023-09-01,21:05:01,Whole,511.5856304850423,0.11538461538461539,5.4640185828775145,6.300751307636426,1828.4556962025317,1027.0901898734178,1.2993707675457147,0,378,79,5.729766760852613,0.0,0.8875,,0.0,0.0,,612.4994730898968,,,1256.9279522834922,1387.728179226819,612.4994730898968,,,587.9940678249967
1422,raspberrypi,227.0,2023-09-01,21:05:01,Whole,1078.6828287807004,1.0,7.625951839304478,172.96407754550336,2812.877155172414,1298.5603448275863,2.6024138035193034,2,283,58,28296.151462019687,0.0,0.3,,0.0,0.0,,1743.6779564545177,,,1453.452486583626,1252.3109626202959,1743.6779564545177,,,1788.6581113300967
1423,raspberrypi,229.0,2023-09-01,21:05:01,Whole,1237.8847679037149,0.189873417721519,9.378927879325172,11.760965487832525,3484.671875,902.615625,6.001830049971588,2,381,80,24.04795641975135,0.0,0.0,,0.0,0.0,,2248.79126449078,,,1885.0492215571587,1109.502448247328,2248.79126449078,,,2187.2245191389184
1424,raspberrypi,230.0,2023-09-01,21:05:01,Whole,1400.7535919957534,0.0,9.382270380776554,,972.1428571428571,775.1071428571429,4.507866280885644,0,36,7,0.0020833333333333337,0.0,1.0,,0.0,0.0,,323.101268521629,,,1826.2652260709256,2054.7060679398496,323.101268521629,,,221.0793701851118
1425,raspberrypi,233.0,2023-09-01,21:05:01,Whole,256.7962936594687,0.012658227848101266,5.456824659873259,4.100304866714182,2078.846875,1098.8875,1.299279401462998,0,381,80,0.2824024034843684,0.0,0.9875,,0.0,0.0,,834.4192113684162,,,1159.840183985799,1232.1019861080931,834.4192113684162,,,779.2676898263265
1426,raspberrypi,237.0,2023-09-01,21:05:01,Whole,979.0868402853469,0.0,5.840414173669568,,1321.0357142857142,1127.0714285714287,2.7593267449419563,0,102,21,0.20357944931710112,0.2625,0.7375,,0.0,0.2625,,124.83780744571467,,,1342.4771946313022,1665.2039936636443,124.83780744571467,,,114.58447002713777
1427,raspberrypi,258.0,2023-09-01,21:05:01,Whole,1051.1418840966055,1.0,8.320485995693419,179.72836775410792,2357.295918367347,1116.4617346938776,2.695718843307575,2,251,49,17328.012557579943,0.0875,0.3875,,0.0,0.0875,,1310.8071500343858,,,1452.8715408014027,1357.3691359256034,1310.8071500343858,,,1462.8343142042497
1428,raspberrypi,392.0,2023-09-01,21:05:01,Whole,971.8202722707617,,6.426032099926256,,3041.375,1860.375,4.532722702029921,0,11,2,,0.0,1.0,,0.0,0.0,,1856.3905887567485,,,918.762604997498,1020.0639576109077,1856.3905887567485,,,1746.8829173013119
1429,raspberrypi,470.0,2023-09-01,21:05:01,Whole,1358.860872992247,,8.407235132786331,,3299.75,2153.0,6.546636754269828,0,6,1,,0.0,1.0,,0.0,0.0,,2194.8220942590287,,,1042.945878647217,1175.3637671653073,2194.8220942590287,,,2077.0439389445564
1430,raspberrypi,669.0,2023-09-01,21:05:01,Whole,1170.2990870811639,,6.4595403261027355,,1291.75,1844.5,2.3952201596815024,0,6,1,,0.0,1.0,,0.0,0.0,,402.4114256159643,,,815.6173773673131,1502.6437401381345,402.4114256159643,,,248.30715149666443
1431,raspberrypi,736.0,2023-09-01,21:05:01,Whole,675.3002259713637,,5.255960702149312,,1768.75,814.75,1.1323758099304848,0,6,1,,0.0,1.0,,0.0,0.0,,653.3343275739587,,,1476.6599746427687,1513.2328352928653,653.3343275739587,,,649.8831298124343
1432,raspberrypi,887.0,2023-09-01,21:05:01,Whole,1498.0160381537105,,8.714065735051246,,813.0,1467.25,5.464307619367898,0,6,1,,0.0125,0.9875,,0.0,0.0125,,142.41873063050863,,,1425.0629911930287,1948.194978981017,142.41873063050863,,,96.6854990241238
1433,raspberrypi,106.0,2023-09-02,11:10:01,Whole,1058.3246756425012,,6.39189169818516,,3029.0,1612.0,5.298792323654273,0,2,1,,0.0,1.0,,0.0,0.0,,1789.5112044297914,,,1059.4953733604846,987.9378419282382,1789.5112044297914,,,1692.2388986389017
1434,raspberrypi,221.0,2023-09-02,11:10:01,Whole,1042.0838059590749,,8.470816393253644,,1049.5,1610.0,8.470816393253644,0,1,1,,0.013157894736842105,0.9868421052631579,,0.0,0.013157894736842105,,134.72697263231925,,,1150.8934027391665,1728.4603627651031,134.72697263231925,,,0.0
1435,raspberrypi,224.0,2023-09-02,11:10:01,Whole,649.4863112242735,0.05333333333333334,7.209771445067591,2.5842193648559375,2448.185855263158,2459.3305921052633,8.442936409131988,1,63,76,0.36818721829487283,0.0,0.0,,1.0,0.0,,1611.7891229933693,,,154.27662446998397,975.5628166950719,1611.7891229933693,,,1471.6420399803062
1436,raspberrypi,225.0,2023-09-02,11:10:01,Whole,782.7014298274305,1.0,4.748983426997304,96.19421769505095,1295.8970588235295,1898.2205882352941,5.150725649634453,0,33,17,12783.90990676555,0.09210526315789473,0.7763157894736842,,0.02631578947368421,0.09210526315789473,,478.6146801969885,,,790.1840014190411,1506.2482157796555,478.6146801969885,,,207.97718779516842
1437,raspberrypi,228.0,2023-09-02,11:10:01,Whole,1031.1445672398115,1.0,8.594288309281616,5.220153254455275,1190.0833333333333,1365.8333333333333,8.553824894051226,0,3,3,,0.039473684210526314,0.9605263157894737,,0.0,0.039473684210526314,,46.17902691026972,,,1222.5860480579784,1681.5793973317454,46.17902691026972,,,0.0
1438,raspberrypi,236.0,2023-09-02,11:10:01,Whole,1179.9430101835096,1.0,5.371166168576881,62.799781050573735,853.9375,1889.5625,7.524370151767572,0,6,4,,0.0,0.9868421052631579,,0.0,0.0,,450.49780658502607,,,1172.6805619730612,1847.5140535882706,450.49780658502607,,,334.51155489868626
1439,raspberrypi,258.0,2023-09-02,11:10:01,Whole,1021.8574201240143,0.0,6.776876189980427,,1720.0257352941176,988.5330882352941,8.439501845624907,0,52,34,0.00899960644418394,0.0,1.0,,0.0,0.0,,527.3189581086776,,,1318.120109729976,1464.892621818874,527.3189581086776,,,502.7363657022797
1440,raspberrypi,474.0,2023-09-02,11:10:01,Whole,645.3944700348026,,4.232562904066697,,2444.0,2457.5,0.011847867455781327,1,2,1,,0.0,0.9868421052631579,,0.013157894736842105,0.0,,1607.4155354866239,,,150.05487845026477,974.7176891894167,1607.4155354866239,,,1465.101855720865
1441,raspberrypi,648.0,2023-09-02,11:10:01,Whole,1016.7085862181124,,8.584531013727178,,1240.0,1322.5,8.584531013727178,0,1,1,,0.013157894736842105,0.9868421052631579,,0.0,0.013157894736842105,,48.8539766515935,,,1224.859529228218,1657.7207813451134,48.8539766515935,,,0.0
1442,raspberrypi,887.0,2023-09-02,11:10:01,Whole,1324.9608818747315,,6.807998346996282,,887.0,1292.5,4.579103121470947,0,3,1,,0.013157894736842105,0.9868421052631579,,0.0,0.013157894736842105,,23.527063080738344,,,1482.8595387789558,1933.3189608914972,23.527063080738344,,,5.889175415243216
1443,raspberrypi,37.0,2023-09-01,19:40:01,Whole,1800.8338691945537,0.0,9.457451848418167,,2981.1071428571427,2724.8214285714284,4.475653812092053,0,58,7,6.203854609555147e-26,0.0,1.0,,0.0,0.0,,2193.8906347735556,,,727.731852483852,1225.7677985476407,2193.8906347735556,,,2055.084309033175
1444,raspberrypi,190.0,2023-09-01,19:40:01,Whole,279.40368473752926,,3.552287287419916,,1591.0,1307.0,0.34021349568579484,1,7,1,,0.0,1.0,,0.0,0.0,,334.9545225122768,,,1058.8161979622464,1427.0996866129876,334.9545225122768,,,252.93911368899418
1445,raspberrypi,221.0,2023-09-01,19:40:01,Whole,413.440908463021,0.23376623376623376,5.410918807656572,9.303573345066706,1553.6490384615386,1043.4823717948718,1.4108521566578807,0,413,78,29.432173690593107,0.0,0.7692307692307693,,0.0,0.0,,359.51618856784626,,,1316.6827813661828,1543.983082285455,359.51618856784626,,,318.0110495966642
1446,raspberrypi,224.0,2023-09-01,19:40:01,Whole,809.6770161886564,0.034482758620689655,6.7730716707411815,4.138236339311712,1317.0156250000002,716.26171875,1.7610171891844366,0,208,32,0.6095343398772345,0.0,0.9871794871794872,,0.0,0.0,,429.9009078482983,,,1709.9316174593614,1840.137572242876,429.9009078482983,,,368.10777802160385
1447,raspberrypi,226.0,2023-09-01,19:40:01,Whole,176.21126601390097,0.0,4.807665363849747,,1876.7564102564102,1483.400641025641,1.4273677023931093,1,413,78,0.12359184311694572,0.0,1.0,,0.0,0.0,,637.5151116288824,,,800.1791736467289,1214.6805036312776,637.5151116288824,,,532.1602493508071
1448,raspberrypi,227.0,2023-09-01,19:40:01,Whole,243.76846292413185,0.02631578947368421,4.844999536167287,3.1868871959954905,1630.9886363636363,1353.0633116883116,1.400522413855594,5,411,77,0.38559768786208537,0.0,0.9743589743589743,,0.0,0.0,,376.5735502624029,,,1000.6513132004775,1388.3963364645194,376.5735502624029,,,282.59929348949663
1449,raspberrypi,228.0,2023-09-01,19:40:01,Whole,547.2536022325993,0.7692307692307693,5.824099100069471,8.969304330323768,2327.3863636363635,1006.657196969697,3.3779825939143615,0,364,66,72.24439418252653,0.0,0.358974358974359,,0.0,0.0,,1095.0777674059013,,,1269.9780419309668,1155.8856845480027,1095.0777674059013,,,1042.9046261316944
1450,raspberrypi,230.0,2023-09-01,19:40:01,Whole,1150.4983593096736,0.0,7.552886250682719,,740.9166666666666,1088.5,4.22093358627484,0,53,12,0.09420026846330981,0.15384615384615385,0.8461538461538461,,0.0,0.15384615384615385,,194.1170321602938,,,1730.050824720058,2111.845162900519,194.1170321602938,,,112.59931685579377
1451,raspberrypi,234.0,2023-09-01,19:40:01,Whole,972.0117210614354,0.0,6.878922483609622,,1239.4507575757575,2046.7045454545455,4.110416651651883,0,203,33,0.0023673369774544926,0.0,1.0,,0.0,0.0,,581.4919756102489,,,755.2034971395553,1519.9000456746735,581.4919756102489,,,430.1161017121682
1452,raspberrypi,239.0,2023-09-01,19:40:01,Whole,627.1093685698871,1.0,5.411866318983025,126.45151369607899,1865.3975409836066,1813.657786885246,1.8772189754463984,5,328,61,6861.538554239952,0.08974358974358974,0.24358974358974358,,0.08974358974358974,0.08974358974358974,,785.695634948202,,,549.5830460856097,1187.6534102541498,785.695634948202,,,692.9293751313643
1453,raspberrypi,258.0,2023-09-01,19:40:01,Whole,1594.8158061363001,0.9655172413793104,9.777191902035835,14.468301597947256,3171.43359375,385.81640625,5.4718728543901225,0,201,32,370.60507925851647,0.0,0.6025641025641025,,0.0,0.0,,2090.7877464672943,,,2135.040024204579,1286.4792325749197,2090.7877464672943,,,2060.021325167538
1454,raspberrypi,366.0,2023-09-01,19:40:01,Whole,1381.75709459262,,6.92410348373676,,2879.875,2170.875,4.702592323707254,0,28,4,,0.0,0.9871794871794872,,0.01282051282051282,0.0,,1844.1421235799878,,,639.0662756971701,1042.7488653045932,1844.1421235799878,,,1757.127036217737
1455,raspberrypi,392.0,2023-09-01,19:40:01,Whole,1294.6940932954658,0.0,6.776179375755452,,3041.2125,1859.975,4.168608718293937,0,75,10,0.0006200396825396824,0.0,1.0,,0.0,0.0,,1856.1235957168215,,,918.8382934157671,1019.9634170377044,1856.1235957168215,,,1746.7323186479348
1456,raspberrypi,37.0,2023-09-02,02:45:01,Whole,1516.9815433126246,0.0,9.306413238428428,,2982.5,2724.25,9.103966677824566,0,10,9,0.0,0.0,1.0,,0.0,0.0,,2194.66092653293,,,728.8963626047841,1226.1208832371658,2194.66092653293,,,2055.8945165443943
1457,raspberrypi,233.0,2023-09-02,02:45:01,Whole,373.43308139186377,0.0,6.5062492269965775,,2239.053125,1125.396875,6.692579608181499,0,45,80,0.06385721806357827,0.0,1.0,,0.0,0.0,,987.2167614892853,,,1140.6048236388208,1152.2523797876133,987.2167614892853,,,925.3062475815882
1458,raspberrypi,237.0,2023-09-02,02:45:01,Whole,983.0554311820551,0.0,8.100799583907854,,1287.0714285714287,2005.1205357142858,6.692579608181499,0,29,28,0.0019169327612346464,0.0,1.0,,0.0,0.0,,552.9469300100978,,,731.8097074423683,1486.685453151084,552.9469300100978,,,400.0187608953406
1459,raspberrypi,392.0,2023-09-02,02:45:01,Whole,999.1226636785692,0.0,5.612461574745514,,3040.535714285714,1859.75,5.612547558601361,0,7,7,4.135903066616998e-26,0.0,1.0,,0.0,0.0,,1855.4117528640695,,,918.3858045039075,1019.7486727120677,1855.4117528640695,,,1745.9355575636275
1460,raspberrypi,887.0,2023-09-02,02:45:01,Whole,867.0913320896478,,4.6162281144868675,,1346.0,1081.75,4.6162281144868675,0,1,1,,0.0125,0.9875,,0.0,0.0125,,167.21066287065776,,,1369.5828329982164,1664.7509637292742,167.21066287065776,,,166.3624057458937
1461,raspberrypi,220.0,2023-09-02,10:00:01,Whole,76.64866993757963,1.0,4.826577589917204,18.43939412727218,1177.9347826086957,1667.820652173913,3.2021624085886495,0,34,23,380.95148201010136,0.34328358208955223,0.6567164179104478,,0.0,0.34328358208955223,,204.21154781868088,,,1016.969274289169,1618.9416745160058,204.21154781868088,,,64.55410706124493
1462,raspberrypi,221.0,2023-09-02,10:00:01,Whole,492.4665728391136,,2.087491018744733,,958.0,1182.0,1.3296586654010225,0,2,1,,0.014925373134328358,0.9850746268656716,,0.0,0.014925373134328358,,27.977365020528183,,,1512.9573719798914,1911.4189094517465,27.977365020528183,,,0.0
1463,raspberrypi,224.0,2023-09-02,10:00:01,Whole,580.6839814238242,0.0,5.675796941384539,,711.4076923076923,1263.9826923076923,4.105214632758686,0,65,65,0.04419080653663866,0.9701492537313433,0.029850746268656716,,0.0,0.9701492537313433,,180.5114092337514,,,1632.130209390634,2082.2878802451687,180.5114092337514,,,146.09802262243412
1464,raspberrypi,228.0,2023-09-02,10:00:01,Whole,2124.021355444544,0.15384615384615385,12.121919913086646,3.8608613028701253,3182.3680555555557,2285.7569444444443,10.955261536459664,0,30,18,1.887081103357368,0.0,0.9701492537313433,,0.0,0.0,,2139.2764005947743,,,901.4002628408136,1158.8440897590476,2139.2764005947743,,,2016.4202854469045
1465,raspberrypi,236.0,2023-09-02,10:00:01,Whole,548.0583123790848,1.0,6.2400834130600495,20.829427029622853,872.59,2093.725,4.232346100975607,0,31,25,2.336063017140584,0.0,0.6417910447761194,,0.0,0.0,,638.7001647150425,,,1083.8470187034131,1820.7224477387126,638.7001647150425,,,501.9280454294375
1466,raspberrypi,106.0,2023-09-02,08:30:01,Whole,1066.9492855647904,,6.159254370176195,,1194.25,1844.0,2.388545424484843,0,2,1,,0.0,1.0,,0.0,0.0,,374.0137773112705,,,895.270668116669,1576.3676885220984,374.0137773112705,,,222.8579445968181
1467,raspberrypi,147.0,2023-09-02,08:30:01,Whole,558.7451166515814,,,,2671.0,2523.75,,0,0,1,,0.0,1.0,,0.0,0.0,,1825.4855432089998,,,381.26005330851245,1038.945762890433,1825.4855432089998,,,1685.916685374413
1468,raspberrypi,237.0,2023-09-02,08:30:01,Whole,1504.9902469098597,0.0,8.720225061650456,,731.1845238095239,1828.9940476190477,11.351218181227374,0,28,21,0.05534943509620872,0.0,1.0,,0.0,0.0,,451.8463467630622,,,1307.880858260948,1956.9441430885702,451.8463467630622,,,357.72452527856206
1469,raspberrypi,258.0,2023-09-02,08:30:01,Whole,681.5175568026042,1.0,8.582640993634197,69.65265388284047,2611.824468085106,2666.029255319149,6.849800027192724,0,33,47,5048.752444738075,0.0,0.1509433962264151,,0.2830188679245283,0.0,,1877.9252270583502,,,473.01530123974584,1160.5587270103103,1877.9252270583502,,,2048.274116272467
1470,raspberrypi,392.0,2023-09-02,08:30:01,Whole,972.8423649363791,0.0,8.913469918434231,,3038.464285714286,1860.2321428571427,6.535167183453511,0,20,14,0.047108781920455506,0.0,1.0,,0.0,0.0,,1853.5582395928172,,,916.3768473524354,1019.258314254681,1853.5582395928172,,,1744.0387124375916
1471,raspberrypi,657.0,2023-09-02,08:30:01,Whole,1608.5154472868446,,9.246707487027928,,1509.75,818.5,6.590813118851101,0,2,1,,0.0,1.0,,0.0,0.0,,454.06843137491194,,,1542.8051984839528,1667.117069623468,454.06843137491194,,,430.2141324799794
1472,raspberrypi,964.0,2023-09-02,08:30:01,Whole,1509.0082052114844,,12.350945191469162,,728.125,1825.375,12.350945191469162,0,1,2,,0.0,1.0,,0.0,0.0,,450.5191448197318,,,1312.168580992628,1959.9382846803524,450.5191448197318,,,356.926386402237
1473,raspberrypi,987.0,2023-09-02,08:30:01,Whole,944.1787039455306,,6.937312020189318,,3001.5,2724.75,1.2826220885442907,0,2,1,,0.0,1.0,,0.0,0.0,,2210.176648381381,,,747.2266296895416,1234.6250558748413,2210.176648381381,,,2071.693736131412
1474,raspberrypi,37.0,2023-09-02,08:40:01,Whole,2151.2382175310518,,9.141788443982087,,2978.0,2725.0,4.479887307551148,0,3,1,,0.0,1.0,,0.0,0.0,,2191.5155276573287,,,724.8142590286798,1224.5009703054993,2191.5155276573287,,,2052.6638926857413
1475,raspberrypi,106.0,2023-09-02,08:40:01,Whole,293.38810279269006,,2.2761038474114765,,1195.5,1843.5,1.0599923800013102,0,4,1,,0.0,1.0,,0.0,0.0,,373.78151895515674,,,894.5147034081583,1575.4761334137156,373.78151895515674,,,222.5582239063065
1476,raspberrypi,225.0,2023-09-02,08:40:01,Whole,474.4475080005561,0.0,5.8111269869640445,,1535.0924657534247,1241.3116438356165,4.283902327076744,0,96,73,0.11601568345476457,0.0,1.0,,0.0,0.0,,283.90058721687234,,,1141.7343728076369,1483.4994509170378,283.90058721687234,,,218.2626004363739
1477,raspberrypi,237.0,2023-09-02,08:40:01,Whole,511.3511609340427,0.0,5.6981426723985305,,767.4042553191489,1858.938829787234,5.075973126631747,0,75,47,0.04057126665371356,0.0,1.0,,0.0,0.0,,458.7068033215326,,,1262.5395795950853,1922.9927486942518,458.7068033215326,,,356.7815091223224
1478,raspberrypi,392.0,2023-09-02,08:40:01,Whole,1889.0374083635,,9.044678678833622,,3039.125,1859.5,6.433288887565932,0,6,2,,0.0,1.0,,0.0,0.0,,1853.988763401292,,,917.3264935038937,1019.3330525352028,1853.988763401292,,,1744.491394931323
1479,raspberrypi,414.0,2023-09-02,08:40:01,Whole,219.09394502418962,0.0,3.376162916665731,,1033.71875,1717.84375,1.5552288852199727,0,19,8,1.551042365145614e-26,0.10810810810810811,0.8918918918918919,,0.0,0.10810810810810811,,240.4768388229631,,,1098.989611008396,1721.168350169597,240.4768388229631,,,104.66882001104054
1480,raspberrypi,683.0,2023-09-02,08:40:01,Whole,218.86529944573346,,3.5493198543523135,,1035.75,1719.25,3.5493198543523135,0,1,1,,0.013513513513513514,0.9864864864864865,,0.0,0.013513513513513514,,241.60575688101767,,,1096.518966664931,1719.3209127940013,241.60575688101767,,,105.39577201967975
1481,raspberrypi,887.0,2023-09-02,08:40:01,Whole,378.02999635791195,0.0,2.2338311930906243,,807.8382352941177,1638.797794117647,4.2619316342955385,0,52,34,0.007848956890290483,0.4594594594594595,0.5405405405405406,,0.0,0.4594594594594595,,257.0117772590485,,,1331.0552395075254,1918.327031883628,257.0117772590485,,,172.92496927944308
1482,raspberrypi,957.0,2023-09-02,08:40:01,Whole,378.33843417244674,,5.675428436537218,,807.75,1639.75,1.1511731573873056,0,3,1,,0.013513513513513514,0.9864864864864865,,0.0,0.013513513513513514,,257.78349511918753,,,1330.6214815080843,1918.2370285029347,257.78349511918753,,,173.4278144922172
1483,raspberrypi,987.0,2023-09-02,08:40:01,Whole,1127.3446197870865,,9.580333664414596,,1935.375,2270.5,8.860249392426768,0,3,2,,0.0,1.0,,0.0,0.0,,1186.6752926672605,,,596.8288200284151,1298.5502813720905,1186.6752926672605,,,1042.0962524761187
1484,raspberrypi,38.0,2023-09-02,13:40:01,Whole,1125.2330801615478,,7.136548275205577,,1275.75,2526.25,0.8833543066917973,1,3,1,,0.0,1.0,,0.0,0.0,,1059.380823393013,,,630.3556128607038,1505.702476693716,1059.380823393013,,,909.7871259919104
1485,raspberrypi,221.0,2023-09-02,13:40:01,Whole,826.07024322102,1.0,8.092213209697363,204.14213927374266,2069.1583333333333,2270.483333333333,2.63222897223347,0,39,15,8790.91145141216,0.0,0.8,,0.1,0.0,,1230.9338573652954,,,329.4018866580215,1104.1064624245355,1230.9338573652954,,,1333.505485345856
1486,raspberrypi,224.0,2023-09-02,13:40:01,Whole,1249.2173464659504,1.0,8.168744640175708,88.3733496177837,1124.357142857143,591.5,1.1752009417872205,1,28,7,581.0794716662147,0.0,0.9285714285714286,,0.0,0.0,,507.0875912415298,,,1907.6985851459926,2032.4475755360527,507.0875912415298,,,426.71802312029365
1487,raspberrypi,225.0,2023-09-02,13:40:01,Whole,736.7084738252468,0.9322033898305084,6.415569075067443,146.7558746141892,1989.5291666666667,1810.25,4.080653941887831,1,166,60,15096.67851795408,0.18571428571428572,0.14285714285714285,,0.4,0.18571428571428572,,984.5606998299394,,,594.0910727007827,1166.0207548492644,984.5606998299394,,,1088.2096994154977
1488,raspberrypi,228.0,2023-09-02,13:40:01,Whole,1172.890639163004,0.09523809523809523,7.6268838574567495,34.35174350266381,1116.240234375,2466.0078125,5.702335425590932,1,175,64,312.2730688568502,0.0,0.9142857142857143,,0.0,0.0,,983.9823833843145,,,787.0798572351107,1631.9214033256235,983.9823833843145,,,844.3241702917795
1489,raspberrypi,234.0,2023-09-02,13:40:01,Whole,862.9788765919338,0.5,8.467255951974412,63.413326675076746,1232.25,1020.1875,7.475835746358716,0,14,4,1953.8712497813156,0.05714285714285714,0.9428571428571428,,0.0,0.05714285714285714,,144.14588395672536,,,1480.1584910520285,1768.5117969234861,144.14588395672536,,,108.14435006524248
1490,raspberrypi,236.0,2023-09-02,13:40:01,Whole,1141.9407985809817,1.0,6.004716962909887,25.572474647961748,1042.9507575757575,811.8712121212121,4.631456720719796,1,98,33,389.31870005866534,0.21428571428571427,0.5285714285714286,,0.0,0.21428571428571427,,290.8073097212497,,,1758.2162314674815,1988.3936843524266,290.8073097212497,,,199.32383211472856
1491,raspberrypi,237.0,2023-09-02,13:40:01,Whole,1297.6798296013462,0.5735294117647058,9.441444607310475,8.418028300117976,2991.748188405797,903.9311594202899,8.56755826376175,1,184,69,100.7336239423145,0.0,0.014285714285714285,,0.0,0.0,,1764.4717106003122,,,1594.0581863165894,979.8564382122415,1764.4717106003122,,,1709.8192545874672
1492,raspberrypi,822.0,2023-09-02,13:40:01,Whole,612.379148004173,,6.322708751425483,,2050.75,990.75,4.938153751480268,0,3,1,,0.0,1.0,,0.0,0.0,,832.9631704184387,,,1268.6108882658841,1286.094150674455,832.9631704184387,,,790.8162185110898
1493,raspberrypi,220.0,2023-09-01,21:50:01,Whole,785.7414348316391,0.0,5.703330968935605,,1828.6803797468353,2072.2547468354433,3.1956190613020894,0,319,79,0.10161341535515062,0.0,1.0,,0.0,0.0,,894.5019946474157,,,272.0149018232971,1125.4578585159302,894.5019946474157,,,747.5294101997856
1494,raspberrypi,226.0,2023-09-01,21:50:01,Whole,363.83822969232654,0.04054054054054054,3.6278584777799194,8.22161388280868,1836.58,1012.525,1.4250835916423032,1,307,75,3.3680990233583574,0.0,0.9620253164556962,,0.0,0.0,,624.8409787488799,,,1269.6752996075616,1389.0124344389646,624.8409787488799,,,583.9469432197831
1495,raspberrypi,227.0,2023-09-01,21:50:01,Whole,726.1468311936836,,4.481296194049154,,1346.75,1094.25,1.341409816382343,0,6,1,,0.012658227848101266,0.9873417721518988,,0.0,0.012658227848101266,,161.19649401213758,,,1358.270912762074,1659.5847350388049,161.19649401213758,,,158.2389379128447
1496,raspberrypi,229.0,2023-09-01,21:50:01,Whole,1477.5495298494548,0.0,9.008444639308037,,3364.44262295082,663.0799180327868,6.894854898683801,0,266,61,0.06170946528340533,0.0,0.22784810126582278,,0.0,0.0,,2181.6003874961325,,,1997.7655659707518,1143.326402583072,2181.6003874961325,,,2135.810453440082
1497,raspberrypi,233.0,2023-09-01,21:50:01,Whole,235.8338649658288,0.02564102564102564,3.9446591456205575,10.91122567150116,2103.256329113924,1088.4525316455697,1.4255369157963103,0,319,79,3.098305841175594,0.0,0.9746835443037974,,0.0,0.0,,860.1714278465905,,,1170.171481268266,1224.365837135244,860.1714278465905,,,800.1683899029202
1498,raspberrypi,234.0,2023-09-01,21:50:01,Whole,652.7861262629605,0.16883116883116883,4.311737148014981,9.26299181566062,1444.6891025641025,1586.054487179487,3.1866619702233225,0,317,78,15.523486592629936,0.9873417721518988,0.012658227848101266,,0.0,0.9873417721518988,,284.88924870049027,,,891.2816902044009,1444.5794349374548,284.88924870049027,,,142.39336258840697
1499,raspberrypi,237.0,2023-09-01,21:50:01,Whole,457.74604487947033,0.25,4.79036995125466,6.671776221594331,1588.8161764705883,1229.8382352941176,1.6778375208347673,0,86,17,6.128757314622962,0.0,0.9493670886075949,,0.0,0.0,,337.02031140572126,,,1130.589012589392,1453.6354054119906,337.02031140572126,,,272.4258991763561
1500,raspberrypi,392.0,2023-09-01,21:50:01,Whole,1141.0239218606887,,7.203161149117989,,3041.0833333333335,1859.8333333333333,6.289892608147517,0,16,3,,0.0,1.0,,0.0,0.0,,1855.9603403781214,,,918.8045609306924,1019.9084667491729,1855.9603403781214,,,1746.431213151746
1501,raspberrypi,525.0,2023-09-01,21:50:01,Whole,522.790442292009,,4.303787377464549,,1763.0,870.75,0.8270031790912622,1,5,1,,0.0,1.0,,0.0,0.0,,618.9440005949177,,,1422.9789950499567,1490.758982711055,618.9440005949177,,,608.6489404847553
1502,raspberrypi,656.0,2023-09-01,21:50:01,Whole,641.085383111148,1.0,3.0830992841878135,19.379838105618944,1399.0,1358.125,1.0732038656074832,0,9,3,0.0,0.0379746835443038,0.9620253164556962,,0.0,0.0379746835443038,,154.19578843652152,,,1104.7186138011448,1536.038648432209,154.19578843652152,,,54.755711376317066
1503,raspberrypi,825.0,2023-09-01,21:50:01,Whole,498.6254293120722,,3.799889240131884,,1605.25,1068.25,1.3040022278362753,0,6,1,,0.0,1.0,,0.0,0.0,,392.99944074034033,,,1275.4806255221322,1501.8710774971273,392.99944074034033,,,363.0765517992835
1504,raspberrypi,17.0,2023-09-01,19:15:01,Whole,648.0813741348562,,4.667107017094187,,1183.25,1843.75,2.587581116295184,0,6,1,,0.0,1.0,,0.0,0.0,,371.63205343024606,,,904.5450541944535,1584.8760974667334,371.63205343024606,,,221.05020662857763
1505,raspberrypi,37.0,2023-09-01,19:15:01,Whole,1625.5684115335291,,9.523095735773387,,2982.25,2724.5,3.488342217654992,0,6,1,,0.0,1.0,,0.0,0.0,,2194.611101896988,,,728.7303918638131,1226.1221218162402,2194.611101896988,,,2055.8356588174724
1506,raspberrypi,80.0,2023-09-01,19:15:01,Whole,951.6439934505321,,4.714418355117941,,839.75,1648.25,2.2058996100706874,0,4,1,,0.0125,0.9875,,0.0,0.0125,,245.83962884224138,,,1299.054986162498,1890.2705905027342,245.83962884224138,,,153.671569701207
1507,raspberrypi,221.0,2023-09-01,19:15:01,Whole,674.3642789181845,0.0,3.934365855280198,,1141.0,1798.25,1.7619778680480047,0,14,3,,0.0375,0.9625,,0.0,0.0375,,320.3660635406908,,,965.0436338150565,1624.1364483175512,320.3660635406908,,,177.09526293564866
1508,raspberrypi,226.0,2023-09-01,19:15:01,Whole,890.3189927296156,,4.769539962125815,,1121.75,1031.25,1.5663020286492928,0,6,1,,0.0125,0.9875,,0.0,0.0125,,75.25310830669481,,,1530.3048863780384,1841.567526074558,75.25310830669481,,,0.0
1509,raspberrypi,227.0,2023-09-01,19:15:01,Whole,1047.42584087992,0.0,7.722610527707643,,2341.0300632911394,2509.8449367088606,5.263894429348448,0,343,79,0.05697022641462664,0.0,0.0125,,0.9875,0.0,,1566.1092628047122,,,53.39377918997985,966.1488265107924,1566.1092628047122,,,1420.906157265071
1510,raspberrypi,228.0,2023-09-01,19:15:01,Whole,441.26672190313747,0.9746835443037974,5.03555963830866,37.52551422269113,1715.25,1333.5421875,1.667275726916577,7,346,80,1405.8843174868132,0.275,0.025,,0.0,0.275,,527.9133977570996,,,1005.3825872287623,1370.1832727770948,527.9133977570996,,,556.2577659386715
1511,raspberrypi,230.0,2023-09-01,19:15:01,Whole,1122.5798562972566,0.0,5.7735347922587055,,736.4545454545455,1233.4469696969697,3.804008729357696,0,138,33,0.025263649277848067,0.4125,0.5875,,0.0,0.4125,,158.21257889916677,,,1633.4310469748725,2070.5895050967615,158.21257889916677,,,113.88838745968965
1512,raspberrypi,232.0,2023-09-01,19:15:01,Whole,149.52515707375278,0.02531645569620253,4.997348705587651,5.901443759228632,1645.484375,1653.06875,1.9350821348212381,0,346,80,1.1959174302997921,0.0,0.975,,0.0,0.0,,487.1423108145008,,,724.7203478947944,1301.157402000529,487.1423108145008,,,354.6000637649513
1513,raspberrypi,234.0,2023-09-01,19:15:01,Whole,957.6066091588424,0.0,6.91721889012803,,834.0446428571429,1655.6785714285713,4.1895917163940215,0,61,14,0.00903193403393146,0.175,0.825,,0.0,0.175,,254.899001079995,,,1299.88384086266,1893.7276266899398,254.899001079995,,,162.88886015394343
1514,raspberrypi,236.0,2023-09-01,19:15:01,Whole,1804.290078616062,1.0,9.429034969241167,66.53603063992928,3131.5833333333335,411.6388888888889,5.230723166769054,0,91,18,3319.820401794552,0.0,0.7875,,0.0,0.0,,2044.3541646503538,,,2094.257671120917,1267.2813278898482,2044.3541646503538,,,2037.5364443624712
1515,raspberrypi,237.0,2023-09-01,19:15:01,Whole,834.0886588580653,0.47540983606557374,6.293406598677026,8.726471228181559,1413.2701612903227,875.516129032258,3.785208153855179,7,286,62,47.04465186662285,0.0,0.6375,,0.0,0.0,,350.2743202469368,,,1525.6906567653764,1703.7452261464382,350.2743202469368,,,297.51393536147236
1516,raspberrypi,258.0,2023-09-01,19:15:01,Whole,1314.9176790921151,1.0,6.975581055747884,165.48045941140575,2256.5637254901962,2172.767156862745,4.1820136824863,0,241,51,15009.15481597629,0.0,0.3625,,0.0,0.0,,1586.3996664137235,,,936.9510885174027,1329.9331991130543,1586.3996664137235,,,1480.9399878921183
1517,raspberrypi,392.0,2023-09-01,19:15:01,Whole,1273.2790504325737,,6.212346570914709,,3041.0,1860.5,2.120733215621916,0,6,1,,0.0,1.0,,0.0,0.0,,1856.0654706617079,,,918.3786435869085,1019.9801319090582,1856.0654706617079,,,1746.5470574872386
1518,raspberrypi,470.0,2023-09-01,19:15:01,Whole,380.3151033408507,,3.989112731097987,,1489.0,1387.25,1.6032211677991177,0,6,1,,0.0125,0.9875,,0.0,0.0125,,244.07523916369598,,,1033.1440505261685,1467.5550407016076,244.07523916369598,,,141.30697481368188
1519,raspberrypi,37.0,2023-09-02,05:35:01,Whole,2070.406851203016,0.0,9.28210911066467,,2980.5227272727275,2724.3863636363635,8.818764438911206,0,44,11,8.88964258482161e-26,0.0,1.0,,0.0,0.0,,2193.162355650017,,,727.0455996628554,1225.323941627071,2193.162355650017,,,2054.239657513112
1520,raspberrypi,221.0,2023-09-02,05:35:01,Whole,686.2072371263149,0.0,7.469568819640542,,1023.6737012987013,799.612012987013,3.1005814099195357,0,227,77,0.10124049047375563,0.08860759493670886,0.9113924050632911,,0.0,0.08860759493670886,,292.41097538276915,,,1777.4230011094833,2006.4682629458914,292.41097538276915,,,194.01285429305133
1521,raspberrypi,224.0,2023-09-02,05:35:01,Whole,576.745317711809,0.0,5.179254969011349,,1231.6041666666667,1894.764423076923,2.8150461222238095,0,228,78,0.05524061620964663,0.0,1.0,,0.0,0.0,,431.8622702281474,,,836.1300701896895,1541.0384249502363,431.8622702281474,,,279.57458093658806
1522,raspberrypi,225.0,2023-09-02,05:35:01,Whole,445.76528838953334,0.0,6.519474278088541,,1606.5886075949368,943.9588607594936,3.1005814099195357,0,228,79,0.06112125434510837,0.0,1.0,,0.0,0.0,,450.0573260285994,,,1392.7088902943635,1551.3784709549764,450.0573260285994,,,443.26115919584754
1523,raspberrypi,234.0,2023-09-02,05:35:01,Whole,362.82597907870206,0.0,5.340857875478018,,1692.2288135593221,1603.1610169491526,2.8146459909358157,0,189,59,0.027262705703006197,0.0,1.0,,0.0,0.0,,503.9125698236143,,,747.4141677550814,1285.0749630800851,503.9125698236143,,,378.0092759568636
1524,raspberrypi,258.0,2023-09-02,05:35:01,Whole,895.7066486774664,,5.146673715553321,,884.0,2063.5,1.9928858206193938,0,3,1,,0.0,1.0,,0.0,0.0,,605.7322454546786,,,1080.212444067245,1810.6585002625088,605.7322454546786,,,479.9634117603455
1525,raspberrypi,987.0,2023-09-02,05:35:01,Whole,1371.9009733172084,,6.386773047595172,,1757.0,2410.125,1.9077719899513788,0,9,2,,0.0,1.0,,0.0,0.0,,1276.1106974445102,,,748.5718158810341,1456.5355500171536,1276.1106974445102,,,1140.8124894341645
1526,raspberrypi,80.0,2023-09-02,13:25:01,Whole,1490.3843954253575,1.0,9.186642455749631,18.613382492510596,899.75,2259.125,5.815438495309334,1,53,9,0.0,0.0,0.8904109589041096,,0.0,0.0,,793.599657346224,,,1019.2428095000707,1799.4231143027,793.599657346224,,,662.0359896509515
1527,raspberrypi,110.0,2023-09-02,13:25:01,Whole,1030.4684411800222,,6.211257593201896,,1278.5,1960.5,1.4364642489954536,0,3,1,,0.0,1.0,,0.0,0.0,,507.7546323091572,,,761.549263230168,1497.6870124570119,507.7546323091572,,,354.64546582930984
1528,raspberrypi,220.0,2023-09-02,13:25:01,Whole,1224.7522440638406,,7.95332372999105,,1040.0,1606.5,3.514620817076659,0,4,1,,0.0136986301369863,0.9863013698630136,,0.0,0.0136986301369863,,132.6781142601243,,,1160.4927454606209,1736.6089912075468,132.6781142601243,,,0.0
1529,raspberrypi,221.0,2023-09-02,13:25:01,Whole,921.3619519949209,1.0,6.814624007020276,137.2580047846801,2359.9618055555557,1912.5347222222222,3.0904557150523098,7,274,72,18886.158433802953,0.0410958904109589,0.0273972602739726,,0.0,0.0410958904109589,,1340.5987114013617,,,887.647202643324,1264.8376928322796,1340.5987114013617,,,986.5808830090832
1530,raspberrypi,224.0,2023-09-02,13:25:01,Whole,778.7039570812998,1.0,7.876159838141659,111.36149787546618,2577.75,1951.666095890411,4.987919922929505,0,277,73,8615.290017448026,0.0,0.0,,0.1643835616438356,0.0,,1538.9872277053487,,,688.8220262192614,1077.1609030041202,1538.9872277053487,,,1369.3197579178998
1531,raspberrypi,227.0,2023-09-02,13:25:01,Whole,1393.0803321846026,0.06666666666666667,8.742380461942542,3.092329219213245,978.0394736842105,1121.7631578947369,5.0836005543741125,0,65,19,0.6638054358839263,0.2602739726027397,0.7397260273972602,,0.0,0.2602739726027397,,48.13414917594136,,,1545.3050023492265,1915.9955459904236,48.13414917594136,,,0.0
1532,raspberrypi,228.0,2023-09-02,13:25:01,Whole,1027.0953165515057,1.0,8.134356995639688,66.34429956134586,1881.8681506849316,768.0,2.798792965023839,1,277,73,4943.328904977559,0.0,0.0136986301369863,,0.0,0.0,,798.2634470790015,,,1540.8098741627907,1492.3022351026214,798.2634470790015,,,644.3730704742878
1533,raspberrypi,236.0,2023-09-02,13:25:01,Whole,910.7739746230826,1.0,7.215380105251317,37.2256654292393,1471.5075757575758,1215.5757575757575,2.6239278527039547,0,160,33,1468.8156881895954,0.273972602739726,0.547945205479452,,0.0,0.273972602739726,,239.32506147600134,,,1194.9280335925564,1535.7733459596411,239.32506147600134,,,173.2372788441647
1534,raspberrypi,237.0,2023-09-02,13:25:01,Whole,1305.6110645564659,1.0,10.827879696078703,49.859136731374896,3311.4488636363635,896.7613636363636,6.876688209106532,0,115,22,1106.6992357054992,0.0,0.6986301369863014,,0.0,0.0,,2082.780545077264,,,1786.4887470564956,1057.8924955069776,2082.780545077264,,,2117.563135127346
1535,raspberrypi,258.0,2023-09-02,13:25:01,Whole,1598.494661914466,0.18604651162790697,10.372618410420547,5.163457695579414,3163.402777777778,2979.5055555555555,3.7145110889762205,6,188,45,4.8314184706299175,0.0,0.8904109589041096,,0.0,0.0,,2494.2044452142036,,,992.0280597137856,1438.644989295449,2494.2044452142036,,,2356.0356144145258
1536,raspberrypi,445.0,2023-09-02,13:25:01,Whole,1445.7771873324195,,8.93725251497094,,942.5,2245.5,0.13671827181811388,1,8,1,,0.0,1.0,,0.0,0.0,,772.526777186479,,,979.1164105409123,1761.5787932675464,772.526777186479,,,638.7721288499607
1537,raspberrypi,861.0,2023-09-02,13:25:01,Whole,1405.3282623199202,,7.702796825043897,,3104.25,2784.5,0.03891442604500728,2,8,1,,0.0,1.0,,0.0,0.0,,2328.280527707336,,,863.168508747395,1308.6465324679327,2328.280527707336,,,2190.128589799601
1538,raspberrypi,17.0,2023-09-01,21:30:01,Whole,1022.4234331068852,,5.88943718058562,,953.25,969.0,1.6773090684095429,0,6,1,,0.012658227848101266,0.9873417721518988,,0.0,0.012658227848101266,,140.11391702880312,,,1679.8561614399584,1989.7315579442934,140.11391702880312,,,34.553282560865256
1539,raspberrypi,220.0,2023-09-01,21:30:01,Whole,817.211716897654,0.0,6.387821397887855,,1743.3433544303798,2038.7246835443038,4.203206460252097,0,417,79,0.07493441339900252,0.0,1.0,,0.0,0.0,,811.7538463173632,,,350.9660283325986,1175.6719754577193,811.7538463173632,,,663.1581674294866
1540,raspberrypi,226.0,2023-09-01,21:30:01,Whole,248.28162069099034,0.0,5.282990065453208,,1822.7088607594937,1024.9335443037974,1.6497576548580402,0,417,79,0.0700928439684183,0.0,1.0,,0.0,0.0,,607.8332755297988,,,1260.008493406478,1391.7193044855221,607.8332755297988,,,571.0362723090188
1541,raspberrypi,229.0,2023-09-01,21:30:01,Whole,1600.4324918451991,0.0,9.613516447480817,,3448.6891025641025,717.3573717948718,7.058323246017491,0,413,78,0.0796773456238911,0.0,0.012658227848101266,,0.0,0.0,,2249.676064996964,,,2004.350970607024,1142.819586426926,2249.676064996964,,,2199.979881985191
1542,raspberrypi,230.0,2023-09-01,21:30:01,Whole,1177.1216947202834,0.025974025974025976,7.690355675319376,2.448670595313099,760.6939102564103,1230.3958333333333,3.8408255880741415,0,413,78,0.2675036224968692,0.9873417721518988,0.012658227848101266,,0.0,0.9873417721518988,,135.68105094761103,,,1617.5105255831702,2051.909054395829,135.68105094761103,,,89.95426305547394
1543,raspberrypi,233.0,2023-09-01,21:30:01,Whole,246.89145235699976,0.038461538461538464,5.285022960636595,7.88629785509649,2134.03164556962,1095.240506329114,1.6497576548580402,1,417,79,2.467273614403237,0.0,0.9620253164556962,,0.0,0.0,,888.9506334239004,,,1163.8107704133442,1207.843751629414,888.9506334239004,,,832.8544744932897
1544,raspberrypi,234.0,2023-09-01,21:30:01,Whole,434.7513105431392,0.0,5.335071394044302,,1503.262658227848,1260.8006329113923,2.0498219973406817,0,417,79,0.13551020080106796,1.0,0.0,,0.0,1.0,,251.43337091042577,,,1137.9825346473983,1497.440422949976,251.43337091042577,,,181.40426243527085
1545,raspberrypi,258.0,2023-09-01,21:30:01,Whole,812.1404886068782,1.0,6.102633932975457,270.33736333645726,2578.65625,1063.21875,3.1377093652205073,1,49,8,18950.151231674357,0.0,0.9113924050632911,,0.0,0.0,,1405.5053709334722,,,1298.1426181981426,1119.9812001905766,1405.5053709334722,,,1340.2684054522906
1546,raspberrypi,347.0,2023-09-01,21:30:01,Whole,750.5017528370001,,4.948053803434716,,1235.25,1509.125,1.8869368010430032,0,12,2,,0.02531645569620253,0.9746835443037974,,0.0,0.02531645569620253,,115.67804069228815,,,1084.3687610375111,1610.3148186644594,115.67804069228815,,,0.0
1547,raspberrypi,366.0,2023-09-01,21:30:01,Whole,1532.08604333018,,8.183905626231489,,3103.5,2235.5,4.316607300516773,0,13,2,,0.0,1.0,,0.0,0.0,,2046.9975588965222,,,835.151687934513,1120.1090152609806,2046.9975588965222,,,1923.3657544794498
1548,raspberrypi,392.0,2023-09-01,21:30:01,Whole,1263.4307018784498,0.0,7.068810431826325,,3041.409090909091,1859.8977272727273,6.125023737635901,0,66,11,0.0,0.0,1.0,,0.0,0.0,,1856.2907844789206,,,919.0457988589374,1020.0056886875127,1856.2907844789206,,,1746.835121151829
1549,raspberrypi,128.0,2023-09-02,12:45:01,Whole,731.838142602864,,4.759198309543499,,1985.25,1571.75,3.1181455965646605,0,4,1,,0.0,1.0,,0.0,0.0,,764.4131294386953,,,694.065959779914,1141.919609034224,764.4131294386953,,,653.3660191241603
1550,raspberrypi,221.0,2023-09-02,12:45:01,Whole,1276.1275958969486,1.0,8.666371407452635,146.37297356256047,1870.6319444444443,1465.4305555555557,7.2537784694403395,1,36,18,14684.734867817577,0.0,0.7746478873239436,,0.0,0.0,,1271.05361836264,,,1182.9720537586945,1454.3704819996526,1271.05361836264,,,1181.9384192075322
1551,raspberrypi,224.0,2023-09-02,12:45:01,Whole,598.4983380532535,1.0,3.3619824573718358,44.76538570562398,1417.4711538461538,881.8141025641025,1.7434675376911286,6,130,39,1083.5837096089053,0.29577464788732394,0.4647887323943662,,0.0,0.29577464788732394,,363.92906388442486,,,1532.5999194418084,1713.1590683920153,363.92906388442486,,,187.4569163540235
1552,raspberrypi,228.0,2023-09-02,12:45:01,Whole,489.6703441009481,1.0,4.491971300836571,24.863191451015112,1527.2316176470588,585.8786764705883,1.9388534174473802,6,117,34,90.97120154340038,0.0,0.5492957746478874,,0.0,0.0,,659.6382410370459,,,1758.67629657768,1774.840506187302,659.6382410370459,,,588.7739293167745
1553,raspberrypi,234.0,2023-09-02,12:45:01,Whole,1045.4290155246808,,5.283403627267636,,895.4166666666666,821.9166666666666,2.6651483577612787,0,9,3,,0.0,1.0,,0.0,0.0,,321.76716924591983,,,1837.7443402879396,2094.8576539251535,321.76716924591983,,,230.9464186691031
1554,raspberrypi,236.0,2023-09-02,12:45:01,Whole,650.7701785431998,1.0,4.305373279887341,17.301270756840047,1435.05078125,1252.78125,2.7063881136206733,0,106,32,422.2042728717952,0.4507042253521127,0.5492957746478874,,0.0,0.4507042253521127,,190.0078135308231,,,1177.3433165957358,1545.2344327793003,190.0078135308231,,,123.19030916382843
1555,raspberrypi,237.0,2023-09-02,12:45:01,Whole,380.91352263978695,0.9069767441860465,4.674064084792125,35.82859042749013,1635.2556818181818,695.4062500000001,3.2987302843337436,1,107,44,737.4707684900553,0.0,0.4507042253521127,,0.0,0.0,,684.0006937289429,,,1655.314029060073,1664.3335570195359,684.0006937289429,,,721.4203372847094
1556,raspberrypi,238.0,2023-09-02,12:45:01,Whole,947.8906574891349,0.07142857142857142,6.905615992566781,2.6292973235790846,2872.382042253521,686.7306338028169,5.768509682134808,0,173,71,0.4709173651713525,0.0,0.0,,0.0,0.0,,1704.4516126551714,,,1733.877785715069,1090.9690130876486,1704.4516126551714,,,1665.7023585267702
1557,raspberrypi,497.0,2023-09-02,12:45:01,Whole,313.6232613545625,,3.234740836702862,,1876.75,533.75,1.767186215551407,0,4,1,,0.0,1.0,,0.0,0.0,,910.8488670900664,,,1737.5891164366758,1599.8766498447512,910.8488670900664,,,894.4761370032172
1558,raspberrypi,683.0,2023-09-02,12:45:01,Whole,1519.6282100008195,,8.642692487354838,,3440.5,619.25,2.9613038716773517,0,2,1,,0.0,0.9859154929577465,,0.0,0.0,,2266.478676165452,,,2077.756156683257,1184.4495235284837,2266.478676165452,,,2221.8511297085524
1559,raspberrypi,34.0,2023-09-02,14:10:01,Whole,286.86186386159324,,4.601685371274639,,2172.75,1657.0,0.6656893243087205,1,6,1,,0.0,1.0,,0.0,0.0,,968.0619675903336,,,605.0385037664801,1052.0997391144003,968.0619675903336,,,854.7789975877156
1560,raspberrypi,62.0,2023-09-02,14:10:01,Whole,366.7119519860574,,5.652870923313851,,2053.75,2116.5,3.2064425954089257,0,4,1,,0.0,0.9859154929577465,,0.014084507042253521,0.0,,1089.582778646543,,,145.0305911830264,1024.8016295239674,1089.582778646543,,,947.5812273766451
1561,raspberrypi,221.0,2023-09-02,14:10:01,Whole,589.6466064958082,0.9857142857142858,4.961840963937829,34.53098805408538,1842.1390845070423,1829.1320422535211,2.5584169248694866,1,250,71,707.7311266292494,0.0,0.028169014084507043,,0.04225352112676056,0.0,,809.8144949033916,,,511.40433125329236,1177.9421147626251,809.8144949033916,,,680.8033868970504
1562,raspberrypi,224.0,2023-09-02,14:10:01,Whole,1453.4868109533138,0.12857142857142856,9.654165241776441,4.398349433453359,3421.43661971831,2861.7447183098593,8.23023510866872,0,250,71,4.734204937272977,0.0,0.8732394366197183,,0.0,0.0,,2632.274317257982,,,1188.8610802150247,1507.5242758908548,2632.274317257982,,,2497.581206739515
1563,raspberrypi,225.0,2023-09-02,14:10:01,Whole,1222.3615508210842,1.0,6.715343640440741,34.76700019612485,1210.7565789473683,1446.8355263157894,3.858692338281937,0,79,19,1173.9324857394868,0.2676056338028169,0.7323943661971831,,0.0,0.2676056338028169,,100.85951025039085,,,1155.3295879023212,1647.9868404444974,100.85951025039085,,,0.0
1564,raspberrypi,228.0,2023-09-02,14:10:01,Whole,866.4093540054212,1.0,5.963436351238645,193.85772905178683,2121.489864864865,1910.5641891891892,3.109391310736023,0,162,37,11178.885859864251,0.04225352112676056,0.5070422535211268,,0.056338028169014086,0.04225352112676056,,1169.5135455245031,,,793.4822205757864,1278.3435668429825,1169.5135455245031,,,1016.5331736955752
1565,raspberrypi,236.0,2023-09-02,14:10:01,Whole,1180.2820923420506,1.0,7.882720403451932,148.67413643603703,1372.9008620689656,1312.573275862069,5.468520649181522,0,102,29,15935.845269934494,0.2112676056338028,0.5915492957746479,,0.028169014084507043,0.2112676056338028,,336.73298539047454,,,1173.6704399830514,1603.790002211014,336.73298539047454,,,190.53083107647595
1566,raspberrypi,237.0,2023-09-02,14:10:01,Whole,1312.3323466597508,0.6666666666666666,8.78440638411562,27.325982041229214,3056.7974137931033,790.9956896551724,6.101252994810305,0,133,29,792.3075986060799,0.0,0.5915492957746479,,0.0,0.0,,1855.4559074423569,,,1725.06073806763,1022.1800607799328,1855.4559074423569,,,1753.339516468094
1567,raspberrypi,238.0,2023-09-02,14:10:01,Whole,165.23048997527405,0.38333333333333336,4.985018622585294,29.083902560363352,2278.5245901639346,1743.5573770491803,2.4006210372671024,2,223,61,305.39856710079783,0.0,0.676056338028169,,0.0,0.0,,1096.5684809684585,,,538.9379641636366,1009.2885010839783,1096.5684809684585,,,985.6598898936629
1568,raspberrypi,258.0,2023-09-02,14:10:01,Whole,972.2690096007624,,5.994939161854833,,3216.25,2313.25,3.042223021165228,0,5,1,,0.0,1.0,,0.0,0.0,,2181.6459856982397,,,931.1260172777693,1181.7501598029378,2181.6459856982397,,,2057.305368750601
1569,raspberrypi,853.0,2023-09-02,14:10:01,Whole,878.5568613641267,,5.735021990965958,,1482.5,1704.25,1.950747663125739,0,6,1,,0.0,1.0,,0.0,0.0,,390.2008544440598,,,774.8849977952054,1393.2698410184876,390.2008544440598,,,243.88679811795137
1570,raspberrypi,127.0,2023-09-01,20:20:01,Whole,1345.1365267216972,,8.383361623956386,,2673.25,2583.25,5.796074220425211,0,7,1,,0.0,1.0,,0.0,0.0,,1864.0917289387116,,,393.62067966238925,1055.8033239579968,1864.0917289387116,,,1723.2141273348843
1571,raspberrypi,216.0,2023-09-01,20:20:01,Whole,712.4668365847555,,4.890396284021923,,1500.0,1705.25,0.4874074378225227,1,7,1,,0.0,1.0,,0.0,0.0,,403.44460311943624,,,763.0908289839365,1381.478508273356,403.44460311943624,,,258.03650941741296
1572,raspberrypi,220.0,2023-09-01,20:20:01,Whole,621.1187022399574,0.0,4.834889211364842,,1794.2009493670887,1884.5680379746836,1.4941454765570963,0,463,79,0.05270740013967421,0.0,1.0,,0.0,0.0,,742.2084709472676,,,450.19117371772484,1171.8662323283284,742.2084709472676,,,600.8788917022366
1573,raspberrypi,224.0,2023-09-01,20:20:01,Whole,390.461412364973,0.0,5.7194986781945625,,2507.6392405063293,1299.9018987341772,2.307911115325655,0,463,79,0.04320084193315276,0.0,1.0,,0.0,0.0,,1243.145047796239,,,1029.0678521578748,1017.5210741231306,1243.145047796239,,,1163.5437643301955
1574,raspberrypi,226.0,2023-09-01,20:20:01,Whole,1300.8644052168956,0.0,7.8961869222936825,,823.8986486486485,1261.8648648648646,3.9544753001893826,0,225,37,0.15702645309088414,0.46835443037974683,0.5316455696202531,,0.0,0.46835443037974683,,75.88289468283405,,,1549.7421384345116,1992.1429936665927,75.88289468283405,,,40.321053536537846
1575,raspberrypi,228.0,2023-09-01,20:20:01,Whole,621.303763005491,0.0,4.546684170369443,,1590.3306962025317,1679.1756329113923,1.4941454765570963,1,463,79,0.12849455410269342,0.0,1.0,,0.0,0.0,,456.05630634985107,,,731.144455352403,1329.096397371516,456.05630634985107,,,317.5063955686136
1576,raspberrypi,229.0,2023-09-01,20:20:01,Whole,1414.058549649322,0.0,9.839295187785204,,3455.8227848101264,888.9746835443038,5.335550324868522,0,463,79,0.05488492398261792,0.0,0.0,,0.0,0.0,,2222.5118841550984,,,1876.2159024483087,1090.4685419445632,2222.5118841550984,,,2164.0304619208846
1577,raspberrypi,230.0,2023-09-01,20:20:01,Whole,575.6584737079054,0.0,5.12378854825167,,1582.7183544303798,1153.3417721518988,2.7149492232219874,0,463,79,0.08133554937496808,0.0,1.0,,0.0,0.0,,345.5675384646137,,,1203.7540634508337,1484.0748799827961,345.5675384646137,,,298.97981627729155
1578,raspberrypi,233.0,2023-09-01,20:20:01,Whole,275.75879271289597,0.0,5.365067419482541,,2118.0411392405063,1080.8259493670887,2.307911115325655,0,463,79,0.05953615453061731,0.0,1.0,,0.0,0.0,,876.0375209903473,,,1177.8973017359438,1220.202963625197,876.0375209903473,,,821.2697498708169
1579,raspberrypi,392.0,2023-09-01,20:20:01,Whole,1049.0083241058176,0.0,7.752579894583901,,3041.6574074074074,1859.9351851851852,3.9962385424218776,0,165,27,0.030788479570469474,0.0,1.0,,0.0,0.0,,1856.5394630950536,,,919.2359518067084,1020.0782253304798,1856.5394630950536,,,1747.0366472778044
1580,raspberrypi,396.0,2023-09-01,20:20:01,Whole,1300.5955016158923,,7.920603760088974,,824.25,1260.75,3.9570311000875544,0,7,1,,0.012658227848101266,0.9873417721518988,,0.0,0.012658227848101266,,75.56025060966836,,,1550.2473867292065,1992.1833020899371,75.56025060966836,,,39.65735076894521
1581,raspberrypi,896.0,2023-09-01,20:20:01,Whole,962.0661638668324,,5.286584561384436,,1292.75,1845.5,1.7612340773927424,0,7,1,,0.0,1.0,,0.0,0.0,,403.70742301914936,,,814.2166833395074,1501.7546904975384,403.70742301914936,,,249.5959743114078
1582,raspberrypi,220.0,2023-09-02,15:40:01,Whole,371.3615082375229,1.0,2.912282500350881,39.07020615903574,1981.9375,2073.6388888888887,1.6447201302139853,2,38,18,899.7246679591507,0.0,0.7638888888888888,,0.1527777777777778,0.0,,1011.4055672576718,,,244.5834467343758,1076.1692952305384,1011.4055672576718,,,963.9166733270795
1583,raspberrypi,224.0,2023-09-02,15:40:01,Whole,215.65173467988586,0.7746478873239436,4.809252997404057,11.400341960710342,2104.828125,2369.5833333333335,2.8020771229919514,0,92,72,94.82836533018515,0.0,0.0,,1.0,0.0,,1300.2659932966762,,,0.0,984.3439731002356,1300.2659932966762,,,1154.597503480707
1584,raspberrypi,225.0,2023-09-02,15:40:01,Whole,534.8229325125146,1.0,6.964212864041763,161.45627877979106,2200.9125,2654.475,1.987145656604865,0,18,10,753.1807510301884,0.0,0.875,,0.06944444444444445,0.0,,1582.4068191782621,,,267.5040782334394,1108.0668355208536,1582.4068191782621,,,1498.6337921339045
1585,raspberrypi,226.0,2023-09-02,15:40:01,Whole,1776.1842592113994,,9.66050664833783,,861.25,912.375,6.995047590511631,0,5,2,,0.027777777777777776,0.9722222222222222,,0.0,0.027777777777777776,,232.92866779988333,,,1781.5826621743872,2081.4813450848264,232.92866779988333,,,128.0243026399239
1586,raspberrypi,236.0,2023-09-02,15:40:01,Whole,1419.9689577236195,1.0,6.676138864731695,17.56360686333192,708.4772727272727,1574.7613636363637,7.93241490178552,0,22,11,76.63545944410983,0.013888888888888888,0.8611111111111112,,0.0,0.013888888888888888,,283.5642612986238,,,1449.8074018370908,2013.114250827258,283.5642612986238,,,229.1557884976497
1587,raspberrypi,237.0,2023-09-02,15:40:01,Whole,410.1699916893669,0.37209302325581395,6.044778647115322,3.338492147293763,1713.965909090909,2728.0397727272725,2.8116176709422263,0,69,44,1.9644333952948614,0.0,0.3888888888888889,,0.0,0.0,,1380.7072445688436,,,276.62506429894927,1191.4449524435176,1380.7072445688436,,,1228.886589927729
1588,raspberrypi,258.0,2023-09-02,15:40:01,Whole,643.6101823978817,1.0,3.559081169778674,189.53734790272867,2300.125,1875.125,1.4258737178040604,2,20,7,0.0,0.0,0.9027777777777778,,0.027777777777777776,0.0,,1209.7043629285236,,,466.02251948495257,1005.1268565073735,1209.7043629285236,,,1042.9832333634172
1589,raspberrypi,220.0,2023-09-02,14:20:01,Whole,1391.834327956407,0.7777777777777778,8.235293939155762,7.696821437904441,1443.375,2867.69375,4.5494868458918925,0,122,20,19.9172822995613,0.0,0.8028169014084507,,0.0,0.0,,1427.1031044667739,,,579.3015534271403,1458.9204397176127,1427.1031044667739,,,1280.9788269241785
1590,raspberrypi,221.0,2023-09-02,14:20:01,Whole,471.73485201251685,0.15714285714285714,4.7624195440162405,7.081294492804118,2215.1408450704225,1762.6214788732395,3.079422303445925,0,394,71,9.500934203739238,0.0,0.8450704225352113,,0.0,0.0,,1044.2776560316784,,,505.87104732115415,1022.7752638463182,1044.2776560316784,,,918.8239626544243
1591,raspberrypi,224.0,2023-09-02,14:20:01,Whole,1414.3563982329788,0.043478260869565216,8.88505697552751,6.578077522550296,2540.5125,314.7339285714286,5.416173709773514,0,393,70,1.9533738580925164,0.0,0.9577464788732394,,0.0,0.0,,1567.8034136228257,,,1989.071330769377,1449.1695608981545,1567.8034136228257,,,1560.0324798559707
1592,raspberrypi,225.0,2023-09-02,14:20:01,Whole,433.8334477745607,0.6231884057971014,5.3159409607195744,40.774364885221125,1453.9964285714286,1696.0392857142858,1.7754688565650294,0,393,70,2416.2984538169985,0.08450704225352113,0.38028169014084506,,0.0,0.08450704225352113,,393.0919245957246,,,805.342317726561,1419.6048183543546,393.0919245957246,,,282.46725615285885
1593,raspberrypi,226.0,2023-09-02,14:20:01,Whole,612.5156279715292,1.0,5.064414517218285,153.83234974199908,1752.3333333333333,2001.0925925925926,1.9240907172138753,4,170,27,4634.313898435553,0.0,0.6338028169014085,,0.07042253521126761,0.0,,886.6606220013086,,,520.4556050922447,1234.7684570202796,886.6606220013086,,,738.7327087439154
1594,raspberrypi,228.0,2023-09-02,14:20:01,Whole,664.2385003379662,1.0,6.117222357821562,48.90747642052504,1672.9583333333333,888.1041666666666,3.9573815988914216,0,248,42,4454.133344960519,0.0,0.43661971830985913,,0.0,0.0,,539.8884895987114,,,1432.9166918807675,1539.6539329645416,539.8884895987114,,,597.1068126898626
1595,raspberrypi,234.0,2023-09-02,14:20:01,Whole,1118.6818369656023,0.25,7.020929109403816,2.0615528128088303,2803.75,2034.3,3.376846437001173,0,39,5,0.38490525676748805,0.0,0.9859154929577465,,0.0,0.0,,1691.1012099300196,,,625.2643067684152,988.4712381982747,1691.1012099300196,,,1569.8848253437388
1596,raspberrypi,236.0,2023-09-02,14:20:01,Whole,497.50668876127634,1.0,4.746009005781776,18.976445542534726,1677.5711206896551,2002.875,1.6360114244999246,4,336,58,121.10111938159946,0.0,0.2112676056338028,,0.0,0.0,,743.7061200766075,,,424.81925316585995,1219.9752816703663,743.7061200766075,,,581.8456741332377
1597,raspberrypi,237.0,2023-09-02,14:20:01,Whole,1381.320768412401,0.6,7.6735125983432155,3.824105975056062,2932.7708333333335,722.7708333333334,2.9735456945772216,0,44,6,2.5419397633502987,0.0,0.9154929577464789,,0.0,0.0,,1750.9725096825973,,,1726.3558255138114,1053.4654565630674,1750.9725096825973,,,1707.465724147666
1598,raspberrypi,238.0,2023-09-02,14:20:01,Whole,791.9964074600732,0.07352941176470588,6.145782800001262,2.3582911973038536,1107.6757246376812,1894.4891304347825,1.953079247367843,0,391,69,0.378545981356191,0.0,0.9295774647887324,,0.0,0.0,,413.4184608754863,,,942.390999015009,1637.7635583683023,413.4184608754863,,,267.77150074603605
1599,raspberrypi,258.0,2023-09-02,14:20:01,Whole,713.625859009705,1.0,6.193121117582217,80.16325294377981,1913.65625,1103.1197916666667,2.1501082785951615,0,168,24,5404.715390486099,0.08450704225352113,0.6901408450704225,,0.0,0.08450704225352113,,721.8810841197965,,,1314.8168667984808,1405.4161549575672,721.8810841197965,,,250.29214164899147
1600,raspberrypi,415.0,2023-09-02,14:20:01,Whole,977.4388697230914,,5.82544977406094,,1222.5,2307.25,2.2160749333936653,0,5,1,,0.0,1.0,,0.0,0.0,,834.951859689004,,,692.6697398359534,1528.7873296878029,834.951859689004,,,685.9729468617957
1601,raspberrypi,445.0,2023-09-02,14:20:01,Whole,1020.0450182255903,,6.901252198033881,,2689.5,2037.75,2.855273255175769,0,5,1,,0.0,1.0,,0.0,0.0,,1588.2323371090852,,,527.4549039018755,971.5331659454005,1588.2323371090852,,,1464.922668321555
1602,raspberrypi,544.0,2023-09-02,14:20:01,Whole,699.4575479500269,,4.228370425919254,,2181.75,2115.75,1.725543857124912,0,6,1,,0.0,0.9859154929577465,,0.014084507042253521,0.0,,1189.560433823849,,,152.93586480201276,989.902180034386,1189.560433823849,,,1051.081435677802
1603,raspberrypi,37.0,2023-09-02,05:40:01,Whole,1921.3142653632563,0.0,9.739497686409191,,2980.7554347826085,2724.5489130434785,8.812219868419936,0,94,23,0.012178401743255275,0.0,1.0,,0.0,0.0,,2193.445873138365,,,727.3156796361084,1225.4959091156675,2193.445873138365,,,2054.5554704054343
1604,raspberrypi,185.0,2023-09-02,05:40:01,Whole,1176.2390678226582,,7.133488105401786,,2641.5,935.5,5.340195983423401,0,4,1,,0.0,1.0,,0.0,0.0,,1415.7659708505757,,,1417.2593963113368,1064.821638823519,1415.7659708505757,,,1364.1951968829328
1605,raspberrypi,221.0,2023-09-02,05:40:01,Whole,826.2204119748822,0.0,8.004755326479321,,1023.9145569620254,800.245253164557,3.102765019418198,0,275,79,0.08312289827735157,0.6625,0.3375,,0.0,0.6625,,291.764535199776,,,1776.760777886781,2006.0195960819651,291.764535199776,,,193.51548004759766
1606,raspberrypi,224.0,2023-09-02,05:40:01,Whole,583.1039940881841,0.0,7.122469373640095,,1231.2987012987012,1895.1444805194806,2.8065447125310437,0,271,77,0.10599085747721554,0.0,1.0,,0.0,0.0,,432.1549037806366,,,836.1808193648865,1541.2241905375722,432.1549037806366,,,280.01079168607475
1607,raspberrypi,225.0,2023-09-02,05:40:01,Whole,477.43315202030436,0.0,5.9920005990544,,1607.23125,944.4265625,3.102771865952753,0,276,80,0.06688633140171468,0.0,1.0,,0.0,0.0,,450.34570839922173,,,1392.0652268252659,1550.786592960677,450.34570839922173,,,443.2926056909083
1608,raspberrypi,234.0,2023-09-02,05:40:01,Whole,221.91874346759423,0.0,5.519973652432571,,1691.5875,1605.946875,2.8066054130525986,0,276,80,0.049496843314831764,0.0,1.0,,0.0,0.0,,504.5627857295133,,,745.1782153845445,1284.792096723295,504.5627857295133,,,378.382497035421
1609,raspberrypi,392.0,2023-09-02,05:40:01,Whole,1535.0386345449938,0.0,8.29121535031903,,3040.633333333333,1859.9,7.088754383596107,0,61,15,0.007220766478062465,0.0,1.0,,0.0,0.0,,1855.5470635586312,,,918.3883869419944,1019.7962501377494,1855.5470635586312,,,1746.0683473673018
1610,raspberrypi,987.0,2023-09-02,05:40:01,Whole,987.1158660537335,,6.834965996466005,,2456.5,986.5,4.3889437396350015,0,5,1,,0.0,1.0,,0.0,0.0,,1224.7918300098759,,,1315.128110912392,1112.5596790946051,1224.7918300098759,,,1172.397914604862
1611,raspberrypi,17.0,2023-09-02,08:55:01,Whole,1886.0886467379535,,9.807246953112381,,2941.0,981.0,9.807246953112381,0,1,1,,0.0,0.9807692307692307,,0.0,0.0,,1700.467012841911,,,1501.5134293079152,975.7509509627353,1700.467012841911,,,1641.5703246174128
1612,raspberrypi,225.0,2023-09-02,08:55:01,Whole,1100.6869726172622,,5.480669777571264,,1341.125,1077.0,5.480669777571264,0,1,2,,0.038461538461538464,0.9615384615384616,,0.0,0.038461538461538464,,166.09161513062315,,,1376.0928825467936,1669.8505765144384,166.09161513062315,,,162.89560583190953
1613,raspberrypi,233.0,2023-09-02,08:55:01,Whole,421.4968089334794,,,,1228.75,1828.25,,0,0,1,,0.0,1.0,,0.0,0.0,,366.92125470112046,,,875.9695507983927,1552.276886258126,366.92125470112046,,,214.13535058442577
1614,raspberrypi,237.0,2023-09-02,08:55:01,Whole,770.6780216863623,0.0,8.623934854451607,,737.4342105263158,1950.4210526315794,11.840475274915716,0,7,38,0.0059822672915699395,0.0,1.0,,0.0,0.0,,552.4336492388699,,,1255.7195785202064,1941.7222484538388,552.4336492388699,,,447.94832399264675
1615,raspberrypi,258.0,2023-09-02,08:55:01,Whole,1600.8613491600277,1.0,9.785775176017898,18.126760362489453,2880.330882352941,2933.4632352941176,11.840475274915716,0,9,17,653.1749849004956,0.0,0.6923076923076923,,0.0,0.0,,2251.257035752806,,,726.1035927761159,1287.9190293702623,2251.257035752806,,,2084.4801427966495
1616,raspberrypi,392.0,2023-09-02,08:55:01,Whole,1592.0813292061607,0.0,5.400847355871765,,3038.25,1860.75,5.400847355871765,0,2,2,,0.0,1.0,,0.0,0.0,,1853.4967382341515,,,915.9191532755611,1019.2736706852293,1853.4967382341515,,,1743.9301574585693
1617,raspberrypi,470.0,2023-09-02,08:55:01,Whole,884.7326318060028,,8.366499096144466,,2354.25,2059.5,8.366499096144466,0,1,1,,0.0,1.0,,0.0,0.0,,1301.8263964641574,,,274.7407336701312,967.1093252131936,1301.8263964641574,,,1170.0625544326683
1618,raspberrypi,702.0,2023-09-02,08:55:01,Whole,771.3270982409399,,11.91037070544836,,740.0,1939.75,11.91037070544836,0,1,1,,0.0,1.0,,0.0,0.0,,541.8917559115507,,,1257.0576914207998,1940.1590429758835,541.8917559115507,,,437.73211170067134
1619,raspberrypi,17.0,2023-09-02,04:15:01,Whole,957.8779325652464,,5.945930999560519,,1062.0,743.0,4.204064521403156,0,5,1,,0.0,1.0,,0.0,0.0,,347.4521723141351,,,1805.0100716166876,2003.8339689411246,347.4521723141351,,,253.10488033613083
1620,raspberrypi,220.0,2023-09-02,04:15:01,Whole,314.5564224817848,0.0,4.743655878877556,,1527.4332191780823,1865.8373287671234,1.2037691610775347,0,368,73,0.1743507431303594,0.0,1.0,,0.0,0.0,,540.3301119780766,,,624.3144325741235,1333.858896429403,540.3301119780766,,,389.7236604128626
1621,raspberrypi,224.0,2023-09-02,04:15:01,Whole,144.39674810921042,0.0,4.732352511989294,,1509.8383333333334,1423.6183333333333,1.1769584985888937,0,374,75,0.08285506337071531,1.0,0.0,,0.0,1.0,,271.92389792695576,,,991.2289905877927,1443.6017419770278,271.92389792695576,,,162.15699127476248
1622,raspberrypi,228.0,2023-09-02,04:15:01,Whole,981.7115991736634,0.0,7.17318955806804,,893.859375,843.7053571428571,4.36889220895294,0,294,56,0.04332592577449331,0.7466666666666667,0.25333333333333335,,0.0,0.7466666666666667,,278.2850422730553,,,1815.5597983589487,2083.9055831111127,278.2850422730553,,,172.51465438402406
1623,raspberrypi,230.0,2023-09-02,04:15:01,Whole,784.4031746524391,,4.4855793821893535,,1141.25,898.25,1.308168288277954,0,6,1,,0.013333333333333334,0.9866666666666667,,0.0,0.013333333333333334,,203.28994675864004,,,1631.2059064293164,1880.0582726741663,203.28994675864004,,,122.85677331180901
1624,raspberrypi,233.0,2023-09-02,04:15:01,Whole,845.8730167429832,0.0,6.447569756815951,,2304.6433333333334,1132.9966666666667,4.3689506267089815,0,374,75,0.05996874172152147,0.0,1.0,,0.0,0.0,,1050.8825754875998,,,1141.580452003493,1123.5939489105383,1050.8825754875998,,,987.3752171850902
1625,raspberrypi,236.0,2023-09-02,04:15:01,Whole,147.60586126878127,0.0,4.619093825354003,,1454.2766666666666,1644.4583333333333,1.1769584985888937,0,374,75,0.07407915363503943,1.0,0.0,,0.0,1.0,,328.92179393897686,,,839.1278594739999,1424.8166163593273,328.92179393897686,,,184.73586945452726
1626,raspberrypi,237.0,2023-09-02,04:15:01,Whole,692.4582045428466,0.0,5.6395432633809435,,1260.56,2173.22,2.1017279674278373,1,374,75,0.10086104467042911,0.0,1.0,,0.0,0.0,,709.5604576165233,,,688.2096679028268,1497.1502995076175,709.5604576165233,,,558.5214183930818
1627,raspberrypi,392.0,2023-09-02,04:15:01,Whole,1501.1018192091485,0.0,8.681589725116002,,3040.8083333333334,1860.1,5.3426415569138515,0,87,15,0.0067118582763557024,0.0,1.0,,0.0,0.0,,1855.7704867611524,,,918.4297234831217,1019.871781831594,1855.7704867611524,,,1746.4384499022565
1628,raspberrypi,470.0,2023-09-02,04:15:01,Whole,1828.9155351534248,,10.192123123663944,,3299.25,2153.25,7.357157439432224,0,6,1,,0.0,1.0,,0.0,0.0,,2194.4464638687587,,,1042.4001066315295,1175.1978762251347,2194.4464638687587,,,2076.6526610238225
1629,raspberrypi,853.0,2023-09-02,04:15:01,Whole,650.2035042562761,,4.666207648231307,,1210.0,2095.0,0.4797638635164588,1,7,1,,0.0,1.0,,0.0,0.0,,623.4274230601372,,,762.7711476225447,1540.0987867561648,623.4274230601372,,,473.6737377678221
1630,raspberrypi,944.0,2023-09-02,04:15:01,Whole,1071.0298723182952,,5.458632504546861,,1876.25,2581.0,3.813793771799467,0,5,1,,0.0,0.9866666666666667,,0.013333333333333334,0.0,,1326.8129371770779,,,60.38472814936961,1059.04208891423,1326.8129371770779,,,1173.494864498696
1631,raspberrypi,37.0,2023-09-01,20:50:01,Whole,1681.3339734399758,,9.114094297347384,,2982.5,2725.0,7.347123081677807,0,3,1,,0.0,1.0,,0.0,0.0,,2195.1110814838485,,,729.1158287982562,1226.4498948993537,2195.1110814838485,,,2056.3291948773485
1632,raspberrypi,220.0,2023-09-01,20:50:01,Whole,724.7092125475532,0.0,6.0836572302648335,,1818.9765625,1905.15,3.5906032951789335,0,320,80,0.08374932757039634,0.0,1.0,,0.0,0.0,,774.359228358778,,,420.48301263209953,1155.5550489205707,774.359228358778,,,633.0338166570876
1633,raspberrypi,226.0,2023-09-01,20:50:01,Whole,428.02848211293906,0.0,6.441719855409005,,1773.0316455696202,1066.131329113924,1.76405732425882,0,319,79,0.060253257064705544,0.0,1.0,,0.0,0.0,,548.5065079794167,,,1230.0914113251256,1403.4844862673492,548.5065079794167,,,507.88604349541765
1634,raspberrypi,229.0,2023-09-01,20:50:01,Whole,1430.57984084101,0.0,8.1221589149719,,3515.8935810810813,825.918918918919,7.287552272918537,0,303,74,0.05217427599707651,0.0,0.075,,0.0,0.0,,2292.614914322632,,,1963.2140060806375,1147.3728686683924,2292.614914322632,,,2236.709975515607
1635,raspberrypi,233.0,2023-09-01,20:50:01,Whole,149.12950325655623,0.0,5.678780675681026,,2134.15,1114.3875,1.8815828951469251,0,320,80,0.05882621134536263,0.0,1.0,,0.0,0.0,,885.8016582962819,,,1144.671498170762,1201.2327497160109,885.8016582962819,,,826.9205050895232
1636,raspberrypi,237.0,2023-09-01,20:50:01,Whole,645.0004139194034,0.0,6.430932644172422,,1508.804487179487,1282.6666666666667,1.763933462242761,0,316,78,0.05376876874290043,0.975,0.025,,0.0,0.975,,255.4390826214542,,,1115.95059581837,1486.7720137264605,255.4390826214542,,,179.50928788523083
1637,raspberrypi,366.0,2023-09-01,20:50:01,Whole,1225.3822223569498,,7.574248280128241,,2937.5,2204.0,5.977440060894979,0,5,1,,0.0,1.0,,0.0,0.0,,1883.3334957181241,,,680.0168719958504,1047.7326390837811,1883.3334957181241,,,1758.1427611409122
1638,raspberrypi,392.0,2023-09-01,20:50:01,Whole,1070.3275126373403,0.0,6.88703972616265,,3041.2916666666665,1860.0833333333333,5.875278378961458,0,29,6,1.3785788438182357e-26,0.0,1.0,,0.0,0.0,,1856.2296364661838,,,918.8475340406809,1020.0002145259843,1856.2296364661838,,,1746.919584100781
1639,raspberrypi,432.0,2023-09-01,20:50:01,Whole,1071.5625010613974,,6.892722521730197,,3042.5,1860.5,5.877714367843403,0,5,1,,0.0,1.0,,0.0,0.0,,1857.5046831524878,,,919.6481965337512,1020.3866658304667,1857.5046831524878,,,1748.0062302104434
1640,raspberrypi,220.0,2023-09-02,15:55:01,Whole,1497.316946001156,1.0,10.743525136764786,96.60034252513847,1842.486111111111,811.375,8.947447985525937,0,54,18,3946.8135183549257,0.0,0.7777777777777778,,0.0,0.0,,727.5176965714054,,,1542.5657402173583,1510.490213819828,727.5176965714054,,,554.8691814189474
1641,raspberrypi,224.0,2023-09-02,15:55:01,Whole,811.1075800281483,0.09302325581395349,8.185344256913915,8.370211574235011,3098.1732954545455,1571.6960227272727,7.052656875006341,0,102,44,5.655026281858277,0.0,0.9444444444444444,,0.0,0.0,,1851.7894184274628,,,1137.939511512761,998.8234616631463,1851.7894184274628,,,1758.6002409195016
1642,raspberrypi,225.0,2023-09-02,15:55:01,Whole,1157.0131307887114,1.0,5.859096758128804,22.09612872481651,1407.8541666666667,1591.1875,3.878650523739729,1,19,6,105.65449422042339,0.08333333333333333,0.9166666666666666,,0.0,0.08333333333333333,,259.58963897047636,,,909.8619085703408,1468.441209975291,259.58963897047636,,,119.96739830559488
1643,raspberrypi,226.0,2023-09-02,15:55:01,Whole,693.3030608383947,1.0,7.127615227392299,44.322700843742695,1839.5808823529412,2320.9632352941176,5.439997031392157,0,37,17,250.54772580295477,0.013888888888888888,0.7638888888888888,,0.2222222222222222,0.013888888888888888,,1099.4912347465904,,,117.18216018843754,1103.4757012841906,1099.4912347465904,,,999.8530589682323
1644,raspberrypi,234.0,2023-09-02,15:55:01,Whole,838.1755140697552,0.0,6.729534752521503,,2724.4615384615386,2867.6923076923076,1.8572555444881103,0,42,13,0.013957030674821434,0.0,1.0,,0.0,0.0,,2090.394799712522,,,554.793238202011,1188.417982707076,2090.394799712522,,,1945.2107404560272
1645,raspberrypi,236.0,2023-09-02,15:55:01,Whole,1269.8884298774549,1.0,7.216591609450744,156.50055553637802,1555.625,1625.9194444444445,6.576677434345214,0,115,45,12169.40139141153,0.19444444444444445,0.4027777777777778,,0.041666666666666664,0.19444444444444445,,811.2789694933551,,,1098.4447351723836,1537.6393189492064,811.2789694933551,,,855.9536656657683
1646,raspberrypi,237.0,2023-09-02,15:55:01,Whole,1081.8548725984479,0.014492753623188406,9.445716743423525,2.5495097567963922,3070.3125,2965.6071428571427,7.087476216781009,0,164,70,0.22595888687509083,0.0,0.9861111111111112,,0.0,0.0,,2413.504553045104,,,902.7449060680392,1387.089994123593,2413.504553045104,,,2271.5497440598306
1647,raspberrypi,238.0,2023-09-02,15:55:01,Whole,568.4360076245639,1.0,6.684138626108295,86.63036686052055,2420.075,1720.26875,4.93914916002669,0,52,20,5631.045576420683,0.041666666666666664,0.75,,0.0,0.041666666666666664,,1237.8270756395007,,,761.0567945360762,1089.4052031214278,1237.8270756395007,,,1223.9752638267216
1648,raspberrypi,258.0,2023-09-02,15:55:01,Whole,1258.977412434557,,5.572353888369137,,1310.0,1560.0,0.3342345835516403,1,4,1,,0.013888888888888888,0.9861111111111112,,0.0,0.013888888888888888,,167.41118613601589,,,996.5744520590004,1544.104333196386,167.41118613601589,,,19.023635038916296
1649,raspberrypi,444.0,2023-09-02,15:55:01,Whole,1240.7723936720079,,7.145473326706934,,1252.5,1787.0,4.421870240858166,0,3,1,,0.013888888888888888,0.9861111111111112,,0.0,0.013888888888888888,,334.81223803086715,,,881.8269911115892,1540.788945870895,334.81223803086715,,,180.99344207726827
1650,raspberrypi,517.0,2023-09-02,15:55:01,Whole,1580.127679319328,,11.748236915926931,,1254.75,1050.5,9.870854466031794,0,2,1,,0.013888888888888888,0.9861111111111112,,0.0,0.013888888888888888,,122.70362816620528,,,1442.144829531115,1739.4854365834262,122.70362816620528,,,91.36789743518486
1651,raspberrypi,683.0,2023-09-02,15:55:01,Whole,1980.2295268508672,,11.88763350463718,,995.25,739.75,9.906463373711606,0,3,1,,0.0,1.0,,0.0,0.0,,354.5749538402862,,,1843.1257333880933,2053.406144279964,354.5749538402862,,,254.47319798464068
1652,raspberrypi,954.0,2023-09-02,15:55:01,Whole,839.1140232608543,,5.155966543700356,,2723.5,2869.0,1.858260244255211,0,3,1,,0.0,1.0,,0.0,0.0,,2090.6027625144898,,,554.7134910188422,1188.7221086265392,2090.6027625144898,,,1945.3240367795418
1653,raspberrypi,130.0,2023-09-02,16:10:01,Whole,821.176133864293,,5.21422988456938,,1275.25,2526.75,1.7005673880352663,0,4,1,,0.0,1.0,,0.0,0.0,,1059.7943566494223,,,630.8975126523412,1506.1977778298576,1059.7943566494223,,,910.2165999579215
1654,raspberrypi,220.0,2023-09-02,16:10:01,Whole,1011.4093453540422,1.0,4.79836135380959,23.580029258652818,2921.8125000000005,2575.1875,1.395521570641276,0,67,16,411.0752325554525,0.0,0.8169014084507042,,0.0,0.0,,2061.8232527421974,,,649.7000413524203,1147.799374201498,2061.8232527421974,,,1891.725388016616
1655,raspberrypi,224.0,2023-09-02,16:10:01,Whole,722.4034397626466,0.2753623188405797,6.268086329952951,5.996781949005999,2666.869642857143,2459.8982142857144,1.3674151964048817,0,227,70,10.163021387486735,0.0,0.7323943661971831,,0.0,0.0,,1783.8655615278044,,,373.0347539068181,1022.904047342505,1783.8655615278044,,,1644.941831695941
1656,raspberrypi,225.0,2023-09-02,16:10:01,Whole,1374.1378750106314,1.0,8.636046112826712,15.491188691691425,975.15,1280.2,3.0037257476585624,0,20,5,327.60864583682326,0.07042253521126761,0.9295774647887324,,0.0,0.07042253521126761,,62.36923036925688,,,1442.9406907531427,1874.690285648701,62.36923036925688,,,22.42222381309918
1657,raspberrypi,226.0,2023-09-02,16:10:01,Whole,979.0102690504015,1.0,5.395861216566109,64.80981792907615,1141.15,2524.05,1.3300670204623706,0,16,5,0.0,0.0,0.9577464788732394,,0.0,0.0,,1047.8534993547412,,,799.8179532595435,1637.9219175573025,1047.8534993547412,,,794.4098489701489
1658,raspberrypi,234.0,2023-09-02,16:10:01,Whole,759.640521793079,0.21153846153846154,6.318077359194616,18.231656261120012,2767.384259259259,2212.9814814814813,1.3673912080406945,0,187,54,57.31859588970673,0.0,0.8450704225352113,,0.0,0.0,,1736.4098513986519,,,516.7794209572795,1005.1923761411675,1736.4098513986519,,,1635.4148446658469
1659,raspberrypi,236.0,2023-09-02,16:10:01,Whole,775.1454238292622,0.3283582089552239,6.414673746065447,13.251138642829998,1236.6047794117646,2208.78125,2.3133936152775556,0,221,68,98.51312625736223,0.0,0.6901408450704225,,0.0,0.0,,740.0826772709004,,,700.8152935013978,1515.7903673098328,740.0826772709004,,,582.2011836468648
1660,raspberrypi,237.0,2023-09-02,16:10:01,Whole,1919.6285950961342,1.0,11.092170562363016,39.610429467488665,3255.3,699.3,7.661640876942833,0,19,5,713.9270661016591,0.0,0.9295774647887324,,0.0,0.0,,2069.485604574603,,,1906.4168646918795,1102.2659046851954,2069.485604574603,,,1941.1915266708013
1661,raspberrypi,238.0,2023-09-02,16:10:01,Whole,825.3244883796848,0.0,6.7622560387933675,,1288.7771739130435,1758.286231884058,2.3151663261735913,0,226,69,0.10443938133588271,0.971830985915493,0.028169014084507043,,0.0,0.971830985915493,,321.8881614152972,,,872.0701796730755,1518.7563652912183,321.8881614152972,,,167.2952899923395
1662,raspberrypi,258.0,2023-09-02,16:10:01,Whole,1183.2683172594493,1.0,5.564829639496534,16.70902170236187,2984.625,2830.5,1.8764779943116738,0,25,5,0.0,0.0,0.9436619718309859,,0.0,0.0,,2261.5772987011733,,,767.3055538815515,1276.7587929211882,2261.5772987011733,,,2120.749652208633
1663,raspberrypi,221.0,2023-09-02,11:00:01,Whole,450.76709596284,1.0,2.9093842544736304,31.159024155634828,1541.8975694444443,1343.7152777777778,1.8207442222377739,3,243,72,586.8091002243752,0.4025974025974026,0.06493506493506493,,0.0,0.4025974025974026,,322.27799066415315,,,1065.2434606745007,1455.6635954921774,322.27799066415315,,,223.3453214619486
1664,raspberrypi,224.0,2023-09-02,11:00:01,Whole,478.23206605594135,1.0,4.116851328076716,44.35655085971227,1766.1268656716418,1269.17723880597,1.5905497480411124,11,229,67,920.2113243553446,0.0,0.14285714285714285,,0.0,0.0,,601.2437824571433,,,1049.4043674132124,1360.9893371340322,601.2437824571433,,,498.101069577933
1665,raspberrypi,225.0,2023-09-02,11:00:01,Whole,584.6179543201642,0.9555555555555556,4.495404721832467,12.466588426829984,2089.8958333333335,1003.640625,2.097611840377148,0,150,48,168.78912111724756,0.0,0.44155844155844154,,0.0,0.0,,869.8805498654144,,,1263.760092984898,1266.8208871119543,869.8805498654144,,,757.9468264854457
1666,raspberrypi,227.0,2023-09-02,11:00:01,Whole,536.6596617578848,0.7868852459016393,5.207879637037914,8.293856695618489,1751.188492063492,2046.2400793650793,3.534073038908935,8,220,63,19.725943151240042,0.0,0.37662337662337664,,0.0,0.0,,822.7484805605651,,,340.48870099739406,1170.5519367374145,822.7484805605651,,,678.5073594944054
1667,raspberrypi,228.0,2023-09-02,11:00:01,Whole,1054.643535110064,0.0,7.611889540360439,,2778.5552884615386,2094.545673076923,5.277320871598283,0,191,52,0.053011273388843434,0.0,1.0,,0.0,0.0,,1692.8357396186548,,,573.7881269844167,990.563453020704,1692.8357396186548,,,1569.7910675845133
1668,raspberrypi,230.0,2023-09-02,11:00:01,Whole,520.1805525191064,,4.576896911465293,,1569.5,1117.75,1.33245868564225,0,4,1,,0.0,1.0,,0.0,0.0,,343.42889187398924,,,1241.7121233221799,1505.3048182136572,343.42889187398924,,,305.7779312992153
1669,raspberrypi,234.0,2023-09-02,11:00:01,Whole,623.039616200183,0.0,3.987850789518779,,1310.9583333333333,1295.5666666666666,1.5359457963168426,0,61,15,0.010311600945723592,0.19480519480519481,0.8051948051948052,,0.0,0.19480519480519481,,75.06547895482502,,,1205.4011547180903,1615.6960120564427,75.06547895482502,,,0.0
1670,raspberrypi,236.0,2023-09-02,11:00:01,Whole,840.5469712870221,1.0,3.695117765417088,57.629684673400355,1063.875,1375.625,1.488770576268513,0,14,4,2.9686413585277116e-26,0.05194805194805195,0.948051948051948,,0.0,0.05194805194805195,,25.358574574122983,,,1299.1211405835961,1773.3810154681833,25.358574574122983,,,0.0
1671,raspberrypi,237.0,2023-09-02,11:00:01,Whole,806.6554836697431,,5.699153703398358,,1132.75,1247.0,2.157594528299528,0,5,1,,0.012987012987012988,0.987012987012987,,0.0,0.012987012987012988,,0.0,,,1350.3430957844555,1759.0427385451098,0.0,,,0.0
1672,raspberrypi,258.0,2023-09-02,11:00:01,Whole,1038.6130855375607,,5.287840065481292,,1474.0,576.25,2.886818954435836,0,2,1,,0.0,1.0,,0.0,0.0,,624.7020855024231,,,1783.4392867867957,1809.5888350596829,624.7020855024231,,,573.6428997811829
1673,raspberrypi,656.0,2023-09-02,11:00:01,Whole,765.3622721324184,,4.7669379848310065,,1260.0,1092.0,1.1105847573577396,0,5,1,,0.012987012987012988,0.987012987012987,,0.0,0.012987012987012988,,99.11461280229953,,,1403.9605407942242,1720.3440587642465,99.11461280229953,,,80.83536914640297
1674,raspberrypi,220.0,2023-09-01,20:25:01,Whole,809.8068743501921,0.06493506493506493,5.9319852167014595,10.806906974458965,1790.2836538461538,1877.2660256410256,4.287782934979322,0,459,78,12.144157301190383,0.0,0.9367088607594937,,0.0,0.0,,734.6125984782852,,,458.5667452447946,1175.2230753557192,734.6125984782852,,,600.6728327904234
1675,raspberrypi,224.0,2023-09-01,20:25:01,Whole,240.39518720045928,0.05128205128205128,4.697254604124158,14.259063945401465,2502.6234177215188,1299.0822784810127,2.2760035065908126,0,464,79,13.721764585953228,0.0,0.9493670886075949,,0.0,0.0,,1238.1593842789657,,,1028.1816292154626,1018.9674327780824,1238.1593842789657,,,1158.3178029317903
1676,raspberrypi,225.0,2023-09-01,20:25:01,Whole,1067.6662661516702,1.0,7.131214286855387,248.75796354946655,2458.796875,1648.73046875,2.2209763603952215,2,198,32,11137.909131413002,0.012658227848101266,0.5949367088607594,,0.05063291139240506,0.012658227848101266,,1514.9311696154,,,1034.16679724037,1154.885302884686,1514.9311696154,,,1342.1266007132185
1677,raspberrypi,229.0,2023-09-01,20:25:01,Whole,1207.8996613111844,0.1282051282051282,7.609720623309347,11.203965655069332,3437.9620253164558,907.256329113924,5.0561546880977275,2,464,79,39.74892804487247,0.0,0.0,,0.0,0.0,,2201.9886194792252,,,1850.7225079183843,1076.9499788917851,2201.9886194792252,,,2169.5420968617073
1678,raspberrypi,230.0,2023-09-01,20:25:01,Whole,668.6863394511909,0.0,5.413099978070802,,1624.868670886076,1063.9224683544303,0.8902779929688156,78,464,79,0.09443700543291576,0.0,1.0,,0.0,0.0,,412.3336895926469,,,1273.115152252489,1491.5416221986825,412.3336895926469,,,381.7523287148798
1679,raspberrypi,232.0,2023-09-01,20:25:01,Whole,927.9437672791008,1.0,6.9827851409766195,125.65865101739014,2746.2083333333335,622.6458333333334,2.0305597716605885,0,159,24,11354.663239239284,0.0,0.7088607594936709,,0.0,0.0,,1630.5019528937569,,,1827.0020738121038,1298.6620606311994,1630.5019528937569,,,1666.0276554503043
1680,raspberrypi,233.0,2023-09-01,20:25:01,Whole,210.77679348207704,0.0,4.646907459429407,,2122.3955696202534,1080.1582278481012,1.7284065033443887,0,464,79,0.086417556111499,0.0,1.0,,0.0,0.0,,880.4079595940675,,,1178.6338891144635,1218.4346089777862,880.4079595940675,,,825.6264159382938
1681,raspberrypi,237.0,2023-09-01,20:25:01,Whole,522.8390270889058,0.02631578947368421,5.043165578665262,3.734939863002407,1792.017857142857,1023.0194805194806,0.8902779929688156,78,454,77,0.5757357539716637,0.0,0.9746835443037974,,0.0,0.0,,579.974638342801,,,1268.0065003623142,1409.6377172520956,579.974638342801,,,545.360459898465
1682,raspberrypi,392.0,2023-09-01,20:25:01,Whole,994.8798719098295,0.0,5.856471550739428,,3041.214285714286,1859.8392857142858,4.0065840080057065,0,96,14,5.075825045842421e-26,0.0,1.0,,0.0,0.0,,1856.087646984934,,,918.9121613556068,1019.9447245669223,1856.087646984934,,,1746.540724093042
1683,raspberrypi,445.0,2023-09-01,20:25:01,Whole,670.1152866541876,,4.541693605798309,,1623.25,1064.5,0.005040691911856318,2,7,1,,0.0,1.0,,0.0,0.0,,410.65553176266934,,,1273.0913460416677,1492.3042309694133,410.65553176266934,,,380.0151176706855
1684,raspberrypi,987.0,2023-09-01,20:25:01,Whole,1568.9601850667696,,9.416510812251264,,2633.0,2754.5,6.2488063994412615,0,7,1,,0.0,1.0,,0.0,0.0,,1946.1951432750002,,,417.6683286097489,1101.9659351327446,1946.1951432750002,,,1801.3722844352505
1685,raspberrypi,37.0,2023-09-02,02:30:01,Whole,2032.6210874539506,,11.100662048523297,,2981.625,2724.5,9.124372018178859,0,7,2,,0.0,1.0,,0.0,0.0,,2194.111566734003,,,728.1328548131884,1225.8512516385867,2194.111566734003,,,2055.326438754815
1686,raspberrypi,106.0,2023-09-02,02:30:01,Whole,1278.0722169667524,,6.458973876794086,,1178.5,2421.75,3.413765372645682,0,5,1,,0.0,1.0,,0.0,0.0,,943.5291938900733,,,725.0154481873169,1573.6434859054496,943.5291938900733,,,796.6705837662914
1687,raspberrypi,229.0,2023-09-02,02:30:01,Whole,450.86219253800766,0.02857142857142857,5.824646638305117,21.801662780622948,1535.380281690141,776.4947183098592,2.204142811169054,0,250,71,24.125949936208126,0.0,0.9746835443037974,,0.0,0.0,,501.41025032286615,,,1574.0692790794058,1670.6675525942103,501.41025032286615,,,476.0142006271126
1688,raspberrypi,230.0,2023-09-02,02:30:01,Whole,485.7955428225237,0.0,4.179309841606759,,1285.3645833333333,1577.65625,1.0786043481881404,0,55,12,0.004807201721712823,0.1518987341772152,0.8481012658227848,,0.0,0.1518987341772152,,164.79110028733845,,,1000.0064179843017,1557.6891052791414,164.79110028733845,,,13.46258310058353
1689,raspberrypi,233.0,2023-09-02,02:30:01,Whole,627.7988081099325,0.0,6.077531546730707,,2234.6329113924053,1122.5949367088608,4.035061733188124,0,259,79,0.05355560080324738,0.0,1.0,,0.0,0.0,,983.2576534796813,,,1142.9342877161714,1154.9752823768015,983.2576534796813,,,921.734785190976
1690,raspberrypi,234.0,2023-09-02,02:30:01,Whole,454.4331354069133,0.0,5.459943650383422,,1198.2943037974683,1037.886075949367,2.204477276463372,4,259,79,0.0696514149505122,1.0,0.0,,0.0,1.0,,100.11125856587529,,,1482.5643169625898,1784.0721155260017,100.11125856587529,,,49.23732712309646
1691,raspberrypi,237.0,2023-09-02,02:30:01,Whole,618.2542656302029,0.015384615384615385,5.325092948771556,2.23606797749979,1351.1041666666667,1779.5776515151515,3.9025272590615376,0,240,66,0.2483774206720044,0.0,0.9873417721518988,,0.0,0.0,,369.53407429172,,,811.2593713437649,1469.8526908774782,369.53407429172,,,213.39299710106397
1692,raspberrypi,238.0,2023-09-02,02:30:01,Whole,394.24867210493284,,4.028500000399413,,1298.5625,984.5,0.5875422060922759,4,18,4,,0.05063291139240506,0.9493670886075949,,0.0,0.05063291139240506,,196.81797207854584,,,1477.670686639765,1734.82044344202,196.81797207854584,,,162.21900101273087
1693,raspberrypi,366.0,2023-09-02,02:30:01,Whole,1647.5159809318393,,9.376308662418303,,2936.5,2203.5,6.651747964845336,0,5,1,,0.0,1.0,,0.0,0.0,,1882.2163729259792,,,679.2016949804549,1047.325611358658,1882.2163729259792,,,1757.0260091443736
1694,raspberrypi,392.0,2023-09-02,02:30:01,Whole,1563.4882059830484,0.0,8.913629224113775,,3041.175,1859.925,5.642183907948781,0,42,10,0.09418403733155357,0.0,1.0,,0.0,0.0,,1856.0737542141374,,,918.8333050253499,1019.9462401610136,1856.0737542141374,,,1746.3675501396135
1695,raspberrypi,892.0,2023-09-02,02:30:01,Whole,688.769600629444,,4.043801207037079,,1260.5,629.5,1.5991297079667453,0,5,1,,0.0,1.0,,0.0,0.0,,490.3650919717477,,,1812.3023111459968,1920.2231268753776,490.3650919717477,,,416.8579010100045
1696,raspberrypi,988.0,2023-09-02,02:30:01,Whole,496.8067943949065,1.0,4.8515328646025315,20.726998602653016,1161.875,1420.125,1.8921743410380545,0,55,12,1.486466380926057e-26,0.1518987341772152,0.8481012658227848,,0.0,0.1518987341772152,,61.733462898129254,,,1201.1917125362813,1688.0224397570682,61.733462898129254,,,0.0
1697,raspberrypi,17.0,2023-09-02,07:00:01,Whole,1486.5235038309588,0.0,8.467609854151604,,2945.03125,980.671875,6.050755063339088,0,30,8,4.886281299247448e-26,0.0,0.9,,0.0,0.0,,1704.4893656591978,,,1503.8030083245264,975.1089439965027,1704.4893656591978,,,1645.6303754158357
1698,raspberrypi,37.0,2023-09-02,07:00:01,Whole,2212.802203142503,0.0,10.65038579253026,,2981.375,2724.625,10.503928664396769,0,17,6,3.101836631995792e-26,0.0,1.0,,0.0,0.0,,2193.986738318273,,,727.9303673929279,1225.7976940182741,2193.986738318273,,,2055.1951429274695
1699,raspberrypi,221.0,2023-09-02,07:00:01,Whole,313.24154694824847,0.25,5.261122710178513,11.437177439288845,1350.8990384615386,1404.2067307692307,0.021446989085856304,15,85,26,23.213675770114364,0.325,0.675,,0.0,0.325,,123.21334218422392,,,1093.342273970084,1555.7659719254339,123.21334218422392,,,0.0
1700,raspberrypi,224.0,2023-09-02,07:00:01,Whole,362.9121530197164,0.0,6.186039048445937,,1774.3980263157894,924.7828947368421,3.3133509673603383,0,177,76,0.05387221614696234,0.0,1.0,,0.0,0.0,,602.9511263428012,,,1367.757046287398,1460.4133325570565,602.9511263428012,,,584.2204681791972
1701,raspberrypi,237.0,2023-09-02,07:00:01,Whole,691.787665169798,0.0,7.706974284042143,,886.165625,733.9171875,4.291415083954003,0,178,80,0.16180970084908472,0.0,1.0,,0.0,0.0,,384.1579830671549,,,1908.9266226180655,2136.1833980827228,384.1579830671549,,,278.86991804089945
1702,raspberrypi,392.0,2023-09-02,07:00:01,Whole,1743.6232687338431,0.0,9.120969172281937,,3040.25,1859.9791666666667,8.124952251414088,0,43,12,2.4499168863179272e-25,0.0,1.0,,0.0,0.0,,1855.2012369831991,,,918.0218831611038,1019.7038786980445,1855.2012369831991,,,1745.701607269802
1703,raspberrypi,414.0,2023-09-02,07:00:01,Whole,888.0432626743963,,4.96730509468559,,837.5,1742.5,3.2696684928864,0,3,1,,0.0,1.0,,0.0,0.0,,325.08224358402174,,,1252.3765765382439,1877.4598152655844,325.08224358402174,,,222.16144337915367
1704,raspberrypi,517.0,2023-09-02,07:00:01,Whole,889.5574472556423,0.0,6.927946424162031,,836.2833333333333,1743.425,3.2041063873186433,0,50,15,0.003906708810040626,0.0,1.0,,0.0,0.0,,326.4518437033562,,,1252.9824177081089,1878.3458226157472,326.4518437033562,,,223.52358937659378
1705,raspberrypi,887.0,2023-09-02,07:00:01,Whole,305.95358120174257,0.0967741935483871,4.710174846835088,44.96149038696051,1342.5551470588234,1393.8419117647059,3.196643329840748,15,111,34,338.78065633389826,0.425,0.575,,0.0,0.425,,112.44925503119521,,,1106.7517821503168,1564.4324331042324,112.44925503119521,,,0.0
1706,raspberrypi,220.0,2023-09-02,12:50:01,Whole,593.0059602941842,0.0,5.636395083529247,,1794.171875,1996.888888888889,2.6765516265882714,0,229,72,0.1278935415457876,0.0,1.0,,0.0,0.0,,816.8709740506424,,,353.6965424757652,1153.9756628744638,816.8709740506424,,,669.7423815164998
1707,raspberrypi,221.0,2023-09-02,12:50:01,Whole,802.7367590957227,1.0,6.277987134051917,23.992331663404293,1005.0555555555555,1625.6666666666667,2.810903021626328,0,36,9,141.3599138009646,0.125,0.875,,0.0,0.125,,173.6368062438127,,,1178.4057363524944,1762.4537690880695,173.6368062438127,,,60.235072251563366
1708,raspberrypi,224.0,2023-09-02,12:50:01,Whole,868.692136152212,0.0,5.621591805650631,,1293.9635416666667,2132.4114583333335,2.672938315153487,0,229,72,0.16333879705995544,0.0,1.0,,0.0,0.0,,677.4311106907099,,,670.912809687617,1472.4537266857915,677.4311106907099,,,525.1852076122373
1709,raspberrypi,228.0,2023-09-02,12:50:01,Whole,1168.950022856253,0.0,10.196366400307632,,1431.4912280701753,284.9956140350877,7.213639785662326,0,197,57,0.05288844520343399,0.0,1.0,,0.0,0.0,,869.5385434329773,,,2073.8129094835963,2001.7417050602921,869.5385434329773,,,801.2115747952797
1710,raspberrypi,234.0,2023-09-02,12:50:01,Whole,1011.2143087218302,,5.985175809337675,,935.0,1977.75,2.0146363231470077,0,3,1,,0.0,1.0,,0.0,0.0,,511.13317452701824,,,1061.682784514359,1771.5446803366253,511.13317452701824,,,382.17833257900395
1711,raspberrypi,236.0,2023-09-02,12:50:01,Whole,1241.2321125523254,1.0,8.289471399327374,5.498277100038663,877.6640625,2269.2109375,2.2437368538842493,0,64,16,0.010791156666610529,0.0,0.8055555555555556,,0.0,0.0,,807.1439529053941,,,1039.407106245218,1819.0416028948207,807.1439529053941,,,673.6933815646094
1712,raspberrypi,238.0,2023-09-02,12:50:01,Whole,1215.3728427280726,0.0,10.147663175266874,,2763.3767361111113,707.0642361111111,7.214637827717455,0,229,72,0.11287987541613323,0.0,1.0,,0.0,0.0,,1594.9426384940978,,,1673.7769221553435,1116.2214961365864,1594.9426384940978,,,1557.4657219192711
1713,raspberrypi,258.0,2023-09-02,12:50:01,Whole,1868.3042100556347,,10.85556383549677,,2896.75,2893.25,7.358298619515584,0,5,1,,0.0,1.0,,0.0,0.0,,2234.7072848174435,,,715.6107886370642,1270.995128096019,2234.7072848174435,,,2091.5404400689863
1714,raspberrypi,392.0,2023-09-02,12:50:01,Whole,1212.2920724751227,,7.762982140082866,,2345.25,2470.5,3.760120431794658,0,4,1,,0.0,0.9861111111111112,,0.013888888888888888,0.0,,1542.1933137639335,,,51.83296951560308,964.0972653544662,1542.1933137639335,,,1397.6638570791024
1715,raspberrypi,37.0,2023-09-02,02:20:01,Whole,1663.3958534265846,,8.65315300476639,,2979.75,2724.5,4.478691070078967,0,3,1,,0.0,1.0,,0.0,0.0,,2192.613037821743,,,726.3400757791517,1225.039027658515,2192.613037821743,,,2053.7988432135808
1716,raspberrypi,158.0,2023-09-02,02:20:01,Whole,794.0390726417813,,3.088316955130211,,1432.25,827.75,1.8355894523785965,0,2,1,,0.0,1.0,,0.0,0.0,,396.67109944609695,,,1561.9945987373346,1712.4642698080813,396.67109944609695,,,362.9155788288821
1717,raspberrypi,221.0,2023-09-02,02:20:01,Whole,633.708131079011,0.0,3.8921648114422522,,1384.265,1484.545,4.726843668371031,1,28,25,0.006192467545091274,0.3125,0.6875,,0.0,0.3125,,179.8406656703553,,,1008.6877789749273,1510.8034835770145,179.8406656703553,,,48.44906406410243
1718,raspberrypi,229.0,2023-09-02,02:20:01,Whole,1555.6367743530245,,9.107389099154101,,3458.0,810.0,6.571199422254576,0,2,1,,0.0,0.9875,,0.0,0.0,,2238.893892979636,,,1937.8933576211214,1107.0985673901152,2238.893892979636,,,2184.3929559534968
1719,raspberrypi,233.0,2023-09-02,02:20:01,Whole,335.6536210643786,0.0,5.95750595263442,,2222.103125,1115.5,5.153475450406895,0,74,80,0.07896057154982901,0.0,1.0,,0.0,0.0,,971.9626551561597,,,1148.782261154345,1162.497999458776,971.9626551561597,,,911.3551301809761
1720,raspberrypi,258.0,2023-09-02,02:20:01,Whole,1536.4108437099421,1.0,8.75928379171641,60.27574344736271,2715.55,2736.5666666666666,8.869265568359605,0,15,15,1941.5864635498426,0.0,0.825,,0.0,0.0,,1995.6447131366654,,,484.4018307395181,1127.6122396726028,1995.6447131366654,,,1888.7902993097803
1721,raspberrypi,392.0,2023-09-02,02:20:01,Whole,1141.354371025383,0.0,7.277727837127406,,3041.225,1859.8,5.712926231177924,0,11,5,0.08706108725280261,0.0,1.0,,0.0,0.0,,1856.0870464520294,,,918.9423269699612,1019.9421939484644,1856.0870464520294,,,1746.431213151746
1722,raspberrypi,525.0,2023-09-02,02:20:01,Whole,871.4840472320033,,6.77624975511252,,2467.0,2115.25,5.3146031506472085,0,2,1,,0.0,1.0,,0.0,0.0,,1427.0955829292889,,,305.1311136169073,960.4562861866674,1427.0955829292889,,,1295.7876256490079
1723,raspberrypi,887.0,2023-09-02,02:20:01,Whole,633.3975067525855,,2.364849293601452,,1384.75,1485.5,0.0023614519669530876,1,2,1,,0.0125,0.9875,,0.0,0.0125,,180.71006073984745,,,1007.6312227633309,1510.2212155052998,180.71006073984745,,,49.15875941862569
1724,raspberrypi,930.0,2023-09-02,02:20:01,Whole,916.5245645219117,,5.88359959094137,,1095.75,1289.0,5.88359959094137,0,1,1,,0.0125,0.9875,,0.0,0.0125,,0.0,,,1341.6501245190336,1773.642522523467,0.0,,,0.0
1725,raspberrypi,988.0,2023-09-02,02:20:01,Whole,826.1972561226993,,6.696008359737241,,1223.75,1115.25,5.154120359896648,0,2,1,,0.0125,0.9875,,0.0,0.0125,,61.14248218006762,,,1403.7433764256227,1737.4850212299602,61.14248218006762,,,39.62033652115045
1726,raspberrypi,997.0,2023-09-02,02:20:01,Whole,825.7440389323946,0.0,7.188586074686178,,1223.7670454545455,1116.6477272727273,5.15512834474996,0,30,22,0.0048443383705602415,0.275,0.725,,0.0,0.275,,60.322877482364554,,,1402.5641582383041,1736.9726907698432,60.322877482364554,,,39.233508894945544
1727,raspberrypi,17.0,2023-09-02,09:00:01,Whole,1757.5599257721385,,9.674936774721772,,2942.25,980.25,6.9588188650455285,0,2,1,,0.0,0.987012987012987,,0.0,0.0,,1701.8191925610465,,,1502.785219110197,975.6375982296029,1701.8191925610465,,,1642.9579915428594
1728,raspberrypi,220.0,2023-09-02,09:00:01,Whole,464.8240145689772,0.0,5.371218793216832,,1612.9301948051948,1201.5844155844156,5.851601365981428,0,63,77,0.08323734702540077,0.0,1.0,,0.0,0.0,,364.2367805433296,,,1147.8118135197594,1448.4171667826863,364.2367805433296,,,305.2386211163803
1729,raspberrypi,225.0,2023-09-02,09:00:01,Whole,496.2859894306565,,3.61271611537832,,1355.0,1023.75,1.6176345885221908,0,2,1,,0.0,1.0,,0.0,0.0,,207.71417388844196,,,1416.5099081493229,1680.856543683186,207.71417388844196,,,193.68382488247406
1730,raspberrypi,237.0,2023-09-02,09:00:01,Whole,669.6674323673773,0.0,7.343338000000375,,731.1052631578947,1913.6162280701753,5.851408124916642,0,61,57,0.02830056620013462,0.0,1.0,,0.0,0.0,,523.374920005955,,,1274.7841139067466,1949.6236413327251,523.374920005955,,,422.1022926145222
1731,raspberrypi,367.0,2023-09-02,09:00:01,Whole,669.9871625914252,,5.8518980646484104,,729.5,1912.0,5.8518980646484104,0,1,1,,0.0,1.0,,0.0,0.0,,522.7629585729005,,,1276.8713296491603,1951.1278064534606,522.7629585729005,,,421.8239576882877
1732,raspberrypi,441.0,2023-09-02,09:00:01,Whole,1540.8042401936104,,8.815112260532405,,2654.25,2087.75,7.209486506870938,0,3,2,,0.0,1.0,,0.0,0.0,,1609.0390591867556,,,550.8571619025945,993.5726113645592,1609.0390591867556,,,1486.2158322388136
1733,raspberrypi,653.0,2023-09-02,09:00:01,Whole,510.677516797351,,3.5916825507948977,,1193.25,2017.5,2.445495013275701,0,2,1,,0.0,1.0,,0.0,0.0,,544.3261728639978,,,809.4835980802604,1558.2906043778291,544.3261728639978,,,394.7583718997306
1734,raspberrypi,37.0,2023-09-02,00:10:01,Whole,1834.9355491754745,,9.85785672966782,,2978.5,2724.25,7.921165403765228,0,3,1,,0.0,1.0,,0.0,0.0,,2191.464123052612,,,725.0717385858036,1224.3885284287503,2191.464123052612,,,2052.635699699458
1735,raspberrypi,226.0,2023-09-02,00:10:01,Whole,415.3061395765179,0.5882352941176471,4.467211771122245,16.938957013646796,1978.420138888889,806.03125,1.254075993580029,0,131,36,93.45196977904166,0.0,0.75,,0.0,0.0,,839.5726868477839,,,1459.269325442014,1404.7249791061286,839.5726868477839,,,814.5764953114024
1736,raspberrypi,227.0,2023-09-02,00:10:01,Whole,509.8522840944359,1.0,2.927240898655894,7.835999338356629,1445.625,1103.3636363636363,2.8746652842348657,0,34,11,8.730011336230893,0.0125,0.8625,,0.0,0.0125,,238.3996341339698,,,1304.8274882855885,1590.1124615023177,238.3996341339698,,,217.23619157173115
1737,raspberrypi,228.0,2023-09-02,00:10:01,Whole,550.9581938929869,0.05063291139240506,4.981842249263238,18.40000172827508,1807.709375,1741.80625,3.554439683661301,0,252,80,34.20036421939054,0.0,0.95,,0.0,0.0,,671.0497791206755,,,573.9667403108812,1191.3409084163725,671.0497791206755,,,529.5576041207971
1738,raspberrypi,233.0,2023-09-02,00:10:01,Whole,199.06995218077395,0.12658227848101267,4.56950929676856,9.450337188969444,2132.8265625,1146.625,2.3243933772960235,0,252,80,29.192273443536624,0.0,0.875,,0.0,0.0,,879.920756411849,,,1112.4176503550957,1191.17168463663,879.920756411849,,,821.6787553178629
1739,raspberrypi,237.0,2023-09-02,00:10:01,Whole,588.5675889484176,0.3026315789473684,5.757965880406063,9.682580062940927,1753.6331168831168,652.9269480519481,2.3829257226422493,0,247,77,57.24160776022996,0.0,0.7125,,0.0,0.0,,740.8948145768675,,,1638.724951973425,1602.5662494805392,740.8948145768675,,,747.6106823874795
1740,raspberrypi,238.0,2023-09-02,00:10:01,Whole,648.4387883815328,1.0,5.439458702283405,107.44431679277754,1747.3,1462.26,1.671977015099755,0,88,25,4250.4495778242635,0.0,0.725,,0.0,0.0,,735.5764648894956,,,1014.9466360371188,1370.661656476278,735.5764648894956,,,573.9569809641054
1741,raspberrypi,250.0,2023-09-02,00:10:01,Whole,834.9915454426657,,5.040218591161503,,2744.25,1448.5,3.4590997566875936,0,3,1,,0.0,1.0,,0.0,0.0,,1486.509237110945,,,999.5929571437043,963.3473006059844,1486.509237110945,,,1396.7759562371791
1742,raspberrypi,366.0,2023-09-02,00:10:01,Whole,1404.7412605747124,,8.178543277546055,,2935.75,2203.75,6.342872315734816,0,4,1,,0.0,1.0,,0.0,0.0,,1881.6531919775443,,,678.4115105364433,1047.145302511955,1881.6531919775443,,,1756.44093462177
1743,raspberrypi,392.0,2023-09-02,00:10:01,Whole,1275.6479847123599,0.0,7.511802179776283,,3041.1838235294117,1860.0073529411766,5.981520115548471,0,63,17,0.005704670107244804,0.0,1.0,,0.0,0.0,,1856.1050538622344,,,918.7967959553789,1019.9602489712133,1856.1050538622344,,,1746.494102206394
1744,raspberrypi,441.0,2023-09-02,00:10:01,Whole,764.2605545384549,,5.563277618196536,,1321.5,1651.0,2.500214365367741,0,9,2,,0.025,0.975,,0.0,0.025,,245.05390021795563,,,921.9063206791046,1515.6562776277578,245.05390021795563,,,92.74899484539685
1745,raspberrypi,896.0,2023-09-02,00:10:01,Whole,588.6699266179696,,2.9552933734371503,,1503.25,818.75,1.4889311855731635,0,4,1,,0.0,1.0,,0.0,0.0,,449.47251603845035,,,1544.7823362836796,1671.107033817701,449.47251603845035,,,424.7757124002235
1746,raspberrypi,37.0,2023-09-01,23:00:01,Whole,1756.904808560594,,9.455551527464017,,2982.25,2724.25,6.988900905539018,0,6,1,,0.0,1.0,,0.0,0.0,,2194.461053816627,,,728.6572789737941,1226.0124893215996,2194.461053816627,,,2055.690771300515
1747,raspberrypi,106.0,2023-09-01,23:00:01,Whole,1179.700352105462,,6.850074795115005,,1176.0,2422.0,3.678557771676621,0,8,1,,0.0,1.0,,0.0,0.0,,943.5560386076081,,,727.505183254041,1575.7711563325322,943.5560386076081,,,796.7938696731325
1748,raspberrypi,110.0,2023-09-01,23:00:01,Whole,1161.398567447654,,5.861928548275938,,2414.0,2409.75,1.7722475604093464,0,7,1,,0.0,0.9873417721518988,,0.012658227848101266,0.0,,1553.741028415529,,,123.13825731518324,966.8085712225716,1553.741028415529,,,1411.9625538579696
1749,raspberrypi,221.0,2023-09-01,23:00:01,Whole,614.804117338917,0.8461538461538461,4.433163679047977,38.70369588720423,1746.636075949367,1810.8180379746836,2.2786519670859815,18,476,79,2602.2850741457655,0.3924050632911392,0.0,,0.4050632911392405,0.3924050632911392,,702.5256680801904,,,597.4027901322916,1261.1364702841997,702.5256680801904,,,423.8976179653373
1750,raspberrypi,224.0,2023-09-01,23:00:01,Whole,474.9424387169212,0.09210526315789473,4.3292846277739345,4.964320140999878,1623.6607142857142,1862.310064935065,1.3610916352965239,0,469,77,2.403966090905024,0.0,0.9113924050632911,,0.0,0.0,,601.3814429939354,,,563.2031623448577,1273.1852634228458,601.3814429939354,,,458.3733912077944
1751,raspberrypi,226.0,2023-09-01,23:00:01,Whole,569.2581996749153,0.11842105263157894,5.535417798814679,2.457195279576963,1887.1266233766235,859.4675324675325,1.707084982973375,0,469,77,0.6080530189892223,0.0,0.8860759493670886,,0.0,0.0,,731.6618727110629,,,1413.058248433213,1426.7811928540727,731.6618727110629,,,710.0197373505987
1752,raspberrypi,228.0,2023-09-01,23:00:01,Whole,304.65152214562903,0.20454545454545456,3.6685654090011517,5.89527284806702,1570.848404255319,1619.781914893617,1.3107911978323454,0,305,47,14.355245568131224,0.0,0.8860759493670886,,0.0,0.0,,406.82375484968327,,,791.7398662125355,1354.5852876859449,406.82375484968327,,,260.9910945277103
1753,raspberrypi,232.0,2023-09-01,23:00:01,Whole,659.5469312096673,1.0,5.522820732358032,114.70711877488748,1961.7045454545455,1746.075,2.113911123642063,0,350,55,7298.196651307833,0.0,0.31645569620253167,,0.0,0.0,,1008.9214647161455,,,783.3349788247494,1216.1688744409141,1008.9214647161455,,,881.6502030091904
1754,raspberrypi,233.0,2023-09-01,23:00:01,Whole,455.1016710563409,0.02564102564102564,4.9201517564227055,11.248257923255256,2123.1898734177216,1099.5332278481012,1.7205170607220224,0,476,79,3.755522075765565,0.0,0.9746835443037974,,0.0,0.0,,877.5953619850477,,,1159.284688468379,1211.2997426284455,877.5953619850477,,,821.7483117611916
1755,raspberrypi,236.0,2023-09-01,23:00:01,Whole,290.9277468196633,0.3974358974358974,4.532696265900453,8.690355090896281,1710.5601265822784,1146.4588607594937,1.2230012250765685,8,476,79,29.139964244385116,0.0,0.6075949367088608,,0.0,0.0,,469.6590246772855,,,1168.4641387718978,1409.7705402557208,469.6590246772855,,,417.35775789814625
1756,raspberrypi,237.0,2023-09-01,23:00:01,Whole,172.40544716834316,0.8604651162790697,3.2560677071315274,10.699882511724029,1729.6929347826087,1321.2635869565217,1.1313841458177039,5,285,46,200.9102079972414,0.0,0.5316455696202531,,0.0,0.0,,472.6540535876235,,,1002.2868331994302,1342.5290615284707,472.6540535876235,,,429.9440591170817
1757,raspberrypi,392.0,2023-09-01,23:00:01,Whole,1313.1687170009939,,6.8294954454320465,,3040.625,1859.875,5.020307678052478,0,13,2,,0.0,1.0,,0.0,0.0,,1855.532116328971,,,918.3946703774344,1019.7904844451962,1855.532116328971,,,1746.0374607278936
1758,raspberrypi,887.0,2023-09-01,23:00:01,Whole,422.2985781407367,1.0,3.004463690564845,13.362135059237264,1386.2727272727273,1376.6363636363637,0.06973549565666327,11,72,11,17.695282848183023,0.13924050632911392,0.8607594936708861,,0.0,0.13924050632911392,,148.9158243120995,,,1096.3043271189974,1539.6436548118018,148.9158243120995,,,37.878937024500914
1759,raspberrypi,220.0,2023-09-02,03:30:01,Whole,338.4513035522067,0.0,4.660016744873937,,1537.3512658227849,1848.5680379746836,1.100055886188203,0,397,79,0.046111098247338174,0.0,1.0,,0.0,0.0,,533.2730480281301,,,630.0196477228993,1330.2235678697336,533.2730480281301,,,383.49574207810474
1760,raspberrypi,224.0,2023-09-02,03:30:01,Whole,86.19867676537055,0.0,4.6043890413081385,,1458.66875,1435.578125,1.089934635773251,0,401,80,0.09556037986552039,1.0,0.0,,0.0,1.0,,227.4430133432815,,,1007.2786298183298,1473.748038979465,227.4430133432815,,,112.06508827859429
1761,raspberrypi,228.0,2023-09-02,03:30:01,Whole,888.9924642376118,0.0,7.432344481627436,,921.3101265822785,835.6028481012659,4.158104793833541,0,397,79,0.04286167080665287,0.9875,0.0125,,0.0,0.9875,,276.63174478360077,,,1805.7853523332838,2066.6657564608804,276.63174478360077,,,171.4462860746393
1762,raspberrypi,233.0,2023-09-02,03:30:01,Whole,887.4760960199743,0.0,5.872360416060762,,2295.0375,1122.8265625,4.610370516555445,0,401,80,0.11897013794185646,0.0,1.0,,0.0,0.0,,1042.7287815959385,,,1150.1930605147209,1130.4422043804088,1042.7287815959385,,,980.2876067693676
1763,raspberrypi,236.0,2023-09-02,03:30:01,Whole,136.57089757869144,0.0,4.494065574021213,,1470.5234375,1646.2984375,1.089934635773251,0,401,80,0.06765314147247638,0.0,1.0,,0.0,0.0,,342.2751625389929,,,827.6379181897471,1413.534372742849,342.2751625389929,,,199.02360338144442
1764,raspberrypi,237.0,2023-09-02,03:30:01,Whole,699.0565437842248,0.0,5.99681874544306,,1259.6171875,2169.7296875,2.1925181337863022,0,401,80,0.14498955384172868,0.0,1.0,,0.0,0.0,,705.9530559245859,,,690.2180655557142,1497.9837531188762,705.9530559245859,,,554.9445092329051
1765,raspberrypi,392.0,2023-09-02,03:30:01,Whole,1581.5221897970303,,8.551517201562236,,3040.75,1859.0,5.41165548840148,0,6,1,,0.0,1.0,,0.0,0.0,,1855.4093740559374,,,918.967333049882,1019.7007102927761,1855.4093740559374,,,1745.956652637984
1766,raspberrypi,525.0,2023-09-02,03:30:01,Whole,694.0139055059132,,4.5582970248988905,,1762.0,870.75,3.044063976068916,0,6,1,,0.0,1.0,,0.0,0.0,,618.0961580184171,,,1423.1865550316036,1491.3314415738846,618.0961580184171,,,607.8823185030703
1767,raspberrypi,987.0,2023-09-02,03:30:01,Whole,1682.3161269231275,,9.05208113853063,,2631.25,2755.5,7.335631522204122,0,6,1,,0.0,1.0,,0.0,0.0,,1945.6038192073574,,,416.6351044312543,1101.7625035225024,1945.6038192073574,,,1800.7370762670544
1768,raspberrypi,17.0,2023-09-01,18:30:01,Whole,1302.091092560239,,8.476986225353215,,3090.75,373.75,2.7654243086891843,0,7,1,,0.0,0.9875,,0.0,0.0,,2021.6297685270044,,,2109.371903137539,1290.6422773932175,2021.6297685270044,,,1996.408774935859
1769,raspberrypi,37.0,2023-09-01,18:30:01,Whole,1827.6457319317822,,10.783696954646006,,2980.5,2725.25,8.483762655755976,0,6,1,,0.0,1.0,,0.0,0.0,,2193.6628664557666,,,727.277217574848,1225.6927661036495,2193.6628664557666,,,2054.8448350625054
1770,raspberrypi,221.0,2023-09-01,18:30:01,Whole,266.99586012696955,0.0,6.081707379261207,,2304.559375,1227.053125,1.2136713377276394,0,417,80,0.07914186059584122,0.0,1.0,,0.0,0.0,,1042.4733530623657,,,1048.7198223346963,1097.1910766876354,1042.4733530623657,,,969.7689282156854
1771,raspberrypi,224.0,2023-09-01,18:30:01,Whole,865.153893029427,1.0,6.151840806756434,29.021873628676357,1312.1464285714285,1588.7178571428572,3.3569352924775253,0,199,35,558.3808389926895,0.35,0.575,,0.0,0.35,,211.11872990437894,,,976.4238133703492,1538.7680567330544,211.11872990437894,,,13.462272921081876
1772,raspberrypi,228.0,2023-09-01,18:30:01,Whole,637.1171260602124,0.0,7.270344257135742,,1871.4086538461538,541.2660256410256,3.135582967714309,0,413,78,0.15680399153332375,0.0,1.0,,0.0,0.0,,901.8816479677242,,,1730.7452103628805,1598.4306643308782,901.8816479677242,,,885.6893668508122
1773,raspberrypi,229.0,2023-09-01,18:30:01,Whole,1454.645589262386,0.0,9.29062072705706,,3451.0743670886077,769.878164556962,6.3727317506490735,0,415,79,0.03680095688812341,0.0,0.0125,,0.0,0.0,,2240.3111539249735,,,1964.6206104018202,1121.634182339779,2240.3111539249735,,,2187.889236515003
1774,raspberrypi,230.0,2023-09-01,18:30:01,Whole,79.39376782736123,0.35443037974683544,6.035224744043999,4.13687163755364,2101.3625,1096.11875,1.2136713377276394,0,417,80,5.540834757522222,0.0,0.65,,0.0,0.0,,856.9688860960862,,,1162.4878307818763,1222.5818751546594,856.9688860960862,,,801.4449645977269
1775,raspberrypi,232.0,2023-09-01,18:30:01,Whole,1136.8402759252292,0.0,9.028236780425985,,980.2802419354839,762.8427419354839,4.73976399416216,0,353,62,0.04820710408603669,0.0,1.0,,0.0,0.0,,333.82803419330116,,,1831.962516976639,2054.1019453936888,333.82803419330116,,,232.54267298730554
1776,raspberrypi,234.0,2023-09-01,18:30:01,Whole,1452.3923267557198,0.0,8.495587766940199,,1234.15625,2356.4625,7.836856862104619,0,241,40,0.006335410559541244,0.0,1.0,,0.0,0.0,,885.3018341739928,,,674.2873747999565,1521.8252452723,885.3018341739928,,,736.1747845061757
1777,raspberrypi,237.0,2023-09-01,18:30:01,Whole,1212.60251982495,1.0,7.504377107585809,11.685779590505783,1095.860294117647,1903.4926470588234,2.552625756806444,0,109,17,43.03268782587122,0.0,0.825,,0.0,0.0,,422.4864988891254,,,949.2468053901645,1646.68164182337,422.4864988891254,,,252.82298807294248
1778,raspberrypi,258.0,2023-09-01,18:30:01,Whole,1254.9054884750474,,6.249805715682639,,3131.5,520.5,2.0930244993796543,0,5,1,,0.0,0.9875,,0.0,0.0,,2003.5307530099813,,,1996.7418440538024,1156.2844020639482,2003.5307530099813,,,1969.414412669814
1779,raspberrypi,366.0,2023-09-01,18:30:01,Whole,1376.4290488014442,0.0,8.73622978647541,,2937.725,2203.5833333333335,6.0073202599083535,0,94,15,0.00013610521865441906,0.0,1.0,,0.0,0.0,,1883.352419296949,,,680.3515977063165,1047.7186561103122,1883.352419296949,,,1758.2705169695641
1780,raspberrypi,441.0,2023-09-01,18:30:01,Whole,1704.3774564349858,,10.221174975188072,,2627.5,2756.25,8.070951833858052,0,7,1,,0.0,1.0,,0.0,0.0,,1943.3873091684068,,,413.745600333121,1100.7531418857607,1943.3873091684068,,,1798.4497583522764
1781,raspberrypi,653.0,2023-09-01,18:30:01,Whole,634.7604556532608,,4.732744488853523,,1508.25,819.25,2.3601711150574083,0,5,1,,0.0,1.0,,0.0,0.0,,452.51505332226674,,,1542.6083124362522,1667.7187506108678,452.51505332226674,,,428.556615459947
1782,raspberrypi,657.0,2023-09-01,18:30:01,Whole,636.3802880518015,,4.437939805581503,,1506.5,819.0,2.3701939288042384,0,6,1,,0.0,1.0,,0.0,0.0,,451.5006802320644,,,1543.438398808571,1668.9384979915371,451.5006802320644,,,427.27471957022226
1783,raspberrypi,987.0,2023-09-01,18:30:01,Whole,1703.7971248822935,0.0,10.16636917187603,,2624.75,2756.625,8.064241934808729,0,26,5,0.0,0.0,1.0,,0.0,0.0,,1941.6446597369031,,,411.5460506463476,1099.9423913090054,1941.6446597369031,,,1796.658112158377
1784,raspberrypi,37.0,2023-09-01,23:15:01,Whole,1898.3729046611934,,10.27243382959406,,2979.5,2724.3333333333335,8.23705656392405,0,19,3,,0.0,1.0,,0.0,0.0,,2192.3131979860846,,,726.0522004246008,1224.857869401329,2192.3131979860846,,,2053.0429224981135
1785,raspberrypi,224.0,2023-09-01,23:15:01,Whole,617.6215592961452,0.0,4.0832452129209615,,1620.4724025974026,1886.8636363636363,1.563216056813066,0,434,77,0.0710795623864879,0.0,1.0,,0.0,0.0,,616.9481682428691,,,546.2566323051797,1271.0236627482177,616.9481682428691,,,468.8458375069757
1786,raspberrypi,226.0,2023-09-01,23:15:01,Whole,485.9347966295865,0.0,5.392570692572741,,1897.1628289473683,820.4013157894736,1.1029487400489904,0,432,76,0.02466852483377399,0.0,1.0,,0.0,0.0,,758.7648381324798,,,1450.5363726618016,1439.3593201094359,758.7648381324798,,,744.9935209847351
1787,raspberrypi,228.0,2023-09-01,23:15:01,Whole,329.87465700361923,0.0,3.645617306653006,,1613.185855263158,1584.266447368421,1.5629878134065143,3,432,76,0.0786977127535904,0.0,1.0,,0.0,0.0,,425.440037633355,,,800.524935959537,1336.6308037679714,425.440037633355,,,297.1391780066625
1788,raspberrypi,230.0,2023-09-01,23:15:01,Whole,661.6834527878585,,4.123685571868623,,1233.75,1701.75,2.0510069748152926,0,6,1,,0.01282051282051282,0.9871794871794872,,0.0,0.01282051282051282,,248.36548186832152,,,950.6735681582913,1569.7069290149984,248.36548186832152,,,94.29823380283878
1789,raspberrypi,232.0,2023-09-01,23:15:01,Whole,528.9183512135202,0.0,3.1254045611578913,,1431.142857142857,1706.232142857143,1.0514670283197787,3,46,7,0.16045208908671618,0.038461538461538464,0.9615384615384616,,0.0,0.038461538461538464,,358.770094077161,,,807.9750141328417,1428.1596771063491,358.770094077161,,,228.18393816084054
1790,raspberrypi,233.0,2023-09-01,23:15:01,Whole,440.8416953584581,0.0,5.108994930667228,,2147.4166666666665,1101.451923076923,1.9432968809806253,0,438,78,0.08462675873197263,0.0,1.0,,0.0,0.0,,900.9485114102422,,,1158.0174933236128,1199.6655712064976,900.9485114102422,,,843.2094520781006
1791,raspberrypi,236.0,2023-09-01,23:15:01,Whole,15.518178858845738,0.0,3.9930345132708553,,1757.6363636363637,1291.2938311688313,1.686929947698948,0,435,77,0.08770153129258464,0.0,1.0,,0.0,0.0,,498.367806909535,,,1016.207985881263,1333.436067143365,498.367806909535,,,419.45896851075736
1792,raspberrypi,237.0,2023-09-01,23:15:01,Whole,574.3926008160199,0.0,5.727050257623136,,1715.3253205128206,708.3605769230769,1.1029487400489904,0,438,78,0.04701939022537674,0.0,1.0,,0.0,0.0,,675.8679343298423,,,1591.7705453246306,1595.7844088018253,675.8679343298423,,,662.1319763242557
1793,raspberrypi,319.0,2023-09-01,23:15:01,Whole,533.3584557301799,,3.2704981635715082,,1217.0,1355.75,1.6033213871814342,0,8,1,,0.01282051282051282,0.9871794871794872,,0.0,0.01282051282051282,,50.365573545701395,,,1212.7947300839417,1664.5467755851282,50.365573545701395,,,0.0
1794,raspberrypi,392.0,2023-09-01,23:15:01,Whole,1418.353072560586,,7.889605490095813,,3040.625,1859.625,6.049920608226622,0,10,2,,0.0,1.0,,0.0,0.0,,1855.4627604528068,,,918.5280353609198,1019.7552365711604,1855.4627604528068,,,1745.9796056222872
1795,raspberrypi,441.0,2023-09-01,23:15:01,Whole,1270.3379842247466,,6.953354725329285,,1182.25,2420.75,3.566761869604058,0,6,1,,0.0,1.0,,0.0,0.0,,942.8775722349867,,,721.3035942654408,1570.3889167031007,942.8775722349867,,,795.8732070278674
1796,raspberrypi,887.0,2023-09-01,23:15:01,Whole,756.0324409825685,1.0,4.94858592188777,5.90950074284997,1083.45703125,1644.3515625,2.670810105739261,0,204,32,2.321348770170429,0.41025641025641024,0.5897435897435898,,0.0,0.41025641025641024,,168.1273442184066,,,1102.9401927456627,1695.4431957675033,168.1273442184066,,,25.948136217607185
1797,raspberrypi,987.0,2023-09-01,23:15:01,Whole,544.9243886073758,1.0,3.326475171412171,28.81398993736795,1286.1785714285713,1561.0,1.2234105804862654,0,48,7,2.400813194906315,0.07692307692307693,0.9230769230769231,,0.0,0.07692307692307693,,171.44471391411247,,,1014.7464248828107,1563.0407764467227,171.44471391411247,,,0.0
1798,raspberrypi,37.0,2023-09-02,04:50:01,Whole,2044.2750332505373,,10.89423850261847,,2981.75,2724.25,9.080453155113105,0,5,1,,0.0,1.0,,0.0,0.0,,2194.0613405378217,,,728.1791314601885,1225.795755547778,2194.0613405378217,,,2055.283308457006
1799,raspberrypi,221.0,2023-09-02,04:50:01,Whole,773.2525873096849,0.0,8.016840067325239,,934.3306962025315,811.1582278481013,3.104766251460133,0,269,79,0.10783883630236844,1.0,0.0,,0.0,1.0,,296.30486296865854,,,1818.0497219253673,2067.180523277864,296.30486296865854,,,191.85545803959153
1800,raspberrypi,224.0,2023-09-02,04:50:01,Whole,775.8688467049338,0.0,6.795221755941146,,1217.4886363636363,1921.2272727272727,4.945098701192774,0,238,66,0.03272713118264779,0.0,1.0,,0.0,0.0,,454.3153234753371,,,834.077308962197,1548.6900844259603,454.3153234753371,,,302.9265970902177
1801,raspberrypi,225.0,2023-09-02,04:50:01,Whole,242.18089214828967,0.0,5.929913191096499,,1503.1724683544303,1006.1661392405064,3.1030936363998882,0,269,79,0.05987215658310483,0.0,1.0,,0.0,0.0,,332.36292339407674,,,1370.0107212105497,1590.3864585798124,332.36292339407674,,,326.0971904265008
1802,raspberrypi,233.0,2023-09-02,04:50:01,Whole,727.0966088610938,0.0,6.061693960361167,,2295.9462025316457,1105.0189873417721,4.123764386481012,0,269,79,0.04454126046917388,0.0,1.0,,0.0,0.0,,1046.1415644882695,,,1167.94340352851,1135.6123997132322,1046.1415644882695,,,985.5321803050151
1803,raspberrypi,234.0,2023-09-02,04:50:01,Whole,267.68100105845804,0.0,5.2061096225902475,,1718.3346774193549,1465.1814516129032,2.6163005252066878,0,126,31,0.004466859224194826,0.0,1.0,,0.0,0.0,,480.7477058352643,,,863.942045630358,1304.8758305200058,480.7477058352643,,,373.321243126049
1804,raspberrypi,392.0,2023-09-02,04:50:01,Whole,1587.875105597489,0.0,8.64995779376413,,3040.576923076923,1860.1346153846155,5.475068688425237,0,48,13,2.1121281888906928e-26,0.0,1.0,,0.0,0.0,,1855.5580669378255,,,918.2155582201696,1019.8141753254,1855.5580669378255,,,1746.0321930946263
1805,raspberrypi,106.0,2023-09-02,08:35:01,Whole,566.2895847532425,,,,1196.0,1844.0,,0,0,1,,0.0,1.0,,0.0,0.0,,374.37341851803274,,,893.8204388314939,1575.0224889635103,374.37341851803274,,,223.13064240400323
1806,raspberrypi,237.0,2023-09-02,08:35:01,Whole,981.0122146752163,0.0,11.784943649711847,,756.0,1853.7954545454545,11.784943649711847,0,1,11,0.005038748466251596,0.0,1.0,,0.0,0.0,,459.84650491872173,,,1275.0499370518505,1933.235157102998,459.84650491872173,,,359.7880235292961
1807,raspberrypi,392.0,2023-09-02,08:35:01,Whole,1346.562030323708,,10.672494205103936,,3038.6666666666665,1859.8333333333333,10.672494205103936,0,2,3,,0.0,1.0,,0.0,0.0,,1853.6415713588626,,,916.7610828343169,1019.2568276454608,1853.6415713588626,,,1743.6981092778747
1808,raspberrypi,425.0,2023-09-02,08:35:01,Whole,1086.2486197482272,,,,2674.375,2581.5,,0,0,2,,0.0,1.0,,0.0,0.0,,1863.869105840796,,,394.33792079898313,1055.6517524436229,1863.869105840796,,,1723.0494418058297
1809,raspberrypi,896.0,2023-09-02,08:35:01,Whole,261.6289716373168,,,,1541.25,1881.25,,0,0,1,,0.0,1.0,,0.0,0.0,,560.9783198754117,,,603.631902435952,1322.3082083747395,560.9783198754117,,,410.3683114983696
1810,raspberrypi,987.0,2023-09-02,08:35:01,Whole,983.5161085674865,0.0,9.560044760496027,,2463.035714285714,2451.75,9.560044760496027,0,1,7,2.3873411589756188e-27,0.0,1.0,,0.0,0.0,,1645.0696868144373,,,445.00129684141854,1113.8104064963782,1645.0696868144373,,,1688.637301326357
1811,raspberrypi,37.0,2023-09-01,18:55:01,Whole,2129.0072053440986,,12.033707007148534,,2624.0,2756.5,9.643387257589064,0,5,1,,0.0,1.0,,0.0,0.0,,1941.0137083914738,,,410.8335043058809,1099.6276185635695,1941.0137083914738,,,1796.0175767902642
1812,raspberrypi,60.0,2023-09-01,18:55:01,Whole,525.5847803856183,,3.126098448798503,,1195.0,543.75,0.01024857147938812,1,7,1,,0.0,1.0,,0.0,0.0,,557.85030358054,,,1917.6969291245866,2007.7162031267271,557.85030358054,,,474.93126658921494
1813,raspberrypi,80.0,2023-09-01,18:55:01,Whole,705.361494407976,,3.5921232512193093,,991.25,513.5,0.004868027043832486,1,5,1,,0.0,1.0,,0.0,0.0,,579.5061041300845,,,2038.7251339443326,2163.8572386507403,579.5061041300845,,,480.6815400650786
1814,raspberrypi,223.0,2023-09-01,18:55:01,Whole,327.6886901587096,,3.258129983256263,,1607.25,1201.5,1.2164893075972256,0,12,2,,0.0,1.0,,0.0,0.0,,364.92606352609414,,,1153.6938340625918,1454.8988082566605,364.92606352609414,,,310.2217917577222
1815,raspberrypi,224.0,2023-09-01,18:55:01,Whole,647.1080596045366,1.0,4.68677326882906,21.495400023929403,1345.03125,1498.74375,3.5206349004510646,1,118,20,284.7726543563256,0.25,0.75,,0.0,0.25,,169.5854960323687,,,1021.4744093448483,1535.508832836735,169.5854960323687,,,55.304194747663246
1816,raspberrypi,226.0,2023-09-01,18:55:01,Whole,438.9697325437834,0.0759493670886076,5.356474619881313,3.108809807290026,2011.0015625,988.6109375,1.9771584689468304,0,360,80,0.7317346819307703,0.0,0.925,,0.0,0.0,,795.9618966399607,,,1272.594715662588,1306.705986979532,795.9618966399607,,,758.2244156613654
1817,raspberrypi,234.0,2023-09-01,18:55:01,Whole,706.1296351231317,0.0,6.035485125153043,,990.4343220338983,513.3432203389831,1.0748538544527981,1,296,59,0.0313497605575593,0.0,1.0,,0.0,0.0,,579.7393296576593,,,2039.265686252023,2164.512642272107,579.7393296576593,,,480.9313521343173
1818,raspberrypi,236.0,2023-09-01,18:55:01,Whole,149.8949657814697,0.9746835443037974,5.069345919387049,25.876112361656567,1661.6515625,946.1328125,1.55526855867935,0,360,80,450.16513279656965,0.0,0.0375,,0.0,0.0,,500.8357048377275,,,1377.7628535113226,1520.0099771611683,500.8357048377275,,,489.357919002364
1819,raspberrypi,237.0,2023-09-01,18:55:01,Whole,347.0698366401277,0.48717948717948717,5.86439820565881,13.469317685623563,1814.8164556962026,644.5791139240506,1.7527376423081655,0,358,79,114.59140153465962,0.0,0.525,,0.0,0.0,,791.8332121885207,,,1636.9730437034104,1572.9810806977318,791.8332121885207,,,751.8630033449297
1820,raspberrypi,239.0,2023-09-01,18:55:01,Whole,523.567355402039,0.0,6.040190884704247,,1196.0039682539682,545.6369047619048,1.0751610705178363,1,297,63,0.034345820683101,0.0,1.0,,0.0,0.0,,556.1823065718818,,,1915.5619657030902,2006.0665109840497,556.1823065718818,,,473.3188082335446
1821,raspberrypi,258.0,2023-09-01,18:55:01,Whole,811.8539076360127,1.0,4.929347372385366,111.26544482652228,1569.358695652174,1632.804347826087,2.164543490901703,2,244,46,14373.87709786105,0.1375,0.4375,,0.1,0.1375,,578.4434930404859,,,832.9790757063739,1409.116339034429,578.4434930404859,,,305.48231675667927
1822,raspberrypi,336.0,2023-09-01,18:55:01,Whole,1681.8692175023862,,9.086316516983686,,2865.0,1986.75,6.756278905095666,0,4,1,,0.0,1.0,,0.0,0.0,,1729.786987255181,,,702.2673338734371,994.9097501853028,1729.786987255181,,,1611.9181295461563
1823,raspberrypi,366.0,2023-09-01,18:55:01,Whole,1882.19730740075,,9.688010073331562,,2938.5,2204.25,7.863664248069481,0,5,1,,0.0,1.0,,0.0,0.0,,1884.340794168238,,,680.9039525176604,1048.0904742142855,1884.340794168238,,,1759.1585484130178
1824,raspberrypi,392.0,2023-09-01,18:55:01,Whole,1747.786433073092,,9.195724895766082,,3041.5,1860.5,6.940878864299802,0,4,1,,0.0,1.0,,0.0,0.0,,1856.5451986312753,,,918.8017642621653,1020.1154918155582,1856.5451986312753,,,1747.0334415787058
1825,raspberrypi,653.0,2023-09-01,18:55:01,Whole,1908.8122854808282,,9.757876871869241,,2675.25,2464.5,5.053305933984183,0,7,1,,0.0,1.0,,0.0,0.0,,1793.3064235562315,,,381.38197786090444,1026.1718429492835,1793.3064235562315,,,1655.2724182101192
1826,raspberrypi,683.0,2023-09-01,18:55:01,Whole,434.08907660734417,,3.0608017098711247,,1153.5,976.0,2.23312775565713,0,5,1,,0.0125,0.9875,,0.0,0.0125,,134.08106983866827,,,1558.8277604135544,1839.9151044758178,134.08106983866827,,,61.5271936073502
1827,raspberrypi,707.0,2023-09-01,18:55:01,Whole,890.6072934496583,,4.285989868025447,,1483.5,1785.75,0.06939116096507442,1,7,1,,0.0,1.0,,0.0,0.0,,450.63849321867497,,,712.7044021061681,1376.8519744035239,450.63849321867497,,,300.7740840217374
1828,raspberrypi,772.0,2023-09-01,18:55:01,Whole,1461.0814083505215,,8.220229986769157,,2170.75,2237.25,6.4859189630665695,0,5,1,,0.0,0.9875,,0.0125,0.0,,1256.7947751588056,,,33.06778689188482,981.3027524976999,1256.7947751588056,,,1114.1419699127632
1829,raspberrypi,987.0,2023-09-01,18:55:01,Whole,388.90402788745894,,3.049516772923594,,1217.0,1037.5,2.1366358629242628,0,5,1,,0.0125,0.9875,,0.0,0.0125,,110.17722438677852,,,1472.9325733500657,1770.9598045911366,110.17722438677852,,,64.9278701803679
1830,raspberrypi,37.0,2023-09-01,23:10:01,Whole,1902.0260632462414,,10.027710546636236,,2982.5,2724.25,8.183276059797661,0,7,1,,0.0,1.0,,0.0,0.0,,2194.6609245729087,,,728.8963614017086,1226.1208799408976,2194.6609245729087,,,2055.8945165443943
1831,raspberrypi,190.0,2023-09-01,23:10:01,Whole,1099.1835632615096,,5.988752311265293,,2415.5,1544.5,4.036131908422867,2,14,2,,0.0,1.0,,0.0,0.0,,1363.1674762590794,,,1139.1107206741963,1318.5374871209638,1363.1674762590794,,,1299.1521885998084
1832,raspberrypi,221.0,2023-09-01,23:10:01,Whole,514.8580752867426,0.0,5.301782541949354,,1340.215625,1631.35625,1.4337794377431132,0,477,80,0.14343420697632306,1.0,0.0,,0.0,1.0,,240.74261049863622,,,923.3397438771033,1506.5034036625325,240.74261049863622,,,90.10376033467236
1833,raspberrypi,224.0,2023-09-01,23:10:01,Whole,605.380987665927,0.0,5.098233516201492,,1637.1953125,1892.146875,1.6341583698509479,0,477,80,0.09814673061225755,0.0,1.0,,0.0,0.0,,632.2243509025207,,,531.5032993044631,1259.8935620014993,632.2243509025207,,,484.8874928544654
1834,raspberrypi,226.0,2023-09-01,23:10:01,Whole,499.78452375227596,0.0,5.401641860823615,,1898.98125,823.7921875,1.1204717081911315,1,477,80,0.030013117573423162,0.0,1.0,,0.0,0.0,,758.6981823838408,,,1446.9491821882436,1436.7931067444465,758.6981823838408,,,744.4668710689915
1835,raspberrypi,228.0,2023-09-01,23:10:01,Whole,306.41799398478554,0.015625,4.3120197667771105,2.692582403567252,1612.469696969697,1577.1780303030303,1.4323370316770787,0,406,66,0.13686189305079455,0.0,0.9875,,0.0,0.0,,421.5827041906548,,,807.0681107214449,1338.7779118780882,421.5827041906548,,,294.0190886260481
1836,raspberrypi,233.0,2023-09-01,23:10:01,Whole,460.16278371850694,0.0,5.009072525532295,,2147.1140625,1101.7140625,1.924252878659893,0,477,80,0.10117155554810671,0.0,1.0,,0.0,0.0,,900.6075049895816,,,1157.7446086793943,1199.7117295913843,900.6075049895816,,,842.8720510672499
1837,raspberrypi,236.0,2023-09-01,23:10:01,Whole,46.5736611923973,0.02564102564102564,4.466043353440207,2.8777161083053344,1762.501582278481,1326.0490506329113,1.509846866132795,0,473,79,0.24303709100812215,0.0,0.975,,0.0,0.0,,503.81447818077254,,,981.4991052103886,1319.8925866680224,503.81447818077254,,,418.93916876323465
1838,raspberrypi,237.0,2023-09-01,23:10:01,Whole,586.6317564812638,0.0,5.885245058220973,,1715.7873376623377,707.2775974025974,1.1204717081911315,1,462,77,0.08681200646656279,0.0,1.0,,0.0,0.0,,676.9212430324725,,,1592.7294691302632,1596.0630076862972,676.9212430324725,,,663.1199645842664
1839,raspberrypi,392.0,2023-09-01,23:10:01,Whole,1429.0593771400377,,7.720112388659522,,3041.25,1859.5,6.051844317790184,0,6,1,,0.0,1.0,,0.0,0.0,,1856.0277946179544,,,919.1233169436973,1019.9064176103838,1856.0277946179544,,,1746.55870878416
1840,raspberrypi,541.0,2023-09-01,23:10:01,Whole,1468.2240222736039,,8.145363818958119,,2428.25,2584.75,5.427679198235793,0,8,1,,0.0,0.9875,,0.0125,0.0,,1680.8727426364321,,,159.22749431509612,989.761388491121,1680.8727426364321,,,1535.6319623807974
1841,raspberrypi,987.0,2023-09-01,23:10:01,Whole,743.0156245919748,0.0,5.227687086844106,,1008.125,1113.5,3.1750837349028833,0,70,10,8.643953359720823e-27,0.125,0.875,,0.0,0.125,,45.564987422274626,,,1532.49796359325,1896.0482300091644,45.564987422274626,,,0.0
1842,raspberrypi,37.0,2023-09-02,06:10:01,Whole,1894.8332791696632,,10.152999418075748,,2980.5,2724.875,5.193065378354293,0,8,2,,0.0,1.0,,0.0,0.0,,2193.438003869118,,,727.1676774516781,1225.5285424444437,2193.438003869118,,,2054.6277102317354
1843,raspberrypi,221.0,2023-09-02,06:10:01,Whole,906.6714158856773,0.01282051282051282,8.07809258168742,2.0155644370746373,1224.3243670886077,560.5363924050633,2.201143724942811,0,257,79,0.14912081092068508,0.0,0.9875,,0.0,0.0,,547.315797441109,,,1890.074644054676,1979.3615002946042,547.315797441109,,,467.69487864096254
1844,raspberrypi,226.0,2023-09-02,06:10:01,Whole,237.73752101638917,1.0,5.149945489762272,95.41789386134948,1573.2867647058824,1396.9705882352941,4.588127364056252,0,68,17,4290.898205357418,0.0375,0.8,,0.0,0.0375,,378.2600544429414,,,997.9179970189124,1419.7713491186075,378.2600544429414,,,313.43384997368605
1845,raspberrypi,230.0,2023-09-02,06:10:01,Whole,430.4184095449942,,5.403287087244745,,1300.25,1529.5,4.432041266196806,0,4,1,,0.0125,0.9875,,0.0,0.0125,,142.82666544611322,,,1025.9666537744383,1558.362312164841,142.82666544611322,,,0.0
1846,raspberrypi,233.0,2023-09-02,06:10:01,Whole,960.6560100601166,,6.6190202539064265,,735.25,1471.75,3.5826818149657305,0,4,1,,0.0125,0.9875,,0.0,0.0125,,207.0788776155492,,,1484.766482392828,2011.1286637480603,207.0788776155492,,,173.9397581285131
1847,raspberrypi,236.0,2023-09-02,06:10:01,Whole,892.4368622155811,0.0,6.185837326956086,,2540.284375,1601.375,4.778341760873016,0,259,80,0.09288373803486925,0.0,1.0,,0.0,0.0,,1308.0057333596974,,,764.8770638465946,974.4021485540279,1308.0057333596974,,,1205.8582148282999
1848,raspberrypi,237.0,2023-09-02,06:10:01,Whole,989.3432269424004,0.0,8.056153185321602,,864.8515625,789.8203125,2.2012179499724644,0,259,80,0.05514712414675552,0.0,1.0,,0.0,0.0,,339.11360326246034,,,1876.1038273810038,2128.10787975325,339.11360326246034,,,233.1760637839968
1849,raspberrypi,258.0,2023-09-02,06:10:01,Whole,1144.2615226930427,0.5405405405405406,5.565771665866891,54.96687473659124,2124.585,2377.595,4.774891358502762,2,249,75,4225.450122234556,0.0,0.0625,,0.825,0.0,,1329.1365398501353,,,65.44484951687586,1008.053609091349,1329.1365398501353,,,1114.367653101083
1850,raspberrypi,392.0,2023-09-02,06:10:01,Whole,1449.890996021111,,8.19695700342044,,3040.25,1860.5,2.906224103930839,0,4,1,,0.0,1.0,,0.0,0.0,,1855.3458965896805,,,917.7440821037851,1019.7773759549656,1855.3458965896805,,,1745.8174941447521
1851,raspberrypi,820.0,2023-09-02,06:10:01,Whole,1116.3724898242094,,6.404355337363615,,2050.75,2395.75,0.09992573953408666,1,4,1,,0.0,0.9875,,0.0125,0.0,,1282.5807230325286,,,0.0,996.095320653516,1282.5807230325286,,,1133.7616403827972
1852,raspberrypi,954.0,2023-09-02,06:10:01,Whole,1098.2306117050996,,6.3539513115538035,,2011.5,2389.5,0.06873981286500593,1,4,1,,0.0,0.9875,,0.0125,0.0,,1252.0976367210958,,,0.0,1009.4201945021556,1252.0976367210958,,,1102.643868285207
1853,raspberrypi,973.0,2023-09-02,06:10:01,Whole,332.61008764330353,,5.299251014546096,,1529.75,1633.5,4.668587100944378,0,4,1,,0.0,1.0,,0.0,0.0,,380.6013283901813,,,802.8884709917895,1377.5487197887408,380.6013283901813,,,242.25457118017275
1854,raspberrypi,221.0,2023-09-02,04:55:01,Whole,669.230844741759,0.0,4.008909747062618,,941.7894736842105,783.9967105263158,2.6698507949799555,3,277,76,0.06620181956556855,0.0,1.0,,0.0,0.0,,320.68397685201353,,,1836.016365482028,2073.213673710109,320.68397685201353,,,216.928134346142
1855,raspberrypi,224.0,2023-09-02,04:55:01,Whole,688.4333510715179,0.0,5.392669378446298,,1225.0348101265822,1930.857594936709,3.3112258492966093,0,282,79,0.10508065591363981,0.0,1.0,,0.0,0.0,,465.36298290591344,,,822.6455028398299,1541.7846793096412,465.36298290591344,,,313.6391680675549
1856,raspberrypi,225.0,2023-09-02,04:55:01,Whole,366.7591471958568,0.07692307692307693,3.5703543142320373,4.238058070110551,1619.9287974683543,968.9905063291139,2.2865250215646014,1,282,79,1.2647644008773122,0.0,0.9240506329113924,,0.0,0.0,,448.63214601344987,,,1364.7894243564713,1532.7070804878476,448.63214601344987,,,436.79010501618006
1857,raspberrypi,228.0,2023-09-02,04:55:01,Whole,332.765788597524,1.0,3.224292627401225,19.877577817959196,1267.872159090909,970.2585227272727,1.6139075889176142,2,173,44,209.81025143650817,0.4936708860759494,0.4430379746835443,,0.0,0.4936708860759494,,209.7449928171814,,,1505.3117317429417,1763.7140923735856,209.7449928171814,,,151.29167267843954
1858,raspberrypi,233.0,2023-09-02,04:55:01,Whole,213.30350824634792,1.0,2.5363546483450343,23.13201845446648,1318.0,1072.375,1.0100290249765804,2,20,4,1.7235033057268666e-26,0.05063291139240506,0.9493670886075949,,0.0,0.05063291139240506,,152.0985575923345,,,1391.4546463939796,1687.5010789472663,152.0985575923345,,,142.2343851775673
1859,raspberrypi,234.0,2023-09-02,04:55:01,Whole,398.6006436486947,0.0,4.322604735333114,,1715.1352459016393,1517.5532786885246,2.8724099817555424,0,230,61,0.03026807000793505,0.0,1.0,,0.0,0.0,,492.5208747093575,,,816.440000506229,1292.935599702565,492.5208747093575,,,377.7251573620972
1860,raspberrypi,355.0,2023-09-02,04:55:01,Whole,668.5559226009976,,2.831864121962538,,942.5,784.25,0.0036828506462055085,1,5,1,,0.0,1.0,,0.0,0.0,,320.26948119025997,,,1835.403627979131,2072.579679672374,320.26948119025997,,,216.5397132561271
1861,raspberrypi,392.0,2023-09-02,04:55:01,Whole,1738.977321426167,0.0,9.226632823722955,,3040.0673076923076,1860.076923076923,7.0671853447868775,0,55,13,0.00221375221574964,0.0,1.0,,0.0,0.0,,1855.0530881724662,,,917.8152068307483,1019.6683378821534,1855.0530881724662,,,1745.5302179089765
1862,raspberrypi,657.0,2023-09-02,04:55:01,Whole,459.6319746446989,,3.401185631792815,,1508.25,818.5,0.9760967738950864,1,4,1,,0.0,1.0,,0.0,0.0,,453.04596170121573,,,1543.3137678295423,1668.0635022911779,453.04596170121573,,,428.99064684334394
1863,raspberrypi,736.0,2023-09-02,04:55:01,Whole,386.49630736410666,,3.6610215343323493,,1529.0,1632.75,2.1997777794455264,0,3,1,,0.0,1.0,,0.0,0.0,,379.5604008167645,,,803.9321346448264,1378.2014540371988,379.5604008167645,,,241.23213609936298
1864,raspberrypi,887.0,2023-09-02,04:55:01,Whole,668.2024647995162,,3.377912818484526,,942.75,784.5,0.007536510908326778,2,9,2,,0.0,1.0,,0.0,0.0,,319.967759588671,,,1835.0557856903097,2072.287542610792,319.967759588671,,,216.2468582329829
1865,raspberrypi,37.0,2023-09-01,18:05:01,Whole,1983.353717701089,,10.025900050601185,,2623.5,2757.0,5.114515897435808,0,7,1,,0.0,1.0,,0.0,0.0,,1940.9937020179254,,,410.6498864101017,1099.6588623640118,1940.9937020179254,,,1795.9815663753482
1866,raspberrypi,224.0,2023-09-01,18:05:01,Whole,602.2988023106352,,3.4240773465794248,,1470.25,1802.5,1.407706851903848,0,7,2,,0.0,1.0,,0.0,0.0,,455.25622761820915,,,709.596012017926,1382.768722684402,455.25622761820915,,,304.35677454751226
1867,raspberrypi,226.0,2023-09-01,18:05:01,Whole,428.55249957822207,0.0,6.172169682195588,,1057.5818965517242,932.3318965517242,1.5314492808107822,0,222,58,0.05434169839269895,0.7341772151898734,0.26582278481012656,,0.0,0.7341772151898734,,159.5960497658154,,,1648.1755704239126,1926.6104687900915,159.5960497658154,,,64.69981065727879
1868,raspberrypi,228.0,2023-09-01,18:05:01,Whole,1098.2486682680315,1.0,6.2796906194264555,67.9833320530425,1596.4916666666666,2253.1,3.908752933205695,0,129,30,1110.9900499084185,0.0,0.6329113924050633,,0.10126582278481013,0.0,,925.3217038119267,,,389.3107492743299,1268.7320816655022,925.3217038119267,,,694.3533897228033
1869,raspberrypi,230.0,2023-09-01,18:05:01,Whole,169.436706082906,0.0,5.399608406800159,,1331.8353174603174,1045.8690476190477,1.4410161364162302,0,231,63,0.06871055839993465,0.7974683544303798,0.20253164556962025,,0.0,0.7974683544303798,,177.41237022359473,,,1407.8621983868645,1688.0028910736842,177.41237022359473,,,163.8474819666823
1870,raspberrypi,236.0,2023-09-01,18:05:01,Whole,642.1441881726197,0.0,6.5353401790184185,,973.5234375,714.984375,1.1793598893648396,0,65,16,0.11836454814869507,0.0,1.0,,0.0,0.0,,382.0836294681634,,,1875.7164135487399,2080.3137516685133,382.0836294681634,,,276.22811249872797
1871,raspberrypi,237.0,2023-09-01,18:05:01,Whole,405.76705677534596,0.0,6.5465414087022396,,1482.9407894736842,811.5542763157895,1.4419407346690665,0,245,76,0.08483542348005453,0.0,1.0,,0.0,0.0,,441.1293323615621,,,1558.5690601453255,1687.300375356915,441.1293323615621,,,412.8933349265713
1872,raspberrypi,239.0,2023-09-01,18:05:01,Whole,345.6921557984815,0.03896103896103896,5.255233461731119,5.436337166742895,1503.9423076923076,1531.3878205128206,2.6646585436536174,0,249,78,1.5296450811607387,0.9873417721518988,0.012658227848101266,,0.0,0.9873417721518988,,305.3597443728597,,,902.1387242391677,1418.651241299302,305.3597443728597,,,177.1940794956664
1873,raspberrypi,366.0,2023-09-01,18:05:01,Whole,1844.3633295203529,,9.563124638229672,,2938.25,2204.25,7.292958026742383,0,5,1,,0.0,1.0,,0.0,0.0,,1884.1164229294882,,,680.6643289384174,1048.0134564707887,1884.1164229294882,,,1758.9298404747242
1874,raspberrypi,392.0,2023-09-01,18:05:01,Whole,1540.2669299207464,,8.21814437311731,,2612.125,2047.875,3.4806595614861364,0,12,2,,0.0,0.9873417721518988,,0.012658227848101266,0.0,,1560.8914713046345,,,479.18229227639097,999.9644290192738,1560.8914713046345,,,1434.9799147059675
1875,raspberrypi,441.0,2023-09-01,18:05:01,Whole,1984.1706718806608,,10.107214350453813,,2625.75,2756.25,8.570412856046193,0,2,1,,0.0,1.0,,0.0,0.0,,1942.1143611551834,,,412.22660579613097,1100.1384118835995,1942.1143611551834,,,1797.1495758028548
1876,raspberrypi,17.0,2023-09-02,07:05:01,Whole,312.8957456912134,,3.1014202051402058,,1276.25,1496.0,1.320020236453179,0,3,1,,0.012658227848101266,0.9873417721518988,,0.0,0.012658227848101266,,122.24288717697617,,,1067.0133023080002,1583.8540084891556,122.24288717697617,,,0.0
1877,raspberrypi,37.0,2023-09-02,07:05:01,Whole,2001.764539667454,,8.77183033856942,,2983.75,2725.0,4.474723084387279,0,4,1,,0.0,1.0,,0.0,0.0,,2196.1103882524903,,,730.3110440740877,1226.992171850431,2196.1103882524903,,,2057.347864949065
1878,raspberrypi,106.0,2023-09-02,07:05:01,Whole,617.9781490081831,,5.540935158357258,,1196.25,1845.0,5.355231889853674,0,3,1,,0.0,1.0,,0.0,0.0,,375.4022167362226,,,893.0534820138525,1574.691789506131,375.4022167362226,,,224.15756731873947
1879,raspberrypi,221.0,2023-09-02,07:05:01,Whole,1016.7719705740627,0.5714285714285714,5.664689103830053,61.963592895440634,1812.073717948718,2229.6153846153848,7.81661769061058,0,169,78,4145.995540909423,0.24050632911392406,0.012658227848101266,,0.7088607594936709,0.24050632911392406,,1017.0488248099919,,,269.622480261813,1159.903747601965,1017.0488248099919,,,1160.2034117553753
1880,raspberrypi,224.0,2023-09-02,07:05:01,Whole,431.671784895321,0.01282051282051282,6.542255544613034,2.4748737341529163,1733.8196202531647,946.4651898734177,4.338760955700287,0,170,79,0.11253029395076775,0.0,0.9873417721518988,,0.0,0.0,,557.5977979938779,,,1355.5870939887525,1474.4472812646354,557.5977979938779,,,538.667364644956
1881,raspberrypi,237.0,2023-09-02,07:05:01,Whole,860.4147073712879,0.05128205128205128,8.010262278298617,4.560680560325077,916.1075949367089,745.9873417721519,4.338760955700287,0,170,79,1.2839287195188083,0.0,0.9493670886075949,,0.0,0.0,,363.9337476575058,,,1881.888162717987,2108.6866671462058,363.9337476575058,,,259.37087741677567
1882,raspberrypi,392.0,2023-09-02,07:05:01,Whole,1585.6200827707753,0.0,7.737299887533936,,3039.9583333333335,1860.0,5.933031866119163,0,28,9,4.146435267919735e-05,0.0,1.0,,0.0,0.0,,1854.9271790423097,,,917.7640972951984,1019.6280795303574,1854.9271790423097,,,1745.3750207484882
1883,raspberrypi,987.0,2023-09-02,07:05:01,Whole,736.3252221416986,,5.9291854120033065,,968.75,1793.75,5.41500171631411,0,3,1,,0.0,1.0,,0.0,0.0,,325.77404969716974,,,1113.0347262014084,1762.1306784137764,325.77404969716974,,,197.73464567590216
1884,raspberrypi,80.0,2023-09-02,09:05:01,Whole,318.9957304791985,,3.306969996340811,,946.75,1300.75,3.0323522232579143,0,2,1,,0.013157894736842105,0.9868421052631579,,0.0,0.013157894736842105,,0.0,,,1434.4062901293617,1884.100853158306,0.0,,,0.0
1885,raspberrypi,172.0,2023-09-02,09:05:01,Whole,2177.570722933878,,12.06096269042551,,2992.0,2724.75,11.72718512584733,0,2,1,,0.0,1.0,,0.0,0.0,,2202.562099949959,,,738.1305581832853,1230.4711948129636,2202.562099949959,,,2063.932424184766
1886,raspberrypi,225.0,2023-09-02,09:05:01,Whole,468.7783779528525,0.0,7.351598538362589,,1471.7121710526317,1036.439144736842,6.1376499120128685,0,59,76,0.08506959387216338,0.0,1.0,,0.0,0.0,,291.04601790975977,,,1354.506389596682,1598.607651876902,291.04601790975977,,,282.3911988370393
1887,raspberrypi,237.0,2023-09-02,09:05:01,Whole,729.0992199465983,0.0,7.4908521030111626,,718.1725,1955.905,6.1376499120128685,1,57,50,0.019666601663985362,0.0,1.0,,0.0,0.0,,566.2022841423493,,,1271.9283908009947,1958.111311258852,566.2022841423493,,,463.5973092918954
1888,raspberrypi,250.0,2023-09-02,09:05:01,Whole,1946.995359462282,,9.206180658186796,,3177.25,1554.75,9.206180658186796,0,1,1,,0.0,1.0,,0.0,0.0,,1927.8281278860866,,,1208.990277025015,1017.8689420932124,1927.8281278860866,,,1834.6914108569115
1889,raspberrypi,404.0,2023-09-02,09:05:01,Whole,2235.773341877289,,12.406278832481908,,3173.25,2552.25,11.766013735348453,0,2,1,,0.0,1.0,,0.0,0.0,,2256.9326601859066,,,883.7610988332513,1242.1286121719531,2256.9326601859066,,,2125.114779346104
1890,raspberrypi,414.0,2023-09-02,09:05:01,Whole,1748.8653278226584,,9.959844280543905,,2690.0,2408.5,9.474251819732405,0,2,1,,0.0,1.0,,0.0,0.0,,1772.883202255406,,,397.7923259095738,1018.4457140636177,1772.883202255406,,,1636.6187545681141
1891,raspberrypi,470.0,2023-09-02,09:05:01,Whole,1430.1622112896825,,8.473411849082737,,2638.5,1708.0,6.9500953449511575,0,2,1,,0.0,1.0,,0.0,0.0,,1428.0439851129308,,,725.5250378340882,961.2855076462226,1428.0439851129308,,,1320.6418454941888
1892,raspberrypi,525.0,2023-09-02,09:05:01,Whole,441.89824080960557,,4.046472804648538,,1532.5,1765.75,3.7755938068640167,0,2,1,,0.0,1.0,,0.0,0.0,,468.8405879927918,,,695.6254566131674,1348.254448912485,468.8405879927918,,,321.9430468861442
1893,raspberrypi,964.0,2023-09-02,09:05:01,Whole,730.3491203787622,,3.075028833984239,,717.5,1957.0,0.006474564334977946,1,2,1,,0.0,1.0,,0.0,0.0,,567.4735481331893,,,1272.1897249972349,1958.6344012618588,567.4735481331893,,,464.927128522329
1894,raspberrypi,987.0,2023-09-02,09:05:01,Whole,559.0089404548035,,5.302776157095545,,912.75,1898.0,5.302776157095545,0,1,1,,0.0,1.0,,0.0,0.0,,439.55113799135574,,,1114.1232304090595,1796.4937685413313,439.55113799135574,,,315.51536967743266
1895,raspberrypi,227.0,2023-09-02,11:40:01,Whole,1158.382819006939,1.0,6.783488886315807,6.945214967272102,1269.9305555555557,1295.8055555555557,6.909321346763509,0,11,9,145.46250112366502,0.11842105263157894,0.881578947368421,,0.0,0.11842105263157894,,61.657909045815394,,,1230.8742132028501,1645.6583116011975,61.657909045815394,,,0.0
1896,raspberrypi,228.0,2023-09-02,11:40:01,Whole,1086.8327782754934,,4.160975074555842,,1090.0,1566.75,1.849145585623712,0,2,1,,0.013157894736842105,0.9868421052631579,,0.0,0.013157894736842105,,115.83642162294653,,,1147.7552249262365,1706.0498526938663,115.83642162294653,,,0.0
1897,raspberrypi,230.0,2023-09-02,11:40:01,Whole,1172.7503066228667,,8.46249562924227,,3025.75,2700.5,5.284595342986838,0,2,1,,0.0,1.0,,0.0,0.0,,2215.405792398792,,,763.968662559367,1234.7504809862378,2215.405792398792,,,2077.809935180076
1898,raspberrypi,236.0,2023-09-02,11:40:01,Whole,170.1148292388017,0.013333333333333334,6.269871317874951,2.0155644370746373,2060.2236842105262,2359.8289473684213,6.874255649840931,0,14,76,0.16236942246071262,0.0,0.0,,1.0,0.0,,1262.3218444591432,,,0.0,996.6912819214342,1262.3218444591432,,,1114.3774213726438
1899,raspberrypi,237.0,2023-09-02,11:40:01,Whole,747.4044618549547,,4.371800732538538,,1213.5,2342.0,4.371800732538538,0,1,1,,0.0,1.0,,0.0,0.0,,868.1366933129648,,,696.5177862597693,1537.9335380658763,868.1366933129648,,,719.6512676428887
1900,raspberrypi,666.0,2023-09-02,11:40:01,Whole,748.4689180369222,,4.379261831066323,,1212.5,2342.5,4.379261831066323,0,1,1,,0.0,1.0,,0.0,0.0,,868.5034347846286,,,697.4472467305388,1538.7880805424063,868.5034347846286,,,720.0564924919457
1901,raspberrypi,956.0,2023-09-02,11:40:01,Whole,1818.9967330969457,,10.249840279344035,,1151.75,595.0,10.249840279344035,0,1,1,,0.0,1.0,,0.0,0.0,,500.7821443840657,,,1890.7496637922507,2011.1535013631067,500.7821443840657,,,414.4109099929789
1902,raspberrypi,220.0,2023-09-01,21:55:01,Whole,692.137097305325,0.0,5.949705084747946,,1828.0743670886077,2072.512658227848,3.093671642385696,0,380,79,0.05566461702522314,0.0,1.0,,0.0,0.0,,894.2649023521226,,,272.1543388572065,1125.7306629360646,894.2649023521226,,,747.1670456893368
1903,raspberrypi,226.0,2023-09-01,21:55:01,Whole,644.0701806024073,0.0,5.914324204730831,,1847.6439873417721,1006.1629746835443,1.4611206154845666,0,380,79,0.04436515148695514,0.0,1.0,,0.0,0.0,,637.2489328217996,,,1273.9827569101226,1385.475933646463,637.2489328217996,,,601.9588176843292
1904,raspberrypi,227.0,2023-09-01,21:55:01,Whole,836.049004264415,,5.6727745629579145,,1411.75,1405.75,1.0510823446088737,0,6,1,,0.012658227848101266,0.9873417721518988,,0.0,0.012658227848101266,,175.45155111238796,,,1057.7211559260058,1513.530820721127,175.45155111238796,,,63.67163344575104
1905,raspberrypi,229.0,2023-09-01,21:55:01,Whole,1416.4708009597496,0.0,9.640803185462763,,3373.4054487179487,666.4775641025641,6.834803270245321,0,377,78,0.0346871903441761,0.0,0.012658227848101266,,0.0,0.0,,2189.3520030006666,,,2000.1841586179014,1144.1935861823997,2189.3520030006666,,,2143.259574488735
1906,raspberrypi,233.0,2023-09-01,21:55:01,Whole,445.45974162575453,0.0,5.616379226701356,,2118.6012658227846,1088.129746835443,1.4611206154845666,0,380,79,0.06778142812234107,0.0,1.0,,0.0,0.0,,875.1888929126858,,,1170.6023738754238,1217.370711647135,875.1888929126858,,,819.6094291194092
1907,raspberrypi,234.0,2023-09-01,21:55:01,Whole,792.5532353898063,0.0,5.950528298144528,,1452.840909090909,1605.297077922078,3.093428178168359,0,373,77,0.033467980998544915,0.9746835443037974,0.02531645569620253,,0.0,0.9746835443037974,,302.7496811484474,,,870.9202891450553,1434.5822950296238,302.7496811484474,,,161.75201971829395
1908,raspberrypi,258.0,2023-09-01,21:55:01,Whole,1541.1145951235626,0.8095238095238095,9.286850457781224,8.008724709216594,2942.403846153846,2888.3653846153848,7.128531308286642,0,324,65,82.66117277141737,0.0,0.35443037974683544,,0.0,0.0,,2266.149699529656,,,754.0121879338571,1288.0835339887233,2266.149699529656,,,2123.4006954680003
1909,raspberrypi,366.0,2023-09-01,21:55:01,Whole,978.8191369938897,,6.885941387411053,,2937.5,2203.75,3.5303681334299437,0,6,1,,0.0,1.0,,0.0,0.0,,1883.2236717204423,,,680.0883165321738,1047.6827159759057,1883.2236717204423,,,1758.0418011541456
1910,raspberrypi,37.0,2023-09-01,23:30:01,Whole,1751.1489581383496,0.0,9.926367301748765,,2980.25,2724.5,8.897721284061278,0,67,11,5.5145662083889e-26,0.0,1.0,,0.0,0.0,,2193.0125961708204,,,726.8181247138605,1225.255534653879,2193.0125961708204,,,2054.206132490304
1911,raspberrypi,106.0,2023-09-01,23:30:01,Whole,1269.3240836131658,,7.20964029209732,,1177.25,2421.5,3.531247963385464,0,7,1,,0.0,1.0,,0.0,0.0,,943.1686774942837,,,726.2734827872878,1574.6676444519653,943.1686774942837,,,796.3569340494074
1912,raspberrypi,224.0,2023-09-01,23:30:01,Whole,590.072836631046,0.02531645569620253,4.928717010581191,5.012612178229796,1510.171875,1824.475,1.0381253725456647,0,471,80,0.6937985957153426,0.0,0.975,,0.0,0.0,,497.39920000127427,,,666.1748865029831,1352.2095068019553,497.39920000127427,,,347.3665823827813
1913,raspberrypi,226.0,2023-09-01,23:30:01,Whole,502.2670480024822,0.0,5.923738369048138,,1876.4807692307693,861.161858974359,1.1187774832570008,0,460,78,0.07130461077046672,0.0,1.0,,0.0,0.0,,721.4835993762736,,,1412.81339007615,1431.7615910251195,721.4835993762736,,,704.261818978546
1914,raspberrypi,228.0,2023-09-01,23:30:01,Whole,396.54786394012694,0.0,4.674670523526447,,1596.975,1642.7640625,1.0381253725456647,0,471,80,0.03908019672821433,0.0,1.0,,0.0,0.0,,440.90817038134975,,,758.2918643342744,1332.9932542360903,440.90817038134975,,,305.9017447302433
1915,raspberrypi,232.0,2023-09-01,23:30:01,Whole,1394.583872440575,1.0,7.109479076492583,222.97203049768115,2813.9418604651164,2109.686046511628,6.128948401488749,0,273,43,15710.413655539445,0.0,0.475,,0.05,0.0,,1854.174663943341,,,843.3320867562892,1109.0781294485691,1854.174663943341,,,1812.4231902630565
1916,raspberrypi,233.0,2023-09-01,23:30:01,Whole,387.55181064031484,0.0379746835443038,5.38507175472452,4.542479160583221,2193.1046875,1137.2015625,2.17028031923836,0,471,80,1.1252829840303211,0.0,0.9625,,0.0,0.0,,940.3556391892328,,,1124.7791226655415,1167.8076804273537,940.3556391892328,,,877.8300537356129
1917,raspberrypi,236.0,2023-09-01,23:30:01,Whole,107.02773522929954,0.0,4.749137123066241,,1774.8140625,1336.6390625,1.8284829226035995,0,471,80,0.07251961041697119,0.0,1.0,,0.0,0.0,,516.4769188832529,,,967.8678387282132,1309.797834917701,516.4769188832529,,,430.2028193035454
1918,raspberrypi,237.0,2023-09-01,23:30:01,Whole,669.2290439207301,0.0,6.593078341068245,,1717.5515625,713.821875,1.1188444953602152,0,471,80,0.06404666713721105,0.0,1.0,,0.0,0.0,,673.9519718404027,,,1585.9593181451364,1591.7460149972967,673.9519718404027,,,661.2197731749166
1919,raspberrypi,258.0,2023-09-01,23:30:01,Whole,571.69273863291,0.0,4.3244648890646245,,1310.75,1431.0,1.8375695509991135,0,90,13,0.002713000909044018,0.1625,0.8375,,0.0,0.1625,,110.34825329494991,,,1095.6910814590085,1576.3051998461458,110.34825329494991,,,0.0
1920,raspberrypi,366.0,2023-09-01,23:30:01,Whole,1351.185762504308,,7.309645779424226,,2936.625,2203.625,3.0839298599015192,0,14,2,,0.0,1.0,,0.0,0.0,,1882.3834791284744,,,679.2857098030881,1047.389021428035,1882.3834791284744,,,1757.1908506523587
1921,raspberrypi,392.0,2023-09-01,23:30:01,Whole,1263.7344706768213,,7.045067649929851,,3040.625,1859.75,3.529322353581854,0,14,2,,0.0,1.0,,0.0,0.0,,1855.4974530992556,,,918.4613152815065,1019.7728057678335,1855.4974530992556,,,1746.008547927112
1922,raspberrypi,525.0,2023-09-01,23:30:01,Whole,762.416276485862,,3.9334644696722973,,1289.0,1847.0,1.0973512862356551,0,6,1,,0.0,1.0,,0.0,0.0,,403.7467148277896,,,816.3107893853946,1504.3149933385162,403.7467148277896,,,249.68905652764684
1923,raspberrypi,37.0,2023-09-01,23:55:01,Whole,1898.6367725746047,0.0,10.223592358466151,,2979.0833333333335,2724.25,8.756372393862915,0,36,6,0.0,0.0,1.0,,0.0,0.0,,2191.9301833860814,,,725.6294097833397,1224.6409283828648,2191.9301833860814,,,2053.2465477678766
1924,raspberrypi,106.0,2023-09-01,23:55:01,Whole,1260.7512826828931,,6.630164367888769,,1178.0,2421.25,3.4275314771960406,0,6,1,,0.0,1.0,,0.0,0.0,,942.9867279298912,,,725.5328322902437,1574.0110435087959,942.9867279298912,,,796.1454710372723
1925,raspberrypi,224.0,2023-09-01,23:55:01,Whole,597.3326147102614,0.0,4.96443165579881,,1460.9951923076924,1820.996794871795,1.1676847378027408,0,402,78,0.06401596222232718,0.0,1.0,,0.0,0.0,,464.3351071454739,,,702.9149337724649,1385.8423576669752,464.3351071454739,,,312.62133201918545
1926,raspberrypi,226.0,2023-09-01,23:55:01,Whole,506.6106928673985,0.0,6.12267616871767,,1882.253125,805.4453125,0.9749793267852548,80,410,80,0.07780915939560959,0.0,1.0,,0.0,0.0,,753.3547217212538,,,1467.2539947268792,1454.4709742177083,753.3547217212538,,,742.339752783601
1927,raspberrypi,228.0,2023-09-01,23:55:01,Whole,404.2640590208815,0.0,4.651503160034401,,1640.4375,1683.221875,1.1678061566733944,0,410,80,0.03413778686884619,0.0,1.0,,0.0,0.0,,499.18392125820804,,,701.1635239293645,1297.573279705267,499.18392125820804,,,363.1608348479355
1928,raspberrypi,233.0,2023-09-01,23:55:01,Whole,436.2278437907886,0.0,5.470874408782794,,2135.046875,1116.553125,2.0700150904895054,0,410,80,0.09555136242425231,0.0,1.0,,0.0,0.0,,886.3323727220256,,,1142.5308865720126,1200.0960490056618,886.3323727220256,,,827.0915532963616
1929,raspberrypi,237.0,2023-09-01,23:55:01,Whole,600.8151633437224,0.0,6.63500458078887,,1733.36875,689.321875,0.9749793267852548,80,410,80,0.05123185192762741,0.0,1.0,,0.0,0.0,,701.7419367386644,,,1606.6295100060086,1595.0409021958776,701.7419367386644,,,687.6771376044048
1930,raspberrypi,238.0,2023-09-01,23:55:01,Whole,378.6988849891348,0.0,5.069374385839423,,1406.353125,1478.5703125,1.605149946416656,0,410,80,0.09035629992153825,1.0,0.0,,0.0,1.0,,196.22400160143715,,,1000.5883448520883,1497.2607466428024,196.22400160143715,,,67.98335515432024
1931,raspberrypi,366.0,2023-09-01,23:55:01,Whole,1508.9306807173184,,8.301115461677192,,2935.75,2203.75,6.971049591395924,0,6,1,,0.0,1.0,,0.0,0.0,,1881.6531919775443,,,678.4115105364433,1047.145302511955,1881.6531919775443,,,1756.44093462177
1932,raspberrypi,392.0,2023-09-01,23:55:01,Whole,1424.9164407712833,,7.885858629883644,,3040.9166666666665,1859.8333333333333,6.050318217128635,0,18,3,,0.0,1.0,,0.0,0.0,,1855.8004451777215,,,918.66365543222,1019.8634234877256,1855.8004451777215,,,1746.1880093531743
1933,raspberrypi,432.0,2023-09-01,23:55:01,Whole,686.5819974781235,,3.827905416364798,,1207.25,1729.5,1.392389760385777,0,6,1,,0.0125,0.9875,,0.0,0.0125,,266.15083665482155,,,953.09067798873,1584.5316286899513,266.15083665482155,,,113.10948978455846
1934,raspberrypi,37.0,2023-09-02,01:30:01,Whole,1688.5685340942912,,9.552572603240748,,2980.25,2724.75,8.509323248059392,0,5,1,,0.0,1.0,,0.0,0.0,,2193.1627404799,,,726.8914189003376,1225.3651394637359,2193.1627404799,,,2054.351141940225
1935,raspberrypi,185.0,2023-09-02,01:30:01,Whole,1235.4734560073541,,6.660161486232507,,920.0,1112.0,3.6118244073276102,0,5,1,,0.012658227848101266,0.9873417721518988,,0.0,0.012658227848101266,,67.45631736470385,,,1590.5393941791824,1963.6907166253568,67.45631736470385,,,0.0
1936,raspberrypi,221.0,2023-09-02,01:30:01,Whole,263.42342866194997,0.0,5.21527418547572,,1895.0253164556962,1179.3987341772151,1.580951410406778,0,320,79,0.090289675801321,0.0,1.0,,0.0,0.0,,641.7563022172508,,,1095.315532579768,1295.5664157296942,641.7563022172508,,,578.9613676437829
1937,raspberrypi,229.0,2023-09-02,01:30:01,Whole,1337.1371836321002,0.0,9.029176766479686,,3424.2676282051284,860.2900641025641,6.484025120834439,0,317,78,0.060117271257999746,0.0,0.012658227848101266,,0.0,0.0,,2196.389443099911,,,1877.6499885663275,1076.7602724423152,2196.389443099911,,,2139.6283581357984
1938,raspberrypi,233.0,2023-09-02,01:30:01,Whole,149.85220162854873,0.0,5.371918087159613,,2194.3227848101264,1113.867088607595,1.5823640349130474,0,320,79,0.031508415068404835,0.0,1.0,,0.0,0.0,,944.9146351069851,,,1148.1408671933389,1174.8672473867864,944.9146351069851,,,884.9103957767345
1939,raspberrypi,234.0,2023-09-02,01:30:01,Whole,545.4867376879537,0.0,5.599443808508555,,1601.7199367088608,1269.3386075949368,1.583560381794755,0,320,79,0.08889728060762755,0.0,1.0,,0.0,0.0,,346.07333503383245,,,1089.165082762181,1432.5537441577576,346.07333503383245,,,272.38571269239435
1940,raspberrypi,236.0,2023-09-02,01:30:01,Whole,775.5242714246114,0.0,6.098218030043009,,1607.0822784810127,1812.732594936709,2.805680060547616,0,320,79,0.0923790680508584,0.0,1.0,,0.0,0.0,,554.7365619400754,,,612.4451478291523,1292.1491131305743,554.7365619400754,,,409.0410554338454
1941,raspberrypi,392.0,2023-09-02,01:30:01,Whole,1078.9745527625803,,6.736056354019144,,3041.3333333333335,1859.75,5.526942510744693,0,15,3,,0.0,1.0,,0.0,0.0,,1856.177137634375,,,919.0606953410894,1019.9644487875428,1856.177137634375,,,1746.3154889887198
1942,raspberrypi,17.0,2023-09-01,21:10:01,Whole,761.582900143676,,5.489530482040831,,2945.125,980.5,2.862188842981801,0,12,2,,0.0,0.975,,0.0,0.0,,1704.6094549821537,,,1503.998723385164,975.1157409720781,1704.6094549821537,,,1645.701199798519
1943,raspberrypi,220.0,2023-09-01,21:10:01,Whole,870.1479977308958,0.0,6.468183100817669,,1723.6375,2034.7453125,3.681251307233483,0,512,80,0.07466754291357693,0.0,1.0,,0.0,0.0,,795.6886460601439,,,366.9325268185764,1187.3920532738862,795.6886460601439,,,646.7597778742555
1944,raspberrypi,226.0,2023-09-01,21:10:01,Whole,572.4212380674219,0.02531645569620253,5.942316668968681,2.5310570914145734,1843.8625,1029.828125,1.3280537074567063,0,512,80,0.17682553523335265,0.0,0.975,,0.0,0.0,,626.0310087988956,,,1251.3311951375608,1378.1157872476197,626.0310087988956,,,587.3714213376342
1945,raspberrypi,227.0,2023-09-01,21:10:01,Whole,1122.57987715971,1.0,7.106882665667184,163.96228569499772,2996.2224576271187,1870.8559322033898,2.3843230066492285,3,395,59,15711.712696213708,0.0,0.2875,,0.0625,0.0,,1931.0001968442125,,,997.0133783588661,1098.759906396515,1931.0001968442125,,,1884.343227167912
1946,raspberrypi,228.0,2023-09-01,21:10:01,Whole,1136.6386952180783,0.5230769230769231,7.320095919021029,9.749431856706895,3351.8283582089553,1801.7873134328358,4.597549544343662,1,443,67,46.25847061867219,0.0,0.575,,0.0,0.0,,2142.4846404909517,,,1217.5563294150256,1121.6883202199688,2142.4846404909517,,,2052.4825130951926
1947,raspberrypi,229.0,2023-09-01,21:10:01,Whole,1314.5174502218435,0.012658227848101266,8.69839534168666,5.344389581607987,3401.7078125,667.965625,5.76960732378503,2,512,80,0.37745440424337623,0.0,0.0,,0.0,0.0,,2216.2696916367076,,,2015.5363631789255,1150.9692153580386,2216.2696916367076,,,2169.7769340703617
1948,raspberrypi,230.0,2023-09-01,21:10:01,Whole,1549.0160648978592,0.0,9.038817597686567,,836.7,862.45,4.036946525112333,0,142,20,0.0005952380952380953,0.25,0.75,,0.0,0.25,,285.9489591275831,,,1835.587239633173,2119.6223498161025,285.9489591275831,,,180.3098010048303
1949,raspberrypi,233.0,2023-09-01,21:10:01,Whole,342.0468950141655,0.0,5.550589075439328,,2089.36875,1107.921875,1.3280537074567063,0,512,80,0.0713135331023892,0.0,1.0,,0.0,0.0,,843.0658647030418,,,1150.6923472193703,1224.006654478404,843.0658647030418,,,785.7453271512377
1950,raspberrypi,234.0,2023-09-01,21:10:01,Whole,376.9483209614368,0.9032258064516129,5.308296089074542,50.39970694051143,2017.1969696969697,1409.7272727272727,1.73851827518616,0,233,33,4868.293351077048,0.0,0.65,,0.0,0.0,,764.3188131974291,,,881.4826868252694,1183.9952235165529,764.3188131974291,,,558.3313268105362
1951,raspberrypi,237.0,2023-09-01,21:10:01,Whole,887.311235414411,0.0,6.519779615387944,,1409.51875,1394.453125,2.9256744142136966,0,512,80,0.07222941257981508,1.0,0.0,,0.0,1.0,,170.58520267354973,,,1068.401174596221,1518.2657626591117,170.58520267354973,,,61.58740604685036
1952,raspberrypi,392.0,2023-09-01,21:10:01,Whole,885.4411177099602,0.0,6.761688375802459,,3040.777777777778,1859.9305555555557,4.792498922367173,0,60,9,3.5843049631125337e-26,0.0,1.0,,0.0,0.0,,1855.694131912121,,,918.4942383379736,1019.8395732502017,1855.694131912121,,,1746.245923654617
1953,raspberrypi,470.0,2023-09-01,21:10:01,Whole,1115.1131539754672,,6.948476403404466,,1284.0,1846.75,2.4248661350121674,0,8,1,,0.0,1.0,,0.0,0.0,,401.7366582107586,,,820.4646477666181,1508.067077879598,401.7366582107586,,,247.74762230843268
1954,raspberrypi,997.0,2023-09-01,21:10:01,Whole,1524.877104350874,,8.143490389830292,,3013.25,2726.0,2.4081074657223565,0,7,1,,0.0,1.0,,0.0,0.0,,2220.355929418302,,,758.8433174092679,1240.3466238356787,2220.355929418302,,,2082.0281098249384
1955,raspberrypi,109.0,2023-09-02,09:25:01,Whole,1869.975345572455,,9.48549673959705,,2931.25,2723.0,9.48549673959705,0,1,1,,0.0,1.0,,0.0,0.0,,2153.1246417556567,,,679.6270933950341,1203.6897762027625,2153.1246417556567,,,2013.5853970126961
1956,raspberrypi,220.0,2023-09-02,09:25:01,Whole,364.68761598046115,1.0,5.999533733333845,85.000319006623,1499.1796875,1605.4140625,5.245102461943589,0,4,16,2303.6639529086597,0.0625,0.765625,,0.0,0.0625,,434.6068076233191,,,928.2593730910435,1456.1907751403437,434.6068076233191,,,224.9565488089135
1957,raspberrypi,224.0,2023-09-02,09:25:01,Whole,902.9982056186666,0.0,4.685050017256687,,1055.625,2449.375,4.916696684987513,0,6,4,0.0,0.0,1.0,,0.0,0.0,,966.9728186197367,,,847.3467014591747,1681.506630225664,966.9728186197367,,,823.2557553980272
1958,raspberrypi,228.0,2023-09-02,09:25:01,Whole,728.509053078439,,3.638506975972897,,696.25,1714.5,3.638506975972897,0,1,1,,0.0,1.0,,0.0,0.0,,383.62064900713,,,1389.7914122419988,2000.5896249543919,383.62064900713,,,307.55402211982323
1959,raspberrypi,233.0,2023-09-02,09:25:01,Whole,112.1606924486772,0.08571428571428572,4.601141327344695,2.313331112657563,1374.4662162162163,1520.1216216216217,0.690375293857121,22,27,37,0.29141165758046,0.578125,0.421875,,0.0,0.578125,,190.15603996113163,,,986.2127079655668,1508.4759837031365,190.15603996113163,,,52.19974309293295
1960,raspberrypi,237.0,2023-09-02,09:25:01,Whole,542.7784474800218,,3.0144126119909234,,880.5,1555.0,3.0144126119909234,0,1,1,,0.015625,0.984375,,0.0,0.015625,,151.02530132591752,,,1318.3544696944366,1874.4080079036248,151.02530132591752,,,65.58500674420938
1961,raspberrypi,258.0,2023-09-02,09:25:01,Whole,47.517150418286555,0.25,4.732134631017225,5.801620225212442,1463.7714285714285,1613.3821428571428,0.690375293857121,22,28,35,12.809622836992236,0.53125,0.46875,,0.0,0.53125,,317.3489383258075,,,858.4787777014168,1425.647634470824,317.3489383258075,,,175.6367557272121
1962,raspberrypi,37.0,2023-09-02,01:00:01,Whole,1948.0046162135184,,10.021493723580393,,2981.75,2724.5,4.472997868469322,0,8,1,,0.0,1.0,,0.0,0.0,,2194.2114137104295,,,728.2522821941925,1225.9053764539701,2194.2114137104295,,,2055.428221892258
1963,raspberrypi,221.0,2023-09-02,01:00:01,Whole,104.5494066397828,0.0136986301369863,5.001373738809412,2.0155644370746373,1854.537162162162,1135.2972972972973,1.3864797474455453,0,489,74,0.13472666689048549,0.0,0.9864864864864865,,0.0,0.0,,609.4678044339512,,,1145.653775660502,1332.5738661785576,609.4678044339512,,,554.6327984768672
1964,raspberrypi,229.0,2023-09-02,01:00:01,Whole,1400.6260847226868,0.0,9.438708280543342,,3222.35,510.50357142857143,6.3107531493287965,0,466,70,0.03630196670146415,0.0,0.05405405405405406,,0.0,0.0,,2092.129310116147,,,2049.6368741807523,1175.8632125153576,2092.129310116147,,,2056.758878137648
1965,raspberrypi,233.0,2023-09-02,01:00:01,Whole,201.49454077061307,0.0,5.24219301076534,,2142.9814189189187,1084.0304054054054,1.5107442110113751,0,489,74,0.06959753319646925,0.0,1.0,,0.0,0.0,,899.7366545227783,,,1175.2765087759628,1207.683981456687,899.7366545227783,,,844.0689571109134
1966,raspberrypi,234.0,2023-09-02,01:00:01,Whole,377.7712831466816,0.25,5.345638155562965,9.803798251475087,1581.900684931507,1189.2602739726028,1.3859130475445405,4,484,73,35.34143178556633,0.0,0.7567567567567568,,0.0,0.0,,337.4908312844708,,,1170.8681458741703,1472.0335664825202,337.4908312844708,,,288.37330538270487
1967,raspberrypi,236.0,2023-09-02,01:00:01,Whole,839.4433269219924,0.0273972602739726,5.5303004375777975,2.7755491715036875,1563.6554054054054,1826.9932432432433,3.215918764205964,0,489,74,0.2621953365602168,0.0,0.972972972972973,,0.0,0.0,,534.5288857818834,,,628.6671129895914,1316.9456253739204,534.5288857818834,,,386.3514409593266
1968,raspberrypi,237.0,2023-09-02,01:00:01,Whole,464.0731922267665,0.0,6.41776888378485,,1828.5236486486488,627.3547297297297,1.8509628587852356,0,489,74,0.03707226083289042,0.0,1.0,,0.0,0.0,,813.1876266746303,,,1651.0645129896925,1574.0198551876942,813.1876266746303,,,801.2069631301695
1969,raspberrypi,238.0,2023-09-02,01:00:01,Whole,618.2348131176602,1.0,4.0764464720173414,21.14516737313191,1391.9572368421052,1335.407894736842,1.394227625006936,4,264,38,270.54800966756585,0.5135135135135135,0.4864864864864865,,0.0,0.5135135135135135,,163.18549920167533,,,1128.7001623026024,1549.7131213119255,163.18549920167533,,,80.54971076564684
1970,raspberrypi,258.0,2023-09-02,01:00:01,Whole,529.1911807003628,0.0,6.313308749924009,,1504.0597826086957,779.786231884058,1.8505668651103413,0,464,69,0.230168961840543,0.0,1.0,,0.0,0.0,,478.2953946993267,,,1581.1753436872668,1688.7337339506414,478.2953946993267,,,449.7585548435776
1971,raspberrypi,366.0,2023-09-02,01:00:01,Whole,1502.0934490142724,,7.797428679878136,,2936.0,2203.25,1.8532209595760445,0,8,1,,0.0,1.0,,0.0,0.0,,1881.6578119052365,,,678.7943575959468,1047.122413321182,1881.6578119052365,,,1756.4676336890361
1972,raspberrypi,392.0,2023-09-02,01:00:01,Whole,1350.2219394849499,0.0,6.821427342807746,,3041.75,1860.2307692307693,6.130750240717375,0,91,13,0.0,0.0,1.0,,0.0,0.0,,1856.7103183065058,,,919.1567648175957,1020.145112850572,1856.7103183065058,,,1747.2187204548613
1973,raspberrypi,394.0,2023-09-02,01:00:01,Whole,1216.835953614347,,7.003743720108342,,1811.0,2287.25,2.7020828042299234,0,8,1,,0.0,0.9864864864864865,,0.013513513513513514,0.0,,1047.0807270881332,,,136.8568725668669,1110.516623841038,1047.0807270881332,,,895.4851790687292
1974,raspberrypi,470.0,2023-09-02,01:00:01,Whole,1339.2083448007065,,7.474495439218498,,1291.0,2248.0,2.593568870665993,0,7,1,,0.0,1.0,,0.0,0.0,,789.0578581136651,,,637.8330576745648,1472.2548897587294,789.0578581136651,,,637.5845737817514
1975,raspberrypi,221.0,2023-09-01,17:15:01,Whole,1068.9485243222132,0.08860759493670886,7.225657743386742,17.792443877071587,2950.8859375,577.2640625,2.701803876048677,0,737,80,38.044021808045365,0.0,0.0,,0.0,0.0,,1814.8996023258742,,,1865.9299696179198,1136.7945566433402,1814.8996023258742,,,1785.342927722752
1976,raspberrypi,224.0,2023-09-01,17:15:01,Whole,646.0998104653005,0.11392405063291139,5.9335034270359985,13.394200192609055,3005.9390625,1877.5921875,1.318465537767286,0,737,80,44.14692699385859,0.0,0.8875,,0.0,0.0,,1827.391126151807,,,879.7261197187851,1013.4984607279486,1827.391126151807,,,1699.7625020002865
1977,raspberrypi,226.0,2023-09-01,17:15:01,Whole,1026.674412266734,,7.3109517121375935,,1815.0,731.75,2.307129500411454,0,8,1,,0.0,1.0,,0.0,0.0,,738.0676677895531,,,1550.0024718953816,1527.374973301515,738.0676677895531,,,735.6105681064047
1978,raspberrypi,227.0,2023-09-01,17:15:01,Whole,1292.175596759595,0.01282051282051282,8.211189781345917,2.358495283014151,2156.8370253164558,2783.5300632911394,3.4596732177930316,0,734,79,0.2129923874656527,0.0,0.0125,,0.9875,0.0,,1651.7096668845243,,,139.0663472426348,1038.1919467122896,1651.7096668845243,,,1499.9901911305724
1979,raspberrypi,228.0,2023-09-01,17:15:01,Whole,1261.1917706990882,0.0,7.971046665388209,,1585.0616883116884,2433.633116883117,3.459366364447491,0,721,77,0.14315900227548617,0.0,1.0,,0.0,0.0,,1059.3201169000392,,,318.2931911032078,1251.4714608086229,1059.3201169000392,,,905.3157340791977
1980,raspberrypi,229.0,2023-09-01,17:15:01,Whole,1356.586542028331,0.0,8.59779196043534,,3477.1315789473683,627.1644736842105,2.7005072039248446,0,558,57,0.05667542424517626,0.0,0.2875,,0.0,0.0,,2299.6069351548176,,,2093.2502408697546,1205.2982635576484,2299.6069351548176,,,2254.480002706875
1981,raspberrypi,231.0,2023-09-01,17:15:01,Whole,1001.00990072597,1.0,7.268924279759113,149.58366650225193,2160.853448275862,1275.2952586206898,2.9312637537532398,0,564,58,13449.85206079121,0.1375,0.3,,0.0125,0.1375,,1157.7689647945413,,,1253.578687069359,1364.6894585290897,1157.7689647945413,,,1062.6543241712616
1982,raspberrypi,232.0,2023-09-01,17:15:01,Whole,1043.9060658538024,0.3291139240506329,7.163158980408767,31.55332566592896,1554.7921875,1048.7515625,2.9414366355431345,0,737,80,394.38610545299065,0.0375,0.675,,0.0,0.0375,,388.3107235812938,,,1312.9645002568527,1546.6203563362517,388.3107235812938,,,389.52152805513003
1983,raspberrypi,234.0,2023-09-01,17:15:01,Whole,907.8155983941393,0.08695652173913043,6.562308872183172,10.2169414914929,2229.089285714286,651.0331632653061,3.2431760926753843,0,466,49,17.19532586359652,0.0,0.95,,0.0,0.0,,1128.85657320023,,,1612.3526230393416,1359.1209835109566,1128.85657320023,,,1112.0402219048349
1984,raspberrypi,236.0,2023-09-01,17:15:01,Whole,1006.0328645303722,0.7804878048780488,7.090672436227253,57.6464597494552,1703.9912790697674,898.5116279069767,1.2828990720443656,0,432,43,2848.9894427858126,0.025,0.6,,0.0,0.025,,598.566151398658,,,1422.9089040118768,1527.2821292114613,598.566151398658,,,553.3769151285933
1985,raspberrypi,237.0,2023-09-01,17:15:01,Whole,299.48597542217556,0.05128205128205128,5.3652353230567424,3.3524188799349144,2456.897151898734,1228.7151898734178,3.243536815125499,0,729,79,0.5470754851420919,0.0,0.95,,0.0,0.0,,1193.9164862786297,,,1081.2190901799797,1045.7210940837363,1193.9164862786297,,,1119.7882014930292
1986,raspberrypi,238.0,2023-09-01,17:15:01,Whole,963.6146430386104,0.0,6.869082185220017,,3240.254716981132,2097.6438679245284,1.0115564572334705,0,508,53,0.049444990262266446,0.0,1.0,,0.0,0.0,,2119.601256190731,,,1000.63740202068,1135.1715918504285,2119.601256190731,,,2003.2743482632552
1987,raspberrypi,239.0,2023-09-01,17:15:01,Whole,836.4533631181765,0.0,6.510029559916158,,3046.6169871794873,2127.283653846154,1.0133129738593416,0,730,78,0.12183771415050546,0.0,1.0,,0.0,0.0,,1950.7334792191555,,,807.3959925983607,1067.4751667733522,1950.7334792191555,,,1830.423169619665
1988,raspberrypi,425.0,2023-09-01,17:15:01,Whole,1061.6629625566513,,6.8651465391557345,,1866.25,2406.25,1.4449319828762062,0,12,1,,0.0,0.9875,,0.0125,0.0,,1175.8022965301284,,,41.5742464859546,1071.6938962297365,1175.8022965301284,,,1023.7166256237645
1989,raspberrypi,441.0,2023-09-01,17:15:01,Whole,407.3602156334473,,5.345133493454108,,2843.375,1673.75,1.4112141956651394,0,19,2,,0.0,1.0,,0.0,0.0,,1618.9145990519526,,,883.3125786241862,966.2697908433321,1618.9145990519526,,,1516.334324291346
1990,raspberrypi,224.0,2023-09-02,16:05:01,Whole,859.793915257837,1.0,5.519558169564861,68.08122373728462,1799.0525362318838,2283.324275362319,5.7060524404342186,0,124,69,4684.593684138142,0.0,0.028169014084507043,,0.5633802816901409,0.0,,1060.5543477520787,,,261.2057197760695,1164.7440633073675,1060.5543477520787,,,1034.765568561275
1991,raspberrypi,225.0,2023-09-02,16:05:01,Whole,1259.4530300444333,1.0,7.426278431537588,16.544949496053093,1689.9545454545455,2798.409090909091,3.5678679783676643,0,38,11,234.75866444468417,0.0,0.8591549295774648,,0.0,0.0,,1436.0438396639347,,,340.6471393706998,1233.1389844162707,1436.0438396639347,,,1282.7810059075875
1992,raspberrypi,226.0,2023-09-02,16:05:01,Whole,1683.1050007515473,,7.418378456851407,,824.75,2469.75,1.9093324762559016,0,5,1,,0.0,1.0,,0.0,0.0,,1013.5195589088929,,,1078.2934068445838,1886.179027330184,1013.5195589088929,,,884.9907504702512
1993,raspberrypi,234.0,2023-09-02,16:05:01,Whole,506.6205587839545,0.0,8.089070554328226,,2721.735294117647,2032.7169117647059,4.95115160389838,0,88,34,0.01826365074470029,0.0,1.0,,0.0,0.0,,1615.4532453884344,,,556.8456881015251,975.2324520210043,1615.4532453884344,,,1493.0462195281357
1994,raspberrypi,236.0,2023-09-02,16:05:01,Whole,1555.7504335309932,0.8181818181818182,9.100900346386979,10.45322463020145,970.3229166666666,954.46875,7.54829882838965,0,45,12,33.16720485620473,0.16901408450704225,0.8309859154929577,,0.0,0.16901408450704225,,149.51958210388278,,,1681.1183349248756,1982.5315459885278,149.51958210388278,,,44.5309129774935
1995,raspberrypi,237.0,2023-09-02,16:05:01,Whole,1156.4708262044512,1.0,9.91409054108565,54.25464411274166,3024.989285714286,946.6410714285714,8.168372877146124,0,126,70,868.4623337517044,0.0,0.028169014084507043,,0.0,0.0,,1864.7432160470996,,,1622.755524756972,1138.1582794296723,1864.7432160470996,,,1810.880801662661
1996,raspberrypi,987.0,2023-09-02,16:05:01,Whole,796.7667002425945,,6.854962006926243,,1535.75,1632.25,5.187570868577195,0,2,1,,0.0,1.0,,0.0,0.0,,384.7203064049492,,,800.5141361149538,1373.9707385173972,384.7203064049492,,,246.87240517610056
1997,raspberrypi,80.0,2023-09-02,10:40:01,Whole,620.5467422075385,,4.643394225745756,,1614.5,542.5,2.834332735332286,0,4,1,,0.0,1.0,,0.0,0.0,,729.6263569564713,,,1776.3931643360181,1742.5212828406193,729.6263569564713,,,691.0342035648804
1998,raspberrypi,224.0,2023-09-02,10:40:01,Whole,629.8179528595604,0.024390243902439025,4.416762647125408,3.092329219213245,1172.965909090909,866.8295454545455,1.8843827152112491,0,138,44,0.24358216407558914,0.5714285714285714,0.42857142857142855,,0.0,0.5714285714285714,,241.01546789337144,,,1641.8628378051299,1870.7758877097046,241.01546789337144,,,164.98753520036863
1999,raspberrypi,225.0,2023-09-02,10:40:01,Whole,697.0530212245824,,4.31916892802882,,1118.25,1476.25,1.083624994714244,0,4,1,,0.012987012987012988,0.987012987012987,,0.0,0.012987012987012988,,75.39370496699108,,,1189.0408351206943,1705.4824521853875,75.39370496699108,,,0.0
2000,raspberrypi,227.0,2023-09-02,10:40:01,Whole,301.75228742261635,0.12857142857142856,3.4258889130841315,2.292417069800678,1434.5633802816901,1122.1795774647887,1.8856483802223238,8,200,71,0.504496575256597,0.1038961038961039,0.8701298701298701,,0.0,0.1038961038961039,,221.08452424029196,,,1292.698121904114,1590.3970330474126,221.08452424029196,,,196.69868880208602
2001,raspberrypi,228.0,2023-09-02,10:40:01,Whole,1312.0908540400471,1.0,7.635929602743597,168.54490194084113,2645.453431372549,1717.825980392157,6.81765048208736,0,161,51,12906.985960059594,0.0,0.36363636363636365,,0.09090909090909091,0.0,,1597.739548161494,,,929.5850962873465,1102.3713843161047,1597.739548161494,,,1551.3675919248683
2002,raspberrypi,230.0,2023-09-02,10:40:01,Whole,247.75225958573103,0.0,3.7718289798981566,,1555.1944444444443,980.9166666666666,0.9437158923644527,8,41,9,2.2787627753893063e-26,0.0,1.0,,0.0,0.0,,388.2994055304219,,,1374.6730686104238,1567.7635881181561,388.2994055304219,,,377.83466716220516
2003,raspberrypi,234.0,2023-09-02,10:40:01,Whole,565.2115676610803,0.0,4.607511096464005,,1525.7142857142858,626.1785714285714,2.6040671860469495,0,16,7,5.472663596514471e-27,0.0,1.0,,0.0,0.0,,610.7935942390277,,,1720.0330055565137,1751.329518683147,610.7935942390277,,,569.1986332475342
2004,raspberrypi,237.0,2023-09-02,10:40:01,Whole,204.37114540175958,0.21052631578947367,4.063344259548264,21.505006980597738,1884.7775974025974,1013.8344155844156,2.452705950650776,0,203,77,299.94019680109716,0.0,0.7922077922077922,,0.0,0.0,,669.8875355718438,,,1260.9158558210302,1362.5624339473031,669.8875355718438,,,647.1620007381795
2005,raspberrypi,238.0,2023-09-02,10:40:01,Whole,764.0515081015459,,4.9384608878937115,,1092.25,1564.5,2.90281556102073,0,4,1,,0.012987012987012988,0.987012987012987,,0.0,0.012987012987012988,,114.93764617427722,,,1147.5561104703995,1704.8072597042956,114.93764617427722,,,0.0
2006,raspberrypi,379.0,2023-09-02,10:40:01,Whole,613.9076684126187,,5.1592922409157165,,1595.0,553.5,2.775963662937116,0,3,1,,0.0,1.0,,0.0,0.0,,709.3648920657896,,,1770.6340783311687,1748.0606798347815,709.3648920657896,,,669.6322491758056
2007,raspberrypi,653.0,2023-09-02,10:40:01,Whole,1621.3904411376686,,8.625730671617509,,2685.5,2464.75,2.6801651820420958,0,6,1,,0.0,1.0,,0.0,0.0,,1801.729465293461,,,391.63482366267334,1029.0747358736553,1801.729465293461,,,1663.8807359241605
2008,raspberrypi,954.0,2023-09-02,10:40:01,Whole,591.6067885039479,,3.6452913106713805,,1571.875,585.25,2.7236712118928534,0,7,2,,0.0,1.0,,0.0,0.0,,670.5271474406998,,,1746.8852632705007,1745.376735881577,670.5271474406998,,,630.6920895807839
2009,raspberrypi,987.0,2023-09-02,10:40:01,Whole,581.841855616368,1.0,4.173265605146706,7.220487902029344,1166.8750000000002,1277.0,1.6442475532851197,0,57,14,14.072017328035196,0.18181818181818182,0.8181818181818182,,0.0,0.18181818181818182,,7.021628743004045,,,1305.6858517941141,1724.6463423262012,7.021628743004045,,,0.0
2010,raspberrypi,37.0,2023-09-01,19:55:01,Whole,1746.1089732649411,0.0,8.822027813769779,,2982.75,2724.90625,7.873391444735789,0,33,8,0.0,0.0,1.0,,0.0,0.0,,2195.2546755924523,,,729.3274146810065,1226.5172878275803,2195.2546755924523,,,2056.634772870836
2011,raspberrypi,220.0,2023-09-01,19:55:01,Whole,490.03831587901874,0.0,6.127246493834097,,1696.7307692307693,1905.326923076923,1.3147723632209372,0,231,78,0.07096429998199742,0.0,1.0,,0.0,0.0,,683.3413440319375,,,484.58380703604854,1222.2949480740426,683.3413440319375,,,537.3989163295919
2012,raspberrypi,228.0,2023-09-01,19:55:01,Whole,473.5465099144029,1.0,6.100114680472771,25.695845021179153,1830.72131147541,968.9467213114754,1.376511864297196,1,197,61,336.543898342134,0.0,0.23076923076923078,,0.0,0.0,,644.2398457130869,,,1315.9873184758937,1413.3580708695133,644.2398457130869,,,602.9369299703521
2013,raspberrypi,234.0,2023-09-01,19:55:01,Whole,639.7019060221328,0.1038961038961039,6.304232209357944,12.633076968411453,2015.625,822.5897435897435,1.4781430288983142,1,231,78,31.487870404073885,0.0,0.8974358974358975,,0.0,0.0,,861.8095121533607,,,1438.100527002256,1376.2627280524157,861.8095121533607,,,839.33955594943
2014,raspberrypi,237.0,2023-09-01,19:55:01,Whole,480.3286639355476,0.06666666666666667,6.447448923310823,2.1968969660164204,1478.3174342105262,1774.2878289473683,1.31434770746226,0,227,76,0.27293346916080374,0.0,0.9358974358974359,,0.0,0.0,,438.5624186429975,,,724.6579482285648,1382.4305066844272,438.5624186429975,,,289.0039433440353
2015,raspberrypi,258.0,2023-09-01,19:55:01,Whole,1666.073950133722,,8.74263531723491,,3163.25,454.0,6.237522982103471,0,4,1,,0.0,0.9871794871794872,,0.0,0.0,,2056.9560129628967,,,2070.3595508471494,1219.2517660076812,2056.9560129628967,,,2025.7925769602978
2016,raspberrypi,392.0,2023-09-01,19:55:01,Whole,1302.7447733970337,0.0,7.125142728328672,,3041.8,1859.925,6.945880598531001,0,21,5,0.006630995844556067,0.0,1.0,,0.0,0.0,,1856.67346184615,,,919.3620721579642,1020.1154887220973,1856.67346184615,,,1747.0451534691747
2017,raspberrypi,404.0,2023-09-01,19:55:01,Whole,1384.7000645491444,,7.814860468115542,,2918.75,2261.75,6.573265286947,0,4,1,,0.0,1.0,,0.0,0.0,,1892.743978420197,,,647.0361720538526,1053.8239267458653,1892.743978420197,,,1765.2329896923943
2018,raspberrypi,887.0,2023-09-01,19:55:01,Whole,656.6706310705728,,3.860240468597607,,1272.5,1055.25,2.6585279453289785,0,4,1,,0.01282051282051282,0.9871794871794872,,0.0,0.01282051282051282,,130.7805573867306,,,1428.9792341983175,1725.3052395591378,130.7805573867306,,,105.45670102979872
2019,raspberrypi,17.0,2023-09-02,06:50:01,Whole,1786.767852980707,0.0,10.550532017094579,,2945.59375,979.84375,10.549710046302321,0,8,8,2.2403675130552e-26,0.0,0.9,,0.0,0.0,,1705.1772252042033,,,1504.8012960016038,975.1232431617194,1705.1772252042033,,,1646.2866498184076
2020,raspberrypi,237.0,2023-09-02,06:50:01,Whole,261.9835842718022,0.0,11.099145759688902,,914.0234375,758.14375,10.550472101688328,0,12,80,0.06795953015847704,0.0,1.0,,0.0,0.0,,352.8013379651421,,,1873.094553741898,2104.932721666799,352.8013379651421,,,248.21244785775525
2021,raspberrypi,392.0,2023-09-02,06:50:01,Whole,2138.3786482038613,0.0,12.366466212264358,,3040.875,1860.125,12.366466212264358,0,2,2,,0.0,1.0,,0.0,0.0,,1855.841396315128,,,918.4729223963916,1019.893574041412,1855.841396315128,,,1746.338564316265
2022,raspberrypi,425.0,2023-09-02,06:50:01,Whole,1182.9347316162523,,6.657985146959159,,1196.25,2016.5,6.657985146959159,0,1,1,,0.0,1.0,,0.0,0.0,,543.8157114711582,,,807.2183156039875,1556.006170883753,543.8157114711582,,,394.10037806969206
2023,raspberrypi,653.0,2023-09-02,06:50:01,Whole,2626.739624090947,,14.82159966243751,,3196.0,2499.5,14.82159966243751,0,1,1,,0.0,1.0,,0.0,0.0,,2249.940426801017,,,902.9770227186432,1233.3202358924098,2249.940426801017,,,2119.8546403760556
2024,raspberrypi,80.0,2023-09-01,19:00:01,Whole,1071.7621409156698,,5.887674816593901,,975.4166666666666,494.8333333333333,1.1832625055268302,0,14,3,,0.0,1.0,,0.0,0.0,,599.6800986216501,,,2062.7896828949583,2184.4969643626982,599.6800986216501,,,499.50847969988706
2025,raspberrypi,190.0,2023-09-01,19:00:01,Whole,196.124177904402,0.0,4.10600477550437,,1950.7,1071.9,0.6517461610213451,5,25,5,0.0,0.0,1.0,,0.0,0.0,,715.9576585219747,,,1194.5585352917408,1305.118449614099,715.9576585219747,,,666.9960339586983
2026,raspberrypi,223.0,2023-09-01,19:00:01,Whole,850.4311514986873,,5.479130826451683,,1335.0,1435.75,2.884582890507009,0,5,1,,0.01282051282051282,0.9871794871794872,,0.0,0.01282051282051282,,121.06242261687045,,,1077.238084912666,1557.9723147342188,121.06242261687045,,,0.0
2027,raspberrypi,225.0,2023-09-01,19:00:01,Whole,1127.3855104351358,,6.659849771700317,,1001.25,1443.0,4.587568093198166,0,5,1,,0.01282051282051282,0.9871794871794872,,0.0,0.01282051282051282,,50.83215691083119,,,1296.5256638405638,1803.6450129087943,50.83215691083119,,,0.0
2028,raspberrypi,226.0,2023-09-01,19:00:01,Whole,129.50724837511115,0.0,4.9111801489782065,,2044.7211538461538,987.5929487179487,1.9616681667945883,5,265,78,0.05002969723868338,0.0,1.0,,0.0,0.0,,828.1612658801342,,,1271.9746833808524,1290.3153955702276,828.1612658801342,,,786.6575486230576
2029,raspberrypi,228.0,2023-09-01,19:00:01,Whole,790.9436635198007,,3.0778274420986733,,1484.5,1496.75,2.2474459060966345,0,2,1,,0.01282051282051282,0.9871794871794872,,0.0,0.01282051282051282,,273.06165055064395,,,941.788435442839,1440.2450410244514,273.06165055064395,,,148.18906731726057
2030,raspberrypi,234.0,2023-09-01,19:00:01,Whole,1071.7590026748796,,5.880884020261863,,975.5,494.625,2.404324520807044,0,9,2,,0.0,1.0,,0.0,0.0,,599.8777649155272,,,2062.929145612381,2184.5439309886906,599.8777649155272,,,500.3208724002363
2031,raspberrypi,236.0,2023-09-01,19:00:01,Whole,464.462771962799,0.2077922077922078,4.782081745595573,3.767473929546732,1886.7403846153845,1333.1682692307693,1.9616681667945883,0,265,78,1.9240593446322019,0.0,0.7948717948717948,,0.0,0.0,,626.8205902330905,,,945.2357148431882,1250.933796667868,626.8205902330905,,,541.7715832184836
2032,raspberrypi,237.0,2023-09-01,19:00:01,Whole,371.5171339143935,0.0,4.835472494336436,,1619.4802631578948,774.8618421052631,2.4546515130383493,0,261,76,0.08554857638160342,0.0,1.0,,0.0,0.0,,561.4950648535741,,,1550.6963550758749,1619.8373304371112,561.4950648535741,,,545.3614052562159
2033,raspberrypi,238.0,2023-09-01,19:00:01,Whole,1007.7655284222208,,4.690871013163857,,976.25,1000.0,3.5243031628192067,0,3,1,,0.01282051282051282,0.9871794871794872,,0.0,0.01282051282051282,,104.24774080567919,,,1641.2624390212438,1960.758572944411,104.24774080567919,,,0.0
2034,raspberrypi,239.0,2023-09-01,19:00:01,Whole,852.2852201992093,0.0,5.909769504469299,,1202.25,521.3068181818181,2.520270637834592,0,176,44,0.006357355334703334,0.0,1.0,,0.0,0.0,,581.1209509389565,,,1934.9472601927248,2014.493009842789,581.1209509389565,,,498.4635354866253
2035,raspberrypi,258.0,2023-09-01,19:00:01,Whole,1449.2074864393728,0.8979591836734694,10.102053943083954,7.918324394743099,3337.45,379.9675,7.4003108732238845,0,196,50,30.48940077597968,0.0,0.358974358974359,,0.0,0.0,,2246.0176437654877,,,2220.5446105233586,1330.8799793549915,2246.0176437654877,,,2219.6230357905742
2036,raspberrypi,366.0,2023-09-01,19:00:01,Whole,1637.9557046335885,,9.40308832145881,,2937.75,2203.75,7.091346393491691,0,5,1,,0.0,1.0,,0.0,0.0,,1883.448049182321,,,680.3278836238039,1047.7596087450002,1883.448049182321,,,1758.2705169695641
2037,raspberrypi,392.0,2023-09-01,19:00:01,Whole,1448.7574569823673,,8.436788246027909,,3041.0,1860.25,6.566021568304609,0,9,2,,0.0,1.0,,0.0,0.0,,1855.9960498068936,,,918.5119089864249,1019.9447917561145,1855.9960498068936,,,1746.4891353194923
2038,raspberrypi,220.0,2023-09-01,21:20:01,Whole,691.2141884875833,0.0,6.500222613296263,,1733.0125,2053.5828125,2.4273947314749864,0,667,80,0.06833389483359371,0.0,1.0,,0.0,0.0,,816.0260730124421,,,346.6685156420562,1179.5128720146677,816.0260730124421,,,666.7636171897738
2039,raspberrypi,226.0,2023-09-01,21:20:01,Whole,362.022268062146,0.0,5.647710874055953,,1808.4375,1014.0608974358975,1.4009144305848142,0,657,78,0.04587690718560843,0.0,1.0,,0.0,0.0,,598.2240876726328,,,1273.436572157295,1404.0051210776423,598.2240876726328,,,563.9031474706547
2040,raspberrypi,227.0,2023-09-01,21:20:01,Whole,594.7832118613037,0.0,5.9011092003712,,1395.5354166666666,994.8729166666667,0.8241382731768594,60,531,60,0.04240837098226171,0.0,1.0,,0.0,0.0,,255.11505887678288,,,1424.187804869332,1665.1455109262452,255.11505887678288,,,242.4916290497853
2041,raspberrypi,228.0,2023-09-01,21:20:01,Whole,804.6914666193198,,5.561984651238221,,1200.75,904.0,1.110723356916324,0,10,1,,0.0125,0.9875,,0.0,0.0125,,215.46464248685913,,,1595.7645794843845,1835.5928403565065,215.46464248685913,,,147.5982054226935
2042,raspberrypi,229.0,2023-09-01,21:20:01,Whole,1726.2296798414584,0.0,10.382325949126002,,3450.8386075949365,716.0996835443038,7.213831437083134,0,663,79,0.09937911318735317,0.0,0.0125,,0.0,0.0,,2252.056392634807,,,2006.6634077955596,1143.9358200397633,2252.056392634807,,,2202.3772305311236
2043,raspberrypi,230.0,2023-09-01,21:20:01,Whole,1151.7544834541338,0.0,7.868704603051369,,768.165625,990.603125,0.8827275275021865,78,667,80,0.04745641869417142,1.0,0.0,,0.0,1.0,,227.69670281971048,,,1782.2350785065332,2124.0267234700796,227.69670281971048,,,131.15201040993313
2044,raspberrypi,232.0,2023-09-01,21:20:01,Whole,1099.4848257508893,0.25396825396825395,7.802429596006196,8.999823633208262,1952.84765625,2468.177734375,2.4215265693485346,0,545,64,47.39013532565835,0.0,0.2,,0.8,0.0,,1276.8944930851512,,,0.0,1025.4075497275016,1276.8944930851512,,,1125.187135232165
2045,raspberrypi,233.0,2023-09-01,21:20:01,Whole,366.5893089755758,0.0,5.809175854588512,,2110.71875,1110.915625,1.6385511806929005,0,667,80,0.08468300566947995,0.0,1.0,,0.0,0.0,,863.4294755357109,,,1147.7239942755639,1213.0847494858376,863.4294755357109,,,805.1781392387677
2046,raspberrypi,234.0,2023-09-01,21:20:01,Whole,1052.0626329730324,0.012987012987012988,7.3856130837792975,2.3048861143232218,913.9951923076923,901.7419871794872,0.8826627631305578,78,657,78,0.11143719449341995,0.975,0.025,,0.0,0.975,,216.92795611052463,,,1757.1143288575233,2045.3857545363012,216.92795611052463,,,111.66276717373614
2047,raspberrypi,236.0,2023-09-01,21:20:01,Whole,528.7882564933219,0.0,5.80369866555121,,1546.559375,943.2921875,0.8250111911503744,60,667,80,0.08129698429422105,0.0,1.0,,0.0,0.0,,401.5724057070861,,,1412.9394280257548,1588.8624990712422,401.5724057070861,,,401.4143589517183
2048,raspberrypi,258.0,2023-09-01,21:20:01,Whole,1928.6072999080175,0.9016393442622951,10.577162938842916,12.951361170706013,2946.4879032258063,2962.155241935484,5.664639019460551,0,540,62,230.26426422538327,0.0,0.3125,,0.0,0.0,,2317.8873691219897,,,793.5112149062262,1330.595940463032,2317.8873691219897,,,2158.8621450550836
2049,raspberrypi,366.0,2023-09-01,21:20:01,Whole,1363.7790828815005,,8.774116157530061,,2936.0,2204.0,4.021195149927097,0,9,1,,0.0,1.0,,0.0,0.0,,1881.9874237160197,,,678.5794746689162,1047.27180275233,1881.9874237160197,,,1756.7706443661068
2050,raspberrypi,392.0,2023-09-01,21:20:01,Whole,1282.5475410657077,0.0,8.23964633145085,,3041.1875,1859.75,5.730694691622306,0,40,4,,0.0,1.0,,0.0,0.0,,1856.0371744834026,,,918.9371110762354,1019.924838842794,1856.0371744834026,,,1746.5876287406595
2051,raspberrypi,106.0,2023-09-02,00:35:01,Whole,1611.120247906473,,8.894336525115905,,1178.5,2422.25,3.637816269045839,0,7,1,,0.0,1.0,,0.0,0.0,,944.0268025023481,,,724.9980172168327,1573.6962050220595,944.0268025023481,,,797.1699131613916
2052,raspberrypi,221.0,2023-09-02,00:35:01,Whole,251.96085307237004,0.0,4.76421058329646,,1871.34375,1140.934375,1.3178114230936089,0,452,80,0.08000623237213496,0.0,1.0,,0.0,0.0,,624.7131147467098,,,1137.1439067568294,1321.527204687533,624.7131147467098,,,568.3099980930414
2053,raspberrypi,229.0,2023-09-02,00:35:01,Whole,1252.6296855338921,0.0,9.042780199647627,,3222.5833333333335,518.0176282051282,6.4226121407340315,0,445,78,0.040520245398214014,0.0,0.025,,0.0,0.0,,2089.813670255605,,,2043.2523826549714,1172.5589288845745,2089.813670255605,,,2054.0570790998863
2054,raspberrypi,233.0,2023-09-02,00:35:01,Whole,16.052410614433118,0.0,4.887395560941688,,2123.365625,1100.371875,1.3178114230936089,0,452,80,0.08100494542737074,0.0,1.0,,0.0,0.0,,877.6144715677553,,,1158.440868839726,1210.923331093124,877.6144715677553,,,820.5084779097992
2055,raspberrypi,236.0,2023-09-02,00:35:01,Whole,906.1357411406989,0.0,5.7118404592179255,,1596.7265625,1854.653125,3.9482741854206393,0,452,80,0.055714348057213266,0.0,1.0,,0.0,0.0,,577.2518421123286,,,586.1937651418818,1291.1984061891499,577.2518421123286,,,429.4815938338806
2056,raspberrypi,237.0,2023-09-02,00:35:01,Whole,566.2940692851337,0.0,6.047022362635066,,1828.6948051948052,632.0162337662338,1.9343323796941998,0,440,77,0.050488032426270306,0.0,1.0,,0.0,0.0,,810.3031947136104,,,1646.4281388490926,1571.4244122349887,810.3031947136104,,,798.7898516885006
2057,raspberrypi,258.0,2023-09-02,00:35:01,Whole,678.4638911098399,0.0,5.987251891789691,,1508.6012658227849,826.6693037974684,1.9343763080155274,0,449,79,0.08407536902369984,0.0,1.0,,0.0,0.0,,447.52793631971736,,,1535.5119734151122,1664.095785826229,447.52793631971736,,,424.57941797438184
2058,raspberrypi,366.0,2023-09-02,00:35:01,Whole,1358.3411226285502,0.0,7.601771460736325,,2936.0,2203.875,1.8550307364954846,0,85,12,5.03827399612162e-26,0.0,1.0,,0.0,0.0,,1881.932473233996,,,678.61525571973,1047.246902386026,1881.932473233996,,,1756.720126070962
2059,raspberrypi,392.0,2023-09-02,00:35:01,Whole,1182.1595964553467,0.0,7.322331376416301,,3040.892441860465,1860.2325581395353,6.150288850194843,0,273,43,0.004798063414283926,0.0,1.0,,0.0,0.0,,1855.888000616725,,,918.4302054612872,1019.9132538266508,1855.888000616725,,,1746.431213151746
2060,raspberrypi,441.0,2023-09-02,00:35:01,Whole,677.3836023869412,,5.222430921277076,,1562.625,1498.25,1.8484981486998693,0,15,2,,0.0,1.0,,0.0,0.0,,344.38697520447226,,,900.2778293481754,1389.6177339739702,344.38697520447226,,,224.57313208762395
2061,raspberrypi,17.0,2023-09-01,21:15:01,Whole,556.6058025211772,,5.149052417564992,,1460.25,1218.25,0.8839695657649146,1,6,1,,0.012987012987012988,0.987012987012987,,0.0,0.012987012987012988,,216.3825827043953,,,1195.3943993632718,1539.6191548344054,216.3825827043953,,,160.32189431120761
2062,raspberrypi,37.0,2023-09-01,21:15:01,Whole,1771.8528486814291,,10.628139472048767,,2982.75,2725.0,7.315016575119787,0,7,1,,0.0,1.0,,0.0,0.0,,2195.3109240217204,,,729.3548602659287,1226.55831866711,2195.3109240217204,,,2056.532910468282
2063,raspberrypi,106.0,2023-09-01,21:15:01,Whole,1450.0565962955548,,7.961212523043774,,1176.875,2422.125,3.420059874068894,0,13,2,,0.0,1.0,,0.0,0.0,,943.7580627689922,,,726.6263751560599,1575.048873295787,943.7580627689922,,,796.962861330905
2064,raspberrypi,220.0,2023-09-01,21:15:01,Whole,858.8621699635681,0.039473684210526314,6.481560678552053,11.528323041132388,1734.6461038961038,2051.1574675324673,5.2157279673980215,0,480,77,5.723348725216281,0.0,0.961038961038961,,0.0,0.0,,815.3410393462967,,,347.4940984227868,1178.9355978069616,815.3410393462967,,,660.7405466564181
2065,raspberrypi,226.0,2023-09-01,21:15:01,Whole,288.2752743691933,0.028169014084507043,6.376550774968288,3.0,1848.8697916666667,1005.2986111111113,1.4073837366021438,0,457,72,0.27501637999940975,0.0,0.974025974025974,,0.0,0.0,,638.6821402822075,,,1274.6340167973578,1385.1561471754067,638.6821402822075,,,601.3106253556514
2066,raspberrypi,227.0,2023-09-01,21:15:01,Whole,984.1244329174109,1.0,6.801126977151556,209.84758116309268,2257.625,1850.375,2.6144212445006176,2,229,33,23788.130044676618,0.0,0.5844155844155844,,0.15584415584415584,0.0,,1307.4430210792007,,,649.0009457303701,1123.8979643541302,1307.4430210792007,,,1180.2552029840292
2067,raspberrypi,229.0,2023-09-01,21:15:01,Whole,1526.6608677208094,0.2894736842105263,9.758508677566438,8.853190157351584,3447.4853896103896,708.2824675324675,7.19764579247446,0,480,77,32.493140864929856,0.0,0.0,,0.0,0.0,,2250.6808246884,,,2010.8502540485244,1146.3520095250299,2250.6808246884,,,2203.877222222458
2068,raspberrypi,230.0,2023-09-01,21:15:01,Whole,1271.5428561517765,0.06578947368421052,9.154504602378207,3.9496733794581687,789.547077922078,905.8376623376623,3.056633115206001,0,480,77,1.1285010510811118,1.0,0.0,,0.0,1.0,,275.65204745309364,,,1831.8870754733866,2138.8590084075877,275.65204745309364,,,171.14059677338176
2069,raspberrypi,233.0,2023-09-01,21:15:01,Whole,163.63470517656063,0.06578947368421052,5.931235879068866,11.224922408110483,2098.75,1098.6038961038962,1.4103613204410868,2,480,77,12.736168495841575,0.0,0.935064935064935,,0.0,0.0,,853.9078904500286,,,1159.9898005586813,1222.8958256244428,853.9078904500286,,,799.6411493606789
2070,raspberrypi,234.0,2023-09-01,21:15:01,Whole,683.4649622881569,0.5131578947368421,6.785863608924725,4.812083417955737,1365.4366883116884,1031.9935064935064,2.4893486010678387,1,480,77,7.004017647180359,0.33766233766233766,0.2857142857142857,,0.0,0.33766233766233766,,210.63173294182434,,,1404.4305391328594,1670.6457596585074,210.63173294182434,,,202.97505618619775
2071,raspberrypi,236.0,2023-09-01,21:15:01,Whole,1009.3833721403047,1.0,7.761560087992772,182.98180138521832,2773.765,903.675,2.238765396964611,0,167,25,9899.554902859581,0.012987012987012988,0.6883116883116883,,0.0,0.012987012987012988,,1600.6865192141483,,,1578.1548919803336,1135.4319649309748,1600.6865192141483,,,1741.0812440316947
2072,raspberrypi,258.0,2023-09-01,21:15:01,Whole,1917.9888151335513,1.0,10.119127214867282,31.802471692113564,2942.484375,2918.40625,5.201337477055536,0,59,8,1370.2952738732565,0.0,0.9090909090909091,,0.0,0.0,,2286.2581639810323,,,768.9831206032021,1304.6053436207783,2286.2581639810323,,,2143.034212501546
2073,raspberrypi,366.0,2023-09-01,21:15:01,Whole,1333.552745297178,0.0,8.55962868849289,,2937.75,2203.96875,6.266794625198245,0,27,4,0.0,0.0,1.0,,0.0,0.0,,1883.5441492709022,,,680.2654256692564,1047.8033188667796,1883.5441492709022,,,1758.3967073322322
2074,raspberrypi,392.0,2023-09-01,21:15:01,Whole,1198.0140076543955,0.0,7.505093543298139,,3041.38,1860.105,4.779352798237185,0,177,25,0.036779108518057206,0.0,1.0,,0.0,0.0,,1856.3203987878528,,,918.9107794592477,1020.0272093071129,1856.3203987878528,,,1746.8713127904168
2075,raspberrypi,657.0,2023-09-01,21:15:01,Whole,660.4293314246338,,5.483506317218898,,1507.25,819.25,1.3359622032089793,0,8,1,,0.0,1.0,,0.0,0.0,,451.83384079542697,,,1542.9481326248158,1668.3500211326623,451.83384079542697,,,427.7410653160929
2076,raspberrypi,221.0,2023-09-02,01:20:01,Whole,96.78494825698887,0.012658227848101266,4.07906109362548,2.7950849718747373,1899.55625,1183.16875,1.4210794743792183,0,392,80,0.1435611982293497,0.0,0.9875,,0.0,0.0,,645.7040822833924,,,1090.8845422340783,1291.9097383549263,645.7040822833924,,,582.4866451449759
2077,raspberrypi,229.0,2023-09-02,01:20:01,Whole,1410.0857521353735,0.8142857142857143,9.291768034567992,11.761646791011504,3254.9647887323945,526.6003521126761,6.353013055198462,0,365,71,94.06522213160159,0.0,0.1125,,0.0,0.0,,2117.571885879972,,,2052.4717619725393,1178.517363363472,2117.571885879972,,,2073.298231638206
2078,raspberrypi,233.0,2023-09-02,01:20:01,Whole,179.39287871618768,0.0,4.576295656486457,,2167.421875,1119.665625,1.4210794743792183,0,392,80,0.05774182609633972,0.0,1.0,,0.0,0.0,,917.6106670533993,,,1140.6989541891783,1184.6527311814407,917.6106670533993,,,857.5020907939197
2079,raspberrypi,234.0,2023-09-02,01:20:01,Whole,409.0440625168811,0.02564102564102564,4.163427304543266,3.0886372269802216,1591.3971518987341,1239.2832278481012,1.6169057113682253,4,391,79,0.24751782796876454,0.0,0.975,,0.0,0.0,,338.3894436279776,,,1120.8762257722387,1448.8534069860184,338.3894436279776,,,271.64247578908805
2080,raspberrypi,236.0,2023-09-02,01:20:01,Whole,765.3448125835382,0.0,4.798081171638201,,1608.5664556962026,1813.8117088607594,2.966358218267606,1,391,79,0.08173816651384574,0.0,1.0,,0.0,0.0,,556.5505830423975,,,610.6860876514199,1291.0332122092325,556.5505830423975,,,410.93601932519505
2081,raspberrypi,237.0,2023-09-02,01:20:01,Whole,507.872928097735,0.8823529411764706,5.061757505513601,14.964321239655495,1572.858173076923,864.9254807692307,1.5964621034325521,13,289,52,282.23045672927617,0.0,0.4375,,0.0,0.0,,470.9646791754422,,,1478.5742841092556,1607.2074933044728,470.9646791754422,,,458.8823927542175
2082,raspberrypi,258.0,2023-09-02,01:20:01,Whole,615.9610181651291,1.0,4.933949423059912,22.100216116676403,1409.6298076923076,987.4038461538462,0.910391233976261,17,158,26,225.90814853770493,0.0875,0.675,,0.0,0.0875,,281.0900407162052,,,1425.9802663359299,1661.162959792792,281.0900407162052,,,269.6128292647662
2083,raspberrypi,378.0,2023-09-02,01:20:01,Whole,641.7591019933375,,2.4808019555093606,,1626.0,1678.75,0.7055847122061625,1,4,1,,0.0,1.0,,0.0,0.0,,484.79759644498597,,,712.4390943331339,1307.2616649324766,484.79759644498597,,,348.35454450471127
2084,raspberrypi,392.0,2023-09-02,01:20:01,Whole,1267.1959391819507,,7.669430751794103,,3041.0,1859.75,5.913513768785152,0,17,3,,0.0,1.0,,0.0,0.0,,1855.8572574196855,,,918.7785515319671,1019.8741950099958,1855.8572574196855,,,1746.3154889887198
2085,raspberrypi,441.0,2023-09-02,01:20:01,Whole,1505.5947913492914,,7.959482860219456,,1181.75,2420.5,3.8322366870518603,0,7,1,,0.0,1.0,,0.0,0.0,,942.5823073170817,,,721.812384324794,1570.7826283723284,942.5823073170817,,,795.5959528050098
2086,raspberrypi,37.0,2023-09-01,18:15:01,Whole,1977.5033434593056,,11.275819692713355,,2623.5,2758.0,7.41665730946092,0,8,1,,0.0,1.0,,0.0,0.0,,1941.6805826134887,,,411.1502250715461,1100.0726614696398,1941.6805826134887,,,1796.6520114131163
2087,raspberrypi,221.0,2023-09-01,18:15:01,Whole,314.4494798400028,1.0,4.003120819668903,38.19440404038267,1386.125,1271.75,1.7736760329325434,0,12,2,,0.025,0.975,,0.0,0.025,,140.2559478918128,,,1184.8500220274302,1571.4747702156599,140.2559478918128,,,70.31831691892515
2088,raspberrypi,224.0,2023-09-01,18:15:01,Whole,846.9422490331217,0.0,4.7893086491786985,,1477.175,1892.521875,2.2965047577657063,0,493,80,0.09546150070319061,0.0,1.0,,0.0,0.0,,532.0357139870919,,,641.9582748346022,1363.3188050120757,532.0357139870919,,,379.3284017138885
2089,raspberrypi,225.0,2023-09-01,18:15:01,Whole,299.1637836451542,0.02631578947368421,5.067253147959832,2.1360009363293826,1525.5714285714287,771.4659090909091,1.7112917069231806,4,481,77,0.15422479157377136,0.0,0.975,,0.0,0.0,,498.5058199010699,,,1581.9701422524104,1679.1708456262127,498.5058199010699,,,472.27209101786025
2090,raspberrypi,226.0,2023-09-01,18:15:01,Whole,316.9650794025113,0.34177215189873417,4.119262913686517,17.725102209823554,1748.5046875,1311.9265625,1.5144746600776773,20,493,80,173.56366955578082,0.0,0.6625,,0.0,0.0,,503.80488929293614,,,1004.9217229156122,1335.524627792525,503.80488929293614,,,466.95781620203894
2091,raspberrypi,227.0,2023-09-01,18:15:01,Whole,813.6972414517553,1.0,4.688648244363537,41.02304992318343,1114.0,1697.375,2.1266178536462133,0,18,3,0.0,0.0375,0.9625,,0.0,0.0375,,219.2708696792579,,,1046.326201492794,1661.746328397969,219.2708696792579,,,73.75365589796618
2092,raspberrypi,228.0,2023-09-01,18:15:01,Whole,810.9467257222303,1.0,6.417341658432885,80.04807671573396,1860.2606382978724,427.3776595744681,1.350816783343343,3,322,47,5432.160966524335,0.0,0.425,,0.0,0.0,,1021.2607943686,,,1913.238535221976,1714.4701977260036,1021.2607943686,,,968.2753045976394
2093,raspberrypi,230.0,2023-09-01,18:15:01,Whole,768.1390385000466,,4.764885522478715,,1008.25,1527.75,2.41809419801593,0,8,1,,0.0125,0.9875,,0.0,0.0125,,93.04115079057128,,,1235.1055638852813,1778.2186835978941,93.04115079057128,,,0.0
2094,raspberrypi,232.0,2023-09-01,18:15:01,Whole,461.02547618535556,0.9117647058823529,3.805894683774509,13.06866482212201,1463.9966216216217,1490.9864864864865,1.1151699413311984,12,245,37,63.57021585385137,0.4625,0.5375,,0.0,0.4625,,254.1317436917512,,,957.9604957212998,1455.645523200529,254.1317436917512,,,137.34811211956153
2095,raspberrypi,234.0,2023-09-01,18:15:01,Whole,815.417977450586,0.5714285714285714,6.899519026931797,8.383904969333821,983.6875,541.7125,2.2856330528376327,1,304,50,18.404733888912162,0.0,0.65,,0.0,0.0,,552.425912018542,,,2018.1919137602663,2155.215651421177,552.425912018542,,,448.52443707196204
2096,raspberrypi,236.0,2023-09-01,18:15:01,Whole,411.37897403612146,1.0,5.012121555894292,51.54431320194684,1762.468309859155,824.1584507042254,1.2333810752157435,15,450,71,1712.6429342584513,0.0625,0.125,,0.0,0.0625,,684.3516275460805,,,1487.5978995870325,1529.3695433100495,684.3516275460805,,,689.3610702138823
2097,raspberrypi,237.0,2023-09-01,18:15:01,Whole,512.0161118804259,0.6455696202531646,5.442937352356901,33.19530170430614,2075.896875,871.915625,1.801155083929833,0,493,80,721.2752263727507,0.0,0.3625,,0.0,0.0,,903.0246363170972,,,1389.5558518750186,1328.0390356781206,903.0246363170972,,,868.8060520610541
2098,raspberrypi,258.0,2023-09-01,18:15:01,Whole,488.8894656182539,1.0,4.647214738892633,52.61689504864797,1266.307142857143,930.5892857142857,1.681646722882469,1,254,35,1438.9179697458148,0.0875,0.575,,0.0,0.0875,,388.61504921572816,,,1560.4848212236293,1796.774744458679,388.61504921572816,,,313.617565552654
2099,raspberrypi,653.0,2023-09-01,18:15:01,Whole,1762.2953607408488,,9.228795155632236,,2675.5,2464.5,6.85307851298884,0,6,1,,0.0,1.0,,0.0,0.0,,1793.5080607266855,,,381.6319371793307,1026.2407413145904,1793.5080607266855,,,1655.4787373432036
2100,raspberrypi,887.0,2023-09-01,18:15:01,Whole,354.73520882499895,1.0,4.372731444005065,14.381675583440375,1362.34375,1305.53125,1.7622576703037593,0,23,4,48.09486111901248,0.05,0.95,,0.0,0.05,,116.32434200562261,,,1168.7162274706989,1577.0053995488104,116.32434200562261,,,32.64235997358115
2101,raspberrypi,892.0,2023-09-01,18:15:01,Whole,752.1712808239872,,4.440439918913169,,1283.5,1732.0,1.2990166574808126,0,8,1,,0.0125,0.9875,,0.0,0.0125,,295.84617108526874,,,893.3296900312332,1527.32203351737,295.84617108526874,,,141.5350194908822
2102,raspberrypi,987.0,2023-09-01,18:15:01,Whole,1139.217213719663,1.0,8.45391805987008,142.57125411526687,1497.8333333333333,1774.6666666666667,3.228073503256095,0,14,3,,0.025,0.975,,0.0,0.025,,660.4305052552049,,,1107.0930349478992,1632.475770361291,660.4305052552049,,,0.0
2103,raspberrypi,221.0,2023-09-02,01:05:01,Whole,153.76099569247873,0.0,5.171537044384856,,1859.6867088607594,1145.879746835443,1.6057668504464402,0,484,79,0.10125295531031411,0.0,1.0,,0.0,0.0,,612.4972075976532,,,1134.3147297701237,1326.018745332557,612.4972075976532,,,555.565967457449
2104,raspberrypi,229.0,2023-09-02,01:05:01,Whole,1354.795005140577,0.0,9.295975236085237,,3222.476265822785,509.4240506329114,6.195073461290303,0,484,79,0.03576611654220742,0.0,0.0,,0.0,0.0,,2092.6138765088126,,,2050.634655242259,1176.373959845791,2092.6138765088126,,,2057.347563225234
2105,raspberrypi,233.0,2023-09-02,01:05:01,Whole,181.0935531143243,0.0,5.351484348917523,,2160.8196202531644,1068.4240506329113,1.6057668504464402,0,484,79,0.06278610884150207,0.0,1.0,,0.0,0.0,,920.1243799434833,,,1191.5622251609316,1205.1247731597105,920.1243799434833,,,865.8670242813268
2106,raspberrypi,234.0,2023-09-02,01:05:01,Whole,453.9675174497377,0.0,5.666110377141276,,1544.8433544303798,1178.2278481012659,1.6336115774559294,0,484,79,0.08723290696107318,0.0,1.0,,0.0,0.0,,304.009423240742,,,1195.2880659067812,1498.9494076390984,304.009423240742,,,253.7713306863034
2107,raspberrypi,236.0,2023-09-02,01:05:01,Whole,880.8619371262971,0.02564102564102564,6.077045284768796,3.025929609227551,1556.76582278481,1823.0696202531647,3.325557296820977,0,484,79,0.24220487105855637,0.0,0.9746835443037974,,0.0,0.0,,526.9813396828763,,,636.126371814102,1322.055749244363,526.9813396828763,,,377.4629237854426
2108,raspberrypi,237.0,2023-09-02,01:05:01,Whole,444.7586612792141,0.0,6.42505999885121,,1804.9647435897436,642.2483974358975,1.741511883954514,0,480,78,0.055566709692922586,0.0,1.0,,0.0,0.0,,785.8441517667835,,,1639.951580040516,1579.0945401255494,785.8441517667835,,,773.367789266635
2109,raspberrypi,258.0,2023-09-02,01:05:01,Whole,554.3805934517919,0.0,6.520615660781395,,1496.9814189189192,779.8125,1.7414619425513334,0,459,74,0.10893643261939438,0.0,1.0,,0.0,0.0,,473.6780773151236,,,1583.5311693454348,1693.183848914005,473.6780773151236,,,443.3729182707532
2110,raspberrypi,366.0,2023-09-02,01:05:01,Whole,1496.9348055584387,,8.636056027818125,,2936.0,2203.25,7.094939800410579,0,7,1,,0.0,1.0,,0.0,0.0,,1881.6578119052365,,,678.7943575959468,1047.122413321182,1881.6578119052365,,,1756.4676336890361
2111,raspberrypi,392.0,2023-09-02,01:05:01,Whole,1334.0219417104845,0.0,8.145899094344117,,3041.230769230769,1859.9615384615386,6.11151151322186,0,91,13,0.007870871425319115,0.0,1.0,,0.0,0.0,,1856.1373860001986,,,918.8609429126465,1019.9664849458895,1856.1373860001986,,,1746.629742674097
2112,raspberrypi,425.0,2023-09-02,01:05:01,Whole,1589.1695434556898,,8.669470910587963,,1176.75,2421.75,3.6551489187323214,0,8,1,,0.0,1.0,,0.0,0.0,,943.3732131460575,,,726.7643698544448,1575.1142598682645,943.3732131460575,,,796.581454586943
2113,raspberrypi,987.0,2023-09-02,01:05:01,Whole,1824.4158947598314,,10.137606580847983,,2630.75,2755.5,7.350166211302945,0,7,1,,0.0,1.0,,0.0,0.0,,1945.2395522652268,,,416.199964897822,1101.5864240178453,1945.2395522652268,,,1800.3650194295667
2114,raspberrypi,80.0,2023-09-02,14:45:01,Whole,1285.6430693965042,0.0,8.022960586674019,,1290.175,288.01875,1.4018762499787103,0,105,20,0.067830898088572,0.0,1.0,,0.0,0.0,,826.4922177226811,,,2116.458334308504,2087.2489241004732,826.4922177226811,,,747.4220697584826
2115,raspberrypi,224.0,2023-09-02,14:45:01,Whole,1320.9374068192928,0.1,7.656207755150255,9.362899498523996,1039.887323943662,398.53521126760563,6.58722590232932,0,351,71,24.41818320148321,0.0,0.9027777777777778,,0.0,0.0,,691.2496099950204,,,2116.6134585049667,2189.9274667255277,691.2496099950204,,,590.4937141658273
2116,raspberrypi,225.0,2023-09-02,14:45:01,Whole,793.7169880390476,0.08450704225352113,7.444231519845034,6.40293213375053,1241.6996527777778,1974.9756944444443,3.057536314965292,0,354,72,7.536193472769224,0.0,0.9166666666666666,,0.0,0.0,,512.1085498288581,,,786.1435907701999,1524.3126911188397,512.1085498288581,,,359.74834771151393
2117,raspberrypi,226.0,2023-09-02,14:45:01,Whole,616.0117727075491,1.0,6.4497316806426195,315.481815151376,2357.46875,1143.78125,2.032856748664346,0,21,4,853.3989631895126,0.0,0.9583333333333334,,0.0,0.0,,1105.5170680175352,,,1170.8608728167728,1113.4699760365322,1105.5170680175352,,,1025.5723757277256
2118,raspberrypi,228.0,2023-09-02,14:45:01,Whole,651.372303440696,0.0,5.786794460772624,,2213.573943661972,918.9454225352113,5.77894668896267,0,351,71,0.18373748661312914,0.0,1.0,,0.0,0.0,,1008.6271654129806,,,1343.9484925188028,1238.4149051910372,1008.6271654129806,,,968.474836085989
2119,raspberrypi,236.0,2023-09-02,14:45:01,Whole,718.2539436267037,0.9821428571428571,7.432527731105153,37.10331757283644,1718.4649122807018,2150.6008771929824,2.502752860515479,0,298,57,891.0017756153813,0.0,0.2361111111111111,,0.0,0.0,,916.0613684058604,,,371.68844673965674,1206.5835275252111,916.0613684058604,,,706.7622385587455
2120,raspberrypi,237.0,2023-09-02,14:45:01,Whole,1007.1617654228135,0.9014084507042254,8.34634712400912,24.255302941761002,2028.9600694444443,2433.2586805555557,2.817748866539439,0,354,72,493.2038631820867,0.0,0.013888888888888888,,0.9444444444444444,0.0,,1299.7302481003248,,,17.998129276228124,1007.376350645565,1299.7302481003248,,,1177.5347778129271
2121,raspberrypi,238.0,2023-09-02,14:45:01,Whole,406.96747743995275,1.0,6.287158280316483,38.53170289334329,1520.484375,1198.6875,4.004827938982204,0,38,8,360.4268924956397,0.041666666666666664,0.8888888888888888,,0.0,0.041666666666666664,,278.62707293889866,,,1187.7663381628558,1508.117048707814,278.62707293889866,,,209.31660614504105
2122,raspberrypi,258.0,2023-09-02,14:45:01,Whole,1619.3102172894285,0.0,10.554570369779224,,3450.71875,1305.4817708333333,6.690439501041818,0,253,48,0.0730512704909217,0.0,1.0,,0.0,0.0,,2184.3329047781767,,,1578.7309355966747,1096.2090260774405,2184.3329047781767,,,2104.5904282156416
2123,raspberrypi,411.0,2023-09-02,14:45:01,Whole,1285.0688181533003,,8.32915814712783,,1290.5,288.5,5.748886981539967,0,3,1,,0.0,1.0,,0.0,0.0,,826.0958126241308,,,2115.893596806824,2086.758718263642,826.0958126241308,,,746.8538099855739
2124,raspberrypi,653.0,2023-09-02,14:45:01,Whole,1089.8338678291223,,8.092136916109684,,2927.0,1493.0,4.725065067947494,0,6,1,,0.0,1.0,,0.0,0.0,,1672.464550569549,,,1073.4225921546704,965.1899430037679,1672.464550569549,,,1581.109720471416
2125,raspberrypi,954.0,2023-09-02,14:45:01,Whole,1285.6409613510957,,7.991500861723018,,1290.75,287.75,1.410586639700912,0,6,1,,0.0,1.0,,0.0,0.0,,826.880263886909,,,2116.5089498859174,2087.0448887495195,826.880263886909,,,747.6442246773041
2126,raspberrypi,37.0,2023-09-02,02:25:01,Whole,1117.538713972647,,6.739916097925728,,2051.25,2136.375,4.514566818070863,0,8,2,,0.0125,0.9875,,0.0,0.0125,,1152.3215750636382,,,933.1236150097841,1456.4779806520914,1152.3215750636382,,,1027.8884272197017
2127,raspberrypi,80.0,2023-09-02,02:25:01,Whole,640.248083525702,,4.924822527879951,,1328.0,1666.5,2.8144293609575066,0,4,1,,0.0125,0.9875,,0.0,0.0125,,261.45333962459983,,,906.2637483647084,1507.7906504737807,261.45333962459983,,,108.96386015874847
2128,raspberrypi,106.0,2023-09-02,02:25:01,Whole,956.4068012371786,,6.054626227919623,,1177.0,2421.0,4.3800369506989645,0,4,1,,0.0,1.0,,0.0,0.0,,942.6488376947816,,,726.5411353591646,1574.8251726062251,942.6488376947816,,,795.8449546000028
2129,raspberrypi,221.0,2023-09-02,02:25:01,Whole,800.2648064802819,1.0,4.5346214125145785,17.038649637764266,1373.034090909091,1285.3522727272727,2.2369333615322233,0,52,11,25.841483542424807,0.1375,0.8625,,0.0,0.1375,,127.12712778377426,,,1180.3452057229506,1576.118890759909,127.12712778377426,,,53.06335113725592
2130,raspberrypi,229.0,2023-09-02,02:25:01,Whole,513.1101579659927,1.0,4.037477494528791,66.56063209759279,1543.9338235294117,1578.5367647058824,1.5849106295510642,5,82,17,6073.758293975714,0.0,0.8,,0.0,0.0,,401.8014447041394,,,850.9793992743057,1387.9204398400752,401.8014447041394,,,268.5446487123794
2131,raspberrypi,230.0,2023-09-02,02:25:01,Whole,722.8276573515316,0.22784810126582278,6.258628273500927,10.29618144146508,2176.3875,2530.965625,0.8881275086760784,78,277,80,42.739733103811716,0.0,0.0,,1.0,0.0,,1467.1248378214939,,,0.0,962.2174963285587,1467.1248378214939,,,1318.942111308871
2132,raspberrypi,233.0,2023-09-02,02:25:01,Whole,740.0815600332277,0.0,5.832664810734864,,2199.85625,1153.475,4.67009944685047,0,277,80,0.08648719262179654,0.0,1.0,,0.0,0.0,,944.9451113146736,,,1109.0554292393272,1159.7859286264365,944.9451113146736,,,880.6635692821986
2133,raspberrypi,234.0,2023-09-02,02:25:01,Whole,646.3013643771073,0.0,3.855694212370157,,1320.804347826087,1669.6304347826087,1.1479825886039992,9,106,23,0.42414294868569113,0.2875,0.7125,,0.0,0.2875,,260.0658385203248,,,909.1067188093585,1512.3178050551687,260.0658385203248,,,108.44917572268534
2134,raspberrypi,236.0,2023-09-02,02:25:01,Whole,1159.814140906521,1.0,6.324290563115918,8.267394931757458,1171.8333333333333,980.375,3.570366986733055,0,44,9,3.7720819055440913,0.1125,0.8875,,0.0,0.1125,,136.62701228886968,,,1545.3640819159095,1825.1501629354261,136.62701228886968,,,64.77729255022786
2135,raspberrypi,237.0,2023-09-02,02:25:01,Whole,605.577818895197,0.02531645569620253,5.615490702792101,2.1578345627040085,2024.65625,2447.1953125,0.8881275086760784,78,277,80,0.23543946608955507,0.0,0.0,,1.0,0.0,,1304.7294348893229,,,0.0,999.5705427248145,1304.7294348893229,,,1154.0706795576498
2136,raspberrypi,258.0,2023-09-02,02:25:01,Whole,710.0984572487563,1.0,5.235047613134824,70.31712306861138,1766.1789215686274,1353.6053921568628,2.1906528792403437,4,207,51,1330.9689028391147,0.0625,0.3625,,0.0625,0.0625,,687.5761760098438,,,984.1518667089788,1361.3515800625132,687.5761760098438,,,634.7354413070949
2137,raspberrypi,470.0,2023-09-02,02:25:01,Whole,666.4532182169876,,5.571187306941772,,1275.75,1846.0,4.9564680755303065,0,4,1,,0.0,1.0,,0.0,0.0,,398.1836839173176,,,827.5357751953334,1514.323201565366,398.1836839173176,,,244.32435251648596
2138,raspberrypi,887.0,2023-09-02,02:25:01,Whole,947.164211756633,,6.110342812008672,,1060.5,1501.25,3.46378128717739,0,4,1,,0.0125,0.9875,,0.0,0.0125,,81.17833110100749,,,1213.483536021666,1743.612146448424,81.17833110100749,,,0.0
2139,raspberrypi,17.0,2023-09-01,19:05:01,Whole,131.12230533790668,,2.1481281192915693,,1860.5,988.0,0.988745163079869,1,5,1,,0.0,1.0,,0.0,0.0,,655.4016642422386,,,1289.7686490562985,1385.8141430515955,655.4016642422386,,,622.0507531565506
2140,raspberrypi,37.0,2023-09-01,19:05:01,Whole,2031.978630450946,,11.11700673072688,,2982.75,2724.5,8.578494762211447,0,5,1,,0.0,1.0,,0.0,0.0,,2195.010827731472,,,729.2085246877275,1226.3389304498676,2195.010827731472,,,2056.2431326053165
2141,raspberrypi,109.0,2023-09-01,19:05:01,Whole,345.51257118436604,,2.8056487331620525,,2117.625,1031.75,0.23255535943575062,3,12,2,,0.0,1.0,,0.0,0.0,,886.2201338246882,,,1226.9627499903022,1238.244805352911,886.2201338246882,,,837.1245634908112
2142,raspberrypi,190.0,2023-09-01,19:05:01,Whole,353.61383689260504,,2.103421138430887,,2124.0,1021.5,0.060212225266886625,2,6,1,,0.0,1.0,,0.0,0.0,,894.8294585602363,,,1237.3112573124804,1239.1159351268261,894.8294585602363,,,846.7204442042832
2143,raspberrypi,226.0,2023-09-01,19:05:01,Whole,293.1717734842437,0.0,4.0797691049573,,2052.246835443038,988.368670886076,1.4958589751402507,5,381,79,0.07377871548513708,0.0,1.0,,0.0,0.0,,835.0724599823859,,,1270.9430575542217,1286.3047453430815,835.0724599823859,,,793.1046637223405
2144,raspberrypi,228.0,2023-09-01,19:05:01,Whole,93.10090873453397,0.02564102564102564,4.10895253946865,2.5336016705040314,1751.8227848101267,1178.6566455696202,1.6314520214159984,0,381,79,0.23544569400911808,0.0,0.9746835443037974,,0.0,0.0,,502.16211825912114,,,1126.1938855411079,1374.229660692341,502.16211825912114,,,443.8634035291459
2145,raspberrypi,230.0,2023-09-01,19:05:01,Whole,1844.9774118810255,1.0,10.169937684244228,76.54789957134801,1035.475,2771.625,8.413638500918907,0,60,10,1396.2214551166708,0.0,0.8860759493670886,,0.0,0.0,,1293.1801491884,,,926.9996938370056,1777.4183619394828,1293.1801491884,,,1138.559714704769
2146,raspberrypi,234.0,2023-09-01,19:05:01,Whole,911.3386172893207,0.20270270270270271,7.134007365825051,8.935010416631107,1027.8816666666667,570.0450000000001,4.864690310319638,0,365,75,14.701035385860015,0.0,0.810126582278481,,0.0,0.0,,520.6561698076681,,,1971.5007479751425,2109.8072243677525,520.6561698076681,,,416.8185526736404
2147,raspberrypi,236.0,2023-09-01,19:05:01,Whole,373.2166901239682,0.0,4.282492675736097,,1966.4810126582279,1410.4810126582279,1.6314520214159984,0,381,79,0.09752625658288971,0.0,1.0,,0.0,0.0,,712.379377930602,,,856.4140567552442,1189.7826096140682,712.379377930602,,,618.4393806064764
2148,raspberrypi,237.0,2023-09-01,19:05:01,Whole,431.38168101756935,0.0,4.857874707433899,,1979.1772151898733,707.995253164557,1.496182508439343,0,381,79,0.08494100404175187,0.0,1.0,,0.0,0.0,,885.8152166797485,,,1554.6575149263565,1451.1015898240369,885.8152166797485,,,878.8686930673689
2149,raspberrypi,239.0,2023-09-01,19:05:01,Whole,570.806483350354,1.0,4.0628507879328914,30.991034111412276,1402.2291666666667,1518.4027777777778,2.6918282242234186,0,86,18,310.0268861300774,0.22784810126582278,0.7721518987341772,,0.0,0.22784810126582278,,219.95063193606217,,,973.3540881482724,1491.0390878433113,219.95063193606217,,,74.19492700132753
2150,raspberrypi,258.0,2023-09-01,19:05:01,Whole,775.1579690802699,1.0,4.794707726581693,56.53507397159064,1023.8875,907.7875,1.8427609024505376,0,60,10,663.6042905301208,0.11392405063291139,0.8860759493670886,,0.0,0.11392405063291139,,211.44716888190035,,,1689.2743034307782,1962.730051669599,211.44716888190035,,,102.42896155187512
2151,raspberrypi,366.0,2023-09-01,19:05:01,Whole,1562.701416355663,0.4,8.248290165858666,158.47833546734392,2801.1022727272725,2250.8295454545455,6.468589255518776,0,57,11,6665.560685230317,0.0,0.9493670886075949,,0.012658227848101266,0.0,,1791.4185737849264,,,536.1234405572341,1024.6534482356074,1791.4185737849264,,,1756.9993176089054
2152,raspberrypi,392.0,2023-09-01,19:05:01,Whole,1481.299492708566,0.0,8.157753453240355,,3041.5,1860.375,6.017724026771567,0,55,11,6.89327046448527e-26,0.0,1.0,,0.0,0.0,,1856.5104859899147,,,918.8683668559742,1020.097812593614,1856.5104859899147,,,1747.0044763852889
2153,raspberrypi,653.0,2023-09-01,19:05:01,Whole,345.4715454455866,,3.27630287753492,,2117.75,1032.75,0.4095524992782309,1,6,1,,0.0,1.0,,0.0,0.0,,886.1041143580347,,,1225.964483624382,1237.8130390689644,886.1041143580347,,,836.8906011988765
2154,raspberrypi,987.0,2023-09-01,19:05:01,Whole,360.2108497526992,,3.676906798200538,,1542.3333333333333,818.75,1.9580144873776655,0,17,3,,0.0,1.0,,0.0,0.0,,477.4184454327427,,,1532.5160052580502,1646.8759949945654,477.4184454327427,,,426.66388435723445
2155,raspberrypi,34.0,2023-09-02,14:35:01,Whole,382.8863481333425,0.0,6.260089453169289,,2204.775,1155.8,4.91071715721619,4,45,10,8.804251174341649e-34,0.0,1.0,,0.0,0.0,,949.5250206911855,,,1107.1297651342022,1156.9895905880244,949.5250206911855,,,884.9421528377386
2156,raspberrypi,80.0,2023-09-02,14:35:01,Whole,2021.1149466126478,,9.948733990692949,,3117.25,2962.75,4.797567875828182,0,4,1,,0.0,1.0,,0.0,0.0,,2447.8239133565294,,,943.2104167574194,1407.2750670728103,2447.8239133565294,,,2306.592677281621
2157,raspberrypi,221.0,2023-09-02,14:35:01,Whole,859.2624640360991,0.38,6.966837893607314,11.004377257774813,2220.375,2150.608173076923,2.0070701915731957,0,208,52,48.95467448431391,0.0,0.2714285714285714,,0.6714285714285714,0.0,,1242.1175350738536,,,134.58411014201246,980.2509347482644,1242.1175350738536,,,1096.7416266085884
2158,raspberrypi,224.0,2023-09-02,14:35:01,Whole,1322.3791584485027,0.0,10.222339552616875,,1083.8732142857145,308.6732142857143,4.023040754036359,1,243,70,0.1383047710077023,0.0,1.0,,0.0,0.0,,780.7551916812363,,,2177.7172880976677,2209.628136572606,780.7551916812363,,,688.1595929276851
2159,raspberrypi,225.0,2023-09-02,14:35:01,Whole,736.0723563748717,1.0,7.038716552797146,104.1546935928363,1419.3636363636363,942.8181818181819,3.173403752707896,0,150,33,6042.946601557354,0.22857142857142856,0.5428571428571428,,0.0,0.22857142857142856,,386.9683545765798,,,1494.1935282413797,1700.3323095926662,386.9683545765798,,,210.8429524563529
2160,raspberrypi,226.0,2023-09-02,14:35:01,Whole,1081.2532735538423,0.8805970149253731,6.844746832589356,30.461727416349355,2406.169117647059,2277.9632352941176,2.0537540070484033,0,239,68,1006.0374678333716,0.0,0.14285714285714285,,0.3,0.0,,1480.6421902394295,,,220.93444709789767,975.4168091502736,1480.6421902394295,,,1356.9221786535738
2161,raspberrypi,228.0,2023-09-02,14:35:01,Whole,1281.1721132019277,1.0,8.294756805955855,167.04503274598963,3076.0564516129034,1272.907258064516,5.056269238388117,1,131,31,17383.1764585082,0.0,0.5714285714285714,,0.0,0.0,,1861.9415117346416,,,1374.1276603554697,1030.523148622513,1861.9415117346416,,,1813.831505594436
2162,raspberrypi,234.0,2023-09-02,14:35:01,Whole,1813.9408424249157,,11.600970157307115,,2870.75,2883.75,4.140532202223241,0,3,1,,0.0,1.0,,0.0,0.0,,2208.93165647551,,,688.261357587487,1255.1076372107777,2208.93165647551,,,2065.546046834901
2163,raspberrypi,236.0,2023-09-02,14:35:01,Whole,1056.2762392806183,0.9655172413793104,7.843512180372017,20.374552219329725,917.9798387096774,946.5362903225806,2.930023665872739,0,130,31,127.06853730004772,0.44285714285714284,0.5571428571428572,,0.0,0.44285714285714284,,200.17652310343874,,,1723.989430222064,2027.4352475206733,200.17652310343874,,,107.22500592212523
2164,raspberrypi,238.0,2023-09-02,14:35:01,Whole,382.42237568074097,0.1,5.2699925895179796,2.1505813167606567,2202.8541666666665,1153.6875,4.296885240542765,4,55,12,0.41597697891418145,0.0,0.9857142857142858,,0.0,0.0,,947.8787358385387,,,1109.0803246275045,1158.4559523317043,947.8787358385387,,,883.7622051983735
2165,raspberrypi,258.0,2023-09-02,14:35:01,Whole,1580.7546597603166,,8.496615575708203,,1783.25,2940.25,3.5719525613433407,0,5,1,,0.0,0.9857142857142858,,0.0,0.0,,1602.8850130489454,,,383.8927863286286,1226.0004496254844,1602.8850130489454,,,1448.6081542840614
2166,raspberrypi,444.0,2023-09-02,14:35:01,Whole,1436.3615299475891,,7.580340867244199,,3233.25,874.0,0.8199870976393496,1,6,1,,0.0,0.9857142857142858,,0.0,0.0,,2006.38081727495,,,1749.8583841369461,1019.1437136782438,2006.38081727495,,,1950.8096237193197
2167,raspberrypi,445.0,2023-09-02,14:35:01,Whole,1912.7942997541177,,9.61978592109266,,3062.0,2868.5,3.538651415908539,0,5,1,,0.0,1.0,,0.0,0.0,,2345.695414802849,,,853.3752214012429,1330.7602780448249,2345.695414802849,,,2205.3273644872033
2168,raspberrypi,474.0,2023-09-02,14:35:01,Whole,1318.792758503439,,6.880452061165407,,1085.75,311.75,0.008390128046261875,1,6,1,,0.0,1.0,,0.0,0.0,,777.7205749316122,,,2174.132889793349,2206.6325895904793,777.7205749316122,,,684.7248510855704
2169,raspberrypi,37.0,2023-09-01,20:40:01,Whole,1685.323811490708,,9.712363183065152,,2980.75,2725.0,7.445136725032885,0,7,1,,0.0,1.0,,0.0,0.0,,2193.7124474053144,,,727.4427712536178,1225.6913711973311,2193.7124474053144,,,2054.903443945423
2170,raspberrypi,109.0,2023-09-01,20:40:01,Whole,1297.272215022069,,7.611190983723839,,2674.5,2464.75,5.380370121927928,0,6,1,,0.0,1.0,,0.0,0.0,,1792.8492194984428,,,380.63667108040084,1026.0203178787551,1792.8492194984428,,,1654.7947723767452
2171,raspberrypi,220.0,2023-09-01,20:40:01,Whole,561.324269856994,0.0,5.159230528107499,,1798.0064102564102,1900.6714743589744,1.5224684438080736,0,438,78,0.08042816187614978,0.0,1.0,,0.0,0.0,,755.3646177839382,,,434.20857779774207,1167.1470532747483,755.3646177839382,,,613.4795282014479
2172,raspberrypi,223.0,2023-09-01,20:40:01,Whole,296.9911175654864,0.0,3.748517081212797,,1682.8333333333333,1352.7291666666667,0.9676946982436146,12,80,12,0.13892480230919363,0.0,1.0,,0.0,0.0,,427.2411523698407,,,981.6668417496376,1357.5487322028177,427.2411523698407,,,337.12566835949656
2173,raspberrypi,226.0,2023-09-01,20:40:01,Whole,397.9843316271767,0.0,5.737822650945796,,1634.0400641025642,1171.5849358974358,1.0527487650680234,12,438,78,0.09253304015466815,0.0,1.0,,0.0,0.0,,389.99309284801507,,,1168.4951895571057,1446.0524844695938,389.99309284801507,,,336.74692113041795
2174,raspberrypi,228.0,2023-09-01,20:40:01,Whole,353.8792116494676,0.0,5.0440397962509245,,1724.6570512820513,1615.1314102564102,1.521824821187412,0,438,78,0.09445482706618669,0.0,1.0,,0.0,0.0,,538.0820272918926,,,722.9574584767566,1263.7363639762325,538.0820272918926,,,412.62872441653656
2175,raspberrypi,229.0,2023-09-01,20:40:01,Whole,1549.6040601782418,0.0,9.059974845068124,,3454.3445512820513,894.3974358974359,6.911085600019244,0,438,78,0.05228563477453509,0.0,0.0,,0.0,0.0,,2220.1680965337455,,,1871.1521120417772,1088.7618811169602,2220.1680965337455,,,2161.329443592133
2176,raspberrypi,233.0,2023-09-01,20:40:01,Whole,300.03721504561236,0.0,5.555661602249745,,2133.605769230769,1112.099358974359,2.597076629939251,0,438,78,0.056230461233859656,0.0,1.0,,0.0,0.0,,885.6412499136582,,,1146.9444703507181,1202.254422361016,885.6412499136582,,,827.0634266467059
2177,raspberrypi,234.0,2023-09-01,20:40:01,Whole,862.0235393368642,0.0,6.635312296762866,,1193.3958333333333,1723.4924242424242,2.8019201398895945,0,376,66,0.11646763286682091,0.8461538461538461,0.15384615384615385,,0.0,0.8461538461538461,,256.64989774994615,,,967.63905525607,1596.0760618600307,256.64989774994615,,,104.42347958274169
2178,raspberrypi,237.0,2023-09-01,20:40:01,Whole,553.2192458266256,0.0,6.178459045897737,,1594.3244047619048,972.202380952381,1.0502081154723686,0,252,42,0.0034724773494078888,0.0,1.0,,0.0,0.0,,425.37722504217896,,,1369.785201337071,1547.0551420962338,425.37722504217896,,,414.8812388216855
2179,raspberrypi,366.0,2023-09-01,20:40:01,Whole,1271.5812989232604,,7.5557047050822215,,2938.75,2204.0,6.094761026263878,0,6,1,,0.0,1.0,,0.0,0.0,,1884.4553819513503,,,681.2148633242289,1048.1174900034364,1884.4553819513503,,,1759.2863333726875
2180,raspberrypi,392.0,2023-09-01,20:40:01,Whole,1169.729085563485,,7.342672238221633,,3041.25,1860.0,5.423645433080309,0,14,2,,0.0,1.0,,0.0,0.0,,1856.1665640364204,,,918.8567564528179,1019.9771052732599,1856.1665640364204,,,1746.6744787322864
2181,raspberrypi,987.0,2023-09-01,20:40:01,Whole,1394.6180417338312,,8.314061937255557,,2667.0,2582.75,5.704573442494201,0,7,1,,0.0,1.0,,0.0,0.0,,1858.919378426955,,,387.41378196204647,1053.6779034117376,1858.919378426955,,,1717.9427498581103
2182,raspberrypi,37.0,2023-09-01,19:35:01,Whole,1630.8999213074842,0.0,9.76152533918573,,2981.3571428571427,2724.6071428571427,9.590868648438581,0,35,7,6.203854595110673e-26,0.0,1.0,,0.0,0.0,,2193.9617386641894,,,727.9080335965753,1225.7821174528362,2193.9617386641894,,,2055.107794210751
2183,raspberrypi,127.0,2023-09-01,19:35:01,Whole,990.6070911133162,,6.791904299642091,,929.75,1104.0,3.9227304948252453,0,5,1,,0.012658227848101266,0.9873417721518988,,0.0,0.012658227848101266,,68.02977941066094,,,1590.1621675295348,1958.9128678074758,68.02977941066094,,,0.0
2184,raspberrypi,221.0,2023-09-01,19:35:01,Whole,232.5813101721075,0.0,5.453530835015004,,1555.142405063291,1534.6962025316457,0.8809883264722226,75,319,79,0.12474604647888637,0.0,1.0,,0.0,0.0,,352.0496275090132,,,872.4227812074947,1384.9574568720172,352.0496275090132,,,226.52749153690863
2185,raspberrypi,227.0,2023-09-01,19:35:01,Whole,269.1704172881121,0.0,5.446593453622022,,1653.455,1395.705,0.8806785268680147,75,308,75,0.05865820568848815,0.0,1.0,,0.0,0.0,,403.8984429411671,,,952.6247151299788,1362.2580228307024,403.8984429411671,,,305.986670847302
2186,raspberrypi,228.0,2023-09-01,19:35:01,Whole,1034.7958492295616,0.0,8.03441868799076,,1049.261075949367,2393.1487341772154,5.143180361091771,0,319,79,0.09460231131138144,0.0,1.0,,0.0,0.0,,910.7356699476549,,,855.4545667544744,1680.4036944077097,910.7356699476549,,,769.6498944524143
2187,raspberrypi,230.0,2023-09-01,19:35:01,Whole,1254.028233916447,0.0,8.956110694967583,,748.7368421052631,902.5526315789474,5.287138643442434,0,91,19,0.009460071880517177,0.0,1.0,,0.0,0.0,,303.9894192150269,,,1860.9482799300454,2171.8159666986953,303.9894192150269,,,202.74109953760157
2188,raspberrypi,234.0,2023-09-01,19:35:01,Whole,655.5100077983587,0.0,6.612939301638677,,1237.8076923076924,2036.7932692307693,2.081468745228863,0,113,26,0.00472788105116714,0.0,1.0,,0.0,0.0,,571.4633993793263,,,760.9707074766576,1521.9130819267812,571.4633993793263,,,420.1516471706899
2189,raspberrypi,239.0,2023-09-01,19:35:01,Whole,487.37915425906033,0.9454545454545454,6.272894385397044,37.13010855065599,2171.2879464285716,1771.6808035714287,3.666536473948857,0,226,56,2057.4878785806113,0.0,0.34177215189873417,,0.0,0.0,,1029.6046128777443,,,514.511198595299,1043.6522419279568,1029.6046128777443,,,998.6430348557426
2190,raspberrypi,258.0,2023-09-01,19:35:01,Whole,2134.977697019851,0.6,11.818516498512675,22.394558163069576,3493.0263157894738,394.6842105263158,10.81228232037796,0,168,38,221.94474711026172,0.0,0.6708860759493671,,0.0,0.0,,2386.152151893006,,,2292.198766104006,1392.25157190709,2386.152151893006,,,2357.7229394756414
2191,raspberrypi,366.0,2023-09-01,19:35:01,Whole,1303.3591216509976,0.0,8.81062689279079,,2937.625,2203.625,7.823352753323862,0,35,9,2.2010627935854123e-34,0.0,1.0,,0.0,0.0,,1883.2809674660398,,,680.2438413454815,1047.6962096224104,1883.2809674660398,,,1758.1056912445763
2192,raspberrypi,392.0,2023-09-01,19:35:01,Whole,1298.5727960074298,0.0,7.921912288395423,,3041.4375,1860.5208333333333,4.039082498109615,0,28,6,0.0,0.0,1.0,,0.0,0.0,,1856.4910376305634,,,918.7377794579425,1020.1015158405311,1856.4910376305634,,,1746.9639742301551
2193,raspberrypi,525.0,2023-09-01,19:35:01,Whole,771.3096502187165,,6.058449866644653,,1762.0,871.0,2.76738832592888,0,6,1,,0.0,1.0,,0.0,0.0,,617.969619602775,,,1422.9420159835854,1491.2188639886897,617.969619602775,,,607.7217418567172
2194,raspberrypi,656.0,2023-09-01,19:35:01,Whole,797.798462160803,,6.195373453521437,,1133.875,1150.625,2.9314578549657444,0,9,2,,0.02531645569620253,0.9746835443037974,,0.0,0.02531645569620253,,15.972065791598965,,,1426.340330257206,1790.0453374196434,15.972065791598965,,,0.0
2195,raspberrypi,220.0,2023-09-02,15:20:01,Whole,518.5036978580766,,7.358286036492967,,1730.25,1565.25,3.84349477747173,0,4,1,,0.0,1.0,,0.0,0.0,,523.053429172515,,,766.5803109326296,1272.4371778932186,523.053429172515,,,403.2797554340028
2196,raspberrypi,225.0,2023-09-02,15:20:01,Whole,870.2199267615413,0.07042253521126761,8.498802455430395,9.47211954390573,2733.1302083333335,2513.5208333333335,7.450217794721022,0,180,72,10.81005682932238,0.0,0.9305555555555556,,0.0,0.0,,1868.9397972954923,,,441.9714241623686,1055.32730123464,1868.9397972954923,,,1732.062332628652
2197,raspberrypi,228.0,2023-09-02,15:20:01,Whole,1309.6513608723615,1.0,9.848195795703042,39.10515836905819,3214.2703488372094,1105.9360465116279,7.341877855657454,1,124,43,1934.4634411541495,0.0,0.4027777777777778,,0.0,0.0,,1959.5622892387782,,,1559.163565588178,995.7713478402568,1959.5622892387782,,,1874.5710423907597
2198,raspberrypi,236.0,2023-09-02,15:20:01,Whole,973.5390259041002,1.0,7.5613256575450185,194.76915545374786,1886.1284722222222,1827.564236111111,3.6475936438919656,6,180,72,16039.390638909506,0.19444444444444445,0.013888888888888888,,0.05555555555555555,0.19444444444444445,,1049.6842931392416,,,927.6457494834156,1354.9499945764683,1049.6842931392416,,,864.8072920865162
2199,raspberrypi,237.0,2023-09-02,15:20:01,Whole,1460.341386578781,1.0,9.012504762403566,14.74520413436575,873.8194444444445,2565.2546296296296,4.364433686138971,4,82,27,107.93715554333069,0.0,0.6527777777777778,,0.0,0.0,,1099.2361696718644,,,1034.6172658339497,1859.655875236344,1099.2361696718644,,,966.9998237978566
2200,raspberrypi,238.0,2023-09-02,15:20:01,Whole,1208.9119247894191,0.8,8.01088438060001,5.7541751766038365,1262.456081081081,1047.6418918918919,7.401372076207582,1,86,37,12.039506986485712,0.5138888888888888,0.4861111111111111,,0.0,0.5138888888888888,,133.19805444075752,,,1440.752128470676,1735.4680938895813,133.19805444075752,,,107.05138465796571
2201,raspberrypi,17.0,2023-09-01,20:15:01,Whole,1089.78765757466,,5.208316257988918,,1189.25,2132.0,3.0986489896809215,0,6,1,,0.0,1.0,,0.0,0.0,,656.9410918445707,,,769.0626979153506,1555.131523403832,656.9410918445707,,,508.31965953913357
2202,raspberrypi,190.0,2023-09-01,20:15:01,Whole,1801.893143673516,,10.068612297076319,,3001.5,2725.75,7.657145868798512,0,8,1,,0.0,1.0,,0.0,0.0,,2210.773229768649,,,747.5142163592711,1235.0657814629947,2210.773229768649,,,2072.269570792569
2203,raspberrypi,220.0,2023-09-01,20:15:01,Whole,582.4262162212956,0.0,5.4300133498836205,,1771.9772727272727,1871.672077922078,1.8794143915817154,0,572,77,0.03172524970474868,0.0,1.0,,0.0,0.0,,716.8914286402535,,,472.1745872161538,1185.9053402086001,716.8914286402535,,,575.3183897673791
2204,raspberrypi,224.0,2023-09-01,20:15:01,Whole,632.2649475400951,0.0,5.8838552873549395,,2528.25,1320.3116883116884,3.1307552657738187,0,572,77,0.049847302273582104,0.0,1.0,,0.0,0.0,,1263.9619844024942,,,1017.002220508033,1009.0197853828197,1263.9619844024942,,,1182.6556390382386
2205,raspberrypi,228.0,2023-09-01,20:15:01,Whole,1170.4361518792955,0.0,8.736225739659044,,813.6875,857.6614583333334,4.028123389393692,0,541,72,0.021937501449377082,0.0,1.0,,0.0,0.0,,301.7171100313102,,,1853.6908446352836,2139.1252141189143,301.7171100313102,,,196.56991457891317
2206,raspberrypi,229.0,2023-09-01,20:15:01,Whole,1647.506183707611,0.0,9.343162354567733,,3485.9683333333332,870.2033333333334,5.4639914540034615,0,562,75,0.07574915571770961,0.0,0.025974025974025976,,0.0,0.0,,2255.3340117726284,,,1910.1740732976577,1115.117015927418,2255.3340117726284,,,2197.53530337419
2207,raspberrypi,230.0,2023-09-01,20:15:01,Whole,411.54360059627345,0.0,5.592439422776823,,1488.0211038961038,1250.387987012987,1.3398723463883764,0,572,77,0.1734918503795958,1.0,0.0,,0.0,1.0,,237.86710673300126,,,1154.1332949704795,1510.732237200357,237.86710673300126,,,171.20226949104628
2208,raspberrypi,232.0,2023-09-01,20:15:01,Whole,504.93656729107886,0.0,5.388379483825695,,1505.9490131578948,1623.029605263158,1.8794143915817154,0,568,76,0.0662455245890044,0.0,1.0,,0.0,0.0,,355.366979748463,,,825.1422892700155,1395.362174953254,355.366979748463,,,216.4248336991976
2209,raspberrypi,233.0,2023-09-01,20:15:01,Whole,197.12772828998425,0.0,5.488449860171576,,1957.5860389610389,1115.3181818181818,1.292629860067635,0,572,77,0.05444685507051974,0.0,1.0,,0.0,0.0,,713.2850364841715,,,1150.6562164510997,1285.6947425601109,713.2850364841715,,,658.2231218208129
2210,raspberrypi,237.0,2023-09-01,20:15:01,Whole,157.304318002728,0.0,5.235293476235938,,1747.452922077922,1251.573051948052,1.292629860067635,0,572,77,0.12032222724724477,0.0,1.0,,0.0,0.0,,489.6884157163562,,,1057.1903063302234,1352.0004929603326,489.6884157163562,,,417.8669539595219
2211,raspberrypi,366.0,2023-09-01,20:15:01,Whole,1520.9445913782467,,8.901335543121899,,3309.0,1866.0,4.918332341833768,0,9,1,,0.0,1.0,,0.0,0.0,,2115.780492495056,,,1150.327372639075,1114.921439218117,2115.780492495056,,,2009.2443744380319
2212,raspberrypi,392.0,2023-09-01,20:15:01,Whole,1273.724800988085,0.0,7.862848809618024,,3041.7045454545455,1859.6704545454545,3.845342361862344,0,97,11,0.010091013690384084,0.0,1.0,,0.0,0.0,,1856.5112451462185,,,919.4169344729177,1020.0535312033408,1856.5112451462185,,,1747.0740625279643
2213,raspberrypi,987.0,2023-09-01,20:15:01,Whole,1051.5874029008341,0.7307692307692307,7.232609657688212,29.748496832396995,897.3148148148148,1613.4166666666667,3.163527781885809,0,225,27,352.1019407830872,0.35064935064935066,0.6493506493506493,,0.0,0.35064935064935066,,200.36737248654015,,,1271.2984151407804,1850.6040508966898,200.36737248654015,,,91.35079681068223
2214,raspberrypi,37.0,2023-09-02,05:20:01,Whole,2041.2576125786325,,9.818411681719676,,2981.5625,2724.6875,8.807951155769132,0,17,4,,0.0,1.0,,0.0,0.0,,2194.1742983566146,,,728.1280918205858,1225.906575786219,2194.1742983566146,,,2055.1953430746385
2215,raspberrypi,221.0,2023-09-02,05:20:01,Whole,710.3236751370697,0.0,7.616867201294328,,1021.1930379746835,800.7136075949367,3.104392460477735,0,249,79,0.14192364614337263,0.9620253164556962,0.0379746835443038,,0.0,0.9620253164556962,,291.5068813911916,,,1777.8524293311993,2007.7954300662086,291.5068813911916,,,192.97141241691045
2216,raspberrypi,224.0,2023-09-02,05:20:01,Whole,599.00624604264,0.0,5.299974620487949,,1232.1033333333332,1893.7616666666668,2.8396385422359818,0,244,75,0.1525058801150273,0.0,1.0,,0.0,0.0,,431.01526384166675,,,836.2549213566695,1540.7830838203809,431.01526384166675,,,278.7028912096466
2217,raspberrypi,225.0,2023-09-02,05:20:01,Whole,423.3986187047843,0.0,6.558766189519939,,1605.3227848101267,943.4620253164557,3.104392460477735,0,249,79,0.040869388920458265,0.0,1.0,,0.0,0.0,,449.2690181182669,,,1393.5736637390312,1552.364609626588,449.2690181182669,,,442.5468108946775
2218,raspberrypi,234.0,2023-09-02,05:20:01,Whole,337.4586496142181,0.0,5.301662832784762,,1697.5976027397262,1600.8373287671234,2.8396385422359818,0,240,73,0.048951754869922946,0.0,1.0,,0.0,0.0,,507.7007518733036,,,747.2163472600865,1282.5199186726552,507.7007518733036,,,382.3731591236767
2219,raspberrypi,258.0,2023-09-02,05:20:01,Whole,922.5828390368557,,5.032207595326112,,894.5,2063.0,1.9505563350579282,0,4,1,,0.0,1.0,,0.0,0.0,,602.7372929291485,,,1070.3751640052951,1801.7133181517652,602.7372929291485,,,475.9472103313358
2220,raspberrypi,392.0,2023-09-02,05:20:01,Whole,1646.7392759243135,0.0,8.28881366198924,,3040.508333333333,1859.6666666666667,7.0621718874655794,0,61,15,3.456218855882562e-08,0.0,1.0,,0.0,0.0,,1855.3623552967574,,,918.4071195851991,1019.7295173858813,1855.3623552967574,,,1745.8882195009082
2221,raspberrypi,987.0,2023-09-02,05:20:01,Whole,922.476178816976,,5.03319439893859,,895.75,2063.875,4.252203423178199,0,6,2,,0.0,1.0,,0.0,0.0,,603.2936078160952,,,1068.916065360665,1800.6219971702865,603.2936078160952,,,476.360672156
2222,raspberrypi,17.0,2023-09-02,13:45:01,Whole,656.1815437059162,,7.049509053586868,,1308.0,1306.75,5.647917285146763,0,4,1,,0.0136986301369863,0.9863013698630136,,0.0,0.0136986301369863,,74.39663605000452,,,1197.7655708099887,1614.2710750803574,74.39663605000452,,,0.0
2223,raspberrypi,34.0,2023-09-02,13:45:01,Whole,1137.2806864939932,,7.483168094978952,,2944.25,832.5,4.015772359917736,0,3,1,,0.0,0.9863013698630136,,0.0,0.0,,1733.1946338296848,,,1633.406773780607,1006.4186371689044,1733.1946338296848,,,1683.8815079764913
2224,raspberrypi,221.0,2023-09-02,13:45:01,Whole,498.69078091074067,0.6716417910447762,5.85409102124877,43.79102398153613,2100.15625,1689.9338235294117,5.280957200830828,0,185,68,2620.7531599679273,0.0684931506849315,0.3698630136986301,,0.0,0.0684931506849315,,932.225014287749,,,648.5517412184485,1112.9245476705566,932.225014287749,,,1028.1250385893923
2225,raspberrypi,224.0,2023-09-02,13:45:01,Whole,843.4134974155081,0.0,7.273192183297751,,2206.071917808219,592.3578767123288,5.777862219653442,0,191,73,0.16613383229810336,0.0,1.0,,0.0,0.0,,1138.1063388697091,,,1669.3335543897183,1402.3035812671194,1138.1063388697091,,,1128.9170833137762
2226,raspberrypi,225.0,2023-09-02,13:45:01,Whole,1382.6638767495351,0.39473684210526316,8.57783460967555,28.83234726601037,736.81875,2045.771875,7.2245972133469,0,124,40,517.7228590527261,0.0,0.7945205479452054,,0.0,0.0,,638.8978059826512,,,1227.018615298897,1938.9222514447174,638.8978059826512,,,522.4560319488626
2227,raspberrypi,234.0,2023-09-02,13:45:01,Whole,1173.2845508293394,0.0,8.491968725424421,,1575.9802631578948,2507.8223684210525,5.061034934692377,0,72,19,0.031229417628993623,0.0,1.0,,0.0,0.0,,1123.8929800704059,,,329.7229048566798,1262.6979547037886,1123.8929800704059,,,969.9317011004673
2228,raspberrypi,236.0,2023-09-02,13:45:01,Whole,784.9235204099308,1.0,6.059691900606953,16.07020675122859,1190.2395833333333,1533.0104166666667,3.770660971960213,0,66,24,110.7912351230443,0.3287671232876712,0.6712328767123288,,0.0,0.3287671232876712,,120.13637119507537,,,1099.6977963937989,1639.1404345604903,120.13637119507537,,,0.0
2229,raspberrypi,237.0,2023-09-02,13:45:01,Whole,1467.6632812078071,1.0,10.498649580843916,89.95325560197952,3306.535714285714,1165.6919642857142,5.726305749787507,0,77,28,4623.5077412551445,0.0,0.6301369863013698,,0.0,0.0,,2105.3557409427845,,,1631.7895521210721,1091.734560871477,2105.3557409427845,,,2018.9185190885219
2230,raspberrypi,238.0,2023-09-02,13:45:01,Whole,1149.2218572502723,1.0,8.391994911084055,7.0640208539471345,2955.625,828.625,4.059217140624022,0,36,9,0.0,0.0,0.8767123287671232,,0.0,0.0,,1745.2120869359405,,,1642.1922291071642,1004.7857388620063,1745.2120869359405,,,1695.8950437701346
2231,raspberrypi,954.0,2023-09-02,13:45:01,Whole,1174.4074615214147,,5.92434975682621,,1574.5,2508.5,4.186815119378179,0,4,1,,0.0,1.0,,0.0,0.0,,1123.9556793641145,,,331.2645837353012,1263.877641232455,1123.9556793641145,,,969.7499625169717
2232,raspberrypi,37.0,2023-09-01,22:45:01,Whole,1698.0236456436219,,9.643465006347613,,2982.0,2725.25,4.477151232856215,0,10,1,,0.0,1.0,,0.0,0.0,,2194.861535568256,,,728.7111005820302,1226.3428216670015,2194.861535568256,,,2056.0667464677967
2233,raspberrypi,220.0,2023-09-01,22:45:01,Whole,636.7036964382061,0.5897435897435898,5.338136078118738,13.329417990970569,1912.9588607594937,2081.262658227848,2.283564315555611,8,582,79,83.95515785915337,0.0,0.4050632911392405,,0.0379746835443038,0.0,,961.8394679756288,,,224.02607675815423,1085.29124222437,961.8394679756288,,,830.2650374111943
2234,raspberrypi,221.0,2023-09-01,22:45:01,Whole,1241.0714086710923,0.7285714285714285,7.755622781421626,25.217419032397856,792.6602112676056,2071.3468309859154,2.833662738216419,0,532,71,634.6368997437191,0.0,0.35443037974683544,,0.0,0.0,,648.1204804474281,,,1168.9655821831257,1891.9069421059894,648.1204804474281,,,555.1445238879505
2235,raspberrypi,224.0,2023-09-01,22:45:01,Whole,359.34538685496614,0.07692307692307693,4.759313862282307,5.352518577932469,1627.5189873417721,1721.612341772152,2.126642434798275,3,582,79,2.845659683914982,0.0,0.9240506329113924,,0.0,0.0,,511.01764258639014,,,675.3107795818963,1297.3001076499227,511.01764258639014,,,373.6066015290925
2236,raspberrypi,226.0,2023-09-01,22:45:01,Whole,541.5980870630309,0.0,5.7738422230971915,,1825.486111111111,908.7777777777778,1.0934849715527564,0,395,54,0.014536998294038792,0.0,1.0,,0.0,0.0,,655.1077871934369,,,1373.729544805491,1438.6085519126232,655.1077871934369,,,634.9037246304306
2237,raspberrypi,228.0,2023-09-01,22:45:01,Whole,684.0809587535844,1.0,5.292064987946968,68.67037946677698,1726.5714285714287,2016.1178571428572,1.2293184757305118,11,274,35,1207.8587131986183,0.06329113924050633,0.569620253164557,,0.189873417721519,0.06329113924050633,,797.5894717360309,,,408.1245599957791,1216.3515149289142,797.5894717360309,,,745.7657455812496
2238,raspberrypi,229.0,2023-09-01,22:45:01,Whole,1742.1954049136348,0.0,10.344225800526418,,3394.719155844156,621.2873376623377,7.00962806724526,0,574,77,0.04074235251409946,0.0,0.02531645569620253,,0.0,0.0,,2221.946361640723,,,2049.3692921451056,1169.0396931719806,2221.946361640723,,,2177.8891860339672
2239,raspberrypi,233.0,2023-09-01,22:45:01,Whole,421.17946530302333,0.0,5.504268913629676,,2134.98417721519,1128.6012658227849,1.9608544337317455,0,582,79,0.0764732727068474,0.0,1.0,,0.0,0.0,,884.4093951242367,,,1130.485554644466,1196.0834190910991,884.4093951242367,,,823.8008963237744
2240,raspberrypi,236.0,2023-09-01,22:45:01,Whole,614.6486430247538,0.0,5.859615298875427,,1614.8560126582279,886.2927215189874,1.0950382950994397,0,582,79,0.0961376488987118,0.0,1.0,,0.0,0.0,,488.50693499028534,,,1445.1811134442692,1571.3270447896898,488.50693499028534,,,487.09212662288496
2241,raspberrypi,237.0,2023-09-01,22:45:01,Whole,611.516723361791,0.0,5.5997186298384465,,1412.79375,1034.0,1.292192909593513,0,168,20,0.03898090730614202,0.0,1.0,,0.0,0.0,,245.04975550050852,,,1381.4482099998418,1638.1780079611494,245.04975550050852,,,244.13941909116323
2242,raspberrypi,258.0,2023-09-01,22:45:01,Whole,742.1123542421187,0.41935483870967744,5.93660734642537,8.57284647411598,1229.5878906250002,1836.7988281249998,2.1101916672689063,0,496,64,29.769058449997484,0.10126582278481013,0.6075949367088608,,0.0,0.10126582278481013,,376.865450548749,,,871.5688852315651,1550.9405049080237,376.865450548749,,,237.84623493747097
2243,raspberrypi,392.0,2023-09-01,22:45:01,Whole,1248.5320686408452,0.0,7.762077753289123,,3040.721590909091,1860.1931818181818,6.010747160616691,0,190,22,0.0020817196959694345,0.0,1.0,,0.0,0.0,,1855.7131351154871,,,918.3066853732271,1019.8615197329207,1855.7131351154871,,,1746.0000953003087
2244,raspberrypi,987.0,2023-09-01,22:45:01,Whole,778.7299001492686,,4.6331952665044875,,1201.5,1862.0,2.323020253932473,0,5,1,,0.0,1.0,,0.0,0.0,,393.10254654892935,,,879.2479756578632,1568.3468272887353,393.10254654892935,,,241.78011080555726
2245,raspberrypi,37.0,2023-09-01,19:10:01,Whole,2019.9063131899677,,11.358259791527084,,2984.0,2725.0,8.49883946539617,0,7,1,,0.0,1.0,,0.0,0.0,,2196.310277818203,,,730.5501044880612,1227.100674676213,2196.310277818203,,,2057.551626586175
2246,raspberrypi,221.0,2023-09-01,19:10:01,Whole,616.1782701227885,0.25,5.064367156596435,7.684089344841264,1375.1617647058824,1665.5367647058824,1.6706871241698005,2,105,17,12.951926139520179,0.21518987341772153,0.7848101265822784,,0.0,0.21518987341772153,,289.28022948407045,,,874.5537197867969,1474.6236144313507,289.28022948407045,,,141.61247043030912
2247,raspberrypi,226.0,2023-09-01,19:10:01,Whole,376.4051736746996,0.2077922077922078,4.5690523869545885,11.813855922862814,2055.6330128205127,989.5528846153846,1.3185963280283812,2,560,78,32.19492412124932,0.0,0.7974683544303798,,0.0,0.0,,837.9551215910661,,,1269.6933766150557,1284.19433312459,837.9551215910661,,,794.6626516905951
2248,raspberrypi,228.0,2023-09-01,19:10:01,Whole,280.57615147015366,0.9821428571428571,4.35131862687483,17.02142881565657,1498.342672413793,1318.4288793103449,1.2762998530522565,5,434,58,159.57800318249758,0.5569620253164557,0.27848101265822783,,0.0,0.5569620253164557,,253.31220189474766,,,1091.3355725126305,1483.7610653576287,253.31220189474766,,,130.5255272148944
2249,raspberrypi,230.0,2023-09-01,19:10:01,Whole,837.3623192694155,0.0,7.14247667353903,,1091.0489864864865,595.4510135135135,3.765438594774936,2,540,74,0.07995551581952172,0.0,1.0,,0.0,0.0,,495.04164693608203,,,1918.5901446991602,2052.9287920709085,495.04164693608203,,,403.1035142919252
2250,raspberrypi,232.0,2023-09-01,19:10:01,Whole,342.1302371023865,1.0,4.342071589524995,26.025264515114387,1533.7711864406779,1355.6292372881355,1.2709758338289636,7,444,59,412.3696014841463,0.16455696202531644,0.25316455696202533,,0.0,0.16455696202531644,,329.8624588349845,,,1043.279692388559,1455.9699275396542,329.8624588349845,,,252.03191488507818
2251,raspberrypi,234.0,2023-09-01,19:10:01,Whole,604.9571891986061,1.0,4.469839509895387,35.83461694850383,2097.91,1370.53,1.2228547062372317,20,372,50,978.3675431187004,0.0,0.379746835443038,,0.0,0.0,,911.458581042202,,,904.8004430570322,1163.7808677044966,911.458581042202,,,779.4610249339678
2252,raspberrypi,236.0,2023-09-01,19:10:01,Whole,373.2148464476608,0.02564102564102564,4.413894927670498,3.3827822185373186,1961.370253164557,1433.9082278481012,2.0605875687436046,16,564,79,0.41871105592620433,0.0,0.9746835443037974,,0.0,0.0,,710.6492745239957,,,833.8461181965669,1186.053699588615,710.6492745239957,,,614.9247221890037
2253,raspberrypi,237.0,2023-09-01,19:10:01,Whole,520.419432993996,0.24358974358974358,5.0562539482718805,5.910224501530866,2024.4367088607594,733.1740506329114,1.3187037313043393,1,564,79,14.351419631845268,0.0,0.759493670886076,,0.0,0.0,,911.384321772704,,,1527.018526522268,1415.1323351616256,911.384321772704,,,904.4181263080152
2254,raspberrypi,239.0,2023-09-01,19:10:01,Whole,886.5798787417076,0.4864864864864865,6.612947367294609,18.21088033285612,1063.1183333333333,1751.3333333333333,2.8289997507318123,0,542,75,556.5395065319843,0.9493670886075949,0.05063291139240506,,0.0,0.9493670886075949,,273.4916854112291,,,1056.5195374312045,1692.8354013044661,273.4916854112291,,,130.9592748372107
2255,raspberrypi,258.0,2023-09-01,19:10:01,Whole,785.3455769560221,1.0,6.161630101054342,40.405419333673215,1855.8173076923076,433.75961538461536,1.9318668528069056,4,374,52,1616.644679020126,0.0,0.3670886075949367,,0.0,0.0,,985.7082375547027,,,1858.9752735031418,1680.2844938455603,985.7082375547027,,,986.4504549247031
2256,raspberrypi,366.0,2023-09-01,19:10:01,Whole,1611.9331119510236,,8.946036882578992,,2938.0,2204.0,6.125666839793711,0,16,2,,0.0,1.0,,0.0,0.0,,1883.7822329443402,,,680.4961345249171,1047.8865950950956,1883.7822329443402,,,1758.6001747835817
2257,raspberrypi,379.0,2023-09-01,19:10:01,Whole,572.4866972567281,,3.832305720329001,,2119.5,746.0,0.4657387549005347,1,10,1,,0.0,1.0,,0.0,0.0,,988.1350753943223,,,1512.7131626701052,1361.4721356774226,988.1350753943223,,,969.5618256514692
2258,raspberrypi,392.0,2023-09-01,19:10:01,Whole,1502.4515882512958,0.0,8.235907635573327,,3041.5625,1860.2916666666667,5.9902349189280475,0,148,18,0.01706014414033495,0.0,1.0,,0.0,0.0,,1856.5473221149446,,,918.9656657392399,1020.1029494108361,1856.5473221149446,,,1747.071480897282
2259,raspberrypi,17.0,2023-09-02,10:05:01,Whole,820.2136420423633,0.0,8.727632719933053,,2971.3214285714284,1150.5714285714287,6.267927932512109,0,15,7,2.5850634633759295e-26,0.0,1.0,,0.0,0.0,,1710.6457313766941,,,1373.269136135458,960.9618055078981,1710.6457313766941,,,1640.43820043138
2260,raspberrypi,228.0,2023-09-02,10:05:01,Whole,953.2104295098372,0.0,9.067339159469936,,3173.465,2347.0116666666668,9.114732857941583,0,100,75,0.17572636300132338,0.0,1.0,,0.0,0.0,,2158.0913767921484,,,884.8231720024995,1172.7788637203548,2158.0913767921484,,,2032.1777963602046
2261,raspberrypi,230.0,2023-09-02,10:05:01,Whole,1019.0658957376686,0.1,7.427676793448538,3.758324094593227,1586.3181818181818,1177.4318181818182,5.387938086557272,0,22,11,0.812314948947838,0.0,0.9866666666666667,,0.0,0.0,,343.3613246239713,,,1180.0444892603307,1473.2576442352974,343.3613246239713,,,290.6926723094979
2262,raspberrypi,233.0,2023-09-02,10:05:01,Whole,1197.1296902041759,1.0,6.55505599758145,136.4436173586499,1823.3704545454545,1015.7386363636364,9.902476647875746,0,79,55,19132.0907570104,0.09333333333333334,0.26666666666666666,,0.04,0.09333333333333334,,777.8938171343499,,,1394.8905011738407,1497.1249251006975,777.8938171343499,,,486.2161962621582
2263,raspberrypi,236.0,2023-09-02,10:05:01,Whole,797.0124951707694,1.0,6.404452085742315,53.96239572624809,1796.6847826086957,2160.8097826086955,6.081021863815393,0,30,23,1700.6378461735071,0.0,0.7066666666666667,,0.17333333333333334,0.0,,946.4944247718157,,,258.43861920716716,1154.7811594348277,946.4944247718157,,,951.2559206125898
2264,raspberrypi,445.0,2023-09-02,10:05:01,Whole,952.509617786624,,5.292326670262516,,1661.75,1186.75,1.976972932280771,0,3,1,,0.0,1.0,,0.0,0.0,,413.70472383856486,,,1144.9641066584963,1424.0252945232537,413.70472383856486,,,356.05349517422565
2265,raspberrypi,653.0,2023-09-02,10:05:01,Whole,821.205352022444,,6.977190517612948,,2973.0,1150.75,6.261947039787419,0,2,1,,0.0,1.0,,0.0,0.0,,1712.3035500233732,,,1374.0553738738151,960.9070602078369,1712.3035500233732,,,1642.207889259691
2266,raspberrypi,987.0,2023-09-02,10:05:01,Whole,1726.7722623124255,,11.213708567459884,,710.125,1536.875,8.410912689242473,0,5,2,,0.0,1.0,,0.0,0.0,,259.85837997978024,,,1468.4469280546941,2018.5731353191559,259.85837997978024,,,213.94315519434687
2267,raspberrypi,34.0,2023-09-02,09:55:01,Whole,813.1782770988009,,5.636398657180941,,948.0,787.25,2.6500192632720343,0,3,1,,0.0,1.0,,0.0,0.0,,316.0794470425334,,,1829.8084538924304,2067.2284378505187,316.0794470425334,,,212.58046458189577
2268,raspberrypi,220.0,2023-09-02,09:55:01,Whole,267.01196532924774,1.0,,70.57530379294384,1498.0357142857142,1110.2142857142858,,0,0,7,105.67262677375584,0.0,0.9032258064516129,,0.0,0.0,,296.78846378230395,,,1277.4209049846702,1555.8068859227265,296.78846378230395,,,267.1827338113933
2269,raspberrypi,224.0,2023-09-02,09:55:01,Whole,802.6884195862789,0.0,5.520843743198455,,731.625,1252.125,3.707178438120649,0,15,9,0.0,0.14516129032258066,0.8548387096774194,,0.0,0.14516129032258066,,161.6196297099581,,,1624.6423852000953,2069.1668276156133,161.6196297099581,,,123.20668244932736
2270,raspberrypi,228.0,2023-09-02,09:55:01,Whole,1065.5979456106857,,6.38495453790905,,1752.25,2399.5,4.37983723974109,0,2,1,,0.0,0.9838709677419355,,0.016129032258064516,0.0,,1107.2415242446054,,,154.9747820765026,1137.5823187659703,1107.2415242446054,,,953.8115935371591
2271,raspberrypi,233.0,2023-09-02,09:55:01,Whole,966.773313768995,1.0,8.35756914293789,232.51695595013774,1947.0966981132076,1077.941037735849,6.474937721119792,0,44,53,47146.723289115536,0.12903225806451613,0.14516129032258066,,0.06451612903225806,0.12903225806451613,,957.2081938517312,,,1362.834150904688,1446.2403843535535,957.2081938517312,,,790.5523581648171
2272,raspberrypi,236.0,2023-09-02,09:55:01,Whole,649.7124885925824,0.9696969696969697,4.915855385386374,15.278496888355825,1116.6470588235295,1860.9375,4.706916668792444,0,42,34,188.662485501865,0.016129032258064516,0.4838709677419355,,0.0,0.016129032258064516,,381.0131278462475,,,951.9268320312145,1634.8443485214716,381.0131278462475,,,230.6674042162714
2273,raspberrypi,887.0,2023-09-02,09:55:01,Whole,567.6941941584599,,,,961.75,1308.75,,0,0,1,,0.016129032258064516,0.9838709677419355,,0.0,0.016129032258064516,,0.0,,,1418.1539790123543,1870.1461301602899,0.0,,,0.0
2274,raspberrypi,109.0,2023-09-01,22:00:01,Whole,546.9681345442816,,3.123424530919747,,1321.75,1135.25,0.4309887023773359,1,5,1,,0.01282051282051282,0.9871794871794872,,0.0,0.01282051282051282,,121.57993927218052,,,1335.051751939454,1661.7725180849648,121.57993927218052,,,110.36070655001188
2275,raspberrypi,220.0,2023-09-01,22:00:01,Whole,742.6830484691702,0.0,5.515933147791795,,1867.0049342105262,2064.123355263158,3.0361971512745836,0,408,76,0.058859799987745806,0.0,1.0,,0.0,0.0,,915.8687061982049,,,257.9881581707688,1107.651849231479,915.8687061982049,,,769.9934263787779
2276,raspberrypi,225.0,2023-09-01,22:00:01,Whole,560.0996649149159,0.7027027027027027,4.9886739689135196,6.627402646022611,1317.2625,1119.634375,0.5738838860313241,29,229,40,20.58695571367637,0.5128205128205128,0.48717948717948717,,0.0,0.5128205128205128,,139.57740278838793,,,1350.889776728521,1671.766312431284,139.57740278838793,,,116.44896903242207
2277,raspberrypi,226.0,2023-09-01,22:00:01,Whole,318.4747410858381,0.012987012987012988,4.63784089973603,7.433034373659253,1851.0240384615386,1004.0032051282051,1.4440100655687176,0,414,78,0.7028474012595498,0.0,0.9871794871794872,,0.0,0.0,,641.1174920860908,,,1275.542407637073,1384.496990182763,641.1174920860908,,,608.6238393280605
2278,raspberrypi,229.0,2023-09-01,22:00:01,Whole,1677.158540775859,0.0,9.348072013504382,,3378.2596153846152,663.5288461538462,6.860531825424016,0,153,26,0.005552937509335165,0.0,0.6666666666666666,,0.0,0.0,,2194.7990077993663,,,2005.404585052667,1146.714765672211,2194.7990077993663,,,2148.772964102526
2279,raspberrypi,233.0,2023-09-01,22:00:01,Whole,367.37384839839507,0.0,4.798917984482593,,2118.900641025641,1087.9551282051282,1.4440100655687176,0,414,78,0.059968174417462806,0.0,1.0,,0.0,0.0,,875.5136010058206,,,1170.781433702771,1217.2943459650733,875.5136010058206,,,819.9992035301127
2280,raspberrypi,234.0,2023-09-01,22:00:01,Whole,528.8149320882286,0.15584415584415584,4.9311703117820915,8.732247069274534,1441.1666666666667,1673.690705128205,2.900455177170021,1,414,78,18.26385294043718,0.5384615384615384,0.3717948717948718,,0.0,0.5384615384615384,,340.60338103745374,,,825.3127555623659,1427.6052453086031,340.60338103745374,,,183.10507207137815
2281,raspberrypi,236.0,2023-09-01,22:00:01,Whole,321.71211370001726,1.0,4.360717823875045,66.05465385624639,1532.7272727272727,1352.8636363636363,1.307719695336533,1,68,11,1375.7030043683037,0.05128205128205128,0.8717948717948718,,0.0,0.05128205128205128,,295.0865570883561,,,1047.1635770723858,1452.2239850877286,295.0865570883561,,,237.20958547669224
2282,raspberrypi,237.0,2023-09-01,22:00:01,Whole,536.175762087665,0.7714285714285715,4.8019640432700275,6.224138033078854,1377.5809859154929,1047.5334507042253,1.1780880017662778,30,383,71,18.114452219285074,0.358974358974359,0.20512820512820512,,0.0,0.358974358974359,,210.78950861528958,,,1385.6706924669975,1656.7726459201876,210.78950861528958,,,205.27847793713963
2283,raspberrypi,258.0,2023-09-01,22:00:01,Whole,1012.0682190768537,1.0,6.649269142126061,237.50733796653833,2356.41875,1026.0625,3.766448925774666,0,119,20,30720.807845600422,0.038461538461538464,0.7564102564102564,,0.0,0.038461538461538464,,1276.8582419205252,,,1383.4286781014457,1305.642138778171,1276.8582419205252,,,1383.323676966149
2284,raspberrypi,366.0,2023-09-01,22:00:01,Whole,1411.1256599926767,0.0,8.521881429175382,,2937.3611111111113,2204.0694444444443,5.581308661752795,0,56,9,7.720417759648616e-26,0.0,1.0,,0.0,0.0,,1883.2393715712203,,,679.8639586599618,1047.7038432130853,1883.2393715712203,,,1758.1001880592426
2285,raspberrypi,392.0,2023-09-01,22:00:01,Whole,1319.8277449855154,,7.707594485076422,,3041.0,1860.125,6.153855967560039,0,13,2,,0.0,1.0,,0.0,0.0,,1855.9613451673054,,,918.5785382336212,1019.9271784202813,1855.9613451673054,,,1746.4601772849232
2286,raspberrypi,492.0,2023-09-01,22:00:01,Whole,597.0532202862732,,2.9438622457892745,,1317.5,1025.75,0.5415286474927813,2,6,1,,0.01282051282051282,0.9871794871794872,,0.0,0.01282051282051282,,180.22744891706282,,,1432.3893348348736,1705.5712730453386,180.22744891706282,,,158.6426499766076
2287,raspberrypi,736.0,2023-09-01,22:00:01,Whole,1026.7572699156979,,6.326192308134454,,1783.0,2347.5,1.5063705907458123,0,6,1,,0.0,0.9871794871794872,,0.01282051282051282,0.0,,1080.1165307885499,,,137.46887120887283,1121.690785363238,1080.1165307885499,,,927.4389242717889
2288,raspberrypi,37.0,2023-09-02,00:05:01,Whole,1951.1536539064214,,10.322832609581218,,2980.0,2724.25,8.042065141124464,0,4,1,,0.0,1.0,,0.0,0.0,,2192.662640764689,,,726.5057977280585,1225.0376856803332,2192.662640764689,,,2053.857479029129
2289,raspberrypi,106.0,2023-09-02,00:05:01,Whole,1484.7553333280448,,7.942128909215614,,1176.25,2421.25,4.822724985135456,0,4,1,,0.0,1.0,,0.0,0.0,,942.8314506591265,,,727.2817215943246,1575.481871934042,942.8314506591265,,,796.0571550814536
2290,raspberrypi,226.0,2023-09-02,00:05:01,Whole,349.4872627320389,0.0,6.660312539579988,,1896.425,764.3133333333334,1.058615967914726,0,247,75,0.034947360249173026,0.0,1.0,,0.0,0.0,,786.5595819007578,,,1506.3046504695794,1466.6273292262072,786.5595819007578,,,779.3110733215883
2291,raspberrypi,228.0,2023-09-02,00:05:01,Whole,610.5970237370806,0.0,5.61917462245787,,1790.985,1717.5799999999997,3.4625313807127416,0,247,75,0.09671312296748139,0.0,1.0,,0.0,0.0,,644.3695291821784,,,602.6066004075078,1204.980789145328,644.3695291821784,,,513.1105675190607
2292,raspberrypi,233.0,2023-09-02,00:05:01,Whole,254.01947139687837,0.0,5.55531707304359,,2131.7025316455697,1139.8069620253164,2.288233857070856,0,254,79,0.038820549011163205,0.0,1.0,,0.0,0.0,,879.5666732066154,,,1119.1970454350467,1193.8439663060526,879.5666732066154,,,817.8161205496388
2293,raspberrypi,237.0,2023-09-02,00:05:01,Whole,460.1559495308223,0.0,7.240229550940342,,1706.642857142857,686.737012987013,1.058672874156371,0,250,77,0.031294993999615,0.0,1.0,,0.0,0.0,,683.8917673885226,,,1614.7567427486113,1611.7960075348255,683.8917673885226,,,667.0870657053104
2294,raspberrypi,238.0,2023-09-02,00:05:01,Whole,474.9046208627664,0.0,6.087562562788713,,1446.8223684210527,1310.0986842105262,2.7541790580494157,0,78,19,0.03875313355172046,0.24050632911392406,0.759493670886076,,0.0,0.24050632911392406,,195.65435303915893,,,1121.0573578892952,1518.5757146129413,195.65435303915893,,,112.20593033136149
2295,raspberrypi,392.0,2023-09-02,00:05:01,Whole,1380.75257715366,,7.707366312886633,,3040.75,1859.6666666666667,5.987215053970096,0,9,3,,0.0,1.0,,0.0,0.0,,1855.5942562951768,,,918.6115218881022,1019.7948066009258,1855.5942562951768,,,1746.1880093531743
2296,raspberrypi,470.0,2023-09-02,00:05:01,Whole,1760.3026202932376,,9.594593192569015,,3299.75,2152.75,7.982701277535063,0,5,1,,0.0,1.0,,0.0,0.0,,2194.7318650778197,,,1043.0066820142122,1175.2988183411571,2194.7318650778197,,,2076.962526685115
2297,raspberrypi,525.0,2023-09-02,00:05:01,Whole,780.4229175591136,,4.852699801821372,,2658.0,1161.5,2.7194303685441956,0,5,1,,0.0,1.0,,0.0,0.0,,1398.169472387561,,,1212.9962014451069,1005.0048924241012,1398.169472387561,,,1329.0015837884166
2298,raspberrypi,987.0,2023-09-02,00:05:01,Whole,1806.0170948992416,,9.585111212678584,,2630.25,2755.75,6.892153562293584,0,5,1,,0.0,1.0,,0.0,0.0,,1945.0465495493224,,,415.88823447609633,1101.5137425378425,1945.0465495493224,,,1800.1600856521463
2299,raspberrypi,37.0,2023-09-01,19:25:02,Whole,1525.6217666477921,,7.579039386748387,,2981.5,2725.25,4.895818800067737,0,5,1,,0.0,1.0,,0.0,0.0,,2194.461941496635,,,728.233116247023,1226.1260732598123,2194.461941496635,,,2055.6594057463462
2300,raspberrypi,220.0,2023-09-01,19:25:02,Whole,208.84147963317218,0.05333333333333334,4.623682376820965,5.0995362890481895,1693.185855263158,1660.2911184210527,1.292663873189682,13,263,76,1.6060812775793298,0.0,0.9473684210526315,,0.0,0.0,,531.5425236420126,,,695.7748283891815,1271.4978783891345,531.5425236420126,,,405.27509436635864
2301,raspberrypi,221.0,2023-09-01,19:25:02,Whole,684.8865116226851,0.9733333333333334,4.889080140267406,18.087316597232714,1415.0723684210527,1181.0575657894738,2.60120483686187,17,263,76,225.91267618948945,0.4342105263157895,0.02631578947368421,,0.0,0.4342105263157895,,258.53400900596114,,,1250.9948518273166,1592.1115623469768,258.53400900596114,,,204.18282213346617
2302,raspberrypi,225.0,2023-09-01,19:25:02,Whole,935.315203200781,1.0,3.8265357112770304,18.0783019114075,994.125,1421.375,3.4743734012848626,1,26,6,5.764995495355154e-27,0.07894736842105263,0.9210526315789473,,0.0,0.07894736842105263,,41.19490823941738,,,1316.644702926119,1814.7283557945957,41.19490823941738,,,0.0
2303,raspberrypi,228.0,2023-09-01,19:25:02,Whole,485.41624742495037,1.0,5.2576743834576245,137.8399802370391,1657.25,1362.9416666666666,1.7194534368347145,0,64,15,2501.1267626903955,0.039473684210526314,0.8026315789473685,,0.0,0.039473684210526314,,469.06234787469134,,,1006.7423480315605,1395.3750537072501,469.06234787469134,,,307.8694996378638
2304,raspberrypi,230.0,2023-09-01,19:25:02,Whole,1375.4300551191388,,8.25913247501401,,780.3333333333334,851.0,2.731155953543231,0,14,3,,0.0,1.0,,0.0,0.0,,325.4250070213511,,,1879.9068352803654,2167.402777793956,325.4250070213511,,,221.07830965325164
2305,raspberrypi,234.0,2023-09-01,19:25:02,Whole,833.1148656188188,0.04,6.598391910016498,4.307086195831862,2718.1973684210525,1812.6875,4.581462925713866,0,263,76,0.9782330410551039,0.0,0.9605263157894737,,0.0,0.0,,1533.676711837793,,,696.3908685780696,962.8425134324499,1533.676711837793,,,1421.067202685406
2306,raspberrypi,236.0,2023-09-01,19:25:02,Whole,464.2025647900342,0.52,5.1126154970536986,102.77381044049243,1949.7236842105262,2052.5460526315787,1.296493857198685,0,263,76,8273.698981924477,0.0,0.4868421052631579,,0.32894736842105265,0.0,,989.8441969914045,,,325.95060666964883,1097.6833431686932,989.8441969914045,,,628.6665892116653
2307,raspberrypi,251.0,2023-09-01,19:25:02,Whole,936.5218457508853,,4.361628680195391,,990.0,1433.0,0.059951553054268907,1,5,1,,0.013157894736842105,0.9868421052631579,,0.0,0.013157894736842105,,46.28429008532903,,,1311.5752608967978,1814.9147054345074,46.28429008532903,,,0.0
2308,raspberrypi,392.0,2023-09-01,19:25:02,Whole,1159.316361921523,,7.463478403693651,,3041.25,1860.25,1.6892896220519218,0,10,2,,0.0,1.0,,0.0,0.0,,1856.2359298890572,,,918.7234187331882,1020.012439872733,1856.2359298890572,,,1746.732341671223
2309,raspberrypi,412.0,2023-09-01,19:25:02,Whole,1328.1094148412185,,6.436008492789696,,2633.25,2756.0,4.660377299810809,0,4,1,,0.0,1.0,,0.0,0.0,,1947.4035185429539,,,418.62229857395283,1102.6744035048257,1947.4035185429539,,,1802.5596391276529
2310,raspberrypi,525.0,2023-09-01,19:25:02,Whole,372.8906696230798,,3.1245115192751713,,1529.0,1633.0,0.8843699369162215,1,4,1,,0.0,1.0,,0.0,0.0,,379.70610206624195,,,803.7266944210282,1378.1450269318534,379.70610206624195,,,241.3554965156931
2311,raspberrypi,887.0,2023-09-01,19:25:02,Whole,909.6705475424742,0.0,4.538198005937017,,1254.75,1008.0,0.0794310204864335,5,20,5,0.0,0.06578947368421052,0.9342105263157895,,0.0,0.06578947368421052,,153.45318420434802,,,1478.714277851198,1755.8299652957578,153.45318420434802,,,112.68635335701671
2312,raspberrypi,106.0,2023-09-02,01:50:01,Whole,1500.007824203704,,8.07455524593522,,1176.25,2421.0,3.7330026483373597,0,4,1,,0.0,1.0,,0.0,0.0,,942.5826059891972,,,727.2906526027923,1575.4555706669787,942.5826059891972,,,795.807462981446
2313,raspberrypi,132.0,2023-09-02,01:50:01,Whole,1073.1600207252527,0.0,6.380665839565634,,1154.5625,988.025,3.1113336592320877,0,39,10,2.2010627935854123e-34,0.125,0.875,,0.0,0.125,,123.60086729823833,,,1548.1329072621684,1834.4453003741921,123.60086729823833,,,52.547566929898906
2314,raspberrypi,229.0,2023-09-02,01:50:01,Whole,1325.1960118103789,0.0,9.981275292972779,,3437.658653846154,889.599358974359,6.417267219455456,0,246,78,0.022458740923518742,0.0,0.025,,0.0,0.0,,2204.519081454826,,,1863.88608141723,1077.6794441126544,2204.519081454826,,,2146.187035141288
2315,raspberrypi,233.0,2023-09-02,01:50:01,Whole,197.74151928439602,0.0,5.731006262467194,,2214.73125,1111.334375,3.400083338539941,0,251,80,0.055625686459353986,0.0,1.0,,0.0,0.0,,965.3479018686039,,,1152.2742806012452,1166.9708955451053,965.3479018686039,,,905.3200755655166
2316,raspberrypi,234.0,2023-09-02,01:50:01,Whole,571.0938635940787,0.0,5.064023063710333,,1613.184375,1379.203125,2.4625580412364583,0,251,80,0.10112180349779586,0.0,1.0,,0.0,0.0,,362.3106496008512,,,983.8445430644272,1391.4270025396843,362.3106496008512,,,265.76788549792394
2317,raspberrypi,236.0,2023-09-02,01:50:01,Whole,779.816659313188,0.0,5.599244394929054,,1626.7859375,1855.975,2.4625580412364583,0,251,80,0.06912489356223368,0.0,1.0,,0.0,0.0,,599.0499101194483,,,566.2103940649206,1272.3393963256271,599.0499101194483,,,452.3629985923327
2318,raspberrypi,392.0,2023-09-02,01:50:01,Whole,1025.0151371545178,,6.565258568627153,,3041.75,1860.25,5.411928724277183,0,4,1,,0.0,1.0,,0.0,0.0,,1856.7156554347816,,,919.1465179250577,1020.147834525533,1856.7156554347816,,,1747.2187204548613
2319,raspberrypi,964.0,2023-09-02,01:50:01,Whole,1071.259515716766,,6.371969765891824,,1156.25,989.0,3.1044890654749353,0,4,1,,0.0125,0.9875,,0.0,0.0125,,123.30568072912872,,,1546.3998316684372,1832.8563956724215,123.30568072912872,,,52.7556626063012
2320,raspberrypi,221.0,2023-09-02,12:35:01,Whole,61.74229761567413,0.05555555555555555,6.144375717206053,4.530698430247824,2200.5890410958905,1112.4349315068494,3.823663240523218,0,215,73,1.3943586039314,0.0,0.9452054794520548,,0.0,0.0,,951.2894786597608,,,1150.0311058375607,1172.6450845425888,951.2894786597608,,,891.204124471778
2321,raspberrypi,224.0,2023-09-02,12:35:01,Whole,789.4238654014524,0.0,8.59336741151029,,1928.419776119403,352.4776119402985,4.1648738295638985,0,206,67,0.12547649920068427,0.0,1.0,,0.0,0.0,,1074.8313443694772,,,1912.9732919562182,1683.184022586846,1074.8313443694772,,,1048.783249179707
2322,raspberrypi,225.0,2023-09-02,12:35:01,Whole,1090.6111229581434,1.0,4.900560481850711,194.5848923130918,1941.5238970588234,1827.0588235294117,4.3462064536458795,3,208,68,16607.210227949457,0.1643835616438356,0.0684931506849315,,0.0821917808219178,0.1643835616438356,,970.6365296338793,,,743.0199157575908,1272.525265562415,970.6365296338793,,,786.4257038253496
2323,raspberrypi,236.0,2023-09-02,12:35:01,Whole,1550.3875345648914,,6.814595911690231,,2061.75,2613.0,1.5995556627538132,0,5,1,,0.0,0.9863013698630136,,0.0136986301369863,0.0,,1458.0420815964467,,,0.0,988.0016702798473,1458.0420815964467,,,1306.5651963599453
2324,raspberrypi,238.0,2023-09-02,12:35:01,Whole,680.5317118159787,0.0,7.788639571530687,,2868.3993055555557,792.3715277777778,3.8252325775468417,0,215,72,0.11211491166665712,0.0,0.0136986301369863,,0.0,0.0,,1669.9735395653865,,,1635.9200917179612,1042.856349415686,1669.9735395653865,,,1624.550828907655
2325,raspberrypi,258.0,2023-09-02,12:35:01,Whole,1878.5575268943608,1.0,7.670993038609298,45.556869857746754,2458.839285714286,2938.3214285714284,1.1782666672557132,3,29,7,1545.0046805171908,0.0,0.9178082191780822,,0.0,0.0,,1960.923183358161,,,412.13904123928813,1134.8426287196437,1960.923183358161,,,1764.1774307009844
2326,raspberrypi,220.0,2023-09-02,14:15:01,Whole,1428.7257782853123,,7.758636696531284,,1282.0,1251.25,2.843444763802636,0,4,1,,0.014084507042253521,0.9859154929577465,,0.0,0.014084507042253521,,52.07975656775427,,,1258.254719254002,1650.012239261664,52.07975656775427,,,0.0
2327,raspberrypi,221.0,2023-09-02,14:15:01,Whole,827.9447719969617,1.0,6.775759222566424,217.06608289342134,2091.5237068965516,2043.2629310344828,4.655759273729181,0,184,58,24148.683328348274,0.056338028169014086,0.2112676056338028,,0.15492957746478872,0.056338028169014086,,1172.911680047716,,,595.5298267194355,1191.102837278238,1172.911680047716,,,1049.713419453124
2328,raspberrypi,224.0,2023-09-02,14:15:01,Whole,1335.5963640370123,0.0,11.51783117783936,,3430.306338028169,2873.4119718309857,6.836731410099703,0,211,71,0.16007433858870174,0.0,1.0,,0.0,0.0,,2646.132542980733,,,1200.794702936071,1518.315270592821,2646.132542980733,,,2510.9064023289607
2329,raspberrypi,228.0,2023-09-02,14:15:01,Whole,758.9986909390618,0.14925373134328357,6.9253025153364,8.16605832532623,2260.6966911764707,1153.672794117647,4.857660631629938,0,205,68,25.319213321039857,0.0,0.8591549295774648,,0.0,0.0,,1005.0152677819306,,,1115.0159816530684,1134.724318300201,1005.0152677819306,,,940.2502264766761
2330,raspberrypi,236.0,2023-09-02,14:15:01,Whole,1936.8340342546292,1.0,10.258470757388444,25.720126156391235,791.3693181818181,1117.5113636363637,7.559781329748595,0,83,22,546.7787347361258,0.30985915492957744,0.6901408450704225,,0.0,0.30985915492957744,,162.52351077777783,,,1677.6579645838253,2064.9601246076627,162.52351077777783,,,89.80641283617746
2331,raspberrypi,237.0,2023-09-02,14:15:01,Whole,663.911538056675,1.0,8.746128591156587,49.59848846808099,3116.190573770492,1477.014344262295,4.905476352513459,0,186,61,3113.4607281225676,0.0,0.14084507042253522,,0.0,0.0,,1866.2255460319834,,,1223.8354883099535,1003.4786020091003,1866.2255460319834,,,1789.6616954453657
2332,raspberrypi,726.0,2023-09-02,14:15:01,Whole,1426.7649104642317,,8.541351405108752,,1187.0,2132.75,5.217005748945697,0,5,1,,0.0,1.0,,0.0,0.0,,657.3909904242523,,,770.9342086405129,1556.9144724746325,657.3909904242523,,,508.8748499450712
2333,raspberrypi,17.0,2023-09-02,07:10:01,Whole,1300.1340549833196,,8.347675301936398,,2945.5,980.75,6.251316375443451,0,2,1,,0.0,0.9875,,0.0,0.0,,1704.9382951350283,,,1503.968831721862,975.0196275975204,1704.9382951350283,,,1646.0097717213303
2334,raspberrypi,37.0,2023-09-02,07:10:01,Whole,2043.699494575089,0.0,6.346527043459703,,2981.5133928571427,2724.8571428571427,11.245958288252824,1,59,28,0.08111227508231424,0.0,1.0,,0.0,0.0,,2194.2367805181025,,,728.130738149922,1225.959561813159,2194.2367805181025,,,2055.5467276877534
2335,raspberrypi,172.0,2023-09-02,07:10:01,Whole,2049.2833730706607,,13.01649500105432,,2990.25,2724.75,11.276132364392426,0,2,1,,0.0,1.0,,0.0,0.0,,2201.1608843786817,,,736.4558451681769,1229.7085034367724,2201.1608843786817,,,2062.504141506736
2336,raspberrypi,224.0,2023-09-02,07:10:01,Whole,241.24036491206226,0.0,9.007203160521765,,1735.2796875,938.1703125,4.2495194682888044,0,114,80,0.07284395375580084,0.0,1.0,,0.0,0.0,,562.6246249198043,,,1363.3099137955105,1477.1357837407718,562.6246249198043,,,544.903567897959
2337,raspberrypi,237.0,2023-09-02,07:10:01,Whole,839.985269493276,0.0,12.311983191086618,,937.1331168831168,737.0535714285714,4.2495194682888044,0,114,77,0.08467870807947958,0.0,1.0,,0.0,0.0,,367.3713374161646,,,1877.3854838858967,2097.0958381059572,367.3713374161646,,,263.8986051526906
2338,raspberrypi,392.0,2023-09-02,07:10:01,Whole,1545.6854282451413,0.0,10.279451305932838,,3040.4375,1859.875,8.249333259633179,0,8,4,,0.0,1.0,,0.0,0.0,,1855.3522127434394,,,918.2360616559017,1019.7398153783918,1855.3522127434394,,,1745.915865981822
2339,raspberrypi,425.0,2023-09-02,07:10:01,Whole,1701.6190453096015,,8.25961658709319,,2959.75,2263.75,2.382013024516481,0,3,1,,0.0,1.0,,0.0,0.0,,1930.008020036182,,,686.5694305788006,1067.5835966885038,1930.008020036182,,,1803.1448020495345
2340,raspberrypi,470.0,2023-09-02,07:10:01,Whole,1913.4591824457955,,9.270973553313931,,3298.75,2152.75,3.3766104157926518,0,3,1,,0.0,1.0,,0.0,0.0,,2193.800044041014,,,1042.0367569591513,1174.8372794954355,2193.800044041014,,,2076.0170422897795
2341,raspberrypi,653.0,2023-09-02,07:10:01,Whole,2043.8284504567505,,8.656965139604058,,2981.25,2725.25,0.005635664884272053,1,3,1,,0.0,1.0,,0.0,0.0,,2194.262158595073,,,727.9941328224565,1226.0177227640634,2194.262158595073,,,2055.4557492267895
2342,raspberrypi,220.0,2023-09-02,10:10:01,Whole,830.5430351818866,0.08333333333333333,5.2912600400341105,6.708203932499369,1164.0357142857142,1839.2142857142858,5.085876277640379,0,28,14,3.450266118051931,0.025974025974025976,0.974025974025974,,0.0,0.025974025974025976,,364.01568465969234,,,923.5514077824835,1600.6247246481194,364.01568465969234,,,229.96691739065153
2343,raspberrypi,221.0,2023-09-02,10:10:01,Whole,706.0784155740301,1.0,4.392347234311233,36.13903033963265,1086.625,1599.75,4.377905707494877,0,7,7,2.607153737319235e-26,0.09090909090909091,0.9090909090909091,,0.0,0.09090909090909091,,137.45163141096182,,,1128.7762874621853,1702.1197642643538,137.45163141096182,,,0.0
2344,raspberrypi,227.0,2023-09-02,10:10:01,Whole,680.2440559615977,,4.28624049232984,,1049.5,1510.75,4.28624049232984,0,1,1,,0.012987012987012988,0.987012987012987,,0.0,0.012987012987012988,,85.27765487713522,,,1215.2362799592652,1749.9051198051818,85.27765487713522,,,0.0
2345,raspberrypi,230.0,2023-09-02,10:10:01,Whole,465.123052036414,,1.5950913433063105,,1866.25,751.0,1.5950913433063105,0,1,1,,0.0,1.0,,0.0,0.0,,768.644158707717,,,1523.340359858803,1489.5387887906058,768.644158707717,,,765.0151721219615
2346,raspberrypi,233.0,2023-09-02,10:10:01,Whole,475.35320414948575,1.0,5.507175148715858,121.668094112231,1948.9638157894738,1041.891447368421,1.6373239098053194,1,53,38,18922.13210542408,0.012987012987012988,0.5194805194805194,,0.0,0.012987012987012988,,768.2430779378715,,,1260.2984350027762,1348.1599980825067,768.2430779378715,,,643.7990493205525
2347,raspberrypi,237.0,2023-09-02,10:10:01,Whole,163.47910700052518,0.16,4.601500507360798,10.959560759231357,1664.4786184210527,993.8832236842105,2.152390831381068,1,67,76,25.220114918368864,0.0,0.8441558441558441,,0.0,0.0,,476.0796020139262,,,1328.1224302674464,1495.670914791396,476.0796020139262,,,467.486308760892
2348,raspberrypi,887.0,2023-09-02,10:10:01,Whole,744.2543457895566,,2.8420783875773843,,985.5,1528.75,1.1531658637320086,0,2,1,,0.012987012987012988,0.987012987012987,,0.0,0.012987012987012988,,94.16241372296942,,,1251.877704314144,1795.9071333346099,94.16241372296942,,,0.0
2349,raspberrypi,930.0,2023-09-02,10:10:01,Whole,954.5154159206195,,5.445987693290381,,680.25,1281.0,3.8690977536602684,0,3,1,,0.012987012987012988,0.987012987012987,,0.0,0.012987012987012988,,210.36102826635516,,,1644.9942820406889,2103.1208617457623,210.36102826635516,,,180.90767705730283
2350,raspberrypi,944.0,2023-09-02,10:10:01,Whole,1667.520536603373,,7.8001193413086245,,1745.25,2812.25,6.240797219970297,0,2,1,,0.0,0.987012987012987,,0.0,0.0,,1470.362006515875,,,307.5148588947049,1192.9519249839284,1470.362006515875,,,1316.0590042607407
2351,raspberrypi,987.0,2023-09-02,10:10:01,Whole,833.0964949048268,0.0,4.09930491967309,,823.875,1375.5,4.735809331398451,0,8,4,1.1023690200978148e-26,0.05194805194805195,0.948051948051948,,0.0,0.05194805194805195,,95.11453674308837,,,1474.1965866204241,1961.3859575369947,95.11453674308837,,,80.84742285218934
2352,raspberrypi,37.0,2023-09-02,07:35:01,Whole,1368.5440683994375,0.0,10.579308975914067,,2980.65625,2724.53125,10.578536551588384,0,15,16,0.04044685043498748,0.0,1.0,,0.0,0.0,,2193.3560552480612,,,727.2156759455743,1225.44537326922,2193.3560552480612,,,2054.5770713779475
2353,raspberrypi,220.0,2023-09-02,07:35:01,Whole,678.7047175659615,0.1724137931034483,10.402047008172543,4.604564095234632,1514.56640625,1295.67578125,10.578384440077212,0,16,32,3.1029968098878205,0.8648648648648649,0.13513513513513514,,0.0,0.8648648648648649,,260.7524472434069,,,1101.7516623702816,1478.9171781895493,260.7524472434069,,,183.00833359679189
2354,raspberrypi,392.0,2023-09-02,07:35:01,Whole,1042.4846703122178,,,,3040.75,1859.75,,0,0,1,,0.0,1.0,,0.0,0.0,,1855.6173656848487,,,918.5670394953647,1019.8065544315206,1855.6173656848487,,,1746.1301250981396
2355,raspberrypi,470.0,2023-09-02,07:35:01,Whole,1352.7294229111594,,10.224785040431016,,3299.0,2153.0,10.224785040431016,0,1,1,,0.0,1.0,,0.0,0.0,,2194.1232496338753,,,1042.218394632726,1175.0175474725384,2194.1232496338753,,,2076.3348464370456
2356,raspberrypi,656.0,2023-09-02,07:35:01,Whole,915.560791962702,,,,1130.75,1487.25,,0,0,1,,0.02702702702702703,0.972972972972973,,0.0,0.02702702702702703,,82.62521246545965,,,1172.4229533031073,1693.330206156173,82.62521246545965,,,0.0
2357,raspberrypi,988.0,2023-09-02,07:35:01,Whole,666.1869514974063,,,,1513.0,1315.5,,0,0,1,,0.02702702702702703,0.972972972972973,,0.0,0.02702702702702703,,259.38791942289663,,,1084.7840911981286,1473.6699434294997,259.38791942289663,,,174.92046476908703
2358,raspberrypi,997.0,2023-09-02,07:35:01,Whole,1018.7366425127929,,,,984.5,1810.0,,0,0,1,,0.0,1.0,,0.0,0.0,,338.229059106197,,,1091.251259573251,1747.1539373422947,338.229059106197,,,207.4200041886992
2359,raspberrypi,37.0,2023-09-01,20:30:01,Whole,1831.925659777743,,10.593772503497798,,2983.875,2725.25,7.558684268534178,0,11,2,,0.0,1.0,,0.0,0.0,,2196.3603781092797,,,730.5037670058172,1227.1562407045876,2196.3603781092797,,,2057.59463135762
2360,raspberrypi,220.0,2023-09-01,20:30:01,Whole,588.3562333069248,0.0,5.238764662240585,,1797.2099358974358,1868.8413461538462,3.661639663543995,0,401,78,0.06591345052200784,0.0,1.0,,0.0,0.0,,734.7257992564118,,,462.7217624087595,1172.998008600885,734.7257992564118,,,594.2850962450908
2361,raspberrypi,224.0,2023-09-01,20:30:01,Whole,896.0803038579539,0.8723404255319149,6.39936046462058,12.892152395964573,1075.2161458333333,1724.6223958333333,3.659021309087596,7,263,48,192.431352162374,0.6075949367088608,0.3924050632911392,,0.0,0.6075949367088608,,245.15207846385775,,,1061.3671458273766,1687.4427327936646,245.15207846385775,,,99.04494574329766
2362,raspberrypi,226.0,2023-09-01,20:30:01,Whole,953.6231574496202,0.1506849315068493,7.316883532620777,2.7653182395220264,958.5118243243244,955.4695945945946,3.4699052094297023,0,386,74,0.7689562435098896,0.9367088607594937,0.06329113924050633,,0.0,0.9367088607594937,,151.233046223028,,,1687.4008186426122,1990.9518119196034,151.233046223028,,,45.0519370364303
2363,raspberrypi,229.0,2023-09-01,20:30:01,Whole,1638.964959400973,0.0,9.938492946725082,,3446.1962025316457,894.367088607595,7.094860308514603,0,404,79,0.05101417031921971,0.0,0.0,,0.0,0.0,,2212.1447088187306,,,1865.8383060290785,1083.0720840661484,2212.1447088187306,,,2153.4079482810944
2364,raspberrypi,230.0,2023-09-01,20:30:01,Whole,315.6021380239912,0.0,5.585976280923483,,1620.8528481012659,1070.5569620253164,2.408541758054857,0,404,79,0.07327705645945501,0.0,1.0,,0.0,0.0,,406.2869633738729,,,1268.142038820961,1491.427970115913,406.2869633738729,,,374.5782575460238
2365,raspberrypi,233.0,2023-09-01,20:30:01,Whole,299.70662227454216,0.01282051282051282,5.71063677652963,3.3541019662496847,2086.6740506329115,1094.2879746835442,2.408541758054857,0,404,79,0.1737711671052477,0.0,0.9873417721518988,,0.0,0.0,,842.9064967802061,,,1164.346659129256,1230.0391340110116,842.9064967802061,,,787.3797386444106
2366,raspberrypi,234.0,2023-09-01,20:30:01,Whole,721.571844612567,0.8666666666666667,5.241999106758573,30.612749936722587,1245.51953125,1665.75390625,2.8112153526548473,2,175,32,602.7469787245649,0.4050632911392405,0.5949367088607594,,0.0,0.4050632911392405,,228.29050049434528,,,968.2712678656046,1569.3875344572657,228.29050049434528,,,43.55564762346776
2367,raspberrypi,258.0,2023-09-01,20:30:01,Whole,466.7990697601637,1.0,4.136335312043622,72.04033426799141,1465.75,1539.3333333333333,1.291542530942167,0,14,3,116.56797711212515,0.0379746835443038,0.9620253164556962,,0.0,0.0379746835443038,,278.6943028776303,,,917.3455122939977,1442.1758423732754,278.6943028776303,,,154.4255413586994
2368,raspberrypi,392.0,2023-09-01,20:30:01,Whole,1319.8453234680671,0.0,8.104863794595762,,3041.125,1860.125,5.405839450196139,0,18,3,0.0,0.0,1.0,,0.0,0.0,,1856.0812671783835,,,918.6842907385454,1019.9609377557974,1856.0812671783835,,,1746.5817637200178
2369,raspberrypi,430.0,2023-09-01,20:30:01,Whole,1231.804001197929,,7.7405082321250935,,2865.0,1987.0,5.546380799118542,0,6,1,,0.0,1.0,,0.0,0.0,,1729.8773473900867,,,702.137220562618,994.9392394455965,1729.8773473900867,,,1611.9975576280701
2370,raspberrypi,997.0,2023-09-01,20:30:01,Whole,827.2193712231785,1.0,5.080317235642705,3.5050187232024883,1084.125,1585.75,0.8956386874910555,5,30,5,0.0,0.06329113924050633,0.9367088607594937,,0.0,0.06329113924050633,,124.69941317471964,,,1139.743829734085,1706.5179727306177,124.69941317471964,,,0.0
2371,raspberrypi,37.0,2023-09-01,23:35:01,Whole,1766.433918718636,,8.978449334848339,,2978.5,2724.25,4.305740842237723,0,8,1,,0.0,1.0,,0.0,0.0,,2191.464123052612,,,725.0717385858036,1224.3885284287503,2191.464123052612,,,2052.635699699458
2372,raspberrypi,223.0,2023-09-01,23:35:01,Whole,453.74317897067976,0.2558139534883721,4.023854803217666,2.148485598682296,1465.1027777777779,1675.55,0.7452031788205311,99,301,45,0.787555921079214,0.0,0.8607594936708861,,0.0,0.0,,357.8617345499873,,,808.1297931845088,1410.8696657083428,357.8617345499873,,,218.49284025889122
2373,raspberrypi,224.0,2023-09-01,23:35:01,Whole,538.4686780624861,0.1038961038961039,4.276992372904143,4.169663018158952,1490.2900641025642,1818.121794871795,0.8147332544639004,91,493,78,1.6541055676181833,0.0,0.8987341772151899,,0.0,0.0,,479.9408869436126,,,684.455927950395,1366.5606022087359,479.9408869436126,,,334.9933888651934
2374,raspberrypi,226.0,2023-09-01,23:35:01,Whole,579.8255718306059,0.2638888888888889,5.430779012102183,3.495921894790914,1863.33904109589,813.6369863013699,0.9477395048553088,40,473,73,2.414619192961142,0.0,0.759493670886076,,0.0,0.0,,733.1502270535032,,,1461.7346069643047,1460.9229195602102,733.1502270535032,,,725.3019534662442
2375,raspberrypi,228.0,2023-09-01,23:35:01,Whole,349.99563286159446,0.10526315789473684,3.945388932174132,10.509837329291956,1631.0064935064936,1686.905844155844,0.8981386919757823,91,491,77,39.32960282290011,0.0,0.8987341772151899,,0.0,0.0,,493.5596467476629,,,702.9030098649572,1302.4824222319871,493.5596467476629,,,356.9374214525519
2376,raspberrypi,232.0,2023-09-01,23:35:01,Whole,987.9412102382856,1.0,5.342124429382772,163.25805614245476,2230.9694444444444,1856.1833333333334,2.3556566435457285,1,296,45,13397.906987187296,0.0,0.4430379746835443,,0.10126582278481013,0.0,,1323.2504276320383,,,718.3524128967618,1127.7555146697741,1323.2504276320383,,,1237.86229987852
2377,raspberrypi,233.0,2023-09-01,23:35:01,Whole,440.50972302109096,0.3076923076923077,4.901758107719719,14.597117638281,2172.1851265822784,1133.5,2.0676383037699817,9,494,79,401.57655356069574,0.0,0.6962025316455697,,0.0,0.0,,920.6206600564669,,,1128.6911884364467,1178.9527710830278,920.6206600564669,,,892.2005199795706
2378,raspberrypi,234.0,2023-09-01,23:35:01,Whole,470.8028146451122,0.75,3.6387870468939387,8.02593419683545,1371.0694444444443,1536.5694444444443,0.85723024157654,9,64,9,30.902178435937838,0.11392405063291139,0.8860759493670886,,0.0,0.11392405063291139,,197.08728121229666,,,975.3943654351697,1506.7716903408636,197.08728121229666,,,59.64504685153119
2379,raspberrypi,236.0,2023-09-01,23:35:01,Whole,397.7211006779675,0.8461538461538461,4.326131703904761,51.36450063720365,1921.9319620253164,1603.623417721519,1.683864214910721,8,494,79,2337.0604079149903,0.0,0.16455696202531644,,0.0759493670886076,0.0,,788.4674755493666,,,702.7457434603073,1187.409208316802,788.4674755493666,,,685.0995983860537
2380,raspberrypi,237.0,2023-09-01,23:35:01,Whole,674.9181319739504,0.0,5.822120497635531,,1698.2548701298701,727.6347402597403,0.975642469206192,40,491,77,0.08936811063802397,0.0,1.0,,0.0,0.0,,650.5860936527249,,,1576.7260023098643,1596.067592699434,650.5860936527249,,,637.3660900308931
2381,raspberrypi,392.0,2023-09-01,23:35:01,Whole,1308.3068382689144,0.0,7.3130720949035295,,3040.625,1859.875,3.621446771282778,0,63,9,4.825141407086201e-26,0.0,1.0,,0.0,0.0,,1855.5321194811463,,,918.394628797526,1019.790429650426,1855.5321194811463,,,1746.0374604207832
2382,raspberrypi,470.0,2023-09-01,23:35:01,Whole,762.7376324402214,,4.298233387498406,,1205.75,1845.25,1.441596280112593,0,8,1,,0.0,1.0,,0.0,0.0,,377.69251805064414,,,885.0520265987859,1567.3683825135709,377.69251805064414,,,226.00218829543493
2383,raspberrypi,34.0,2023-09-02,12:20:01,Whole,978.8418977855016,,5.8175676766445585,,1112.5,1038.25,0.7942621277241396,1,5,1,,0.014084507042253521,0.9859154929577465,,0.0,0.014084507042253521,,71.86202336628118,,,1529.8076065044652,1845.6742316557024,71.86202336628118,,,0.0
2384,raspberrypi,220.0,2023-09-02,12:20:01,Whole,369.5067338761505,0.3064516129032258,6.152078422126258,22.45919913670113,2318.656746031746,1347.357142857143,4.070681094928098,1,305,63,199.44023469666664,0.0,0.7323943661971831,,0.0,0.0,,1056.3168486997647,,,933.6698571300891,1064.0332698585341,1056.3168486997647,,,982.2996772528868
2385,raspberrypi,221.0,2023-09-02,12:20:01,Whole,961.2900967991015,1.0,7.958749182219283,126.57579920119774,2093.943181818182,986.8238636363636,3.0913732925816166,0,220,44,7834.227736819809,0.0,0.4084507042253521,,0.09859154929577464,0.0,,1125.6894301565744,,,1376.618773433275,1422.46820961092,1125.6894301565744,,,855.8436657697998
2386,raspberrypi,224.0,2023-09-02,12:20:01,Whole,1112.0527029733753,0.1,8.75610772377795,2.9758763749333954,3090.580985915493,1545.2605633802816,4.0739756624074905,0,321,71,0.6874827098561971,0.0,0.9014084507042254,,0.0,0.0,,1840.7760607800756,,,1149.962000668147,994.2854975868461,1840.7760607800756,,,1747.7125425899812
2387,raspberrypi,225.0,2023-09-02,12:20:01,Whole,861.7969772478444,1.0,7.570730783774728,214.89669895805787,2398.5240384615386,1728.8942307692307,3.4429946741648014,1,138,26,16736.122423885263,0.0,0.647887323943662,,0.0,0.0,,1343.3863189763265,,,913.0600695472423,1208.7240520184241,1343.3863189763265,,,1264.7815076821662
2388,raspberrypi,227.0,2023-09-02,12:20:01,Whole,1011.1013190702257,1.0,6.416712962439776,113.96400906345657,1761.7380952380952,2371.7291666666665,4.023480648197912,0,220,42,14448.135079659836,0.0,0.4084507042253521,,0.14084507042253522,0.0,,1131.4646580172816,,,355.93373096430423,1216.314740368688,1131.4646580172816,,,1038.294199326157
2389,raspberrypi,234.0,2023-09-02,12:20:01,Whole,841.4451386132841,0.7368421052631579,5.804136952221146,6.261037896284685,1255.06875,1065.10625,1.6878063602821256,8,90,20,4.671075247099222,0.28169014084507044,0.7183098591549296,,0.0,0.28169014084507044,,113.44036168547817,,,1429.5705860775317,1733.8600990362334,113.44036168547817,,,89.57691468214085
2390,raspberrypi,237.0,2023-09-02,12:20:01,Whole,660.3580018443447,0.8771929824561403,5.469860109014861,15.157295612709623,1330.0254237288136,1414.3877118644068,2.217559697955825,0,274,59,190.9262280810126,0.8309859154929577,0.16901408450704225,,0.0,0.8309859154929577,,121.90099341907819,,,1098.8088139068273,1568.6262072268007,121.90099341907819,,,0.0
2391,raspberrypi,238.0,2023-09-02,12:20:01,Whole,977.517413198078,0.0,6.6325439574405305,,1115.2375,1035.8875,2.25414278412354,7,244,50,0.04970440424933366,0.704225352112676,0.29577464788732394,,0.0,0.704225352112676,,72.9986201482079,,,1530.185749933395,1844.5634642036298,72.9986201482079,,,0.0
2392,raspberrypi,258.0,2023-09-02,12:20:01,Whole,1445.5543797533412,0.5833333333333334,9.318832665273826,2.5975852208525976,1352.7833333333333,2794.508333333333,7.334555428126813,0,70,15,0.7430874433843866,0.0,0.9014084507042254,,0.0,0.0,,1336.8068955898773,,,624.1944512622714,1506.475306367431,1336.8068955898773,,,1186.5348108883234
2393,raspberrypi,987.0,2023-09-02,12:20:01,Whole,1445.95027268918,,8.610312729068434,,1349.25,2793.25,3.680852876781109,0,7,1,,0.0,1.0,,0.0,0.0,,1334.9182828368043,,,626.8893122517786,1509.0008454310237,1334.9182828368043,,,1184.671240346488
2394,raspberrypi,17.0,2023-09-01,20:10:01,Whole,1330.4013070020553,,6.8796335208596755,,3365.5,315.5,2.6505403866074486,0,6,1,,0.0,1.0,,0.0,0.0,,2296.299803775604,,,2290.2470725799144,1400.7338905454687,2296.299803775604,,,2267.9476978051307
2395,raspberrypi,37.0,2023-09-01,20:10:01,Whole,1649.2993330884628,,8.902175931257862,,2980.25,2725.0,4.475597450263239,0,8,1,,0.0,1.0,,0.0,0.0,,2193.3129224959284,,,726.9648072535861,1225.4747924158037,2193.3129224959284,,,2054.4961696048827
2396,raspberrypi,220.0,2023-09-01,20:10:01,Whole,904.9386894374145,0.0,6.732635256959892,,1772.743670886076,1877.0332278481012,3.8851805259592265,0,456,79,0.050903998361896845,0.0,1.0,,0.0,0.0,,720.8886548222358,,,467.12621370233563,1184.5666369535102,720.8886548222358,,,579.1231020300035
2397,raspberrypi,224.0,2023-09-01,20:10:01,Whole,148.2202603989559,0.0,5.528704845783978,,2490.8101265822784,1274.8987341772151,1.7673205620975112,0,456,79,0.054595281560671394,0.0,1.0,,0.0,0.0,,1226.4265553022788,,,1047.2465979428985,1026.519249367035,1226.4265553022788,,,1148.7808916247973
2398,raspberrypi,226.0,2023-09-01,20:10:01,Whole,1090.2401955231974,,6.185238237413104,,1284.5,1327.75,3.3013357073057854,0,6,1,,0.012658227848101266,0.9873417721518988,,0.0,0.012658227848101266,,68.99233435752934,,,1194.1565401630944,1624.424928737399,68.99233435752934,,,0.0
2399,raspberrypi,227.0,2023-09-01,20:10:01,Whole,1062.6644651107074,0.8620689655172413,7.38751520270491,7.650745437499824,1311.9541666666667,1323.7916666666667,3.1209617825013405,0,198,30,52.867979299098224,0.379746835443038,0.620253164556962,,0.0,0.379746835443038,,80.55297552234931,,,1181.6414620838536,1606.3941706513056,80.55297552234931,,,0.0
2400,raspberrypi,229.0,2023-09-01,20:10:01,Whole,1153.2975337036787,0.0,7.975129052978034,,3457.7294303797466,820.8291139240506,4.383652996918603,1,456,79,0.042556074216081624,0.0,0.0,,0.0,0.0,,2236.5302770495346,,,1929.3860991737854,1104.1708157401588,2236.5302770495346,,,2181.5194274154264
2401,raspberrypi,230.0,2023-09-01,20:10:01,Whole,1483.537077082059,1.0,8.71384408515757,3.8890872965260113,905.375,937.375,5.20858804895381,0,14,2,,0.02531645569620253,0.9746835443037974,,0.0,0.02531645569620253,,187.7705799306612,,,1734.2247143242114,2037.9953833453396,187.7705799306612,,,81.77760770816296
2402,raspberrypi,232.0,2023-09-01,20:10:01,Whole,543.4286903789587,0.0,6.325294441764871,,2616.0443037974683,711.3860759493671,2.98044170225287,0,456,79,0.06236615967134503,0.0,1.0,,0.0,0.0,,1455.1393644567095,,,1622.4364528339727,1166.547849584556,1455.1393644567095,,,1420.7660908161774
2403,raspberrypi,233.0,2023-09-01,20:10:01,Whole,475.7862349958558,0.0,5.696182207824952,,1894.5585443037974,1133.9572784810127,1.5012324752302508,0,456,79,0.1186358047404826,0.0,1.0,,0.0,0.0,,648.5425758287644,,,1140.2797275897315,1311.6873537855658,648.5425758287644,,,592.3869203264032
2404,raspberrypi,237.0,2023-09-01,20:10:01,Whole,191.92852292985978,0.7948717948717948,5.45856369041095,8.529320080820755,2185.990506329114,1129.6851265822784,1.5012324752302508,0,456,79,48.73056117416323,0.0,0.21518987341772153,,0.0,0.0,,934.445647495897,,,1131.8365801899756,1173.3373834340955,934.445647495897,,,872.252725011992
2405,raspberrypi,238.0,2023-09-01,20:10:01,Whole,1390.3266156087113,,7.535392363318496,,1000.75,934.0,2.5155139607698036,0,8,1,,0.012658227848101266,0.9873417721518988,,0.0,0.012658227848101266,,162.1464636580239,,,1679.4943785030157,1967.792799732979,162.1464636580239,,,60.2284576262864
2406,raspberrypi,258.0,2023-09-01,20:10:01,Whole,1278.467177828222,1.0,7.296068841944217,65.33854145908064,3493.9166666666665,591.8333333333334,1.2761314108478778,1,20,3,,0.0,0.9620253164556962,,0.0,0.0,,2325.453701908051,,,2131.6622698484275,1240.923065721544,2325.453701908051,,,2266.580582932962
2407,raspberrypi,392.0,2023-09-01,20:10:01,Whole,948.401802003888,0.0,6.846336908529496,,3041.755952380952,1860.1190476190477,4.14662824825098,0,144,21,0.0067392815831875,0.0,1.0,,0.0,0.0,,1856.685026036832,,,919.2213552089355,1020.1309319320376,1856.685026036832,,,1747.1934670635742
2408,raspberrypi,404.0,2023-09-01,20:10:01,Whole,1201.7447867229414,,6.830455280382282,,2918.25,2261.75,2.1695246639924832,0,8,1,,0.0,1.0,,0.0,0.0,,1892.3017525548817,,,646.5493827334169,1053.6663217804132,1892.3017525548817,,,1764.781946679599
2409,raspberrypi,37.0,2023-09-02,03:40:01,Whole,1817.892614471438,0.14285714285714285,10.669087210008545,2.7613402542968153,2980.7124999999996,2724.5,8.718267858487485,0,61,10,0.599257561513036,0.0,0.987012987012987,,0.0,0.0,,2193.3822616354178,,,727.2603108099889,1225.4560422269856,2193.3822616354178,,,2054.3804599764685
2410,raspberrypi,220.0,2023-09-02,03:40:01,Whole,269.0795051688666,0.0,5.103654441243335,,1536.5816666666667,1849.0883333333334,1.1064013334242389,0,363,75,0.05970912385185351,0.0,1.0,,0.0,0.0,,533.175969208839,,,630.1616445368118,1330.6382857622802,533.175969208839,,,383.3594283788399
2411,raspberrypi,224.0,2023-09-02,03:40:01,Whole,163.3575794043537,0.0,5.29009649131812,,1473.409090909091,1447.7824675324675,1.0246526926044923,0,368,77,0.09362609321177774,1.0,0.0,,0.0,1.0,,244.90687765193434,,,989.1185225207381,1460.6444403195796,244.90687765193434,,,128.08464136156036
2412,raspberrypi,228.0,2023-09-02,03:40:01,Whole,999.1413221320048,0.0,7.740384053715384,,895.0718085106383,842.1994680851063,4.3237510379926505,0,247,47,0.04264015404661884,0.6103896103896104,0.38961038961038963,,0.0,0.6103896103896104,,279.2415656037125,,,1816.0403125200958,2083.610851381335,279.2415656037125,,,173.4447340734857
2413,raspberrypi,230.0,2023-09-02,03:40:01,Whole,797.6358412373296,,5.7161987015419475,,1148.4375,902.6875,2.3100684239766602,0,24,4,,0.05194805194805195,0.948051948051948,,0.0,0.05194805194805195,,200.7631129692408,,,1623.6641056922708,1873.1026719511403,200.7631129692408,,,121.93652822027556
2414,raspberrypi,233.0,2023-09-02,03:40:01,Whole,860.3754502123036,0.0,6.424894551177123,,2294.646103896104,1122.7418831168832,4.560274557674617,0,368,77,0.09167414886004763,0.0,1.0,,0.0,0.0,,1042.3543245803262,,,1150.2197035320523,1130.6225353775224,1042.3543245803262,,,979.9185996715523
2415,raspberrypi,236.0,2023-09-02,03:40:01,Whole,118.26099195429039,0.0,5.111865507425784,,1467.7302631578948,1646.1167763157894,1.0243991694013599,0,367,76,0.09485489702276802,0.0,1.0,,0.0,0.0,,340.05573922223647,,,829.4976714900588,1415.4379386629337,340.05573922223647,,,196.6642847488687
2416,raspberrypi,237.0,2023-09-02,03:40:01,Whole,664.2878841904347,0.0,6.284207536532686,,1259.876644736842,2170.7927631578946,2.191029326023868,0,367,76,0.11961135592475904,0.0,1.0,,0.0,0.0,,707.0461401638652,,,689.6315257610337,1497.7513211418516,707.0461401638652,,,555.9510965198842
2417,raspberrypi,392.0,2023-09-02,03:40:01,Whole,1500.1126842933816,,7.8173445557950965,,3041.0,1860.0,5.4134925995318035,0,5,1,,0.0,1.0,,0.0,0.0,,1855.9266289520795,,,918.6451743859413,1019.9094516031707,1855.9266289520795,,,1746.431213151746
2418,raspberrypi,676.0,2023-09-02,03:40:01,Whole,1038.7168090476437,,6.423621532139533,,2458.0,2115.5,4.948743018687284,0,6,1,,0.0,1.0,,0.0,0.0,,1419.4865447648183,,,298.371881887675,960.4449732849712,1419.4865447648183,,,1287.9597946520812
2419,raspberrypi,987.0,2023-09-02,03:40:01,Whole,1584.5023618851021,,9.049609763254985,,2630.75,2756.0,7.337457628128603,0,6,1,,0.0,1.0,,0.0,0.0,,1945.5819284865433,,,416.44648663270794,1101.7932023788153,1945.5819284865433,,,1800.6991108647937
2420,raspberrypi,37.0,2023-09-01,20:00:01,Whole,1797.7114701038583,,10.144811914650516,,2982.25,2724.5,7.460748068898732,0,7,1,,0.0,1.0,,0.0,0.0,,2194.611101896988,,,728.7303918638131,1226.1221218162402,2194.611101896988,,,2055.8356588174724
2421,raspberrypi,190.0,2023-09-01,20:00:01,Whole,231.18776159021795,,4.15987600408976,,2186.0,1042.75,1.6340194903512932,0,7,1,,0.0,1.0,,0.0,0.0,,949.8917341923676,,,1218.546131407497,1203.03130820349,949.8917341923676,,,897.7983287602176
2422,raspberrypi,220.0,2023-09-01,20:00:01,Whole,754.6937685113637,0.0,6.047577183951927,,1781.3180379746836,1920.5886075949368,3.273941785509907,0,470,79,0.10562805929110643,0.0,1.0,,0.0,0.0,,755.6554406090315,,,425.1377822102143,1172.6681931766818,755.6554406090315,,,612.2561931336742
2423,raspberrypi,224.0,2023-09-01,20:00:01,Whole,442.02180013451124,0.10256410256410256,5.575028843372625,22.383418526353182,2463.006329113924,1222.3164556962026,2.568541861955149,0,470,79,80.44937272938698,0.0,0.8987341772151899,,0.0,0.0,,1200.3302592697905,,,1089.3166851737678,1045.4661960172723,1200.3302592697905,,,1132.5550138551482
2424,raspberrypi,228.0,2023-09-01,20:00:01,Whole,548.984432795155,1.0,5.89860585488439,9.57109279557663,1478.1875,1128.03125,1.7882547124958788,0,76,12,16.560163468307188,0.0,0.8607594936708861,,0.0,0.0,,257.941343368403,,,1268.4657112258826,1559.7803212604322,257.941343368403,,,226.80529366563792
2425,raspberrypi,229.0,2023-09-01,20:00:01,Whole,1480.0440581008233,0.02564102564102564,8.932186885135964,2.1258162072872135,3456.2072784810125,841.9272151898734,5.467503731031445,0,470,79,0.15344097246974128,0.0,0.0,,0.0,0.0,,2231.0802155031583,,,1912.2317674138335,1098.3800163488745,2231.0802155031583,,,2174.9931245501775
2426,raspberrypi,230.0,2023-09-01,20:00:01,Whole,1292.9303621429076,0.0,8.58775241806608,,737.5553797468355,1052.2136075949368,4.8584487725388374,0,470,79,0.14490899410142136,1.0,0.0,,0.0,1.0,,214.78582658181716,,,1758.2854942406143,2126.66008898786,214.78582658181716,,,128.1372103655909
2427,raspberrypi,234.0,2023-09-01,20:00:01,Whole,86.20183505169342,0.0,5.155930432511204,,1973.863782051282,1277.0048076923076,2.564947539589021,0,466,78,0.12856578077939015,0.0,1.0,,0.0,0.0,,712.3280057337454,,,988.154171485265,1224.150252211416,712.3280057337454,,,635.3475606597051
2428,raspberrypi,236.0,2023-09-01,20:00:01,Whole,564.8761216579995,0.975609756097561,6.0539393571339035,27.732797989074395,1540.4404761904761,1490.154761904762,2.3832464542862004,0,252,42,658.2121095696075,0.25316455696202533,0.4936708860759494,,0.0,0.25316455696202533,,333.3942291757978,,,923.8811508820313,1408.6900686446852,333.3942291757978,,,211.02352644366874
2429,raspberrypi,237.0,2023-09-01,20:00:01,Whole,474.0862512355905,0.5714285714285714,6.075014049386656,5.6599051479076765,1704.6320422535211,853.0369718309859,2.5797212175441757,0,432,71,11.124655924649426,0.0,0.4936708860759494,,0.0,0.0,,579.7272705553796,,,1453.4020541134166,1532.6760781175558,579.7272705553796,,,571.2545950980574
2430,raspberrypi,238.0,2023-09-01,20:00:01,Whole,781.1389134328421,,6.143625102409956,,1254.5,1353.5,3.0905665325496146,0,7,1,,0.012658227848101266,0.9873417721518988,,0.0,0.012658227848101266,,63.887065458867156,,,1191.4171274914017,1638.1591316495328,63.887065458867156,,,0.0
2431,raspberrypi,258.0,2023-09-01,20:00:01,Whole,1363.3632852584212,1.0,8.746226389883523,23.007997790157344,3122.9407894736846,404.0263157894737,3.019343208516866,0,118,19,82.08527029721978,0.0,0.759493670886076,,0.0,0.0,,2039.2553095868604,,,2098.1673949554956,1271.6935210884358,2039.2553095868604,,,1979.9261336313618
2432,raspberrypi,392.0,2023-09-01,20:00:01,Whole,1212.19910262712,0.0,7.63891854742406,,3041.5625,1859.875,4.414413408584103,0,28,4,,0.0,1.0,,0.0,0.0,,1856.431681464052,,,919.1877530098766,1020.0440769730734,1856.431681464052,,,1747.1319113495474
2433,raspberrypi,470.0,2023-09-01,20:00:01,Whole,1591.4294407823668,,9.096013624134027,,3299.75,2153.0,6.453566696905093,0,7,1,,0.0,1.0,,0.0,0.0,,2194.8220942590287,,,1042.945878647217,1175.3637671653073,2194.8220942590287,,,2077.0439389445564
2434,raspberrypi,653.0,2023-09-01,20:00:01,Whole,1418.7837220767162,,8.39499711911065,,2675.25,2464.25,5.401924993407691,0,6,1,,0.0,1.0,,0.0,0.0,,1793.1588471872474,,,381.3775211439136,1026.1167958703006,1793.1588471872474,,,1655.1312395833022
2435,raspberrypi,683.0,2023-09-01,20:00:01,Whole,1112.7039420840322,,7.258504168543782,,910.25,1263.625,1.4112055439726372,0,12,2,,0.02531645569620253,0.9746835443037974,,0.0,0.02531645569620253,,17.431321462305235,,,1486.467564980594,1923.372333828152,17.431321462305235,,,0.0
2436,raspberrypi,224.0,2023-09-02,15:00:01,Whole,1050.4042775352593,0.0,8.948355747263042,,3241.042910447761,1190.6473880597016,6.238093513688872,0,234,67,0.10574366004780263,0.0,1.0,,0.0,0.0,,1977.0938708535327,,,1507.9590820632666,997.293455875419,1977.0938708535327,,,1903.6732068867007
2437,raspberrypi,225.0,2023-09-02,15:00:01,Whole,1038.5134874934654,1.0,7.462700447102886,83.61746894706498,1554.3233695652175,1494.6222826086957,4.876309270425888,0,163,46,2432.2489288297265,0.2463768115942029,0.3333333333333333,,0.057971014492753624,0.2463768115942029,,474.2157191872484,,,940.6373801916887,1439.1199140906942,474.2157191872484,,,321.9006136599431
2438,raspberrypi,226.0,2023-09-02,15:00:01,Whole,773.7224933471606,1.0,5.795962453540671,220.82978509016817,2030.4375,1480.3055555555557,2.87769614885439,3,83,18,17170.17657538619,0.08695652173913043,0.7391304347826086,,0.0,0.08695652173913043,,838.2260035433665,,,960.8056108423547,1261.575759895304,838.2260035433665,,,873.8850301459468
2439,raspberrypi,228.0,2023-09-02,15:00:01,Whole,775.2924566137133,0.3541666666666667,6.259191462894034,14.049364568731118,2099.4,1157.1025,4.489651890718515,1,185,50,184.64144270353867,0.0,0.7536231884057971,,0.0,0.0,,845.5254702719715,,,1102.7186891729084,1203.323217420772,845.5254702719715,,,817.5802714179101
2440,raspberrypi,234.0,2023-09-02,15:00:01,Whole,957.8453670634275,1.0,8.802892151966901,8.464334318565353,2565.2738095238096,2803.6011904761904,1.0186858722596077,19,165,42,62.56420166860527,0.0,0.391304347826087,,0.0,0.0,,1932.0592913671549,,,387.83828981808284,1100.9201665027442,1932.0592913671549,,,1819.79095519681
2441,raspberrypi,236.0,2023-09-02,15:00:01,Whole,1997.9619049293046,1.0,10.020127805918412,31.381284231210167,814.25,681.9375,4.255871862338203,0,33,8,2.4360024753224845e-27,0.0,0.927536231884058,,0.0,0.0,,459.4009959426101,,,1993.6223443210038,2213.6187701256295,459.4009959426101,,,347.93884703429467
2442,raspberrypi,237.0,2023-09-02,15:00:01,Whole,1127.143131729651,0.7941176470588235,9.292666184503576,8.021175087478591,2729.0,2942.7010869565215,1.3247468799950846,19,235,69,60.81182002885513,0.0,0.21739130434782608,,0.0,0.0,,2146.3561957034763,,,603.1547249302972,1231.3040246748637,2146.3561957034763,,,1991.877704743101
2443,raspberrypi,238.0,2023-09-02,15:00:01,Whole,1150.9514216693406,1.0,6.98552283600319,45.60805253958328,1420.125,1303.125,0.8842225471506486,2,20,4,393.29581531991636,0.057971014492753624,0.9420289855072463,,0.0,0.057971014492753624,,170.6905488692226,,,1141.0210756323904,1538.879370314464,170.6905488692226,,,85.55232379476809
2444,raspberrypi,221.0,2023-09-02,10:55:01,Whole,427.9310471644496,0.0,3.699527557542203,,1610.0275974025974,1712.2435064935064,3.7442038005527998,0,199,77,0.2387321848418172,0.0,1.0,,0.0,0.0,,491.4978583256313,,,692.6924230524766,1309.9196522026998,491.4978583256313,,,351.64940768274994
2445,raspberrypi,224.0,2023-09-02,10:55:01,Whole,488.82985624875994,0.039473684210526314,4.626101659308296,2.181199259809832,1510.5064935064936,912.3977272727273,1.9699063067282494,0,199,77,0.3139033717944261,0.0,0.961038961038961,,0.0,0.0,,391.9647393892337,,,1454.4930777456802,1624.8037057576435,391.9647393892337,,,381.9850184019625
2446,raspberrypi,227.0,2023-09-02,10:55:01,Whole,598.0792443137731,1.0,3.256431642651864,5.807279035479384,1185.4166666666667,1262.4166666666667,2.464057677551035,0,29,9,8.587934244688545e-27,0.11688311688311688,0.8831168831168831,,0.0,0.11688311688311688,,9.955422948412693,,,1305.7940537013387,1715.6328252390163,9.955422948412693,,,0.0
2447,raspberrypi,230.0,2023-09-02,10:55:01,Whole,1401.7861909149162,0.8928571428571429,8.976864813871735,13.241747251355012,2992.570833333333,2023.1333333333334,7.225575159265223,0,93,30,260.7894154183083,0.0,0.6753246753246753,,0.0,0.0,,1862.2891541902668,,,798.7745812454375,1032.1204496657365,1862.2891541902668,,,1723.8443805479533
2448,raspberrypi,234.0,2023-09-02,10:55:01,Whole,946.7404872859124,,5.699940990264587,,1043.5,1913.875,3.1007567218238954,0,8,2,,0.0,1.0,,0.0,0.0,,433.3053425346128,,,989.7193085076556,1687.2761753714087,433.3053425346128,,,294.01745727993256
2449,raspberrypi,237.0,2023-09-02,10:55:01,Whole,298.3247925295075,0.0,4.828976879121482,,1871.6672077922078,1035.698051948052,1.9699063067282494,0,199,77,0.10986863234929366,0.0,1.0,,0.0,0.0,,650.3599743621758,,,1240.9016498732497,1360.673497575242,650.3599743621758,,,609.5879300605562
2450,raspberrypi,258.0,2023-09-02,10:55:01,Whole,658.4722589847775,,5.09346999065534,,1160.0,1539.75,2.4855892957172956,0,4,1,,0.012987012987012988,0.987012987012987,,0.0,0.012987012987012988,,112.32616007798852,,,1114.7277894797912,1658.8152768486257,112.32616007798852,,,0.0
2451,raspberrypi,445.0,2023-09-02,10:55:01,Whole,947.7981957586293,,4.616552024890383,,1043.25,1915.25,3.1082650391192166,0,4,1,,0.0,1.0,,0.0,0.0,,434.68633528282305,,,989.3158678292027,1687.342693890565,434.68633528282305,,,295.41442642336074
2452,raspberrypi,987.0,2023-09-02,10:55:01,Whole,656.6713427566815,,5.072077023422145,,1162.0,1540.0,2.4795201368903674,0,7,2,,0.025974025974025976,0.974025974025974,,0.0,0.025974025974025976,,112.80437186508684,,,1113.1213959573265,1657.2542345190188,112.80437186508684,,,0.0
2453,raspberrypi,220.0,2023-09-01,22:10:01,Whole,796.2307996666987,0.0,5.36805263715748,,1825.2676282051282,2061.269230769231,1.9937861465449784,0,245,78,0.0653099494771807,0.0,1.0,,0.0,0.0,,884.2667243745617,,,282.96943294220506,1128.6849248983385,884.2667243745617,,,737.436139632541
2454,raspberrypi,224.0,2023-09-01,22:10:01,Whole,606.7002730033188,0.02564102564102564,4.21692702105015,2.1505813167606567,1729.5189873417721,1687.0822784810127,1.9939117051179458,0,246,79,0.1348793794542097,0.0,0.9746835443037974,,0.0,0.0,,576.2153506058833,,,655.6191000151551,1244.9543581192966,576.2153506058833,,,444.42617999820004
2455,raspberrypi,226.0,2023-09-01,22:10:01,Whole,626.5470279174592,0.0,4.9023462814569925,,1828.125,942.375,1.8018064786725783,0,8,2,,0.0,1.0,,0.0,0.0,,643.1829434626954,,,1340.1889230706063,1422.654677534292,643.1829434626954,,,618.2059566912411
2456,raspberrypi,229.0,2023-09-01,22:10:01,Whole,1339.275747636306,0.0,9.739360518850459,,3384.105,664.9866666666667,6.819559935940871,0,239,75,0.053352858577686776,0.0,0.05063291139240506,,0.0,0.0,,2200.0557489651214,,,2007.6247367132714,1147.6161636367444,2200.0557489651214,,,2153.8639265166125
2457,raspberrypi,233.0,2023-09-01,22:10:01,Whole,317.3641532036998,0.0,4.6391630323698525,,2137.8386075949365,1102.6867088607594,3.681849566478865,0,246,79,0.06672263942768251,0.0,1.0,,0.0,0.0,,891.3650343388715,,,1156.4706023279796,1203.5539482099903,891.3650343388715,,,833.6493391494873
2458,raspberrypi,237.0,2023-09-01,22:10:01,Whole,691.4990596065093,,4.750033118533766,,1571.0,1354.5,1.9051712289833895,0,4,1,,0.0,1.0,,0.0,0.0,,318.3065087782193,,,1024.0451750590914,1424.892285630567,318.3065087782193,,,225.66983016415188
2459,raspberrypi,392.0,2023-09-01,22:10:01,Whole,907.6159593607101,0.0,7.321930825134734,,3040.75,1860.0625,6.08555223635573,0,33,8,0.0,0.0,1.0,,0.0,0.0,,1855.7041088353503,,,918.4003788071284,1019.8507324068197,1855.7041088353503,,,1746.1880093531743
2460,raspberrypi,414.0,2023-09-01,22:10:01,Whole,1322.6979939815592,,8.036530155842188,,949.0,1560.5,4.086703800409957,0,5,1,,0.012658227848101266,0.9873417721518988,,0.0,0.012658227848101266,,119.08023123198437,,,1260.4288921882235,1818.0998036904148,119.08023123198437,,,13.644799142970271
2461,raspberrypi,656.0,2023-09-01,22:10:01,Whole,781.8775940829833,,5.196851966378581,,1496.25,1233.75,2.632489577828313,0,4,1,,0.012658227848101266,0.9873417721518988,,0.0,0.012658227848101266,,247.77269526531353,,,1165.3314110141685,1510.9357875497233,247.77269526531353,,,185.44688586435504
2462,raspberrypi,987.0,2023-09-01,22:10:01,Whole,1034.9602138461069,,6.053794102600609,,1227.0,1431.75,2.9106237118847424,0,4,1,,0.012658227848101266,0.9873417721518988,,0.0,0.012658227848101266,,81.77140284224215,,,1147.8518146277127,1636.155925017756,81.77140284224215,,,0.0
2463,raspberrypi,225.0,2023-09-02,10:25:01,Whole,866.161221745202,1.0,5.5433600200012325,103.29666853056898,2153.9144736842104,2088.3651315789475,6.109224724431195,0,95,38,3054.0445901186854,0.09210526315789473,0.5131578947368421,,0.17105263157894737,0.09210526315789473,,1198.826920841304,,,442.21095239663146,1131.5019279806534,1198.826920841304,,,1332.3179890511692
2464,raspberrypi,227.0,2023-09-02,10:25:01,Whole,501.3023041246318,0.36486486486486486,4.320919974733287,9.906513915377994,1418.7383333333332,1266.9066666666668,1.6087238682347473,0,165,75,28.50763046622903,0.9868421052631579,0.013157894736842105,,0.0,0.9868421052631579,,172.51214098594335,,,1173.0132701537723,1551.3994121866344,172.51214098594335,,,89.10729547332969
2465,raspberrypi,228.0,2023-09-02,10:25:01,Whole,944.4265081465451,1.0,7.6352624652920555,106.6156201707316,2185.6352459016393,2298.2356557377047,6.754769825533752,0,136,61,6899.614064241495,0.0,0.21052631578947367,,0.2894736842105263,0.0,,1354.7888380467682,,,444.43303083832785,1150.5179719647626,1354.7888380467682,,,1139.0804109336918
2466,raspberrypi,230.0,2023-09-02,10:25:01,Whole,833.6434393778178,1.0,5.163532483616682,175.52242315043256,2209.78125,1679.8020833333333,2.408162053030492,0,36,12,5564.202455410099,0.0,0.881578947368421,,0.039473684210526314,0.0,,1146.0963139759547,,,778.5120083058391,1142.4519215709695,1146.0963139759547,,,1141.1840308595542
2467,raspberrypi,236.0,2023-09-02,10:25:01,Whole,620.2362830771845,1.0,3.989868687214294,31.07752403265099,1154.75,1568.625,1.9890714866653443,0,5,2,,0.02631578947368421,0.9736842105263158,,0.0,0.02631578947368421,,124.9966825169385,,,1098.6030024606075,1656.270199636665,124.9966825169385,,,0.0
2468,raspberrypi,237.0,2023-09-02,10:25:01,Whole,715.1987998655038,0.84,5.1785437835661146,9.856774802342409,1436.8557692307693,993.2740384615385,1.436406398471497,0,117,52,89.38582924705486,0.0,0.4473684210526316,,0.0,0.0,,289.9921202523432,,,1410.1080496104832,1639.4643331469956,289.9921202523432,,,246.55980413261628
2469,raspberrypi,727.0,2023-09-02,10:25:01,Whole,814.586225218051,,5.503050164708884,,2095.0,871.75,3.8109163273611615,0,4,1,,0.0,1.0,,0.0,0.0,,913.8439587672751,,,1386.8372876122853,1314.3276570603507,913.8439587672751,,,883.4815432598721
2470,raspberrypi,37.0,2023-09-02,06:05:01,Whole,2243.2409268267675,,11.776640314627517,,2983.5,2725.0,8.468461343207283,0,8,2,,0.0,1.0,,0.0,0.0,,2195.9105127892303,,,730.0719923327912,1226.8836927429957,2195.9105127892303,,,2057.1441171196348
2471,raspberrypi,106.0,2023-09-02,06:05:01,Whole,1342.1039224573747,,7.378303099127636,,1177.25,2421.25,4.737864011564608,0,5,1,,0.0,1.0,,0.0,0.0,,942.9198509233463,,,726.2823557614704,1574.6413358807335,942.9198509233463,,,796.1072540779093
2472,raspberrypi,184.0,2023-09-02,06:05:01,Whole,1299.0839138769784,,7.669815989095418,,1808.25,2347.5,5.103295769285962,0,5,1,,0.0,0.9873417721518988,,0.012658227848101266,0.0,,1094.3819873783889,,,113.65324559104943,1107.259528488874,1094.3819873783889,,,942.057245316302
2473,raspberrypi,221.0,2023-09-02,06:05:01,Whole,592.7408589040554,0.0,7.715199415519295,,1184.5617088607594,565.6471518987341,1.9379144299612847,0,284,79,0.15162835344163883,0.0,1.0,,0.0,0.0,,534.5856266576827,,,1902.4487645113181,2003.5518044220833,534.5856266576827,,,451.079515869411
2474,raspberrypi,230.0,2023-09-02,06:05:01,Whole,147.75060682620182,0.0,3.36872718273336,,1298.2142857142858,1163.982142857143,0.8953464029507842,10,64,14,0.13459360696697356,0.17721518987341772,0.8227848101265823,,0.0,0.17721518987341772,,90.43535050381702,,,1322.6381145897378,1667.92370815487,90.43535050381702,,,73.44120845354206
2475,raspberrypi,236.0,2023-09-02,06:05:01,Whole,666.0482939593012,0.0,5.703211022392009,,2036.4335443037974,1385.9303797468353,2.631681540765829,0,284,79,0.05179608185288443,0.0,1.0,,0.0,0.0,,778.6867454872008,,,874.4522287924781,1164.0395285098232,778.6867454872008,,,688.5915455517974
2476,raspberrypi,237.0,2023-09-02,06:05:01,Whole,638.9692879164362,0.01282051282051282,7.656765062035619,2.57390753524675,879.617088607595,784.498417721519,1.9379144299612847,0,284,79,0.1633181661722641,0.0,0.9873417721518988,,0.0,0.0,,338.637938668415,,,1871.6413680690985,2119.2726532807037,338.637938668415,,,232.9366785197249
2477,raspberrypi,258.0,2023-09-02,06:05:01,Whole,507.4081921684557,0.0,5.3819243459717985,,1570.4309701492537,1592.233208955224,2.630830032341128,0,247,67,0.03670637220486681,0.0,1.0,,0.0,0.0,,392.1245774511698,,,815.2386882317065,1361.223964609661,392.1245774511698,,,260.54440257289514
2478,raspberrypi,392.0,2023-09-02,06:05:01,Whole,1776.1308021479397,0.0,9.626713934603005,,3040.15625,1860.09375,5.7307031453210335,0,32,8,2.5850634633759295e-26,0.0,1.0,,0.0,0.0,,1855.1430968926002,,,917.8814697692214,1019.6947332783731,1855.1430968926002,,,1745.6089700905295
2479,raspberrypi,441.0,2023-09-02,06:05:01,Whole,275.1759197922295,0.0,5.446816614932219,,1161.76953125,1057.97265625,2.0255426387853643,10,134,32,0.06323438356657982,0.4050632911392405,0.5949367088607594,,0.0,0.4050632911392405,,66.77867496589967,,,1485.7198828047058,1802.6707508438242,66.77867496589967,,,7.9899988318366155
2480,raspberrypi,896.0,2023-09-02,06:05:01,Whole,1783.2283025068386,,9.601247556158288,,2426.0,2585.0,6.512365953977324,0,5,1,,0.0,0.9873417721518988,,0.012658227848101266,0.0,,1679.4185471975943,,,157.22935767419216,989.3218742055878,1679.4185471975943,,,1534.133617921399
2481,raspberrypi,37.0,2023-09-02,03:35:01,Whole,1901.50178387827,,10.222287258167578,,2979.5,2724.25,8.71637575743781,0,6,1,,0.0,1.0,,0.0,0.0,,2192.263097108365,,,726.0277546864286,1224.8212366604096,2192.263097108365,,,2053.4501822812877
2482,raspberrypi,220.0,2023-09-02,03:35:01,Whole,329.18316468416054,0.0,4.8504226741038945,,1536.628205128205,1848.695512820513,1.1020967991811783,0,389,78,0.06623907510830569,0.0,1.0,,0.0,0.0,,532.9054571119761,,,630.417847973785,1330.6740607131983,532.9054571119761,,,383.00013887729347
2483,raspberrypi,224.0,2023-09-02,03:35:01,Whole,99.58257218096863,0.0,4.741492371580726,,1459.3625,1433.521875,1.0995275449149033,0,395,80,0.10195820825789063,1.0,0.0,,0.0,1.0,,227.46099167026546,,,1008.6520942627374,1473.8591091069452,227.46099167026546,,,112.68810053349617
2484,raspberrypi,228.0,2023-09-02,03:35:01,Whole,901.4405737827323,0.0,7.1813955061058135,,921.1301369863014,835.9589041095891,4.1520877738806545,0,369,73,0.08475453999706647,0.9125,0.0875,,0.0,0.9125,,276.34856688548905,,,1805.6033202155784,2066.652838597711,276.34856688548905,,,171.19994187992913
2485,raspberrypi,230.0,2023-09-02,03:35:01,Whole,721.0300149877926,,4.4307470519224745,,1147.0,896.25,1.206713691306583,0,6,1,,0.0125,0.9875,,0.0,0.0125,,206.52384118205612,,,1629.9059991317938,1876.7930292887913,206.52384118205612,,,127.11733213953883
2486,raspberrypi,233.0,2023-09-02,03:35:01,Whole,882.2554054907171,0.0,6.295526196800006,,2294.6421875,1122.815625,4.600869528750052,0,395,80,0.06554007256058798,0.0,1.0,,0.0,0.0,,1042.3405382442697,,,1150.1461797315847,1130.6014467442146,1042.3405382442697,,,979.9276520815522
2487,raspberrypi,236.0,2023-09-02,03:35:01,Whole,130.94844201432483,0.0,4.6488060211613815,,1469.3359375,1646.159375,1.0990938872028755,0,395,80,0.08222732468104342,0.0,1.0,,0.0,0.0,,341.29070591102914,,,828.4768525752503,1414.356914657231,341.29070591102914,,,197.98271592131528
2488,raspberrypi,237.0,2023-09-02,03:35:01,Whole,695.110780794045,0.0,6.128157592713478,,1259.709375,2170.359375,2.1915615242742033,0,395,80,0.07640747410097153,0.0,1.0,,0.0,0.0,,706.58796010999,,,689.9287402829955,1497.8945934134385,706.58796010999,,,555.5233374175618
2489,raspberrypi,392.0,2023-09-02,03:35:01,Whole,1570.1265829530057,,8.550429423395741,,3040.375,1859.75,5.41529532141953,0,12,2,,0.0,1.0,,0.0,0.0,,1855.2575616844774,,,918.2498880620191,1019.7052652529032,1855.2575616844774,,,1745.7653306803127
2490,raspberrypi,37.0,2023-09-02,04:05:01,Whole,1763.2910834247086,0.0,10.233617880878286,,2982.4479166666665,2724.3854166666665,8.720104173205014,0,63,12,7.352573757309209e-26,0.0,1.0,,0.0,0.0,,2194.700582904191,,,728.8861632051124,1226.157724739125,2194.700582904191,,,2056.0513935854124
2491,raspberrypi,106.0,2023-09-02,04:05:01,Whole,905.9224992726106,,4.638223227386049,,1177.75,2421.5,1.3535360683088917,0,5,1,,0.0,1.0,,0.0,0.0,,943.2131978801208,,,725.7737955744535,1574.2474259667013,943.2131978801208,,,796.3823445868826
2492,raspberrypi,220.0,2023-09-02,04:05:01,Whole,253.33353525159635,0.0,4.732090307044852,,1528.91,1864.4016666666666,1.1991259166677244,0,343,75,0.046643690498985306,0.0,1.0,,0.0,0.0,,540.13271942595,,,624.3184712928644,1333.1220687204107,540.13271942595,,,389.61192115461745
2493,raspberrypi,224.0,2023-09-02,04:05:01,Whole,224.61826202563358,0.0,4.9497409742074545,,1486.9208860759493,1432.1582278481012,1.10641695708545,0,357,79,0.1042643704666378,0.9875,0.0125,,0.0,0.9875,,252.70876880748318,,,995.4249783569473,1456.10198536833,252.70876880748318,,,139.97406662507674
2494,raspberrypi,228.0,2023-09-02,04:05:01,Whole,1055.131154812127,0.0,8.06182789594608,,894.4956896551724,843.3275862068965,4.312644809345107,0,148,29,0.0038773687318289667,0.3625,0.6375,,0.0,0.3625,,278.40240642697825,,,1815.481291676479,2083.5817413090144,278.40240642697825,,,172.4306919157647
2495,raspberrypi,233.0,2023-09-02,04:05:01,Whole,848.3021436749001,0.0,5.953322426957067,,2294.54375,1128.1125,4.455825822470719,1,357,80,0.052215201537681534,0.0,1.0,,0.0,0.0,,1041.541817692982,,,1144.8918107629652,1129.0206414041338,1041.541817692982,,,978.7695432938815
2496,raspberrypi,236.0,2023-09-02,04:05:01,Whole,151.35515225091325,0.0,4.737714218383585,,1455.632911392405,1644.0759493670887,1.10641695708545,0,357,79,0.09779826767993693,0.9875,0.0125,,0.0,0.9875,,329.6753718597721,,,838.583524352515,1423.9889741827901,329.6753718597721,,,185.5980631143063
2497,raspberrypi,237.0,2023-09-02,04:05:01,Whole,648.8976761038775,0.0,5.694765550125615,,1260.5870253164558,2172.5617088607596,2.109932603267975,0,357,79,0.07492385037710586,0.0,1.0,,0.0,0.0,,708.9219069993379,,,688.3934912679618,1497.1452914745398,708.9219069993379,,,557.8259115771791
2498,raspberrypi,392.0,2023-09-02,04:05:01,Whole,1454.449252997468,,8.561670014689737,,3040.5,1860.0,5.3944611224334444,0,11,2,,0.0,1.0,,0.0,0.0,,1855.44690160406,,,918.2222214298945,1019.7743159578781,1855.44690160406,,,1745.9448302890494
2499,raspberrypi,614.0,2023-09-02,04:05:01,Whole,847.7096893529568,,5.110340146671165,,2336.25,1193.25,0.39926294598146506,1,6,1,,0.0,1.0,,0.0,0.0,,1076.106713152982,,,1087.5617702547393,1094.5935526741769,1076.106713152982,,,1006.3910830684192
2500,raspberrypi,34.0,2023-09-02,15:10:01,Whole,971.7512021049135,,5.719097959859775,,1303.125,1840.75,1.6421988685927178,1,10,2,,0.0,1.0,,0.0,0.0,,403.19330777285916,,,808.8514883066882,1494.7933213949882,403.19330777285916,,,248.9632049289862
2501,raspberrypi,224.0,2023-09-02,15:10:01,Whole,1081.6388875254213,0.014705882352941176,8.70835969589868,51.99098479544314,3218.003623188406,1333.5126811594203,6.5476571029216455,0,229,69,38.96406644053242,0.0,0.9855072463768116,,0.0,0.0,,1952.345134223161,,,1388.5047831851243,1004.7083388088495,1952.345134223161,,,1870.85745376487
2502,raspberrypi,228.0,2023-09-02,15:10:01,Whole,777.845240769138,1.0,5.164631793294035,70.50793152452596,1706.9761029411764,1495.8069852941178,2.46735627991267,0,227,68,5938.23791475231,0.34782608695652173,0.028985507246376812,,0.0,0.34782608695652173,,517.088469945261,,,901.1803078895354,1343.4186897665627,517.088469945261,,,444.9597456181588
2503,raspberrypi,234.0,2023-09-02,15:10:01,Whole,1182.0570323473423,0.0,7.9069824085466704,,3052.4166666666665,2752.75,3.567824895621572,0,15,3,,0.0,1.0,,0.0,0.0,,2267.737267648231,,,804.1130777851113,1269.9231440915528,2267.737267648231,,,2129.379670300054
2504,raspberrypi,236.0,2023-09-02,15:10:01,Whole,301.5724640732689,0.8823529411764706,5.014495378318405,25.37036370063335,2050.7010869565215,1787.25,3.324222981536122,0,229,69,1002.1611084366405,0.0,0.13043478260869565,,0.08695652173913043,0.0,,923.2530635597786,,,479.2475215811601,1076.5745939911735,923.2530635597786,,,780.6687376138115
2505,raspberrypi,237.0,2023-09-02,15:10:01,Whole,945.658848026324,0.029411764705882353,7.132299773849049,2.5045247854606068,2363.139492753623,2804.141304347826,5.502549790453064,0,229,69,0.39940276776926664,0.0,0.0,,0.0,0.0,,1795.6479603663636,,,243.34804709225088,1034.1814980430688,1795.6479603663636,,,1646.1934851037104
2506,raspberrypi,238.0,2023-09-02,15:10:01,Whole,975.2372213859793,0.0,5.252642065104134,,1299.6470588235295,1840.3529411764705,2.0299905673779146,1,72,17,0.005898526655796411,0.0,1.0,,0.0,0.0,,401.498965693086,,,811.8495329851253,1497.419327268226,401.498965693086,,,247.2480115444599
2507,raspberrypi,336.0,2023-09-02,15:10:01,Whole,1113.2778524534333,,6.011232561720615,,1310.5,1306.0,2.76289895517171,0,5,1,,0.014492753623188406,0.9855072463768116,,0.0,0.014492753623188406,,75.36567176287114,,,1196.9670602016838,1612.7520693381039,75.36567176287114,,,0.0
2508,raspberrypi,62.0,2023-09-02,12:40:01,Whole,1582.6065970197837,,8.903129497441997,,1173.25,2421.75,2.7536103529054508,0,4,1,,0.0,1.0,,0.0,0.0,,943.0693251507507,,,730.2622254152918,1578.057338850191,943.0693251507507,,,796.4121911196758
2509,raspberrypi,220.0,2023-09-02,12:40:01,Whole,726.8641368572822,1.0,4.651570062691713,36.68795244827901,1827.266304347826,1729.2309782608695,4.027905786484192,2,167,46,1141.4662888939135,0.0273972602739726,0.3972602739726027,,0.0,0.0273972602739726,,704.2420316032601,,,618.4346564873055,1202.584421431893,704.2420316032601,,,633.3732558816874
2510,raspberrypi,221.0,2023-09-02,12:40:01,Whole,950.978826225977,1.0,5.239557966391661,204.20709181828389,2075.375,1247.6813725490197,2.7806556699904976,3,175,51,5954.110774343946,0.0410958904109589,0.3150684931506849,,0.0,0.0410958904109589,,1175.7327566938013,,,1385.0083603837177,1386.3381013609012,1175.7327566938013,,,1269.8811992716169
2511,raspberrypi,224.0,2023-09-02,12:40:01,Whole,750.4807767748927,0.0,6.476923313668629,,1893.5,311.72629310344826,5.506601552253571,1,213,58,0.03720891643657927,0.0,1.0,,0.0,0.0,,1082.1031697790486,,,1956.6386589308354,1727.2352056229172,1082.1031697790486,,,1051.3556602484978
2512,raspberrypi,228.0,2023-09-02,12:40:01,Whole,1194.0100372780566,1.0,5.9240194915851765,105.21352931882812,1460.84,2045.81,5.988919151492479,2,105,25,10849.729428121982,0.1095890410958904,0.6712328767123288,,0.0958904109589041,0.1095890410958904,,696.4672928460814,,,623.3267390819814,1400.7039390398704,696.4672928460814,,,315.4305378592726
2513,raspberrypi,234.0,2023-09-02,12:40:01,Whole,266.2787978829542,0.3333333333333333,4.1742705966421845,8.753570700005799,1717.625,1122.725,2.5818705660395955,0,22,5,21.46527919501158,0.0,0.9863013698630136,,0.0,0.0,,480.75472535564336,,,1189.3267529856316,1414.0714107737563,480.75472535564336,,,440.65378059844033
2514,raspberrypi,236.0,2023-09-02,12:40:01,Whole,1040.7222628397749,1.0,6.189785032762036,36.485374147152925,1064.525,1002.2833333333333,5.400289738511264,0,169,45,1523.8897230382456,0.1095890410958904,0.3972602739726027,,0.0,0.1095890410958904,,403.0258098555271,,,1593.5353046047767,1925.454257470828,403.0258098555271,,,295.3039080383704
2515,raspberrypi,237.0,2023-09-02,12:40:01,Whole,1010.0933717459191,1.0,5.022548013463592,28.1036029718611,1003.875,1332.75,2.299280783993187,0,12,2,,0.0273972602739726,0.9726027397260274,,0.0,0.0273972602739726,,0.0,,,1371.5010526292688,1830.7726983191444,0.0,,,0.0
2516,raspberrypi,238.0,2023-09-02,12:40:01,Whole,929.459139380121,0.09722222222222222,8.011271418925261,4.094345716751232,2859.4674657534247,769.7791095890411,5.500342694493614,3,234,73,3.3159021057723357,0.0,0.0,,0.0,0.0,,1667.5279017954128,,,1652.7535175320475,1054.9511112551793,1667.5279017954128,,,1622.5182902494398
2517,raspberrypi,474.0,2023-09-02,12:40:01,Whole,751.1752994250882,,5.206074019558749,,1893.75,311.0,0.005315794166143537,1,5,1,,0.0,1.0,,0.0,0.0,,1082.8152731954747,,,1957.3378401740185,1727.5810481077824,1082.8152731954747,,,1052.0573202201883
2518,raspberrypi,37.0,2023-09-02,05:10:01,Whole,2070.6498539879617,,11.2159970264609,,2980.25,2724.75,8.986090404383294,0,4,1,,0.0,1.0,,0.0,0.0,,2193.1627404799,,,726.8914189003376,1225.3651394637359,2193.1627404799,,,2054.351141940225
2519,raspberrypi,184.0,2023-09-02,05:10:01,Whole,1258.5856855593875,,7.828381633145407,,2640.75,935.25,5.245177320328005,0,5,1,,0.0,1.0,,0.0,0.0,,1415.091129288864,,,1417.242453993732,1065.1480877762424,1415.091129288864,,,1363.552560281137
2520,raspberrypi,221.0,2023-09-02,05:10:01,Whole,709.8620146854748,0.20512820512820512,8.01378292423959,4.30218555508242,991.4636075949367,789.0316455696203,3.4670852570193116,0,256,79,3.166608252508913,0.0,0.7974683544303798,,0.0,0.0,,306.9553124007974,,,1804.0543406625866,2034.5714022209281,306.9553124007974,,,207.7979021655896
2521,raspberrypi,224.0,2023-09-02,05:10:01,Whole,598.0593444349532,0.0,6.292783930769246,,1235.0648734177216,1892.6613924050632,3.018220260138765,0,256,79,0.13631815510684506,0.0,1.0,,0.0,0.0,,430.69412226218117,,,834.3688248288591,1538.6615726281977,430.69412226218117,,,278.37180088542766
2522,raspberrypi,225.0,2023-09-02,05:10:01,Whole,410.30212390680236,0.0,6.251864933888781,,1625.0601265822784,963.7848101265823,3.0137411701725365,0,256,79,0.05001380111805627,0.0,1.0,,0.0,0.0,,455.5177523687071,,,1368.1788302275193,1531.7530389991261,455.5177523687071,,,443.3789990813402
2523,raspberrypi,234.0,2023-09-02,05:10:01,Whole,330.71187387943894,0.0,5.449716016755345,,1703.1266025641025,1542.2676282051282,3.0137411701725365,0,254,78,0.005157299160437928,0.0,1.0,,0.0,0.0,,489.6624337718669,,,798.3265524487609,1293.5629973287978,489.6624337718669,,,371.3144882125271
2524,raspberrypi,258.0,2023-09-02,05:10:01,Whole,909.0892654620062,0.0,6.178259199341355,,907.8333333333334,2065.4375,1.907878809676824,0,25,6,0.0,0.0,1.0,,0.0,0.0,,602.1012739268691,,,1056.9423489402495,1790.2868725365547,602.1012739268691,,,473.9572937772261
2525,raspberrypi,392.0,2023-09-02,05:10:01,Whole,1678.3328308055595,0.0,9.223676733961167,,3040.25,1860.25,7.096668090018983,0,48,12,1.0483365403217708e-25,0.0,1.0,,0.0,0.0,,1855.2764424927723,,,917.8774115134775,1019.7420827189885,1855.2764424927723,,,1745.7595356654551
2526,raspberrypi,220.0,2023-09-01,22:30:01,Whole,746.9733778785461,0.0,5.212619076235491,,1866.617088607595,2058.5822784810125,1.9786561781193424,0,402,79,0.0678474116399932,0.0,1.0,,0.0,0.0,,911.7375755150551,,,262.9419305875359,1108.5989751957472,911.7375755150551,,,766.1990651922422
2527,raspberrypi,224.0,2023-09-01,22:30:01,Whole,530.8988578824743,0.0,4.4358986328575805,,1691.63125,1717.7796875,1.9786599278855592,1,404,80,0.09563395295732781,0.0,1.0,,0.0,0.0,,560.6846522555163,,,645.7179186872802,1260.0620255725091,560.6846522555163,,,424.5450174327308
2528,raspberrypi,226.0,2023-09-01,22:30:01,Whole,483.75928726303704,0.0,4.11526591474721,,1857.125,899.59375,1.5342876923264246,0,25,4,0.3139512523437719,0.0,1.0,,0.0,0.0,,687.1722009734813,,,1377.6111010106379,1425.1607172235683,687.1722009734813,,,666.3832728813995
2529,raspberrypi,229.0,2023-09-01,22:30:01,Whole,1517.8437581987407,0.0,10.293056546681232,,3385.69391025641,594.4246794871794,7.154424604131762,0,399,78,0.05008590994344817,0.0,0.025,,0.0,0.0,,2220.8359942293537,,,2066.2052909534223,1178.2403194236088,2220.8359942293537,,,2178.3235008663733
2530,raspberrypi,230.0,2023-09-01,22:30:01,Whole,648.0407666037064,0.10256410256410256,4.912972704274089,7.850409315031421,1476.8037974683543,1059.9715189873418,3.152016041863905,25,401,79,6.768894222470878,0.0,0.9,,0.0,0.0,,283.9644892775873,,,1330.9436516149383,1586.1627005738378,283.9644892775873,,,271.9449033250115
2531,raspberrypi,232.0,2023-09-01,22:30:01,Whole,613.4381878480475,1.0,5.150360770865828,75.87105143825923,2073.0689655172414,1496.4224137931035,1.978176464752539,2,172,29,3880.5727291324756,0.0,0.675,,0.0,0.0,,1050.1720511138992,,,918.3984845575519,1212.8935811361157,1050.1720511138992,,,985.9239680514947
2532,raspberrypi,233.0,2023-09-01,22:30:01,Whole,242.86852803691653,0.17721518987341772,4.910318808871325,10.829836912468242,2095.8828125,1097.5078125,3.1812371552396725,2,404,80,51.35486585018694,0.0,0.825,,0.0,0.0,,851.3127642333079,,,1161.145682290366,1224.6355423319033,851.3127642333079,,,793.3343763009458
2533,raspberrypi,250.0,2023-09-01,22:30:01,Whole,874.3663553471903,,5.706658894776137,,2459.75,2116.5,3.077395927748917,0,7,1,,0.0,1.0,,0.0,0.0,,1421.4997285197674,,,298.9640702180251,960.442612638964,1421.4997285197674,,,1289.9745310622925
2534,raspberrypi,392.0,2023-09-01,22:30:01,Whole,1109.5411890818252,0.0,7.436681667663976,,3041.0666666666666,1860.2583333333334,6.148743386563901,0,90,15,0.015135744482583362,0.0,1.0,,0.0,0.0,,1856.0623281626358,,,918.5639285527553,1019.9640662268041,1856.0623281626358,,,1746.629247466647
2535,raspberrypi,656.0,2023-09-01,22:30:01,Whole,619.894146320877,0.0,4.546153262149088,,1456.34375,1206.96875,0.7820111664576371,25,141,24,0.02511436463648183,0.3,0.7,,0.0,0.3,,215.0085998306386,,,1207.2114979993755,1546.0279572590953,215.0085998306386,,,162.15632481348078
2536,raspberrypi,871.0,2023-09-01,22:30:01,Whole,1993.2603736633191,,10.741777222530521,,824.75,2900.25,6.916040884577811,0,5,1,,0.0,1.0,,0.0,0.0,,1436.4273638594618,,,1154.0781748849715,1996.1355114312414,1436.4273638594618,,,1303.7762459429207
2537,raspberrypi,964.0,2023-09-01,22:30:01,Whole,617.7117073098362,,4.43665497601214,,1457.5,1212.0,0.00721572948129579,2,7,1,,0.0125,0.9875,,0.0,0.0125,,215.0282058346565,,,1202.2095158805967,1543.548635154892,215.0282058346565,,,161.01344621167348
2538,raspberrypi,973.0,2023-09-01,22:30:01,Whole,605.9745269518967,,3.969992200055949,,1533.0,1632.75,0.928611175824308,1,6,1,,0.0,1.0,,0.0,0.0,,382.78584997669634,,,801.6584573241566,1375.625318559831,382.78584997669634,,,244.71588141432144
2539,raspberrypi,987.0,2023-09-01,22:30:01,Whole,1028.3242939247123,1.0,6.516000842220724,48.20687572359336,1045.1145833333333,1480.1770833333333,3.212334171242521,0,75,12,22.29046520478966,0.15,0.85,,0.0,0.15,,76.73822664821994,,,1240.0483538719097,1761.582481605413,76.73822664821994,,,0.0
2540,raspberrypi,17.0,2023-09-01,17:35:01,Whole,714.629954856563,0.0,6.299709531064448,,2185.625,2235.5,1.684190126528634,0,65,10,1.3556562198465613e-25,0.0,0.875,,0.125,0.0,,1266.966775962117,,,39.823595556303346,978.6325087904438,1266.966775962117,,,1124.7239990897444
2541,raspberrypi,185.0,2023-09-01,17:35:01,Whole,941.2725537401927,,4.950688857183418,,1042.25,1092.25,0.006120027669934472,1,6,1,,0.0125,0.9875,,0.0,0.0125,,50.23239974683459,,,1527.913247896322,1877.8638863038268,50.23239974683459,,,0.0
2542,raspberrypi,221.0,2023-09-01,17:35:01,Whole,874.6111285909149,0.4430379746835443,6.5065734181209764,20.660176683270922,2053.596875,2463.209375,3.083739641338139,2,407,80,379.6957161812379,0.0,0.0,,1.0,0.0,,1336.628786281078,,,0.0,990.0373300122302,1336.628786281078,,,1230.0681474257333
2543,raspberrypi,224.0,2023-09-01,17:35:01,Whole,1051.996710100809,1.0,7.410152378847988,197.52322301716643,2306.7421875,1834.171875,2.773895963036531,4,407,80,28353.018507187368,0.0,0.0125,,0.2375,0.0,,1393.3446837344168,,,787.6730164789697,1189.9156259953133,1393.3446837344168,,,1255.432231149251
2544,raspberrypi,225.0,2023-09-01,17:35:01,Whole,299.09082932380755,0.05128205128205128,4.351353329163811,2.70226709284372,1735.9731012658228,1334.123417721519,1.537682889453029,3,403,79,0.39195262241053713,0.0,0.95,,0.0,0.0,,478.0959759879731,,,981.6609441723823,1332.4250979204603,478.0959759879731,,,392.5402171080051
2545,raspberrypi,227.0,2023-09-01,17:35:01,Whole,655.5071394673931,0.0,4.109000269695581,,1178.25,1492.5833333333333,2.8163226606591047,0,31,6,0.078125,0.075,0.925,,0.0,0.075,,94.39928429557317,,,1135.384508799078,1656.4160166379706,94.39928429557317,,,0.0
2546,raspberrypi,228.0,2023-09-01,17:35:01,Whole,457.5745622809017,0.12987012987012986,4.847265718177798,3.7391997293495103,1497.253205128205,1944.0304487179487,3.366152530110454,0,398,78,1.446975516214288,0.0,0.875,,0.0,0.0,,586.0397690046968,,,592.9158450093149,1342.2351401347996,586.0397690046968,,,434.2664672932872
2547,raspberrypi,231.0,2023-09-01,17:35:01,Whole,1620.811991948292,1.0,8.768077190330796,77.47745589418784,2795.3625,332.5,5.395042132086875,0,57,10,1598.5985254346992,0.0,0.875,,0.0,0.0,,1782.2296506708203,,,2040.0390391227018,1367.2869094671735,1782.2296506708203,,,1796.2588309871057
2548,raspberrypi,232.0,2023-09-01,17:35:01,Whole,1152.1049332631317,,6.529955942647,,1513.5,2731.125,2.8750916215337288,0,12,2,,0.0,1.0,,0.0,0.0,,1313.2941821948257,,,451.732759822576,1353.1023807085626,1313.2941821948257,,,1160.1734301931424
2549,raspberrypi,234.0,2023-09-01,17:35:01,Whole,614.8641465957859,0.5189873417721519,4.869976252920275,16.82322360114001,1820.1625,1008.725,1.5369849074829387,1,407,80,148.5189348724663,0.0,0.4875,,0.0,0.0,,612.6368558948461,,,1277.9054305729169,1400.865375004888,612.6368558948461,,,543.862690470197
2550,raspberrypi,236.0,2023-09-01,17:35:01,Whole,938.1351940946683,1.0,5.598836236501348,71.14067475510525,1179.3920454545455,1415.5227272727273,1.7253102146617258,0,125,22,5829.86227846546,0.075,0.75,,0.0,0.075,,510.63061368652757,,,1263.0005279792608,1749.230221747622,510.63061368652757,,,412.69111644814035
2551,raspberrypi,237.0,2023-09-01,17:35:01,Whole,943.5139387130513,0.0,4.680938724545119,,1041.142857142857,1089.892857142857,3.799655100300372,1,37,7,1.369524161221897e-26,0.0875,0.9125,,0.0,0.0875,,51.51446394186509,,,1530.4545154051573,1879.5219831316135,51.51446394186509,,,0.0
2552,raspberrypi,238.0,2023-09-01,17:35:01,Whole,725.4195456212959,1.0,5.575012412575321,50.604016257114985,1624.9333333333334,944.0833333333334,1.47136280962135,1,83,15,569.331158324862,0.0,0.85,,0.0,0.0,,507.9850230744423,,,1396.429259587652,1548.9621529033152,507.9850230744423,,,499.3030500601715
2553,raspberrypi,251.0,2023-09-01,17:35:01,Whole,300.27986863206917,,4.099215114179045,,1737.25,1332.5,0.004563628028104009,1,7,1,,0.0,1.0,,0.0,0.0,,479.2584145477951,,,982.8112788155288,1332.1914309572755,479.2584145477951,,,393.34313144758175
2554,raspberrypi,441.0,2023-09-01,17:35:01,Whole,1236.796156860593,1.0,7.605605827975187,83.96378162777738,1093.0083333333334,668.6083333333333,4.50542391258319,0,91,15,229.28570166775157,0.0375,0.825,,0.0,0.0375,,466.3933725447354,,,1874.7816216414053,2030.4627666677143,466.3933725447354,,,375.9170426329199
2555,raspberrypi,896.0,2023-09-01,17:35:01,Whole,725.4650217876219,,3.899885989532636,,1812.25,2346.25,1.302053542479741,0,6,1,,0.0,0.9875,,0.0125,0.0,,1095.6495096834383,,,110.34012433397788,1105.1123594184305,1095.6495096834383,,,943.3958722745649
2556,raspberrypi,37.0,2023-09-02,00:45:01,Whole,1920.0178973188804,,10.674090353085365,,2980.5,2724.5,8.419187000064676,0,6,1,,0.0,1.0,,0.0,0.0,,2193.212358077807,,,727.0571095564123,1225.363789840824,2193.212358077807,,,2054.4097909830957
2557,raspberrypi,221.0,2023-09-02,00:45:01,Whole,203.1045047878517,0.0,5.817511048158417,,1863.4285714285713,1153.2467532467533,1.36724041307722,0,385,77,0.06664399187507528,0.0,1.0,,0.0,0.0,,614.8525178552836,,,1126.3975887638667,1321.4020252586301,614.8525178552836,,,556.8131394784436
2558,raspberrypi,229.0,2023-09-02,00:45:01,Whole,1299.8789260041713,0.0,8.860765983010499,,3222.5466666666666,513.6366666666667,6.434582946485055,0,380,75,0.06308539159457378,0.0,0.025974025974025976,,0.0,0.0,,2091.254433574719,,,2047.0237231209778,1174.507456163557,2091.254433574719,,,2055.715216454243
2559,raspberrypi,233.0,2023-09-02,00:45:01,Whole,96.9462378839412,0.0,5.674115626127929,,2122.7922077922076,1099.9383116883116,1.36724041307722,0,385,77,0.0938880006770101,0.0,1.0,,0.0,0.0,,877.1304495019557,,,1158.8639235699172,1211.3351635360946,877.1304495019557,,,820.0094812322818
2560,raspberrypi,236.0,2023-09-02,00:45:01,Whole,916.9193280310494,0.0,6.729294273749405,,1599.564935064935,1855.9123376623377,3.8747832540158424,0,385,77,0.0636686917658543,0.0,1.0,,0.0,0.0,,580.1101882973976,,,583.4075672091167,1289.2058979175094,580.1101882973976,,,432.3825334263031
2561,raspberrypi,237.0,2023-09-02,00:45:01,Whole,468.5964294787671,0.0,7.237722090805018,,1828.9128289473683,632.3026315789474,1.925214203027005,0,383,76,0.020894623594969765,0.0,1.0,,0.0,0.0,,810.2828858788182,,,1646.1128961002935,1571.1510116979273,810.2828858788182,,,798.9318943746405
2562,raspberrypi,258.0,2023-09-02,00:45:01,Whole,570.9940971341875,0.0,6.961012216098001,,1512.686475409836,829.764344262295,1.9249527463556773,0,314,61,0.010223522241679463,0.0,1.0,,0.0,0.0,,448.1832518475617,,,1531.212352906151,1660.1036229080155,448.1832518475617,,,426.1563503744287
2563,raspberrypi,392.0,2023-09-02,00:45:01,Whole,1287.555431180951,,7.701707035208858,,3041.0,1859.75,6.153483477054262,0,12,2,,0.0,1.0,,0.0,0.0,,1855.8572514333187,,,918.778507991508,1019.8741487551656,1855.8572514333187,,,1746.3733368976496
2564,raspberrypi,431.0,2023-09-02,00:45:01,Whole,1728.6061328256833,,9.76332876707835,,3268.25,2266.5,8.439409211466405,0,6,1,,0.0,1.0,,0.0,0.0,,2209.2959013708305,,,989.233825997956,1191.866423468521,2209.2959013708305,,,2087.2226440296677
2565,raspberrypi,441.0,2023-09-02,00:45:01,Whole,592.619723419452,0.0,5.138314848544374,,1591.0961538461538,1439.1923076923076,2.0386902776301348,0,72,13,1.503964750140185e-26,0.0,1.0,,0.0,0.0,,352.83432780750275,,,939.1430882009322,1387.8185911760743,352.83432780750275,,,244.35667096233593
2566,raspberrypi,928.0,2023-09-02,00:45:01,Whole,1509.2639158246357,,8.683694589907505,,3309.25,1866.25,6.998888617871131,0,6,1,,0.0,1.0,,0.0,0.0,,2116.084664996702,,,1150.4430402164846,1115.0770469144504,2116.084664996702,,,2009.5407151633606
2567,raspberrypi,987.0,2023-09-02,00:45:01,Whole,1804.3888591812379,,9.58955381164709,,2631.5,2755.5,7.06829088046371,0,6,1,,0.0,1.0,,0.0,0.0,,1945.7859731953533,,,416.8527113413041,1101.850565116369,1945.7859731953533,,,1800.923125365171
2568,raspberrypi,17.0,2023-09-02,07:50:01,Whole,1127.4951241443168,,6.260923038951092,,2791.75,1345.25,4.829438606105562,0,6,2,,0.0,0.987012987012987,,0.0,0.0,,1566.4302113296894,,,1113.8515545181158,968.0797934793388,1566.4302113296894,,,1483.1981962123168
2569,raspberrypi,220.0,2023-09-02,07:50:01,Whole,332.17778724856,0.0,4.15018831614661,,1560.75,1679.2581168831168,2.565927364202264,0,187,77,0.11763709299682787,0.0,1.0,,0.0,0.0,,432.58043533555485,,,747.6219591180192,1347.6594644276795,432.58043533555485,,,292.43414589806173
2570,raspberrypi,233.0,2023-09-02,07:50:01,Whole,593.7795122980519,0.6973684210526315,6.148801492113872,43.6511058058822,2084.9285714285716,2401.4512987012986,4.109937627775806,7,187,77,3913.4000311122245,0.0,0.0,,0.974025974025974,0.0,,1312.714472874185,,,14.44869177284562,989.9146242260244,1312.714472874185,,,1178.5883488952268
2571,raspberrypi,236.0,2023-09-02,07:50:01,Whole,783.1664040010301,1.0,5.145482200109262,7.215397344475881,1447.6470588235295,1191.514705882353,2.5235393015089773,0,87,34,23.813058618147515,0.35064935064935066,0.5714285714285714,,0.0,0.35064935064935066,,211.88995411864647,,,1225.2962801987344,1557.3615829473083,211.88995411864647,,,164.53007513027666
2572,raspberrypi,237.0,2023-09-02,07:50:01,Whole,811.1398730008674,0.0,4.910311291811347,,1111.0625,1497.90625,2.5068766414283523,0,39,12,0.09706837461628494,0.15584415584415584,0.8441558441558441,,0.0,0.15584415584415584,,84.68929351901419,,,1178.9924815614395,1705.6749123542463,84.68929351901419,,,0.0
2573,raspberrypi,258.0,2023-09-02,07:50:01,Whole,895.6559069643389,1.0,5.748870004821692,110.10065795306674,2178.5423728813557,1954.082627118644,2.7038811706209716,7,150,59,6724.228914236916,0.06493506493506493,0.23376623376623376,,0.18181818181818182,0.06493506493506493,,1218.5261094723305,,,642.4644756107728,1176.1708809059865,1218.5261094723305,,,1386.167239277774
2574,raspberrypi,656.0,2023-09-02,07:50:01,Whole,814.0644294526019,,3.835140912627142,,1109.0,1495.5,1.4052951338766733,0,3,1,,0.012987012987012988,0.987012987012987,,0.0,0.012987012987012988,,83.24986231011347,,,1182.141629819396,1707.813783529017,83.24986231011347,,,0.0
2575,raspberrypi,692.0,2023-09-02,07:50:01,Whole,860.5953370896481,,5.314932112187379,,2656.5,1637.0,5.060199817971526,0,3,1,,0.0,1.0,,0.0,0.0,,1428.8417538494584,,,793.9633161068098,962.1736986709828,1428.8417538494584,,,1326.0341573861738
2576,raspberrypi,853.0,2023-09-02,07:50:01,Whole,778.921178829026,,5.429783164170679,,1801.25,1096.25,3.2530979811158063,0,4,1,,0.0,1.0,,0.0,0.0,,566.913861322977,,,1194.4791097461618,1376.1647665131247,566.913861322977,,,520.0031587043017
2577,raspberrypi,37.0,2023-09-01,18:45:01,Whole,1411.8596582757639,,7.824822546638673,,2980.5,2725.5,2.0541903136789,0,10,1,,0.0,1.0,,0.0,0.0,,2193.813069434089,,,727.3507106970483,1225.8024917549596,2193.813069434089,,,2054.9898861758807
2578,raspberrypi,224.0,2023-09-01,18:45:01,Whole,862.8800668397539,0.08974358974358974,6.57623647634956,7.280153989439471,1557.7310126582279,2282.4367088607596,2.7607525083334647,0,598,79,6.349835415802578,0.0,0.9113924050632911,,0.0,0.0,,910.8333311940917,,,371.85999578492374,1271.0155577136074,910.8333311940917,,,756.5302701742951
2579,raspberrypi,226.0,2023-09-01,18:45:01,Whole,499.6811059830239,0.07692307692307693,6.550311717059613,15.981209537643698,1962.1882911392406,1138.3022151898733,2.658386304244542,0,598,79,41.66933511828893,0.0,0.9240506329113924,,0.0,0.0,,713.8141590643519,,,1127.3239350702686,1275.2775986826882,713.8141590643519,,,650.8943889562886
2580,raspberrypi,229.0,2023-09-01,18:45:01,Whole,1588.9368326888837,0.013157894736842105,9.955537878975216,17.170104833692776,3452.569805194805,772.2272727272727,6.893387932077197,0,587,77,3.7624023250822103,0.0,0.02531645569620253,,0.0,0.0,,2241.274333648039,,,1963.7272478382113,1121.0806348740632,2241.274333648039,,,2187.6288707755075
2581,raspberrypi,230.0,2023-09-01,18:45:01,Whole,1098.1630907997378,1.0,7.1033219707164115,301.4070415956109,2505.0559210526317,1871.077302631579,2.5112581044478217,3,580,76,19222.320381670637,0.0379746835443038,0.05063291139240506,,0.0759493670886076,0.0379746835443038,,1587.4528485376677,,,931.8840169569701,1172.1578677582402,1587.4528485376677,,,1642.5678969313924
2582,raspberrypi,232.0,2023-09-01,18:45:01,Whole,1382.729165360318,0.19230769230769232,9.823695322414856,9.868867079666545,1125.5189873417721,642.3512658227849,2.3259042321372374,0,598,79,28.43365888879367,0.0,0.810126582278481,,0.0,0.0,,451.01460851129264,,,1860.9922257144003,2006.0953214057822,451.01460851129264,,,361.8783493498157
2583,raspberrypi,234.0,2023-09-01,18:45:01,Whole,966.6195988852808,0.6233766233766234,5.424882001279235,51.11393449305661,2651.9022435897436,2378.977564102564,2.826967703778547,2,593,78,4220.344685026073,0.0,0.3924050632911392,,0.10126582278481013,0.0,,1728.3327714841664,,,419.0406518895241,1033.7660238745711,1728.3327714841664,,,1655.7034396706504
2584,raspberrypi,236.0,2023-09-01,18:45:01,Whole,993.9220485240415,0.717948717948718,7.924711603111915,15.978718615847098,1367.171875,955.81875,2.200158673782137,0,329,40,504.8517155648484,0.10126582278481013,0.6329113924050633,,0.0,0.10126582278481013,,267.45405268922576,,,1474.0211794885258,1701.0929534654338,267.45405268922576,,,275.0132796372952
2585,raspberrypi,237.0,2023-09-01,18:45:01,Whole,531.3287403216451,0.967741935483871,6.133751605508874,20.333925594156554,1629.4126984126983,1431.6527777777778,2.5567273835322037,1,490,63,509.30488219654796,0.0,0.24050632911392406,,0.0,0.0,,413.60060157803105,,,930.6697114885188,1371.2312514659816,413.60060157803105,,,308.81243862345775
2586,raspberrypi,258.0,2023-09-01,18:45:01,Whole,852.7620290639948,0.24358974358974358,5.689329800207902,5.887281641602339,2062.003164556962,2468.2056962025317,2.731293820897854,0,598,79,9.402836033442162,0.0,0.0,,1.0,0.0,,1344.7789945573413,,,0.0,986.3856727077722,1344.7789945573413,,,1194.5860511322694
2587,raspberrypi,392.0,2023-09-01,18:45:01,Whole,966.0002518529528,0.0,6.80522870032431,,3041.25,1860.625,3.056692378441566,0,109,12,6.692596815873469e-26,0.0,1.0,,0.0,0.0,,1856.340057681471,,,918.523611112691,1020.0654898228604,1856.340057681471,,,1746.819224968262
2588,raspberrypi,404.0,2023-09-01,18:45:01,Whole,1021.7510700885603,,6.93978367190202,,2672.25,2467.5,1.7136738625177899,0,10,1,,0.0,1.0,,0.0,0.0,,1792.6623054749534,,,378.4447200086899,1026.0068871402264,1792.6623054749534,,,1654.4955644305494
2589,raspberrypi,683.0,2023-09-01,18:45:01,Whole,624.484271386712,,5.575200438669936,,2180.25,2236.75,1.3282694759328537,0,10,1,,0.0,0.9873417721518988,,0.012658227848101266,0.0,,1263.6818707266011,,,36.715705360607444,979.5242045246018,1263.6818707266011,,,1121.2732634705578
2590,raspberrypi,987.0,2023-09-01,18:45:01,Whole,1252.5818994281797,0.0,7.397542315909336,,2626.125,2756.375,2.030226304138522,0,84,12,5.62916424779451e-26,0.0,1.0,,0.0,0.0,,1942.4732340373366,,,412.6153045849246,1100.3219638345256,1942.4732340373366,,,1797.5118224004798
2591,raspberrypi,37.0,2023-09-01,22:35:01,Whole,434.96227073351844,,4.274273806833679,,1529.5,1632.5,0.9669973506246765,1,7,1,,0.0,1.0,,0.0,0.0,,379.81754733107454,,,803.8528512702605,1377.9355561880357,379.81754733107454,,,241.5440061142202
2592,raspberrypi,106.0,2023-09-01,22:35:01,Whole,1259.631006605636,,7.143365055321487,,1175.75,2421.5,3.254738557031429,0,7,1,,0.0,1.0,,0.0,0.0,,943.036434537139,,,727.7725464578241,1575.928550347085,943.036434537139,,,796.2821711891719
2593,raspberrypi,140.0,2023-09-01,22:35:01,Whole,1644.643405298796,,9.256072226229856,,3268.25,2266.0,7.260589058028841,0,5,1,,0.0,1.0,,0.0,0.0,,2209.092953329545,,,989.3130984255761,1191.7222229819718,2209.092953329545,,,2087.0359879119205
2594,raspberrypi,220.0,2023-09-01,22:35:01,Whole,676.7651987212622,0.0,5.722460342990412,,1877.429487179487,2055.996794871795,1.9287346060526165,0,486,78,0.0817101383470428,0.0,1.0,,0.0,0.0,,917.7695098353975,,,259.82883325673293,1103.8100416051107,917.7695098353975,,,772.6807215850664
2595,raspberrypi,221.0,2023-09-01,22:35:01,Whole,1332.4630452084548,0.038461538461538464,8.455131038009325,2.3605557416549257,705.4335443037975,2002.5300632911392,5.249344314492544,0,489,79,0.2573148754239653,0.0,0.9620253164556962,,0.0,0.0,,612.9064660520423,,,1268.8747075510687,1967.013336148144,612.9064660520423,,,509.0698718067109
2596,raspberrypi,224.0,2023-09-01,22:35:01,Whole,406.60453188824266,0.0,5.175822693904028,,1686.298076923077,1735.0384615384614,1.9286633858218485,1,485,78,0.11686706507693846,0.0,1.0,,0.0,0.0,,566.1200898371477,,,633.292629484615,1259.6082937987858,566.1200898371477,,,428.556188480688
2597,raspberrypi,225.0,2023-09-01,22:35:01,Whole,800.7472383091447,,5.607278191775224,,1185.75,985.75,2.162544181923637,0,7,1,,0.012658227848101266,0.9873417721518988,,0.0,0.012658227848101266,,137.32814568168493,,,1533.380866710442,1813.0912823035067,137.32814568168493,,,74.38725212633665
2598,raspberrypi,226.0,2023-09-01,22:35:01,Whole,499.43125177481244,0.0,5.430772106057778,,1885.73125,879.83125,1.64643744700546,0,279,40,0.0038023359194074803,0.0,1.0,,0.0,0.0,,721.2143320593425,,,1393.0594816597618,1418.3385734747567,721.2143320593425,,,700.932340201514
2599,raspberrypi,229.0,2023-09-01,22:35:01,Whole,1697.2231695804837,0.0,10.019996826374914,,3389.471153846154,597.2548076923077,7.077286602372773,0,485,78,0.08759208068900921,0.0,0.012658227848101266,,0.0,0.0,,2223.642420563436,,,2066.0328588703883,1177.989828223955,2223.642420563436,,,2180.9001560025636
2600,raspberrypi,230.0,2023-09-01,22:35:01,Whole,540.5953418024574,1.0,5.985179559516147,48.985374089815075,1391.392857142857,1236.9285714285713,3.190095946579584,0,83,14,205.0479950959472,0.13924050632911392,0.8227848101265823,,0.0,0.13924050632911392,,189.25181111449024,,,1214.918618415295,1583.8714322107137,189.25181111449024,,,122.64282335427853
2601,raspberrypi,233.0,2023-09-01,22:35:01,Whole,361.2246448548366,0.0,5.50077713516555,,2115.1629746835442,1102.4034810126582,1.6549550144626457,0,489,79,0.1694438612984054,0.0,1.0,,0.0,0.0,,869.2402845478377,,,1156.2833618863597,1213.9768591594673,869.2402845478377,,,812.1064205441903
2602,raspberrypi,236.0,2023-09-01,22:35:01,Whole,531.1764591333091,0.96,5.149441680110951,8.894712276011209,1597.1617647058824,933.0220588235294,1.1572716426783995,16,336,51,59.7526319332517,0.0,0.3924050632911392,,0.0,0.0,,448.24484464078,,,1406.377255407525,1562.0213484108424,448.24484464078,,,445.41680551415857
2603,raspberrypi,237.0,2023-09-01,22:35:01,Whole,439.26626487249194,0.2692307692307692,4.876936451383002,3.0140223269012467,1519.7337962962963,1132.625,1.1857017450748788,16,351,54,1.5565820941761446,0.0,0.8227848101265823,,0.0,0.0,,293.3171485780917,,,1247.175404074208,1531.2957622976069,293.3171485780917,,,264.2407024072345
2604,raspberrypi,327.0,2023-09-01,22:35:01,Whole,1506.0992044435156,,9.02704052677437,,3308.5,1865.75,6.562556386879851,0,6,1,,0.0,1.0,,0.0,0.0,,2115.2344616270398,,,1149.9869506902282,1114.6587596205964,2115.2344616270398,,,2008.7034605068523
2605,raspberrypi,366.0,2023-09-01,22:35:01,Whole,1337.3755654918791,0.0,7.670853904207645,,2936.125,2203.75,5.518619676344495,0,73,9,0.0,0.0,1.0,,0.0,0.0,,1881.9897022991636,,,678.7708200188803,1047.2603487882739,1881.9897022991636,,,1756.7839561940339
2606,raspberrypi,392.0,2023-09-01,22:35:01,Whole,1253.634847230998,,7.42919447505487,,3041.0,1859.8333333333333,6.0902094016260255,0,24,3,,0.0,1.0,,0.0,0.0,,1855.880381991268,,,918.7341811449751,1019.8860374209476,1855.880381991268,,,1746.0722708921635
2607,raspberrypi,221.0,2023-09-02,10:50:01,Whole,582.1963813074811,0.0,3.6799300043973724,,1611.439935064935,1662.8084415584415,3.4844428181666696,0,215,77,0.1676118250808848,0.0,1.0,,0.0,0.0,,463.9049654430333,,,733.6381069984179,1319.624679103347,463.9049654430333,,,328.0924113902255
2608,raspberrypi,224.0,2023-09-02,10:50:01,Whole,261.7286354697628,0.05263157894736842,3.863493963285723,2.4927306579914417,1506.1347402597403,889.3587662337662,2.0313459374374707,0,215,77,0.37801816906888014,0.0,0.948051948051948,,0.0,0.0,,403.38357813470225,,,1477.58282475478,1637.592427302298,403.38357813470225,,,389.2603115123487
2609,raspberrypi,225.0,2023-09-02,10:50:01,Whole,695.8595219640994,,4.236740812163988,,1082.75,1441.25,2.962572062906865,0,4,1,,0.012987012987012988,0.987012987012987,,0.0,0.012987012987012988,,53.680720612457534,,,1238.8922836634965,1741.2298711480048,53.680720612457534,,,0.0
2610,raspberrypi,227.0,2023-09-02,10:50:01,Whole,618.8784855125965,,4.519750910716527,,1070.0,1187.25,2.7317049415130463,0,5,1,,0.012987012987012988,0.987012987012987,,0.0,0.012987012987012988,,0.7656812037050287,,,1436.2415591563954,1824.8384119116968,0.7656812037050287,,,0.0
2611,raspberrypi,234.0,2023-09-02,10:50:01,Whole,528.3648566679336,0.0,5.465167150038992,,1800.9375,570.2879464285714,2.2414733111076273,0,173,56,0.05300083750690118,0.0,1.0,,0.0,0.0,,831.2241932176055,,,1711.6449763699263,1620.4307756189849,831.2241932176055,,,811.8816028137182
2612,raspberrypi,237.0,2023-09-02,10:50:01,Whole,194.73218358982373,0.0,4.249841977113845,,1869.702922077922,1039.362012987013,2.0313459374374707,0,215,77,0.13386578424075601,0.0,1.0,,0.0,0.0,,647.4229546461909,,,1237.5959902363352,1360.3026251167046,647.4229546461909,,,606.1948470222819
2613,raspberrypi,666.0,2023-09-02,10:50:01,Whole,707.9545170686457,,4.291900608062008,,1069.0,1441.75,3.0238052445303714,0,4,1,,0.012987012987012988,0.987012987012987,,0.0,0.012987012987012988,,52.47146219754994,,,1248.31073232394,1751.6080484216384,52.47146219754994,,,0.0
2614,raspberrypi,668.0,2023-09-02,10:50:01,Whole,1498.939716873832,,7.8175127730182705,,1277.5,2528.5,4.790187980648809,0,5,1,,0.0,1.0,,0.0,0.0,,1061.8816230607472,,,628.8123747161007,1504.5909636011438,1061.8816230607472,,,912.2500896409076
2615,raspberrypi,987.0,2023-09-02,10:50:01,Whole,691.5975973949652,,4.090048158973263,,1282.25,1650.25,1.7038731683479227,0,4,1,,0.012987012987012988,0.987012987012987,,0.0,0.012987012987012988,,223.05625150719487,,,950.0710933763521,1544.1455083844367,223.05625150719487,,,69.35227423619634
2616,raspberrypi,37.0,2023-09-02,05:25:01,Whole,2147.628767250178,,11.92742618391941,,2980.75,2724.25,9.99785323733041,0,3,1,,0.0,1.0,,0.0,0.0,,2193.2620269814197,,,727.2229059276808,1225.3624778487851,2193.2620269814197,,,2054.468493416246
2617,raspberrypi,221.0,2023-09-02,05:25:01,Whole,610.4490372089002,0.0,8.543571047698823,,1022.4556962025316,798.9177215189874,3.10996246365861,0,211,79,0.17050087462198213,0.0,1.0,,0.0,0.0,,293.1916829144243,,,1778.6688678906921,2007.6534778312998,293.1916829144243,,,194.7440933193353
2618,raspberrypi,224.0,2023-09-02,05:25:01,Whole,615.5708696132149,0.0,6.552599159198211,,1231.2231012658228,1893.9003164556962,2.8291187158919,0,211,79,0.10558729489554802,0.0,1.0,,0.0,0.0,,430.9314820622159,,,836.918912187894,1541.4379951621088,430.9314820622159,,,278.64992669808373
2619,raspberrypi,225.0,2023-09-02,05:25:01,Whole,420.17607262553497,0.0,7.005966557235508,,1606.9303797468353,944.1518987341772,3.10996246365861,0,211,79,0.036693720432395494,0.0,1.0,,0.0,0.0,,450.239700182087,,,1392.4195236768235,1551.0873073418502,450.239700182087,,,443.2844625228414
2620,raspberrypi,234.0,2023-09-02,05:25:01,Whole,441.510053486799,0.0,5.324948545463412,,1694.55,1602.6055555555556,2.8257957342074347,0,140,45,0.010559003825086963,0.0,1.0,,0.0,0.0,,505.7421255847835,,,746.9183321325617,1283.8629507266041,505.7421255847835,,,380.029836786652
2621,raspberrypi,258.0,2023-09-02,05:25:01,Whole,906.4052699913651,0.0,6.250627319908131,,893.875,2062.75,1.9488284075306959,0,13,3,0.0,0.0,1.0,,0.0,0.0,,602.6415903715114,,,1071.0468601341975,1802.2535807000215,602.6415903715114,,,475.918592280216
2622,raspberrypi,262.0,2023-09-02,05:25:01,Whole,2013.9071068079465,,10.548073370580594,,3308.75,1865.25,8.44537698479828,0,4,1,,0.0,1.0,,0.0,0.0,,2115.3518287336065,,,1150.4304603347164,1114.6691977207224,2115.3518287336065,,,2008.8446534860343
2623,raspberrypi,392.0,2023-09-02,05:25:01,Whole,1756.123084619225,,9.617467345489795,,3040.1666666666665,1859.6666666666667,8.779143650822778,0,11,3,,0.0,1.0,,0.0,0.0,,1855.0345196513358,,,918.1181760770015,1019.637276124138,1855.0345196513358,,,1745.5858397982227
2624,raspberrypi,106.0,2023-09-02,02:40:01,Whole,1780.542996696754,,9.952324238063214,,3020.5,2837.5,9.717371299349269,0,2,1,,0.0,1.0,,0.0,0.0,,2293.9316282794143,,,803.0767809044789,1296.13566400856,2293.9316282794143,,,2153.528205602079
2625,raspberrypi,127.0,2023-09-02,02:40:01,Whole,1159.3790209904828,,6.756603870340604,,2960.0,1744.5,4.904128953003421,0,2,1,,0.0,1.0,,0.0,0.0,,1748.1731726452701,,,920.6376825966186,987.4982467291952,1748.1731726452701,,,1643.2364365656197
2626,raspberrypi,233.0,2023-09-02,02:40:01,Whole,574.6057724726136,0.0,6.047969353720987,,2239.6121794871797,1125.0160256410256,6.22255228487597,0,85,78,0.050941206377510914,0.0,1.0,,0.0,0.0,,987.8201512732076,,,1141.042497023731,1152.1419725389355,987.8201512732076,,,925.9128048862469
2627,raspberrypi,237.0,2023-09-02,02:40:01,Whole,634.6416960352361,0.0,6.769643594587747,,1297.5427631578948,1876.8536184210527,6.222953765502501,0,85,76,0.07617299214425019,0.0,1.0,,0.0,0.0,,434.679903370083,,,791.7426995096587,1493.715875174008,434.679903370083,,,280.69782336333947
2628,raspberrypi,366.0,2023-09-02,02:40:01,Whole,1306.3199380883714,,7.626264035813257,,2935.75,2203.75,6.626624874355573,0,2,1,,0.0,1.0,,0.0,0.0,,1881.6531919775443,,,678.4115105364433,1047.145302511955,1881.6531919775443,,,1756.44093462177
2629,raspberrypi,392.0,2023-09-02,02:40:01,Whole,1264.5322529385082,,7.30720985388895,,3040.6666666666665,1859.5833333333333,5.613118514374344,0,6,3,,0.0,1.0,,0.0,0.0,,1855.4911746601451,,,918.5855511873,1019.7605548827564,1855.4911746601451,,,1745.829054495121
2630,raspberrypi,447.0,2023-09-02,02:40:01,Whole,604.4826740857887,,3.5158013412981934,,1235.5,1664.5,1.1445171490465305,0,2,1,,0.01282051282051282,0.9871794871794872,,0.0,0.01282051282051282,,214.52739014529692,,,974.1696361694117,1575.6039430169653,214.52739014529692,,,60.244423972465455
2631,raspberrypi,470.0,2023-09-02,02:40:01,Whole,1161.4379687541518,,6.768137845264488,,2962.0,1745.0,4.913781362111933,0,2,1,,0.0,1.0,,0.0,0.0,,1750.2318044213296,,,921.864823716106,987.9234880179358,1750.2318044213296,,,1645.2940983212259
2632,raspberrypi,525.0,2023-09-02,02:40:01,Whole,312.1886061596708,,3.120923680673466,,1531.5,1633.25,1.7427029734917776,0,2,1,,0.0,1.0,,0.0,0.0,,381.86566588940735,,,802.0983687017206,1376.477783995721,381.86566588940735,,,243.65417490670657
2633,raspberrypi,225.0,2023-09-02,11:35:01,Whole,1198.3213621742927,,6.405526103225883,,2271.0,561.0,4.536344755440661,0,3,2,,0.0,1.0,,0.0,0.0,,1211.7686840795686,,,1710.0947648388249,1393.0319009972754,1211.7686840795686,,,1202.5045384835469
2634,raspberrypi,227.0,2023-09-02,11:35:01,Whole,739.4358464105849,,2.6903362966288658,,1083.25,998.75,1.0966397201965012,0,2,1,,0.012987012987012988,0.987012987012987,,0.0,0.012987012987012988,,96.39996370129171,,,1578.938276159273,1881.925628081782,96.39996370129171,,,7.595320597884751
2635,raspberrypi,228.0,2023-09-02,11:35:01,Whole,891.6840344589546,1.0,5.116051908344013,119.97060131890983,1814.375,2341.71875,3.915857684523193,0,55,20,4042.7682154054173,0.0,0.7402597402597403,,0.1038961038961039,0.0,,1144.018344802731,,,282.83475284916227,1145.9880584221191,1144.018344802731,,,1083.1002130876964
2636,raspberrypi,230.0,2023-09-02,11:35:01,Whole,885.1124103448309,1.0,6.40405077028556,163.11743147679798,1799.3641304347825,2025.2690217391305,4.9632713229046725,2,95,46,8811.694353986124,0.12987012987012986,0.4155844155844156,,0.12987012987012986,0.12987012987012986,,1000.3410571582723,,,657.7567937145534,1292.3218736958363,1000.3410571582723,,,1016.5190236863881
2637,raspberrypi,236.0,2023-09-02,11:35:01,Whole,536.7846119456023,0.0,4.540924905802402,,1262.9756944444443,1111.8854166666667,3.5476339941559893,2,114,72,0.16434473347643075,0.935064935064935,0.06493506493506493,,0.0,0.935064935064935,,89.51473005839433,,,1385.4861798553777,1711.0182550719467,89.51473005839433,,,78.54965926513196
2638,raspberrypi,237.0,2023-09-02,11:35:01,Whole,413.2242740167238,1.0,3.900204330274049,26.412536085294438,1908.4136904761904,1310.375,3.3770657871623104,1,84,42,309.91798493992815,0.025974025974025976,0.45454545454545453,,0.0,0.025974025974025976,,653.7214399793471,,,979.609897294018,1253.418956307599,653.7214399793471,,,635.0084484474482
2639,raspberrypi,238.0,2023-09-02,11:35:01,Whole,434.0074742382336,0.5454545454545454,4.3488828527513705,6.413013029076981,1239.5833333333333,1797.4083333333333,3.451721140618517,0,27,15,9.820480934084124,0.14285714285714285,0.8181818181818182,,0.0,0.14285714285714285,,341.81784571414937,,,886.1759805625959,1549.058490753811,341.81784571414937,,,184.1616394745304
2640,raspberrypi,441.0,2023-09-02,11:35:01,Whole,849.076083140912,,5.380294455104126,,1593.75,2388.0,1.7394337524526018,0,4,1,,0.0,1.0,,0.0,0.0,,1021.5094079505717,,,313.5060518562041,1244.177548024771,1021.5094079505717,,,867.1955490785735
2641,raspberrypi,964.0,2023-09-02,11:35:01,Whole,521.7612964129764,,4.23114657343908,,2066.5,1330.5,0.038308660514104906,1,4,1,,0.0,1.0,,0.0,0.0,,804.8298095468709,,,928.5378130491554,1165.5406979002842,804.8298095468709,,,721.2907158951448
2642,raspberrypi,987.0,2023-09-02,11:35:01,Whole,401.14713115334604,,4.302011324733479,,1199.75,1438.75,1.7176462866965403,0,2,1,,0.012987012987012988,0.987012987012987,,0.0,0.012987012987012988,,76.5229401266097,,,1160.4376734508623,1654.2334196168624,76.5229401266097,,,0.0
2643,raspberrypi,80.0,2023-09-02,14:00:01,Whole,1749.020441436209,,9.11104476319065,,1003.0,472.0,4.844186572039607,0,6,1,,0.0,1.0,,0.0,0.0,,619.8013846117096,,,2069.1570491695115,2176.772607665569,619.8013846117096,,,521.8228089724867
2644,raspberrypi,127.0,2023-09-02,14:00:01,Whole,891.9347883686822,,5.359557253998447,,1316.75,1305.5,4.083266875798522,0,5,1,,0.014705882352941176,0.9852941176470589,,0.0,0.014705882352941176,,78.0941890227876,,,1193.8532781026136,1608.538638809918,78.0941890227876,,,0.0
2645,raspberrypi,221.0,2023-09-02,14:00:01,Whole,539.5760470972235,0.22388059701492538,6.83306648190619,3.695067665347411,2103.6305147058824,2467.731617647059,1.9913343997368569,0,245,68,2.7272421120228945,0.0,0.0,,1.0,0.0,,1371.5268352404119,,,0.0,976.3171206719804,1371.5268352404119,,,1221.4242053206635
2646,raspberrypi,224.0,2023-09-02,14:00:01,Whole,231.80274013681222,0.8918918918918919,5.237345942490556,21.75821571805728,1956.4326923076924,2178.4391025641025,1.1502193688988516,11,156,39,229.3312012090784,0.0,0.4411764705882353,,0.5147058823529411,0.0,,1060.6027805093072,,,120.95671000018238,1055.6961587544151,1060.6027805093072,,,880.0434779271272
2647,raspberrypi,225.0,2023-09-02,14:00:01,Whole,369.14253885724986,0.7910447761194029,5.761136650341933,9.901484161819319,1734.891544117647,2274.7113970588234,1.5744037583977837,5,245,68,65.88580873370056,0.0,0.10294117647058823,,0.39705882352941174,0.0,,993.2150000161737,,,210.1759044282091,1155.5888191427148,993.2150000161737,,,847.1714284868649
2648,raspberrypi,228.0,2023-09-02,14:00:01,Whole,1186.7490181087742,1.0,7.015164463493967,151.65458610514762,2113.75,1153.3676470588234,4.285215956223029,1,155,34,26342.325024107922,0.0,0.5147058823529411,,0.0,0.0,,1175.6258343351137,,,1342.9366603714843,1346.0941886015976,1175.6258343351137,,,1342.3164291076082
2649,raspberrypi,234.0,2023-09-02,14:00:01,Whole,1852.0985795393503,,10.001891431641692,,870.25,435.75,5.179153821310139,0,6,1,,0.0,1.0,,0.0,0.0,,675.7763954764139,,,2167.1577194239744,2289.570800948306,675.7763954764139,,,572.433408252588
2650,raspberrypi,236.0,2023-09-02,14:00:01,Whole,320.308105003826,0.5396825396825397,5.6757800936837475,88.62255032169814,1831.146484375,1737.625,1.6902593409124402,6,241,64,7521.918290928437,0.08823529411764706,0.5,,0.0,0.08823529411764706,,805.8759458866782,,,591.5491927734813,1218.203649859534,805.8759458866782,,,755.7318367565689
2651,raspberrypi,237.0,2023-09-02,14:00:01,Whole,889.5077422120369,1.0,6.482583656901318,16.066111517548403,1226.6333333333334,1407.1833333333334,4.806263111367254,0,84,15,43.3006422984446,0.22058823529411764,0.7794117647058824,,0.0,0.22058823529411764,,73.22250826340283,,,1167.3243585689638,1643.40093280072,73.22250826340283,,,0.0
2652,raspberrypi,238.0,2023-09-02,14:00:01,Whole,1703.1061568482955,1.0,10.118423112355465,13.151081079169987,3297.65625,953.7916666666666,4.894062108285259,0,63,12,197.18931433856773,0.0,0.8235294117647058,,0.0,0.0,,2057.6120240154464,,,1725.4106386857209,1013.6970145468306,2057.6120240154464,,,1973.8962053653927
2653,raspberrypi,258.0,2023-09-02,14:00:01,Whole,480.8566291288431,1.0,4.220451218753163,31.650943533526767,1457.75,2055.4125,1.907625364272651,1,42,10,0.0,0.0,0.8823529411764706,,0.0,0.0,,665.1591766442264,,,563.0593020363689,1357.9295262350745,665.1591766442264,,,516.1311663799801
2654,raspberrypi,37.0,2023-09-02,00:15:01,Whole,1876.2977088577875,,10.548860454284442,,2980.0,2724.75,7.993428140874298,0,7,1,,0.0,1.0,,0.0,0.0,,2192.9629796177587,,,726.6524266449521,1225.2568795888724,2192.9629796177587,,,2054.14750565501
2655,raspberrypi,106.0,2023-09-02,00:15:01,Whole,1172.1910915855608,,6.28137156357622,,1176.5,2421.75,3.5731718299130857,0,6,1,,0.0,1.0,,0.0,0.0,,943.3511498185621,,,727.0142161407593,1575.3244121828934,943.3511498185621,,,796.568966567276
2656,raspberrypi,224.0,2023-09-02,00:15:01,Whole,615.437248600893,0.01282051282051282,5.351317087854985,2.23606797749979,1190.534810126582,1731.1629746835442,1.9309738500876614,0,418,79,0.12576446600129149,1.0,0.0,,0.0,1.0,,263.3495689509898,,,965.0723274890074,1596.8959321501557,263.3495689509898,,,111.39882320628621
2657,raspberrypi,225.0,2023-09-02,00:15:01,Whole,928.7565389641461,0.0,6.2282890316830155,,759.6071428571429,1432.5357142857142,2.7020884924675204,0,43,7,0.0,0.08860759493670886,0.9113924050632911,,0.0,0.08860759493670886,,169.93303726048674,,,1488.56143930953,1999.8547724467012,169.93303726048674,,,144.85666013217016
2658,raspberrypi,227.0,2023-09-02,00:15:01,Whole,125.82565044607466,0.0,5.0390595998454915,,1619.036858974359,1259.5320512820513,1.3727297408704162,0,415,78,0.057268051912565655,0.0,1.0,,0.0,0.0,,363.5080001426252,,,1091.664794394483,1425.1470507325291,363.5080001426252,,,291.67183144435444
2659,raspberrypi,228.0,2023-09-02,00:15:01,Whole,385.2759001962977,0.0,4.876716846540271,,1786.9759615384614,1737.8733974358975,2.1831213574229085,0,415,78,0.07655988182381013,0.0,1.0,,0.0,0.0,,651.3505449970712,,,585.5089723813034,1202.973015524038,651.3505449970712,,,518.3298064958999
2660,raspberrypi,233.0,2023-09-02,00:15:01,Whole,469.5553631179589,0.0,5.684823013604826,,2120.3924050632913,1187.8291139240507,2.61459454092734,0,418,79,0.055611026653531084,0.0,1.0,,0.0,0.0,,862.7244126908714,,,1070.944443114825,1183.4671592142345,862.7244126908714,,,795.4785981083908
2661,raspberrypi,237.0,2023-09-02,00:15:01,Whole,749.1285362806008,0.0,7.145929838127525,,1804.0243506493507,626.3003246753246,3.3279512609404214,0,412,77,0.04853035096399411,0.0,1.0,,0.0,0.0,,795.5955215699604,,,1655.8455536740753,1588.1292343976465,795.5955215699604,,,781.4807835495023
2662,raspberrypi,258.0,2023-09-02,00:15:01,Whole,249.9768037043128,0.0,4.850316314751532,,1459.0443037974683,1470.889240506329,1.372826224717616,0,418,79,0.08206133946373141,1.0,0.0,,0.0,1.0,,239.93451515612188,,,977.3238762099555,1463.8818913372313,239.93451515612188,,,117.32298725385496
2663,raspberrypi,366.0,2023-09-02,00:15:01,Whole,1504.9732546602672,0.0,7.3191205191997115,,2936.109375,2204.0,4.130623065210498,0,52,8,5.514537417662162e-26,0.0,1.0,,0.0,0.0,,1882.085568093204,,,678.6842781451882,1047.305370935116,1882.085568093204,,,1756.865924275026
2664,raspberrypi,392.0,2023-09-02,00:15:01,Whole,1441.7108842796422,0.0,7.029534272198042,,3040.625,1859.5,1.8589270909065099,0,46,7,0.0,0.0,1.0,,0.0,0.0,,1855.428062812649,,,918.594726941309,1019.7375142359141,1855.428062812649,,,1745.9506624811638
2665,raspberrypi,896.0,2023-09-02,00:15:01,Whole,928.3743843693028,,5.054403130784967,,759.8333333333334,1430.25,2.714181695904279,0,18,3,,0.0379746835443038,0.9620253164556962,,0.0,0.0379746835443038,,168.8435397202312,,,1489.77284938958,2000.2018090324214,168.8435397202312,,,145.93037867023807
2666,raspberrypi,37.0,2023-09-02,02:00:02,Whole,1695.2888825597092,,9.123157928223032,,2982.5,2724.25,5.368308604174517,0,6,1,,0.0,1.0,,0.0,0.0,,2194.6609245729087,,,728.8963614017086,1226.1208799408976,2194.6609245729087,,,2055.8945165443943
2667,raspberrypi,220.0,2023-09-02,02:00:02,Whole,1054.9989338760497,0.9787234042553191,6.418641615474454,70.05794773094094,2308.1302083333335,1148.9453125,2.4505182794876537,0,312,48,4680.39808204588,0.075,0.4125,,0.0,0.075,,1140.8593928713558,,,1429.3735350181735,1376.1000550347906,1140.8593928713558,,,935.7559942050209
2668,raspberrypi,223.0,2023-09-02,02:00:02,Whole,288.34440602984733,0.0,3.02675409271395,,1610.3958333333333,1711.3958333333333,0.6705953291871396,6,37,6,0.0,0.0,1.0,,0.0,0.0,,491.2750401231647,,,693.198004616529,1309.8692678656917,491.2750401231647,,,351.5399297640754
2669,raspberrypi,225.0,2023-09-02,02:00:02,Whole,851.9809401771942,0.01282051282051282,6.001447369970845,2.1360009363293826,2022.4525316455697,2326.1582278481014,3.1605169258709913,0,478,79,0.14164007370846882,0.0,0.0125,,0.9875,0.0,,1211.9840244958202,,,0.0,1011.9117745876812,1211.9840244958202,,,1064.2740509589626
2670,raspberrypi,228.0,2023-09-02,02:00:02,Whole,405.9602654669642,0.4430379746835443,5.438461243530366,6.169710382240216,1420.8046875,1381.3703125,1.1563113979444475,0,482,80,18.068415110114035,1.0,0.0,,0.0,1.0,,178.72102910343335,,,1073.436915331207,1514.499356068375,178.72102910343335,,,72.34004721295176
2671,raspberrypi,229.0,2023-09-02,02:00:02,Whole,1792.612652551483,,10.204802180329853,,3458.75,802.25,6.7930595170829005,0,7,1,,0.0,0.9875,,0.0,0.0,,2241.1579947934547,,,1944.3482364831705,1110.4347161495882,2241.1579947934547,,,2187.043921280298
2672,raspberrypi,233.0,2023-09-02,02:00:02,Whole,535.6672392544457,0.08860759493670886,5.13924708407896,8.828778754044436,2182.575,1118.5875,2.1515389744525524,0,482,80,10.786055016780784,0.0,0.9125,,0.0,0.0,,932.7023509948533,,,1142.6501238011163,1178.4199192195515,932.7023509948533,,,871.7649394296766
2673,raspberrypi,234.0,2023-09-02,02:00:02,Whole,239.23099132833792,0.0,4.835741516973903,,1791.451923076923,1262.9214743589744,2.001053043821716,0,474,78,0.043142508250007504,0.0,1.0,,0.0,0.0,,532.3876956543656,,,1034.5882717795025,1323.5999365701844,532.3876956543656,,,458.20266571664206
2674,raspberrypi,236.0,2023-09-02,02:00:02,Whole,361.4295938657302,0.0,5.049220823503131,,1661.378125,1831.84375,2.6459813687028717,6,482,80,0.06372115065523805,0.0,1.0,,0.0,0.0,,607.3493320071025,,,564.9053083611981,1255.699329562393,607.3493320071025,,,462.9162465137392
2675,raspberrypi,238.0,2023-09-02,02:00:02,Whole,858.1305477158096,1.0,5.935592832697275,98.3049498395851,1970.5657894736842,705.8552631578947,3.0040403096456063,0,134,19,1117.2595921564603,0.0,0.775,,0.0,0.0,,887.142291080334,,,1585.6376364336415,1476.6849178583793,887.142291080334,,,852.7292129013531
2676,raspberrypi,258.0,2023-09-02,02:00:02,Whole,618.0343602129416,0.013157894736842105,6.17452460224674,2.692582403567252,1197.5438311688313,1406.1704545454545,1.1547738890330321,0,466,77,0.16299213035696003,0.9625,0.0375,,0.0,0.9625,,62.63531793215455,,,1186.4406746073516,1664.589351236838,62.63531793215455,,,0.0
2677,raspberrypi,392.0,2023-09-02,02:00:02,Whole,1283.643066265594,0.0,7.008531755507402,,3040.8333333333335,1859.7291666666667,3.6877593316060375,0,86,12,0.09722222222222221,0.0,1.0,,0.0,0.0,,1855.691558089129,,,918.6486980799477,1019.8262248813716,1855.691558089129,,,1745.88691585016
2678,raspberrypi,896.0,2023-09-02,02:00:02,Whole,901.1135095146644,,5.347230567394091,,2468.25,2115.0,2.5601759628469627,0,6,1,,0.0,1.0,,0.0,0.0,,1428.0443052420096,,,306.22094325354726,960.4615717320703,1428.0443052420096,,,1296.7750988712774
2679,raspberrypi,220.0,2023-09-02,12:30:01,Whole,915.7460577084481,1.0,5.849681564216131,54.021608920860395,1461.03125,1653.1875,2.2423999796573812,0,29,8,641.6280901886065,0.07042253521126761,0.8873239436619719,,0.0,0.07042253521126761,,352.2363256151782,,,831.8339594747333,1420.9498425448915,352.2363256151782,,,180.5186448939886
2680,raspberrypi,221.0,2023-09-02,12:30:01,Whole,884.173514447972,0.8615384615384616,5.214244616632394,100.66246158793447,1834.7878787878788,2181.310606060606,4.762041327409966,4,147,66,7217.004109510833,0.14084507042253522,0.07042253521126761,,0.4507042253521127,0.14084507042253522,,1069.770521120442,,,445.22704452592626,1202.4385907844958,1069.770521120442,,,1208.9527189502446
2681,raspberrypi,224.0,2023-09-02,12:30:01,Whole,800.2371340627923,0.18571428571428572,7.315030748441629,48.76847500687937,3043.992957746479,1465.4031690140846,5.87408785222139,1,153,71,917.3722123960495,0.0,0.8169014084507042,,0.0,0.0,,1788.3395003847922,,,1175.3870293581708,981.1225863022793,1788.3395003847922,,,1709.98640029341
2682,raspberrypi,225.0,2023-09-02,12:30:01,Whole,225.29870944945722,1.0,3.941128910235037,135.00213073119727,2374.9903846153848,1808.576923076923,2.6295742725041373,0,38,13,26273.3241024037,0.0,0.8309859154929577,,0.0,0.0,,1224.601252419079,,,517.7342816439697,989.7749661776314,1224.601252419079,,,1066.5255896319043
2683,raspberrypi,227.0,2023-09-02,12:30:01,Whole,1069.9473900238595,1.0,8.801744102264703,178.59604460096537,3164.67578125,1865.4375,3.4695699812553547,0,78,32,10840.12238373677,0.0,0.5774647887323944,,0.04225352112676056,0.0,,2079.2179371467805,,,1137.6417885159237,1182.1677985959998,2079.2179371467805,,,2144.1187843160824
2684,raspberrypi,228.0,2023-09-02,12:30:01,Whole,1379.4498040939482,1.0,7.333465924918495,34.49614184481624,979.8392857142857,1668.017857142857,2.479623387803145,0,26,7,531.444437386782,0.09859154929577464,0.9014084507042254,,0.0,0.09859154929577464,,207.7970514352252,,,1171.8199071323347,1773.141740364941,207.7970514352252,,,94.24008097731436
2685,raspberrypi,234.0,2023-09-02,12:30:01,Whole,1193.771809571814,1.0,6.8567598527045055,10.604268404674107,1155.890625,1766.609375,5.512552316686381,0,20,8,36.23655964634667,0.11267605633802817,0.8873239436619719,,0.0,0.11267605633802817,,291.4210378912404,,,971.1932788636313,1617.5208523218455,291.4210378912404,,,144.55341473159802
2686,raspberrypi,237.0,2023-09-02,12:30:01,Whole,1118.7263871363607,1.0,4.512722997702837,8.514259474266183,1303.4609375,2248.9140625,2.5763709464933826,3,41,16,3.3326914905577323,0.0,0.8028169014084507,,0.0,0.0,,793.2251467924665,,,626.4583156987042,1462.8590108981361,793.2251467924665,,,641.0820875383388
2687,raspberrypi,258.0,2023-09-02,12:30:01,Whole,1283.6599686891407,,5.914332456685971,,2917.0,2996.5,4.036373556215423,0,2,1,,0.0,1.0,,0.0,0.0,,2318.8712189732405,,,786.4418338808,1337.41284280569,2318.8712189732405,,,2174.397042917149
2688,raspberrypi,425.0,2023-09-02,12:30:01,Whole,1183.1256071628154,,5.545948206731371,,1734.75,2858.75,0.39649707980700755,1,3,1,,0.0,0.9859154929577465,,0.0,0.0,,1508.8970259767398,,,348.5789759313445,1220.4650335853546,1508.8970259767398,,,1354.6481378516196
2689,raspberrypi,474.0,2023-09-02,12:30:01,Whole,793.4221743108899,,7.009260006336308,,3057.5,1493.25,0.009208029808203838,1,3,1,,0.0,1.0,,0.0,0.0,,1802.0482925428046,,,1162.0578680489855,982.5958003252288,1802.0482925428046,,,1711.4732526458338
2690,raspberrypi,221.0,2023-09-02,11:25:01,Whole,771.3188054418198,0.9302325581395349,4.1974642301141865,12.320427828289166,1073.1333333333334,551.9638888888888,2.2634492933647636,0,152,45,266.1867360090946,0.0,0.4805194805194805,,0.0,0.0,,551.9634263668286,,,1972.0126657817775,2091.7356354232306,551.9634263668286,,,494.6754763431047
2691,raspberrypi,224.0,2023-09-02,11:25:01,Whole,247.77809054125737,0.0,3.815555004844612,,1260.0,1507.55,1.5267483569886893,0,40,10,0.0,0.12987012987012986,0.8701298701298701,,0.0,0.12987012987012986,,121.96987143619947,,,1068.9869083204946,1592.6982596376483,121.96987143619947,,,0.0
2692,raspberrypi,225.0,2023-09-02,11:25:01,Whole,662.978041871361,0.7222222222222222,4.201685206325759,116.01399547492709,1587.26875,679.36875,2.42496341981561,0,81,20,13655.02601984683,0.0,0.8311688311688312,,0.0,0.0,,621.0947425566167,,,1657.2513208574837,1692.8214496843716,621.0947425566167,,,515.5713104373722
2693,raspberrypi,227.0,2023-09-02,11:25:01,Whole,171.1235107419713,0.02666666666666667,3.7223899288366353,9.102919647883407,1477.1529605263158,1312.84375,2.71877423082949,0,232,76,3.349449169314481,0.987012987012987,0.012987012987012988,,0.0,0.987012987012987,,224.79558863244227,,,1103.9021478073316,1497.755322491822,224.79558863244227,,,140.5268824507991
2694,raspberrypi,228.0,2023-09-02,11:25:01,Whole,372.93189921776593,,3.7608466274443226,,941.25,1274.0,2.1875258501731363,0,9,2,,0.025974025974025976,0.974025974025974,,0.0,0.025974025974025976,,7.215295857469371,,,1457.3616322541916,1896.2500365011351,7.215295857469371,,,0.0
2695,raspberrypi,230.0,2023-09-02,11:25:01,Whole,799.6171501620144,1.0,4.796737343542941,78.34869171433184,2023.7083333333333,1229.388888888889,3.288016138328109,0,66,18,39.66143302202252,0.0,0.7922077922077922,,0.0,0.0,,832.0979007277549,,,1056.5083031917422,1254.4366586402602,832.0979007277549,,,794.3130065094506
2696,raspberrypi,236.0,2023-09-02,11:25:01,Whole,424.1486905337828,0.6949152542372882,4.458871936723026,8.398382325839039,1079.9625,911.4541666666667,2.325177110374601,0,208,60,32.79951479591366,0.7402597402597403,0.23376623376623376,,0.0,0.7402597402597403,,183.91422778013705,,,1653.120514549704,1919.0878526815472,183.91422778013705,,,73.24176233096824
2697,raspberrypi,237.0,2023-09-02,11:25:01,Whole,757.1275209281818,0.0,4.9859133676616345,,1234.5827922077922,2018.5389610389611,3.8327835868881244,0,234,77,0.12360729843566143,0.0,1.0,,0.0,0.0,,552.9528470014137,,,771.9532647120664,1525.8625617265884,552.9528470014137,,,401.5637313020926
2698,raspberrypi,258.0,2023-09-02,11:25:01,Whole,602.6935761158575,,3.9984288530974985,,1078.5,1820.75,1.2992455837857861,0,4,1,,0.0,1.0,,0.0,0.0,,339.439793698664,,,1005.08745260091,1670.1001257498936,339.439793698664,,,196.9711902533011
2699,raspberrypi,441.0,2023-09-02,11:25:01,Whole,1662.0544975423174,,7.276068400419021,,2550.5,2374.75,3.6331153159673626,0,4,1,,0.0,1.0,,0.0,0.0,,1639.7153099669044,,,263.4480224285904,982.5243202062754,1639.7153099669044,,,1501.638408516151
2700,raspberrypi,683.0,2023-09-02,11:25:01,Whole,269.9912609994623,,4.444754837641819,,1581.25,1294.25,4.143171887253704,0,2,1,,0.0,1.0,,0.0,0.0,,325.40037960801476,,,1074.4262578968942,1437.1920947933481,325.40037960801476,,,246.22277547830137
2701,raspberrypi,37.0,2023-09-02,02:10:01,Whole,1739.4547014522595,,9.73519957845036,,2982.0,2724.375,9.295473330916197,0,4,2,,0.0,1.0,,0.0,0.0,,2194.3362541569695,,,728.4547987275946,1225.958953719778,2194.3362541569695,,,2055.559516901857
2702,raspberrypi,106.0,2023-09-02,02:10:01,Whole,1529.2867198425297,,8.91844189202218,,2228.625,2459.625,7.044586848857434,0,5,2,,0.0,1.0,,0.0,0.0,,1631.999621369639,,,854.5602545748327,1422.5896717026023,1631.999621369639,,,1494.1527384681453
2703,raspberrypi,220.0,2023-09-02,02:10:01,Whole,467.0382896560379,0.0,7.39682949737801,,1441.91875,1495.028125,4.329903318814131,0,94,80,0.0955859677748008,1.0,0.0,,0.0,1.0,,234.63191829071698,,,966.7494715129702,1468.9340149721752,234.63191829071698,,,106.62127604961276
2704,raspberrypi,233.0,2023-09-02,02:10:01,Whole,393.01266177156697,0.0,7.288501133542158,,2186.6,1109.334375,4.329903318814131,0,94,80,0.06304884498392783,0.0,1.0,,0.0,0.0,,938.0428282547109,,,1152.134919375569,1179.7088478139638,938.0428282547109,,,878.683629054945
2705,raspberrypi,366.0,2023-09-02,02:10:01,Whole,1336.8785077059556,,5.750062889860693,,2935.75,2204.0,1.860971385665409,0,3,1,,0.0,1.0,,0.0,0.0,,1881.7630987167554,,,678.339928906815,1047.1951011916474,1881.7630987167554,,,1756.541976282012
2706,raspberrypi,392.0,2023-09-02,02:10:01,Whole,1250.1110379753898,0.0,6.5617267406018325,,3041.546875,1859.5,5.872590660194188,0,18,8,0.12971117967977924,0.0,1.0,,0.0,0.0,,1856.3126808985517,,,919.3744683814941,1019.9868041937602,1856.3126808985517,,,1746.8946493452522
2707,raspberrypi,425.0,2023-09-02,02:10:01,Whole,1272.6233019145425,,6.766465351346117,,1176.5,2421.75,4.980279551592736,0,2,1,,0.0,1.0,,0.0,0.0,,943.3511498185621,,,727.0142161407593,1575.3244121828934,943.3511498185621,,,796.568966567276
2708,raspberrypi,37.0,2023-09-01,19:20:01,Whole,1771.5243202396973,,9.107379114681375,,2980.875,2724.625,4.668158365620562,0,13,2,,0.0,1.0,,0.0,0.0,,2193.5871369825827,,,727.4523063522977,1225.5810547548097,2193.5871369825827,,,2054.787804656046
2709,raspberrypi,220.0,2023-09-01,19:20:01,Whole,258.00718872502193,0.24489795918367346,4.5997398565849155,11.488045103102891,2011.0906862745098,1167.9656862745098,1.9331807955575795,1,363,51,36.68210977348109,0.0,0.85,,0.0,0.0,,757.3249357748643,,,1093.789592663123,1240.9770352437808,757.3249357748643,,,685.3390914246986
2710,raspberrypi,221.0,2023-09-01,19:20:01,Whole,1152.111328364576,0.569620253164557,7.0644644521368285,33.67704602399321,2050.065625,2496.371875,5.632699528321827,0,514,80,1086.6414387230966,0.0,0.0,,1.0,0.0,,1360.5872997037982,,,0.02659876199247222,990.3196869983818,1360.5872997037982,,,1224.323042427604
2711,raspberrypi,228.0,2023-09-01,19:20:01,Whole,425.78829007033363,1.0,4.797845122076491,25.268072985262435,1479.6216216216217,1542.3175675675675,0.9449854429821432,26,244,37,331.71056322747364,0.3375,0.55,,0.0,0.3375,,295.5680187240193,,,907.6321568205525,1434.4371591720083,295.5680187240193,,,124.26738795746408
2712,raspberrypi,230.0,2023-09-01,19:20:01,Whole,1101.4638978853511,0.9354838709677419,7.371455886712942,14.652943807738438,897.23828125,806.701171875,4.041355985041643,1,415,64,309.6088510061883,0.1625,0.2625,,0.0,0.1625,,314.9817046469886,,,1843.983378711419,2097.220854318286,314.9817046469886,,,207.8441190537534
2713,raspberrypi,232.0,2023-09-01,19:20:01,Whole,584.646464365603,1.0,4.695435756895199,29.378997661437626,1351.4605263157894,1665.3947368421052,1.0542869725884434,8,141,19,910.2866910509623,0.175,0.775,,0.0,0.175,,275.9767746947468,,,891.7399720221829,1492.476519590965,275.9767746947468,,,82.84523223771922
2714,raspberrypi,234.0,2023-09-01,19:20:01,Whole,852.3982476267047,0.0,6.049998117827501,,2661.78125,1611.128125,4.125633650034009,0,514,80,0.10585173744833758,0.0,1.0,,0.0,0.0,,1428.700285839409,,,818.3584213078645,962.6498442860673,1428.700285839409,,,1327.5399786288453
2715,raspberrypi,236.0,2023-09-01,19:20:01,Whole,645.6920764556347,1.0,4.707780813884897,60.6411036476482,1527.7434210526317,1162.7730263157894,1.4812640769035175,6,274,38,2414.3056045398125,0.15,0.5375,,0.0,0.15,,494.84160772420637,,,1300.050386990082,1563.4096494319622,494.84160772420637,,,413.8000733500754
2716,raspberrypi,237.0,2023-09-01,19:20:01,Whole,670.9168866190945,0.13924050632911392,6.002336592420397,5.974930485688856,1673.63125,716.18125,2.0604183443072355,1,514,80,5.4448669633869935,0.0,0.8625,,0.0,0.0,,640.1390680409065,,,1593.6247125895798,1616.2518319069957,640.1390680409065,,,614.8251511371618
2717,raspberrypi,239.0,2023-09-01,19:20:01,Whole,244.91329071128206,0.38461538461538464,4.8336919129570575,5.484433414882851,1619.9282407407406,1457.7037037037037,2.1045438347234304,18,364,54,9.448648496201793,0.0,0.75,,0.0,0.0,,385.41123439568725,,,909.9513029653522,1365.0802395166838,385.41123439568725,,,274.2319834901925
2718,raspberrypi,258.0,2023-09-01,19:20:01,Whole,563.9070590753065,0.9859154929577465,5.646376200007597,72.80550172206125,2003.3472222222222,909.6666666666666,1.6724894478246763,4,480,72,3637.116828194519,0.0,0.125,,0.0,0.0,,828.2706986499971,,,1383.398093001388,1362.1133848971235,828.2706986499971,,,885.0100424995577
2719,raspberrypi,366.0,2023-09-01,19:20:01,Whole,1375.9939957045772,,8.194095935594916,,2936.25,2203.75,3.3675614523250403,0,8,1,,0.0,1.0,,0.0,0.0,,1882.1018714407041,,,678.8905686933176,1047.2986999095288,1882.1018714407041,,,1756.8982992961078
2720,raspberrypi,392.0,2023-09-01,19:20:01,Whole,1294.1224391504952,0.0,7.2757100287588035,,3041.233333333333,1860.2666666666667,2.3397968450516946,0,106,15,1.3065799043921314e-25,0.0,1.0,,0.0,0.0,,1856.224546888477,,,918.7004560282585,1020.0103066002333,1856.224546888477,,,1746.7596927395064
2721,raspberrypi,445.0,2023-09-01,19:20:01,Whole,1134.2669762614398,,5.298669557284668,,896.5,743.75,0.06963683658350842,1,8,1,,0.0,1.0,,0.0,0.0,,371.63562329592423,,,1894.9377167840896,2124.202742420821,371.63562329592423,,,266.63125895294615
2722,raspberrypi,158.0,2023-09-01,17:50:01,Whole,961.0331795906435,,7.319785184022089,,1206.25,2132.25,5.523061546005892,0,3,1,,0.0,1.0,,0.0,0.0,,659.5938839028777,,,752.9706103138315,1541.5102433281593,659.5938839028777,,,510.2419180823224
2723,raspberrypi,221.0,2023-09-01,17:50:01,Whole,314.1593266206096,0.21518987341772153,5.760906768265749,9.383043181361696,1760.7984375,1192.259375,3.0460579906206884,4,252,80,22.280324967601747,0.0,0.7875,,0.0,0.0,,508.87503607070096,,,1110.8521542235162,1364.4579082803014,508.87503607070096,,,444.2899794148311
2724,raspberrypi,226.0,2023-09-01,17:50:01,Whole,747.6096950723775,0.3918918918918919,6.976614923554435,4.01077482964588,1248.0933333333332,1829.9966666666667,4.161393583752936,0,245,75,3.4963485646556176,0.0625,0.6375,,0.0,0.0625,,374.22649336645594,,,859.3769724812964,1537.4497742616727,374.22649336645594,,,225.3027210191726
2725,raspberrypi,236.0,2023-09-01,17:50:01,Whole,935.3371847282718,1.0,5.038185772437696,90.12335915461385,2283.2992424242425,1785.1098484848485,2.2316542354444615,0,122,33,8502.224368344761,0.0,0.6,,0.025,0.0,,1255.0531533944654,,,811.527580650732,1145.1253684834646,1255.0531533944654,,,1152.645171961285
2726,raspberrypi,237.0,2023-09-01,17:50:01,Whole,392.2650424377594,0.31645569620253167,5.224172562974838,16.10079722992039,2263.771875,1343.603125,2.758927502474071,0,252,80,125.18577756906485,0.0,0.6875,,0.0,0.0,,1002.1583259271979,,,933.3735410150423,1087.4401494945328,1002.1583259271979,,,997.3325338762666
2727,raspberrypi,239.0,2023-09-01,17:50:01,Whole,859.0771633937419,1.0,6.274121475917944,205.30105849602197,2190.1293103448274,1310.646551724138,2.4368720641185018,4,200,58,36512.64006620265,0.0625,0.2875,,0.05,0.0625,,1114.2771564579716,,,1124.2033292483654,1265.990706738905,1114.2771564579716,,,993.2099080891525
2728,raspberrypi,366.0,2023-09-01,17:50:01,Whole,1267.2138125170677,,6.389369882394337,,2938.25,2203.5,3.4745170528201506,0,4,1,,0.0,1.0,,0.0,0.0,,1883.7870572211295,,,680.8784867290215,1047.863527469647,1883.7870572211295,,,1758.6270654178024
2729,raspberrypi,525.0,2023-09-01,17:50:01,Whole,616.7391409517749,,3.036773305301141,,1763.75,870.75,1.7351055400386783,0,4,1,,0.0,1.0,,0.0,0.0,,619.5801010580751,,,1422.82371310426,1490.3298021357164,619.5801010580751,,,609.224232334549
2730,raspberrypi,666.0,2023-09-01,17:50:01,Whole,1663.7234584795594,,8.644071972929536,,2998.0,2724.75,6.378515486568404,0,4,1,,0.0,1.0,,0.0,0.0,,2207.3697304427897,,,743.8745151453422,1233.092025593054,2207.3697304427897,,,2068.832781443731
2731,raspberrypi,987.0,2023-09-01,17:50:01,Whole,1473.6232483891697,,9.039918627175318,,2628.125,2754.75,7.833466018213286,0,8,2,,0.0,1.0,,0.0,0.0,,1942.8143596838631,,,413.54714589845554,1100.353674152966,1942.8143596838631,,,1797.9113604372205
2732,raspberrypi,37.0,2023-09-02,06:45:01,Whole,1847.9152298741897,0.0,10.32960795091942,,2978.53125,2724.25,5.728069405135749,0,70,16,3.434065934065934e-05,0.0,1.0,,0.0,0.0,,2191.4890958705228,,,725.1016171097472,1224.4020587284076,2191.4890958705228,,,2052.686600630088
2733,raspberrypi,80.0,2023-09-02,06:45:01,Whole,509.96122803239,,4.802475808614266,,1299.75,1606.5,2.5011985842150843,0,4,1,,0.0125,0.9875,,0.0,0.0125,,196.3609995763298,,,969.1124168197025,1540.8428773997716,196.3609995763298,,,44.577325159901335
2734,raspberrypi,190.0,2023-09-02,06:45:01,Whole,543.3840618731401,,4.774333478504441,,2188.0,1042.0,3.0298118605407276,0,7,1,,0.0,1.0,,0.0,0.0,,951.9934940642892,,,1219.4198579822096,1202.4127690733949,951.9934940642892,,,899.933350130359
2735,raspberrypi,220.0,2023-09-02,06:45:01,Whole,101.2707133619657,0.1518987341772152,4.172792264322035,6.9092152559687605,1666.4953125,1283.4609375,2.3454150127477353,1,265,80,12.80297665022178,0.0,0.85,,0.0,0.0,,408.90904528776264,,,1052.2781531733362,1388.773811399853,408.90904528776264,,,332.1909894126636
2736,raspberrypi,221.0,2023-09-02,06:45:01,Whole,402.0513844302911,1.0,4.898678266937227,33.28608653600218,1381.1184210526317,1526.3026315789473,1.5501258978796084,3,89,19,222.45672408548623,0.2125,0.775,,0.0,0.2125,,225.46631505205994,,,985.1048086812762,1506.029076002114,225.46631505205994,,,98.50536694120947
2737,raspberrypi,229.0,2023-09-02,06:45:01,Whole,368.4674289254831,1.0,3.6960217015585632,28.925961619820544,1429.75,1547.875,0.8596937466235709,4,25,4,316.55811655300323,0.05,0.95,,0.0,0.05,,251.56078325762573,,,931.0541218848562,1463.9131206255634,251.56078325762573,,,112.73901457298328
2738,raspberrypi,233.0,2023-09-02,06:45:01,Whole,405.45227714404143,1.0,4.39733759601772,112.79058195706763,1566.7666666666667,1287.4888888888888,1.643099497684069,4,189,45,10989.663648843049,0.25,0.45,,0.0,0.25,,394.7784880522262,,,1113.1749055627224,1469.6564246476742,394.7784880522262,,,208.17597042203155
2739,raspberrypi,236.0,2023-09-02,06:45:01,Whole,965.6877917711894,0.24050632911392406,6.146765387663561,21.9009147482012,2645.675,1684.615625,5.470377528051508,1,265,80,237.89150894806573,0.0,0.7625,,0.0,0.0,,1430.3888887392327,,,748.9970669291494,961.585524597805,1430.3888887392327,,,1324.4848726891391
2740,raspberrypi,237.0,2023-09-02,06:45:01,Whole,997.5769425951437,0.0,6.810291952444813,,958.0578125,733.8703125,4.6143764391383595,0,265,80,0.10741852438514421,0.0,1.0,,0.0,0.0,,366.13766708643175,,,1868.387903915432,2083.147158229034,366.13766708643175,,,263.7827703744932
2741,raspberrypi,238.0,2023-09-02,06:45:01,Whole,615.8243981616426,1.0,4.020629801327448,38.454906393512935,1191.4545454545455,1627.659090909091,1.3237913731038364,3,54,11,291.84012418461975,0.1375,0.8625,,0.0,0.1375,,170.30188538100796,,,1032.2635997020006,1616.3850771698294,170.30188538100796,,,23.347884613578344
2742,raspberrypi,392.0,2023-09-02,06:45:01,Whole,1396.4891334806857,,8.322492581014442,,3041.75,1860.75,2.275728241177935,0,7,1,,0.0,1.0,,0.0,0.0,,1856.854505030204,,,918.8802192028338,1020.2186348163333,1856.854505030204,,,1747.334581936063
2743,raspberrypi,441.0,2023-09-02,06:45:01,Whole,868.5987538671072,,4.932247173370938,,910.0,1603.0,1.920709542447624,0,5,1,,0.0125,0.9875,,0.0,0.0125,,172.5919807846592,,,1266.2654839569616,1840.9959220875862,172.5919807846592,,,71.07736217625686
2744,raspberrypi,470.0,2023-09-02,06:45:01,Whole,1061.450510974712,,6.846779555393382,,2740.5,1710.0,0.5137680465655041,1,6,1,,0.0,1.0,,0.0,0.0,,1527.1212831461303,,,787.2914917211458,961.2915243202117,1527.1212831461303,,,1421.1377307146274
2745,raspberrypi,887.0,2023-09-02,06:45:01,Whole,635.6025297625508,1.0,4.218786092381739,65.73621528503143,1148.0,1579.25,0.04899931409000923,2,11,2,,0.025,0.975,,0.0,0.025,,129.5942404698473,,,1096.5765865735407,1659.160420829949,129.5942404698473,,,0.0
2746,raspberrypi,997.0,2023-09-02,06:45:01,Whole,607.7368095216472,1.0,4.382233395314874,34.06060774560548,1154.5,1509.0,0.7712085793308396,3,20,3,0.0,0.0375,0.9625,,0.0,0.0375,,97.51070859255196,,,1140.5312370792458,1670.3087389042487,97.51070859255196,,,0.0
2747,raspberrypi,37.0,2023-09-01,19:45:01,Whole,1887.0874567881303,,10.474009341476844,,2981.0,2724.75,6.903889603942941,0,7,1,,0.0,1.0,,0.0,0.0,,2193.7620796513793,,,727.6084306525827,1225.6900139555742,2193.7620796513793,,,2054.9621062091155
2748,raspberrypi,221.0,2023-09-01,19:45:01,Whole,444.2858069152108,0.0,6.461283555633316,,1565.3912337662337,882.9724025974026,1.8284842254984506,0,396,77,0.08043230725658802,0.0,1.0,,0.0,0.0,,451.82820893139206,,,1463.5796967362003,1603.2079577708264,451.82820893139206,,,444.17624986023986
2749,raspberrypi,224.0,2023-09-01,19:45:01,Whole,786.1992124884936,0.0,7.679479746393514,,1303.7163461538462,644.4391025641025,1.828544743761034,0,399,78,0.0037386295910496374,0.0,1.0,,0.0,0.0,,490.3470391540005,,,1780.966390386873,1884.0083140952993,490.3470391540005,,,422.6524491460481
2750,raspberrypi,227.0,2023-09-01,19:45:01,Whole,470.8267906481902,0.05660377358490566,5.980653720260451,6.371865519183466,1401.205357142857,1569.203125,2.4441834735690615,0,306,56,2.395189006105794,0.717948717948718,0.28205128205128205,,0.0,0.717948717948718,,240.37425734847386,,,931.0773014525006,1478.075434321736,240.37425734847386,,,98.49381169829164
2751,raspberrypi,228.0,2023-09-01,19:45:01,Whole,295.0562404149855,0.9866666666666667,5.503586045660343,23.05523958708769,1940.110197368421,1475.1611842105262,2.4250162939918063,2,392,76,363.1051603480928,0.0,0.05128205128205128,,0.0,0.0,,706.9968582649797,,,807.2042363837368,1191.441646996795,706.9968582649797,,,537.275356871253
2752,raspberrypi,232.0,2023-09-01,19:45:01,Whole,668.7272670376143,1.0,5.718173983846664,13.624810188962268,2397.293103448276,1488.7974137931035,2.323610099393397,0,152,29,116.37521254067335,0.0,0.6666666666666666,,0.0,0.0,,1150.2078515584249,,,818.3562083470972,1016.2016347520894,1150.2078515584249,,,1070.2146800851363
2753,raspberrypi,234.0,2023-09-01,19:45:01,Whole,979.0246899679591,0.0821917808219178,7.3952511446236615,10.469535257257672,1258.8733108108108,2111.8057432432433,2.8650405799655725,0,382,74,13.93796823009345,0.0,0.9230769230769231,,0.0,0.0,,649.2157496575664,,,711.2861032481376,1500.8159223343255,649.2157496575664,,,492.97832496508374
2754,raspberrypi,236.0,2023-09-01,19:45:01,Whole,674.1273351366228,1.0,5.5931165259744,76.93895565464322,1531.15,1872.3625,1.3787137490784958,2,51,10,4474.22408436945,0.0,0.8846153846153846,,0.0,0.0,,558.7994187079345,,,622.7877820877301,1338.4847290150458,558.7994187079345,,,437.1776189389607
2755,raspberrypi,258.0,2023-09-01,19:45:01,Whole,1808.9256931957864,0.8333333333333334,9.950812662317727,18.236635518135866,3349.2102272727275,398.53977272727275,9.489080996240661,1,230,44,286.5876601624158,0.0,0.4358974358974359,,0.0,0.0,,2251.730441047356,,,2211.514411296621,1320.1040737884784,2251.730441047356,,,2210.9366265132794
2756,raspberrypi,392.0,2023-09-01,19:45:01,Whole,1398.1269714727082,0.0,8.46726709621246,,3041.265625,1860.03125,6.144387987877483,0,99,16,0.0044672919790898465,0.0,1.0,,0.0,0.0,,1856.1901849829458,,,918.8532545234987,1019.985751569016,1856.1901849829458,,,1746.699512180694
2757,raspberrypi,393.0,2023-09-01,19:45:01,Whole,1928.9216862578794,,9.892077415537065,,3443.75,317.5,0.6409491685087639,1,6,1,,0.0,1.0,,0.0,0.0,,2367.695456035335,,,2329.337270676328,1431.9001170118397,2367.695456035335,,,2337.7044780262895
2758,raspberrypi,656.0,2023-09-01,19:45:01,Whole,741.3950615148484,1.0,6.018249311928574,3.1009382624477273,1061.8583333333333,1494.9,1.7990074293748084,0,94,15,0.002134550194974647,0.19230769230769232,0.8076923076923077,,0.0,0.19230769230769232,,78.16555510854691,,,1216.7973373587006,1744.0792088674461,78.16555510854691,,,0.0
2759,raspberrypi,17.0,2023-09-02,06:30:01,Whole,1395.1767542352848,,7.760728133071845,,2948.0,980.5,3.905225325217887,0,4,1,,0.0,0.9875,,0.0,0.0,,1707.4403503618403,,,1505.4328318826401,974.6334981849416,1707.4403503618403,,,1648.501424819197
2760,raspberrypi,37.0,2023-09-02,06:30:01,Whole,837.4257021022604,1.0,5.0886020209518765,284.7448915635375,1822.090909090909,1793.2954545454545,1.8951920279211127,1,58,11,21020.346542742198,0.0625,0.875,,0.0,0.0625,,767.685820702307,,,806.9176901307982,1358.5036160871446,767.685820702307,,,317.8982167993055
2761,raspberrypi,106.0,2023-09-02,06:30:01,Whole,846.3056003674599,,5.277397485562796,,1329.5,409.5,0.8647361038546665,1,6,1,,0.0,1.0,,0.0,0.0,,719.5480273034029,,,1988.9016989492272,1992.0519915769291,719.5480273034029,,,646.2010548622195
2762,raspberrypi,220.0,2023-09-02,06:30:01,Whole,129.15453046664715,0.0,5.482054777266899,,1458.7765625,1279.165625,3.654183793548492,2,314,80,0.09788792907798648,1.0,0.0,,0.0,1.0,,207.64129833020957,,,1142.2659540372183,1520.4788609767243,207.64129833020957,,,133.4006785632866
2763,raspberrypi,221.0,2023-09-02,06:30:01,Whole,733.7113733213733,0.0,7.252772872388097,,1254.55625,559.1078125,1.8376204634058313,1,314,80,0.1343049601704355,0.0,1.0,,0.0,0.0,,555.9120705908836,,,1878.8901975189547,1959.9216245294003,555.9120705908836,,,479.37043259312577
2764,raspberrypi,225.0,2023-09-02,06:30:01,Whole,224.41540055264704,,3.9430885918354814,,1471.0,1419.5,0.7282886918115382,1,4,1,,0.0125,0.9875,,0.0,0.0125,,234.3398213603367,,,1014.4833330627118,1470.0988508821433,234.3398213603367,,,123.26049486880126
2765,raspberrypi,229.0,2023-09-02,06:30:01,Whole,1299.7483126454817,1.0,7.167200552202443,31.78506248980637,2099.5,2408.1666666666665,4.803178003608273,0,30,6,1673.1997531488807,0.0,0.925,,0.075,0.0,,1324.916182896688,,,0.0,982.1713912104135,1324.916182896688,,,1183.5124399610127
2766,raspberrypi,236.0,2023-09-02,06:30:01,Whole,1165.8530777830258,0.02531645569620253,6.47458470560783,2.349141213974408,2647.059375,1674.5140625,6.463787732928214,3,314,80,0.19833339243836162,0.0,0.975,,0.0,0.0,,1428.077822096774,,,757.7541021997673,961.6602430627432,1428.077822096774,,,1322.7627911849436
2767,raspberrypi,237.0,2023-09-02,06:30:01,Whole,755.1928294600006,0.0,7.3844141220344435,,967.3796875,769.396875,1.8376204634058313,0,314,80,0.08698955508101984,0.0,1.0,,0.0,0.0,,329.55965043165315,,,1833.6610208478164,2060.684324831631,329.55965043165315,,,227.34999822599184
2768,raspberrypi,392.0,2023-09-02,06:30:01,Whole,1600.9729991380268,0.0,7.6464449511607,,3040.85,1860.2,2.248015337387303,0,49,10,1.9315680041510724e-25,0.0,1.0,,0.0,0.0,,1855.8382388206533,,,918.4117115315073,1019.8972115658114,1855.8382388206533,,,1746.3675218905291
2769,raspberrypi,414.0,2023-09-02,06:30:01,Whole,1074.816465469923,0.0,7.381532281007014,,724.4507575757576,1878.9015151515152,4.894455550944308,1,151,33,0.00728832043006056,0.0,1.0,,0.0,0.0,,497.0643189084002,,,1294.0326595958172,1958.0839645212768,497.0643189084002,,,399.16205628723174
2770,raspberrypi,470.0,2023-09-02,06:30:01,Whole,882.5718680103791,1.0,5.409202710583608,250.03043760023,1840.7625,1770.55,2.396703301965976,4,52,10,0.0,0.0,0.9,,0.0,0.0,,850.4554947549428,,,775.1193708862058,1283.3576390608632,850.4554947549428,,,604.9824648802316
2771,raspberrypi,987.0,2023-09-02,06:30:01,Whole,1864.435572052613,,9.063928929182284,,2629.75,2756.25,1.470296856314899,0,6,1,,0.0,1.0,,0.0,0.0,,1945.024945268037,,,415.70040876061245,1101.5445556560062,1945.024945268037,,,1800.1224184455978
2772,raspberrypi,37.0,2023-09-01,21:25:01,Whole,1603.6760234923968,,9.00157135553016,,2981.75,2725.0,4.476683046038055,0,6,1,,0.0,1.0,,0.0,0.0,,2194.5116103555883,,,728.3987692296689,1226.1247184574445,2194.5116103555883,,,2055.7181034143186
2773,raspberrypi,220.0,2023-09-01,21:25:01,Whole,859.5889804004582,0.0,6.100160157685082,,1739.2215189873418,2033.384493670886,5.150503394871927,0,357,79,0.07995347992056517,0.0,1.0,,0.0,0.0,,805.0326306765776,,,357.7035785794743,1178.721772665826,805.0326306765776,,,656.5969500168749
2774,raspberrypi,226.0,2023-09-01,21:25:01,Whole,484.3562312634107,0.0,6.096912814184546,,1831.5,1020.0454545454544,1.1429905000808154,0,350,77,0.057347580972660545,0.0,1.0,,0.0,0.0,,617.6201628077115,,,1263.173910006691,1388.7982262671144,617.6201628077115,,,581.1070688456504
2775,raspberrypi,227.0,2023-09-01,21:25:01,Whole,890.8729716237881,,6.088021558831426,,1374.0,1020.75,1.2834343607039942,0,6,1,,0.0,1.0,,0.0,0.0,,223.36501934240218,,,1410.5127039867145,1669.2413737914476,223.36501934240218,,,212.36984025568623
2776,raspberrypi,229.0,2023-09-01,21:25:01,Whole,1376.701289013106,0.0,10.503104845746147,,3453.2120253164558,716.8212025316456,7.15068757948597,0,357,79,0.06625596238276893,0.0,0.0,,0.0,0.0,,2254.193277903595,,,2007.5527357907445,1144.2878831645085,2254.193277903595,,,2204.4642284994366
2777,raspberrypi,230.0,2023-09-01,21:25:01,Whole,1451.4392443908519,,8.741704816667413,,765.25,1231.875,4.605839733646142,0,11,2,,0.02531645569620253,0.9746835443037974,,0.0,0.02531645569620253,,131.27529944841643,,,1613.1512721206695,2047.8106957711825,131.27529944841643,,,85.40394132503118
2778,raspberrypi,233.0,2023-09-01,21:25:01,Whole,221.20188779749662,0.0,5.953946942736056,,2126.3955696202534,1113.9082278481012,1.5975802367661882,0,357,79,0.09576428742166997,0.0,1.0,,0.0,0.0,,878.281768915901,,,1144.966549866999,1204.904037259304,878.281768915901,,,819.5120343096021
2779,raspberrypi,234.0,2023-09-01,21:25:01,Whole,964.4921445043626,,5.969800750448967,,1276.75,1543.75,3.4601089437983474,0,4,1,,0.012658227848101266,0.9873417721518988,,0.0,0.012658227848101266,,141.59208593634213,,,1030.8363321343197,1571.8098733126403,141.59208593634213,,,0.0
2780,raspberrypi,236.0,2023-09-01,21:25:01,Whole,692.7641701414097,0.0,6.137893862294737,,1616.7041139240505,966.3291139240506,1.1429916389075598,0,357,79,0.11397469434233891,0.0,1.0,,0.0,0.0,,447.1820327054813,,,1368.3080528583816,1535.7796651175527,447.1820327054813,,,435.3795756622304
2781,raspberrypi,258.0,2023-09-01,21:25:01,Whole,1750.1544564712856,0.96875,11.435776656867795,26.088706084841238,2967.0257352941176,2895.7720588235293,7.843286525399462,0,172,34,1807.1076405461927,0.0,0.6075949367088608,,0.0,0.0,,2290.511062779143,,,781.6297012133446,1303.9970659784335,2290.511062779143,,,2166.1963669121815
2782,raspberrypi,392.0,2023-09-01,21:25:01,Whole,989.3204865756974,0.0,6.652461041460356,,3041.25,1859.8333333333333,6.09382588612957,0,16,3,0.03125,0.0,1.0,,0.0,0.0,,1856.120260736001,,,918.9455430459033,1019.953522314768,1856.120260736001,,,1746.6165486971593
2783,raspberrypi,470.0,2023-09-01,21:25:01,Whole,1311.5202951963804,,7.4555354340968005,,1290.5,2248.0,2.5633927476428107,0,5,1,,0.0,1.0,,0.0,0.0,,788.9483927910044,,,638.3175354331158,1472.6514152276377,788.9483927910044,,,637.4886183414193
2784,raspberrypi,110.0,2023-09-02,08:25:01,Whole,606.9109897259378,,5.01508796173215,,2671.0,2522.75,2.0202014940437567,0,3,1,,0.0,1.0,,0.0,0.0,,1824.875367116295,,,381.14013273759355,1038.6934495363066,1824.875367116295,,,1685.3301176444947
2785,raspberrypi,221.0,2023-09-02,08:25:01,Whole,460.0145807715068,0.35526315789473684,4.874180184095709,13.201761205769015,2017.323051948052,2544.866883116883,3.8025972513122728,13,155,77,75.15243947807907,0.0,0.0,,1.0,0.0,,1377.0083258984141,,,0.0,994.4285464442455,1377.0083258984141,,,1217.4194113481688
2786,raspberrypi,223.0,2023-09-02,08:25:01,Whole,308.19650729973483,,3.479672664110384,,2129.25,2425.5,0.8966106457461924,1,3,1,,0.0,0.987012987012987,,0.012987012987012988,0.0,,1357.3805345866654,,,0.0,974.4167240845378,1357.3805345866654,,,1209.5429718042542
2787,raspberrypi,234.0,2023-09-02,08:25:01,Whole,929.5884863045096,1.0,6.559157188796108,98.77966739515703,2206.6811224489797,1580.6377551020407,5.069958157274287,9,117,49,10735.123240249606,0.012987012987012988,0.38961038961038963,,0.18181818181818182,0.012987012987012988,,1181.982737205883,,,871.0528706524382,1173.10942862334,1181.982737205883,,,1241.2357121403868
2788,raspberrypi,236.0,2023-09-02,08:25:01,Whole,793.4290533789394,1.0,5.09033097198204,262.8093907506861,2066.240566037736,1748.808962264151,4.288471149498768,3,115,53,52624.76794795749,0.03896103896103896,0.3246753246753247,,0.19480519480519481,0.03896103896103896,,1049.3602125893822,,,718.567592901748,1192.0714199670592,1049.3602125893822,,,1004.5693030249913
2789,raspberrypi,238.0,2023-09-02,08:25:01,Whole,1117.1299711666936,1.0,6.682392281239384,27.319032323718947,1247.0,1609.7045454545455,5.776276101336967,0,33,11,1018.8751833092567,0.11688311688311688,0.8701298701298701,,0.0,0.11688311688311688,,244.0630334324084,,,1019.365843678909,1588.6687680723735,244.0630334324084,,,104.86530210731789
2790,raspberrypi,258.0,2023-09-02,08:25:01,Whole,1125.3939441955038,0.9696969696969697,6.854416815398891,75.65240503058584,3042.0,2663.8333333333335,5.140918867096646,0,88,36,11163.774814484828,0.0,0.5844155844155844,,0.0,0.0,,2267.8338418729154,,,887.4488373513182,1270.329886792182,2267.8338418729154,,,2107.754166895699
2791,raspberrypi,392.0,2023-09-02,08:25:01,Whole,871.8696360542631,,4.83129253149553,,3040.0,1861.25,2.582379638504323,0,3,1,,0.0,1.0,,0.0,0.0,,1855.314613324769,,,917.1327948995522,1019.8157874533736,1855.314613324769,,,1745.7483875551022
2792,raspberrypi,395.0,2023-09-02,08:25:01,Whole,490.96182879939704,,4.901047720132384,,2647.0,2351.75,3.4295912092507304,0,3,1,,0.0,1.0,,0.0,0.0,,1705.4230067747646,,,362.50316067175214,998.2110350974403,1705.4230067747646,,,1569.9410740562898
2793,raspberrypi,430.0,2023-09-02,08:25:01,Whole,1128.3941136364285,,6.136824267608167,,3307.5,1866.0,5.43669893147178,0,3,1,,0.0,1.0,,0.0,0.0,,2114.329311890818,,,1148.9783190987257,1114.278898255305,2114.329311890818,,,2007.7768800618849
2794,raspberrypi,470.0,2023-09-02,08:25:01,Whole,994.2246177871027,,4.294437554382699,,2714.5,2984.75,4.294437554382699,0,1,1,,0.0,1.0,,0.0,0.0,,2165.7839415786416,,,617.5799785370118,1249.8866556562534,2165.7839415786416,,,2018.7781690477934
2795,raspberrypi,37.0,2023-09-02,02:35:01,Whole,1580.8910357765717,,9.10163640107206,,2980.75,2724.75,9.10163640107206,0,1,1,,0.0,1.0,,0.0,0.0,,2193.562290499078,,,727.3694209086832,1225.5817066467096,2193.562290499078,,,2054.758442219756
2796,raspberrypi,106.0,2023-09-02,02:35:01,Whole,1059.8483028219996,,5.239477671228059,,1178.5,2422.0,2.561131469166388,0,4,1,,0.0,1.0,,0.0,0.0,,943.777997952731,,,725.0066987949137,1573.6698286970652,943.777997952731,,,796.9202483816564
2797,raspberrypi,226.0,2023-09-02,02:35:01,Whole,775.4860509554255,0.2894736842105263,5.340023112878351,8.860051504317392,1171.4070512820513,1966.6089743589744,0.8101115807096226,38,146,39,23.571534669718734,0.0,0.8625,,0.0,0.0,,490.9482302374616,,,852.0094625105435,1579.9398184369984,490.9482302374616,,,351.00636333492616
2798,raspberrypi,229.0,2023-09-02,02:35:01,Whole,609.0046179368074,0.7804878048780488,4.988307772757385,66.7965215551482,1936.3511904761904,1823.9464285714287,4.073072819587067,1,154,42,2990.638036931424,0.0,0.4875,,0.25,0.0,,919.4723660105481,,,520.0217975597985,1170.2278053614816,919.4723660105481,,,980.5790025630686
2799,raspberrypi,230.0,2023-09-02,02:35:01,Whole,374.98132143752855,1.0,5.065004913852406,38.48044144589654,1520.6467391304348,1498.8804347826087,1.857315477270131,1,97,23,1769.996706046486,0.1625,0.725,,0.0,0.1625,,319.2286680056611,,,926.0594947941179,1419.0677853189363,319.2286680056611,,,148.20508300030426
2800,raspberrypi,233.0,2023-09-02,02:35:01,Whole,615.6294397351783,0.0,6.078693495191465,,2239.328125,1125.415625,4.629531370989534,0,167,80,0.05143809164098922,0.0,1.0,,0.0,0.0,,987.4849716656198,,,1140.6151561842676,1152.132758428821,987.4849716656198,,,925.5487579975611
2801,raspberrypi,237.0,2023-09-02,02:35:01,Whole,623.2226416375858,0.0,4.886145538416224,,1311.196875,1905.93125,0.8115784880588568,38,150,40,0.014382248611227163,0.0,1.0,,0.0,0.0,,466.7131143827239,,,763.7916508803714,1479.6827057542507,466.7131143827239,,,313.2974318920216
2802,raspberrypi,366.0,2023-09-02,02:35:01,Whole,1229.3796357761378,,7.408853582017736,,2936.25,2203.75,4.34824251768238,0,5,1,,0.0,1.0,,0.0,0.0,,1882.1018714407041,,,678.8905686933176,1047.2986999095288,1882.1018714407041,,,1756.8982992961078
2803,raspberrypi,392.0,2023-09-02,02:35:01,Whole,1207.4167663361213,0.0,7.636790647628551,,3041.0486111111113,1859.6944444444443,5.610105350565228,0,50,18,0.0036544375181394567,0.0,1.0,,0.0,0.0,,1855.8884824171696,,,918.8493238237419,1019.8795169747161,1855.8884824171696,,,1746.2826219964963
2804,raspberrypi,525.0,2023-09-02,02:35:01,Whole,1033.1292093456534,,2.2997939677103547,,2642.0,935.25,2.2997939677103547,0,1,1,,0.0,1.0,,0.0,0.0,,1416.3069136196864,,,1417.6632024780936,1064.7381823332148,1416.3069136196864,,,1364.7467317463108
2805,raspberrypi,656.0,2023-09-02,02:35:01,Whole,627.7159103157246,,6.246797665838019,,1293.0,1880.0,6.246797665838019,0,1,1,,0.0,1.0,,0.0,0.0,,436.0322678435723,,,793.6020032834879,1496.6613518432482,436.0322678435723,,,282.09392152607313
2806,raspberrypi,80.0,2023-09-02,09:40:01,Whole,542.7275066764169,,3.0917289434878956,,920.25,1540.25,2.945649628704853,0,3,1,,0.012987012987012988,0.987012987012987,,0.0,0.012987012987012988,,117.44604165922841,,,1295.55637483468,1845.3854607879762,117.44604165922841,,,24.13995164497743
2807,raspberrypi,224.0,2023-09-02,09:40:01,Whole,130.29610883999698,0.8913043478260869,3.422690271594721,18.648239367472915,1359.765625,1464.2369791666667,1.1945763015384665,13,100,48,207.21321076484466,0.6103896103896104,0.38961038961038963,,0.0,0.6103896103896104,,172.8607628924328,,,1043.8401997050387,1535.1014375224727,172.8607628924328,,,51.26559249520815
2808,raspberrypi,227.0,2023-09-02,09:40:01,Whole,363.23700123660876,0.0,2.059206541837155,,1262.125,1173.875,1.0749424907591796,0,6,2,,0.025974025974025976,0.974025974025974,,0.0,0.025974025974025976,,58.380377232998605,,,1333.6754718739085,1689.7707422722967,58.380377232998605,,,45.233200059587574
2809,raspberrypi,234.0,2023-09-02,09:40:01,Whole,526.0985522316184,,3.047586706858127,,935.5,1431.75,2.7608514818617023,0,2,1,,0.012987012987012988,0.987012987012987,,0.0,0.012987012987012988,,51.08518278580415,,,1352.9254311647412,1858.0852417563651,51.08518278580415,,,0.0
2810,raspberrypi,236.0,2023-09-02,09:40:01,Whole,251.67804979724448,0.11842105263157894,3.7821324922140054,11.654119803912758,1535.4496753246754,1718.6461038961038,1.8351910739720958,0,130,77,17.961444329460534,0.0,0.8831168831168831,,0.0,0.0,,438.62929681954205,,,730.7746327987538,1355.6750254221038,438.62929681954205,,,303.3664359071505
2811,raspberrypi,258.0,2023-09-02,09:40:01,Whole,208.4863518323355,0.0,2.78006383325388,,1445.689144736842,1270.7861842105262,1.5478987954968366,14,130,76,0.1323405073881078,0.987012987012987,0.012987012987012988,,0.0,0.987012987012987,,195.74180115062842,,,1155.9040856178167,1531.8200844257726,195.74180115062842,,,124.33510238947218
2812,raspberrypi,944.0,2023-09-02,09:40:01,Whole,1857.7555852908986,,9.519038849543191,,2915.5,325.0,9.019413165290556,0,3,1,,0.0,1.0,,0.0,0.0,,1885.491867413704,,,2084.9731213990995,1347.2299686203676,1885.491867413704,,,1867.5540458868197
2813,raspberrypi,987.0,2023-09-02,09:40:01,Whole,208.13196225795105,,1.2208154657957868,,1448.0,1271.0,0.010346460361086197,1,2,1,,0.012987012987012988,0.987012987012987,,0.0,0.012987012987012988,,197.91635805873892,,,1154.6019419827753,1530.2220759397437,197.91635805873892,,,126.31715160172124
2814,raspberrypi,37.0,2023-09-02,01:35:01,Whole,1664.5850169275982,,9.548705810210672,,2980.875,2724.375,8.515952379498987,0,10,2,,0.0,1.0,,0.0,0.0,,2193.43714977159,,,727.3790986451817,1225.4717770504913,2193.43714977159,,,2054.6429694363396
2815,raspberrypi,106.0,2023-09-02,01:35:01,Whole,1782.8663537147706,,10.110784785971203,,3020.5,2838.0,9.021457916085637,0,5,1,,0.0,1.0,,0.0,0.0,,2294.2425278406154,,,803.2688639582927,1296.3860268239728,2294.2425278406154,,,2153.829897100074
2816,raspberrypi,221.0,2023-09-02,01:35:01,Whole,269.42082805615416,0.0,6.242463232235891,,1895.4272151898733,1180.6582278481012,1.584868579024446,0,337,79,0.07659881420629995,0.0,1.0,,0.0,0.0,,641.9829404749055,,,1094.0083991033428,1294.9254200116018,641.9829404749055,,,579.092536505538
2817,raspberrypi,229.0,2023-09-02,01:35:01,Whole,1348.7504180087994,0.0,9.195517868890919,,3424.9129746835442,864.875,6.479249364998428,0,337,79,0.06299849206085884,0.0,0.0,,0.0,0.0,,2196.2098234528703,,,1874.540730892591,1075.0612717962733,2196.2098234528703,,,2139.269399690849
2818,raspberrypi,233.0,2023-09-02,01:35:01,Whole,180.02806779893018,0.0,6.266913900220699,,2194.8734177215188,1113.1993670886077,1.584868579024446,0,337,79,0.0838005570398675,0.0,1.0,,0.0,0.0,,945.5582665603621,,,1148.8463017254537,1174.8501038146148,945.5582665603621,,,885.6554285974219
2819,raspberrypi,234.0,2023-09-02,01:35:01,Whole,542.9516733935204,0.0,6.603009526531062,,1600.7848101265822,1270.0205696202531,1.5895922865124161,0,337,79,0.07034893692233785,0.0,1.0,,0.0,0.0,,345.128614145128,,,1088.8982260629198,1432.9074649761633,345.128614145128,,,271.2299160308978
2820,raspberrypi,236.0,2023-09-02,01:35:01,Whole,751.8415234816443,0.0,5.860994904602444,,1606.6487341772151,1812.0965189873418,2.7985878748611768,11,337,79,0.05237953711360927,0.0,1.0,,0.0,0.0,,553.9845091984598,,,613.213710199299,1292.5337804671676,553.9845091984598,,,408.33632567022084
2821,raspberrypi,243.0,2023-09-02,01:35:01,Whole,1107.6858810509395,,5.991535255340968,,1224.25,1903.75,2.0312293613395815,0,5,1,,0.0,1.0,,0.0,0.0,,438.8147467246704,,,837.5021445572625,1545.5580022453278,438.8147467246704,,,286.9239142491625
2822,raspberrypi,366.0,2023-09-02,01:35:01,Whole,1213.1087526743731,,7.45531702861385,,2936.25,2204.0,6.8090791014007035,0,5,1,,0.0,1.0,,0.0,0.0,,1882.2117545282374,,,678.8190262844694,1047.3485341744472,1882.2117545282374,,,1756.9993176089054
2823,raspberrypi,378.0,2023-09-02,01:35:01,Whole,649.1560774415058,0.0,4.011911656520121,,1627.2954545454545,1679.3522727272727,0.6934539219982204,11,55,11,0.0,0.0,1.0,,0.0,0.0,,486.2001684456641,,,711.2510410002823,1306.345113994469,486.2001684456641,,,349.76609441201845
2824,raspberrypi,392.0,2023-09-02,01:35:01,Whole,1065.456772834657,0.0,6.729668801881813,,3041.125,1859.75,5.5044721414792885,0,10,2,,0.0,1.0,,0.0,0.0,,1855.977257957327,,,918.884293210989,1019.9079450049121,1855.977257957327,,,1746.4950096077714
2825,raspberrypi,470.0,2023-09-02,01:35:01,Whole,1445.2467176685648,,8.427098862530016,,3300.0,2152.5,6.6812642759991245,0,5,1,,0.0,1.0,,0.0,0.0,,2194.8746311903624,,,1043.3100096830879,1175.3493308422185,2194.8746311903624,,,2077.117525397683
2826,raspberrypi,524.0,2023-09-02,01:35:01,Whole,1751.5110591132968,,9.671190851463257,,1729.0,2987.5,6.100605647639488,0,5,1,,0.0,0.9873417721518988,,0.0,0.0,,1626.1398647610902,,,453.3546263520141,1295.0139446303892,1626.1398647610902,,,1472.0827426270466
2827,raspberrypi,666.0,2023-09-02,01:35:01,Whole,886.7367971939957,,6.00362197377241,,2456.25,2115.5,4.660051238389362,0,5,1,,0.0,1.0,,0.0,0.0,,1417.9838357675062,,,297.0993381468886,960.4492627285579,1417.9838357675062,,,1286.4163178925044
2828,raspberrypi,37.0,2023-09-01,20:05:01,Whole,1602.9384704597926,,9.321842743509073,,2981.0,2724.75,4.475752683125941,0,7,1,,0.0,1.0,,0.0,0.0,,2193.7620796513793,,,727.6084306525827,1225.6900139555742,2193.7620796513793,,,2054.9621062091155
2829,raspberrypi,220.0,2023-09-01,20:05:01,Whole,609.1538045016665,0.012987012987012988,5.827588652189055,54.42425929675111,1774.650641025641,1927.2211538461538,2.037018896563414,0,412,78,37.79349905704892,0.0,0.9871794871794872,,0.0,0.0,,755.1600065191847,,,422.9311682675668,1175.2245114298187,755.1600065191847,,,624.4226876781753
2830,raspberrypi,224.0,2023-09-01,20:05:01,Whole,432.62409241630843,0.0,6.502963082190623,,2481.88141025641,1242.4903846153845,4.762945199269612,0,412,78,0.07623403338287367,0.0,1.0,,0.0,0.0,,1218.2528644480612,,,1075.3169528124727,1035.425506996664,1218.2528644480612,,,1143.2018258197913
2831,raspberrypi,229.0,2023-09-01,20:05:01,Whole,1485.4318278357246,0.05263157894736842,9.948268161903107,6.387958257621433,3453.780844155844,837.6396103896104,5.417832945036215,7,408,77,2.376411380160315,0.0,0.01282051282051282,,0.0,0.0,,2229.5161037881053,,,1913.9633524801866,1097.5927495715541,2229.5161037881053,,,2170.258119344706
2832,raspberrypi,230.0,2023-09-01,20:05:01,Whole,1380.723031509612,0.012987012987012988,8.786966767241653,2.0615528128088303,741.5769230769231,1056.1698717948718,5.290912430271242,0,412,78,0.21761268738551418,1.0,0.0,,0.0,1.0,,209.35691798074637,,,1752.6456585382111,2122.1251478848803,209.35691798074637,,,122.84966256008298
2833,raspberrypi,234.0,2023-09-01,20:05:01,Whole,851.6333032637345,1.0,4.970008826910849,38.98638846972323,1271.00625,1224.575,2.6652602600222144,1,124,20,51.98241803406904,0.19230769230769232,0.7435897435897436,,0.0,0.19230769230769232,,131.52172001441625,,,1302.1564927462364,1674.7433946812494,131.52172001441625,,,22.614153037143836
2834,raspberrypi,236.0,2023-09-01,20:05:01,Whole,671.864710347387,1.0,4.937244672616042,12.692030912833092,1407.7875,1374.2125,1.5461429360398309,0,63,10,52.5003535544837,0.1282051282051282,0.8717948717948718,,0.0,0.1282051282051282,,165.331307462346,,,1086.4138000349626,1525.4069320357385,165.331307462346,,,53.531917872156725
2835,raspberrypi,237.0,2023-09-01,20:05:01,Whole,490.13391367770066,0.0,5.725260831068862,,1622.8253205128206,1579.389423076923,2.037018896563414,0,412,78,0.10497154787365241,0.0,1.0,,0.0,0.0,,431.73212667857774,,,800.146301723977,1331.930655458752,431.73212667857774,,,304.74722474178765
2836,raspberrypi,258.0,2023-09-01,20:05:01,Whole,1398.526941334023,1.0,9.434222776710053,111.00174308870375,2767.9930555555557,1803.2337962962963,3.5654089888385583,7,312,54,20109.021429486023,0.0,0.3076923076923077,,0.23076923076923078,0.0,,1889.7883218633478,,,1017.6612547949982,1135.6214654093892,1889.7883218633478,,,1930.5878117472182
2837,raspberrypi,392.0,2023-09-01,20:05:01,Whole,1067.1526620879517,0.0,6.268718661786207,,3041.7291666666665,1859.8854166666667,4.310660375623112,0,71,12,0.009813393679121485,0.0,1.0,,0.0,0.0,,1856.5944930171463,,,919.3231697645471,1020.0905987976448,1856.5944930171463,,,1747.1290104650677
2838,raspberrypi,445.0,2023-09-01,20:05:01,Whole,850.013143522859,,5.421050554540128,,1270.0,1138.5,0.2460436786864029,1,7,1,,0.01282051282051282,0.9871794871794872,,0.0,0.01282051282051282,,80.4483470801824,,,1359.2004174038207,1696.5739843212557,80.4483470801824,,,79.89093196735465
2839,raspberrypi,653.0,2023-09-01,20:05:01,Whole,1219.887785134262,,7.853859757246562,,2674.25,2464.5,3.6533034612580706,0,7,1,,0.0,1.0,,0.0,0.0,,1792.4999843024816,,,380.3821409403774,1025.8965189673916,1792.4999843024816,,,1654.4472478818645
2840,raspberrypi,683.0,2023-09-01,20:05:01,Whole,1603.9993761301462,,9.310104642915913,,2983.25,2724.5,4.474271140266905,0,7,1,,0.0,1.0,,0.0,0.0,,2195.4105911949864,,,729.6866806300377,1226.5558023578415,2195.4105911949864,,,2056.650643236018
2841,raspberrypi,988.0,2023-09-01,20:05:01,Whole,1206.3059804196887,,7.820922910362545,,889.5,1601.25,2.9174142870140685,0,6,1,,0.01282051282051282,0.9871794871794872,,0.0,0.01282051282051282,,181.53978741769146,,,1283.9887073235502,1857.9738167565404,181.53978741769146,,,85.33717443456882
2842,raspberrypi,220.0,2023-09-02,12:25:01,Whole,549.3800258603736,0.0,3.5152838318653767,,2328.535,1857.76,3.875688744150423,1,67,25,0.0014936814086737636,0.0,1.0,,0.0,0.0,,1185.714795158941,,,443.6698840827838,985.2971658658353,1185.714795158941,,,1063.1818505112974
2843,raspberrypi,221.0,2023-09-02,12:25:01,Whole,1002.4557757657079,1.0,5.818745334802325,31.019348499354034,1333.4144736842106,782.7368421052631,2.797932782158641,0,56,19,2870.817054087914,0.0,0.7567567567567568,,0.0,0.0,,379.840783095505,,,1643.1978951359824,1798.4702257235176,379.840783095505,,,311.01308258422887
2844,raspberrypi,224.0,2023-09-02,12:25:01,Whole,899.608263852216,0.0,6.141465258586414,,3055.570205479452,1495.4777397260275,6.8914500986581375,2,171,73,0.13284871586723163,0.0,1.0,,0.0,0.0,,1800.3598840613117,,,1159.1179259203504,982.4320481929564,1800.3598840613117,,,1709.586450858795
2845,raspberrypi,227.0,2023-09-02,12:25:01,Whole,652.0069732613972,0.6274509803921569,5.234945466636964,41.93880783483734,1612.90625,1592.5360576923076,4.004653477483424,0,138,52,1663.026953292468,0.0,0.5675675675675675,,0.0,0.0,,466.28717090925755,,,796.3451101914865,1342.0408135426003,466.28717090925755,,,344.2404812068524
2846,raspberrypi,234.0,2023-09-02,12:25:01,Whole,512.3309785190473,0.0,5.06443851289183,,1841.851351351351,938.8631756756756,3.8046837540370815,0,173,74,0.04383967274091711,0.0,1.0,,0.0,0.0,,656.9715430561112,,,1341.2946204837556,1416.5536173912728,656.9715430561112,,,631.7017251072109
2847,raspberrypi,237.0,2023-09-02,12:25:01,Whole,1142.3956460141499,,7.4995616376853755,,1032.0,1244.0,4.46452594476292,0,2,1,,0.013513513513513514,0.9864864864864865,,0.0,0.013513513513513514,,0.0,,,1417.4542642054369,1835.3997480361677,0.0,,,0.0
2848,raspberrypi,474.0,2023-09-02,12:25:01,Whole,901.063934810069,,4.643767269485278,,3057.0,1495.75,0.008400202506028435,2,7,2,,0.0,1.0,,0.0,0.0,,1801.8079545490964,,,1159.9360079053956,982.7190601228788,1801.8079545490964,,,1711.0908392427527
2849,raspberrypi,492.0,2023-09-02,12:25:01,Whole,547.8279657413282,,3.3406448933365276,,2329.0,1856.0,0.007270751213706929,1,4,1,,0.0,1.0,,0.0,0.0,,1185.4190230950458,,,445.4793017729201,985.3774675554798,1185.4190230950458,,,1062.9794913353476
2850,raspberrypi,106.0,2023-09-02,15:15:01,Whole,884.6506656498068,,6.210583971046083,,2166.0,2115.75,5.239608641458986,0,2,1,,0.0,0.9859154929577465,,0.014084507042253521,0.0,,1176.9534977983885,,,149.50993929739576,993.4487346299643,1176.9534977983885,,,1038.0511749703555
2851,raspberrypi,224.0,2023-09-02,15:15:01,Whole,803.8439165341474,1.0,7.909862456783318,9.196085834323368,1599.7222222222222,1123.9722222222222,6.685218903536558,0,31,9,67.37900621571663,0.0,0.9014084507042254,,0.0,0.0,,369.69034902357146,,,1225.3375548779404,1484.410023064057,369.69034902357146,,,326.1689423041995
2852,raspberrypi,225.0,2023-09-02,15:15:01,Whole,500.7141779595936,1.0,6.998747203679478,154.55755425374662,1293.75,1374.9166666666667,5.042412706837907,0,9,3,24324.299846200338,0.04225352112676056,0.9577464788732394,,0.0,0.04225352112676056,,96.56592116584372,,,1152.6197001581722,1606.5854494201867,96.56592116584372,,,0.0
2853,raspberrypi,226.0,2023-09-02,15:15:01,Whole,751.9013329410022,1.0,4.506439141327117,31.602786445361286,1232.6,2544.05,0.8798042819280071,3,22,5,5.759315696837563e-26,0.014084507042253521,0.9436619718309859,,0.0,0.014084507042253521,,1071.1068951427437,,,761.1359962579639,1586.9613930051123,1071.1068951427437,,,1116.106549221672
2854,raspberrypi,228.0,2023-09-02,15:15:01,Whole,1551.7788013099425,1.0,9.662171223428208,154.40155888006964,1947.0755813953488,969.2180232558139,7.7051496395816645,0,123,43,22386.051122456174,0.0,0.4225352112676056,,0.0,0.0,,1070.033263030823,,,1686.0055200157396,1681.945284780976,1070.033263030823,,,496.7230988402706
2855,raspberrypi,234.0,2023-09-02,15:15:01,Whole,486.5188046912362,1.0,5.059871561190118,18.643608212954664,1248.375,2341.75,1.6390109766070422,0,35,12,99.39790224973265,0.0,0.8873239436619719,,0.0,0.0,,886.7827148831789,,,675.0157816422217,1519.8259789263334,886.7827148831789,,,681.6520396632958
2856,raspberrypi,236.0,2023-09-02,15:15:01,Whole,295.1889736005807,0.6857142857142857,4.67734626410532,16.704154704936823,1096.7922535211267,2073.220070422535,3.4386321266384323,0,169,71,188.66352585287098,0.0,0.323943661971831,,0.0,0.0,,599.7092527012438,,,885.9497241923514,1637.5607078084408,599.7092527012438,,,445.62889682110836
2857,raspberrypi,237.0,2023-09-02,15:15:01,Whole,931.0801855197963,0.9818181818181818,5.779381776589781,9.766157191434534,1100.5219298245613,2780.418859649122,3.2865236347964544,3,150,57,81.49579290710936,0.0,0.23943661971830985,,0.0,0.0,,1298.0711430534848,,,854.5786289416284,1716.2176912879884,1298.0711430534848,,,1152.2351607387645
2858,raspberrypi,238.0,2023-09-02,15:15:01,Whole,787.9796414089938,1.0,5.3606493708497185,6.209921809154164,1261.9493243243244,1089.0777027027027,4.381825384375137,0,84,37,12.37387696583506,0.5211267605633803,0.4788732394366197,,0.0,0.5211267605633803,,102.74034871881598,,,1405.5524249372663,1720.1488533435959,102.74034871881598,,,80.28792015847574
2859,raspberrypi,492.0,2023-09-02,15:15:01,Whole,971.9053219949699,,6.987018366203421,,2042.5,2519.25,5.439213781518916,0,2,1,,0.0,0.9859154929577465,,0.014084507042253521,0.0,,1371.9975777841657,,,0.0,987.6188819237666,1371.9975777841657,,,1221.268710245452
2860,raspberrypi,956.0,2023-09-02,15:15:01,Whole,909.5858506847477,,5.563848894584622,,880.75,2674.5,1.1736399910574526,0,5,1,,0.0,1.0,,0.0,0.0,,1205.153548469617,,,1041.9838307183238,1877.598963460418,1205.153548469617,,,1071.4574976338201
2861,raspberrypi,17.0,2023-09-02,11:15:01,Whole,1036.9093163357325,0.0,7.218650073875722,,2971.1136363636365,1149.590909090909,3.1149759958557937,0,29,11,2.6255896169709644e-25,0.0,1.0,,0.0,0.0,,1710.5102112663158,,,1373.968848570115,960.9878481636216,1710.5102112663158,,,1640.3342610558161
2862,raspberrypi,221.0,2023-09-02,11:15:01,Whole,1023.8777223128897,1.0,8.448731385163812,106.65042194009361,1183.625,1478.75,7.568983584303413,0,6,2,,0.02631578947368421,0.9736842105263158,,0.0,0.02631578947368421,,91.14041789516202,,,1142.759704390589,1656.3461316906748,91.14041789516202,,,0.0
2863,raspberrypi,224.0,2023-09-02,11:15:01,Whole,831.972464114847,1.0,4.350064384262492,30.936557396158612,1385.5267857142858,1553.8511904761904,2.725328357270073,0,113,42,832.449214714732,0.39473684210526316,0.4473684210526316,,0.0,0.39473684210526316,,278.2613714899834,,,973.4805554202457,1501.8145788189518,278.2613714899834,,,138.4055473102773
2864,raspberrypi,225.0,2023-09-02,11:15:01,Whole,866.6171493715223,1.0,7.763040961532281,180.5020970468637,2082.2083333333335,2232.780303030303,4.833745517176277,0,90,33,13927.446195663679,0.0,0.5789473684210527,,0.10526315789473684,0.0,,1273.4711820262028,,,557.9336125115567,1217.4565484996353,1273.4711820262028,,,1158.9220898790238
2865,raspberrypi,227.0,2023-09-02,11:15:01,Whole,1025.0519309517547,1.0,5.8265866447094,179.7378960190076,2190.371212121212,1929.2670454545455,3.6169911977522013,0,167,66,12909.932379169013,0.02631578947368421,0.14473684210526316,,0.06578947368421052,0.02631578947368421,,1327.8020703501813,,,912.7733679029258,1282.4345448939403,1327.8020703501813,,,1204.795170656756
2866,raspberrypi,228.0,2023-09-02,11:15:01,Whole,497.19825846045455,0.09333333333333334,6.292438293037443,6.2375941538936015,2634.6825657894738,1653.6003289473683,4.854527111265905,0,181,76,6.3007022571783,0.0,0.9078947368421053,,0.0,0.0,,1411.2380795755653,,,768.0189071462637,962.8257054589644,1411.2380795755653,,,1311.3729066707708
2867,raspberrypi,230.0,2023-09-02,11:15:01,Whole,1595.994616443489,,10.012254976581229,,2597.0,257.75,7.207251849355365,0,3,1,,0.0,1.0,,0.0,0.0,,1646.1846198760263,,,2056.7050662829124,1475.3783722009719,1646.1846198760263,,,1642.7824050431627
2868,raspberrypi,234.0,2023-09-02,11:15:01,Whole,1009.4893845003689,,4.044994144689269,,1249.75,1349.5,2.2598396648275094,0,3,1,,0.013157894736842105,0.9868421052631579,,0.0,0.013157894736842105,,60.784281088459196,,,1197.4823713205174,1642.7317667907741,60.784281088459196,,,0.0
2869,raspberrypi,258.0,2023-09-02,11:15:01,Whole,734.4830362765975,0.7222222222222222,5.5340797010029625,22.35208753011612,1813.2559523809523,2197.184523809524,4.790704705990803,0,54,21,644.3332212823952,0.07894736842105263,0.7236842105263158,,0.19736842105263158,0.07894736842105263,,980.8366092583381,,,289.58388044558444,1164.0561969031712,980.8366092583381,,,1148.3610480163031
2870,raspberrypi,441.0,2023-09-02,11:15:01,Whole,640.6944917185915,,4.285420283596549,,1961.75,1181.75,1.9589298756175315,0,4,1,,0.0,1.0,,0.0,0.0,,706.9535877374306,,,1084.156439084778,1260.5527893881826,706.9535877374306,,,642.7276050230637
2871,raspberrypi,540.0,2023-09-02,11:15:01,Whole,582.6732827933595,,4.576058840229025,,1980.25,1236.75,2.2983493195253697,0,4,1,,0.0,1.0,,0.0,0.0,,720.2211166326939,,,1027.5589195521343,1233.4905282606785,720.2211166326939,,,648.3978318372184
2872,raspberrypi,683.0,2023-09-02,11:15:01,Whole,1297.9435769688948,,4.9868626098576865,,939.75,1341.75,2.7499178944973206,0,3,1,,0.013157894736842105,0.9868421052631579,,0.0,0.013157894736842105,,8.10642891011328,,,1410.6988588606807,1878.112934356288,8.10642891011328,,,0.0
2873,raspberrypi,987.0,2023-09-02,11:15:01,Whole,1377.546435059734,,5.178638595874142,,818.75,1465.75,2.0883270450811384,0,3,1,,0.013157894736842105,0.9868421052631579,,0.0,0.013157894736842105,,137.2262759088118,,,1421.4222523692583,1943.8458202160868,137.2262759088118,,,90.75252522801199
2874,raspberrypi,37.0,2023-09-02,05:15:01,Whole,1960.8439403031593,0.0,9.829392674441776,,2981.75,2724.5625,4.47347406798819,0,37,8,0.6408805316972471,0.0,1.0,,0.0,0.0,,2194.249003316586,,,728.2706978779396,1225.932860948041,2194.249003316586,,,2055.487035782583
2875,raspberrypi,221.0,2023-09-02,05:15:01,Whole,790.3820825068141,0.0,6.773153059744305,,1020.9525316455696,798.5316455696203,3.1046404072601677,0,278,79,0.08444049254836479,0.0,1.0,,0.0,0.0,,293.6918089608557,,,1779.8121073467007,2008.912959280794,293.6918089608557,,,195.21209909190318
2876,raspberrypi,224.0,2023-09-02,05:15:01,Whole,592.7031930151085,0.0,5.376942663624417,,1233.3796875,1894.8171875,2.782031999013145,0,279,80,0.0915951271892649,0.0,1.0,,0.0,0.0,,432.35477816985815,,,834.6099621335491,1539.6759001924624,432.35477816985815,,,280.2172568556904
2877,raspberrypi,225.0,2023-09-02,05:15:01,Whole,451.19806532823196,0.0,5.686331237587116,,1604.565625,943.2546875,3.104591495901087,1,279,80,0.06664150389968874,0.0,1.0,,0.0,0.0,,448.751176320863,,,1394.0058822150245,1552.9165563257147,448.751176320863,,,442.17908878753894
2878,raspberrypi,234.0,2023-09-02,05:15:01,Whole,251.9000547778824,0.0,4.968448904881875,,1684.4535256410256,1600.0464743589744,2.7822271128741622,1,276,78,0.08192503981391763,0.0,1.0,,0.0,0.0,,495.6180175727311,,,753.5915590150869,1290.3232637926653,495.6180175727311,,,369.75551401014405
2879,raspberrypi,258.0,2023-09-02,05:15:01,Whole,932.4440652130918,,6.22621682749566,,899.75,2063.875,1.928362873822235,0,9,2,,0.0,1.0,,0.0,0.0,,602.3772762885158,,,1065.1119321508468,1797.2137741609645,602.3772762885158,,,475.05416947028556
2880,raspberrypi,262.0,2023-09-02,05:15:01,Whole,565.3957471603745,,3.6318942715191027,,1765.0,869.75,0.9102734688546497,1,4,1,,0.0,1.0,,0.0,0.0,,621.1458650418745,,,1423.5441972651156,1490.0653584047095,621.1458650418745,,,610.8246432269456
2881,raspberrypi,392.0,2023-09-02,05:15:01,Whole,1567.8659259292874,0.0,9.023162933062018,,3040.5795454545455,1860.1136363636363,7.127953346308649,0,96,22,0.004673694808049125,0.0,1.0,,0.0,0.0,,1855.5547837783677,,,918.2290143933566,1019.8119366914964,1855.5547837783677,,,1745.9961477803104
2882,raspberrypi,470.0,2023-09-02,05:15:01,Whole,1913.3903838898266,0.0,11.00156513163277,,3299.75,2152.625,8.814171939777752,0,20,5,0.0,0.0,1.0,,0.0,0.0,,2194.6867604383224,,,1043.0371044688086,1175.2663513883904,2194.6867604383224,,,2076.921829667828
2883,raspberrypi,656.0,2023-09-02,05:15:01,Whole,550.187905608683,,3.44847302840861,,1028.75,1581.5,1.9279292771158734,0,4,1,,0.0125,0.9875,,0.0,0.0125,,119.95596036438938,,,1184.9572790435295,1750.5504275977105,119.95596036438938,,,0.0
2884,raspberrypi,930.0,2023-09-02,05:15:01,Whole,913.6871137426064,,5.839247550786345,,1199.5,544.5,1.6042657861154042,0,5,1,,0.0,1.0,,0.0,0.0,,557.9288246945546,,,1915.0983772163042,2004.2975057964968,557.9288246945546,,,475.4627530416004
2885,raspberrypi,973.0,2023-09-02,05:15:01,Whole,243.4953575291243,,3.877146656378959,,1529.75,1633.5,0.8167384719231732,1,5,1,,0.0,1.0,,0.0,0.0,,380.6013283901813,,,802.8884709917895,1377.5487197887408,380.6013283901813,,,242.25457118017275
2886,raspberrypi,987.0,2023-09-02,05:15:01,Whole,887.4453236139412,,4.787645646040445,,903.75,2004.25,1.7911099939050634,0,4,1,,0.0,1.0,,0.0,0.0,,543.8028079929328,,,1081.080166029807,1796.288414710812,543.8028079929328,,,417.53849505802157
2887,raspberrypi,37.0,2023-09-02,04:20:01,Whole,1700.1834514692341,,8.40033073577894,,2980.375,2724.75,4.475144020108351,0,4,2,,0.0,1.0,,0.0,0.0,,2193.2626350584183,,,727.0109237768177,1225.4192931177909,2193.2626350584183,,,2054.452973937383
2888,raspberrypi,220.0,2023-09-02,04:20:01,Whole,368.8834426739622,1.0,4.880519526788255,41.3739268852451,1491.1583333333333,1388.0166666666667,1.4062056860065666,0,78,15,380.05279624114814,0.08974358974358974,0.8333333333333334,,0.0,0.08974358974358974,,264.4835371299912,,,1039.1522953296392,1469.975063417082,264.4835371299912,,,214.8404406044627
2889,raspberrypi,221.0,2023-09-02,04:20:01,Whole,1009.5995185281697,0.42857142857142855,6.754826508837317,2.8722772529764433,976.609375,934.25,2.761955404713052,0,49,8,1.8371824192927326,0.10256410256410256,0.8974358974358975,,0.0,0.10256410256410256,,166.71634987933288,,,1693.5282475238791,1985.6456474961742,166.71634987933288,,,63.1814539973428
2890,raspberrypi,224.0,2023-09-02,04:20:01,Whole,444.05406080845415,0.9047619047619048,5.670667573110237,11.43110124141215,1584.79296875,1110.744140625,3.63220361475276,4,196,64,155.40148999077866,0.02564102564102564,0.2564102564102564,,0.0,0.02564102564102564,,361.8671633748114,,,1244.4730426159147,1499.4077641712724,361.8671633748114,,,339.7179592711625
2891,raspberrypi,233.0,2023-09-02,04:20:01,Whole,618.455779074328,0.0,6.296373151605666,,2344.2384868421054,1126.1743421052631,4.047691555338123,0,210,76,0.03641671293958626,0.0,1.0,,0.0,0.0,,1090.830614461262,,,1154.96371360757,1110.4861411515421,1090.830614461262,,,1027.4413610059755
2892,raspberrypi,236.0,2023-09-02,04:20:01,Whole,665.5643692363102,0.8125,5.446819985523488,6.715042497868607,1504.7368421052631,891.921052631579,1.0336431753407873,4,92,19,56.016634151215484,0.0,0.8333333333333334,,0.0,0.0,,400.86736182335426,,,1475.7326322397157,1637.4333833647338,400.86736182335426,,,392.647071365686
2893,raspberrypi,237.0,2023-09-02,04:20:01,Whole,854.8884100178177,0.0,6.992966707867047,,1301.1931818181818,2142.3652597402597,5.4819792188512055,0,211,77,0.15314992380900905,0.0,1.0,,0.0,0.0,,688.8871651657366,,,660.5308856972883,1466.4077653735606,688.8871651657366,,,537.3637282885297
2894,raspberrypi,392.0,2023-09-02,04:20:01,Whole,1270.2908230874611,0.0,7.7304320815938565,,3040.685185185185,1860.2407407407406,5.224569969473336,0,121,27,0.04394864446031093,0.0,1.0,,0.0,0.0,,1855.691429704893,,,918.2505192870929,1019.8583939552391,1855.691429704893,,,1746.3038679998156
2895,raspberrypi,987.0,2023-09-02,04:20:01,Whole,1513.1741785638221,,9.281790477339483,,2631.0,2756.25,5.086177248374006,0,7,1,,0.0,1.0,,0.0,0.0,,1945.9352228361195,,,416.7872893798463,1101.9847387988873,1945.9352228361195,,,1801.0521576814651
2896,raspberrypi,37.0,2023-09-02,07:40:01,Whole,1427.868597210443,,,,2980.375,2724.625,,0,0,2,,0.0,1.0,,0.0,0.0,,2193.187638280875,,,726.9744101199859,1225.3645252029892,2193.187638280875,,,2054.3805577797543
2897,raspberrypi,106.0,2023-09-02,07:40:01,Whole,1533.1655045779303,,8.420115192106485,,3019.0,2837.25,5.045588179113516,0,2,1,,0.0,1.0,,0.0,0.0,,2292.6019942830885,,,801.595823302966,1295.337071493324,2292.6019942830885,,,2152.181228166337
2898,raspberrypi,236.0,2023-09-02,07:40:01,Whole,982.0181647842169,,5.818607266329767,,947.0,1647.25,0.7738040099414456,1,2,1,,0.030303030303030304,0.9696969696969697,,0.0,0.030303030303030304,,194.96817830677833,,,1210.4939670368892,1802.8523224317942,194.96817830677833,,,79.42179652740393
2899,raspberrypi,237.0,2023-09-02,07:40:01,Whole,502.98292311800424,1.0,,47.27951754590767,1423.75,1706.7083333333333,,0,0,6,73.59027578276016,0.06060606060606061,0.8181818181818182,,0.0,0.06060606060606061,,356.75519192870246,,,813.8922899404242,1433.6173202525385,356.75519192870246,,,210.3639918749447
2900,raspberrypi,392.0,2023-09-02,07:40:01,Whole,1122.322728559878,0.0,8.654341158304053,,3040.1666666666665,1860.0972222222222,10.016518821842702,0,19,18,0.00010333994708994707,0.0,1.0,,0.0,0.0,,1855.154056063243,,,917.8884220020393,1019.6980198571746,1855.154056063243,,,1745.675870646637
2901,raspberrypi,656.0,2023-09-02,07:40:01,Whole,832.4278200783737,1.0,7.540823662707152,9.217818869900393,1112.8260869565217,1602.4565217391305,9.962099989710959,1,19,23,15.018257236269875,0.6060606060606061,0.30303030303030304,,0.0,0.6060606060606061,,154.19528779409032,,,1110.3466528436281,1682.842474636162,154.19528779409032,,,0.0
2902,raspberrypi,887.0,2023-09-02,07:40:01,Whole,885.8104939853799,,,,1144.25,1342.0,,0,0,1,,0.030303030303030304,0.9696969696969697,,0.0,0.030303030303030304,,20.981214684365824,,,1269.8432497852316,1721.90394718878,20.981214684365824,,,0.0
2903,raspberrypi,17.0,2023-09-01,18:20:01,Whole,795.0293808776745,,4.721482569342472,,1003.25,1026.5,2.233064849235853,0,6,1,,0.012987012987012988,0.987012987012987,,0.0,0.012987012987012988,,87.30099882563435,,,1603.794916825806,1930.6936684519276,87.30099882563435,,,0.0
2904,raspberrypi,106.0,2023-09-01,18:20:01,Whole,906.4705605008719,,5.249110408379362,,1193.25,2132.75,2.463704928323528,0,5,1,,0.0,1.0,,0.0,0.0,,658.2190333735707,,,765.04205916611,1551.8976503617616,658.2190333735707,,,509.425065350948
2905,raspberrypi,220.0,2023-09-01,18:20:01,Whole,1019.6270497059289,1.0,5.710259294743325,150.4455378429196,1211.9,1054.3,1.6179442129674635,0,25,5,4781.178964731968,0.0,0.948051948051948,,0.012987012987012988,0.0,,596.2734121989299,,,1515.1440580350313,1850.7527459475227,596.2734121989299,,,319.8949408029508
2906,raspberrypi,221.0,2023-09-01,18:20:01,Whole,1048.4390672943796,0.881578947368421,6.504274357623041,75.38557444048067,2071.8814935064934,2321.055194805195,5.507622913590037,0,376,77,8699.287971762851,0.0,0.012987012987012988,,0.7662337662337663,0.0,,1271.3215054874256,,,140.49468092418158,1023.7212350673389,1271.3215054874256,,,1230.6971997369167
2907,raspberrypi,224.0,2023-09-01,18:20:01,Whole,641.1183315146535,0.013157894736842105,6.075039201087479,2.1360009363293826,2159.7954545454545,930.8571428571429,3.7801890678851846,0,376,77,0.15477613670026574,0.0,0.987012987012987,,0.0,0.0,,954.1293748492003,,,1328.962078391356,1258.169588705795,954.1293748492003,,,915.1890049540627
2908,raspberrypi,225.0,2023-09-01,18:20:01,Whole,632.986142443074,,4.995875310116132,,1167.25,1712.75,1.5784675673619941,0,8,1,,0.012987012987012988,0.987012987012987,,0.0,0.012987012987012988,,240.24799829111492,,,994.7565484504698,1617.8808433463755,240.24799829111492,,,89.08360903133288
2909,raspberrypi,228.0,2023-09-01,18:20:01,Whole,794.6297995756378,0.0,6.427854349249659,,1493.92,624.2775,1.1385986797155951,0,260,50,0.016635702828360986,0.0,1.0,,0.0,0.0,,594.6273301118116,,,1731.583721344031,1772.0080818843871,594.6273301118116,,,549.898414052655
2910,raspberrypi,232.0,2023-09-01,18:20:01,Whole,259.670178655592,1.0,4.663226190780387,66.44315934132632,1602.3854166666667,1523.1875,1.3509351246347343,4,125,24,1963.5837696253839,0.12987012987012986,0.6883116883116883,,0.0,0.12987012987012986,,408.1005387550229,,,874.4389702925861,1366.81372163744,408.1005387550229,,,261.07562568597973
2911,raspberrypi,234.0,2023-09-01,18:20:01,Whole,450.1642274375485,0.6842105263157895,5.155775370731611,16.75589981195409,1318.9886363636363,1604.987012987013,1.9450287591100806,10,376,77,278.5024708642042,0.8571428571428571,0.025974025974025976,,0.0,0.8571428571428571,,239.64867248914362,,,969.78092120056,1532.5380850804752,239.64867248914362,,,67.49481562125291
2912,raspberrypi,236.0,2023-09-01,18:20:01,Whole,285.27624042940505,1.0,5.339250127299418,23.42848895428321,1482.875,1335.815340909091,1.6251128831195158,4,213,44,531.4390269934777,0.4025974025974026,0.42857142857142855,,0.0,0.4025974025974026,,263.67170439999194,,,1083.1154102483213,1491.2305266979909,263.67170439999194,,,174.5062176879023
2913,raspberrypi,237.0,2023-09-01,18:20:01,Whole,715.2460577311748,0.2833333333333333,5.992183501374973,9.90557930747176,1340.9016393442623,776.686475409836,1.1445083053033913,0,298,61,42.36511259999678,0.0,0.7792207792207793,,0.0,0.0,,387.545599030425,,,1645.0422518344471,1795.86849851577,387.545599030425,,,334.04321840778437
2914,raspberrypi,239.0,2023-09-01,18:20:01,Whole,160.71369271187365,0.38461538461538464,3.1013494471161622,3.9917168554989275,1629.325,1527.0416666666667,1.0393937725089666,10,79,15,4.21916313213237,0.0,0.935064935064935,,0.0,0.0,,416.1880710627993,,,843.5272753549998,1341.0027152089217,416.1880710627993,,,291.3312789735729
2915,raspberrypi,258.0,2023-09-01,18:20:01,Whole,1604.5755316321515,,8.86426656470065,,3034.5,481.5,5.074926731570141,0,6,1,,0.0,0.987012987012987,,0.0,0.0,,1927.5034578947689,,,1987.9064454832658,1196.7884623607072,1927.5034578947689,,,1897.6882707954821
2916,raspberrypi,366.0,2023-09-01,18:20:01,Whole,1472.7071983049989,0.0,8.109214465565723,,2937.5833333333335,2203.75,2.1518148341696515,0,20,3,,0.0,1.0,,0.0,0.0,,1883.2984661408973,,,680.1681741743478,1047.7083568480284,1883.2984661408973,,,1758.2705169695641
2917,raspberrypi,392.0,2023-09-01,18:20:01,Whole,1411.6903688199488,,7.952950683010395,,3041.5,1860.5,5.350242733350456,0,13,2,,0.0,1.0,,0.0,0.0,,1856.5451986312753,,,918.8017642621653,1020.1154918155582,1856.5451986312753,,,1747.0334415787058
2918,raspberrypi,432.0,2023-09-01,18:20:01,Whole,359.47310037248883,,5.002284662015606,,1539.75,1704.75,1.5682521369143094,0,6,1,,0.0,1.0,,0.0,0.0,,432.4872750482404,,,739.1917929465305,1355.6977142022527,432.4872750482404,,,289.3185100519971
2919,raspberrypi,441.0,2023-09-01,18:20:01,Whole,1488.3673748279073,,7.853110756189225,,2672.25,2525.0,2.1518148341696515,0,8,1,,0.0,1.0,,0.0,0.0,,1827.2379536038347,,,382.6528992083626,1039.6331690740847,1827.2379536038347,,,1687.6623498126578
2920,raspberrypi,987.0,2023-09-01,18:20:01,Whole,1643.8550135702637,0.0,8.761072219204683,,2623.0625,2756.3020833333335,3.091585170818312,0,68,12,1.946434336140933e-26,0.0,1.0,,0.0,0.0,,1940.196754787894,,,409.92276307162155,1099.2173552775898,1940.196754787894,,,1795.0347873764806
2921,raspberrypi,221.0,2023-09-02,01:10:01,Whole,142.09883707850085,0.0,3.890563272689092,,1865.6044303797469,1143.2879746835442,1.5925856137765426,0,487,79,0.06603215253809816,0.0,1.0,,0.0,0.0,,618.7117326594373,,,1135.8166328794368,1323.7619888639158,618.7117326594373,,,562.0557642862832
2922,raspberrypi,229.0,2023-09-02,01:10:01,Whole,1363.3071634524695,0.0,8.669244919405585,,3222.961666666667,506.70666666666665,6.188345872594847,0,468,75,0.025376616463226167,0.0,0.05063291139240506,,0.0,0.0,,2093.992681401225,,,2053.2304181955988,1177.9064135264753,2093.992681401225,,,2058.8222109962044
2923,raspberrypi,233.0,2023-09-02,01:10:01,Whole,194.14033976200133,0.0,4.316018312087802,,2165.3734177215188,1070.626582278481,1.5925856137765426,0,487,79,0.08508905940207158,0.0,1.0,,0.0,0.0,,924.1279319063245,,,1189.5744828450663,1202.3082893044589,924.1279319063245,,,869.3814232110185
2924,raspberrypi,234.0,2023-09-02,01:10:01,Whole,450.74148486816483,0.0,4.136877159437303,,1540.9303797468353,1179.9794303797469,1.6872922135733017,0,487,79,0.09855055932550817,0.0,1.0,,0.0,0.0,,299.93453885801847,,,1195.2454235561845,1500.8087524316522,299.93453885801847,,,249.5213809299012
2925,raspberrypi,236.0,2023-09-02,01:10:01,Whole,882.4756681471047,0.0,6.070944628379205,,1571.3528481012659,1835.621835443038,3.3892219155781254,0,487,79,0.057381497770001635,0.0,1.0,,0.0,0.0,,546.0711775689224,,,617.1058551847988,1310.5189130964973,546.0711775689224,,,397.9855877935646
2926,raspberrypi,237.0,2023-09-02,01:10:01,Whole,439.9271051113681,0.0,4.294037168284917,,1805.365506329114,642.5411392405064,1.7432538259422448,0,487,79,0.060292723760862824,0.0,1.0,,0.0,0.0,,785.9539238349321,,,1639.5985513583475,1578.716248278618,785.9539238349321,,,773.5411842749628
2927,raspberrypi,258.0,2023-09-02,01:10:01,Whole,545.806127558648,0.0,4.126464225743908,,1497.3376623376623,780.762987012987,1.74310662488607,1,478,77,0.07633686054604885,0.0,1.0,,0.0,0.0,,473.2012500648318,,,1582.5162143515531,1692.511283961714,473.2012500648318,,,443.02772957427555
2928,raspberrypi,392.0,2023-09-02,01:10:01,Whole,1340.852315903796,0.0,8.251062627054546,,3040.890625,1859.578125,6.085515952290907,0,113,16,0.0019098110964213737,0.0,1.0,,0.0,0.0,,1855.7046220298794,,,918.7776804999014,1019.8203072775827,1855.7046220298794,,,1746.195412775347
2929,raspberrypi,470.0,2023-09-02,01:10:01,Whole,791.8151048538244,,5.407661832704669,,1301.0,629.75,1.2818807903914546,0,8,1,,0.0,1.0,,0.0,0.0,,503.0219518498122,,,1795.5108155825892,1893.143513114878,503.0219518498122,,,434.4701068706107
2930,raspberrypi,987.0,2023-09-02,01:10:01,Whole,789.5322915911529,,4.611015688969142,,1227.375,818.75,1.4075845421742739,1,14,2,,0.012658227848101266,0.9873417721518988,,0.0,0.012658227848101266,,359.3523791738822,,,1674.9700153606136,1861.7591113084175,359.3523791738822,,,292.2633593715951
2931,raspberrypi,17.0,2023-09-02,15:30:01,Whole,1046.5322782716785,,5.485527910277125,,2971.0,1802.25,1.1237264744384758,0,5,1,,0.0,1.0,,0.0,0.0,,1773.0672905540114,,,893.6354544942803,995.7217738203054,1773.0672905540114,,,1665.3840393199805
2932,raspberrypi,220.0,2023-09-02,15:30:01,Whole,511.0329224264642,,5.628811953727809,,1879.0,2661.0,5.024613566075038,0,4,1,,0.0,0.9861111111111112,,0.013888888888888888,0.0,,1396.6732086124828,,,106.10770901521335,1059.5069253587103,1396.6732086124828,,,1242.9905600622926
2933,raspberrypi,225.0,2023-09-02,15:30:01,Whole,477.462131304312,0.08450704225352113,5.288682863696466,2.940349678390719,1927.9635416666667,1688.1215277777778,3.9319901100627046,0,211,72,0.6356834192765048,0.0,0.9166666666666666,,0.0,0.0,,752.041707992938,,,589.2140260882105,1143.0966899467803,752.041707992938,,,631.2014150395621
2934,raspberrypi,226.0,2023-09-02,15:30:01,Whole,966.7971685442857,1.0,5.978427457129934,45.94187904298212,1647.625,1257.375,2.6208707171090926,0,9,3,0.0,0.0,0.9722222222222222,,0.0,0.0,,392.33710678368715,,,1083.631859985344,1408.7349034762874,392.33710678368715,,,319.7721195935802
2935,raspberrypi,228.0,2023-09-02,15:30:01,Whole,804.0880620761139,1.0,5.432934006578949,181.8311854670292,2100.5491071428573,1601.4776785714287,2.8701656177776607,0,168,56,11519.255746214352,0.0,0.2361111111111111,,0.16666666666666666,0.0,,1022.0558741382329,,,766.97642161135,1187.005752741817,1022.0558741382329,,,1038.3085957924982
2936,raspberrypi,234.0,2023-09-02,15:30:01,Whole,1324.01376892962,0.0,9.189545470404601,,804.7880434782609,2755.6059782608695,7.164136497358244,0,156,46,0.00877555948978799,0.0,1.0,,0.0,0.0,,1297.3265134615835,,,1132.831592046172,1966.626532660806,1297.3265134615835,,,1166.5790484083045
2937,raspberrypi,236.0,2023-09-02,15:30:01,Whole,697.8893478756793,0.22727272727272727,6.906538001124911,9.365633515705818,2180.4869402985073,2832.445895522388,6.11462465998488,0,198,67,18.89091549662201,0.0,0.06944444444444445,,0.25,0.0,,1705.208258066533,,,192.06483910160918,1054.6340688260718,1705.208258066533,,,1569.9794845502527
2938,raspberrypi,237.0,2023-09-02,15:30:01,Whole,1118.038793613032,0.9714285714285714,6.1981082258544395,28.714311066335075,3062.1182432432433,2048.2094594594596,5.861541320623802,0,125,37,689.51861698752,0.0,0.5277777777777778,,0.0,0.0,,1955.3577211839429,,,881.5072696043196,1066.2043214862276,1955.3577211839429,,,1843.9161313150946
2939,raspberrypi,37.0,2023-09-02,01:55:01,Whole,1658.9949653387882,,9.408549817880171,,2983.0,2725.0,8.267904129536426,0,4,1,,0.0,1.0,,0.0,0.0,,2195.5107759698813,,,729.5938975318395,1226.66675824572,2195.5107759698813,,,2056.7366352733907
2940,raspberrypi,140.0,2023-09-02,01:55:01,Whole,1507.6818052100705,,6.70923289197458,,3434.25,863.25,0.1339826904005395,1,4,1,,0.0,0.9875,,0.0,0.0,,2205.6739641966587,,,1881.7803330451954,1078.6814887876576,2205.6739641966587,,,2148.674687038197
2941,raspberrypi,229.0,2023-09-02,01:55:01,Whole,1465.974782514992,1.0,7.918305191947606,7.00355304285704,3403.3798076923076,901.2163461538462,6.328223376291589,1,84,26,14.585925093983821,0.0,0.675,,0.0,0.0,,2168.8813930858623,,,1832.952681371786,1057.2537165368396,2168.8813930858623,,,2128.436971573646
2942,raspberrypi,233.0,2023-09-02,01:55:01,Whole,345.8827951577126,0.0,5.940686571783891,,2204.30625,1085.9875,3.155117498910253,0,203,80,0.06005139595725389,0.0,1.0,,0.0,0.0,,959.2976481474363,,,1176.6848767548197,1179.8812000431158,959.2976481474363,,,902.1810635239019
2943,raspberrypi,234.0,2023-09-02,01:55:01,Whole,414.5601806443656,0.02531645569620253,6.389508956768591,13.877910775963695,1620.6984375,1253.65,3.155117498910253,0,203,80,5.41267396803396,0.0,0.975,,0.0,0.0,,365.54707362097383,,,1096.5392605453903,1426.0871623907806,365.54707362097383,,,291.17106061533246
2944,raspberrypi,236.0,2023-09-02,01:55:01,Whole,623.546188518666,0.0,6.932989705901649,,1631.6796875,1867.059375,3.1705505778906695,0,203,80,0.07369420223185688,0.0,1.0,,0.0,0.0,,610.3617524280702,,,554.4826015578243,1267.447727006062,610.3617524280702,,,463.4602701694064
2945,raspberrypi,238.0,2023-09-02,01:55:01,Whole,861.4861859071486,,4.0059605982875395,,1201.75,1097.0,2.285016528841551,0,3,1,,0.0125,0.9875,,0.0,0.0125,,59.06605062984343,,,1431.0763826541381,1759.7181957201433,59.06605062984343,,,24.12700815573922
2946,raspberrypi,366.0,2023-09-02,01:55:01,Whole,1236.5823384737066,,7.416246179828544,,2936.0,2203.5,6.896048285624202,0,3,1,,0.0,1.0,,0.0,0.0,,1881.7676581988994,,,678.7226643307408,1047.1721898019857,1881.7676581988994,,,1756.5686108204318
2947,raspberrypi,392.0,2023-09-02,01:55:01,Whole,1049.043772041939,0.2222222222222222,6.952524443335364,883.0114134313327,2820.9479166666665,1843.8854166666667,5.88475587378355,0,39,12,151547.58554663754,0.0125,0.9625,,0.0,0.0125,,1655.0514172299609,,,879.1472808797538,1063.6309454992754,1655.0514172299609,,,1746.416321836561
2948,raspberrypi,896.0,2023-09-02,01:55:01,Whole,1092.078564461295,,6.87406692418466,,1276.5,573.5,3.922759217685218,0,4,1,,0.0,1.0,,0.0,0.0,,548.1672053695796,,,1856.864757580158,1937.944296719456,548.1672053695796,,,474.5258338274713
2949,raspberrypi,37.0,2023-09-02,03:45:01,Whole,1698.6854847847017,0.0,9.406647599221401,,2981.0416666666665,2724.5,8.722924813103493,0,109,18,0.09232645506536295,0.0,1.0,,0.0,0.0,,2193.645326947745,,,727.5750399640324,1225.598618900413,2193.645326947745,,,2054.739318537937
2950,raspberrypi,126.0,2023-09-02,03:45:01,Whole,1465.1644613576218,,8.239696027569982,,2999.0,2262.5,6.917469025988529,0,5,1,,0.0,1.0,,0.0,0.0,,1964.3829967934075,,,725.1929888795926,1080.7538955639277,1964.3829967934075,,,1838.2306317848268
2951,raspberrypi,220.0,2023-09-02,03:45:01,Whole,246.72282287109357,0.0,5.1751630889175075,,1535.9588607594937,1848.865506329114,1.1041611851618212,0,382,79,0.10027611716504392,0.0,1.0,,0.0,0.0,,532.6054594596858,,,630.7487939647639,1331.0825651437517,532.6054594596858,,,382.7987855106843
2952,raspberrypi,224.0,2023-09-02,03:45:01,Whole,282.58686003807924,0.0,5.441659984626384,,1486.44375,1429.009375,1.1260903585702287,0,385,80,0.08551079560862809,1.0,0.0,,0.0,1.0,,251.37890956209313,,,998.3726124854908,1457.2937855659886,251.37890956209313,,,139.26714047041892
2953,raspberrypi,228.0,2023-09-02,03:45:01,Whole,1114.5846438148972,0.0,8.113690997047197,,894.3666666666667,843.5875,4.298590133314688,0,169,30,0.016655322560722084,0.375,0.625,,0.0,0.375,,278.2079900829521,,,1815.350368077577,2083.5723260473205,278.2079900829521,,,172.2541082465711
2954,raspberrypi,233.0,2023-09-02,03:45:01,Whole,811.7541271953615,0.0,6.406564207722009,,2294.70625,1122.6046875,4.4632463633026225,0,385,80,0.063214488148972,0.0,1.0,,0.0,0.0,,1042.43208159195,,,1150.3642020221298,1130.640915645997,1042.43208159195,,,980.0445451569426
2955,raspberrypi,236.0,2023-09-02,03:45:01,Whole,203.9981478807852,0.0,5.201164749030267,,1467.4453125,1646.290625,1.1042020958725303,0,385,80,0.1024849332202143,0.0,1.0,,0.0,0.0,,339.9552849951309,,,829.5360470389976,1415.5900621334777,339.9552849951309,,,196.55584575555002
2956,raspberrypi,237.0,2023-09-02,03:45:01,Whole,669.92393454212,0.0,6.43653229075634,,1259.9546875,2171.3296875,2.191108023073639,0,385,80,0.12503099490507003,0.0,1.0,,0.0,0.0,,707.5874356586214,,,689.3858618178296,1497.6759617993,707.5874356586214,,,556.4651496082776
2957,raspberrypi,392.0,2023-09-02,03:45:01,Whole,1386.486563441935,0.0,7.968941722139638,,3040.735294117647,1860.1250000000002,5.415835482960782,0,89,17,0.0022366532723389035,0.0,1.0,,0.0,0.0,,1855.7073547690034,,,918.354611129803,1019.8555751652448,1855.7073547690034,,,1746.2169627482604
2958,raspberrypi,37.0,2023-09-01,22:55:01,Whole,1759.7312347343952,,8.47073389414844,,2979.75,2724.5,4.475933597000924,0,8,1,,0.0,1.0,,0.0,0.0,,2192.613037821743,,,726.3400757791517,1225.039027658515,2192.613037821743,,,2053.7988432135808
2959,raspberrypi,221.0,2023-09-01,22:55:01,Whole,337.3867798212329,,3.649890530177007,,1390.0,1399.5,0.9640128170701919,1,9,1,,0.012658227848101266,0.9873417721518988,,0.0,0.012658227848101266,,153.6858390663528,,,1074.953086493022,1530.0791049711402,153.6858390663528,,,41.956694970504
2960,raspberrypi,224.0,2023-09-01,22:55:01,Whole,324.3815532577693,0.0,4.106595698543297,,1629.1787974683543,1820.120253164557,1.1650112006842461,0,569,79,0.0842228636813547,0.0,1.0,,0.0,0.0,,575.7989542162142,,,593.2504206991271,1277.2192169696984,575.7989542162142,,,430.75927611306656
2961,raspberrypi,226.0,2023-09-01,22:55:01,Whole,684.0750034610116,0.0,4.363469951265266,,1856.9288793103449,837.864224137931,1.2351346073162348,0,424,58,0.011608316835691928,0.0,1.0,,0.0,0.0,,715.5660338258471,,,1438.6662123611259,1453.1126621326543,715.5660338258471,,,702.451281565328
2962,raspberrypi,228.0,2023-09-01,22:55:01,Whole,129.58636613458359,0.0,3.7902273316099246,,1616.2375,1595.3104166666667,0.9479982008207051,60,446,60,0.01957878470479843,0.0,1.0,,0.0,0.0,,433.25716411094993,,,789.3973028400735,1332.1295777826576,433.25716411094993,,,304.1157055908526
2963,raspberrypi,232.0,2023-09-01,22:55:01,Whole,1018.4073714611906,0.0,6.329607963065009,,2114.6875,2440.610576923077,4.067098128100107,0,564,78,0.08795120536832703,0.0,0.012658227848101266,,0.9873417721518988,0.0,,1358.644033678007,,,0.0,976.1102823438425,1358.644033678007,,,1210.2121864211645
2964,raspberrypi,233.0,2023-09-01,22:55:01,Whole,580.3202380024854,0.0,4.62093124915414,,2126.762658227848,1102.0316455696202,1.9509574874420275,0,569,79,0.10159242138091136,0.0,1.0,,0.0,0.0,,880.6449922245857,,,1156.8482258055437,1208.8015531963067,880.6449922245857,,,823.2565550410136
2965,raspberrypi,234.0,2023-09-01,22:55:01,Whole,506.5419463073795,0.0,4.547782248913364,,1264.629746835443,1747.0617088607594,1.223981712473073,0,569,79,0.06380636266560431,1.0,0.0,,0.0,1.0,,301.9097274321735,,,897.7237179612468,1538.5300760200853,301.9097274321735,,,147.54712449055958
2966,raspberrypi,236.0,2023-09-01,22:55:01,Whole,560.0172604876751,0.0,4.456482682292966,,1645.4287974683543,949.7373417721519,1.236229395391161,0,569,79,0.06949187778727575,0.0,1.0,,0.0,0.0,,479.7111845092993,,,1375.578892187538,1525.333155940929,479.7111845092993,,,467.97499966576504
2967,raspberrypi,237.0,2023-09-01,22:55:01,Whole,502.64267795194394,0.0,4.037931995987052,,1435.673076923077,1084.9102564102564,1.2874985231701443,1,300,39,0.018490702204798194,0.0,1.0,,0.0,0.0,,237.82788895148263,,,1325.655075677194,1603.5092097315373,237.82788895148263,,,222.36664927683196
2968,raspberrypi,258.0,2023-09-01,22:55:01,Whole,286.75476953413886,0.0,3.7648459421508895,,1433.2151898734178,1580.4525316455697,0.9483504539374826,65,569,79,0.0929449029523475,1.0,0.0,,0.0,1.0,,272.247211934032,,,902.5762457129147,1453.5961868473637,272.247211934032,,,132.14692763664092
2969,raspberrypi,355.0,2023-09-01,22:55:01,Whole,337.79879671561935,,2.8507133533936475,,1388.625,1402.375,0.9456064372507899,2,16,2,,0.02531645569620253,0.9746835443037974,,0.0,0.02531645569620253,,153.16102166248314,,,1073.3363654868556,1530.1993919718475,153.16102166248314,,,40.54744995406412
2970,raspberrypi,366.0,2023-09-01,22:55:01,Whole,1410.3122285039915,,7.786981576739692,,2935.75,2203.75,4.406885925174764,0,8,1,,0.0,1.0,,0.0,0.0,,1881.6531919775443,,,678.4115105364433,1047.145302511955,1881.6531919775443,,,1756.44093462177
2971,raspberrypi,370.0,2023-09-01,22:55:01,Whole,337.3881688874698,,3.0123266238501145,,1389.75,1400.25,0.9496005271882284,1,8,1,,0.012658227848101266,0.9873417721518988,,0.0,0.012658227848101266,,153.64678524286563,,,1074.4700854862062,1530.036011686549,153.64678524286563,,,41.69475827546941
2972,raspberrypi,392.0,2023-09-01,22:55:01,Whole,1376.5187218711421,0.0,7.5769713476327185,,3040.453125,1859.640625,5.6383361181869445,0,63,8,1.3780623479257499e-27,0.0,1.0,,0.0,0.0,,1855.3021539702145,,,918.3743434795326,1019.7109607832798,1855.3021539702145,,,1745.8020005174194
2973,raspberrypi,429.0,2023-09-01,22:55:01,Whole,1011.6485185085828,,5.871892502922262,,2661.5,1162.0,2.7783226507987275,0,8,1,,0.0,1.0,,0.0,0.0,,1401.608103871551,,,1213.931893680549,1004.0995240271349,1401.608103871551,,,1332.3806888311183
2974,raspberrypi,656.0,2023-09-01,22:55:01,Whole,503.7044797658341,,3.191926193340779,,1435.125,1084.0,0.6511290213071182,1,14,2,,0.0,1.0,,0.0,0.0,,237.78414539811695,,,1326.7131899715719,1604.2136016082854,237.78414539811695,,,222.82422160724028
2975,raspberrypi,887.0,2023-09-01,22:55:01,Whole,337.02209388069423,,3.2050783815396793,,1389.0,1403.75,0.9319898321488845,1,7,1,,0.012658227848101266,0.9873417721518988,,0.0,0.012658227848101266,,153.87166923710345,,,1071.9868984324746,1529.553015671927,153.87166923710345,,,40.91704238089042
2976,raspberrypi,37.0,2023-09-02,00:40:01,Whole,1921.50108172323,,10.688829969139771,,2980.625,2724.625,8.421231714433457,0,10,2,,0.0,1.0,,0.0,0.0,,2193.387346270856,,,727.2132900415529,1225.4727582507726,2193.387346270856,,,2054.5841388026874
2977,raspberrypi,106.0,2023-09-02,00:40:01,Whole,906.0094905211205,1.0,6.533565340739968,620.8862868915692,2045.0,1532.75,2.186754171286235,1,24,5,0.0,0.0,0.9493670886075949,,0.0,0.0,,1083.7379910071309,,,990.122236245809,1227.7134777798587,1083.7379910071309,,,796.3823445868826
2978,raspberrypi,221.0,2023-09-02,00:40:01,Whole,197.8573069030034,0.0,4.527095298155459,,1871.4778481012659,1145.8322784810127,1.3202000884046574,0,384,79,0.04424114897567471,0.0,1.0,,0.0,0.0,,623.965573027519,,,1132.2949698335904,1319.715443266512,623.965573027519,,,566.8132005369231
2979,raspberrypi,224.0,2023-09-02,00:40:01,Whole,850.470041288585,1.0,4.838362017701714,5.771698190307598,1318.0625,1491.875,2.3782920809114567,0,24,4,,0.05063291139240506,0.9493670886075949,,0.0,0.05063291139240506,,134.63683501910052,,,1043.4427003082965,1555.1099782967867,134.63683501910052,,,0.21900417597494481
2980,raspberrypi,229.0,2023-09-02,00:40:01,Whole,1294.555945282775,0.0,9.168223228005306,,3222.9243421052633,514.5690789473684,6.433307473727102,0,374,76,0.029041771849594934,0.0,0.0379746835443038,,0.0,0.0,,2091.29475482147,,,2046.406373462536,1174.175777596689,2091.29475482147,,,2055.7151087104735
2981,raspberrypi,233.0,2023-09-02,00:40:01,Whole,95.87601715804091,0.0,4.6829127776612784,,2123.0981012658226,1100.1977848101267,1.3202000884046574,0,384,79,0.06449308887221732,0.0,1.0,,0.0,0.0,,877.3836509496225,,,1158.6100228807563,1211.1056871256749,877.3836509496225,,,820.2486088395085
2982,raspberrypi,236.0,2023-09-02,00:40:01,Whole,923.1406913631462,0.0,5.617595490987213,,1599.501582278481,1856.9430379746836,3.930002928078262,1,384,79,0.04766026566680905,0.0,1.0,,0.0,0.0,,580.8160554475377,,,582.6569341080419,1289.0695817744527,580.8160554475377,,,433.0576112609501
2983,raspberrypi,237.0,2023-09-02,00:40:01,Whole,467.5775091978226,0.0,5.832279800225678,,1828.6818181818182,631.8457792207793,1.926925633316699,0,378,77,0.0615636234125984,0.0,1.0,,0.0,0.0,,810.4033710355492,,,1646.5986584481648,1571.5228906632137,810.4033710355492,,,798.894171601145
2984,raspberrypi,258.0,2023-09-02,00:40:01,Whole,576.1748582486969,0.0,5.6589233958330505,,1510.7415254237287,826.957627118644,1.9258755112442048,0,301,59,0.07859996536419314,0.0,1.0,,0.0,0.0,,448.79871633385625,,,1534.5126739802886,1662.613019188843,448.79871633385625,,,426.174678671984
2985,raspberrypi,392.0,2023-09-02,00:40:01,Whole,1286.9320283545874,,7.686889810665463,,3041.0,1860.0,6.1518207482209375,0,11,2,,0.0,1.0,,0.0,0.0,,1855.926652239409,,,918.6451771294629,1019.9094607330373,1855.926652239409,,,1746.431236175888
2986,raspberrypi,441.0,2023-09-02,00:40:01,Whole,599.2697593942227,,4.126736026516193,,1594.75,1445.0,2.102699525378178,0,6,1,,0.0,1.0,,0.0,0.0,,357.788383203954,,,932.3147264855677,1383.9463597623594,357.788383203954,,,248.44752727457418
